code,name,eps,revenue,rev_yoy,rev_qoq,net_profit,profit_yoy,profit_qoq,bps,roe,cps,gross_margin,industry,pub_date,report_date
874103,钜芯科技,,439179551.43,,-5.8449,42313888.98,,-23.8439,,10.88,,16.8172592826,,2026-07-17,2024-09-30
600448,华纺股份,0.004,2156916801.27,-3.1785278065,0.0357,2523323.83,-24.34,1642.939,1.994173692326,0.23,0.159393094495,12.088570591,纺织制造,2026-07-14,2024-09-30
002667,*ST威领,-0.4766,461882081.69,-55.4773708113,8.995,-112828816.61,-52.15,-75.8945,2.322950766098,-18.22,-0.395136530402,7.0316255095,专用设备,2026-07-07,2024-09-30
603843,*ST正平,-0.1229,824089402.89,-29.4948087741,-13.9423,-85999699.02,27.25,87.7062,1.127018588664,-10.36,-0.125406395628,7.1374317621,基础建设,2026-06-30,2024-09-30
603389,亚振家居,-0.2,149539763.34,-0.2081900421,-29.9386,-53373078.99,27.095489361,-14342.3514,1.230458923662,-15.25,-0.111043939304,36.4441329602,家居用品,2026-06-30,2024-09-30
000972,中基健康,-0.0565,297820015.92,-13.1871520861,-58.1406,-43544332.71,-201.24,-1051.1653,0.207449458107,-23.96,-0.015661629988,13.9677934378,农产品加工,2026-06-26,2024-09-30
688158,优刻得,-0.36,1094060664.22,-0.4659333422,-4.6974,-165282661.57,41.7554119176,-22.0244,5.457692176579,-6.48,0.212229493306,19.5494248843,IT服务Ⅱ,2026-06-16,2024-09-30
000668,荣丰控股,-0.23,38738035.51,-4.344702237,96.1211,-34330080.52,-4.67,-40.3397,7.267803004306,-3.17,-0.487956066215,-1.680871891,房地产开发,2026-06-06,2024-09-30
002816,*ST和科,-0.3046,5542852.26,-91.6643398331,-58.0799,-30457409.12,-73.8,39.8444,2.4505101056,-11.7,-0.4584702294,-33.5317557246,专用设备,2026-05-30,2024-09-30
300513,恒实科技,-0.1594,825241234.75,-13.1339813624,-42.4831,-50016694.52,-244.88,102.2726,7.483198154918,-2.1,-0.719623442778,18.8566356936,通信服务,2026-05-29,2024-09-30
688353,华盛锂电,-0.83,331847093.12,-16.4435637139,26.9103,-131696649.35,-613.54,0.9153,22.422080522257,-3.61,-0.578619566144,-20.6904481291,电池,2026-05-28,2024-09-30
002496,辉丰股份,0.0009,153558410.52,-4.5776117277,-17.8726,1304298.96,101.28,-145.6838,0.994935386069,0.09,-0.018201807102,22.2200462381,农化制品,2026-05-09,2024-09-30
688159,有方科技,1.03,2569560980.08,262.6327801809,-10.5544,95278381.32,318.2082620796,-40.1356,9.152600778666,12.02,0.106122546572,9.5676981269,通信设备,2026-05-01,2024-09-30
688478,晶升股份,0.4,325309422.51,35.6905084511,7.6532,54378787.19,25.28,-3.9975,11.375750935041,3.43,-0.186597017307,29.491574606,半导体,2026-04-30,2024-09-30
688439,振华风光,1.2422,792385495.64,-18.7391971526,-30.6447,248442887.98,-37.36,-81.2614,24.18399189605,5.19,-0.6317582871,67.3398689976,军工电子Ⅱ,2026-04-30,2024-09-30
688189,ST南新,-0.1797,251110585.69,-55.3230797074,-54.6771,-49309597.29,-8895.45,-720.4146,4.505400256305,-4.4997,0.109727703353,60.7579848101,化学制药,2026-04-30,2024-09-30
603927,中科软,0.35,4124212773.12,5.1934757426,-14.7837,289781129.91,-21.69,-38.2066,3.882776970964,8.88,-0.904245740265,30.0680057659,软件开发,2026-04-30,2024-09-30
603690,至纯科技,0.284,2639233906.23,20.0390142028,55.2383,108844029.2,-1.64,1072.6573,12.93545529243,3.84,-1.097282155944,35.383786901,半导体,2026-04-30,2024-09-30
603535,嘉诚国际,0.29,950724039.35,-1.696826174,-11.6601,148459125.46,-1.5,-8.3441,7.171687773106,6.56,0.257476843683,32.7500081425,物流,2026-04-30,2024-09-30
603398,*ST沐邦,-0.75,250570744.01,-75.3491675931,-45.558,-308475640.21,-1940.3,30.2925,4.238149175031,-17.43,-0.384968742869,-48.2410762268,光伏设备,2026-04-30,2024-09-30
603189,*ST网达,0.04,243586072.95,13.9299386874,-40.5374,10732534.95,120.84,82.5937,5.560888063054,0.7,0.323399446123,27.361912934,软件开发,2026-04-30,2024-09-30
600540,新赛股份,-0.1018,618298525.33,15.2454310733,-34.511,-59155128.59,-526.92,-2282.4285,1.15274916758,-8.4536,0.594657942774,-3.5684515531,种植业,2026-04-30,2024-09-30
600238,*ST椰岛,-0.02,163331118.11,0.1491972831,-37.9376,-10109307.15,84.7638862526,-221.6987,0.523257481749,-4.22,-0.03863202548,38.5034072366,非白酒,2026-04-30,2024-09-30
300534,陇神戎发,0.0824,771707421.15,-4.9979722574,-13.6978,25001897.51,-47.11,581.6659,2.130707248282,3.85,0.693253171373,74.6283866898,中药Ⅱ,2026-04-30,2024-09-30
300076,*ST宁视,-0.06,58530423.2,-34.8763743654,78.6187,-24786270.37,-280.69,34.932,2.270774860613,-2.54,-0.207842926722,17.2806374822,光学光电子,2026-04-30,2024-09-30
002883,*ST中设,0.12,443048944.14,-16.3259861808,-20.664,19147969.62,-41.43,-96.4131,4.398309056659,2.81,-0.603370652872,33.9972204634,工程咨询服务Ⅱ,2026-04-30,2024-09-30
002726,ST龙大,-0.08,8014093619.26,-20.7005478133,17.811,-82951174.18,111.26,-101.9451,1.091940008894,5.45,0.26484549136,3.4775567185,食品加工,2026-04-30,2024-09-30
002368,太极股份,-0.0454,4337615808.01,-16.9215889805,81.0667,-28277192.44,-121.42,174.5366,8.056482513315,-0.55,-2.563041673906,28.9453518228,IT服务Ⅱ,2026-04-30,2024-09-30
002109,ST兴化,-0.2423,2944101305.09,0.3845743775,24.7634,-309274234.4,-57.45,54.5276,3.588786970413,-5.75,0.356171952353,-2.7795204845,化学原料,2026-04-30,2024-09-30
000858,五粮液,6.423,67915580112.25,8.6017000282,9.1838,24930782556.55,9.19,17.2051,35.13026406532,18.33,7.675715501208,77.0591040425,白酒Ⅱ,2026-04-30,2024-09-30
920469,富恒新材,0.33,573359479.02,45.8620435212,3321.5113,47089421.95,5.65,367.7498,3.471233567607,9.94,-0.206381023938,15.942436896,塑料,2026-04-29,2024-09-30
920039,国义招标,0.24,205622198.49,-18.7405850299,-13.9129,37106361.83,-31.27,-14.7506,3.383707116045,5.84,-0.101690854765,48.9029422642,专业服务,2026-04-29,2024-09-30
688119,中钢洛耐,-0.0053,1639928188.48,-17.8068500139,-14.2828,-5970936.07,-107.43,97.1906,2.703271248809,-0.19,-0.16748818896,16.088040351,装修建材,2026-04-29,2024-09-30
603329,上海雅仕,0.16,3059862349.77,68.7456895117,-7.3,32427117.79,527.6373816925,81.3958,6.997844314674,2.93,-1.389040096986,5.1367440343,物流,2026-04-29,2024-09-30
601010,ST文峰,0.05,1389440206.75,-14.3860377403,-12.2536,97645647.83,-44.26,-115.7262,2.352697048534,1.56,0.040080169643,47.3059264772,一般零售,2026-04-29,2024-09-30
600525,ST长园,-0.037,5512011139.24,-6.0021323976,8.5692,-48686963.07,-158.42,82.6411,3.70402713736,-0.94,-0.028317963984,34.2338818506,电网设备,2026-04-29,2024-09-30
600370,*ST三房,-0.0749,18290670821.84,4.0303597614,4.359,-291348063.32,-1241.36,-49.1723,1.422381271956,-4.81,0.006953422046,-0.0971797479,化学纤维,2026-04-29,2024-09-30
300781,因赛集团,0.2058,503701330.74,30.0052997755,26.8532,33730848.1,10.51,99.3352,6.48828242214,5.15,0.039584158621,31.5871936404,广告营销,2026-04-29,2024-09-30
300555,ST路通,-0.1836,85817835.29,-35.0623008486,27.2821,-36726320.85,-81.89,27.2308,2.66436052115,-6.66,-0.0419919415,13.9940485674,通信设备,2026-04-29,2024-09-30
300209,行云科技,-0.0724,327917844.69,-4.8312076583,-9.638,-30565701.55,78.54,101.1122,-1.012869818773,,-0.102205090066,36.1741695949,软件开发,2026-04-29,2024-09-30
002875,安奈儿,-0.37,451903210.3,-19.8614075748,-25.7021,-77741516.41,-5.33,-13.0651,3.492347109553,-9.93,-0.217953998207,61.0733374536,服装家纺,2026-04-29,2024-09-30
002785,万里石,0.0004,793332058.05,-10.028041002,-32.1595,96286.88,-21.75,-4303.7974,4.273522136326,0.25,-0.164247129889,14.072481303,装修建材,2026-04-29,2024-09-30
002743,富煌钢构,0.16,2920755528.06,-19.3933075557,-28.6646,67887497.59,-23.29,42.5911,7.427306035908,2.1,0.048957720756,13.8897566593,专业工程,2026-04-29,2024-09-30
002657,中科金财,-0.2309,482627066.91,-27.3320086508,29.807,-78337884.98,-99.97,-30.5705,5.322206843545,-4.25,-0.498736260671,22.9862587029,IT服务Ⅱ,2026-04-29,2024-09-30
002581,*ST未名,0.0222,314710263.52,-6.9857557225,-18.152,14626268.3,-50.78,2415.2791,3.168488946707,0.7,-0.073219080485,80.2395917138,生物制品,2026-04-29,2024-09-30
002535,林州重机,0.1753,1323392013.3,12.8670366949,-17.6947,140508448.49,56.1,-35.9987,0.851292015116,22.95,0.220328068782,31.1311362242,专用设备,2026-04-29,2024-09-30
002102,ST能特,0.0454,7568505634.03,-4.6606192902,-4.1905,119643354.12,-63.53,5552.2004,1.598419650114,2.9,0.03402424443,2.687490823,化学制药,2026-04-29,2024-09-30
002042,华孚时尚,0.04,9327003257.67,-15.6143975349,7.9017,47776827.98,-43.75,-90.5072,3.556108202639,0.99,0.744498413032,5.0799823593,纺织制造,2026-04-29,2024-09-30
000911,*ST广糖,-0.0682,2148299829.99,3.0416535936,-61.1635,-27310434.88,-289.55,-514.3451,0.174169626071,-29.2,0.16689255097,11.7141755982,农产品加工,2026-04-29,2024-09-30
000820,*ST节能,-0.0308,39024620.13,-55.2836585511,36.2222,-19602101.4,35.57,19.621,0.101472928329,-19.36,-0.045461228456,14.5591786187,环保设备Ⅱ,2026-04-29,2024-09-30
920792,东和新材,0.28,509778977.44,11.4202305808,-11.0305,45824121.42,-12.71,-2.9123,5.915998724538,4.79,-0.049091887459,25.7215397639,装修建材,2026-04-28,2024-09-30
920405,海希通讯,0.31,335520863.59,94.1249548567,-34.3105,44126681.72,8.02,59.6293,5.627534126052,5.65,0.264078335662,35.0810069724,自动化设备,2026-04-28,2024-09-30
920152,昆工科技,-0.1,424671198.14,16.0360461275,-13.5054,-11203458.51,-201.05,68.9309,3.944098456144,-2.56,0.365069923484,6.3692048386,电池,2026-04-28,2024-09-30
603360,百傲化学,,895631434.03,5.2587670748,27.813,254222021.32,-10.15,35.3756,3.358162874462,16.03,0.467519795851,46.1690353106,农化制品,2026-04-28,2024-09-30
603038,华立股份,0.13,623905638.0,8.6426766567,4.7499,34896672.37,-2.55,5.6078,5.101080134345,2.57,0.321923359224,25.6232445426,装修建材,2026-04-28,2024-09-30
600476,*ST湘邮,-0.106,274995195.41,-16.2281653868,-31.9729,-17067139.14,26.5706142007,109.204,0.788654269696,-3.3,-0.743905218601,16.4810018817,IT服务Ⅱ,2026-04-28,2024-09-30
430719,九鼎集团,-0.03,360623306.3,-32.5481385241,-75.2994,-440145426.85,-144.96,95.6541,1.365045983533,-2.13,-0.023770206783,28.6350438917,,2026-04-28,2024-09-30
300271,华宇软件,-0.32,942060870.03,0.2597326506,-34.7168,-263417760.41,1.05,-33.3527,4.968648778805,-6.3,-0.429650612361,33.2580314285,IT服务Ⅱ,2026-04-28,2024-09-30
300245,ST天玑,-0.05,226462435.45,1.1933713092,-14.5565,-14408048.57,65.33,77.5848,4.267494091711,-1.07,-0.434786527499,25.9709917643,IT服务Ⅱ,2026-04-28,2024-09-30
300226,上海钢联,0.3951,60526775302.84,-9.0459613444,-23.1566,127138005.88,-23.84,23.9763,6.06641917615,6.25,7.164037925948,1.4802487849,软件开发,2026-04-28,2024-09-30
300122,智飞生物,0.8866,22787103216.57,-41.9757906017,-34.1713,2122340320.86,-67.07,-112.3293,13.150749826885,6.78,-1.23243489778,27.2408180482,生物制品,2026-04-28,2024-09-30
002656,摩登大道,-0.0183,159359167.69,-25.8160388763,-1.6338,-13064654.66,76.31,695.5544,0.507077223634,-3.58,0.045618816211,66.1217929896,服装家纺,2026-04-28,2024-09-30
001287,中电港,0.1959,37960276665.92,57.6480880762,1.9254,148836340.94,33.45,-32.8653,6.714326856639,2.93,-2.149947793822,2.8521702844,其他电子Ⅱ,2026-04-28,2024-09-30
000981,山子高科,-0.1372,3301208946.17,-22.2279326668,25.6665,-1371695643.9,32.74,78.51,0.210905965464,-32.52,0.03342542163,22.8680515357,汽车零部件,2026-04-28,2024-09-30
300749,顶固集创,-0.05,795859429.19,-12.5768635668,-21.1825,-9581244.07,-128.52,-206.5134,3.475573076199,-1.33,-0.68999997329,23.0888029657,家居用品,2026-04-27,2024-09-30
300469,信息发展,-0.2623,149581211.44,14.1056141003,50.6354,-65116397.89,1.51,-80.1616,2.062966778597,-11.96,-0.424429052484,22.5915961468,软件开发,2026-04-27,2024-09-30
000752,*ST西发,0.091,299459605.0,21.7905979492,2.8407,23991867.47,144.96,49.7206,0.514125732165,19.41,0.285750446381,38.5553147711,非白酒,2026-04-27,2024-09-30
603789,ST星农,-0.303,193503824.38,8.4710379779,55.2211,-78784197.97,-315.3810028202,-15.6487,1.27240045731,-20.54,-0.334552772439,-10.3038927028,专用设备,2026-04-25,2024-09-30
600739,辽宁成大,0.4673,7899160025.8,1.6516514386,-1.4839,711344179.57,18.93,-32.1948,19.313518777557,2.44,0.15189816858,14.6662247137,生物制品,2026-04-25,2024-09-30
600653,申华控股,-0.0289,3106764331.57,-18.5594937988,-24.4923,-56238318.79,19.44,-47.9479,0.373695708155,-7.444,0.060863636081,6.3327567058,汽车服务,2026-04-25,2024-09-30
920184,国源科技,0.12,198418533.52,24.765378178,-3.8616,15142825.82,79.99,-17.8522,4.554242683683,2.52,-0.326427223335,43.9186553413,IT服务Ⅱ,2026-04-24,2024-09-30
600546,山煤国际,1.05,21964982320.12,-23.9934954294,2.6806,2081743337.73,-47.91,11.8244,8.389323662979,12.89,1.811925241685,34.6685469419,煤炭开采,2026-04-24,2024-09-30
301357,北方长龙,-0.11,46840139.0,-27.3515542797,-60.5619,-10553439.54,-256.83,18.4187,11.836422033298,-0.92,-1.226392694433,49.8884676879,地面兵装Ⅱ,2026-04-24,2024-09-30
301100,风光股份,-0.21,717110442.29,35.0465414223,-1.2688,-41471765.46,-199.87,-157.9048,10.320184743,-1.98,0.18069518285,5.8936129733,化学制品,2026-04-24,2024-09-30
001317,三羊马,0.15,810644205.31,16.8872649242,11.8718,11610888.55,-34.48,-65.8739,10.127310398203,1.35,-2.016673481255,7.5962453302,铁路公路,2026-04-24,2024-09-30
603569,长久物流,0.11,2819361113.37,-1.3840919238,17.9894,61172591.56,-31.89,-77.1449,4.738762468801,2.07,0.277930983137,11.8458364672,物流,2026-04-23,2024-09-30
603169,兰石重装,0.0735,3739247375.88,20.2203071668,-20.3413,95966255.58,-29.51,-26.1599,2.479420205278,3.03,0.108714921343,13.8403701301,专用设备,2026-04-23,2024-09-30
688719,爱科赛博,0.31,594468381.97,15.0742355924,-25.3686,35193351.82,-61.15,-90.3243,15.283957262,1.94,-0.293081237007,37.813392693,其他电源设备Ⅱ,2026-04-22,2024-09-30
605336,*ST帅电,0.24,313223666.89,-49.7587212376,-31.2075,44075340.76,-68.35,-78.4181,10.389455983713,2.25,0.011775341968,43.0699478617,厨卫电器,2026-04-22,2024-09-30
603813,原尚股份,-0.27,241918837.06,-27.4672213871,-1.4412,-28801800.29,-112.1057296319,-16.2109,5.804018092653,-4.41,0.910386420797,17.8381695012,物流,2026-04-22,2024-09-30
600810,神马股份,0.04,10476620385.64,11.0818123994,-10.5069,44945901.83,-62.09,-217.6988,7.091025736045,0.34,0.076061112429,11.4991128787,化学纤维,2026-04-22,2024-09-30
874720,祥晋股份,0.94,586005000.18,,,60034299.88,,,,21.06,,23.0713375566,,2026-04-21,2024-09-30
300377,赢时胜,-0.0185,987694139.07,-9.5528453632,-6.4381,-13905172.49,-258.88,16.4687,3.949342906145,-0.46,-0.228788504792,44.2327017857,软件开发,2026-04-21,2024-09-30
688646,ST逸飞,0.59,534731251.19,15.1808190166,-18.7813,55576425.38,10.56,-38.0771,16.883811647638,3.36,-0.598852801302,28.4217527406,自动化设备,2026-04-18,2024-09-30
688201,ST信安,-0.1551,300132472.91,-12.4090626696,-0.4903,-49026171.03,-300.18,-319.8335,4.096997021313,-3.63,-0.360002256098,71.3405909211,软件开发,2026-04-18,2024-09-30
601118,海南橡胶,-0.1076,27928829219.41,12.4357592901,23.7423,-460507077.05,13.9475529068,-21.2339,2.167495570866,-4.8219,0.471737497013,3.29940578,种植业,2026-04-18,2024-09-30
300746,汉嘉数智,0.0195,571734928.93,-32.7340647942,-19.5625,4400453.79,-76.86,-39.5181,5.237196186152,0.36,-0.097474060852,26.7386416072,工程咨询服务Ⅱ,2026-04-17,2024-09-30
600757,长江传媒,0.57,5218739760.71,3.4790021016,-0.317,689156590.04,-18.03,-41.8025,7.639343291962,7.49,-0.078650524137,35.527454563,出版,2026-04-16,2024-09-30
900928,临港B股,0.25,4127145851.1,24.5326418024,-0.4193,641188393.36,-17.51,193.4582,7.405235665813,3.24,-2.026685306185,63.2066028104,房地产开发,2026-04-14,2024-09-30
600848,上海临港,0.25,4127145851.1,24.5326418024,-0.4193,641188393.36,-17.51,193.4582,7.405235665813,3.24,-2.026685306185,63.2066028104,房地产开发,2026-04-14,2024-09-30
002219,新里程,0.0166,2945297925.57,17.4794735611,-10.1211,56716413.08,57.98,-120.5658,0.622213333175,2.6,0.065016674121,28.710305823,医疗服务,2026-04-11,2024-09-30
300561,汇金科技,-0.0124,68550606.16,-38.5086137777,-12.7167,-4077859.02,-182.4,66.211,1.910955432583,-0.64,0.063230840701,53.1040088472,软件开发,2026-04-10,2024-09-30
601069,西部黄金,0.1199,5045498786.92,51.6169346249,33.6262,110481083.89,359.8139789622,83.081,4.92341850424,1.91,-0.230811216704,10.0467752095,贵金属,2026-04-08,2024-09-30
002306,ST云网,-0.0471,111422552.36,-23.0590375797,21.0816,-38582565.47,64.6,26.506,0.003632098855,-638.64,-0.038228051646,12.6387626039,酒店餐饮,2026-04-08,2024-09-30
603226,菲林格尔,-0.07,216515144.2,-21.5304701379,43.8573,-24754196.24,-24.2974426454,-218.1017,2.698689609354,-2.55,-0.111787065141,12.2650451072,家居用品,2026-04-07,2024-09-30
600368,五洲交通,0.3519,1181055879.3,0.193355299,10.7556,566420261.78,2.99,52.3076,4.186269169865,8.7,0.529507185445,63.4070625823,铁路公路,2026-04-07,2024-09-30
300774,倍杰特,0.3777,653114837.04,13.885533132,-68.981,154384186.11,21.42,-82.6694,3.680577144627,12.28,0.18041200732,33.3109286823,环境治理,2026-04-04,2024-09-30
600455,博通股份,0.6281,211369406.9,9.6500426012,-0.184,39232923.51,18.91,23.9676,4.67328275321,8.1722,1.584422337251,60.8050767067,软件开发,2026-04-03,2024-09-30
300224,正海磁材,0.13,3809718285.94,-17.6653022121,-6.9829,103815312.65,-71.76,315.8644,4.220896482946,2.7,0.028390446453,16.1495161829,金属新材料,2026-03-31,2024-09-30
874775,云岭光电,-0.0379,109044301.68,,,-11682050.05,,,1.679686877438,-2.17,-0.032302957766,19.1107899715,,2026-03-30,2024-09-30
874746,前景无忧,0.6,435340730.89,,,64692150.63,,,,17.38,,31.6837149118,,2026-03-24,2024-09-30
600252,中恒集团,0.0033,1814746329.76,-16.2069164897,-14.7364,11220044.44,-90.69,67.4151,1.886342765363,0.17,0.129294585331,42.9977858769,中药Ⅱ,2026-03-21,2024-09-30
688132,邦彦技术,-0.01,227914998.16,39.565537057,-58.1255,-2233851.56,-111.46,-2287.0259,9.804634298404,-0.15,0.000196133749,63.6609199269,军工电子Ⅱ,2026-03-20,2024-09-30
874191,华益泰康,1.03,231708170.99,,18.9295,58706843.75,,3.1688,,21.95,,72.4048725961,,2026-03-18,2024-09-30
874773,犇星新材,0.8814,3378066882.94,,,317312012.43,,,,,,18.1877786219,,2026-03-16,2024-09-30
871858,天易成,,70069494.15,,,-17431747.07,,,,,0.694194234989,14.9886469103,,2026-03-10,2024-09-30
600529,山东药玻,1.0856,3663893577.17,-0.2682213182,-6.0287,720431146.66,17.29,-3.5824,11.735130197661,9.37,1.225226763283,33.5116564035,医疗器械,2026-03-07,2024-09-30
688511,天微电子,0.0614,74196325.5,-23.94196177,277.4148,6306470.69,-83.09,160.1068,8.135171955719,0.74,0.075162665301,62.7684949843,军工电子Ⅱ,2026-02-28,2024-09-30
688316,青云科技,-1.31,213637495.55,-16.743941573,-0.0513,-62758629.3,49.1390665149,16.3965,2.49612906027,-42.03,-0.424118921559,32.2025230042,IT服务Ⅱ,2026-02-28,2024-09-30
920985,海泰新能,0.57,2480628059.04,-14.7155122943,-5.7474,175671983.27,112.33,3.4021,4.536471845428,12.62,-0.011538205684,22.9140857376,光伏设备,2026-02-27,2024-09-30
300051,琏升科技,-0.18,297035783.5,102.8471339793,44.0349,-66222121.58,-241.66,-70.7942,0.702515545646,-22.6,0.149706538427,-4.5122274872,光伏设备,2026-02-26,2024-09-30
301152,天力锂能,-1.41,1380636922.85,-29.0544966009,-17.3477,-170688291.8,-51.87,-153.5056,14.310778282214,-9.0,-2.991091593718,0.5792770625,电池,2026-02-13,2024-09-30
002829,星网宇达,-0.12,231748786.18,-66.5269944989,-1.7032,-23984740.41,-121.12,-91.2309,9.164108854579,-1.25,-0.99880769851,38.0617073962,航天装备Ⅱ,2026-01-31,2024-09-30
000736,中交发展,-2.13,12271153845.01,6.240651763,-51.5972,-1489053765.76,-48.64,27.8947,0.696459254515,-116.2,1.221904082231,6.7208098516,房地产服务,2026-01-31,2024-09-30
920489,佳先股份,0.14,459459683.88,17.8341047443,12.0074,18930503.4,-34.68,-81.7949,3.70185582174,3.66,-0.406275829552,12.565064169,化学原料,2026-01-30,2024-09-30
300448,浩云科技,0.0127,247702064.71,-9.5557723636,26.1605,8487917.09,147.49,-26.6387,1.945913541689,0.64,-0.041719557076,44.1026050461,IT服务Ⅱ,2026-01-30,2024-09-30
600615,鑫源智造,0.0247,106810617.9,14.0879849555,-1.4954,4645037.79,7336.8259524022,13.9333,3.41938827322,0.725,-0.095905812838,10.2873104529,工业金属,2026-01-28,2024-09-30
001331,胜通能源,0.0857,3719285532.74,12.4316475703,10.3744,24182149.13,145.65,232.7726,7.464785998611,1.59,-1.305788863839,1.0662679405,燃气Ⅱ,2026-01-24,2024-09-30
001266,宏英智能,-0.11,428690160.04,46.969131187,-71.2545,-11645118.58,-225.02,-332.6511,9.287458354993,-1.18,-1.265719409956,22.8882848351,自动化设备,2026-01-24,2024-09-30
688816,易思维,-0.03,181157139.03,,,-2246668.51,,,,,,64.3021129522,自动化设备,2026-01-23,2024-09-30
301599,理奇智能,,1258786500.0,,,120019100.0,,,,,,,自动化设备,2026-01-23,2024-09-30
001365,天海电子,,8694087000.0,,,495117500.0,,,,,,,汽车零部件,2026-01-23,2024-09-30
688818,电科蓝天,,1611259028.14,,,105124541.97,,,,,,25.8867937151,航天装备Ⅱ,2026-01-22,2024-09-30
603284,林平发展,2.26,1876004315.91,,,124583806.83,,,,,,9.8796606377,造纸,2026-01-22,2024-09-30
001399,惠科股份,,29342305800.0,,,2502687300.0,,,,,,,光学光电子,2026-01-22,2024-09-30
301487,盟固利,0.0196,1311983123.72,-26.0626586866,1.9184,9031293.69,-84.99,-73.6051,4.271389548539,0.46,0.308135453393,6.9678955009,电池,2026-01-21,2024-09-30
002397,梦洁股份,0.03,1197993402.08,-18.0812481501,-26.4714,24741229.94,-34.08,-95.7832,1.583402543302,1.76,-0.096068211752,40.279758114,服装家纺,2026-01-17,2024-09-30
874965,英虎机械,2.19,1352594267.02,,,164334659.56,,,,17.81,,17.122982787,,2026-01-16,2024-09-30
874578,华宇电子,0.63,497054989.22,18.1354888788,,39927290.91,25.52,,10.747062205349,6.03,1.361189365853,24.0905361755,,2026-01-16,2024-09-30
874475,拓普泰克,1.75,747486226.23,39.042219345,27.514,81118137.73,47.5619227669,-10.8338,10.131913159217,18.96,1.205602186224,22.9247049386,,2026-01-16,2024-09-30
834044,富泰和,0.74,648276645.88,,5.0331,65283448.25,,12.4173,6.380221183676,12.04,1.323087289033,29.6406888743,,2026-01-16,2024-09-30
688712,北芯生命,-0.09,237397994.73,,11.0759,-31025222.25,,131.6541,,-4.53,,63.7436486994,医疗器械,2026-01-16,2024-09-30
874548,艾克姆,1.49,362083049.81,17.4190658524,7.5176,58162036.27,22.95,7.733,10.032835757692,16.05,0.826519186667,26.002091277,,2026-01-15,2024-09-30
871633,华电光大,0.06,184053224.59,-17.2712534643,,8233243.27,-72.8600139969,,,3.28,-0.247283317846,24.995782542,,2026-01-15,2024-09-30
301669,高特电子,,600639300.0,,,55428700.0,,,,,,,其他电源设备Ⅱ,2026-01-15,2024-09-30
001237,惠康科技,,2733666200.0,,,362064000.0,,,,,,,通用设备,2026-01-15,2024-09-30
001220,世盟股份,1.74,745592429.14,,,120209076.86,,,,16.91,,24.6124916963,物流,2026-01-15,2024-09-30
603293,埃泰克,,2356487600.0,,,148863300.0,,,,,,,汽车零部件,2026-01-13,2024-09-30
301379,天山电子,0.5304,1058213653.71,11.3077631039,10.6324,104794620.12,20.53,0.7045,9.598896701274,7.87,0.553387177747,21.3943747622,光学光电子,2026-01-12,2024-09-30
920819,颖泰生物,-0.16,4200448919.59,-4.4309090829,-3.7423,-198170380.37,-229.1,-139.3924,4.407456059586,-3.54,-0.037574074474,10.6607205128,农化制品,2026-01-09,2024-09-30
874627,恒兴股份,1.51,632808571.57,,-10.7631,94021290.08,,-12.5409,,,,37.4686429961,,2026-01-09,2024-09-30
601112,振石股份,0.29,3048377011.01,,,429878782.55,,,,,,27.3975223525,玻璃玻纤,2026-01-09,2024-09-30
688785,恒运昌,2.37,425969444.05,,,120076222.01,,,,,,48.9788550785,其他电源设备Ⅱ,2026-01-08,2024-09-30
300609,汇纳科技,-0.3203,189755299.26,-1.0936635488,-9.8532,-38778184.32,-17.19,48.2783,8.691363929202,-3.67,-0.356061732971,51.0641409425,IT服务Ⅱ,2026-01-06,2024-09-30
874537,美康股份,1.2446,184044685.74,,,69986542.84,,,,,,79.3003451924,,2026-01-05,2024-09-30
301696,三瑞智能,,636234900.0,,,256081200.0,,,,,,,航空装备Ⅱ,2026-01-05,2024-09-30
001393,维通利,,1666472200.0,,,196665300.0,,,,,,,电网设备,2026-01-05,2024-09-30
874774,里得科技,0.19,210374733.29,,-10.3123,11904076.32,,-86.6712,,2.03,,37.7509018303,,2025-12-31,2024-09-30
874281,联川生物,0.67,240082146.26,25.9637678049,,31273482.25,-3.7107427196,,,,-0.130179277419,48.76529254,,2025-12-31,2024-09-30
300500,启迪设计,-0.0984,965911708.0,-3.4257205601,-47.2118,-17118721.22,-154.94,-412.9503,6.815865927969,-1.43,0.119163530165,24.4347626181,工程咨询服务Ⅱ,2025-12-31,2024-09-30
001235,里得电科,0.19,210374733.29,,-10.3123,11904076.32,,-86.6712,,2.03,,37.7509018303,,2025-12-31,2024-09-30
920161,龙辰科技,0.48,415800656.38,60.4830576858,11.3988,43656523.6,27.2002550301,-16.47,,,,28.9923092714,塑料,2025-12-30,2024-09-30
688825,长鑫科技,,16221384500.0,,,-5376227500.0,,,,,,,半导体,2025-12-30,2024-09-30
301666,大普微,,699320600.0,,,-74160100.0,,,,,,,计算机设备,2025-12-29,2024-09-30
001312,福恩股份,,1444503500.0,,,216596800.0,,,,,,,纺织制造,2025-12-29,2024-09-30
920178,锐翔智能,1.1628,298096951.91,,18.7707,60691311.92,,-5.1006,,,,49.1446134156,自动化设备,2025-12-26,2024-09-30
920136,永励精密,1.03,400836962.43,,,61759511.04,,,,,,27.4958015678,汽车零部件,2025-12-26,2024-09-30
874670,高腾机电,1.9,491261681.14,,-2.6943,109192920.91,,-3.3859,,,,39.6183130116,,2025-12-26,2024-09-30
688781,视涯科技,,189271600.0,,,-185554500.0,,,,,,,光学光电子,2025-12-26,2024-09-30
300831,ST派瑞,0.2095,175379558.81,149.8691972637,-37.2528,67036829.34,3239.42,-48.6396,2.898021103406,7.47,-0.128137372812,67.7306354549,半导体,2025-12-26,2024-09-30
001257,盛龙股份,,2501105300.0,,,657575700.0,,,,,,,小金属,2025-12-26,2024-09-30
874402,德耐尔,1.01,402465452.28,19.5099487032,,50742547.4,47.5011613883,,5.057397543254,22.16,1.119198055952,38.0536091762,,2025-12-25,2024-09-30
874225,凯龙洁能,0.29,399825146.79,,-15.3179,48162661.68,,-57.428,,6.83,,27.442122498,,2025-12-25,2024-09-30
688270,ST臻镭,,182421264.55,7.0053557865,0.4912,15259265.82,-63.79,-27.0188,9.907502876082,0.68,-0.028733555227,84.1140214648,半导体,2025-12-25,2024-09-30
603352,至信股份,0.8,2098269759.56,,,135889479.17,,,,,,21.6980065254,汽车零部件,2025-12-25,2024-09-30
874798,环能涡轮,1.61,310238369.0,,,105443077.08,,,10.345164967727,17.13,1.434011646212,44.2092275698,,2025-12-24,2024-09-30
874385,斯坦德,0.41,505443090.5,,,25291672.76,,,,,,43.3525526451,,2025-12-24,2024-09-30
874181,睿信电器,0.86,311923361.36,,7.7235,51319981.06,,43.3255,,,,25.3673108821,,2025-12-24,2024-09-30
873264,广规科技,0.98,585666637.03,,,117858761.71,,,,,,51.0604571547,,2025-12-24,2024-09-30
874649,弥富科技,0.92,178620282.16,,8.739,48024215.72,,-4.564,,,,44.4865339922,,2025-12-23,2024-09-30
874562,家鸿口腔,0.56,386558998.71,,,42883579.1,,,,,,33.5728219995,,2025-12-23,2024-09-30
874251,衡美健康,1.75,828758988.71,,-34.0169,87543202.54,,-71.5154,,17.95,,23.2824618192,,2025-12-23,2024-09-30
920177,恒道科技,1.26,164636427.57,,-9.5849,49356177.11,,-25.8329,,,,51.0033398315,通用设备,2025-12-22,2024-09-30
874654,玉健健康,0.77,344556754.35,,,41387759.33,,,,,,23.3546648307,,2025-12-22,2024-09-30
874456,石羊农科,2.87,2453178429.2,-4.9170727454,33.6083,267657783.78,559.1311249452,156.5925,15.64861037149,20.48,1.924403555091,18.4620206736,,2025-12-22,2024-09-30
603407,长裕集团,,1218076000.0,,,153930100.0,,,,,,,化学原料,2025-12-22,2024-09-30
430293,奉天电子,0.6066,667559729.03,,,64465242.07,,,,,0.241005234663,18.9140537781,,2025-12-22,2024-09-30
301680,固德电材,,631355300.0,,,114998500.0,,,,,,,汽车零部件,2025-12-22,2024-09-30
920156,海昌智能,1.01,553772035.27,,-1.0264,80501369.16,,-19.135,,,,35.3302942671,自动化设备,2025-12-19,2024-09-30
920081,欧伦电气,3.33,1323922454.27,,-23.7034,178752346.78,,-22.3219,,,,27.3641575979,小家电,2025-12-19,2024-09-30
874785,芬尼股份,0.46,1012406040.32,,,47696494.64,,,,,,32.235984543,,2025-12-19,2024-09-30
874527,贝尔生物,1.53,279748618.54,,,114574835.81,,,,16.61,,79.4024101814,,2025-12-19,2024-09-30
873514,高义包装,0.6,1023427227.82,28.2098292918,,65012409.36,-1.1473297926,,,,,26.4280030233,,2025-12-19,2024-09-30
920125,鸿仕达,0.48,336956311.66,,23.2565,20391423.0,,287.1135,,,,31.7826231188,自动化设备,2025-12-18,2024-09-30
920079,乔路铭,0.78,2249301922.64,,9.2911,284031993.12,,12.5855,,,,23.5289063693,汽车零部件,2025-12-18,2024-09-30
874727,尚睿科技,0.59,809300549.38,,,31051074.06,,,,,,43.0539727283,,2025-12-18,2024-09-30
874569,菊乐股份,2.0832,1247917795.76,2.1525131005,13.0131,192656565.4,5.77,9.4792,12.114616026398,18.81,3.222326000968,34.1021657866,,2025-12-18,2024-09-30
874360,世纪数码,1.34,441060909.11,,-30.329,44607606.86,,-40.8994,,,-0.087924446311,21.0909293747,,2025-12-18,2024-09-30
874158,天元重工,0.2732,405455097.9,,-32.635,46764419.81,,-43.3736,,,,28.0864543447,,2025-12-18,2024-09-30
873464,皇裕精密,0.5,624777457.57,,,48410033.59,,,,20.1,,23.6443813185,,2025-12-18,2024-09-30
603402,陕西旅游,8.71,1095281812.76,18.0356605263,,505278937.52,28.9838309156,,,,,75.5999481023,旅游及景区,2025-12-18,2024-09-30
301513,尚水智能,,446333900.0,,,109892500.0,,,,,,,电池,2025-12-18,2024-09-30
874684,科建股份,0.74,310949180.98,,23.1651,39859366.09,,27.6881,,,,29.4014240629,,2025-12-17,2024-09-30
874498,艾斯迪,0.61,500198804.19,25.3607622546,,31284726.63,12.7960138806,,,,0.428061196667,18.1512061663,,2025-12-17,2024-09-30
430428,陕西瑞科,0.38,750232275.52,,-9.0245,44853843.78,,-19.9047,,,-0.148356723504,11.2847227469,,2025-12-17,2024-09-30
874865,森峰激光,1.5,974122649.38,,,85469170.94,,,8.439889335263,19.49,0.428302889298,31.6557595377,,2025-12-16,2024-09-30
874812,铁近科技,1.11,201312956.58,,,31464874.21,,,,,,38.2949159357,,2025-12-16,2024-09-30
874769,莫森泰克,1.67,1292295900.9,,,176746015.39,,,,,,20.10333499,,2025-12-16,2024-09-30
874200,广泰真空,0.89,271315101.16,,-26.1238,59927006.7,,-21.3544,,28.83,,32.7767072529,,2025-12-16,2024-09-30
832684,天运股份,0.28,357956174.19,72.1823733731,,33966317.92,112.0896781096,,,,0.378097342037,20.7356849866,,2025-12-16,2024-09-30
920176,维琪科技,0.94,168610533.26,,35.5627,46796559.67,,75.8907,,,,64.4610542465,化妆品,2025-12-15,2024-09-30
920011,晨光电机,0.87,584279607.51,15.5788640683,8.2691,52076891.15,-15.59,20.9869,7.0142691845,13.25,0.037669153,19.8342836461,电机Ⅱ,2025-12-15,2024-09-30
874747,维琪科技,0.94,168610533.26,,35.5627,46796559.67,,75.8907,,,,64.4610542465,,2025-12-15,2024-09-30
874508,天健新材,1.06,778381151.24,,16.8161,45262897.26,,-57.3715,,11.43,-0.701645947703,16.4639196216,,2025-12-15,2024-09-30
874378,华汇智能,1.03,317825301.12,98.130202407,5676.4501,52375652.02,159.9453344075,496.1327,3.472526434675,34.99,-0.55126722949,32.5357493144,,2025-12-15,2024-09-30
874178,孕婴世界,0.26,769252000.84,35.6513159404,27.1376,94820225.24,39.4453971046,46.7366,,,0.22638810876,21.3656527862,,2025-12-15,2024-09-30
301682,宏明电子,,2083148700.0,,,323166900.0,,,,,,,军工电子Ⅱ,2025-12-15,2024-09-30
688811,有研复材,,348534300.0,,,27366900.0,,,,,,,金属新材料,2025-12-13,2024-09-30
920220,朗信电气,1.63,881138982.02,,5.2712,77037771.51,,8.3388,,,,18.6073375365,汽车零部件,2025-12-12,2024-09-30
920069,普昂医疗,1.13,231548936.28,,21.5416,47663778.55,,-3.2043,,,,50.3184961986,医疗器械,2025-12-12,2024-09-30
874886,映日科技,0.96,485976804.41,,,85922430.83,,,,,,32.7959981081,,2025-12-12,2024-09-30
874573,信胜科技,0.7,722372183.96,40.8535798278,3.2121,73235555.74,44.07,-1.0061,3.902783435429,19.63,1.65379990181,22.9396317479,,2025-12-12,2024-09-30
874549,莱恩精工,1.26,863937611.5,,69.7771,64558491.25,,69.6695,,,,18.4048027431,,2025-12-12,2024-09-30
874522,中德科技,0.35,334093913.55,,18.4001,23392750.54,,233.7919,,,0.422811610143,28.0857288578,,2025-12-12,2024-09-30
874142,南方乳业,0.94,1300876296.65,,9.9756,140285163.28,,101.0779,,,1.803402521667,28.1338500357,,2025-12-12,2024-09-30
873974,培源股份,0.56,497467070.93,,,37588953.54,,,,8.5,,25.7389642878,,2025-12-12,2024-09-30
873808,永超新材,0.96,197016895.15,21.4624238718,4.2229,37065699.77,25.1179664619,20.3948,5.687123673214,16.86,1.293306006633,33.8882935188,,2025-12-12,2024-09-30
301687,新广益,0.79,484458602.96,29.4524915414,28.3535,87010100.43,44.0810277746,68.6531,,,,32.2719983472,塑料,2025-12-12,2024-09-30
874339,天康制药,0.73,858241011.08,3.7547032847,92.7507,185343701.83,38.76,326.6626,10.847892223718,6.78,0.336188272562,63.8714485876,,2025-12-11,2024-09-30
874335,苏讯新材,3.07,2208429358.57,,,157626675.95,,,,,,10.7351548258,,2025-12-11,2024-09-30
688809,强一股份,1.35,390096125.33,,,131083634.53,,,,,,61.1781580676,半导体,2025-12-11,2024-09-30
301683,慧谷新材,,595812200.0,,,106417300.0,,,,,,,化学制品,2025-12-11,2024-09-30
001396,誉帆科技,0.89,478869177.72,,,71253784.81,,,,10.22,,47.6306505622,基础建设,2025-12-11,2024-09-30
001369,双欣材料,0.46,2598313139.59,,,396113909.74,,,,,,23.0353961857,化学纤维,2025-12-11,2024-09-30
920028,新恒泰,0.5,535284968.2,,3.4364,62144958.87,,-19.8316,,,,25.1201029392,塑料,2025-12-10,2024-09-30
874679,正大种业,-0.04,117227054.05,,,-6079441.39,,,,,,43.258325581,,2025-12-10,2024-09-30
874433,安达股份,0.6,689412448.34,4.8989501752,-9.6488,50686191.52,56.8902121291,-26.3699,4.686748871715,13.69,1.110087926266,17.1879502343,,2025-12-10,2024-09-30
873855,新富科技,1.35,991223645.75,155.5211805794,17.3064,45817982.51,46.78,310.3389,11.257477538131,13.17,-0.645165072122,17.9005264786,,2025-12-10,2024-09-30
873534,金万众,,686734640.22,,-2.3984,67774428.47,,22.8252,,9.06,,24.8345903208,,2025-12-10,2024-09-30
874885,鑫巨宏,1.04,324310568.37,,,60402048.22,,,,,,36.0909498782,,2025-12-09,2024-09-30
874859,昌德科技,0.44,1090969201.93,49.6942366956,,56111402.32,-6.1812452118,,,,,12.8150222869,,2025-12-09,2024-09-30
874279,定西高强,0.78,529971537.83,,29.7402,35186511.33,,16.1385,,,0.374092948322,15.5788258004,,2025-12-09,2024-09-30
874867,佳宏新材,1.42,283261661.28,,,53878807.21,,,,10.49,,46.4064747506,,2025-12-08,2024-09-30
874642,星基智造,1.11,187030253.46,,,36774083.26,,,,,,41.1325785571,,2025-12-08,2024-09-30
874586,方意股份,0.91,174432400.03,,,30828610.71,,,,,0.761702460869,36.7852974843,,2025-12-08,2024-09-30
874526,能源科技,0.09,708534261.65,,,112340353.74,,,,,,37.5039248464,,2025-12-08,2024-09-30
874222,欣战江,0.82,269319916.12,,-4.8214,47860141.85,,-3.3603,,,,30.856252793,,2025-12-08,2024-09-30
300881,盛德鑫泰,1.76,1953502066.4,57.7357545014,-11.8379,192885827.17,166.3,-5.0755,9.518951378455,19.54,-3.619008940818,19.3146450224,特钢Ⅱ,2025-12-08,2024-09-30
920186,中科仪,0.7,692743768.31,,,119616914.16,,,,,,31.4655626613,通用设备,2025-12-05,2024-09-30
920055,隆源股份,1.91,622795564.42,29.2010122763,-0.7485,97356172.35,4.33,-20.8413,12.898233895098,16.02,4.132107897059,26.8104864163,汽车零部件,2025-12-05,2024-09-30
900936,鄂资B股,0.61,20167945726.95,-8.4488878141,0.708,1721092821.95,-31.65,8.1413,7.464333999934,7.75,0.786757807961,20.0269951647,冶钢原料,2025-12-05,2024-09-30
874800,玄机科技,0.4648,192100560.42,,,26581400.44,,,,,,43.7248229242,,2025-12-05,2024-09-30
874669,德硕科技,1.02,679630534.28,,-25.2253,50759125.46,,-60.3444,,,,18.338210359,,2025-12-05,2024-09-30
874662,建工资源,0.19,424662925.12,,-25.0573,21816328.05,,-67.7358,,,,23.7413820906,,2025-12-05,2024-09-30
874543,百利食品,1.17,1428935298.68,,0.3243,208106725.9,,0.419,,,,30.7419449674,,2025-12-05,2024-09-30
688805,健信超导,0.27,286364012.2,,,34374156.06,,,,,,25.6879049308,医疗器械,2025-12-05,2024-09-30
600295,鄂尔多斯,0.61,20167945726.95,-8.4488878141,0.708,1721092821.95,-31.65,8.1413,7.464333999934,7.75,0.786757807961,20.0269951647,冶钢原料,2025-12-05,2024-09-30
001325,元创股份,1.96,974600305.8,,,114995071.54,,,,,,21.4537168351,橡胶,2025-12-05,2024-09-30
874567,辛帕智能,0.48,147423079.64,-35.8234487547,,26121193.11,-58.47,,8.867832926505,5.58,1.231238871395,42.2450891082,,2025-12-04,2024-09-30
874332,文峰光电,0.84,158399257.94,,,50266494.9,,,,10.22,1.181404867833,56.692421068,,2025-12-04,2024-09-30
603248,锡华科技,0.29,702491443.62,-3.9862334919,,104090192.46,-28.7833445015,,,,,26.3170645022,风电设备,2025-12-04,2024-09-30
301449,天溯计量,1.7,577843076.88,10.1186454015,,83306358.5,11.6509659149,,,,,53.8389138829,专业服务,2025-12-04,2024-09-30
874611,北方实验,0.3,170290405.09,,7.3368,22233491.56,,-37.8059,,4.99,,65.6163643753,,2025-12-03,2024-09-30
874552,原力数字,2.63,354132475.42,4.5860540534,-30.2129,63282508.58,15.34,-1.0428,27.647992025877,10.0,3.746929863012,39.8824887925,,2025-12-03,2024-09-30
874249,邦泽创科,1.91,1077373071.2,,2.2396,96650617.36,,-28.1615,,,1.963360592299,39.6953612664,,2025-12-03,2024-09-30
874617,双英集团,0.25,1511558784.52,12.350068273,-19.825,28559225.7,29.0124836433,-67.712,5.01516824656,4.89,-2.751794198169,15.2156521907,,2025-12-02,2024-09-30
874589,中水三立,-0.1,198530973.27,,,-5704345.35,,,,,,26.1101277882,,2025-12-02,2024-09-30
301378,通达海,-0.5,283374702.37,-10.0672501729,8.8945,-48742939.72,-372.54,30.0238,14.051549735507,-3.44,-1.268161075259,36.4380862358,软件开发,2025-12-02,2024-09-30
300266,兴源环境,-0.0992,700964526.17,1.0880812071,-15.1726,-154186323.9,40.69,2.8332,0.080123117293,-76.42,0.04337481166,13.5063770955,环境治理,2025-12-02,2024-09-30
920238,长鹰硬科,0.61,721738942.04,,-2.6018,45654042.42,,36.3432,,,,19.4518549232,通用设备,2025-12-01,2024-09-30
920117,龙鑫智能,1.4,424928172.07,,-21.4366,94141150.58,,-43.6858,,,,36.5902990387,通用设备,2025-12-01,2024-09-30
874677,唐兴科技,0.43,240617669.22,,9.2013,36178131.61,,65.1662,,,,42.1253922534,,2025-12-01,2024-09-30
874588,固力发,0.6,709317612.79,,-13.1324,80321249.63,,-19.74,,,0.750513773534,35.1253974591,,2025-12-01,2024-09-30
874553,沛城科技,1.2,501734992.74,,9.7098,59980648.9,,25.6465,,,2.0606788636,29.2313982904,,2025-12-01,2024-09-30
874411,友邦股份,1.1984,235149654.75,,0.4778,53926691.57,,16.5001,,27.02,,33.497320391,,2025-12-01,2024-09-30
874396,长鹰硬科,0.61,721738942.04,,-2.6018,45654042.42,,36.3432,,,,19.4518549232,,2025-12-01,2024-09-30
874250,新吴光电,0.7,241180312.68,,-5.6555,40367762.57,,-36.6704,,,,33.1327422633,,2025-12-01,2024-09-30
830978,先临三维,0.25,798385188.31,11.0371531476,,97056525.13,45.3829924378,,,,0.24960093091,68.6512874682,,2025-12-01,2024-09-30
874919,济人药业,0.25,890499261.79,,,90989760.91,,,,,,42.2737140403,,2025-11-28,2024-09-30
874550,奥立思特,0.64,502507215.21,28.7116455154,-15.0733,59654557.12,40.54,-36.7255,8.229025260594,8.12,0.52733978931,23.9902989133,,2025-11-28,2024-09-30
874426,富印新材,0.76,519155428.44,,,51943662.32,,,,,,34.3565315066,,2025-11-28,2024-09-30
874242,美亚科技,0.87,291631241.65,14.6176061594,13.8415,59513480.01,0.1421469906,25.454,8.407940732649,11.02,-1.330726387685,56.3271901634,,2025-11-28,2024-09-30
874118,华来科技,0.61,676912244.46,,42.6959,36531680.04,,-45.3998,,,1.500137459,24.7817676165,,2025-11-28,2024-09-30
688807,优迅股份,1.04,302028832.39,,,62286018.95,,,,,,47.5009263966,半导体,2025-11-28,2024-09-30
874668,江锅股份,0.6,563814943.2,,-34.5295,58221940.26,,11.8997,,,,20.0880248592,,2025-11-27,2024-09-30
874494,新涛智控,0.41,239226949.6,,,20262768.78,,,,,,25.0340858044,,2025-11-27,2024-09-30
688802,沐曦股份,,223312928.03,,,-781579080.68,,,,,,52.8308090046,半导体,2025-11-27,2024-09-30
688790,昂瑞微,-0.16,1682948116.21,,,-11918905.32,,,,-1.15,,21.1563216228,半导体,2025-11-27,2024-09-30
301667,纳百川,0.54,912837339.49,,,45079324.76,,,6.89657321348,8.13,-0.063374793737,16.0764787505,汽车零部件,2025-11-27,2024-09-30
920206,彩客科技,1.34,346502248.63,,9.5675,85450505.05,,0.9818,,,,35.5410052653,化学制品,2025-11-25,2024-09-30
874445,科金明,0.67,561497931.28,44.2836144435,,18444445.86,-29.3967223074,,,,-1.790552259377,26.718010522,,2025-11-25,2024-09-30
874236,华晟智能,0.44,362087150.89,,136.8206,22094082.77,,240.4842,,,,25.6670502893,,2025-11-25,2024-09-30
873981,正导技术,0.35,942127528.05,28.4480108957,4.6595,35261238.98,-42.0951221708,-21.7485,2.9695412458,12.62,-0.5390465653,10.8722759542,,2025-11-25,2024-09-30
920181,赛英电子,1.76,316634498.28,,-3.3965,52693432.49,,-4.2188,,,,26.9834584021,半导体,2025-11-24,2024-09-30
874391,金钛股份,0.48,1131146828.04,-10.5161330607,-8.3441,101665843.95,-6.03,-62.4636,5.817927118429,8.45,0.402360719714,14.4868672296,,2025-11-24,2024-09-30
874382,九目化学,1.07,738965007.16,,-8.4666,201178033.13,,-0.8378,,20.96,,45.2307248424,,2025-11-24,2024-09-30
874226,博韬合纤,1.14,610002875.34,,-18.9628,48547813.52,,-36.6075,,,,15.1478471226,,2025-11-24,2024-09-30
874127,顶立科技,1.703,451183751.08,10.4772767941,-43.727,79106244.76,-11.1,-71.984,25.346088275133,8.18,0.032450922413,34.6199964241,,2025-11-24,2024-09-30
300223,北京君正,0.6321,3201213308.67,-6.394451031,-0.4902,304420330.78,-17.37,-2.9996,24.720433177749,2.57,0.428066708699,37.4430515984,半导体,2025-11-24,2024-09-30
603717,天域生物,0.022,624472530.5,5.26533698,-5.2463,6387662.07,105.5416705319,105.6825,2.234374596996,0.98,0.362663361,19.7419607058,基础建设,2025-11-22,2024-09-30
920065,千岸科技,1.22,1118020223.93,,11.4251,89082110.14,,1.5028,,,,41.1029000115,互联网电商,2025-11-21,2024-09-30
874600,千岸科技,1.22,1118020223.93,,11.4251,89082110.14,,1.5028,,,,41.1029000115,,2025-11-21,2024-09-30
874149,同富股份,1.65,2004579188.35,,-3.8387,168213442.44,,-19.4657,,,2.025910713474,25.0969098185,,2025-11-21,2024-09-30
834948,晨泰科技,0.38,363225496.8,,-35.9333,48316175.66,,-53.1151,,,0.607687325031,29.8405531233,,2025-11-21,2024-09-30
920188,悦龙科技,1.076,195002116.15,,,65660869.52,,,,,,58.1593183034,橡胶,2025-11-20,2024-09-30
874603,艾科维,1.89,593955589.42,,-19.971,151318570.73,,-42.8058,,,,38.3770069177,,2025-11-20,2024-09-30
688796,百奥赛图,-0.26,589882252.2,,,-102270564.55,,,,-13.67,,74.5786000968,医疗服务,2025-11-20,2024-09-30
300697,电工合金,0.213,1833096643.13,3.5554585634,-11.3096,92043760.94,-18.16,-15.1952,3.327988739934,8.54,0.208680234796,10.676768343,工业金属,2025-11-20,2024-09-30
874579,康华股份,0.2,517603267.4,5.4591964909,,73593789.0,1828.35,,3.186593013694,8.1,0.414555153472,66.4675994663,,2025-11-19,2024-09-30
874386,杰锋动力,2.01,1531732064.0,,24.2413,99418347.83,,25.7173,,,,18.0241294544,,2025-11-18,2024-09-30
874087,东实环境,0.0867,885423108.62,34.1765617838,5.7616,43339563.54,-12.1886747706,184.3837,1.63134138804,5.46,0.51899936432,33.4847940316,,2025-11-18,2024-09-30
920189,康美特,0.37,311104450.75,,-5.2342,44137575.5,,-31.8642,,9.49,,37.7596647129,电子化学品Ⅱ,2025-11-17,2024-09-30
920083,金戈新材,0.56,319112523.27,,14.9463,37203215.79,,4.1832,,,,26.2529105444,非金属材料Ⅱ,2025-11-17,2024-09-30
920012,创达新材,1.17,296746896.61,,2.6259,43316022.77,,1.0221,,8.33,,32.1456382425,半导体,2025-11-17,2024-09-30
874718,百诺医药,2.55,391595943.2,,-35.1312,101349719.26,,-69.5085,11.016010178537,26.2,2.094000435596,76.7309318694,,2025-11-17,2024-09-30
874709,华大海天,0.73,380955906.5,,-10.1682,40041786.4,,-20.4122,,,,23.2595212459,,2025-11-17,2024-09-30
874476,小小科技,1.48,438331785.72,-2.1524114073,,66421998.75,2.3713509352,,13.551120242198,11.59,2.389551853225,26.4770158818,,2025-11-17,2024-09-30
874175,中环洁,0.14,1563101684.85,,0.2351,133899293.65,,42.6077,,,0.007512941342,27.7913604278,,2025-11-17,2024-09-30
874070,天广实,-2.62,6973952.19,-78.5524807722,921.5422,-188654119.89,-6.7009004423,-13.1829,,,-0.966081639847,-41.3873863968,,2025-11-17,2024-09-30
872824,先歌国际,0.16,333476198.28,,-5.9613,31051276.03,,-19.2749,,,,40.3997872996,,2025-11-17,2024-09-30
688727,恒坤新材,0.18,391183839.94,,,70052880.37,,,,4.93,,54.021475241,半导体,2025-11-17,2024-09-30
920036,觅睿科技,1.43,554402325.19,11.7294155096,,58308965.52,2.7720556635,,5.855023500277,27.79,1.426170504024,35.9349436137,计算机设备,2025-11-14,2024-09-30
874688,华达通,1.09,249350661.96,,7.0662,55792783.08,,-11.8349,,,,42.6754812574,,2025-11-14,2024-09-30
873952,鑫森炭业,0.36,227797760.33,,,44085386.06,,,,,0.508175283483,31.0144610894,,2025-11-14,2024-09-30
688981,中芯国际,0.34,41878720000.0,26.5285251991,14.1412,2706192000.0,-26.4,-6.8071,18.130599803342,1.9,1.538478598193,17.6393141911,半导体,2025-11-14,2024-09-30
688795,摩尔线程,-2.81,278232259.96,,,-890039179.09,,,,,,65.978609528,半导体,2025-11-14,2024-09-30
688428,诺诚健华,-0.16,697748228.93,29.8470461577,9.49,-275409931.99,45.18,88.6384,3.857487706809,-3.95,-0.189006229806,85.9507206245,化学制药,2025-11-14,2024-09-30
874570,斯瑞达,1.25,224978288.31,,0.3663,66320191.64,,-12.7962,,,,48.2376137072,,2025-11-13,2024-09-30
833755,扬德环能,0.15,225009431.58,4.3565496663,-2.435,54737140.56,23.0719459937,-12.3093,2.567793188989,6.14,0.194391813738,38.1518732825,,2025-11-13,2024-09-30
688235,百济神州,-2.71,19135857000.0,48.625291218,7.5694,-3686694000.0,4.935683794,16.5091,17.509639227196,-14.96,-1.333653827988,83.9389111238,化学制药,2025-11-13,2024-09-30
001280,中国铀业,0.51,11174280667.66,,,951871876.18,,,,9.58,,17.2874153039,小金属,2025-11-13,2024-09-30
920180,爱得科技,0.56,202789585.19,-2.3858517633,1.1085,49740550.2,-14.4115250761,12.5875,5.506935447674,10.69,0.554098598813,58.2737897261,医疗器械,2025-11-12,2024-09-30
874500,杰理科技,1.52,2304427231.29,8.8052540646,10.0563,606522116.59,50.5267112608,4.0357,8.647821838607,18.94,0.969542984561,36.4114328943,,2025-11-12,2024-09-30
874392,祺龙海洋,0.34,178540458.21,10.6429033856,-26.504,48002777.75,25.41,-59.8913,2.123599903353,17.33,-0.18280891237,46.0995782778,,2025-11-12,2024-09-30
874387,百英生物,1.5595,291872578.96,,-5.6899,88890185.48,,32.5485,,11.27,,70.8783861153,,2025-11-12,2024-09-30
000929,兰州黄河,-0.2082,177910871.82,-10.4095875939,2.8011,-38683793.74,-445.3,-315.704,2.947723583056,-6.82,-0.118745007752,18.4470524787,非白酒,2025-11-12,2024-09-30
920191,瑞尔竞达,0.633,382121233.76,9.0170931503,-50.2089,84218920.7,87.8128298094,-64.3691,,,,41.5941002169,装修建材,2025-11-11,2024-09-30
920045,蘅东光,1.73,849213528.86,,19.5871,100145000.68,,41.0283,,,,26.1188069351,通信设备,2025-11-11,2024-09-30
874565,耀泰股份,1.16,420995569.46,,-24.7965,71414928.64,,1.6652,,,1.295209294309,42.6617213906,,2025-11-11,2024-09-30
872709,巍特环境,0.64,214091238.09,19.7601608974,-36.7995,36885377.71,7.563061595,-39.3322,,,-0.63124533958,40.8080812225,,2025-11-11,2024-09-30
874687,珈凯生物,0.99,180537958.37,,24.1238,40460885.26,,88.6726,,,,63.4450763397,,2025-11-10,2024-09-30
874685,苏州双祺,0.27,184781375.47,,63.4412,16251074.37,,-35.6662,,4.79,,26.8576777848,,2025-11-10,2024-09-30
874671,吉宝股份,0.86,265057244.15,,-1.2981,33455116.18,,5.3233,,,,29.5981126536,,2025-11-10,2024-09-30
832532,大亚股份,0.3562,857540464.98,,,121710114.39,,,,,0.221058586817,23.6464153962,,2025-11-10,2024-09-30
920096,嘉晨智能,0.8,265615719.2,-5.6551164346,-16.8265,40557724.07,20.75,16.9681,6.895429490392,12.6,0.232283290196,29.7289465578,自动化设备,2025-11-07,2024-09-30
874287,森合高科,1.26,450010255.29,,16.8766,107710883.52,,15.8239,,,,35.8544774443,,2025-11-07,2024-09-30
688347,华虹宏力,0.34,10502282877.64,-18.9176209614,9.7604,577927957.36,-65.69,625.02,25.420175235501,1.33,0.754209521644,17.1961335511,半导体,2025-11-07,2024-09-30
920222,益坤电气,0.47,233595616.57,,,34270444.22,,,,,,33.7455456175,电网设备,2025-11-06,2024-09-30
874640,百迈科,1.24,122086692.02,,,50032095.53,,,,18.51,,83.1248645867,,2025-11-06,2024-09-30
874187,荣鹏股份,0.59,354327115.59,16.5861666035,,35385726.37,36.881876532,,3.426841619569,18.74,0.357358331841,27.7465525624,,2025-11-06,2024-09-30
603092,德力佳,1.0606,2440105237.33,,,381822419.48,,,,15.28,,25.3284742455,风电设备,2025-11-06,2024-09-30
001233,海安集团,3.6,1699761077.92,2.8184861878,13.8439,501678730.05,6.7593265791,16.981,,,,47.9243867825,汽车零部件,2025-11-06,2024-09-30
920187,通领科技,2.1,755052964.31,7.3372686279,,98433903.91,25.0590266312,,14.080259890598,15.8,1.698262776496,29.168749268,汽车零部件,2025-11-05,2024-09-30
920126,永大股份,0.522,482344212.47,,431.1596,72851187.34,,2109.4636,,,,29.2121626459,专用设备,2025-11-05,2024-09-30
920183,海菲曼,1.01,145226829.23,10.3076457638,,38885978.66,20.8033734683,,4.752393469561,23.05,0.878645147766,71.0712423987,消费电子,2025-11-04,2024-09-30
920168,通宝光电,0.87,374011021.31,,29.6125,49132003.92,,52.2486,,,,23.0391191918,汽车零部件,2025-11-04,2024-09-30
920078,族兴新材,0.46,520668518.56,,-3.6128,44607251.43,,-23.2306,,,,21.6440311931,金属新材料,2025-11-04,2024-09-30
920076,国亮新材,0.78,649127155.3,-11.9484075078,-4.9148,51099327.14,-28.2274559951,-31.1596,10.715832699976,7.53,1.035795516816,22.6747714386,装修建材,2025-11-04,2024-09-30
603334,丰倍生物,0.81,1387043687.06,,,86681244.87,,,,12.88,,12.0929652789,化学制品,2025-11-04,2024-09-30
300757,罗博特科,0.46,1016499304.82,-5.9311530361,-35.4817,71179603.17,119.93,-64.9062,6.586830328155,7.03,-2.420326115855,29.4076919436,自动化设备,2025-11-04,2024-09-30
920218,新天力,0.78,846733560.88,8.187027101,15.9627,54636080.64,19.3341229719,12.7571,7.134624292223,11.54,2.697944668467,18.8724741941,包装印刷,2025-11-03,2024-09-30
920166,海圣医疗,0.72,206619292.15,,6.6561,46393304.73,,0.8,,,,51.6836385358,医疗器械,2025-11-03,2024-09-30
920124,南特科技,0.6511,757994777.75,,-19.8521,72628118.23,,-52.7659,,,,22.6342394811,通用设备,2025-11-03,2024-09-30
920119,美德乐,2.86,843595227.4,,,160519235.53,,,,18.21,,34.1960696126,自动化设备,2025-11-03,2024-09-30
874637,百瑞吉,0.58,158276441.68,12.5481602844,-29.3469,34587975.71,9.0146550901,-72.5756,3.682715191667,16.71,0.491755460333,82.8963860492,,2025-11-03,2024-09-30
874431,英氏控股,1.25,1449902086.16,,5.2581,187844789.07,,9.5521,,,1.358076046521,57.9934736915,,2025-11-03,2024-09-30
833748,奥图股份,0.7,295497549.16,,-30.0624,53290428.77,,-50.9084,,,-0.276293039977,33.0055069787,,2025-11-03,2024-09-30
688429,时创能源,-1.29,456727522.48,-66.1383178424,52.3601,-513316743.0,-415.87,-407.589,4.509718489538,-25.01,-0.835151156298,13.1769783312,光伏设备,2025-11-01,2024-09-30
600169,ST太重,0.0208,6390922677.51,-3.7642069763,44.0797,69837824.9,-33.65,195.6842,1.533053683571,1.32,0.118216305517,18.9972247354,专用设备,2025-11-01,2024-09-30
600113,浙江东日,0.25,543536222.21,2.8986407598,2.908,105281486.09,-1.05,5.1339,5.637535599565,4.47,0.012875170617,40.1540056213,一般零售,2025-11-01,2024-09-30
920402,硅烷科技,0.23,561397316.88,-33.2998461492,-24.8953,88389710.13,-59.77,-83.6738,3.971271534248,5.34,0.253245983065,28.2730259706,化学制品,2025-10-31,2024-09-30
920200,振宏股份,0.92,826361036.95,,6.4856,72345154.91,,17.2853,,,,18.3447681899,风电设备,2025-10-31,2024-09-30
920121,江天科技,1.51,421796050.58,11.5749102836,-4.7947,79959730.98,6.69,-11.6398,7.960044122789,20.92,1.652943795979,29.922806244,包装印刷,2025-10-31,2024-09-30
900948,伊泰B股,1.74,37779332048.33,-1.0091038422,2.5942,5102074508.31,-23.23,30.0858,16.212073352439,10.38,3.650837686805,31.7630458962,煤炭开采,2025-10-31,2024-09-30
900947,振华B股,0.08,25362573767.0,12.6664786481,-7.4122,432863389.0,35.43,-7.5034,2.88679621102,2.76,0.391537405113,12.3755669114,专用设备,2025-10-31,2024-09-30
900946,天雁B股,0.001,298505605.07,-16.7877501052,-1.5204,1233041.09,-71.35,-79.4129,0.714480108637,0.16,-0.025076014294,11.4109086669,汽车零部件,2025-10-31,2024-09-30
900945,海控B股,0.0503,51728852000.0,10.6774343173,40.8202,2172860000.0,145.43,312.3823,0.100810927538,62.45,0.268258019609,10.6169261208,航空机场,2025-10-31,2024-09-30
900943,开开B股,0.142,744925411.46,21.1033569575,0.0992,34604528.03,74.87,-53.6001,2.545123382058,5.68,-0.176872973416,18.0488478338,医药商业,2025-10-31,2024-09-30
900938,海科B,0.0385,836239806.63,167.9085952487,41.5523,111678558.05,-61.23,-53.7584,2.568948890403,1.51,0.055459336036,6.5168275652,航运港口,2025-10-31,2024-09-30
900934,锦江B股,1.03,10790338252.67,-2.5469995867,5.7653,1105665079.29,12.13,-60.7571,15.858060090774,6.49,3.241810950677,41.4755887046,酒店餐饮,2025-10-31,2024-09-30
900929,锦旅B股,0.1603,540965054.06,38.0415342785,-14.4571,21254367.08,-24.38,-128.0667,7.207935309209,2.41,-0.442657085629,10.8657884218,旅游及景区,2025-10-31,2024-09-30
900927,物贸B股,0.0923,3672925417.53,-36.3715076289,-21.1048,45783491.57,-64.44,-15.0818,2.424208349249,3.89,0.016169516668,6.0699407792,汽车服务,2025-10-31,2024-09-30
900925,机电B股,0.71,15685019093.44,-9.1431195693,-2.972,728395651.5,-10.44,-35.361,13.239473221851,5.36,1.394150292012,15.7567187588,专用设备,2025-10-31,2024-09-30
900924,上工B股,-0.0548,3384972310.09,25.7055198296,-10.5592,-38755451.9,-141.48,-384.3885,4.506666658253,-1.1636,-0.070341267105,18.3685945464,专用设备,2025-10-31,2024-09-30
900923,百联B股,0.9078,21617212795.9,-8.3129276702,1.574,1619721167.32,366.88,1543.5915,10.845574242486,8.72,0.948447306404,25.3784783157,一般零售,2025-10-31,2024-09-30
900922,三毛B股,0.081,813224771.73,1.9129660314,61.9315,16336869.43,-19.67,-5.6072,2.286269856956,3.62,-0.178705389217,5.5946036448,综合Ⅱ,2025-10-31,2024-09-30
900921,金煤B股,-0.1953,586854229.49,-9.6649607564,-5.3827,-198573656.37,-12.8875712358,-40.939,0.333997134667,-45.1493,-0.047967332358,-20.7454854071,化学原料,2025-10-31,2024-09-30
900918,耀皮B股,0.1,4129741308.01,4.1418580239,-2.5883,96261467.81,205.8194600535,-33.3874,3.701771514529,2.82,0.399934951316,16.0852115287,玻璃玻纤,2025-10-31,2024-09-30
900914,锦在线B,0.2968,1339284840.18,-10.3855032954,-1.7749,163732739.89,39.09,-3.65,7.294595881163,4.11,0.343980345686,17.2882857517,铁路公路,2025-10-31,2024-09-30
900913,国新B股,-0.01,11905797924.06,-2.2345069653,38.3806,-9980056.49,74.1891316826,4.6612,1.811778060265,-0.27,0.430154896114,8.3592758797,燃气Ⅱ,2025-10-31,2024-09-30
900912,外高B股,0.39,5090464237.22,-6.5470439115,62.1703,437315091.34,-29.53,188.7123,11.023207979592,3.47,-2.305276734718,34.5634488447,房地产开发,2025-10-31,2024-09-30
900911,金桥B股,0.348,2033998649.61,-62.1107235968,6.9686,390595767.17,-75.9,-36.8464,12.55998224958,2.79,-0.109896303071,56.81978779,房地产开发,2025-10-31,2024-09-30
900910,海立B股,0.02,15173007610.24,13.3630829551,-22.3788,22710947.4,125.6947531247,72.54,5.686005604486,0.37,1.64134348638,11.0599036615,家电零部件Ⅱ,2025-10-31,2024-09-30
900904,神奇B股,0.11,1563273519.07,-8.6095137202,-15.4767,59353789.97,-10.0,54.8825,4.408934431188,2.51,0.338983527299,48.8758732934,化学制药,2025-10-31,2024-09-30
900903,大众B股,0.09,2207113603.27,-30.9776984533,-16.6733,223511705.14,-20.19,19.0161,4.083368460566,2.33,0.211555620728,23.2116737073,铁路公路,2025-10-31,2024-09-30
874979,三地一芯,0.99,130729718.16,,,32178234.44,,,,,,58.2847697772,,2025-10-31,2024-09-30
874930,海明润,0.62,207918612.83,,,39640196.81,,,,14.56,,48.1315931113,,2025-10-31,2024-09-30
874860,帅特龙,1.05,757001745.99,,,63197217.78,,,,9.19,,25.4052253656,,2025-10-31,2024-09-30
874840,生和堂,0.79,290027494.74,,,25943782.46,,,,20.76,,26.3421536149,,2025-10-31,2024-09-30
874826,浙盐股份,0.2,482022037.2,,,67309756.15,,,4.085477461271,4.65,0.070562231049,41.8933552443,,2025-10-31,2024-09-30
874809,奥德装备,0.87,397738200.0,,,45264645.03,,,,11.52,,34.9245735009,,2025-10-31,2024-09-30
874762,新视云,2.7,321630056.39,,,108032845.35,,,,14.06,,65.9313338903,,2025-10-31,2024-09-30
874432,天永诚,-0.06,130900072.67,-42.170336895,,-5504600.36,-112.3098852251,,,-1.97,0.301218057001,17.5416728437,,2025-10-31,2024-09-30
874344,瑞思普利,-1.65,5812.3,-70.3082480267,,-65467931.57,-21.2313221795,,,-58.04,,65.8978373449,,2025-10-31,2024-09-30
874239,中健康桥,1.02,323380561.55,,7.9058,77125855.35,,-17.2153,,17.46,1.015147966643,92.8066257482,,2025-10-31,2024-09-30
874238,欧朗科技,0.91,200145599.11,66.2641513233,,28364544.47,76.2625057235,,,30.79,0.536576474738,27.7487971791,,2025-10-31,2024-09-30
874111,兢强科技,0.98,1144433546.82,29.1060447619,-13.0156,58797888.56,50.59,16.1264,9.683876944301,10.69,-2.607181446347,10.1368188806,,2025-10-31,2024-09-30
874042,华脉泰科,0.27,130417197.39,,3.181,19655345.38,,-113.7405,,4.79,,74.2117250232,,2025-10-31,2024-09-30
874003,瑞能集团,0.89,283732734.38,-0.0773867631,,33124121.2,3.6,,2.911635981857,36.81,-0.83745303226,28.6635129985,,2025-10-31,2024-09-30
873842,上海精智,0.62,483178558.22,4.9155438062,,25630485.74,4.3679834791,,11.291263646103,5.69,-0.076395289598,23.353050774,,2025-10-31,2024-09-30
873707,丰岛食品,0.61,471785414.26,-14.4102931494,-0.1254,40913484.79,103.1114076377,-30.5189,,12.26,0.079833177134,20.6089646333,,2025-10-31,2024-09-30
873255,奔月生物,0.13,74764425.65,,,5349906.86,,,,9.95,-0.681443632565,23.3899137698,,2025-10-31,2024-09-30
873194,伯达装备,0.32,45176508.19,,,3150969.08,,,,9.84,0.878037514,42.0000000004,,2025-10-31,2024-09-30
872967,蓉中电气,0.2,254285953.65,-2.2185277198,,14002780.01,-29.0200291147,,,6.22,-0.922161393548,19.1356943321,,2025-10-31,2024-09-30
870070,海融医药,-1.07,70548537.11,42.906988688,,-59311124.1,-5.5229696358,,,-192.62,-1.147058202585,52.8450686396,,2025-10-31,2024-09-30
837224,朗润智能,0.13,301042300.28,46.7483090577,,22545696.43,-29.43,,1.493127800582,8.46,0.102211765151,10.7555497516,,2025-10-31,2024-09-30
835461,中关村环,-0.01,108980925.24,,,-1660767.77,,,,-0.79,-0.237951526504,24.0832201527,,2025-10-31,2024-09-30
835072,东海租赁,-0.0013,9289610.33,2.5044910243,-2.061,-646364.6,53.01,166.3864,0.1924727833,-0.67,0.00580171132,45.8536144002,,2025-10-31,2024-09-30
834960,金雨茂物,0.0691,65209895.66,8.1164851123,-3.7633,34543963.31,-42.33,724.3186,3.78375251258,1.84,-0.00133521826,,,2025-10-31,2024-09-30
834558,口岸旅游,0.92,198084595.07,7.0953948225,,91238639.95,-1.71,,5.766702015869,17.41,1.405224972402,57.8179789092,,2025-10-31,2024-09-30
834418,好买财富,0.4,542870610.61,-15.9687898974,24.0587,138706478.34,-2.11,153.0404,5.024910589029,8.04,3.08974172215,95.8547505906,,2025-10-31,2024-09-30
688813,泰金新能,,1444437200.0,26.5192118732,-14.3002,135128800.0,16.1440153886,-45.609,,,,,专用设备,2025-10-31,2024-09-30
688799,华纳药厂,1.21,1069303325.98,1.2844473942,-9.5666,158409039.22,0.09,-13.5093,20.063099028038,8.79,0.65740113113,62.3415432809,化学制药,2025-10-31,2024-09-30
688789,宏华数科,1.74,1264896140.26,43.3565125637,0.3272,310011121.08,29.51,-3.3504,16.90197382497,10.44,0.501659056562,46.4515007216,专用设备,2025-10-31,2024-09-30
688787,海天瑞声,0.06,149557500.43,44.8995911239,10.3319,3788727.3,111.7955838498,220.9998,12.21758942866,0.49,0.263068472237,66.8289597196,IT服务Ⅱ,2025-10-31,2024-09-30
688776,国光电气,0.4,454327232.2,-21.3457952717,-45.9873,43286745.66,-20.53,-134.5424,17.216331369192,2.34,0.101435847673,34.7998004752,军工电子Ⅱ,2025-10-31,2024-09-30
688772,珠海冠宇,0.24,8517475269.75,-0.2657664035,13.2894,267980620.08,-7.47,81.0552,5.853416793838,3.82,1.47116108038,25.837140987,电池,2025-10-31,2024-09-30
688766,普冉股份,1.52,1366477564.5,78.1252481993,-4.2026,224750378.34,321.2553474279,3.146,20.431603839267,10.98,-0.113136684985,33.3646848967,半导体,2025-10-31,2024-09-30
688750,金天钛业,0.3158,617857379.0,9.5758978908,0.8448,116850524.36,23.26,-18.0672,4.91563091373,6.64,-0.101013082243,38.3841242819,小金属,2025-10-31,2024-09-30
688737,中自科技,-0.12,1057024115.62,-5.9343054296,-12.5476,-14090893.99,-142.9,-120.1435,15.285558794472,-0.75,0.220690517608,8.1893639011,汽车零部件,2025-10-31,2024-09-30
688733,壹石通,0.07,374711715.42,7.8552429781,8.0424,14760021.73,-4.38,-62.3833,11.041824591282,0.66,-0.472332846686,24.4000896096,电池,2025-10-31,2024-09-30
688728,格科微,0.0,4554095635.0,40.3476699226,17.5567,8111352.0,-83.69,-246.596,2.92841694939,0.1,0.044024157877,23.3667595345,半导体,2025-10-31,2024-09-30
688716,中研股份,0.25,193260674.2,2.6709772933,-37.6746,29851649.6,12.84,-29.2519,9.75557384188,2.55,0.138926236358,40.1348878043,塑料,2025-10-31,2024-09-30
688711,宏微科技,0.019,979689050.67,-13.7162568493,-12.0779,4040908.29,-95.28,-63.9079,5.101034865724,0.35,0.357280871169,15.3735941988,半导体,2025-10-31,2024-09-30
688710,益诺思,1.21,882434491.04,10.4631601922,-10.5829,132783344.21,-26.47,-3.7378,16.825992917912,7.55,-0.70444286353,36.2859432911,医疗服务,2025-10-31,2024-09-30
688709,成都华微,0.14,422751566.62,-32.7754991416,1.9101,87958374.75,-54.98,0.1155,4.340891763276,3.6,-0.121624060674,77.1709381466,半导体,2025-10-31,2024-09-30
688699,明微电子,0.05,442848864.93,-12.5888773173,-7.9483,5552498.39,106.58,-122.6901,11.230704439773,0.43,-0.729723774229,26.3335663214,半导体,2025-10-31,2024-09-30
688696,极米科技,-0.59,2281404056.74,-5.7965434644,-11.9718,-40330801.16,-146.81,-334.7954,42.379555590286,-1.34,0.744814753571,28.7705096706,黑色家电,2025-10-31,2024-09-30
688685,迈信林,0.25,300784746.3,38.0019019313,-1.0504,36310202.07,161.91,-63.7744,4.961860040016,5.12,0.449720831462,35.3671386261,航空装备Ⅱ,2025-10-31,2024-09-30
688680,海优新材,-3.0,2052825094.42,-48.0185841156,-7.728,-248584184.33,-230.0652873551,7.5334,20.762555719718,-12.11,1.337531167709,-0.2146878378,光伏设备,2025-10-31,2024-09-30
688679,通源环境,0.05,1054925828.68,0.8244769799,1.1681,6831815.92,-75.57,-31.9967,8.602690762127,0.61,-1.236036870696,18.0576868042,环境治理,2025-10-31,2024-09-30
688671,碧兴物联,-0.14,163483319.65,-27.0119922655,22.3831,-11347863.24,-163.41,-29.5466,14.367585471523,-1.0,2.081041948372,28.3072399796,环保设备Ⅱ,2025-10-31,2024-09-30
688667,菱电电控,0.16,830072363.8,18.6969715538,4.9017,8163082.64,-80.55,-89.0297,31.261486564925,0.51,2.652778111462,20.1352086443,汽车零部件,2025-10-31,2024-09-30
688659,元琛科技,0.04,459760507.84,32.766207848,-26.0117,6822677.88,8011.87,-105.4529,3.840608492125,1.1,0.245189552688,27.3878841098,化学制品,2025-10-31,2024-09-30
688628,优利德,1.37,853532860.15,8.9360083174,3.5465,151591730.47,15.0,-0.8893,11.073515959729,12.55,1.54356463984,44.8222065525,通用设备,2025-10-31,2024-09-30
688626,翔宇医疗,0.47,506631855.69,-6.5043233569,0.0064,73413939.05,-59.02,-4.464,12.660157362313,3.59,0.581116908563,66.8562445681,医疗器械,2025-10-31,2024-09-30
688623,双元科技,1.17,284372145.64,-19.143346067,14.4616,69223699.86,-35.29,-32.2419,35.657889869248,3.19,-0.106591083092,42.0663387269,自动化设备,2025-10-31,2024-09-30
688618,三旺通信,0.3,244537242.49,-20.9436534334,8.9841,33280179.63,-56.67,-19.4679,7.841222539523,3.8,0.405648033874,63.5702414107,通信设备,2025-10-31,2024-09-30
688615,合合信息,2.92,1049268035.53,21.0242758823,-0.1334,306501811.68,11.05,-29.9669,25.7433634327,26.62,2.9029960355,84.3627733835,软件开发,2025-10-31,2024-09-30
688610,埃科光电,0.24,183476211.16,12.2277775474,-8.888,16015666.93,132.12,-97.4738,21.360469067353,1.09,-0.014042563529,40.9881912563,通用设备,2025-10-31,2024-09-30
688606,奥泰生物,2.49,618025472.14,10.3737953436,12.6866,197526404.8,94.48,-6.8826,48.93494758249,5.12,2.418211726652,55.7575355619,医疗器械,2025-10-31,2024-09-30
688603,天承科技,0.46,273117535.22,10.5278131902,8.2563,57165321.63,37.25,9.6271,18.934231889385,5.24,1.329282228992,39.1010706779,电子化学品Ⅱ,2025-10-31,2024-09-30
688602,康鹏科技,-0.03,523926281.24,-34.0852159723,5.93,-17345801.47,-115.64,-148.1858,5.357278267514,-0.61,0.023979132284,12.5088916164,化学制药,2025-10-31,2024-09-30
688599,天合光能,-0.39,63147344138.17,-22.1550892602,-18.3429,-846507553.95,-116.67,-13218.4607,13.031040328334,-2.77,1.758318715929,11.5919856053,光伏设备,2025-10-31,2024-09-30
688596,正帆科技,1.19,3501418831.79,45.2331472531,30.5078,331653334.88,22.58,183.241,11.530359356533,10.42,0.407535200374,27.1720575094,专用设备,2025-10-31,2024-09-30
688595,芯海科技,-0.82,514372454.94,81.2021700886,-17.3707,-114984197.05,-30.505428592,-171.8726,5.102127825033,-13.65,-0.859774904569,34.7057136333,半导体,2025-10-31,2024-09-30
688586,江航装备,0.17,791412180.66,-13.0873460992,-30.0691,136616889.18,-26.69,-25.0101,3.176907601423,5.49,-0.228000589219,36.8820489819,航空装备Ⅱ,2025-10-31,2024-09-30
688585,上纬新材,0.16,1097244501.02,7.5491011903,10.3186,65047355.05,4.49,-21.6137,3.10085565872,5.27,-0.095170283954,15.268979628,塑料,2025-10-31,2024-09-30
688579,地纬智能,0.0778,328951204.84,8.8217628654,23.1485,31111171.4,-0.28,67.8541,3.357728528512,2.3,-0.216130264543,50.3195103816,软件开发,2025-10-31,2024-09-30
688576,西山科技,1.28,207338504.69,-3.028820424,-27.562,65894756.22,1.62,-78.7951,33.843998845806,3.18,-0.839394888624,70.7762917695,医疗器械,2025-10-31,2024-09-30
688568,中科星图,0.1797,2007150532.54,43.4442367257,31.5564,145681644.92,41.27,33.1512,6.629251546102,4.1,-0.922098438133,47.493487532,IT服务Ⅱ,2025-10-31,2024-09-30
688567,孚能科技,-0.25,9211731512.0,-17.9842116144,-44.7404,-303794290.1,80.5655763779,-521.1601,8.258078300168,-2.97,0.226924531854,10.9595576246,电池,2025-10-31,2024-09-30
688566,吉贝尔,0.91,643207277.9,4.2517660963,-12.4816,174563672.9,12.57,-24.3699,11.310813597384,8.55,0.852237318983,89.5083243694,化学制药,2025-10-31,2024-09-30
688565,力源科技,-0.16,176468779.88,-10.9294087357,24.0148,-25166671.41,35.86,-70.303,3.070671675561,-5.25,0.009234863642,8.1372391024,环境治理,2025-10-31,2024-09-30
688563,航材股份,0.97,2196144667.2,0.0602802258,-17.3708,435972324.76,-13.31,-23.3674,22.7047968052,4.3,-0.762553401667,30.5711518539,航空装备Ⅱ,2025-10-31,2024-09-30
688562,航天软件,-0.2,511178623.24,-53.1649111283,-75.5476,-81352360.94,-1107.69,-3.4259,4.29276869315,-4.59,-1.108158559825,19.7013534196,IT服务Ⅱ,2025-10-31,2024-09-30
688561,奇安信,-1.72,2710678137.95,-26.4661753462,-14.0,-1175976593.2,3.8385829095,-4.5411,13.147661001372,-12.27,-1.999832575256,55.822527104,软件开发,2025-10-31,2024-09-30
688559,海目星,0.81,3627399218.97,7.9155159731,-8.4808,167422576.58,-46.38,-86.1968,14.435625221954,6.59,-3.450094197148,24.2600427562,自动化设备,2025-10-31,2024-09-30
688558,国盛智科,0.76,799445212.38,-5.6490344385,1.2207,99311408.2,-13.79,4.3539,12.164588175227,6.2,0.618641200909,23.4542347538,通用设备,2025-10-31,2024-09-30
688550,瑞联新材,1.06,1093434243.13,17.3238821868,9.4953,185303402.44,88.97,47.5259,16.92128366895,6.28,1.812597756945,43.2980788698,电子化学品Ⅱ,2025-10-31,2024-09-30
688548,广钢气体,0.14,1498464563.81,10.5392335901,2.6867,181301262.07,-20.09,-33.6558,4.408608012476,3.14,0.286500733132,27.9349798407,电子化学品Ⅱ,2025-10-31,2024-09-30
688538,和辉光电,-0.13,3697307451.8,82.6136696829,2.5384,-1762244187.32,26.2718799657,24.086,0.780786936932,-15.1,-0.008691537504,-23.6971552713,光学光电子,2025-10-31,2024-09-30
688530,欧莱新材,0.07,296914088.91,-22.6276831944,-20.5904,9874581.91,-77.38,-214.5827,5.273269880006,1.5,-0.452825539738,18.8681590071,半导体,2025-10-31,2024-09-30
688529,豪森智能,0.05,1592806074.37,4.5440038479,14.8236,7681902.78,-92.45,-206.7303,12.702097634436,0.36,-4.752867146366,23.2094650352,专用设备,2025-10-31,2024-09-30
688525,佰维存储,0.51,5025192641.64,136.7632753163,-7.568,228116450.89,147.13,-147.7074,5.684869482271,9.83,1.148463849609,22.5137512291,半导体,2025-10-31,2024-09-30
688520,神州细胞,0.34,1936981204.36,40.4371150537,-8.6474,149954058.54,168.1720826598,-52.9235,-0.962152696157,,0.425948911454,96.2828359667,生物制品,2025-10-31,2024-09-30
688515,裕太微,-1.75,266071015.82,61.442930591,35.6073,-139944173.49,-0.090723656,41.9415,20.780448341625,-8.03,-2.772183500875,42.8950228676,半导体,2025-10-31,2024-09-30
688512,慧智微,-0.65,383569025.48,-3.5921133851,-12.2623,-298349583.3,3.764866239,-12.3779,4.212086070133,-14.52,-0.596085436853,1.1338041372,半导体,2025-10-31,2024-09-30
688505,复旦张江,0.08,548848564.0,-22.4747112122,-45.9742,86468604.0,-3.81,-76.5205,2.268928585865,3.66,-0.058030316463,91.7910575056,化学制药,2025-10-31,2024-09-30
688502,茂莱光学,0.4638,375361216.16,4.3257389178,3.0447,24490627.82,-32.54,-21.0039,21.964702405303,2.08,-0.772537977841,48.1517687626,光学光电子,2025-10-31,2024-09-30
688498,源杰科技,-0.01,178177810.37,91.1980292326,-3.4557,-550131.14,-102.56,-5324.2838,24.286136778979,-0.03,-0.103516345983,29.6927005894,半导体,2025-10-31,2024-09-30
688489,三未信安,0.1255,254663029.91,7.8135439446,-28.8576,14161863.08,-64.33,-98.0884,15.930862104124,0.7666,-0.265323893214,75.6413001636,计算机设备,2025-10-31,2024-09-30
688488,艾迪药业,-0.14,298875699.92,-0.8892309822,33.6115,-60941628.92,-87.7540327732,51.2781,2.541173938884,-5.56,-0.002204642662,52.8106187429,生物制品,2025-10-31,2024-09-30
688479,友车科技,0.42,425778557.34,-15.8757485738,-23.6788,59464152.1,-35.36,-44.1842,13.145404672825,3.11,-0.183557525427,34.5488867262,软件开发,2025-10-31,2024-09-30
688472,阿特斯,0.53,34178266448.31,-12.6296084149,-1.1386,1954902080.37,-31.17,8.3386,6.160603806591,8.79,0.671195284777,14.9569478275,光伏设备,2025-10-31,2024-09-30
688456,有研粉材,0.39,2358396641.65,17.5259743609,-0.8343,40361127.16,5.75,-44.043,11.526770254872,3.41,-1.547221696701,8.0740785836,金属新材料,2025-10-31,2024-09-30
688443,智翔金泰,-1.49,12487909.78,8875.4293546384,196972.9406,-546344400.7,3.8537581875,6.9397,6.417557595642,-21.43,-1.152261021054,80.6248465706,生物制品,2025-10-31,2024-09-30
688426,康为世纪,-0.86,98283588.99,-35.106895279,-18.7948,-95651413.58,-169.09,-116.1905,13.634861418215,-5.97,-0.825177883892,63.5541952445,医疗器械,2025-10-31,2024-09-30
688418,震有科技,0.0862,576706151.77,11.429587738,2.6126,16606151.0,139.4504405004,1106.4048,4.366602563091,1.99,-0.200410507412,49.4457364855,通信设备,2025-10-31,2024-09-30
688411,海博思创,2.35,5197683632.35,20.3969537799,-35.415,313421446.03,77.36,-74.5154,20.962103635901,12.08,-11.407291683795,19.3884606202,其他电源设备Ⅱ,2025-10-31,2024-09-30
688409,富创精密,0.76,2314895117.07,66.5351490558,0.4682,189732352.52,43.72,10.6897,14.827525208934,4.18,-0.702414021979,28.784184164,半导体,2025-10-31,2024-09-30
688403,汇成股份,0.12,1070072356.46,19.5169460666,10.624,100840783.7,-29.02,23.4382,3.698228239231,3.23,0.348935437768,21.0971109231,半导体,2025-10-31,2024-09-30
688401,路维光电,0.63,602565594.93,25.0740751639,-5.5085,121059851.86,11.73,-6.5578,6.820270777234,8.59,0.986222146401,34.492711673,半导体,2025-10-31,2024-09-30
688396,华润微,0.3776,7471668387.31,-0.7744422719,2.5282,499305653.52,-52.72,-11.3967,16.688306758332,2.2836,0.841390594631,27.1401695894,半导体,2025-10-31,2024-09-30
688391,钜泉科技,0.6,449268523.8,-5.6710878488,-21.3338,71493703.46,-39.53,-58.7985,15.368778652289,4.0,0.70983044964,43.5146579102,半导体,2025-10-31,2024-09-30
688386,泛亚微透,0.95,352345641.49,22.0927750511,3.1886,66614654.86,13.22,-7.3797,10.22419205,9.49,1.180998820857,48.191938127,塑料,2025-10-31,2024-09-30
688383,新益昌,0.68,769515437.18,-6.671559587,-29.6084,69468302.6,23.68,-91.4944,13.901635109308,4.92,1.507081518717,32.5950692411,专用设备,2025-10-31,2024-09-30
688381,帝奥微,0.0752,410027659.71,38.6087752729,4.7048,18331427.87,-44.59,-178.781,11.329711686439,0.62,-0.238140601864,44.6901720532,半导体,2025-10-31,2024-09-30
688379,华光新材,0.92,1371210673.79,30.4548382884,-0.7249,78630537.71,110.48,-9.6765,11.020526161723,8.17,-3.974557155287,15.083877629,通用设备,2025-10-31,2024-09-30
688378,奥来德,0.49,463790658.79,11.892638784,45.1119,101251083.26,3.6,394.8148,8.450770365364,5.67,-0.130292591355,51.2182697814,光学光电子,2025-10-31,2024-09-30
688377,迪威尔,0.33,794576489.98,-15.1131055454,-16.2647,63814867.21,-48.61,-69.5578,9.11025306693,3.62,0.093317767521,18.9888707246,专用设备,2025-10-31,2024-09-30
688376,美埃科技,1.11,1202194353.19,12.1566376661,-7.9641,148560252.5,15.17,-3.1574,13.046036790774,8.77,-0.321441379762,30.5717008256,环保设备Ⅱ,2025-10-31,2024-09-30
688361,中科飞测,-0.16,812429412.28,38.2115199634,52.702,-51885433.35,-165.58,115.7736,7.415547362781,-2.16,-0.618269296969,47.6942280613,半导体,2025-10-31,2024-09-30
688360,德马科技,0.44,1118191005.1,20.1260994324,2.1191,116781120.3,60.66,-49.8591,7.505191933944,8.57,0.297326638589,29.7565184215,通用设备,2025-10-31,2024-09-30
688356,键凯科技,0.54,185726750.89,-23.9675653023,-10.4367,32653746.12,-67.5,-65.1,20.908564785935,2.55,1.084801384318,67.905905539,化学制药,2025-10-31,2024-09-30
688350,富淼科技,0.2,1172582357.7,-2.3821100797,0.2551,23370783.44,-46.49,-117.2529,11.143344504207,1.59,0.498331674377,13.5337634144,化学制品,2025-10-31,2024-09-30
688349,三一重能,0.5707,9068000000.0,21.0631609794,6.6169,684845000.0,-33.55,49.7586,10.255910609374,5.35,-2.617073523349,15.5257498897,风电设备,2025-10-31,2024-09-30
688348,昱能科技,0.96,1533280889.02,58.3133994085,34.6102,149458133.75,-17.14,28.743,23.465869087114,4.15,3.96429631322,32.5686290083,光伏设备,2025-10-31,2024-09-30
688343,云天励飞,-1.2,482973313.02,112.5187292237,1.3069,-425300097.14,-42.5521180141,32.7902,11.323087913026,-10.14,-1.261673924149,14.9573375718,IT服务Ⅱ,2025-10-31,2024-09-30
688339,亿华通,-1.11,316608045.88,7.925956078,15.6824,-258150402.55,-33.7230727176,-132.0001,12.047417629415,-8.85,-0.955572447847,16.3732245009,电池,2025-10-31,2024-09-30
688331,荣昌生物,-1.99,1208874280.23,57.1047325952,13.5649,-1071426638.9,-3.9628701403,32.5745,4.351535786308,-36.92,-1.534179397028,79.7543161351,生物制品,2025-10-31,2024-09-30
688330,宏力达,1.0682,698300814.93,9.8372350588,-3.2133,148809303.94,32.76,-11.8776,26.437627233429,4.05,1.118469481143,48.1949575505,电网设备,2025-10-31,2024-09-30
688323,瑞华泰,-0.27,239139268.85,14.6776411047,38.6941,-48670684.74,-534.3327506421,35.8859,4.596510321676,-4.99,0.232476861418,18.1363583608,塑料,2025-10-31,2024-09-30
688321,微芯生物,-0.1252,481115043.66,38.0178527871,4.3124,-51084939.83,-147.26,55.6046,3.726228406226,-3.04,0.182847116895,87.5758344501,化学制药,2025-10-31,2024-09-30
688318,财富趋势,0.56,210278817.37,-15.4272720704,-18.1884,144013968.9,-27.33,-13.0898,18.976280898018,4.11,0.501127683521,82.0387774421,软件开发,2025-10-31,2024-09-30
688307,中润光学,0.43,318981499.59,35.7020884602,11.9146,37651098.33,192.35,86.3287,9.567017660341,4.45,1.223018906364,34.0861180569,光学光电子,2025-10-31,2024-09-30
688302,海创药业,-1.56,109734.51,,,-154071432.93,35.2765128644,-0.8688,12.438163834753,-11.86,-1.413712142808,12.0420549561,化学制药,2025-10-31,2024-09-30
688301,奕瑞科技,1.95,1356169734.2,-2.9132551078,-38.3421,390141696.66,-9.88,-50.819,30.342091609419,8.83,1.389988585364,53.588703731,医疗器械,2025-10-31,2024-09-30
688298,东方生物,-1.32,657613863.02,0.8344436898,1.7279,-262156256.43,-262.17,-31.2089,34.128883229315,-3.65,-1.821194715179,34.6911765412,医疗器械,2025-10-31,2024-09-30
688297,中无人机,-0.12,369358799.77,-71.9752504492,-53.8042,-82749235.05,-134.07,-289.1821,8.374464307926,-1.44,-0.162246064622,26.3131897224,航空装备Ⅱ,2025-10-31,2024-09-30
688296,和达科技,0.02,298033335.6,47.9082129171,-10.9094,2586251.69,114.95,297.0094,6.479677631493,0.37,-0.950527803877,36.1581067142,软件开发,2025-10-31,2024-09-30
688289,圣湘生物,0.34,1032580636.67,63.2426573008,-3.1863,195427005.64,-34.8,-48.8364,12.407021975645,2.69,-0.017105021885,77.501593434,医疗器械,2025-10-31,2024-09-30
688280,精进电动,-0.65,919092612.48,47.5122021809,12.189,-386422297.56,-16.03,38.4735,1.069834292884,-46.94,0.021023941993,-3.4010073648,汽车零部件,2025-10-31,2024-09-30
688276,百克生物,0.59,1026012316.59,-17.4696083759,17.0917,244369819.42,-26.19,38.5853,10.153508414512,5.92,0.553851442032,85.4952522427,生物制品,2025-10-31,2024-09-30
688275,万润新能,-4.77,4852198300.82,-51.484022257,6.2231,-597775359.39,36.9869859272,29.5095,46.867312586183,-9.56,16.889092163056,0.5610914184,电池,2025-10-31,2024-09-30
688272,富吉瑞,0.14,230396995.98,77.5955444201,-16.986,10972101.33,116.4245565287,-40.1607,6.605406358158,2.21,0.242077687237,41.4323131879,军工电子Ⅱ,2025-10-31,2024-09-30
688268,华特气体,1.11,1058494332.72,-6.2593060525,-11.6293,132673354.42,9.09,-28.4618,14.440070979657,6.91,1.786193715886,31.8754217808,电子化学品Ⅱ,2025-10-31,2024-09-30
688266,泽璟制药,-0.37,384117191.62,36.1611661717,8.2808,-97902983.29,51.5546196105,-16.0161,4.923865468407,-6.13,0.251775631034,92.9645287898,化学制药,2025-10-31,2024-09-30
688260,昀冢科技,-0.6643,414014067.6,7.6685639202,-26.9878,-79717683.0,-23.5758101556,-1917.6612,2.172877462667,-26.44,-0.2297647505,16.2133370779,消费电子,2025-10-31,2024-09-30
688253,英诺特,1.8,520820403.02,87.0527887948,-28.462,244605662.28,182.65,-36.2823,14.976820048171,12.56,1.569572788065,80.9531407478,医疗器械,2025-10-31,2024-09-30
688252,天德钰,0.47,1483849476.18,79.5719197137,28.8459,191991725.59,156.55,32.9397,5.093987331654,9.55,0.160935835864,21.3825656081,半导体,2025-10-31,2024-09-30
688248,南网科技,0.5,2109545613.11,29.0523139066,-47.2351,279671955.65,74.95,-33.2014,5.275733718806,9.63,-0.292590042908,30.696259818,电网设备,2025-10-31,2024-09-30
688247,宣泰医药,0.21,362608213.87,69.9478956828,35.6816,92572974.72,110.0,22.9136,2.728749642851,7.58,0.193739243239,51.2360696596,化学制药,2025-10-31,2024-09-30
688239,航宇科技,0.78,1412843910.57,-17.4407472999,-2.7845,147462881.48,-11.7,-7.9163,12.439194582289,8.4,-0.093573934854,29.0879724077,航空装备Ⅱ,2025-10-31,2024-09-30
688236,春立医疗,0.16,508283661.62,-35.8353727817,-19.0341,61151445.55,-66.14,-175.0201,7.286338376327,2.14,-0.045049094881,69.2999830936,医疗器械,2025-10-31,2024-09-30
688230,芯导科技,0.7,254173556.26,13.6503845238,12.9197,82623939.5,28.66,9.5998,19.045387017772,3.69,0.429479791582,35.6102950487,半导体,2025-10-31,2024-09-30
688228,开普云,-0.24,229381585.32,39.410063662,10.2628,-16082742.22,-5.2531186618,101.8127,18.476785667251,-1.27,-2.38895203933,45.9894623681,IT服务Ⅱ,2025-10-31,2024-09-30
688223,晶科能源,0.12,71770237652.2,-15.6603176559,1.4529,1214955566.32,-80.88,-38.9322,3.221174685206,3.55,-0.036449086435,9.6786344635,光伏设备,2025-10-31,2024-09-30
688221,前沿生物,-0.52,91643894.39,26.8975818956,53.6959,-193457754.17,20.2125327183,68.4986,3.068018976137,-15.53,-0.357534849964,33.4884281427,化学制药,2025-10-31,2024-09-30
688220,翱捷科技,-1.01,2539638300.17,37.7174116922,7.1999,-412467732.35,3.2503694892,-5.9841,14.044558242691,-6.74,-0.875065688899,23.4590930039,半导体,2025-10-31,2024-09-30
688218,江苏北人,0.06,345997199.76,-34.5517153016,-61.7783,7296484.41,-80.71,-177.4473,7.675298749496,0.79,-0.823410522193,22.3497302763,自动化设备,2025-10-31,2024-09-30
688216,气派科技,-0.57,495452057.71,22.1864752979,-3.7863,-60902138.33,39.7703352904,-4.1907,6.455119086808,-8.48,0.065057482307,-1.6605438694,半导体,2025-10-31,2024-09-30
688211,中科微至,-0.09,1800821114.2,84.5364730331,-54.1867,-11891605.33,37.3415332593,-135.4685,27.454941031937,-0.33,2.718103690001,22.8465131842,专用设备,2025-10-31,2024-09-30
688210,统联精密,0.33,592003608.41,60.9100215218,-3.8494,52056543.2,124.3,-60.3326,7.770726600297,4.27,0.734586675392,40.5104037362,消费电子,2025-10-31,2024-09-30
688206,概伦电子,-0.13,279139681.71,25.7372279668,-27.2549,-57164669.97,-99.3428337246,-269.0143,4.599847475422,-2.81,-0.156315685769,90.2565177106,软件开发,2025-10-31,2024-09-30
688202,美迪西,-0.96,801725512.27,-32.2403388948,7.0212,-128675088.23,-211.99,-78.8694,17.463440992833,-5.3,-0.510490648384,7.2689584862,医疗服务,2025-10-31,2024-09-30
688198,佰仁医疗,0.43,292324016.69,13.5719448688,-11.1673,58693362.23,-16.56,-12.5348,8.529679342243,4.97,0.138858624542,88.5647767027,医疗器械,2025-10-31,2024-09-30
688197,首药控股,-1.08,3800000.0,-24.0,,-159978134.87,-17.5874820476,-15.3,5.789253811591,-17.0,-0.969849470758,,化学制药,2025-10-31,2024-09-30
688196,卓越新能,0.77,2974236093.16,17.189478915,-2.0543,92353963.31,-39.66,-112.2163,22.753820886583,3.41,0.820364101333,3.5643046638,化学制品,2025-10-31,2024-09-30
688193,仁度生物,0.12,130643714.19,11.5675506988,5.0125,4671196.93,155.9878818949,-45.7036,23.1819973915,0.48,0.4143870695,80.3889098156,医疗器械,2025-10-31,2024-09-30
688192,迪哲医药,-1.35,338451000.0,743.9669446218,10.365,-558460529.94,32.630338942,-77.3289,1.030748391158,-85.92,-1.114651419963,97.7258213272,化学制药,2025-10-31,2024-09-30
688190,云路股份,2.19,1388113908.8,6.5429269078,2.1062,262855975.07,10.33,4.9811,20.361705882833,11.15,1.69026773625,30.7845184304,金属新材料,2025-10-31,2024-09-30
688187,时代电气,1.74,16393523464.0,16.3048436543,-6.0764,2454223730.0,21.82,5.8609,28.720790013228,6.28,0.372128695128,29.2866662163,轨交设备Ⅱ,2025-10-31,2024-09-30
688184,ST帕瓦,-2.76,777185213.6,0.8176722056,-40.253,-440364091.48,-2135.8,-320.5885,14.563493663104,-15.46,-2.669868097743,-17.7372564091,电池,2025-10-31,2024-09-30
688173,希荻微,-0.48,345025131.57,32.0954406584,7.2373,-195459042.56,-1311.5,-13.5062,3.852995150481,-11.48,-0.344812212185,33.5384551622,半导体,2025-10-31,2024-09-30
688172,燕东微,-0.1,988437324.88,-35.1450239413,20.804,-122057988.61,-135.08,-172.0316,12.251681852961,-0.83,0.292942351092,14.9189547894,半导体,2025-10-31,2024-09-30
688171,纬德信息,0.06,63341728.62,-23.7527065987,50.7687,5208486.09,-65.03,318.3062,9.95984772959,0.62,0.140075390756,39.70548919,软件开发,2025-10-31,2024-09-30
688169,石头科技,5.74,7006608107.0,23.1688355786,0.5986,1472198842.0,8.22,-51.324,66.590911394602,12.35,5.73715346709,53.8624726168,小家电,2025-10-31,2024-09-30
688166,博瑞医药,0.42,976825695.67,6.7711610544,0.4982,177408752.96,-7.5,67.9734,5.389163775615,7.37,0.28307495331,58.0025923173,化学制药,2025-10-31,2024-09-30
688165,埃夫特,-0.2,1017866207.38,-28.6118215602,-1.9099,-105427844.56,-93.9135705996,64.4147,3.251320454004,-6.03,-0.009347051439,16.0216520646,自动化设备,2025-10-31,2024-09-30
688161,威高骨科,0.41,1083278467.47,0.0694229888,-17.3582,164293158.99,34.66,22.2228,9.78481416835,4.2,0.474606791675,64.6666067716,医疗器械,2025-10-31,2024-09-30
688157,松井股份,0.64,526826703.65,26.9067408341,8.168,71232885.66,32.89,6.6194,11.685616312741,5.44,0.318087918301,50.1244439396,化学制品,2025-10-31,2024-09-30
688156,路德科技,-0.03,222090558.75,-4.1345237371,-0.9645,-3444028.64,-113.07,-18.6847,8.8185591684,-0.38,0.489990246058,30.418621476,环境治理,2025-10-31,2024-09-30
688141,杰华特,-1.13,1191609043.88,18.6239564879,4.702,-507026657.69,-39.3151792649,-32.9593,5.020077816774,-20.65,-0.532950242347,28.0331409665,半导体,2025-10-31,2024-09-30
688139,海尔生物,0.98,1782020224.83,-2.4266804132,4.1686,309141846.32,-13.45,-22.6709,13.529167611252,7.25,0.35844174357,48.5123955814,医疗器械,2025-10-31,2024-09-30
688138,清溢光电,0.45,826752506.1,23.808669748,-8.0305,120461836.72,27.3,-19.7442,5.366026857159,8.55,0.79450440045,29.5314439737,半导体,2025-10-31,2024-09-30
688133,泰坦科技,0.06,2125522640.39,3.4888885663,-0.4215,9707939.64,-86.49,65.2228,16.906111022827,0.35,-0.08046534874,19.5659308622,化学制品,2025-10-31,2024-09-30
688131,皓元医药,0.68,1619063344.9,17.6547509379,2.3316,143347970.22,21.31,35.9549,12.843879909505,5.49,0.755230944832,47.581274898,医疗服务,2025-10-31,2024-09-30
688130,晶华微,-0.08,96738970.27,3.3306764299,9.3121,-7157997.6,-260.34,-81.5442,13.642991350661,-0.56,-0.340138686687,58.2779515459,半导体,2025-10-31,2024-09-30
688126,沪硅产业,-0.195,2478562227.86,3.6983308102,7.6435,-536462707.25,-352.4,22.4933,4.711907547863,-3.81,-0.219908518423,-8.8193135485,半导体,2025-10-31,2024-09-30
688125,安达智能,-0.12,544767791.7,68.1399798527,44.2855,-9378781.57,-129.93,119.9848,23.18543012724,-0.49,-1.7888939132,45.8615951707,自动化设备,2025-10-31,2024-09-30
688121,*ST卓然,0.16,1927187940.64,10.382377156,-56.5259,34119616.17,-40.99,-101.8164,10.797329011224,1.35,1.135975927351,18.4187603328,专用设备,2025-10-31,2024-09-30
688120,华海清科,2.05,2451543658.03,33.2162875994,16.9986,720702833.04,27.8,24.9651,26.042425352411,12.31,3.701438491093,43.0039545882,半导体,2025-10-31,2024-09-30
688115,思林杰,0.08,115452967.16,4.7023001296,-22.0664,4932987.43,140.7505837676,-159.2614,19.008967536073,0.39,-0.254389710664,57.9028962394,通用设备,2025-10-31,2024-09-30
688108,赛诺医疗,-0.03,318486443.24,30.197961206,-14.5442,-10915893.04,73.8517964968,-379.0107,2.063912359042,-1.3,0.120255812662,61.2930673513,医疗器械,2025-10-31,2024-09-30
688106,金宏气体,0.44,1857706991.89,4.3709293179,-2.6254,210466898.82,-18.72,-39.7119,6.110797339532,6.46,0.618478392727,33.0900754367,电子化学品Ⅱ,2025-10-31,2024-09-30
688097,博众精工,0.568,3274319320.3,0.9107554934,32.1111,253843640.01,10.61,34.9231,9.647973894865,5.92,0.311028274238,34.780736933,自动化设备,2025-10-31,2024-09-30
688096,京源环保,-0.06,274720074.29,-8.2329111694,-13.7671,-9733368.56,-149.65,-365.0021,4.930853019931,-1.19,-0.378820000013,27.8441142708,环境治理,2025-10-31,2024-09-30
688092,爱科科技,0.61,323536710.98,25.5278326777,-10.7105,50051891.88,-4.12,-69.1717,7.303249029331,8.33,0.354738489017,43.5659797718,专用设备,2025-10-31,2024-09-30
688087,英科再生,1.04,2231451496.15,22.3035211644,-0.5692,194568839.16,24.91,-52.4215,13.125525246385,8.26,1.331325892831,25.6470498188,家居用品,2025-10-31,2024-09-30
688081,兴图新科,-0.41,69118232.44,-6.535246069,-69.1934,-42325926.05,-4.5361858637,0.1765,4.602850578028,-8.45,-0.313324794158,58.4190158871,军工电子Ⅱ,2025-10-31,2024-09-30
688079,美迪凯,-0.16,341670247.32,41.8823165169,27.1802,-64437774.86,1.0687296695,48.7711,3.471506872365,-4.51,0.117048874017,20.8597042965,光学光电子,2025-10-31,2024-09-30
688075,安旭生物,1.07,403268418.25,27.559932677,30.6204,135783697.44,-27.33,-54.6521,40.534374510147,2.62,0.190906573317,42.1097131451,医疗器械,2025-10-31,2024-09-30
688072,拓荆科技,0.98,2277814834.87,33.7918037738,27.1441,271284793.17,0.1,19.8686,17.101151345432,5.78,-3.589447008895,39.7785198889,半导体,2025-10-31,2024-09-30
688071,华依科技,-0.35,296637362.66,22.4826243759,64.7258,-29379233.9,-575.15,110.655,11.827399401843,-2.89,0.068156967465,31.2491529957,专用设备,2025-10-31,2024-09-30
688066,*ST航图,-0.85,1344875349.01,-15.2283853664,-19.2454,-221801113.23,-447.7049645419,-9.0988,7.560316072009,-10.19,-1.553663562703,28.4523622283,IT服务Ⅱ,2025-10-31,2024-09-30
688065,凯赛生物,0.59,2215083356.3,41.494569106,1.4503,345177417.97,9.97,-31.2653,19.518659338615,3.04,1.15879569085,32.1985899895,化学制品,2025-10-31,2024-09-30
688062,迈威生物,-1.74,141095928.06,41.7887304263,-46.7035,-694090343.42,-3.0898922585,-4.0883,4.798172318594,-30.84,-1.672224201852,92.4603802276,化学制药,2025-10-31,2024-09-30
688060,云涌科技,0.0691,175930133.46,12.9534559436,45.1133,4149254.86,-2.47,-166.2879,15.797942871201,0.435,0.079145907655,38.773828723,计算机设备,2025-10-31,2024-09-30
688059,华锐精密,0.89,584515170.55,-0.5169252374,-27.5198,77056396.02,-27.06,-90.6503,19.33603141347,6.02,0.077174622301,39.6441005102,通用设备,2025-10-31,2024-09-30
688058,宝兰德,-0.73,202374448.65,-5.4796413788,-13.2054,-54854157.27,-4460.19,25.6862,9.515001070249,-6.89,-0.888740376804,93.011621287,软件开发,2025-10-31,2024-09-30
688057,金达莱,0.3914,308042442.83,-16.7462021547,-16.3551,108028161.86,0.26,44.753,11.279196811413,3.41,0.260356369239,61.3417448628,环境治理,2025-10-31,2024-09-30
688053,ST思科瑞,0.02,99252476.83,-36.8846917198,62.162,1715067.11,-96.61,159.4253,16.3072124156,0.1,0.5037751448,41.5424730817,军工电子Ⅱ,2025-10-31,2024-09-30
688052,纳芯微,-2.86,1365982392.11,36.4868269482,6.3164,-407703477.74,-62.5208206604,-23.6336,42.699724489078,-6.48,0.230767558919,33.2059668426,半导体,2025-10-31,2024-09-30
688051,佳华科技,-0.41,239005541.51,10.1574570725,-24.271,-31367360.38,65.0130177846,90.7532,10.236880924044,-3.89,-0.15567441229,24.8090194041,IT服务Ⅱ,2025-10-31,2024-09-30
688037,芯源微,0.54,1104608445.34,-8.4437787008,-8.5432,107638808.01,-51.12,-47.6116,12.570810506361,4.37,0.944828079123,36.8229166784,半导体,2025-10-31,2024-09-30
688033,*ST天宜,-1.04,639186694.39,-63.8229220539,-21.8286,-587201934.14,-348.36,74.0027,8.149543860636,-11.91,0.210627490557,-27.7692722233,轨交设备Ⅱ,2025-10-31,2024-09-30
688031,星环科技,-2.42,209535215.72,-5.9430012916,-10.3622,-292926439.8,-9.000747312,0.7903,9.609355979492,-22.49,-2.628212833382,45.7943531927,软件开发,2025-10-31,2024-09-30
688026,洁特生物,0.41,390816368.3,18.5552851268,12.0276,50156789.96,259.26,-7.6304,7.390032626709,4.32,0.066786481957,39.7839367159,医疗器械,2025-10-31,2024-09-30
688025,杰普特,1.09,1069962356.44,18.4082369579,40.9724,103285527.67,23.05,70.3919,21.046985322047,5.17,-0.212224382467,40.1960891943,自动化设备,2025-10-31,2024-09-30
688017,绿的谐波,0.3488,275955021.41,8.640041811,14.4427,58832909.64,-18.85,34.611,12.005635224478,2.91,0.294036364052,39.5298687854,自动化设备,2025-10-31,2024-09-30
688008,澜起科技,0.87,2570870287.06,68.5632418412,-2.3523,978077107.79,318.42,4.1048,9.194021042176,9.46,1.103431284881,58.1151598737,半导体,2025-10-31,2024-09-30
688007,光峰科技,0.09,1719599203.83,4.1784006521,0.2859,42946596.63,-66.59,195.2526,5.921052403891,1.54,0.153769139629,29.9933049417,消费电子,2025-10-31,2024-09-30
688003,天准科技,-0.0713,851091088.77,-3.1467656948,-10.8507,-13667701.04,-133.2923883456,7.0283,9.272290216762,-0.74,-0.740575770391,38.9988090381,自动化设备,2025-10-31,2024-09-30
688001,华兴源创,-0.12,1276388907.29,-4.5719795871,-21.201,-51128553.95,-126.79,-225.6152,8.382262798118,-1.31,-0.544576152664,47.8514120729,通用设备,2025-10-31,2024-09-30
605598,上海港湾,0.44,944172260.82,4.7818298896,-8.4994,108870999.67,-24.48,-19.7922,7.549577920959,6.0,-0.294132893775,34.4931747017,专业工程,2025-10-31,2024-09-30
605588,冠石科技,0.16,996391017.82,53.0886640322,-10.8913,11720277.68,-75.38,-187.174,14.49084296591,1.1,0.54728077838,10.6279865491,光学光电子,2025-10-31,2024-09-30
605488,福莱新材,0.28,1775510144.1,14.2128231518,3.6447,70090629.73,22.08,-80.0092,6.62925826193,5.35,-0.480231631485,15.0077119241,塑料,2025-10-31,2024-09-30
605399,晨光新材,0.15,872524858.18,0.0365564965,-2.7102,45867775.23,-39.86,-75.7784,7.048612956738,2.07,0.078984631791,14.4000570462,化学制品,2025-10-31,2024-09-30
605378,野马电池,0.74,950469212.33,24.2945176278,36.9068,116875611.59,52.76,10.0869,6.699538393795,9.38,0.314736781697,21.4750494653,电池,2025-10-31,2024-09-30
605368,蓝天燃气,0.6465,3581371481.25,0.876465205,-7.4193,451560055.17,-9.68,-20.6811,4.889649818001,13.01,0.403522724686,21.3434202434,燃气Ⅱ,2025-10-31,2024-09-30
605366,宏柏新材,-0.02,1064889764.76,3.7304068845,-6.3396,-14061868.79,-127.27,-761.1677,3.181085751092,-0.69,0.473262571483,10.4488493196,化学制品,2025-10-31,2024-09-30
605339,南侨食品,0.35,2304848520.95,0.6582702518,-6.5841,150286446.99,20.05,-57.8279,8.017021450599,4.44,0.433916085879,24.4686055879,休闲食品,2025-10-31,2024-09-30
605338,巴比食品,0.78,1210499106.15,2.036105025,9.0672,194386315.52,25.68,15.3333,8.881781876355,8.61,0.709900753295,26.4002500387,食品加工,2025-10-31,2024-09-30
605303,园林股份,-0.41,488621414.45,7.4377996034,-10.3635,-65509521.79,36.6076728942,88.0572,7.153105468552,-5.5,0.148254938519,12.3155501152,基础建设,2025-10-31,2024-09-30
605288,凯迪股份,1.01,893292180.67,-0.5673072426,-5.4449,71082075.67,-19.71,-55.8959,31.414119643621,3.25,1.681010040583,24.4619399552,自动化设备,2025-10-31,2024-09-30
605287,德才股份,0.5643,2966339237.28,-24.4515870487,-28.3262,78421280.69,-46.57,-60.7221,13.604113746929,4.16,-0.998240835714,14.4652543521,装修装饰Ⅱ,2025-10-31,2024-09-30
605268,王力安防,0.18,2087277626.02,9.2715556658,-5.3936,80508402.7,-15.67,-33.3535,3.498581915867,5.01,-0.366022513212,25.7039841687,家居用品,2025-10-31,2024-09-30
605199,ST葫芦娃,-0.29,1032589239.77,-19.2009757953,-65.6709,-117548926.75,8.24,-1260.8111,2.141750136273,-12.46,-0.512125727082,50.0615023206,中药Ⅱ,2025-10-31,2024-09-30
605179,一鸣食品,0.09,2057972296.45,5.3890074001,-6.0038,36906321.62,4.13,-35.1569,2.787836729551,3.3,0.74730854798,29.5848029757,饮料乳品,2025-10-31,2024-09-30
605177,东亚药业,0.4,963019242.47,-4.1288434898,6.477,45169152.65,-47.21,50.5375,16.616599335376,2.24,-1.064645021619,26.9765048478,化学制药,2025-10-31,2024-09-30
605169,洪通燃气,0.5867,1959796707.78,54.2126580839,32.4667,164910266.52,52.21,68.1349,6.769932149745,8.88,0.41933491431,17.2703224389,燃气Ⅱ,2025-10-31,2024-09-30
605168,三人行,1.03,3084629909.71,-20.6123645879,20.1608,181659515.74,-43.15,-36.7158,13.128374671377,6.3,-0.890851668864,17.5204661667,广告营销,2025-10-31,2024-09-30
605167,利柏特,0.45,2590160591.44,8.7339641512,-30.3058,200286896.61,27.73,-22.8853,3.979885380497,11.76,0.178681730176,17.5277231173,专业工程,2025-10-31,2024-09-30
605116,奥锐特,0.7,1088322409.18,17.9716836831,-9.4596,283794989.04,22.04,-10.5302,5.368686775243,13.75,0.742219339357,58.2228902222,化学制药,2025-10-31,2024-09-30
605099,共创草坪,0.98,2259058359.91,17.8880486896,-8.7112,393615443.22,11.75,-31.8515,6.592643683829,15.39,0.662473003616,30.1633369537,家居用品,2025-10-31,2024-09-30
605080,浙江自然,1.16,790531638.81,17.7413246119,-41.7147,162807781.08,21.81,0.0195,14.23331735103,8.36,1.274810112363,35.2977091315,文娱用品,2025-10-31,2024-09-30
605069,正和生态,0.02,246042246.52,78.2806087339,-10.6175,3979715.29,102.1902334671,154.3552,4.933759233316,0.38,0.713597909941,26.4551481913,环境治理,2025-10-31,2024-09-30
605066,天正电气,0.2,2200888367.79,4.7256118083,-22.2531,103853820.51,-30.09,-34.7883,3.529466993191,5.78,0.158098611229,25.554413645,电网设备,2025-10-31,2024-09-30
605056,咸亨国际,0.24,1989147781.58,18.8172583601,7.9456,96789232.55,58.81,60.8349,3.793596672306,6.09,-0.388107188828,27.9094759229,通用设备,2025-10-31,2024-09-30
605055,迎丰股份,0.07,1136367102.64,2.8100733074,-11.8967,28620758.45,10.95,-96.4871,2.609311922227,2.47,0.469867699727,15.4274999287,纺织制造,2025-10-31,2024-09-30
605050,福然德,0.41,7838341141.14,12.5427565665,1.117,202199560.33,-31.26,107.7326,8.523750757953,4.8,-0.521629173963,4.7323521179,物流,2025-10-31,2024-09-30
605011,杭州热电,0.42,2596537798.81,13.6849645967,0.5999,169042254.93,4.43,-26.981,5.721148388828,7.55,0.734810215021,11.7192807048,电力,2025-10-31,2024-09-30
605008,长鸿高科,0.16,2532705792.87,129.3245267291,25.2661,102580235.28,0.32,-36.1676,3.103547064907,4.94,0.186872364078,9.8978206054,塑料,2025-10-31,2024-09-30
605006,山东玻纤,-0.18,1487107594.08,-10.3752817777,-5.606,-110649498.02,-204.56,-10.1872,4.174156188746,-4.06,0.09566655904,6.3340688102,玻璃玻纤,2025-10-31,2024-09-30
603997,继峰股份,-0.45,16906170366.14,6.067831322,3.1526,-531936783.92,-445.0201411878,-1817.2387,3.761989371247,-11.81,-0.33804690145,14.366176411,汽车零部件,2025-10-31,2024-09-30
603992,松霖科技,0.79,2191693754.15,-0.088172205,-2.9104,320723501.74,5.49,-9.4832,6.620511955111,11.79,1.020554425133,35.2892660745,家居用品,2025-10-31,2024-09-30
603989,艾华集团,0.4944,2965296255.42,15.1578314173,-6.418,198311210.19,-38.66,35.7832,9.179388167973,5.52,0.074779241563,21.1928854121,元件,2025-10-31,2024-09-30
603988,中电电机,-0.06,429626886.75,-18.6269589736,24.0928,-13619590.07,-229.52,275.1709,2.796601902551,-2.09,0.188404479294,23.6856822532,电机Ⅱ,2025-10-31,2024-09-30
603983,丸美生物,0.6,1952334354.86,27.0687257014,-13.1504,238803261.67,37.38,-5.5261,8.422343592195,7.08,0.170632195736,74.6284378776,化妆品,2025-10-31,2024-09-30
603982,泉峰汽车,-1.4549,1568904949.94,4.0819009503,4.4166,-380421075.95,-0.3679781578,-12.2884,6.778107986418,-19.71,-0.810476115483,0.112701338,汽车零部件,2025-10-31,2024-09-30
603978,深圳新星,-0.59,1850828338.53,67.8942547881,4.0081,-98170064.88,-51.1352514679,-137.7317,8.51132157262,-6.34,-0.941670867254,4.2335921797,金属新材料,2025-10-31,2024-09-30
603968,醋化股份,-0.4503,2198902945.07,-9.3345463957,-9.6673,-93861589.12,-242.67,-188.79,8.972191338695,-4.83,-0.118261327605,8.5559617918,化学制品,2025-10-31,2024-09-30
603959,ST百利,-0.35,776542020.18,-47.8203673332,-26.0279,-170233912.02,-1288.8,27.9458,0.755503952107,-37.43,-0.194311302663,7.0131588098,专业工程,2025-10-31,2024-09-30
603955,大千生态,0.1129,73237232.7,-20.8497495857,-7.9008,15318778.87,-6.26,-36.9411,11.413096818155,0.99,0.588068162614,23.3358679048,基础建设,2025-10-31,2024-09-30
603929,亚翔集成,2.06,4417732547.89,143.3071799144,-10.652,439055228.12,92.12,67.4561,7.815506794338,28.61,6.292909785902,12.9516126247,专业工程,2025-10-31,2024-09-30
603922,ST金鸿顺,-0.09,639979549.75,120.1929082291,-33.0108,-15568654.54,68.15,-171.8794,5.661882425614,-1.52,-1.051433451897,7.815565902,汽车零部件,2025-10-31,2024-09-30
603918,金桥信息,-0.1971,358208364.05,-40.5496434778,47.7416,-72163717.77,-548.96,20.9822,2.820295438518,-6.68,-0.133344054118,26.5487116674,IT服务Ⅱ,2025-10-31,2024-09-30
603908,牧高笛,1.23,1080303106.61,-6.4879954047,-48.6714,92425137.44,-15.99,-72.0911,6.176048275711,16.04,1.753598143543,28.5896226106,服装家纺,2025-10-31,2024-09-30
603906,龙蟠科技,-0.54,5660690541.79,-12.8109449596,-0.0984,-302925149.01,58.3132701538,44.2132,5.225876748596,-8.89,0.168706758019,11.75749219,电池,2025-10-31,2024-09-30
603903,中持股份,-0.01,647808855.83,-25.887251382,-22.3847,-2312980.69,-102.66,4.5559,6.371443395663,-0.13,-0.397460189563,30.733004873,环境治理,2025-10-31,2024-09-30
603895,天永智能,-0.17,394884827.0,-23.1968362926,-49.1429,-17891422.33,-317.76,-1436.3246,3.195990704386,-5.05,0.157652025537,19.5145697381,专用设备,2025-10-31,2024-09-30
603887,城地香江,-0.21,828416732.63,-36.8807497757,-13.7795,-96101708.12,-1524.6222595544,-301.5937,5.089843943332,,0.766277550553,32.6248322643,IT服务Ⅱ,2025-10-31,2024-09-30
603885,吉祥航空,0.58,17491553320.48,10.149880728,24.8231,1270943795.54,10.12,559.8698,4.193866418248,13.98,2.294357504388,17.5613221614,航空机场,2025-10-31,2024-09-30
603880,南卫股份,-0.046,455062228.39,-3.2419653668,-5.8382,-13313055.06,-283.31,-1895.4608,1.579769502252,-1.9,0.022503723577,12.4122466107,医疗器械,2025-10-31,2024-09-30
603879,永悦科技,-0.0946,262665841.15,10.8825337675,10.5138,-33842980.44,-10.3399941856,30.1774,1.049346897255,-8.26,-0.158118877476,6.8285096652,塑料,2025-10-31,2024-09-30
603876,鼎胜新材,0.25,17615832075.22,23.7268395725,-3.6295,224537919.35,-52.03,-73.273,7.316815219389,3.37,0.32251257909,8.958881987,工业金属,2025-10-31,2024-09-30
603863,松炀资源,-0.51,525101642.78,14.7388211352,-19.4611,-104644911.81,-39.53,-18.9182,2.910892775128,-16.3,-0.150406287075,-6.4092660788,造纸,2025-10-31,2024-09-30
603838,*ST四通,-0.0254,200985056.65,44.8265342316,68.8919,-8140675.51,67.0109583801,132.0333,3.08461738185,-0.8213,-0.08253564003,11.5188656191,家居用品,2025-10-31,2024-09-30
603833,欧派家居,3.33,13878713030.79,-16.2143591996,6.7375,2030852306.67,-12.08,34.9129,29.592731653547,10.84,4.433343383898,35.5420950169,家居用品,2025-10-31,2024-09-30
603829,洛凯股份,0.52,1528591810.45,6.3663320567,-16.5509,83957505.02,8.08,-39.2145,6.272339743563,8.61,-0.211130472813,23.4308032191,电网设备,2025-10-31,2024-09-30
603828,*ST利达,0.03,1709869337.91,0.6861124956,4.1539,16937581.94,8.67,152.5969,1.261030185947,0.38,0.438061859699,11.9534199134,装修装饰Ⅱ,2025-10-31,2024-09-30
603825,ST华扬,-0.89,1801396561.03,-58.8834556825,-50.6097,-224914743.0,-87.3156111173,-122.5706,2.933756842281,-26.69,-0.920426049219,15.2760286698,广告营销,2025-10-31,2024-09-30
603818,曲美家居,-0.21,2637486515.62,-10.0341396234,-8.8934,-145331578.22,29.42,54.0638,3.19397580017,-6.43,0.561010373183,33.267698733,家居用品,2025-10-31,2024-09-30
603817,海峡环保,0.3198,874700078.1,8.8329773364,-14.0055,170912983.47,24.71,-21.1316,5.098065630152,6.21,-0.048240903889,41.834574368,环境治理,2025-10-31,2024-09-30
603810,丰山集团,-0.15,799799696.65,-20.4652045489,7.8901,-24765681.39,-217.84,79.2823,8.884083415219,-1.59,-0.076324528366,8.0309698715,农化制品,2025-10-31,2024-09-30
603809,豪能股份,0.3144,1688111245.8,26.5680459781,-6.4215,243368185.26,62.64,-1.1107,4.001825463398,10.28,0.901345389109,33.5456781506,汽车零部件,2025-10-31,2024-09-30
603801,志邦家居,0.6097,3675178803.1,-6.4554257764,5.0991,266177284.36,-23.8,15.6364,7.562817514562,8.04,0.06512645301,36.8269857972,家居用品,2025-10-31,2024-09-30
603800,洪田股份,0.4175,1061265800.13,-30.1770865844,9.5706,85143756.4,40.18,-18.7305,3.788271030433,10.45,-0.109030101587,22.2669075854,专用设备,2025-10-31,2024-09-30
603797,联泰环保,0.29,807259562.53,-21.414406331,-2.0303,166546958.71,-14.64,7.389,5.433377755141,5.33,0.386083204908,62.4605957196,环境治理,2025-10-31,2024-09-30
603779,威龙股份,0.01,303975000.03,13.4104695989,-1.5904,4317642.72,254.5227182921,43.0992,1.70005094426,0.77,-0.018530439163,51.8835258506,非白酒,2025-10-31,2024-09-30
603776,永安行,-0.13,374404130.23,-8.7352542218,-2.532,-29930027.35,-350.77,-740.923,12.409033289824,-0.95,0.519616182545,14.8243373293,摩托车及其他,2025-10-31,2024-09-30
603773,沃格光电,-0.2218,1642750757.52,31.2872235565,16.2776,-49422339.49,-141.2203190813,23.9881,5.934820824346,-3.65,0.903298186493,16.7412272142,光学光电子,2025-10-31,2024-09-30
603768,常青股份,0.33,2458006339.16,5.4832883906,10.944,70604146.55,-38.81,473.2801,10.33943405936,3.47,-0.577840773173,15.8920769392,汽车零部件,2025-10-31,2024-09-30
603759,海天股份,0.31,1048923454.64,13.549492685,-24.4175,144579977.77,-16.89,-44.4838,5.59402141671,5.6,0.488897805938,44.3681248113,环境治理,2025-10-31,2024-09-30
603758,秦安股份,0.3,1192958826.55,-1.6809914771,14.8314,127899904.5,-37.79,404.3631,5.599042414139,5.09,0.738865059004,23.794220866,汽车零部件,2025-10-31,2024-09-30
603738,泰晶科技,0.22,617544534.63,3.688640968,6.3918,84419704.37,12.25,0.5409,4.542862610616,4.78,0.160429699422,24.6550891834,元件,2025-10-31,2024-09-30
603733,仙鹤股份,1.16,7261986679.52,16.8930771725,11.0218,817020706.35,113.97,-5.3397,10.795024782834,10.68,0.634511994609,16.5509910643,造纸,2025-10-31,2024-09-30
603730,岱美股份,0.29,4803698201.42,8.9642432422,-10.449,623031333.45,15.56,-9.8349,2.750331590677,13.59,0.345425580044,28.255316219,汽车零部件,2025-10-31,2024-09-30
603727,博迈科,0.34,1758401959.76,31.2180134229,23.7905,94518408.5,209.7997316602,6.1959,11.428574638788,2.93,-0.120093305046,14.9581256584,油服工程,2025-10-31,2024-09-30
603721,中广天择,-0.09,242139797.53,55.1157038752,120.3083,-11352898.49,-289.2611155537,449.6064,3.951746721923,-2.24,0.045960801154,10.7391347376,影视院线,2025-10-31,2024-09-30
603711,香飘飘,0.04,1938145993.32,-2.0460256142,66.9808,17732507.46,408.98,186.3286,7.901903004754,0.53,0.077167778465,34.6370557674,饮料乳品,2025-10-31,2024-09-30
603697,有友食品,0.28,886771436.57,16.7700063493,40.3746,121253821.23,14.3,37.355,4.164286212414,6.4,0.373579842478,30.0581167128,休闲食品,2025-10-31,2024-09-30
603682,锦和商管,0.08,774764397.33,0.9371503198,-2.5172,37665847.8,-60.55,43.1191,2.231632711069,3.34,1.135446237545,27.4067796122,一般零售,2025-10-31,2024-09-30
603681,永冠新材,0.69,4525605717.54,12.2228541625,2.9445,126997756.09,160.04,20.7869,12.92718043298,5.1,0.614854666605,8.6219895206,化学制品,2025-10-31,2024-09-30
603669,灵康药业,-0.065,231030545.43,53.3400028088,38.5914,-46889888.23,51.4509483423,73.3578,1.102594162605,-5.17,-0.088814536733,43.0592985377,化学制药,2025-10-31,2024-09-30
603668,天马科技,0.14,4498630296.46,-15.1103547485,-9.6158,69418312.71,180.7101899175,-73.0214,4.49906253945,3.09,0.022126030805,11.3389657917,饲料,2025-10-31,2024-09-30
603666,亿嘉和,-0.4,401015451.48,4.6872882782,155.3605,-80231040.15,7.2528909634,109.4969,11.125088653822,-3.43,0.324991297143,39.0036973844,自动化设备,2025-10-31,2024-09-30
603665,康隆达,-0.39,986071965.25,-25.0208715753,-29.3597,-63980352.19,-109.9344942949,-195.8599,6.567655510886,-5.71,1.339706335146,24.0900016582,服装家纺,2025-10-31,2024-09-30
603662,柯力传感,0.68,918764697.58,14.0290079935,18.4252,190624727.24,-10.74,-0.018,9.252742569141,7.42,0.523712403042,43.3226713519,通用设备,2025-10-31,2024-09-30
603660,苏州科达,-0.708,739579904.16,-34.7640400349,46.6854,-356146075.78,-9.9766727313,8.8957,1.212505537635,-39.51,-0.850803319233,60.9296812941,计算机设备,2025-10-31,2024-09-30
603657,春光科技,0.03,1486294684.43,9.941958255,11.0022,4717091.51,-88.15,-91.302,6.960121037678,0.49,0.23707180105,11.6413518768,家电零部件Ⅱ,2025-10-31,2024-09-30
603638,艾迪精密,0.34,2038230415.19,26.5574895132,-13.5447,280586947.29,32.3,-22.2922,3.873099546554,8.33,0.116519210796,28.7850639671,工程机械,2025-10-31,2024-09-30
603636,南威软件,-0.28,362602773.13,-48.0456476927,14.5822,-161603229.67,-133.62,0.9799,4.322628799857,-6.2,0.091729232658,33.2600144723,IT服务Ⅱ,2025-10-31,2024-09-30
603633,徕木股份,0.16,1050342173.0,35.0686230302,3.1829,70090812.46,6.62,-33.2676,4.603133779472,3.6,0.167262804735,22.6957469611,消费电子,2025-10-31,2024-09-30
603630,拉芳家化,0.24,669588336.38,8.6511890971,18.2071,54635601.73,-28.03,88.9172,8.643340341524,2.79,0.829796835038,47.3918640647,化妆品,2025-10-31,2024-09-30
603629,利通电子,0.2,1490845713.4,3.3634844543,30.7977,52700455.95,72.07,21.5313,6.372017788058,3.13,-2.545581202439,20.5509210555,消费电子,2025-10-31,2024-09-30
603628,清源股份,0.3574,1319368356.63,2.7625778084,-15.2442,97850731.56,-32.49,4.6319,4.771106077502,7.64,0.234906863002,22.86993014,光伏设备,2025-10-31,2024-09-30
603619,中曼石油,1.67,3051055887.38,6.8665393696,2.0161,668489073.24,12.65,-5.8371,8.356847086728,22.57,1.885186283237,47.7337552211,油服工程,2025-10-31,2024-09-30
603616,韩建河山,-0.1051,398736790.8,25.6674652891,118.3544,-41144900.76,30.35,68.5688,1.00388206497,-10.09,0.001351089523,12.9678080085,水泥,2025-10-31,2024-09-30
603612,索通发展,0.4,9919189682.73,-16.8551009754,2.2024,216612026.81,165.2698649924,150.993,10.76292393173,3.79,0.044658288711,9.2973767845,非金属材料Ⅱ,2025-10-31,2024-09-30
603608,天创时尚,-0.08,800667195.0,-15.234709778,-27.5927,-30762778.0,-62.4287022981,-343.2954,2.663838866365,-2.6,0.049531913977,63.0866531256,服装家纺,2025-10-31,2024-09-30
603605,珀莱雅,2.53,6966033360.37,32.722507095,-30.3233,999209386.88,33.95,-25.3966,12.079296137109,21.74,1.018249216555,70.0707144562,化妆品,2025-10-31,2024-09-30
603598,引力传媒,0.073,4432550767.69,28.4251622821,-12.1671,19506387.82,-44.59,-83.1485,0.81215543116,9.4,-1.145949442176,4.423618174,广告营销,2025-10-31,2024-09-30
603580,艾艾精工,0.0447,128922533.24,9.787247058,-16.4638,5839432.67,54.46,18.8072,3.320714402035,1.33,0.118686102965,35.130809752,塑料,2025-10-31,2024-09-30
603578,三星新材,0.16,700129300.27,-4.6443658234,-42.3089,28029781.25,-76.68,-179.3011,6.109816663095,2.56,0.002675771688,19.3659568122,家电零部件Ⅱ,2025-10-31,2024-09-30
603577,汇金通,0.3093,3235792316.21,14.9620273971,-4.5441,104879777.22,223.32,23.8726,5.577215114948,5.66,0.788683151722,13.6502273044,电网设备,2025-10-31,2024-09-30
603566,普莱柯,0.31,761741432.56,-17.9639088832,12.4877,106272279.75,-40.67,-30.6892,7.627406657038,3.95,0.365167552373,63.1466523323,动物保健Ⅱ,2025-10-31,2024-09-30
603565,中谷物流,0.53,8443969221.71,-9.1018605486,-8.4095,1108783203.18,-6.98,-4.3981,4.908920404379,10.63,0.662943877435,13.3058539347,航运港口,2025-10-31,2024-09-30
603557,*ST起步,-0.1,178286681.51,-16.2745812639,-15.044,-55926282.18,80.1993095362,8.2836,-0.052225437775,-166.56,0.073727479549,45.8126830946,服装家纺,2025-10-31,2024-09-30
603536,惠发食品,-0.12,1302734993.98,-0.1230775148,-13.1449,-28245087.66,5.71,4.5498,1.789684519194,-5.8,0.215345679386,17.5196854936,食品加工,2025-10-31,2024-09-30
603533,掌阅科技,-0.08,1913238044.8,-2.5544902881,-11.0224,-36830280.53,-203.79,-57.25,5.679619355218,-1.47,-0.275870971683,71.9608561649,数字媒体,2025-10-31,2024-09-30
603528,多伦科技,0.0595,422960483.33,-0.8501080757,-24.4884,41995584.51,614.66,49.4741,2.815272082217,2.1,0.036502312989,34.2364110094,软件开发,2025-10-31,2024-09-30
603520,司太立,0.02,1804516999.71,10.6453500014,-31.1105,8975834.34,-77.17,-231.1491,6.082078890485,0.41,-0.013506196773,21.4401234498,化学制药,2025-10-31,2024-09-30
603508,思维列控,0.86,905778183.64,23.8299129575,33.6154,327694185.24,33.98,53.5481,12.04790130615,7.14,0.64476239695,63.5564098107,计算机设备,2025-10-31,2024-09-30
603507,振江股份,,2892405746.93,6.464105015,-2.4036,164842226.87,30.28,-31.1784,13.531619991876,6.72,0.466254742133,21.3385117712,风电设备,2025-10-31,2024-09-30
603500,祥和实业,0.13,498497287.45,11.2075093176,-30.0411,38687141.75,-28.43,-58.6672,2.847835831117,4.0,-0.046308393457,25.0536740709,轨交设备Ⅱ,2025-10-31,2024-09-30
603489,八方股份,0.22,1012726562.66,-24.908214252,-14.4289,51257231.34,-57.47,-98.228,11.213017852506,1.9,0.228564744394,23.3533075748,电机Ⅱ,2025-10-31,2024-09-30
603488,展鹏科技,-0.05,236735196.74,-34.0874577458,22.6557,-13655735.74,-124.22,-425.4373,3.277217245743,-1.36,-0.038433996606,15.7744548146,专用设备,2025-10-31,2024-09-30
603459,红板科技,,1899992600.0,,,101563800.0,,,,,,,元件,2025-10-31,2024-09-30
603458,勘设股份,-0.3,924681260.36,-28.230542355,28.5277,-93633891.02,-222.18,67.8146,10.32811390136,-2.84,-0.761196626086,26.5583944336,工程咨询服务Ⅱ,2025-10-31,2024-09-30
603399,永杉锂业,0.1,4738679746.01,-23.7055806617,-26.9485,50715523.4,125.8990040687,-246.1715,3.477234224446,2.8,0.164059569707,3.6254373266,能源金属,2025-10-31,2024-09-30
603387,基蛋生物,0.35,879824587.76,-12.1020980634,-11.459,175418840.09,-23.42,-52.9406,5.066329896949,6.77,0.49276409774,69.4307479409,医疗器械,2025-10-31,2024-09-30
603378,*ST亚士,-0.04,1724471596.08,-27.7948608336,-8.8264,-18599739.88,-122.97,-99.146,3.855041212292,-1.08,-0.514605368163,23.1519814294,装修建材,2025-10-31,2024-09-30
603377,ST东时,-0.15,657465159.86,-19.5409900179,-6.7009,-109477299.07,-691.32,2.2442,2.352950854614,-6.2,0.257091068665,35.1189364771,教育,2025-10-31,2024-09-30
603373,安邦护卫,0.8,1931342474.54,10.5581773246,2.8038,86092052.04,14.84,0.331,16.27035761262,4.89,0.077255328672,24.2795708747,专业服务,2025-10-31,2024-09-30
603369,今世缘,2.475,9941582189.34,18.8451341173,0.1164,3085799149.86,17.08,-32.783,12.061332909462,21.4,1.777472753408,74.2681268727,白酒Ⅱ,2025-10-31,2024-09-30
603358,华达科技,0.46,3537931760.5,-2.4859114856,24.777,200167053.28,-23.61,792.7086,7.585297776991,5.94,0.444119123246,16.8047949482,汽车零部件,2025-10-31,2024-09-30
603357,设计总院,0.57,2293684491.79,12.6652085179,-2.7449,314508273.21,-16.07,-33.5889,6.36528439574,8.81,-0.88423388837,31.1573973617,工程咨询服务Ⅱ,2025-10-31,2024-09-30
603353,和顺石油,0.25,2129144295.27,-27.1669326916,33.106,43129073.21,-21.24,-13.6136,9.643838507388,2.59,0.686849226963,9.5848342704,炼化及贸易,2025-10-31,2024-09-30
603344,星德胜,0.78,1790145523.06,20.9331473896,-0.7071,138303006.04,-5.21,-22.6473,10.091982607141,8.4,0.543573691964,16.3428714521,电机Ⅱ,2025-10-31,2024-09-30
603336,宏辉果蔬,0.03,727408319.67,-4.0544409548,32.6788,19415325.38,-41.57,54.372,1.989377895274,1.68,0.038989463887,10.2802986284,种植业,2025-10-31,2024-09-30
603330,天洋新材,-0.07,1000165803.82,-0.1303961969,-7.3412,-28936428.21,-27.5793029121,-148.3772,3.981716802587,-1.66,-0.127633077003,13.9334010169,塑料,2025-10-31,2024-09-30
603322,超讯科技,0.16,989988685.2,-27.4776010588,-51.8914,25426136.14,184.166873847,-146.6151,2.035301810482,8.25,-0.578641088279,13.170515227,通信服务,2025-10-31,2024-09-30
603318,水发燃气,0.14,1876122232.73,-20.7840432236,14.985,63901916.28,19.75,2.3542,3.177136733495,3.68,0.350697962631,17.3050691611,燃气Ⅱ,2025-10-31,2024-09-30
603317,天味食品,0.4105,2364317975.1,5.8376728383,45.9263,432430553.98,34.96,161.9547,4.100835629239,10.15,0.562577335319,39.2829828031,调味发酵品Ⅱ,2025-10-31,2024-09-30
603316,诚邦股份,-0.06,137507495.67,-59.7961378847,-14.3735,-16713602.6,52.83,-369.296,2.769069226531,-2.26,0.274689977333,4.2415888324,半导体,2025-10-31,2024-09-30
603308,应流股份,0.33,1910495316.31,5.7226096224,6.0648,226803951.05,-6.9,21.9835,6.733507106638,4.99,0.002390201603,33.8933432515,通用设备,2025-10-31,2024-09-30
603307,扬州金泉,1.63,630296646.84,-5.5686235569,-11.212,109123706.34,-45.62,-66.3133,20.045594399104,7.99,2.137279611493,27.0725501009,服装家纺,2025-10-31,2024-09-30
603305,旭升集团,0.35,3274184096.21,-8.4209735435,11.3719,322974267.38,-42.83,-45.8898,6.787139958914,5.07,0.89679741685,20.6006844832,汽车零部件,2025-10-31,2024-09-30
603267,鸿远电子,0.55,1167359955.05,-12.1903257434,-17.0675,127401899.05,-48.29,-85.0295,18.151916030324,3.04,0.800220485616,36.3480312353,军工电子Ⅱ,2025-10-31,2024-09-30
603266,天龙股份,0.42,978207737.73,2.903036318,1.9506,82573962.43,-4.97,-1.5081,7.403294096414,5.7,0.64223991739,22.1717138032,汽车零部件,2025-10-31,2024-09-30
603235,天新药业,1.13,1613579810.79,8.4875935211,-4.3957,494482977.97,19.76,-24.4434,10.180140275321,11.33,1.004733963292,42.2661234071,化学制品,2025-10-31,2024-09-30
603232,格尔软件,-0.16,332785986.38,0.4032229665,-3.6654,-38035549.81,-1.6775514122,1051.1092,5.689914603005,-2.76,-0.488810336441,46.266824317,软件开发,2025-10-31,2024-09-30
603231,索宝蛋白,0.48,1155092649.3,-10.3622719282,0.9855,91680531.08,-20.75,-37.7246,9.636135656594,4.83,0.616962592351,11.0962491275,农产品加工,2025-10-31,2024-09-30
603229,奥翔药业,0.28,690126439.62,2.7490599009,3.2657,228985673.66,1.62,-27.0198,2.762942951357,10.15,0.10105239131,57.9396293395,化学制药,2025-10-31,2024-09-30
603228,景旺电子,1.05,9077985779.63,17.1067541406,2.7622,904418805.69,29.14,-26.7994,11.617045362661,9.59,2.013108679894,23.7652988937,元件,2025-10-31,2024-09-30
603225,新凤鸣,0.5,49196524587.27,11.3054940127,6.5649,745431412.89,-15.91,-57.2301,10.905423354346,4.38,2.678567937516,5.6119325767,化学纤维,2025-10-31,2024-09-30
603222,济民健康,0.0538,682669168.73,0.7440919509,-6.4977,28415048.97,-36.96,-71.9233,2.926778088864,1.81,0.082436460573,43.2487996403,医疗器械,2025-10-31,2024-09-30
603205,健尔康,0.8,782935962.88,10.0660080422,-4.8617,93456112.74,12.06,-9.6512,11.186459614667,9.75,1.251557239333,22.8817064618,医疗器械,2025-10-31,2024-09-30
603203,快克智能,0.65,683142145.98,15.1312101387,2.898,162891523.02,4.33,-25.3632,5.482783846531,11.24,0.456874931322,48.3101892955,自动化设备,2025-10-31,2024-09-30
603202,天有为,7.09,3220823315.16,32.585188914,7.0497,851113167.45,50.7963001262,-6.0587,,,,36.9123634173,汽车零部件,2025-10-31,2024-09-30
603195,公牛集团,1.81,12603043409.4,8.5830213725,-7.9975,3263402657.33,16.0,-21.7494,11.493234977598,21.55,2.332661615287,43.1210889334,家居用品,2025-10-31,2024-09-30
603190,亚通精工,0.7,1250951129.52,5.0417394086,-25.9384,83529579.63,-35.92,-83.6399,17.5013218555,4.0,-1.917992863333,23.7023641694,汽车零部件,2025-10-31,2024-09-30
603188,亚邦股份,-0.0253,550951079.1,-17.1345242477,-3.4262,-14424021.3,94.3599964746,-2759.9683,1.750608463756,-1.53,0.058962457881,11.1970446851,化学制品,2025-10-31,2024-09-30
603185,弘元绿能,-2.443,5335773889.75,-44.2905207693,-27.2775,-1629645683.34,-223.63,53.4984,19.074068424231,-11.99,0.148490082287,-6.9980367925,光伏设备,2025-10-31,2024-09-30
603179,新泉股份,1.41,9605036763.09,31.23869099,10.3899,685581204.79,22.22,33.1413,10.627590659021,12.94,0.905120114651,19.3987481399,汽车零部件,2025-10-31,2024-09-30
603177,德创环保,0.12,675261427.96,10.0903542465,6.7564,24221781.83,1292.0184355564,-29.3173,1.806538229609,6.49,0.224022856028,23.6087780197,环境治理,2025-10-31,2024-09-30
603172,万丰股份,0.15,377474225.98,-1.5883081152,5.3487,19604374.02,-40.72,-11.0582,7.804661390238,1.89,0.259761550307,21.5583160807,化学制品,2025-10-31,2024-09-30
603171,税友股份,0.29,1283632049.7,7.3803008273,3.8437,115934479.97,12.06,-50.0588,6.128063696896,4.69,-0.256338272663,60.5184682738,IT服务Ⅱ,2025-10-31,2024-09-30
603168,莎普爱思,-0.08,359402017.18,-27.9456816035,23.7653,-30755378.46,-138.71,79.1875,4.444053528729,-1.8,0.030588948921,50.0876486566,化学制药,2025-10-31,2024-09-30
603165,荣晟环保,0.93,1662042789.57,-0.9943559427,-6.5254,248782134.33,12.05,-13.7228,7.865427387071,10.95,0.11908782164,16.9318720003,造纸,2025-10-31,2024-09-30
603161,科华控股,0.49,1771958738.1,-7.1398108693,-4.0221,94571052.51,11.25,-10.6816,7.425823214931,6.69,2.132808158849,16.6143067725,汽车零部件,2025-10-31,2024-09-30
603159,上海亚虹,0.13,354656089.35,-10.4115657375,1.7805,18362601.7,-24.29,115.5543,3.599345682214,3.61,0.202488996071,20.2258231662,专用设备,2025-10-31,2024-09-30
603158,腾龙股份,0.48,2703078760.57,14.2155136634,10.243,236425930.61,68.41,108.9369,4.574416945671,10.77,0.533226075039,21.2467894461,汽车零部件,2025-10-31,2024-09-30
603127,昭衍新药,-0.09,1335156050.4,-15.8734130605,-7.3869,-70307075.11,-121.46,-2.9706,10.677355163619,-0.86,0.256613109717,27.4802650065,医疗服务,2025-10-31,2024-09-30
603126,中材节能,0.0441,1488805967.58,-32.6519487798,-21.5271,26920858.41,-72.27,-196.7592,3.394522692563,1.28,-0.704621327781,18.9931021952,环保设备Ⅱ,2025-10-31,2024-09-30
603123,翠微股份,-0.475,1695417662.54,-39.6528250525,-2.302,-379377314.91,-11.0162160444,-10.0173,3.066791717243,-14.38,-0.319603047996,18.7291815442,多元金融,2025-10-31,2024-09-30
603119,浙江荣泰,0.46,808956158.67,38.8483825177,10.0309,166548136.66,41.53,21.1606,4.857940510854,9.71,0.438870575901,35.0115118643,汽车零部件,2025-10-31,2024-09-30
603117,万林物流,0.03,217667944.66,-29.0888651115,-17.2975,20753773.42,3851.4533642204,-62.4371,1.616577912652,1.8,0.222534811413,34.1703988872,物流,2025-10-31,2024-09-30
603116,红蜻蜓,-0.02,1669198833.5,-10.7056340217,-8.9291,-12498847.15,-126.0560019252,-9774.2165,4.990357468438,-0.42,-0.063986348804,37.5985661555,服装家纺,2025-10-31,2024-09-30
603113,金能科技,-0.04,12149979147.4,11.3276815159,50.4444,-32430433.84,-673.24,156.6375,9.913051745006,-0.37,0.84698804538,2.346108802,化学原料,2025-10-31,2024-09-30
603111,康尼机电,0.27,2694341692.06,15.878394637,22.527,247829863.03,31.46,114.3256,4.208081124428,6.44,-0.032360524407,30.7882980765,轨交设备Ⅱ,2025-10-31,2024-09-30
603098,森特股份,0.14,1885166889.14,-31.269736768,-0.0527,73970165.14,-8.7,-53.989,5.104388829343,2.7,0.117496638883,19.3819377242,专业工程,2025-10-31,2024-09-30
603097,江苏华辰,0.39,1050011229.11,13.4613592062,-8.4328,62562237.8,0.2,34.4728,6.200148498188,6.51,-0.384385913813,21.8222452872,电网设备,2025-10-31,2024-09-30
603090,宏盛股份,0.48,519338433.76,-3.1434817125,10.8882,47765845.26,-16.02,14.636,5.772674501,8.44,0.8759507464,27.2663342639,通用设备,2025-10-31,2024-09-30
603089,正裕工业,0.21,1639692305.39,28.6185098688,21.6003,46742192.64,-28.83,229.5384,5.337559465044,3.96,0.113349935246,24.2619751951,汽车零部件,2025-10-31,2024-09-30
603087,甘李药业,0.85,2245006087.12,17.8066009942,23.2659,507265245.69,90.36,2.6916,18.645003332101,4.61,0.774192590376,75.3567947083,生物制品,2025-10-31,2024-09-30
603068,博通集成,-0.23,575776592.09,10.7203818418,38.9977,-34055418.22,62.31,112.2619,11.083671750007,-2.02,-0.738846892477,32.6737172359,半导体,2025-10-31,2024-09-30
603053,成都燃气,0.47,3806736881.06,2.770528843,5.0322,419887456.67,-4.26,86.7231,5.174227473928,9.22,0.811998606273,20.3206263603,燃气Ⅱ,2025-10-31,2024-09-30
603052,可川科技,0.31,555160670.72,5.458881889,22.0285,57191895.86,-24.3,42.6985,8.20243776808,5.02,1.176796011509,19.953416069,消费电子,2025-10-31,2024-09-30
603048,浙江黎明,0.25,455460756.2,6.098918052,-2.7975,36780013.85,24.58,30.1973,8.621062441993,2.83,0.32590162854,34.167945168,汽车零部件,2025-10-31,2024-09-30
603043,广州酒家,0.7877,4102891148.13,5.8593074409,143.5701,448024283.21,-8.87,3259.9809,6.737611161125,11.92,1.968070477809,33.140163086,休闲食品,2025-10-31,2024-09-30
603032,德新科技,0.07,229373746.1,-55.0441629851,23.2406,16299547.07,-89.62,-60.1334,5.427657154906,1.31,0.481227357133,33.0336628269,电池,2025-10-31,2024-09-30
603028,赛福天,-0.1,1031481557.08,-20.684978366,1.3794,-27673662.49,-170.06,-136.0276,2.322573450321,-3.9,0.11997250979,1.0773747144,通用设备,2025-10-31,2024-09-30
603027,千禾味业,0.3421,2288179457.58,-1.8544144537,0.7394,351561228.45,-9.19,5.697,3.413226209526,9.78,0.36722397494,36.1985964648,调味发酵品Ⅱ,2025-10-31,2024-09-30
603026,石大胜华,0.06,4160688757.41,-5.4254449655,9.9606,11265103.68,-83.95,-358.4314,19.238525155664,0.29,-1.613990101737,5.3061018317,电池,2025-10-31,2024-09-30
603019,中科曙光,0.528,8041454505.76,3.6517826697,-27.9587,769521744.76,2.57,-50.9338,13.109543522486,4.05,-0.872568199073,26.8114157656,计算机设备,2025-10-31,2024-09-30
603018,华设集团,0.35,2691919330.14,-15.6643542078,18.4796,232039668.0,-33.78,28.0763,7.213604642623,4.67,-0.895036441835,37.1628033444,工程咨询服务Ⅱ,2025-10-31,2024-09-30
603014,威高血净,0.85,2644762353.56,,29.8904,315755268.67,,20.7013,,,,42.4242311904,医疗器械,2025-10-31,2024-09-30
603013,亚普股份,0.73,5673599067.45,-8.6636511442,-8.6398,373810479.76,-8.38,-9.0566,8.002797649471,9.15,1.465235691365,15.4420860486,汽车零部件,2025-10-31,2024-09-30
603012,创力集团,0.22,1771151156.59,-6.7278770171,7.9407,142800996.61,-42.7,16.2827,5.66540998156,3.91,-0.03338161737,40.3528418103,专用设备,2025-10-31,2024-09-30
603007,顺景科技,-0.22,69641052.86,-38.8643789793,257.8759,-88085737.98,-156.5122692489,38.1373,0.876113407748,-26.96,-0.010432738419,-1.4215624827,汽车零部件,2025-10-31,2024-09-30
603001,奥康国际,-0.3391,1887806909.7,-18.7953079626,-16.661,-135958397.35,-50.5594594451,-173.74,6.797920387501,-4.79,0.141373147015,40.9023336032,服装家纺,2025-10-31,2024-09-30
603000,人民网,0.0508,1176643540.83,-0.7137118741,-0.0431,56159572.2,-42.28,18.0019,3.250480965309,1.52,-0.102593146571,45.3227680563,数字媒体,2025-10-31,2024-09-30
601998,中信银行,0.94,162210000000.0,3.8290191259,-3.725,51826000000.0,0.76,0.227,12.449446604846,7.605,-4.157885880945,,银行Ⅱ,2025-10-31,2024-09-30
601997,贵阳银行,1.09,10936828000.0,-4.4193860494,-6.1108,3970137000.0,-6.81,16.6573,16.395133141039,6.81,3.099352660879,,银行Ⅱ,2025-10-31,2024-09-30
601992,金隅集团,-0.041,77036553879.69,6.1176217537,-3.8335,-436544760.35,-4212.65,-26.2563,4.121872402233,-0.61,-0.885653250988,10.026116729,水泥,2025-10-31,2024-09-30
601990,南京证券,0.19,2006852869.36,13.1850115679,-13.2302,696045919.31,22.55,-47.1455,4.727908778725,4.01,1.629031187543,,证券Ⅱ,2025-10-31,2024-09-30
601969,海南矿业,0.28,3171800490.0,-14.2853324369,-8.5004,546472490.0,13.81,-7.5438,3.317856831279,8.16,0.411485626211,30.8977239612,油气开采Ⅱ,2025-10-31,2024-09-30
601968,宝钢包装,0.14,6160425148.3,5.9158810456,6.9823,156947171.5,-22.36,69.364,3.34425264291,4.7,0.680663980732,8.366303534,包装印刷,2025-10-31,2024-09-30
601949,中国出版,0.1644,3789304505.28,-2.4666431183,-13.3719,313020673.4,-23.52,-2.6511,4.878625282544,3.32,-0.04916789951,30.8367241767,出版,2025-10-31,2024-09-30
601939,建设银行,1.01,569022000000.0,-3.2999116308,-1.0701,255776000000.0,0.13,17.9863,12.483234737672,8.2725,3.81930795045,,银行Ⅱ,2025-10-31,2024-09-30
601933,永辉超市,-0.01,54548919676.9,-12.1426226944,4.0671,-77865655.53,-248.9079024587,23.4031,0.638550102014,-1.32,0.4160379867,20.8427740218,一般零售,2025-10-31,2024-09-30
601919,中远海控,2.38,174737328065.54,29.7960787899,38.9283,38124060912.01,72.73,110.1217,13.945028910937,17.82,3.238807554119,30.7596796202,航运港口,2025-10-31,2024-09-30
601916,浙商银行,0.47,52491000000.0,5.6369490843,2.0152,12905000000.0,1.19,135.187,6.204158170696,7.7475,-3.086112729391,,银行Ⅱ,2025-10-31,2024-09-30
601901,方正证券,0.24,5432688200.97,-4.1521638886,-1.5623,1965273968.93,1.51,8.3531,5.711686195368,4.24,0.693895866614,,证券Ⅱ,2025-10-31,2024-09-30
601888,中国中免,1.8944,43020585432.7,-15.3754626905,-5.637,3919296160.74,-24.72,-34.8246,26.213273372234,7.23,2.466891121172,33.1230037872,旅游零售Ⅱ,2025-10-31,2024-09-30
601882,海天精工,0.7735,2492986544.5,-0.5697972687,-11.7491,403786810.46,-12.89,-32.4204,4.942664140862,16.56,0.452692577529,26.9493052521,通用设备,2025-10-31,2024-09-30
601881,中国银河,0.55,15756494088.56,-38.169258531,1.2984,6963658334.31,5.46,-6.5493,9.770985497573,5.8,5.309489936474,,证券Ⅱ,2025-10-31,2024-09-30
601880,辽港股份,0.04,7950096514.86,-8.6505016087,3.6585,945507622.36,-11.61,503.5628,1.674654785969,2.36,0.098542090201,23.5750105062,航运港口,2025-10-31,2024-09-30
601878,浙商证券,0.33,4071564536.33,-67.7421349386,-5.3826,1264933805.07,-4.92,42.6357,7.027011496158,4.59,2.05747230473,,证券Ⅱ,2025-10-31,2024-09-30
601869,长飞光纤,0.76,8694498588.0,-13.3092110187,13.0106,572937218.0,-34.94,-38.971,15.285430862936,5.01,0.981565288514,27.8119521503,通信设备,2025-10-31,2024-09-30
601868,中国能建,0.08,295138721000.0,3.443852637,4.1495,3604277000.0,17.28,-36.7857,2.474479964148,3.27,-0.300264055952,11.5396125878,基础建设,2025-10-31,2024-09-30
601866,中远海发,0.1019,19872323359.42,88.0653760873,18.9386,1380999337.26,14.66,8.1774,2.226730672745,4.61,0.317705405111,18.0861820069,航运港口,2025-10-31,2024-09-30
601860,紫金银行,0.37,3460735000.0,2.0850724916,-8.6976,1351143000.0,0.16,-13.1025,5.265028963257,7.07,2.36804934257,,银行Ⅱ,2025-10-31,2024-09-30
601858,中国科传,0.28,1867428836.17,0.1108878759,-15.1224,217935944.24,-26.07,-27.913,6.524301962049,4.18,0.052126011739,27.9523877001,出版,2025-10-31,2024-09-30
601857,中国石油,0.73,2257694000000.0,-1.0709708234,-5.2954,132784000000.0,0.7,2.2946,8.141175056414,8.9,1.814868239164,21.5898611592,炼化及贸易,2025-10-31,2024-09-30
601828,美凯龙,-0.43,6105328940.02,-29.6247031716,-11.0185,-1886834620.45,-245.1947523805,28.1173,10.943874247699,-3.88,-0.122032340351,59.423731255,一般零售,2025-10-31,2024-09-30
601825,沪农商行,1.09,20483847000.0,0.3393655129,-3.8866,10485188000.0,0.81,2.793,12.398249964724,8.9025,3.205997937603,,银行Ⅱ,2025-10-31,2024-09-30
601818,光大银行,0.57,102399000000.0,-8.7596899225,-7.7291,38414000000.0,1.92,15.4714,8.043174356023,7.245,-0.601225332566,,银行Ⅱ,2025-10-31,2024-09-30
601816,京沪高铁,0.2039,32355133669.92,4.7718979097,6.8468,10015192272.01,12.35,7.7956,4.069234811344,5.05,0.320574669154,48.1660844297,铁路公路,2025-10-31,2024-09-30
601811,新华文轩,0.72,8437722940.37,5.6074063158,-20.0384,891181597.6,-5.24,-65.5748,11.215670994545,6.58,0.624902649863,35.727648455,出版,2025-10-31,2024-09-30
601800,中国交建,0.94,536636414787.0,-2.2565916052,-0.7503,16274469983.0,-0.61,-7.2725,17.301823053867,5.6,-4.73187439358,11.5364199259,基础建设,2025-10-31,2024-09-30
601788,光大证券,0.37,6406439613.57,-17.3905036721,12.2771,1990387649.23,-54.33,-15.2849,12.566443874441,2.93,7.601433606118,,证券Ⅱ,2025-10-31,2024-09-30
601778,晶科科技,0.06,3889547406.1,11.0298486628,71.7594,219810098.32,-43.55,-29.2008,4.289405388726,1.41,0.165412478065,40.070817739,电力,2025-10-31,2024-09-30
601777,千里科技,0.0088,4814750747.43,11.1866610927,15.5138,39947394.04,-35.34,27.899,2.311177103339,0.38,0.119590260943,9.0790899602,摩托车及其他,2025-10-31,2024-09-30
601766,中国中车,0.25,152592557000.0,6.6816083668,8.101,7245385000.0,17.77,-4.6488,5.696578512655,4.44,0.262910162576,21.2062486115,轨交设备Ⅱ,2025-10-31,2024-09-30
601727,上海电气,0.063,76595171000.0,-2.27,-8.7252,982085000.0,-7.67,-72.5197,3.437258356875,1.75,0.001567798415,18.6546352553,其他电源设备Ⅱ,2025-10-31,2024-09-30
601700,风范股份,0.075,2561577061.95,14.8377021638,-18.1838,85367924.14,113.57,-76.2144,2.350213681361,3.17,-0.102808097112,15.9346071162,电网设备,2025-10-31,2024-09-30
601698,中国卫通,0.1138,1758030358.88,-5.5709079605,1.1112,480862124.85,18.42,-75.0553,3.709080538149,3.1187,0.175249071573,29.530026457,航天装备Ⅱ,2025-10-31,2024-09-30
601696,中银证券,0.24,1920670513.38,-12.8732698644,6.9903,660622092.47,-18.48,6.345,6.393512846638,3.77,5.306355553906,,证券Ⅱ,2025-10-31,2024-09-30
601689,拓普集团,1.33,19351994990.91,36.746686784,9.1307,2234055468.46,39.89,-4.074,11.067873142299,12.43,0.675455015287,21.1725190151,汽车零部件,2025-10-31,2024-09-30
601688,华泰证券,1.33,24103077504.86,-11.4809953042,23.3556,12521315295.34,30.63,138.8006,17.707951215797,7.59,10.510847703764,,证券Ⅱ,2025-10-31,2024-09-30
601678,滨化股份,0.1,7565392617.81,39.2008200126,15.2905,189228286.07,-32.33,11.1143,5.532722545499,1.66,0.156506943131,10.3301227665,化学原料,2025-10-31,2024-09-30
601669,中国电建,0.4848,426794182829.71,1.2799242969,-2.8171,8777834771.48,-7.21,-25.0686,7.913345516068,6.24,-2.723422477719,12.4139604568,基础建设,2025-10-31,2024-09-30
601668,中国建筑,0.96,1626540973000.0,-2.6747076838,-19.0455,39702451000.0,-9.05,-29.4248,10.749343420125,9.04,-1.850730715326,8.8271254388,房屋建设Ⅱ,2025-10-31,2024-09-30
601665,齐鲁银行,0.66,9484825000.0,4.2581873866,-9.3612,3442308000.0,17.19,-6.3962,7.658850703943,8.97,3.392154502493,,银行Ⅱ,2025-10-31,2024-09-30
601658,邮储银行,0.71,260349000000.0,0.0872667441,-4.3487,75818000000.0,0.22,17.9737,8.38004860782,8.8425,2.833664444691,,银行Ⅱ,2025-10-31,2024-09-30
601636,旗滨集团,0.2621,11600466060.93,3.7187717049,-9.032,699139864.74,-43.77,-130.3502,4.934332716837,5.11,0.111241899658,19.0051907531,玻璃玻纤,2025-10-31,2024-09-30
601628,中国人寿,3.7,427180000000.0,54.8387564474,70.3937,104523000000.0,173.9,275.6663,20.049672740138,19.95,12.262550857952,,保险Ⅱ,2025-10-31,2024-09-30
601618,中国中冶,0.24,412617474000.0,-11.7065093393,-23.5851,6830755000.0,-16.53,82.2481,4.925347836206,4.99,-1.483119912598,9.0435677962,专业工程,2025-10-31,2024-09-30
601616,广电电气,0.0562,736190921.41,32.0565721927,18.1481,47952907.02,197.6,5.593,2.875560500221,1.9,0.072843477592,28.2421933758,电网设备,2025-10-31,2024-09-30
601615,明阳智能,0.36,20236621066.72,-4.1444909587,25.5903,808510813.26,-34.58,-58.523,11.900329398362,2.93,-2.041492026279,10.4953231024,风电设备,2025-10-31,2024-09-30
601611,中国核建,0.45,78928821148.48,0.4271934876,-5.0403,1455051869.42,3.08,25.5831,6.66192528244,7.02,-4.536400825843,10.2025627856,基础建设,2025-10-31,2024-09-30
601607,上海医药,1.09,209628733748.35,6.1366629576,1.3792,4054178132.43,6.78,-20.5316,19.129075006568,5.74,0.751216406509,11.0562495479,医药商业,2025-10-31,2024-09-30
601601,中国太保,3.98,310564000000.0,21.3491399858,16.8579,38310000000.0,65.5,-1.4582,28.413097713098,14.6,13.383264033264,,保险Ⅱ,2025-10-31,2024-09-30
601595,上海电影,0.24,559754150.79,-11.0678798356,4.6727,107409655.68,-13.74,66.8663,3.803087966801,6.37,0.041807141254,24.2728400135,影视院线,2025-10-31,2024-09-30
601588,北辰实业,-0.28,4730946624.0,-54.9002595232,-23.766,-928101569.0,-3505.43,66.3835,3.442047583323,-7.62,0.153319854649,29.2421473111,房地产开发,2025-10-31,2024-09-30
601577,长沙银行,1.54,19470549000.0,3.8347984275,-0.8228,6186557000.0,5.85,1.8891,16.179814817854,9.84,-11.529929972344,,银行Ⅱ,2025-10-31,2024-09-30
601555,东吴证券,0.37,5370053514.33,-33.1756613372,19.7953,1831554003.0,4.93,-6.0571,8.144715433291,4.55,4.633048012171,,证券Ⅱ,2025-10-31,2024-09-30
601515,衢州东峰,-0.1,1047262342.33,-50.5904929234,7.1236,-190354246.94,-180.21,57.6391,2.933230890534,-3.41,0.003776700841,21.0488567105,包装印刷,2025-10-31,2024-09-30
601456,国联民生,0.14,2004892871.86,-20.035133079,0.7188,395852452.2,-45.53,0.548,6.485196331502,2.18,4.582744611386,,证券Ⅱ,2025-10-31,2024-09-30
601398,工商银行,0.72,626422000000.0,-3.8150193162,2.6249,269025000000.0,0.13,19.0113,10.035546439885,7.3275,3.022522004338,,银行Ⅱ,2025-10-31,2024-09-30
601390,中国中铁,0.784,820283313000.0,-7.262371819,-1.1173,20569710000.0,-14.33,-7.4349,11.9872484862,7.11,-2.879011443345,8.7950529879,基础建设,2025-10-31,2024-09-30
601377,兴业证券,0.1438,6628544901.87,-25.1552135201,13.4402,1320068057.54,-16.51,-38.3373,6.246253661618,2.31,3.967145011743,,证券Ⅱ,2025-10-31,2024-09-30
601375,中原证券,0.0351,1292372031.84,-12.506080514,-83.1075,163169587.25,-21.49,-154.0555,3.010435618311,1.17,1.124238481824,,证券Ⅱ,2025-10-31,2024-09-30
601360,三六零,-0.08,5608987000.0,-16.7554373266,-2.7934,-578901000.0,-57.0280013346,-2.6052,4.276061014341,-1.86,-0.0329564773,64.4610871803,软件开发,2025-10-31,2024-09-30
601339,百隆东方,0.28,6074297911.51,19.2940046542,-3.2389,412666002.04,-25.37,17.9721,6.45009173098,4.24,0.829558175853,11.3872940428,纺织制造,2025-10-31,2024-09-30
601336,新华保险,6.63,106956000000.0,72.9140732358,76.4393,20680000000.0,116.7,56.2775,29.179166666667,21.0,28.457692307692,,保险Ⅱ,2025-10-31,2024-09-30
601333,广深铁路,0.171,20030021093.0,4.438597718,12.3485,1209219720.0,18.67,-18.7229,3.843591318715,4.51,0.30546455916,9.2437434559,铁路公路,2025-10-31,2024-09-30
601328,交通银行,0.84,196123000000.0,-1.39072548,-2.3159,68690000000.0,-0.69,15.2914,12.834278173518,6.795,-1.557451220662,,银行Ⅱ,2025-10-31,2024-09-30
601319,中国人保,0.82,469576000000.0,12.2,15.4629,36331000000.0,77.2,-0.5829,6.052392366136,14.2,1.831833393632,,保险Ⅱ,2025-10-31,2024-09-30
601288,农业银行,0.56,540212000000.0,1.2850655657,-4.1131,214372000000.0,3.38,19.8058,7.268130166322,8.0925,5.357345928231,,银行Ⅱ,2025-10-31,2024-09-30
601279,英利汽车,0.028,3478994843.93,-10.862805683,-7.6855,44445862.29,-30.91,-56.1093,2.693531844778,1.04,0.212424251423,10.605463596,汽车零部件,2025-10-31,2024-09-30
601236,红塔证券,0.14,1624833871.88,85.5164613972,-6.7803,651996079.68,203.85,-38.4886,5.036354093713,2.79,0.160955136406,,证券Ⅱ,2025-10-31,2024-09-30
601229,上海银行,1.24,39541807000.0,0.6844267509,1.0737,17586981000.0,1.4,-32.2679,15.931531893498,7.7925,1.680939020698,,银行Ⅱ,2025-10-31,2024-09-30
601228,广州港,0.108,10050890647.37,3.5258127559,-9.2323,823551301.82,-7.08,-25.5627,2.738248055677,4.01,0.359391015296,24.6339370311,航运港口,2025-10-31,2024-09-30
601226,华电科工,0.0928,4926212263.35,25.1033834768,20.387,107623817.67,29.94,-47.095,3.658685778776,2.54,-0.452744539259,11.9797737008,专业工程,2025-10-31,2024-09-30
601222,林洋能源,0.45,5165890316.73,8.7610294932,-10.8186,910130635.04,6.95,-18.176,7.680307744735,5.79,0.303135411008,32.4757709297,电网设备,2025-10-31,2024-09-30
601211,国泰海通,1.01,22763468276.0,-15.7827597733,31.3047,9523020776.0,10.38,78.378,17.019007800238,5.97,4.022863592542,,证券Ⅱ,2025-10-31,2024-09-30
601198,东兴证券,0.292,3002211701.52,-0.1821035123,10.0332,942923031.93,100.73,70.0099,8.534036785313,3.44,-2.414104579374,,证券Ⅱ,2025-10-31,2024-09-30
601188,龙江交通,0.115,414912542.93,-13.9459265174,72.105,151596667.97,-17.82,184.9243,3.481334162862,3.3,0.147559837974,47.0509985987,铁路公路,2025-10-31,2024-09-30
601186,中国铁建,1.02,758125120000.0,-5.9938352177,0.3319,15695439000.0,-19.18,-35.4572,19.054654199678,5.56,-6.555302233315,9.1585788636,基础建设,2025-10-31,2024-09-30
601169,北京银行,0.97,52151000000.0,4.849313416,-9.18,21010000000.0,1.9,-10.067,12.576360970534,7.9875,3.464881994041,,银行Ⅱ,2025-10-31,2024-09-30
601166,兴业银行,2.9,164217000000.0,1.8109562543,-7.4477,63006000000.0,-3.02,6.6478,36.065225762973,8.19,-12.75892943102,,银行Ⅱ,2025-10-31,2024-09-30
601163,三角轮胎,1.1,7611639687.75,-3.2782276089,-0.3592,883562731.07,-16.44,-14.5937,16.5321340826,6.73,0.956608996138,18.5797400867,汽车零部件,2025-10-31,2024-09-30
601162,天风证券,-0.06,1340647363.62,-48.3747007339,15.0197,-536408839.21,-226.43,-507.4024,2.659618984965,-2.3,0.585368783789,,证券Ⅱ,2025-10-31,2024-09-30
601156,东航物流,1.3,17673940228.02,24.1890622061,5.3726,2067012705.77,24.14,14.7447,11.030745375231,12.54,1.439773468192,19.1856451981,物流,2025-10-31,2024-09-30
601155,新城控股,0.64,51563001809.0,-27.6610565152,-9.6632,1454536308.0,-41.31,-87.4939,27.278166558887,2.39,0.789791792214,20.1879714714,房地产开发,2025-10-31,2024-09-30
601127,赛力斯,2.67,106626512436.57,539.2428937419,8.0508,4037930619.5,276.0181450977,71.7695,8.935276757612,30.42,13.254792892765,25.2312328993,乘用车,2025-10-31,2024-09-30
601113,华鼎股份,0.29,5994748450.97,-5.3910717356,-34.3467,324270685.21,96.25,96.3845,3.278749869332,9.38,0.590076641642,17.2600893151,化学纤维,2025-10-31,2024-09-30
601111,中国国航,0.09,128149919000.0,21.4957832688,23.2546,1361747000.0,72.06,474.0171,2.443282458665,3.44,1.852624788173,6.5578098415,航空机场,2025-10-31,2024-09-30
601107,四川成渝,0.3671,7358966564.11,-7.9202789126,-40.6855,1122636383.67,0.31,38.4341,5.256672694627,7.02,0.886179807002,33.8643707363,铁路公路,2025-10-31,2024-09-30
601106,中国一重,-0.0267,13602540222.47,-8.9257118208,-4.4871,-182962169.89,-455.74,77.5854,1.287993198562,-2.0518,-0.036059186342,7.0127730663,专用设备,2025-10-31,2024-09-30
601086,国芳集团,0.05,598297223.5,-19.0584633209,-2.8416,35551590.72,-72.34,-88.6737,2.320405905676,2.2,0.14593087003,45.9797049685,一般零售,2025-10-31,2024-09-30
601083,锦江航运,0.56,4264415003.72,7.7918509239,10.9741,719039549.63,2.98,108.1913,6.370348994784,8.74,1.122877395064,25.3600459971,航运港口,2025-10-31,2024-09-30
601066,中信建投,0.45,13172653118.96,-28.3462976074,-8.5474,4297351482.78,-24.49,-11.6672,9.572562889584,4.71,2.34245061782,,证券Ⅱ,2025-10-31,2024-09-30
601021,春秋航空,2.67,15976745748.0,13.28843916,29.6274,2604247333.0,-2.73,125.8503,18.104119026542,15.45,5.634137640176,19.0532173448,航空机场,2025-10-31,2024-09-30
601019,山东出版,0.46,8515170111.54,5.757260347,-26.002,969344631.56,-22.68,-60.4799,7.00622867123,6.32,0.26235965225,36.436112887,出版,2025-10-31,2024-09-30
601012,隆基绿能,-0.86,58592695599.44,-37.7336799974,-3.7934,-6485532106.05,-155.62,56.4045,8.216991482526,-9.69,-1.104121375638,7.9783504194,光伏设备,2025-10-31,2024-09-30
601008,连云港,0.116,1936977733.02,3.3596033854,-1.9472,143301317.78,1.25,-6.8753,3.258345493278,3.58,0.580834973671,24.8128122841,航运港口,2025-10-31,2024-09-30
601005,重庆钢铁,-0.15,20598066793.49,-31.3690827687,-25.0019,-1349750756.89,-127.8743407537,-85.8293,2.069176665586,-7.05,0.122240815083,-5.2485782339,普钢,2025-10-31,2024-09-30
600999,招商证券,0.77,14279272406.54,-3.9799401316,-11.5618,7149509482.88,11.68,-7.2828,12.76078747058,6.12,8.785001316247,,证券Ⅱ,2025-10-31,2024-09-30
600992,贵绳股份,-0.0945,1509681462.84,-0.4169729985,-15.7835,-23156583.91,-201.36,-1735.677,5.987283871272,-1.55,-0.635561874821,9.5812192546,通用设备,2025-10-31,2024-09-30
600986,浙文互联,0.11,5597993856.81,-32.0679840121,3.7955,157644123.43,37.67,158.951,3.477929693069,3.07,-0.123492405362,8.6595834547,广告营销,2025-10-31,2024-09-30
600985,淮北矿业,1.58,56785931751.93,1.957696676,-2.4246,4139229732.33,-18.17,-10.5215,15.523820753727,10.21,2.89203889179,17.5771178127,煤炭开采,2025-10-31,2024-09-30
600984,建设机械,-0.4995,1982153204.65,-18.7104784249,-18.0709,-627831757.52,-79.0,-13.1957,3.687623386725,-12.69,0.016229923047,-1.563642128,工程机械,2025-10-31,2024-09-30
600982,宁波能源,0.1772,3087656853.53,-36.183500751,-2.3643,197248404.73,-22.1,-23.836,3.794853374065,4.69,0.45561951852,12.6880737723,电力,2025-10-31,2024-09-30
600979,广安爱众,0.1919,2332756049.67,15.7106299536,21.2762,240235447.6,59.68,29.3366,3.631514778802,5.37,0.336975345266,33.0742092787,电力,2025-10-31,2024-09-30
600973,宝胜股份,0.018,35443862897.8,5.3602844279,6.3603,24987166.73,-73.0,438.3862,2.788918781936,0.66,-0.593679362918,4.7199786447,电网设备,2025-10-31,2024-09-30
600966,博汇纸业,0.1206,13967073588.89,2.1153730868,-3.2618,149174960.48,260.5541083343,-40.5945,5.066056945048,2.22,0.104002607939,10.7221582699,造纸,2025-10-31,2024-09-30
600962,国投中鲁,0.0033,1132122153.56,14.5616438196,14.4987,870541.45,-97.64,96.6905,3.337605179474,0.1,1.340009660692,14.927503972,农产品加工,2025-10-31,2024-09-30
600960,渤海汽车,-0.1995,3306815840.0,-5.8013489101,-16.5386,-189653071.11,-77.7021365456,-11.9919,4.773512239376,-4.21,0.050208365099,5.8398723565,汽车零部件,2025-10-31,2024-09-30
600958,东方证券,0.37,9117648632.32,-33.4236187887,11.0256,3302049264.3,15.57,-2.8131,8.977268739585,4.16,-0.838878945535,,证券Ⅱ,2025-10-31,2024-09-30
600956,新天绿能,0.35,15789319757.24,20.3131111245,-13.6674,1495375201.4,-0.74,-88.993,5.109659225851,6.96,0.68616835195,19.9105872059,电力,2025-10-31,2024-09-30
600939,重庆建工,-0.0337,20146077845.14,-37.71,-44.6335,-52628584.54,-128.12,46.7758,4.153272949543,-0.63,-0.631462412235,6.7720843303,房屋建设Ⅱ,2025-10-31,2024-09-30
600938,中国海油,2.45,326024000000.0,6.2600833722,-13.9182,116659000000.0,19.5,-7.7077,15.123789100279,16.43,3.84532246889,54.451819498,油气开采Ⅱ,2025-10-31,2024-09-30
600928,西安银行,0.43,5528823000.0,9.6859417759,9.8236,1927036000.0,1.1382166732,-9.7907,7.343048534305,6.07,-1.318864856886,,银行Ⅱ,2025-10-31,2024-09-30
600926,杭州银行,2.29,28494311000.0,3.8708170845,-4.4289,13869912000.0,18.63,-20.3533,17.581952512256,13.51,3.389044174583,,银行Ⅱ,2025-10-31,2024-09-30
600919,江苏银行,1.5,62303047000.0,6.1781407897,0.2536,28234893000.0,10.06,-1.9044,12.66832753509,12.25,-0.224001924672,,银行Ⅱ,2025-10-31,2024-09-30
600918,中泰证券,0.06,7424055939.92,-19.9616204254,-9.1509,502625535.41,-73.45,45.0244,5.337863174684,1.09,4.010351249461,,证券Ⅱ,2025-10-31,2024-09-30
600916,中国黄金,0.44,46574664690.52,12.7340231224,-32.4482,745568480.03,0.64,-34.4326,4.390735511952,9.93,0.25809737472,4.2010092591,饰品,2025-10-31,2024-09-30
600906,财达证券,0.11,1704958065.4,-3.2075591686,-7.5588,369877559.24,-33.24,-0.2306,3.582221847427,3.17,1.707082534025,,证券Ⅱ,2025-10-31,2024-09-30
600905,三峡能源,0.1779,21771529420.89,12.8699287436,-6.4061,5092273491.19,-6.31,-34.766,2.99191602436,5.98,0.497523143807,53.4518762378,电力,2025-10-31,2024-09-30
600900,长江电力,1.1454,66330680745.55,14.6495985106,64.4582,28024923212.82,30.2,125.308,8.600639033852,13.54,1.947355714185,61.1917078079,电力,2025-10-31,2024-09-30
600897,厦门空港,0.8902,1420473191.9,13.8602101883,5.7688,371173949.64,38.42,-6.1973,10.576127004442,8.64,1.198279456773,36.0322976835,航空机场,2025-10-31,2024-09-30
600895,张江高科,0.33,1682512627.12,-3.6557590386,86.4525,511019707.53,-33.09,66.2283,8.115863974203,4.03,-1.47375526957,58.5531665796,房地产开发,2025-10-31,2024-09-30
600893,航发动力,0.27,25956397704.3,-1.3348590365,-39.648,726159154.01,-29.56,-70.1227,14.939737555124,1.82,-6.481103131744,11.1357295045,航空装备Ⅱ,2025-10-31,2024-09-30
600892,大晟文化,-0.03,115041612.64,-30.0707818839,-2.0051,-15484593.67,-253.96,101.009,0.223690357478,-11.65,-0.061331400197,91.5023470589,游戏Ⅱ,2025-10-31,2024-09-30
600888,新疆众和,0.6422,5504533150.73,13.2689450602,-4.2249,872004517.15,-24.28,-23.3567,7.668115358298,8.6,0.363457806146,12.1253784135,工业金属,2025-10-31,2024-09-30
600887,伊利股份,1.71,89039388538.88,-8.5879907428,6.5366,10868480345.34,15.87,107.5052,8.832505092072,19.32,2.178714170602,34.8065676291,饮料乳品,2025-10-31,2024-09-30
600886,国投电力,0.8634,44395208099.42,4.3397212301,33.0907,6577795629.35,8.69,65.9098,7.559000383511,11.63,2.865702755397,39.9616244368,电力,2025-10-31,2024-09-30
600885,宏发股份,0.8696,10869000223.68,9.9736534239,-3.7204,1269452759.13,15.07,-12.9605,8.441583034636,14.48,1.156046237326,35.0593458458,电网设备,2025-10-31,2024-09-30
600884,杉杉股份,0.011,13283634838.46,-9.6921398808,-11.9143,23212871.27,-98.07,-93.7942,9.761034925764,0.105,0.445231729206,15.2113404799,电池,2025-10-31,2024-09-30
600883,博闻科技,0.2475,20499751.17,139.6275317459,-60.5227,58424692.02,-28.88,21.8321,4.055878862755,6.264,-0.162961225391,6.4615348694,种植业,2025-10-31,2024-09-30
600882,妙可蓝多,0.169,3594396768.27,-9.3957322394,71.8164,85042506.93,571.67,-76.7079,8.553806404664,1.82,0.941073150661,28.9315661574,饮料乳品,2025-10-31,2024-09-30
600877,电科芯片,0.0498,726481253.76,-14.2366247951,-17.9787,58956695.17,-42.65,7.8388,2.071419881985,2.0,-0.121735551821,30.5469898282,半导体,2025-10-31,2024-09-30
600876,凯盛新能,-0.38,3694749184.35,-21.9076584593,-53.5429,-247291596.56,-224.98,-297.5117,6.783381919658,-5.49,-0.123927887939,1.9791913594,玻璃玻纤,2025-10-31,2024-09-30
600875,东方电气,0.84,47849173440.52,6.8869988984,-21.7993,2624741556.01,-9.86,18.7813,12.340822094927,6.8,1.938554764865,14.4838635206,其他电源设备Ⅱ,2025-10-31,2024-09-30
600868,梅雁吉祥,0.0061,254732306.54,7.0379557864,0.6746,11626168.65,-64.6,-102.2961,1.191050617142,0.0511,0.03271854275,37.5558049583,电力,2025-10-31,2024-09-30
600860,京城股份,-0.03,1114845789.14,9.7555724267,-14.5172,-16066686.09,67.7457968856,-503.1467,1.92990288086,-1.52,-0.250617843407,15.5628860485,通用设备,2025-10-31,2024-09-30
600859,王府井,0.377,8499249665.03,-8.2687220787,-9.6521,426771813.59,-34.13,46.4476,17.490120113577,2.153,1.443572557518,40.1748379782,一般零售,2025-10-31,2024-09-30
600857,宁波中百,-0.04,701432271.47,-27.3511716539,-6.4412,-8012521.42,-111.38,176.0451,3.763434724047,-0.94,0.09428789282,5.9172579518,一般零售,2025-10-31,2024-09-30
600847,万里股份,-0.16,380577295.71,-4.9255042656,-22.2324,-24957494.52,-86.5225197299,-98.2863,4.163993039806,-3.84,-0.069747376888,4.8236044627,电池,2025-10-31,2024-09-30
600846,同济科技,0.49,2907283242.66,-35.5870761434,29.0773,306626574.85,8.24,-53.6799,6.375004476604,7.79,-0.077098781049,11.0662932685,工程咨询服务Ⅱ,2025-10-31,2024-09-30
600844,金煤科技,-0.1953,586854229.49,-9.6649607564,-5.3827,-198573656.37,-12.8875712358,-40.939,0.333997134667,-45.1493,-0.047967332358,-20.7454854071,化学原料,2025-10-31,2024-09-30
600843,上工申贝,-0.0548,3384972310.09,25.7055198296,-10.5592,-38755451.9,-141.48,-384.3885,4.506666658253,-1.1636,-0.070341267105,18.3685945464,专用设备,2025-10-31,2024-09-30
600835,上海机电,0.71,15685019093.44,-9.1431195693,-2.972,728395651.5,-10.44,-35.361,13.239473221851,5.36,1.394150292012,15.7567187588,专用设备,2025-10-31,2024-09-30
600833,第一医药,0.6604,1368880300.43,2.475852078,10.3483,147324925.33,156.21,-81.2922,5.021316686359,13.89,-0.231280278932,16.7147035083,医药商业,2025-10-31,2024-09-30
600830,香溢融通,0.126,298244039.08,53.44,7.1528,57280872.94,142.18,-31.2201,4.777949874387,2.669,-1.497664826432,63.2595034928,多元金融,2025-10-31,2024-09-30
600827,百联股份,0.9078,21617212795.9,-8.3129276702,1.574,1619721167.32,366.88,1543.5915,10.845574242486,8.72,0.948447306404,25.3784783157,一般零售,2025-10-31,2024-09-30
600825,新华传媒,0.009,796978044.33,2.2642152303,-59.9493,9792316.2,-65.37,-170.6448,2.365202170156,0.4,0.012685988645,32.3274870798,出版,2025-10-31,2024-09-30
600822,上海物贸,0.0923,3672925417.53,-36.3715076289,-21.1048,45783491.57,-64.44,-15.0818,2.424208349249,3.89,0.016169516668,6.0699407792,汽车服务,2025-10-31,2024-09-30
600821,金开新能,0.38,2829859599.73,9.3465646357,-9.015,746435327.95,1.2,-3.7029,4.70850619422,8.18,0.700560738048,56.3452931015,电力,2025-10-31,2024-09-30
600820,隧道股份,0.48,42902446221.21,-8.5371116862,6.7996,1499825607.14,0.35,109.0456,9.409947368651,5.11,0.759310693444,11.6513765389,基础建设,2025-10-31,2024-09-30
600819,耀皮玻璃,0.1,4129741308.01,4.1418580239,-2.5883,96261467.81,205.8194600535,-33.3874,3.701771514529,2.82,0.399934951316,16.0852115287,玻璃玻纤,2025-10-31,2024-09-30
600815,厦工股份,0.0042,562262727.04,-11.374419163,-36.8382,7511351.35,117.0554095927,-70.0707,0.857872302787,0.5,0.076786895307,24.7644447629,工程机械,2025-10-31,2024-09-30
600814,杭州解百,0.33,1321190410.1,-14.7659415915,-7.1591,239300780.35,-5.32,-41.0239,4.915726052191,6.76,0.903289664446,77.0633880057,一般零售,2025-10-31,2024-09-30
600809,山西汾酒,9.3,31357599777.43,17.248932073,16.2421,11349973607.12,20.34,36.9093,27.756150887989,33.87,9.373069142392,76.0312224475,白酒Ⅱ,2025-10-31,2024-09-30
600808,马钢股份,-0.3292,61513212884.0,-16.7806746691,-18.1736,-2534866334.0,-58.6437931084,-66.7208,3.256851166047,-9.57,0.329104848859,-0.3482623683,普钢,2025-10-31,2024-09-30
600807,济高发展,-0.05,269670339.68,-46.510323998,-59.0205,-45957250.87,17.7804933291,-37.0339,0.198728275795,-23.59,-0.074868895409,17.6955974753,医疗器械,2025-10-31,2024-09-30
600803,新奥股份,1.13,98777970000.0,2.9239526611,-3.1097,3491100000.0,12.51,-33.6437,7.318760513902,15.03,2.309038484513,13.7215140023,燃气Ⅱ,2025-10-31,2024-09-30
600793,宜宾纸业,-0.2477,1686311991.77,33.982866553,-9.0515,-43817678.93,26.3444617154,14.7601,2.54517261605,-7.72,1.804877046309,12.9949310216,造纸,2025-10-31,2024-09-30
600791,京能置业,-0.23,2931827902.48,36.0429999483,-5.4359,-102040471.34,56.9685312377,-1765.3478,1.513661919581,-12.36,-9.257116923181,16.8042271694,房地产开发,2025-10-31,2024-09-30
600790,轻纺城,0.16,717238416.32,12.0269724184,-1.344,220874226.33,-8.4,-65.3895,4.282474071561,3.6,0.219526739901,47.7735788774,一般零售,2025-10-31,2024-09-30
600789,鲁抗医药,0.39,4666958713.84,-1.3716818859,-6.2991,347058438.6,80.24,-79.7571,4.332481413537,9.23,0.450348207382,21.8208800616,化学制药,2025-10-31,2024-09-30
600783,鲁信创投,0.42,58930875.94,-24.1634735872,-15.6566,310309054.07,955.28,-80.9102,6.538216735452,6.54,-0.014487883804,39.4898617385,通用设备,2025-10-31,2024-09-30
600779,水井坊,2.3144,3788039145.29,5.5639549963,163.579,1125019374.46,10.03,1472.6305,10.180471020807,23.64,1.583991363584,82.9353549518,白酒Ⅱ,2025-10-31,2024-09-30
600777,新潮能源,0.2429,6430063960.78,-0.8228328033,-6.8554,1651802176.48,-11.84,-13.9808,3.173826881657,7.8903,0.819677321472,50.5470792903,油气开采Ⅱ,2025-10-31,2024-09-30
600774,汉商集团,0.0084,903786703.47,-11.0649083555,-3.9962,2492970.62,-96.38,-44.6292,5.686145623117,0.1487,0.460914078854,54.0167976554,化学制药,2025-10-31,2024-09-30
600773,西藏城投,-0.164,223054424.37,-84.4425322233,-1.8193,-149065357.31,-342.35,11.7162,4.910633268083,-3.51,-0.86587931395,55.1816883784,房地产开发,2025-10-31,2024-09-30
600765,中航重机,0.69,8324634931.61,4.4778181295,-27.3154,1021480253.43,-1.42,-27.7128,8.313089668771,8.48,-0.407601688935,31.1007691648,航空装备Ⅱ,2025-10-31,2024-09-30
600764,中国海防,0.2098,1872092620.04,-3.4914995797,-10.6317,149069126.96,21.5,3.1326,11.419912062545,1.83,-0.263032009993,35.546573274,航海装备Ⅱ,2025-10-31,2024-09-30
600759,ST洲际,0.0394,1919998128.1,-6.0869369408,-14.8971,155593890.7,162.76,281.241,1.988714560998,1.89,0.075483715922,58.6613115032,油气开采Ⅱ,2025-10-31,2024-09-30
600758,辽宁能源,0.05,3882707575.23,-4.1316119696,13.2665,59770535.91,-5.58,167.951,4.107615555548,1.12,0.143774658301,21.2065755972,煤炭开采,2025-10-31,2024-09-30
600756,浪潮软件,-0.29,1033295551.88,-23.6959158515,55.1688,-94738685.23,-477.7786754661,89.7676,6.849730876502,-4.17,-1.671232035688,39.7486756778,IT服务Ⅱ,2025-10-31,2024-09-30
600755,厦门国贸,0.14,286328899115.8,-28.5455947828,-7.3336,712025958.54,-61.83,-129.5541,9.421865373396,1.42,0.778743899097,1.4304329408,物流,2025-10-31,2024-09-30
600754,锦江酒店,1.03,10790338252.67,-2.5469995867,5.7653,1105665079.29,12.13,-60.7571,15.858060090774,6.49,3.241810950677,41.4755887046,酒店餐饮,2025-10-31,2024-09-30
600751,海航科技,0.0385,836239806.63,167.9085952487,41.5523,111678558.05,-61.23,-53.7584,2.568948890403,1.51,0.055459336036,6.5168275652,航运港口,2025-10-31,2024-09-30
600744,华银电力,0.017,6162762166.22,-21.7944804565,93.8042,33810810.28,70.52,1154.6982,0.604761222863,1.95,0.917898905441,7.927092604,电力,2025-10-31,2024-09-30
600742,富维股份,0.5396,14147386215.22,-6.3001618709,0.2891,400939643.6,-7.42,-18.214,11.367881386817,4.98,1.443729953096,10.4463076774,汽车零部件,2025-10-31,2024-09-30
600738,丽尚国潮,0.15,516197736.46,-25.691260065,-0.7376,107481652.17,37.79,284.2562,2.582720754764,5.5,-0.010365378925,67.0586558058,一般零售,2025-10-31,2024-09-30
600736,苏州高新,0.12,6545160619.81,9.0774680202,3.743,236987792.2,-13.15,204.7026,6.487496769682,1.85,-1.440684295956,15.5687009626,房地产开发,2025-10-31,2024-09-30
600735,ST新华锦,0.0981,1305833954.67,-24.5150249861,-1.3193,42084546.29,-31.91,49.9027,3.209023575542,3.0822,0.28093012066,24.8264970168,饰品,2025-10-31,2024-09-30
600732,爱旭股份,-1.55,7896205843.83,-65.0874991418,3.2463,-2831201241.26,-250.0,34.2918,3.342856465269,-38.59,-2.429737508229,-8.7088085508,光伏设备,2025-10-31,2024-09-30
600731,湖南海利,0.3591,1707352296.44,-0.2397106621,-4.3477,200632538.73,-17.9,8.7863,5.539029518425,6.54,0.225475176168,24.5507025049,农化制品,2025-10-31,2024-09-30
600730,*ST高科,0.045,96480572.38,3.8006777297,-40.811,26691521.96,410.38,-69.7985,3.049715190487,1.5,0.005278221938,76.5088991795,教育,2025-10-31,2024-09-30
600728,佳都科技,-0.0905,4830573369.86,29.9655440605,-1.6855,-193051577.11,-205.38,88.2423,3.489234751815,-2.53,-0.377389744727,12.6670313959,IT服务Ⅱ,2025-10-31,2024-09-30
600727,鲁北化工,0.45,4069291046.37,9.2937176891,-1.8185,237126968.1,503.57,-5.5108,6.006296028665,7.87,0.65475456314,13.4442448575,化学原料,2025-10-31,2024-09-30
600720,中交设计,0.4756,6727142451.17,-22.9898631638,-36.6721,980648758.46,2.76,-33.9998,6.915871319205,7.72,-0.671642063018,28.5647267378,工程咨询服务Ⅱ,2025-10-31,2024-09-30
600716,凤凰股份,-0.0306,136083223.8,-51.3705655171,-25.036,-28631852.71,-162.05,-934.0862,5.685348916794,-0.55,0.036905954624,25.7767708983,房地产开发,2025-10-31,2024-09-30
600715,文投控股,-0.21,306394470.52,-31.8544070641,17.1699,-397717298.87,-189.8762447954,-85.6401,-0.77165031248,,0.014989132759,22.7107541307,游戏Ⅱ,2025-10-31,2024-09-30
600713,南京医药,0.34,40938180822.52,0.9653002974,3.2117,441882390.22,0.36,-14.2391,5.126507475884,6.67,-2.210168958062,6.1645157444,医药商业,2025-10-31,2024-09-30
600707,彩虹股份,0.343,9002974517.48,4.6119119329,-7.2179,1229035965.37,301.85,-50.9191,5.993190817192,5.88,0.91303334403,21.7886505722,光学光电子,2025-10-31,2024-09-30
600698,湖南天雁,0.001,298505605.07,-16.7877501052,-1.5204,1233041.09,-71.35,-79.4129,0.714480108637,0.16,-0.025076014294,11.4109086669,汽车零部件,2025-10-31,2024-09-30
600694,大商股份,1.54,5288043884.22,-6.8212496569,2.7852,531240254.74,17.99,-51.7391,27.604278300624,6.22,1.791088471559,41.3482337608,一般零售,2025-10-31,2024-09-30
600691,潞化科技,-0.1629,7917721972.29,-27.9180636549,14.5133,-387075446.71,-68.27,59.5762,1.796243836679,-8.69,-0.08690205223,4.957709456,农化制品,2025-10-31,2024-09-30
600690,海尔智家,1.64,212805485073.14,7.120817037,1.0558,15148238900.5,15.27,-16.1675,11.64739659539,14.37,1.5374339282,27.1192411873,白色家电,2025-10-31,2024-09-30
600689,上海三毛,0.081,813224771.73,1.9129660314,61.9315,16336869.43,-19.67,-5.6072,2.286269856956,3.62,-0.178705389217,5.5946036448,综合Ⅱ,2025-10-31,2024-09-30
600686,金龙汽车,0.11,14399821132.81,2.2395428945,-19.8172,76392451.56,34.73,-79.489,4.433663429806,2.42,1.815345716586,10.6565707218,商用车,2025-10-31,2024-09-30
600685,中船防务,0.1325,12686994741.32,29.8254210909,-33.153,187261791.37,673.83,-69.2587,13.141949011786,1.04,-3.465345315414,8.6915514049,航海装备Ⅱ,2025-10-31,2024-09-30
600684,珠江股份,0.02,1131228303.28,-59.8098126473,37.1403,17337021.24,122.8477051239,737.5505,0.541377559984,3.83,0.145154043873,19.5063917708,房地产服务,2025-10-31,2024-09-30
600683,京投发展,-1.47,1126270993.18,-88.8948946471,81.2147,-845117733.45,-1285.82,-944.7164,0.979172303263,-84.81,-10.348941700825,-0.9369417391,房地产开发,2025-10-31,2024-09-30
600682,南京新百,0.17,4871569389.3,2.4165515701,-3.0124,221561280.86,-44.31,59.0152,12.906935630025,1.28,0.406751602783,44.5419428087,综合Ⅱ,2025-10-31,2024-09-30
600681,百川能源,0.1284,3486172889.9,1.7987743614,1.9634,172225509.2,-35.15,30.5891,2.627471790753,4.72,0.024010955757,12.7527042445,燃气Ⅱ,2025-10-31,2024-09-30
600678,ST金顶,-0.0177,223532985.32,-6.195720818,13.1034,-6164199.36,-50.0409117226,223.3195,0.642109609846,-2.79,0.15411841984,22.8170112778,水泥,2025-10-31,2024-09-30
600676,交运股份,-0.22,3022559560.65,-21.1513641495,-1.7546,-225028518.2,-152.7,-56.6149,5.173273276409,-4.14,0.114455884862,3.71550552,体育Ⅱ,2025-10-31,2024-09-30
600675,中华企业,-0.09,1674871483.24,-82.3130261744,-0.1601,-527117151.79,-167.47,-27.5284,2.337737341402,-3.63,0.07449913564,24.0011514843,房地产开发,2025-10-31,2024-09-30
600666,奥瑞德,-0.01,290858993.76,20.2817204218,-18.0989,-27521986.21,83.8832188209,-306.44,0.355649298374,-2.6373,-0.024297881314,13.9367501469,IT服务Ⅱ,2025-10-31,2024-09-30
600658,电子城,-0.44,1537550141.78,-39.8735242653,0.409,-490608673.91,-4595.27,-249.0944,6.109532416411,-6.9,-0.676350980081,37.8903883203,房地产开发,2025-10-31,2024-09-30
600657,信达地产,-0.03,3499341894.56,-10.8709142409,-44.5664,-86727091.66,-133.54,-164.0035,8.603389500716,-0.35,-0.934769343195,28.9173731399,房地产开发,2025-10-31,2024-09-30
600655,豫园股份,0.299,36100820473.99,-8.7154741153,-17.6016,1159394392.63,-48.12,-98.1633,9.356047880035,3.171,0.653426163623,13.0601628951,一般零售,2025-10-31,2024-09-30
600654,中安科,0.0038,2041802998.83,4.5530273274,3.604,10689450.67,-65.22,-371.697,0.568094048672,0.67,-0.044984317742,15.9211364454,软件开发,2025-10-31,2024-09-30
600650,锦江在线,0.2968,1339284840.18,-10.3855032954,-1.7749,163732739.89,39.09,-3.65,7.294595881163,4.11,0.343980345686,17.2882857517,铁路公路,2025-10-31,2024-09-30
600649,城投控股,-0.09,915917730.3,-33.8379724925,13.4321,-216169515.37,-173.36,-18.423,8.078672688409,-1.05,2.279180230078,40.1832035612,房地产开发,2025-10-31,2024-09-30
600648,外高桥,0.39,5090464237.22,-6.5470439115,62.1703,437315091.34,-29.53,188.7123,11.023207979592,3.47,-2.305276734718,34.5634488447,房地产开发,2025-10-31,2024-09-30
600644,乐山电力,0.1274,2323390306.55,5.7044113998,-4.4427,68568750.78,-3.98,311.1251,3.508239716902,3.7,0.248882262178,16.6625938581,电力,2025-10-31,2024-09-30
600642,申能股份,0.669,22372458358.12,2.2083583283,54.9863,3280713116.96,31.05,5.5934,7.149839520087,9.44,1.2526456683,19.3550359821,电力,2025-10-31,2024-09-30
600639,浦东金桥,0.348,2033998649.61,-62.1107235968,6.9686,390595767.17,-75.9,-36.8464,12.55998224958,2.79,-0.109896303071,56.81978779,房地产开发,2025-10-31,2024-09-30
600638,新黄浦,0.083,1456990128.63,-46.0481265297,242.5775,55876615.69,-31.86,87.7655,6.638678227995,1.25,-0.691174951272,27.5282315019,房地产开发,2025-10-31,2024-09-30
600637,东方明珠,0.2138,5187732606.32,-7.4671165516,9.9816,718767896.19,-8.58,-3.0301,8.881967819754,2.4077,0.002798909022,32.5399723589,电视广播Ⅱ,2025-10-31,2024-09-30
600635,大众公用,0.06,4788881550.75,-2.2330994226,-26.6768,170339549.91,-37.65,-48.9986,2.849337760101,2.04,0.164919638671,16.7609370735,燃气Ⅱ,2025-10-31,2024-09-30
600628,新世界,0.1,806810686.48,0.0387549269,0.6914,65431380.13,26.79,-8.664,6.53157397396,1.55,0.179189772879,41.17676784,一般零售,2025-10-31,2024-09-30
600626,申达股份,-0.0403,8939723830.79,4.1810175955,-9.6584,-53226808.34,77.5727224978,-266.4707,2.382726707296,-1.68,0.311191119532,9.4215104522,汽车零部件,2025-10-31,2024-09-30
600624,ST复华,-0.047,476767356.22,-7.8643008844,-3.9045,-32208610.08,-565.95,-252.9982,1.087580218346,-4.08,-0.067764294145,37.4557397608,化学制药,2025-10-31,2024-09-30
600622,光大嘉宝,-0.28,1219047701.44,-64.9196779215,31.9346,-419675650.01,20.6123045509,76.2649,3.179871381998,-9.0,0.199165972758,39.2231205945,房地产开发,2025-10-31,2024-09-30
600619,海立股份,0.02,15173007610.24,13.3630829551,-22.3788,22710947.4,125.6947531247,72.54,5.686005604486,0.37,1.64134348638,11.0599036615,家电零部件Ⅱ,2025-10-31,2024-09-30
600617,国新能源,-0.01,11905797924.06,-2.2345069653,38.3806,-9980056.49,74.1891316826,4.6612,1.811778060265,-0.27,0.430154896114,8.3592758797,燃气Ⅱ,2025-10-31,2024-09-30
600616,金枫酒业,-0.04,354367069.28,-1.6809516053,44.3115,-29660087.99,-125.09,23.0545,2.885578931262,-1.51,-0.031696858431,39.2415932842,非白酒,2025-10-31,2024-09-30
600613,神奇制药,0.11,1563273519.07,-8.6095137202,-15.4767,59353789.97,-10.0,54.8825,4.408934431188,2.51,0.338983527299,48.8758732934,化学制药,2025-10-31,2024-09-30
600611,大众交通,0.09,2207113603.27,-30.9776984533,-16.6733,223511705.14,-20.19,19.0161,4.083368460566,2.33,0.211555620728,23.2116737073,铁路公路,2025-10-31,2024-09-30
600609,金杯汽车,0.222,3427098372.77,-13.2098143038,-5.7444,291686799.55,52.84,-24.6916,1.044844861903,24.03,0.620398998091,16.8727984266,汽车零部件,2025-10-31,2024-09-30
600606,绿地控股,0.02,160127304934.52,-36.8730422789,-29.9695,236607741.06,-90.4,-78.8831,5.77406820886,0.29,-0.586154904811,10.7928851273,房地产开发,2025-10-31,2024-09-30
600605,汇通能源,0.477,101920959.04,16.3341582659,1.5053,98417204.98,127.05,-76.9171,6.719450285317,7.49,0.279123298766,46.1732310834,一般零售,2025-10-31,2024-09-30
600597,光明乳业,0.08,18412967670.0,-10.8948881737,-9.4873,116361522.0,-63.94,-251.7847,6.341091645427,1.33,0.612367688568,19.2840345111,饮料乳品,2025-10-31,2024-09-30
600588,用友网络,-0.44,5738120114.0,0.532262282,-5.9915,-1455368589.0,-41.2441161673,-94.0172,2.556421133359,-15.78,-0.598808220811,48.8273963831,软件开发,2025-10-31,2024-09-30
600587,新华医疗,1.17,7423276804.99,1.4549461957,-15.8498,617001476.94,6.63,-51.4176,12.460334458738,8.33,-0.05960083632,26.3136010614,医疗器械,2025-10-31,2024-09-30
600586,金晶科技,0.2095,5061632594.36,-12.7976872929,-14.8197,296938098.35,-29.74,-78.7446,4.291849911105,4.96,0.316098438706,17.867337691,玻璃玻纤,2025-10-31,2024-09-30
600585,海螺水泥,0.99,68150360320.0,-31.2700233924,-6.8206,5198463674.0,-40.05,2.7143,35.004337213559,2.8,1.952668825707,19.541358645,水泥,2025-10-31,2024-09-30
600571,信雅达,-0.01,1276272908.92,-8.7734567338,27.8883,-5727087.56,-110.75,664.0777,2.402279178963,-0.49,-0.93696225481,22.9052716372,IT服务Ⅱ,2025-10-31,2024-09-30
600570,恒生电子,0.24,4187756325.06,-4.1178120298,-17.9807,445518785.78,-26.57,529.4285,4.338850543597,5.41,-0.522989016038,69.3092640658,软件开发,2025-10-31,2024-09-30
600569,安阳钢铁,-0.757,24169889350.12,-25.6720473053,-28.6687,-2175653622.31,-143.3784903305,-17.1333,1.304300268014,-45.0,-0.626488728176,-3.9261686187,普钢,2025-10-31,2024-09-30
600568,ST中珠,-0.0471,383899359.14,0.7992958731,8.5113,-92418454.93,64.0,36.0553,1.142528765803,-3.8383,0.003782616672,21.9227701991,医疗服务,2025-10-31,2024-09-30
600567,山鹰国际,0.016,21602124745.32,1.3614279318,-3.1394,68514584.28,158.8614811113,-160.4598,3.002195333365,0.5,0.758639569757,7.7458837911,造纸,2025-10-31,2024-09-30
600563,法拉电子,3.44,3439073688.39,19.7670245845,16.2626,774767524.51,8.43,9.9258,22.3272814544,15.94,4.240585088578,34.1133308338,元件,2025-10-31,2024-09-30
600557,康缘药业,0.54,3106799761.83,-11.1335184839,-5.6658,310128227.84,2.18,-21.858,8.852137472201,6.28,0.978072861533,74.21471363,中药Ⅱ,2025-10-31,2024-09-30
600552,凯盛科技,0.1184,3574274357.32,-5.463122712,42.297,111837975.39,16.41,152.0255,4.384185153925,2.71,-0.134090506415,18.684144011,光学光电子,2025-10-31,2024-09-30
600548,深高速,0.566,5859778932.6,-8.0283498114,22.3385,1374015126.12,-10.71,98.1385,8.360042049696,6.66,1.261897485536,39.0375445803,铁路公路,2025-10-31,2024-09-30
600543,*ST莫高,-0.08,224501623.09,61.5765533067,-21.0409,-27238268.63,-27.7707793603,-79.4807,2.598582996855,-3.17,-0.134973381041,19.4264253994,非白酒,2025-10-31,2024-09-30
600538,国发股份,-0.04,263478867.98,-6.9852552327,-2.7202,-20882634.26,-32.7773448876,-27.2271,1.618384595844,-2.43,-0.035929358862,24.9110629832,医疗器械,2025-10-31,2024-09-30
600537,*ST亿晶,-0.48,2709277524.0,-58.925178165,-56.0761,-572052974.72,-289.62,60.4861,1.645886998937,-25.56,0.132220490805,-10.1519843495,光伏设备,2025-10-31,2024-09-30
600533,栖霞建设,-0.1657,1315610206.95,-65.7027715122,-22.5516,-174007011.55,-1333.0232746478,73.3096,3.868515445676,-4.23,-0.554521589,19.3978920375,房地产开发,2025-10-31,2024-09-30
600528,中铁工业,0.56,20539047905.65,-5.5560338332,-4.3486,1318544491.19,-11.25,-17.7054,10.658478198243,4.7,-0.696307042126,18.8359464207,基础建设,2025-10-31,2024-09-30
600527,江南高纤,0.0174,411109865.25,-22.7026001746,8.0514,30101726.3,-15.79,-28.6439,1.238717026688,1.37,0.07654934871,13.4295786909,纺织制造,2025-10-31,2024-09-30
600526,菲达环保,0.19,2223547500.55,-9.9266179574,-29.3136,168230795.52,21.93,-45.8904,4.808579075364,3.93,0.47188381292,24.9299969042,环保设备Ⅱ,2025-10-31,2024-09-30
600521,华海药业,0.71,7247654219.7,16.7551968907,-19.4053,1031268135.45,42.92,-40.823,5.830822386061,12.13,1.279956915797,62.6639089544,化学制药,2025-10-31,2024-09-30
600518,康美药业,0.0,3873558308.67,9.604570835,9.9065,5015537.6,103.3886680052,-229.6268,0.507929550252,0.07,-0.025223278423,14.1596574375,中药Ⅱ,2025-10-31,2024-09-30
600516,方大炭素,0.0646,3150858656.23,-18.7367483083,-17.104,256606533.8,-33.23,10383.1617,4.236806344465,1.5,0.138661125089,17.8347696403,冶钢原料,2025-10-31,2024-09-30
600502,安徽建工,0.56,53963422119.49,-9.9561209615,2.9043,962043938.34,-9.55,15.3153,6.074684574899,7.43,-3.06154654507,12.2160187088,基础建设,2025-10-31,2024-09-30
600500,中化国际,-0.14,39491389459.36,-8.1889664272,-4.3135,-516329171.51,4.3241630947,-277.325,4.201443295608,-3.38,0.176619638217,2.3065045758,化学制品,2025-10-31,2024-09-30
600499,科达制造,0.372,8563795900.0,21.8506380066,4.6861,702895100.0,-65.19,73.7423,5.937051206458,6.11,0.012269218963,26.8960917203,专用设备,2025-10-31,2024-09-30
600493,凤竹纺织,0.2301,727893834.46,1.4154264816,5.1281,62578746.42,-7.35,1218.2485,4.181761545404,5.5216,0.055751355,13.0782991259,纺织制造,2025-10-31,2024-09-30
600482,中国动力,0.34,36619696839.68,12.8311517918,-12.6336,743159786.77,80.46,-30.8688,17.096495303566,1.99,4.200820426526,12.8120098886,其他电源设备Ⅱ,2025-10-31,2024-09-30
600477,杭萧钢构,0.087,5979000069.62,-22.2414996486,-62.9886,205293507.82,-17.27,-52.5924,2.198658269385,4.02,-0.253085078033,16.9340586735,专业工程,2025-10-31,2024-09-30
600469,风神股份,0.38,4880189568.74,14.7830234107,3.0323,275813491.77,-2.05,-71.1446,4.639889735425,8.3,0.095725274801,17.2813082902,汽车零部件,2025-10-31,2024-09-30
600463,空港股份,-0.21,345327371.07,-8.5805732857,-124.9086,-64088857.89,-10.5665139135,84.8006,3.4245644382,-5.7,-0.076554504733,22.2231165147,房地产开发,2025-10-31,2024-09-30
600460,士兰微,0.02,8163254166.56,18.3215822242,2.8695,28878343.7,115.2591634541,657.7557,7.247568885122,0.24,0.087586267785,19.2769285742,半导体,2025-10-31,2024-09-30
600459,贵研铂业,0.59,36967781940.85,5.36931012,-10.5365,445281645.46,10.96,4.073,9.002689593912,6.62,-0.439294518319,2.7297797482,小金属,2025-10-31,2024-09-30
600458,时代新材,0.37,13065702990.69,3.6782714129,-1.1405,304675645.15,11.13,-18.7469,7.276627222023,5.14,0.230465486769,16.189437594,综合Ⅱ,2025-10-31,2024-09-30
600439,瑞贝卡,0.0088,871107875.2,1.6380710663,-0.767,9954145.54,-34.95,-34.1245,2.414635017081,0.36,0.14164766947,33.3214264816,饰品,2025-10-31,2024-09-30
600433,冠豪高新,0.04,5337508996.51,-0.8617827781,6.7501,69985533.45,200.88,-134.9592,2.561045433258,1.57,-0.146753279758,10.5821916244,造纸,2025-10-31,2024-09-30
600425,青松建化,0.253,3454149285.13,-3.3341765651,-10.9468,405565761.22,-20.22,-16.9621,4.015283799559,6.395,0.159304568161,24.1172046083,水泥,2025-10-31,2024-09-30
600418,江淮汽车,0.29,32271164286.02,-5.0235964466,8.6881,625121017.98,239.86,66.0183,6.29154237662,4.63,0.978182297824,10.5278921555,商用车,2025-10-31,2024-09-30
600416,湘电股份,0.13,3517654634.94,2.3448600471,-7.3503,167809241.31,-35.65,-99.0415,5.586735820535,2.29,-0.214872897838,17.3025983013,电机Ⅱ,2025-10-31,2024-09-30
600406,国电南瑞,0.56,32567408289.27,13.8589534993,-1.7426,4477982299.09,7.53,-16.5555,5.735047998391,9.47,0.224613589572,29.1506478247,电网设备,2025-10-31,2024-09-30
600405,动力源,-0.283,451955346.67,-32.1194679195,-3.051,-156908676.34,-59.6113852152,-11.2515,0.806712305622,-29.498,-0.04053724269,29.9639155102,其他电源设备Ⅱ,2025-10-31,2024-09-30
600399,抚顺特钢,0.1601,6434083563.98,2.5405617855,-2.2059,315761219.35,11.83,-22.5766,3.358616794138,4.84,-0.181903990477,13.3406039072,特钢Ⅱ,2025-10-31,2024-09-30
600398,海澜之家,0.41,15258841551.72,-1.9928586377,-25.1075,1907663862.73,-22.19,-63.8085,3.488247438109,10.81,0.005598852592,44.5946628797,服装家纺,2025-10-31,2024-09-30
600392,盛和资源,0.053,8241327138.94,-37.1226293944,9.8459,92869635.79,-41.29,9.747,5.018119496015,1.02,0.372213880047,3.6906757066,小金属,2025-10-31,2024-09-30
600383,金地集团,-0.76,41003151349.38,-21.5929500028,40.3009,-3410211443.46,-5978.05,98.4026,13.616590819876,-5.39,1.728363024008,12.5144236338,房地产开发,2025-10-31,2024-09-30
600382,广东明珠,0.03,268376544.89,-45.4376739157,-48.0267,22450267.01,-89.2,-84.4063,4.176604456735,0.72,-0.04340534583,53.3368796065,冶钢原料,2025-10-31,2024-09-30
600373,中文传媒,0.56,7200604139.6,2.0082673272,-46.6573,784058523.26,-41.86,-67.0749,13.327080645711,3.98,-0.012758388043,41.7049231091,出版,2025-10-31,2024-09-30
600369,西南证券,0.07,1763977350.46,-6.3968460994,-5.5567,483016029.96,-15.29,28.9062,3.856926937408,1.89,0.641023786135,,证券Ⅱ,2025-10-31,2024-09-30
600366,宁波韵升,0.0637,3653624474.5,-9.1938880015,5.164,69139326.46,128.0001560198,-21.4622,5.277953526464,1.17,0.563080772788,13.0983029414,金属新材料,2025-10-31,2024-09-30
600365,ST通葡,-0.074,586374395.85,0.2964096531,9.4646,-31610812.96,55.8660167782,84.6992,0.712560439518,-10.66,-0.720939267103,16.4908231779,互联网电商,2025-10-31,2024-09-30
600363,联创光电,0.74,2433896081.82,-1.4226047803,7.0493,335460649.0,5.05,-13.4825,9.359124331807,8.11,0.073186792355,19.0048990298,消费电子,2025-10-31,2024-09-30
600359,新农开发,0.09,433905755.33,-11.7911137966,-85.5422,33171185.16,-32.94,-239.7357,1.794291415948,4.88,0.162760764003,25.418374102,种植业,2025-10-31,2024-09-30
600356,恒丰纸业,0.37,1918275441.31,4.8696243452,7.4946,110035507.22,24.56,58.4307,8.594436125488,4.34,0.825499481645,16.2653573262,造纸,2025-10-31,2024-09-30
600354,敦煌种业,0.0341,690372359.68,31.3905663739,-31.919,17984736.07,232.8374500226,-66.1967,1.169059959559,2.96,0.452875448217,34.1957101628,种植业,2025-10-31,2024-09-30
600350,山东高速,0.429,19901493629.94,10.9367521359,2.1006,2515541219.55,-5.7,2.3485,6.013360639589,7.15,0.963966639823,27.8169779499,铁路公路,2025-10-31,2024-09-30
600345,长江通信,0.15,440340350.77,35.4584150678,-20.0552,49787899.48,-36.95,-51.7984,10.486610526338,1.45,-0.480950299335,25.2078955599,通信设备,2025-10-31,2024-09-30
600343,航天动力,-0.130469,593784106.71,9.0700437769,0.6633,-83266006.35,-44.3645833425,22.647,2.454220007257,-5.18937,-0.2776206454,10.7248310742,通用设备,2025-10-31,2024-09-30
600340,*ST华幸,-0.58,13911717667.93,-21.7862257184,74.7104,-2240604383.97,-19.1463588256,189.2087,1.500110723112,-34.16,-0.499508452227,30.44347346,房地产开发,2025-10-31,2024-09-30
600339,中油工程,0.1132,51173799719.73,-3.1766100569,6.8708,632272739.6,-29.4,-63.2536,4.756243572987,2.4,-1.3104509595,8.8555001119,油服工程,2025-10-31,2024-09-30
600337,ST美克,-0.3,2472477565.04,-26.5391695344,3.5613,-440355093.2,-65.2538838902,-37.6986,2.194787469679,-12.93,0.024209356745,38.1234572494,家居用品,2025-10-31,2024-09-30
600331,宏达股份,0.0105,2419136750.32,7.9004043461,-37.2371,21294194.59,130.8615124626,-158.0547,0.185415390842,6.12,0.102060163194,9.6019868331,农化制品,2025-10-31,2024-09-30
600329,达仁堂,1.04,5610932556.42,-3.1435521682,-12.3971,803855815.93,-6.33,-45.954,8.336039396349,12.04,0.737003059018,48.9670237748,中药Ⅱ,2025-10-31,2024-09-30
600326,西藏天路,-0.0537,2044289043.8,-27.2207832161,-0.0744,-65969619.78,75.4991998366,-78.2161,2.895645572063,-1.82,0.116107005151,16.3247800189,水泥,2025-10-31,2024-09-30
600325,华发股份,0.49,31630442179.53,-33.0587192029,-62.3566,1335411352.46,-39.56,-92.7803,7.616975113966,5.94,1.338541094852,15.7978692141,房地产开发,2025-10-31,2024-09-30
600322,津投城开,-0.1944,1021910983.36,-72.5520904924,-82.5686,-214983026.27,-1069.4181331546,-64.9879,0.015307787745,-172.79,-0.406161576558,23.0835643399,房地产开发,2025-10-31,2024-09-30
600320,振华重工,0.08,25362573767.0,12.6664786481,-7.4122,432863389.0,35.43,-7.5034,2.88679621102,2.76,0.391537405113,12.3755669114,专用设备,2025-10-31,2024-09-30
600313,农发种业,0.05,3022240634.58,-30.5550605117,-6.6406,55368125.49,-44.82,-98.6035,1.773058286619,2.93,-0.22776339853,8.1447946194,种植业,2025-10-31,2024-09-30
600308,华泰股份,0.11,9624223210.52,-5.4555640234,-0.1064,167563593.81,-25.32,-122.519,6.114004186816,1.81,0.102554996803,8.3972035692,造纸,2025-10-31,2024-09-30
600307,酒钢宏兴,-0.3107,25757038568.72,-14.4707857947,-11.4616,-1946003911.09,-444.9684073407,-117.2499,1.315814025155,-21.17,-0.231511396366,4.9782851346,普钢,2025-10-31,2024-09-30
600305,恒顺醋业,0.1089,1531184186.88,-6.5143267921,-3.2,120139238.22,-13.08,-31.2309,2.997461828762,3.64,0.260659408788,36.224928031,调味发酵品Ⅱ,2025-10-31,2024-09-30
600303,曙光股份,-0.33,944398601.49,-1.8302974451,-1.3782,-223663529.76,9.9325690364,-19.3911,2.158060757395,-14.25,-0.019238322051,1.1705557561,商用车,2025-10-31,2024-09-30
600301,华锡有色,0.854,3415458168.97,56.2053972654,-9.9983,540386012.86,100.91,-14.2546,6.133286918106,12.9,1.46301913311,41.2026579203,小金属,2025-10-31,2024-09-30
600299,安迪苏,0.37,11375947704.0,18.322664107,9.2834,1003279525.0,3016.00240493,19.6496,5.901196009835,6.61,0.82813335836,30.5817783847,化学制品,2025-10-31,2024-09-30
600289,ST信通,0.0456,192669785.28,37.4629826382,-11.104,28756328.51,103.3484494557,-8.8057,1.144391677844,4.896,0.29857639302,56.8508981109,通信服务,2025-10-31,2024-09-30
600287,苏豪时尚,0.131,2313482032.58,-10.4369119067,38.4597,57206906.05,4.45,419.7599,4.756886238878,2.92,0.622248247955,14.1652589705,贸易Ⅱ,2025-10-31,2024-09-30
600284,浦东建设,0.476,14072210078.84,4.1635951409,12.5559,461886210.36,-7.66,76.3306,8.013564902964,6.03,-0.300314504419,8.1397006436,基础建设,2025-10-31,2024-09-30
600283,钱江水利,0.33,1564145779.27,5.8717710619,-2.2955,165442960.39,2.45,46.8944,4.953963085242,6.86,0.596186138303,41.1168138331,环境治理,2025-10-31,2024-09-30
600278,东方创业,0.21,25065142772.23,-10.5805954476,15.934,187877664.0,-16.72,-17.0223,8.611279377812,2.52,-0.703734601414,4.899667728,贸易Ⅱ,2025-10-31,2024-09-30
600272,开开实业,0.142,744925411.46,21.1033569575,0.0992,34604528.03,74.87,-53.6001,2.545123382058,5.68,-0.176872973416,18.0488478338,医药商业,2025-10-31,2024-09-30
600271,航天信息,-0.01,5776966468.99,-42.4631275846,-42.2316,-18848020.93,-104.08,-77.3528,7.536759414668,-0.13,-0.749750660278,25.2802655653,IT服务Ⅱ,2025-10-31,2024-09-30
600266,城建发展,0.1918,11761044915.78,-26.7234405581,-0.8505,545382854.87,-8.82,254.9989,9.871426476513,1.94,1.992835029786,16.1773678406,房地产开发,2025-10-31,2024-09-30
600259,中稀有色,-0.82,8738741980.75,-43.847018049,6.7698,-275523161.34,-265.56,1001.8711,10.057074025719,-8.44,0.102272155282,0.6628940917,小金属,2025-10-31,2024-09-30
600257,大湖股份,-0.0445,764848062.43,-12.3715474812,-7.2618,-21422233.02,-1012.9015453723,-30.1079,1.775316906369,-2.48,0.07331824676,22.7425280581,渔业,2025-10-31,2024-09-30
600256,广汇能源,0.3024,26391147532.75,-46.7584531341,26.8485,1985391428.96,-58.72,-15.4503,4.0154701078,6.23,0.619117690778,17.9547500694,煤炭开采,2025-10-31,2024-09-30
600248,陕建股份,0.789,101823920287.41,-18.1445329175,-11.1883,2973377683.07,-2.16,34.9291,6.500468330045,12.73,-2.230694138727,10.7334477511,房屋建设Ⅱ,2025-10-31,2024-09-30
600246,万通发展,-0.062,331748661.02,-8.1820196106,-39.2162,-116031813.35,31.37,-141.237,2.775509048965,-2.08,-0.03875540631,30.7817474488,房地产开发,2025-10-31,2024-09-30
600243,*ST海华,-0.04,185369320.18,-31.7387995174,15.3522,-17618221.81,37.8888327284,39.1562,1.620458281144,-2.4472,-0.126660157297,9.3246324274,通用设备,2025-10-31,2024-09-30
600236,桂冠电力,0.27,7353712644.01,20.6126459258,-6.5309,2164148280.7,90.34,-27.8685,2.153736458689,12.6,0.543141240148,49.1733731287,电力,2025-10-31,2024-09-30
600234,科新发展,0.0437,157217181.86,113.8462072203,368.252,11475895.5,156.3445107069,6036.7067,1.6776364277,2.64,-0.041179733781,17.8334049232,装修装饰Ⅱ,2025-10-31,2024-09-30
600230,沧州大化,0.05,3758644507.83,1.0176833269,-7.8855,21235679.15,-89.82,-189.2718,9.610928586741,0.5347,0.524092055021,7.1692392377,化学制品,2025-10-31,2024-09-30
600227,赤天化,-0.0204,1704537437.78,2.0809802193,1.2343,-34613393.99,85.9263858593,-38.0504,1.534703385671,-1.3,0.175392450046,11.312229715,农化制品,2025-10-31,2024-09-30
600221,海航控股,0.0503,51728852000.0,10.6774343173,40.8202,2172860000.0,145.43,312.3823,0.100810927538,62.45,0.268258019609,10.6169261208,航空机场,2025-10-31,2024-09-30
600217,中再资环,0.0446,2899868085.76,6.0393788041,-17.7432,63315032.23,17.43,-162.348,2.103957282493,2.4,-0.247543570134,12.9362793598,环境治理,2025-10-31,2024-09-30
600212,绿能慧充,-0.0047,612291523.87,19.5984812235,-6.2489,-3253520.7,-113.06,-150.0029,0.763597033453,-0.58,-0.100021165476,29.397119237,其他电源设备Ⅱ,2025-10-31,2024-09-30
600211,西藏药业,2.46,2175443351.59,-8.13200001,-38.4119,791866935.56,-7.42,-45.6091,11.262015256144,22.01,2.318391264695,94.9278746854,生物制品,2025-10-31,2024-09-30
600208,衢州发展,0.233,14121313355.64,279.2801267315,-85.5226,1982948030.4,1.43,-61.4495,5.171820147792,4.59,0.022749158643,41.4792556331,房地产开发,2025-10-31,2024-09-30
600207,安彩高科,-0.0825,3460716070.16,-14.4759980679,-20.5995,-89915085.17,-351.16,-870.5673,2.768216662258,-2.93,-0.339647294444,6.439757046,光伏设备,2025-10-31,2024-09-30
600206,有研新材,0.135,6759513332.43,-18.754982001,-2.4466,114583024.43,-17.98,82.4585,4.586158892054,3.02,-1.167791489928,6.1051740176,半导体,2025-10-31,2024-09-30
600192,长城电工,-0.2699,1236512502.98,-24.4467270572,40.1832,-119242822.55,-129.56,27.9655,2.927034547887,-8.78,0.031275375553,15.4082246286,电网设备,2025-10-31,2024-09-30
600191,华资实业,0.0895,413529943.02,-3.10166762,28.8357,43406173.7,54.2,547.1596,3.388227976397,2.73,0.140715902642,7.6364804588,农产品加工,2025-10-31,2024-09-30
600189,泉阳泉,0.0299,899047565.69,-4.9621038131,-18.7333,21418500.35,-42.99,-97.1867,1.698055207417,1.78,0.252658118437,33.7126563862,饮料乳品,2025-10-31,2024-09-30
600188,兖矿能源,1.4,118787801000.0,-12.5465240638,5.0278,11701355000.0,-26.98,0.6642,6.073480606303,14.2,2.222697228846,35.3116007257,煤炭开采,2025-10-31,2024-09-30
600187,*ST国中,0.0056,125446931.2,-26.393802726,-6.2596,8997939.76,-86.63,18.8412,1.964258845464,0.28,-0.025881627045,30.3383862211,环境治理,2025-10-31,2024-09-30
600186,莲花控股,0.0921,1934560124.85,19.8360174122,10.4992,165139857.17,74.58,24.5839,0.955587247419,10.19,0.171227257934,23.478619321,调味发酵品Ⅱ,2025-10-31,2024-09-30
600177,雅戈尔,0.54,8399867467.16,12.6327621359,12.0714,2511927591.51,-6.73,-31.0342,8.811224738093,6.24,0.150781324381,42.8471052545,服装家纺,2025-10-31,2024-09-30
600172,黄河旋风,-0.3055,939093018.28,-24.1319886476,-10.1467,-425342760.02,-16.1154859421,-24.1057,1.43398788776,-18.65,0.064611780657,10.3061890799,通用设备,2025-10-31,2024-09-30
600171,上海贝岭,0.34,1869959111.18,30.7212013162,13.5667,238565026.45,282.6090262114,13.8508,5.998284852882,5.74,0.086311145424,28.5774036574,半导体,2025-10-31,2024-09-30
600170,上海建工,0.11,214012665974.71,-4.0479175237,-4.4982,1351313577.53,4.3,-2.0713,3.475662519137,3.04,-2.41888443681,8.1907788436,房屋建设Ⅱ,2025-10-31,2024-09-30
600167,联美控股,0.2256,2297679341.14,5.1853335819,49.2719,508207808.54,-22.19,135.4639,4.764734050765,4.58,-0.128955743576,31.8979619622,电力,2025-10-31,2024-09-30
600166,福田汽车,0.0546,35761606894.36,-16.7212755199,6.2613,432183659.36,-45.2,-88.6009,1.82731076474,3.0,-0.09534211527,12.2602591012,商用车,2025-10-31,2024-09-30
600165,ST宁科,-0.7,184527070.49,9.4408649055,19.1794,-479541476.01,-117.7508742921,85.3879,-0.611006151431,,-0.008699773418,-0.3489887464,化学制品,2025-10-31,2024-09-30
600159,大龙地产,-0.018,552651379.67,3.9450326003,-16.8714,-15320647.32,-501.01,-106.2266,2.302785962441,-0.798,-0.165709121299,10.1605747123,房地产开发,2025-10-31,2024-09-30
600155,华创云信,0.05,2189959791.62,4.8864518452,-19.3574,107875461.25,-67.62,107.8959,8.769214455461,0.54,0.834246742366,,证券Ⅱ,2025-10-31,2024-09-30
600153,建发股份,0.57,502136223022.84,-16.1294844259,-2.4273,2058204158.65,-83.43,44.4429,18.709839994348,2.95,-4.788684290376,4.3696490064,物流,2025-10-31,2024-09-30
600151,航天机电,-0.028,4150669621.85,-45.993941858,-36.8107,-40132244.09,-450.39,-148.9218,3.427172635675,-0.8141,-0.139392344228,9.0345445883,汽车零部件,2025-10-31,2024-09-30
600149,廊坊发展,0.1839,297871011.51,171.88955241,1255.8136,69927991.73,676.1578129624,2520.52,0.571208151805,38.38,-0.203362678504,38.9756182891,电力,2025-10-31,2024-09-30
600138,中青旅,0.2115,7047773542.72,4.6518732553,11.0681,153058738.1,-25.77,-20.7556,8.709301062279,2.44,0.452430123273,23.8799138898,旅游及景区,2025-10-31,2024-09-30
600137,浪莎股份,0.16,236326138.06,2.7980005403,15.5392,15534756.23,41.04,80.7455,5.485655508651,2.92,-0.358442345844,18.6302373624,服装家纺,2025-10-31,2024-09-30
600136,ST明诚,-0.01,154645713.84,-58.9026378873,291.458,-28509101.38,98.5267347189,67.1461,0.169158711606,-7.93,-0.044290248677,3.3122390028,房地产服务,2025-10-31,2024-09-30
600135,乐凯胶片,-0.1037,1099338506.81,-34.0330677264,-19.0513,-57356819.32,-460.58,-109.5682,4.409475066974,-2.3262,-0.134461584723,13.320220039,塑料,2025-10-31,2024-09-30
600133,东湖高新,0.1928,1242745297.31,-88.4887741782,-0.9761,218535347.05,-8.18,185.5078,7.990945559863,2.4,-0.837149230036,30.8201403054,环境治理,2025-10-31,2024-09-30
600132,重庆啤酒,2.75,13062996755.34,0.2633847236,-8.0084,1331968723.29,-0.9,-4.1555,4.413547825009,60.18,7.152899865459,49.2014728987,非白酒,2025-10-31,2024-09-30
600130,波导股份,0.005,210705783.04,-32.4906094923,8.5058,4109066.51,-71.88,-169.6214,1.28192822308,0.42,-0.00676183884,13.364177292,消费电子,2025-10-31,2024-09-30
600128,苏豪弘业,0.1477,5408512617.63,26.117296107,0.1894,36445396.48,72.54,2.6967,8.603630846201,1.7181,-2.592653988593,4.9493919078,贸易Ⅱ,2025-10-31,2024-09-30
600125,铁龙物流,0.303,10122985597.13,-4.9775213813,-15.888,395132904.99,-13.24,72.2413,5.579723357596,5.49,0.335191487653,8.1590173305,铁路公路,2025-10-31,2024-09-30
600123,兰花科创,0.4763,8418814895.63,-12.3389999085,-8.4879,706787422.81,-60.7,-62.766,10.928220459956,4.16,1.116583613196,29.4911769439,煤炭开采,2025-10-31,2024-09-30
600121,郑州煤电,0.0107,3194491237.25,2.0390054028,0.7805,13011162.18,114.29,111.2067,1.353889838349,0.8,0.271999014918,26.4700599632,煤炭开采,2025-10-31,2024-09-30
600117,西宁特钢,-0.12,4116509230.65,24.6077704642,-7.5451,-402576383.58,65.4759865851,-6.1785,1.546385093299,-7.79,-0.062884975708,-6.8837180799,特钢Ⅱ,2025-10-31,2024-09-30
600115,中国东航,-0.01,102585000000.0,19.7765245718,23.7859,-138000000.0,94.6841294299,233.8422,0.886591000852,-0.68,1.183302678211,6.3215869767,航空机场,2025-10-31,2024-09-30
600109,国金证券,0.242,4291228618.93,-14.6617679224,35.3062,893645996.94,-27.7,398.4744,8.864708558412,2.72,4.674250281879,,证券Ⅱ,2025-10-31,2024-09-30
600107,*ST尔雅,-0.13,257421589.13,-20.0609125621,-29.7695,-48556076.9,-284.8899778886,-51.2875,1.421496533639,-9.06,-0.171128709722,31.8172331221,服装家纺,2025-10-31,2024-09-30
600106,重庆路桥,0.09,84686299.15,-2.5164972636,-0.4085,126114950.8,-23.75,-69.6327,3.679032022505,2.6,0.085334390278,91.7934435915,铁路公路,2025-10-31,2024-09-30
600104,上汽集团,0.602,430482249350.85,-17.74,2.953,6907429736.63,-39.45,-92.854,25.289685473331,2.37,1.614719141152,8.1183795764,乘用车,2025-10-31,2024-09-30
600098,广州发展,0.454,36013087583.39,9.6341427653,7.8803,1586869882.81,3.88,-37.1131,7.597964570412,6.0944,1.06516694936,10.3254234314,电力,2025-10-31,2024-09-30
600097,开创国际,0.07,1729761311.46,42.5603921089,32.8823,16379488.93,-0.12,226.2222,9.116388609252,0.74,0.787492232094,27.3720862192,渔业,2025-10-31,2024-09-30
600089,特变电工,0.8564,72369400917.4,-1.7471305064,0.9069,4299563497.26,-54.17,21.3642,12.772414187745,6.8022,1.466794032607,18.9453097454,电网设备,2025-10-31,2024-09-30
600085,同仁堂,0.984,13819709536.21,0.716615383,-9.7641,1350059386.69,-2.92,-26.0611,9.463360733424,10.05,-0.038315020133,43.7009923072,中药Ⅱ,2025-10-31,2024-09-30
600084,*ST尼雅,0.0004,101764796.75,-36.9194395539,17.9136,407144.6,-94.69,188.5668,1.137034440301,0.0319,-0.041163384548,58.4331314158,非白酒,2025-10-31,2024-09-30
600082,ST海泰,-0.075,32826604.06,-91.2775415749,-59.6129,-48428965.0,-36.5358965724,-12.6395,2.65899573031,-2.78,0.259942038659,35.0869028028,房地产开发,2025-10-31,2024-09-30
600072,中船科技,-0.0469,5067936374.31,-37.0123321747,5.1173,-70587697.45,-152.3823696749,-30.7362,7.120855525198,-0.65,-2.029473626736,12.4474050439,风电设备,2025-10-31,2024-09-30
600067,冠城新材,-0.05,6296824917.53,8.0661942186,3.0664,-72278174.1,48.104476924,0.7555,4.625226192409,-1.11,0.492469814291,11.734429472,电网设备,2025-10-31,2024-09-30
600064,南京高科,1.062,1517708148.7,-64.2042624371,-38.1114,1838210180.62,10.08,64.1342,10.984434613127,10.05,-0.368085809956,21.2678345246,房地产开发,2025-10-31,2024-09-30
600061,国投资本,0.32,10249686240.65,-20.09,0.3552,2080938207.65,-14.29,-7.874,7.921010403305,4.02,4.031842792748,0.1560604647,多元金融,2025-10-31,2024-09-30
600058,五矿发展,0.05,51385942451.08,-14.3814765435,-17.263,136329202.26,-24.0,-45.9792,4.639519049372,1.03,-2.504542774235,2.7857170276,贸易Ⅱ,2025-10-31,2024-09-30
600053,*ST九鼎,0.0162,190550723.79,-5.6754135989,-92.0229,7004048.43,-62.35,-135.4019,6.676259033337,0.2421,-0.130080268408,68.9974769683,多元金融,2025-10-31,2024-09-30
600052,东望时代,0.11,235553915.67,1.9927056705,-49.1622,93187610.66,63.84,-118.8515,3.561123321935,3.11,-0.012310710498,29.3327777352,电力,2025-10-31,2024-09-30
600039,四川路桥,0.55,71877128823.99,-19.7377792594,10.1993,4772956032.83,-38.45,9.7198,5.215150445163,10.24,-0.64344320927,15.7595964304,基础建设,2025-10-31,2024-09-30
600037,歌华有线,-0.0086,1567359484.75,-3.6313440756,-4.0963,-12033759.67,85.7655341538,192.2383,9.180749703995,-0.09,0.26272747739,9.4669369895,电视广播Ⅱ,2025-10-31,2024-09-30
600033,福建高速,0.289,2268245670.36,-0.5666935552,8.4887,793240893.68,-0.2164,-8.7252,4.269027187287,6.95,0.555883865369,60.5075067844,铁路公路,2025-10-31,2024-09-30
600031,三一重工,0.5757,58360802000.0,3.9163571001,-9.0896,4867964000.0,19.66,-35.0015,8.367166026862,6.99,1.460208510276,26.9144843992,工程机械,2025-10-31,2024-09-30
600026,中远海能,0.7245,17555281417.45,6.1729898583,-5.5029,3456539450.83,-8.05,-41.0289,7.541141716006,9.3803,1.23197752779,29.5744822125,航运港口,2025-10-31,2024-09-30
600025,华能水电,0.38,19417632125.34,7.0533508996,1.0252,7225690469.78,7.78,-1.5343,3.221844197895,9.86,0.796981613462,59.82573564,电力,2025-10-31,2024-09-30
600019,宝钢股份,0.27,242855678089.72,-4.9057441916,-3.4364,5882122270.58,-29.56,-48.9154,9.053086203772,3.43,0.711311259705,5.2617106336,普钢,2025-10-31,2024-09-30
600018,上港集团,0.5088,29026298539.82,5.8053122569,-15.5949,11810588211.73,3.98,-28.0601,5.620584754512,9.3174,0.320378643705,37.6035605454,航运港口,2025-10-31,2024-09-30
600016,民生银行,0.6,101660000000.0,-4.3686032511,5.1105,30486000000.0,-9.21,-11.4011,12.514024028139,4.845,-4.444748983601,,银行Ⅱ,2025-10-31,2024-09-30
600009,上海机场,0.48,9190859564.62,16.0344833941,3.0623,1201623638.29,141.87,-9.8713,16.386919496354,2.93,1.528528619266,22.5601057057,航空机场,2025-10-31,2024-09-30
600008,首创环保,0.4436,13874845375.84,-1.8140776284,-1.0076,3256176755.97,154.67,321.1717,2.926231957878,10.91,0.268230334812,35.4516902532,环境治理,2025-10-31,2024-09-30
600007,中国国贸,1.01,2950448644.0,0.016221622,0.2279,1018610360.0,1.63,-5.672,9.341273252932,10.74,1.483743329754,60.5136303806,房地产开发,2025-10-31,2024-09-30
600004,白云机场,0.28,5300466961.13,15.0431762934,2.3979,667939034.32,143.71,-8.0117,7.64002986213,3.74,1.175903874314,27.0550788266,航空机场,2025-10-31,2024-09-30
600000,浦发银行,1.13,129839000000.0,-2.2407107631,-3.0965,35223000000.0,25.86,-13.9229,21.804510765876,5.25,-5.49870536931,,银行Ⅱ,2025-10-31,2024-09-30
430619,ST格纳斯,-0.1,87379584.13,,,-4925575.75,,,,,-0.085037308639,7.2242788093,,2025-10-31,2024-09-30
430341,呈创科技,0.18,113933432.66,,,10993573.58,,,,10.78,-0.331586966536,35.6231878584,,2025-10-31,2024-09-30
420244,建车B3,-0.365,397060213.75,19.0319993591,-18.6341,-43567158.63,20.36,-67.7492,0.011815574115,-193.27,0.61231593667,6.0169925323,,2025-10-31,2024-09-30
400292,精伦5,-0.0596,104000084.69,0.9325381557,-0.8888,-29343195.58,-1.0753579292,15.2214,0.295100991202,-18.49,-0.029241624405,21.9456378022,,2025-10-31,2024-09-30
400289,德邦5,0.51,28296172549.98,11.2129728656,7.633,517073374.72,9.71,-23.3057,7.852691050608,6.56,2.23618370253,7.5541081873,,2025-10-31,2024-09-30
400288,奥维3,-0.0497,261663530.45,163.1358949036,-51.8592,-17246080.87,-801.92,-547.6915,0.860285460473,-5.89,-0.250486477214,3.4343607665,,2025-10-31,2024-09-30
400286,苏药发3,0.063,1282583803.88,-14.6850061124,-12.3905,45080649.81,311.54,6.3445,2.522063032426,2.55,-0.210535555019,44.3616419948,,2025-10-31,2024-09-30
400284,R元成1,-0.2546,102385174.23,-63.844478605,52.3802,-82936682.29,-8044.6,58.4433,3.343748047991,-7.34,-0.135864628961,1.1097556248,,2025-10-31,2024-09-30
400283,高鸿3,-0.0555,1031750937.56,-74.6065740425,-38.2436,-62910202.97,-5249.92,33.798,2.438450063048,-2.19,-0.313653236131,8.1267165813,,2025-10-31,2024-09-30
400225,中南3,-0.47,31415865634.7,-1.4172684642,-26.4712,-1789008163.47,-48.8744629158,115.3883,1.930214919475,,-0.087833015188,8.4633114946,,2025-10-31,2024-09-30
400214,世茂3,-0.75,3987068278.54,17.4650860182,-19.4189,-2724233218.68,-28.1233431186,132.501,2.060991900107,,0.084644404814,18.9378738615,,2025-10-31,2024-09-30
400165,蓝光3,-1.0308,5244578856.69,-63.2999591495,-48.3806,-3128431823.37,27.7133129837,49.4597,-14.745368690416,,0.00978529613,6.9665257996,,2025-10-31,2024-09-30
400145,网力3,-0.0889,9849080.64,-63.7061989721,223.512,-106132765.88,84.26,-331.0019,-3.1959698464,,-0.00805534297,2.19046516,,2025-10-31,2024-09-30
400059,天珑5,0.04,11529142319.28,17.9941389207,8.2765,78279240.44,-21.2,-97.1812,0.851910064438,5.01,0.106062908358,6.980703935,,2025-10-31,2024-09-30
301611,珂玛科技,0.61,616143829.77,74.6485264301,3.4798,225801117.08,295.42,-2.3068,3.401272359771,24.81,0.364305854748,59.4217879203,半导体,2025-10-31,2024-09-30
301238,瑞泰新材,0.2,1606133918.13,-47.7653759577,11.7906,149491145.45,-63.44,-36.5181,9.820070867721,2.08,-0.200027541474,20.5042160341,电池,2025-10-31,2024-09-30
301059,金三江,0.16,271499097.52,38.9441190502,18.3116,37673857.04,69.72,52.4259,2.477154789102,6.63,0.325918457046,35.2325193026,化学制品,2025-10-31,2024-09-30
300999,金龙鱼,0.26,175453859000.0,-6.9320097562,26.379,1431202000.0,-32.78,55.9266,17.05133971719,1.56,2.314006660774,4.8889959154,农产品加工,2025-10-31,2024-09-30
300308,中际旭创,3.42,17312601820.15,146.2572796436,9.368,3752659170.15,189.59,3.3416,15.75560531937,23.68,1.173658223901,33.3214470022,通信设备,2025-10-31,2024-09-30
300287,飞利信,-0.0864,431624387.9,-34.7863735148,23.3719,-124048072.02,14.55,77.8423,0.877045249021,,-0.037766559403,18.644566284,IT服务Ⅱ,2025-10-31,2024-09-30
300249,依米康,0.0168,697060736.47,26.8227960803,-1.3096,7397968.05,109.08,-48.1036,0.943627584547,1.8,0.153278904964,19.5353441982,计算机设备,2025-10-31,2024-09-30
300237,ST美晨,-0.28,1210739660.3,4.6506061719,-14.3182,-398692397.4,17.13,-109.2138,0.079398260645,-296.5,0.015249735274,4.748900039,汽车零部件,2025-10-31,2024-09-30
201872,招港B,1.49,12166341002.65,3.4965786325,2.0114,3736113366.24,18.63,-21.2454,24.434098443327,6.22,2.159264751967,44.7266683887,航运港口,2025-10-31,2024-09-30
200726,鲁泰B,0.35,4401071788.51,1.328278397,8.4781,287853364.4,-14.1,16.7543,11.28255165848,3.1,0.931214211967,24.4044516298,纺织制造,2025-10-31,2024-09-30
200725,京东方B,0.09,143731526962.0,13.608223315,5.993,3309765650.0,223.8,-21.1134,3.452682533988,2.53,0.899582172585,15.1843130963,光学光电子,2025-10-31,2024-09-30
200596,古井贡B,8.98,19068608990.68,19.5323943409,-4.6466,4746493826.19,24.49,-22.1143,45.203462501305,20.54,10.110102266099,79.7082358502,白酒Ⅱ,2025-10-31,2024-09-30
200539,粤电力B,0.2794,42517459818.0,-5.8832333871,23.6978,1467075725.0,-15.04,-27.3635,4.473915350986,6.43,2.0697335346,13.816807279,电力,2025-10-31,2024-09-30
200488,ST晨鸣B,-0.242,19824745808.47,0.5217033083,-16.6074,-710098519.92,7.57,-2399.9825,5.395681128879,-4.36,0.806403126109,8.8161426927,造纸,2025-10-31,2024-09-30
200028,一致B,1.91,56466354478.37,-0.211201128,-0.0809,1065542103.97,-10.43,-9.2078,32.524281222535,5.99,2.301783135578,10.873782114,医药商业,2025-10-31,2024-09-30
003043,华亚智能,0.83,429435724.97,16.7342930747,45.2311,66176465.69,-7.54,-44.8962,16.980051901622,5.52,1.096694187537,30.113834197,半导体,2025-10-31,2024-09-30
003026,中晶科技,0.12,320679830.39,25.2682407489,-12.5758,12872922.4,164.82,-75.026,4.953831780418,1.85,0.096141287772,34.458560707,半导体,2025-10-31,2024-09-30
003004,声迅股份,-0.3478,105588510.03,-7.3813976442,29.556,-28310628.15,-59.83,74.1586,8.322212448345,-3.55,-0.662165383348,40.1425249944,计算机设备,2025-10-31,2024-09-30
003003,天元股份,0.2869,885092210.52,-20.9275258369,-13.252,50459887.46,65.86,3.728,7.187586527642,3.99,0.783742674901,18.0823855422,包装印刷,2025-10-31,2024-09-30
003001,中岩大地,0.2068,557304856.58,-17.2105371661,-45.5971,36497223.13,192.41,1.1678,9.273553948215,3.11,-0.392008674991,24.9612401198,专业工程,2025-10-31,2024-09-30
002992,宝明科技,-0.41,1081107817.62,27.0385963665,1.551,-73454336.73,24.62,26.1,4.04719687296,-9.6,0.095570464973,9.0103633312,光学光电子,2025-10-31,2024-09-30
002990,盛视科技,0.43,912159180.9,-20.2645959141,-17.1253,110049391.68,-35.23,-27.6697,9.134837495154,4.75,-0.503288708466,40.4925136483,计算机设备,2025-10-31,2024-09-30
002989,中天精装,-0.61,272245510.68,-59.421187052,-19.8914,-108857057.74,-371.48,-65.8976,7.985274511662,-6.74,-0.052608680124,6.7621153032,装修装饰Ⅱ,2025-10-31,2024-09-30
002984,森麒麟,2.13,6340085577.66,10.4153143379,11.8182,1725743010.89,73.72,13.041,12.106158380726,13.83,1.478471169907,35.448849225,汽车零部件,2025-10-31,2024-09-30
002983,芯瑞达,0.34,764126725.89,-24.5958694406,21.639,74966774.27,-44.63,15.4057,5.81999105406,5.68,-0.429580381116,19.9180521847,光学光电子,2025-10-31,2024-09-30
002966,苏州银行,1.08,9289236263.0,1.0975025941,-8.2747,4179498995.0,11.09,-18.0662,11.401266064662,9.64,6.589942464509,,银行Ⅱ,2025-10-31,2024-09-30
002959,小熊电器,1.1497,3138995765.6,-5.3995222292,7.5146,180172002.64,-42.91,89.8078,16.777152706484,6.56,-1.05086407196,35.621981889,小家电,2025-10-31,2024-09-30
002958,青农商行,0.55,8442466000.0,2.5782012334,-8.7713,3203246000.0,5.16,25.8209,6.344739207184,8.88,0.352284363735,,银行Ⅱ,2025-10-31,2024-09-30
002945,华林证券,0.11,1016014210.75,34.98,15.3786,302108094.87,61.65,161.1463,2.451399442907,4.66,2.381452878,,证券Ⅱ,2025-10-31,2024-09-30
002938,鹏鼎控股,0.86,23486581291.34,14.8164977208,60.8889,1974256997.34,7.05,314.6572,13.119605007312,6.53,1.258605687063,20.4658534758,元件,2025-10-31,2024-09-30
002936,郑州银行,0.25,9040856000.0,-13.7142919315,-11.5329,2244132000.0,-18.41,3.8082,4.93834520574,5.1375,1.277309476995,,银行Ⅱ,2025-10-31,2024-09-30
002933,新兴装备,0.14,306730589.39,19.5610910506,-24.6085,16944296.41,24.02,-58.068,12.764681675586,1.14,-0.929905695015,26.2161921607,航空装备Ⅱ,2025-10-31,2024-09-30
002932,*ST明德,0.35,225617843.38,-63.9546499175,-23.5347,80938367.97,-44.3,-52.3541,25.324376818086,1.35,-0.530130468369,51.794684897,医疗器械,2025-10-31,2024-09-30
002931,锋龙股份,0.01,340803340.72,7.1505783043,-11.6731,1185602.43,-75.6,-88.3719,3.449423592201,0.15,0.059894541984,19.0582323204,通用设备,2025-10-31,2024-09-30
002930,宏川智慧,0.37,1087579054.73,-6.286179861,-1.4053,171252568.23,-28.81,-46.9119,5.518512133634,6.39,1.59358134316,50.9912607399,物流,2025-10-31,2024-09-30
002928,华夏航空,0.2407,5153999422.46,33.8133020703,21.7926,306600901.46,143.96,18812.9522,2.655297203373,9.46,1.071032969614,5.9152212676,航空机场,2025-10-31,2024-09-30
002925,盈趣科技,0.23,2538688695.98,-14.2408675427,18.81,172003766.75,-48.43,-54.6411,6.077726972442,3.5,0.425312442224,27.7440520437,消费电子,2025-10-31,2024-09-30
002923,润都股份,0.11,876987074.94,-7.2329321227,-3.8656,37180512.39,-43.29,-107.1002,3.432149032722,3.18,0.499911462871,46.3666806387,化学制药,2025-10-31,2024-09-30
002899,英派斯,0.65,896244105.47,36.0913923481,-2.7038,87313822.55,20.18,-3.0323,11.38024573879,6.42,0.527102491258,31.6986769247,文娱用品,2025-10-31,2024-09-30
002886,沃特股份,0.099,1287401829.56,16.292174589,8.3692,25069319.27,62.97,8.6121,6.707884530325,1.42,0.315438815998,17.9088443488,塑料,2025-10-31,2024-09-30
002880,卫光生物,0.8056,854101695.51,16.1361042372,11.6651,182700428.15,20.8,15.5622,9.438313663316,8.74,0.445235647443,41.7509430896,生物制品,2025-10-31,2024-09-30
002873,新天药业,0.2645,660845257.81,-14.8027751186,-17.1087,60999761.23,-30.45,107.6203,4.473445319983,5.82,0.23838819852,73.9019989337,中药Ⅱ,2025-10-31,2024-09-30
002869,金溢科技,0.1791,352436264.24,0.6756550686,-21.3532,31090089.86,17.4,-5.2192,11.971022915364,1.46,-0.559427551322,31.4523776658,计算机设备,2025-10-31,2024-09-30
002845,同兴达,0.22,6961741012.96,15.3263111403,29.3998,72454656.97,308.02,421.2517,8.390976505038,2.64,0.943698730984,7.3771606525,光学光电子,2025-10-31,2024-09-30
002839,张家港行,0.64,3632680981.51,2.8791501532,-16.2066,1485874510.0,6.28,34.429,7.210658258963,8.89,-0.28343026976,,银行Ⅱ,2025-10-31,2024-09-30
002832,比音勒芬,1.34,3000135845.76,7.3031184892,59.2355,762154723.0,0.55,141.5922,8.913925922672,14.62,1.141912763536,76.4173810409,服装家纺,2025-10-31,2024-09-30
002822,ST中装,-1.11,1873677132.31,-28.1332415563,-29.8142,-795295270.3,-768.51,1.4548,2.511593605497,-32.9,-0.336112158959,-13.8869747916,房地产服务,2025-10-31,2024-09-30
002821,凯莱英,2.01,4140288577.71,-35.1362758802,11.2052,710325102.11,-67.86,-2.7478,45.178313034917,3.98,2.863225569887,43.6045989654,医疗服务,2025-10-31,2024-09-30
002817,黄山胶囊,0.14,346483715.97,-2.537864547,-4.8282,40547848.27,-26.43,-24.3107,3.06150645452,4.47,0.062402758633,25.623151051,化学制药,2025-10-31,2024-09-30
002815,崇达技术,0.24,4574041872.36,6.2273205296,7.969,262253731.4,-34.26,-77.7979,6.47587194976,3.68,0.275479436179,23.5922871032,元件,2025-10-31,2024-09-30
002811,郑中设计,0.36,825281945.52,-0.8137795243,6.6043,94993572.28,516.86,29.516,3.579765113518,8.24,0.569905725206,33.8328482364,装修装饰Ⅱ,2025-10-31,2024-09-30
002797,第一创业,0.153,2401088948.17,25.54,3.0844,641104673.58,95.45,-6.0576,3.717539913499,4.2,0.408369439996,,证券Ⅱ,2025-10-31,2024-09-30
002791,坚朗五金,0.1,4910490140.77,-11.5054920267,-7.8136,32865709.64,-77.22,-44.887,16.086776195577,0.64,0.029710843053,31.2503254744,装修建材,2025-10-31,2024-09-30
002774,快意电梯,0.2534,1116650917.34,-6.8604214432,18.6639,85303185.04,-11.07,-16.7303,3.619753348665,6.82,0.098447105762,27.0300351733,专用设备,2025-10-31,2024-09-30
002761,浙江建投,0.0701,58762785251.19,-18.1154527927,-9.4098,139333086.5,-73.89,25.1945,6.043364490255,1.17,-1.943682197761,4.4727197571,房屋建设Ⅱ,2025-10-31,2024-09-30
002747,埃斯顿,-0.0767,3366813348.31,4.379778709,2.7213,-66699777.03,-147.55,108.401,2.980566893478,-2.53,-0.661677170475,29.6670202419,自动化设备,2025-10-31,2024-09-30
002739,儒意电影,0.0774,9846854672.3,-13.2280547109,51.3692,168694113.27,-84.87,126.0282,3.741635894239,2.08,0.405274493609,23.9790179242,影视院线,2025-10-31,2024-09-30
002736,国信证券,0.41,11335318827.48,-1.38,2.6931,4878734171.69,0.1,-8.8947,8.771169464196,4.74,5.847245832383,,证券Ⅱ,2025-10-31,2024-09-30
002734,利民股份,0.14,3344309156.24,-1.5756107285,-20.0253,51199535.72,132.76,-51.6172,6.774749441203,1.88,-0.268297167313,18.131149064,农化制品,2025-10-31,2024-09-30
002732,燕塘乳业,0.52,1303139402.26,-12.0260133936,-4.8631,81174521.84,-43.25,-37.954,9.23514066959,5.7,0.596765722911,25.7574169078,饮料乳品,2025-10-31,2024-09-30
002727,一心堂,0.4908,13589430513.51,6.0611246826,1.8737,292503993.27,-57.36,-73.4933,12.908306506304,3.75,2.081770006087,31.7283068174,医药商业,2025-10-31,2024-09-30
002717,*ST岭南,-0.16,808739930.35,-50.8084925966,-37.192,-269013499.87,-32.26,90.9152,1.070329136933,-13.14,-0.0686800596,2.7342336677,基础建设,2025-10-31,2024-09-30
002716,湖南白银,0.0462,5386023283.19,54.7749512205,16.8201,123446128.94,747.55,22.2946,1.149349757942,4.36,0.096667944635,6.3424257548,贵金属,2025-10-31,2024-09-30
002714,牧原股份,1.94,96775125566.31,16.6405855106,30.4469,10481068452.78,668.9,200.8472,13.034392662324,15.36,5.338698724911,17.266585911,养殖业,2025-10-31,2024-09-30
002713,东易日盛,-1.39,1134487484.27,-45.9563540663,-42.8045,-581145314.25,-195.91,90.2868,-1.232025844277,,-0.229874287768,31.4848026587,装修装饰Ⅱ,2025-10-31,2024-09-30
002712,思美传媒,-0.0115,4532323510.39,9.5392071238,16.9191,-6233769.57,-45.39,-173.8,2.591397769483,-0.44,-0.568937372271,3.7014015086,广告营销,2025-10-31,2024-09-30
002709,天赐材料,0.18,8862814897.33,-26.8992430947,14.2558,338305885.95,-80.69,-18.1548,6.748733240349,2.56,0.337453544989,18.482539717,电池,2025-10-31,2024-09-30
002708,光洋股份,0.0715,1706307602.31,31.2480811446,5.153,40182350.26,163.97,-116.671,3.110447491336,2.35,-0.247829280514,14.5096637057,汽车零部件,2025-10-31,2024-09-30
002707,众信旅游,0.126,4722921714.17,130.0484902659,32.254,123499884.65,773.86,18.2903,0.898039230575,15.24,0.502461588689,13.0364198145,旅游及景区,2025-10-31,2024-09-30
002705,新宝股份,0.9603,12689602216.55,17.9914166979,16.9041,784937444.25,6.66,27.288,9.846668457556,9.93,0.754319956312,21.4120896417,小家电,2025-10-31,2024-09-30
002701,奥瑞金,0.3,10857143346.0,1.4023353223,-0.0888,761118865.0,7.74,-21.0058,3.538534160636,8.52,0.720294130773,17.2986990329,包装印刷,2025-10-31,2024-09-30
002681,奋达科技,0.0848,2353802081.28,2.3709982094,24.8581,153164910.69,-6.85,4.4303,1.368510507119,6.59,0.121192893359,22.2045338292,消费电子,2025-10-31,2024-09-30
002666,德联集团,0.1,3485039603.18,-13.2598536052,2.8407,78410940.34,52.42,-1.4191,4.453603517651,2.29,0.399101662274,14.1850984284,化学制品,2025-10-31,2024-09-30
002654,万润科技,0.04,3049789331.12,-11.6765576117,-2.9725,33278076.92,-49.44,-73.9969,1.783689125287,2.16,-0.221683660294,11.2313734429,光学光电子,2025-10-31,2024-09-30
002636,金安国纪,0.137,2948337989.3,11.6614380643,-14.1152,99444454.02,3052.61,-67.5067,4.721180775962,2.92,0.010399645302,7.5504177088,元件,2025-10-31,2024-09-30
002633,申科股份,0.0468,234988887.34,10.0928407061,-21.0967,7017908.96,192.86,-93.506,2.797630330133,1.69,0.107477538467,22.3644446573,通用设备,2025-10-31,2024-09-30
002629,仁智股份,-0.02,131680250.55,-15.1004071133,-23.9453,-10304901.94,42.75,174.2516,0.071243718441,-21.46,-0.053743115118,4.1451808811,油服工程,2025-10-31,2024-09-30
002624,完美世界,-0.21,4072771652.39,-34.2633109793,-8.2464,-388808594.76,-163.25,-44.0883,3.934822245254,-4.67,-0.054325243041,60.6496969188,游戏Ⅱ,2025-10-31,2024-09-30
002622,皓宸医疗,0.0161,635030298.87,21.2723128344,15.7951,13496659.38,-17.31,152.4993,0.533119982583,3.07,0.051269395083,47.9698814548,医疗服务,2025-10-31,2024-09-30
002616,长青集团,0.1658,2789429178.22,-4.980174429,-3.1712,123028214.57,8.9,52.9703,3.467340328534,4.59,0.39677198051,20.1284048139,电力,2025-10-31,2024-09-30
002615,哈尔斯,0.49,2367389237.9,38.7658113434,19.1504,224932503.39,47.03,-0.9379,3.572120404023,14.06,0.527218147593,29.9673906167,家居用品,2025-10-31,2024-09-30
002607,中公教育,0.03,2100404211.77,-21.2106997752,-4.6541,168155001.37,-30.53,57.8126,0.119216213059,25.82,0.092376512022,59.7564094157,教育,2025-10-31,2024-09-30
002605,姚记科技,1.0368,2789707018.88,-21.8877760948,-4.9174,424090793.67,-23.95,4.916,8.012110464999,12.53,0.830353719493,37.8476343023,游戏Ⅱ,2025-10-31,2024-09-30
002602,世纪华通,0.25,15528891046.85,58.6623410283,24.6978,1803207680.07,26.17,27.2484,3.529443512546,7.26,0.46455241989,65.1460392504,游戏Ⅱ,2025-10-31,2024-09-30
002597,金禾实业,0.75,4042519280.66,-1.2414608619,13.5416,409166133.34,-27.39,37.5097,13.092958833965,5.61,1.077054006772,20.1883521725,化学制品,2025-10-31,2024-09-30
002594,比亚迪,2.89,502251312000.0,18.9394363109,14.1571,25238115000.0,18.12,28.0762,53.436984018774,17.15,19.342788801266,19.3169259456,乘用车,2025-10-31,2024-09-30
002592,ST八菱,0.19,430115163.49,29.1178903172,2.8355,51133660.01,-61.39,79.9017,3.185496771363,5.94,0.308993496928,20.2364135976,汽车零部件,2025-10-31,2024-09-30
002580,圣阳股份,0.37,2254166095.69,0.1783776334,-1.8984,166295369.67,-0.98,-18.8562,4.751902133376,7.91,-0.123177424923,19.0820664729,电池,2025-10-31,2024-09-30
002567,唐人神,0.1778,17070990337.1,-18.2016252295,4.6487,253720924.26,127.86,23.1955,4.077210291494,4.51,0.295669998124,9.0937448775,饲料,2025-10-31,2024-09-30
002564,天沃科技,0.01,1701504597.3,-41.1069498791,-11.2553,5487448.62,100.63,-1628.9306,0.13960313702,4.69,-0.093642100471,16.4931198914,专用设备,2025-10-31,2024-09-30
002563,森马服饰,0.28,9398671457.45,5.623036249,22.3042,755064874.59,-9.25,-1.6963,4.24818736292,6.55,-0.135567688243,44.7689588077,服装家纺,2025-10-31,2024-09-30
002562,兄弟科技,0.0306,2599501682.23,20.450763036,-8.7962,32539075.11,1131.15,-53.1527,2.978909469879,1.03,0.009216624785,15.5443960415,化学制品,2025-10-31,2024-09-30
002542,*ST中岩,-0.11,1169609061.68,-25.9630504206,-13.3273,-192761217.74,35.97,131.776,1.113933930106,-8.99,0.271996490235,0.8795358472,专业工程,2025-10-31,2024-09-30
002520,日发精机,-0.083,1454452979.51,0.6080736248,-30.4187,-66177355.17,-20.99,-678.6982,1.381741478075,-5.55,0.335515973229,18.924315493,通用设备,2025-10-31,2024-09-30
002516,旷达科技,0.0818,1531686472.15,22.1050182774,-4.6085,118231400.09,-16.65,13.0264,2.463066490694,3.31,0.05344763551,21.8821316617,汽车零部件,2025-10-31,2024-09-30
002510,天汽模,0.1,1918219161.94,15.5996064575,-4.6998,90397483.5,3.0,-115.9307,2.242313842887,4.19,0.211628116942,16.7978868162,汽车零部件,2025-10-31,2024-09-30
002506,协鑫集成,0.014,11990007475.66,27.3973066833,-24.9399,81904294.45,-42.51,103.6241,0.421929179808,3.33,0.166354133457,9.4578791658,光伏设备,2025-10-31,2024-09-30
002498,汉缆股份,0.1748,6542748951.06,-9.400881045,-13.1909,581618098.13,-17.61,10.0184,2.446288543127,7.35,-0.051777928668,17.0667306655,电网设备,2025-10-31,2024-09-30
002489,浙江永强,0.22,3297190910.43,6.330834963,-55.1891,487445046.7,495.34,-108.2962,1.88675325642,12.62,0.524262334305,21.0726507611,家居用品,2025-10-31,2024-09-30
002486,嘉麟杰,0.0205,887184722.42,17.3302206423,-17.6034,17022374.52,-67.03,-121.1713,1.263662042524,1.63,0.137886910757,22.6983656516,服装家纺,2025-10-31,2024-09-30
002485,ST雪发,-0.067,617599788.87,-6.2613431254,-20.6896,-36425998.18,-218.03,-24.9759,2.463351432849,-2.68,-0.195585677555,-8.8537000312,服装家纺,2025-10-31,2024-09-30
002475,立讯精密,1.26,177176884792.12,13.6661387365,43.7335,9074954475.62,23.06,25.7647,8.874882949988,14.98,0.924227923772,11.7237903815,消费电子,2025-10-31,2024-09-30
002471,中超控股,-0.0054,3933394975.95,-7.2562448279,16.7734,-6818317.04,-102.71,115.6646,1.22287923263,-0.41,-0.165791654266,10.2505969509,电网设备,2025-10-31,2024-09-30
002470,金正大,0.0548,6395792186.36,-5.2870137719,-30.5691,180140291.61,138.72,-91.7165,0.671421389716,8.57,0.114979758214,11.6831081978,农化制品,2025-10-31,2024-09-30
002467,二六三,0.05,670157532.99,1.5765026367,-4.2089,64501275.27,-29.29,-44.9281,1.355876763084,3.5,0.084249059162,44.6497015806,通信服务,2025-10-31,2024-09-30
002459,晶澳科技,-0.15,54347855023.67,-9.3917123725,-20.5457,-484363610.59,-107.16,199.6087,9.431283272011,-1.44,0.070360094174,5.3979420421,光伏设备,2025-10-31,2024-09-30
002457,青龙管业,0.3413,1728330812.46,41.0734491321,-9.9414,113108169.54,933.53,-43.3227,6.945870323113,4.89,-0.14925330157,31.2785930768,装修建材,2025-10-31,2024-09-30
002455,百川股份,0.17,3909328077.31,22.6542695394,-12.5822,102710856.01,264.57,-98.7016,2.959903991647,5.35,0.809989590613,8.7560666509,化学制品,2025-10-31,2024-09-30
002444,巨星科技,1.6203,11083737039.19,28.7277256854,29.102,1935463943.98,28.5,-4.9519,13.754024744842,12.21,0.698314748114,32.3896876851,通用设备,2025-10-31,2024-09-30
002442,龙星科技,0.2298,3123395637.03,-2.3243770452,5.1071,112105583.82,7.95,40.3804,3.567159132076,6.36,-0.362385380155,9.802109573,橡胶,2025-10-31,2024-09-30
002441,众业达,0.26,8293049827.89,-7.3237036463,6.0948,139868318.81,-46.84,263.8279,8.329483664622,3.06,0.40088204651,8.2533643693,电网设备,2025-10-31,2024-09-30
002436,兴森科技,-0.02,4351489626.62,9.1027489936,-1.4893,-31602075.54,-116.59,-860.2851,2.998731690208,-0.61,0.076514204528,15.97241707,元件,2025-10-31,2024-09-30
002428,云南锗业,0.045,502756406.53,6.7442427874,-28.9053,29474484.95,706.02,1620.1587,2.193284583185,2.07,-0.016745145425,29.3536164578,小金属,2025-10-31,2024-09-30
002427,尤夫股份,-0.0353,1732936074.16,-12.852609507,-1.6323,-34769710.71,-18.25,134.5809,0.934404085343,-4.0,-0.047140871843,7.2670187809,化学纤维,2025-10-31,2024-09-30
002423,中粮资本,1.014,7839037089.62,17.14,5.582,2336271676.88,35.3,-81.1781,9.460512878426,11.98,5.276390013218,1.4261493586,多元金融,2025-10-31,2024-09-30
002422,科伦药业,1.57,16788775173.0,6.6421361861,-11.5201,2470927259.0,25.85,-13.3226,14.082879593968,11.32,2.045105261638,52.5079115252,化学制药,2025-10-31,2024-09-30
002409,雅克科技,1.5733,4999118443.66,41.1486930822,6.3533,748766767.61,55.8,-16.2295,15.245778137135,8.42,0.572641109959,32.8823543654,半导体,2025-10-31,2024-09-30
002403,爱仕达,0.01,2113846012.64,17.1857251132,35.7074,1660562.05,101.15,121.6761,4.908987409761,0.1,-0.157227052019,29.6805702222,小家电,2025-10-31,2024-09-30
002399,海普瑞,0.5317,4068924046.98,0.1400604743,-15.8881,780113811.99,444.89,-77.1096,8.273983761809,6.43,1.221388855689,33.2028530703,化学制药,2025-10-31,2024-09-30
002388,新亚制程,0.0012,1576166106.7,0.9451479293,5.4135,624734.6,-92.99,-264.8597,2.363406028166,0.05,-0.252029209438,11.8658390125,其他电子Ⅱ,2025-10-31,2024-09-30
002387,维信诺,-1.2972,5847001217.79,41.9533840302,-10.4217,-1796953683.03,29.22,-13.5726,4.44288920519,-25.2,0.421869172515,-8.0463851635,光学光电子,2025-10-31,2024-09-30
002382,蓝帆医疗,-0.22,4654357096.34,29.8512825202,6.3205,-219822842.84,38.19,2.7589,8.585986980734,-2.39,-0.068637836026,17.1705642564,医疗器械,2025-10-31,2024-09-30
002375,亚厦股份,0.19,8311097810.23,-5.7913036241,-28.0919,253026498.08,1.73,34.6238,5.947500728409,3.2,-0.713799097466,13.2179116744,装修装饰Ⅱ,2025-10-31,2024-09-30
002371,北方华创,6.231,20532065958.75,40.7427752791,21.1295,4467785189.44,54.72,1.2564,54.458021555167,16.74,0.785306591544,44.3588392306,半导体,2025-10-31,2024-09-30
002361,神剑股份,0.0307,1735870899.62,-6.4580148047,-0.4342,29206219.78,10.87,5.4184,2.340943172459,1.29,-0.100542930488,13.1285857289,塑料,2025-10-31,2024-09-30
002352,顺丰控股,1.58,206860993000.0,9.4435442557,4.8975,7617120000.0,21.59,-2.9247,18.817912718914,8.34,4.682880761245,13.9550828706,物流,2025-10-31,2024-09-30
002351,漫步者,0.3811,2145728876.56,15.2247792583,9.3611,338260610.71,21.91,6.8188,2.965993467783,12.85,0.416835824844,40.1763783289,消费电子,2025-10-31,2024-09-30
002346,柘中股份,-0.34,722498481.55,36.9608892856,11.2004,-147641408.17,-175.55,151.7163,6.081245272223,-5.26,0.325369334125,23.483364561,电网设备,2025-10-31,2024-09-30
002345,潮宏基,0.36,4859305302.38,8.0076027421,-12.6684,315912394.76,0.95,-12.3887,4.205312727002,8.55,0.50072529629,24.1647727669,饰品,2025-10-31,2024-09-30
002340,格林美,0.18,24872431154.75,22.958850772,-16.1366,903889106.4,65.06,-17.5241,3.747363264789,4.67,0.399975687766,13.5607009752,电池,2025-10-31,2024-09-30
002335,科华数据,0.52,5393403922.4,-1.9715323297,-34.7028,238065900.17,-46.53,-91.8183,9.499891367403,5.29,0.418582197495,25.3331101206,其他电源设备Ⅱ,2025-10-31,2024-09-30
002323,*ST雅博,-0.0302,188470946.45,-60.8681189192,1.9417,-63987649.28,-590.11,25.1132,0.262192727041,-10.88,-0.066200505782,12.5119423254,专业工程,2025-10-31,2024-09-30
002321,华英农业,0.0154,3756923951.36,41.4057484564,9.9811,32799627.05,104.86,-11.7379,0.45092467488,3.28,0.063013036339,6.8187082636,养殖业,2025-10-31,2024-09-30
002317,众生药业,0.18,1908022039.84,-7.8819198646,-24.8309,148802427.39,-46.76,69.9878,5.150242767633,3.41,0.352836729031,56.0832099581,中药Ⅱ,2025-10-31,2024-09-30
002304,洋河股份,5.6947,27516482442.02,-9.1358310001,-29.9074,8578711547.57,-15.92,-66.6247,35.511540168467,15.26,2.295675031296,73.8138602022,白酒Ⅱ,2025-10-31,2024-09-30
002289,宇顺电子,-0.0555,134708238.02,6.7903078345,-39.4934,-15551869.76,-467.68,-1212.3963,0.829152573821,-6.48,-0.05362145442,18.5893353354,光学光电子,2025-10-31,2024-09-30
002278,神开股份,0.0564,496519445.18,-4.1378518841,-12.3998,20259346.36,70.06,-39.9616,3.062023799792,1.83,-0.073496978596,36.4575101232,专用设备,2025-10-31,2024-09-30
002277,友阿股份,0.082,961243139.4,-5.3350228138,26.5959,114372698.43,31.15,-61.3849,4.876193609652,1.7,0.105545104129,60.8638380685,一般零售,2025-10-31,2024-09-30
002269,美邦服饰,0.02,525070435.65,-37.2824974985,-18.1592,51820575.97,24.46,-387.7039,0.208889029429,10.86,-0.099448161811,33.981330636,服装家纺,2025-10-31,2024-09-30
002263,大东南,-0.011,976181825.82,-1.5035735141,-1.4212,-20445304.51,-380.52,20.0962,1.446095842826,-0.75,0.00569299663,9.7755700102,塑料,2025-10-31,2024-09-30
002259,升达林业,-0.027,509494116.38,-15.3852370855,122.3908,-20313343.54,-182.69,148.6048,0.299049573502,-8.64,0.098829686244,19.7077993331,燃气Ⅱ,2025-10-31,2024-09-30
002253,川大智胜,-0.1198,126568043.29,5.3671256984,-34.2666,-27036446.31,-4.99,-10.0804,5.214720572281,-2.27,-0.020262282339,24.4986469444,软件开发,2025-10-31,2024-09-30
002244,滨江集团,0.52,40783626066.4,-12.090248129,57.9348,1633442766.7,-33.94,-7.697,8.534093910217,6.26,-0.452183019392,10.429656515,房地产开发,2025-10-31,2024-09-30
002238,天威视讯,0.0166,938764909.84,0.9041994847,-23.4885,13319117.37,-80.72,-97.7971,2.845870452566,0.57,0.445856493545,27.0034147541,电视广播Ⅱ,2025-10-31,2024-09-30
002207,*ST准油,-0.0577,228153276.65,34.1825989123,60.6974,-15126879.93,15.01,61.1814,0.259114012917,-20.04,0.006878209307,0.6853676147,油服工程,2025-10-31,2024-09-30
002206,海利得,0.26,4368203212.68,2.4951055906,-0.3128,296458100.7,8.94,-7.0534,3.262863194775,7.9,0.43383784415,15.6780667367,化学纤维,2025-10-31,2024-09-30
002203,海亮股份,0.44,68121223228.08,-1.9394827614,8.5975,878883173.53,-9.39,-14.1665,6.897482745358,6.13,-1.675354745145,3.0551288975,工业金属,2025-10-31,2024-09-30
002184,海得控制,-0.3074,1651888692.12,-32.6958208317,-12.6654,-108183983.1,-207.54,-2561.5915,3.483740507138,-8.17,-1.114107011862,14.8198476367,自动化设备,2025-10-31,2024-09-30
002181,粤传媒,-0.0328,405871935.87,7.543672451,-5.4441,-38033033.88,-85383.7,128.6453,3.57770998981,-0.9,-0.057258107525,27.6142239127,出版,2025-10-31,2024-09-30
002180,奔图科技,0.7668,19393498585.48,8.0689174536,1.5048,1081209006.14,408.87,-84.539,7.32062490275,10.89,0.886317342266,32.7126822886,计算机设备,2025-10-31,2024-09-30
002177,御银股份,0.0165,51272806.21,-1.5614209109,2.0273,12560160.24,1.18,-25.3814,2.232902008191,0.74,0.034101828469,55.8809077129,一般零售,2025-10-31,2024-09-30
002175,*ST东智,0.0266,241079787.29,28.1174030129,35.9147,33905694.69,-33.13,612.8391,0.480703585683,5.68,0.014416251695,38.8058333308,通用设备,2025-10-31,2024-09-30
002174,游族网络,0.0058,996872110.38,-15.4318118595,-19.4496,5178017.83,-50.42,104.5598,4.852336656462,0.11,0.091800959941,43.3095610063,游戏Ⅱ,2025-10-31,2024-09-30
002172,澳洋健康,0.0505,1501392158.94,-7.5352538518,4.386,38678072.35,-2.39,-79.5083,0.173109163612,34.16,-0.299367685741,13.7167887726,医疗服务,2025-10-31,2024-09-30
002168,ST惠程,-0.106,147181487.5,5.4298963228,-55.1766,-83094773.02,-66.03,56.8265,-0.0883978942,,-0.123132637599,15.3565927033,电网设备,2025-10-31,2024-09-30
002161,远望谷,0.0856,375780780.96,0.2446183498,-6.3696,63321293.71,108.66,144.8216,2.112010949035,4.16,0.002248797836,41.2379416303,其他电子Ⅱ,2025-10-31,2024-09-30
002160,常铝股份,0.0497,5622033466.17,12.1078524942,-4.8843,51358152.87,310.15,-66.4363,3.551761732842,1.41,0.05593620598,11.5531903641,工业金属,2025-10-31,2024-09-30
002152,广电运通,0.27,7118048959.29,23.9307401213,-10.719,672916578.29,-10.58,-30.4633,4.951806061419,5.42,-0.419009794248,31.4439965117,计算机设备,2025-10-31,2024-09-30
002149,西部材料,0.2823,2220331741.06,-5.5456242185,-19.482,137844412.78,-8.53,-28.299,6.042712489967,4.64,0.328906172252,22.2322816916,小金属,2025-10-31,2024-09-30
002146,荣盛发展,-0.33,28841235163.08,-15.1739688885,5.3029,-1424857208.12,-1199.38,-201.2771,5.113909979229,-6.41,-0.215122712235,12.4042475404,房地产开发,2025-10-31,2024-09-30
002140,东华科技,0.45,6434567533.68,7.9327078669,-19.3684,317514169.5,21.58,22.9035,6.004854384961,7.66,0.824688587097,8.0909908838,专业工程,2025-10-31,2024-09-30
002135,东南网架,0.14,9089880442.14,-7.4970060197,-11.7722,163347925.59,-40.24,-8.2913,5.516350022659,2.56,0.244020308545,8.0882171532,专业工程,2025-10-31,2024-09-30
002133,广宇集团,-0.1964,3354732559.15,-55.0168042625,46.8005,-152060074.98,-196.26,-41.29,4.871039703567,-3.93,0.316629496838,3.289625822,房地产开发,2025-10-31,2024-09-30
002127,南极电商,0.0226,2406571226.37,16.4189403143,0.8746,54226915.15,-34.88,-178.5025,1.822956214703,1.0,-0.17985081421,14.1435585093,互联网电商,2025-10-31,2024-09-30
002124,天邦食品,0.6037,7146352456.9,-1.6808339797,24.7337,1341408547.69,185.67,110.8376,1.601480568594,46.45,-0.621437694311,15.6476621456,养殖业,2025-10-31,2024-09-30
002111,威海广泰,0.249,2073750719.46,28.9376112791,10.1514,128876325.86,89.14,-62.9247,5.765183074839,4.1,-1.262353468683,24.7592529006,航空装备Ⅱ,2025-10-31,2024-09-30
002096,易普力,0.42,6302962885.64,0.2904993304,11.779,524133311.24,10.68,-19.9077,5.874069227707,7.37,0.260699032377,23.5802848571,化学制品,2025-10-31,2024-09-30
002095,生意宝,-0.06,382398877.24,18.4112366987,-17.3221,-14863761.28,-195.62,-116.1419,3.59574472974,-1.61,-0.51465536855,11.8530984173,数字媒体,2025-10-31,2024-09-30
002091,江苏国泰,0.55,29053437248.78,2.1594307021,19.0907,887791670.67,-26.12,42.4186,9.340750426496,5.72,0.502417723122,15.1165790169,贸易Ⅱ,2025-10-31,2024-09-30
002086,东方海洋,-0.04,247911377.73,-23.7720956409,3.9579,-69607391.82,-34.21,-3.8833,0.790168193899,-4.4,-0.08837460216,10.3046438949,农产品加工,2025-10-31,2024-09-30
002076,星光股份,-0.0019,123975086.79,19.5155993779,35.7769,-2049050.01,71.07,-809.3491,0.291402721464,-0.64,-0.00379052251,37.3981146458,照明设备Ⅱ,2025-10-31,2024-09-30
002072,凯瑞德,-0.0069,501775937.25,133.0159603107,-6.819,-2533087.73,-486.85,-321.2559,0.137844587059,-4.88,0.040821859416,2.74555985,贸易Ⅱ,2025-10-31,2024-09-30
002067,景兴纸业,0.0419,4050011604.38,-0.7022781028,-2.3953,50032010.09,-0.5,-91.0799,4.56619457713,0.9,0.004717180306,6.6445282823,造纸,2025-10-31,2024-09-30
002066,瑞泰科技,0.1775,3347602092.36,-0.0347097836,-0.075,40994938.58,-15.36,-76.6016,3.022620927056,5.94,0.101038586277,15.1323513902,装修建材,2025-10-31,2024-09-30
002052,同洲电子,-0.0191,237363596.49,15.6614041013,356.1862,-14275891.35,65.99,168.2997,-0.005136334484,,0.021010969032,29.4605432948,其他电源设备Ⅱ,2025-10-31,2024-09-30
002050,三花智控,0.61,20562897141.85,8.3639201811,-4.8323,2301970695.56,6.59,-9.1509,4.941641358795,12.61,0.534104181018,27.6970964516,家电零部件Ⅱ,2025-10-31,2024-09-30
002047,宝鹰股份,-0.29,1505650505.72,-37.777035835,-33.9198,-433479363.22,-53.45,-38.7132,-0.126171985436,,-0.090497067396,6.1704907658,装修装饰Ⅱ,2025-10-31,2024-09-30
002044,美年健康,0.01,7140540911.69,-1.9649115382,22.1105,24632532.07,-88.96,239.3655,1.955049550882,0.32,-0.077473225275,39.6723325399,医疗服务,2025-10-31,2024-09-30
002031,巨轮智能,0.0027,888087458.64,64.8910261411,-12.0024,5842039.53,145.2,-99.1511,1.105880869403,0.24,-0.101263275821,17.9864034894,专用设备,2025-10-31,2024-09-30
002030,达安基因,-0.36,591050057.91,-29.8320510416,-5.644,-502719727.25,-242.58,-188.0746,5.93094586128,-5.83,0.094353367497,39.9796677029,医疗器械,2025-10-31,2024-09-30
002024,ST易购,0.0657,38022337000.0,-21.856183028,-7.2942,599215000.0,122.98,423.5933,1.30522485815,5.09,0.309846519455,21.6487376881,互联网电商,2025-10-31,2024-09-30
002019,亿帆医药,0.3,3858211534.78,31.6669233729,-6.1249,366380130.89,149.5,5.6251,6.998569154393,4.26,0.290539711256,47.6468159824,化学制药,2025-10-31,2024-09-30
002006,精工科技,0.16,1181324145.23,5.5092230822,-47.2837,73033696.35,-47.96,-161.3433,2.885523062923,5.35,0.132791160691,24.3669486984,专用设备,2025-10-31,2024-09-30
001979,招商蛇口,0.22,78009431300.35,2.8755752003,-2.8641,2600671368.28,-31.0,9.0799,10.791177787585,2.04,1.431581207677,9.9500128592,房地产开发,2025-10-31,2024-09-30
001872,招商港口,1.49,12166341002.65,3.4965786325,2.0114,3736113366.24,18.63,-21.2454,24.434098443327,6.22,2.159264751967,44.7266683887,航运港口,2025-10-31,2024-09-30
001696,宗申动力,0.3416,7404741793.19,25.9955901232,4.4207,391176140.44,4.78,-32.4087,4.291729419139,7.99,0.32093113637,14.128223408,通用设备,2025-10-31,2024-09-30
001376,百通能源,0.32,817403391.66,4.2078363564,-15.327,149112638.35,48.35,-25.6233,2.33033332736,14.33,0.419170662725,31.4909739801,电力,2025-10-31,2024-09-30
001368,通达创智,0.74,715094593.32,23.6626747504,8.63,83889397.61,3.6,-30.6647,12.423581582557,5.96,0.875336406318,27.1475512895,文娱用品,2025-10-31,2024-09-30
001356,富岭股份,0.37,1706459696.73,27.7121160302,7.6573,164045673.4,0.46,-3.0275,2.864916964705,13.85,0.358746256069,20.9616050069,家居用品,2025-10-31,2024-09-30
001330,博纳影业,-0.26,959998002.91,-27.3485602932,59.3948,-354359962.85,-50.02,-49.7725,4.236020839033,-5.89,-0.139894121193,-2.6039836629,影视院线,2025-10-31,2024-09-30
001324,长青科技,0.3559,329515275.13,-15.2400934917,-2.0613,48712473.46,-18.19,-36.5771,7.966965338841,4.48,0.197127954565,32.5482283568,轨交设备Ⅱ,2025-10-31,2024-09-30
001322,箭牌家居,0.0332,4831705497.94,-8.4916851201,-10.7253,31992498.68,-88.87,-104.6796,5.002783529966,0.64,-0.515181366301,26.4226337819,家居用品,2025-10-31,2024-09-30
001316,润贝航科,0.6423,668010476.08,10.6750613653,9.9827,71932125.55,-8.15,15.143,14.37066700861,6.13,-0.379206480839,27.8287970723,炼化及贸易,2025-10-31,2024-09-30
001309,德明利,2.04,3597001888.2,268.4497096589,4.0796,421705654.73,479.26,-82.2755,10.55732591064,31.52,-6.369042796885,23.1323335264,半导体,2025-10-31,2024-09-30
001279,强邦新材,0.5793,1117254932.97,6.2828840075,-4.8002,69518156.59,-1.48,-17.1396,5.323035695333,11.63,0.299162537917,12.4239115151,包装印刷,2025-10-31,2024-09-30
001269,欧晶科技,-1.1615,807856051.79,-65.2659683608,-8.307,-223469025.43,-137.97,33.7133,6.616386139143,-13.78,0.352015905433,5.428729662,光伏设备,2025-10-31,2024-09-30
001256,炜冈科技,0.56,382119280.38,23.0051950246,-1.2769,80146907.33,21.1,-37.8214,7.933460509207,7.15,0.456649279091,32.8904719817,专用设备,2025-10-31,2024-09-30
001238,浙江正特,0.29,981689091.53,10.6874806087,-41.6897,31622682.81,-6.55,-156.6569,10.120415364727,2.87,0.821791333545,26.4882180441,文娱用品,2025-10-31,2024-09-30
001230,劲旅环境,0.86,1147210821.13,10.7888271445,-3.4487,114196777.29,26.03,20.9433,13.636452923189,6.37,0.302678827681,26.0406511992,环境治理,2025-10-31,2024-09-30
001227,兰州银行,0.2308,6052658145.23,-3.0196651584,1.7652,1494613579.7,0.95,38.5742,5.156554974782,4.61,-0.043499768431,,银行Ⅱ,2025-10-31,2024-09-30
001226,拓山重工,0.21,441455398.8,19.2943363059,0.8037,15336614.43,454.25,-51.6249,9.872184674293,2.1,-0.232099840625,12.161215619,工程机械,2025-10-31,2024-09-30
001225,和泰机电,0.66,180309714.81,-37.4414563713,44.4964,42475543.91,-50.79,39.0842,21.819093747951,2.98,0.894436236678,37.6188315818,专用设备,2025-10-31,2024-09-30
001223,欧克科技,0.6246,322519825.63,10.6077680402,22.2496,58303542.1,-45.69,5.0451,28.347703734853,3.04,0.139979316887,35.683591294,自动化设备,2025-10-31,2024-09-30
001213,中铁特货,0.1289,7867256686.75,2.7359988405,8.3281,572829556.22,-2.76,-35.2008,4.267328546537,3.04,0.001442478458,10.0608938375,铁路公路,2025-10-31,2024-09-30
001211,双枪科技,0.2,927765827.23,37.1227515908,5.4556,14153260.21,452.1894851695,-69.2406,11.917260790278,1.64,-0.769143936806,32.0822595998,家居用品,2025-10-31,2024-09-30
001209,洪兴股份,0.55,1157695232.8,12.2146969901,16.1973,71896834.9,-6.37,570.3643,9.769858499429,5.64,-0.389874568972,34.283750618,服装家纺,2025-10-31,2024-09-30
001202,炬申股份,0.41,714217766.39,-2.8681241935,16.3954,67646092.25,35.96,13.3989,5.731214197283,9.03,0.695670983851,20.5709632977,物流,2025-10-31,2024-09-30
001201,东瑞股份,-0.3,1065858645.18,32.0577038624,21.188,-76976963.6,81.48,222.4906,13.090247853822,-2.24,-0.119648086035,20.9020737916,养殖业,2025-10-31,2024-09-30
000987,越秀资本,0.3431,7071375744.99,3.05,11.5819,1718879445.52,-16.58,28.1192,5.849706380387,5.92,2.666577124784,28.321068464,多元金融,2025-10-31,2024-09-30
000977,浪潮信息,0.8728,83308069413.04,72.6376870374,67.8958,1284864502.29,67.05,139.9739,12.841229011463,6.96,-6.398692106967,6.7381618716,计算机设备,2025-10-31,2024-09-30
000970,中科三环,-0.0346,4981875863.78,-22.3668880467,3.3744,-42053030.3,-118.82,14.7046,5.288676184312,-0.64,0.767761559169,10.4967596351,金属新材料,2025-10-31,2024-09-30
000966,长源电力,0.3303,12931359330.18,21.1499532411,33.9128,908218649.96,41.44,132.784,3.941289620976,8.73,1.246305920013,13.5493918635,电力,2025-10-31,2024-09-30
000959,首钢股份,0.0261,81969596350.56,-3.5875921002,-6.8505,203669296.35,-78.57,-145.6021,6.356581082419,0.41,0.084629574636,3.7406422215,普钢,2025-10-31,2024-09-30
000951,中国重汽,0.79,33586743326.5,9.17636027,-29.1945,933916484.39,42.48,-8.4393,12.584031166997,6.27,4.265281707023,7.715468379,商用车,2025-10-31,2024-09-30
000949,新乡化纤,0.1305,5557587700.05,1.0173643686,-3.6125,199288724.86,739.01,-46.4484,3.823372461612,3.36,-0.074496309087,11.667191246,化学纤维,2025-10-31,2024-09-30
000938,紫光股份,0.553,58839423074.2,6.5645005403,-0.2677,1581620368.29,2.65,-0.9243,4.724036563914,4.92,-0.839178720353,17.5907765008,IT服务Ⅱ,2025-10-31,2024-09-30
000936,华西股份,0.16,2511201996.66,21.5631899731,1.1142,141400317.68,40.81,26.3822,5.872982241849,2.71,0.012425867503,6.3721597846,化学纤维,2025-10-31,2024-09-30
000935,四川双马,0.32,744168505.69,-7.6149407932,-2.8301,244562979.6,-63.41,25.344,9.666174789248,3.31,0.383693222899,48.8026428669,多元金融,2025-10-31,2024-09-30
000926,福星股份,0.0104,2280766830.47,-48.5970666549,3.1757,16630343.47,-79.41,-33.446,7.578117474712,0.14,-0.201166778299,24.7961069586,房地产开发,2025-10-31,2024-09-30
000923,河钢资源,0.8849,4650985552.78,16.728603226,-15.1309,577590626.73,-13.38,-57.8296,14.70230764426,6.13,1.337379619349,62.4770167573,冶钢原料,2025-10-31,2024-09-30
000901,航天科技,-0.0136,4985817478.42,5.7386983403,-0.07,-10822825.25,-145.04,-315.9015,5.258919450488,-0.26,0.082309917354,17.97602914,汽车零部件,2025-10-31,2024-09-30
000898,鞍钢股份,-0.542,79261000000.0,-7.7781397622,-15.2779,-5084000000.0,-140.61,-132.0736,5.289566236811,-9.73,-0.033358201002,-3.5477725489,普钢,2025-10-31,2024-09-30
000890,法尔胜,-0.1,269332839.68,-22.6323456477,-10.4313,-41353864.41,-83.03,-195.3716,0.184396827159,-76.7,0.065699199298,5.8980328239,环保设备Ⅱ,2025-10-31,2024-09-30
000889,中嘉博创,-0.0247,1078076032.31,1.707797126,10.9717,-23099268.14,9.4,-4.0709,0.120314763907,-18.6,-0.081867290173,8.8758310001,通信服务,2025-10-31,2024-09-30
000888,峨眉山A,0.4629,805975128.97,-1.9653877981,16.8745,243928438.4,-6.61,91.7085,4.989103652541,9.55,0.67296568025,53.1168601117,旅游及景区,2025-10-31,2024-09-30
000883,湖北能源,0.38,15407362261.0,6.7306612895,21.035,2461194619.88,43.27,60.32,5.273350026182,7.38,0.909197078144,29.2365399437,电力,2025-10-31,2024-09-30
000881,中广核技,-0.1421,4457630998.85,-1.921747695,7.3915,-134363593.77,-29.52,-123.3335,5.760948845352,-2.44,0.136562247203,12.5009894467,化学制品,2025-10-31,2024-09-30
000876,新希望,0.02,77209149689.61,-27.6714319934,7.6468,153257862.95,103.97,91.1921,4.690655517577,0.45,1.8201763026,5.6744113391,饲料,2025-10-31,2024-09-30
000859,国风新材,-0.09,1650778406.18,0.8968826057,7.3697,-76492443.3,-367.2827554005,-103.2251,3.107922223545,-2.71,-0.04810288497,3.9682479656,塑料,2025-10-31,2024-09-30
000850,华茂股份,0.166,2519903127.63,3.8824790378,-3.0885,152082514.97,17.03,227.7372,4.602458570497,3.44,0.130884232553,12.6944910986,纺织制造,2025-10-31,2024-09-30
000829,天音控股,0.0202,69384480084.05,0.1122159263,-26.3195,20713776.2,-83.92,277.7168,2.910398374759,0.69,0.099302038197,2.6549959709,专业连锁Ⅱ,2025-10-31,2024-09-30
000826,*ST启环,-0.844,3694177273.71,-3.0670651769,-5.3581,-1112578699.75,-337.9,-564.2896,2.038684527339,-31.98,0.383962119663,26.1505678364,环境治理,2025-10-31,2024-09-30
000825,太钢不锈,-0.097,75285188185.36,-6.3444612216,1.2673,-554298067.04,-87.12,-611.1091,5.788708870819,-1.66,0.415079573833,1.1501050078,特钢Ⅱ,2025-10-31,2024-09-30
000811,冰轮环境,0.49,4956233573.64,-11.1408813876,-6.3415,473986269.92,-16.49,-31.4629,7.710235339047,8.31,-0.102197738622,26.7950297545,通用设备,2025-10-31,2024-09-30
000803,山高环能,-0.03,1041351644.27,-32.0631632101,-32.6563,-11772258.18,-166.38,153.0673,2.980980906662,-0.83,0.192091058591,18.515904132,电力,2025-10-31,2024-09-30
000800,一汽解放,0.0861,45412538274.18,-5.6323047048,-42.6457,423896921.27,-11.82,-137.0934,5.222544283017,1.6,-0.353202820567,6.0912213998,商用车,2025-10-31,2024-09-30
000799,酒鬼酒,0.1738,1191058956.83,-44.4066844201,-60.6372,56487634.9,-88.2,-235.4596,12.343679987239,1.31,-1.266169104245,71.8094394065,白酒Ⅱ,2025-10-31,2024-09-30
000791,甘肃能源,0.4466,6483064457.43,239.0431998251,17.4099,1385626382.98,10.74,41.0942,5.723005264681,10.63,1.81936679415,38.5922982145,电力,2025-10-31,2024-09-30
000788,北大医药,0.2187,1534330245.12,-7.3176327814,2.3399,130364988.72,182.49,1.7792,2.578790715123,8.8,0.107138050975,27.7534452211,化学制药,2025-10-31,2024-09-30
000785,居然智家,0.12,9479144047.32,-2.7157056085,-2.4296,731773285.0,-36.42,-49.1239,3.22848188096,3.64,0.286615823585,29.3320523272,一般零售,2025-10-31,2024-09-30
000783,长江证券,0.24,4803921684.21,-6.7,27.9403,1433908683.99,19.54,68.1142,6.023242797569,4.02,4.341398389561,,证券Ⅱ,2025-10-31,2024-09-30
000776,广发证券,0.8,18550539533.32,6.24,7.7636,6764429378.69,16.43,-14.9426,15.521238453644,5.26,4.08909369335,,证券Ⅱ,2025-10-31,2024-09-30
000750,国海证券,0.03,2106493827.31,-30.4214114825,-11.3267,184185774.12,-53.04,-15.3116,3.415354372626,0.84,0.054610444876,,证券Ⅱ,2025-10-31,2024-09-30
000726,鲁泰A,0.35,4401071788.51,1.328278397,8.4781,287853364.4,-14.1,16.7543,11.28255165848,3.1,0.931214211967,24.4044516298,纺织制造,2025-10-31,2024-09-30
000725,京东方A,0.09,143731526962.0,13.608223315,5.993,3309765650.0,223.8,-21.1134,3.452682533988,2.53,0.899582172585,15.1843130963,光学光电子,2025-10-31,2024-09-30
000720,新能泰山,-0.0343,788030823.36,-35.1955103043,11.6555,-43052660.02,14.13,64.51,1.949372162484,-1.74,-0.163441125707,7.4250757173,电网设备,2025-10-31,2024-09-30
000712,锦龙股份,-0.107,490646725.67,213.09,-60.4835,-95959999.3,63.38,-189.8364,2.667968691283,-3.96,2.073248031138,,证券Ⅱ,2025-10-31,2024-09-30
000710,贝瑞基因,0.0294,822664528.62,-4.9608393454,-0.5184,10385508.92,107.7,9.2383,5.301199172418,0.56,0.064784598978,50.6087425428,医疗服务,2025-10-31,2024-09-30
000705,浙江震元,0.1304,2851624421.3,-8.6139481663,-2.342,43568941.78,-37.66,-99.8148,5.904827561225,2.2,0.470465261077,19.1518048745,医药商业,2025-10-31,2024-09-30
000700,模塑科技,0.587,5248955388.41,-14.211173567,-2.3002,539121441.4,30.52,-15.3918,4.055089492819,15.0,0.997171715604,18.4229769324,汽车零部件,2025-10-31,2024-09-30
000697,炼石航空,-0.2382,1286385644.09,23.3343654541,-6.4309,-208002156.18,22.46,-28.202,0.237380055555,,0.105087745016,8.7748981092,航空装备Ⅱ,2025-10-31,2024-09-30
000685,中山公用,0.7,3380819386.56,10.1992262588,-2.7556,1025520438.02,23.34,26.9941,11.64639086114,6.09,-0.271044761576,21.3949994967,环境治理,2025-10-31,2024-09-30
000681,视觉中国,0.117,608026727.53,5.8720417625,-6.673,81693083.38,-33.33,-11.8286,4.999875052213,2.35,0.090598206149,46.2250390672,数字媒体,2025-10-31,2024-09-30
000680,山推股份,0.483,10246487750.96,36.0854705069,-3.2159,724820948.44,34.16,21.2119,4.02260004061,11.14,0.383794372451,18.9340917368,工程机械,2025-10-31,2024-09-30
000679,大连友谊,-0.12,124593941.78,0.3435932579,34.6559,-41342332.17,-200.89,-8.4658,0.815931668462,-13.27,-0.138024926487,23.6824496508,一般零售,2025-10-31,2024-09-30
000678,襄阳轴承,-0.042,1095029870.21,-8.3020647206,16.562,-19454278.41,56.34,-815.1738,1.772879931583,-2.35,0.529129724209,9.8377426608,汽车零部件,2025-10-31,2024-09-30
000669,ST金鸿,-0.1399,951852877.71,7.8899432532,-11.4607,-95179246.85,-483.06,97.396,0.229460594643,-44.86,0.218519026687,14.9403484047,燃气Ⅱ,2025-10-31,2024-09-30
000661,长春高新,6.93,10387939088.74,-2.7501977456,8.3131,2788885490.15,-22.8,24.1828,57.115060367435,12.43,7.695509316715,85.5995014088,生物制品,2025-10-31,2024-09-30
000656,金科股份,-0.5,21567436820.72,-49.9146534689,-35.4069,-5332472753.91,-126.73,41.9863,-0.352612091641,,-0.123933625868,12.965053032,房地产开发,2025-10-31,2024-09-30
000651,格力电器,3.98,147416090216.09,-5.3885263379,-26.0028,21960897001.18,9.3,-17.294,22.436057435532,17.8,2.257418543195,29.1187988203,白色家电,2025-10-31,2024-09-30
000650,仁和药业,0.2969,3150637679.36,-17.4943217481,-30.2113,415677635.65,-23.08,-50.8992,4.355670489252,6.79,0.213126504051,37.647329679,中药Ⅱ,2025-10-31,2024-09-30
000628,高新发展,0.342,4656639121.45,3.3457452134,-12.2465,120447989.16,-52.55,155.4876,6.161981210089,5.61,-4.31105479556,9.8498289053,房屋建设Ⅱ,2025-10-31,2024-09-30
000623,吉林敖东,1.0614,1909509716.25,-18.8763095655,-9.5624,1244115685.35,-2.37,79.4471,24.248380097406,4.41,-0.039189995814,39.1235977488,中药Ⅱ,2025-10-31,2024-09-30
000620,盈新发展,0.0142,2264078669.87,-15.3004398312,-10.5075,83504155.29,104.75,25.7785,0.936839669381,1.54,-0.049885761771,23.464419535,房地产开发,2025-10-31,2024-09-30
000617,中油资本,0.34,29215360929.33,3.55,-0.2197,4341930362.87,-17.55,-1.4981,8.06829465183,4.29,7.152388170629,23.9716595818,多元金融,2025-10-31,2024-09-30
000612,焦作万方,0.443,4788611415.83,2.7116703979,-9.2919,527982469.42,49.41,-22.9529,5.180305772417,8.78,0.717048878856,12.5818290477,工业金属,2025-10-31,2024-09-30
000608,阳光股份,-0.025,239396880.89,-39.5326600424,59.2164,-20104123.15,37.76,100.7729,3.232031735671,-0.82,0.108782693307,60.3928479195,房地产开发,2025-10-31,2024-09-30
000607,华媒控股,0.01,1066556496.79,-16.916820794,-2.3818,11174902.98,-75.06,-133.0777,1.59942384824,0.68,-0.137639007582,20.0613945585,广告营销,2025-10-31,2024-09-30
000600,建投能源,0.266,17120214946.43,29.0223705366,22.5965,477168466.06,92.52,25.7269,5.655901113824,4.5,1.159406558348,15.1118634349,电力,2025-10-31,2024-09-30
000596,古井贡酒,8.98,19068608990.68,19.5323943409,-4.6466,4746493826.19,24.49,-22.1143,45.203462501305,20.54,10.110102266099,79.7082358502,白酒Ⅱ,2025-10-31,2024-09-30
000593,德龙汇能,0.119,1279354290.3,10.3830753101,1.1281,42335688.0,-24.77,-32.8851,2.426196779877,4.93,0.357996611721,12.9718928,燃气Ⅱ,2025-10-31,2024-09-30
000592,平潭发展,0.0117,1184319582.67,33.0444965163,-20.7569,22566587.62,11.49,-96.5483,1.048957829354,1.1,-0.008580534013,9.9926754857,林业Ⅱ,2025-10-31,2024-09-30
000568,泸州老窖,7.89,24303555187.3,10.7590700666,-4.1186,11593041150.05,9.72,3.2405,30.861820799267,25.88,8.46806959989,88.434536322,白酒Ⅱ,2025-10-31,2024-09-30
000564,供销大集,0.0061,1428824224.48,37.3277326062,-68.6964,116212145.9,70.69,-191.7669,0.860945575784,0.81,-0.023711741858,27.8973554086,一般零售,2025-10-31,2024-09-30
000561,烽火电子,-0.0326,1254735735.24,62.5413840522,-34.2887,-24505748.25,-22.8874319065,-199.3484,3.030669696725,-1.39,-1.09942806232,35.3954748483,航空装备Ⅱ,2025-10-31,2024-09-30
000555,神州信息,-0.1225,6679743855.82,0.9380357525,10.9894,-117946218.6,-235.96,-106.2642,6.185820743601,-1.92,-0.763115420618,13.6053911486,IT服务Ⅱ,2025-10-31,2024-09-30
000552,甘肃能化,0.1928,7801374503.95,-9.3488069949,-22.3413,1031692417.84,-33.85,-62.7304,3.119395199056,5.87,0.152600934245,32.6516413813,煤炭开采,2025-10-31,2024-09-30
000548,湖南投资,0.18,514211802.51,59.8382490652,-19.0526,91797233.41,35.11,1.4891,4.100300427183,4.54,0.175487252005,40.27216805,铁路公路,2025-10-31,2024-09-30
000539,粤电力A,0.2794,42517459818.0,-5.8832333871,23.6978,1467075725.0,-15.04,-27.3635,4.473915350986,6.43,2.0697335346,13.816807279,电力,2025-10-31,2024-09-30
000538,云南白药,2.42,29915155069.84,0.7633351317,-2.2841,4326728068.05,4.93,-23.4717,22.710995575784,10.82,2.282813493088,28.4013509257,中药Ⅱ,2025-10-31,2024-09-30
000531,穗恒运A,0.1764,3342850368.18,-5.2639834184,1.6632,183680141.9,-37.01,51.9671,6.368256498562,2.77,0.476921775043,13.7040234989,电力,2025-10-31,2024-09-30
000524,岭南控股,0.2,3269835565.98,30.4078153986,31.2441,135227728.32,133.96,507.612,3.354414914525,6.21,0.447407456547,18.8473381525,旅游及景区,2025-10-31,2024-09-30
000523,红棉股份,0.0353,1720204052.86,-19.2142659536,-17.6322,64788127.21,201.8,52.713,0.801048703522,4.39,-0.020339963815,15.7253656559,综合Ⅱ,2025-10-31,2024-09-30
000510,新金路,-0.0558,1515254281.25,-23.0169566466,-3.1661,-34220099.86,60.88,387.3772,2.099345657783,-2.7,-0.190437596123,10.2194799458,化学原料,2025-10-31,2024-09-30
000509,华塑控股,-0.0115,715494681.78,50.1533454138,9.8299,-12331710.58,-141.47,-1380.0354,0.126478199435,-8.69,-0.011594329453,3.4405612825,光学光电子,2025-10-31,2024-09-30
000501,武商集团,0.16,5118774044.93,-5.8638534117,-12.4787,124128734.67,4.74,-296.0567,14.365354872048,1.12,1.232363242339,47.3100069123,一般零售,2025-10-31,2024-09-30
000498,山东路桥,0.7298,42682970859.48,-6.3216019178,-25.0825,1457328714.93,3.52,-43.5584,9.038212770139,7.71,-3.866178310939,12.3060811506,基础建设,2025-10-31,2024-09-30
000488,ST晨鸣,-0.242,19824745808.47,0.5217033083,-16.6074,-710098519.92,7.57,-2399.9825,5.395681128879,-4.36,0.806403126109,8.8161426927,造纸,2025-10-31,2024-09-30
000426,兴业银锡,0.7075,3296441885.93,35.9549585008,-23.4182,1299841971.09,139.4,-36.3319,4.165102846688,18.35,0.682547487145,64.3069116042,贵金属,2025-10-31,2024-09-30
000425,徐工机械,0.45,70029313915.31,-2.2894079989,-24.9991,5352397602.43,9.71,-23.8409,4.979402150178,9.19,0.155148524774,21.9694271397,工程机械,2025-10-31,2024-09-30
000420,吉林化纤,0.0252,2798538215.4,1.5287762374,19.1169,62082884.69,13.95,14.1011,1.799536691672,1.41,0.026501017371,16.053556313,化学纤维,2025-10-31,2024-09-30
000417,合百集团,0.2676,5327696829.55,3.8780743888,-4.1409,208715716.26,-20.36,-77.4973,6.049845279479,4.44,0.046804994883,27.0260847795,一般零售,2025-10-31,2024-09-30
000415,渤海租赁,0.2571,25086731000.0,8.1322514676,17.0216,1590167000.0,87.33,166.6411,4.926605310258,5.29,3.021598924153,46.3892246463,多元金融,2025-10-31,2024-09-30
000402,金融街,-0.87,11686724512.75,42.5141479498,-42.0426,-2614965433.59,-95.37,62.9741,11.158375264827,-7.55,0.858041889602,5.7204049028,房地产开发,2025-10-31,2024-09-30
000338,潍柴动力,0.97,161953578560.89,0.9792274816,-11.8441,8401015389.4,29.23,-24.4033,9.901589309367,10.14,1.548782450912,21.8622878883,汽车零部件,2025-10-31,2024-09-30
000301,东方盛虹,-0.21,108301384933.75,4.460647852,-1.7367,-1419062479.87,-155.96,-2523.9516,4.898681859751,-4.12,0.507321373365,8.5839469864,炼化及贸易,2025-10-31,2024-09-30
000166,申万宏源,0.15,12562277577.35,-22.8496459995,26.6501,3849869120.27,-11.44,132.531,4.117155369118,3.78,2.57549944141,,证券Ⅱ,2025-10-31,2024-09-30
000159,国际实业,-0.94,2432553852.23,-43.5376086224,-54.2335,-452075228.13,-883.59,-3761.2248,4.177772961215,-20.32,-0.097990634148,6.800496502,炼化及贸易,2025-10-31,2024-09-30
000157,中联重科,0.38,34385739092.48,-3.1773070329,-22.818,3139015862.65,9.95,-37.9863,6.581335360816,5.5,0.139174438743,28.0331996779,工程机械,2025-10-31,2024-09-30
000156,华数传媒,0.1898,6348258990.11,-4.7878279877,-12.9091,351745336.08,-33.76,-16.9792,7.963470591995,2.35,0.239593214235,31.8214497535,电视广播Ⅱ,2025-10-31,2024-09-30
000100,TCL科技,0.0821,123131768609.0,-7.5351281756,6.1237,1525319763.0,-5.34,-29.8097,2.823080560693,2.87,1.171554391238,11.6948883219,光学光电子,2025-10-31,2024-09-30
000096,广聚能源,0.1267,1534844925.05,-19.339478739,-6.2723,66913061.93,11.14,186.8719,5.221121864886,2.45,-0.005801763845,8.6480895733,炼化及贸易,2025-10-31,2024-09-30
000069,华侨城A,-0.3069,29329645520.58,-7.6531398815,-55.8306,-2350812113.63,29.76,-83.8475,7.046004301039,-4.28,0.207438896653,12.8776437472,房地产开发,2025-10-31,2024-09-30
000065,北方国际,0.76,14121636179.14,-3.4754954438,-31.3633,757513413.18,9.7,-20.7397,8.880052633213,8.59,-0.455720944801,11.7003122251,专业工程,2025-10-31,2024-09-30
000050,深天马A,-0.1923,24014022721.09,-2.7759409828,-0.3706,-472618597.74,73.5995330558,108.8917,11.177834721556,-1.71,1.831303484093,13.3492138599,光学光电子,2025-10-31,2024-09-30
000039,中集集团,0.3357,128970687000.0,35.5814899547,6.8216,1828020000.0,268.87,23.0255,8.674240304303,3.77,0.298653820727,11.839124343,通用设备,2025-10-31,2024-09-30
000036,华联控股,0.0256,332192571.53,-19.9280382901,1.5186,37456354.39,-25.71,-65.1177,3.42479761604,0.71,-0.16725736129,43.2907770928,房地产开发,2025-10-31,2024-09-30
000035,中国天楹,0.15,4269514199.62,13.7089849201,15.9852,363457641.67,11.64,-97.8619,4.336849140695,3.37,0.444071351189,33.0061234315,环境治理,2025-10-31,2024-09-30
000034,神州数码,1.3814,91571184640.35,8.8124537007,-12.8612,893535527.37,5.04,40.0021,13.82864840678,9.99,3.236130534941,4.492753904,IT服务Ⅱ,2025-10-31,2024-09-30
000031,大悦城,-0.14,20477048415.41,-1.0688989834,-64.021,-586770305.39,-16.72,17.3293,3.066778299177,-4.35,0.765080459091,24.3772121999,房地产开发,2025-10-31,2024-09-30
000028,国药一致,1.91,56466354478.37,-0.211201128,-0.0809,1065542103.97,-10.43,-9.2078,32.524281222535,5.99,2.301783135578,10.873782114,医药商业,2025-10-31,2024-09-30
000027,深圳能源,0.3809,30414502789.66,3.6118544482,4.1833,2125490934.49,-29.79,-42.749,6.332794195312,6.09,1.566418743983,22.0349141315,电力,2025-10-31,2024-09-30
000014,沙河股份,0.1937,325122486.13,-73.5121731424,-12.4951,46880161.99,-90.53,-193.5546,6.833327501775,2.81,-0.423986637817,49.4237123315,房地产开发,2025-10-31,2024-09-30
000009,中国宝安,0.1494,14636619742.05,-40.2992731174,-8.4376,385380060.3,-43.2,51.6482,3.934407865336,3.83,0.216904347154,27.2667734537,综合Ⅱ,2025-10-31,2024-09-30
000007,全新好,0.0092,154225694.46,0.6029859467,114.7556,3176090.93,-70.72,-96.739,0.37216572295,2.49,0.059413183265,18.9726746522,一般零售,2025-10-31,2024-09-30
000002,万科A,-1.5132,219894827698.98,-24.2547723208,-5.0115,-17943298450.09,-231.73,14.7487,19.623304394535,-7.4,-0.406316995277,9.5021310815,房地产开发,2025-10-31,2024-09-30
920978,开特股份,0.52,553503583.8,20.9900345059,11.5112,94945924.5,20.29,4.4921,3.526235923551,14.96,0.608685698033,32.1262161898,汽车零部件,2025-10-30,2024-09-30
920953,国子软件,0.29,144418790.32,10.0141211963,5.2431,26440911.97,41.92,61.6924,5.560128133538,4.97,-0.484814754056,57.9948336185,IT服务Ⅱ,2025-10-30,2024-09-30
920895,花溪科技,0.07,66314707.36,1.208200349,74.7458,4081513.71,-33.64,364.1636,3.557204724896,1.87,0.289921596136,27.9284105402,专用设备,2025-10-30,2024-09-30
920876,慧为智能,0.0799,330204116.92,-4.0123602674,-4.9111,5130171.99,-37.0,69.9016,3.99713582031,2.03,0.398387315873,15.4003358451,消费电子,2025-10-30,2024-09-30
920834,三维装备,0.23,204084363.1,2.0986217906,-1.3197,27488120.11,-5.44,-6.7021,2.351510121437,9.25,0.175441870523,31.0959548375,橡胶,2025-10-30,2024-09-30
920833,美心翼申,0.24,322777246.33,-5.3731012544,-14.2426,19361978.42,-40.53,-62.8383,7.335923674114,3.07,0.792926191476,18.573310573,通用设备,2025-10-30,2024-09-30
920808,曙光数创,-0.02,173291950.1,-30.0502254009,-12.2106,-4592987.39,-119.12,-32.6855,3.245407832623,-0.68,-0.564692450877,22.154757551,计算机设备,2025-10-30,2024-09-30
920807,奔朗新材,0.14,421428481.78,-0.6168347641,-5.5929,26195468.98,-22.75,-19.5739,5.14413644205,2.78,-0.123009727183,29.4212774268,通用设备,2025-10-30,2024-09-30
920735,德源药业,0.99,652939581.37,23.6711912293,-1.0035,115282910.6,36.43,-21.5714,13.345804042914,11.62,1.102344836682,84.3677190643,化学制药,2025-10-30,2024-09-30
920725,惠丰钻石,0.08,162449763.39,-57.2440294343,-14.3404,6986847.13,-85.98,-99.2867,6.869011013333,1.1,0.103790199566,20.6628553465,通用设备,2025-10-30,2024-09-30
920720,吉冈精密,0.2351,396625067.14,19.171641527,12.3221,44177799.09,36.08,13.0033,2.436828473375,9.58,0.123151714754,20.6746175403,通用设备,2025-10-30,2024-09-30
920718,合肥高科,0.53,814190099.55,6.8704591312,7.6165,48487830.97,5.09,-28.4691,5.981296754376,9.27,0.397532898297,11.9485544462,家电零部件Ⅱ,2025-10-30,2024-09-30
920706,铁拓机械,0.53,350225703.93,7.1732144332,-40.4772,44615232.45,-14.75,-60.3173,5.917755423407,9.22,-0.151981912499,31.3328077433,工程机械,2025-10-30,2024-09-30
920679,前进科技,0.33,85456800.32,-32.4077853446,2.6373,18569836.8,-47.41,-87.2853,8.952909585855,3.46,0.5376014188,36.4069018422,通用设备,2025-10-30,2024-09-30
920675,秉扬科技,0.29,468791579.23,35.0006684358,16.2122,50197539.86,-1.23,0.7925,3.485432114198,8.54,0.142324539419,18.6311768704,非金属材料Ⅱ,2025-10-30,2024-09-30
920642,通易航天,-0.13,114397225.17,-18.453276225,-24.906,-13105778.24,-251.05,-1328.318,2.193804989025,-5.37,-0.219986730623,20.5863357568,航空装备Ⅱ,2025-10-30,2024-09-30
920639,晨光电缆,0.18,1468141953.31,14.877923621,-33.8581,35610527.14,-17.93,-121.2741,4.192894389881,4.25,-0.633664565972,13.6994126873,电网设备,2025-10-30,2024-09-30
920575,*ST康乐,-0.99,617956.48,-61.4037630521,6.2012,-274754277.97,-22.19,9.5619,2.258589591123,-35.68,-0.268636669574,95.7246293461,生物制品,2025-10-30,2024-09-30
920526,凯华材料,0.21,87723348.12,12.1175327909,0.3706,17485406.9,32.52,-51.4527,2.623324304716,8.22,0.160880755502,31.094311497,电子化学品Ⅱ,2025-10-30,2024-09-30
920504,博迅生物,0.19,84213151.32,-17.9149990584,-11.9388,8175893.45,-46.68,57.5545,4.442877752573,4.05,-0.179464143576,39.8368321624,医疗器械,2025-10-30,2024-09-30
920496,许昌智能,0.15,381305537.42,4.418996574,22.4302,23847829.11,-3.88,593.5306,3.366283534048,5.56,-0.218266752529,24.6169512867,电网设备,2025-10-30,2024-09-30
920455,汇隆活塞,0.16,102156418.41,7.0775802038,-22.9684,29077903.97,42.74,-67.9821,1.927932056579,8.47,0.056058140716,36.2160461142,专用设备,2025-10-30,2024-09-30
920445,龙竹科技,0.12,222766719.49,-6.9810022921,33.1421,18153948.73,70.18,261.7125,2.406377347072,4.89,0.197308876639,27.8375837118,家居用品,2025-10-30,2024-09-30
920375,派诺科技,0.04,345858880.74,-6.2141916876,9.9072,4000491.73,-81.02,-98.5119,9.25850435272,0.54,-0.454525242432,41.9491291476,电网设备,2025-10-30,2024-09-30
920367,新赣江,0.29,111371851.57,-31.6910000071,1.8039,20271549.34,-47.37,134.1625,6.806273864206,4.25,0.473336124751,41.4277122537,化学制药,2025-10-30,2024-09-30
920300,辰光医疗,-0.18,86106323.16,-13.4414956373,-20.2344,-15875336.84,-129.77,-116.9695,3.181296386556,-5.65,-0.52256600483,41.2717153698,医疗器械,2025-10-30,2024-09-30
920270,天铭科技,0.46,181867636.27,1.3403226568,4.9168,48007285.83,1.52,21.9456,3.929683685096,11.54,0.467557504875,42.6872943654,汽车零部件,2025-10-30,2024-09-30
920263,中航泰达,0.31,268572498.02,-23.2508028436,25.0123,43755330.46,-27.8,-53.8594,4.046977688697,7.78,0.197975116105,23.8065119293,环境治理,2025-10-30,2024-09-30
920230,欧康医药,0.26,223826491.38,31.831958666,42.8434,19526091.61,54.23,9.36,5.295552324435,4.84,-0.164752135392,20.5232202439,化学制药,2025-10-30,2024-09-30
920198,微创光电,-0.35,57413138.53,28.0096968914,-1.8842,-55757469.11,-46.56,-3.8701,2.371914155729,-13.58,-0.357355427986,37.1664352034,计算机设备,2025-10-30,2024-09-30
920185,贝特瑞,0.6,10269284021.13,-49.4383150299,-7.9207,671349708.7,-50.81,-34.9251,10.614694391625,5.68,0.362473829231,22.3044443333,电池,2025-10-30,2024-09-30
920169,七丰精工,0.1,130553748.85,5.168554362,2.277,7893415.72,-57.18,-14.728,3.802675249087,2.53,0.135016546254,23.860698482,通用设备,2025-10-30,2024-09-30
920132,泰鹏智能,0.19,190984462.53,14.1087303083,-12.0741,15335762.26,-34.67,-254.4202,2.991309604945,6.25,0.825875804839,19.6533505306,家居用品,2025-10-30,2024-09-30
920130,立方控股,-0.53,189772388.5,-38.3095005094,-9.8009,-48786105.36,-416.7,10.3943,6.195169180643,-7.94,-0.660984272169,50.0577568375,IT服务Ⅱ,2025-10-30,2024-09-30
920128,胜业电气,0.61,451524479.14,6.452010965,-8.3394,37140389.9,3.9323087841,-0.6574,5.807285857662,11.19,0.186512119359,25.1246832212,元件,2025-10-30,2024-09-30
920116,星图测控,0.43,162831431.73,34.34493456,66.3439,50207403.88,82.0971558181,75.555,3.319556619879,20.18,-0.598774728848,51.9809921529,IT服务Ⅱ,2025-10-30,2024-09-30
920108,宏海科技,0.56,325082084.59,15.4804460974,-16.2546,55514475.86,47.5580152813,-53.0296,3.5897267917,17.09,1.166265387,33.414861827,家电零部件Ⅱ,2025-10-30,2024-09-30
920106,林泰新材,0.99,193050942.63,36.7607548522,-3.8367,46131129.98,72.5741654765,-0.5736,9.331338687783,16.11,0.928079109804,42.3612957989,汽车零部件,2025-10-30,2024-09-30
920092,汉鑫科技,0.07,147873324.23,-53.7030883546,-70.9986,4381877.69,-81.46,-103.09,6.192326706798,1.13,-0.841545944487,34.490044432,IT服务Ⅱ,2025-10-30,2024-09-30
920088,科力股份,0.5306,230983817.03,-2.5927741386,-17.1695,33915790.18,14.07,-37.4714,7.477264344704,7.3938,1.267556402462,36.5843934768,油服工程,2025-10-30,2024-09-30
920086,科马材料,0.88,189179002.16,34.7517808261,0.0308,55428374.09,74.552521454,14.6706,8.644001517368,10.77,0.838489772945,46.6384120133,汽车零部件,2025-10-30,2024-09-30
920062,科润智控,0.14,849313090.92,15.4928676217,3.2622,26160077.85,-49.38,-63.7122,3.748868231451,3.77,-0.94857431155,16.1477032965,电网设备,2025-10-30,2024-09-30
920057,百甲科技,0.05,686575856.5,-8.1625461566,-28.544,8551397.33,-72.07,-7.8954,4.000651152616,1.18,-0.263131507367,17.3885557378,专业工程,2025-10-30,2024-09-30
920050,爱伦医疗,1.14,482794153.57,17.0402504148,12.028,57628767.19,40.270286612,-51.8908,13.988171650627,8.62,0.8657934233,23.5975275068,医疗器械,2025-10-30,2024-09-30
920047,诺思兰德,-0.13,54450785.7,13.8725896612,-6.9297,-34594913.61,28.8881253772,44.2086,1.245938499681,-10.35,-0.141897034766,55.7096721012,生物制品,2025-10-30,2024-09-30
920046,亿能电力,0.13,134199176.75,-13.3932633586,-32.2854,13053912.36,10.9,-6.3262,2.415408877706,5.4,0.32736510786,26.9989169289,电网设备,2025-10-30,2024-09-30
920035,精创电气,0.99,367973733.58,15.3841256868,3.8981,42858562.62,9.1435509905,-23.6362,8.3065012413,12.66,0.853811580549,45.8297694619,自动化设备,2025-10-30,2024-09-30
920021,流金科技,-0.02,418662921.21,-4.5579325353,-3.2196,-5479687.45,-140.53,-1676.8327,2.118838133464,-0.83,-0.294707183754,21.1484913744,电视广播Ⅱ,2025-10-30,2024-09-30
920014,特瑞斯,0.32,449818089.42,2.1227202554,-12.2859,40152039.8,-0.18,-11.0505,6.308679694259,5.06,-0.411376123541,33.8773484647,燃气Ⅱ,2025-10-30,2024-09-30
920008,成电光信,0.5752,202818843.83,61.2062585055,-14.8543,31169658.42,16.59,-48.3428,4.511795284392,16.33,-0.720936497412,40.5898028139,军工电子Ⅱ,2025-10-30,2024-09-30
920006,晟楠科技,0.14,71918604.9,-28.7936739448,-35.4166,12622161.61,-63.79,-49.479,3.805937596581,3.52,0.008303600621,48.8338715675,航空装备Ⅱ,2025-10-30,2024-09-30
900941,东信B股,0.083,1970346058.88,2.3856125796,-10.123,103634698.61,-9.61,132.5269,2.75211748572,3.0,-0.140200781877,9.8291799426,通信设备,2025-10-30,2024-09-30
900939,汇丽B,0.0281,11602329.19,1.1950271171,3.6449,5094232.71,-22.35,63.4426,0.748497853884,3.4,0.035675065344,92.0808362273,房地产开发,2025-10-30,2024-09-30
900937,华电B股,0.06,13267662201.84,-2.0497695124,0.8456,452744375.74,800.9200467769,-185.3353,0.513529803092,11.99,0.330433887671,22.0477082558,电力,2025-10-30,2024-09-30
900920,动力B股,-0.91,5235569406.53,-19.7774098897,-19.1368,-1263219574.56,-17.5614619894,-41.9449,3.068018795301,-25.83,-0.928663141578,3.2502731559,汽车零部件,2025-10-30,2024-09-30
900917,海欣B股,0.1149,605397522.11,-36.051718198,0.5796,138671863.65,10.11,-46.9868,3.618285969894,3.4597,0.033341476201,57.2922485776,化学制药,2025-10-30,2024-09-30
900905,老凤祥B,3.3948,52581666118.68,-15.2811021589,-11.9078,1775857661.63,-9.6,-38.1893,23.574314932708,14.65,12.515622216454,8.5630034642,饰品,2025-10-30,2024-09-30
874922,雨中情,0.32,974514687.16,,,64019689.61,,,,4.38,,32.4997516798,,2025-10-30,2024-09-30
874870,武晓集团,0.48,1559348682.34,,,72358998.33,,,,10.11,,14.832478023,,2025-10-30,2024-09-30
874845,桓基电气,0.59,72536536.02,,,8401282.67,,,,9.47,,59.2188444292,,2025-10-30,2024-09-30
874816,金东方汉,1.02,660087800.0,,,102045521.39,,,,20.41,,32.0401066282,,2025-10-30,2024-09-30
874815,洛科电子,0.56,77398451.02,,,26604616.49,,,,23.29,,67.3817517828,,2025-10-30,2024-09-30
874574,开诚生态,0.38,246345145.93,,,33188799.68,,,,7.04,,36.6591243229,,2025-10-30,2024-09-30
873815,旭域股份,0.55,183998244.75,-8.0746983764,-17.7275,32279810.64,-49.46,-58.2086,3.945962650678,14.89,0.969368790508,32.169194576,,2025-10-30,2024-09-30
873404,潍坊精华,2.22,139899387.5,,,22182787.2,,,,10.26,,41.1875237481,,2025-10-30,2024-09-30
839205,盛昌电气,0.12,85902957.29,,-8.9177,5782162.0,,-48.5005,,5.12,0.075198777557,19.7175409839,,2025-10-30,2024-09-30
835312,上瑞控股,0.08,107334576.98,0.0959357137,-83.9954,25519418.13,-3.03,74.6371,1.775774578,4.63,0.105029182065,,,2025-10-30,2024-09-30
834794,咸亨股份,0.28,105393768.93,,,22393557.96,,,,14.67,0.407717460354,43.3199026598,,2025-10-30,2024-09-30
834777,中投保,0.0598,1039717241.37,-2.2546693951,-28.7376,356626993.87,-8.51,-19.2576,1.63478918668,3.58,-0.100408648896,,,2025-10-30,2024-09-30
834395,博信永元,0.01,39935462.5,67.2864264811,168.3342,1612809.89,-92.62,187.8152,2.635150045677,0.31,-0.149752734827,32.7102608114,,2025-10-30,2024-09-30
834038,诚信小贷,0.05,7638954.57,-3.4895204346,-11.9174,5052767.77,-17.89,-40.3659,1.1166816569,4.63,0.0061023451,,,2025-10-30,2024-09-30
833962,方富创投,-0.16,5963978.05,161.8360274994,40.5243,-7775871.36,-141.26,165.0201,2.313340121925,-6.48,0.247770423876,,,2025-10-30,2024-09-30
833565,方元企业,0.02,15578577.78,-29.677435263,28.803,2090108.48,-48.13,542.7003,1.464999754352,1.34,-0.004574181019,,,2025-10-30,2024-09-30
833499,中国康富,0.06,1694720207.02,14.8254506016,-22.1987,140532524.24,-41.0,-98.1982,2.115250688847,2.7,0.377035302531,32.1212587231,,2025-10-30,2024-09-30
833233,鸿丰小贷,0.11,57333629.43,-5.6670080626,-6.0289,36713734.67,-10.19,1.5511,1.544313012708,7.35,0.260353959138,,,2025-10-30,2024-09-30
832793,同创伟业,0.12,365710465.81,3.8689932191,194.5126,48824892.11,-69.37,95.435,5.043437813694,2.24,0.129738787594,,,2025-10-30,2024-09-30
832088,鑫鑫农贷,0.04,33957524.68,-26.1149594655,-7.647,16478905.03,-43.48,2.2958,1.449676377825,2.88,0.044477946875,,,2025-10-30,2024-09-30
830958,鑫庄农贷,0.0015,2344365.03,-12.9760524817,50.4202,641911.73,-39.69,540.7462,0.03161498902,5.31,0.008986153703,,,2025-10-30,2024-09-30
830843,沃迪智能,-0.34,120095229.8,,,-14020351.98,,,,-56.8,-0.14418643149,25.9582423231,,2025-10-30,2024-09-30
688800,瑞可达,0.67,1589446323.13,52.7488734509,27.3611,105962961.63,10.6,76.1581,12.807880720874,5.36,1.052584290167,22.0063748307,其他电子Ⅱ,2025-10-30,2024-09-30
688786,悦安新材,0.39,310941360.63,15.7404141704,-9.2954,56322362.75,-4.67,-1.3701,5.903555365512,7.97,0.399394356759,34.9316286936,金属新材料,2025-10-30,2024-09-30
688768,容知日新,0.03,342744792.62,14.272277764,-22.8447,2717953.38,116.6078221819,-89.6798,9.829163962955,0.34,0.089759001073,61.8657688536,通用设备,2025-10-30,2024-09-30
688767,博拓生物,0.61,388778942.37,24.513320181,-7.5332,89211721.37,-2.53,-47.6501,22.272971330772,3.74,1.022044497275,48.3051793199,医疗器械,2025-10-30,2024-09-30
688757,胜科纳米,0.15,294041286.4,4.490798425,10.103,54627824.73,-19.2666394786,15.6961,,,,46.70564868,专业服务,2025-10-30,2024-09-30
688739,成大生物,0.8,1302689599.82,-2.397888223,-18.2151,329698128.04,-28.87,-21.0918,22.930350642046,3.44,0.699190927746,82.9160845507,生物制品,2025-10-30,2024-09-30
688729,屹唐股份,0.16,3329707876.15,23.8876204294,15.0277,420120088.25,102.2938808907,17.9527,,,,39.091105137,半导体,2025-10-30,2024-09-30
688726,拉普拉斯,1.5792,4302203601.24,195.6678763028,19.1422,576081156.64,316.44,26.8222,7.469680904408,23.75,-0.259981645866,27.5644376235,光伏设备,2025-10-30,2024-09-30
688722,同益中,0.36,427642205.9,-17.5718437146,21.1238,81498766.65,-38.49,16.3812,5.751007740978,6.46,0.524262836905,36.8958019726,化学纤维,2025-10-30,2024-09-30
688718,唯赛勃,0.17,282451889.8,-1.9688659268,-9.7685,29754489.03,-21.63,-28.9586,4.391252044862,3.86,0.104272836987,34.9943395528,塑料,2025-10-30,2024-09-30
688717,艾罗能源,1.0,2406929187.1,-39.9345025835,-8.4531,160471686.86,-84.24,-16.7731,28.148370951688,3.63,4.2925938055,37.2631819917,光伏设备,2025-10-30,2024-09-30
688702,盛科通信,-0.19,807514640.12,-7.9535628539,-0.9351,-76195307.71,-275.21,62.0055,5.652475133707,-3.23,0.139966595829,38.9477233024,半导体,2025-10-30,2024-09-30
688701,卓锦股份,-0.32,186323714.81,-31.7775403799,5.5638,-42405932.65,26.98,-5.8247,1.777545507593,-16.32,-0.078259894526,12.5813065577,环境治理,2025-10-30,2024-09-30
688697,纽威数控,0.4976,1833874508.68,5.4524908576,9.4185,227577427.45,-3.53,10.1755,5.020694950511,13.74,0.20762871465,23.6870550173,通用设备,2025-10-30,2024-09-30
688691,灿芯股份,0.77,862662280.69,-14.1567650216,5.9695,81968320.09,-41.76,-93.7958,11.462327075667,7.22,-0.167311473083,28.1320063219,半导体,2025-10-30,2024-09-30
688661,和林微纳,-0.0698,373638928.42,104.9695933031,8.5041,-10596226.24,52.6232688437,-101.1962,10.340717728814,-0.87,-0.216240806139,19.0914853871,半导体,2025-10-30,2024-09-30
688658,悦康药业,0.47,2991795632.65,1.1522167908,6.0707,209725063.28,37.73,85.1271,8.141417780422,5.77,0.956635214222,60.3783488844,化学制药,2025-10-30,2024-09-30
688656,浩欧博,0.42,307033592.46,2.2920227665,-11.0814,26562954.15,-31.24,-59.2989,12.782294096824,3.27,1.210846887662,64.3495040517,医疗器械,2025-10-30,2024-09-30
688653,康希通信,-0.0798,377579786.28,34.036785139,7.6171,-33864623.72,-2629.66,-359.0251,3.744515033665,-2.11,-0.364196727855,20.8117686209,半导体,2025-10-30,2024-09-30
688652,京仪装备,0.77,772373577.2,27.8405302533,-6.7327,129792242.86,11.14,-3.2802,12.209379962143,6.51,-0.308571963333,32.1519353226,半导体,2025-10-30,2024-09-30
688651,盛邦安全,-0.46,143199186.0,7.5485949568,-8.9804,-34852504.22,-50.1978355315,-87.9178,12.45893070611,-3.58,-0.777258062706,75.3160387937,软件开发,2025-10-30,2024-09-30
688633,星球石墨,0.67,449702351.4,-18.8874571948,-10.9826,98252977.83,-14.03,9.0083,10.634253012386,6.32,0.587996606177,43.1475359059,专用设备,2025-10-30,2024-09-30
688631,莱斯信息,0.1,917649896.63,-5.0693528657,-28.658,15576881.28,29.09,104.4891,11.092649354255,0.84,-3.069879662629,25.5269902847,软件开发,2025-10-30,2024-09-30
688630,芯碁微装,1.18,717908620.89,37.0548837916,6.8,155075818.34,30.94,-10.7531,15.653291273689,7.34,-0.315618236913,40.9937598305,专用设备,2025-10-30,2024-09-30
688625,呈和科技,1.46,648212560.07,10.8509675076,5.2135,197925768.02,18.07,6.4747,9.599352369239,15.17,1.166491413975,45.078741939,化学制品,2025-10-30,2024-09-30
688622,*ST禾信,-0.32,149465372.87,-40.0842373379,-18.64,-22152762.73,59.7209304423,98.6981,5.923178353414,-5.22,-0.35369700658,39.9603081056,通用设备,2025-10-30,2024-09-30
688621,阳光诺和,1.85,916680884.2,32.4674650007,13.9143,207688863.72,21.4,-22.0272,10.097468129196,19.74,0.964682203214,52.1469093497,医疗服务,2025-10-30,2024-09-30
688613,奥精医疗,0.04,148311250.58,-19.218742249,-9.0954,4888240.36,-90.95,-289.751,10.488459046631,0.35,-0.151889594075,74.4569506953,医疗器械,2025-10-30,2024-09-30
688611,杭州柯林,0.3,263681769.34,169.943623058,-90.1644,32436778.78,61.88,-98.6646,7.827435372933,3.8,0.14269969552,38.2892980249,电网设备,2025-10-30,2024-09-30
688608,恒玄科技,1.7215,2473122980.16,58.1219774048,7.2324,289100444.05,145.47,17.8469,53.416969849339,4.62,2.053651186213,33.7612585952,半导体,2025-10-30,2024-09-30
688605,先锋精科,1.15,868890965.94,133.1213576011,-2.9765,175078443.07,249.03,-4.005,6.114911236533,21.0,0.482353190097,34.4868137886,半导体,2025-10-30,2024-09-30
688601,力芯微,0.75,604998996.08,-4.7471587033,1.2175,100469390.86,-15.28,-11.3533,9.489765874726,7.88,0.690642011194,45.1376478076,半导体,2025-10-30,2024-09-30
688598,金博股份,-0.71,440483015.66,-49.8119146556,-31.0335,-145928596.31,-146.79,11.8114,28.641252683388,-2.45,-0.04626642579,-6.8282915483,非金属材料Ⅱ,2025-10-30,2024-09-30
688592,司南导航,-0.13,195938934.65,21.1913658816,-7.1988,-7875820.89,-696.51,-208.2603,15.905149282819,-0.78,-0.999757643662,54.6425729686,通信设备,2025-10-30,2024-09-30
688590,新致软件,0.13,1384104943.95,23.4983499361,-8.0715,31995127.94,-26.47,75.2461,5.177356226968,2.21,-0.830044650388,26.0180720186,软件开发,2025-10-30,2024-09-30
688588,凌志软件,0.3175,807861272.5,64.4439744652,4.6923,123824232.87,178.28,468.6948,3.143871711328,9.9,0.320957990743,30.7619134274,软件开发,2025-10-30,2024-09-30
688583,思看科技,1.57,231691021.74,25.8584657068,0.1511,80104583.44,10.86,-11.3536,11.408619963137,14.94,1.124251691765,76.552069242,通用设备,2025-10-30,2024-09-30
688575,亚辉龙,0.38,1393855060.84,-9.7791671338,-17.9458,218637338.69,-23.29,-57.3726,4.658487694807,8.3,0.558456988887,63.6864227458,医疗器械,2025-10-30,2024-09-30
688570,天玛智控,0.65,1214967502.04,-21.2197957764,8.0477,280330133.95,-10.55,-24.1884,9.896663456582,6.64,0.291551820739,46.9800240419,自动化设备,2025-10-30,2024-09-30
688569,铁科轨道,0.65,993604468.2,-29.0143718837,-18.0879,136312287.43,-54.25,-65.5493,13.158019340788,4.92,0.68961450215,38.5758411025,轨交设备Ⅱ,2025-10-30,2024-09-30
688560,明冠新材,-0.07,761048832.82,-34.7229484937,-43.7047,-13981537.23,-135.64,-3515.2755,13.882290812251,-0.49,1.055845614596,5.6396297766,光伏设备,2025-10-30,2024-09-30
688557,兰剑智能,0.62,833500870.1,18.2401868379,-30.5367,63542046.99,-6.71,-44.4051,10.977227484292,5.74,0.2515920751,28.6284771786,通用设备,2025-10-30,2024-09-30
688556,高测股份,0.27,3431650668.26,-18.4997179363,-35.9487,205307958.75,-82.49,-210.3911,6.981512113464,4.95,-1.670522290712,22.981380749,光伏设备,2025-10-30,2024-09-30
688553,汇宇制药,0.54,851844303.21,29.236339969,10.3743,227352384.74,155.62,763.4742,9.159751022144,5.92,0.383014005028,83.1524293584,化学制药,2025-10-30,2024-09-30
688552,航天南湖,-0.17,86194986.52,-82.9711604405,-46.8721,-58650799.9,-243.29,16.8866,7.643944608686,-2.23,-0.723363111271,15.2278825485,军工电子Ⅱ,2025-10-30,2024-09-30
688539,高华科技,0.24,247353436.35,10.832069502,7.4662,45218298.13,-25.48,23.297,9.427283637532,2.55,-0.450159400333,54.8366677583,元件,2025-10-30,2024-09-30
688535,华海诚科,0.43,239647746.73,17.3331294592,1.7022,34916700.13,48.08,-17.3261,12.762734134671,3.34,0.059128492426,27.4655515348,半导体,2025-10-30,2024-09-30
688533,上声电子,1.19,1994257820.09,25.1573267825,17.9825,189605040.85,76.86,47.1076,8.921254900498,13.7,1.225443491183,26.306413987,汽车零部件,2025-10-30,2024-09-30
688526,科前生物,0.56,665506663.22,-19.5703220031,35.4916,260600917.75,-27.09,65.176,8.275054879683,6.75,0.585870928138,64.0058268476,动物保健Ⅱ,2025-10-30,2024-09-30
688523,航天环宇,0.1263,274894994.29,32.9457167703,-13.6203,51193765.17,0.37,51.0272,3.887182086365,3.14,-0.15608066135,43.3912412985,航天装备Ⅱ,2025-10-30,2024-09-30
688519,南亚新材,0.25,2444406526.05,6.5949362865,-12.7266,56304234.41,151.7942430038,-97.7584,10.125541455232,2.29,0.924511425507,8.9055251735,元件,2025-10-30,2024-09-30
688518,联赢激光,0.28,2199975605.81,-13.8837087342,2.1422,94754005.36,-62.46,91.3526,9.011615872468,3.11,-0.972284162725,29.8129710501,自动化设备,2025-10-30,2024-09-30
688510,航亚科技,0.359,520069627.8,30.243183626,0.787,92749512.16,33.49,-28.1914,4.26541521951,8.663,0.312024230284,41.9120746124,航空装备Ⅱ,2025-10-30,2024-09-30
688509,正元地信,-0.1,396043619.24,-22.2053191747,-40.8888,-78533339.55,-33.1168257999,32.1536,1.816937221416,-5.46,-0.300914421156,29.1068255212,IT服务Ⅱ,2025-10-30,2024-09-30
688507,索辰科技,-0.8,82851753.56,58.2259419795,56.3927,-70647210.31,-90.2474582231,90.6639,30.869008230771,-2.51,-0.977649300208,42.5324028833,软件开发,2025-10-30,2024-09-30
688501,青达环保,0.27,768846275.47,50.1072341463,-30.305,33815154.5,64.05,-44.3838,7.274114838995,3.81,-1.956694502442,31.6410437719,环保设备Ⅱ,2025-10-30,2024-09-30
688500,慧辰股份,-0.83,270479399.47,-19.6132098077,-9.3243,-61212305.43,-131.5044331441,-46.6451,9.897762819977,-8.01,-0.988963118707,28.8657436548,IT服务Ⅱ,2025-10-30,2024-09-30
688496,*ST清越,-0.11,551212333.37,3.9801191968,83.2651,-48875038.56,-10.9174021978,67.6594,2.343572561889,-4.49,-0.080575176978,10.019537497,光学光电子,2025-10-30,2024-09-30
688486,龙迅股份,0.71,333590792.16,50.1964581216,-4.8592,93986760.9,33.47,2.534,13.46418412516,6.47,0.476809560934,55.9794735553,半导体,2025-10-30,2024-09-30
688480,赛恩斯,1.51,584791287.57,46.1374516673,-9.1488,143263320.21,164.03,-22.3804,10.955948549034,14.13,-0.175134329574,35.3154762186,环境治理,2025-10-30,2024-09-30
688468,科美诊断,0.28,343786670.77,-0.4289743156,3.5074,112150960.47,-6.73,-7.1666,3.493780678645,8.08,0.337400659099,76.3477479747,医疗器械,2025-10-30,2024-09-30
688466,金科环境,0.37,393389198.98,-0.8776424817,10.7623,45265776.59,-27.46,-40.1309,9.245047529413,3.9,0.361970574734,36.8680905007,环境治理,2025-10-30,2024-09-30
688459,哈铁科技,0.1049,490401188.37,21.2837357046,26.2603,50375788.59,70.94,61.1911,6.941084697333,1.51,0.031390757896,40.044009178,轨交设备Ⅱ,2025-10-30,2024-09-30
688455,科捷智能,-0.32,658238730.76,40.3623983568,-46.3465,-56262248.17,3.6621350446,-46.9918,5.853596836584,-4.94,-0.971514909162,15.9418410428,自动化设备,2025-10-30,2024-09-30
688450,光格科技,-0.5,88602284.15,-49.3048904895,-10.9023,-32708788.47,-343.3,-54.6155,15.910150376515,-3.03,-1.004768516818,51.5507552409,电网设备,2025-10-30,2024-09-30
688448,磁谷科技,0.29,256072386.6,16.5036661899,-0.0427,20378188.83,7.47,58.6321,13.980306601498,2.09,-0.108846063982,34.1509032275,通用设备,2025-10-30,2024-09-30
688425,铁建重工,0.19,6800530313.02,-8.044618403,-17.0544,1029440962.49,-15.31,-13.4826,3.202655347917,6.1,0.166991753159,30.8771217978,工程机械,2025-10-30,2024-09-30
688416,恒烁股份,-1.27,263682613.06,20.9539830156,-11.052,-104565670.36,-8.8338202749,26.8334,17.332979313852,-7.08,-1.13998745433,15.4737842767,半导体,2025-10-30,2024-09-30
688400,凌云光,0.24,1584067239.11,-17.6978063181,-23.092,111987354.93,-18.74,-73.6805,8.569321731348,2.83,-0.261481476052,36.3337594977,专用设备,2025-10-30,2024-09-30
688390,固德威,0.04,4943394265.8,-12.5116860094,-11.1729,8652084.37,-99.03,550.843,11.914141747944,0.29,-4.221904498819,23.0007211038,光伏设备,2025-10-30,2024-09-30
688388,嘉元科技,-0.34,4339497849.76,17.0982083323,28.3557,-143993600.95,-559.75,32.4156,15.981306827415,-2.03,-2.157384429222,1.9648136981,电池,2025-10-30,2024-09-30
688382,益方生物,-0.53,19156299.24,-84.9364412504,-31.6584,-305306509.72,-26.5456857691,30.4886,3.008364306094,-16.33,-0.502156820097,63.2964122563,化学制药,2025-10-30,2024-09-30
688375,国博电子,0.51,1813593985.69,-35.825803795,-16.1512,306409434.58,-31.93,-50.0294,10.077478827157,4.98,0.247420803423,36.3881973174,军工电子Ⅱ,2025-10-30,2024-09-30
688370,丛麟科技,0.54,423834923.03,-10.0151649475,-10.8919,75022958.68,-22.56,-26.707,19.203342181752,2.81,0.978328778846,35.8946946189,环境治理,2025-10-30,2024-09-30
688368,晶丰明源,-0.62,1088020033.15,18.7821104567,-15.0782,-54301065.23,-55.3182384463,-2048.5434,14.864323015487,-4.06,2.977165079389,36.108403818,半导体,2025-10-30,2024-09-30
688357,建龙微纳,0.6,565675765.56,-29.2951933308,2.0189,60532212.4,-55.5,-4.2794,16.887927608786,3.37,0.502375561904,29.989701988,化学制品,2025-10-30,2024-09-30
688355,明志科技,0.43,435110770.32,25.5004379135,-19.6823,52915565.97,10635.6268061468,-60.9027,8.522430810489,4.99,0.593673229255,31.9243181174,通用设备,2025-10-30,2024-09-30
688352,颀中科技,0.19,1435307024.26,25.1130369235,2.2362,228401237.25,-6.76,-22.2178,5.014594020823,3.87,0.402631315243,32.159234788,半导体,2025-10-30,2024-09-30
688338,赛科希德,0.79,226525212.72,10.8924330366,-18.8855,83658701.71,-4.74,-35.1715,15.407713558484,5.13,0.643320646226,62.1335896433,医疗器械,2025-10-30,2024-09-30
688335,复洁科技,-0.1,134224213.43,-61.715237909,47.6149,-15218361.67,-166.35,87.9426,8.103193635107,-1.24,-0.092309335848,28.5718860107,环境治理,2025-10-30,2024-09-30
688320,禾川科技,-0.53,643595451.16,-27.2810506125,-42.0839,-80634059.45,-227.7158624525,-262.6195,9.284104565687,-5.43,-0.330488087873,26.9773131828,自动化设备,2025-10-30,2024-09-30
688319,欧林生物,0.0099,386646898.48,9.7495412656,3.1453,4025906.59,-86.71,1739.5775,2.244700365084,0.44,-0.152065258653,94.7173740174,生物制品,2025-10-30,2024-09-30
688317,之江生物,-0.07,137579847.2,-32.9539027645,-0.8869,-13009588.94,-137.56,-4225.5693,19.636987416121,-0.34,0.223390951474,72.3973268666,医疗器械,2025-10-30,2024-09-30
688300,联瑞新材,0.77,693708874.24,35.7942173187,3.847,184875360.16,48.1,2.3953,7.75747909445,13.32,0.68003066168,42.1647912059,非金属材料Ⅱ,2025-10-30,2024-09-30
688293,奥浦迈,0.24,215856681.99,25.7250406738,13.0621,27234818.16,-36.93,-32.084,18.311126640485,1.26,0.512121621337,57.4497460707,生物制品,2025-10-30,2024-09-30
688290,景业智能,0.07,149279247.49,15.6554767477,-23.5835,7061111.33,255.38,-122.9065,12.036687609479,0.57,-0.442934767779,39.8200645297,自动化设备,2025-10-30,2024-09-30
688286,敏芯股份,-0.87,336653429.12,29.9453259323,11.5234,-48091621.2,41.5811697572,37.5487,18.099568862137,-4.63,-1.325617476537,22.048420503,半导体,2025-10-30,2024-09-30
688282,理工导航,-0.39,62936769.54,337.3508598625,2502.9304,-33089345.42,-837.95,80.6575,14.230619476364,-2.57,-0.990244057386,27.9487635584,航天装备Ⅱ,2025-10-30,2024-09-30
688277,天智航,-0.17,92120994.7,-31.0814168858,15.1123,-76172852.88,-5.6761945135,18.4901,2.624570243816,-6.3,-0.259739238892,67.4480300309,医疗器械,2025-10-30,2024-09-30
688271,联影医疗,0.82,6954283174.55,-6.4333659576,-45.6657,671163083.66,-36.94,-147.5451,23.326991512021,3.52,-1.82588639386,47.5170885714,医疗器械,2025-10-30,2024-09-30
688267,中触媒,0.65,523103700.66,43.5728814818,-35.4638,113661569.36,162.63,-71.9203,15.33627113059,4.22,0.531315685982,38.899338518,化学制品,2025-10-30,2024-09-30
688265,南模生物,-0.2,264848483.4,-1.1722884891,-6.3052,-15195356.25,-3.9941325744,-261.2309,21.290852387578,-0.88,-0.084434070332,43.6317498392,医疗服务,2025-10-30,2024-09-30
688261,东微半导,0.25,680518037.7,-11.6176243877,5.9075,30638042.81,-76.73,8.2962,23.586900367274,1.06,-0.063007822253,15.5307050122,半导体,2025-10-30,2024-09-30
688251,井松智能,0.33,549597677.88,51.4907771864,-30.7922,32943359.75,323.04,-79.4077,9.64025977036,4.08,-1.294723213197,24.9579741638,IT服务Ⅱ,2025-10-30,2024-09-30
688249,晶合集成,0.14,6775051745.81,35.0451012336,9.5577,278934711.05,771.94,-14.6751,10.420804118394,1.32,0.980293845566,25.2589093655,半导体,2025-10-30,2024-09-30
688246,嘉和美康,-0.3,475749687.07,-11.523486587,-1.4871,-41259537.59,-328.81,11.7425,12.891589135245,-2.29,-1.180014087142,47.2878768067,软件开发,2025-10-30,2024-09-30
688244,永信至诚,-0.21,172941200.29,1.2935094248,2.9224,-31582487.84,-3.579977271,-975.006,9.644797140526,-3.09,-0.822535760075,54.1132844707,软件开发,2025-10-30,2024-09-30
688222,成都先导,0.08,298269775.63,21.3814381256,18.5631,30120251.36,64.71,632.3568,3.439967965833,2.19,0.246989831162,49.3393250922,医疗服务,2025-10-30,2024-09-30
688219,会通股份,0.34,4290309112.15,9.8109693187,7.1479,152490745.83,33.68,9.4866,4.169422767565,7.69,0.909648239423,13.7910536018,塑料,2025-10-30,2024-09-30
688213,思特威,0.68,4207550618.14,137.3305318343,8.0993,273237797.94,517.3190223552,-9.0874,10.103520745506,6.92,-1.534933824079,21.9581325084,半导体,2025-10-30,2024-09-30
688205,德科立,0.49,600675877.65,9.4517857341,-13.5185,76288672.29,15.03,-29.1882,18.262875288091,3.44,1.289325549056,31.9682040939,通信设备,2025-10-30,2024-09-30
688200,华峰测控,1.58,621198629.1,19.7530683913,-0.0515,213093657.21,8.14,12.9719,25.372863506208,6.27,0.129286081888,75.6436603846,半导体,2025-10-30,2024-09-30
688179,阿拉丁,0.22,377609622.39,33.5364196164,-0.6157,72569235.76,32.7,-16.1223,3.560668756023,6.94,0.288449675127,63.0769574839,化学制品,2025-10-30,2024-09-30
688178,万德斯,0.06,405852457.28,-33.1893889047,19.9877,4754397.25,-76.5,176.2374,13.12729139843,0.4268,0.372211210883,28.2272243336,环境治理,2025-10-30,2024-09-30
688176,亚虹医药,-0.48,138951629.03,4537.7945461077,4.0665,-270840063.46,-1.0432822249,14.1302,3.646190198386,-12.12,-0.570455589649,79.4372086247,化学制药,2025-10-30,2024-09-30
688170,德龙激光,-0.21,416212299.43,26.9293809474,-15.1878,-21345064.81,-195.9456075393,-340.6818,12.049765176084,-1.67,-0.773118603522,45.4351016198,自动化设备,2025-10-30,2024-09-30
688167,炬光科技,-0.58,458154877.37,19.1653453503,-15.6618,-51786911.21,-220.53,-98.3964,25.348895131969,-2.22,-0.257510916595,30.5730786921,半导体,2025-10-30,2024-09-30
688160,步科股份,0.39,396279121.62,8.0157472387,-3.0588,32375288.22,-25.54,-21.1266,9.044235520476,4.29,0.590136889048,35.9105090367,自动化设备,2025-10-30,2024-09-30
688155,先惠技术,1.6,1842627076.73,4.1721926811,-1.8706,188073319.85,629.55,-27.9465,15.388436786737,11.83,5.321313604314,26.1930971028,电池,2025-10-30,2024-09-30
688151,华强科技,0.08,342001912.63,-5.7621363673,-14.2121,27600407.57,-7.2,-92.3612,12.159570653817,0.66,-0.392646157707,17.2707339809,医疗器械,2025-10-30,2024-09-30
688147,微导纳米,0.33,1544273186.74,51.1677502752,22.8818,150753901.57,-2.78,174.7548,5.597112146449,6.13,-2.166002039175,38.3435997772,半导体,2025-10-30,2024-09-30
688143,长盈通,-0.03,183354160.6,36.7989129253,-41.6832,-3694758.51,-230.34,-314.2752,9.363209446147,-0.31,-0.513113800591,44.9865520532,通信设备,2025-10-30,2024-09-30
688137,近岸蛋白,-0.26,92079068.48,-16.8262558508,-3.4091,-18258535.09,-215.0,-49.0401,30.421008913389,-0.84,0.282811636276,64.53839308,生物制品,2025-10-30,2024-09-30
688136,科兴制药,0.09,1038255976.88,7.1473857863,-30.2757,17178251.41,131.6272070239,1107.5598,8.107555969581,1.06,0.26741754796,69.8582207646,生物制品,2025-10-30,2024-09-30
688122,西部超导,0.93,3235126315.6,4.7611905857,-0.9929,603663312.96,3.62,7.2156,10.042104477967,9.26,0.239961108357,33.9767881275,航空装备Ⅱ,2025-10-30,2024-09-30
688118,普元信息,-0.748,205273527.29,-29.9430479315,2.7862,-68684078.55,-73.2568472999,61.6487,8.380189755375,-8.34,-0.798521776606,44.0847247206,软件开发,2025-10-30,2024-09-30
688113,联测科技,0.86,330401861.26,-4.2254720347,-44.8822,55312642.45,-11.81,-75.9477,14.208573741777,6.13,0.631859252753,38.0038506748,专用设备,2025-10-30,2024-09-30
688112,鼎阳科技,0.58,354642646.73,1.4975436675,9.1636,91649118.45,-23.0,18.3058,9.512254750799,5.87,0.436461606076,62.0820312926,通用设备,2025-10-30,2024-09-30
688105,诺唯赞,0.05,985911100.96,13.4150049328,-3.1816,18156530.17,123.7684694788,-81.7503,9.848002222069,0.45,-0.249970442114,70.4815525714,生物制品,2025-10-30,2024-09-30
688103,国力电子,0.28,547472664.52,12.6166709796,12.7405,26380258.22,-49.27,10.3401,11.299045186885,2.33,0.294290275529,27.8750164894,其他电子Ⅱ,2025-10-30,2024-09-30
688102,斯瑞新材,0.1079,964308079.11,10.9829182314,1.0381,78268192.82,14.36,-28.8165,1.47470421233,7.38,0.047015701616,23.000898425,金属新材料,2025-10-30,2024-09-30
688099,晶晨股份,1.42,4640087780.11,20.2812275549,-0.8522,593793754.87,89.26,-1.2605,14.69291165918,10.23,1.78277043852,36.3697379714,半导体,2025-10-30,2024-09-30
688095,福昕软件,0.4354,509202112.48,15.0690197037,1.7071,38674139.5,163.0671841127,-132.6046,27.813541819498,1.51,-1.153735782252,93.7127274484,软件开发,2025-10-30,2024-09-30
688093,世华科技,0.75,566377744.73,45.1217611485,46.7542,195548901.79,26.64,47.5733,7.502570051662,10.14,0.441638615772,56.6368531594,其他电子Ⅱ,2025-10-30,2024-09-30
688091,上海谊众,0.17,169608230.26,-39.2523658319,-10.3957,34670092.06,-73.46,-96.9766,6.984762968468,2.37,0.101406394756,94.5800544962,化学制药,2025-10-30,2024-09-30
688090,瑞松科技,0.03,662121859.96,1.3142659722,8.2782,4257754.32,-78.09,-25.4263,9.489296241662,0.47,-0.168672936341,18.5567337661,自动化设备,2025-10-30,2024-09-30
688084,晶品特装,-0.37,68200921.57,-18.8160124762,16.4138,-27598479.94,-4480.0031789628,25.323,21.095544053504,-1.68,-0.848471302038,28.8181937246,军工电子Ⅱ,2025-10-30,2024-09-30
688082,盛美上海,1.74,3976661775.9,44.6166264133,6.0881,758184480.97,12.72,-13.2224,16.465689810426,11.09,1.300855540735,48.4657702134,半导体,2025-10-30,2024-09-30
688073,毕得医药,0.94,811377889.62,0.7914410534,3.574,83853892.8,-26.05,24.2613,21.984024202648,4.15,1.106367669433,41.1729928771,医疗服务,2025-10-30,2024-09-30
688067,爱威科技,0.37,153120219.59,1.5663066106,11.0033,25129248.58,4.25,107.2282,7.346140588382,5.04,0.133992071471,59.0604598545,医疗器械,2025-10-30,2024-09-30
688061,灿瑞科技,-0.2,416310367.0,37.3009599426,-5.9665,-23033756.42,-47.7804167119,-845.1678,21.596579097369,-0.92,-0.575930300127,26.7106850837,半导体,2025-10-30,2024-09-30
688055,龙腾光电,-0.05,2638152771.61,-4.6215920437,-1.4388,-168109145.75,28.5473009781,27.2286,1.298974633207,-3.81,0.090696811366,7.0955263237,光学光电子,2025-10-30,2024-09-30
688050,爱博医疗,1.68,1075267105.77,60.9442655447,3.7911,317592430.52,26.04,4.1986,12.294152998761,14.08,1.145167798777,67.0033152538,医疗器械,2025-10-30,2024-09-30
688045,必易微,-0.3,476490150.47,12.7415636607,2.6549,-20379269.68,-42.1526799969,10.3217,19.531054314969,-1.52,-0.21509734668,25.0268173691,半导体,2025-10-30,2024-09-30
688032,禾迈股份,1.99,1265538870.19,-10.1187352944,-37.8608,245611426.73,-40.88,-51.8066,50.337015969463,3.89,0.587137583735,48.0907301305,光伏设备,2025-10-30,2024-09-30
688030,山石网科,-0.4435,705171621.22,0.6999958295,41.2125,-76578084.01,55.7379513527,174.5161,5.368043371605,-7.43,-0.533900293027,71.1738594701,软件开发,2025-10-30,2024-09-30
688028,沃尔德,0.5033,494541226.55,17.0002950819,6.5969,76505184.3,2.68,-27.0409,12.626464527753,3.94,0.672164803995,45.5964650456,通用设备,2025-10-30,2024-09-30
688020,方邦股份,-0.49,241561820.41,-10.2952209697,14.8144,-39626653.74,24.46,-127.9728,17.652460293598,-2.72,-0.062329541929,30.5973429719,元件,2025-10-30,2024-09-30
688016,心脉医疗,4.49,969564236.7,9.1286509233,-57.4942,553338118.91,42.46,-31.6625,31.538753008761,14.38,3.04592255275,75.4958446623,医疗器械,2025-10-30,2024-09-30
688012,中微公司,1.48,5507194599.46,36.2739781658,11.765,912979678.37,-21.28,48.112,30.16604519255,4.96,0.430653812641,42.2218579211,半导体,2025-10-30,2024-09-30
688011,新光光电,-0.341,67463020.14,-24.5327974524,-13.8342,-34145832.42,-51.52,-23.289,11.0824179111,-3.04,-0.5747338692,35.9888520105,军工电子Ⅱ,2025-10-30,2024-09-30
688010,福光股份,-0.21,459915599.37,4.1611725095,10.3618,-33765562.95,7.2161975089,108.205,10.310100898672,-1.9883,0.237457293176,21.0142871436,光学光电子,2025-10-30,2024-09-30
605589,圣泉集团,0.71,7151538808.59,6.8661293593,1.4205,580641315.82,20.53,28.5554,11.924314112855,5.83,-0.503336135217,23.1523155155,塑料,2025-10-30,2024-09-30
605580,恒盛能源,0.4,591495769.59,5.9522579857,-7.073,110670932.18,11.57,119.3305,3.264349798643,11.96,0.254586488071,23.4534443968,电力,2025-10-30,2024-09-30
605577,龙版传媒,0.5302,1450618399.21,-11.6515920155,411.0899,235651326.89,-37.38,448.1207,8.624373600035,6.41,-0.006090547717,45.806742375,出版,2025-10-30,2024-09-30
605555,德昌股份,0.62,2986808837.66,40.3271521545,8.3526,301567266.86,14.5,-22.4871,7.770599887555,10.46,0.705543490104,17.5828070933,小家电,2025-10-30,2024-09-30
605388,均瑶健康,0.0827,1176808904.85,-13.1987591522,16.9347,49421033.21,-40.11,70.1996,3.15662136002,2.58,-0.128732820192,29.8143026836,饮料乳品,2025-10-30,2024-09-30
605369,拱东医疗,0.64,836032757.64,17.308037651,0.1783,141396726.29,60.22,-8.1333,10.568872399941,8.37,0.923883019575,33.3531341555,医疗器械,2025-10-30,2024-09-30
605358,立昂微,-0.08,2276546931.79,13.1035095613,4.8588,-54341985.28,-129.31,437.7667,11.152240640457,-0.69,0.955286654339,13.5986842629,半导体,2025-10-30,2024-09-30
605319,无锡振华,0.73,1730242620.77,7.0736422075,-2.3053,250418596.2,50.29,13.7402,9.209699411914,11.05,0.881622321497,24.9063255949,汽车零部件,2025-10-30,2024-09-30
605305,中际联合,1.12,934082390.58,33.5706994463,10.3482,238291541.82,101.01,19.2685,11.777766994777,9.9,0.885258848579,47.5750768328,工程机械,2025-10-30,2024-09-30
605298,必得科技,0.06,263450435.7,32.8714906262,-24.9751,12512007.32,-10.03,-69.6287,5.27026080889,1.28,-0.190837836093,42.5908888523,轨交设备Ⅱ,2025-10-30,2024-09-30
605286,同力天启,1.3,2271305640.51,26.9014300038,12.6476,219973755.1,52.57,19.3105,11.59221991244,11.65,1.798415773333,25.1859170372,专用设备,2025-10-30,2024-09-30
605277,新亚电子,0.32,2479219434.0,12.3357448739,-8.8502,101260542.34,-7.69,-26.522,4.345809266024,7.22,0.279589195975,15.303616391,消费电子,2025-10-30,2024-09-30
605266,健之佳,0.65,6735206324.77,3.6251559604,3.6358,100830907.68,-63.79,257.3703,17.718527451933,3.53,3.204938878395,36.1866781666,医药商业,2025-10-30,2024-09-30
605255,天普股份,0.14,242455774.39,-5.1886135875,28.9003,18385494.69,-21.07,31.8161,6.206672148717,2.19,0.205013646703,35.1098538916,汽车零部件,2025-10-30,2024-09-30
605198,安德利,0.57,1024913635.73,53.279985443,8.5463,197834934.27,-7.68,-20.4719,7.48404520192,7.63,0.774410924355,25.5293162339,农产品加工,2025-10-30,2024-09-30
605189,富春染织,0.67,2191434418.23,20.9495281314,3.209,103721743.88,44.58,-62.6791,11.892150609477,5.63,-3.63195362176,13.6390244711,纺织制造,2025-10-30,2024-09-30
605186,健麾信息,0.24,195235835.09,-19.0660806664,-54.7565,32051502.98,-56.71,-89.6835,7.876308258971,3.02,-0.471412489118,57.3540108241,自动化设备,2025-10-30,2024-09-30
605180,华生科技,0.28,248767721.9,56.0773417573,-15.9648,47202084.32,70.07,-21.1707,6.736037285917,4.21,0.05312895574,28.7298249122,纺织制造,2025-10-30,2024-09-30
605178,时空科技,-1.37,204053371.94,19.6379796268,-57.7395,-136062191.47,-10.3698222236,-57.8112,14.762892580573,-8.92,0.433338188402,20.8951199015,专业工程,2025-10-30,2024-09-30
605158,华达新材,0.26,5035934491.36,-8.833627165,-9.7854,132879066.43,-41.46,-127.3659,4.828562398498,5.4,-6.415416536584,5.6582263047,金属新材料,2025-10-30,2024-09-30
605151,西上海,0.37,1040474786.95,17.8670205831,7.3557,50423906.89,-44.76,-68.2745,9.952818614955,3.63,-0.07188088828,19.3614441817,汽车零部件,2025-10-30,2024-09-30
605136,丽人丽妆,-0.07,1226909983.82,-36.4391925828,-47.188,-27796309.52,46.4751212439,-349.1009,6.189822160149,-1.11,0.981766809395,36.3274384533,互联网电商,2025-10-30,2024-09-30
605133,嵘泰股份,0.68,1753741811.38,22.1602596058,-5.1807,126354465.12,9.8,-8.5861,14.030719329065,4.82,0.948210501939,23.5337622894,汽车零部件,2025-10-30,2024-09-30
605128,上海沿浦,0.92,1498562144.32,46.9670091417,22.2464,108485602.03,70.51,55.9679,10.102835560587,8.74,1.305164206989,16.501054516,汽车零部件,2025-10-30,2024-09-30
605123,派克新材,2.0382,2481737531.76,-11.1994725839,-6.5698,246969977.7,-41.65,-11.6417,36.174692102704,5.68,3.311480520833,20.6060204045,航空装备Ⅱ,2025-10-30,2024-09-30
605118,力鼎光电,0.2845,455073331.83,-1.7400069578,7.8482,115719344.99,-2.3,-14.9427,3.536319489801,7.8,0.381233716557,42.2244275922,计算机设备,2025-10-30,2024-09-30
605117,德业股份,2.6,8016066000.83,26.718076055,14.0832,2239603338.01,42.81,25.056,14.546928146276,32.74,4.161467358798,39.9696432562,光伏设备,2025-10-30,2024-09-30
605108,同庆楼,0.32,1865172389.52,10.8078295322,2.346,83396171.69,-58.92,-83.7289,8.530822250192,3.65,1.415639571308,20.2263559384,酒店餐饮,2025-10-30,2024-09-30
605100,华丰股份,0.31,728620550.58,-27.6859228404,-32.2363,52470585.96,-11.48,-66.7808,10.61523350028,2.8,0.90021940356,14.1094903401,通用设备,2025-10-30,2024-09-30
605068,明新旭腾,0.08,777870180.59,24.1786143672,28.5957,12088435.82,-69.1,168.1415,10.521865043654,0.65,-0.36793880322,26.416537071,汽车零部件,2025-10-30,2024-09-30
605058,澳弘电子,0.7,942715081.99,16.2692289062,-4.4138,100435378.81,-10.21,-52.8834,11.750959254974,6.08,1.027331895879,21.1008691396,元件,2025-10-30,2024-09-30
605028,世茂能源,0.78,268196502.32,2.3766528596,-10.0872,124485046.63,-12.73,71.9577,8.300246562875,9.51,0.90415181825,60.8900111811,电力,2025-10-30,2024-09-30
605016,百龙创园,0.57,820387384.32,25.481385351,3.5086,182591645.07,29.19,-4.5287,5.017481021145,11.42,0.515789679417,33.1373468408,化学制品,2025-10-30,2024-09-30
603991,领先股份,-0.2,193190146.87,26.4640137878,54.783,-15074675.0,-6.9575729595,-1237.4952,3.236964691674,-6.06,-0.437718405923,14.9414891275,半导体,2025-10-30,2024-09-30
603990,麦迪科技,-0.55,360301548.27,2.9275824815,-28.2118,-167220784.71,-81.6382184532,-5.4032,2.993094874552,-16.63,-0.148834391287,11.6315685712,软件开发,2025-10-30,2024-09-30
603985,恒润股份,-0.1671,1064923605.67,-14.6010126894,40.9112,-73682606.81,-226.9,-116.6099,7.421800973793,-2.2,-0.074982157395,2.7001309537,风电设备,2025-10-30,2024-09-30
603966,法兰泰克,0.3419,1416909396.59,-1.9475426567,32.2499,123105013.12,-11.21,-40.8145,4.275350419886,7.94,0.46009736433,27.1212847042,专用设备,2025-10-30,2024-09-30
603939,益丰药房,0.92,17218897862.76,8.3764252379,-5.784,1110500691.55,11.14,-19.9973,8.273707146807,10.79,2.756201132602,40.3920219812,医药商业,2025-10-30,2024-09-30
603937,丽岛新材,-0.02,1118106328.88,-2.2869376878,7.1437,-3417008.81,-106.1032026677,-252.097,7.602701475791,-0.21,-0.516345793732,7.1493796024,工业金属,2025-10-30,2024-09-30
603933,睿能科技,0.2919,1454393518.06,4.1493997454,-18.4713,60575428.61,31.16,-74.3664,6.322160879175,4.66,0.626634311689,24.1406025625,其他电子Ⅱ,2025-10-30,2024-09-30
603928,兴业股份,0.14,1086307067.88,-3.9203264107,-5.5282,36582972.25,-43.19,-31.3263,5.739086233097,2.4,0.393530828564,11.9734296329,塑料,2025-10-30,2024-09-30
603917,合力科技,0.0175,421797164.33,-11.2610447172,22.6884,3288209.82,-92.14,56.3802,8.330693281446,0.22,-0.074583016336,19.8565494111,汽车零部件,2025-10-30,2024-09-30
603915,国茂股份,0.31,1926978761.76,-4.1694441664,-3.4816,208580167.03,-21.68,-23.7336,5.449627816422,5.81,0.493664815979,22.6117888462,通用设备,2025-10-30,2024-09-30
603912,佳力图,0.02,454586469.84,18.0901568183,64.9701,12205610.57,-39.66,-84.8962,3.348891977363,0.65,-0.0936670726,24.5115615538,通用设备,2025-10-30,2024-09-30
603901,永创智能,0.16,2485047604.58,2.9656935815,-6.2907,78638427.99,-52.76,-65.6193,4.962659311123,3.09,-0.063244626722,27.7857033808,专用设备,2025-10-30,2024-09-30
603899,晨光股份,1.1058,17114323316.09,7.9103326842,8.9313,1021621356.31,-6.63,53.5857,9.311631658918,12.32,1.537870397341,19.7786854149,文娱用品,2025-10-30,2024-09-30
603898,好莱客,0.29,1444079050.35,-11.2394119446,0.0515,90965997.64,-48.94,43.0959,9.779118526951,2.9,0.008692530207,34.1749753257,家居用品,2025-10-30,2024-09-30
603890,春秋电子,0.32,2981963840.28,27.7298216346,14.2486,140933254.77,1268.19,826.3183,6.227499140979,5.1,0.476635033054,15.4176716756,消费电子,2025-10-30,2024-09-30
603882,金域医学,0.2,5618852446.76,-10.9478770612,-14.7917,93838992.07,-83.71,-96.1318,16.706630836179,1.16,0.665388839835,35.1540900696,医疗服务,2025-10-30,2024-09-30
603866,桃李面包,0.272,4647498960.01,-8.2652038001,0.3531,435055298.29,-5.28,-16.9444,3.153963079257,8.45,0.427537880935,23.8115871916,休闲食品,2025-10-30,2024-09-30
603861,白云电器,0.29,3554354322.73,20.3397491844,17.9632,124277232.93,102.93,31.7646,6.539489431375,4.19,-0.492087168234,18.1366459618,电网设备,2025-10-30,2024-09-30
603860,中公高科,0.08,97161414.37,-10.073411397,97.2904,5626921.68,-52.56,1653.0117,11.48253029814,0.73,-0.89037684853,55.3347401009,工程咨询服务Ⅱ,2025-10-30,2024-09-30
603858,步长制药,0.287,8514403594.83,-14.7128727807,10.448,312863200.9,-66.18,-30.6254,10.091036449802,2.73,0.634210654057,57.1228393954,中药Ⅱ,2025-10-30,2024-09-30
603855,华荣股份,0.95,2449921815.29,19.6665441396,38.3378,321385615.02,6.62,5.2791,5.770671432698,16.38,0.825533665285,50.173965873,专用设备,2025-10-30,2024-09-30
603839,安正时尚,-0.08,1470544579.41,-8.4198880386,-11.7399,-31251833.48,-203.1,-1292.7724,4.896009291776,-1.57,-0.263474485747,47.1168975699,服装家纺,2025-10-30,2024-09-30
603819,神力股份,-0.219,944948972.56,-3.3993623395,-1.2939,-47619277.42,-3967.49,117.2251,3.576384092712,-5.66,0.099883519229,9.1367917186,电机Ⅱ,2025-10-30,2024-09-30
603808,歌力思,0.06,2152313306.81,4.1984966599,0.7394,21525228.09,-84.22,-226.1267,7.702278564828,0.75,0.650002714926,68.1965933796,服装家纺,2025-10-30,2024-09-30
603806,福斯特,0.48,15174251391.12,-8.8612229311,-18.956,1258024975.95,-12.08,-19.0133,6.082095326254,7.83,1.069187007413,15.5589170274,光伏设备,2025-10-30,2024-09-30
603803,瑞斯康达,-0.15,1030168643.14,-9.384982153,-12.1336,-65040723.71,12.0904580176,51.9578,3.91967770446,-3.82,-0.05216556359,38.7913106947,通信设备,2025-10-30,2024-09-30
603778,国晟科技,-0.24,1066064275.52,17.6386523917,207.7942,-152374219.81,-949.1,29.2316,1.269872813453,-17.28,0.073296463136,-3.1053359155,光伏设备,2025-10-30,2024-09-30
603777,来伊份,-0.13,2523171707.67,-15.9607637975,-0.0732,-42623575.17,-1038.26,-24.0599,5.288130378114,-2.36,0.655117519672,40.7440164799,休闲食品,2025-10-30,2024-09-30
603757,大元泵业,1.17,1295991555.29,-8.5402321667,-19.6944,193651167.85,-22.27,-45.9683,9.186724115632,11.54,0.839481582731,29.8562716933,通用设备,2025-10-30,2024-09-30
603726,朗迪集团,0.72,1428523262.83,11.4284958876,-23.4741,132941842.7,52.56,-35.6176,6.739921304198,10.78,0.434066393053,22.0967064481,家电零部件Ⅱ,2025-10-30,2024-09-30
603719,良品铺子,0.05,5480183971.09,-8.6558833524,11.0882,19390343.36,-89.86,88.3389,6.012937231845,0.79,0.190306439401,26.8431994271,休闲食品,2025-10-30,2024-09-30
603718,*ST海利,,174428026.55,-10.3673085555,79.1965,20173396.25,-72.99,-73.2098,1.934735967822,1.64,0.032957172686,49.079902842,医疗器械,2025-10-30,2024-09-30
603716,塞力医疗,-0.28,1420111454.42,-7.1506925149,-9.4058,-56025062.27,-1368.6988963641,-546.3711,4.842171692756,-5.15,0.002464396665,19.8868608264,医药商业,2025-10-30,2024-09-30
603712,七一二,-0.04,1609413413.08,-28.9653915373,-42.6936,-27249970.33,-108.85,-284.4685,5.956392141373,-0.59,-0.609205071295,33.9172410379,军工电子Ⅱ,2025-10-30,2024-09-30
603709,中源家居,0.02,1125927569.48,50.5119678351,12.8203,2483254.45,-91.76,80.176,4.540591990051,0.42,-0.479771934051,21.9010472924,家居用品,2025-10-30,2024-09-30
603706,东方环宇,0.64,809586651.95,8.424617101,-13.1749,121693774.86,15.72,-84.0827,8.477030213328,7.35,0.231610200496,26.5103690041,燃气Ⅱ,2025-10-30,2024-09-30
603700,宁水集团,0.18,1013101711.23,-19.5031912577,-3.7801,35187364.62,-56.98,-73.953,7.816217496138,2.22,-0.698207769457,22.103500902,通用设备,2025-10-30,2024-09-30
603698,航天工程,0.24,1667372001.52,12.2226854767,-34.9734,127571434.01,26.16,-52.8128,6.234821723857,3.82,-0.838442282804,21.7122644515,专用设备,2025-10-30,2024-09-30
603689,皖天然气,0.59,4249943404.62,-8.0308609494,-2.0198,283024313.43,-5.96,11.9472,6.509338496747,9.02,1.090985749863,12.2148001175,燃气Ⅱ,2025-10-30,2024-09-30
603687,大胜达,0.15,1509556565.96,2.7169003135,3.8462,82719724.66,8.89,12.3591,5.898220656831,2.56,0.356315055449,17.4565020048,包装印刷,2025-10-30,2024-09-30
603686,福龙马,0.28,3790961214.3,0.7773968347,4.2563,115389096.18,-38.06,-29.8094,7.973660385627,3.46,-0.327785000541,20.5123621038,环境治理,2025-10-30,2024-09-30
603685,晨丰科技,0.08,928748574.64,4.3782613003,-8.2512,11916241.16,-11.64,-76.5193,6.647827037972,1.2,1.036104275591,15.1333644721,光学光电子,2025-10-30,2024-09-30
603678,火炬电子,0.5,2151242650.98,-20.734612561,-6.5301,225960669.09,-22.63,-31.4504,11.872801847276,4.12,1.239073777509,32.4446071373,军工电子Ⅱ,2025-10-30,2024-09-30
603676,卫信康,0.56,994357109.91,-6.2967683852,14.5002,243266114.99,15.71,16.4276,3.406253646979,17.2,0.669649413379,54.7060268528,化学制药,2025-10-30,2024-09-30
603663,三祥新材,0.18,850064999.97,0.9417518544,-30.6169,76922502.97,-6.13,-67.4422,3.087019864751,5.91,0.014358987134,26.5016390815,化学原料,2025-10-30,2024-09-30
603658,安图生物,1.65,3380035059.48,4.2417197195,4.9219,956174546.82,6.13,14.006,14.46163078743,11.06,1.633299282696,65.6697145518,医疗器械,2025-10-30,2024-09-30
603648,畅联股份,0.3103,1272719849.42,4.9430009087,9.4139,112459271.95,-6.43,-17.8388,5.047304595671,6.05,0.361571816724,19.4656273423,物流,2025-10-30,2024-09-30
603639,海利尔,0.58,3213879407.17,-13.3087639567,-35.8359,195873110.79,-55.71,-52.7212,10.121322712402,5.65,0.176686523556,24.0460098928,农化制品,2025-10-30,2024-09-30
603618,杭电股份,0.18,6443018869.91,15.3410469442,15.989,121066190.18,0.3,12.7115,4.340601207853,4.11,-0.723868811451,13.1416724304,电网设备,2025-10-30,2024-09-30
603617,君禾股份,0.16,847932756.97,72.1826423048,-3.098,61807601.8,49.62,2.4636,3.765300542571,4.29,0.067108575359,22.5671982863,通用设备,2025-10-30,2024-09-30
603613,国联股份,1.55,40242228037.58,7.9915682416,19.8972,1120094291.09,11.41,1.7147,10.395317355302,15.89,-0.469659975152,5.0653699172,互联网电商,2025-10-30,2024-09-30
603611,诺力股份,1.41,5146996262.06,-3.5714689247,-2.6566,362834954.24,1.03,-1.9871,11.104814204627,13.09,0.339638457942,22.8470157,工程机械,2025-10-30,2024-09-30
603609,禾丰股份,0.33,24010607723.13,-10.7165083828,16.6622,289132358.56,631.34,372.2555,7.075206436958,4.3,0.450298409253,6.3593386476,饲料,2025-10-30,2024-09-30
603596,伯特利,1.28,6578233006.32,28.8506271417,23.5162,778029173.82,30.79,29.5114,10.230097741964,13.08,1.025120174285,20.6827049556,汽车零部件,2025-10-30,2024-09-30
603590,康辰药业,0.72,646310729.73,-10.2391203543,17.2496,112975682.11,-23.99,-10.0555,20.027673807875,3.61,0.698231888813,89.36906417,生物制品,2025-10-30,2024-09-30
603587,地素时尚,0.59,1613421174.59,-12.5916405466,-18.1789,278986750.88,-32.55,-49.7545,7.6261236449,7.42,0.383220022392,74.8199380708,服装家纺,2025-10-30,2024-09-30
603586,金麒麟,0.35,1230908041.35,-0.9387446545,13.7501,68172404.41,-31.97,124.2236,11.459166371984,3.02,0.004674133772,20.98134329,汽车零部件,2025-10-30,2024-09-30
603579,荣泰健康,0.82,1164316596.07,-10.3043536504,-20.0105,142512054.98,-6.08,-35.8462,10.586408516006,7.17,-0.097310614059,32.2028749634,其他家电Ⅱ,2025-10-30,2024-09-30
603559,中通国脉,-0.59,243708519.25,61.5093559777,41.492,-84319369.48,-34.3398050345,48.7736,0.235122403129,-112.49,-0.030497937988,5.2945234946,通信服务,2025-10-30,2024-09-30
603516,淳中科技,0.26,326519301.18,-3.2077649857,-41.5096,51510480.99,344.55,-63.0871,6.747077738103,4.04,-0.06143196226,53.4282406674,计算机设备,2025-10-30,2024-09-30
603511,爱慕股份,0.35,2280945444.43,-8.0427901734,-17.1848,141299714.04,-38.17,-128.1913,10.778602228566,3.12,0.790090689297,65.974732136,服装家纺,2025-10-30,2024-09-30
603418,友升股份,1.8,2717012534.0,,10.3704,260016919.74,,28.0543,,,,20.028461169,汽车零部件,2025-10-30,2024-09-30
603408,建霖家居,0.9,3776521369.13,22.2197120839,3.4829,396600378.7,36.66,1.0294,7.370348363038,12.38,1.152164144352,26.286499385,家居用品,2025-10-30,2024-09-30
603393,新天然气,2.08,2964272507.17,16.7041301094,23.4691,881863103.46,30.28,1.5473,18.47826464685,11.61,3.473772046317,43.1083203362,燃气Ⅱ,2025-10-30,2024-09-30
603392,万泰生物,0.21,1948111396.63,-60.7938684798,-5.1287,266649096.74,-85.25,-95.4229,9.81977081203,2.12,0.156344714786,67.9316388159,医疗器械,2025-10-30,2024-09-30
603391,力聚热能,1.94,595378315.18,17.3768982618,-1.9412,142478286.71,88.01,928.9947,21.711343169121,10.54,2.344774644725,38.9279398226,专用设备,2025-10-30,2024-09-30
603390,通达电气,0.05,407878020.78,9.9639166927,24.389,16703404.76,541.09,-0.5195,4.486590752872,1.05,0.096377321601,27.406880132,汽车零部件,2025-10-30,2024-09-30
603385,惠达卫浴,0.2448,2475148940.72,-5.9690699538,-0.032,93455743.08,448.2085904585,3.6557,9.800271762698,2.53,0.54515471099,27.4019302359,家居用品,2025-10-30,2024-09-30
603382,海阳科技,0.89,4178040229.74,47.1332820921,-2.0195,121125998.92,95.3512809132,-19.2372,,,,8.0765205689,化学纤维,2025-10-30,2024-09-30
603380,易德龙,0.86,1552052751.06,13.8693142895,-4.052,138804826.01,34.38,-8.5604,9.05366967456,9.89,0.275124094871,26.5855887983,消费电子,2025-10-30,2024-09-30
603376,大明电子,,1793491800.0,22.6561220901,-0.0302,192226700.0,44.6554525348,44.3003,,21.89,,,汽车零部件,2025-10-30,2024-09-30
603368,柳药集团,1.87,15992976622.19,2.4101305864,9.9369,715908021.45,6.13,53.6299,19.144448740741,9.86,0.308195698095,11.7630927116,医药商业,2025-10-30,2024-09-30
603359,*ST东珠,0.03,366948798.83,-42.824310138,-33.8009,13091619.44,-64.29,-98.9503,7.439324074706,0.39,0.301380127753,24.0395679292,基础建设,2025-10-30,2024-09-30
603356,华菱精工,-0.43,851871368.17,-25.1703284398,-8.3912,-54538936.57,-33.6429078589,37.9051,4.320427220489,-8.66,0.190471539523,5.3796300231,专用设备,2025-10-30,2024-09-30
603351,威尔药业,0.83,1000364429.23,20.7178383564,-12.8707,112897296.64,44.24,-23.2315,12.331827526331,6.94,1.190240840587,25.9250457465,化学制药,2025-10-30,2024-09-30
603338,浙江鼎力,2.88,6133786224.15,29.3478648501,-5.5353,1460441797.19,12.91,21.8134,19.461635066669,15.71,2.897706192959,36.1549913415,工程机械,2025-10-30,2024-09-30
603331,百达精工,0.11,1111445808.58,0.9452389242,-17.0464,21426003.15,-77.89,-231.7751,6.264777504162,1.68,0.392324795317,21.685502647,通用设备,2025-10-30,2024-09-30
603328,依顿电子,0.367,2620162262.54,8.6470344325,-7.293,366408013.6,22.7,-31.7903,3.966146493261,9.38,0.328610890116,24.3376938519,元件,2025-10-30,2024-09-30
603327,福蓉科技,0.191,1732492597.49,22.0433700634,22.1914,142253603.6,-41.95,-8.3324,2.465341022125,7.17,0.206972255765,12.4922786004,消费电子,2025-10-30,2024-09-30
603324,盛剑科技,0.63,993675118.35,-7.3405439869,-17.141,91470199.53,-7.93,-46.6083,11.032879823033,5.66,-2.604111960124,29.1054607426,环保设备Ⅱ,2025-10-30,2024-09-30
603323,苏农银行,0.9,3218293000.0,4.8248252617,-20.0953,1626903000.0,12.18,-28.1274,9.329744713088,9.68,-0.092454232833,,银行Ⅱ,2025-10-30,2024-09-30
603315,福鞍股份,0.2706,935099551.36,28.1839331966,14.4825,83090690.79,48.24,-54.6827,5.042609793497,5.31,0.086524028692,20.1609741129,环境治理,2025-10-30,2024-09-30
603313,梦百合,-0.27,6125698687.98,7.1776735918,2.4114,-152982600.41,-235.47,-727.3432,6.582162687423,-4.0,0.886208440508,37.2311023463,家居用品,2025-10-30,2024-09-30
603301,振德医疗,1.15,3125390090.31,-2.6113943646,0.4115,307460239.15,2.31,66.8552,20.949646716062,5.62,0.598676663879,34.8439661515,医疗器械,2025-10-30,2024-09-30
603300,海南华铁,0.25,3725371603.79,15.8772627645,8.9026,486917689.48,-13.41,-14.7632,3.06529841088,8.42,0.867776802341,42.9640235715,多元金融,2025-10-30,2024-09-30
603297,永新光学,1.26,650576561.14,6.5393023876,4.6202,140256354.77,-19.28,-24.7207,16.724631692345,7.64,1.287780401708,39.0747835219,光学光电子,2025-10-30,2024-09-30
603291,联合水务,0.30675,791009979.09,-4.5469716453,8.3936,129822723.95,20.97,-5.3782,4.145666509965,7.46,0.610721582851,33.90695295,环境治理,2025-10-30,2024-09-30
603290,斯达半导,1.77,2414561229.35,-7.7952010044,21.0231,423318753.54,-35.69,32.4922,27.532466109218,6.51,2.727127046372,31.6918750019,半导体,2025-10-30,2024-09-30
603286,日盈电子,0.08,684388783.95,14.6693648062,-7.9822,9593786.29,57.26,7.6139,7.447631136691,1.11,0.276856576575,19.6595328979,汽车零部件,2025-10-30,2024-09-30
603283,赛腾股份,2.44,3193838844.3,21.7611840427,82.3158,475110991.27,18.99,438.0887,14.388150248526,19.48,-3.104718494737,44.68888071,自动化设备,2025-10-30,2024-09-30
603282,亚光股份,0.59,487259857.85,-35.8115925088,124.6261,78780920.58,-39.57,8783.2369,9.249481149529,6.35,0.410429000673,36.3563919633,环保设备Ⅱ,2025-10-30,2024-09-30
603279,景津装备,1.15,4703751986.22,1.2009953375,-2.6547,665014400.48,-10.09,-10.3984,8.078516029869,15.03,1.02192411427,29.0622281656,通用设备,2025-10-30,2024-09-30
603278,大业股份,-0.32,3839502293.31,-7.9747587705,-13.2376,-107655795.24,-202.1,-163.2305,6.332772645733,-4.79,0.277820515639,3.6380447459,通用设备,2025-10-30,2024-09-30
603276,恒兴新材,0.17,564813650.68,22.2661668087,2.5188,34536365.34,-45.22,-82.0204,8.385070053986,1.97,-0.019335412789,13.3938936796,化学制品,2025-10-30,2024-09-30
603272,*ST联翔,-0.08,90902111.22,-28.3082475298,40.7743,-7818788.51,-288.08,156.7259,5.49304437415,-1.26,-0.183266028834,24.5264207737,家居用品,2025-10-30,2024-09-30
603270,金帝股份,0.38,923167318.65,5.1470282337,2.6132,83456145.01,-33.22,-7.4927,9.851468569644,3.88,-0.610261497429,29.0979881007,通用设备,2025-10-30,2024-09-30
603269,海鸥股份,0.13,1101102782.72,24.7562156103,20.8153,40948750.56,10.45,-12.2796,4.657052101925,4.05,0.931261016061,23.8791739878,通用设备,2025-10-30,2024-09-30
603262,技源集团,0.39,740934075.2,,-2.0905,136668530.72,,-22.2924,,,,44.0269131248,食品加工,2025-10-30,2024-09-30
603260,合盛硅业,1.23,20371012469.12,2.4384525538,-9.6292,1454462386.07,-33.42,5.819,27.599664064551,4.44,1.538318413257,22.0117638348,化学制品,2025-10-30,2024-09-30
603258,电魂网络,0.31,412689566.03,-18.346503647,4.4261,74733189.75,-34.62,19.2741,9.103291310959,3.29,0.459656431577,68.8523091881,游戏Ⅱ,2025-10-30,2024-09-30
603256,宏和科技,0.01,618796195.45,24.5505700858,-3.0605,7726837.85,117.7454360825,-22.2539,1.632381892586,0.54,0.100790456761,16.4540524713,玻璃玻纤,2025-10-30,2024-09-30
603237,五芳斋,1.09,2048204998.92,-15.2030306306,-66.0158,210430598.01,-12.8,-107.6115,9.06268809305,11.55,2.682129080349,41.1638012662,食品加工,2025-10-30,2024-09-30
603233,大参林,0.75,19731009081.96,11.329006586,-3.1512,858123080.28,-26.93,-22.6186,5.865822625472,12.09,2.203586371352,34.6743370721,医药商业,2025-10-30,2024-09-30
603230,内蒙新华,0.84,1469347235.19,0.0460040452,194.2886,295440626.33,-10.3,2853.2226,7.660546332431,11.08,-0.277531092998,42.0567674625,出版,2025-10-30,2024-09-30
603220,中贝通信,0.3707,2205738832.26,10.8409830405,-11.4077,144477633.88,43.41,-33.6236,4.470112805714,7.28,-0.635105864554,20.3572870497,通信服务,2025-10-30,2024-09-30
603218,日月股份,0.49,3184792031.43,-9.7822861884,28.1129,506520686.07,43.54,-74.605,9.705111611157,5.1,-0.283862452666,17.2234284932,风电设备,2025-10-30,2024-09-30
603216,梦天家居,0.18,796672722.69,-5.4133344914,8.3163,40918463.2,-7.52,-12.0731,7.900774771252,2.31,0.00102033953,27.7296472426,家居用品,2025-10-30,2024-09-30
603215,比依股份,0.54,1479505421.84,17.4592228094,14.6036,101695565.99,-42.08,-41.8214,6.00431870823,9.06,-0.187696862312,16.1720384669,小家电,2025-10-30,2024-09-30
603213,镇洋发展,0.34,2012218260.46,30.9099314131,15.9164,149342349.77,-3.41,-31.1466,4.143959931646,8.32,-0.245919065568,13.4300031438,化学原料,2025-10-30,2024-09-30
603212,赛伍技术,-0.22,2306897446.01,-30.9425001107,-14.566,-95527340.47,-212.05,-81.7536,6.554262911081,-3.33,0.775634557285,6.7009843904,光伏设备,2025-10-30,2024-09-30
603200,上海洗霸,0.2768,374604722.93,-1.6109934394,-24.2357,48404833.81,30.14,-69.7943,5.462831309279,5.14,0.013850234053,38.0665330871,环境治理,2025-10-30,2024-09-30
603199,九华旅游,1.3877,569006578.42,1.3092316779,-19.001,153591640.87,1.18,-36.8476,13.396190011565,10.48,1.467696830593,51.7763337777,旅游及景区,2025-10-30,2024-09-30
603198,迎驾贡酒,2.51,5513454170.78,13.8147360371,18.3002,2006180338.72,20.19,34.754,11.576096733413,21.9,1.5932486335,74.2819880955,白酒Ⅱ,2025-10-30,2024-09-30
603197,保隆科技,1.18,5026303595.76,20.9644501893,8.3397,248597256.24,-26.62,24.873,14.603353168284,8.24,1.464044890019,26.0403427394,汽车零部件,2025-10-30,2024-09-30
603194,中力股份,1.91,4827003189.29,7.7901070019,-3.5707,649608546.6,4.27,-6.0533,10.322565854294,20.39,-0.521937992324,29.0544284063,工程机械,2025-10-30,2024-09-30
603191,望变电气,0.16,2374381716.56,20.6074036519,5.6639,53712294.4,-75.11,71.0876,7.229029691791,2.22,-1.092758424446,11.6478107589,电网设备,2025-10-30,2024-09-30
603180,金牌家居,0.78,2416109070.21,-5.1453867006,1.8754,119558640.85,-28.09,51.5413,17.646625496472,4.33,-1.368081679139,27.3022145106,家居用品,2025-10-30,2024-09-30
603176,汇通集团,0.15,2440409223.14,23.2151664914,-27.4001,67838313.64,132.96,-62.3664,2.367561166196,5.97,0.116117763467,15.5304295672,基础建设,2025-10-30,2024-09-30
603170,宝立食品,0.43,1930159749.56,9.7186553199,1.1416,173483331.5,-28.01,36.2397,3.289649397565,12.64,0.724914163446,31.8007823332,调味发酵品Ⅱ,2025-10-30,2024-09-30
603155,新亚强,0.31,556662012.29,3.8515265043,-21.4158,99054826.5,-18.26,-64.0967,7.437794058491,4.31,0.450627488483,21.1352071172,化学制品,2025-10-30,2024-09-30
603150,万朗磁塑,1.28,2383145715.36,39.8069257466,-3.6233,107070480.48,5.86,-13.6219,17.945865514664,7.36,0.005728672602,21.5946945738,塑料,2025-10-30,2024-09-30
603139,康惠股份,-0.38,404545531.96,-14.3326308897,0.4164,-38288437.47,-515.2,-202.2644,9.120398875751,-4.12,-0.350800796155,32.145904524,中药Ⅱ,2025-10-30,2024-09-30
603135,中重科技,0.01,577898052.62,-31.6180412817,71.1283,6840909.26,-95.46,-245.4216,4.712257229777,0.23,-0.076325902382,15.945784602,专用设备,2025-10-30,2024-09-30
603125,常青科技,0.39,809652186.13,8.6288924054,-10.7779,155826245.26,-5.78,-7.1058,8.180102720905,6.99,0.476010219683,28.7545012474,化学制品,2025-10-30,2024-09-30
603124,江南新材,1.24,6395651635.35,29.5109360457,-0.5529,135493188.0,26.5658647312,-43.1422,,,,3.9465835806,金属新材料,2025-10-30,2024-09-30
603122,合富中国,0.07,710974440.58,-14.6664635941,-4.9608,26551893.49,-39.75,-73.8113,2.931872009273,2.25,-0.006404887592,19.759635177,医疗服务,2025-10-30,2024-09-30
603121,华培动力,0.21,941868767.34,3.4616263046,-1.8997,71243048.44,-26.2,-57.414,3.834674275382,5.64,0.640227699034,26.2051213926,汽车零部件,2025-10-30,2024-09-30
603118,共进股份,0.02,6046440216.02,-9.2183343574,-0.7238,13697736.07,-92.37,233.8776,6.411856784833,0.27,-0.384190310309,11.739510095,通信设备,2025-10-30,2024-09-30
603109,神驰机电,0.6457,1942374143.89,-6.0803135084,24.3297,134281895.8,-27.35,85.3269,8.855350208735,7.32,0.752680510685,26.8583195782,通用设备,2025-10-30,2024-09-30
603108,润达医疗,0.08,6176286324.36,-10.3630143469,-1.0554,50424910.92,-82.21,-159.5048,7.066674272825,1.17,0.348131694711,25.6374038042,医疗服务,2025-10-30,2024-09-30
603102,百合股份,1.82,606326448.41,-4.139341371,-12.9007,116665969.26,-9.35,-29.9702,24.738891375938,7.46,1.532800817344,37.9441854109,食品加工,2025-10-30,2024-09-30
603101,汇嘉时代,0.1068,1846730354.46,-2.4518010404,12.3327,50240590.19,-68.77,161.6469,2.931307384311,3.55,0.543511088924,33.4608071188,一般零售,2025-10-30,2024-09-30
603091,众鑫股份,3.08,1148199618.22,19.3989103752,19.3935,235979745.33,49.0,34.9381,18.682751696218,19.43,1.721763585472,34.4633797434,包装印刷,2025-10-30,2024-09-30
603081,大丰实业,0.13,1167073583.03,-31.55251391,37.0639,52612445.53,-57.62,-66.8488,6.718805066136,1.82,-0.264966246872,31.5259920711,专用设备,2025-10-30,2024-09-30
603079,圣达生物,0.13,608870278.32,11.9024185188,12.3971,21679027.87,687.8585615692,-59.1209,7.31990079845,1.73,0.474761801868,20.1935390309,化学制品,2025-10-30,2024-09-30
603076,乐惠国际,0.34,947078784.45,-15.4050961368,-38.774,40530702.29,9.41,-2.5426,11.017641503644,3.06,2.336259285481,27.1439933806,专用设备,2025-10-30,2024-09-30
603075,热威股份,0.57,1413939945.72,11.2975706632,4.6496,228768794.62,17.38,5.7104,5.045276774424,11.31,0.344898884525,31.2307544706,家电零部件Ⅱ,2025-10-30,2024-09-30
603070,万控智造,0.16,1514381744.4,-10.7138436549,3.7628,63684661.09,-54.66,4.2871,5.220531824414,3.03,0.046054146209,21.4094459438,电网设备,2025-10-30,2024-09-30
603060,国检集团,0.0887,1651962233.36,3.267873938,4.8493,71278658.89,-3.51,-16.2878,2.337618052708,3.6,-0.014551223569,38.5025832586,专业服务,2025-10-30,2024-09-30
603055,台华新材,0.69,5184684111.42,47.4637934216,-9.282,618607442.75,89.19,-28.9958,5.434314939296,13.28,0.342922276709,24.009459915,纺织制造,2025-10-30,2024-09-30
603051,鹿山新材,0.23,1606148470.04,-29.4145349121,-10.6457,31053098.19,148.3085094382,-97.1683,13.811200276191,2.34,2.496978584206,10.3467286848,化学制品,2025-10-30,2024-09-30
603045,福达合金,0.3069,2689363050.89,38.2232754296,-1.4463,41568485.16,23.92,-83.0269,7.141684110738,4.37,-0.937721962295,8.9607712897,金属新材料,2025-10-30,2024-09-30
603041,美思德,0.43,445605335.12,18.364185085,4.7986,77644661.85,-2.82,-18.7235,8.19337204495,5.18,0.328441329853,35.6186136006,化学制品,2025-10-30,2024-09-30
603036,如通股份,0.35,288777049.54,12.2422276825,-4.4449,71195591.42,18.15,9.7342,6.301303744005,5.45,0.272945602392,42.9670530631,专用设备,2025-10-30,2024-09-30
603033,三维股份,0.052,3706247561.18,29.6016479298,-11.7458,53928565.46,-65.72,-118.0524,3.356199897199,1.54,0.353131196547,10.2884165579,橡胶,2025-10-30,2024-09-30
603030,全筑股份,-0.03,583081475.61,-25.5712505596,-37.3323,-34404262.56,-550.77,-243.9674,0.756567169533,-3.39,-0.153983916098,15.1774010909,装修装饰Ⅱ,2025-10-30,2024-09-30
603029,天鹅股份,0.33,427887891.05,0.5599492524,8.8696,40519345.61,5.91,216.751,7.152086258015,4.74,-1.296890457385,35.7839014454,专用设备,2025-10-30,2024-09-30
603020,爱普股份,0.2368,2064942698.61,-1.5888907037,-13.0536,88944776.47,-1.44,-2.1573,8.335382863407,2.8,0.624204798846,16.5887065491,化学制品,2025-10-30,2024-09-30
603011,合锻智能,0.02,1467340290.54,19.208139582,-5.2126,7679090.36,-89.64,-157.9063,4.520375755674,0.34,0.377979297478,26.0201921743,专用设备,2025-10-30,2024-09-30
603010,万盛股份,0.2,2123491596.13,-1.8138251086,2.6981,118840010.38,-27.81,46.9802,6.659268018708,2.98,0.419100707715,17.9865691763,化学制品,2025-10-30,2024-09-30
603009,北特科技,0.1695,1456937506.31,9.6198065558,1.184,60809000.65,111.0,6.7684,4.93737014548,3.7183,0.348969013881,18.5076331725,汽车零部件,2025-10-30,2024-09-30
603008,ST喜临门,0.99,5976242905.26,-1.5307937235,-8.0961,375132754.08,-3.88,-11.3674,10.159933250364,9.78,0.10681915602,35.3480817873,家居用品,2025-10-30,2024-09-30
603004,鼎龙科技,0.46,485127673.37,-7.6907501381,-4.3625,108032471.64,-10.83,23.9848,8.23156666453,5.49,0.669499043054,39.3850754385,化学制品,2025-10-30,2024-09-30
603002,宏昌电子,0.03,1618954186.63,-5.2527768566,-5.4425,36716639.43,-40.78,-12.5822,3.023367127196,1.06,0.104303071182,6.5583745752,电子化学品Ⅱ,2025-10-30,2024-09-30
601999,出版传媒,0.08,1790602399.85,-1.075093629,46.7657,43709068.88,-30.79,42.7931,4.623220624953,1.72,-0.333550571677,20.228355888,出版,2025-10-30,2024-09-30
601995,中金公司,0.49,13449224301.0,-22.9957010389,-9.8883,2858163486.0,-37.97,-36.3135,18.521323691864,2.64,5.048992598999,,证券Ⅱ,2025-10-30,2024-09-30
601985,中国核电,0.472,56985795719.8,1.5984047892,0.4724,8933543965.95,-4.22,8.1028,5.071687109809,9.57,1.739358158491,47.263095193,电力,2025-10-30,2024-09-30
601928,凤凰传媒,0.5279,9560305079.01,-0.9408262015,-40.2857,1343376574.3,-24.27,-86.2425,7.537107742654,6.62,0.45986302151,39.8265151303,出版,2025-10-30,2024-09-30
601908,京运通,-0.584,3935218435.15,-50.6855292224,-26.5624,-1408936996.53,-485.36,47.8036,4.129722246809,-13.18,-0.142000930401,-14.0225186262,电力,2025-10-30,2024-09-30
601886,江河集团,0.38,15422055218.8,9.2572140873,-5.6953,433063608.54,8.55,-21.4313,6.267435584892,5.86,-0.163939029025,15.1559279717,装修装饰Ⅱ,2025-10-30,2024-09-30
601877,正泰电器,1.64,46409439054.63,8.8922197194,33.2827,3497592112.25,16.93,87.2292,19.420421231688,8.6,3.489946590713,25.2753236843,电网设备,2025-10-30,2024-09-30
601872,招商轮船,0.41,19296219583.57,1.4387601656,-13.1647,3369179428.06,-10.35,-22.2384,4.581778048459,8.93,0.786138856081,26.4787810663,航运港口,2025-10-30,2024-09-30
601827,三峰环境,0.6,4517580599.78,-0.4677895223,-12.245,1010039392.52,2.58,24.444,6.592272543932,9.36,0.938320706306,35.8513029886,环境治理,2025-10-30,2024-09-30
601808,中海油服,0.51,33661450215.0,14.0786535035,-10.0776,2444741857.0,7.5,-10.9238,9.053695506657,5.8,1.072591178164,17.2436936612,油服工程,2025-10-30,2024-09-30
601801,皖新传媒,0.41,8337665665.76,-14.744204633,36.7976,811979013.65,-17.45,-18.2641,5.932169372463,6.87,0.138940903648,24.1497173909,出版,2025-10-30,2024-09-30
601799,星宇股份,3.4437,9225467722.53,27.4806016046,6.1896,977206611.6,25.02,8.9614,34.029288851081,10.4,1.544241035263,19.045089623,汽车零部件,2025-10-30,2024-09-30
601699,潞安环能,0.94,26648551740.53,-19.2786659022,-0.0035,2798353801.94,-61.51,-39.0896,15.682374541965,5.89,1.248050266724,40.7145989495,煤炭开采,2025-10-30,2024-09-30
601666,平煤股份,0.8406,23318819153.94,0.7760126014,-11.7978,2044953019.4,-34.91,0.0274,9.92259538327,7.09,2.423458151736,27.2974212353,煤炭开采,2025-10-30,2024-09-30
601608,中信重工,0.0647,5876836106.23,-15.8653103627,16.0214,284192455.6,6.72,-8.0154,1.962182246266,3.44,0.068717497514,21.2585569398,专用设备,2025-10-30,2024-09-30
601579,会稽山,0.24,1061625048.38,13.5193752205,9.2024,112632672.38,8.94,1663.9359,7.559152717846,3.07,-0.070123705081,50.1482278647,非白酒,2025-10-30,2024-09-30
601567,三星电气,1.29,10433714281.29,25.1381026441,-13.5029,1815696160.26,21.91,-15.2804,8.291500327084,15.31,0.729375850472,36.1992101069,电网设备,2025-10-30,2024-09-30
601518,吉林高速,0.21,869024201.65,-7.3381179975,20.3877,389741327.73,-0.52,17.044,2.770268241506,7.59,0.261848732899,70.1762217591,铁路公路,2025-10-30,2024-09-30
601500,通用股份,0.24,4987897618.13,35.5558823521,18.173,379858634.81,139.49,-30.2127,3.731378377912,6.62,0.3273215938,16.6737800364,汽车零部件,2025-10-30,2024-09-30
601366,利群股份,0.03,5637696637.9,-5.2723738285,14.2668,25814115.37,-8.27,-57.0166,4.680044077338,0.61,1.096177110054,32.2665943026,一般零售,2025-10-30,2024-09-30
601233,桐昆股份,0.42,76048825489.7,23.1724504559,2.6969,1006697256.03,11.41,-112.0656,15.086677175012,2.8,2.228952538948,5.1396890649,炼化及贸易,2025-10-30,2024-09-30
601225,陕西煤业,1.8,135437178009.32,6.2815280287,-8.1219,17468623435.25,-1.46,-8.7526,9.791775663959,16.57,3.909569200324,33.5620132234,煤炭开采,2025-10-30,2024-09-30
601216,君正集团,0.2654,18391173430.95,30.0203341595,4.2104,2239720560.05,2.92,-9.4491,3.133806408289,8.34,0.153643683554,19.8173226122,化学原料,2025-10-30,2024-09-30
601200,上海环境,0.36943,4306113811.29,-0.2966878307,-2.4971,497336726.63,6.08,0.8551,8.255556873525,4.55,0.769640327039,29.8077251661,环境治理,2025-10-30,2024-09-30
601187,厦门银行,0.65,4161412000.0,-3.0724459987,-9.5762,1934123000.0,-6.27,56.1968,9.511528074914,7.04,1.761936214286,,银行Ⅱ,2025-10-30,2024-09-30
601158,重庆水务,0.15,5193238925.79,-10.4499919083,4.335,727756759.14,-49.49,34.899,3.540556924627,4.25,0.262905279806,30.3912759887,环境治理,2025-10-30,2024-09-30
601138,工业富联,0.76,436373331000.0,32.7095293045,15.5212,15141032000.0,12.28,40.5717,7.225384661813,10.04,0.208960837893,6.8239917256,消费电子,2025-10-30,2024-09-30
601136,首创证券,0.27,1853271166.93,42.80631516,-13.3582,749727139.41,63.1,6.3187,4.75465922025,5.91,-0.587360988929,,证券Ⅱ,2025-10-30,2024-09-30
601128,常熟银行,0.9,8369945000.0,11.296451282,2.0762,2975848000.0,18.17,58.7023,8.926737797188,11.22,5.107405857898,,银行Ⅱ,2025-10-30,2024-09-30
601126,四方股份,0.75,5093273140.61,20.22119669,-16.3693,609140148.54,16.82,-23.4963,5.297190324802,14.18,0.688383419932,33.6994560744,电网设备,2025-10-30,2024-09-30
601117,中国化学,0.63,134744569036.74,2.3407440783,-4.7058,3837646451.12,3.09,-38.4442,9.899352503225,6.51,-0.921869601854,9.0763517141,专业工程,2025-10-30,2024-09-30
601116,三江购物,0.221,2970597838.29,0.118496397,11.8879,121060865.74,15.83,70.3427,5.822179474104,3.7962,0.520665578741,26.7254133712,一般零售,2025-10-30,2024-09-30
601108,财通证券,0.32,4441318213.76,-10.3616121109,-12.3694,1472169208.06,-1.93,15.7897,7.577773573746,4.19,3.903189527061,,证券Ⅱ,2025-10-30,2024-09-30
601099,太平洋,0.02,864742464.13,-16.445838918,22.5928,136264566.94,-45.71,102.7538,1.410420105908,1.43,0.198622701638,,证券Ⅱ,2025-10-30,2024-09-30
601098,中南传媒,0.53,9365892050.06,1.7222956929,-36.4756,956920472.72,-22.56,-62.6055,8.445103146158,6.23,1.155276349048,44.1223666754,出版,2025-10-30,2024-09-30
601089,福元医药,0.85,2547022297.14,3.4163944302,4.5445,400949905.3,5.59,-30.1912,7.201772680583,10.84,1.020842487646,67.0876817497,化学制药,2025-10-30,2024-09-30
601018,宁波港,0.211,21859245000.0,13.7505545271,-2.1206,4101967000.0,2.02,68.7637,3.981021710886,5.39,0.377986549872,29.1061104809,航运港口,2025-10-30,2024-09-30
601016,节能风电,0.183,3810530099.06,-0.3915806712,-11.4143,1180662245.6,-1.23,-30.5119,2.650572754146,6.81,0.394120840268,51.8151818939,电力,2025-10-30,2024-09-30
601015,陕西黑猫,-0.31,11420265926.59,-17.6308659429,1.2443,-642319791.92,-143.08,15.6653,3.424543750104,-8.79,-0.019557631753,-2.1057685385,焦炭Ⅱ,2025-10-30,2024-09-30
601007,金陵饭店,0.112,1403958158.54,3.7996453871,38.59,43501064.35,-24.36,17.4503,4.063570528615,2.73,0.145288671974,25.9759359851,酒店餐饮,2025-10-30,2024-09-30
601006,大秦铁路,0.5,55214280859.0,-9.1831375513,1.4701,8603254647.0,-22.57,-2.7608,8.431493370555,5.77,0.250112370058,19.7497111949,铁路公路,2025-10-30,2024-09-30
601003,柳钢股份,-0.12,53095916209.2,-6.8568748354,-14.3716,-307411081.42,40.385609007,-2272.2641,3.312531872782,-3.55,0.057356056646,3.5633188874,普钢,2025-10-30,2024-09-30
601002,晋亿实业,0.085,1727565772.21,2.861781084,71.3774,81473086.26,31613.9361438197,1777.7518,4.335733464128,1.95,0.484808279031,18.9225005605,通用设备,2025-10-30,2024-09-30
601000,唐山港,0.2668,4282580593.11,-3.7467801504,-12.6462,1581128144.69,-2.01,-15.1168,3.443617279256,7.81,0.336018657058,50.1747599395,航运港口,2025-10-30,2024-09-30
600997,开滦股份,0.41,15589449481.95,-8.5101633,-6.6332,647917838.9,-34.56,-39.06,8.964627021766,4.56,0.425894952392,12.7089548452,焦炭Ⅱ,2025-10-30,2024-09-30
600996,贵广网络,-0.56,1236303019.45,-26.4519547716,-34.3308,-679619763.19,-43.1813713648,-13.5937,2.703296638168,-18.71,0.191085927981,-8.9460688189,电视广播Ⅱ,2025-10-30,2024-09-30
600993,马应龙,1.06,2791816831.37,14.1266477084,-11.1644,457504222.25,9.35,27.4373,9.281219948296,11.77,0.736071420406,47.7715169263,中药Ⅱ,2025-10-30,2024-09-30
600981,苏豪汇鸿,-0.03,36970966932.01,8.3127537293,-0.3402,-73625394.33,-285.51,230.5317,2.104493108792,-1.41,-0.469226373331,3.5972066084,贸易Ⅱ,2025-10-30,2024-09-30
600955,维远股份,0.16,7213819349.11,46.3932042017,13.2976,87870251.82,0.27,213.114,15.689942047745,1.01,1.775498715327,1.6429976232,化学原料,2025-10-30,2024-09-30
600936,北投科技,-0.4,2118064223.68,94.0252449506,2.0789,-674820606.03,-73.7636653666,-13.2773,0.554531658069,-28.57,0.362536749861,6.4616451281,IT服务Ⅱ,2025-10-30,2024-09-30
600935,华塑股份,-0.06,3758257085.01,-4.8324652914,12.2194,-211661244.27,-351.2623650182,47.371,1.74590943144,-3.38,-0.004703460925,8.3012146759,化学原料,2025-10-30,2024-09-30
600933,爱柯迪,0.78,4974308499.01,17.4647550187,7.3285,741786647.19,24.13,34.0222,8.136081139286,9.81,1.319904330894,28.5184284369,汽车零部件,2025-10-30,2024-09-30
600889,*ST京化,-0.43,457819671.59,30.2926338783,-1.7377,-159013558.03,-64.2807529791,-138.2795,1.950597609539,-20.04,-0.378154546763,-7.6471521349,通用设备,2025-10-30,2024-09-30
600881,亚泰集团,-0.4,5239833508.85,-33.8211467129,19.8374,-1290998828.32,3.4547832002,11.6357,1.379770189185,-25.25,-0.026299005934,23.1632190487,综合Ⅱ,2025-10-30,2024-09-30
600880,博瑞传播,0.01,308706377.92,-29.14,34.885,12254529.95,-69.26,359.8741,2.774245973656,0.4,-0.094855359949,45.28210522,教育,2025-10-30,2024-09-30
600879,航天电子,0.17,9233829083.13,-28.7439163804,-60.9478,561799928.14,9.39,193.4378,6.260443660039,2.74,-1.158882509019,22.795837626,航天装备Ⅱ,2025-10-30,2024-09-30
600873,梅花生物,0.68,18680785476.06,-8.9904051608,-1.9182,1995321648.29,-7.65,-27.7823,5.159176796393,13.92,1.432181728756,18.9040333628,化学制品,2025-10-30,2024-09-30
600869,远东股份,-0.0447,18221725423.69,4.7770365818,5.2566,-99294746.66,-125.81,119.6955,2.015855813328,-2.17,-0.095973005645,10.3112953787,电网设备,2025-10-30,2024-09-30
600865,百大集团,0.35,142491407.16,-6.2673642076,-18.0526,131534672.8,532.11,395.445,6.219258609543,5.46,0.052846611313,89.9160693572,一般零售,2025-10-30,2024-09-30
600863,华能蒙电,0.37,16583175663.3,-2.3621752211,11.8579,2469373027.8,13.08,-20.1764,2.554566485496,14.77,0.684613874723,22.1856992888,电力,2025-10-30,2024-09-30
600854,春兰股份,0.2581,75269478.87,-49.0699605021,21.5591,134096633.58,0.08,-88.1669,4.587937754851,5.6646,0.105422992162,35.7499858694,白色家电,2025-10-30,2024-09-30
600851,海欣股份,0.1149,605397522.11,-36.051718198,0.5796,138671863.65,10.11,-46.9868,3.618285969894,3.4597,0.033341476201,57.2922485776,化学制药,2025-10-30,2024-09-30
600850,电科数字,0.4383,7100051857.58,2.4933387037,2.6798,302197032.46,8.76,96.2092,6.642945252114,6.72,-1.802839248105,19.5371732268,IT服务Ⅱ,2025-10-30,2024-09-30
600841,动力新科,-0.91,5235569406.53,-19.7774098897,-19.1368,-1263219574.56,-17.5614619894,-41.9449,3.068018795301,-25.83,-0.928663141578,3.2502731559,汽车零部件,2025-10-30,2024-09-30
600834,申通地铁,0.11,434879738.06,1.2101287517,173.1839,51595164.25,-20.96,38.8754,3.55753706314,3.05,0.759574198377,25.1319819883,铁路公路,2025-10-30,2024-09-30
600831,广电网络,-0.791,1148032056.11,-35.2039130384,-35.0836,-561812363.45,-932.2555414051,26.6642,3.615781857897,-19.71,0.276661979168,5.7094961967,电视广播Ⅱ,2025-10-30,2024-09-30
600817,宇通重工,0.2429,2505327905.28,24.4165567761,31.3759,130762724.03,4.69,-7.8844,4.44324850588,5.33,0.658390035611,19.7681474878,环保设备Ⅱ,2025-10-30,2024-09-30
600800,渤海化学,-0.48,3377035640.94,37.7052248711,-27.3011,-537248823.86,-36.1993017017,-60.5131,1.675233854978,-25.3,-0.15481369985,-9.0663805868,炼化及贸易,2025-10-30,2024-09-30
600787,中储股份,0.1973,47775583192.99,-4.5046159811,1.8864,429013869.12,12.77,-93.1061,6.298443607244,3.0737,0.127225517023,2.9439350488,物流,2025-10-30,2024-09-30
600785,新华百货,0.48,4759698584.52,2.3437889098,5.0028,108922864.54,-21.17,224.7386,9.851409442255,4.95,2.702392231919,26.4503708038,一般零售,2025-10-30,2024-09-30
600784,鲁银投资,0.38,2574637215.37,-6.744893168,-0.5305,254114802.87,0.29,-21.9468,4.60714201345,8.46,0.163933075105,25.1022369688,化学原料,2025-10-30,2024-09-30
600782,新钢股份,-0.184,31179664234.79,-49.9384317404,-4.0699,-578799808.85,-221.48,-724.1168,8.110745909652,-2.223,0.333205694909,-0.497183097,普钢,2025-10-30,2024-09-30
600780,通宝能源,0.3353,7861816037.43,-2.8527680448,7.6139,384386390.19,-28.73,12.2983,6.591972309729,5.16,0.85538246935,8.3023900144,电力,2025-10-30,2024-09-30
600778,友好集团,0.0359,1304031757.82,-7.3180945553,27.4633,11190184.9,111.6542477888,158.4154,0.719347868797,5.2,0.269949287709,29.5501288185,一般零售,2025-10-30,2024-09-30
600776,东方通信,0.083,1970346058.88,2.3856125796,-10.123,103634698.61,-9.61,132.5269,2.75211748572,3.0,-0.140200781877,9.8291799426,通信设备,2025-10-30,2024-09-30
600760,中航沈飞,0.66,25297530211.78,-26.9520510144,-69.7251,1817730741.57,-23.12,-77.9011,5.790226375596,11.35,-2.136840348714,12.4802635327,航空装备Ⅱ,2025-10-30,2024-09-30
600743,华远控股,-0.377,3461595882.09,-45.4194106402,-65.5442,-727569283.6,-3.6870770405,-30.584,-0.064557581325,-286.96,-0.701407413107,19.1570854972,房地产服务,2025-10-30,2024-09-30
600741,华域汽车,1.419,119491407086.0,-1.701124181,4.7869,4473304621.39,-5.63,0.6875,19.066613897831,7.54,1.782280489671,12.0017223428,汽车零部件,2025-10-30,2024-09-30
600729,重百集团,2.11,13003838490.17,-12.0010927409,-2.5611,923048025.49,-19.24,-23.6117,16.119203387208,13.27,3.457534878455,25.9439550985,一般零售,2025-10-30,2024-09-30
600726,华电能源,0.06,13267662201.84,-2.0497695124,0.8456,452744375.74,800.9200467769,-185.3353,0.513529803092,11.99,0.330433887671,22.0477082558,电力,2025-10-30,2024-09-30
600725,云维股份,-0.0074,550820641.81,12.778337063,-8.9517,-9113864.05,-5471.23,-87.7197,0.284906312673,-2.562,0.001950763126,1.8938187802,贸易Ⅱ,2025-10-30,2024-09-30
600708,光明地产,-0.1686,3859630487.42,-41.9141842853,-27.348,-375702537.7,-3028.15,-7068113.2793,4.680465436776,-3.54,-0.870105284287,10.3887855399,房地产开发,2025-10-30,2024-09-30
600702,舍得酒业,1.9909,4459901263.34,-15.0309116396,2.0745,668904325.63,-48.35,92.3409,21.280687414696,9.27,-0.433040861728,67.9024651694,白酒Ⅱ,2025-10-30,2024-09-30
600699,均胜电子,0.67,41134726707.58,-0.4243784445,1.8478,941499946.46,20.9,-7.7327,9.61522419476,6.77,2.165427308295,15.585342571,汽车零部件,2025-10-30,2024-09-30
600692,亚通股份,0.0128,452732382.77,-42.1233219131,32.8162,4490855.2,123.3888260593,-165.8333,2.653025405944,0.4829,0.827845006476,3.6090806891,房地产开发,2025-10-30,2024-09-30
600668,尖峰集团,0.21,2022022292.4,-2.0637840714,-12.4054,70562252.5,-45.06,-49.2471,14.700424991871,1.39,0.425561707771,22.1767097814,水泥,2025-10-30,2024-09-30
600667,太极实业,0.24,24580991677.27,-6.9098601272,-15.6577,513150109.37,-11.12,-41.1692,3.932150381142,6.29,0.209792268683,7.5860340743,工程咨询服务Ⅱ,2025-10-30,2024-09-30
600661,昂立教育,0.0709,965271138.51,35.3349075771,39.6165,19049511.06,122.0545874081,229.375,0.319875024686,20.4,0.45028850657,44.1217592352,教育,2025-10-30,2024-09-30
600651,飞乐音响,0.01,1395480054.04,0.4179985039,3.4343,25320798.43,74.59,280.626,0.974483750885,1.04,0.02336774837,15.4832749622,汽车零部件,2025-10-30,2024-09-30
600645,中源协和,0.29,1205902310.99,0.2944834984,-0.17,133512856.22,0.76,7.3101,7.728322022241,3.66,0.378993123929,69.8200177425,生物制品,2025-10-30,2024-09-30
600643,爱建集团,0.155,1801135748.09,6.93,-20.3794,247883980.2,-47.8,-60.3854,7.878559134945,1.98,0.611721939756,23.3300661341,多元金融,2025-10-30,2024-09-30
600641,先导基电,-0.0348,307587246.81,-59.6279026361,4.6443,-31676848.17,-119.36,172.2214,8.943742768339,-0.38,-0.043421025406,59.3025892789,半导体,2025-10-30,2024-09-30
600630,龙头股份,0.09,1218187032.92,-0.620163324,0.4861,37761509.57,1758.6318508634,-117.9133,1.772955986865,5.16,0.078970161805,31.5030196266,服装家纺,2025-10-30,2024-09-30
600629,华建集团,0.26,5479614365.35,-0.871180572,-2.1162,251388062.15,-4.8,-40.4074,5.268278824216,4.96,-0.73036963708,22.5415832131,工程咨询服务Ⅱ,2025-10-30,2024-09-30
600620,天宸股份,-0.0052,111274634.2,-52.3764673729,-87.3782,-3579803.78,-110.72,-127.2877,2.187464284222,-0.23,-0.218117877696,39.784847884,综合Ⅱ,2025-10-30,2024-09-30
600612,老凤祥,3.3948,52581666118.68,-15.2811021589,-11.9078,1775857661.63,-9.6,-38.1893,23.574314932708,14.65,12.515622216454,8.5630034642,饰品,2025-10-30,2024-09-30
600594,益佰制药,-0.214,1713840317.37,-19.7953554079,-8.3783,-169151279.27,-199.58,-64.7216,3.343811185621,-6.087,0.252300049992,62.195537647,中药Ⅱ,2025-10-30,2024-09-30
600593,大连圣亚,0.8164,427216870.47,7.7369799878,106.8907,105156828.58,-4.49,743.8358,2.538684528571,38.28,1.638315300776,65.6687600823,旅游及景区,2025-10-30,2024-09-30
600590,泰豪科技,-0.2347,2582655443.32,4.0769443309,-3.7226,-200176083.98,-237.25,-122.1514,3.839733462536,-5.92,0.163987365867,18.0253324048,其他电源设备Ⅱ,2025-10-30,2024-09-30
600589,大位科技,-0.019,306120013.95,10.0306835345,-5.082,-27806296.79,77.12754528,122.9643,0.409941174771,-4.52,0.070432265016,11.0280556029,IT服务Ⅱ,2025-10-30,2024-09-30
600582,天地科技,0.526,21987268125.84,0.3739133431,-5.6727,2175619816.34,10.34,-23.4264,5.799303516673,9.19,-0.392369940527,32.3574505901,专用设备,2025-10-30,2024-09-30
600577,精达股份,0.2,16086525854.69,22.3830837414,-2.2517,415852153.89,33.84,-29.409,2.544436399716,7.8,-0.32805574625,5.9517639985,电网设备,2025-10-30,2024-09-30
600575,淮河能源,0.22,23594826722.28,12.7316782574,-8.625,842434805.58,25.85,0.7934,2.962064515764,7.36,0.505030244591,7.1693134079,电力,2025-10-30,2024-09-30
600559,老白干酒,0.61,4087543397.55,6.2892204655,20.7535,556188673.45,33.0,49.7713,5.534582977211,11.11,0.70212070627,66.209643686,白酒Ⅱ,2025-10-30,2024-09-30
600556,天下秀,0.0362,3045295579.97,-3.9232708552,0.1457,65415957.3,-41.92,-33.1649,2.141850913978,1.69,-0.042067115046,17.1213235464,广告营销,2025-10-30,2024-09-30
600551,时代出版,0.3856,6276223525.6,0.9469722484,-34.1379,261472715.11,-0.3,-18.2998,8.428996856066,4.56,0.403953385662,9.4155428112,出版,2025-10-30,2024-09-30
600547,山东黄金,0.39,67005642863.49,62.1505445399,-20.8235,2065816231.17,53.57,-0.1793,5.422966146015,7.42,2.278878572079,14.8773076525,贵金属,2025-10-30,2024-09-30
600545,卓郎智能,-0.0665,2832256000.0,-34.0533565368,14.0279,-118817000.0,-341.9,-16.7746,1.77668174137,-3.66,-0.011005573852,18.7120090839,专用设备,2025-10-30,2024-09-30
600536,中国软件,-0.4,2920485935.39,-29.7727712303,-26.8908,-337551067.81,20.05,59.9106,2.554503650166,-15.76,-1.388491333497,44.793445165,IT服务Ⅱ,2025-10-30,2024-09-30
600530,交大昂立,0.01,236896509.26,-5.4746120102,-8.973,6737418.17,122.6373818171,-46.6218,0.38910717505,2.0,0.011114556948,28.7179291044,食品加工,2025-10-30,2024-09-30
600520,三佳科技,0.11,233852492.36,-9.2844681106,-2.9072,17866127.43,120.0711765894,48.8157,2.363870707316,4.91,0.318940425488,22.9417775618,半导体,2025-10-30,2024-09-30
600519,贵州茅台,48.42,123122542625.45,16.9078383241,7.3173,60827552118.51,15.04,8.5171,189.229319618519,26.09,35.36177679777,91.5313752514,白酒Ⅱ,2025-10-30,2024-09-30
600512,腾达建设,0.1,2346207219.15,-9.9702631421,-31.1866,156161756.6,6.17,793.5955,3.951079792283,2.49,-0.233331587207,11.1977567184,基础建设,2025-10-30,2024-09-30
600507,方大特钢,0.08,16226493304.62,-17.5915418415,-13.6226,188995525.23,-67.79,-62.3602,4.040248668762,2.03,0.626628110166,4.772159635,特钢Ⅱ,2025-10-30,2024-09-30
600501,航天晨光,-0.38,1302616962.06,-45.8306817387,-20.4147,-163501071.87,-980.54,12.9289,4.877072181812,-7.47,-2.452250288805,11.8929064293,专用设备,2025-10-30,2024-09-30
600498,烽火通信,0.33,21153838661.46,-6.2298607493,-16.907,393514364.97,20.07,0.4952,10.69904914149,2.95,-1.35066205742,22.1292792066,通信设备,2025-10-30,2024-09-30
600491,ST龙元,-0.21,6858169965.22,-4.843827274,-12.8601,-316368057.51,45.2421322761,43.1987,6.838498961216,-2.97,0.35826251704,19.7654522897,房屋建设Ⅱ,2025-10-30,2024-09-30
600489,中金黄金,0.55,46044851459.23,1.0756273822,13.9511,2643137805.52,27.55,-6.1815,5.499840835166,9.93,0.50763661319,15.3992232306,贵金属,2025-10-30,2024-09-30
600479,千金药业,0.3964,2714645993.63,-2.3125500273,-14.4201,168076563.28,-14.64,-29.6001,5.690434377293,6.98,0.115797185998,46.0482475503,中药Ⅱ,2025-10-30,2024-09-30
600470,六国化工,0.07,4816938815.03,-8.4797778425,-7.1717,38369589.05,436.0849580335,-63.6057,3.549560734279,1.89,0.466527276227,9.9157430514,农化制品,2025-10-30,2024-09-30
600468,百利电气,0.0947,1417122148.19,-7.4976787286,27.8956,102963363.2,6.6,27.6416,1.955042502044,4.9,-0.000854727499,23.7521623616,电网设备,2025-10-30,2024-09-30
600452,涪陵电力,0.27,2408402297.08,-11.9775666239,27.3466,420134081.71,-5.9,152.3007,3.430722441821,8.18,0.816509521511,20.7110215687,电力,2025-10-30,2024-09-30
600426,华鲁恒升,1.436,25179962867.92,30.1559904138,-8.8096,3048892829.6,4.16,-28.8408,14.489964761591,10.15,1.832778422869,20.0129792615,农化制品,2025-10-30,2024-09-30
600420,国药现代,0.7117,8593322350.59,-6.2057013661,-7.1724,954526387.18,69.27,-39.0401,9.748588860218,7.45,1.510961233194,39.6883234211,化学制药,2025-10-30,2024-09-30
600408,安泰集团,-0.3,5152185193.29,-33.7710011443,-22.8073,-300713270.02,31.1085126938,-100.222,1.540032006277,-17.74,0.351055797467,-1.3281226826,焦炭Ⅱ,2025-10-30,2024-09-30
600403,大有能源,-0.3287,3873331978.46,-15.2814166769,6.9552,-785951759.6,-494.88,-34.8596,2.512511084075,-12.41,0.129107057125,13.340222483,煤炭开采,2025-10-30,2024-09-30
600400,红豆股份,0.0,1489081240.89,-4.3124815165,-5.4222,3292786.47,-91.6,-1469.6097,1.233057556977,0.11,-0.125187982192,39.6642704596,服装家纺,2025-10-30,2024-09-30
600391,航发科技,0.1616,2620821878.44,-13.7837083462,-42.9922,53337645.34,60.74,117.9606,4.982312594868,3.29,-5.217272554883,17.0148340911,航空装备Ⅱ,2025-10-30,2024-09-30
600379,宝光股份,0.2091,1161314157.15,1.3802151583,-30.207,69046103.23,22.22,-22.3967,2.237968778579,9.5644,-0.095110706229,18.1709259791,电网设备,2025-10-30,2024-09-30
600378,昊华科技,0.7712,10208351650.22,-11.6035872472,265.4544,851850226.68,-18.6,105.9987,11.233424385215,7.02,0.343358928285,22.7436740561,化学制品,2025-10-30,2024-09-30
600377,宁沪高速,0.8178,14058443583.67,21.0983423335,-36.8152,4119702513.15,2.05,-8.6839,7.305584889953,11.57,1.07564569864,34.9919163389,铁路公路,2025-10-30,2024-09-30
600376,首开股份,-1.7241,14462849606.21,-55.6871934033,6.3533,-4282815357.86,-39.711632482,-104.6787,5.304312774094,-28.02,-0.958140517297,6.9052826799,房地产开发,2025-10-30,2024-09-30
600372,中航机载,0.2486,16566564306.8,-20.086713291,-12.7882,1202866527.98,-27.1,-33.2542,7.654652624222,3.29,-0.754561241266,26.192458128,航空装备Ⅱ,2025-10-30,2024-09-30
600358,国旅联合,-0.0547,288799754.88,-29.660198536,14.3686,-27596577.67,-6417.56,19.1456,0.241057278075,-18.66,-0.010786701445,6.0543475694,广告营销,2025-10-30,2024-09-30
600353,旭光电子,0.0973,1118399807.85,24.1745000712,-14.2404,80838145.84,8.9,-20.6009,2.162039664485,4.53,0.02580816298,22.1753415907,其他电子Ⅱ,2025-10-30,2024-09-30
600348,华阳股份,0.5,18601507094.56,-14.0853314996,5.9878,1818961486.49,-57.42,20.5092,7.634081573721,6.47,0.516173075335,33.0727151027,煤炭开采,2025-10-30,2024-09-30
600335,国机汽车,0.2051,28606154795.05,-12.9863674536,1.8563,306715051.25,23.39,-53.5041,7.479928918028,2.77,-3.294022424212,7.3304807797,汽车服务,2025-10-30,2024-09-30
600333,长春燃气,-0.13,1474304538.33,10.5662592582,-7.9516,-81962125.2,27.613880199,22.5972,3.085316038543,-4.3,-0.002628193459,18.2517396945,燃气Ⅱ,2025-10-30,2024-09-30
600328,中盐化工,0.3899,9570034786.31,-22.8939603965,-13.604,573986135.48,-31.72,-65.3534,8.116217782762,4.76,0.057041705732,20.0940082887,化学原料,2025-10-30,2024-09-30
600319,亚星化学,-0.25,657760384.42,5.3674355315,-13.9917,-98308108.9,-25.1020045229,-31.6018,1.407651713171,-16.52,-0.038948193836,2.0047017094,化学原料,2025-10-30,2024-09-30
600316,洪都航空,0.0198,3029494180.24,58.4721167621,52.0964,14219398.53,59.91,-16.7745,7.393530711801,0.27,0.208613431393,3.0395868822,航空装备Ⅱ,2025-10-30,2024-09-30
600302,ST标准,-0.1378,344534819.31,-13.6097436069,-6.0428,-47688417.0,33.7828533045,-98.3799,2.175733515227,-6.2,-0.062306921771,16.532185259,专用设备,2025-10-30,2024-09-30
600300,维维股份,0.15,2688704857.42,-6.4769115277,52.5819,245993443.84,83.74,296.2506,2.04338944418,7.52,0.063835226597,23.4758335315,饮料乳品,2025-10-30,2024-09-30
600298,安琪酵母,1.12,10912241955.49,13.0351975996,1.2333,953163892.67,4.23,-29.5813,12.012528038851,9.32,1.288003893065,23.2789137089,调味发酵品Ⅱ,2025-10-30,2024-09-30
600292,电投水电,0.11,3095521387.41,6.6851206204,-3.2823,88366625.53,-0.34,77.3914,6.657014350676,1.71,0.533937882658,13.9990469829,电力,2025-10-30,2024-09-30
600285,羚锐制药,1.024,2759116202.14,10.0661120958,-14.429,573873093.86,23.1,-27.7623,5.102730749941,20.44,0.617245448046,75.0023165355,中药Ⅱ,2025-10-30,2024-09-30
600280,中央商场,-0.023,1802792487.5,-0.2824450074,-31.2187,-25617962.53,-466.21,-1162.4081,0.72092850444,-3.1,0.10400192846,51.4918402277,一般零售,2025-10-30,2024-09-30
600279,重庆港,0.0629,3457757154.61,-15.6381470054,60.4331,74610337.22,-6.01,-46.7966,5.223933335075,1.16,-0.086061789507,11.3429458982,航运港口,2025-10-30,2024-09-30
600273,嘉化能源,0.5726,7071466767.6,6.8825667845,-3.2079,790661665.17,-13.26,-18.1716,7.153936825031,7.86,0.672807408401,16.9899960989,化学制品,2025-10-30,2024-09-30
600268,国电南自,0.1,5538826132.35,8.341761145,-3.1836,104857878.55,81.68,-28.6961,3.053778260973,3.35,0.317451431604,23.9885315551,电网设备,2025-10-30,2024-09-30
600261,阳光照明,0.11,2452384268.04,6.3959912659,-4.9091,151833902.95,5.79,269.2415,2.599343026335,4.28,0.146583689167,34.5768807177,照明设备Ⅱ,2025-10-30,2024-09-30
600258,首旅酒店,0.6477,5888753416.13,-0.3704930178,14.207,723184257.93,5.63,54.3034,10.401169900791,6.34,2.417876710619,39.5929226298,酒店餐饮,2025-10-30,2024-09-30
600255,鑫科材料,0.022,2867911566.75,27.1340402068,6.8886,39805129.66,213.4292364026,-77.8015,0.779630496767,2.87,0.044312493282,8.0599719632,金属新材料,2025-10-30,2024-09-30
600251,冠农股份,0.4271,2840516688.84,-16.6161837277,-68.1007,331867548.07,-47.19,-51.5448,4.767785032068,8.74,1.946981245146,9.6638491028,农产品加工,2025-10-30,2024-09-30
600250,南京商旅,0.13,601502308.39,-0.5471349784,5.1944,39094581.21,5.66,14.7255,1.932921906326,6.69,0.108758208625,28.4022323002,旅游及景区,2025-10-30,2024-09-30
600237,铜峰电子,0.0983,962488862.46,20.4537168656,-0.958,62002309.95,9.49,-31.0235,2.829300329129,3.5646,0.142683355101,24.0541409839,元件,2025-10-30,2024-09-30
600229,城市传媒,0.1996,1931230180.59,-1.0785181191,-29.4338,131887186.24,-48.43,-136.1424,4.807663457602,4.05,0.025600791543,27.9456090819,出版,2025-10-30,2024-09-30
600222,太龙药业,0.0519,1340673177.46,-7.0828606778,-3.4364,28895857.99,270.72,-57.4975,2.736329998516,1.84,-0.168526083538,26.4868595807,中药Ⅱ,2025-10-30,2024-09-30
600219,南山铝业,0.3,24226136507.12,11.6950775399,1.3691,3490058221.44,62.94,-2.7215,4.247167629377,7.29,0.40221374867,25.3381384347,工业金属,2025-10-30,2024-09-30
600218,全柴动力,0.14,3044072489.89,-20.7503749871,-11.6055,62249690.56,-15.91,-44.411,7.327012893981,1.96,-0.432200676741,9.028821134,汽车零部件,2025-10-30,2024-09-30
600215,派斯林,0.1846,1437782801.97,-2.6214632288,-3.418,85825404.15,-27.99,-1.541,4.306433479327,4.28,0.041669924716,16.3987193022,自动化设备,2025-10-30,2024-09-30
600210,紫江企业,0.348,7187635233.88,-1.9900682209,3.9084,527563594.21,16.99,-12.278,3.880202828797,9.02,0.500627757211,21.9979401378,包装印刷,2025-10-30,2024-09-30
600202,哈空调,0.0037,941944624.36,-11.1198245094,-47.3478,1430725.38,-93.91,-374.2298,2.161336429467,0.17,0.168781207594,12.6704160662,通用设备,2025-10-30,2024-09-30
600199,金种子酒,-0.15,805894813.48,-24.8969396818,-43.701,-99526070.3,-185.5074631643,-1589.7248,3.675009282775,-4.03,-0.389449335438,38.6741847642,白酒Ⅱ,2025-10-30,2024-09-30
600198,大唐电信,-0.0692,454250972.47,-19.8054692827,-21.3605,-90554081.08,28.5171598421,-326.8268,0.168709872889,-8.54,-0.202767589744,48.698416038,通信设备,2025-10-30,2024-09-30
600185,珠免集团,-0.31,4370434178.01,60.9748080994,30.2728,-590575813.81,-194.7,78.5856,2.455552645269,-15.68,0.450779713799,28.847922201,旅游零售Ⅱ,2025-10-30,2024-09-30
600163,中闽能源,0.22,1095495695.46,-0.8987133401,-21.4255,409109222.0,6.34,-48.1851,3.454626327763,6.3539,0.276858788237,53.9057388995,电力,2025-10-30,2024-09-30
600162,香江控股,0.0129,3226573105.02,29.7723384745,-14.4153,68231552.39,-13.27,52.9398,1.807402003216,1.12,0.050766171754,24.459876579,房地产开发,2025-10-30,2024-09-30
600157,永泰能源,0.066,22375313279.01,1.8038388219,9.344,1463917557.25,-9.85,-62.0369,2.121441948623,3.12,0.21653262966,25.934853877,电力,2025-10-30,2024-09-30
600152,维科技术,0.001,1100413156.31,-6.4163128698,22.7024,527350.36,100.6764139663,159.4936,3.405274450425,0.03,0.013606212744,13.3292138838,电池,2025-10-30,2024-09-30
600148,长春一东,-0.025,510260643.97,-1.5317694673,-23.4296,-3606106.89,67.8601506266,-277.0757,3.285246345496,-0.77,0.055640877227,14.9147523661,汽车零部件,2025-10-30,2024-09-30
600131,国网信通,0.32,5366213877.48,36.2272324087,-35.9783,384255416.26,-13.0,-70.2455,5.309302856139,5.12,-0.0158899263,21.8806862218,IT服务Ⅱ,2025-10-30,2024-09-30
600119,*ST长投,-0.077,419490834.82,-33.9456651823,-20.9964,-27978797.97,-348.4728902143,-11.4525,0.488024057823,-14.55,0.196663931871,5.546572418,物流,2025-10-30,2024-09-30
600108,亚盛集团,0.0187,2210327438.64,-0.5132616372,-8.7067,36423342.11,-22.09,32.6365,2.178755190176,0.87,-0.049727376841,18.2608506022,种植业,2025-10-30,2024-09-30
600101,明星电力,0.4085,2134949987.36,6.0921727666,23.776,223811229.46,21.43,825.885,5.471559151822,7.65,0.768480609799,14.7313704767,电力,2025-10-30,2024-09-30
600100,同方股份,0.09,9337409803.74,-48.3639224769,-9.929,300806480.99,148.4000719062,-75.173,4.505438348893,1.96,-0.359013125721,27.3153373821,计算机设备,2025-10-30,2024-09-30
600095,湘财股份,0.051,1549176872.89,-16.52,-9.6254,145606274.47,-2.93,517.6618,4.143271210193,1.2239,2.325097240661,1.2222794977,证券Ⅱ,2025-10-30,2024-09-30
600088,中视传媒,0.278,421731016.75,-6.3846609103,11.3359,110638298.23,-64.1,547.877,3.451742194292,8.52,-0.46555333892,16.8954338358,影视院线,2025-10-30,2024-09-30
600080,ST金花,0.084,418931219.77,4.0034723375,32.8705,30770165.28,807.59,246.9514,4.071303944567,1.95,-0.002032477994,77.9834527132,中药Ⅱ,2025-10-30,2024-09-30
600079,ST人福,0.98,19143374654.64,5.696073263,-3.2618,1589694392.14,-10.12,-23.3877,10.947106776251,9.02,0.914486967124,46.7580474984,化学制药,2025-10-30,2024-09-30
600073,光明肉业,0.41,16384322775.8,-0.3822803499,-19.3104,381346343.59,19.8,-16.8995,5.506717498488,7.54,0.999875576876,10.6877074904,食品加工,2025-10-30,2024-09-30
600060,海信视像,1.011,40650231820.13,3.6304185841,19.0387,1310435365.82,-19.53,29.86,14.381946977222,6.93,2.26041046289,14.820559659,黑色家电,2025-10-30,2024-09-30
600057,厦门象屿,0.28,297698649026.93,-19.2429057566,-4.7465,889756906.37,-24.67,-70.1964,5.71744834484,4.21,0.226782241477,2.0200018636,物流,2025-10-30,2024-09-30
600038,中直股份,0.4756,17300237939.89,-3.1209916602,90.0677,357273916.97,-29.92,-64.289,19.603982516099,2.79,-13.969291601661,8.386444457,航空装备Ⅱ,2025-10-30,2024-09-30
600036,招商银行,4.41,252709000000.0,-2.9084175058,-7.8171,113184000000.0,-0.62,4.841,39.73358445678,11.535,11.389095955591,,银行Ⅱ,2025-10-30,2024-09-30
600035,楚天高速,0.41,2683844399.73,18.488176168,7.1113,662939825.23,-17.63,35.8117,5.309085553525,7.87,0.776450653331,43.3193317074,铁路公路,2025-10-30,2024-09-30
600028,中国石化,0.366,2366541000000.0,-4.1863348153,0.5401,44247000000.0,-16.5,-50.8598,6.730517666393,5.45,0.834354971241,15.1954688298,炼化及贸易,2025-10-30,2024-09-30
600023,浙能电力,0.5,66296631353.21,-4.6176973949,29.738,6695418129.02,12.37,31.3278,5.372891616374,9.57,0.734257440962,12.4710742868,电力,2025-10-30,2024-09-30
600021,上海电力,0.791,32565921071.98,3.4103724459,30.8194,2458603444.02,66.57,63.2232,7.093321955893,11.6233,2.665807825529,25.2509746885,电力,2025-10-30,2024-09-30
600017,日照港,0.21,6275758132.03,2.7941329083,2.3887,635282023.21,-6.95,-19.3509,4.473109315381,4.68,0.615182367253,25.3642353157,航运港口,2025-10-30,2024-09-30
600006,东风股份,-0.0573,7978602563.63,-12.966410923,-13.145,-114643537.63,-407.32,-140.9183,4.067396939885,-1.39,-1.156759083445,3.0254297675,商用车,2025-10-30,2024-09-30
430558,均信担保,0.04,83172041.55,-3.9104250394,-20.4242,28692900.28,-18.11,-45.1647,1.595584471748,2.53,0.00577487174,,,2025-10-30,2024-09-30
430555,英派瑞,0.21,457174101.09,,,50286594.43,,,,11.82,0.394612792717,26.2517699327,,2025-10-30,2024-09-30
420079,神州城B3,-0.0025,24000.0,-89.996290291,,-4250457.16,38.04,-35.8929,-4.860690329913,,-0.000191089406,19.244875,,2025-10-30,2024-09-30
400101,秋林3,-0.05,142486121.69,5.4697113637,40.7848,-33507653.07,2.5,29.0255,-3.947245551676,,0.016904138323,54.5265665796,,2025-10-30,2024-09-30
400093,千山3,-0.07,95396482.11,1.3102478212,-39.8062,-24242754.46,68.44,-94.4864,-13.209786836064,,0.01812549078,15.8339044333,,2025-10-30,2024-09-30
400084,乐视网3,-0.0435,118193213.3,-16.4968646654,-7.0773,-173480306.47,89.08,66.2429,-5.353490007831,,-0.010985831766,29.3506830142,,2025-10-30,2024-09-30
400082,华锐5,0.003,1495203055.7,24.4462713164,47.9335,18036751.22,15.88,-31.7883,0.290078701594,1.04,0.013550093084,20.2067159158,,2025-10-30,2024-09-30
400080,R华业1,-0.51,4223004.01,47.5970970758,-52.5291,-724816507.11,-13.1314503448,7.0395,-9.455737678255,,-0.002720244042,-34.2806664775,,2025-10-30,2024-09-30
400079,神州城A3,-0.0025,24000.0,-89.996290291,,-4250457.16,38.04,-35.8929,-4.860690329913,,-0.000191089406,19.244875,,2025-10-30,2024-09-30
301668,昊创瑞通,1.1113,673264845.48,,3.8424,91240143.27,,77.6149,,,,25.3541383686,电网设备,2025-10-30,2024-09-30
301638,南网数字,-0.02,2107444047.51,,,-43353063.73,,,,,,33.9563394874,IT服务Ⅱ,2025-10-30,2024-09-30
301629,矽电股份,2.07,363507729.75,2.6129557605,-61.1127,64755558.54,5.4087694847,-80.9454,,,,39.0336675392,半导体,2025-10-30,2024-09-30
301602,超研股份,0.25,261170540.28,10.746836909,21.8984,92321637.6,10.05,10.9887,2.24418226389,11.99,0.188388547076,71.356717538,医疗器械,2025-10-30,2024-09-30
301592,六九一二,0.2237,191972106.49,82.6061640425,2.8113,11745590.5,447.58,27.2173,7.909081251238,2.87,-1.348639139048,47.1438005212,军工电子Ⅱ,2025-10-30,2024-09-30
301585,蓝宇股份,1.05,357979324.66,27.8407836308,-5.9254,82098449.94,17.1187892692,-17.4857,8.585769403833,17.32,1.1962635775,38.4109982666,化学制品,2025-10-30,2024-09-30
301566,达利凯普,0.22,251056844.4,-8.0224096933,-3.7638,88206190.2,-11.05,5.2299,3.307143486613,6.84,0.142182658634,59.5987182614,元件,2025-10-30,2024-09-30
301565,中仑新材,0.3201,1811745210.23,6.917505497,0.6746,115239111.47,-29.41,-66.4887,5.877679254144,6.17,1.092641768231,13.1216010986,塑料,2025-10-30,2024-09-30
301555,惠柏新材,-0.06,930560914.95,-10.221951339,33.3988,-5375646.77,-111.67,-358.3683,11.372650184628,-0.5,-0.699294593066,9.6798523958,塑料,2025-10-30,2024-09-30
301526,国际复材,-0.04,5388853221.64,2.0122419822,-1.6596,-157277514.4,-137.53,-125.308,2.171596940697,-1.87,0.248410421646,14.7410850672,玻璃玻纤,2025-10-30,2024-09-30
301515,港通医疗,0.2,492343391.1,13.3966051253,-84.6462,20046304.69,-46.99,-1.5656,13.10392897,1.52,-0.1503240207,18.7815250538,医疗器械,2025-10-30,2024-09-30
301510,固高科技,0.07,295596641.34,10.316257104,-32.0097,29223676.23,0.22,-87.4754,3.3891930092,2.25,-0.004759152946,48.2037384674,自动化设备,2025-10-30,2024-09-30
301507,民生健康,0.24,519847972.13,6.9849517643,-24.8132,86178415.7,5.52,-51.5737,4.273074440801,5.73,0.283377199823,57.4701754372,化学制药,2025-10-30,2024-09-30
301499,维科精密,0.22,595018799.81,10.7683802706,-0.8249,30247507.21,-19.37,-16.8647,9.051963575372,2.42,0.313157941435,20.1819718685,汽车零部件,2025-10-30,2024-09-30
301489,思泉新材,0.52,424516409.63,31.6033023013,70.7926,41715110.02,11.07,44.2719,17.730472043694,4.13,-0.644193109334,25.392591517,电子化学品Ⅱ,2025-10-30,2024-09-30
301468,博盈特焊,0.5,372216574.91,-22.7363743197,-32.5088,66237286.53,-39.21,-74.9942,17.539764391894,2.82,1.180774337045,30.5492613883,通用设备,2025-10-30,2024-09-30
301396,宏景科技,-0.2007,223005486.7,-43.4139186487,-65.9049,-30815443.88,-828.27,-5380.5465,11.304167411888,-2.42,-3.530834655453,20.9153708055,IT服务Ⅱ,2025-10-30,2024-09-30
301392,汇成真空,0.77,431096584.28,10.9880973708,-36.3397,64488309.34,22.31,-88.9629,7.3390598369,13.07,-0.4358136102,32.0567960915,专用设备,2025-10-30,2024-09-30
301389,隆扬电子,0.19,208661498.99,5.3592134093,11.8851,52656144.73,-34.02,85.5177,7.713844606067,2.4,0.145787081905,45.8516592151,消费电子,2025-10-30,2024-09-30
301368,丰立智能,0.13,371101432.75,17.1631635688,-9.1655,15823399.7,-46.56,-4.3859,8.124293444713,1.63,0.175344678351,14.8978079821,通用设备,2025-10-30,2024-09-30
301355,南王科技,0.2,988741114.11,16.0101970289,40.8237,38145858.14,-32.25,351.903,7.869017890595,2.49,0.401238922179,15.4907935105,包装印刷,2025-10-30,2024-09-30
301338,凯格精机,0.41,577377439.7,31.5655900903,6.3865,44037861.53,5.39,-1.1057,13.526435105639,3.09,-1.123809682707,32.3835911457,专用设备,2025-10-30,2024-09-30
301337,亚华电子,-0.19,141116547.84,-40.6201444603,-14.6304,-19734955.94,-177.23,-58.1973,10.727949070537,-1.74,-0.583579554127,40.2248924232,软件开发,2025-10-30,2024-09-30
301336,趣睡科技,0.48,192712180.63,-1.8679132007,1.63,19063781.16,-1.38,-20.9484,20.0605373715,2.38,-0.142038351,25.5688929776,家居用品,2025-10-30,2024-09-30
301331,恩威医药,0.2183,560341100.4,-1.6747186113,-15.8702,22021962.58,-69.81,-57.021,9.932407384948,2.08,0.694558918333,50.9518596148,中药Ⅱ,2025-10-30,2024-09-30
301329,信音电子,0.29,605169235.77,1.8003227157,2.9343,48706609.8,-8.97,-41.8282,9.067080719448,3.01,0.499753938837,25.1211893061,消费电子,2025-10-30,2024-09-30
301326,捷邦科技,0.0105,593681706.81,13.78885515,39.0207,756468.01,104.63,1215.9053,18.021561546945,0.06,0.026683614334,25.6706132869,消费电子,2025-10-30,2024-09-30
301312,智立方,0.51,414711738.47,23.9559341431,10.9728,44389200.66,-19.07,-16.5883,13.452507215343,3.72,0.317816345779,24.9733516327,自动化设备,2025-10-30,2024-09-30
301311,昆船智能,-0.026,1287437895.36,-3.9089078043,-10.1162,-6244089.5,-114.62,161.366,7.63946087825,-0.34,-1.843441962917,15.6880625184,通用设备,2025-10-30,2024-09-30
301309,万得凯,1.16,740600044.37,53.2139604222,36.9992,115763549.04,57.47,37.2892,15.1958587576,7.82,0.3236267603,23.7757199245,通用设备,2025-10-30,2024-09-30
301308,江波龙,1.35,13268215136.35,101.6780935734,-7.7742,556944110.39,163.09,-117.5687,15.86808154272,8.78,-2.657404089956,21.5430674283,半导体,2025-10-30,2024-09-30
301300,远翔新材,0.5304,346854432.32,22.9454035434,-6.3837,33313100.45,16.24,7.0965,12.396319827704,4.1,0.343655284475,21.1144489693,橡胶,2025-10-30,2024-09-30
301298,东利机械,0.3682,475978604.9,11.5394631199,-6.5408,53373090.44,14.37,-28.01,6.140348721185,5.91,0.463652872343,29.1802199973,汽车零部件,2025-10-30,2024-09-30
301295,美硕科技,0.27,442725703.43,9.9014744061,-15.7853,26847187.51,-28.86,-41.9066,9.498091140476,2.79,-0.633168118849,19.0924521606,电网设备,2025-10-30,2024-09-30
301291,明阳电气,1.4,4090330297.96,23.5237126188,12.439,435670810.83,37.56,20.959,14.236869540775,9.94,-0.546872606694,22.5536280496,电网设备,2025-10-30,2024-09-30
301279,金道科技,0.33,471930161.07,-5.5701724067,-6.2005,32596664.17,-16.77,-18.0456,13.1209699001,2.47,0.165470515,17.4081332275,工程机械,2025-10-30,2024-09-30
301269,华大九天,0.1078,743538328.46,16.2526448906,30.1405,58545382.29,-65.84,-31.556,9.03313445222,1.21,-0.076316937473,91.8635040812,软件开发,2025-10-30,2024-09-30
301268,铭利达,-0.24,1885334916.09,-39.9789545271,41.5134,-96105561.09,-132.97,101.2622,5.585309924776,-3.91,-1.14731016641,13.355871385,通用设备,2025-10-30,2024-09-30
301262,海看股份,0.79,742592310.69,4.0248573556,3.9952,329170774.03,15.36,-4.8975,8.725501441631,9.24,0.611513230168,56.8895427381,广告营销,2025-10-30,2024-09-30
301260,格力博,0.0191,3979698933.71,14.7685168517,-27.1034,9296375.16,105.32,-1187.9004,8.915754391693,0.21,1.738423008358,25.4539264807,专用设备,2025-10-30,2024-09-30
301257,普蕊斯,1.09,593655432.66,9.1654691129,-5.0171,72264346.75,-28.39,-46.1212,14.347852631811,6.47,-0.325632727273,24.5231094438,医疗服务,2025-10-30,2024-09-30
301236,软通动力,0.08,22207753211.15,73.0734799632,36.8189,75944304.98,-78.44,86.9867,10.979822019801,0.72,-0.808279085583,12.2820845243,IT服务Ⅱ,2025-10-30,2024-09-30
301230,泓博医药,0.1099,391402290.83,6.5874026403,-6.9603,15243605.85,-66.81,-105.9541,7.483152184911,1.38,0.151211016845,23.7564516275,医疗服务,2025-10-30,2024-09-30
301225,恒勃股份,0.85,614016144.18,7.9187446004,2.37,86486806.93,9.85,0.1014,13.770931218031,6.08,0.910640513059,30.5323588454,汽车零部件,2025-10-30,2024-09-30
301220,亚香股份,0.4,575718809.09,21.3732406105,14.7166,45140081.26,-34.58,-44.2181,20.019794125,2.82,0.145521186386,27.8072750329,化学制品,2025-10-30,2024-09-30
301215,中汽股份,0.09,359365726.3,37.3926321503,-1.8432,121843241.75,-10.03,-27.0482,2.140206365812,4.17,0.070771290616,59.6964932657,汽车服务,2025-10-30,2024-09-30
301213,观想科技,0.0688,62333685.6,49.2300127383,9.5568,5507241.22,2.59,17.7564,9.975914290449,0.69,-0.563917699299,50.4532915346,军工电子Ⅱ,2025-10-30,2024-09-30
301212,联盛化学,0.13,428499956.45,-16.9837988618,-23.3024,13522801.72,-79.89,-134.5806,12.367651252222,1.01,-1.086463373241,10.2867513162,化学制品,2025-10-30,2024-09-30
301207,华兰疫苗,0.4463,957363018.62,-44.2832484379,70470.4977,267359727.86,-57.54,1918.136,10.139604574416,4.32,0.583408505601,81.0541992962,生物制品,2025-10-30,2024-09-30
301197,工大科雅,-0.06,126243215.19,-24.920131158,-36.464,-7018437.6,-156.16,55.935,10.862802723328,-0.53,-0.260079417206,42.1567791345,通用设备,2025-10-30,2024-09-30
301196,唯科科技,1.4289,1338843675.48,45.5550838687,7.9866,177462152.54,62.25,-16.0891,24.64995764351,5.69,1.355928673397,28.9355124915,塑料,2025-10-30,2024-09-30
301185,鸥玛软件,0.27,141270977.58,-0.6836506889,-47.6749,41852994.98,-13.04,-72.8888,6.801351544868,4.02,-0.082850004106,61.4799570781,IT服务Ⅱ,2025-10-30,2024-09-30
301177,迪阿股份,0.05,1111612211.62,-36.1888447304,-5.3953,20185783.59,-72.77,-476.4694,15.712065958301,0.31,0.575911147846,65.5661811341,饰品,2025-10-30,2024-09-30
301172,君逸数码,0.1754,236467966.98,-6.8626901047,-63.7852,30256779.43,-30.51,-29.2663,11.698780375731,2.08,-0.423785070049,29.0134294451,IT服务Ⅱ,2025-10-30,2024-09-30
301168,通灵股份,0.59,1214136418.29,5.3562551633,11.3841,70841462.72,-51.21,-73.1568,17.80694365725,3.35,0.192209064917,17.1439724173,光伏设备,2025-10-30,2024-09-30
301167,建研设计,0.0694,245650852.79,-25.8611587178,-28.6354,7773743.06,-78.4,-64.9539,8.280132938929,0.83,-0.037892110357,24.5687461511,工程咨询服务Ⅱ,2025-10-30,2024-09-30
301166,优宁维,0.16,827730115.22,-6.6000123037,-2.0119,14079134.06,-65.05,-110.2702,23.984458181893,-0.19,0.187303575811,18.5416086763,生物制品,2025-10-30,2024-09-30
301159,三维天地,-1.44,126758537.44,3.7718943408,31.7739,-111408721.27,-87.7,-10.076,9.533415799871,-13.99,-1.9131188234,19.0970314812,软件开发,2025-10-30,2024-09-30
301153,中科江南,0.02,493499903.54,-36.8284863091,-44.2526,6776225.48,-96.39,-156.2704,4.793470381487,0.39,-0.585096707762,56.7994733837,软件开发,2025-10-30,2024-09-30
301151,冠龙节能,0.1344,573224328.35,-13.617417917,-15.0012,22530314.58,-61.47,39.8026,12.004702434855,1.09,-3.001220903164,31.1059544478,通用设备,2025-10-30,2024-09-30
301139,*ST元道,0.38,1104844461.24,-3.869934378,-24.4097,46698685.72,-25.78,68.8521,15.986572172251,2.43,-1.728036928199,15.58221797,通信服务,2025-10-30,2024-09-30
301132,满坤科技,0.49,910937136.32,2.5300830814,-1.7849,71679643.98,-19.49,1.7346,11.788705763613,4.18,0.548552898352,19.1718094473,元件,2025-10-30,2024-09-30
301131,聚赛龙,0.55,1182509581.67,14.0495489492,1.5212,26279249.48,-21.03,17063.3531,17.061594201967,3.23,-0.243997898284,9.3811524024,塑料,2025-10-30,2024-09-30
301129,瑞纳智能,-0.29,98328002.8,-45.5962357601,-41.7301,-39145334.59,-587.2,-170.0753,11.816399853335,-2.39,-0.562839315028,53.9759617898,通用设备,2025-10-30,2024-09-30
301128,强瑞技术,1.0742,784985493.38,92.9633785353,-8.0257,79365822.36,96.54,-26.4322,11.553124750242,9.26,-0.05686233673,32.7551357265,专用设备,2025-10-30,2024-09-30
301127,武汉天源,0.32,1225756643.95,4.6852630339,-26.3186,187140447.52,7.65,-27.7348,4.353614388968,6.65,-0.454632723329,33.9765682132,环境治理,2025-10-30,2024-09-30
301125,腾亚精工,0.0396,463005642.87,32.909457439,12.8895,5597084.79,-78.76,444.1154,4.252192527021,0.95,0.008707883694,24.3260364673,通用设备,2025-10-30,2024-09-30
301111,粤万年青,0.0881,228744341.01,11.0172212205,-5.9217,14100379.8,-53.76,-129.8137,4.8367585625,1.8,-0.077132321313,59.7202570288,中药Ⅱ,2025-10-30,2024-09-30
301109,军信股份,0.7092,1755724154.42,27.7415588735,5.2422,407097925.47,0.97,-3.6011,12.65075190571,7.79,1.762400959489,42.95503273,环境治理,2025-10-30,2024-09-30
301103,何氏眼科,0.1045,864900603.72,-8.3967931883,-6.6071,16375500.3,-83.53,-56.5153,12.241110792508,0.8,0.872705334349,40.922820051,医疗服务,2025-10-30,2024-09-30
301099,雅创电子,0.77,2267982574.47,37.0806154401,55.3461,102554010.72,173.35,182.4519,10.530681885264,9.14,4.118478015004,18.0737007504,其他电子Ⅱ,2025-10-30,2024-09-30
301095,广立微,0.0389,287321539.26,12.2186885242,-9.6392,7709698.55,-84.89,-79.6596,15.3050924315,0.25,-0.2092399967,62.8136503392,软件开发,2025-10-30,2024-09-30
301088,戎美股份,0.2892,490917999.67,-5.9480311673,-12.5767,65929922.17,4.03,6.1351,11.120914804211,2.55,0.135806535439,40.9860709559,服装家纺,2025-10-30,2024-09-30
301087,可孚医疗,1.24,2248651846.83,5.8705845327,-8.1726,251916521.29,4.12,-20.077,22.684224401842,5.02,2.084610506045,51.3806286731,医疗器械,2025-10-30,2024-09-30
301082,久盛电气,0.09,1378968158.38,-7.0007025334,-2.7496,20226980.01,-63.28,-48.6196,4.774717354454,1.86,-0.231630794693,12.5512831778,电网设备,2025-10-30,2024-09-30
301071,力量钻石,0.6796,538553122.42,-4.08494511,11.0896,176880401.92,-32.73,-32.0281,20.406144551879,3.33,1.502010847231,34.5725320936,非金属材料Ⅱ,2025-10-30,2024-09-30
301068,大地海洋,0.6606,1039573512.74,51.4922018208,-1.3465,92872085.75,38.87,-47.4684,7.641826759131,9.76,0.033614295215,24.4899654993,环境治理,2025-10-30,2024-09-30
301066,万事利,0.15,490937879.78,-1.3217167382,-7.3537,27833559.36,14.64,-66.1186,3.538542157573,4.21,0.097494174783,45.0687229022,纺织制造,2025-10-30,2024-09-30
301062,上海艾录,0.1584,875236763.02,15.1294650144,0.488,63402744.71,22.77,-49.324,3.021999979441,5.24,0.532844962208,24.1221500867,包装印刷,2025-10-30,2024-09-30
301061,匠心家居,1.99,1849333507.64,27.1253982469,-0.8842,430822019.02,33.56,-11.4432,19.784792808954,13.49,2.598651594231,33.4370826579,家居用品,2025-10-30,2024-09-30
301058,中粮科工,0.23,1331954289.74,-6.0148784967,-18.3729,115440759.08,8.5,-31.5511,3.952620459516,5.69,-0.522714870762,26.7340970665,工程咨询服务Ⅱ,2025-10-30,2024-09-30
301057,汇隆新材,0.21,605442096.11,6.2683102113,-19.7392,24418972.99,-39.04,-46.6777,6.401225771302,3.2,-0.22049279167,13.9464734947,化学纤维,2025-10-30,2024-09-30
301055,张小泉,0.11,635883237.03,12.385150431,-4.9201,17201116.24,85.52,7.3989,4.017838833205,2.75,0.04023439859,36.6186403242,家居用品,2025-10-30,2024-09-30
301053,远信工业,0.43,402290355.06,5.7173896027,-11.5988,35357588.08,105.63,28.745,7.548590635026,5.86,-0.243081484848,26.0031633133,专用设备,2025-10-30,2024-09-30
301046,能辉科技,0.34,893063978.85,110.3947704389,-27.5606,51322420.47,58.18,-10.4919,5.453104178224,6.09,-1.137673939322,17.2061766121,专业工程,2025-10-30,2024-09-30
301045,天禄科技,0.18,496214059.96,10.1398842221,0.9647,19967113.2,39.79,-50.558,8.978668930696,2.03,-0.223096765726,19.2579952345,光学光电子,2025-10-30,2024-09-30
301043,绿岛风,1.19,446166890.29,6.1766935558,-1.5255,80695894.23,12.7,-2.7217,12.524912863088,9.55,0.859163493971,37.9196823951,通用设备,2025-10-30,2024-09-30
301038,深水规院,-0.0175,541408797.28,37.4053470045,-47.7661,-3908561.31,93.93,-184.2869,4.877195305828,-0.46,-0.170311314394,21.5314828307,工程咨询服务Ⅱ,2025-10-30,2024-09-30
301037,保立佳,-0.4964,1691999101.17,-5.6474073938,-9.8225,-69391597.57,-1395.25,-1450.9774,5.110616498464,-9.09,-1.28583359877,10.0003625807,化学制品,2025-10-30,2024-09-30
301027,华蓝集团,-0.16,307572597.11,-23.6485852757,19.9815,-23468009.19,-145.7,56.0416,6.362176466244,-2.47,-0.39418235623,35.2652357912,工程咨询服务Ⅱ,2025-10-30,2024-09-30
301021,英诺激光,0.0057,290236824.84,29.9385266238,-14.8968,861294.32,113.74,-5.9142,6.41514080649,0.09,-0.283610395943,46.230838955,自动化设备,2025-10-30,2024-09-30
301018,申菱环境,0.54,1976993096.45,6.19564802,-17.0121,142867454.34,-4.11,-46.4643,9.652333941349,5.66,0.206483837344,24.8713297124,通用设备,2025-10-30,2024-09-30
301015,百洋医药,1.22,6143923658.27,2.6543182932,31.8412,640996996.58,17.42,34.3435,4.205728570502,22.95,1.070033871391,35.7161974647,医药商业,2025-10-30,2024-09-30
301010,晶雪节能,0.1712,562294696.18,8.6300631162,-25.3824,18484856.2,-9.88,-69.1241,7.680389349259,2.21,-0.539537307407,17.402757249,装修建材,2025-10-30,2024-09-30
301008,宏昌科技,0.3944,707247068.35,16.2332934486,12.4581,43721494.27,-23.46,-8.8503,9.447548913712,3.78,0.2873020008,17.2913803199,家电零部件Ⅱ,2025-10-30,2024-09-30
301006,迈拓股份,0.3253,229996052.33,-18.5830190262,-19.0287,45130188.94,-49.17,-45.9197,8.734496219271,3.68,-0.094236511416,50.6124039916,通用设备,2025-10-30,2024-09-30
301001,凯淳股份,0.06,297054795.51,-33.9317616403,-13.8511,4677032.95,161.72,-35.1674,10.142129633625,0.57,0.779901189625,28.6918727784,互联网电商,2025-10-30,2024-09-30
301000,肇民科技,0.43,527497924.03,22.5768536159,2.555,105000468.43,50.49,-34.6629,4.661667098104,9.0,0.122536503159,34.4340125971,汽车零部件,2025-10-30,2024-09-30
300998,宁波方正,-0.0984,632911598.42,-4.000498903,30.0236,-16687915.61,-709.92,111.8178,9.289572227605,-1.04,0.250380203855,14.368090469,汽车零部件,2025-10-30,2024-09-30
300993,玉马科技,0.42,550691250.88,15.3785746018,-6.2669,128065757.36,7.01,-15.8581,4.467746315888,9.11,0.488626009343,40.6126748614,家居用品,2025-10-30,2024-09-30
300985,致远新能,0.2539,968030643.71,-15.2669458263,-57.7369,47358539.48,285.0,-141.7157,6.497655042976,3.9,-1.745918959203,23.5861643062,通用设备,2025-10-30,2024-09-30
300984,金沃股份,0.28,841219740.08,14.277207119,-9.3194,21359872.65,-34.44,16.3255,8.619758061873,3.05,0.249918354243,13.2755724657,通用设备,2025-10-30,2024-09-30
300982,苏文电能,0.26,1237856911.95,-33.866206495,-29.7984,53978706.83,-73.43,-196.1631,14.861852942234,1.73,0.577758972518,16.8365135064,基础建设,2025-10-30,2024-09-30
300979,华利集团,2.44,17511327847.28,22.3860205378,-9.9545,2843249603.2,24.32,-11.5464,14.024009919092,17.98,3.643034192879,27.8087734613,纺织制造,2025-10-30,2024-09-30
300978,东箭科技,0.32,1616239958.0,12.1260841034,1.9688,135267201.86,7.54,-7.6439,3.944944088924,8.22,0.477057180176,28.4664450933,汽车零部件,2025-10-30,2024-09-30
300977,深圳瑞捷,0.11,337102063.45,-3.2938384164,-2.7047,16454955.63,-61.39,-21.0031,9.19810732277,1.16,-0.333616123534,37.3854106973,工程咨询服务Ⅱ,2025-10-30,2024-09-30
300969,恒帅股份,1.46,704095005.24,6.3014693895,9.0148,163522309.01,8.96,-5.8289,15.403923112875,14.01,1.810665127375,35.6282861863,汽车零部件,2025-10-30,2024-09-30
300968,格林精密,0.11,938453430.54,11.2011050833,31.2923,47200512.29,12.1,32.5631,4.557851142895,2.52,0.076876173255,19.8578772505,消费电子,2025-10-30,2024-09-30
300961,深水海纳,-0.0107,311213978.0,-7.9376644616,-0.4567,-1905373.36,92.66,-367.404,5.669139412398,-0.19,-0.071011980426,39.8659610912,环境治理,2025-10-30,2024-09-30
300959,线上线下,0.15,883615230.8,-30.481283006,89.6827,12545373.92,-56.76,70.3626,14.444955655872,1.06,0.522219531703,6.1982804099,通信服务,2025-10-30,2024-09-30
300945,曼卡龙,0.29,1673466674.32,37.3726594949,-38.5814,77080473.96,12.54,-17.0502,6.089890790885,4.9,0.229913944411,14.1293444524,饰品,2025-10-30,2024-09-30
300940,南极光,-0.0069,238337192.0,-37.6233330689,90.7982,-1545100.33,98.47,133.6527,4.748535648905,-0.15,-0.137140143116,10.3364290874,光学光电子,2025-10-30,2024-09-30
300921,南凌科技,0.03,446218780.42,3.9800698995,-0.3482,5751591.45,-63.03,-108.0344,6.15992074131,0.7,0.04212571906,29.8138963839,通信服务,2025-10-30,2024-09-30
300919,中伟新材,1.41,30162945444.76,15.1669456922,-6.6444,1323623216.05,-4.54,-5.236,21.336373254165,6.57,3.060604937458,12.5478193453,电池,2025-10-30,2024-09-30
300913,兆龙互连,0.29,1340109482.2,17.1081123741,1.7444,89850743.7,28.05,-28.0413,4.441790474194,7.98,0.2571114398,15.9089118271,通信设备,2025-10-30,2024-09-30
300911,亿田智能,-0.0619,448797063.74,-52.4465562111,-50.8858,-11035907.17,-106.3,-318.9316,9.382521072649,-0.76,-0.044087537109,38.9200079975,厨卫电器,2025-10-30,2024-09-30
300906,日月明,0.5459,90768839.88,6.524736981,-16.3575,43674892.52,28.38,2.5308,10.9067647235,4.98,0.3101578655,60.366637287,通用设备,2025-10-30,2024-09-30
300903,科翔股份,-0.4227,2476610211.42,13.2163365068,0.1578,-174953160.43,-188.15,-160.3201,4.886084120972,-8.31,-0.291147562988,3.9743656255,元件,2025-10-30,2024-09-30
300895,铜牛信息,-0.4558,169785872.59,-20.2563368967,-21.4485,-64170545.31,-1569.48,3.1899,6.419385886814,-6.77,-0.066981648033,-1.1745815418,IT服务Ⅱ,2025-10-30,2024-09-30
300879,大叶股份,0.13,1382870866.69,70.9765277086,-38.4519,21215739.64,191.65,-525.1403,5.304557510924,2.57,2.534218077554,19.855209253,专用设备,2025-10-30,2024-09-30
300878,维康药业,0.3046,370849453.15,-14.1555601595,-23.8824,44097475.42,-36.41,394.841,9.312756078407,3.25,-0.243307885454,47.3894523282,中药Ⅱ,2025-10-30,2024-09-30
300872,天阳科技,0.21,1402490787.47,-2.0109232422,7.4873,85269763.72,38.63,-4491.221,6.166919417433,3.26,-0.477533352316,25.5389222232,IT服务Ⅱ,2025-10-30,2024-09-30
300870,欧陆通,1.55,2663683959.04,28.948832258,17.8277,156614756.02,264.94,27.3695,19.270352639723,8.14,2.379509359783,21.277177103,其他电源设备Ⅱ,2025-10-30,2024-09-30
300869,康泰医学,0.0246,333885288.03,-45.905603028,8.4188,9902927.86,-94.92,-54.5027,4.738228623365,0.5,0.087587762692,49.9030602825,医疗器械,2025-10-30,2024-09-30
300868,杰美特,0.0805,557529646.75,19.3616705596,-42.2777,10084679.96,144.84,-188.916,11.961726056328,0.66,0.77414354625,22.4819059956,消费电子,2025-10-30,2024-09-30
300866,安克创新,2.78,16448654845.5,39.5554449957,29.0238,1471561642.43,21.29,6.769,15.575684977397,17.8,3.107201320076,44.2755552139,消费电子,2025-10-30,2024-09-30
300857,协创数据,2.2787,5394584562.27,67.1060465817,-0.1453,557029082.53,184.46,1.8995,12.398860269501,20.23,0.478816242983,17.8491435888,消费电子,2025-10-30,2024-09-30
300854,中兰环保,0.14,412736200.66,-21.0542893942,-50.0865,13549229.11,43.73,-94.348,9.834875951864,1.37,-0.810087074791,23.702227724,环境治理,2025-10-30,2024-09-30
300853,申昊科技,-0.81,74295930.94,-75.6616734092,31.5652,-118545693.03,-2075.4,-36.044,5.848935010582,-10.78,-0.001730415399,-3.6316695893,电网设备,2025-10-30,2024-09-30
300844,山水比德,0.23,286982201.72,34.4958249853,11.5077,20685182.15,158.17,33.4501,11.765597601949,2.76,-0.375535063119,51.6787437901,工程咨询服务Ⅱ,2025-10-30,2024-09-30
300837,浙矿股份,0.9042,520623033.85,-0.8588416362,-25.8354,90417614.46,-29.91,-53.9735,13.631768089565,6.27,-0.282689870495,34.0655520345,专用设备,2025-10-30,2024-09-30
300834,星辉环材,0.37,1267094453.68,9.5788213215,-5.0784,71029095.53,32.54,-25.4233,15.158327027239,2.4,0.039975743106,4.2740192543,塑料,2025-10-30,2024-09-30
300819,聚杰微纤,0.39,482478245.61,-13.8767603065,-33.2888,57873797.37,-22.1,-52.0865,5.832451426025,6.68,0.430555567307,27.943890185,纺织制造,2025-10-30,2024-09-30
300815,玉禾田,1.2439,5223851286.98,16.7013850843,6.8334,495794129.89,7.9,-5.603,10.116606244029,12.89,1.005981844944,24.4867657661,环境治理,2025-10-30,2024-09-30
300805,电声股份,0.01,1648381177.01,-0.3781469938,-2.2327,6108700.33,-80.29,-182.2298,3.574611057297,0.4,0.228970212887,10.2824359604,广告营销,2025-10-30,2024-09-30
300793,佳禾智能,0.22,1932312096.54,6.9005597763,18.6033,72112759.09,-53.51,21.4599,7.244446668861,2.94,0.498188529879,16.0334253004,消费电子,2025-10-30,2024-09-30
300789,唐源电气,0.3797,451791896.52,28.4811734377,-38.718,54251085.88,13.81,-80.0657,7.088130945464,5.41,-0.191972763012,35.4962577008,计算机设备,2025-10-30,2024-09-30
300788,中信出版,0.68,1205939812.62,-6.200232504,-0.5159,130133251.31,3.05,-32.2917,11.448982052549,6.05,0.11894752503,39.194455979,出版,2025-10-30,2024-09-30
300786,国林科技,-0.19,345325198.06,31.3515093955,18.619,-35333346.96,-671.86,47.7949,6.376075015026,-2.94,-0.185765538147,19.8952940637,环保设备Ⅱ,2025-10-30,2024-09-30
300782,卓胜微,0.7965,3367437377.09,9.5527323226,-1.1273,425418842.58,-48.05,-54.6272,19.100485805317,4.25,-0.685220995398,40.5170554387,半导体,2025-10-30,2024-09-30
300780,德恩精工,-0.253,395217242.76,6.7305017042,-11.007,-37114183.72,-304.25,-96.6169,7.830813783119,-3.18,0.273373590782,14.3566154411,通用设备,2025-10-30,2024-09-30
300776,帝尔激光,1.41,1440203195.39,25.0465808846,17.4808,383454765.27,12.95,45.8855,11.616844253745,12.02,-0.309629571818,46.9824276696,光伏设备,2025-10-30,2024-09-30
300772,运达股份,0.3823,13928638308.1,24.0092833848,8.7164,266804855.97,6.25,55.3222,7.804086560112,4.96,-1.034845310378,10.2043526663,风电设备,2025-10-30,2024-09-30
300769,德方纳米,-2.93,6530387334.82,-54.3544412773,-10.5843,-821651866.53,17.52,7.6404,21.698155949167,-12.44,-0.845383201417,-3.0752126925,电池,2025-10-30,2024-09-30
300766,每日互动,0.0162,333316060.62,7.5467795741,-0.4898,6345903.91,1125.09,-72.2967,4.119780128684,0.39,-0.212229013679,76.011527467,软件开发,2025-10-30,2024-09-30
300762,上海瀚讯,-0.1454,176360265.61,-18.3801885789,83.8674,-91295274.82,-45.37,6.5752,3.829834032563,-3.73,-0.359586786236,60.9846179058,军工电子Ⅱ,2025-10-30,2024-09-30
300760,迈瑞医疗,8.7808,29484805493.0,7.9879272908,-19.7492,10637075305.0,8.16,-30.0966,30.594385223538,28.68,9.132714414731,64.868266618,医疗器械,2025-10-30,2024-09-30
300756,金马游乐,0.1,460053505.84,-31.3240757571,-31.9506,16246748.37,-82.97,-80.4076,8.813515388338,1.16,1.198850391581,30.8906013227,专用设备,2025-10-30,2024-09-30
300755,华致酒行,0.41,7831897694.45,-5.0988064889,4.338,167734597.87,-27.36,-49.9323,8.66414187161,4.5,-0.942570333403,10.0180722793,专业连锁Ⅱ,2025-10-30,2024-09-30
300752,隆利科技,0.34,941132648.68,31.8483945594,-0.8858,77089741.78,7191.87,-9.7718,5.102576001942,6.91,1.382074800744,20.5709400201,光学光电子,2025-10-30,2024-09-30
300740,水羊股份,0.2425,3044847507.51,-9.8436822633,-40.3633,94356273.68,-47.6,-117.3906,5.133450646375,4.49,-0.216543517218,63.0891227423,化妆品,2025-10-30,2024-09-30
300739,明阳电路,0.11,1189258740.31,-3.7695014985,1.5463,34001847.45,-57.59,-88.0045,6.263893538566,1.76,0.39156166516,21.7971937042,元件,2025-10-30,2024-09-30
300725,药石科技,0.6626,1127892555.29,-12.6654380359,4.2513,131790818.6,-14.45,-32.7334,13.891305569155,4.58,0.945971664579,39.7225828479,医疗服务,2025-10-30,2024-09-30
300723,一品红,-0.5458,1239822567.52,-32.9757033054,12.996,-246538981.96,-187.44,-442.0479,4.829062926547,-10.49,-0.471461835565,66.5308677717,化学制药,2025-10-30,2024-09-30
300720,海川智能,0.1885,174253192.23,13.8041696808,9.9526,36736138.34,30.58,18.7606,2.960967862509,6.19,0.173836106457,51.2748686532,通用设备,2025-10-30,2024-09-30
300719,安达维尔,0.0207,365513595.46,-11.8005447436,-14.5126,5288939.83,-72.34,-201.8085,4.098037710969,0.49,-0.646979660651,43.5906574609,航空装备Ⅱ,2025-10-30,2024-09-30
300712,永福股份,0.1801,1443929303.89,18.3590719294,-20.3341,33593720.75,10.52,-72.8222,6.912118576647,2.49,-3.101944205059,19.5588526439,专业工程,2025-10-30,2024-09-30
300709,精研科技,0.54,1575536233.56,-3.0810621516,-6.4341,99606380.39,-14.57,-53.2029,11.508939170728,4.72,1.230178090075,30.3513808254,消费电子,2025-10-30,2024-09-30
300706,阿石创,0.06,929293960.95,33.0754617048,9.0883,9897978.39,-28.33,-39.6502,4.960209904713,1.3,0.30305643508,8.5130249355,半导体,2025-10-30,2024-09-30
300705,九典制药,0.93,2145889147.01,13.3632001328,0.5682,449734781.87,45.08,4.5079,4.719478805342,20.46,1.229464254426,73.7603705287,化学制药,2025-10-30,2024-09-30
300702,天宇股份,0.24,1932209385.98,3.6059952467,15.7743,85114143.58,23.72,151.214,10.158469408017,2.43,0.953981871379,35.4730388613,化学制药,2025-10-30,2024-09-30
300695,兆丰股份,0.9,485427716.16,-14.6932396245,-7.491,91635354.52,-28.75,-36.9327,35.881687938475,3.58,1.859600631029,29.079261093,汽车零部件,2025-10-30,2024-09-30
300684,中石科技,0.4432,1096010027.07,14.7961129798,31.1183,132064244.79,143.03,112.1958,6.498038189195,6.85,0.208312219988,30.7627684166,电子化学品Ⅱ,2025-10-30,2024-09-30
300678,中科信息,0.0209,218236369.58,11.2925844368,3.5517,6188743.5,-72.1,146.1726,2.886346871851,0.72,-0.346888210245,27.6102267766,IT服务Ⅱ,2025-10-30,2024-09-30
300675,建科院,-0.2373,250476733.24,-5.5299814496,1.799,-34797101.78,20.19,10.8772,3.876056231919,-5.88,-0.482340175309,29.7036662997,工程咨询服务Ⅱ,2025-10-30,2024-09-30
300674,宇信科技,0.38,2350798648.97,-23.0482282162,-3.1793,262169374.45,64.36,-24.2177,5.849252183538,6.37,-0.231581797234,32.6673751883,IT服务Ⅱ,2025-10-30,2024-09-30
300670,大烨智能,0.0037,281214813.76,-20.9742494809,-63.4334,1179922.75,103.85,-314.4272,2.001513567667,0.18,0.039341877336,13.6265234422,电网设备,2025-10-30,2024-09-30
300665,飞鹿股份,-0.3496,314326388.14,-38.9383102688,68.1171,-66241586.82,-332.95,45.7716,2.412438980724,-12.67,-0.158924580997,12.4886528339,化学制品,2025-10-30,2024-09-30
300663,科蓝软件,-0.015,727022101.96,0.0487046439,-12.4757,-6807629.38,23.11,-257.6425,2.198684341062,-0.61,-0.388045552291,31.1222067018,软件开发,2025-10-30,2024-09-30
300662,科锐国际,0.6872,8516047439.44,18.7660256368,2.5121,135253384.05,-10.96,8.2074,9.772597088491,7.28,0.173794395434,6.7521422816,专业服务,2025-10-30,2024-09-30
300660,江苏雷利,0.5414,2475691745.8,10.2033158874,-5.269,240880658.09,-4.42,-29.9768,10.586974124401,7.15,1.121398495323,28.7622886403,电机Ⅱ,2025-10-30,2024-09-30
300659,中孚信息,-0.76,437472064.04,-7.7833338657,-0.485,-188604737.5,29.14,-3.5796,4.94054505474,-15.5,-0.863197177492,61.8036507276,计算机设备,2025-10-30,2024-09-30
300657,弘信电子,0.112,4448844593.21,81.0986812743,3.1428,54700515.33,122.62,-73.6455,2.717673013166,4.21,0.123737203417,10.3290756418,元件,2025-10-30,2024-09-30
300648,星云股份,-0.3203,801415694.84,16.4293768805,-35.5822,-47329582.48,41.96,47.6051,5.525859012609,-5.66,0.557827456383,34.5994704365,电池,2025-10-30,2024-09-30
300647,超频三,-0.1,540974183.14,-22.8629165107,-16.4165,-46820669.88,15.36,-36.7645,2.055247653648,-4.83,-0.178620465653,16.1823841041,消费电子,2025-10-30,2024-09-30
300645,正元智慧,0.07,750379997.37,1.0521620708,8.1674,10037914.05,-67.21,876.4373,7.225981079099,0.92,-1.268222846385,44.098334865,计算机设备,2025-10-30,2024-09-30
300638,广和通,0.8543,6216604579.49,5.1195389201,9.7438,651930880.15,43.22,118.6882,4.599983308717,19.69,0.256961982318,20.712207548,通信设备,2025-10-30,2024-09-30
300637,扬帆新材,-0.1154,495914029.76,-5.731625373,-5.6758,-27095667.71,-293.04,24.9449,2.891476908447,-3.99,0.088436575775,13.7656045329,化学制品,2025-10-30,2024-09-30
300626,华瑞股份,0.0923,549530009.47,12.4809931227,11.3404,16611937.23,69.22,12.8082,2.9739997295,3.0,0.108162622722,18.2286490153,电机Ⅱ,2025-10-30,2024-09-30
300622,博士眼镜,0.37,915266819.34,1.0871180587,3.0482,83484416.41,-14.46,13.7136,4.489533423785,10.46,1.286415850915,58.5500004126,专业连锁Ⅱ,2025-10-30,2024-09-30
300614,百川畅银,-0.46,342684927.59,-5.4955450292,-14.0555,-74338190.96,-1396.37,7.1309,8.347564297486,-4.68,0.170054125457,16.9978232599,环境治理,2025-10-30,2024-09-30
300613,富瀚微,0.81,1302214976.42,-3.491490067,13.3674,185671030.12,3.27,16.7146,11.077585437204,7.05,1.122636700062,37.8585107449,半导体,2025-10-30,2024-09-30
300605,恒锋信息,-0.1497,190641350.78,-52.9953927481,100.4354,-24620081.26,-245.74,74.7628,3.207684574587,-4.32,-0.637057198534,28.2066436321,软件开发,2025-10-30,2024-09-30
300604,长川科技,0.5728,2535398795.77,109.7165303508,3.9804,357398821.04,26858.78,-32.3933,5.259676824088,11.54,0.676445961735,56.0567434094,半导体,2025-10-30,2024-09-30
300597,吉大通信,0.0308,359394837.41,0.2855933804,-10.242,8393376.4,-31.53,-71.9555,3.734993098324,0.78,-0.489097430337,21.1672727572,通信服务,2025-10-30,2024-09-30
300593,新雷能,-0.25,682024221.17,-37.633670531,-33.0733,-137618613.14,-187.07,-136.01,5.173814498507,-4.73,0.01259886645,42.1010037176,其他电源设备Ⅱ,2025-10-30,2024-09-30
300587,天铁科技,0.02,1776804733.18,44.0879275172,81.2597,24163198.23,155.58,-191.2796,2.195032219785,0.98,0.11662153953,19.4281042702,橡胶,2025-10-30,2024-09-30
300582,英飞特,0.16,2012048688.12,6.5866070653,-3.2274,46567634.47,157.64,-64.7768,5.092022529621,3.11,0.915300991951,31.0696081741,光学光电子,2025-10-30,2024-09-30
300581,晨曦航空,-0.0452,71370988.07,-26.4600717184,156.7648,-24844750.42,2.96,39.1782,1.80734304478,-3.24,-0.103961484646,39.5660327307,航空装备Ⅱ,2025-10-30,2024-09-30
300571,平治信息,0.04,1339730264.91,-12.0386627279,154.9735,5959254.55,-72.44,815.8096,11.358997665018,0.38,1.029901385879,8.9475741961,通信服务,2025-10-30,2024-09-30
300566,激智科技,0.64,1639081799.07,-0.2368828489,-10.4255,169361100.91,91.44,-40.5949,7.404309354139,8.95,0.701729490632,24.230225997,光学光电子,2025-10-30,2024-09-30
300564,筑博设计,0.0031,320608416.17,-31.1390456023,7.5337,1220533.03,-97.5,36.0637,7.865313251336,0.09,-0.279856400476,24.3268029335,工程咨询服务Ⅱ,2025-10-30,2024-09-30
300560,中富通,0.0573,1115618732.83,-8.6205942968,-26.9726,13175672.63,-37.9,999.1352,4.738694481843,1.22,-0.054772855152,16.0790598671,通信服务,2025-10-30,2024-09-30
300554,三超新材,-0.4085,278088156.23,-22.6969688222,-37.4352,-46657479.47,-288.14,-14.8605,6.568604089058,-5.94,-0.087564981,19.8075324806,通用设备,2025-10-30,2024-09-30
300552,万集科技,-1.1138,624713433.78,15.3773301335,12.9001,-237385243.86,-20.47,-24.5544,9.721221221365,-10.85,-1.051480633333,26.1599908971,计算机设备,2025-10-30,2024-09-30
300551,古鳌科技,-0.55,217079111.55,-49.859765752,-5.1812,-189671499.56,-289.21,12.0479,2.15642723708,-22.63,0.020798200504,58.6491695912,计算机设备,2025-10-30,2024-09-30
300548,长芯博创,0.13,1233404625.76,-4.2337648153,9.5823,37499754.2,-73.37,72.5783,5.856436841931,2.25,0.754399425865,24.0501688866,通信设备,2025-10-30,2024-09-30
300542,新晨科技,-0.06,672752173.49,-20.7936633884,9.4753,-17736894.95,8.6,-209.3154,2.102519866273,-2.77,-1.137970718231,16.7783117287,软件开发,2025-10-30,2024-09-30
300541,先进数通,0.08,1517215030.33,-3.3481379434,-27.0277,32741684.58,-68.01,127.6692,3.804830407176,1.99,0.110622138069,16.8810200262,IT服务Ⅱ,2025-10-30,2024-09-30
300529,健帆生物,0.99,2195690243.92,47.7602095346,-6.8179,791634115.46,86.86,-10.6863,3.969748843056,23.44,1.091408775831,81.3118688145,医疗器械,2025-10-30,2024-09-30
300528,幸福蓝海,-0.1881,541925032.04,-33.4328009317,24.0679,-70090392.69,-281.78,-4.267,1.75776548786,-10.16,0.22091213651,9.7704922636,影视院线,2025-10-30,2024-09-30
300525,博思软件,0.0468,1243713095.97,12.9307324229,15.0372,34888303.47,93.01,291.0746,2.999115952196,1.42,-0.442847980281,63.7931180737,软件开发,2025-10-30,2024-09-30
300523,辰安科技,-0.64,951032282.19,-27.5262961608,67.8043,-149586425.37,-1449.06,45.779,5.876633545686,-10.37,-0.810321437497,32.209414315,IT服务Ⅱ,2025-10-30,2024-09-30
300522,世名科技,0.1115,525803851.0,0.7177932058,-6.4036,35963913.06,3.21,-21.657,2.540538102184,4.45,0.153226214694,26.3533308355,化学制品,2025-10-30,2024-09-30
300521,爱司凯,-0.0667,122259336.47,15.3311360477,-9.8452,-9605712.75,-339.58,-22.5589,3.385223337014,-1.95,-0.174972957986,39.1581456617,专用设备,2025-10-30,2024-09-30
300512,中亚股份,0.0925,763617790.59,6.0655113475,12.6215,37651057.66,-37.52,-63.6788,3.962011634432,2.31,-0.062469522959,26.8802898413,专用设备,2025-10-30,2024-09-30
300510,金冠股份,-0.0201,830507670.56,8.5443791847,-2.8644,-16649328.69,-142.2,110.4257,3.176739168721,-0.63,0.332230949785,22.1979481942,电网设备,2025-10-30,2024-09-30
300503,昊志机电,0.26,967983827.43,37.8066361736,-1.3978,80834159.52,369.91,-35.762,3.875384542946,7.09,0.127717910256,35.1925805067,通用设备,2025-10-30,2024-09-30
300502,新易盛,1.66,5130435808.52,145.8226600561,48.7943,1646072871.21,283.2,44.4559,9.993804909042,14.36,0.401473005862,42.3353191636,通信设备,2025-10-30,2024-09-30
300501,海顺新材,0.42,826447909.29,9.0275753979,-5.196,79722275.9,5.14,-37.2493,8.597432200508,4.35,0.679387612206,29.6925103774,包装印刷,2025-10-30,2024-09-30
300494,盛天网络,0.005,852414083.24,-21.2677129787,9.3707,2445693.71,-98.63,84.0641,3.473774454656,0.14,-0.305982748497,15.1082238799,游戏Ⅱ,2025-10-30,2024-09-30
300492,华图山鼎,0.92,2130875618.85,4702.2129001004,-22.9123,129429837.86,3594.67,-84.0316,2.593556970433,47.18,6.354179640217,57.9039271258,教育,2025-10-30,2024-09-30
300491,通合科技,0.12,736676628.4,22.5240170981,-1.3181,20897761.62,-68.54,-94.3558,6.470288142828,1.86,-0.008854863186,27.8266328124,其他电源设备Ⅱ,2025-10-30,2024-09-30
300480,光力科技,-0.1537,380949208.24,-21.1766960966,52.819,-54155567.65,-172.6,113.0944,3.798553232494,-3.84,-0.126586819915,57.2970281546,专用设备,2025-10-30,2024-09-30
300479,神思电子,-0.5716,108027016.97,-51.3229348378,-22.3017,-112638059.37,-102.78,3.5601,2.15617487205,-23.48,-1.272638180308,22.1234650464,计算机设备,2025-10-30,2024-09-30
300478,杭州高新,-0.1273,247468317.53,-9.5214089019,12.1837,-16127485.59,-138.43,-58.5777,0.601101741097,-19.15,0.012796207637,3.3619140474,塑料,2025-10-30,2024-09-30
300473,德尔股份,0.1604,3382618760.66,4.8819916812,-10.8155,24145707.09,120.45,-52.2052,10.298721584185,1.55,2.46740084116,20.5188885299,汽车零部件,2025-10-30,2024-09-30
300472,*ST新元,-0.21,275280746.33,34.9480032718,1883.0462,-58232529.66,35.33,15.5386,2.054394571751,-9.92,-0.449365437132,15.6082082066,专用设备,2025-10-30,2024-09-30
300470,中密控股,1.3246,1142873888.05,15.5569284841,8.1255,270930956.08,9.15,7.6727,12.251556551531,10.32,0.757959887857,47.608488982,通用设备,2025-10-30,2024-09-30
300467,迅游科技,0.11,228323775.68,-20.6947257855,-3.7456,22062478.65,-26.41,-24.526,3.055249280287,3.61,-0.036616763867,59.8065352648,游戏Ⅱ,2025-10-30,2024-09-30
300462,ST华铭,-0.2908,412239907.64,-7.7093526141,17.1749,-52698911.1,-292.63,-20.7904,7.637232988425,-3.68,-0.328173214713,25.1589370771,计算机设备,2025-10-30,2024-09-30
300453,三鑫医疗,0.3232,1082325012.3,16.3839126433,11.4212,167914693.97,18.74,17.1726,2.402714062908,13.27,0.62277453448,35.0310227641,医疗器械,2025-10-30,2024-09-30
300450,先导智能,0.39,9111658095.04,-30.8994008208,37.6064,608479284.39,-73.81,241.7831,7.631891918418,5.12,-1.65326548584,36.4234838156,电池,2025-10-30,2024-09-30
300442,润泽科技,0.88,3457003679.89,28.948666812,9.695,1513743522.45,35.13,11.156,5.46291608562,16.59,0.669212042996,56.9842867787,通信服务,2025-10-30,2024-09-30
300438,鹏辉能源,0.1202,5647856143.46,-1.5957656226,-13.8389,60502693.44,-77.97,-25.663,10.732564222303,1.07,-0.954812423591,14.0639306483,电池,2025-10-30,2024-09-30
300436,广生堂,-0.4435,326316366.25,16.6699664901,10.1972,-70639938.31,63.93,-61.7297,2.799344761627,-14.68,-0.109478133135,61.1215486591,化学制药,2025-10-30,2024-09-30
300430,*ST益通,0.3608,795475666.5,-14.3216774548,-59.6896,98057162.61,-23.2,-72.5503,8.160343332889,4.44,-0.254238247496,40.5368185804,医疗器械,2025-10-30,2024-09-30
300429,强力新材,-0.0497,698301137.48,16.9663299539,-6.7315,-25620547.67,-24.27,-129.6029,3.091388871358,-1.4,0.070971195453,21.199294391,电子化学品Ⅱ,2025-10-30,2024-09-30
300424,航新科技,0.0793,1377320162.65,0.2671308107,-12.8571,19013577.4,162.59,41.6727,3.128828206066,2.41,0.109942102275,25.1070800296,航空装备Ⅱ,2025-10-30,2024-09-30
300418,昆仑万维,-0.51,3828401326.3,3.9988824457,2.4975,-626532067.52,-290.81,-17.6845,12.075690426809,-4.18,0.259274087154,76.9026864144,数字媒体,2025-10-30,2024-09-30
300408,三环集团,0.84,5380779711.85,31.0528220757,4.8065,1603287677.19,40.38,-2.502,10.072438355659,8.5,0.7860637322,42.7682014897,元件,2025-10-30,2024-09-30
300398,飞凯材料,0.39,2170845563.65,8.5950120539,2.9328,205805229.85,-2.07,42.011,7.237895432667,5.26,0.8402413261,35.7616831883,电子化学品Ⅱ,2025-10-30,2024-09-30
300397,天和防务,-0.12,276022492.34,5.4191563474,-3.2484,-63770193.06,19.27,-4.3162,3.048156726625,-3.97,-0.199229504138,28.6895236358,军工电子Ⅱ,2025-10-30,2024-09-30
300394,天孚通信,1.2601,2394707401.46,98.5479023441,1.7558,976446154.92,122.39,-14.1392,6.986849254493,27.39,1.613161141514,58.2140109735,通信设备,2025-10-30,2024-09-30
300382,斯莱克,-0.02,1080668073.11,-4.5208210268,26.8511,-15340352.59,-114.62,-1098.8754,3.371251477158,-0.68,-0.120849069733,15.2668934694,专用设备,2025-10-30,2024-09-30
300380,安硕信息,0.0362,545753252.38,5.1725485465,9.7823,5017316.63,114.75,-50.0921,2.68009620118,1.36,-1.58780137259,27.9895069803,软件开发,2025-10-30,2024-09-30
300378,鼎捷数智,0.19,1573058137.28,11.2137323435,-4.8376,49889369.07,2.15,-85.714,7.671484481775,2.4,-0.733254868119,56.989167443,软件开发,2025-10-30,2024-09-30
300369,绿盟科技,-0.4079,1274003789.32,5.5744704316,6.8698,-326015957.69,37.82,31.7169,3.050809863899,-12.6,0.112089403645,59.4972656882,软件开发,2025-10-30,2024-09-30
300366,ST创意,-0.3227,562353896.85,-41.5452284372,-51.5158,-193645518.74,-335.84,-42.9575,2.856907124136,-10.66,0.25488154196,15.0136411738,软件开发,2025-10-30,2024-09-30
300359,全通教育,-0.07,285424385.91,-30.7998682044,-26.3129,-41309215.84,-2386.95,-247.5875,1.038808910261,-6.07,-0.144843405675,25.207051994,教育,2025-10-30,2024-09-30
300351,永贵电器,0.2609,1370845482.39,35.5603039975,15.6201,100651913.1,11.8,-15.4838,6.172418137367,4.27,0.113180071969,27.7837430537,轨交设备Ⅱ,2025-10-30,2024-09-30
300340,科恒股份,-0.4085,1586331795.62,-34.3600873493,-33.9515,-112536648.1,-17.13,-9.1638,0.54349165162,-54.49,-0.682755095144,5.7949418201,电池,2025-10-30,2024-09-30
300337,银邦股份,0.1332,3810609892.4,15.9192470956,-5.7313,109486386.58,58.59,-51.3617,2.104609465264,6.5,-0.253358986081,10.50447655,工业金属,2025-10-30,2024-09-30
300335,迪森股份,0.14,777651034.67,-16.9816308814,13.1436,64684200.41,-1.38,1.9422,4.046318858683,3.43,0.199288323577,30.3131111232,电力,2025-10-30,2024-09-30
300329,海伦钢琴,-0.0578,120276083.92,-47.4332996656,-3.0869,-14609354.35,-340.13,120.9441,3.248228792831,-1.76,-0.368805598295,18.1636207615,文娱用品,2025-10-30,2024-09-30
300318,博晖创新,0.029,646068014.18,-19.8531111971,-29.2026,23717729.36,67.77,-150.3983,1.705595450178,1.72,-0.014798518148,50.6512060832,生物制品,2025-10-30,2024-09-30
300315,掌趣科技,0.07,650613667.8,-7.6767946467,-13.6644,195961711.07,11.7,-31.2651,1.789262864191,4.05,0.028132623897,77.5001461735,游戏Ⅱ,2025-10-30,2024-09-30
300305,裕兴股份,-0.453,852055173.09,-40.5516065825,-31.1774,-163853403.22,-473.45,-27.9906,6.397692136644,-6.8,-0.342099707258,-8.0997882637,塑料,2025-10-30,2024-09-30
300296,利亚德,0.0717,5464703560.1,-9.267108888,0.1322,181378357.03,-60.65,97.5069,3.27269634523,2.18,0.110327702861,27.0662018811,光学光电子,2025-10-30,2024-09-30
300292,吴通控股,0.06,3269997996.58,26.1384755941,4.5491,79736522.11,37.59,163.1085,1.019341609472,6.01,0.130094262231,10.6755705005,通信服务,2025-10-30,2024-09-30
300291,百纳千成,-0.0574,667750784.56,263.5130063724,101.9211,-54079972.26,-71.63,25.7166,3.726423341379,-1.51,-0.217004683652,-2.0268762333,影视院线,2025-10-30,2024-09-30
300288,朗玛信息,0.12,298226432.47,-14.1968959066,9.0939,40979202.62,-33.18,-4.4669,4.834468829155,2.51,0.087445699565,36.5622741006,IT服务Ⅱ,2025-10-30,2024-09-30
300276,三丰智能,0.0132,1502019117.09,23.2668358549,-15.1161,18499445.19,-51.65,754.7323,1.379465710792,0.96,-0.148226502108,12.7999771103,自动化设备,2025-10-30,2024-09-30
300272,开能健康,0.1486,1254037408.51,1.0048653638,-5.1859,84165039.65,-34.92,-21.8974,2.029385202931,6.62,0.368698181942,40.2640505334,小家电,2025-10-30,2024-09-30
300267,尔康制药,-0.0123,854289240.97,-40.8946321488,-32.5893,-25467316.32,-163.55,-1034.6966,2.291199052245,-0.54,0.036756550575,30.9418068616,化学制药,2025-10-30,2024-09-30
300264,佳创视讯,-0.0771,77728939.82,28.2941130682,-76.967,-33211064.74,28.62,44.417,0.120554833652,-48.41,-0.098616527982,11.629639142,IT服务Ⅱ,2025-10-30,2024-09-30
300259,新天科技,0.1011,593726980.22,-19.2958348458,19.2956,115535286.38,-15.31,38.4096,2.455747239876,4.02,0.064571694169,44.8256255799,通用设备,2025-10-30,2024-09-30
300255,常山药业,0.01,784021902.08,-31.2029405535,-20.9221,7290091.73,101.88,267.099,1.979139266626,0.4,0.163587238636,18.056968746,化学制药,2025-10-30,2024-09-30
300254,仟源医药,0.1827,608815610.55,6.4476132117,-1.8505,44153255.59,422.48,-30.0126,2.609313430504,7.1,0.253638777532,66.9891065624,化学制药,2025-10-30,2024-09-30
300252,金信诺,0.01,1590625289.18,-1.3241526057,-3.1487,5573186.99,6.34,-90.6439,3.253261676364,0.26,0.009836709048,17.2499382731,军工电子Ⅱ,2025-10-30,2024-09-30
300242,佳云科技,-0.0652,1055939891.55,78.0410166264,34.7508,-41378625.21,32.81,39.8196,0.571320484693,-10.73,-0.274256690021,7.9110763641,广告营销,2025-10-30,2024-09-30
300241,瑞丰光电,0.0652,1108809530.85,5.8352825701,6.4119,44630288.23,340.85,34.8812,3.111662167029,2.12,0.202623280696,24.556774615,光学光电子,2025-10-30,2024-09-30
300236,上海新阳,0.4174,1066994543.78,22.5716633677,11.7251,129761392.09,13.99,77.0448,14.208993425366,3.07,0.155490332448,38.8924962765,电子化学品Ⅱ,2025-10-30,2024-09-30
300232,洲明科技,0.1167,5420492614.69,6.9351143557,5.2441,127689185.33,-33.15,-66.3818,4.393677152731,2.68,0.271818294923,30.0776189555,光学光电子,2025-10-30,2024-09-30
300231,银信科技,0.1216,1157103345.58,-21.2607196526,-6.8892,50945645.98,-57.36,-55.9491,3.604312822983,3.12,-0.241041241651,22.1300433698,IT服务Ⅱ,2025-10-30,2024-09-30
300227,光韵达,0.0655,783543372.02,2.5542755714,24.304,32419332.12,-40.34,163.9808,3.209879976054,2.06,0.053644467489,31.0461838651,自动化设备,2025-10-30,2024-09-30
300225,金力泰,0.0436,521456192.86,-2.4229061122,-7.4309,20732974.38,236.02,-25.3045,1.777224675141,2.48,0.136265548974,31.4332178281,化学制品,2025-10-30,2024-09-30
300217,东方电热,0.1889,2841548724.02,-12.228725879,-33.8375,279550363.23,-52.21,-47.3632,2.748594140095,7.08,0.159844217772,22.6352905404,家电零部件Ⅱ,2025-10-30,2024-09-30
300207,欣旺达,0.66,38278680524.37,11.5387143464,10.947,1212214585.2,50.84,-23.1259,12.64477205099,5.17,1.405313848746,16.0163566882,电池,2025-10-30,2024-09-30
300203,聚光科技,0.26,2305366010.42,12.3331272934,2.7434,117650034.18,166.76,1.7922,6.744819416782,3.96,0.175743391127,44.2858304541,通用设备,2025-10-30,2024-09-30
300199,翰宇药业,-0.04,375225390.5,-6.5569702002,13.3136,-34805639.91,80.72,-753.0984,0.80038225977,-4.75,0.099711833494,59.5687166351,化学制药,2025-10-30,2024-09-30
300196,长海股份,0.5,1902587303.35,-4.295684951,5.6509,202464298.66,-29.68,12.8289,10.947568583429,4.46,0.375017103332,23.3913727578,玻璃玻纤,2025-10-30,2024-09-30
300176,鸿特科技,0.076,1305792127.93,4.0171985691,2.7655,29449784.01,771.96,16.4491,2.415308083024,3.2,0.41617733412,13.6330234945,汽车零部件,2025-10-30,2024-09-30
300169,天晟新材,0.0257,401310550.97,3.1334499208,17.0772,8367774.68,117.84,-48.1369,0.37073264412,5.5,-0.267427408047,22.9222107287,化学制品,2025-10-30,2024-09-30
300167,ST迪威迅,-0.0801,327337582.91,92.6011834433,-6.3797,-28887707.9,77.04,79.5659,-0.02691922596,,0.015481253723,18.3704622657,IT服务Ⅱ,2025-10-30,2024-09-30
300166,东方国信,0.02,1486565045.21,2.268466216,-7.5792,21023817.76,-80.9,-45.2463,5.300094431633,0.34,-0.076597396322,34.6917716606,IT服务Ⅱ,2025-10-30,2024-09-30
300151,昌红科技,0.15,782230533.03,5.8418917766,19.5457,81409601.59,61.11,102.8229,2.958811840272,4.87,0.176016815942,28.7797904561,专用设备,2025-10-30,2024-09-30
300149,睿智医药,-0.1238,718525731.65,-15.0857875503,9.8848,-61667008.36,-96.88,103.3101,2.732310502443,-4.42,0.225190721403,19.2245988704,医疗服务,2025-10-30,2024-09-30
300146,汤臣倍健,0.51,5733545680.89,-26.325656094,-43.0474,868614585.23,-54.31,-113.6292,6.658464302804,7.5,0.200506605183,67.9256619673,食品加工,2025-10-30,2024-09-30
300139,晓程科技,0.15,237104950.38,28.4438628117,79.2832,40647463.71,-3.2,117.6542,3.60317679781,4.2,0.054281059854,54.124680503,贵金属,2025-10-30,2024-09-30
300137,先河环保,0.01,600025805.16,-9.1107494428,-11.3653,5389590.43,-83.66,-228.5551,3.323416862814,0.3,-0.311176238679,38.1802488809,环保设备Ⅱ,2025-10-30,2024-09-30
300131,英唐智控,0.04,4016727490.25,11.2720904457,13.5255,46277445.44,19.57,-39.2779,1.531326159578,2.67,0.237269519102,7.8370505374,其他电子Ⅱ,2025-10-30,2024-09-30
300123,ST亚光,-0.0804,730487625.98,-32.1413787468,-48.2745,-82112970.79,-1708.73,-219.6611,2.34970207916,-3.36,0.010212569619,28.3557060891,军工电子Ⅱ,2025-10-30,2024-09-30
300115,长盈精密,0.47,12097401856.69,23.5594323425,17.4235,594196427.98,38159.1,29.6493,5.726673925482,8.87,0.556704200099,18.7012791524,消费电子,2025-10-30,2024-09-30
300110,华仁药业,0.0808,1073621963.53,-11.7034740121,-17.1613,95530954.43,-30.31,-0.3226,2.338661691274,3.49,0.241400508525,36.0982708817,化学制药,2025-10-30,2024-09-30
300101,振芯科技,0.1257,563435989.33,-8.4293752368,-2.6405,70938512.69,-50.56,-28.4117,3.086035069985,4.05,0.024620709473,56.2774069681,军工电子Ⅱ,2025-10-30,2024-09-30
300093,金刚光伏,-1.6234,79247029.95,-80.2218624454,253.5594,-350646236.21,-102.63,8.1147,-1.605614087731,,-0.515935985324,-201.0031108049,光伏设备,2025-10-30,2024-09-30
300087,ST荃银,-0.089,2055219520.34,32.2621187475,-12.6067,-84333404.64,-892.84,-55.307,1.825342833157,-4.54,-0.264163534449,16.488143694,种植业,2025-10-30,2024-09-30
300084,海默科技,-0.1374,300765456.21,-14.5601288984,38.5548,-54254439.65,-2926.57,-0.4524,2.617803801624,-5.13,0.073143716739,41.1857679505,专用设备,2025-10-30,2024-09-30
300068,ST南都,0.28,7861535081.16,-28.7246512241,-23.1508,246916072.23,-46.1,-39.9356,6.237374724852,4.52,-0.827465762674,10.260141076,电池,2025-10-30,2024-09-30
300063,天龙集团,0.0639,5797227499.04,-13.0640144115,-7.7336,48423311.22,-6.86,-11.371,2.122812736736,3.04,-0.051832668732,6.0427915527,广告营销,2025-10-30,2024-09-30
300058,蓝色光标,0.0354,45423007611.46,25.0925507134,-3.3896,123148500.82,-57.23,-159.4994,3.148840783231,1.6,-0.365651467203,2.8191254264,广告营销,2025-10-30,2024-09-30
300055,万邦达,0.0061,1888769126.57,-16.6774164253,14.3512,5095602.0,-88.04,-753.3887,6.127146832502,0.1,-0.035605149481,5.6451016495,炼化及贸易,2025-10-30,2024-09-30
300053,航宇微,-0.088,204226702.45,-33.5503876602,-14.457,-61336681.87,-208.76,-15.6537,2.879926684643,-2.73,-0.042460614337,42.540787134,半导体,2025-10-30,2024-09-30
300043,星辉娱乐,-0.19,1033846098.31,-29.475364934,33.9688,-230689609.35,-502.79,36.5297,1.3622596908,-12.68,0.091203819189,23.7011386589,游戏Ⅱ,2025-10-30,2024-09-30
300035,中科电气,0.2655,3883655333.22,10.2656183046,35.2297,183568664.04,426.25,151.269,6.644434868322,3.98,-0.270578672667,19.4139112856,电池,2025-10-30,2024-09-30
300027,ST华谊,-0.02,399542041.82,-16.2394848427,-56.9882,-42476556.47,84.93,-255.2636,0.224668265633,-6.5,-0.019993629078,42.607368237,影视院线,2025-10-30,2024-09-30
300013,新宁物流,-0.07,366613132.62,17.3992428111,-0.396,-31806581.76,29.19,1.0464,-0.377190506379,,0.057711938367,18.761836852,物流,2025-10-30,2024-09-30
300011,鼎汉技术,0.0281,1145631609.78,20.2703368485,-2.1321,15718312.19,172.17,-52.449,2.379780863877,1.19,0.034605738043,29.9033592898,轨交设备Ⅱ,2025-10-30,2024-09-30
300007,汉威科技,0.24,1569772191.33,1.8513868566,-12.3825,79793164.53,-30.9,-24.0722,8.765293300229,2.79,-0.3834384424,29.7535469477,通用设备,2025-10-30,2024-09-30
300005,探路者,0.1192,1107642432.36,19.0405051551,22.4933,101746208.8,120.78,13.4016,2.363822610913,4.98,-0.141428675599,48.8874731285,服装家纺,2025-10-30,2024-09-30
300001,特锐德,0.44,8897783309.93,-5.3697611126,10.4924,446513707.95,101.23,92.6342,6.543046251354,6.59,-0.308422695414,24.1966344262,电网设备,2025-10-30,2024-09-30
200992,中鲁B,0.0104,838860696.85,18.476052388,28.9043,2761081.38,-90.52,274.7206,3.872141733878,0.27,0.046715686756,6.2546761706,渔业,2025-10-30,2024-09-30
200570,苏常柴B,0.0657,1957966927.25,8.2302910859,-29.9307,46357441.5,-70.45,-121.1134,4.886108064883,1.34,-0.440423302298,13.4375065936,汽车零部件,2025-10-30,2024-09-30
200553,安道麦B,-0.789,21523293000.0,-12.7201856083,-10.6519,-1838112000.0,-76.32,-41.3609,8.489491420999,-8.71,1.228525000075,22.1859498916,农化制品,2025-10-30,2024-09-30
200541,粤照明B,0.1634,6887273560.82,1.3280189915,-7.2586,250922255.79,5.12,-45.9125,4.129426695409,3.94,0.36876397504,19.0750679502,照明设备Ⅱ,2025-10-30,2024-09-30
200058,深赛格B,0.031,1243637571.71,-9.9764512778,13.8366,38126457.05,-72.91,-149.126,1.630312173026,1.9,0.045577643804,25.0237986636,一般零售,2025-10-30,2024-09-30
200017,深中华B,0.0108,279461877.0,-19.8106870405,-34.6597,7422137.22,46.86,-31.8697,0.458778722866,2.38,-0.085594526832,6.6381615837,饰品,2025-10-30,2024-09-30
200016,*ST康佳B,-0.667,8119982481.56,-45.4180953498,-8.2216,-1606079930.28,-124.67,10.2078,1.678844993898,-33.23,-0.162365577006,4.464605838,白色家电,2025-10-30,2024-09-30
200011,深物业B,0.006,1317806652.07,-45.7095365002,2.7439,3581016.97,-98.45,-164.3676,7.515278060946,0.08,-2.941290692023,20.244049947,房地产开发,2025-10-30,2024-09-30
003033,征和工业,1.2,1320603673.61,8.3125512568,0.6828,97776935.2,4.94,16.2387,14.919379310459,8.07,1.162040815413,22.1294253719,摩托车及其他,2025-10-30,2024-09-30
003028,振邦智能,1.2,1060485344.8,21.8773556838,0.2978,133988908.89,-13.53,-14.0255,15.087098000133,8.07,0.491985879138,23.4482455528,家电零部件Ⅱ,2025-10-30,2024-09-30
003025,思进智能,0.54,466200043.09,46.8126349458,-5.9178,152885214.52,133.71,-62.3855,4.852577505537,13.66,0.749791553589,38.2554936649,通用设备,2025-10-30,2024-09-30
003021,兆威机电,0.67,1057458316.6,29.9930964769,23.9221,159164724.15,24.22,69.9037,13.127750146688,5.09,0.660391456286,31.4832013569,电机Ⅱ,2025-10-30,2024-09-30
003020,立方制药,0.63,1125115398.63,-26.1978236353,-18.3447,118979752.45,-30.57,-11.7085,9.039460589763,6.96,0.661249657446,69.9213458795,化学制药,2025-10-30,2024-09-30
003018,金富科技,0.45,728118547.7,13.7751197773,-3.3056,115992989.8,23.54,21.9789,5.971781360077,7.61,0.294926455423,27.5809721802,包装印刷,2025-10-30,2024-09-30
003011,海象新材,0.02,1027321085.58,-18.2323103582,-11.7215,1631525.49,-98.82,31.9856,13.288940178328,0.12,1.664901867135,27.7307708796,家居用品,2025-10-30,2024-09-30
002999,天禾股份,0.03,11393243149.5,-4.3902615339,-38.769,10527442.88,-82.27,-158.7791,3.448770299086,0.49,-4.596940380015,5.0889814691,农化制品,2025-10-30,2024-09-30
002996,顺博合金,0.29,9893075406.95,20.8599278737,1.1506,164322860.07,95.66,150.0423,4.713220005448,5.43,1.168218281221,3.1657175165,工业金属,2025-10-30,2024-09-30
002988,豪美新材,0.6929,4836941679.59,14.021641381,0.3931,171812392.22,38.26,-25.5472,10.209287989488,6.69,0.086693121914,11.7234501097,工业金属,2025-10-30,2024-09-30
002981,朝阳科技,0.563,1209491659.03,17.6514913385,32.6016,75755911.98,-1.18,1.8757,7.348717883295,8.13,0.140936544148,23.2016209219,消费电子,2025-10-30,2024-09-30
002975,博杰股份,0.01,823461932.65,23.0288768563,-15.4788,1541103.66,128.43,-321.6495,11.31238220275,0.09,-1.508941350519,43.2401773126,自动化设备,2025-10-30,2024-09-30
002968,新大正,0.47,2576930068.26,12.4118090591,-0.8016,107029703.44,-15.2,-40.4082,5.428530101075,8.79,-0.416170184591,12.2915407217,房地产服务,2025-10-30,2024-09-30
002965,祥鑫科技,1.4627,4878268937.12,24.8810023566,8.8932,269167644.73,-2.96,66.9905,20.049417668708,7.27,-0.606479678886,13.6873459702,汽车零部件,2025-10-30,2024-09-30
002960,青鸟智控,0.3817,3520824083.79,-3.3957851403,-6.7952,335333269.33,-33.66,32.7594,8.186589153021,5.46,-0.321743234167,37.554733502,专用设备,2025-10-30,2024-09-30
002957,科瑞技术,0.4141,1757398028.97,-11.1674958371,44.3585,164816328.22,-4.79,34.4327,7.136115772662,5.67,0.380326339595,38.8968262074,自动化设备,2025-10-30,2024-09-30
002956,西麦食品,0.49,1433060647.63,26.4917842588,12.8047,108354319.54,17.13,94.1291,6.691507240426,7.54,0.583091960499,42.6132553517,休闲食品,2025-10-30,2024-09-30
002955,鸿合科技,1.04,2764740401.63,-9.9279896892,16.5833,245024633.61,-18.33,-23.1186,14.92474134641,6.93,1.265172816892,29.5605350306,光学光电子,2025-10-30,2024-09-30
002950,奥美医疗,0.4233,2450075783.88,21.3938487127,3.9728,265165311.97,76.3,-16.0537,5.26708486104,8.13,0.815936644949,27.990214784,医疗器械,2025-10-30,2024-09-30
002949,华阳国际,0.5707,812138688.7,-22.8973829091,0.6257,111877918.84,-19.46,-6.2065,7.269601965343,7.15,-0.137437937346,34.0335066961,工程咨询服务Ⅱ,2025-10-30,2024-09-30
002946,新乳业,0.55,8149642828.0,-0.5401312064,1.258,473716967.25,24.37,-14.2338,3.405356581415,16.92,1.162571815163,29.0929847505,饮料乳品,2025-10-30,2024-09-30
002929,润建股份,1.03,6547893483.18,-3.0141221312,-7.0402,289692409.86,-27.63,-50.4045,21.996488126464,4.75,-9.58469941861,16.0650496321,通信服务,2025-10-30,2024-09-30
002927,泰永长征,0.24,683791589.92,-15.6144441232,16.2485,53698554.37,-34.88,-23.1469,4.611614686993,5.03,0.115916465846,29.4972104313,电网设备,2025-10-30,2024-09-30
002926,华西证券,0.1,2231870089.79,-13.78,6.9501,254108003.53,-31.9,347.2285,8.752617967352,1.11,2.938011003783,,证券Ⅱ,2025-10-30,2024-09-30
002922,伊戈尔,0.54,3245677166.92,28.8749024575,-6.9412,209836351.43,27.21,-71.0531,8.051367992788,6.62,0.288432469343,22.1065766039,其他电子Ⅱ,2025-10-30,2024-09-30
002916,深南电路,2.9,13049497746.78,37.9221807192,8.4514,1488055070.66,63.86,-17.6022,27.738334141619,10.88,3.244477039202,25.9070478621,元件,2025-10-30,2024-09-30
002905,金逸影视,-0.29,826703003.41,-26.9416105541,34.6596,-107960538.82,-225.28,55.6551,0.127716999681,-106.01,0.312592783588,15.1838697153,影视院线,2025-10-30,2024-09-30
002897,意华股份,1.27,4742697892.89,34.1688914841,-4.3744,231694843.82,130.86,-32.7892,13.079195175034,10.59,2.15518029433,19.1541336918,通信设备,2025-10-30,2024-09-30
002895,川恒股份,1.2448,3973469967.52,29.3614944163,3.3921,672160819.11,36.75,45.405,10.515727624547,11.51,0.808403880138,35.2878287464,农化制品,2025-10-30,2024-09-30
002892,科力尔,0.095,1224030943.4,26.3730642538,-5.4772,70713822.9,66.79,267.6106,2.108550389475,5.32,0.105073434649,19.0745810438,电机Ⅱ,2025-10-30,2024-09-30
002885,京泉华,0.1554,2097556116.41,5.2638167719,3.2849,42340132.88,-42.02,-81.2351,5.245955335895,2.97,0.18072679393,12.3943694238,其他电子Ⅱ,2025-10-30,2024-09-30
002878,元隆雅图,-0.13,1789405791.07,-10.5412454422,-11.3637,-33168797.83,-45.58,22.7702,5.627706192694,1.44,-0.412570762368,14.7974126138,广告营销,2025-10-30,2024-09-30
002872,ST天圣,-0.1143,402356773.4,-0.9933337697,-9.3716,-36351799.82,55.57,129.8337,6.466935704843,-1.75,0.013314128648,44.9240617755,化学制药,2025-10-30,2024-09-30
002866,传艺科技,0.16,1408618686.14,11.3361380081,13.1,46091896.61,-30.74,-31.7043,7.349437629866,2.19,0.257574663207,23.9789495627,消费电子,2025-10-30,2024-09-30
002856,*ST美芝,-0.4468,534299922.41,-15.8573069822,-1.3899,-60455832.87,-239.99,-47.3986,2.219680365661,-18.48,-0.526034905875,-4.4765131337,装修装饰Ⅱ,2025-10-30,2024-09-30
002853,皮阿诺,0.04,669016355.54,-27.9395597843,-21.6787,8226837.82,-86.65,-70.27,7.088861058592,0.61,-0.33954197855,23.5876391008,家居用品,2025-10-30,2024-09-30
002851,麦格米特,0.8241,5903062602.25,21.0602313912,-13.2271,411146992.19,-14.82,-45.1572,9.038394218714,8.9,0.566557386127,25.4937962543,其他电源设备Ⅱ,2025-10-30,2024-09-30
002843,泰嘉股份,0.26,1316206232.99,-6.6249212357,8.7638,66022778.14,-35.67,-48.2512,5.545654049185,4.66,0.352876990107,16.6533774204,通用设备,2025-10-30,2024-09-30
002842,翔鹭钨业,-0.12,1303221965.5,-4.6095016496,-8.7608,-32429111.02,19.93,-312.5023,2.648845593803,-4.01,-0.116386644572,5.9668494116,小金属,2025-10-30,2024-09-30
002833,弘亚数控,1.07,2165508080.11,5.7783251424,-15.8728,455392267.43,-4.83,-3.6793,6.520429932032,16.04,1.048199036455,32.3958213102,专用设备,2025-10-30,2024-09-30
002812,恩捷股份,0.45,7464675528.2,-17.9111298266,9.1937,443499563.79,-79.41,14.739,26.195825862631,1.74,2.350914475741,20.9645926887,电池,2025-10-30,2024-09-30
002805,丰元股份,-0.46,979481093.59,-57.7933440469,-9.1999,-129409727.41,13.6448088086,-16.9493,6.885424326129,-6.12,0.005502140686,-11.0086681035,电池,2025-10-30,2024-09-30
002801,微光股份,1.01,1018612074.75,6.7525465911,-8.2727,232143668.8,6.33,-5.8332,7.26651365537,14.64,0.991181344543,32.4890545521,电机Ⅱ,2025-10-30,2024-09-30
002798,帝欧水华,-0.3854,2047107472.39,-25.4028603679,-20.3411,-140717970.87,-115.89,-721.0033,4.520372718482,-6.72,0.301415809004,21.4327200876,家居用品,2025-10-30,2024-09-30
002795,永和智控,-0.1733,627087985.25,-15.2830374542,2.5815,-76195160.55,-131.51,39.6648,1.670158216253,-9.98,-0.171731538685,17.9614959781,通用设备,2025-10-30,2024-09-30
002792,通宇通讯,0.0986,843078351.05,-1.7932398693,-4.4829,51491190.29,-9.49,45.0199,5.319543299361,1.91,-0.12795802332,25.3881117696,通信设备,2025-10-30,2024-09-30
002765,蓝黛科技,0.1584,2614928235.34,25.8641101668,15.6236,103619357.91,66.83,12.9657,3.800509175567,4.27,0.211621265724,13.3478196821,汽车零部件,2025-10-30,2024-09-30
002763,汇洁股份,0.3,2172655836.05,0.7419803483,-19.8516,122821418.21,-41.82,-129.517,4.820594648032,6.11,0.353883239332,68.5661613331,服装家纺,2025-10-30,2024-09-30
002757,南兴股份,0.7013,2575517971.12,-3.908514171,-7.6519,207213657.17,-12.04,-48.7069,8.065007364838,8.68,1.165913511367,19.9613005739,专用设备,2025-10-30,2024-09-30
002756,永兴材料,1.81,6230880788.85,-35.7903362935,-20.6858,970903755.43,-68.19,-32.5811,23.276930471224,7.59,0.718238392215,18.3622777498,能源金属,2025-10-30,2024-09-30
002735,王子新材,0.03,1312299541.81,9.4220301999,0.9538,12882993.4,-25.84,-83.1086,4.598792390818,0.71,0.045622563546,17.1213306163,包装印刷,2025-10-30,2024-09-30
002729,好利科技,0.19,275725284.81,42.5605545722,20.5079,34098572.69,95.49,-4.8034,2.827095075191,6.78,0.156532267818,33.0786660363,其他电子Ⅱ,2025-10-30,2024-09-30
002725,跃岭股份,-0.0249,508903918.66,3.9006497223,-14.3523,-6370864.49,81.25,-1056.9713,3.743703901953,-0.66,-0.006739890234,9.7658292652,汽车零部件,2025-10-30,2024-09-30
002702,海欣食品,-0.0431,1141355496.57,0.6747037311,66.7775,-23899342.77,-750.84,51.9294,1.957207467774,-2.1,0.068967392544,17.7778610415,食品加工,2025-10-30,2024-09-30
002698,博实股份,0.4491,2164678881.7,9.2023295354,-9.8245,456225297.69,4.98,9.8172,3.571913108482,12.69,0.438004004312,34.4769489936,自动化设备,2025-10-30,2024-09-30
002693,双成药业,-0.0913,126959513.71,-30.3372666007,-38.4877,-37837689.22,-2234.84,-154.6664,1.046275887576,-8.36,-0.047522751599,59.9501235361,化学制药,2025-10-30,2024-09-30
002688,金河生物,0.1461,1657273697.64,5.5692257267,8.2796,113761436.1,10.38,-50.4314,2.904460780212,5.09,0.491880896627,33.2675766957,动物保健Ⅱ,2025-10-30,2024-09-30
002687,乔治白,0.11,784897417.12,-18.5687080727,1.1973,52884143.43,-57.49,-68.4474,2.824270043067,3.77,-0.335610072578,48.6461445001,服装家纺,2025-10-30,2024-09-30
002685,华东重机,0.0336,931006931.93,80.3911278493,-7.6547,33833610.96,141.63,5.9618,1.452953835611,2.34,0.1804650119,6.8859344191,工程机械,2025-10-30,2024-09-30
002672,东江环保,-0.32,2467281865.53,-17.3913124011,19.7378,-354282204.17,0.74,4.4964,3.668764184621,-8.2,-0.097376916996,6.3990335464,环境治理,2025-10-30,2024-09-30
002671,龙泉股份,0.1416,772586485.22,12.9094510643,22.8302,79434771.82,2603.01,153.4024,2.972967022506,4.82,0.13623415595,30.6768123497,水泥,2025-10-30,2024-09-30
002668,TCL智家,0.76,13945388188.87,22.9503064485,4.6036,825155865.96,29.56,-20.3922,2.054171981582,45.18,1.249262453536,23.1635679527,白色家电,2025-10-30,2024-09-30
002663,普邦股份,-0.0127,1298156485.95,0.1415254495,-20.0824,-22389539.28,22.69,-237.4951,1.678707482839,-0.76,-0.042001829262,7.5988497787,基础建设,2025-10-30,2024-09-30
002662,峰璟股份,0.21,2374747034.79,-9.4225996324,-2.2341,322125468.46,-7.41,23.7605,2.85052503566,7.7,0.3147806413,29.6285972898,汽车零部件,2025-10-30,2024-09-30
002651,利君股份,0.12,549988023.61,-36.7777908063,47.0366,121077659.25,-47.36,36.4221,2.690071587231,4.42,0.235056423122,38.8022077625,航空装备Ⅱ,2025-10-30,2024-09-30
002647,仁东控股,-0.26,933497629.39,-30.2019465854,-12.244,-142816695.3,-10.28,64.9092,0.096971090051,-248.86,0.140461318169,22.5341006283,多元金融,2025-10-30,2024-09-30
002645,华宏科技,0.0047,4047060465.86,-24.5710104932,-9.1589,2725448.15,101.78,-98.3258,6.156930741496,0.07,0.114772367708,6.0441583241,环保设备Ⅱ,2025-10-30,2024-09-30
002643,万润股份,0.32,2762593286.27,-13.0055204149,-20.8292,295946885.33,-48.57,-31.0025,7.567095861493,4.21,1.068799987223,40.0843041599,电子化学品Ⅱ,2025-10-30,2024-09-30
002642,荣联科技,0.0158,1373373777.92,-18.9466048995,-42.5835,10476953.74,127.02,-117.4608,1.739713195169,0.93,-0.54389460599,12.1326502281,IT服务Ⅱ,2025-10-30,2024-09-30
002631,德尔未来,0.0019,1128850710.49,-5.9825355425,5.3212,1258618.31,-55.2,1129.9611,2.601217540801,0.07,0.126757262425,20.8742139479,家居用品,2025-10-30,2024-09-30
002614,奥佳华,0.08,3434508144.34,-8.4539940161,6.9876,51005484.55,-46.37,45.8777,6.999252236648,1.13,0.015637058521,36.3169786281,其他家电Ⅱ,2025-10-30,2024-09-30
002612,朗姿股份,0.4786,4289215316.37,4.1515770084,15.5116,211738000.05,-4.87,-17.3429,7.043618532525,6.05,0.827315944799,58.8456709778,服装家纺,2025-10-30,2024-09-30
002600,领益智造,0.2,31521690619.22,27.8971411606,32.6622,1410297093.19,-24.85,208.131,2.767451667693,7.49,0.204568898302,15.8709107564,消费电子,2025-10-30,2024-09-30
002598,ST章鼓,0.3262,1518614319.97,7.7459163564,23.3267,101763902.93,0.86,8.262,3.910223727241,8.05,0.02094917991,31.0902766615,通用设备,2025-10-30,2024-09-30
002596,海南瑞泽,-0.08,1036229976.87,-15.4062553547,-18.9353,-87025589.35,16.32,-22.1532,0.787710536674,-9.19,0.054919896497,18.7367897497,水泥,2025-10-30,2024-09-30
002589,瑞康医药,0.0218,6056194532.51,-0.8004504117,0.5774,32843386.7,101.9,-50.9283,3.659259627894,0.6,0.007822533435,13.0554604179,医药商业,2025-10-30,2024-09-30
002583,海能达,0.1383,4173811005.81,15.9747600949,-2.5322,251484830.9,70.49,77.7466,3.354523538781,4.2,0.183683756377,49.276892824,通信设备,2025-10-30,2024-09-30
002574,明牌珠宝,0.01,3511280885.12,9.0176335361,0.0336,7652819.73,-93.06,-3.2666,5.792906812917,0.25,-0.271266934545,8.5932871588,饰品,2025-10-30,2024-09-30
002561,徐家汇,-0.0047,330130431.99,-17.6431124154,12.2507,-1962860.62,-104.76,69.0184,5.298348814517,-0.09,-0.035785286209,55.2737607618,一般零售,2025-10-30,2024-09-30
002556,辉隆股份,0.1995,12546649096.07,-7.5367325255,-29.2444,183358064.15,38.76,-88.2428,3.850377930509,4.99,-0.71930513508,5.8667050879,农业综合Ⅱ,2025-10-30,2024-09-30
002553,南方精工,0.1334,559161242.25,14.2804887498,-1.9454,46409115.1,635.79,239.5334,3.417719033908,3.91,0.273644221638,33.6950850692,汽车零部件,2025-10-30,2024-09-30
002550,千红制药,0.2471,1207602942.05,-17.6226952051,-10.7701,309585156.72,56.47,61.1414,1.933043984794,12.8,0.352203489405,54.0177489467,化学制药,2025-10-30,2024-09-30
002549,凯美特气,-0.0479,428686589.52,2.4430334896,7.2761,-33282400.76,-117.83,15.3202,2.888810667036,-1.64,0.138319239106,26.4416326965,化学制品,2025-10-30,2024-09-30
002548,金新农,0.03,3436646024.02,8.0260349882,16.5292,27870612.67,109.04,577.8774,1.878253999586,1.86,0.111550843641,10.8809450702,饲料,2025-10-30,2024-09-30
002547,*ST春兴,-0.1567,1597601272.52,-12.493395966,9.8801,-176737038.64,-341.01,38.442,0.058773686397,-114.22,0.060707606992,7.6781739055,汽车零部件,2025-10-30,2024-09-30
002545,东方铁塔,0.3748,3110955218.72,15.1037131646,4.4767,466321496.3,-8.24,77.5691,7.022529160637,5.38,0.862439712488,30.2976862405,农化制品,2025-10-30,2024-09-30
002529,海源复材,-0.1614,122789385.08,-51.744472111,-69.0156,-41967774.36,30.8,130.5397,1.571597160962,-9.78,-0.070471565769,-4.6286362427,专用设备,2025-10-30,2024-09-30
002522,浙江众成,0.05,1246777667.56,-4.1022648247,4.5723,44588624.64,-49.37,-31.0509,2.486004335292,1.98,0.174428543724,15.0781675556,塑料,2025-10-30,2024-09-30
002517,恺英网络,0.6,3927588266.4,29.6458756972,10.0038,1280045060.92,18.27,22.9748,2.813944180046,21.94,0.572720195838,82.2128171943,游戏Ⅱ,2025-10-30,2024-09-30
002508,老板电器,1.27,7395769773.08,-6.7758494595,6.9922,1202179949.11,-12.44,22.6844,11.439682608631,11.01,0.556882131604,50.4312848801,厨卫电器,2025-10-30,2024-09-30
002501,*ST利源,-0.03,237292247.75,-36.5128255566,-38.3218,-116594365.64,-0.28,-11.1907,0.268310232161,-11.51,-0.059223993645,-19.3217798115,工业金属,2025-10-30,2024-09-30
002500,山西证券,0.15,2166183280.0,-12.46,-0.2715,532862887.0,57.83,33.814,4.998727043769,2.98,2.175409116987,,证券Ⅱ,2025-10-30,2024-09-30
002497,雅化集团,0.1341,5924444859.71,-37.448615035,-4.5567,154613084.98,-80.85,-39.9088,9.044103307706,1.49,0.485568892176,16.1331541637,化学制品,2025-10-30,2024-09-30
002493,荣盛石化,0.09,245196312192.22,2.5722943988,4.7219,876677020.82,714.73,-93.8667,4.330367299044,1.99,1.94720383825,12.1641500207,炼化及贸易,2025-10-30,2024-09-30
002492,恒基达鑫,0.1375,263919588.66,-10.4396589482,1.5589,55699523.88,-35.58,16.05,4.146400067753,3.3,0.862652113062,47.7005293276,物流,2025-10-30,2024-09-30
002491,通鼎互联,0.0066,2170340015.07,-15.3528712588,9.1522,8115898.95,-96.06,502.9837,2.011953117612,0.33,0.052626423208,19.7502791795,通信设备,2025-10-30,2024-09-30
002483,润邦股份,0.287,5148664051.6,3.6782486933,15.0558,254838620.69,17.26,-26.918,4.704870550655,6.23,0.232106737231,19.3113378526,专用设备,2025-10-30,2024-09-30
002466,天齐锂业,-3.48,10064738520.01,-69.8653000802,-4.8979,-5701413364.59,-170.4,62.1352,26.509646633297,-11.95,2.554421005783,49.0286545976,能源金属,2025-10-30,2024-09-30
002465,海格通信,0.0745,3766585820.78,-6.6574248744,-18.7905,184920621.26,-48.43,-107.1138,5.110841196995,1.45,-0.421400135655,29.97260362,军工电子Ⅱ,2025-10-30,2024-09-30
002456,欧菲光,0.0144,14471547960.02,33.7576338092,0.9169,47119161.5,115.74,-65.6768,1.094343302995,1.36,0.049795824873,11.4914860953,光学光电子,2025-10-30,2024-09-30
002453,华软科技,-0.1138,427724957.95,7.4097934033,44.9434,-92439915.67,-164.21,7.1814,1.524539005644,-7.6,-0.022918113479,9.0298969541,化学制品,2025-10-30,2024-09-30
002446,盛路通信,0.07,833424481.23,-14.4848018905,-4.6412,66463710.49,-59.34,10.7587,3.586936870964,2.05,0.139188442129,33.4924074582,军工电子Ⅱ,2025-10-30,2024-09-30
002431,ST棕榈,-0.33,2372152276.59,-32.4223357614,23.4375,-586648687.36,-108.52,14.1761,1.461653579747,-19.59,0.189296764728,6.6237842081,基础建设,2025-10-30,2024-09-30
002425,凯撒文化,-0.1009,326760695.2,21.6399232287,-1.9549,-95667356.81,26.76,7.0341,3.572447362063,-2.76,-0.025984207142,4.9837344513,游戏Ⅱ,2025-10-30,2024-09-30
002421,达实智能,0.0226,2146036825.96,-21.3341454481,3.9787,47987911.61,-54.83,606.6578,1.609481896702,1.4,-0.13932600186,27.4519520874,IT服务Ⅱ,2025-10-30,2024-09-30
002413,雷科防务,-0.1,696536337.84,-15.6619012772,-20.4368,-134454944.57,-251.89,-93.7902,2.767961077499,-3.58,-0.016038810132,37.4544131838,军工电子Ⅱ,2025-10-30,2024-09-30
002408,齐翔腾达,0.07,18352630247.47,-9.298651163,-22.4185,196484303.7,3.65,-46.1508,4.070067514535,1.66,0.429063932443,6.4719843365,炼化及贸易,2025-10-30,2024-09-30
002401,中远海科,0.3827,1246210146.24,-7.08962893,-16.2683,141962033.3,-23.34,-46.6578,4.525158483271,8.61,-0.876758083872,20.7689149981,IT服务Ⅱ,2025-10-30,2024-09-30
002400,省广集团,0.0523,13844988394.76,32.3041731194,42.9138,91227083.69,4.14,-8.7907,2.817431792085,1.86,-1.049733821604,6.0044709521,广告营销,2025-10-30,2024-09-30
002379,宏桥控股,-0.045,2558953080.54,27.4793577998,0.938,-51133035.27,37.01,-1161.0956,1.740402748584,-2.55,0.021210362644,2.0818319681,工业金属,2025-10-30,2024-09-30
002377,国创高新,-0.0504,432186092.19,-40.1043444213,86.5561,-46175567.49,50.46,-330.8122,0.525358724626,-9.16,-0.105534500049,7.8230233529,炼化及贸易,2025-10-30,2024-09-30
002369,卓翼科技,-0.2188,1233293539.89,14.3641909734,6.9223,-124029512.0,28.87,7.1226,0.987601234455,-20.14,-0.016836336692,1.035759542,消费电子,2025-10-30,2024-09-30
002365,永安药业,0.2105,618715718.75,-22.9320758793,-15.8278,61855243.42,33.23,-60.6386,6.76835143468,3.09,0.316592701738,23.7333959426,化学制药,2025-10-30,2024-09-30
002362,汉王科技,-0.3069,1146562791.45,17.8731691487,15.1261,-75013777.28,16.51,32.0222,4.828032092014,-6.17,-0.411894829317,42.2349659645,软件开发,2025-10-30,2024-09-30
002357,富临运业,0.2867,646445207.98,-0.1315218531,0.2728,89883460.21,-43.32,-73.2021,4.88631898884,6.0,0.057761589436,19.458716146,铁路公路,2025-10-30,2024-09-30
002349,精华制药,0.2017,1045172312.93,-6.6526385923,-8.0177,164234071.15,-15.93,-55.2477,3.114485942441,6.56,0.2245817433,49.8682688914,中药Ⅱ,2025-10-30,2024-09-30
002314,南山控股,-0.13,4135448336.95,-55.924851951,1.4774,-348491388.42,-1829.76,-3799.4642,3.659344386578,-3.45,-0.393142545876,23.0785797132,房地产开发,2025-10-30,2024-09-30
002305,*ST南置,-0.1353,1857226754.64,201.6182345526,-56.8275,-234594174.68,76.74,7.3014,0.144354685749,-63.81,-0.613290386542,-12.1587776391,房地产开发,2025-10-30,2024-09-30
002296,辉煌科技,0.346,474426161.15,5.8283775717,12.5045,134396738.55,21.24,-31.1075,5.545881549335,6.49,0.253467414533,54.0912156737,通信设备,2025-10-30,2024-09-30
002291,遥望科技,-0.4387,3998539766.34,16.1011301641,-26.9111,-408293654.97,9.19,-52.1781,4.370280105282,-9.65,0.098546083862,7.3377404552,广告营销,2025-10-30,2024-09-30
002275,桂林三金,0.65,1574787639.33,-3.4919504011,-13.5634,383875851.7,-3.28,-58.7452,5.129846583139,12.76,0.397902007034,74.8410221255,中药Ⅱ,2025-10-30,2024-09-30
002267,陕天然气,0.5601,6431770452.13,26.799079011,-0.6642,622839019.66,70.63,-86.6212,6.128177932505,7.96,0.677648920348,16.3489736008,燃气Ⅱ,2025-10-30,2024-09-30
002266,浙富控股,0.15,15257618525.78,6.9710225759,-15.5263,775687699.4,-21.37,67.3574,2.141644202386,7.01,0.039548223177,11.6265294322,环境治理,2025-10-30,2024-09-30
002229,鸿博股份,-0.1258,390902244.84,-15.2307154526,13.7917,-62022891.75,-92.07,-54.8873,2.982727733539,-4.08,-0.046451992385,8.2910156766,IT服务Ⅱ,2025-10-30,2024-09-30
002228,合兴包装,0.12,8588195247.26,-8.408626343,-1.9099,144422469.47,20.52,3.5714,2.612080478955,4.41,0.290037573636,12.1505274184,包装印刷,2025-10-30,2024-09-30
002224,三力士,0.06,586710979.32,-2.13893836,13.5182,50979140.79,-32.86,562.6312,3.598006887192,1.54,-0.020926446233,22.6944004958,橡胶,2025-10-30,2024-09-30
002214,*ST大立,-0.436,103837467.18,-42.1778126493,-7.5637,-258739721.43,-57.38,47.2704,2.771271487861,-14.28,-0.099229051812,34.45756323,军工电子Ⅱ,2025-10-30,2024-09-30
002212,天融信,-0.15,1582453003.92,-3.9821466638,57.1654,-169276529.56,31.83,131.3339,7.841557155326,-1.81,-0.250147943148,63.9607413321,软件开发,2025-10-30,2024-09-30
002199,*ST东晶,-0.183,164038143.62,30.3217515673,12.1391,-44540056.66,-1.92,27.7466,1.056324847044,-15.94,-0.007602200403,7.4555798975,元件,2025-10-30,2024-09-30
002197,证通电子,-0.09,800374400.82,-23.8969302382,11.134,-56815211.8,-335.08,57.2834,3.948112045214,-2.31,0.465663961628,25.4229473521,计算机设备,2025-10-30,2024-09-30
002193,ST如意,-0.28,347444006.54,12.5897217767,-13.335,-72550258.06,-15.22,-58.1185,4.478396236563,-6.0,-0.019427951492,17.329442974,服装家纺,2025-10-30,2024-09-30
002191,劲嘉股份,0.16,2188235827.74,-25.9476334176,1.9877,237368195.09,-33.26,-6.9679,4.612887565015,3.46,-0.265107368379,25.115124994,包装印刷,2025-10-30,2024-09-30
002183,怡亚通,0.02,58441060036.0,-14.4135388358,-12.4025,61269821.0,-47.12,-2.4554,3.449652855682,0.68,0.072633006428,4.189444015,贸易Ⅱ,2025-10-30,2024-09-30
002179,中航光电,1.2019,14094996310.89,-8.230144978,-5.5184,2513059914.54,-13.15,-7.8927,10.513223279479,11.89,0.342267366731,36.561038537,军工电子Ⅱ,2025-10-30,2024-09-30
002178,延华智能,-0.0123,404097589.22,-12.2570477017,-22.046,-8762975.78,-205.25,149.1602,0.61982546509,-1.97,-0.16342007071,22.9191508957,软件开发,2025-10-30,2024-09-30
002170,芭田股份,0.2295,2433611569.49,-3.2328243804,-1.4258,204358134.42,6.88,-44.42,2.819669632787,8.18,0.481158404866,22.4412607265,农化制品,2025-10-30,2024-09-30
002164,宁波东力,0.08,1083700090.31,-1.954142725,-3.2149,42722646.39,40.75,53.4727,2.574498177079,3.17,0.11491844376,19.2402261645,通用设备,2025-10-30,2024-09-30
002144,宏达高科,0.37,441007035.99,14.8082766371,7.3907,65534652.49,-7.24,-5.3777,11.477520243035,3.25,0.238662931207,30.0038207243,纺织制造,2025-10-30,2024-09-30
002141,贤丰控股,0.0015,45551575.77,-32.7182066497,42.6826,1597323.95,104.83,-168.7158,0.896350911192,0.16,-0.027615172497,44.9847071888,元件,2025-10-30,2024-09-30
002134,天津普林,0.13,829432850.49,88.1318736346,16.2366,30938204.42,34.7,-4.3459,1.937066000363,6.63,0.048951072063,17.2314604474,元件,2025-10-30,2024-09-30
002130,沃尔核材,0.52,4820498413.48,20.13358549,1.1245,655095590.28,36.45,0.2326,4.236634994048,12.76,0.435605604747,32.8439761771,其他电子Ⅱ,2025-10-30,2024-09-30
002106,莱宝高科,0.4378,4414039804.49,4.4517507721,0.5041,309016875.88,2.01,5.0274,7.573148316567,5.86,0.636526595367,16.1062497825,光学光电子,2025-10-30,2024-09-30
002104,恒宝股份,0.1299,682289828.39,-28.491200828,-9.5372,91401519.08,-33.81,-25.587,3.029015525063,4.26,0.117708681768,34.2121140675,通信设备,2025-10-30,2024-09-30
002103,广博股份,0.1982,1758024349.55,-1.4476706144,-12.8107,105365284.84,-11.41,-35.7065,1.886600447599,10.66,0.048606976236,17.9966953405,文娱用品,2025-10-30,2024-09-30
002101,广东鸿图,0.4018,5604378538.93,6.9904849468,3.8392,267037647.69,-13.5,-11.9595,11.502391366644,3.46,0.435705108285,15.4682975036,汽车零部件,2025-10-30,2024-09-30
002100,天康生物,0.41,13087153128.58,-11.0080457585,20.8225,565624390.53,212.14,29.7918,5.087579742689,8.46,1.571481109435,11.9853501247,养殖业,2025-10-30,2024-09-30
002084,海鸥住工,-0.007,2155181147.26,-0.1124423735,-3.4858,-4528707.08,-154.72,-423.4429,2.441404869193,-0.28,0.212667926922,15.5238611369,家居用品,2025-10-30,2024-09-30
002082,ST万邦,0.0741,1074491139.98,5.5586120565,-0.597,45706002.85,756.36,-9.7427,4.320434689764,1.7,0.220896940258,40.5765964704,化学制药,2025-10-30,2024-09-30
002081,金螳螂,0.1763,14620846869.17,-11.2431344855,12.0204,468022180.67,-45.01,-12.28,5.098364048034,3.47,-0.271547929617,12.9331042977,装修装饰Ⅱ,2025-10-30,2024-09-30
002079,苏州固锝,0.0488,4391660924.47,55.8330622054,-1.0827,39395432.12,-51.23,710.3646,3.68566784673,1.34,-0.268146005271,10.5361764211,光伏设备,2025-10-30,2024-09-30
002075,沙钢股份,0.048,10807018442.46,-6.2946627893,-20.3844,105382344.92,-43.15,-97.8166,2.918189496216,1.58,0.24759044629,4.6550790725,特钢Ⅱ,2025-10-30,2024-09-30
002069,獐子岛,-0.0348,1166454995.89,-8.9583595545,-5.2308,-24752106.47,-199.75,80.666,0.06823441312,-37.69,7.951966e-06,13.5258978414,渔业,2025-10-30,2024-09-30
002062,宏润建设,0.23,4282056041.72,-5.5336371639,3.9324,249632980.21,-6.78,-8.8978,4.019541400027,6.05,-0.048643319592,17.9417531696,基础建设,2025-10-30,2024-09-30
002061,浙江交科,0.32,30652853587.02,3.1555589591,13.9994,838945170.87,10.63,0.3189,5.659279647082,5.74,-1.187990688682,8.1467299538,基础建设,2025-10-30,2024-09-30
002058,威尔泰,-0.01,552316623.93,449.3020769825,31.2634,-1285633.78,-1.25,0.6707,0.925319123753,-0.26,0.816740370603,24.0750894648,电池,2025-10-30,2024-09-30
002055,ST得润,-0.208,3875031108.86,-23.0742181561,-13.1901,-125758366.67,-1643.39,54.0029,4.126931728882,-4.92,0.074458339202,15.394454424,消费电子,2025-10-30,2024-09-30
002051,中工国际,0.26,8610497789.96,0.3662877673,-0.8382,323401814.66,-7.32,-66.6288,9.216439897581,2.86,-1.362786635749,17.151205924,专业工程,2025-10-30,2024-09-30
002037,保利联合,-0.12,4217524291.52,-15.4284977011,4.6157,-58047653.95,-177.59,-141.9809,3.96405034047,-3.02,-0.363163399333,19.5544190986,化学制品,2025-10-30,2024-09-30
002034,旺能环境,1.19,2429125509.05,1.1874335434,4.4201,512287667.12,-0.67,-17.4524,15.547397036553,7.72,2.597100634348,39.0106347926,环境治理,2025-10-30,2024-09-30
002029,七匹狼,0.33,2193801245.75,-7.730066271,28.939,235611251.57,16.76,-38.6095,9.24635538904,3.62,-0.140634038293,51.9278202967,服装家纺,2025-10-30,2024-09-30
002027,分众传媒,0.2748,9261434593.06,6.757233606,1.7427,3968063820.02,10.16,1.4636,1.093557000297,22.61,0.321860903193,66.2195612394,广告营销,2025-10-30,2024-09-30
002025,航天电器,0.9,3994746942.63,-23.2209525991,-17.9106,411783972.15,-30.84,-83.2916,14.332151114079,6.4,-1.043688992395,43.6541160893,军工电子Ⅱ,2025-10-30,2024-09-30
002022,科华生物,-0.2413,1350223553.61,-29.0931845886,-5.0569,-122140657.33,-512.11,-194.707,7.546704258318,-3.02,-0.135640331838,40.0444162246,医疗器械,2025-10-30,2024-09-30
002021,中捷资源,0.0158,681098683.62,21.941536896,8.7365,19007303.66,281.63,-84.4982,0.524300775902,3.03,-0.261307017062,16.9801631997,专用设备,2025-10-30,2024-09-30
002020,京新药业,0.67,3208743897.71,9.6804937754,-2.7944,575012790.33,21.66,-25.1282,6.770136806369,10.11,0.711582436025,51.1076399341,化学制药,2025-10-30,2024-09-30
002012,凯恩股份,0.04,426823439.28,-36.1544310655,12.9873,18305162.82,-72.16,-49.5598,3.292149874343,1.2,0.194667000688,17.9472852731,造纸,2025-10-30,2024-09-30
002007,华兰生物,0.5056,3490648261.92,-10.7928867107,112.381,923656831.05,-13.46,170.9645,6.396070887082,8.02,0.251374792909,61.7714120383,生物制品,2025-10-30,2024-09-30
001914,招商积余,0.5846,12160076470.35,12.0134335598,5.031,619863418.06,4.19,-24.5372,9.625966045123,6.19,-1.036913277775,11.3068923666,房地产服务,2025-10-30,2024-09-30
001386,马可波罗,1.06,5498404185.59,-16.6523125215,-20.8796,1137161185.76,-6.6578268951,-17.0602,,,,37.9638623945,家居用品,2025-10-30,2024-09-30
001366,播恩集团,-0.09,726552636.05,-34.3883521253,19.2026,-14545154.08,-142.62,-2877.2088,5.143366274707,-1.72,-0.480739016804,14.0370989725,饲料,2025-10-30,2024-09-30
001326,联域股份,1.28,1143597709.22,9.6778573275,-8.2628,94050449.78,-29.6,-51.0162,16.567663929372,7.55,0.211761390847,22.6025582524,照明设备Ⅱ,2025-10-30,2024-09-30
001323,慕思股份,1.32,3877844209.31,1.9014595522,-12.5483,522318887.83,0.76,-35.6947,10.874373771906,11.12,1.014992938577,50.8046486932,家居用品,2025-10-30,2024-09-30
001313,粤海饲料,-0.1,4454072098.71,-16.2414864116,38.2774,-67408711.61,-343.74,-337.4687,3.704343147014,-2.56,-0.4203596477,11.0883634421,饲料,2025-10-30,2024-09-30
001298,好上好,0.1022,5353699648.44,22.2709529401,12.9945,30310826.66,-46.96,-28.6405,7.59531265964,1.97,-2.90319931629,4.3794019774,其他电子Ⅱ,2025-10-30,2024-09-30
001289,龙源电力,0.6597,26866893142.95,-4.5588115579,-17.0922,5561692740.48,-10.61,14.8874,8.655979186738,7.64,1.231402746237,35.321033919,电力,2025-10-30,2024-09-30
001283,豪鹏科技,0.97,3783821088.79,25.8676337681,11.0051,77535927.21,36.97,106.4443,27.619831223512,3.06,1.670914485511,19.6351232449,电池,2025-10-30,2024-09-30
001259,利仁科技,0.1381,262368619.16,-16.9807434768,-28.8156,10098365.74,-39.49,-264.3599,9.797340849205,1.36,0.199675794123,29.6093157287,小家电,2025-10-30,2024-09-30
001222,源飞宠物,0.6338,930791107.43,27.287628843,29.4885,119739621.47,14.76,22.7393,6.669029708314,9.63,-0.235063414794,22.5608730588,文娱用品,2025-10-30,2024-09-30
000998,隆平高科,-0.361,2880917210.7,-14.4597442501,-41.3311,-475413341.37,17.82,-1805.1835,3.447230613108,-9.38,-0.326054852423,28.2425694375,种植业,2025-10-30,2024-09-30
000989,九芝堂,0.2825,2063533614.86,-12.939587008,-35.9772,240304428.87,-16.77,-40.3466,4.415241964592,6.19,-0.08493629989,59.0271400489,中药Ⅱ,2025-10-30,2024-09-30
000985,大庆华科,0.24,1505292752.07,4.4069851491,10.8843,31129728.31,336.63,431.505,4.729164441239,5.08,1.12673438759,7.7282466364,炼化及贸易,2025-10-30,2024-09-30
000983,山西焦煤,0.5013,33092937607.05,-18.6836503594,4.5846,2845853393.01,-49.52,-13.4193,6.467989475244,7.66,0.453326782323,31.9383896564,煤炭开采,2025-10-30,2024-09-30
000978,桂林旅游,0.015,342111473.18,-6.666636542,35.799,6803067.15,-66.25,555.7699,2.741249449298,0.94,0.131677850747,31.0574083068,旅游及景区,2025-10-30,2024-09-30
000973,佛塑科技,0.086,1636408131.74,-14.6129647127,0.3738,83231779.75,-57.25,1.8554,2.930833654883,2.95,0.106621437559,23.8417511672,塑料,2025-10-30,2024-09-30
000969,安泰科技,0.3295,5853435381.18,-3.163977246,-4.8943,340034826.71,74.06,-70.4616,5.210719869346,6.4,0.070974421887,17.8859656894,金属新材料,2025-10-30,2024-09-30
000967,盈峰环境,0.19,9277585611.23,3.1942648405,-5.8847,603646409.33,0.05,6.9302,5.480066125183,3.44,-0.030433774765,23.8880588615,环保设备Ⅱ,2025-10-30,2024-09-30
000937,冀中能源,0.3436,14725859395.73,-27.6581451401,-3.4185,1214177142.76,-69.04,-27.4942,6.142991527686,5.59,0.583744379707,35.8931750414,煤炭开采,2025-10-30,2024-09-30
000931,中关村,0.0686,1929843801.69,14.9568995029,-1.5634,51629040.03,24.78,-38.4502,2.107022510355,3.31,0.105823260944,57.9077056336,化学制药,2025-10-30,2024-09-30
000928,中钢国际,0.4463,12602509709.26,-26.5553117858,-15.4118,640283143.32,30.36,7.6699,5.719532788553,7.9,-2.777521052365,12.3932491058,专业工程,2025-10-30,2024-09-30
000927,中国铁物,0.0728,29413201199.94,-14.3297669419,-4.8434,440468179.55,-17.55,39.1458,1.536877463051,4.83,0.078230591687,4.8017626417,轨交设备Ⅱ,2025-10-30,2024-09-30
000925,众合科技,-0.15,1099954746.8,-18.5708970786,40.331,-87213425.07,-217.82,102.3332,4.830925352654,-3.05,-0.905070162436,30.0761033163,轨交设备Ⅱ,2025-10-30,2024-09-30
000910,大亚圣象,0.24,3772305510.95,-15.3883956878,-3.654,134060330.29,-45.05,-28.9899,12.314309610987,1.99,0.771448609813,25.9264402419,家居用品,2025-10-30,2024-09-30
000903,ST云动,-0.169,4152655668.56,-3.6552015012,-26.2311,-324475511.41,12.91,-146.5591,1.353769861666,-12.01,-0.273468417255,5.7902645625,汽车零部件,2025-10-30,2024-09-30
000900,现代投资,0.2345,6150191162.69,-4.1176474049,17.7961,406213741.38,-3.33,119.3612,7.233574217023,3.25,1.359109859884,25.4751444555,铁路公路,2025-10-30,2024-09-30
000893,亚钾国际,0.5642,2482559437.56,-14.1309243534,-26.2747,518198612.46,-47.89,31.4649,12.560293780999,4.53,0.769425776392,49.1226111129,农化制品,2025-10-30,2024-09-30
000887,中鼎股份,0.8,14495242519.77,13.4736931173,-3.033,1051912288.58,20.1,-5.5219,9.71522911458,8.4,0.944059006637,22.3035278043,汽车零部件,2025-10-30,2024-09-30
000882,华联股份,0.0108,1094652466.05,9.073123609,87.5101,29523284.59,-15.14,-62.7297,2.527847859061,0.41,0.243317943719,55.0052273853,一般零售,2025-10-30,2024-09-30
000860,顺鑫农业,0.5151,7316762837.51,-16.9240434262,0.04,382065200.74,230.72,-44.6572,9.65908622345,5.48,-1.22390430401,36.2578311086,白酒Ⅱ,2025-10-30,2024-09-30
000856,冀东装备,0.0495,1901867941.04,-17.235062979,-22.4522,11235428.54,-41.22,-147.677,1.831407885991,2.71,-0.808011612291,7.8050208696,专用设备,2025-10-30,2024-09-30
000831,中国稀土,-0.1913,1952829382.59,-45.0256037227,-6.4773,-202998321.49,-165.14,-6.5869,4.31008238914,-4.31,-0.560420928912,11.1427323298,小金属,2025-10-30,2024-09-30
000830,鲁西化工,0.827,21578806533.06,20.2673901099,3.4314,1574782384.93,210.77,-33.0848,9.559042456042,8.95,1.820169137724,15.8861194331,化学原料,2025-10-30,2024-09-30
000828,东莞控股,0.6889,1313688680.97,-61.9538598553,11.5776,726661035.98,-2.84,626.6485,9.240468409881,7.5,0.541305757242,68.1564928487,铁路公路,2025-10-30,2024-09-30
000818,航锦科技,0.06,3241732255.1,25.236924172,145.7083,40745547.81,-55.8,144.0656,4.957205208141,1.11,-0.083904138931,16.623091322,化学原料,2025-10-30,2024-09-30
000801,四川九洲,0.1172,2722174519.0,-3.7564585356,10.7048,119832436.8,-15.1,66.5925,2.910059621816,4.03,0.096542441258,22.3608767793,黑色家电,2025-10-30,2024-09-30
000797,中国武夷,0.0297,4741794662.45,8.1947868804,-39.406,46652982.2,233.21,-201.5931,3.323250291939,0.91,-0.261743641711,29.880423799,房地产开发,2025-10-30,2024-09-30
000793,*ST华闻,-0.0525,258335228.7,-41.0572591647,-4.2024,-104853653.3,17.98,-69.3218,0.417128385492,-11.72,-0.016694474694,21.7272444422,出版,2025-10-30,2024-09-30
000790,华神科技,0.0091,663079213.63,-1.3943349326,-26.3229,5737869.99,-72.79,-149.3632,1.671092185876,0.55,-0.119090711235,47.9236856544,中药Ⅱ,2025-10-30,2024-09-30
000789,万年青,0.0088,4018003129.15,-32.8668522761,8.8829,6978139.99,-97.74,-49.688,8.454164588511,0.1,0.431411845854,14.6302710689,水泥,2025-10-30,2024-09-30
000782,恒申新材,-0.02,2415143525.95,19.0210115402,-6.3413,-13407196.14,83.27,-5.5436,2.669449137364,-1.07,-0.319723130528,4.1039087129,化学纤维,2025-10-30,2024-09-30
000768,中航西飞,0.3404,28820759482.66,1.4354676228,-28.4866,943752097.27,17.43,-25.4976,7.289971439873,5.53,-4.934197742608,6.5507945376,航空装备Ⅱ,2025-10-30,2024-09-30
000767,晋控电力,-0.1825,11877216496.65,-21.3838510818,8.4353,-306129634.07,-155.06,-47.028,1.874727101819,-9.16,-0.239191841915,6.4579185011,电力,2025-10-30,2024-09-30
000723,美锦能源,-0.15,14370087251.82,-3.1542389477,20.2265,-654832066.5,-261.26,108.7274,3.187009045747,-4.48,0.215177287337,4.5349483021,焦炭Ⅱ,2025-10-30,2024-09-30
000722,湖南发展,0.13,259460411.34,5.6969977303,-18.1261,61412937.09,36.24,-29.2911,6.67631436319,1.96,0.311968456743,55.3144765665,电力,2025-10-30,2024-09-30
000719,中原传媒,0.5,6698904972.56,1.0221966332,-17.6129,508198290.08,-25.87,-51.7903,10.752356181007,4.64,0.444286194587,36.7679030528,出版,2025-10-30,2024-09-30
000717,中南股份,-0.351,23067272023.79,-22.4005692942,-17.557,-850786327.51,-711.19,-187.1406,3.408872533683,-9.79,0.211100501571,-1.3477910814,普钢,2025-10-30,2024-09-30
000716,黑芝麻,0.056,1588115908.17,-17.3654975036,19.7216,41752427.32,-5.26,295.5547,3.354564991339,1.63,0.183676324483,23.044976199,休闲食品,2025-10-30,2024-09-30
000703,恒逸石化,0.07,94814944848.74,-6.6129773853,-9.2352,230910373.54,11.93,-1299.626,6.347143491965,0.92,0.132173181478,4.0451951982,炼化及贸易,2025-10-30,2024-09-30
000676,智度股份,0.1234,2372061272.01,12.6878233963,24.2262,155254650.21,-4.83,15.7968,3.11524296847,3.97,-0.040369437647,16.1052121509,广告营销,2025-10-30,2024-09-30
000663,永安林业,-0.12,221175412.49,-47.5667104095,7.8023,-39117556.58,-128.72,-60.5065,3.172273233541,-3.61,0.005387481474,7.8294228346,林业Ⅱ,2025-10-30,2024-09-30
000632,ST三木,-0.1958,9432655566.18,-8.678815007,-15.2147,-91160777.52,-878.44,-4663.1438,3.13073399258,-6.07,-0.375195066021,3.930929567,综合Ⅱ,2025-10-30,2024-09-30
000631,顺发恒能,0.03,445815863.84,-75.0510067775,-122.6123,64179491.52,-81.1,-80.7393,2.383096175297,1.08,0.034704194979,29.7601375257,电力,2025-10-30,2024-09-30
000601,韶能股份,0.1822,3363302748.7,-0.9562174621,-3.8188,196823883.28,201.34,-78.7862,4.148429414771,4.49,1.119372654386,20.5712675999,电力,2025-10-30,2024-09-30
000591,太阳能,0.33,4773160180.42,-25.9293432674,-16.5167,1290837382.56,-10.95,2.7791,6.061960307687,5.52,0.338820554632,48.4438178665,电力,2025-10-30,2024-09-30
000590,古汉医药,-0.1188,216231190.77,-21.264493984,0.0259,-28454466.79,-542.52,66.514,2.903326082582,-4.01,0.058074026267,46.2087169035,中药Ⅱ,2025-10-30,2024-09-30
000573,粤宏远A,-0.0607,416825947.97,53.201299568,7.3008,-38761317.75,43.26,-379.7184,2.496940381366,-2.35,-0.013583963238,7.4249990076,房地产开发,2025-10-30,2024-09-30
000570,苏常柴A,0.0657,1957966927.25,8.2302910859,-29.9307,46357441.5,-70.45,-121.1134,4.886108064883,1.34,-0.440423302298,13.4375065936,汽车零部件,2025-10-30,2024-09-30
000567,海德股份,0.2646,855752295.69,-9.9075225492,8.3272,517243706.95,-32.74,-3.8439,2.767150550556,9.35,0.073501804309,98.9292112255,多元金融,2025-10-30,2024-09-30
000566,海南海药,-0.2275,804727228.88,-35.7581084768,-8.2974,-295188939.35,-1102.58,48.5656,1.361922873715,-15.42,-0.051845600403,34.7672537823,化学制药,2025-10-30,2024-09-30
000560,我爱我家,0.0036,8762299213.6,-3.4204796268,-3.7663,8486614.06,112.49,-624.554,4.027835897012,0.09,1.190365471687,7.3644669875,房地产服务,2025-10-30,2024-09-30
000557,西部创业,0.1537,994676102.97,-17.0379910362,7.8713,224144048.04,13.9,-5.1829,4.166042467405,3.76,0.356445921377,27.6838195195,铁路公路,2025-10-30,2024-09-30
000553,安道麦A,-0.789,21523293000.0,-12.7201856083,-10.6519,-1838112000.0,-76.32,-41.3609,8.489491420999,-8.71,1.228525000075,22.1859498916,农化制品,2025-10-30,2024-09-30
000551,创元科技,0.4398,3356415470.26,4.8052033482,1.1321,211635059.64,54.48,-19.3606,6.255380882902,8.68,0.629169223333,23.2464662919,环保设备Ⅱ,2025-10-30,2024-09-30
000545,金浦钛业,-0.0555,1624394349.23,-4.0953826938,-12.7154,-54729700.83,46.37,-440.2792,1.35364568996,-3.83,0.018011453671,5.4859619736,化学原料,2025-10-30,2024-09-30
000544,中原环保,1.024,4087768545.43,-22.2330786448,-14.6317,998071810.05,19.32,2.8593,8.555853571561,11.22,-0.730060050243,48.0444433973,环境治理,2025-10-30,2024-09-30
000541,佛山照明,0.1634,6887273560.82,1.3280189915,-7.2586,250922255.79,5.12,-45.9125,4.129426695409,3.94,0.36876397504,19.0750679502,照明设备Ⅱ,2025-10-30,2024-09-30
000533,顺钠股份,0.1032,1697268175.62,11.1643429557,4.4815,71290139.18,47.81,137.4019,1.225725883014,8.79,0.056778585296,21.6633054082,电网设备,2025-10-30,2024-09-30
000516,国际医学,-0.0954,3606256924.42,7.8535217056,-4.9492,-212108983.83,4.59,43.9494,1.615928265095,-5.6,0.275921025113,9.1890443933,医疗服务,2025-10-30,2024-09-30
000503,国新健康,-0.0316,200175797.05,24.4005837515,-29.8347,-30946674.76,71.49,228.9423,1.416094919921,-2.2,-0.145227149744,3.4181413592,软件开发,2025-10-30,2024-09-30
000410,沈阳机床,-0.0291,2533328400.01,132.5390924828,-30.0732,-68625815.49,-71.76,-5.6221,0.447204874563,-2.86,-0.099668414163,11.2820262517,通用设备,2025-10-30,2024-09-30
000333,美的集团,4.58,320349787000.0,9.5663731161,-8.4296,31699114000.0,14.37,-7.7026,27.30799045354,18.46,7.878297413838,26.0418842486,白色家电,2025-10-30,2024-09-30
000099,中信海直,0.2512,1497180609.0,6.3006070951,6.043,194892486.07,0.26,27.8806,6.746021286161,3.77,0.66304243512,21.5876715806,航空机场,2025-10-30,2024-09-30
000088,盐田港,0.23,613151263.35,-9.5159004891,-0.7468,1004182451.95,5.7,1.5977,3.148179778546,7.52,0.077465031782,24.927774291,航运港口,2025-10-30,2024-09-30
000078,ST海王,0.0176,24552692705.95,-14.2725029075,-7.2833,46217326.63,-47.77,-70.8318,1.153841177913,1.53,0.019257201864,9.9001038903,医药商业,2025-10-30,2024-09-30
000068,华控赛格,-0.0729,591821451.5,-2.5059788378,272.3549,-73371720.7,-119.62,38.9901,0.620172153345,-10.83,0.063481904539,4.6468197934,环境治理,2025-10-30,2024-09-30
000066,中国长城,-0.213,9605795089.25,19.2720533142,3.4362,-687639695.03,17.2431020437,-54.9909,3.723428297478,-5.58,-0.270143713624,16.3800347502,计算机设备,2025-10-30,2024-09-30
000058,深赛格,0.031,1243637571.71,-9.9764512778,13.8366,38126457.05,-72.91,-149.126,1.630312173026,1.9,0.045577643804,25.0237986636,一般零售,2025-10-30,2024-09-30
000021,深科技,0.4238,10851685615.18,-1.0911725686,-3.3365,661378001.23,48.12,26.2189,7.409949922132,5.81,1.22870225145,16.6014393771,消费电子,2025-10-30,2024-09-30
000017,深中华A,0.0108,279461877.0,-19.8106870405,-34.6597,7422137.22,46.86,-31.8697,0.458778722866,2.38,-0.085594526832,6.6381615837,饰品,2025-10-30,2024-09-30
000016,*ST康佳A,-0.667,8119982481.56,-45.4180953498,-8.2216,-1606079930.28,-124.67,10.2078,1.678844993898,-33.23,-0.162365577006,4.464605838,白色家电,2025-10-30,2024-09-30
000011,深物业A,0.006,1317806652.07,-45.7095365002,2.7439,3581016.97,-98.45,-164.3676,7.515278060946,0.08,-2.941290692023,20.244049947,房地产开发,2025-10-30,2024-09-30
000006,深振业A,-0.3878,4827628216.97,482.1413946969,-46.6801,-523537572.78,-42612.8,44.412,4.776760865477,-7.8,0.080019710776,7.6584441217,房地产开发,2025-10-30,2024-09-30
920982,锦波生物,4.52,988391498.12,91.1620946299,2.1554,519948617.6,170.42,1.052,14.879645129237,44.22,6.135021366191,92.3677854612,医疗美容,2025-10-29,2024-09-30
920981,晶赛科技,0.11,388385177.01,47.1756328908,-7.6653,8502915.65,226.89,-54.5495,6.707858411231,1.67,0.145532265654,12.9863324183,元件,2025-10-29,2024-09-30
920974,凯大催化,0.09,760625498.93,-29.8715443082,-19.5846,15175852.61,437.51,525.6774,3.766380638339,2.42,0.201103043284,2.9135820086,化学制品,2025-10-29,2024-09-30
920946,森萱医药,0.214,388292807.26,-12.7594631315,-13.5419,91366685.53,-11.57,-37.7174,2.717375194258,7.93,0.272742765677,43.5402474367,化学制药,2025-10-29,2024-09-30
920942,恒立钻具,0.4875,143226031.62,22.2295616031,-17.9111,29898074.89,7.74,-27.4017,7.803231858673,6.32,0.314720883427,39.705403785,工程机械,2025-10-29,2024-09-30
920926,鸿智科技,0.25,333801738.87,15.376541337,15.3248,21820274.82,-12.54,2.6248,4.306184938047,8.62,0.610200479867,18.0376375731,小家电,2025-10-29,2024-09-30
920925,锦好医疗,-0.04,107242146.61,-23.9778662985,61.6129,-3787072.38,-119.76,114.4462,3.56483038546,-1.06,-0.261391472629,47.8406259309,医疗器械,2025-10-29,2024-09-30
920914,远航精密,0.42,607151026.48,-3.7231209453,1.6929,42124957.92,11.9,-31.9579,8.8937810484,4.79,-0.1559590233,14.9845266914,电池,2025-10-29,2024-09-30
920906,舜宇精工,0.02,449946151.71,-4.9439776571,-37.637,1369733.3,-94.99,-177.6193,8.242993260428,0.26,-0.339906193474,17.8503853438,汽车零部件,2025-10-29,2024-09-30
920892,广咨国际,0.31,357017930.91,2.3086544091,-19.8114,52617869.51,8.98,-74.4806,2.449613098367,13.29,0.340087562856,34.2404917922,工程咨询服务Ⅱ,2025-10-29,2024-09-30
920885,星辰科技,0.07,100287720.55,10.2056916318,-4.8122,12114363.41,53.86,360.5633,2.207020843244,3.24,-0.00045116842,42.0974822027,自动化设备,2025-10-29,2024-09-30
920871,派特尔,0.34,125050173.93,4.623692088,-8.798,25191142.54,58.6,6.5478,3.456923833149,10.06,0.469874245189,35.1147669371,汽车零部件,2025-10-29,2024-09-30
920857,泓禧科技,0.18,355250249.58,5.4322440228,10.9836,13368007.39,-59.78,-83.7423,5.201318507568,3.42,0.211304816999,14.875820865,消费电子,2025-10-29,2024-09-30
920856,浩淼科技,-0.04,247842097.06,-21.7454437509,74.3347,-3051639.58,-123.46,282.7179,5.0792480908,-0.7,-1.435654136109,15.7476997988,专用设备,2025-10-29,2024-09-30
920806,云星宇,0.16,1289466983.01,-19.7645284812,18.5076,44993954.69,-47.22,20.6624,4.746116237931,3.26,-1.044055536002,16.4917941562,IT服务Ⅱ,2025-10-29,2024-09-30
920799,艾融软件,0.21,435251454.17,-0.4609065994,15.6146,42924390.44,8.4,136.6002,1.863879926952,10.75,-0.217358219097,33.8728484782,软件开发,2025-10-29,2024-09-30
920781,瑞奇智造,0.11,286371932.36,28.4499246905,-24.8346,15472426.66,-27.44,-76.5329,2.857829177768,3.88,-0.170436400314,19.341149799,专用设备,2025-10-29,2024-09-30
920779,武汉蓝电,0.69,119418989.35,-12.3946549318,-21.8062,55592641.51,-14.15,6.0889,8.628691378671,10.64,0.769120568706,62.8803087672,电池,2025-10-29,2024-09-30
920770,艾能聚,0.32,127000176.14,-56.4391782626,-10.704,41104070.87,-25.14,73.2708,4.527418230349,7.17,0.333036863481,54.0634661989,光伏设备,2025-10-29,2024-09-30
920768,拾比佰,-0.06,1191121315.16,60.6947278335,-17.9702,-6866067.69,82.08,-244.0639,5.856041523295,-1.05,-0.208486729927,6.6287630844,家电零部件Ⅱ,2025-10-29,2024-09-30
920765,美之高,0.23,393809734.17,25.1970643713,50.2134,16308055.13,13.93,96.6124,4.723240315421,4.84,-0.261483981077,24.085116423,家居用品,2025-10-29,2024-09-30
920753,天纺标,0.26,150171031.47,11.6273022429,-0.9868,20981706.23,20.93,28.5581,4.78992254396,5.07,0.268234074859,49.7491249602,专业服务,2025-10-29,2024-09-30
920751,惠同新材,0.36,166053452.97,15.4357142451,13.7974,31130006.62,29.02,21.0555,4.296059171814,8.44,0.34613903941,35.3560124285,金属新材料,2025-10-29,2024-09-30
920748,路桥信息,-0.09,91658374.64,-24.8209946853,-35.3173,-6983767.76,-3.87,-216.859,3.628391032968,-2.42,-0.278559955564,35.6458901419,IT服务Ⅱ,2025-10-29,2024-09-30
920701,豪声电子,1.14,580732582.5,24.650995729,2.3091,156547887.5,572.58,-9.6295,8.062159844694,20.58,0.044009016939,12.1661229504,消费电子,2025-10-29,2024-09-30
920685,新芝生物,0.24,108698472.95,-17.2028510925,6.022,21653091.07,-42.17,-15.1389,5.672995413225,4.08,0.254085627771,62.4015002963,通用设备,2025-10-29,2024-09-30
920682,球冠电缆,0.27,2607470648.16,27.394346109,-4.9496,86376547.17,13.47,-25.2058,3.954274959135,8.13,-0.617255591901,10.59002623,电网设备,2025-10-29,2024-09-30
920665,科强股份,0.38,252280898.94,-1.0408935259,-6.455,49862897.86,-6.22,-35.7505,5.363373018386,7.19,0.360423960151,40.0236976023,橡胶,2025-10-29,2024-09-30
920662,方盛股份,0.28,245976711.88,-8.4996767521,-4.6277,24597236.29,-55.43,-60.0697,5.112548796629,5.51,0.609964103256,22.6480920386,通用设备,2025-10-29,2024-09-30
920641,格利尔,0.02,430929650.4,1.3835778523,-25.5356,1191855.81,-95.63,112.2521,4.632142825972,0.33,-0.03536481252,17.4286015943,照明设备Ⅱ,2025-10-29,2024-09-30
920640,富士达,0.1917,558665461.56,-15.7449090998,-3.605,35992194.25,-69.57,-88.4825,4.543581990912,4.22,0.008926865678,32.875653676,通信设备,2025-10-29,2024-09-30
920634,新威凌,0.36,649123654.9,72.650165289,27.793,22442398.49,59.9,-12.6908,4.185346789256,8.84,-0.304600888129,8.8520398504,工业金属,2025-10-29,2024-09-30
920627,力王股份,0.2,529197122.37,20.6224121661,24.5717,19088794.57,-25.47,-40.6981,4.59449189783,4.34,0.286658904182,14.5110091899,电池,2025-10-29,2024-09-30
920608,丰安股份,0.43,112429719.06,41.5088161037,10.3081,26521850.2,1.91,18.8655,7.371425745019,5.84,-0.461589787114,33.2895936172,专用设备,2025-10-29,2024-09-30
920593,鼎智科技,0.16,169979280.3,-28.5772038504,12.4259,30615271.27,-54.43,15.9875,4.898759730921,4.61,0.235200240464,52.6725082386,自动化设备,2025-10-29,2024-09-30
920592,华信永道,-0.47,79567235.43,4.6882458398,-35.4322,-29292098.67,31.71,73.145,5.600189125664,-8.08,-1.353509725986,25.3216025178,软件开发,2025-10-29,2024-09-30
920579,机科股份,0.06,267118472.19,3.0282344853,25.9141,8077224.88,-24.54,215.3488,3.997152103491,1.52,-0.398971110905,17.9335951038,自动化设备,2025-10-29,2024-09-30
920576,天力复合,0.4071,454685996.92,-16.8164154962,-49.9347,44351844.73,-37.29,-76.6812,4.065426855163,9.39,-0.126309956861,22.4169067665,金属新材料,2025-10-29,2024-09-30
920570,坤博精工,0.38,96483902.27,-56.8307231321,29.5151,17365703.44,-56.87,-27.591,7.629753953442,5.03,0.495342217968,22.5997413734,通用设备,2025-10-29,2024-09-30
920553,凯腾精工,0.08,323474263.78,4.9009906082,2.4385,11169610.74,-42.24,-20.2876,2.364206257813,3.28,0.253362400677,34.2624818015,专用设备,2025-10-29,2024-09-30
920541,铁大科技,0.1783,157661963.2,0.9584682704,5.8311,24377709.04,53.22,139.5775,2.895020387345,6.37,0.186904691514,45.2554542655,轨交设备Ⅱ,2025-10-29,2024-09-30
920533,骏创科技,0.35,574279898.14,17.3359037548,5.125,45032238.51,-23.66,-42.457,3.424794555327,13.44,0.693113312585,23.7206157975,汽车零部件,2025-10-29,2024-09-30
920522,纳科诺尔,0.99,853811740.46,19.5839567779,4.9537,150651242.72,29.96,3.094,9.108784307504,15.81,1.074670972118,25.7023910917,电池,2025-10-29,2024-09-30
920519,万德股份,0.29,403382218.94,2.8461462677,10.6812,25462695.04,-28.35,-45.8514,5.641096665464,4.97,0.560897108682,18.6344424991,化学制品,2025-10-29,2024-09-30
920510,丰光精密,0.12,183015479.06,29.4378615176,2.3537,21970450.72,35.68,-2.9301,2.175644939911,5.17,0.242906660766,36.7889590246,通用设备,2025-10-29,2024-09-30
920508,殷图网联,-0.16,41234698.22,3.70990114,-7.8638,-7801322.54,-346.27,-67.2899,3.837318038,-3.88,-0.2308759972,35.3468542736,电网设备,2025-10-29,2024-09-30
920493,并行科技,0.05,433703586.93,30.3478896078,16.9418,3015822.76,105.8,-170.1877,5.953328441182,0.88,0.336360268762,32.8082831312,IT服务Ⅱ,2025-10-29,2024-09-30
920454,同心传动,0.1418,89861246.74,-26.0471995092,-5.8006,14906390.96,-4.74,8.6638,2.954392605804,4.6,0.205421653283,29.8402096151,汽车零部件,2025-10-29,2024-09-30
920436,大地电气,-0.24,540103770.71,-0.3905887837,-7.0536,-22218120.47,-352.88,-82.0261,4.505957185529,-5.11,-0.4060135572,15.7784840269,汽车零部件,2025-10-29,2024-09-30
920433,大唐药业,0.04,158063006.9,6.6397133871,-22.1938,10376805.15,-0.72,33.9706,1.868719967418,2.14,0.028890977478,72.1620584645,中药Ⅱ,2025-10-29,2024-09-30
920427,华维设计,0.07,45372353.71,-47.0158460292,-16.3031,6923244.62,-73.47,1447.9433,3.214706972307,2.01,0.208134525923,29.0031661441,工程咨询服务Ⅱ,2025-10-29,2024-09-30
920425,乐创技术,0.2,58909954.88,-2.5777438539,-13.3729,14011956.92,-36.55,88.9922,4.737126263074,5.7,0.364073048031,62.0266117576,自动化设备,2025-10-29,2024-09-30
920422,润普食品,0.08,367247393.82,-6.2100340247,-2.4461,7285445.61,-56.14,-106.3377,4.70207557533,1.7,0.050761129265,10.0407514336,化学制品,2025-10-29,2024-09-30
920418,苏轴股份,0.72,546828652.01,17.4497746726,-1.6158,117598369.43,35.04,5.6669,5.79373418993,15.69,0.830448376019,38.5377005311,汽车零部件,2025-10-29,2024-09-30
920415,恒拓开源,0.07,117230641.98,-4.4849979433,-25.8204,10169276.98,-8.43,-63.0458,3.712584282522,1.95,0.032952212797,47.5813748845,软件开发,2025-10-29,2024-09-30
920395,朗鸿科技,0.28,115257115.49,43.5251489661,42.2596,42988210.71,45.73,11.2455,1.580760600844,19.97,0.394184602992,57.0957418119,专用设备,2025-10-29,2024-09-30
920368,连城数控,1.61,3968438490.21,7.3079624237,0.2828,376885453.3,-17.73,-44.8281,17.777712753818,9.41,-2.262487914757,29.6300789923,光伏设备,2025-10-29,2024-09-30
920351,华光源海,0.07,1600887480.42,35.1703510794,7.1823,6273588.44,-75.81,-123.5499,4.994980583672,1.42,-0.658321844456,6.2807047697,物流,2025-10-29,2024-09-30
920346,威贸电子,0.39,187852855.32,8.109596648,-8.7273,30600097.86,7.2,-34.5742,5.401566915609,7.08,0.48773620095,30.5037226783,消费电子,2025-10-29,2024-09-30
920344,三元基因,0.1,168404084.66,10.4977359774,-25.966,11854462.75,8.33,-71.7169,5.011919585748,1.93,0.467386482637,81.6249233785,生物制品,2025-10-29,2024-09-30
920284,灵鸽科技,-0.0657,148002758.8,-27.0626162422,12.2566,-6869833.34,-150.04,189.2917,3.310624425989,-1.95,-0.196495951903,22.3047351736,专用设备,2025-10-29,2024-09-30
920278,鹿得医疗,0.11,234676473.81,-1.4380967723,6.3721,18397981.89,-29.99,-18.6343,2.21942215767,4.7,0.110399879432,25.0682522602,医疗器械,2025-10-29,2024-09-30
920274,宏裕包材,-0.05,466637040.69,-2.1481653295,6.3145,-4300062.98,-115.32,-4505.803,5.808885689476,-0.87,0.487282392112,5.4461032567,包装印刷,2025-10-29,2024-09-30
920266,生物谷,0.01,420136311.75,-10.4640271216,-1.2184,1790516.28,-70.38,47.4267,8.074747661022,0.18,0.813260150784,76.3719217326,中药Ⅱ,2025-10-29,2024-09-30
920249,利尔达,-0.12,1462224996.15,-12.7936163385,5.9521,-48590460.72,-3389.68,51.7975,1.770111775917,-6.35,-0.175578764082,13.4217686872,通信设备,2025-10-29,2024-09-30
920245,威博液压,0.41,249716734.95,15.2051813997,-11.7117,19904530.63,19.88,-9.1148,6.941129180522,6.0,0.549317778514,20.7471454287,工程机械,2025-10-29,2024-09-30
920242,建邦科技,1.17,537469590.17,36.154687528,35.4326,75656075.46,50.82,39.6046,8.647628277675,13.94,0.895199170666,30.5977304387,汽车零部件,2025-10-29,2024-09-30
920212,智新电子,0.14,381685996.8,29.1789699748,-20.5675,14341347.81,5.36,-14.6772,3.880378932516,3.52,-0.298284971442,13.7028816274,消费电子,2025-10-29,2024-09-30
920204,沪江材料,0.2348,220527068.76,10.9238484874,-2.4226,22138386.69,5.53,-34.2687,5.031687953957,4.72,0.247462617564,31.6529662334,包装印刷,2025-10-29,2024-09-30
920199,倍益康,0.3046,200408101.44,-18.9693363536,23.5644,20742778.51,-35.48,165.9479,7.709643040209,3.99,0.153381747267,39.0999867306,小家电,2025-10-29,2024-09-30
920190,雷神科技,0.1816,2007382494.36,3.6598315491,30.0795,18163249.84,-34.36,308.0111,8.427372634826,2.16,-1.544620589254,8.445316163,计算机设备,2025-10-29,2024-09-30
920179,凯德石英,0.4,231908296.13,25.5225812048,4.4104,29486971.21,-6.09,19.6565,9.6701857104,4.15,-0.160470948,44.9949881446,半导体,2025-10-29,2024-09-30
920174,五新智能,1.06,603854210.22,-14.1089018198,-5.8125,93947506.65,-19.1,-27.2617,8.356488871778,13.27,0.966497072872,33.3812782802,基础建设,2025-10-29,2024-09-30
920167,同享科技,0.63,1957786628.28,22.0400921516,-15.6894,69213505.39,-14.88,-73.5463,5.831147724341,11.42,2.131821471955,8.1840508391,光伏设备,2025-10-29,2024-09-30
920163,方大新材,0.28,510343582.24,43.6646687232,-3.2792,35955715.68,18.01,-26.2886,3.510738943338,7.93,0.134768179211,16.3624552078,包装印刷,2025-10-29,2024-09-30
920158,长江能科,0.29,198445823.72,-19.5189366426,-47.2292,31848343.3,2.5555971695,-37.623,3.085751992968,10.06,0.410461889341,43.6727639793,专用设备,2025-10-29,2024-09-30
920149,旭杰科技,0.05,431269315.94,-13.7283334337,-43.48,3896570.37,-37.32,-641.6071,2.515102914802,2.14,0.004491051005,14.4826807476,工程咨询服务Ⅱ,2025-10-29,2024-09-30
920145,恒合股份,-0.13,40977048.4,23.596611741,-7.0893,-9512588.52,-16.98,-127.4277,3.783824952799,-3.5,-0.263481601276,20.574069166,环保设备Ⅱ,2025-10-29,2024-09-30
920122,中纺标,0.2,146511584.35,4.7494166271,0.4106,18739532.26,-28.38,68.832,3.733643727982,5.33,0.387239257693,47.4652988694,专业服务,2025-10-29,2024-09-30
920111,聚星科技,0.82,703321165.55,67.6900658487,3.1862,90340423.88,63.3624843283,28.5786,,16.91,,21.954150818,电网设备,2025-10-29,2024-09-30
920101,志高机械,1.13,655047020.36,5.9577471238,-12.2071,72612042.65,20.5102634405,12.275,8.321146207549,14.53,1.455077671917,26.348088999,工程机械,2025-10-29,2024-09-30
920090,*ST同辉,-0.15,182024333.62,26.332556701,-57.3862,-28945070.39,11.93,-98.8296,0.743751880328,-17.79,-0.144813537456,3.5016982967,计算机设备,2025-10-29,2024-09-30
920089,禾昌聚合,0.6,1114322439.02,12.2951689703,15.4471,91055614.33,5.7,11.0694,7.238677406616,8.64,-0.583347844466,16.1269308709,塑料,2025-10-29,2024-09-30
920080,奥美森,0.59,242798886.4,,-17.6897,35468959.12,,-25.3218,,10.97,,44.999717161,专用设备,2025-10-29,2024-09-30
920066,科拜尔,0.96,330694289.06,26.3141187939,0.459,31194508.89,10.68,-23.6869,7.340200768247,14.02,-1.064562487319,17.6153865661,塑料,2025-10-29,2024-09-30
920056,能之光,0.6,444241248.4,5.8451923628,-2.9717,38605558.04,8.8127895531,7.1327,5.595160215288,11.27,0.873909963567,17.0441256778,塑料,2025-10-29,2024-09-30
920029,开发科技,4.7,2120185663.39,13.2214333836,11.2262,472063188.62,29.9540861682,0.5577,19.863876132072,26.94,3.308471146813,38.8569520861,通用设备,2025-10-29,2024-09-30
920027,交大铁发,0.2,154133785.3,,-46.208,11692198.38,,-99.8759,,5.46,,44.7794260458,轨交设备Ⅱ,2025-10-29,2024-09-30
920026,卓兆点胶,-0.19,97499082.17,-57.6842223427,45.3652,-15297491.94,-123.03,-2144.2263,6.930226186683,-2.57,0.498474782036,49.6673506686,专用设备,2025-10-29,2024-09-30
920023,*ST田野,0.1,370764000.71,13.5203025303,-8.6217,31372584.13,34.53,-74.3601,3.71290600289,2.59,0.142888878107,22.6644939905,农产品加工,2025-10-29,2024-09-30
920022,世昌股份,1.16,361709734.78,39.2767121065,24.9714,49022536.0,64.7807540442,83.2003,4.758987998864,26.93,0.767260117589,25.0261015632,汽车零部件,2025-10-29,2024-09-30
920007,酉立智能,2.13,557496258.31,14.5935223061,-0.1934,65664726.37,11.9424139849,-24.0778,8.847963005488,27.63,-0.223125945384,18.4865660233,光伏设备,2025-10-29,2024-09-30
920001,纬达光电,0.16,168258718.31,9.8559865011,-1.6892,23879832.01,-23.14,-3.4351,4.918032571988,3.18,0.018244423961,30.1009026152,光学光电子,2025-10-29,2024-09-30
900942,黄山B股,0.3906,1411834132.83,-1.5815742275,16.1057,284897171.45,-30.15,44.3518,6.34319739121,6.25,0.55906940101,53.4128628742,旅游及景区,2025-10-29,2024-09-30
900932,陆家B股,0.2158,6909235930.89,14.497021912,27.8885,1054544976.87,-3.76,250.9479,4.877169308715,4.52,0.936118116251,56.7448727756,房地产开发,2025-10-29,2024-09-30
874786,嘉泰激光,0.66,608127654.57,,,52958247.63,,,,11.98,,21.6625563959,,2025-10-29,2024-09-30
834670,宏达小贷,0.07,74920115.2,-17.4771522737,-24.1389,36887950.76,-22.97,-40.2526,1.35430992882,5.24,0.40259056358,,,2025-10-29,2024-09-30
834089,浙商创投,-0.01,39372386.08,-33.0230725126,35.4943,-8323737.91,-158.47,-151.1532,1.593552617814,-0.71,-0.001799382338,,,2025-10-29,2024-09-30
833689,架桥资本,-0.04,51748175.95,43.7259271972,-49.1275,-4229008.3,-125.05,109.8233,2.490477573277,-1.73,-0.0612297777,,,2025-10-29,2024-09-30
833502,ST联创集,-0.0158,6613105.26,32.0999071216,217.5356,-19368516.61,37.15,69.1165,0.193175419085,-7.88,-0.029174511225,,,2025-10-29,2024-09-30
831199,海博小贷,0.09,118659556.73,-8.1291751154,14.4762,55642856.12,-19.91,-78.6063,1.611553950814,5.37,0.069001461625,,,2025-10-29,2024-09-30
688819,天能股份,1.51,32887588940.8,-6.2057403078,-8.368,1464180835.55,-14.45,-60.9664,16.335912254058,9.37,3.009270145561,15.4034173832,电池,2025-10-29,2024-09-30
688793,倍轻松,0.16,836558695.18,-11.1639310071,-24.8827,13099825.29,180.2126965004,-223.8537,4.404553956971,3.18,0.226709682921,63.2089505192,小家电,2025-10-29,2024-09-30
688755,汉邦科技,0.68,483460857.56,,-19.2312,44742386.81,,-77.9143,,,,43.2958534795,专用设备,2025-10-29,2024-09-30
688695,中创股份,0.12,98406956.46,30.0865893006,18.9011,9705048.84,-4.96,2803.6554,9.198047526402,1.48,-0.597276739596,87.7475814681,软件开发,2025-10-29,2024-09-30
688690,纳微科技,0.1045,549753972.67,21.854724086,13.0902,42004258.25,7.75,-110.8221,4.243065622724,2.47,0.074596790883,71.0609231713,化学制药,2025-10-29,2024-09-30
688689,银河微电,0.35,638093850.2,21.9005769398,0.3239,44935406.01,-9.7,-42.4073,9.069832868565,3.43,0.349437191677,26.910265179,半导体,2025-10-29,2024-09-30
688681,科汇股份,0.15,280619926.89,23.7159756672,3.1661,15494827.62,218.88,-11.7953,5.392762107576,2.76,0.014176068883,40.4960740848,电网设备,2025-10-29,2024-09-30
688669,聚石化学,-0.08,3192286393.39,4.8258074801,-0.6258,-9390337.81,-120.95,-197.4449,12.614695397309,-0.61,1.358250241191,11.9283830485,塑料,2025-10-29,2024-09-30
688660,电气风电,-0.36,3134871098.27,-47.0842698978,155.8837,-476614366.0,26.9529984531,48.6434,4.047333215038,-8.46,-1.760096829323,17.0754334197,风电设备,2025-10-29,2024-09-30
688657,浩辰软件,0.53,197774840.2,1.7681953442,-0.1483,34690789.71,-17.95,-20.8431,21.351035075433,2.47,0.387473296207,91.3087522697,软件开发,2025-10-29,2024-09-30
688648,中邮科技,-0.51,594035004.3,-49.3477273446,16.12,-69018905.66,-432.42,-165.5138,12.041748728529,-4.08,-2.259833451618,12.0825287837,专用设备,2025-10-29,2024-09-30
688638,誉辰智能,-1.22,433691651.35,-47.257968955,-11.081,-68403781.82,-267.27,14.1237,18.683146968393,-6.29,-2.29129311625,9.2533342238,电池,2025-10-29,2024-09-30
688627,精智达,0.55,566198668.65,52.4830946632,-26.5523,51380439.56,-6.33,-74.9763,18.006143496482,2.98,-1.225950000146,36.9438342832,通用设备,2025-10-29,2024-09-30
688609,九联科技,-0.2128,1878642322.74,19.4237733444,-19.6831,-105151531.78,12.8452453017,13.9971,1.86456200316,-10.75,0.25650939824,11.412464966,黑色家电,2025-10-29,2024-09-30
688582,芯动联科,0.35,271457683.25,41.209136798,16.7588,138084639.17,42.39,40.6146,5.534705695108,6.43,0.314769616135,83.9724759163,半导体,2025-10-29,2024-09-30
688578,艾力斯,2.36,2533480109.53,87.971271399,14.7972,1062948077.37,158.99,16.2038,10.806715488444,23.95,2.747755194422,95.8029324525,化学制药,2025-10-29,2024-09-30
688577,浙海德曼,0.16,544063882.95,16.9184704382,-18.3111,17334917.14,-27.47,-21.6594,12.650255633098,1.94,0.656019509515,24.6626049431,通用设备,2025-10-29,2024-09-30
688573,信宇人,-0.79,189960863.12,-49.702082375,-70.674,-76185844.62,-3513.0909676871,-144.3448,8.403768262045,-8.59,-0.451195740697,22.817819075,电池,2025-10-29,2024-09-30
688536,思瑞浦,-0.75,848218640.64,4.3070714279,11.3688,-98726181.57,-705.52,-100.8871,40.556757469926,-1.8,0.130770598848,49.4648078688,半导体,2025-10-29,2024-09-30
688531,日联科技,0.63,511821080.91,20.031025677,-2.1869,105031802.93,30.09,-34.3205,27.856197944387,3.25,-0.109369817045,45.2115172764,专用设备,2025-10-29,2024-09-30
688516,奥特维,3.66,6938698431.44,63.6837469731,2.0477,1154119222.41,36.91,-9.1008,13.6896852165,28.53,1.173305941399,33.0922138356,光伏设备,2025-10-29,2024-09-30
688485,九州一轨,-0.18,188464893.64,1.9791176367,3.9025,-23941835.58,-278.4263163331,3.6438,8.23586197094,-1.84,-0.82869555772,22.8828786184,轨交设备Ⅱ,2025-10-29,2024-09-30
688435,英方软件,-0.38,118345886.79,-9.9622960093,-29.2288,-31663716.81,-828.72,-12.7229,13.293154611138,-3.0,-0.468749907186,87.0617530315,软件开发,2025-10-29,2024-09-30
688433,华曙高科,0.1059,344907322.53,-7.0906634401,14.8293,43798757.57,-39.85,64.5834,4.638752204246,2.27,-0.129130832694,47.1139869105,通用设备,2025-10-29,2024-09-30
688420,美腾科技,0.4,397326783.54,16.3652845917,-32.941,34574812.24,4.0,-88.1467,16.285966355083,2.35,-0.947538497456,36.9959328617,专用设备,2025-10-29,2024-09-30
688410,山外山,0.1935,417972866.46,-27.3888850554,21.6501,61943138.86,-65.89,40.4521,5.2654134531,3.63,0.201485760827,44.1668415425,医疗器械,2025-10-29,2024-09-30
688392,骄成超声,0.18,408165580.05,-10.3733780221,33.7745,20448803.73,-73.03,261.6289,14.461673438328,1.21,-0.735363521777,51.374823863,电池,2025-10-29,2024-09-30
688389,普门科技,0.6,856792043.92,5.8902967376,-6.0985,257414935.91,25.62,32.2876,4.550784534004,13.69,0.412189238676,67.1140234974,医疗器械,2025-10-29,2024-09-30
688385,复旦微电,0.52,2683645341.52,-1.9865374001,-1.3093,427239183.99,-34.29,-57.6402,6.968379505626,7.76,0.140844196057,55.0494448549,半导体,2025-10-29,2024-09-30
688380,中微半导,0.28,649434483.19,40.0344070652,-1.1225,111338107.92,1978.2130465125,381.2698,7.411779868095,3.65,0.474484580295,29.9374405906,半导体,2025-10-29,2024-09-30
688369,致远互联,-0.95,616875159.54,-12.5391710724,-2.1925,-109404414.6,-234.3973179053,-9.4422,10.327236672078,-8.45,-2.318712448334,68.8279132583,软件开发,2025-10-29,2024-09-30
688363,华熙生物,0.75,3874744443.18,-8.2126225005,-26.6312,362023904.69,-29.62,-79.412,14.571493068126,5.1,0.568961269938,73.928922407,医疗美容,2025-10-29,2024-09-30
688333,铂力特,0.1713,792459841.33,6.8493562794,-37.469,46515406.79,20.9191055048,-133.4244,17.690904398799,0.97,-0.860577991584,40.6501862163,通用设备,2025-10-29,2024-09-30
688332,中科蓝讯,1.72,1248001991.73,18.9062018237,6.7694,206712476.43,4.8,-9.6274,32.336918184452,5.39,0.779404526818,22.9219780061,半导体,2025-10-29,2024-09-30
688327,云从科技,-0.49,226510204.76,-34.5117096467,60.3091,-508632759.35,-25.9704716056,22.1751,1.234008559707,-35.31,-0.185064667004,46.8621765419,IT服务Ⅱ,2025-10-29,2024-09-30
688326,经纬恒润,-3.56,3546024524.1,24.0502025804,33.5229,-410153847.95,-192.5260277357,45.8074,35.739891478487,-9.02,-7.289816460819,21.7775516315,软件开发,2025-10-29,2024-09-30
688325,赛微微电,0.735,281116391.73,86.0965158585,11.2687,60063289.77,214.28,30.2352,19.910639865757,3.59,0.686496057341,52.8355687678,半导体,2025-10-29,2024-09-30
688309,恒誉环保,-0.001,64435136.69,-55.9315736103,74.9372,-81337.69,-100.67,117.6091,8.988363832762,-0.01,0.205980981952,46.1894129956,环保设备Ⅱ,2025-10-29,2024-09-30
688299,长阳科技,0.07,1003390053.09,8.2325838356,6.9178,18518061.27,-75.26,-83.4483,7.35049707915,0.86,0.437115687211,23.9228048704,光学光电子,2025-10-29,2024-09-30
688292,浩瀚深度,0.23,316759991.29,-14.0416841799,-46.1653,36902781.04,-28.32,-90.9106,6.595361154965,3.38,0.141586606303,54.2011710983,计算机设备,2025-10-29,2024-09-30
688288,鸿泉技术,-0.34,364322095.76,24.9616358151,4.7007,-29952919.19,16.3640660777,-44.7145,6.987915128902,-4.15,-0.451288720968,36.3814729802,计算机设备,2025-10-29,2024-09-30
688283,坤恒顺维,0.14,121327185.07,-27.2305300308,-27.6119,16591067.99,-68.91,-76.3799,7.805551098358,1.71,0.162626585468,63.5647163375,通信设备,2025-10-29,2024-09-30
688281,华秦科技,1.14,737788163.67,22.5538547337,6.3391,309465965.6,14.41,-7.2605,22.946562555384,7.13,0.8042565881,54.5643528608,航空装备Ⅱ,2025-10-29,2024-09-30
688279,峰岹科技,1.99,432827240.54,53.7204223836,-9.4072,183812263.84,48.23,-13.5296,27.121131923929,7.5,1.300240870354,52.9366579571,半导体,2025-10-29,2024-09-30
688269,凯立新材,0.49,1143179877.4,-14.6826178825,-34.8406,64040796.38,-34.45,-51.0628,7.552425392643,6.41,-0.244004833746,11.3101202598,化学制品,2025-10-29,2024-09-30
688262,国芯科技,-0.38,469580210.79,16.5783504468,151.3357,-127306457.56,-122.2341015405,-23.5671,6.690726711527,-5.44,0.109711457366,18.5099737878,半导体,2025-10-29,2024-09-30
688255,凯尔达,0.28,451562604.64,28.8888064323,-19.8949,29265951.13,78.64,-48.7886,9.436738040087,2.82,0.086935980954,20.4680421408,自动化设备,2025-10-29,2024-09-30
688231,隆达股份,0.25,1046463932.97,16.2109953906,-17.4064,59789058.17,-25.15,-23.9948,11.089936113617,2.17,-0.769335912066,15.4512306995,金属新材料,2025-10-29,2024-09-30
688229,博睿数据,-1.46,105120196.85,10.4992305639,31.9523,-63163756.11,15.7577075489,60.2641,10.795461277252,-12.5,-1.733894644144,72.6291905341,IT服务Ⅱ,2025-10-29,2024-09-30
688226,威腾电气,0.7,2744984218.13,36.7254008914,-15.5545,109036018.52,28.64,-30.4032,7.047271686067,10.24,-1.214276743429,16.3861846123,电网设备,2025-10-29,2024-09-30
688225,亚信安全,-0.539,1108381328.14,11.7481836919,20.2074,-208341246.53,1.3655173159,64.8677,4.859078329117,-10.26,-0.970618441689,53.7422698693,软件开发,2025-10-29,2024-09-30
688217,睿昂基因,0.1,189630100.09,-4.6218939088,-22.327,5727339.64,-69.58,-140.2187,16.66337848828,0.61,0.583636720106,76.0805188952,医疗器械,2025-10-29,2024-09-30
688212,澳华内镜,0.28,500553520.06,16.7896879788,-20.1905,37303031.49,-17.45,990.285,10.272707145291,2.66,-1.024667021579,69.251912035,医疗器械,2025-10-29,2024-09-30
688209,英集芯,0.21,1023878914.74,21.4682380216,13.3478,89043936.23,465.78,42.4865,4.479927524607,4.77,0.141021290498,33.6827719436,半导体,2025-10-29,2024-09-30
688207,格灵深瞳,-0.53,60664318.37,-72.9892400772,-54.5528,-137622524.86,-696.4725313973,-17.4604,8.259270463706,-6.21,-0.458282110809,60.084811895,IT服务Ⅱ,2025-10-29,2024-09-30
688183,生益电子,0.23,3179337005.16,32.9657710768,10.8061,186523599.99,1156.9771250509,29.8604,4.866869911613,4.5,0.39760632345,21.4750902944,元件,2025-10-29,2024-09-30
688181,八亿时空,0.46,548449238.58,-12.3510926401,-11.6421,61632390.51,-35.52,-60.9513,15.79042383384,2.94,0.670715308701,41.4078015202,光学光电子,2025-10-29,2024-09-30
688180,君实生物,-0.94,1271200009.95,28.8651485489,19.7141,-926768557.18,34.1230854401,22.1349,6.262121523201,-13.91,-1.129637340678,74.4069325579,生物制品,2025-10-29,2024-09-30
688177,百奥泰,-0.88,581432379.45,26.110423967,-25.5714,-365319363.66,4.4117596417,-8.9795,2.046226237176,-35.47,-0.201967669267,70.0733424144,生物制品,2025-10-29,2024-09-30
688162,巨一科技,-0.15,2335272742.25,-0.3454646357,25.6371,-20037893.37,77.2048984027,-1914.5326,16.923137822566,-0.86,0.865188677188,14.9420068683,专用设备,2025-10-29,2024-09-30
688123,聚辰股份,1.33,769083324.76,53.2978966163,-4.8798,211363067.22,156.46,-25.5438,13.40047608712,10.17,1.3508198371,54.8549313979,半导体,2025-10-29,2024-09-30
688110,东芯股份,-0.3,446994734.54,20.4406661335,12.9152,-130340932.14,10.9079351079,15.8671,7.361085433833,-3.84,-0.552600191338,14.423426331,半导体,2025-10-29,2024-09-30
688107,安路科技,-0.394,496228919.51,-16.2881800785,1.8879,-157939950.9,-14.5929048825,46.175,3.213644182155,-11.56,-0.0524056501,30.9459866026,半导体,2025-10-29,2024-09-30
688101,三达膜,0.64,1041703363.97,8.6895611071,-5.1911,212467694.14,16.87,-45.1306,11.8128298474,5.47,0.188574872799,35.8158928333,环境治理,2025-10-29,2024-09-30
688049,炬芯科技,0.41,466672154.51,24.0481797328,14.9027,70912668.75,51.12,-7.5074,12.592943075909,3.91,0.564910901872,47.1341132344,半导体,2025-10-29,2024-09-30
688047,龙芯中科,-0.86,307780631.08,-21.943923703,-11.4423,-342759507.16,-65.6656723599,35.9364,8.007620710249,-10.14,-0.664080350948,29.9653491763,半导体,2025-10-29,2024-09-30
688039,当虹科技,-0.62,169112150.58,-21.0004289674,-8.3282,-69451316.2,27.7734060417,-47.8636,10.477671123274,-5.74,-0.356162379559,36.7411207337,IT服务Ⅱ,2025-10-29,2024-09-30
688036,传音控股,3.46,51251807722.09,19.1285166075,-2.4647,3903466066.91,0.5,-14.2054,17.966792738366,20.41,1.099187863149,21.590959542,消费电子,2025-10-29,2024-09-30
688022,ST瀚川,-1.78,467463822.88,-61.1816762821,-69.7602,-313822280.45,-1899.71,-35.9677,8.149054812405,-19.62,-1.057049459261,17.5935265778,专用设备,2025-10-29,2024-09-30
688019,安集科技,2.34,1312231263.35,46.0976354815,22.9536,392568199.29,24.46,23.0048,19.666292016407,16.79,2.540024425973,58.5601684491,电子化学品Ⅱ,2025-10-29,2024-09-30
688015,交控科技,0.16,1367858468.13,14.22930205,8.3124,30537264.59,-32.7,12.0773,13.165143251928,1.23,-0.602399640394,31.1891951185,轨交设备Ⅱ,2025-10-29,2024-09-30
688009,中国通号,0.22,20939821082.89,-15.1693151926,-15.122,2358597314.66,-8.09,-23.6322,4.21099717848,4.91,0.321112377861,30.0643301316,轨交设备Ⅱ,2025-10-29,2024-09-30
605599,菜百股份,0.71,15345423874.11,24.0580413637,-6.7873,554028814.4,-6.32,21.2423,4.920544187839,14.44,1.151206023751,8.9532949723,饰品,2025-10-29,2024-09-30
605566,福莱蒽特,0.26,735218715.31,7.9695646345,-21.6993,34488536.2,-29.78,-35.7564,15.092841311384,1.71,1.107105141143,14.1150743675,化学制品,2025-10-29,2024-09-30
605398,新炬网络,0.15,387655531.05,-14.3808714007,-1.067,24856971.52,-25.17,-30.4753,6.384245589745,2.33,-0.326093404033,42.5781678319,IT服务Ⅱ,2025-10-29,2024-09-30
605337,李子园,0.4,1063913090.96,-0.4849738768,11.4495,157238370.92,-16.83,62.7557,4.162910508673,9.28,0.876549434745,39.2301221008,饮料乳品,2025-10-29,2024-09-30
605318,法狮龙,-0.0949,404922675.82,-14.8752495459,3.7061,-12253438.13,-159.92,19.7593,5.90474430444,-1.61,0.007337437851,19.7935924897,装修建材,2025-10-29,2024-09-30
605300,佳禾食品,0.21,1680074758.06,-19.4645983093,13.927,82655646.16,-59.88,-44.3137,5.387776054799,3.75,0.309556528062,16.827768373,饮料乳品,2025-10-29,2024-09-30
605299,舒华体育,0.12,904047277.76,-1.4716728568,10.7928,50821321.38,-10.65,-50.4364,3.018822338578,4.06,-0.026976832164,31.778094856,文娱用品,2025-10-29,2024-09-30
605289,罗曼股份,0.14,448886503.82,10.8018230453,53.685,15788558.12,-79.1,181.7066,12.004040414525,1.19,-1.443407040809,21.4548223884,专业工程,2025-10-29,2024-09-30
605222,起帆电缆,0.5,16365761882.0,-3.2158796383,10.7464,210234478.04,-48.11,-77.3346,10.838060012857,4.53,-1.951974995544,5.6000716163,电网设备,2025-10-29,2024-09-30
605196,华通线缆,0.54,4716523054.22,15.8737441,1.8962,277822984.81,-4.1,-20.7435,6.000185728402,9.33,-0.150202593489,16.4363090537,电网设备,2025-10-29,2024-09-30
605122,四方新材,0.06,1025831262.66,-29.7333299268,-12.196,10876759.77,114.45,89.5548,12.888112002913,0.49,-0.094834760899,14.3341433833,水泥,2025-10-29,2024-09-30
605089,味知香,0.49,510604605.66,-17.5049362712,13.814,67724508.49,-36.83,8.776,8.704668530362,5.59,0.487084286014,25.2337490422,食品加工,2025-10-29,2024-09-30
605077,华康股份,0.63,2105806164.55,3.1209560679,3.1959,186913672.81,-31.97,-16.8685,9.623180365154,5.97,0.268061818689,20.8873642914,化学制品,2025-10-29,2024-09-30
605033,美邦股份,0.32,622780307.57,12.4892126176,-42.7017,43276200.59,-38.34,-238.8683,8.410960928846,3.83,0.725189363536,30.7509710731,农化制品,2025-10-29,2024-09-30
605001,威奥股份,0.03,793148407.64,21.0499697909,-26.7282,11465295.12,122.3617261864,-144.1551,6.757876329368,0.42,-0.11215891989,29.5024806109,轨交设备Ⅱ,2025-10-29,2024-09-30
603999,读者传媒,0.124,773157827.18,-12.770633031,-21.8055,71701309.92,2.81,46.4175,3.463365255382,3.623,0.026949711563,21.7955587056,出版,2025-10-29,2024-09-30
603986,兆易创新,1.26,5649596831.4,28.5609900508,2.9667,832112528.83,91.87,0.9283,24.017318432641,5.34,2.788592657941,39.4597837256,半导体,2025-10-29,2024-09-30
603980,吉华集团,0.18,1158855291.75,-9.3949196823,-2.8464,128196499.67,307.07,532.2153,5.734558485223,3.21,0.130349996549,11.4898097353,化学制品,2025-10-29,2024-09-30
603970,中农立华,0.6515,8515473903.72,1.792046955,-52.0228,175119815.22,-3.69,-83.1813,5.553808639284,11.78,-1.464392596099,6.7218720619,农化制品,2025-10-29,2024-09-30
603969,银龙股份,0.2,2202461596.64,9.1508182207,-3.6035,168663947.73,42.81,11.7459,2.755949277649,7.22,-0.015677899654,21.8897002175,通用设备,2025-10-29,2024-09-30
603960,克来机电,0.13,378786777.04,-8.3352215122,-2.8915,33835348.2,-21.05,-33.4107,4.130009799048,3.09,0.267500372704,23.8816658086,汽车零部件,2025-10-29,2024-09-30
603920,世运电路,0.8,3675282514.55,9.7477298056,-1.7319,482904942.05,28.97,-7.1968,7.945164241196,9.88,1.222694567953,23.5497555718,元件,2025-10-29,2024-09-30
603916,苏博特,0.18,2475514565.7,-3.9022159204,-7.3303,78607234.81,-44.43,-21.3682,9.567027774845,1.85,0.496802068554,32.8909177955,水泥,2025-10-29,2024-09-30
603896,寿仙谷,0.58,479159858.2,-11.6971384341,-9.2887,114746646.06,-14.85,-25.0431,10.906333641694,5.2,0.721439655585,79.5835956569,中药Ⅱ,2025-10-29,2024-09-30
603883,老百姓,0.83,16232148089.0,1.1882986569,-2.0007,630147823.0,-12.06,-29.7627,9.157402578443,9.14,1.651762696593,33.865945338,医药商业,2025-10-29,2024-09-30
603878,武进不锈,0.3,2090064590.96,-23.172005385,-30.3379,170598615.88,-37.5,-57.3433,4.715316721238,6.2,0.528333285009,16.3049864662,普钢,2025-10-29,2024-09-30
603869,ST智知,0.04,416049632.81,-39.1557592574,-14.0298,19712787.0,61.27,-114.496,7.420136077445,0.52,0.312879757754,45.335887643,IT服务Ⅱ,2025-10-29,2024-09-30
603867,新化股份,0.98,2189097845.56,15.0121868909,-4.4534,180215374.89,-11.8,-53.4996,11.571179689645,8.05,0.801874556964,20.963956671,化学制品,2025-10-29,2024-09-30
603856,东宏股份,0.66,2168921909.15,2.0244970126,-36.6353,168518511.02,9.58,-81.6758,9.204164668042,7.33,-0.303169933264,19.1847606239,装修建材,2025-10-29,2024-09-30
603823,百合花,0.35,1791565169.06,3.8662800913,-9.5888,143834156.02,76.9,-26.7719,5.5833030271,6.41,0.567143984563,20.6798312469,化学制品,2025-10-29,2024-09-30
603815,交建股份,0.16,2848180151.43,-13.0617916611,2.4039,100468869.34,-22.61,-42.4656,3.752195197398,4.35,-0.706459094416,9.0595238044,基础建设,2025-10-29,2024-09-30
603788,宁波高发,0.68,1082878470.66,23.4488272843,-7.3314,152437708.35,37.01,14.404,9.117607930256,7.45,-0.065352721476,24.3107726123,汽车零部件,2025-10-29,2024-09-30
603767,中马传动,0.16,699065847.94,-13.6459484417,-18.3318,50120337.4,-24.16,-55.3741,4.678308346912,3.45,0.526876476218,18.2169254807,汽车零部件,2025-10-29,2024-09-30
603766,隆鑫通用,0.4376,12218381648.81,30.4821399889,4.1657,898697917.16,13.65,-6.7763,4.354724345628,10.41,0.523868223737,18.2955004255,摩托车及其他,2025-10-29,2024-09-30
603755,日辰股份,0.5565,297239675.39,11.783045769,14.7257,54434476.75,30.88,62.4128,7.2857642938,7.69,0.45871415671,38.4854687147,调味发酵品Ⅱ,2025-10-29,2024-09-30
603739,蔚蓝生物,0.16,945618593.2,7.5006581592,4.3223,40847212.04,-26.17,-30.8727,6.827613455257,2.39,0.249781045219,44.1786445618,化学制品,2025-10-29,2024-09-30
603729,ST龙韵,0.03,295083917.38,13.2605015684,-26.6789,2633943.57,-46.12,69.6166,3.919568927768,0.72,-0.544924129722,17.8114852875,广告营销,2025-10-29,2024-09-30
603728,鸣志电器,0.1129,1829804833.94,-4.5053227769,-13.962,47270902.41,-43.69,-78.4075,6.85408564328,1.65,0.388814800031,37.6460564609,电机Ⅱ,2025-10-29,2024-09-30
603713,密尔克卫,2.98,9553014724.2,25.2604405644,14.9808,490226000.44,21.68,12.0888,26.684647244464,11.7,-0.989088290328,11.0757287655,物流,2025-10-29,2024-09-30
603701,德宏股份,0.06,487077966.69,10.6425176088,9.303,14710432.36,3.07,-110.639,2.948135386764,1.92,0.097951299413,13.4452169568,汽车零部件,2025-10-29,2024-09-30
603693,江苏新能,0.48,1557789507.87,6.8965163236,33.1258,423889735.95,11.52,213.2141,7.528323354088,6.45,0.897703433648,52.0163033052,电力,2025-10-29,2024-09-30
603683,晶华新材,0.2652,1358950995.49,23.8441550988,7.4661,66990585.91,72.44,38.218,5.125071204271,5.1424,0.505563975223,17.3542511498,化学制品,2025-10-29,2024-09-30
603680,今创集团,0.37,3040006176.78,14.3477469256,0.6254,290188812.02,36.81,37.2371,6.730929082052,5.55,-0.310055093117,24.7845803349,轨交设备Ⅱ,2025-10-29,2024-09-30
603661,恒林股份,1.95,7811074269.72,35.2414200715,22.6922,265980775.61,-27.32,-60.777,26.651468143086,7.5,5.399797257698,18.5280791544,家居用品,2025-10-29,2024-09-30
603626,科森科技,-0.4234,2621945260.11,37.101788003,-9.8279,-233970187.31,-46.1130363031,18.2266,4.504377422482,-8.76,0.15187869565,6.6821238958,消费电子,2025-10-29,2024-09-30
603602,纵横通信,0.11,1340251667.49,52.5216361149,-13.1389,21189475.35,-16.4,41.6378,3.490569292156,2.83,-1.096805285619,14.9464401216,广告营销,2025-10-29,2024-09-30
603601,再升科技,0.089,1095963307.15,-13.3750726508,-15.8801,90875968.74,-22.51,-66.3823,2.082606497658,4.04,0.158952123377,22.3983056904,专业工程,2025-10-29,2024-09-30
603589,口子窖,2.19,4361571776.55,-1.8891450276,-14.5561,1310632110.19,-2.81,0.713,16.932168041433,13.12,0.59746867465,74.7649718384,白酒Ⅱ,2025-10-29,2024-09-30
603585,苏利股份,0.05,1646385605.57,11.0877989752,8.7183,8580519.76,-76.35,-78.3169,12.873199412528,0.35,-0.035480392113,14.211293576,农化制品,2025-10-29,2024-09-30
603583,捷昌驱动,0.76,2567982211.23,22.2046089445,14.3465,293197541.21,55.6,-13.1469,11.368622342054,6.86,0.961764027296,29.4691829371,自动化设备,2025-10-29,2024-09-30
603518,锦泓集团,0.47,2922553915.85,-5.6051735043,-8.6088,161632937.57,-15.16,-56.0767,9.88371419705,4.69,1.079355201075,69.2586416029,服装家纺,2025-10-29,2024-09-30
603517,ST绝味,0.69,5014679550.0,-10.951498773,1.851,438486928.23,12.53,9.0212,10.774914846491,6.31,1.492265400715,30.5644358476,休闲食品,2025-10-29,2024-09-30
603515,欧普照明,0.83,5067826223.44,-8.0876264016,-4.5596,621343337.88,-5.68,-10.3135,8.703301635844,8.93,0.402242816126,38.9976787041,照明设备Ⅱ,2025-10-29,2024-09-30
603506,南都物业,0.32,1337827625.26,-3.5992590993,0.2599,60321823.41,-47.33,13735.8393,6.021298417424,5.09,-0.492902278869,16.0405631801,房地产服务,2025-10-29,2024-09-30
603505,金石资源,0.3,1829996982.63,58.5019319646,6.048,250360354.44,1.7,-22.7062,2.735757423374,14.81,0.612422530963,25.017257157,化学制品,2025-10-29,2024-09-30
603501,豪威集团,1.98,18908383806.32,25.3754452041,5.7289,2375297360.17,544.74,24.5993,18.462528606429,10.91,2.672302410579,29.6117258319,半导体,2025-10-29,2024-09-30
603444,吉比特,9.11,2818281672.62,-14.772424807,-16.8301,657501185.66,-23.48,-47.1863,65.733041727805,13.91,11.479837432523,88.4648669447,游戏Ⅱ,2025-10-29,2024-09-30
603416,信捷电气,1.25,1210491369.68,11.9287038868,-9.6804,174256545.62,12.69,-41.9663,15.954247306702,7.98,0.319225382897,38.6015341822,自动化设备,2025-10-29,2024-09-30
603406,天富龙,0.9,2788819937.6,,5.1557,324918196.88,,-6.5752,,,,16.0780379613,化学纤维,2025-10-29,2024-09-30
603386,骏亚科技,-0.05,1754998548.83,-5.6879346504,2.0338,-14860822.15,-117.97,496.4884,4.544782178958,-0.99,0.501788157245,15.6653316644,元件,2025-10-29,2024-09-30
603367,辰欣药业,0.88,3002250189.03,-6.4678208685,1.1012,398119097.94,1.97,18.9369,12.892049849128,6.72,0.778001913484,57.1909006149,化学制药,2025-10-29,2024-09-30
603365,水星家纺,0.79,2682895518.57,-2.5728239516,-1.5285,209694205.93,-16.8,20.5668,10.892649767959,7.25,0.027979832035,41.4241210695,服装家纺,2025-10-29,2024-09-30
603355,莱克电气,1.53,7246297669.41,11.9752612565,2.4325,878731342.29,6.08,-16.4243,9.290974353549,18.22,1.6642722679,23.9880070754,小家电,2025-10-29,2024-09-30
603348,文灿股份,0.35,4701893845.43,23.0809737848,1.9263,97177780.8,95.53,-22.273,13.423141184863,2.83,0.634604544959,14.0700007295,汽车零部件,2025-10-29,2024-09-30
603345,安井食品,3.58,11076641900.27,7.8433559806,-6.7624,1047071874.03,-6.65,-32.8942,43.55651750076,8.14,5.411922141483,22.6405967085,食品加工,2025-10-29,2024-09-30
603341,龙旗科技,0.95,34920860428.35,101.2758183536,5.8231,430855461.28,-15.03,-56.1972,11.888161974409,8.55,1.97719583571,6.0945438974,消费电子,2025-10-29,2024-09-30
603321,梅轮电梯,0.38,574057460.55,-19.4880614476,-14.9284,115815630.26,83.85,-25.8917,3.989968806873,9.36,0.295325600521,29.2096471735,专用设备,2025-10-29,2024-09-30
603319,美湖股份,0.45,1481391821.01,8.9684299395,0.6614,143954379.97,-5.57,12.4118,8.627317388888,7.87,1.001033783333,25.5067925151,汽车零部件,2025-10-29,2024-09-30
603312,西典新能,0.95,1414898542.32,4.4263373032,28.8977,147888902.65,3.15,33.6963,10.22329436745,9.14,0.999321329084,17.6710309765,电网设备,2025-10-29,2024-09-30
603311,金海高科,0.22,605578304.43,4.5476311446,-10.5951,50876701.46,17.86,-23.0727,5.496366748877,3.98,0.374424980887,23.1632010021,家电零部件Ⅱ,2025-10-29,2024-09-30
603306,华懋科技,0.61,1539775162.25,5.6391326828,14.3061,196147692.53,32.0,-18.6356,10.463171481249,5.4,1.56324720795,29.952610062,汽车零部件,2025-10-29,2024-09-30
603288,海天味业,0.87,20399307960.95,9.378696742,-3.3838,4814904158.89,11.23,-11.2318,5.282190015302,16.68,0.495009539838,36.7847231141,调味发酵品Ⅱ,2025-10-29,2024-09-30
603285,键邦股份,1.01,517534653.77,0.109835048,-20.6626,129917170.15,-12.64,-35.6869,9.828276303125,11.48,0.679215764438,34.4879466679,化学制品,2025-10-29,2024-09-30
603280,南方路机,0.78,745078398.2,-8.7596940474,-64.1224,84245456.37,-6.78,-73.5459,12.017698150705,6.56,-0.771705492062,26.7172079329,工程机械,2025-10-29,2024-09-30
603277,银都股份,1.14,2092553769.9,1.7503384805,-1.3135,479257933.66,17.83,-27.1632,6.914381139905,16.28,1.116702204827,46.1369325585,通用设备,2025-10-29,2024-09-30
603271,永杰新材,1.6,5850030170.64,25.9769444568,2.6411,235606617.93,52.2795517639,-25.697,,,,8.9441075878,工业金属,2025-10-29,2024-09-30
603257,中国瑞林,0.83,1401532900.68,,-3.3743,74295876.42,,-69.6055,,,,19.3754935563,工程咨询服务Ⅱ,2025-10-29,2024-09-30
603255,鼎际得,0.08,566966866.94,-3.3338990005,6.9553,10756999.27,-77.72,389.6106,11.939756711275,0.67,0.421991584357,15.4915214947,化学制品,2025-10-29,2024-09-30
603238,诺邦股份,0.39,1558483215.68,15.4747854561,-2.5465,69354928.43,27.83,7.446,7.742257372359,5.07,1.288269510222,14.6566335744,个护用品,2025-10-29,2024-09-30
603217,元利科技,0.761,1717242205.05,2.0508198051,-0.1396,156982164.95,-14.55,-4.1054,15.503731370008,4.88,-0.901251729949,16.3770524509,化学制品,2025-10-29,2024-09-30
603211,晋拓股份,0.16,829318687.1,13.73265849,-0.5542,43070604.93,10.47,17.8198,4.342765641261,3.69,0.202581926875,16.7037164596,汽车零部件,2025-10-29,2024-09-30
603210,泰鸿万立,0.47,1173747299.56,8.8082156172,17.6253,119996797.42,9.4381998942,89.1759,,,,21.5562087559,汽车零部件,2025-10-29,2024-09-30
603201,常润股份,0.82,2236166729.53,4.28078955,-3.9136,152811357.48,20.89,68.5399,9.79116525283,9.85,1.706763564312,20.6845294464,汽车零部件,2025-10-29,2024-09-30
603192,汇得科技,0.55,2097458876.0,3.4375233243,8.7297,76013243.91,44.79,13.5287,10.811086198387,5.17,-0.713125738502,12.3078632007,化学制品,2025-10-29,2024-09-30
603187,海容冷链,0.71,2109513820.69,-15.5645845763,-28.8406,271935173.89,-23.56,-15.95,10.481645735822,6.78,0.873269785817,28.0356018031,通用设备,2025-10-29,2024-09-30
603181,皇马科技,0.51,1722194498.36,22.5041895602,6.2251,285577739.6,21.68,-7.6902,5.089794216222,10.0,0.093071833498,25.0664174982,化学制品,2025-10-29,2024-09-30
603173,福斯达,1.3,1654249289.31,10.1658138589,33.2242,207584486.11,44.85,165.7482,10.013059347813,13.56,0.634157937625,24.3273297864,专用设备,2025-10-29,2024-09-30
603137,恒尚节能,0.48,1522293985.02,-5.852197346,-7.1585,87494748.62,3.17,24.0882,6.584159836501,7.44,-1.117293205841,14.5050509168,装修装饰Ⅱ,2025-10-29,2024-09-30
603131,上海沪工,0.15,733740945.23,9.565191182,-6.2055,46994772.1,6.46,-62.1957,3.896379017664,3.81,0.212857983402,21.7030977752,通用设备,2025-10-29,2024-09-30
603128,华贸物流,0.36,14417229426.79,38.6381001415,23.3188,472377773.35,-16.31,24.0347,4.627843001923,7.91,-0.108396071171,10.8773958982,物流,2025-10-29,2024-09-30
603115,海星股份,0.435,1408649601.12,4.1356962787,2.8764,104043443.14,45.06,49.8218,8.256471090092,5.1,0.402227252885,21.0247470197,元件,2025-10-29,2024-09-30
603110,东方材料,0.06,301438300.71,2.49477225,23.6239,12696986.43,-15.02,128.0039,3.486729223829,1.83,0.10901839523,28.3357396651,化学制品,2025-10-29,2024-09-30
603107,上海汽配,0.4,1546380191.0,12.9057616536,-7.5868,134695505.06,7.29,-42.3954,5.9986864623,6.67,-0.067748677635,20.3827948246,汽车零部件,2025-10-29,2024-09-30
603106,恒银科技,-0.0688,257088227.33,-14.6820178743,-10.4436,-35803885.02,43.1812361744,105.4977,2.362745559671,-2.87,-0.159570205506,-6.373412513,计算机设备,2025-10-29,2024-09-30
603100,川仪股份,1.09,5621788991.41,2.5365570096,-13.7569,558062463.3,4.44,-8.639,8.258953952612,13.5,-0.277502143689,32.8855641193,通用设备,2025-10-29,2024-09-30
603099,长白山,0.55,594689079.59,19.5504446495,168.9498,147830135.62,-2.52,1127.3124,4.378095831515,13.4,0.855020815915,45.7194330115,旅游及景区,2025-10-29,2024-09-30
603096,新经典,0.7811,639256325.14,-2.6569936629,-18.4374,126924234.33,-1.58,-15.5141,11.751640258029,6.62,0.225588191301,47.926795819,出版,2025-10-29,2024-09-30
603086,先达股份,0.01,1892633164.64,-8.317148382,-20.6866,6190089.5,-40.98,-94.2837,4.628089383122,0.31,0.086303607387,14.3989835089,农化制品,2025-10-29,2024-09-30
603085,天成自控,0.07,1457082560.95,47.7397162664,12.7821,26248885.64,53.11,82.179,2.261153644347,2.93,0.142003867338,19.5572230275,汽车零部件,2025-10-29,2024-09-30
603077,和邦生物,0.0268,6813692192.92,5.8937312481,-31.0239,221318621.02,-78.28,-82.1213,2.124806709475,1.16,-0.015538322658,10.6994296111,农化制品,2025-10-29,2024-09-30
603072,天和磁材,0.54,1937111947.12,-1.3961960147,-5.6544,106537441.48,-8.06,20.5508,6.559447035669,8.55,0.444443850159,13.1233528479,金属新材料,2025-10-29,2024-09-30
603069,海汽集团,-0.02,643457714.03,5.6145614344,-11.1396,-5986765.35,85.81,143.7776,2.853990484082,-0.66,0.040292069873,13.7921319933,铁路公路,2025-10-29,2024-09-30
603065,宿迁联盛,0.0281,1061591849.18,-2.1464657852,-18.9177,11734363.84,-79.83,-194.9324,4.836173527888,0.57,0.02852120555,12.7412680848,化学制品,2025-10-29,2024-09-30
603061,金海通,0.77,256330948.39,-4.5914624652,-22.6057,44928436.69,-14.78,-78.8106,21.300020235167,3.45,0.3738339245,48.729454576,半导体,2025-10-29,2024-09-30
603039,泛微网络,0.34,1385478649.6,-0.8683299067,-7.8415,86225413.51,657.69,99.3348,7.876566735113,4.19,0.048177769991,93.0755701217,软件开发,2025-10-29,2024-09-30
603037,凯众股份,0.24,535296276.43,10.0268515047,-11.2255,61434041.91,13.7,-48.1374,4.80772777893,6.6,0.293532310187,34.2630366968,汽车零部件,2025-10-29,2024-09-30
603031,安孚科技,0.71,3594362250.94,7.1461761926,26.8534,149953318.27,45.58,99.6803,8.609144493037,8.61,3.343715423787,48.505579613,电池,2025-10-29,2024-09-30
603022,新通联,0.17,637143981.06,0.3514369059,-4.6997,33973744.03,6.96,51.2884,3.9418385664,4.4,0.38170168105,19.7285999266,包装印刷,2025-10-29,2024-09-30
603021,*ST华鹏,-0.3,288380414.83,-28.3546107309,-14.8745,-97253216.5,37.07,6.4307,0.327913599823,-63.34,0.091886712616,10.5041512364,家居用品,2025-10-29,2024-09-30
603016,新宏泰,0.35,470164692.14,-1.6469784851,-10.8005,52177881.8,2.07,-32.1145,5.591825750135,6.1,0.530389580791,30.3334509895,电网设备,2025-10-29,2024-09-30
603006,联明股份,0.19,525457176.55,-32.5382349515,-18.9266,47489961.52,-52.53,-60.8311,5.597683555653,4.26,0.032594487408,22.2413266324,汽车零部件,2025-10-29,2024-09-30
601991,大唐发电,0.1801,90999960000.0,0.4199730647,18.5079,4431041000.0,56.22,-25.6335,1.66354091767,11.46,1.193862864125,14.6501141319,电力,2025-10-29,2024-09-30
601988,中国银行,0.55,478348000000.0,1.6407933263,3.2088,175763000000.0,0.52,-8.7044,7.991473837249,7.1625,0.571147601125,,银行Ⅱ,2025-10-29,2024-09-30
601958,金钼股份,0.68,10097493674.3,14.0558728385,-5.9583,2194894494.02,-6.07,-21.2576,5.046254316804,13.68,0.412376315095,40.1433724484,小金属,2025-10-29,2024-09-30
601952,苏垦农发,0.33,7451957523.48,-13.5539014428,-11.9356,456239604.45,-14.02,-2.7164,4.782494437206,6.85,0.267493237134,13.8781787586,种植业,2025-10-29,2024-09-30
601838,成都银行,2.37,17241144000.0,3.22567203,-4.8898,9038195000.0,10.81,-13.4153,18.492382033035,13.16,-5.229460821214,,银行Ⅱ,2025-10-29,2024-09-30
601718,ST际华,-0.01,7244164509.17,-9.9386440326,-21.5463,-44186433.83,-140.59,-435.1054,3.854628664978,-0.26,-0.285075961977,13.6605572232,服装家纺,2025-10-29,2024-09-30
601619,嘉泽新能,0.23,1815928499.99,-0.7270566656,-9.9544,550759157.29,-15.16,-35.4225,2.779743039155,8.08,0.496407277883,61.8943676415,电力,2025-10-29,2024-09-30
601599,浙文影业,0.12,2575919740.56,9.1110483477,-13.3286,136509905.63,15.91,-81.544,1.318530797012,9.33,-0.000376991405,15.7669677271,纺织制造,2025-10-29,2024-09-30
601566,九牧王,0.24,2266219869.66,6.0036079287,8.6374,135078234.6,40.3,246.2416,6.761806833947,3.45,0.012007370616,65.5351051601,服装家纺,2025-10-29,2024-09-30
601528,瑞丰银行,0.73,3322120000.0,14.6682765207,2.6272,1441620000.0,14.57,34.6602,9.11246579664,8.3475,-1.755306012096,,银行Ⅱ,2025-10-29,2024-09-30
601519,大智慧,-0.1,518259354.95,-5.4222472357,4.6651,-201157787.82,-186.97,8.231,0.717372710485,-12.76,-0.130145285802,58.6133476046,软件开发,2025-10-29,2024-09-30
601512,中新集团,0.45,1985568988.81,-23.9787228104,-0.7508,672356325.8,-34.77,22.7551,9.661147107179,4.68,0.425640720473,56.1108047677,房地产开发,2025-10-29,2024-09-30
601368,绿城水务,0.1518,1858275895.89,7.3810048029,-0.3068,134056268.12,-1.56,41.2677,5.422060404601,2.76,0.41081901461,36.5265882806,环境治理,2025-10-29,2024-09-30
601330,绿色动力,0.36,2543962357.96,-16.3731971549,3.2521,503638784.18,-6.02,22.1948,5.669632270652,6.3,0.756920136434,45.4432096074,环境治理,2025-10-29,2024-09-30
601326,秦港股份,0.24,5069720133.19,-5.4535857193,-7.997,1338840760.11,3.58,-42.9934,3.445316039845,7.08,0.377924160814,38.8383781408,航运港口,2025-10-29,2024-09-30
601318,中国平安,6.73,775383000000.0,9.9930774054,12.438,119182000000.0,36.1,17.5495,49.85936298737,13.1,22.933388248215,,保险Ⅱ,2025-10-29,2024-09-30
601298,青岛港,0.61,13978035896.0,2.3394096767,5.8945,3931419395.0,3.78,-2.6638,6.520313358753,9.45,0.480901256027,35.9594284948,航运港口,2025-10-29,2024-09-30
601231,环旭电子,0.59,44006707552.1,2.2056846369,19.6306,1296928828.94,-6.86,13.9653,7.723955304428,7.53,0.903550256271,9.6582521676,消费电子,2025-10-29,2024-09-30
601218,吉鑫科技,0.0372,903158948.59,-7.5422568911,-6.0648,36327333.02,-61.21,-86.8483,2.90704422637,1.28,0.216017049614,15.0089086746,风电设备,2025-10-29,2024-09-30
601212,白银有色,-0.042,69046318598.44,-0.7428554696,-45.8853,-310960743.92,-506.3327436979,-433.9534,2.047352342788,-2.04,-0.048510729874,4.7124456759,工业金属,2025-10-29,2024-09-30
601199,江南水务,0.2904,1025675180.35,5.9430265514,11.7079,271602104.33,6.09,18.9266,4.156232805808,7.03,0.173110084582,37.5484086042,环境治理,2025-10-29,2024-09-30
601177,杭齿前进,0.473,1641845403.87,14.5840592764,9.3897,189237084.46,9.49,19.6506,6.266613996789,7.73,0.094371956983,18.7999194207,通用设备,2025-10-29,2024-09-30
601139,深圳燃气,0.37,20739471111.76,-10.5802070204,0.6135,1055668935.33,-4.5,-31.3355,5.19287112748,7.07,0.890690954758,16.3237604321,燃气Ⅱ,2025-10-29,2024-09-30
601133,柏诚股份,0.3,3837901154.29,51.5212350502,-1.6303,158690826.2,5.94,34.9421,5.35023523328,5.62,-1.011575506921,10.103258151,专业工程,2025-10-29,2024-09-30
601077,渝农商行,0.89,21514396000.0,-1.758510388,-9.3166,10307963000.0,3.55,-23.0611,10.932852337765,8.37,1.742955005723,,银行Ⅱ,2025-10-29,2024-09-30
601068,中铝国际,0.0421,16142178000.0,7.3328713899,-5.1266,251218000.0,132.8292127695,83.0341,0.822476854054,5.42,-0.699436271785,8.5658205479,专业工程,2025-10-29,2024-09-30
601059,信达证券,0.27,2350088642.89,-14.1881352131,-0.89,885484146.8,-18.49,-36.7881,5.661397803793,4.85,1.14713176737,,证券Ⅱ,2025-10-29,2024-09-30
601058,赛轮轮胎,1.01,23628146148.07,24.2829117629,7.8397,3243561766.99,60.17,-2.2852,5.791565138197,18.69,0.441732058977,28.3286493938,汽车零部件,2025-10-29,2024-09-30
601038,一拖股份,0.9798,10736379923.58,4.7267146596,-7.0135,1100902509.2,1.45,-36.0841,6.62159539149,15.45,1.552786803362,16.0235055758,专用设备,2025-10-29,2024-09-30
601033,永兴股份,0.73,2794914276.18,3.0849065153,6.1494,648378892.56,-2.19,3.6262,11.471705331789,6.52,1.5305151714,43.0124927185,环境治理,2025-10-29,2024-09-30
601022,宁波远洋,0.31,3768927277.2,13.631749117,3.942,404957902.26,4.11,16.6163,4.314076697048,7.29,0.617258966819,15.6151436914,航运港口,2025-10-29,2024-09-30
601020,华钰矿业,0.19,926046556.96,31.6217042563,-3.5579,152964845.11,22.62,-38.4222,3.984056071533,5.15,0.280125504391,56.544385983,工业金属,2025-10-29,2024-09-30
600995,南网储能,0.33,4519028579.88,11.119322313,1.3505,1045172249.69,27.62,22.8761,6.762419394579,4.92,0.934492723241,51.2117632299,电力,2025-10-29,2024-09-30
600990,四创电子,-0.1503,1091948353.73,1.3670371545,49.5527,-40440247.09,53.8125353591,95.2635,7.783331716149,-1.8902,-0.640942437657,15.2260274373,军工电子Ⅱ,2025-10-29,2024-09-30
600983,惠而浦,0.07,2524448719.99,-14.8070928241,20.2344,53072010.1,274.98,5.5634,3.295821660145,2.09,0.175331376509,13.8941484817,白色家电,2025-10-29,2024-09-30
600977,中国电影,0.115,3015685308.05,-28.3763564975,-18.487,215559794.06,-54.22,-89.4678,5.973629879373,1.93,0.667577936181,23.081793346,影视院线,2025-10-29,2024-09-30
600930,华电新能,0.21,24938269102.0,14.4705074221,-14.2919,7691649852.0,-5.9229661887,-56.9195,,9.23,,49.822044955,电力,2025-10-29,2024-09-30
600927,永安期货,0.29,18673144356.55,-0.6321363097,-15.5669,419073039.37,-25.04,-51.4673,8.666689294812,3.34,-5.995411027108,,多元金融,2025-10-29,2024-09-30
600925,苏能股份,0.18,10422463260.56,20.6755325067,7.2177,1252033549.63,-33.6,-38.3933,2.306619288304,7.83,0.432791837817,33.6398370256,煤炭开采,2025-10-29,2024-09-30
600909,华安证券,0.24,2643641729.13,-2.8229063572,7.5147,1143387161.63,19.18,-1.292,4.596239146166,5.3,1.140818343676,,证券Ⅱ,2025-10-29,2024-09-30
600871,石化油服,0.036,54884740000.0,-1.7159472303,-1.2293,676226000.0,52.4,-18.1971,0.4754040844,8.09,-0.086124216976,7.9240276988,油服工程,2025-10-29,2024-09-30
600861,北京人力,1.1329,33178930438.47,15.45779171,-0.0311,641361064.52,84.75,-7.0275,11.273342856873,10.32,-0.058055216841,5.7312087848,专业服务,2025-10-29,2024-09-30
600858,银座股份,0.2249,4450132178.0,-1.2169526839,9.4774,116978758.73,-50.25,-85.0093,5.214823391914,4.4112,1.944764405083,38.9744428333,一般零售,2025-10-29,2024-09-30
600855,航天长峰,-0.21,657744211.83,-23.4716514882,-49.4678,-99446425.41,-34.6568032346,-441.1919,3.747614036195,-5.51,-0.100523557587,26.519839216,军工电子Ⅱ,2025-10-29,2024-09-30
600816,建元信托,0.0042,250214803.96,195.97,353.0508,41502514.99,20.68,-59.9756,1.381893692111,0.32,0.057126781588,,多元金融,2025-10-29,2024-09-30
600798,宁波海运,-0.0072,1667443922.83,-0.9846825479,7.3221,-8634007.62,-107.0504576856,57.0835,3.255852287788,-0.22,0.297821528219,5.6178161902,航运港口,2025-10-29,2024-09-30
600796,钱江生化,0.15,1300581051.6,-2.0892779461,-10.3864,128857967.25,-7.7,-12.8415,3.741012469434,4.03,0.021589610716,23.7512232875,环境治理,2025-10-29,2024-09-30
600775,南京熊猫,-0.1083,1828298552.68,-6.0640048822,-24.5832,-98927662.17,-211.9271059923,-37.9527,3.506345453924,-3.04,-0.282340245122,14.5693809553,通信设备,2025-10-29,2024-09-30
600748,上实发展,-0.15,1600579847.51,-68.4968033071,16.7686,-279058592.52,-168.16,-263.3835,5.274271084632,-2.82,-0.915975395931,15.7209089038,房地产开发,2025-10-29,2024-09-30
600737,中粮糖业,0.5434,22713271331.28,-4.8598650432,8.57,1162148497.99,-19.33,-29.0164,5.148454089871,10.1,2.076042211724,10.2215978698,农产品加工,2025-10-29,2024-09-30
600722,金牛化工,0.0573,365166123.65,-0.2694828892,16.013,38959860.47,33.51,-7.2168,1.740456531688,3.35,0.085414411269,26.2658268438,化学原料,2025-10-29,2024-09-30
600718,东软集团,0.13,6890526611.0,10.0259245386,4.9664,152362109.0,13.06,-41.8689,7.964068152041,1.61,-0.189013661627,28.1470335069,IT服务Ⅱ,2025-10-29,2024-09-30
600717,天津港,0.31,8981673151.73,8.5989913986,-2.3556,892859116.51,-3.56,-10.96,6.671573903233,4.7,0.718976187344,29.0985094053,航运港口,2025-10-29,2024-09-30
600714,金瑞矿业,0.083,253752684.28,35.4193470574,5.2014,24035693.81,140.04,48.8919,2.64008680909,3.22,0.131930173724,19.3954458845,化学原料,2025-10-29,2024-09-30
600712,南宁百货,0.0103,424682699.03,-16.6636318074,3.7243,5632092.69,130.71197772,1184.7048,1.531195233276,0.68,-0.054519452907,30.194547902,一般零售,2025-10-29,2024-09-30
600706,曲江文旅,-0.71,1064420896.8,-5.0369274821,-20.3224,-180822804.78,-390.12,103.2737,2.299201754052,-26.72,0.560744292519,23.5789724868,旅游及景区,2025-10-29,2024-09-30
600703,三安光电,0.05,11854895949.5,16.7320210264,1.2864,247168509.01,43.21,-4.0933,7.379968504035,0.66,0.440301774991,11.0039089442,光学光电子,2025-10-29,2024-09-30
600697,欧亚集团,0.11,5474619620.4,0.0710593765,6.4997,17677852.23,5.43,303.6319,14.696844561291,0.76,4.18732415544,36.6242247014,一般零售,2025-10-29,2024-09-30
600671,天目药业,-0.0303,124680446.71,44.7968195203,104.733,-3695546.06,86.5410950424,268.6634,0.274616662897,-10.4719,-0.319899949897,42.7634182078,中药Ⅱ,2025-10-29,2024-09-30
600665,天地源,0.1161,2593875252.71,-50.2355917105,-67.1535,100358009.82,2604.6,146.8808,4.624126319409,2.54,-0.651043136822,16.0920333927,房地产开发,2025-10-29,2024-09-30
600663,陆家嘴,0.2158,6909235930.89,14.497021912,27.8885,1054544976.87,-3.76,250.9479,4.877169308715,4.52,0.936118116251,56.7448727756,房地产开发,2025-10-29,2024-09-30
600640,国脉文化,0.0167,1411648085.79,-18.6050036612,-4.1841,13278032.42,-53.42,-75.5079,4.98750429879,0.3351,0.206089785641,17.2149227974,广告营销,2025-10-29,2024-09-30
600598,北大荒,0.758,4358227176.78,9.5034297872,-41.1995,1347430672.89,4.13,-15.1567,4.536886074854,17.21,1.671782860212,38.1687176516,种植业,2025-10-29,2024-09-30
600596,新安股份,0.0983,11830101795.62,-3.7478273196,-26.0166,132701684.19,-22.18,-71.8296,9.385892912004,1.03,0.10459139954,10.0979264795,农化制品,2025-10-29,2024-09-30
600580,卧龙电驱,0.41,12194452282.37,1.0570647818,-0.4781,638209013.47,-30.92,44.1584,7.551014040242,6.59,0.633881515734,25.0868086058,电机Ⅱ,2025-10-29,2024-09-30
600572,康恩贝,0.205,4913007257.68,-5.2323623249,-9.8295,518457602.54,-16.81,-17.9833,2.589328790163,7.53,0.178384596348,53.73651398,中药Ⅱ,2025-10-29,2024-09-30
600558,大西洋,0.096,2748490669.04,1.9521818889,-9.7723,86191840.19,20.7,-23.5225,2.552344468019,3.75,0.222110092832,13.6329122224,通用设备,2025-10-29,2024-09-30
600523,贵航股份,0.29,1720880186.33,1.6418045955,6.2438,117199272.56,5.24,16.1585,7.438398545903,3.99,-0.150973882453,22.080126108,汽车零部件,2025-10-29,2024-09-30
600517,国网英大,0.254,7693679066.15,4.64,-8.2394,1452432107.05,26.26,7.1823,3.738249812169,6.98,0.695062073598,14.876600202,多元金融,2025-10-29,2024-09-30
600515,海南机场,0.0187,3092091676.82,-31.8400807251,-20.4698,212860007.44,-73.05,-208.2396,2.04897060826,0.92,-0.099566314614,39.9772856047,航空机场,2025-10-29,2024-09-30
600506,统一股份,0.139,1828696965.46,3.1032641339,9.1908,26639691.52,193.3928087128,123.6616,2.22980951842,6.42,1.567562383249,19.5264453452,炼化及贸易,2025-10-29,2024-09-30
600503,华丽家族,0.0011,262802218.5,92.527612434,151.9071,1692288.71,-88.71,88.1195,2.272223698082,0.0464,-0.186782465777,49.281834179,房地产开发,2025-10-29,2024-09-30
600496,精工钢构,0.2389,12046393856.7,4.2642087141,3.5862,475495614.77,-11.24,15.2881,4.334073853969,5.47,0.113402063325,13.0571391185,专业工程,2025-10-29,2024-09-30
600488,津药药业,0.171,2572214567.52,-9.3581675743,-17.7104,186695386.54,23.03,-46.8205,2.789110164247,6.21,0.415333287959,44.4275548323,化学制药,2025-10-29,2024-09-30
600483,福能股份,0.7,10485353878.79,1.2216813428,6.8047,1773227323.74,8.38,-11.657,8.833370290143,7.89,1.218364069403,21.9898724452,电力,2025-10-29,2024-09-30
600478,科力远,0.012,2464026572.29,2.7324996093,17.1176,20570643.99,-19.48,117.2133,1.623151618018,0.76,0.156288085582,13.4896171627,电池,2025-10-29,2024-09-30
600475,华光环能,0.5102,7232502726.19,-6.1235446261,-48.438,481316646.31,-6.58,-60.2049,8.949286296904,5.69,0.18526853118,16.1175872005,电力,2025-10-29,2024-09-30
600467,好当家,0.0202,972006952.19,-9.0568350249,-66.0076,29526834.7,-19.91,-86.9827,2.319351997693,0.87,0.171492013914,17.070435534,渔业,2025-10-29,2024-09-30
600446,金证股份,-0.1221,3478203358.28,-14.0718954644,-10.14,-115441238.66,-380.99,-2621.1714,3.938094915177,-3.0,-0.024279967228,19.1671000806,IT服务Ⅱ,2025-10-29,2024-09-30
600429,三元股份,0.0696,5415694416.22,-11.6443689731,-14.733,104994806.61,-55.53,-145.0631,3.390653499023,2.07,0.044703159252,24.0122718292,饮料乳品,2025-10-29,2024-09-30
600423,*ST柳化,0.039,123284957.68,40.164614958,18.9316,31053114.12,178.34,17.4174,0.691692956105,5.92,0.057161340254,25.0851247646,化学原料,2025-10-29,2024-09-30
600410,华胜天成,-0.2,2977002019.07,3.4064686371,-34.7277,-214032678.92,-6506.35,141.8845,3.726486716252,-5.1,0.285483198417,12.371045994,IT服务Ⅱ,2025-10-29,2024-09-30
600409,三友化工,0.1912,16077908159.01,-2.0515549354,-4.0772,394728657.3,13.51,-73.1374,6.670502346699,2.89,0.575715954729,16.7941846525,化学原料,2025-10-29,2024-09-30
600397,江钨装备,-0.1637,4167183066.05,-14.9976133667,-21.7924,-162050810.92,-2005.71,-923.5499,0.3402474124,-46.27,0.517038051073,5.9301344605,专用设备,2025-10-29,2024-09-30
600396,华电辽能,0.0164,3121747727.66,-36.831358936,19.8872,24218934.51,-98.88,-2415.6333,0.273122318799,6.44,0.327546178378,16.2755173523,电力,2025-10-29,2024-09-30
600375,汉马科技,-0.57,3081977185.72,16.0948346065,20.8005,-372205621.61,-190.5712959506,-153.0334,-1.811953407831,,-0.28883181206,4.0116346001,商用车,2025-10-29,2024-09-30
600371,万向德农,0.1769,277145528.36,23.493572743,98.5325,51761652.64,0.87,69.0986,1.958363086698,8.98,-0.050702943523,26.6107856282,种植业,2025-10-29,2024-09-30
600362,江西铜业,1.44,392219794945.0,-1.8359642109,-18.1311,4984199890.0,0.83,-28.0958,21.918030090486,6.96,0.120117093874,3.65502472,工业金属,2025-10-29,2024-09-30
600360,华微电子,0.11,1579463087.98,24.8565768256,-14.2357,101721358.88,371.14,-34.4138,3.491400257248,3.07,0.149811682907,25.5805850706,半导体,2025-10-29,2024-09-30
600352,浙江龙盛,0.4231,10609876435.17,-2.0323138712,5.3975,1353419575.41,50.52,-35.9804,10.493100231647,4.04,1.16586278714,28.6116400468,化学制品,2025-10-29,2024-09-30
600336,澳柯玛,0.0035,6381630518.4,-11.5102188911,-14.7723,2826629.34,-97.39,-361.1752,3.128221362304,0.11,0.49334782502,12.7216924665,白色家电,2025-10-29,2024-09-30
600332,白云山,1.943,59060000304.02,1.5046104082,-0.4389,3158976998.91,-16.68,3.0374,22.27989094689,8.81,-0.462151810269,17.7044682088,中药Ⅱ,2025-10-29,2024-09-30
600323,瀚蓝环境,1.7,8731319227.31,-2.5764202844,-6.4816,1385280521.78,18.82,-1.5825,16.095582930832,10.92,1.647043730769,31.4441051899,环境治理,2025-10-29,2024-09-30
600281,华阳新材,-0.1704,248339454.23,0.6242862877,-33.8621,-87658325.62,29.7275090582,-62.2433,0.309536784833,-43.43,-0.00767089801,-3.2542169568,小金属,2025-10-29,2024-09-30
600265,*ST景谷,-0.091,339546991.5,-19.3389311892,-3.6748,-11815811.86,-489.07,-57.4491,1.197013194068,-1.22,-0.098429673035,5.2350836188,林业Ⅱ,2025-10-29,2024-09-30
600249,两面针,0.1528,791383833.34,17.259864939,-11.2532,84017401.22,316.51,4089.3114,3.977032242618,3.89,0.007073188182,16.5287294306,个护用品,2025-10-29,2024-09-30
600233,圆通速递,0.8509,49369428713.52,21.1255254334,-1.9384,2930187624.04,10.21,-9.7469,8.876604505913,9.8,1.184992303862,9.6333177056,物流,2025-10-29,2024-09-30
600232,金鹰股份,0.146,1089328922.41,12.3856567678,-2.033,53143433.17,83.32,-42.1303,2.835488692481,5.135,-0.359463616525,19.7223283565,专用设备,2025-10-29,2024-09-30
600196,复星医药,0.75,30911889002.9,0.6898017118,1.3926,2010642360.52,-11.93,27.766,17.707110574087,4.32,1.118035326008,48.5971252032,化学制药,2025-10-29,2024-09-30
600184,光电股份,0.002,1043531998.52,-30.5262674906,-32.0729,1105097.91,-97.48,-133.7174,4.964665517801,0.04,-0.047834873159,15.6680891963,地面兵装Ⅱ,2025-10-29,2024-09-30
600183,生益科技,0.58,14744796525.21,19.4151356227,-1.7472,1372245845.97,52.65,-18.6157,5.906646734415,9.64,0.464772195296,21.9705493567,元件,2025-10-29,2024-09-30
600182,S佳通,0.4599,3424667530.22,11.6903621993,11.9443,156357267.14,19.83,53.0181,3.771281896324,12.46,2.040832316412,18.9861742365,汽车零部件,2025-10-29,2024-09-30
600180,*ST瑞茂,0.1162,22545576279.88,-36.2320483236,10.3581,125304417.85,-68.74,-162.2411,7.237998634783,1.59,-0.335069197386,4.0787776214,物流,2025-10-29,2024-09-30
600168,武汉控股,0.07,2853175742.65,21.8901611873,4.4613,72679227.82,-77.67,-126.8982,5.307031215656,1.38,-0.290653864656,21.5339808879,环境治理,2025-10-29,2024-09-30
600150,中国船舶,0.458,91047386926.35,83.3655095732,-2.8641,2716582826.78,-11.35,-15.1282,11.077792423036,3.01,1.719766922906,10.6210394915,航海装备Ⅱ,2025-10-29,2024-09-30
600120,浙江东方,0.12,7509660673.78,-46.6211441865,-46.3001,406472804.51,0.68,243.9657,4.564903408653,2.61,0.673722778665,4.3915165541,多元金融,2025-10-29,2024-09-30
600118,中国卫星,-0.01,1674453122.67,-54.4114225419,-8.3976,-14740591.03,-108.88,-177.8949,5.314445739977,-0.23,-0.73660133695,18.6656031804,航天装备Ⅱ,2025-10-29,2024-09-30
600096,云天化,2.4118,46724088795.92,-12.3417043274,-18.773,4424012953.34,19.42,14.5635,11.702399430101,21.9,4.091958949984,16.9870830223,农化制品,2025-10-29,2024-09-30
600081,东风科技,0.1075,5064707624.87,-4.7419411582,0.6566,61244755.67,-5.33,-37.0232,8.226880311324,1.3304,0.888720837605,11.9448362377,汽车零部件,2025-10-29,2024-09-30
600066,宇通客车,1.1,24074847816.6,27.0412635763,-20.3785,2431852878.64,131.49,-25.437,5.864120203985,17.83,2.048521287321,21.3260299268,商用车,2025-10-29,2024-09-30
600059,古越龙山,0.15,1290827216.18,11.2997294604,24.3974,134661379.62,1.08,21.6776,6.389463578016,2.31,-0.039060861647,36.7472302741,非白酒,2025-10-29,2024-09-30
600054,黄山旅游,0.3906,1411834132.83,-1.5815742275,16.1057,284897171.45,-30.15,44.3518,6.34319739121,6.25,0.55906940101,53.4128628742,旅游及景区,2025-10-29,2024-09-30
600032,浙江新能,0.2677,3916160021.15,12.0743123628,-7.1216,643668927.71,15.93,-27.8046,5.185160803301,5.18,0.914861642631,50.5136204518,电力,2025-10-29,2024-09-30
600027,华电国际,0.44,106195263000.0,17.0516747337,42.2892,5555744000.0,14.63,42.0495,4.078647294306,10.86,1.482688296848,8.943159734,电力,2025-10-29,2024-09-30
600012,皖通高速,0.8448,5499280225.75,26.5930923819,12.704,1401167667.26,-9.6,17.4223,7.766429863494,8.79,1.481617439115,37.1632374519,铁路公路,2025-10-29,2024-09-30
600011,华能国际,0.53,184395715008.0,-3.6200799026,22.7379,10412915465.0,-17.12,3.5489,3.701941910205,14.93,2.738726521865,16.0255656075,电力,2025-10-29,2024-09-30
302132,中航成飞,1.25,45473283455.81,3609.5715998773,-24.7785,3348160665.71,4.08,-69.9144,4.21793799905,18.68,-31.208667493271,11.0950907446,军工电子Ⅱ,2025-10-29,2024-09-30
301662,宏工科技,1.86,1459034841.95,,10.3046,111398976.96,,184.4848,15.363092904167,12.86,-2.5836537365,27.357705103,电池,2025-10-29,2024-09-30
301658,首航新能,0.59,2045698394.11,-32.3017795539,-23.0637,217648474.44,-47.1898636729,6.7607,,,,36.69671013,光伏设备,2025-10-29,2024-09-30
301630,同宇新材,3.666,714047674.93,,-7.1277,109981156.34,,-13.7665,,,,26.8085726557,电子化学品Ⅱ,2025-10-29,2024-09-30
301618,长联科技,0.8292,414106849.37,7.638712652,-28.6327,56102946.58,-5.42,-55.9755,14.314418135503,9.16,0.13588655988,33.2708036947,化学制品,2025-10-29,2024-09-30
301607,富特科技,0.69,1183172887.41,-15.2502105232,29.4562,82537923.0,-13.63,-36.0523,8.860745660766,12.46,-0.349097124647,24.9393145465,汽车零部件,2025-10-29,2024-09-30
301600,慧翰股份,1.5507,734852698.03,32.9258160097,24.6221,134869498.24,44.72,47.339,17.913322316892,23.99,0.64457013799,29.5894125276,计算机设备,2025-10-29,2024-09-30
301595,太力科技,0.83,767926688.72,,-23.4377,67002234.75,,-51.9121,,,,58.3888110787,家居用品,2025-10-29,2024-09-30
301590,优优绿能,6.16,1061502084.55,,-11.4621,194043308.59,,-18.3273,,,,33.1683616542,其他电源设备Ⅱ,2025-10-29,2024-09-30
301589,诺瓦星云,5.14,2371059787.73,10.6011156399,-8.3571,460710875.02,10.03,-32.477,39.244783064425,13.81,-0.70653294955,55.2659387676,计算机设备,2025-10-29,2024-09-30
301580,爱迪特,1.18,641129724.8,14.0893783495,-5.7294,111098101.14,12.71,-35.8589,25.649381392015,9.82,0.790196981964,52.9188446622,医疗器械,2025-10-29,2024-09-30
301578,辰奕智能,0.4,618584185.13,26.5100127669,-3.4892,32743168.1,-49.43,-4.5404,14.757827471474,3.55,0.890455454647,19.0289893291,黑色家电,2025-10-29,2024-09-30
301571,国科天成,0.7671,643653271.96,46.2335166522,-1.8018,107057779.39,41.85,6.6632,9.895422689236,8.05,-0.806332392533,36.8949828293,军工电子Ⅱ,2025-10-29,2024-09-30
301568,思泰克,0.51,216025374.94,-20.4910031948,13.366,52375890.16,-37.17,7.6999,9.541088284537,5.25,0.214323260384,50.3376046125,自动化设备,2025-10-29,2024-09-30
301563,云汉芯城,1.14,1847036539.6,,-4.8323,55513149.56,,-35.9652,,,,16.2403476379,其他电子Ⅱ,2025-10-29,2024-09-30
301558,三态股份,0.0545,1249723841.96,-3.258166289,9.0016,43003624.68,-59.92,-115.5456,1.705772871902,3.14,-0.055333084627,28.8294768663,互联网电商,2025-10-29,2024-09-30
301557,常友科技,2.14,712373416.74,18.0574706022,-4.5965,71087991.07,35.7734493619,-29.6602,,,,25.4239002725,风电设备,2025-10-29,2024-09-30
301533,威马农机,0.61,705822792.11,17.3500024946,5.0035,59958895.49,9.93,7.1962,11.36923834052,5.42,0.73712232625,17.1105321761,专用设备,2025-10-29,2024-09-30
301528,多浦乐,0.4459,94014371.08,-27.2703632851,25.3963,27601069.45,-37.35,-48.3953,23.885212542811,1.88,0.280681608078,70.5750388242,通用设备,2025-10-29,2024-09-30
301519,舜禹股份,0.08,442442292.16,-13.5312160792,-25.736,13605375.8,-74.16,-144.5519,9.194296391265,0.89,-1.913002036306,32.8349913049,环境治理,2025-10-29,2024-09-30
301518,长华化学,0.24,2194879391.53,20.4361748889,-8.2315,33390653.92,-57.97,149.2122,10.0576536776,2.32,-0.34784447167,3.9473158696,化学制品,2025-10-29,2024-09-30
301502,华阳智能,0.4673,372153825.62,1.5802782098,-44.0084,25195424.86,-47.6,-62.3692,14.318627225906,3.4,0.411845845122,19.1151788676,电机Ⅱ,2025-10-29,2024-09-30
301500,飞南资源,0.4523,9139667026.08,44.0843536522,10.7223,180914429.32,7.34,-38.6895,11.417493887078,4.04,1.548392510712,8.1642743003,环境治理,2025-10-29,2024-09-30
301456,盘古智能,0.37,343778499.81,19.0229461342,21.505,55617208.94,-26.78,60.4351,14.312641593634,2.65,-0.160644518305,38.1427288159,风电设备,2025-10-29,2024-09-30
301439,泓淋电力,0.36,2538249778.2,34.1552377618,16.1129,138190062.59,-11.53,-35.4445,7.356477389623,4.77,-0.170773617683,11.8358913764,电网设备,2025-10-29,2024-09-30
301428,世纪恒通,0.6664,926396078.68,21.0310101001,-1.7921,65644826.96,10.67,9.0769,12.677509295718,5.23,-0.960699617329,23.5016967332,通信服务,2025-10-29,2024-09-30
301421,波长光电,0.2663,276998401.9,5.9057645123,-18.697,30816176.84,-27.73,-88.7889,10.232528566256,2.54,-0.133863513714,35.1119193406,光学光电子,2025-10-29,2024-09-30
301395,仁信新材,0.1626,1567262281.01,4.9601842086,-9.2615,32991132.94,25.13,-37.7459,7.629960980048,2.03,0.038458775876,2.2310832337,塑料,2025-10-29,2024-09-30
301393,昊帆生物,0.9,328158737.06,8.0753041571,-22.9595,96335195.65,22.1,-15.1587,20.758795003796,4.32,0.987032314444,41.6278010099,生物制品,2025-10-29,2024-09-30
301383,天键股份,1.03,1677243325.23,30.1952094947,33.5339,167749583.97,52.92,33.0877,12.364705194185,8.61,0.770115264502,18.6286399278,消费电子,2025-10-29,2024-09-30
301382,蜂助手,0.42,1095117995.82,35.7502882869,-7.3174,91668317.96,1.93,-50.2349,7.779600089325,5.36,-1.294699383022,20.4992108948,通信服务,2025-10-29,2024-09-30
301381,赛维时代,0.4884,6801651543.61,55.4954868399,10.3307,195406112.49,-12.2,-126.8687,6.039643850337,7.84,-1.212950793227,44.9295579835,互联网电商,2025-10-29,2024-09-30
301372,科净源,-0.57,173313145.49,-32.5454779811,-40.5553,-38900203.3,-195.73,68.0155,12.618522350489,-4.35,-2.078379178909,25.2126930802,环境治理,2025-10-29,2024-09-30
301370,国科恒泰,0.21,5479472836.38,-4.8866606023,-6.3775,99767490.78,9.62,4.3474,5.197768093391,4.05,1.502472668423,10.3501799017,医疗器械,2025-10-29,2024-09-30
301366,一博科技,0.3996,640630625.59,10.5413461274,0.2844,83631593.28,12.22,-24.9786,14.506404886691,3.74,0.700552413063,35.8761192471,元件,2025-10-29,2024-09-30
301361,众智科技,0.4432,158564730.52,-1.142209331,16.4475,51558445.54,-4.57,23.8356,9.681197979903,4.67,0.260618816188,56.8418099311,电网设备,2025-10-29,2024-09-30
301339,通行宝,0.2933,533774282.51,18.0938638092,17.2227,167112217.28,7.59,-0.6421,6.432549677123,6.32,-0.177578755695,51.6976571412,计算机设备,2025-10-29,2024-09-30
301333,诺思格,0.88,561924953.41,7.101297444,-9.2861,84417173.32,-32.93,-26.9445,18.598889176042,4.74,1.097977872708,39.1877393349,医疗服务,2025-10-29,2024-09-30
301330,熵基科技,0.5212,1410900152.75,-2.0197076576,0.8684,120678385.94,-12.96,-19.6213,16.721920956776,3.71,0.699295993906,49.2916419163,计算机设备,2025-10-29,2024-09-30
301327,华宝新能,0.92,2132656828.8,35.0204037668,76.7557,159428110.9,357.06,97.5199,49.13993037508,2.62,2.916395742708,45.1718205728,电池,2025-10-29,2024-09-30
301325,曼恩斯特,0.45,1029950148.32,83.5546150526,306.1707,64157104.54,-74.43,-153.5571,20.38005166775,2.15,-3.068808489815,27.200193412,电池,2025-10-29,2024-09-30
301322,绿通科技,0.86,639753549.32,-24.2420333947,-18.4922,125473091.01,-39.81,-18.6129,19.330212485875,4.35,1.18917594144,27.5921768402,摩托车及其他,2025-10-29,2024-09-30
301320,豪江智能,0.24,594516169.09,13.1090195807,9.2459,44139127.93,2.84,50.2443,5.806851171965,4.2,0.149756627042,24.4496295454,自动化设备,2025-10-29,2024-09-30
301319,唯特偶,0.5926,855227351.73,20.3802050959,7.4203,73067610.95,-5.58,-15.3953,13.255917645599,6.43,0.057177091664,18.0311739233,电子化学品Ⅱ,2025-10-29,2024-09-30
301318,维海德,0.8,452210087.54,25.7249388735,38.4273,88179877.62,12.11,13.8686,13.314370824178,4.92,0.236683996632,45.577316674,计算机设备,2025-10-29,2024-09-30
301314,科瑞思,0.24,124851121.36,-16.038288034,1.8744,13402889.85,-27.9,-45.8753,18.761295267149,1.29,0.520330348235,23.8762794641,通信设备,2025-10-29,2024-09-30
301306,西测测试,-1.12,312618441.22,68.2715848359,-19.7438,-94787994.54,-492.39,-247.1003,12.884310012915,-8.35,-1.632824761256,9.5986137519,军工电子Ⅱ,2025-10-29,2024-09-30
301302,华如科技,-1.7,153421512.77,-52.2211926431,-12.5966,-267645826.49,-1732.98,-678.2157,11.770875457223,-13.38,-1.361638634459,-55.2021090269,军工电子Ⅱ,2025-10-29,2024-09-30
301299,卓创资讯,0.88,219065891.3,3.4132807921,-1.5997,52641298.55,30.34,-8.7254,10.155016319667,8.04,0.642513077667,66.0510296109,数字媒体,2025-10-29,2024-09-30
301296,新巨丰,0.3,1249115351.82,0.9820317836,10.454,124726362.55,11.91,15.9964,6.001203499571,5.5,0.736309161143,23.155364179,包装印刷,2025-10-29,2024-09-30
301290,东星医疗,0.66,316018608.17,1.574952184,-15.8313,65578456.4,-8.17,-35.5913,22.119064742719,2.95,0.851535194885,48.7718175593,医疗器械,2025-10-29,2024-09-30
301276,嘉曼服饰,0.8,686680691.23,-4.1633384749,7.029,103880930.99,-18.41,-70.5999,18.841708502222,5.13,0.232540959074,62.1232509707,服装家纺,2025-10-29,2024-09-30
301275,汉朔科技,1.3901,3157498437.59,9.9971575811,-8.9316,528473906.26,11.7598780753,-30.0031,,,,36.1656282497,其他电子Ⅱ,2025-10-29,2024-09-30
301273,瑞晨环保,-0.5862,147120788.37,-26.1420475646,-39.8369,-41994727.44,-364.1,-86.4985,13.323459191948,-4.26,-0.520079355916,41.5911690237,通用设备,2025-10-29,2024-09-30
301267,华厦眼科,0.5,3181879566.3,2.5463750197,5.5079,420861349.22,-24.49,41.7842,6.907323489702,7.35,0.802089856238,46.0346741427,医疗服务,2025-10-29,2024-09-30
301266,宇邦新材,0.45,2476570898.29,21.0374898345,-19.1839,46424943.13,-60.54,690.2094,14.774346244145,2.84,-2.87021537183,6.0643486578,光伏设备,2025-10-29,2024-09-30
301263,泰恩康,0.27,572371417.94,-1.5014622232,-14.2386,116335540.57,-17.97,-24.0672,4.171354366759,6.49,-0.03512023053,61.4089412405,化学制药,2025-10-29,2024-09-30
301259,艾布鲁,-0.215,113107512.39,-24.1412919381,-23.1451,-33533209.14,-1043.88,72.6485,5.331849770256,-3.95,0.165879754615,34.3046885836,环境治理,2025-10-29,2024-09-30
301255,通力科技,0.34,325831806.53,-4.3220050026,-19.3189,43638344.57,-30.4,-4.7735,9.478179632261,4.2,0.210199317647,26.0686192163,通用设备,2025-10-29,2024-09-30
301222,浙江恒威,0.8607,515437677.92,18.2746166345,20.7541,87217627.82,-1.99,-4.0225,13.541214451109,6.34,-0.311670242585,25.05713398,电池,2025-10-29,2024-09-30
301218,华是科技,-0.041,220481035.93,14.0970417731,46.4319,-4679923.52,-220.74,163.8051,8.116467425816,-0.5,-0.083573934497,21.1962913603,IT服务Ⅱ,2025-10-29,2024-09-30
301216,万凯新材,-0.18,13150652707.67,1.9197672944,2.9655,-92978942.42,-119.35,-6413.8179,10.721482572626,-1.66,2.176362488606,1.849987243,塑料,2025-10-29,2024-09-30
301205,联特科技,0.4798,642590093.64,45.5696979599,-19.8096,62256350.41,190.81,-9.8561,11.396339412227,4.29,0.374892139444,27.2743390996,通信设备,2025-10-29,2024-09-30
301202,朗威股份,0.41,896037009.11,38.776910275,-2.3609,55589161.54,27.88,-35.9969,8.681137441422,4.89,0.359869057918,18.7625135548,通信设备,2025-10-29,2024-09-30
301193,家联科技,0.3497,1722595857.45,40.0776309923,15.5155,67135871.42,6.53,-70.3515,8.202846992337,3.86,1.438996939023,18.6868671016,家居用品,2025-10-29,2024-09-30
301192,泰祥股份,0.4382,311819752.78,50.5164389188,0.2064,43775651.04,58.06,78.739,5.942524330931,7.52,0.776380362062,29.4086989847,汽车零部件,2025-10-29,2024-09-30
301191,菲菱科思,1.51,1257247510.02,-15.6082658643,3.9954,104364374.03,-14.08,-33.4005,24.600658236711,6.06,2.712067360618,17.7982032421,通信设备,2025-10-29,2024-09-30
301189,奥尼电子,-0.3,373518819.67,-6.884423765,9.8204,-34434149.64,-2297.75,-9.2649,19.380190689157,-1.53,-0.226049010298,22.0120183028,消费电子,2025-10-29,2024-09-30
301186,超达装备,1.04,521647980.36,11.5672699737,21.3727,76306460.38,-4.79,-6.1167,17.13028758057,5.95,1.135580217542,34.3199268166,汽车零部件,2025-10-29,2024-09-30
301182,凯旺科技,-0.4014,437847921.62,17.0405671171,-9.3896,-38459446.03,-23.71,-25.2626,9.094580172237,-4.56,-0.2540626427,1.162783464,计算机设备,2025-10-29,2024-09-30
301178,天亿马,-0.3187,155274710.07,-11.5343977365,33.4393,-21162978.75,-356.83,-229.8231,11.8783303496,-2.61,-1.513058575215,16.1039642957,IT服务Ⅱ,2025-10-29,2024-09-30
301173,毓恬冠佳,1.9095,1595207385.62,-3.6539583158,-10.8727,125787548.45,40.5211958331,25.336,,,,18.095124577,汽车零部件,2025-10-29,2024-09-30
301163,宏德股份,0.2345,476806071.51,-13.5571162896,10.3317,19138715.31,-47.35,-94.5314,13.602593742892,1.72,0.692054379289,15.7058596995,风电设备,2025-10-29,2024-09-30
301160,翔楼新材,1.24,1074670960.18,13.4574515635,2.7043,138814234.01,1.04,4.6994,19.452482800606,8.91,2.255742048255,25.139307683,通用设备,2025-10-29,2024-09-30
301157,华塑科技,0.3647,191166033.88,22.5580546614,-34.4721,21879721.58,12.3,-44.2305,17.883072117333,2.05,-0.030223775833,31.4624769156,其他电源设备Ⅱ,2025-10-29,2024-09-30
301141,中科磁业,0.0865,385661685.3,3.4226119632,-0.6541,10723082.34,-71.87,223.1649,10.098409985907,0.85,-0.124911653916,10.2036501006,金属新材料,2025-10-29,2024-09-30
301136,招标股份,-0.0069,327690057.72,-17.236642067,-10.8081,-1910217.77,-108.28,-84.058,5.292122373656,-0.13,-0.196302667918,39.7843365701,工程咨询服务Ⅱ,2025-10-29,2024-09-30
301120,新特电气,0.03,286866024.56,-19.1695825796,30.822,11364402.41,-82.02,364.3169,4.233884790845,0.71,0.012671542218,29.0322090975,电网设备,2025-10-29,2024-09-30
301117,佳缘科技,-0.14,194548387.88,4.5970800406,-72.5331,-17854159.69,-155.24,-208.6864,13.981300828065,-1.38,-1.021695842334,43.5721393345,计算机设备,2025-10-29,2024-09-30
301116,益客食品,0.33,15363120450.17,-7.2972009891,-3.2579,141013284.54,2721.59,-37.3609,4.080830859054,7.83,2.198541858048,4.8863555697,养殖业,2025-10-29,2024-09-30
301115,联检科技,0.11,952812552.48,12.0546852292,-2.7053,20946075.03,-72.93,-80.4418,13.965696186044,0.8,-0.23303751179,35.2217300419,专业服务,2025-10-29,2024-09-30
301105,鸿铭股份,0.0784,156860930.36,8.5488896454,-16.873,3918420.69,211.48,-267.3812,17.1078974102,0.46,0.7032501222,33.6372783324,专用设备,2025-10-29,2024-09-30
301098,金埔园林,0.1,555153898.83,-6.6648849265,-44.3593,15870573.82,-62.31,-188.2125,6.906993947074,1.37,-1.423500397789,29.3739514311,基础建设,2025-10-29,2024-09-30
301091,深城交,0.11,780345133.85,-11.5857341377,33.9363,59193983.02,13.19,208.5181,5.64003110641,2.62,-1.093093196499,33.6169516129,工程咨询服务Ⅱ,2025-10-29,2024-09-30
301089,拓新药业,-0.02,325753716.96,-56.3407650666,-3.1124,-2653779.13,-100.85,77.2733,12.398657898763,-0.17,0.862375522445,25.6869077047,化学制药,2025-10-29,2024-09-30
301085,亚康股份,0.66,1195946326.44,-14.5347575086,13.944,57105232.06,-31.39,-14.8829,12.771519430532,5.16,0.789725607435,13.6216786614,IT服务Ⅱ,2025-10-29,2024-09-30
301080,百普赛斯,0.4982,463485245.28,12.3382945314,6.9637,83490036.25,-34.85,2.9638,21.430892866833,3.23,0.739214489333,91.3283718286,生物制品,2025-10-29,2024-09-30
301079,邵阳液压,0.1681,272550137.94,24.0337773419,2.4476,16933107.21,-7.87,-25.9456,4.479226101292,3.46,-0.192993775302,23.3226713222,工程机械,2025-10-29,2024-09-30
301067,显盈科技,0.06,622740938.97,33.1282951426,27.9759,5621542.74,-62.65,338.4846,8.666007098914,0.66,0.421986272163,21.0293870797,消费电子,2025-10-29,2024-09-30
301063,海锅股份,0.22,1008611150.01,6.2310059241,13.0043,23026548.71,-61.49,-22.5707,14.643746842826,1.48,0.36916613687,9.2110655082,专用设备,2025-10-29,2024-09-30
301056,森赫股份,0.3,540873845.57,2.7408169039,-18.8168,79595571.81,24.69,-33.9638,3.191752189325,9.5,0.278033861302,33.7482055594,专用设备,2025-10-29,2024-09-30
301048,金鹰重工,0.2,1914249766.1,-0.4983424405,-8.1925,104749756.09,-39.87,-43.2678,4.801434466396,4.16,-0.106094167269,13.4823555865,轨交设备Ⅱ,2025-10-29,2024-09-30
301042,安联锐视,1.1012,553940660.76,14.7839396229,11.7375,75264721.38,15.21,-13.0041,15.917411792185,6.6,0.490723138931,34.3049587621,计算机设备,2025-10-29,2024-09-30
301029,怡合达,0.52,1857212087.29,-15.7193933102,-9.259,328251507.24,-27.31,-16.4896,5.499806586675,10.51,1.057712972063,35.4375864832,自动化设备,2025-10-29,2024-09-30
301017,漱玉平民,-0.03,7078113227.24,8.3203472346,-5.031,-13192041.5,-108.15,-373.158,5.139093332342,-0.62,0.590962923664,27.1979674223,医药商业,2025-10-29,2024-09-30
301011,华立科技,0.47,752048989.63,26.39344275,17.5523,69603709.93,55.74,109.6463,4.98322537998,9.77,1.153711245194,30.4161876944,文娱用品,2025-10-29,2024-09-30
301007,德迈仕,0.27,523411894.37,11.3041973688,1.3973,40957514.89,-2.2,15.3826,4.288861018456,6.18,0.392543676275,19.8456748036,汽车零部件,2025-10-29,2024-09-30
301004,嘉益股份,3.71,1985164069.91,61.5969176941,12.2238,530988791.66,69.2,1.8996,16.17015952317,35.92,2.870340811193,39.5439361123,家居用品,2025-10-29,2024-09-30
300996,普联软件,0.0529,293805190.93,5.859066431,-11.0609,14928147.68,148.36,-84.8112,5.864130668442,1.25,-0.608428831042,35.9552256465,软件开发,2025-10-29,2024-09-30
300995,奇德新材,0.0664,254482335.36,26.0044530254,11.808,5575007.14,10.28,233.6798,7.4377640202,0.88,0.097206793489,21.4840469586,塑料,2025-10-29,2024-09-30
300989,蕾奥规划,-0.13,233895797.55,-20.3790410468,-23.1852,-26868129.64,-221.29,-2842.0101,4.772782074088,-2.6,-0.712675767574,44.1668626081,工程咨询服务Ⅱ,2025-10-29,2024-09-30
300986,志特新材,0.1734,1805191440.98,13.4031377213,-1.9981,59330215.66,17893.02,102.1032,5.456422211554,3.91,0.007059305014,26.3805829636,专业工程,2025-10-29,2024-09-30
300981,中红医疗,0.1193,1838289686.09,16.2190247961,14.3032,51032305.48,454.87,-40.7783,14.397927997825,0.89,0.033687748194,13.7382026615,医疗器械,2025-10-29,2024-09-30
300973,立高食品,1.2075,2717264207.79,5.216202241,8.1562,203106824.44,28.21,15.9509,13.556041801103,8.15,1.457900386182,32.1665139921,休闲食品,2025-10-29,2024-09-30
300955,嘉亨家化,0.02,690890785.07,-5.1648699796,23.0572,2216847.43,-91.54,402.1592,9.536217346528,0.23,0.207298906845,20.8291136472,化妆品,2025-10-29,2024-09-30
300949,奥雅股份,-1.73,351472535.35,-7.6954263873,-33.0077,-103739925.08,-81.51,1.4836,14.445963095866,-11.24,-0.435191227058,37.4341280035,基础建设,2025-10-29,2024-09-30
300948,冠中生态,-0.0509,144545894.52,-50.5137462748,-55.1192,-7123149.35,-117.17,-246.4013,5.98815231124,-0.84,-0.54491805893,36.3304863859,基础建设,2025-10-29,2024-09-30
300947,德必集团,0.15,947298514.26,14.0500743862,-0.3991,22251958.0,-18.48,84.2727,8.186363806027,1.74,3.26810261278,34.1347349228,一般零售,2025-10-29,2024-09-30
300939,秋田微,0.61,808033216.12,8.7683986377,-2.3249,73112080.74,-24.96,-38.2831,11.273854705917,5.41,0.51405011425,25.0567982876,光学光电子,2025-10-29,2024-09-30
300933,中辰股份,0.104,2276397554.71,12.4078313318,21.3757,47697068.82,-25.69,-5.5175,3.29646422729,2.91,-0.456276793068,13.8882361179,电网设备,2025-10-29,2024-09-30
300928,华安鑫创,-0.49,696463158.44,-13.8088989742,8.26,-39525182.29,-344.31,38.7348,14.83853762,-3.25,-0.771323899375,7.8613279965,汽车零部件,2025-10-29,2024-09-30
300920,润阳科技,0.1896,288615262.49,20.2467059502,-15.6845,18964095.99,-2.57,-115.2404,11.6874368678,1.62,0.2088761032,21.2858021714,塑料,2025-10-29,2024-09-30
300915,海融科技,0.6789,765951968.03,8.3066015309,-6.3267,87500072.52,32.44,-45.4734,16.951907236111,5.65,0.370635446667,35.9611893783,饮料乳品,2025-10-29,2024-09-30
300896,爱美客,5.26,2375558559.03,9.4576987326,-15.3358,1585514287.73,11.79,-21.7131,24.571737448099,23.11,5.075217651605,94.8040209688,医疗美容,2025-10-29,2024-09-30
300894,火星人,0.04,1012865670.45,-35.5149097451,-9.5555,15092962.75,-93.22,-723.8543,3.228728309229,0.97,-0.244324827365,43.0859215651,厨卫电器,2025-10-29,2024-09-30
300891,惠云钛业,0.0308,1230198398.88,-2.9984622881,11.9346,12270205.61,-47.93,-184.6286,3.21627608681,0.89,-0.162005206104,7.9778919188,化学原料,2025-10-29,2024-09-30
300884,狄耐克,0.0704,519143922.08,-16.8322426371,-9.9001,17559144.04,-73.66,-133.8208,5.13491105131,1.29,-0.227808579246,42.2700629549,计算机设备,2025-10-29,2024-09-30
300867,圣元环保,0.5429,1157746921.0,-4.2483487026,-10.5744,147540130.79,11.71,-21.9601,13.376608953451,4.14,1.115865098639,42.3124439421,环境治理,2025-10-29,2024-09-30
300864,南大环境,0.85,600168930.71,12.4509493711,5.8233,131454159.77,11.94,-8.7229,8.157741584135,10.47,0.230270509353,38.5205003442,环境治理,2025-10-29,2024-09-30
300861,美畅股份,0.4194,1891871971.83,-43.2105786733,-35.0525,281750086.96,-79.72,-92.5771,13.750793987963,4.3,2.744145480675,24.5722600959,通用设备,2025-10-29,2024-09-30
300860,锋尚文化,0.12,380713406.02,2.89381311,16.9725,22037636.06,-62.42,-93.1851,16.622074564939,0.67,0.119561030899,30.7855829284,专业服务,2025-10-29,2024-09-30
300851,交大思诺,0.2266,213817428.11,3.91491965,-43.1427,19702899.67,-48.76,-122.6643,14.601635144605,1.53,-0.040052394017,71.5957432484,轨交设备Ⅱ,2025-10-29,2024-09-30
300849,锦盛新材,0.0058,259319236.54,44.3207151975,-6.6614,874009.84,105.13,-79.8465,4.148504369133,0.14,0.114227612867,18.8301774375,化妆品,2025-10-29,2024-09-30
300843,胜蓝股份,0.58,923415008.58,-2.206383416,3.2437,87685622.51,22.31,10.2289,7.89703568602,7.46,0.739271594022,24.7061695922,消费电子,2025-10-29,2024-09-30
300842,帝科股份,2.08,11509009808.23,88.7706290625,-0.5041,292861547.39,0.07,4.8121,11.158413284364,20.43,4.124253676475,9.7253992291,光伏设备,2025-10-29,2024-09-30
300833,浩洋股份,2.0425,946173542.27,-6.3889598101,-21.5233,258355639.64,-16.8,-45.8682,18.885383652764,10.89,1.582577292287,51.1584413224,专用设备,2025-10-29,2024-09-30
300832,新产业,1.7609,3414275264.56,17.4055389755,1.1629,1383591276.93,16.59,0.7369,10.33345667104,17.54,1.219373694101,72.343265029,医疗器械,2025-10-29,2024-09-30
300827,上能电气,0.6,3069056752.97,-7.2973892635,-5.8847,301870420.17,44.82,28.8254,5.67351147911,15.76,-1.805780269228,22.9776558976,光伏设备,2025-10-29,2024-09-30
300816,艾可蓝,0.6445,715336792.27,-4.780995774,-13.1612,51562814.54,221.64,-28.219,10.491865666,6.26,1.030210420125,23.3912517234,汽车零部件,2025-10-29,2024-09-30
300814,中富电路,0.18,1043775797.11,12.144429805,3.3058,31170009.39,7.01,-59.5968,6.494666360645,2.66,0.686671207681,13.2517704887,元件,2025-10-29,2024-09-30
300798,锦鸡股份,0.0188,708002699.26,-0.2651117814,6.8476,8826224.27,-69.89,58.5915,3.625378725344,0.51,-0.111601663036,14.810444518,化学制品,2025-10-29,2024-09-30
300791,仙乐健康,0.7905,3048456382.86,21.7958612066,1.8291,239801624.33,29.52,-6.6874,9.431182418428,9.83,1.197827185728,31.2072629036,食品加工,2025-10-29,2024-09-30
300790,宇瞳光学,0.42,1993437970.18,33.6687350726,9.5366,133308460.26,221.38,10.0645,5.236032693966,7.01,0.54873330064,22.8732840139,计算机设备,2025-10-29,2024-09-30
300787,海能实业,0.1788,1555646650.51,10.7544317639,16.5282,51032879.33,-52.62,-29.1622,5.519638418861,3.0,-0.366005211522,28.8028905821,消费电子,2025-10-29,2024-09-30
300779,惠城环保,0.22,862187538.48,10.0667661165,-9.6114,43358125.87,-68.13,-41.2022,6.735641711929,3.16,0.021013387732,24.7925085924,环境治理,2025-10-29,2024-09-30
300777,中简科技,0.5257,532627304.17,33.2635148769,67.5835,231174773.74,-5.59,178.4394,9.669523208127,5.57,0.237814137741,61.3100069774,航空装备Ⅱ,2025-10-29,2024-09-30
300767,震安科技,-0.2299,318500819.1,-41.0716286394,-20.6911,-56844583.98,-462.02,-26.9183,5.752977291795,-3.65,0.397072728357,34.884591548,橡胶,2025-10-29,2024-09-30
300759,康龙化成,0.8028,8817275052.0,3.0024582602,9.5131,1421799112.63,24.82,-65.0679,7.489768698977,10.9,0.990549500942,33.8699368928,医疗服务,2025-10-29,2024-09-30
300751,迈为股份,2.72,7767006793.7,52.0903433574,9.3189,758506974.71,6.3,47.9403,26.658179374102,10.39,-0.450444881793,27.2396633101,光伏设备,2025-10-29,2024-09-30
300738,奥飞数据,0.1102,1581187398.61,52.1749738028,-23.4804,105946901.32,-13.63,19.9105,3.222465863701,3.36,0.485981500832,25.5519076433,通信服务,2025-10-29,2024-09-30
300735,光弘科技,0.1938,5178179392.26,49.9096287867,13.0119,148768761.78,-37.37,26.3712,6.262589097485,3.08,1.394634929151,11.9408075573,消费电子,2025-10-29,2024-09-30
300731,科创新源,0.08,593040961.42,66.0639161325,-9.5249,10672932.57,-2.39,344.3367,4.778413812003,1.77,0.169379008782,21.8975897616,橡胶,2025-10-29,2024-09-30
300730,科创信息,-0.26,147656867.6,18.1791847461,-9.6881,-62353055.93,48.5,3.5362,1.290143962725,-18.36,-0.618936423737,19.4123754932,软件开发,2025-10-29,2024-09-30
300703,创源股份,0.3309,1385070175.48,38.3261363496,9.1859,59692302.93,-10.46,-28.2531,4.664445355954,7.08,-0.12413737107,30.5775909422,文娱用品,2025-10-29,2024-09-30
300701,森霸传感,0.131,320487166.95,56.8657306756,-3.1371,36862201.34,-2.4,205.8616,3.312610475036,4.0,0.186719455711,37.8721052188,光学光电子,2025-10-29,2024-09-30
300700,岱勒新材,-0.22,288045547.6,-60.7977714736,42.5547,-84864886.83,-150.88,-2.1924,2.881285799535,-7.02,0.498655910415,-3.2341624953,通用设备,2025-10-29,2024-09-30
300682,朗新科技,0.1482,2699395357.37,3.8007936253,30.6212,160155934.44,-21.83,117.9025,6.899083662498,2.11,0.066704957025,44.3666657428,IT服务Ⅱ,2025-10-29,2024-09-30
300656,民德电子,-0.0594,259836628.05,-8.2551331702,3.8663,-10198035.84,-159.73,68.4696,6.531477039495,-0.9,0.255578248581,36.4037901892,其他电子Ⅱ,2025-10-29,2024-09-30
300649,杭州园林,-0.13,151293491.62,-25.8532366106,20.0335,-16588939.93,-212.4,104.5722,3.889778454227,-3.11,-0.085559501301,16.1951911002,基础建设,2025-10-29,2024-09-30
300639,凯普生物,-0.4068,610244080.75,-28.2596589655,-10.8175,-261923132.65,-252.19,-195.638,6.942685392142,-5.75,0.068661043206,53.8140467166,医疗器械,2025-10-29,2024-09-30
300635,中达安,0.0165,493816468.65,5.2006630433,-2.4205,2242846.96,-40.96,-158.0383,3.122130285207,0.53,-0.783014515045,22.7487511741,工程咨询服务Ⅱ,2025-10-29,2024-09-30
300633,开立医疗,0.252,1398196592.81,-4.7441531543,-27.721,108985799.47,-66.01,-187.504,7.210627443856,3.36,0.073735061952,64.1799953686,医疗器械,2025-10-29,2024-09-30
300629,新劲刚,0.4504,403759785.15,5.2592742094,-10.5472,112744718.78,0.66,-8.3122,6.809482354118,6.76,-0.199788013029,66.3582333244,军工电子Ⅱ,2025-10-29,2024-09-30
300625,三雄极光,0.2197,1493300771.23,-10.9860447171,-12.3158,61355790.92,-57.41,-30.1013,7.50038675088,2.0,-0.034224277649,32.5671463753,照明设备Ⅱ,2025-10-29,2024-09-30
300624,万兴科技,-0.03,1052864618.62,-3.9114392176,0.0962,-5497330.36,-108.48,-2487.4373,6.592772201203,-0.42,0.037323882707,93.7212286745,软件开发,2025-10-29,2024-09-30
300616,尚品宅配,-0.54,2731896184.18,-22.2170115119,9.5741,-114157376.5,-2904.94,57.4089,15.657586963565,-3.15,-0.432489492953,31.925959703,家居用品,2025-10-29,2024-09-30
300611,美力科技,0.37,1125230242.22,21.1589873132,-2.1946,77565257.46,154.61,0.594,5.020097103689,7.57,0.374773005839,21.8543382175,汽车零部件,2025-10-29,2024-09-30
300606,金太阳,0.15,347564372.63,-12.0402940394,-17.4761,20397351.14,-36.24,-60.327,4.991898256814,2.9,0.348115493766,25.2874764335,通用设备,2025-10-29,2024-09-30
300602,飞荣达,0.2261,3552996515.08,21.9922982133,5.6669,130455020.15,111.26,43.3701,6.56418665432,3.38,0.162704609701,19.334903853,消费电子,2025-10-29,2024-09-30
300599,雄塑科技,-0.13,753475150.06,-21.8890643337,-3.8083,-46640658.13,-294.6,37.1841,5.820721056265,-2.6,-0.16644101426,9.3840214909,装修建材,2025-10-29,2024-09-30
300598,诚迈科技,-0.3793,1407414577.08,3.4426627602,22.0295,-82248235.45,46.25,-165.7924,7.269455436483,-5.48,-0.62386451259,16.3708651198,软件开发,2025-10-29,2024-09-30
300594,ST朗进,-0.47,583223589.8,4.0731639992,-21.0832,-43284037.73,-2129.61,-83379.6196,9.468886966171,-4.79,-1.836887350487,21.8529099027,轨交设备Ⅱ,2025-10-29,2024-09-30
300590,移为通信,0.2919,693746691.21,6.512989118,-18.5102,133943830.43,36.39,-44.278,3.987033049872,7.31,0.516948276894,42.5111123738,通信设备,2025-10-29,2024-09-30
300583,赛托生物,0.08,765034045.74,-17.1346306667,-38.4385,14715312.32,-75.94,-85.169,10.240283678318,0.74,0.890929202923,26.3842866333,化学制药,2025-10-29,2024-09-30
300577,开润股份,1.34,3024760362.07,32.4824980772,29.4832,320537963.35,164.63,-59.1093,8.56578322158,15.7,0.500193061893,23.1557943824,服装家纺,2025-10-29,2024-09-30
300573,兴齐眼药,1.19,1439292774.15,30.2688303087,1.0279,290762858.5,59.47,-9.7562,9.332170450738,16.03,2.039077190546,78.3827281434,化学制药,2025-10-29,2024-09-30
300567,精测电子,0.3,1830638423.32,18.4999236694,0.9338,82241117.53,752.58,-50.7058,11.996234285859,2.39,-0.435086669946,41.0266355902,通用设备,2025-10-29,2024-09-30
300553,集智股份,0.17,164495248.61,-10.7917665507,6.2647,13623290.49,-59.89,22.4744,8.742688977687,1.92,-0.168947143984,44.2074161196,通用设备,2025-10-29,2024-09-30
300549,优德精密,0.0939,254786959.31,-4.0731259545,16.3418,12520883.68,-20.97,117.8306,4.113234664542,2.27,0.288971074846,28.7584729762,专用设备,2025-10-29,2024-09-30
300539,横河精密,0.11,548165493.42,9.7625630673,19.9032,24248264.53,-11.94,31.3795,2.463646069437,4.46,0.095323339686,21.0826472037,塑料,2025-10-29,2024-09-30
300537,广信材料,0.1799,386211477.69,-2.1145581138,-12.554,35998141.32,2.21,-36.9214,4.081351546267,4.99,-0.280846088151,37.1392383126,电子化学品Ⅱ,2025-10-29,2024-09-30
300527,ST应急,0.0052,721544398.83,113.8551866551,12.7667,5044925.23,102.36,-38.6264,2.541054275367,0.2,-0.388460320839,23.1804462444,地面兵装Ⅱ,2025-10-29,2024-09-30
300520,科大国创,-0.16,1038309826.59,-41.5079124145,8.3297,-47489718.57,-173.36,-8.7139,6.309966970171,-2.55,-1.097486722158,38.8241431995,软件开发,2025-10-29,2024-09-30
300516,久之洋,0.1119,276152555.11,-27.4100635406,-23.1341,20147953.1,-53.42,-72.8886,7.089236848833,1.56,1.2101573955,38.4092181902,其他电子Ⅱ,2025-10-29,2024-09-30
300514,友讯达,0.796,823191153.18,-2.1451283337,-1.2435,159207708.09,-1.68,27.3042,5.0135681052,16.53,0.78395969225,40.6630556957,电网设备,2025-10-29,2024-09-30
300496,中科创达,0.3309,3694282198.21,-4.6980039853,5.7985,151967640.77,-74.92,249.723,20.87527957709,1.58,1.012239653849,36.4570198953,IT服务Ⅱ,2025-10-29,2024-09-30
300484,蓝海华腾,0.1005,236414863.73,5.8860485954,14.7988,20877526.38,-5.05,-39.3949,3.084237147002,3.2,-0.030601839448,39.4079433586,自动化设备,2025-10-29,2024-09-30
300483,首华燃气,-0.292,1039973730.0,1.5698984395,22.0333,-78394506.51,-1036.47,69.4305,9.15883365115,-2.96,1.13059895188,8.6953130787,燃气Ⅱ,2025-10-29,2024-09-30
300474,景嘉微,0.05,441058430.06,-5.992129692,-62.2596,23874312.38,53.28,-122.4997,7.483736311031,0.69,0.028052921175,53.4721190927,军工电子Ⅱ,2025-10-29,2024-09-30
300461,田中精机,-0.22,192600713.02,-0.2219158485,35.3067,-34045558.35,-750.72,-86.9326,4.132669347139,-5.15,-0.226674614207,39.0126032722,自动化设备,2025-10-29,2024-09-30
300460,ST惠伦,0.0061,442961653.1,41.4551056493,0.303,1704178.16,106.48,-107.4476,2.941882817864,0.21,0.246827925443,18.514322476,元件,2025-10-29,2024-09-30
300451,创业慧康,0.03,1168619942.05,1.0109492136,25.8054,52752695.77,-42.27,68.9948,3.002241759742,1.14,-0.130361541097,50.1397883979,软件开发,2025-10-29,2024-09-30
300449,汉邦高科,-0.0659,79780974.46,15.9806256874,-12.3457,-25543659.52,47.46,-388.7461,1.023942519877,-6.24,-0.266878756618,13.2317535245,计算机设备,2025-10-29,2024-09-30
300446,航天智造,0.6339,5496481552.84,30.206226641,-14.0375,535884931.4,120.77,-32.2235,5.90168193484,11.22,0.774972751586,21.0862443543,汽车零部件,2025-10-29,2024-09-30
300444,双杰电气,0.1456,2563843911.84,0.5396362892,32.4915,116253194.83,11.35,417.2181,2.097396324626,7.29,-0.371413594018,19.9996467247,电网设备,2025-10-29,2024-09-30
300443,金雷股份,0.4613,1313307066.26,-1.7203547298,31.1145,149104414.9,-54.39,67.619,18.998522841695,2.44,0.711975020488,22.7498556412,风电设备,2025-10-29,2024-09-30
300439,美康生物,0.5844,1406709821.37,-4.3467565532,-2.1445,224363611.78,-2.43,-53.807,7.523993094514,7.97,0.28399446722,45.5926005696,医疗器械,2025-10-29,2024-09-30
300433,蓝思科技,0.48,46227754593.23,36.7366462842,29.867,2370944432.86,43.74,173.4634,9.494308203648,5.05,1.262188313606,17.00007213,消费电子,2025-10-29,2024-09-30
300432,富临精工,0.1817,5882693433.31,40.7952749893,8.9856,310666111.2,177.26,94.3133,3.558102531844,7.43,0.315662326285,12.6694346807,电池,2025-10-29,2024-09-30
300427,红相股份,-0.1341,445024870.64,-46.1771177135,-60.6687,-52101832.7,-10.43,-246.5335,2.589711195661,-5.44,-0.245120341518,40.4068539454,电网设备,2025-10-29,2024-09-30
300426,华智数媒,-0.184,57703878.06,-74.6970115653,-62.038,-74476676.97,-3219.98,53.2246,0.15592813026,-74.38,-0.179327665777,77.8354923794,影视院线,2025-10-29,2024-09-30
300423,昇辉科技,0.0327,1055840040.71,-40.9712991493,16.0119,16281579.98,103.26,-35.8754,2.99291901422,1.11,-0.292539914361,18.6421770326,电网设备,2025-10-29,2024-09-30
300419,ST浩丰,0.0161,273124735.83,-34.4941587988,-15.3884,5911702.93,-56.64,-76.5267,1.240011454376,1.3,-0.256638538389,33.7529127488,IT服务Ⅱ,2025-10-29,2024-09-30
300415,伊之密,1.03,3673449276.2,24.952481113,-7.8714,480420282.35,31.71,-1.1727,6.070453534734,18.87,0.225226763974,32.2411768194,专用设备,2025-10-29,2024-09-30
300406,九强生物,0.63,1237396355.82,0.30083337,-2.8407,373384271.63,0.56,-5.1759,6.447302595599,9.67,0.685320022428,77.8099429267,医疗器械,2025-10-29,2024-09-30
300404,博济医药,0.1133,556148773.73,55.0099170743,23.4479,43277754.83,87.98,-3.5197,2.572661063028,4.48,-0.041967017302,32.1871922812,医疗服务,2025-10-29,2024-09-30
300400,劲拓股份,0.25,557499804.2,0.1274145523,14.5133,60334680.72,56.43,-3.3241,3.201540237271,7.15,0.314628356341,34.8949047613,自动化设备,2025-10-29,2024-09-30
300381,溢多利,0.0873,608449754.7,1.171460808,6.4724,42798763.22,245.33,-95.4172,5.347060595937,1.62,0.192256397532,46.4343532506,化学制药,2025-10-29,2024-09-30
300370,安控科技,-0.0221,234521392.83,-2.5450706342,41.93,-34570900.48,71.17,94.8964,0.374294089224,-5.79,-0.018275890366,25.920152672,通用设备,2025-10-29,2024-09-30
300365,恒华科技,0.0155,313976249.38,-7.1067347846,8.5115,9287542.27,-34.98,-26.8332,3.330358740799,0.47,-0.451178145714,31.7362353257,软件开发,2025-10-29,2024-09-30
300355,蒙草生态,0.03,1180643244.98,-1.1461033,-6.7023,49992422.75,-82.31,-54.7368,2.730309832304,1.14,0.077233823403,25.8651491514,基础建设,2025-10-29,2024-09-30
300352,ST信源,-0.0328,377845319.76,-20.8122445036,40.7709,-47489033.64,-2537.42,126.4754,1.031762899156,-3.13,-0.094975165791,72.8692540442,软件开发,2025-10-29,2024-09-30
300350,华鹏飞,0.04,255423227.25,-16.731624451,-0.199,22513314.58,-81.6,94.7561,1.644523554031,2.47,-0.00411900924,15.2735671575,物流,2025-10-29,2024-09-30
300347,泰格医药,0.94,5067615359.89,-10.3152792474,0.6673,813428915.46,-56.72,24.3634,24.354010665339,3.85,0.669137599649,38.8798635401,医疗服务,2025-10-29,2024-09-30
300346,南大光电,0.41,1763818418.49,37.7395554748,4.5804,265608303.02,23.33,-10.0044,4.4986818049,11.3,1.075859779494,42.6386068609,电子化学品Ⅱ,2025-10-29,2024-09-30
300339,润和软件,0.14,2408855239.73,11.4283875351,2.2894,110680146.95,12.74,-56.1697,4.313281361535,3.26,-0.403898440265,25.8036022069,IT服务Ⅱ,2025-10-29,2024-09-30
300323,华灿光电,-0.22,2952624462.03,48.7326845378,-0.0259,-359556268.16,36.74,18.5942,4.435899063392,-5.01,-0.053496662613,-0.0532604928,光学光电子,2025-10-29,2024-09-30
300307,慈星股份,0.39,1784305179.54,3.7369959665,-26.1027,309582603.61,163.81,-55.5748,4.08003295645,9.93,0.015501205966,30.7291092924,专用设备,2025-10-29,2024-09-30
300300,海峡创新,-0.08,87887194.58,7.852354428,-58.9741,-52037861.5,55.96,-28873.5568,0.205150359844,-32.03,0.001749637325,-8.9105232764,IT服务Ⅱ,2025-10-29,2024-09-30
300299,富春股份,-0.0607,191177348.1,-22.002099697,35.7062,-41969649.82,-780.21,52.123,0.78078535967,-7.51,-0.021527381851,26.8302126009,游戏Ⅱ,2025-10-29,2024-09-30
300289,利德曼,0.002,281819659.47,-17.145798855,-0.2813,1071560.04,-95.49,-85.9423,3.195288258867,0.06,0.085828095244,54.1594656161,医疗器械,2025-10-29,2024-09-30
300281,金明精机,0.034,368856864.44,6.814391611,11.917,14327811.43,24.45,300.3824,3.062006889849,1.12,0.131338371261,16.1261978492,专用设备,2025-10-29,2024-09-30
300278,华昌达,0.0546,2029215954.65,-2.1622147452,2.9813,77578129.57,13.03,-91.3491,1.258486795271,4.42,-0.333742391674,13.4421724053,自动化设备,2025-10-29,2024-09-30
300274,阳光电源,3.67,49945968511.34,7.6082332483,2.8253,7599553021.69,5.21,-7.7644,16.477319203886,24.52,0.387773952084,31.3176880183,光伏设备,2025-10-29,2024-09-30
300265,通光线缆,0.11,1904079626.97,-0.4488628926,9.4108,51987977.82,-45.94,-74.5109,4.913873232615,2.3,-0.218406574532,16.5296285918,电网设备,2025-10-29,2024-09-30
300263,隆华科技,0.17,1930190051.84,1.9375791913,21.9948,154710273.82,-12.64,-2.4932,3.488350841838,4.77,-0.330831042366,23.9192332335,通用设备,2025-10-29,2024-09-30
300261,雅本化学,-0.0589,939956746.25,-14.5940191388,-4.9907,-56719680.51,-173.99,26.8896,2.343825405595,-2.49,0.094047274098,16.1475946277,农化制品,2025-10-29,2024-09-30
300251,光线传媒,0.16,1441787169.08,53.3690667685,-59.1689,460878000.71,25.08,-124.6687,3.034303610203,5.24,0.217732569208,42.9638084826,影视院线,2025-10-29,2024-09-30
300248,新开普,0.0218,569547968.94,-0.8430437511,32.5622,10375624.23,142.99,778.8125,4.353857876938,0.49,-0.035269856195,56.4169264053,计算机设备,2025-10-29,2024-09-30
300239,东宝生物,0.1116,633112065.92,-13.8237419088,-6.7459,66273700.7,-30.43,-41.1673,2.854973174897,3.93,0.049312166433,22.623478204,生物制品,2025-10-29,2024-09-30
300238,冠昊生物,0.1,278135520.4,-9.9736499314,-9.9938,27836338.53,-32.55,33.5416,2.060709913267,5.22,0.121973744438,78.6369079165,医疗器械,2025-10-29,2024-09-30
300230,永利股份,0.1979,1633467850.14,12.3542336377,19.6179,161189931.28,-9.91,0.0888,3.79674139067,5.25,0.234759886505,31.8340576514,塑料,2025-10-29,2024-09-30
300220,金运激光,0.0068,199538798.94,-6.5637672856,-2.301,1022697.77,106.57,84.5393,0.402788349272,1.69,-0.004670111508,28.6832878388,自动化设备,2025-10-29,2024-09-30
300215,电科院,0.02,463410985.93,5.2696308189,-9.7425,15747269.93,300.56,249.9112,2.646704980238,0.79,0.27558657567,36.0941194401,专业服务,2025-10-29,2024-09-30
300204,舒泰神,-0.02,260987909.55,-4.9056652904,-10.0774,-9364956.52,94.94,-1815.4067,2.161907297438,-0.91,-0.051767935561,81.8046554295,化学制药,2025-10-29,2024-09-30
300197,节能铁汉,-0.2313,962894427.43,-36.4770504045,-21.3273,-633398425.95,-110.35,-6.5217,1.25363794139,-17.97,-0.115249914063,-5.0128446458,基础建设,2025-10-29,2024-09-30
300195,长荣股份,0.008,1139713980.99,-4.6327764564,-6.7714,3383837.65,-41.25,205.1106,6.285734397012,0.13,0.119606423631,29.5242405737,专用设备,2025-10-29,2024-09-30
300189,神农种业,-0.0207,122683036.69,5.5057399958,365.4951,-21200379.72,-86.95,18.1432,0.731876486504,-2.79,-0.018405433115,46.3758027067,种植业,2025-10-29,2024-09-30
300171,东富龙,0.2003,3489591492.29,-19.3166862544,1.3986,152747075.02,-73.82,-21.3612,10.225124376366,1.94,0.559518665185,29.4855308773,医疗器械,2025-10-29,2024-09-30
300168,万达信息,-0.388,1321108099.89,-30.6509670157,-30.5468,-558896459.0,-65.52,-25.6145,1.227763038932,-27.28,-0.435994343151,15.6688324738,IT服务Ⅱ,2025-10-29,2024-09-30
300162,雷曼光电,-0.1057,946092087.87,14.2145519636,-18.4478,-43334863.42,-205.32,-1014.6568,2.238836281697,-4.46,-0.113725708656,23.9263064063,光学光电子,2025-10-29,2024-09-30
300161,华中数控,-0.3375,1107379035.11,-14.543319589,24.0506,-67057907.73,-99.46,204.3465,7.975487204164,-4.13,-0.927145652635,34.6279243892,通用设备,2025-10-29,2024-09-30
300159,新研股份,-0.1185,462115908.47,-44.8146764252,384.0167,-177630596.82,-84.86,42.1166,-0.092945586389,,0.101853987644,16.0930345498,专用设备,2025-10-29,2024-09-30
300153,科泰电源,0.0782,733755617.03,16.7185890941,22.8898,25034765.89,26.84,-16.9008,2.684681095281,2.95,0.204305859969,12.4011867982,其他电源设备Ⅱ,2025-10-29,2024-09-30
300142,沃森生物,0.1603,2141346183.01,-32.193917017,-15.067,256358619.72,-53.67,-45.1534,5.995967168847,2.71,0.349770313993,79.4230232236,生物制品,2025-10-29,2024-09-30
300141,和顺电气,-0.0021,284460628.09,18.8693022381,-27.2361,-542831.34,-130.34,-346.7313,2.630805001406,-0.08,0.265395517688,22.461471269,电网设备,2025-10-29,2024-09-30
300140,节能环境,0.2131,4317769030.38,-8.4879084542,-7.319,663834417.26,-3.39,-5.5394,4.454646879821,4.94,0.504301393465,37.7951535086,环境治理,2025-10-29,2024-09-30
300136,信维通信,0.5511,6394180052.89,14.3092416169,40.2635,533238346.41,3.08,547.0256,7.41941430027,7.35,0.769280112601,20.7992439789,消费电子,2025-10-29,2024-09-30
300134,大富科技,-0.29,1729860701.57,-3.9591809317,-3.3656,-224205236.19,-1044.75,-15.6115,5.494737958355,-5.2,0.059670508369,19.9570676007,通信设备,2025-10-29,2024-09-30
300132,青松股份,0.0631,1386509990.94,-3.7890344824,10.5895,31915720.18,150.07,95.0381,2.46881255502,2.48,0.179856237499,16.5618352656,化妆品,2025-10-29,2024-09-30
300128,锦富技术,-0.1228,1247312181.43,17.0062409147,5.6773,-158031691.87,-59.27,24.6941,0.705775022966,-15.21,-0.182895411143,12.4482719348,消费电子,2025-10-29,2024-09-30
300120,经纬辉开,0.1144,2619980221.17,3.2650140879,22.8548,65692152.96,-5.93,4.8881,5.254554838549,2.2,0.094228594798,11.943779516,光学光电子,2025-10-29,2024-09-30
300113,顺网科技,0.32,1396396670.67,25.9645801242,48.8843,212184076.57,34.92,177.9068,3.100106105868,10.1,0.387996113655,41.7330936868,游戏Ⅱ,2025-10-29,2024-09-30
300106,西部牧业,-0.1968,702155915.23,-19.8051717026,15.5819,-41586059.11,-96.34,76.4508,2.364550107411,-7.99,0.066495770666,10.0908534306,饮料乳品,2025-10-29,2024-09-30
300098,高新兴,-0.03,947833314.96,-20.3086841805,-17.918,-45994474.31,31.19,-236.9248,1.627932556298,-1.62,-0.041652919564,34.3521498665,通信设备,2025-10-29,2024-09-30
300097,智云股份,0.0442,357594254.67,-9.2568884873,-31.0912,12757229.34,-92.68,-16.4492,2.212674919478,2.02,0.165843409441,35.220307526,自动化设备,2025-10-29,2024-09-30
300094,国联水产,-0.07,3012999607.19,-24.1373810592,1.1695,-79559934.03,66.17,-792.1954,2.213837585481,-3.13,0.137935990675,11.6360374725,渔业,2025-10-29,2024-09-30
300088,长信科技,0.1193,8637021595.79,37.1892792415,0.1127,292945612.15,-4.14,-19.8044,3.400449405612,3.51,-0.235480063442,9.007827581,光学光电子,2025-10-29,2024-09-30
300085,银之杰,-0.0892,647313540.17,-15.0314685226,2.8392,-62997994.15,-16.18,30.4063,0.854253371398,-9.88,-0.065139365038,24.1173943371,软件开发,2025-10-29,2024-09-30
300081,ST恒信,-0.2364,263848939.16,-15.1023704124,30.1446,-142954597.99,-42.43,-35.0322,2.354376887019,-9.59,-0.041742656327,13.990937105,通信服务,2025-10-29,2024-09-30
300077,国民技术,-0.26,820993676.2,8.0140454893,7.7105,-149354161.66,57.49,73.9431,1.845972516144,-13.55,-0.307411617835,19.9918958231,半导体,2025-10-29,2024-09-30
300052,中青宝,-0.14,176716117.64,-9.8723466788,19.7976,-36366689.01,-4008.33,18.9495,1.696849568533,-7.9,0.124129858808,21.8520693051,IT服务Ⅱ,2025-10-29,2024-09-30
300050,世纪鼎利,-0.036,206629839.34,-26.8405637817,4.4241,-19482375.34,-42.02,57.9376,0.84722967319,-4.16,-0.144065975781,29.6674317832,通信服务,2025-10-29,2024-09-30
300049,福瑞医科,0.3834,979861125.4,21.4199957177,5.4435,102002238.15,39.42,-18.3998,6.025028382509,6.38,0.456371929335,76.5028936763,医疗器械,2025-10-29,2024-09-30
300047,天源迪科,0.0505,5603214884.63,39.3712728867,8.6659,32236304.13,-9.63,-92.4186,5.226992444478,0.97,1.476195390873,9.3099537234,软件开发,2025-10-29,2024-09-30
300042,朗科科技,-0.3403,587929438.28,-43.1165551789,-10.2773,-68200260.51,-85.33,-45.7444,5.290657687974,-6.25,-0.10501437021,9.8415626541,计算机设备,2025-10-29,2024-09-30
300039,上海凯宝,0.2075,1121237259.68,-2.8667092516,-17.4095,217068484.5,10.68,39.5852,3.684213382629,-1.84,0.247787636023,81.3018881561,中药Ⅱ,2025-10-29,2024-09-30
300037,新宙邦,0.93,5667047247.12,1.513009557,0.8457,701469050.27,-12.0,13.9095,12.302170342561,7.48,-0.251814259835,27.0871718827,电池,2025-10-29,2024-09-30
300032,金龙机电,-0.0749,1060006700.37,-53.225262582,11.4795,-60197097.86,-1352.44,21.488,0.898361859965,-7.88,-0.03952041019,12.4484660497,消费电子,2025-10-29,2024-09-30
300031,宝通科技,0.5748,2447807855.88,1.2374049896,-16.4174,237696513.05,129.83,-55.203,9.23882783254,6.39,0.686023689167,40.646797659,游戏Ⅱ,2025-10-29,2024-09-30
300026,红日药业,0.06,4441070030.88,-9.7789886006,-5.7422,168356759.92,-66.94,-77.6671,2.924878125218,1.92,0.168142263015,52.2032650465,中药Ⅱ,2025-10-29,2024-09-30
300020,ST银江,-0.21,544623089.55,-44.7387070266,-41.8189,-167181692.49,-224.3,-25.1923,5.08681991337,-4.05,-0.164698816479,16.7359129532,IT服务Ⅱ,2025-10-29,2024-09-30
300016,北陆药业,0.0497,729717058.01,12.2953262407,-3.9925,24394304.8,1156.34,-39.4501,3.183057755703,1.47,0.279640573578,50.0360275729,化学制药,2025-10-29,2024-09-30
300002,神州泰岳,0.5608,4513572455.84,11.4175827537,-6.6192,1093682043.93,94.33,37.7203,3.481329585176,17.36,0.630478557048,61.942772947,游戏Ⅱ,2025-10-29,2024-09-30
200761,本钢板B,-0.777,40214610054.66,-7.5581791723,-12.9351,-3192607074.11,-157.32,-156.3962,3.132142882977,-20.44,0.316437527233,-5.432447575,普钢,2025-10-29,2024-09-30
200512,闽灿坤B,0.31,1331930525.63,20.212695341,30.9731,56935420.75,-13.63,22.1545,5.850629513309,5.16,0.204976570416,15.3297845737,小家电,2025-10-29,2024-09-30
200468,宁通信B,-0.097,506270411.34,-12.8241924269,-22.5043,-20818714.86,-24.32,-185.1047,-0.08299805107,,-0.767367949581,22.8943963194,通信设备,2025-10-29,2024-09-30
200429,粤高速B,0.65,3502315797.54,-5.0303992368,14.9178,1356400701.34,0.01,15.2212,4.879224504568,13.45,1.210796638904,68.2391052351,铁路公路,2025-10-29,2024-09-30
200055,方大B,0.1394,3206555034.28,-0.3052515879,-11.9481,149711190.7,-43.81,-49.6135,5.629136599635,2.5,-0.142702541245,18.0481123609,装修建材,2025-10-29,2024-09-30
200030,富奥B,0.2581,11509589500.67,4.8331470907,1.8946,443930262.2,16.15,-17.394,4.424860089494,5.76,-0.208110010123,11.3392218253,汽车零部件,2025-10-29,2024-09-30
200012,南玻B,0.26,11836882741.0,-12.188861844,-9.0479,786449734.0,-46.38,-86.9184,4.582343704184,5.59,0.440561172159,19.072893053,玻璃玻纤,2025-10-29,2024-09-30
003816,中国广核,0.1978,62268595233.25,4.0543382373,13.3614,9988596663.77,2.93,-17.9987,2.345562452764,8.51,0.511309092164,36.7321255139,电力,2025-10-29,2024-09-30
003042,中农联合,-0.39,1526625935.73,12.6988836077,-2.7283,-56025191.01,34.56,-112.3415,9.978061733296,-3.87,-0.301934686272,11.2061943457,农化制品,2025-10-29,2024-09-30
003037,三和管桩,0.03,4316210720.78,-13.377003002,8.1779,20836792.63,-65.28,48.9232,4.59017449479,0.75,-0.545597825302,9.7381589582,水泥,2025-10-29,2024-09-30
003032,传智教育,-0.1029,180753079.09,-59.4515838645,14.8397,-41218563.64,-140.48,61.6103,3.342302232266,-3.06,-0.111246222228,34.7569830269,教育,2025-10-29,2024-09-30
003031,中瓷电子,0.82,1886467590.48,-1.0902613877,-1.5177,369189881.58,7.48,20.9716,12.999777029902,6.43,1.620845175465,34.4420258195,通信设备,2025-10-29,2024-09-30
003016,欣贺股份,-0.0699,1017956326.35,-21.5212126676,-5.9648,-29254601.03,-125.03,-3397.8577,6.286847899447,-1.06,0.054670387406,67.530648606,服装家纺,2025-10-29,2024-09-30
003010,若羽臣,0.21,1154028030.28,39.2473506713,-11.6024,57704466.34,71.08,-28.125,6.167473328986,5.01,1.278619547832,46.8717408535,互联网电商,2025-10-29,2024-09-30
002995,天地在线,-0.1747,1098916866.46,-17.0283792905,20.0575,-30996898.28,3.62,32.0713,5.460827134767,-3.15,-0.363623108698,6.1743499223,广告营销,2025-10-29,2024-09-30
002991,甘源食品,3.05,1605594088.43,22.226401701,23.4128,277233612.55,29.48,47.1461,17.337523575475,15.65,3.148358061411,35.593891826,休闲食品,2025-10-29,2024-09-30
002982,湘佳股份,0.62,2984574967.81,5.4638650355,19.3539,88986374.92,259.71,118.7049,11.188337869773,5.22,1.092868057581,17.8753443554,养殖业,2025-10-29,2024-09-30
002952,亚世光电,0.1042,524767479.82,-2.7135279171,4.1543,16923140.32,-16.05,1141.8289,5.271912460204,1.96,0.330366839053,11.8790919249,光学光电子,2025-10-29,2024-09-30
002948,青岛银行,0.55,10486189000.0,8.1402369823,-2.3475,3454928000.0,15.6,-47.8292,6.222622798342,9.51,3.960287146238,,银行Ⅱ,2025-10-29,2024-09-30
002937,兴瑞科技,0.64,1477902217.38,-0.5956801193,-5.9238,192439434.59,1.33,-40.2699,4.983510307468,12.46,0.905168720822,26.8791288211,汽车零部件,2025-10-29,2024-09-30
002919,名臣健康,0.3631,984704973.19,-24.4417894003,5.6711,96778082.38,-41.66,133.8755,3.276967939714,11.47,0.212656779431,61.6847120628,游戏Ⅱ,2025-10-29,2024-09-30
002917,金奥博,0.3136,1178749427.99,13.1009994914,0.7856,107673350.42,33.24,-37.222,4.474089662224,6.94,0.116955164722,33.7978313126,化学制品,2025-10-29,2024-09-30
002910,庄园牧场,-0.61,649251836.34,-9.1728969656,11.1559,-118380299.05,-577.87,29.2802,5.793956073761,-9.81,0.078789047864,10.9283893212,饮料乳品,2025-10-29,2024-09-30
002908,德生科技,0.0209,414012912.04,-24.8964259739,-10.1628,8951218.11,-82.49,-170.6303,2.632097666296,0.78,-0.200881951808,40.5069911307,IT服务Ⅱ,2025-10-29,2024-09-30
002907,华森制药,0.1786,614223361.57,19.2070559879,3.6481,74576835.63,66.56,298.6503,3.968610974114,4.53,0.255942338251,57.6926172092,中药Ⅱ,2025-10-29,2024-09-30
002901,大博医疗,0.5794,1529257676.1,35.8811598594,5.2676,239875968.2,145.48,32.8261,7.640197327973,7.66,0.504354023141,68.4747340246,医疗器械,2025-10-29,2024-09-30
002888,惠威科技,0.0201,171060006.97,7.4346932883,42.364,2960241.07,146.56,749.2232,2.578928165167,0.75,0.194533602858,34.9947130427,消费电子,2025-10-29,2024-09-30
002884,凌霄泵业,0.92,1167545543.57,23.5712161604,-3.2903,330033423.04,17.92,-8.1818,6.173540005922,14.71,0.717816456242,36.5331812655,通用设备,2025-10-29,2024-09-30
002870,香山股份,0.95,4401848679.61,6.082079425,-1.4508,125232793.15,-10.9,30.9888,12.015609529982,8.07,2.93794555765,23.5174566172,汽车零部件,2025-10-29,2024-09-30
002867,周大生,0.79,10808649102.64,-13.4892145756,-16.4628,854809083.73,-21.95,-2.6289,5.661728798625,13.08,1.199895617686,20.5779626137,饰品,2025-10-29,2024-09-30
002861,瀛通通讯,-0.21,595971263.28,8.1617685842,19.8716,-32739544.77,-12.27,-10.1449,5.04727121029,-3.92,-0.089935204148,18.1927407327,消费电子,2025-10-29,2024-09-30
002860,星帅尔,0.47,1514773368.51,-33.6973084276,-18.4477,145275742.07,-20.15,34.0309,5.568368742798,8.3,-0.019347006483,18.9210219818,家电零部件Ⅱ,2025-10-29,2024-09-30
002859,洁美科技,0.41,1341586332.46,19.0791405333,5.5252,177162724.28,2.73,-17.7504,6.664650089489,5.96,0.955612215425,36.5043674723,其他电子Ⅱ,2025-10-29,2024-09-30
002850,科达利,3.76,8592174316.04,10.6048001254,7.1168,1016419682.75,27.86,8.4949,40.534032533097,9.21,6.600973611879,23.194324762,电池,2025-10-29,2024-09-30
002835,同为股份,0.67,844121213.68,13.4268956726,6.1935,146977045.96,65.09,26.8025,5.158918072956,13.53,0.857458613423,43.0597673213,计算机设备,2025-10-29,2024-09-30
002830,名雕股份,0.12,446909688.45,-13.752987841,-5.0539,16099857.55,7.69,46.3039,4.847176172641,2.43,0.109756112569,31.6587792,装修装饰Ⅱ,2025-10-29,2024-09-30
002826,易明医药,0.22,512843177.87,-4.7292442767,-16.0268,41819396.0,75.06,-81.4998,3.8437550645,5.68,0.597013560995,67.047677937,化学制药,2025-10-29,2024-09-30
002824,和胜股份,0.2,2274390201.2,14.3487249635,24.87,55597334.87,-46.96,100.8132,6.013745795218,3.31,1.977252359654,12.1898392938,工业金属,2025-10-29,2024-09-30
002820,桂发祥,0.18,402560206.25,-0.8618226995,25.2133,35712884.73,-43.1,223.1367,4.624483304346,3.76,0.352658498645,46.2444867127,休闲食品,2025-10-29,2024-09-30
002813,路畅科技,-0.3359,204818772.96,-4.3433163316,-7.5481,-40309394.72,-120.89,-68.4505,2.726763261,-11.64,-0.16899877975,21.0027964763,汽车零部件,2025-10-29,2024-09-30
002810,山东赫达,0.58,1435164249.84,21.7805149418,0.024,198045757.59,-13.72,5.3991,6.253541796439,9.15,0.630310718139,27.0969134643,化学制品,2025-10-29,2024-09-30
002807,江阴银行,0.4641,3017761000.0,1.33,-24.0621,1127500000.0,6.79,7.0321,7.157870161454,6.56,1.557736748533,,银行Ⅱ,2025-10-29,2024-09-30
002806,华锋股份,0.0276,726236408.92,39.2848630545,1.8165,5254199.58,110.25,976.1104,4.395712500668,0.6,0.153750446135,19.5945797487,汽车零部件,2025-10-29,2024-09-30
002790,瑞尔特,0.3023,1709838312.5,10.5897689757,-8.3666,126340886.96,-28.15,9.1317,5.011271390686,5.99,0.297102327146,27.4319295199,家居用品,2025-10-29,2024-09-30
002789,*ST建艺,0.0261,4471627776.74,25.1263238033,-7.6115,4170386.61,-85.55,-290.4411,0.207448068522,12.38,-0.229928055023,13.1706219089,装修装饰Ⅱ,2025-10-29,2024-09-30
002780,三夫户外,0.0543,499869101.05,-7.535981113,7.9801,8562371.98,-28.84,-94.9915,4.425045751602,1.24,-0.381869281803,56.2253625518,服装家纺,2025-10-29,2024-09-30
002779,中坚科技,0.2159,621246547.31,31.3785477081,-29.7742,39891672.53,-19.4,-135.5385,5.436637802424,5.59,0.327660348636,26.101761351,专用设备,2025-10-29,2024-09-30
002778,中晟高科,-0.29,370200361.22,-29.0531192246,-0.8776,-35662103.99,-65.45,-27.4794,3.105667388999,-8.8,0.040051754142,12.9130634212,环境治理,2025-10-29,2024-09-30
002775,文科股份,0.01,501992833.47,-37.8491692185,23.8368,6074832.86,123.16,-107.6265,0.359482896844,1.93,-0.299973134723,19.0030449261,基础建设,2025-10-29,2024-09-30
002773,康弘药业,1.06,3411293193.61,13.7547947272,-7.0076,973711578.04,17.97,-11.6747,9.171248020971,11.96,1.363880485502,89.8775623117,生物制品,2025-10-29,2024-09-30
002769,普路通,-0.12,442829952.53,-9.3100060654,10.6884,-44504153.85,29.378636234,122.2775,3.183623736665,-3.61,-0.547232879849,46.4224652591,物流,2025-10-29,2024-09-30
002768,国恩股份,1.69,14160466793.16,11.7851182495,-1.4358,458185951.94,21.17,21.156,17.582784813899,9.92,1.495204132719,8.2670026368,塑料,2025-10-29,2024-09-30
002767,先锋电子,0.0654,443030416.59,0.2269710369,8.9694,9809323.31,-61.57,-104.41,5.455349187933,1.2,-0.279669767667,32.6177101456,通用设备,2025-10-29,2024-09-30
002759,ST天际,-0.38,1451909506.52,-11.8274314456,23.3041,-188524740.59,-833.01,-90.0149,8.689487741861,-4.14,-0.545203567064,-1.2109936605,电池,2025-10-29,2024-09-30
002755,奥赛康,0.14,1384454586.25,23.6398245121,-2.5718,127017670.34,168.79,16.739,3.218878642921,4.31,0.482179572547,81.8250004566,化学制药,2025-10-29,2024-09-30
002752,昇兴股份,0.35,4994601506.65,-3.4250615705,14.8337,343679731.36,24.77,-1.658,3.401414367509,10.71,0.575825692232,14.3411331131,包装印刷,2025-10-29,2024-09-30
002745,木林森,0.24,12189682236.23,-4.3766776289,-4.1765,362938379.91,3.48,24.3149,8.67475436413,2.68,0.815174468035,27.9466573943,光学光电子,2025-10-29,2024-09-30
002742,冀衡医药,-0.0926,986237312.84,-38.9569788838,-35.342,-40006660.9,69.59,185.2244,0.448963413681,-9.16,-0.06283075206,19.4540453654,化学制药,2025-10-29,2024-09-30
002730,电光科技,0.19,818587621.73,-15.3730753209,-14.2604,67194954.04,-19.2,-27.3657,4.365527463332,4.27,0.251496324264,40.2276213027,专用设备,2025-10-29,2024-09-30
002721,金一文化,0.0002,276784573.86,-78.8195831911,35.1771,613543.05,100.12,168.1575,0.769165124369,0.03,-0.049755305575,22.1109762031,饰品,2025-10-29,2024-09-30
002697,红旗连锁,0.29,7767105145.09,1.6526259942,2.5965,390011424.18,-4.21,19.605,3.185227316243,9.22,0.586785935926,29.1308104455,一般零售,2025-10-29,2024-09-30
002696,百洋股份,-0.09,2127318920.37,7.8004650489,25.7801,-30584979.59,-457.09,71.7216,3.953341315429,-2.21,-0.214273445212,7.6356746652,饲料,2025-10-29,2024-09-30
002694,*ST顾地,-0.0857,604225858.66,-11.8920457089,-6.9225,-61582115.06,-145.39,-14.3927,0.655074087061,-11.35,-0.286371803003,8.8643762431,装修建材,2025-10-29,2024-09-30
002692,远程股份,0.0715,3178631426.21,40.0855311579,16.3644,51381955.27,60.55,-66.6984,1.609132459249,4.51,-0.472477554801,10.4367318631,电网设备,2025-10-29,2024-09-30
002689,ST远智,-0.0079,741338893.49,-21.4247008948,-1.9228,-8206227.17,-129.93,-101.3575,1.108736808576,-0.71,-0.122475693826,24.026892751,专用设备,2025-10-29,2024-09-30
002679,福建金森,-0.12,95693673.49,31.5007703556,147.2561,-27741693.97,-3.16,158.7213,3.08608796493,-3.73,-0.217683665612,57.0799778166,林业Ⅱ,2025-10-29,2024-09-30
002677,浙江美大,0.17,653824046.04,-48.1642731771,4.6177,106600654.33,-70.67,-55.6999,2.550465607233,5.72,0.031211423814,43.2720144026,厨卫电器,2025-10-29,2024-09-30
002675,东诚药业,0.2024,2162431924.92,-16.3580451805,-4.1063,166868105.35,-41.62,16.0465,5.45903887838,3.46,0.224287609077,45.5452384979,化学制药,2025-10-29,2024-09-30
002674,兴业科技,0.376,2013839864.56,3.7718712834,13.2333,109729150.92,-36.78,133.4776,8.022387012686,4.61,0.581327265581,21.2710808619,纺织制造,2025-10-29,2024-09-30
002673,西部证券,0.163,4430617170.59,-22.5881703272,-36.481,728751323.33,-16.82,-83.5687,6.323278140635,2.59,1.724538474585,,证券Ⅱ,2025-10-29,2024-09-30
002661,克明食品,0.486,3475233350.49,-11.5966939931,-2.1563,154959136.28,1276.84,-3.106,7.284462937296,6.17,1.816169489682,18.8719399055,食品加工,2025-10-29,2024-09-30
002653,海思科,0.3409,2751240043.33,15.4073483307,13.9202,381818978.18,90.2,198.3787,3.743331640888,9.01,0.174941448149,72.5555676597,化学制药,2025-10-29,2024-09-30
002644,佛慈制药,0.0765,708531496.45,-19.7509211277,-6.6356,39072938.02,-34.97,-83.1847,3.464638380753,2.22,-0.03168379282,32.0246936187,中药Ⅱ,2025-10-29,2024-09-30
002640,跨境通,-0.0114,4198679134.53,-16.4673872339,-22.1015,-17763770.77,-21.62,-205.9003,0.855273454691,-1.32,-0.020728700284,11.65061482,互联网电商,2025-10-29,2024-09-30
002638,勤上股份,-0.0291,290115552.81,18.3850329898,-35.6834,-41676616.02,-167.54,-13.2838,1.703894653841,-1.67,-0.025569639882,10.8350635861,照明设备Ⅱ,2025-10-29,2024-09-30
002637,赞宇科技,0.28,7563789138.83,4.1901142679,34.6818,120632316.57,4.86,-27.3516,7.940826025625,3.26,0.942087057022,7.0767182137,化学制品,2025-10-29,2024-09-30
002635,安洁科技,0.34,3593038892.83,17.0270265613,-5.8487,221510955.69,-6.42,-32.6823,8.78452533211,3.81,0.6524858642,22.9201061985,消费电子,2025-10-29,2024-09-30
002634,*ST棒杰,-0.42,956429121.28,110.0089816376,-39.0109,-191265024.92,-1450.73,56.8349,1.881298184451,-19.47,-0.459919228351,1.0828199821,服装家纺,2025-10-29,2024-09-30
002630,*ST华西,0.0644,2051340599.59,45.6240769204,-14.2191,76077176.75,135.98,-10.1579,0.531924134087,9.55,-0.607401765871,20.6494308368,其他电源设备Ⅱ,2025-10-29,2024-09-30
002620,*ST瑞和,-0.29,588219783.2,-50.5635070061,-7.4231,-108338015.87,-32.15,60.3327,0.325928887347,-59.47,0.03200748547,15.0508472834,装修装饰Ⅱ,2025-10-29,2024-09-30
002617,露笑科技,0.1235,2783795661.0,33.5802278284,-21.0342,234060348.27,24.05,-46.2799,3.158219189023,3.92,-0.190511144224,21.6153129459,电力,2025-10-29,2024-09-30
002606,大连电瓷,0.36,1038763138.91,89.6973125634,18.1435,155543509.37,302.08,12.2041,3.835316972235,9.62,-0.580439833839,34.1097474186,电网设备,2025-10-29,2024-09-30
002599,盛通股份,0.0008,1504333308.91,-16.3183610929,-6.4285,452226.77,102.03,306.6751,2.683893712259,0.03,-0.109817847415,15.8961706727,包装印刷,2025-10-29,2024-09-30
002586,ST围海,-0.0726,1355807024.0,7.5894275069,-11.8382,-83050452.66,4.59,-384.8992,2.625440995352,-3.0,-0.168720806472,7.8114898275,基础建设,2025-10-29,2024-09-30
002582,好想你,-0.1488,1177486296.13,7.9042286447,11.9393,-60708667.54,-48.66,49.8778,7.896988475589,-1.55,0.276391257784,24.2592391545,休闲食品,2025-10-29,2024-09-30
002570,贝因美,0.07,2086761284.8,8.9062465491,-3.8286,71793560.76,45.3,-31.2453,1.42755737233,4.6,0.303934973672,42.8807906069,饮料乳品,2025-10-29,2024-09-30
002558,巨人网络,0.58,2218411601.5,-2.1542883415,8.2847,1070804528.04,-1.29,-3.3419,6.179265177578,8.85,0.37238565531,88.9165506873,游戏Ⅱ,2025-10-29,2024-09-30
002555,三七互娱,0.86,13339365676.36,10.7648133174,-8.3544,1897466681.56,-13.45,-2.4131,5.681115162898,14.64,1.022117375477,79.1199032725,游戏Ⅱ,2025-10-29,2024-09-30
002552,宝鼎科技,0.27,2106099336.48,-5.4627561016,-21.1094,112551713.15,20.24,-39.9173,3.874444710009,7.11,0.282371883839,14.1031309044,元件,2025-10-29,2024-09-30
002544,普天科技,0.0268,3420039425.57,-12.0059117715,-27.4358,18250711.55,-71.58,-190.7787,5.485662785111,0.49,-0.6320748547,16.3928411321,通信服务,2025-10-29,2024-09-30
002537,海联金汇,0.04,5961243584.22,-3.9328131886,-13.0694,44187724.37,-47.24,-260.8266,3.415315329357,1.16,-0.104946412285,13.906395197,汽车零部件,2025-10-29,2024-09-30
002534,西子洁能,0.57,4879586469.76,-12.7208866376,3.0059,423438131.88,577.67,-3.8552,5.533408506365,10.44,0.204681815244,18.7236230673,其他电源设备Ⅱ,2025-10-29,2024-09-30
002531,天顺风能,0.1623,3560409562.32,-44.4250963629,7.9924,291631263.07,-59.49,11.9452,5.033153311947,3.23,0.35143368219,25.2860204634,风电设备,2025-10-29,2024-09-30
002528,*ST英飞,-0.0638,702946521.06,-28.7784227162,-22.6566,-76499123.29,79.57,74.329,0.344084652108,-18.6,-0.028315093931,27.5926921734,计算机设备,2025-10-29,2024-09-30
002527,新时达,-0.064,2264207423.46,-12.2934784801,-9.8326,-42363544.76,-153.51,-600.8548,2.253641943864,-2.8,-0.176266161012,18.0602982833,专用设备,2025-10-29,2024-09-30
002523,天桥起重,0.012,1069574299.35,12.7069461582,-17.7931,17618985.55,475.75,-138.7017,1.633529268139,0.75,0.031560510173,24.8298881706,专用设备,2025-10-29,2024-09-30
002512,ST达华,0.0531,1456473701.76,-5.3628689711,16.6611,58141432.41,-80.06,-95.7996,0.390260812201,14.03,-0.100121821163,10.2085271042,计算机设备,2025-10-29,2024-09-30
002490,山东墨龙,0.082,1005111902.89,0.2982339043,-2.5631,65396009.51,126.49,-123.9069,0.614521949884,14.32,0.065461707249,4.3288305496,专用设备,2025-10-29,2024-09-30
002474,榕基软件,-0.0317,362813429.48,19.6374151026,-14.6103,-19753900.43,68.26,262.2508,2.360870967422,-1.34,0.017276996866,31.1775254825,IT服务Ⅱ,2025-10-29,2024-09-30
002472,双环传动,0.86,6742599834.31,14.8259361544,7.6789,738021220.31,25.21,5.3021,10.055228039244,8.98,1.225974302208,23.1815709467,汽车零部件,2025-10-29,2024-09-30
002463,沪电股份,0.9662,9010914022.0,48.1459573631,26.2929,1848389385.0,93.94,13.0253,5.717882355372,17.83,0.971286617354,35.7313758642,元件,2025-10-29,2024-09-30
002460,赣锋锂业,-0.32,13925192758.32,-45.7783132766,-4.2936,-640389644.06,-110.66,137.324,21.800046629483,-1.38,2.035485780992,10.344171971,能源金属,2025-10-29,2024-09-30
002452,长高电气,0.2952,1131746201.16,6.3303092034,-15.3414,181042269.78,10.39,-35.0271,3.76251645976,7.96,0.396659977889,36.0754213941,电网设备,2025-10-29,2024-09-30
002448,中原内配,0.4,2463844879.86,18.900836347,-10.6555,232979196.95,-10.75,-36.3509,5.950167233883,6.77,0.280037563048,23.9547757119,汽车零部件,2025-10-29,2024-09-30
002440,闰土股份,0.13,4071682127.9,-3.3414574547,-3.765,150943104.46,47.79,-55.1068,8.334904563493,1.61,0.154846408079,16.4681389774,化学制品,2025-10-29,2024-09-30
002439,启明星辰,-0.17,2326046705.03,-8.1909528121,15.552,-210073894.69,-187.03,59.7267,9.412755017088,-1.78,-0.484020932589,54.7780568875,软件开发,2025-10-29,2024-09-30
002437,誉衡药业,0.0835,1857506712.57,-9.4786055557,1.2765,183485762.41,-17.95,-19.4983,0.834135430985,10.47,0.13234999178,53.2492984325,化学制药,2025-10-29,2024-09-30
002430,杭氧股份,0.6862,10352539442.38,5.8539464102,5.9367,675281836.82,-20.68,2.1305,9.030235377378,7.69,0.824370710369,20.4087481432,化学制品,2025-10-29,2024-09-30
002426,胜利精密,-0.0085,2597260464.39,7.1709686053,0.5468,-28645956.98,80.6,-63.2504,0.964478265404,-0.85,0.020467334018,12.0462178638,消费电子,2025-10-29,2024-09-30
002419,天虹股份,0.1012,9046582575.03,-2.2154044813,5.3784,118345098.77,-47.32,-858.4304,3.541811757947,2.84,1.062049736965,36.5025635345,一般零售,2025-10-29,2024-09-30
002418,康盛股份,-0.0087,1719791916.12,5.2139579244,-2.9599,-9865718.21,-134.71,-768.0683,1.331686120794,-0.65,-0.014895324859,8.8043754073,家电零部件Ⅱ,2025-10-29,2024-09-30
002405,四维图新,-0.2108,2528069895.68,9.0609821998,-10.2533,-486660438.87,1.66,29.5182,3.96950232017,-4.97,0.0573550579,34.6864159918,软件开发,2025-10-29,2024-09-30
002390,信邦制药,0.0927,4565355757.09,-5.346066532,3.7337,176589574.9,-28.38,10.0899,3.490628316612,2.58,0.221131189499,18.4245278326,医药商业,2025-10-29,2024-09-30
002376,新北洋,0.0614,1696560002.81,8.8391630438,7.0117,39042562.14,723.67,-38.921,4.401714765898,1.25,0.085408133362,28.6933399446,计算机设备,2025-10-29,2024-09-30
002370,亚太药业,-0.0056,306835789.08,1.6490086799,-22.2652,-3459530.47,-374.48,-205.4421,0.79371735808,-0.58,0.057370007225,31.0969581665,化学制药,2025-10-29,2024-09-30
002354,天娱数科,-0.0052,1200332105.98,-11.5307412027,11.9157,-8581740.56,-163.25,90.4775,0.843053567768,-0.59,-0.011635504092,21.8544766597,广告营销,2025-10-29,2024-09-30
002350,北京科锐,0.0036,1259483961.06,-2.4741727024,1.4229,1910201.89,105.87,67.6927,3.132490589558,0.11,0.032117982905,20.4191718173,电网设备,2025-10-29,2024-09-30
002348,高乐股份,-0.0362,205237005.65,-5.1097891051,113.4182,-34241772.45,-41.35,106.9154,0.505895911275,-6.9,-0.024282088218,22.2628279707,文娱用品,2025-10-29,2024-09-30
002339,积成电子,-0.1804,1427993298.77,10.9576815567,-13.3467,-90950267.62,-30.31,-761.3682,3.34538004423,-5.24,-0.358264870749,25.4633251146,电网设备,2025-10-29,2024-09-30
002337,赛象科技,0.08,607297454.51,34.2710163623,-39.4727,46172812.25,-22.76,-44.949,2.160066586988,3.68,0.140492285315,29.4046333981,专用设备,2025-10-29,2024-09-30
002331,皖通科技,-0.0471,488781109.11,3.2952047032,-25.8649,-19316244.3,74.97,-1111.8056,4.046931150318,-1.16,-0.322260347122,27.1015538921,IT服务Ⅱ,2025-10-29,2024-09-30
002329,皇氏集团,-0.0175,1509957508.93,-32.6953995043,-16.5396,-14655497.39,-108.38,-310.5645,1.986690262573,-0.9,0.13810999715,24.4126725785,饮料乳品,2025-10-29,2024-09-30
002328,新朋股份,0.19,3893133772.26,-10.0190673501,-15.5037,146379141.39,-22.9,11.1922,4.278222519637,4.47,0.700401927103,11.0196085199,汽车零部件,2025-10-29,2024-09-30
002326,永太科技,-0.098,3338764469.83,7.2950867382,-8.9516,-89858428.78,9.57,-802.732,3.328395613805,-2.87,-0.064472099162,17.6170442397,化学制品,2025-10-29,2024-09-30
002301,齐心集团,0.22,8395943897.8,8.1988307731,21.0924,158566060.75,6.89,40.7973,4.394210217552,4.98,0.293003533444,8.7221905523,文娱用品,2025-10-29,2024-09-30
002298,中电鑫龙,-0.5241,1347257990.03,-10.9790243187,3.2214,-375954001.39,-228.05,88.3911,4.369883159727,-11.02,0.123540204024,24.3812949807,电网设备,2025-10-29,2024-09-30
002295,精艺股份,0.12,2621869555.59,27.8430605358,-8.3587,29622115.29,5.19,-10.2418,5.388575840968,2.2,-0.379543349228,3.4253446739,工业金属,2025-10-29,2024-09-30
002290,禾盛新材,0.35,1836659393.57,7.8289258488,-4.4802,85816826.71,1.29,-26.4881,3.194234579475,11.46,0.722079904251,10.6149078225,家电零部件Ⅱ,2025-10-29,2024-09-30
002286,保龄宝,0.27,1833445310.86,-6.6956467663,2.1332,101071865.67,119.78,-31.2452,5.502690645805,5.03,0.263221427266,11.8024273758,农产品加工,2025-10-29,2024-09-30
002279,久其软件,-0.2635,2721240088.52,46.8575031892,-6.4453,-227923932.55,-182.5354288524,-153.1677,1.545504913179,-15.5,-0.527113278944,14.9793848025,软件开发,2025-10-29,2024-09-30
002272,川润股份,-0.0654,1200902286.32,-2.7123689713,55.9805,-30998320.3,-25.79,166.1684,3.297758127469,-1.97,-0.352884497645,19.2070267854,通用设备,2025-10-29,2024-09-30
002265,建设工业,0.18,2926239070.31,-7.4391759852,-13.4041,183206205.22,-4.04,43.9467,3.429586242942,5.3,-0.681731895643,15.4121385315,汽车零部件,2025-10-29,2024-09-30
002249,大洋电机,0.28,8843854607.93,4.0942282228,-0.937,670591159.04,25.97,-6.8558,3.756332907152,7.5,0.560554859291,21.8581173866,电机Ⅱ,2025-10-29,2024-09-30
002246,北化股份,-0.0848,1300589458.44,-12.1978102414,-37.2315,-46536160.51,-498.32,-277.3507,5.11412839748,-1.64,-0.501539176696,16.514220897,化学制品,2025-10-29,2024-09-30
002235,安妮股份,0.0426,248872976.99,-8.8317442256,15.8916,24685747.11,341.02,53.0818,1.289349551229,3.36,0.040219135686,19.7387691441,造纸,2025-10-29,2024-09-30
002222,福晶科技,0.3572,665113725.13,11.642638199,-2.7009,167996506.27,2.66,-4.647,3.344778695906,11.11,0.273239165976,55.9947592086,光学光电子,2025-10-29,2024-09-30
002221,东华能源,0.0833,23732567802.79,16.6265175191,28.8933,131266972.48,12.65,-61.4629,6.809909438332,1.23,0.968221586943,4.5345964921,炼化及贸易,2025-10-29,2024-09-30
002218,拓日新能,0.0219,1116754035.8,40.5406149802,-12.2486,30970658.22,-48.44,-56.2334,2.975820348017,0.74,0.124887843694,24.5585326489,电力,2025-10-29,2024-09-30
002215,诺普信,0.4898,3894198236.81,27.3024375938,-68.5733,487611264.86,74.07,-165.9855,3.844017522694,12.17,0.107135178845,34.033256568,农化制品,2025-10-29,2024-09-30
002211,ST宏达,-0.0418,222251485.82,25.5750171448,65.2528,-18055971.93,-16.64,74.9453,0.104533670104,-33.29,-0.032946920965,6.9976593824,化学制品,2025-10-29,2024-09-30
002210,飞马国际,0.0126,215938653.71,-24.0777909098,82.7739,33564505.3,167.35,-99.2979,0.118889065775,11.2,0.016998739224,24.1723217466,环境治理,2025-10-29,2024-09-30
002201,九鼎新材,0.0414,897262910.39,-27.5685242378,11.0464,26971820.11,6.88,-2.9421,1.686686428955,2.47,0.166092011294,27.193549064,玻璃玻纤,2025-10-29,2024-09-30
002198,ST嘉应,0.0057,259604624.04,-31.1816034876,-7.4407,2873345.95,-88.46,-675.5086,1.459050507922,0.38,0.036042258967,57.4192732511,中药Ⅱ,2025-10-29,2024-09-30
002195,岩山科技,0.0075,482962078.43,12.1275180648,-11.8843,42348450.04,-87.13,113.0216,1.722563945037,0.44,-0.012066579078,42.3965481649,IT服务Ⅱ,2025-10-29,2024-09-30
002187,广百股份,0.07,4074021053.45,-5.7578798669,-46.509,52529332.73,73.58,792.401,5.779644654381,1.3,0.429884143651,22.3559038687,一般零售,2025-10-29,2024-09-30
002169,智光电气,-0.1832,1899101949.12,-0.4316386043,-9.6365,-141118945.96,-492.06,-77.334,3.699974392851,-4.73,-0.053375552997,14.3864693882,电网设备,2025-10-29,2024-09-30
002159,三特索道,0.88,553431481.15,-4.4384917614,42.4464,155433951.57,16.13,86.1133,7.766865732278,11.78,1.398763917472,61.9322714201,旅游及景区,2025-10-29,2024-09-30
002157,正邦科技,0.0325,5837407151.0,0.894594521,46.8002,300670820.02,110.67,644.1294,1.251106771114,2.74,-0.101588673899,12.5492062015,养殖业,2025-10-29,2024-09-30
002153,石基信息,0.0058,2015571746.1,8.4587607824,-15.527,15883351.4,10.16,-166.298,2.69041618448,0.22,-0.007879929511,46.975818339,软件开发,2025-10-29,2024-09-30
002132,恒星科技,0.0135,3689119287.89,12.0995795005,-6.8235,18611208.03,-64.67,-29.7557,2.589380583251,0.5,0.335528837304,9.9675694504,通用设备,2025-10-29,2024-09-30
002129,TCL中环,-1.5196,22582277516.85,-53.5860375774,1.4044,-6061284348.01,-197.95,-37.2719,8.579859881007,-15.94,0.63356871742,-8.2142958817,光伏设备,2025-10-29,2024-09-30
002126,银轮股份,0.74,9205171828.18,15.1753085883,-4.0373,604187628.27,36.2,-4.7612,7.290271941331,10.41,1.062646088952,20.0731183172,汽车零部件,2025-10-29,2024-09-30
002125,湘潭电化,0.39,1383423042.5,-13.2003031192,6.3468,244172107.23,2.32,-14.3185,4.648413600079,8.54,0.375120395499,31.0753575228,电池,2025-10-29,2024-09-30
002123,梦网科技,0.04,3304847615.83,-0.7581487147,-20.4343,30438132.91,491.98,5225.2558,2.06908640236,1.86,1.061599826849,8.9724231362,通信服务,2025-10-29,2024-09-30
002120,韵达股份,0.4866,35508924913.89,8.1424942093,1.3267,1407888218.76,20.93,-41.5403,6.829939575486,7.14,1.108377382748,9.8672077364,物流,2025-10-29,2024-09-30
002110,三钢闽光,-0.54,33177041878.12,-3.4650546042,-14.6412,-1329039828.35,-124.65,-749.3056,7.772699567893,-6.74,-0.181386754622,3.12897647,普钢,2025-10-29,2024-09-30
002099,海翔药业,0.01,1444477964.62,-13.8463639515,-20.5219,11979756.66,131.05,-574.1694,3.377315678559,0.22,0.086177020746,27.3337122996,化学制药,2025-10-29,2024-09-30
002094,青岛金王,0.0938,1361448838.9,-41.3151024343,37.7164,64821656.86,52.71,-22.7197,2.169412768549,4.43,-0.208613560171,20.9538510415,家居用品,2025-10-29,2024-09-30
002090,金智科技,0.0913,1069500874.38,-8.5137307733,17.1664,36558594.66,56.79,-9.0443,3.690158346582,2.48,-0.034959050489,25.7174618646,电网设备,2025-10-29,2024-09-30
002088,鲁阳节能,0.6667,2539970677.47,-0.7339003469,1.5669,341737329.04,-6.04,8.2798,5.375272575404,12.2,0.682929124914,29.6149646641,装修建材,2025-10-29,2024-09-30
002065,东华软件,0.1528,8186454166.06,10.1307167584,-1.9778,489898407.99,-8.95,-8.3281,3.684298742759,4.18,-0.489004053298,23.0950078381,IT服务Ⅱ,2025-10-29,2024-09-30
002053,云南能投,0.6179,2582296461.09,31.6556581143,-16.9284,568931193.57,71.66,-99.6817,7.947791457513,8.01,0.958124364412,40.9555860303,电力,2025-10-29,2024-09-30
002048,宁波华翔,0.885,18156551979.97,10.663624325,10.5441,720459253.81,-14.62,-40.3941,13.932091992983,5.2,1.300319668758,14.9198747773,汽车零部件,2025-10-29,2024-09-30
002046,国机精工,0.3855,1805262579.94,-11.6353554653,-19.7525,204524344.39,-15.11,-70.5831,6.404462853558,6.12,-0.079761906556,36.7724839116,通用设备,2025-10-29,2024-09-30
002043,兔宝宝,0.59,6463827713.13,12.7854732959,5.3937,482436452.22,5.55,53.1662,3.547422561551,15.13,0.504257790587,17.3129550981,装修建材,2025-10-29,2024-09-30
002041,登海种业,0.0666,578243392.83,-11.5460958529,-2.6507,58583351.87,-38.57,-74.1262,4.087072693864,1.63,0.136176889136,27.3117786659,种植业,2025-10-29,2024-09-30
002017,东信和平,0.2049,1064778085.14,1.8936700429,-4.6697,118918649.91,14.49,11.3213,2.894626180915,7.07,0.209427457338,31.7469951568,通信设备,2025-10-29,2024-09-30
002016,世荣兆业,0.0296,721064683.54,-41.6138482185,-39.1227,23928361.25,-90.2,-122.7389,5.895931436458,0.5,-0.713538285163,38.4594581915,房地产开发,2025-10-29,2024-09-30
002004,华邦健康,0.2288,8909836679.88,0.6411939416,-0.6239,451977453.17,-10.49,-12.3498,5.105699879536,4.47,0.447466024137,36.8136733994,化学制药,2025-10-29,2024-09-30
002003,伟星股份,0.53,3580132361.05,23.2637624004,-14.1789,623627482.1,17.15,-38.5545,3.649216671589,14.0,0.63355031454,42.7024894505,纺织制造,2025-10-29,2024-09-30
002001,新和成,1.29,15781739446.23,43.3116422027,11.0566,3989518788.01,89.87,33.7458,8.883858171348,15.22,1.480707751252,39.5358451775,化学制品,2025-10-29,2024-09-30
001896,豫能控股,-0.0585,9389475892.28,6.918914427,20.3241,-89323476.92,84.53,5.2157,2.059836564588,-2.82,0.967478778981,7.4819915118,电力,2025-10-29,2024-09-30
001387,雪祺电气,0.3136,1404775160.83,-17.0497446669,-5.074,54569249.53,-43.55,-27.306,6.614533564751,5.58,0.609584792843,11.8658086346,白色家电,2025-10-29,2024-09-30
001378,德冠新材,0.5427,1132908149.77,29.4490637278,-3.1669,72358444.3,-28.55,-20.3587,14.21965762846,3.83,1.105066736667,13.6456968106,塑料,2025-10-29,2024-09-30
001358,兴欣新材,0.51,331809994.02,-33.9225088361,2.0837,62211853.36,-51.66,-7.1488,11.751996252597,4.19,0.563469125568,31.6621804929,化学制品,2025-10-29,2024-09-30
001319,铭科精技,0.5412,671454074.91,7.8627066806,-12.6654,76521749.2,7.98,26.3582,8.89929388925,6.1,0.294549246464,28.2801711771,汽车零部件,2025-10-29,2024-09-30
001314,亿道信息,0.15,2294583235.07,22.5843368455,28.2248,21004609.63,-77.9,8.0389,14.496263842609,1.02,-1.00111442915,15.0584821047,消费电子,2025-10-29,2024-09-30
001311,多利科技,1.43,2487491997.56,-9.4158445081,26.8633,341762052.88,-11.68,17.9368,18.745146512629,7.67,1.811410804255,22.119468065,汽车零部件,2025-10-29,2024-09-30
001308,康冠科技,0.81,11391478350.4,33.0531579961,27.2264,558203541.76,-35.45,-33.1715,10.441831726878,7.89,-0.699606881045,13.201759272,光学光电子,2025-10-29,2024-09-30
001286,陕西能源,0.67,16835322836.42,18.6011496756,26.8662,2497362917.93,13.77,72.8005,6.555668758792,10.42,1.722192141976,37.9193202632,电力,2025-10-29,2024-09-30
001282,三联锻造,0.4637,1114302051.89,28.8488862056,1.4741,103028903.22,22.31,-12.8704,9.524247410147,6.93,0.145443622215,19.9697071734,汽车零部件,2025-10-29,2024-09-30
001278,一彬科技,0.35,1566682485.33,10.2950376531,-1.8983,43673960.62,-32.64,-55.1263,10.700833308064,3.32,-0.842721873803,20.3120075976,汽车零部件,2025-10-29,2024-09-30
001267,汇绿生态,0.0336,353185925.24,-9.1672507992,-50.0589,26258429.07,5.7,34.2718,1.951841454495,1.73,-0.193323035397,24.4456145163,通信设备,2025-10-29,2024-09-30
001236,弘业期货,0.0163,1987514255.44,82.17,12.8953,16419986.6,1702.66,-86.1157,1.844212235398,0.89,2.418141683007,,多元金融,2025-10-29,2024-09-30
001231,农心科技,0.35,476838392.55,6.2836855991,-65.2806,35128459.23,1.51,-127.5552,9.417694662,3.74,-0.8057295482,33.0462365535,农化制品,2025-10-29,2024-09-30
001228,永泰运,0.87,2983121544.95,88.1134420071,-3.7706,90487073.15,-36.19,5.1616,16.704737421194,5.08,-8.339521900092,10.1162535255,物流,2025-10-29,2024-09-30
001212,中旗新材,0.32,397280102.75,-24.5438151467,9.8258,37632067.17,-44.24,52.0334,12.950479079113,2.22,0.761664040192,18.8213740614,装修建材,2025-10-29,2024-09-30
000997,新大陆,0.8082,5573189426.32,-5.27,2.1793,818755381.88,0.07,2.7004,6.778288658553,12.16,0.250818381728,38.0260615648,计算机设备,2025-10-29,2024-09-30
000993,闽东电力,0.25,450172159.35,-67.739150081,-8.322,114435810.58,-64.39,-18.2601,5.425031071536,4.63,0.302670470694,51.6923947909,电力,2025-10-29,2024-09-30
000958,电投产融,0.1417,3952965579.81,-7.7,-3.0171,763060349.04,6.48,17.1091,3.669097914639,3.9,0.27608081968,29.320890753,电力,2025-10-29,2024-09-30
000921,海信家电,2.05,70579088517.87,8.7511358465,-12.793,2792990784.53,15.13,-24.882,10.67230105204,19.56,3.757251839455,20.5411046918,白色家电,2025-10-29,2024-09-30
000920,沃顿科技,0.32,1154223317.15,-1.2482060967,2.2771,151182115.14,9.62,-14.8935,3.89620561716,8.01,0.595519985884,38.0316112929,塑料,2025-10-29,2024-09-30
000908,石药景峰,-0.0555,294702061.41,-46.7887190261,-9.6846,-48818728.73,-199.79,50.6193,-0.135482748485,,0.026034394017,59.9257161877,化学制药,2025-10-29,2024-09-30
000897,津滨发展,0.2296,1654851312.07,-24.2185899632,-7.6549,371359466.84,-25.22,-74.3966,1.898793084888,12.87,-0.063204423628,32.993738343,房地产开发,2025-10-29,2024-09-30
000895,双汇发展,1.0981,44112196339.2,-4.8179408109,23.0111,3804459384.15,-12.08,47.1848,5.75344019134,17.99,1.995288249778,18.2277168898,食品加工,2025-10-29,2024-09-30
000886,海南高速,0.04,134340048.54,121.1976799046,310.1131,39986837.54,-14.28,306.857,3.076626740092,1.31,-0.644219957044,14.7783956056,铁路公路,2025-10-29,2024-09-30
000880,潍柴重机,0.27,2929668353.75,4.6275316423,-12.4264,126491530.98,7.23,-28.3827,6.125461061763,6.37,-0.07778909105,12.1074684302,通用设备,2025-10-29,2024-09-30
000839,国安股份,0.0382,2501600638.56,17.7900804596,-4.3894,149849057.13,412.84,-105.1157,0.350349218046,11.36,-0.069736156049,14.8021325571,通信服务,2025-10-29,2024-09-30
000823,超声电子,0.2745,4214224225.18,3.4736295612,7.1963,147379312.03,13.36,26.3136,8.568133353135,3.15,0.746641553578,17.1924005804,元件,2025-10-29,2024-09-30
000819,岳阳兴长,0.201,2918958361.82,29.5873709465,-3.0959,72471045.77,-1.52,-38.2424,5.856325000391,3.42,0.189666652634,17.5153240919,炼化及贸易,2025-10-29,2024-09-30
000777,中核科技,0.3,1025090350.53,-8.2470374414,-21.7971,115707671.37,-11.19,-47.9245,5.296465815564,5.78,-0.892918830443,21.8094955712,通用设备,2025-10-29,2024-09-30
000762,西藏矿业,0.292,587181704.08,5.0587777198,-20.2429,152218143.63,34.62,-52.8834,5.733146147274,5.18,0.752205582073,49.7075450243,能源金属,2025-10-29,2024-09-30
000761,本钢板材,-0.777,40214610054.66,-7.5581791723,-12.9351,-3192607074.11,-157.32,-156.3962,3.132142882977,-20.44,0.316437527233,-5.432447575,普钢,2025-10-29,2024-09-30
000759,中百集团,-0.49,8130447883.52,-11.5040130503,-1.2443,-331555272.32,-309.35,-61.3635,2.876500615056,-15.56,0.879629346105,21.6440996993,一般零售,2025-10-29,2024-09-30
000758,中色股份,0.1709,6945412888.2,12.0514565771,-22.6769,336654831.62,7.19,51.5187,2.825077323039,6.19,-0.180309929883,14.6461451216,工业金属,2025-10-29,2024-09-30
000738,航发控制,0.4782,4209699408.91,2.6690572119,0.9898,628885156.96,5.48,-23.9844,9.306749883547,5.22,-0.063418979342,29.0072976172,航空装备Ⅱ,2025-10-29,2024-09-30
000735,罗牛山,0.2837,2577873979.7,-9.1115163505,-40.6849,326639324.38,303.83,-58.9008,3.747167123764,7.56,0.100640349583,20.6980667869,养殖业,2025-10-29,2024-09-30
000727,冠捷科技,0.0177,41064911842.59,3.8690907685,1.9026,79972260.14,8.08,-44.6374,0.630977952307,2.77,-0.339494070343,12.0126019042,光学光电子,2025-10-29,2024-09-30
000713,国投丰乐,-0.1157,1720484635.61,-10.3193619577,-47.6489,-71051334.79,-181.02,-465.7014,3.044723950188,-3.72,-0.184660773488,10.295928105,种植业,2025-10-29,2024-09-30
000711,ST京蓝,-0.0229,80696056.99,-30.4457538167,692.8434,-65434624.73,91.41,67.7721,0.235945846722,-9.37,-0.098689332729,21.988130823,环境治理,2025-10-29,2024-09-30
000709,河钢股份,0.0363,89346199055.34,-6.5928096844,5.0038,568692711.23,-29.34,-38.8008,4.952799756565,0.73,0.761236315839,8.5263239828,普钢,2025-10-29,2024-09-30
000695,滨海能源,0.0081,366327107.91,145.7005497121,-7.6385,1806147.54,117.49,-89.8073,0.838008944542,0.98,0.126314712269,12.1406188376,电池,2025-10-29,2024-09-30
000692,惠天热电,-0.8534,1228509833.16,11.8862025609,23.3019,-454706084.04,13.63,-20.2142,-0.520740672345,,-1.265261301264,-23.2133033186,电力,2025-10-29,2024-09-30
000691,亚太实业,-0.065,348445947.37,26.5421356175,-25.469,-21023115.97,75.33,-29.713,0.059621682897,-71.0,0.004175317505,8.662645259,化学原料,2025-10-29,2024-09-30
000690,宝新能源,0.27,6105715132.78,-20.705808263,50.7756,592233326.91,-8.19,44.1604,5.550670513608,4.91,0.713348395626,15.2139758063,电力,2025-10-29,2024-09-30
000688,国城矿业,0.0475,1379057218.54,68.4192586786,26.1156,52020046.71,1998.73,-77.2358,2.606340638681,1.72,0.177055863874,33.2590047109,小金属,2025-10-29,2024-09-30
000686,东北证券,0.2,2781368056.38,-6.43,35.6246,473620226.66,-17.78,207.4865,7.998026061259,2.54,3.472730219894,,证券Ⅱ,2025-10-29,2024-09-30
000659,珠海中富,-0.0225,831052831.12,-22.7398039138,-1.368,-28944267.86,-184.67,-2586.0992,0.231776813201,-9.27,0.035480913586,17.5404214391,包装印刷,2025-10-29,2024-09-30
000636,风华高科,0.23,3572376490.83,10.2522608686,-11.3558,265495862.4,138.17,-56.6356,10.456268813408,2.21,0.295515607384,19.6792409539,元件,2025-10-29,2024-09-30
000619,海螺新材,-0.0611,4087624638.17,-4.3948948613,-11.1175,-26412465.06,-907.46,-522.7037,6.05572586965,-1.08,-0.015628611397,8.2904869167,装修建材,2025-10-29,2024-09-30
000615,*ST美谷,-0.11,794330790.93,-23.7800346306,-3.6425,-82712262.55,-72.59,47.0829,0.162337098373,-48.39,0.116806960068,26.9112723189,医疗美容,2025-10-29,2024-09-30
000598,兴蓉环境,0.5461,6212609988.95,9.1715910862,1.9654,1626084682.93,9.14,48.1402,5.959718295123,9.43,0.719255072476,44.7574133798,环境治理,2025-10-29,2024-09-30
000565,渝三峡A,0.03,267994120.17,-28.9057902649,-13.5203,15034367.24,193.26,-156.8393,2.881820128853,1.21,-0.082452132697,23.822360524,化学制品,2025-10-29,2024-09-30
000558,天府文旅,-0.0069,133641391.7,-37.1714991224,56.9231,-8842147.44,6.59,13.2442,0.83759379971,-0.82,-0.026546468716,31.1175951111,旅游及景区,2025-10-29,2024-09-30
000532,华金资本,0.1052,300262800.28,8.7133359024,5.5142,36253117.44,-19.42,107.9637,3.959538434782,2.65,0.34645620106,41.8563015841,多元金融,2025-10-29,2024-09-30
000529,广弘控股,0.1458,1882029805.74,-8.765428878,-1.4282,85094076.75,-46.05,-74.8287,5.371229965525,2.7,0.200309526247,4.2719471033,食品加工,2025-10-29,2024-09-30
000525,红太阳,0.0461,2702538124.55,1.8723205917,33.0694,26747545.77,14.04,377.4889,1.576403238724,2.65,0.439070275567,25.4736767832,农化制品,2025-10-29,2024-09-30
000514,渝开发,-0.054,295031640.02,20.2317846081,5.808,-45555782.34,-793.6,-88.3572,4.377340652436,-1.24,0.227734019764,23.5485641219,房地产开发,2025-10-29,2024-09-30
000507,珠海港,0.2154,4033586724.11,-0.5655943302,4.4507,238789218.98,4.81,-65.6261,5.705969128648,3.75,0.864652944771,25.471615125,电力,2025-10-29,2024-09-30
000429,粤高速A,0.65,3502315797.54,-5.0303992368,14.9178,1356400701.34,0.01,15.2212,4.879224504568,13.45,1.210796638904,68.2391052351,铁路公路,2025-10-29,2024-09-30
000428,华天酒店,-0.1095,455069614.52,-10.6118587021,-10.7139,-111581145.65,-16.59,-2.8391,1.59420121632,-6.72,0.058067804738,22.8078059902,酒店餐饮,2025-10-29,2024-09-30
000411,英特集团,0.6868,24777058456.77,3.5915892963,1.9148,354994660.79,-2.9,-35.1583,8.390876261302,8.14,-2.56180181903,6.671044113,医药商业,2025-10-29,2024-09-30
000403,派林生物,0.57,1890265336.27,37.4925104049,7.6441,542732944.36,66.38,5.2248,10.68383128708,7.09,0.310396670065,50.5156982334,生物制品,2025-10-29,2024-09-30
000401,金隅冀东,-0.1116,18557200512.65,-16.9492305621,-6.8719,-296767662.01,3.84,74.1513,10.557938603589,-1.04,0.662871242723,18.127396564,水泥,2025-10-29,2024-09-30
000158,常山北明,-0.1871,4946195586.8,6.3706848103,8.0774,-299046576.84,-118.43,63.632,3.483422672732,-4.81,-0.907737123569,9.735319909,IT服务Ⅱ,2025-10-29,2024-09-30
000063,中兴通讯,1.65,90044542000.0,0.7283520784,-13.6368,7906403000.0,0.8319808559,-27.3281,15.118553444393,11.27,1.682759971668,40.3980398945,通信设备,2025-10-29,2024-09-30
000062,深圳华强,0.2546,16280214213.4,13.6278577966,-0.3572,266248705.44,-35.14,-24.7272,6.871286624893,3.7,1.426609965477,8.2486662229,其他电子Ⅱ,2025-10-29,2024-09-30
000060,中金岭南,0.21,43383674219.05,-17.9092140787,19.5286,799497983.83,11.66,-14.8911,3.577610664849,5.87,0.239476542478,6.1951824685,工业金属,2025-10-29,2024-09-30
000059,华锦股份,-1.1812,24500031616.35,-25.6916566022,-71.5129,-1889259166.97,-381.94,-374.1533,7.759822370568,-14.16,-2.137307779323,9.1326471242,炼化及贸易,2025-10-29,2024-09-30
000055,方大集团,0.1394,3206555034.28,-0.3052515879,-11.9481,149711190.7,-43.81,-49.6135,5.629136599635,2.5,-0.142702541245,18.0481123609,装修建材,2025-10-29,2024-09-30
000049,德赛电池,0.575,14956933287.69,7.7601104575,24.6564,221154307.14,-39.0,78.087,16.630709675958,3.47,-0.263057640683,9.5732945407,电池,2025-10-29,2024-09-30
000048,京基智农,1.1562,4595020573.04,-53.7157133786,31.3659,601798618.36,-52.16,102.0366,7.803315100998,14.56,1.198297338641,29.4300704246,养殖业,2025-10-29,2024-09-30
000032,深桑达A,-0.1113,48421683221.42,25.2133057646,-15.1225,-126614513.38,53.07,-61.4725,5.323068532163,-2.02,-2.076657907897,9.0205806164,专业工程,2025-10-29,2024-09-30
000030,富奥股份,0.2581,11509589500.67,4.8331470907,1.8946,443930262.2,16.15,-17.394,4.424860089494,5.76,-0.208110010123,11.3392218253,汽车零部件,2025-10-29,2024-09-30
000012,南玻A,0.26,11836882741.0,-12.188861844,-9.0479,786449734.0,-46.38,-86.9184,4.582343704184,5.59,0.440561172159,19.072893053,玻璃玻纤,2025-10-29,2024-09-30
920971,天马新材,0.24,180689481.19,33.0704888117,22.2093,25207142.7,8.07,29.6629,4.129503027328,5.75,-0.019000993812,25.2521485199,非金属材料Ⅱ,2025-10-28,2024-09-30
920964,润农节水,0.08,467382458.29,3.6285948832,18.0227,20741167.97,-13.92,835.3197,3.463232060312,2.3,-0.478924127936,18.1288149153,农业综合Ⅱ,2025-10-28,2024-09-30
920961,创远信科,0.01,161808726.6,-11.5368620044,47.4272,1916574.64,-90.31,-90.0652,5.269722496786,0.26,0.16067869284,52.9830233087,通用设备,2025-10-28,2024-09-30
920957,汉维科技,0.16,421360709.08,26.1043414216,-1.5901,17085923.78,6.02,-56.1263,3.687735682298,4.33,-0.538672729735,11.4330100937,化学制品,2025-10-28,2024-09-30
920950,迅安科技,0.6,169310988.78,5.2676327573,-7.0558,43950984.55,3.87,-11.2947,4.70434004239,15.65,0.652790622095,41.6069145291,通用设备,2025-10-28,2024-09-30
920943,优机股份,0.46,625593122.58,-0.2137398359,13.5586,46295584.41,-17.66,21.878,5.718974464176,8.13,0.227373566974,26.736989347,通用设备,2025-10-28,2024-09-30
920931,无锡鼎邦,0.361,303346386.59,-3.8464425128,-8.1,30152183.93,-11.37,26.4998,4.069859681252,9.58,-0.068012844459,22.7305090082,专用设备,2025-10-28,2024-09-30
920924,广脉科技,0.22,267337331.36,19.1040043888,-5.9128,23045865.67,35.39,37.9234,2.771453005954,7.97,-0.716525472825,22.2796043923,通信服务,2025-10-28,2024-09-30
920896,旺成科技,0.21,248709940.6,-4.652835591,17.4157,21676938.47,-34.48,23.0081,3.955716302439,5.41,0.494601377793,20.9272735639,汽车零部件,2025-10-28,2024-09-30
920879,基康技术,0.29,232897413.29,13.2505051651,2.9875,46772231.88,-3.01,24.939,3.986599708228,8.35,-0.08084950788,55.944776818,通用设备,2025-10-28,2024-09-30
920873,中设咨询,-0.4,46334920.42,-53.7952842196,-19.5387,-61654436.87,-368.37,4.8807,2.336268456958,-15.84,-0.2906931292,-41.9636080169,工程咨询服务Ⅱ,2025-10-28,2024-09-30
920870,恒进感应,0.07,43461875.78,-1.3188068934,8.7409,9582152.65,-46.45,87.7674,3.273423821716,2.15,0.157168767015,42.6379842964,通用设备,2025-10-28,2024-09-30
920866,绿亨科技,0.18,319935287.51,7.1188176208,-16.3182,32494485.01,-28.74,-7.0566,4.147868268797,4.05,-0.050599812159,44.0234788654,农化制品,2025-10-28,2024-09-30
920855,浙江大农,0.34,189907762.03,5.3440464535,-9.7785,25082775.1,-25.25,-25.9561,7.2647231473,4.62,0.555693053594,28.9748464633,专用设备,2025-10-28,2024-09-30
920837,华原股份,0.31,393462695.34,7.5142304912,-14.0894,47498192.79,27.39,19.8901,3.368505153491,9.21,0.399155739786,25.9863140015,汽车零部件,2025-10-28,2024-09-30
920832,齐鲁华信,0.08,364114028.3,27.7724200153,0.1873,9674980.08,12.25,-69.0241,5.408427554104,1.28,0.475309437079,15.6257334044,非金属材料Ⅱ,2025-10-28,2024-09-30
920810,春光智能,-0.19,74874437.72,-48.7439359402,-20.1934,-12901107.98,-168.53,-8.5538,3.849632973431,-4.7,-0.08473602073,23.392824859,专用设备,2025-10-28,2024-09-30
920809,安达科技,-0.85,1087278082.2,-56.9338365525,-10.1526,-518907053.34,-37.99,16.1749,3.238566898491,-23.82,-0.436022109226,-11.3217191816,电池,2025-10-28,2024-09-30
920802,保丽洁,0.2221,134373427.94,15.3010051912,-13.1216,14010592.09,18.37,18.0047,6.639289296216,3.35,0.209815027273,32.3651061945,环境治理,2025-10-28,2024-09-30
920729,永顺生物,0.11,200361538.4,-20.7806879645,54.1084,28963470.19,-49.84,87.5799,2.374094148564,4.38,0.202362430876,57.4975048105,动物保健Ⅱ,2025-10-28,2024-09-30
920717,瑞星股份,0.116,132119849.04,2.5146650748,51.7768,13087452.29,-9.91,73.8166,4.902947703174,2.33,-0.037344681374,34.4729411371,专用设备,2025-10-28,2024-09-30
920699,海达尔,1.19,291350579.43,55.1293769123,14.9456,54079099.48,126.6,40.8769,6.146238578376,19.08,0.882774429976,28.5558326648,家电零部件Ⅱ,2025-10-28,2024-09-30
920694,中裕科技,0.57,436969737.01,-8.1722789634,-11.3741,76313934.94,-17.13,72.2443,7.764933282958,9.75,-0.222801404915,48.3560171365,橡胶,2025-10-28,2024-09-30
920693,阿为特,0.22,182823673.11,20.7247618396,5.973,15732048.5,-22.39,-38.7288,4.780705796011,4.62,0.164153765887,28.3700160311,通用设备,2025-10-28,2024-09-30
920690,捷众科技,0.67,187563877.19,15.1621961306,24.5796,44360740.96,61.3,48.1465,8.095474963801,8.52,0.589463295324,38.8849414571,汽车零部件,2025-10-28,2024-09-30
920689,克莱特,0.65,397051311.15,3.8361043601,0.1487,48047499.34,2.8,1.7903,6.266176459128,10.53,0.542383506812,29.0239498835,通用设备,2025-10-28,2024-09-30
920670,数字人,-0.07,28455680.69,-58.0704979344,117.0154,-7369615.8,-156.59,81.5364,2.243298373177,-3.0,-0.048255002995,69.3563656235,医疗服务,2025-10-28,2024-09-30
920651,天罡股份,0.65,183899713.21,-2.7836842984,13.078,39467433.37,-17.96,19.8715,7.622952065082,8.36,0.15687470918,47.8029417912,通用设备,2025-10-28,2024-09-30
920599,同力股份,1.0371,4381465658.06,0.3765137332,-2.8202,459879705.77,4.92,-8.6214,5.996245349543,17.64,1.804518567242,18.428680641,工程机械,2025-10-28,2024-09-30
920578,巨能股份,-0.07,167959754.49,14.7081037255,-54.7914,-5413555.88,-146.74,-67.0912,3.424761465214,-2.05,-0.296874305276,20.892214243,自动化设备,2025-10-28,2024-09-30
920564,天润科技,-0.2,64625485.88,-17.9379866588,-43.0753,-14961257.6,-80.36,-90.357,4.04961594127,-4.81,-0.372241850282,28.6437310729,IT服务Ⅱ,2025-10-28,2024-09-30
920556,雅达股份,0.11,222415000.18,-4.7660871706,-6.6462,18368761.13,-36.07,-31.4532,3.155915744518,3.49,-0.007637811192,33.5627707932,电网设备,2025-10-28,2024-09-30
920527,夜光明,0.18,272875792.5,18.6327141985,-0.2596,10925277.55,5.46,-24.2684,6.192340159753,2.92,0.732869070678,17.8952868566,纺织制造,2025-10-28,2024-09-30
920523,德瑞锂电,1.05,384167335.72,56.4547279713,33.6766,106161905.06,236.93,26.4931,5.433236584888,21.0,1.172541417777,42.7613921684,电池,2025-10-28,2024-09-30
920509,同惠电子,0.17,129840446.27,13.9031128952,-19.8339,27699698.29,7.16,-38.8634,1.984910987748,8.28,0.188953152875,55.6449102075,通用设备,2025-10-28,2024-09-30
920505,九菱科技,0.27,107229746.51,7.4615420987,0.2332,17791688.97,-32.28,-6.2004,4.971338949582,5.56,0.248730263569,26.7575146299,通用设备,2025-10-28,2024-09-30
920491,奥迪威,0.48,446610788.3,32.6740697848,1.8623,67483311.97,5.2,-21.7834,6.91707953578,7.09,0.412417526417,35.155964693,元件,2025-10-28,2024-09-30
920478,峆一药业,0.48,196755675.33,18.2017492941,-11.9304,37401751.95,-6.98,-50.349,8.380150806201,8.0,0.565109059151,38.3869485611,化学制药,2025-10-28,2024-09-30
920475,三友科技,0.09,353974972.33,19.3113115955,-12.3238,8740967.91,-72.14,-107.9519,3.500669602545,2.41,-0.781206937336,16.5065264121,专用设备,2025-10-28,2024-09-30
920471,美邦科技,0.22,394229848.87,15.7785732579,-14.5858,17742635.59,1.6,-109.3896,6.711044363822,3.14,0.236068433173,17.9717872944,化学制品,2025-10-28,2024-09-30
920429,康比特,0.53,774098522.76,29.8423193795,-24.4231,65558503.12,2.06,-49.8417,6.701412676466,7.97,0.446159444578,40.1779010379,食品加工,2025-10-28,2024-09-30
920403,康农种业,0.1,51883089.46,-4.8522960679,-63.119,9540656.58,20.04,173.7579,5.839263476403,2.4,1.169712078673,41.9611953077,种植业,2025-10-28,2024-09-30
920396,常辅股份,0.3493,175673840.2,16.0427504029,0.8188,25054020.89,42.72,40.3942,5.191846383762,8.28,1.060318730397,41.1677372896,自动化设备,2025-10-28,2024-09-30
920392,佳合科技,0.55,459707573.24,116.8032648355,30.4716,31987895.29,76.39,-39.5563,5.645901501193,9.99,-0.02667603799,14.821805858,包装印刷,2025-10-28,2024-09-30
920378,泰德股份,0.16,248274071.45,23.7402032751,-0.7672,22805776.54,472.36,-48.4975,2.332199594473,6.35,0.039980520299,27.1254930798,汽车零部件,2025-10-28,2024-09-30
920374,云里物里,0.27,157590299.25,13.7683209527,-10.494,21967764.05,0.87,-56.7259,3.110160513261,8.71,0.214695189651,45.8066805721,通信设备,2025-10-28,2024-09-30
920371,欧福蛋业,0.25,673758231.97,-8.043522659,8.5409,50958863.21,26.14,-64.637,2.709066116336,9.24,0.361684259618,19.2914517571,农产品加工,2025-10-28,2024-09-30
920363,莱赛激光,0.01,111228124.14,-38.9480168299,-30.786,808594.97,-96.29,-406.4002,4.483247953177,0.22,-0.091288275615,22.783031824,通用设备,2025-10-28,2024-09-30
920305,云创退,-0.23,153361984.47,-17.2946422144,-60.9187,-30202211.77,-46.92,16.6047,5.859498264283,-3.82,0.63089890084,22.8782365925,IT服务Ⅱ,2025-10-28,2024-09-30
920299,灿能电力,0.15,72227497.13,10.2969639469,13.9214,13512845.45,-0.89,59.1059,2.924766090452,4.73,0.177038927824,52.6395675757,电网设备,2025-10-28,2024-09-30
920273,一致魔芋,0.86,436008784.87,19.3048700986,16.6545,62057856.33,15.51,72.5144,8.031869054967,10.71,0.585307057787,22.8570995283,农产品加工,2025-10-28,2024-09-30
920271,邦德股份,0.56,251316794.3,2.527428762,-13.6933,66349802.11,-2.6,-22.6064,4.506229742622,12.7,0.650123075591,43.2971114577,汽车零部件,2025-10-28,2024-09-30
920261,一诺威,0.39,5068011093.0,8.6687358577,2.2071,112268521.85,26.57,27.2641,5.066086054565,7.65,0.377432061714,5.8111709885,化学制品,2025-10-28,2024-09-30
920260,中寰股份,0.31,179106079.75,-7.7001459062,-27.5353,32505546.43,5.05,-22.7888,4.017434795075,7.8,0.294666282086,35.9208902678,通用设备,2025-10-28,2024-09-30
920252,天宏锂电,0.04,307924557.38,47.273571928,-10.1296,3891476.73,-49.28,-53.5484,2.5136187749,1.49,0.2310657816,10.7567840713,电池,2025-10-28,2024-09-30
920237,力佳科技,0.58,284030171.46,-2.8790392377,-9.7757,49673133.08,59.8,-6.3146,7.189337626399,10.76,0.627668251776,33.9160169798,电池,2025-10-28,2024-09-30
920227,美登科技,0.8,108588759.12,32.5496238175,-2.1469,31222624.53,-3.52,11.728,10.291786594764,7.36,0.755574909544,68.6821322524,IT服务Ⅱ,2025-10-28,2024-09-30
920208,青矩技术,0.75,531691910.14,-4.347061101,-6.0532,99932739.44,-16.67,-26.1827,9.548660732288,10.95,-1.237941637309,46.3767076323,工程咨询服务Ⅱ,2025-10-28,2024-09-30
920207,众诚科技,-0.3,251488686.25,24.521642165,-34.4148,-27575017.29,-407.73,66.2398,3.240758928241,-8.52,-0.070642219586,17.8014024319,软件开发,2025-10-28,2024-09-30
920195,三祥科技,0.44,693468495.29,12.5519239244,18.093,42714399.34,-39.84,44.3274,7.266757091605,6.1,0.674075877486,35.6311073262,汽车零部件,2025-10-28,2024-09-30
920175,东方碳素,-0.3,237906632.67,-11.7093362136,-32.8094,-35651392.2,-161.7,-9.3915,6.780941689412,-4.28,-0.050604808067,15.990719869,非金属材料Ⅱ,2025-10-28,2024-09-30
920171,志晟信息,-0.36,53944807.79,-40.1232941211,-45.6751,-35792130.15,-57.31,-128.5598,2.54264732551,-13.12,-0.18587220606,28.1090234838,IT服务Ⅱ,2025-10-28,2024-09-30
920146,华阳变速,-0.1,356914017.25,74.956058345,-15.3372,-13777259.33,-28.35,92.302,1.653882874064,-5.99,0.055185222038,1.791186132,汽车零部件,2025-10-28,2024-09-30
920139,华岭股份,-0.06,190477499.61,-17.6788818825,-7.5835,-15184265.76,-124.51,-53.6774,4.079594927326,-1.37,0.288321675867,25.4030189808,半导体,2025-10-28,2024-09-30
920123,芭薇股份,0.34,471201911.76,49.5045013625,36.2234,29051665.36,-5.7,109.979,4.466066171445,7.97,-0.772341769347,26.6663009517,化妆品,2025-10-28,2024-09-30
920110,雷特科技,0.76,144603558.85,19.3263324572,0.8225,29616124.51,21.09,10.7642,8.844221955641,8.52,-0.164738113846,45.5776901649,其他电源设备Ⅱ,2025-10-28,2024-09-30
920099,瑞华技术,1.29,278669023.44,34.4848514413,-10.195,77594914.91,0.39,-62.4004,10.374747569072,16.17,2.610444611854,46.2011710382,化学制品,2025-10-28,2024-09-30
920098,科隆新材,1.07,349525122.04,10.820367022,10.842,68526785.75,10.9245402669,108.3118,10.548419431454,10.68,0.253129431641,42.138244639,橡胶,2025-10-28,2024-09-30
920087,秋乐种业,0.0558,163495540.75,-28.6326033978,567.6349,9215462.95,-48.88,330.1662,3.145786219613,1.73,0.132330871247,20.2840426582,种植业,2025-10-28,2024-09-30
920082,方正阀门,0.47,583066258.15,18.3714741633,-6.5766,50158096.77,44.8181026238,19.0422,3.558661690641,14.15,0.217115452457,27.6062531128,通用设备,2025-10-28,2024-09-30
920077,吉林碳谷,0.137,1143320044.88,-31.6125996614,10.5162,80530877.54,-73.86,-73.9786,4.149001934783,3.3,-0.718385948548,17.1546969222,化学纤维,2025-10-28,2024-09-30
920075,柏星龙,0.5985,449989267.92,22.397653151,29.0314,38791978.04,29.46,-15.5211,6.227638165394,9.69,0.776566663581,34.2762245782,包装印刷,2025-10-28,2024-09-30
920068,天工股份,0.241,600141268.96,-15.3916476527,-13.2122,141513764.83,10.54,-34.3377,1.695479629693,15.34,0.567439235132,32.6314517879,小金属,2025-10-28,2024-09-30
920061,西磁科技,0.25,95375173.32,-37.3231255731,-12.3726,17706458.95,-54.6,-29.24,3.977140294816,6.37,0.2607315861,30.2396217653,专用设备,2025-10-28,2024-09-30
920058,华洋赛车,0.87,422570060.87,40.6875492055,-22.0852,48834474.26,40.83,-37.3875,6.380377865893,13.56,0.988781985179,22.5982986711,摩托车及其他,2025-10-28,2024-09-30
920030,德众汽车,0.03,1644563562.76,-13.7614417515,11.2834,4581469.09,-6.08,2117.8803,2.620927204069,0.98,0.048758460545,8.0652173193,汽车服务,2025-10-28,2024-09-30
920019,铜冠矿建,0.345,990277107.22,22.8798696385,-6.856,54378298.59,13.49,-56.5202,4.266214049669,8.495,0.446955756422,13.1950899023,专业工程,2025-10-28,2024-09-30
920017,星昊医药,0.64,468292733.23,-9.908516468,-12.0939,78770148.31,8.22,-48.2985,12.445242763173,5.22,0.81803875631,69.3826817339,化学制药,2025-10-28,2024-09-30
920016,中草香料,0.55,156278711.01,7.8706230946,14.1174,32872361.08,11.67,-41.1412,4.773387720824,13.65,0.238436164799,32.0445455023,化学制品,2025-10-28,2024-09-30
920015,锦华新材,1.6624,970398096.79,24.9262229184,-2.5417,162918327.4,58.4733362394,-48.4306,8.110766562143,22.32,0.818567766429,29.5073971762,化学制品,2025-10-28,2024-09-30
920010,凯添燃气,0.16,361284458.04,0.1962756645,4.4789,38269533.17,-14.23,27.9243,2.835849172452,5.84,0.136568428998,20.9602076466,燃气Ⅱ,2025-10-28,2024-09-30
920005,鼎佳精密,0.69,297200834.99,8.0740820025,18.2318,41606262.94,5.8754874434,-13.4624,6.482973310833,10.93,0.884918229667,31.2659955121,消费电子,2025-10-28,2024-09-30
920002,万达轴承,1.1,262329577.36,0.2118990801,-7.334,45036564.46,5.85,-3.2132,20.650208180882,7.67,0.634166035631,32.4399390554,通用设备,2025-10-28,2024-09-30
920000,安徽凤凰,0.57,352937982.8,18.7637367923,11.9801,52585766.31,30.46,36.8329,6.481619120746,9.11,0.490301625545,26.8257216888,汽车零部件,2025-10-28,2024-09-30
900940,大名城B,0.1001,3810903850.37,-62.7411748994,190.8522,232736665.04,-63.95,-53.0642,5.125789652595,1.84,-0.038764067454,15.640311464,房地产开发,2025-10-28,2024-09-30
900926,宝信B,0.68,9756533663.8,10.6401480171,-10.075,1930289552.93,3.16,-19.1203,3.866010651968,17.41,0.68842174777,36.0569340636,IT服务Ⅱ,2025-10-28,2024-09-30
900916,凤凰B股,0.0974,1832713237.27,42.9627183542,0.2067,50164349.14,52.15,-21.6209,4.338031162591,2.2972,0.316927411826,14.2357183543,摩托车及其他,2025-10-28,2024-09-30
900915,ST中路B,0.009,791110826.2,8.1414031671,-14.3071,2876730.09,-69.53,-95.2157,1.903867052456,0.47,-0.035474312339,15.4851074581,摩托车及其他,2025-10-28,2024-09-30
900908,氯碱B股,0.5245,6008730831.74,13.9487780683,16.3618,606554810.19,36.06,56.0399,7.327610442384,7.2687,0.633500676932,17.6268331659,化学原料,2025-10-28,2024-09-30
900906,中毅达B,-0.0141,810869933.65,-10.2745747744,-12.1752,-15082072.63,70.0075280265,112.1397,0.060468481916,-52.6,0.13050037135,8.1762787654,化学原料,2025-10-28,2024-09-30
874949,玖行能源,0.55,1050727494.61,,,45237261.95,,,,7.59,,19.9225434819,,2025-10-28,2024-09-30
874927,朗恩斯,0.66,492651381.85,,,22836839.15,,,,5.76,,24.1107010852,,2025-10-28,2024-09-30
874838,铭沣科技,1.81,638602529.43,,,90673638.12,,,,27.45,,31.1717095057,,2025-10-28,2024-09-30
874750,太和坊,-0.0333,83602719.87,,,-3332700.24,,,,-1.7,,37.0010159216,,2025-10-28,2024-09-30
839222,三英精密,0.3984,157733234.82,42.6461769673,,15320325.17,87.48,,8.269096848752,4.95,-1.235785401493,41.4790509208,,2025-10-28,2024-09-30
836816,丁义兴,-0.15,67652662.29,,,-5870029.34,,,,-34.74,-0.243158943008,6.6820316851,,2025-10-28,2024-09-30
833118,棒杰小贷,0.0,16196589.52,-12.2176934062,-21.3115,779833.72,-93.36,-329.4044,1.173136618578,0.26,-0.165576261303,,,2025-10-28,2024-09-30
832743,福能租赁,-0.024,50848267.27,-3.834388031,-14.6866,-7344437.73,85.1,-102.6641,0.4508199671,-5.29,-0.051533563767,5.7257637208,,2025-10-28,2024-09-30
688798,艾为电子,0.77,2366112613.27,32.7066058011,-2.6175,177914341.5,264.6795126723,55.2679,16.591801199298,4.74,1.250230019264,29.6882169344,半导体,2025-10-28,2024-09-30
688788,科思科技,-1.2281,187203297.3,19.6269948155,-19.1554,-191709412.31,-7.02,39.8157,21.31615307506,-8.13,-1.073752289702,49.3049469968,军工电子Ⅱ,2025-10-28,2024-09-30
688775,影石创新,2.34,3954448081.54,48.1577369735,4.1777,841795102.55,29.5350977913,-4.218,,,,53.7823804065,消费电子,2025-10-28,2024-09-30
688758,赛分科技,0.1487,218532533.42,25.6990156205,-12.7796,54487866.48,63.0396765694,16.1902,2.874857759998,5.31,0.14826182463,73.8269853624,化学制药,2025-10-28,2024-09-30
688708,佳驰科技,0.89,588761283.37,-16.8590260991,-4.0915,320332488.16,-17.3073206952,-19.7216,5.583803926,17.32,0.868801239667,77.2471743941,航空装备Ⅱ,2025-10-28,2024-09-30
688692,达梦数据,1.85,629467857.08,40.9559798945,49.2213,174360678.33,47.48,49.7373,40.496366041184,8.62,0.982662741447,86.2611303203,软件开发,2025-10-28,2024-09-30
688686,奥普特,1.0794,733258570.43,-13.3215083517,-28.6281,131938173.2,-35.58,-66.8469,24.001375232497,4.53,0.145805008702,64.2332929466,自动化设备,2025-10-28,2024-09-30
688683,莱尔科技,0.18,365622507.04,12.3023385424,8.946,27607229.13,15.23,8.8797,6.593881993618,2.72,0.228765027338,23.7502820335,电子化学品Ⅱ,2025-10-28,2024-09-30
688682,霍莱沃,0.14,188075120.76,-16.5423299269,-1.2418,10350359.23,-44.09,-5.6517,8.982295747627,1.57,-1.093299196278,36.6936192417,军工电子Ⅱ,2025-10-28,2024-09-30
688678,福立旺,0.27,899573426.31,28.581487466,12.7389,65158901.04,29.89,3.6004,6.262103987811,4.15,0.335328304073,27.4083165286,消费电子,2025-10-28,2024-09-30
688676,金盘科技,0.91,4798550556.02,0.5349428567,16.8171,403789511.66,21.17,41.8575,9.365848227393,10.6,-0.190533148678,24.2063899477,电网设备,2025-10-28,2024-09-30
688639,华恒生物,0.74,1539034126.35,12.8190756587,1.4306,169893703.83,-46.9,-68.0266,8.13028023151,9.14,0.457593822913,28.1316585973,化学制品,2025-10-28,2024-09-30
688629,华丰科技,-0.11,749161345.33,21.0084727133,2.549,-48653148.38,-222.55,-8.6399,3.107106772144,-3.29,-0.220300593156,16.7155016967,军工电子Ⅱ,2025-10-28,2024-09-30
688620,安凯微,-0.06,370145006.68,0.0188741283,-1.6958,-22380448.69,-262.83,-1641.1312,3.76842576352,-1.48,-0.191096027194,18.4912515433,半导体,2025-10-28,2024-09-30
688619,罗普特,-0.54,111953520.97,-65.4374103727,370.9239,-96158955.03,-1946.4404055202,-65.0793,5.333634338525,-9.21,-0.39965722934,10.9052818118,计算机设备,2025-10-28,2024-09-30
688616,西力科技,0.42,469531281.51,32.7061906813,17.5216,74944699.72,51.77,90.3806,4.516209953976,9.13,0.126029980109,28.2345867678,电网设备,2025-10-28,2024-09-30
688612,威迈斯,0.7,4359989416.48,21.3473004894,13.1979,296130733.5,2.81,-20.7664,7.888132829517,8.59,0.854765374547,18.161245742,汽车零部件,2025-10-28,2024-09-30
688597,煜邦电力,0.25,542179908.54,43.6728956528,-26.2608,58003979.01,260.2,-58.7019,3.133405075507,6.5,-0.420244409367,38.5860833323,电网设备,2025-10-28,2024-09-30
688591,泰凌微,0.27,587272870.34,23.344736715,8.62,64271330.24,71.01,18.7874,9.727347494292,2.75,0.395305967833,47.8956181744,半导体,2025-10-28,2024-09-30
688589,力合微,0.36,378013595.05,-15.680064717,-14.2467,50349120.7,-38.12,-56.8714,7.68770253252,4.95,0.264895281963,42.5793630011,半导体,2025-10-28,2024-09-30
688581,安杰思,2.45,427255735.56,23.5264813899,7.0951,197452784.89,37.91,1.8521,28.389122915131,8.73,2.678666287281,72.1323914952,医疗器械,2025-10-28,2024-09-30
688543,国科军工,0.71,763957394.14,12.6980213908,-5.4951,149242611.24,61.2,49.0917,12.693746147281,6.7,-1.925481553587,37.2545486729,地面兵装Ⅱ,2025-10-28,2024-09-30
688522,纳睿雷达,0.09,136204551.59,19.9956285221,53.6197,26008690.89,-21.75,1113.3335,10.079159099894,1.18,-0.096022056539,76.0754943946,军工电子Ⅱ,2025-10-28,2024-09-30
688521,芯原股份,-0.79,1649971464.11,-6.4985172168,16.9605,-395858494.37,-194.9353789891,-42.7045,4.619119077425,-15.8,-0.786901730346,42.5204452386,半导体,2025-10-28,2024-09-30
688517,金冠电气,0.49,469169810.18,30.7080879438,-18.2478,66228859.07,37.05,-50.4772,5.743915760795,8.32,0.750977818437,34.6156101173,电网设备,2025-10-28,2024-09-30
688513,苑东生物,1.24,1039937156.56,22.3772122993,4.4849,217023597.92,12.03,-1.3304,15.164420820408,8.28,0.830708072014,77.5513408837,化学制药,2025-10-28,2024-09-30
688503,聚和材料,1.77,9826222165.03,32.8018241989,-19.6859,421088409.93,-4.47,-45.2986,19.209846307854,8.63,-3.296960563578,8.9237902576,光伏设备,2025-10-28,2024-09-30
688484,南芯科技,0.64,1899099249.84,57.4897073387,0.1169,271783940.4,50.82,-36.3019,9.106592351429,7.16,1.020253392403,40.8573966124,半导体,2025-10-28,2024-09-30
688469,芯联集成,-0.1,4547418766.97,18.6836274471,9.2545,-684175637.03,-49.73,6.6569,1.69721946114,-5.63,0.144588633261,-0.4313686838,半导体,2025-10-28,2024-09-30
688432,有研硅,0.1564,773102420.66,-2.1789081578,-2.399,194681391.43,-12.38,-13.3606,3.443751424289,4.62,0.114971365224,36.5731671696,半导体,2025-10-28,2024-09-30
688419,耐科装备,0.5,197443986.61,44.9357879534,66.0508,57750152.85,80.66,69.8094,12.243147722927,5.84,0.653303537073,40.2813838879,半导体,2025-10-28,2024-09-30
688408,中信博,2.13,5982203145.77,76.3042583485,66.8206,427277660.07,171.48,153.3647,15.424175377966,14.42,-3.987985488448,19.3730072948,光伏设备,2025-10-28,2024-09-30
688398,赛特新材,0.39,668235738.94,12.9365127785,-5.5454,65144125.32,-17.74,-56.9306,6.113100041186,5.62,0.536668547125,31.3096747552,化学制品,2025-10-28,2024-09-30
688393,安必平,0.32,352677214.95,-0.5159972059,-1.5707,29630792.13,-21.18,58.4559,13.620290352016,2.32,0.039485122211,68.424879981,医疗器械,2025-10-28,2024-09-30
688373,盟科药业,-0.44,97562309.83,42.9017153081,32.8329,-291296145.99,-19.1596954374,9.2527,0.866368371507,-31.64,-0.447926455631,82.2292615353,化学制药,2025-10-28,2024-09-30
688367,工大高科,0.21,211388923.82,66.1597223747,-3.4861,18701948.09,78.23,-26.7781,6.693170819334,3.22,0.154088587496,26.1517061873,轨交设备Ⅱ,2025-10-28,2024-09-30
688362,甬矽电子,0.1,2551612645.7,56.4344532823,2.1319,42401236.32,135.3496292019,-36.2957,6.067394180098,1.73,2.978248179365,17.4784535189,半导体,2025-10-28,2024-09-30
688359,三孚新科,-0.18,429927059.27,29.3966780735,21.4547,-16954200.8,47.4929480371,47.5152,5.154098528839,-3.57,-0.516221221877,40.0794199748,电子化学品Ⅱ,2025-10-28,2024-09-30
688351,微电生理,0.0887,290866132.55,23.2110733921,-15.301,41726652.8,262.22,92.4243,3.677695230727,2.44,0.131692817573,58.7911783166,医疗器械,2025-10-28,2024-09-30
688345,博力威,-0.22,1275704907.36,-27.9795006692,-5.2881,-22390888.87,-180.98,109.4693,11.256182822,-1.96,-1.7825421529,16.0775455105,电池,2025-10-28,2024-09-30
688337,普源精电,0.32,534892452.03,13.1441960855,45.8497,60134726.07,-11.65,3822.4327,16.274674093379,2.04,0.334103636482,58.4410731622,通用设备,2025-10-28,2024-09-30
688329,艾隆科技,-0.37,223792957.86,-15.238777904,-6.5332,-27895868.88,-162.0,-85.7082,9.71913177228,-3.56,0.216710685881,45.9943959606,自动化设备,2025-10-28,2024-09-30
688314,康拓医疗,0.94,240117907.83,16.2228371074,4.0229,76713229.82,19.22,-3.2439,7.858301590518,12.49,1.349776588442,80.3326438512,医疗器械,2025-10-28,2024-09-30
688312,燕麦科技,0.49,360435425.68,73.1855219683,84.9928,68833066.34,52.41,176.6114,9.403330877987,5.01,-0.067609371627,49.8260620363,专用设备,2025-10-28,2024-09-30
688311,盟升电子,-0.8,87005718.07,-68.2764642422,-89.3006,-127605295.32,-1204.14,-297.2774,9.638773584563,-7.77,-0.950688290207,45.4201532803,军工电子Ⅱ,2025-10-28,2024-09-30
688310,迈得医疗,0.05,219574032.71,-33.4462981497,-40.5756,7629882.29,-89.37,-255.3083,5.090460664536,0.88,0.258322392252,46.8856285096,自动化设备,2025-10-28,2024-09-30
688305,科德数控,0.738,381341431.2,30.3192387544,-18.6015,72258614.69,11.53,-28.6406,17.388842959807,4.87,-0.194059354607,41.8592683511,通用设备,2025-10-28,2024-09-30
688303,大全能源,-0.51,6004718320.39,-53.3725216731,-11.3107,-1099172599.27,-121.49,57.1322,19.539463859094,-2.56,-2.051895278493,4.1813329887,光伏设备,2025-10-28,2024-09-30
688291,金橙子,0.29,159887461.29,3.7440126972,-14.9583,27481610.97,-16.18,7.4305,8.842481750071,2.82,0.137267432576,57.8598959628,软件开发,2025-10-28,2024-09-30
688257,新锐股份,0.5393,1353828070.14,16.8448693865,-4.1376,134807512.0,5.89,-33.1039,11.998578538786,6.27,0.431714833721,31.7179142375,通用设备,2025-10-28,2024-09-30
688238,和元生物,-0.293,183867467.02,34.2154215814,32.3783,-189766756.86,-166.9028173008,-7.371,2.885937888193,-10.2,-0.203650341371,-21.9451266959,医疗服务,2025-10-28,2024-09-30
688234,天岳先进,0.33,1281219949.92,55.3406973628,-24.1021,143032051.19,309.5603524934,-26.2504,12.287903145096,2.74,-0.121479886633,25.7811491337,半导体,2025-10-28,2024-09-30
688227,品高股份,-0.42,197543927.65,0.8739381957,-54.5395,-46666412.42,-5.5620329073,-373.128,11.909555460106,-3.4,-1.389060330621,36.6366657538,IT服务Ⅱ,2025-10-28,2024-09-30
688215,瑞晟智能,0.13,247902047.91,-0.5815779934,-36.7848,6801086.83,-10.28,-53.7199,8.757393363175,1.49,-0.381386429724,27.4020316866,自动化设备,2025-10-28,2024-09-30
688203,海正生材,0.17,659261678.73,19.8548366329,-4.4688,33453681.6,-10.29,-54.0815,7.387616936481,2.24,0.04159676379,13.0185217932,塑料,2025-10-28,2024-09-30
688191,智洋创新,0.1601,675988981.81,20.079668555,-25.8424,36763157.08,10.92,-58.9856,5.758352122267,4.15,-0.180963078661,31.2845434838,电网设备,2025-10-28,2024-09-30
688188,柏楚电子,2.52,1300790203.14,31.194471654,-16.9787,725743279.53,26.84,-21.1882,25.592677287417,14.07,3.078534740219,80.9114185346,计算机设备,2025-10-28,2024-09-30
688185,康希诺,-0.9,567077966.63,222.8788675814,39.3855,-222409418.57,77.4210433604,105.3628,20.462386033425,-4.31,-1.161505761415,74.2038624831,生物制品,2025-10-28,2024-09-30
688168,安博通,-1.07,297412515.59,7.9915928055,-21.2908,-81533262.44,-16.6982726584,22.9084,14.998248341465,-6.81,-2.884749056341,60.696267614,软件开发,2025-10-28,2024-09-30
688163,赛伦生物,0.58,173291573.09,4.3084337026,4.8447,62947540.75,23.92,-0.6269,10.295303513399,5.69,0.37875981205,78.8329802679,生物制品,2025-10-28,2024-09-30
688153,唯捷创芯,-0.08,1491862858.49,-7.3743507868,-31.1354,-32121968.96,-156.6007594358,-360.7361,9.37174909456,-0.8,-0.785887421183,24.5080950819,半导体,2025-10-28,2024-09-30
688135,利扬芯片,-0.06,360037765.37,-4.167204022,13.5958,-12198625.14,-142.05,57.2528,5.47370365561,-1.1,0.73765995341,24.5061462037,半导体,2025-10-28,2024-09-30
688129,东来技术,0.58,438892003.71,22.0819640061,12.86,65035625.83,127.53,74.4137,7.048092325704,7.32,-0.297595363251,39.129385509,化学制品,2025-10-28,2024-09-30
688128,中国电研,0.79,3159513785.45,7.2624863768,-7.6728,321429030.59,11.89,-1.429,7.591916244054,10.58,0.156963006897,33.9559396873,专用设备,2025-10-28,2024-09-30
688117,圣诺生物,0.51,337836114.63,16.0046618318,46.393,56946626.77,63.66,561.4573,8.201907791518,6.31,0.239203260179,58.9920839275,生物制品,2025-10-28,2024-09-30
688111,金山办公,2.25,3626818036.47,10.8995115585,2.1999,1039877046.95,16.41,-10.1522,23.143306860567,10.06,2.333892570125,85.1037520874,软件开发,2025-10-28,2024-09-30
688089,嘉必优,0.5,387147915.48,19.1853373067,-12.1662,83890213.15,38.86,-63.2801,9.070174744185,5.53,0.628636092625,39.7826717313,化学制品,2025-10-28,2024-09-30
688085,三友医疗,0.03,332733558.44,-7.2977493355,-3.9709,8570582.96,-87.07,82.7809,7.688493035569,0.45,0.022288397104,69.677614848,医疗器械,2025-10-28,2024-09-30
688080,映翰通,1.13,408252822.36,15.9750708367,-4.793,83367837.81,21.0,-19.3407,13.442911004884,8.73,0.880575330766,52.8248589277,通信设备,2025-10-28,2024-09-30
688078,龙软科技,0.68,214572140.02,-14.8157638685,-21.0695,49050483.24,-23.1,-42.0046,10.382886332021,6.69,-0.246528722923,58.5131261161,软件开发,2025-10-28,2024-09-30
688077,大地熊,0.25,972132973.88,-6.1789459707,-3.0877,28436586.31,182.7634836541,14.7285,9.266379570369,2.54,0.278864365724,14.5422150208,金属新材料,2025-10-28,2024-09-30
688070,纵横股份,-0.61,205318388.7,14.0305692813,117.9591,-53441970.66,-126.01,98.2494,6.30389551747,-9.23,-0.711330317082,46.659485308,航空装备Ⅱ,2025-10-28,2024-09-30
688069,德林海,0.25,300195213.52,97.4091223211,-43.2454,28197272.09,249.2457796485,-87.6119,11.975916454159,2.03,-0.233876291858,39.3316444841,环境治理,2025-10-28,2024-09-30
688056,莱伯泰科,0.53,311093406.06,3.7151661791,-10.6832,35096522.16,31.64,-8.239,12.038939308024,4.21,-0.045389828278,44.8653381175,通用设备,2025-10-28,2024-09-30
688029,南微医学,2.41,2012446160.41,15.3049676857,-4.9264,451093598.62,16.7,-15.7892,19.862437292592,12.21,2.031737427038,67.6425853377,医疗器械,2025-10-28,2024-09-30
688023,安恒信息,-3.28,1144552683.73,-5.2023013436,7.2379,-335995216.58,37.2587844326,19.7335,22.953127431668,-13.76,-3.884508288238,55.7874761797,软件开发,2025-10-28,2024-09-30
688018,乐鑫科技,1.9405,1460014787.31,42.1690636657,1.2723,251114791.88,188.08,1.7859,18.152050448897,12.91,0.816840568464,42.8054053604,半导体,2025-10-28,2024-09-30
688006,杭可科技,0.62,2671009275.97,-19.2710594545,-22.5134,375851313.76,-47.34,10.6696,8.763341955784,7.21,0.38789795571,29.9639553258,电池,2025-10-28,2024-09-30
688002,睿创微纳,1.09,3149845592.26,18.3147756913,11.1637,483395052.72,24.94,170.4937,11.058358662859,9.76,0.405232652731,51.1269958831,军工电子Ⅱ,2025-10-28,2024-09-30
605567,春雪食品,0.012,1804351889.34,-13.9271988801,0.9128,2384517.25,-88.64,314.758,5.36502628425,0.22,0.2583509332,7.1470023398,食品加工,2025-10-28,2024-09-30
605500,森林包装,0.33,1692762038.21,0.7028560858,-8.4379,135415705.22,43.79,27.1127,6.09999831028,5.43,0.045691444836,13.7561610802,造纸,2025-10-28,2024-09-30
605376,博迁新材,0.33,726920978.54,47.9573237085,21.0458,85079003.45,562.41,-21.7878,5.858138791628,5.25,0.774501644878,21.0399751589,金属新材料,2025-10-28,2024-09-30
605365,立达信,0.556,4940283052.66,-2.4053947435,25.3076,278877682.09,11.13,61.5422,7.289464344272,7.73,0.189884543527,28.6710254692,照明设备Ⅱ,2025-10-28,2024-09-30
605333,沪光股份,1.0,5531961659.67,133.7104898792,12.1404,438418542.06,2030.18,18.8928,4.487978793097,24.87,0.563704809055,17.1705927889,汽车零部件,2025-10-28,2024-09-30
605296,神农集团,0.92,4077830826.09,42.1102171159,12.1375,480257988.85,321.2,179.431,8.967411182346,10.81,1.61014223956,19.629082972,养殖业,2025-10-28,2024-09-30
605208,永茂泰,0.11,2763796592.09,10.1671971483,14.7082,35946551.75,27.34,-98.1247,6.371054715554,1.71,-0.17859504222,5.8939777597,工业金属,2025-10-28,2024-09-30
605166,聚合顺,0.74,5332990010.47,21.8254400392,-3.3984,233625960.74,55.58,-2.1061,5.789385836402,13.14,1.166752140919,8.3954774539,化学纤维,2025-10-28,2024-09-30
605162,新中港,0.22,648610254.87,-5.0524953651,-8.2556,89587819.45,5.79,-37.0666,3.051405253828,7.1,0.538212399982,27.8086554916,电力,2025-10-28,2024-09-30
605138,盛泰集团,0.07,2655851089.14,-26.1986278467,-16.6082,39791219.16,-68.81,-25.4072,4.348204868524,1.54,0.797594145731,15.5102709171,服装家纺,2025-10-28,2024-09-30
605111,新洁能,0.8,1355682156.8,22.767985309,-3.9086,332206566.5,54.59,-2.5719,9.269651794197,8.86,0.409681775544,36.5810106412,半导体,2025-10-28,2024-09-30
605090,九丰能源,2.47,17048141214.19,-12.7499543422,17.1546,1534608257.28,35.69,-31.4869,13.745457990405,18.08,1.281635625759,10.1146580665,燃气Ⅱ,2025-10-28,2024-09-30
605060,联德股份,0.61,851341102.57,-8.2906155043,-4.9162,146274905.66,-28.47,5.8082,9.466020370215,6.46,0.73053156279,36.3145192681,通用设备,2025-10-28,2024-09-30
605018,长华集团,0.19,1658460837.11,3.6255670965,-11.5354,89976162.47,57.66,64.5958,5.733646627787,3.3,0.738492249162,12.9224243994,汽车零部件,2025-10-28,2024-09-30
605009,豪悦护理,1.35,2041141698.02,-1.617564997,8.1221,294449917.92,-5.06,-7.2462,20.573656280972,8.64,1.61261450639,28.3164218976,个护用品,2025-10-28,2024-09-30
605005,合兴股份,0.49,1214804794.09,4.31262099,-6.9146,196540897.25,23.5,-7.6135,4.699593944738,10.74,0.751116923541,33.941664002,汽车零部件,2025-10-28,2024-09-30
603995,甬金股份,1.55,30941062304.04,12.1841947475,-3.1622,583908333.15,85.12,-48.8939,14.675811192503,10.74,1.204127986029,5.7418716855,特钢Ⅱ,2025-10-28,2024-09-30
603987,康德莱,0.37,1705098451.3,-9.0474215799,5.2651,165038407.93,-11.6,34.4009,5.680452342823,6.67,0.451166846628,31.2956202067,医疗器械,2025-10-28,2024-09-30
603979,金诚信,1.78,6970609088.44,31.2346884874,17.295,1093133679.07,53.96,41.7052,13.3069681334,13.92,2.184279727768,32.5238910724,工业金属,2025-10-28,2024-09-30
603967,中创物流,0.58,9151657324.04,69.8501134468,12.9605,200471242.03,7.96,-2.5685,6.634285191387,8.73,0.913301850933,5.0316261424,物流,2025-10-28,2024-09-30
603958,哈森股份,-0.189,567611811.98,-0.9223909414,-22.4461,-41434668.79,-8406.0558818774,-76.3295,3.473565840217,-5.29,-0.060197167123,53.4141109101,服装家纺,2025-10-28,2024-09-30
603949,雪龙集团,0.21,268083733.07,-4.4387171691,-17.8059,44574417.25,-15.97,-14.6695,4.756638675431,4.42,0.202675280202,32.3788404637,汽车零部件,2025-10-28,2024-09-30
603926,铁流股份,0.34,1756726691.09,8.9710796299,-9.8056,77768203.6,-1.99,-31.7364,7.06424890798,4.69,0.201379310885,17.9033334004,汽车零部件,2025-10-28,2024-09-30
603893,瑞芯微,0.84,2159606597.14,48.4738861633,29.1244,351709019.93,354.9,46.7455,8.059005267979,10.92,2.035218432645,36.5149513325,半导体,2025-10-28,2024-09-30
603889,新澳股份,0.52,3871374868.1,10.2754104213,-9.7246,370081223.34,5.41,-38.9288,4.58166004227,11.32,0.364014643319,19.3847355342,纺织制造,2025-10-28,2024-09-30
603888,新华网,0.3002,1210380527.98,-0.9742248873,-9.2409,155821797.25,6.1,-58.7979,6.696782283761,4.44,-0.085899368467,36.3401051869,数字媒体,2025-10-28,2024-09-30
603871,嘉友国际,0.8,6544252179.84,28.2968141846,-28.0413,1088602719.78,44.23,-27.1796,5.745149318879,20.54,0.932533971936,21.7400566494,物流,2025-10-28,2024-09-30
603868,飞科电器,1.07,3321008578.93,-16.8505861241,-12.4295,464596971.58,-43.82,10.0913,6.976120191322,14.29,0.733606445018,56.0038821285,小家电,2025-10-28,2024-09-30
603859,能科科技,0.48,1036256584.47,-4.4781898459,11.1091,117621059.17,-28.89,-34.5691,11.499702372684,4.12,1.100167277215,48.6075206265,IT服务Ⅱ,2025-10-28,2024-09-30
603836,海程邦达,0.41,7568952956.83,68.4769894853,20.0745,82067099.93,-3.56,-73.0507,8.804070422858,4.58,-1.190159717018,6.2270567694,物流,2025-10-28,2024-09-30
603816,顾家家居,1.65,13801422776.45,-2.365461326,7.3474,1358639495.4,-9.49,-2.8161,11.90188283892,13.26,1.897141107074,31.7003683074,家居用品,2025-10-28,2024-09-30
603811,诚意药业,0.36,520542330.59,13.2875861666,-18.733,117073573.87,2.74,-7.2463,3.800601194509,9.58,0.320754297835,69.0148255038,化学制药,2025-10-28,2024-09-30
603786,科博达,1.4072,4290786909.91,34.3546750535,15.4818,565891432.24,33.24,54.0874,12.556394118032,11.47,1.112945190167,29.1689443225,汽车零部件,2025-10-28,2024-09-30
603703,盛洋科技,0.02,567570236.89,10.3438839988,13.9262,6721043.07,-17.93,12.4127,2.059770815258,0.79,-0.18919590738,24.7246336469,光学光电子,2025-10-28,2024-09-30
603679,华体科技,-0.1912,288685329.54,-42.1927075653,23.6986,-31200328.74,-153.8325869508,17.6036,5.044632585369,-3.55,-0.394521604202,25.1024741595,光学光电子,2025-10-28,2024-09-30
603667,五洲新春,0.27,2472924038.44,-1.7554469241,-26.3767,98232963.18,-19.98,-37.7413,8.014157023807,3.36,0.370926998271,17.1242194074,通用设备,2025-10-28,2024-09-30
603659,璞泰来,0.58,9840019484.79,-15.8075187744,6.4083,1238510973.21,-23.97,-7.829,8.63060162911,6.7,0.503244681933,29.0917354247,电池,2025-10-28,2024-09-30
603655,朗博科技,0.182,164009843.29,20.2109480252,9.0595,19257832.97,68.21,4.4001,5.084102823774,3.5,0.09813918717,34.6209941556,汽车零部件,2025-10-28,2024-09-30
603650,彤程新材,0.73,2424952336.85,10.4490386687,6.8865,438576763.63,25.31,-25.6452,5.499299250535,12.87,0.516457010051,25.4401750276,橡胶,2025-10-28,2024-09-30
603607,京华激光,0.4,630492812.77,29.6893515555,31.2132,71400699.26,22.64,63.5727,5.756733147693,6.83,0.360209952901,28.3119070154,包装印刷,2025-10-28,2024-09-30
603600,永艺股份,0.68,3389890021.11,35.5825337496,11.9014,224830855.09,6.46,17.7495,6.598047699039,10.23,0.235779644632,22.6835551915,家居用品,2025-10-28,2024-09-30
603599,广信股份,0.63,3489513084.25,-31.4566785126,12.2275,574181253.05,-56.61,-13.3677,10.422884995331,5.96,0.572162796112,31.0127014378,农化制品,2025-10-28,2024-09-30
603567,珍宝岛,0.4233,2029396710.78,-1.0870727584,-32.5169,397733293.18,83.22,-95.5972,8.237837228871,5.13,-0.182516333733,53.1012513261,中药Ⅱ,2025-10-28,2024-09-30
603558,健盛集团,0.72,1923555680.63,15.9704482275,21.7369,263195019.77,31.22,16.7768,6.643421836953,10.65,0.607742963645,28.7352271986,纺织制造,2025-10-28,2024-09-30
603556,海兴电力,1.63,3409583709.51,18.6902394677,-14.6531,791436965.87,18.34,-19.1253,14.076768263539,12.89,1.403686928511,45.9672868453,电网设备,2025-10-28,2024-09-30
603551,奥普科技,0.49,1288519607.5,-6.0250254009,-11.4376,186455838.68,-8.72,-11.2065,3.362812702766,11.71,0.158236348929,45.2384543283,厨卫电器,2025-10-28,2024-09-30
603538,美诺华,0.29,949078888.15,2.2126541757,-1.1342,63250382.67,15.97,804.3917,9.615960675242,2.96,0.329123474666,31.8772583288,化学制药,2025-10-28,2024-09-30
603527,众源新材,0.29,6647588756.68,20.3121312124,12.3756,91670516.92,2.83,-42.8743,6.229669123662,4.68,-1.865680834852,3.2676886444,工业金属,2025-10-28,2024-09-30
603519,立霸股份,0.42,1227659051.37,15.5624042744,-3.4136,110352748.28,-82.06,-23.0815,4.829463273271,7.99,-0.062971561039,13.2159315169,家电零部件Ⅱ,2025-10-28,2024-09-30
603496,恒为科技,0.2506,880937648.29,76.764795946,-34.8985,78278193.45,145.87,-79.1337,4.403347390975,5.65,-0.378183958575,31.88360976,计算机设备,2025-10-28,2024-09-30
603466,风语筑,-0.2,958320544.84,-47.9436521629,34.0112,-117122453.45,-156.06,114.4027,3.683695771525,-4.95,-0.338884785655,21.9263838453,数字媒体,2025-10-28,2024-09-30
603439,三力制药,0.47,1447114245.43,49.2631743965,5.758,194132141.59,22.89,26.3239,3.910828311578,12.54,0.217084477088,69.2761708204,中药Ⅱ,2025-10-28,2024-09-30
603421,鼎信通讯,-0.04,2254289197.03,3.5244885181,-15.5356,-28436940.22,-152.84,-63.9386,5.137964308944,-0.84,0.043277692965,39.0398003317,通信设备,2025-10-28,2024-09-30
603409,汇通控股,1.28,715953013.01,41.7928933352,8.544,121375162.12,11.8470258361,-17.7156,,,,30.569709811,汽车零部件,2025-10-28,2024-09-30
603400,华之杰,1.36,841021683.32,,1.5084,101840013.55,,-26.304,,,,26.7850661175,通用设备,2025-10-28,2024-09-30
603396,金辰股份,0.5,1899136664.93,9.9129669371,11.7998,68269354.91,-8.5,-18.4736,18.465780549409,2.81,-1.134273998056,26.3745753552,光伏设备,2025-10-28,2024-09-30
603395,红四方,0.75,2665734815.31,-11.4116999528,-42.9647,111852181.6,-15.88,-53.353,6.919385084333,11.39,0.283763979133,12.3223582846,农化制品,2025-10-28,2024-09-30
603383,顶点软件,0.5,420634823.55,-7.9992141644,19.0935,101235176.89,-15.6,61.0265,6.876491441812,6.92,-0.606461284404,70.5812502575,软件开发,2025-10-28,2024-09-30
603381,永臻股份,0.9024,5734511212.84,47.0710251748,7.1466,178411655.89,-29.35,-98.3266,15.430203102066,6.58,-14.235681467098,5.2025938457,光伏设备,2025-10-28,2024-09-30
603379,三美股份,0.92,3039417670.19,16.4994669664,-7.6417,560872602.87,135.63,-22.767,10.195687167748,9.19,0.518378466041,28.2771467156,化学制品,2025-10-28,2024-09-30
603375,盛景微,0.19,343633410.69,-36.4235656144,-18.6331,19022574.79,-84.1,-13.1618,15.58850959325,1.28,-1.20540450028,35.3566443833,半导体,2025-10-28,2024-09-30
603370,华新精科,0.85,986514255.77,,8.7853,111161845.86,,-36.3799,,,,21.1194885316,电机Ⅱ,2025-10-28,2024-09-30
603366,日出东方,0.0834,3269424899.75,-6.2830946759,-17.8662,67264172.37,-60.4,-90.2599,4.910164967612,1.68,-0.09904225372,27.7720108307,厨卫电器,2025-10-28,2024-09-30
603363,傲农生物,-0.94,6925141428.12,-54.3697800325,0.9612,-818989156.63,36.5069529874,-12.4992,-2.090287249024,,0.178521710561,4.0403526846,饲料,2025-10-28,2024-09-30
603350,安乃达,0.88,1190992767.64,2.8968047848,1.3005,84965951.4,-20.23,-75.39,11.443790016379,11.02,-0.367622556034,17.6860748086,电机Ⅱ,2025-10-28,2024-09-30
603339,四方科技,0.6,1438154787.67,-12.1445052607,-23.619,184473073.95,-25.69,-36.307,8.139476822792,7.25,-0.392459050222,24.3649307602,通用设备,2025-10-28,2024-09-30
603337,杰克科技,1.31,4706210014.05,14.7873568617,-8.3791,619390072.05,50.2,-11.3921,9.402850256021,13.99,1.916141870838,32.2183502851,专用设备,2025-10-28,2024-09-30
603335,迪生力,-0.16,814172698.28,-41.4825720857,-1.3055,-69277741.18,22.7996155984,-172.0291,0.794662670906,-18.87,0.198315236535,13.1630634184,汽车零部件,2025-10-28,2024-09-30
603332,苏州龙杰,0.27,1258793290.23,15.2211752435,12.0412,58145591.29,520.0498907857,55.6311,5.854807556635,4.62,-0.565550076769,9.2960525122,化学纤维,2025-10-28,2024-09-30
603325,博隆技术,2.1775,581326469.9,-23.5158496752,-5.4122,169371069.44,-4.45,0.4463,35.055477296685,7.78,6.678948101695,34.305184547,专用设备,2025-10-28,2024-09-30
603299,苏盐井神,0.845,4046811763.72,-3.3049172766,-15.1688,655448034.58,20.58,-31.667,7.569102437184,10.91,1.317918660903,36.9165868604,化学原料,2025-10-28,2024-09-30
603296,华勤技术,2.02,76009921642.9,17.1458114304,58.0263,2049748902.21,3.31,10.6347,21.278920308517,9.63,1.121562920081,9.7238402221,消费电子,2025-10-28,2024-09-30
603289,泰瑞机器,0.15,861987720.81,10.9960468363,-11.6414,43887764.27,-47.01,-102.517,4.722934380461,3.13,0.272006934068,29.539905376,专用设备,2025-10-28,2024-09-30
603281,江瀚新材,1.22,1704194354.8,-2.6936925067,-9.8241,457215472.04,-14.46,-8.0791,12.886006355436,9.14,1.058265788369,34.1224902167,化学制品,2025-10-28,2024-09-30
603275,众辰科技,1.08,493718703.15,5.4150961056,-0.3739,161033434.67,7.78,-4.915,18.531525112368,5.89,0.371961220608,41.2184544624,自动化设备,2025-10-28,2024-09-30
603273,天元智能,0.12,445119376.45,-27.1255078081,-44.8652,26121936.73,-42.46,-79.4752,4.00653129431,3.03,-0.610278400231,13.6039634318,工程机械,2025-10-28,2024-09-30
603268,松发股份,0.6,3486802437.13,2142.1673134169,-191.3884,74171143.58,216.8753909865,-977.0801,0.119991576145,12.63,-17.13310394004,12.7082984471,航海装备Ⅱ,2025-10-28,2024-09-30
603221,爱丽家居,0.38,933245014.81,18.2847393545,9.4656,93562114.61,196.83,-41.9912,6.313230605855,6.19,0.796046656636,23.2680453626,家居用品,2025-10-28,2024-09-30
603219,富佳股份,0.26,1858473291.71,-2.2269088748,41.5136,144923975.97,-25.62,-35.1025,2.766636398913,9.07,0.270786922711,17.064876102,小家电,2025-10-28,2024-09-30
603214,爱婴室,0.3441,2468120054.5,1.9451783963,-12.8346,47888969.19,2.04,-84.8738,7.9208941577,4.26,1.506708761719,26.0657134331,专业连锁Ⅱ,2025-10-28,2024-09-30
603196,璞源材料,-0.1698,624826509.51,-10.5984395597,2.5179,-40536042.42,-295.2,33.2484,3.174559527632,-5.19,-0.130727927929,58.4238550628,服装家纺,2025-10-28,2024-09-30
603183,建研院,0.05,576005251.02,6.8473364181,7.974,24673743.18,-20.1,-62.8247,3.148072621193,1.57,0.003292137297,47.1942311305,专业服务,2025-10-28,2024-09-30
603182,嘉华股份,0.46,1106258704.92,-11.9318464563,-16.2438,76465591.07,-10.91,-29.6578,6.331604928775,7.36,0.876284136737,12.2995537612,农产品加工,2025-10-28,2024-09-30
603153,上海建科,0.19,3005233177.12,19.2176882982,7.1628,78121318.72,9.27,16.8955,8.250267456947,1.95,-1.093921479415,28.557827056,工程咨询服务Ⅱ,2025-10-28,2024-09-30
603151,邦基科技,0.2541,1624395865.36,41.2246817603,50.995,42696436.01,-37.09,522.4845,7.357282356726,3.45,-1.101780406488,9.3835415529,饲料,2025-10-28,2024-09-30
603130,云中马,0.49,1842410569.22,7.7448636018,-7.1317,67212133.63,-26.05,-42.2178,9.427642819578,5.09,-1.106478577703,9.8708070703,纺织制造,2025-10-28,2024-09-30
603120,肯特催化,0.81,426955039.33,,-20.7547,54840513.87,,-41.843,,,,26.2089094382,化学制品,2025-10-28,2024-09-30
603112,华翔股份,0.79,2787302989.69,18.4461919578,-13.2869,341183564.48,21.18,-12.1456,6.976164052624,11.64,0.748416850629,22.1691645715,家电零部件Ⅱ,2025-10-28,2024-09-30
603095,越剑智能,0.2801,903314814.66,62.0785337154,-3.1689,72261969.9,6.81,-3.2849,13.179787884632,2.9,0.612893330249,13.8606174866,专用设备,2025-10-28,2024-09-30
603082,北自科技,0.77,1452606246.55,5.6233663497,4.6837,121776610.46,1.8,68.0086,9.364443873689,8.57,0.66792878001,17.6213811002,自动化设备,2025-10-28,2024-09-30
603073,彩蝶实业,0.57,557067802.97,8.0151268349,-8.9203,65995645.24,-20.14,-81.0189,11.357524457759,5.06,0.619317425948,26.8267593466,化学纤维,2025-10-28,2024-09-30
603067,振华股份,0.72,2993587430.81,8.7537434755,-3.2276,363871841.94,25.97,-20.9806,5.984121730959,12.43,0.310383259753,25.4721186123,化学原料,2025-10-28,2024-09-30
603063,禾望电气,0.57,2311541742.13,-11.6074844285,11.6281,253317192.62,-36.91,-0.8972,9.258604561033,6.32,-0.090209943811,37.4750732817,风电设备,2025-10-28,2024-09-30
603059,倍加洁,0.42,942426304.08,23.0881129811,-3.6009,41752356.09,-29.35,-39.3703,11.121583575696,3.29,1.075796461179,24.7271106824,个护用品,2025-10-28,2024-09-30
603040,新坐标,1.21,496632773.16,17.5667716115,-9.5698,161705527.19,19.92,-19.7206,9.768584653934,12.39,1.441107032276,52.4509680931,汽车零部件,2025-10-28,2024-09-30
603035,常熟汽饰,1.01,3735714533.77,21.4805467308,3.7966,385449478.0,0.35,-14.99,13.820741490535,7.37,0.550349752319,17.6705780726,汽车零部件,2025-10-28,2024-09-30
603017,中衡设计,0.2437,919028962.23,-21.2046028898,-25.2456,66867951.68,-28.82,-110.1934,5.441014520979,4.51,0.284274903514,26.3474577463,工程咨询服务Ⅱ,2025-10-28,2024-09-30
603015,弘讯科技,0.12,645273903.0,22.7994690994,-15.54,49440893.93,47.88,-29.2615,3.324679624832,3.62,0.113052427818,34.7866098623,自动化设备,2025-10-28,2024-09-30
603005,晶方科技,0.28,829692948.58,21.7071573565,0.0858,184463097.19,66.68,22.3002,6.476450862221,4.39,0.354307143662,43.6013851436,半导体,2025-10-28,2024-09-30
601975,招商南油,0.344,5008074591.48,7.7627867701,-12.3532,1655863570.78,37.62,-20.6891,2.181544065822,17.08,0.43382240405,34.5790806813,航运港口,2025-10-28,2024-09-30
601966,玲珑轮胎,1.17,15948891839.0,9.7653833259,4.3949,1711795168.0,78.39,62.3862,14.836489984257,7.94,0.953417210746,24.3524943313,汽车零部件,2025-10-28,2024-09-30
601965,中国汽研,0.67,3059250552.55,18.5810399425,-8.0935,658609499.49,18.77,13.2178,6.823642902642,9.88,-0.145428765316,41.6898293713,专业服务,2025-10-28,2024-09-30
601921,浙版传媒,0.2,7093706809.8,-8.8507959237,-26.421,433489320.54,-49.58,-118.4134,5.820246958033,3.19,-0.023302136728,25.484097264,出版,2025-10-28,2024-09-30
601898,中煤能源,1.1,140412180000.0,-10.1123386911,-0.3384,14614069000.0,-12.4,0.1661,11.275290200829,9.95,1.94263659918,25.1806524192,煤炭开采,2025-10-28,2024-09-30
601890,亚星锚链,0.2013,1466058421.22,-1.6199714696,8.7405,193167524.92,9.9,-23.0667,3.699987898958,5.4,0.019695049114,28.4193137592,航海装备Ⅱ,2025-10-28,2024-09-30
601865,福莱特,0.55,14603886927.79,-8.063502774,-21.373,1295646909.93,-34.18,-127.4756,9.304705964061,5.8,1.287637633396,19.0177267695,光伏设备,2025-10-28,2024-09-30
601789,宁波建工,0.1898,14393943582.97,-5.0526085557,0.3511,219573213.14,-7.32,27.03,4.041078469636,4.72,-1.634649958223,9.5498277362,房屋建设Ⅱ,2025-10-28,2024-09-30
601717,中创智领,1.721,27856493759.81,2.1856220491,-4.0961,3058686770.04,23.97,-19.8507,12.321516140857,14.28,1.318348513378,24.0247835337,专用设备,2025-10-28,2024-09-30
601702,华峰铝业,0.87,7678166641.27,14.7019857953,6.692,867626179.9,30.81,1.4019,5.19171634708,17.82,0.672997398377,16.5545688207,工业金属,2025-10-28,2024-09-30
601600,中国铝业,0.525,173779231000.0,-7.7626825121,2.1017,9011452000.0,68.46,-58.2068,3.875514945145,14.09,1.376183219151,15.230259593,工业金属,2025-10-28,2024-09-30
601598,中国外运,0.3891,85872282099.44,17.9301253504,-8.0312,2825229326.0,-10.41,-22.9492,5.278199382067,7.28,0.056926792305,4.8761100818,物流,2025-10-28,2024-09-30
601568,北元化工,0.06,7505223405.77,-10.2397113551,-8.785,239835917.55,-44.24,-12.8694,2.932435378842,2.04,0.246004914558,12.8020044759,化学原料,2025-10-28,2024-09-30
601388,怡球资源,0.0351,5040495649.71,-1.8579989612,8.1002,77267934.21,-37.73,-78.0872,2.047571315967,1.75,-0.225312790926,5.8308863875,工业金属,2025-10-28,2024-09-30
601101,昊华能源,0.78,6843621874.98,11.8206398994,-9.1668,1119287048.27,10.74,-36.037,8.370472097958,9.64,2.41266767771,48.0121746005,煤炭开采,2025-10-28,2024-09-30
601100,恒立液压,1.34,6935751382.64,9.3214687202,-14.9124,1791436542.03,2.16,-26.591,11.238112806359,12.16,0.984167810396,41.4569829697,工程机械,2025-10-28,2024-09-30
601096,宏盛华源,0.0667,7577878901.43,15.1731790413,-6.5607,178507445.26,100.58,30.3425,1.625257263627,4.15,0.156411744981,9.1118391175,专业工程,2025-10-28,2024-09-30
601061,中信金属,0.35,95056545245.02,0.2923975499,-17.6671,1716854523.25,9.17,-35.859,4.284374965349,8.62,-0.482359364688,0.8931566872,贸易Ⅱ,2025-10-28,2024-09-30
601009,南京银行,1.59,38558036000.0,8.0294362708,-4.2917,16662639000.0,9.02,-13.9229,14.080150191425,11.31,-7.105866347594,,银行Ⅱ,2025-10-28,2024-09-30
601001,晋控煤业,1.29,11233627002.63,-0.1901789808,3.601,2150943335.81,-0.62,8.8835,10.800414084579,12.3,2.189197659204,46.0045953951,煤炭开采,2025-10-28,2024-09-30
600998,九州通,0.34,113429051065.03,-0.8177459578,-1.2005,1696187348.23,-6.99,-27.0783,4.889849998135,7.07,-0.527087758658,7.9638121276,医药商业,2025-10-28,2024-09-30
600967,内蒙一机,0.214,7107313267.9,-9.3765209559,-7.3592,363693396.48,-38.12,4.2411,6.768311886054,3.15,-2.264262111631,11.5596256289,地面兵装Ⅱ,2025-10-28,2024-09-30
600965,*ST福成,0.04,708098129.24,-15.4682319223,9.1776,28937063.49,-78.76,-123.799,2.601774156413,1.351,0.108880586453,25.9318133402,养殖业,2025-10-28,2024-09-30
600961,株冶集团,0.49,14388254230.7,-2.8235422726,14.8759,581723840.54,9.55,-0.5101,2.498746064341,21.74,0.875245764017,9.1065502073,工业金属,2025-10-28,2024-09-30
600903,贵州燃气,0.11,4855606264.9,8.8872986405,-8.147,123516669.29,-28.04,-164.6847,2.673535734733,3.93,0.33941947036,15.9629458701,燃气Ⅱ,2025-10-28,2024-09-30
600867,通化东宝,-0.03,1447720331.65,-30.7805914922,376.165,-66372427.8,-108.73,136.8666,3.242487082245,-0.96,0.113618914921,74.4676467624,生物制品,2025-10-28,2024-09-30
600866,星湖科技,0.4076,12789582475.03,0.4787773883,0.3827,677220376.32,38.38,-32.8384,4.590613008791,8.88,1.127661299318,15.7185995099,化学制品,2025-10-28,2024-09-30
600853,龙建股份,0.23,11169121393.94,4.4558988156,100.3058,234513504.42,37.19,164.0587,2.97330282988,7.98,-0.229977772705,13.2184986838,基础建设,2025-10-28,2024-09-30
600845,宝信软件,0.68,9756533663.8,10.6401480171,-10.075,1930289552.93,3.16,-19.1203,3.866010651968,17.41,0.68842174777,36.0569340636,IT服务Ⅱ,2025-10-28,2024-09-30
600838,上海九百,0.0689,66090905.12,2.9666350254,-8.5022,27622099.33,-38.65,-71.459,3.837303960314,1.88,-0.016191608872,18.9475458647,一般零售,2025-10-28,2024-09-30
600828,茂业商业,0.0888,2125841260.06,-12.7546076865,-26.4912,153885214.51,-17.31,-98.0976,4.109013219698,2.19,0.459804577944,64.3727812241,一般零售,2025-10-28,2024-09-30
600826,兰生股份,0.28,931590876.5,-3.2931077254,-17.3358,202384932.38,-16.53,37.4394,5.33258709461,5.19,0.267835080627,31.2308995396,专业服务,2025-10-28,2024-09-30
600824,益民集团,0.034,711502067.25,-15.3173041671,-23.4894,35839293.54,-52.71,-166.9601,2.288585389258,1.49,0.067626028596,39.4350246352,一般零售,2025-10-28,2024-09-30
600818,ST中路,0.009,791110826.2,8.1414031671,-14.3071,2876730.09,-69.53,-95.2157,1.903867052456,0.47,-0.035474312339,15.4851074581,摩托车及其他,2025-10-28,2024-09-30
600802,福建水泥,-0.366,1117177219.53,-25.2639781335,9.967,-167665011.9,26.33,-213.9455,2.392966091491,-14.83,-0.174494556359,-5.9611485838,水泥,2025-10-28,2024-09-30
600795,国电电力,0.515,133862463550.04,-2.7939201802,19.2713,9190803578.88,63.41,-49.8197,3.218699676792,17.263,2.077462934187,14.7815932372,电力,2025-10-28,2024-09-30
600794,保税科技,0.15,714502339.18,-40.4352590833,-31.1151,183659166.84,-7.73,-36.037,2.126821652003,7.1,0.767164395864,45.5843703358,物流,2025-10-28,2024-09-30
600792,云煤能源,-0.29,5142322611.19,-6.5438168043,-8.1617,-310957484.4,-232.52,28.826,3.042357222596,-9.09,0.044459717957,-0.1663984525,焦炭Ⅱ,2025-10-28,2024-09-30
600769,祥龙电业,0.0308,58667767.06,13.9636436569,-3.177,11542174.87,12.78,-1.9769,0.271199478502,12.03,0.118464503282,30.3127089732,环境治理,2025-10-28,2024-09-30
600768,宁波富邦,0.03,768819912.85,239.1467406142,-12.9481,4046854.51,-767.96,-3225.7304,3.019554261697,0.9,-0.180955925283,8.1816132593,工业金属,2025-10-28,2024-09-30
600763,通策医疗,1.11,2233126548.77,2.2099499464,17.149,497775111.17,-2.63,37.9673,9.225448254222,12.44,1.446693749985,41.8164370534,医疗服务,2025-10-28,2024-09-30
600761,安徽合力,1.53,13461491838.73,2.5086472508,-6.4554,1178647457.55,11.63,-27.929,11.482746759879,13.34,0.524103247001,23.2878789441,工程机械,2025-10-28,2024-09-30
600753,ST海钦,-0.313,235043371.99,-51.4551824911,-42.9442,-72038780.14,-121.6814474603,-104.8081,0.691043701526,-36.09,-0.080122134319,0.1158988989,物流,2025-10-28,2024-09-30
600749,西藏旅游,0.0883,169800140.56,-3.2216388105,13.4762,20043944.52,-18.3,31.3516,4.623744652101,1.9448,0.257376909903,36.2243450666,旅游及景区,2025-10-28,2024-09-30
600746,江苏索普,0.1792,4944551794.64,26.2296039953,3.5606,207128798.2,239.711259328,-1.6449,4.61225413864,3.91,0.3047201086,10.8786776084,化学原料,2025-10-28,2024-09-30
600740,山西焦化,0.0986,5452120243.13,-16.339389085,-29.0018,252694310.29,-80.27,-41.8426,5.991867797822,1.66,-0.66677033174,-18.9858307233,焦炭Ⅱ,2025-10-28,2024-09-30
600734,*ST实达,0.0168,63494371.28,-69.4479311052,3.8219,36546429.36,98.3,-122.7694,0.196854494303,8.9021,-0.036875868298,45.8343639181,IT服务Ⅱ,2025-10-28,2024-09-30
600721,百花医药,0.0627,290630947.61,9.3774089025,-10.5294,23953244.2,35.39,-35.3071,1.931543431917,3.34,0.156668587677,46.465076944,医疗服务,2025-10-28,2024-09-30
600704,物产中大,0.44,441971740529.55,0.7653371468,-8.3324,2331672236.45,-14.54,1.6786,7.045653528793,6.32,-0.245934762167,2.1524157843,物流,2025-10-28,2024-09-30
600679,上海凤凰,0.0974,1832713237.27,42.9627183542,0.2067,50164349.14,52.15,-21.6209,4.338031162591,2.2972,0.316927411826,14.2357183543,摩托车及其他,2025-10-28,2024-09-30
600673,东阳光,0.106,8878636431.44,9.512507852,-9.9581,312457382.21,241.04,-32.6077,3.014593252861,3.13,0.118449338116,14.0060402857,综合Ⅱ,2025-10-28,2024-09-30
600633,浙数文化,0.38,2169072562.55,-5.2017265205,2.9986,474705874.56,-31.38,581.8029,7.915470992738,4.73,-0.143807455799,59.6821534609,游戏Ⅱ,2025-10-28,2024-09-30
600618,氯碱化工,0.5245,6008730831.74,13.9487780683,16.3618,606554810.19,36.06,56.0399,7.327610442384,7.2687,0.633500676932,17.6268331659,化学原料,2025-10-28,2024-09-30
600610,中毅达,-0.0141,810869933.65,-10.2745747744,-12.1752,-15082072.63,70.0075280265,112.1397,0.060468481916,-52.6,0.13050037135,8.1762787654,化学原料,2025-10-28,2024-09-30
600600,青岛啤酒,3.667,28959288497.0,-6.5167416858,-10.3578,4989889602.0,1.67,-34.0525,21.842362530178,17.17,4.567309222399,41.7621034897,非白酒,2025-10-28,2024-09-30
600595,中孚实业,0.18,16732989259.85,22.6533073724,-1.2564,727279535.07,-8.37,-28.9902,3.62267094739,5.16,0.194184687478,11.0534641386,工业金属,2025-10-28,2024-09-30
600592,龙溪股份,0.4145,1371357770.21,-2.8281139599,3.6452,165606840.89,-0.27,247.6246,6.316499029163,6.49,-0.068918621829,25.0035831756,通用设备,2025-10-28,2024-09-30
600579,中化装备,-2.17,6980056153.34,-15.1154339373,11.2923,-1078753426.24,13.4342244407,-143.8338,-1.149107282976,,-0.658112498434,18.2524029131,专用设备,2025-10-28,2024-09-30
600566,济川药业,2.07,5805134511.2,-11.192546295,8.5106,1902829554.86,-2.13,14.4982,15.266501388884,13.69,1.887278775372,79.2576277778,中药Ⅱ,2025-10-28,2024-09-30
600561,江西长运,-0.01,1100827652.81,-3.3426982675,-1.698,-1451602.75,96.4774989575,-106.2561,3.193917327986,-0.16,0.705324019709,-4.7570888582,铁路公路,2025-10-28,2024-09-30
600560,金自天正,0.17,482628022.22,-27.7318324982,30.3326,38227263.7,1.58,198.2561,4.155392688697,4.05,-0.394323235165,25.3367966965,专用设备,2025-10-28,2024-09-30
600550,保变电气,0.046,3172980176.29,54.851796387,10.1667,84398754.98,216.0236308468,197.8006,0.32025758483,15.39,-0.328969238195,16.2159051032,电网设备,2025-10-28,2024-09-30
600522,中天科技,0.68,34318802266.97,4.7878387958,-2.0776,2310874703.63,-13.12,3.3273,10.214357535832,6.73,-0.123027335529,15.818348143,通信设备,2025-10-28,2024-09-30
600508,上海能源,0.87,7233532303.02,-14.8792639896,-6.1346,625678804.35,-52.9,-8.7637,17.828275566182,4.91,1.148050781882,22.9240577767,煤炭开采,2025-10-28,2024-09-30
600505,西昌电力,0.0136,1052025338.35,1.8673546687,17.9058,4950432.45,115.21,329.2477,3.33467487442,0.41,0.564613913391,19.3847393609,电力,2025-10-28,2024-09-30
600490,鹏欣资源,-0.0529,3255854380.73,-21.7566318213,159.6317,-117039791.26,-169.0750966305,8.5891,2.712167227092,-1.93,-0.211395037306,3.5794304285,工业金属,2025-10-28,2024-09-30
600487,亨通光电,0.94,42399340197.21,20.7908654279,6.4437,2314805476.78,28.32,-35.6452,11.472621194165,8.58,0.178653591929,15.1478316095,通信设备,2025-10-28,2024-09-30
600486,扬农化工,2.524,8015697859.55,-13.5651423279,-8.1642,1025830055.54,-24.61,-21.3374,25.510387849408,10.21,7.630923601674,24.022254299,农化制品,2025-10-28,2024-09-30
600480,凌云股份,0.42,13347813225.4,-0.4232538929,-4.9247,500775272.53,13.23,-42.7988,7.854315961204,6.92,1.136497561862,17.435090916,汽车零部件,2025-10-28,2024-09-30
600461,洪城环境,0.76,5642894776.23,-1.2249142939,-5.4032,921821380.3,3.82,12.7722,7.016362104208,10.82,1.080973110866,33.9033303646,环境治理,2025-10-28,2024-09-30
600456,宝钛股份,1.0812,5508546734.64,-1.8301857026,-6.5707,516567746.33,-5.97,-53.3796,14.424228764697,7.6588,1.371995818016,21.4480041901,小金属,2025-10-28,2024-09-30
600395,盘江股份,0.016,6448710436.17,-15.3602939825,14.6013,35185949.97,-95.45,-113.0965,5.151938479704,0.299,-0.057754624372,25.3552603158,煤炭开采,2025-10-28,2024-09-30
600389,江山股份,0.4,4292934648.2,19.165306218,-28.8144,171516414.72,-33.14,-99.1832,8.740096499756,4.6271,0.287462893115,13.6012142611,农化制品,2025-10-28,2024-09-30
600361,创新新材,0.1845,59535616189.19,11.3378943355,-0.7281,790614316.56,10.06,-28.4943,2.574900199775,7.64,-0.167781482641,3.6391626442,工业金属,2025-10-28,2024-09-30
600346,恒力石化,0.73,177856562954.6,2.7111763616,20.4438,5104620569.38,-10.45,-42.1352,8.712972849636,8.44,2.857893118389,10.3596219269,炼化及贸易,2025-10-28,2024-09-30
600338,西藏珠峰,0.2398,1179949187.01,-10.0524910982,5.7974,219218277.11,195.41,-40.2153,4.033822685201,6.38,0.11583580138,46.2842759444,工业金属,2025-10-28,2024-09-30
600330,天通股份,0.101,2560752956.64,-11.3429167978,37.1471,124211663.69,-55.5,31.3508,6.497569985318,1.53,-0.032733415532,20.7234254493,电子化学品Ⅱ,2025-10-28,2024-09-30
600327,大东方,0.094,2762037575.38,2.8894677482,-4.3487,83219172.82,-23.08,-119.6275,3.714579302942,2.54,0.106816608011,14.9066264956,一般零售,2025-10-28,2024-09-30
600315,上海家化,0.24,4476514757.22,-12.0743057598,-18.3361,162702785.5,-58.72,-313.6273,11.459955985991,2.1,0.398420729082,59.4144483911,化妆品,2025-10-28,2024-09-30
600288,大恒科技,-0.0147,1146185212.03,-26.3630885286,-27.7632,-6413842.21,-107.51,-70.5196,4.260991023512,-0.34,-0.163196705609,36.1784976998,软件开发,2025-10-28,2024-09-30
600276,恒瑞医药,0.73,20189303845.1,18.6654539013,-13.3448,4619575874.29,32.98,-42.4173,6.861246781514,10.88,0.718834358754,85.9669124828,化学制药,2025-10-28,2024-09-30
600269,赣粤高速,0.49,4560464993.63,-12.6895327541,-19.3383,1152044499.42,6.25,122.0865,7.93637629531,6.35,0.845001303653,41.486165406,铁路公路,2025-10-28,2024-09-30
600267,海正药业,0.44,7874540640.41,-9.4973531558,4.5382,515312975.68,16.49,-57.1145,6.83270753836,6.4,1.205076194215,41.1749757021,化学制药,2025-10-28,2024-09-30
600262,北方股份,0.64,1903861664.59,8.4049210627,-0.1244,108352486.05,15.99,45.7127,9.140208686176,7.09,0.291710899941,20.8495323407,专用设备,2025-10-28,2024-09-30
600241,时代万恒,0.06,298239254.62,-41.9741633603,19.374,18805193.72,-57.67,66.7951,3.962504015848,1.63,-0.00435279264,30.931126403,电池,2025-10-28,2024-09-30
600239,ST云城,0.01,1376788708.07,12.6451699346,-11.6911,17969059.71,-85.73,-124.2907,0.862704749429,1.31,-0.15517302067,33.5383563573,房地产开发,2025-10-28,2024-09-30
600226,亨通股份,0.06,908204370.68,106.6958484715,-2.5287,187381739.25,15.56,32.67,1.113956850228,5.56,-0.020410085919,16.648900283,电力,2025-10-28,2024-09-30
600223,福瑞达,0.17,2802563091.3,-17.4468980216,-15.226,171162082.87,-28.09,-35.6212,4.017839948163,4.14,0.060381913718,51.8500529459,化妆品,2025-10-28,2024-09-30
600216,浙江医药,0.88,7112804346.3,21.0377268467,25.5546,849651818.01,181.96,159.7791,10.753842900832,8.47,0.719668229487,40.0548126247,化学制药,2025-10-28,2024-09-30
600203,福日电子,-0.2261,7841600746.97,2.0633515596,-14.8737,-134059159.04,-0.114038409,-50051.3892,3.216104753771,-6.79,-1.168992101413,5.7375753632,消费电子,2025-10-28,2024-09-30
600201,生物股份,0.15,970804600.73,-20.3598704481,36.1004,169540956.58,-41.19,168.9986,4.844923203371,3.15,0.188579150843,56.1973457624,动物保健Ⅱ,2025-10-28,2024-09-30
600197,伊力特,0.5107,1653805440.81,0.6423583808,-34.9426,241051735.98,5.27,11.2369,8.126900783001,6.29,0.050921820666,52.3456451386,白酒Ⅱ,2025-10-28,2024-09-30
600195,中牧股份,0.0801,4178404928.63,0.4671104789,25.4491,81802420.73,-79.39,238.4399,5.37218047302,1.25,-0.304566690463,17.2347631125,动物保健Ⅱ,2025-10-28,2024-09-30
600178,东安动力,-0.0034,2992116328.1,-22.2402273821,8.1394,-1597929.37,-105.33,615.9004,5.402938570996,-0.05,-0.973784774337,4.0133275265,汽车零部件,2025-10-28,2024-09-30
600156,华升股份,-0.0543,495105293.74,1.4484749437,15.6289,-21839743.4,1.3386168281,129.264,1.098980404356,-4.82,-0.132496676375,6.3893820224,纺织制造,2025-10-28,2024-09-30
600143,金发科技,0.2561,40464582417.02,18.0050206636,33.3461,683032580.16,41.02,9.7734,6.603342311383,4.04,0.55630080311,12.2200905876,塑料,2025-10-28,2024-09-30
600141,兴发集团,1.19,22049996154.75,0.0403718078,32.6931,1314304085.14,37.85,20.2632,19.129903314628,6.21,0.701612698283,17.9586406497,农化制品,2025-10-28,2024-09-30
600127,金健米业,-0.0091,3242228862.89,-11.6087840578,-3.6895,-5834604.24,-97.09,-230.452,1.081375820799,-0.68,-0.050235901759,5.6114280757,农产品加工,2025-10-28,2024-09-30
600116,三峡水利,0.2,8101850617.85,-3.4452794913,5.0748,383213692.68,13.57,-28.9989,5.892048885971,3.4,0.269334646293,11.1658807184,电力,2025-10-28,2024-09-30
600114,东睦股份,0.45,3610637462.85,29.8029080961,0.5285,276660689.63,158.7,-19.6992,4.358065919992,10.52,0.261216625847,23.6834643245,通用设备,2025-10-28,2024-09-30
600111,北方稀土,0.1121,21559694501.42,-13.4952502101,18.5629,405324657.44,-70.64,5507.7075,6.047527446829,1.86,0.42354451046,9.0407793802,小金属,2025-10-28,2024-09-30
600103,青山纸业,0.0389,2006389054.16,5.2148018376,-24.0583,86736018.64,-4.51,-5.5037,1.744253184633,2.22,0.072805933105,18.8930868026,造纸,2025-10-28,2024-09-30
600099,林海股份,0.056,761884459.07,44.3553234099,41.5903,12230415.98,5.22,-44.0477,2.36133258776,2.38,0.422458096933,12.3745506957,摩托车及其他,2025-10-28,2024-09-30
600094,大名城,0.1001,3810903850.37,-62.7411748994,190.8522,232736665.04,-63.95,-53.0642,5.125789652595,1.84,-0.038764067454,15.640311464,房地产开发,2025-10-28,2024-09-30
600078,澄星股份,-0.103,2433952778.16,0.1834508808,-7.3582,-67978515.32,39.37,-450.0159,2.638811677,-3.73,0.295355217681,7.1966035234,农化制品,2025-10-28,2024-09-30
600076,康欣新材,-0.09,493737450.23,395.7769279271,-22.3683,-125486713.75,5.1697691521,28.7632,3.137829223682,-2.93,0.062896424248,-2.9251607334,包装印刷,2025-10-28,2024-09-30
600071,凤凰光学,-0.0709,1216519600.18,-7.5468044803,8.8749,-19970025.62,42.5851780042,-176.6901,1.483712961076,-4.67,0.327342081495,14.8826311284,光学光电子,2025-10-28,2024-09-30
600056,中国医药,0.3188,26810148143.13,-10.0232997708,-7.9808,476872254.62,-24.74,-32.0243,7.792880302729,4.08,-0.252657823549,10.6538195164,医药商业,2025-10-28,2024-09-30
600051,宁波联合,0.177,1011665555.88,-22.7865690895,145.8135,55040899.19,1.43,-73.0573,10.748824969602,1.65,-0.00567916479,14.0085927683,综合Ⅱ,2025-10-28,2024-09-30
600029,南方航空,0.11,134661000000.0,12.6955168172,24.0912,1965000000.0,48.86,260.9375,2.134374482644,5.29,1.482092599746,10.3392964555,航空机场,2025-10-28,2024-09-30
600020,中原高速,0.3239,4705412258.51,22.1338089641,18.9435,823090350.19,-9.76,-37.552,5.066189217023,6.5,0.72584571589,39.6708031959,铁路公路,2025-10-28,2024-09-30
600010,包钢股份,-0.0114,49865338798.82,-6.9372622953,-16.0613,-516439883.45,-208.75,-1504.2431,1.131399099757,-1.0,0.019769211867,7.8771313081,普钢,2025-10-28,2024-09-30
400287,R东方通1,-0.3286,293659643.88,6.8649046488,54.9654,-183319631.37,9.95,81.5609,6.272709394479,-5.07,-0.463471753893,73.8374689948,,2025-10-28,2024-09-30
301628,强达电路,1.41,585017429.82,10.2982855518,-5.1545,79664595.05,19.36,-20.8744,10.467317040674,14.46,1.216895039783,31.2687230116,元件,2025-10-28,2024-09-30
301622,英思特,1.58,848877513.33,28.11,47.2487,137523165.46,29.66,127.0884,10.048530429881,17.07,0.787713269206,29.6240448335,金属新材料,2025-10-28,2024-09-30
301609,山大电力,0.66,416436095.78,9.5616901399,8.9808,81155153.01,5.8336567608,62.7544,,,,45.4228132088,电网设备,2025-10-28,2024-09-30
301603,乔锋智能,1.55,1193784347.32,13.7234598272,-11.9737,150719041.76,24.97,-42.3485,17.420845161643,10.23,-0.486791569642,29.8964822433,通用设备,2025-10-28,2024-09-30
301591,肯特股份,0.75,325047062.82,9.9176384775,-2.5142,59214129.72,0.07,-0.3428,10.247592015811,7.72,0.582023647765,38.9783132113,塑料,2025-10-28,2024-09-30
301584,建发致新,0.44,13487182811.91,,-0.9949,158499162.85,,-3.5279,,,,7.4448918252,医药商业,2025-10-28,2024-09-30
301556,托普云农,1.2,335505732.96,10.9854923182,-16.0571,76596036.41,14.84,-30.285,10.377175749375,12.25,0.303307485616,53.3463897087,IT服务Ⅱ,2025-10-28,2024-09-30
301552,科力装备,2.1,443942597.69,30.2859039202,3.8049,114974638.52,21.29,-15.3602,16.304927714412,16.55,2.940798089853,40.6259141764,汽车零部件,2025-10-28,2024-09-30
301538,骏鼎达,1.5383,589503402.43,34.6009170919,13.8796,115473912.27,30.47,1.0139,21.5796259275,11.37,0.671375223571,43.5472860431,塑料,2025-10-28,2024-09-30
301529,福赛科技,0.61,940625753.98,46.6128945709,-2.8844,52033947.95,-13.53,-75.091,14.635257300659,4.15,-0.083860610456,24.1305633191,汽车零部件,2025-10-28,2024-09-30
301525,儒竞科技,1.58,1011516879.41,-15.9201853969,-3.035,148787758.93,-25.71,9.7094,33.545033247071,4.77,0.466718527533,24.2954272818,通用设备,2025-10-28,2024-09-30
301522,上大股份,0.4472,1882687374.85,24.6003127826,-13.1,124716697.91,5.26,-39.0786,4.565062756006,10.3,0.243279046361,14.2469010986,金属新材料,2025-10-28,2024-09-30
301516,中远通,-0.0912,618135758.3,-31.8722905622,-4.1903,-25592364.62,-142.11,19.8116,4.973435072574,-1.78,0.212697440207,16.8510403486,其他电源设备Ⅱ,2025-10-28,2024-09-30
301508,中机认检,0.4239,566004319.76,4.4103838014,-13.9792,95827806.3,-14.38,-32.9031,8.401194162333,5.04,0.613802979231,42.4987972622,专业服务,2025-10-28,2024-09-30
301503,智迪科技,0.85,961330293.12,51.1952499882,33.871,67930043.9,38.36,8.3397,12.728510893,6.73,-0.03565033575,17.9727970789,计算机设备,2025-10-28,2024-09-30
301486,致尚科技,0.47,725686055.82,95.5121780279,9.0165,59707601.77,4.98,-23.5734,19.25756548875,2.36,0.020552562016,35.0184337885,消费电子,2025-10-28,2024-09-30
301418,协昌科技,0.5176,277593857.27,-27.8858654247,-13.7064,37950028.17,-49.5,55.0434,21.966703234848,2.35,1.143540093241,21.1807243028,自动化设备,2025-10-28,2024-09-30
301397,溯联股份,0.91,838525253.91,23.6339773975,3.6889,108576286.31,-2.0,-1.8537,16.129318967427,5.57,-0.244587512212,23.5895860653,汽车零部件,2025-10-28,2024-09-30
301390,经纬股份,0.4423,364129012.84,20.9187787297,9.4558,26537466.09,6.8,10.8576,15.87448415,2.78,-1.168360115167,24.9193811645,工程咨询服务Ⅱ,2025-10-28,2024-09-30
301388,欣灵电气,0.1,331455101.03,3.6899854391,-4.3596,10636488.93,-69.83,172.8941,9.413658161929,1.09,0.30636125795,19.9245091703,电网设备,2025-10-28,2024-09-30
301380,挖金客,0.5,678546167.93,20.4937501775,17.0763,34869007.95,-13.28,-37.5681,9.926170879436,4.79,-0.924285465471,13.5354059651,通信服务,2025-10-28,2024-09-30
301376,致欧科技,0.69,5727825735.94,38.4859801027,6.772,277534049.49,-3.11,49.2974,7.9839336799,8.75,3.725294606874,35.1013908514,家居用品,2025-10-28,2024-09-30
301367,瑞迈特,1.399,602082982.76,-36.3079096157,15.695,125120531.82,-53.74,-22.885,31.229572601451,4.46,2.060250119754,50.9400414498,医疗器械,2025-10-28,2024-09-30
301365,矩阵股份,0.25,382696247.11,6.6368038737,-8.6325,44710966.67,-0.35,7.9986,9.946785936833,2.52,0.519640197556,37.1777770763,工程咨询服务Ⅱ,2025-10-28,2024-09-30
301359,东南电子,0.3888,223849875.84,24.122809935,-16.2254,33371393.06,16.42,-10.434,9.835734744292,3.92,0.176944560927,28.5302017436,其他电子Ⅱ,2025-10-28,2024-09-30
301358,湖南裕能,0.65,15879155826.0,-53.7432074764,-18.5893,490598452.29,-68.18,-56.0131,15.171519828107,4.31,-0.325296213365,7.8801443873,电池,2025-10-28,2024-09-30
301353,普莱得,0.57,646577411.18,26.2498795376,3.2471,55405288.24,-11.24,-32.896,16.551014378553,4.37,0.179973397237,29.0320398028,通用设备,2025-10-28,2024-09-30
301332,德尔玛,0.23,2399395735.58,5.6629041635,-13.9383,103960614.26,4.1,-19.2486,6.136452280352,3.68,0.170501456444,31.8165334976,小家电,2025-10-28,2024-09-30
301316,慧博云通,0.0954,1206608987.09,24.7963572794,9.3836,38179773.96,-24.7,8.0857,2.591625319342,3.7,-0.079002037274,24.2317730233,IT服务Ⅱ,2025-10-28,2024-09-30
301315,威士顿,0.3405,179631015.28,-6.2747598195,-28.1682,29967965.58,14.96,-31.1594,11.46799996,2.95,-0.897142739886,35.2990280833,软件开发,2025-10-28,2024-09-30
301313,凡拓数创,-1.22,243534589.06,-22.6429140287,-72.8787,-127148212.99,-455.61,-70.8981,8.414083177736,-13.14,-1.254186711292,29.8530739681,数字媒体,2025-10-28,2024-09-30
301310,鑫宏业,0.7029,1735993627.41,18.8681100237,26.0775,95551654.68,-20.26,-14.5905,16.604644966413,4.19,-0.14120358812,11.2431229832,汽车零部件,2025-10-28,2024-09-30
301303,真兰仪表,0.57,1029899157.47,0.3946373732,25.495,232589959.62,21.78,57.1139,7.853238362549,7.38,-0.172101116267,40.7344760686,通用设备,2025-10-28,2024-09-30
301301,川宁生物,0.48,4456265553.38,24.4303479336,-24.6004,1075918531.82,68.07,-25.1577,3.399113643281,14.75,0.392993619426,35.8209196691,化学制药,2025-10-28,2024-09-30
301293,三博脑科,0.51,1058734248.15,9.8271637317,-3.249,104552597.72,42.93,14.2906,11.155865333959,4.44,0.639973333849,24.9693217832,医疗服务,2025-10-28,2024-09-30
301272,英华特,0.93,431071808.24,6.602201371,0.2705,54679303.19,-13.88,7.5928,17.289677290368,5.39,0.655079252235,25.4392559485,通用设备,2025-10-28,2024-09-30
301261,恒工精密,1.0938,747059667.94,18.5014354901,-13.2689,96136506.0,18.12,-23.0329,17.786422956208,6.31,-1.082613697209,24.8869099657,通用设备,2025-10-28,2024-09-30
301239,普瑞眼科,0.11,2136699863.8,-1.3584487012,-3.7799,15841198.32,-95.01,-204.1098,14.825096486512,0.7,2.770163413952,39.5001900266,医疗服务,2025-10-28,2024-09-30
301237,和顺科技,-0.281,366257518.96,17.709172168,2.6856,-22445967.22,-211.9,-260.0995,17.2902682405,-1.58,-0.543747573625,8.2303562929,塑料,2025-10-28,2024-09-30
301233,盛帮股份,1.3262,291068410.36,20.7963394714,-1.7168,67595450.43,42.41,8.9219,17.579343810958,7.61,0.222302557412,40.5493363069,汽车零部件,2025-10-28,2024-09-30
301228,实朴检测,-0.31,307081521.91,22.9198577904,-11.89,-37730072.76,45.09,-13.0044,6.235894061167,-4.71,-0.158217203,28.4740179664,专业服务,2025-10-28,2024-09-30
301223,中荣股份,0.57,1925696811.08,4.8426670642,9.0546,110458362.03,-29.44,49.2353,15.005088425702,3.83,1.223879304487,18.6027832699,包装印刷,2025-10-28,2024-09-30
301219,腾远钴业,2.1,4889154064.91,23.1125175551,-0.0465,617451411.41,156.09,-32.4924,29.252009174002,7.2,0.289225630218,23.8156715972,能源金属,2025-10-28,2024-09-30
301211,亨迪药业,0.18,333993687.09,-38.4281857854,-11.2526,74661546.28,-48.34,-80.1843,7.970239174514,3.21,0.169995242292,30.2318456764,化学制药,2025-10-28,2024-09-30
301201,诚达药业,0.2654,243768662.64,-6.3356893789,26.3519,40392784.63,-33.98,133.0372,14.418147691831,1.8,0.374388308184,43.5444755616,医疗服务,2025-10-28,2024-09-30
301199,迈赫股份,0.3589,899668202.11,13.7082324901,-5.8128,67006598.96,150.88,113.9233,13.653621138443,3.74,0.624252263837,19.0002293956,自动化设备,2025-10-28,2024-09-30
301198,喜悦智行,0.04,255522027.67,-19.0521308704,-5.0036,6123134.42,-84.08,-1501.9428,5.560842873254,0.64,0.281871507633,18.1726007591,包装印刷,2025-10-28,2024-09-30
301190,善水科技,0.3207,372756838.23,2.5498512682,-13.3046,67287226.15,753.95,-63.0603,9.104841415882,3.28,-0.470296780371,28.9831372197,化学原料,2025-10-28,2024-09-30
301188,力诺药包,0.3,830872973.77,20.1939782611,-8.0874,70471346.82,31.37,-27.5404,6.233742138663,4.51,0.134204216579,19.6749734256,医疗器械,2025-10-28,2024-09-30
301187,欧圣电气,1.0141,1306289772.75,56.1419072275,37.3711,184579806.71,47.96,61.058,7.894013320394,12.58,1.568613633904,34.7571643499,小家电,2025-10-28,2024-09-30
301181,标榜股份,0.76,359435772.28,-12.6443385119,-9.7924,88793792.68,-20.54,-3.8557,12.016027695897,6.24,0.671316929573,32.5368268462,汽车零部件,2025-10-28,2024-09-30
301171,易点天下,0.41,1753731209.62,10.7497427537,10.4202,194979938.87,7.85,-22.8702,7.469223027121,5.62,0.730553151826,21.4763785929,广告营销,2025-10-28,2024-09-30
301170,锡南科技,0.7741,799650383.2,7.4164264636,-8.2115,77412789.87,9.19,-0.2267,16.8034771704,4.68,0.7252445445,18.7526134321,汽车零部件,2025-10-28,2024-09-30
301162,国能日新,0.44,364781559.92,18.1528483008,16.8059,53214291.77,2.69,-17.2113,11.246438337407,4.86,-0.422713157957,67.2844660936,软件开发,2025-10-28,2024-09-30
301161,唯万密封,0.4198,516603343.7,93.7957605951,-1.953,50375266.75,60.84,-45.5407,8.130489159083,5.28,0.144303786583,39.3193354974,工程机械,2025-10-28,2024-09-30
301156,美农生物,0.219,340192520.78,-9.1949063032,20.6624,31611622.21,-36.49,11.6463,5.097079645536,4.12,0.308771231624,28.5915432318,化学制品,2025-10-28,2024-09-30
301155,海力风电,0.4,1060840474.21,-31.7587961085,194.289,86801638.07,33.44,-161.3065,25.138782340355,1.61,-0.122233440494,6.0090284062,风电设备,2025-10-28,2024-09-30
301149,隆华新材,0.318,4328386965.3,25.1505176474,8.9897,136760861.65,-22.18,8.1794,4.453713873752,7.26,0.147960700481,3.935835951,化学制品,2025-10-28,2024-09-30
301135,瑞德智能,0.2121,900549100.35,20.1202533489,-9.8783,21696361.13,-19.22,-37.5595,12.096515300479,1.71,-0.424697833042,18.8074520272,家电零部件Ⅱ,2025-10-28,2024-09-30
301133,金钟股份,0.62,808975917.32,25.1974916123,8.3786,66290081.19,7.58,-26.7572,9.211906532881,6.19,-0.289473944789,24.8140911617,汽车零部件,2025-10-28,2024-09-30
301130,西点药业,0.4351,192581520.03,12.9537371852,2.1662,34066532.24,-17.5,-7.6286,11.119660408156,3.64,0.570306286167,77.8445425068,化学制药,2025-10-28,2024-09-30
301126,达嘉维康,0.18,3983256757.99,43.4314952401,4.8043,36450377.67,53.04,-62.7626,8.594890044556,2.06,-1.562605677127,19.176184455,医药商业,2025-10-28,2024-09-30
301119,正强股份,0.64,300513011.34,-1.4350495029,-12.2691,66251312.96,-12.53,60.2907,9.716755246731,6.74,0.649962205288,33.1116490252,汽车零部件,2025-10-28,2024-09-30
301112,信邦智能,0.08,433459592.64,17.0021601279,216.0326,8614692.34,-79.92,348.4153,11.118631057093,0.7,-0.223139411753,18.2999123094,自动化设备,2025-10-28,2024-09-30
301092,争光股份,0.58,417251762.3,6.4754134184,0.7425,77339124.49,-8.5,-6.3824,13.882345190969,4.18,0.370646908065,29.7708159254,塑料,2025-10-28,2024-09-30
301086,鸿富瀚,1.22,602525848.35,30.5316594444,42.044,110026654.44,8.01,211.7281,21.608709154333,5.69,0.891996753,37.1221490352,消费电子,2025-10-28,2024-09-30
301081,严牌股份,0.21,557456940.82,3.8995894929,6.2964,42019097.59,-3.19,-11.1322,4.70619266904,4.27,0.668827853883,29.3873393,环保设备Ⅱ,2025-10-28,2024-09-30
301078,孩子王,0.1185,6798010420.68,7.1028146503,-2.1145,131288345.78,12.24,-24.3342,2.917454054819,4.03,0.81311527639,29.4984587448,专业连锁Ⅱ,2025-10-28,2024-09-30
301065,本立科技,0.48,538725929.0,2.7354901267,-16.1811,50405163.73,5.34,-64.2115,12.141099455008,3.92,2.17653062658,18.5266382732,化学制药,2025-10-28,2024-09-30
301060,兰卫医学,-0.1026,1320029736.34,3.9494808402,-4.4197,-40583766.31,-4511.4,-486.7683,4.320881039481,-2.31,-0.070595044255,20.9966526518,医疗服务,2025-10-28,2024-09-30
301052,果麦文化,0.2154,392884443.18,13.4849956542,19.9405,21236907.04,-46.7,47.0441,7.033426365247,3.12,-0.19284289601,47.9494973013,出版,2025-10-28,2024-09-30
301047,义翘神州,0.7787,464949715.92,-2.3341491647,3.8984,99315298.46,-51.6,4.3992,45.626074740753,1.6,0.591436899436,74.4170088297,生物制品,2025-10-28,2024-09-30
301041,金百泽,0.2,499183488.75,7.1443300191,-2.3552,21418904.94,-20.68,-49.5023,6.295279570304,3.18,0.210844879828,26.0531591271,元件,2025-10-28,2024-09-30
301031,中熔电气,1.17,965772451.61,27.4562584521,14.5026,119980060.05,40.4,41.7881,16.388259898049,10.55,1.239691437478,38.6347449928,其他电子Ⅱ,2025-10-28,2024-09-30
301028,鼎熔岩,0.48,896123568.65,21.4401335069,-9.9423,183070853.44,39.23,-8.5225,3.77409403287,13.28,0.398059115406,32.3786018816,通用设备,2025-10-28,2024-09-30
301023,奕帆传动,0.94,202264397.23,57.4192503781,1.3576,72069851.19,87.59,-3.0927,14.648451865126,8.71,0.511166945326,44.3149405766,电机Ⅱ,2025-10-28,2024-09-30
301012,扬电科技,0.2741,893069884.44,193.1578329745,2.0474,53601360.79,1829.06,-52.0581,7.963951678358,4.76,-0.220180948878,13.9589392378,电网设备,2025-10-28,2024-09-30
301009,可靠股份,0.0819,789105083.96,-2.1893696499,12.749,22071042.96,-18.87,-123.428,4.945824242147,1.62,0.139661919039,21.5205356361,个护用品,2025-10-28,2024-09-30
301005,超捷股份,0.19,447888426.96,33.2127127585,8.6004,25491958.6,26.74,45.7683,5.68557989007,3.25,-0.102619935516,22.3790382396,汽车零部件,2025-10-28,2024-09-30
301003,江苏博云,1.03,478264973.7,31.3480082195,-1.4695,100605007.51,20.38,-13.9029,11.734917168411,8.53,0.827801788356,31.8517156716,塑料,2025-10-28,2024-09-30
300994,久祺股份,0.35,1788634888.9,15.1428549918,29.9524,82590912.55,-13.61,-23.1532,4.800212867415,7.27,0.355215579481,13.6323919601,摩托车及其他,2025-10-28,2024-09-30
300992,泰福泵业,0.2155,515080052.15,5.4626381557,-37.905,19571083.02,-48.85,-149.7364,8.10158816907,2.43,-0.074650318327,24.473844443,通用设备,2025-10-28,2024-09-30
300975,商络电子,0.0818,4660716693.85,15.6803163292,16.588,53484429.17,61.76,16.2724,3.049039958253,2.76,-0.874619192611,12.0771522655,元件,2025-10-28,2024-09-30
300966,共同药业,-0.12,365389573.73,-5.1029803741,17.8984,-14162211.34,-162.16,-4.3588,7.301716587624,-1.5,0.809133605037,14.2261412851,化学制药,2025-10-28,2024-09-30
300965,恒宇信通,0.3208,118894766.9,-16.1622046182,-4.0495,19245332.91,517.35,345.4971,20.440199225,1.58,-0.792385137333,42.2152976272,航空装备Ⅱ,2025-10-28,2024-09-30
300964,本川智能,0.27,428737794.6,11.0560039029,-2.3065,21170809.32,43.41,-34.2309,12.878875731963,2.1,0.40772194309,18.840518694,元件,2025-10-28,2024-09-30
300963,中洲特材,0.16,807141733.63,1.3061941883,-12.6536,72793726.49,-5.96,-20.7218,3.186057414988,7.15,-0.020123556288,20.1206291043,金属新材料,2025-10-28,2024-09-30
300962,中金辐照,0.3632,271524383.77,4.9456696351,-2.5667,95891712.03,-0.64,-10.4367,3.54348884387,10.3,0.569241564124,64.8965809455,专业服务,2025-10-28,2024-09-30
300960,通业科技,0.2196,262337274.4,20.8734681187,-14.8312,31516329.03,97.12,-1.7144,5.832680343268,5.09,0.690246533377,42.6964983059,轨交设备Ⅱ,2025-10-28,2024-09-30
300957,贝泰妮,0.99,4017760019.31,17.0852272339,-28.965,414768732.22,-28.39,-122.481,13.93745889738,7.07,0.015179457767,73.7281903071,化妆品,2025-10-28,2024-09-30
300953,震裕科技,1.15,5015014136.75,17.2977603418,11.3623,172412927.42,214.39,-48.6608,24.077421149149,6.47,-4.074194891276,13.1597737636,电池,2025-10-28,2024-09-30
300943,春晖智控,0.19,381238082.81,14.6595372773,-4.0557,39475645.04,-31.56,-16.0224,4.704921189334,4.13,0.178720192817,26.0469002514,通用设备,2025-10-28,2024-09-30
300942,易瑞生物,0.0097,158047893.25,-4.271001238,-19.0159,3896966.64,103.93,-1.7133,1.954539569928,0.46,0.039992024285,66.0933778692,医疗器械,2025-10-28,2024-09-30
300936,中英科技,0.3724,200718117.29,2.656385031,-10.494,28006767.34,-79.37,-5.7011,13.44205961875,2.75,0.447439942021,25.049878695,元件,2025-10-28,2024-09-30
300935,盈建科,-0.47,74847202.93,-23.2119337436,-33.7476,-37669684.9,-36.81,-151.0041,10.731007693627,-4.33,-0.540375060745,92.1661984009,软件开发,2025-10-28,2024-09-30
300925,法本信息,0.26,3169103356.06,13.0119572551,-0.2992,109915879.31,30.15,-15.1422,4.899330841907,5.29,-0.264867130099,19.5298096834,软件开发,2025-10-28,2024-09-30
300922,天秦装备,0.18,150460378.26,72.9038598983,3.7193,27254849.58,49.97,91.7705,5.626322874387,3.11,0.170294308187,37.5862541647,地面兵装Ⅱ,2025-10-28,2024-09-30
300917,特发服务,0.4846,2083120828.24,14.318232732,4.2071,81903294.86,-2.38,3.5608,6.356202028107,7.74,0.301149349349,11.0896591027,房地产服务,2025-10-28,2024-09-30
300910,瑞丰新材,1.75,2300648255.4,6.8869150701,1.7852,500088858.05,10.91,9.0624,10.740070076715,16.07,0.882836243375,36.0840715251,化学制品,2025-10-28,2024-09-30
300909,汇创达,0.44,1017687278.9,15.0203607298,3.9503,75574709.13,31.99,3.1404,11.419261824068,3.86,1.496382218289,26.3894302433,光学光电子,2025-10-28,2024-09-30
300902,国安达,-0.04,196023171.85,-11.9922937057,-46.0284,-7627808.64,-156.6,-400.8238,4.601931982517,-0.86,-0.061127254592,34.0452839938,专用设备,2025-10-28,2024-09-30
300899,上海凯鑫,0.1117,78298256.78,11.8050180148,240.3461,7121718.93,-6.79,261.1409,10.122346203638,1.09,0.730787480411,30.7568276362,环境治理,2025-10-28,2024-09-30
300898,熊猫乳品,0.6297,568664765.21,-19.8335652441,18.7866,78084024.19,-4.48,47.4313,7.740837612903,8.18,1.13703831871,28.0646239988,饮料乳品,2025-10-28,2024-09-30
300892,品渥食品,-0.06,638462638.81,-26.0121539336,17.1711,-5727727.56,91.85,189.6988,10.3867155892,-0.55,0.2372734018,16.2130495377,饮料乳品,2025-10-28,2024-09-30
300888,稳健医疗,0.95,6070042979.07,0.9916152081,-4.1398,552966991.14,-74.25,-16.3137,19.315270610765,4.78,0.828940722481,48.1400527877,个护用品,2025-10-28,2024-09-30
300883,龙利得,0.015,570563737.72,11.6107626074,16.0232,5172937.74,-28.19,200.0838,4.120063974335,0.37,-0.019137048468,13.6956093043,包装印刷,2025-10-28,2024-09-30
300882,万胜智能,0.38,709916436.77,-15.4158143662,-16.8518,107884346.76,-43.93,-48.0015,4.01707675312,9.27,0.257896730149,33.697571969,电网设备,2025-10-28,2024-09-30
300871,回盛生物,-0.2874,792553431.27,14.6325129516,55.2323,-47658306.03,-420.34,111.8974,7.964362166657,-3.22,0.042895798591,16.4513137873,动物保健Ⅱ,2025-10-28,2024-09-30
300848,美瑞新材,0.12,1232673823.58,10.3730410624,4.2071,50638354.47,-27.12,2.6216,3.122757972335,3.94,-0.613859834569,12.6541005233,化学制品,2025-10-28,2024-09-30
300845,捷安高科,0.06,153669464.95,-0.3125599668,-50.335,8889708.13,50.88,-107.7471,5.404533254722,1.12,-0.172744206241,48.6753078527,计算机设备,2025-10-28,2024-09-30
300840,酷特智能,0.6494,536645356.1,-2.7605118529,-5.615,155866735.26,65.25,341.6128,5.535392695833,12.37,0.337414805958,41.3724713959,服装家纺,2025-10-28,2024-09-30
300839,博汇股份,-0.67,1519644740.6,-20.5201719629,-73.2038,-160912241.02,-221.4,-813.635,2.160676799042,-25.14,0.102876011836,22.9276727831,炼化及贸易,2025-10-28,2024-09-30
300838,浙江力诺,0.17,712144675.5,-10.8797570168,-6.2285,23866249.4,-70.13,-91.7055,7.289015217013,2.37,-0.511077451912,18.4823433859,通用设备,2025-10-28,2024-09-30
300836,佰奥智能,0.1975,343738136.34,5.4309454106,5.8945,18213850.6,330.12,290.1466,8.138577908859,3.43,1.898169721046,23.9151781485,专用设备,2025-10-28,2024-09-30
300830,金现代,-0.09,179680715.9,-19.4442389392,16.2404,-39118305.64,19.6,-24.881,2.677341154929,-3.29,-0.108204402405,38.5533549402,软件开发,2025-10-28,2024-09-30
300829,金丹科技,0.56,1110402957.63,4.1665033807,-3.5076,101557482.6,7.1,-8.8643,9.284349157405,5.79,1.169572694334,19.8462952396,化学制品,2025-10-28,2024-09-30
300826,测绘股份,0.1,355926400.49,-4.6119707047,21.7381,15699755.43,-11.99,90.4459,7.659247943204,1.22,-0.404142111373,33.707220452,工程咨询服务Ⅱ,2025-10-28,2024-09-30
300823,建科智能,0.24,321984131.42,-3.5954909768,12.136,31118598.26,-22.73,32.1969,7.257351502691,3.23,0.591535936948,41.9426136606,专用设备,2025-10-28,2024-09-30
300820,英杰电气,1.3745,1329073404.64,17.3602698642,25.8739,303024385.97,8.27,28.4907,10.721018164071,13.33,1.560033993717,42.0096192039,其他电源设备Ⅱ,2025-10-28,2024-09-30
300812,易天股份,-0.1,341043675.3,-25.1689486454,117.3951,-13942507.72,-147.11,196.9228,6.206572899965,-1.58,-0.378112480575,31.9382587888,消费电子,2025-10-28,2024-09-30
300809,华辰装备,0.23,292728079.4,-16.2339273773,-31.5509,58058694.43,-39.57,-49.2967,6.331468384025,3.67,0.290997564082,29.9664771585,通用设备,2025-10-28,2024-09-30
300796,贝斯美,0.01,971457317.58,108.3119202386,-1.9831,2295138.56,-97.09,-298.8042,4.854653299318,0.14,0.165679940016,14.397929771,农化制品,2025-10-28,2024-09-30
300795,米奥会展,0.23,424892548.22,-9.4406424657,-10.4295,68141750.98,-16.62,-23.6389,2.317411565765,10.8,0.523554586959,49.7233258397,专业服务,2025-10-28,2024-09-30
300784,利安科技,0.96,378230401.14,10.8312376748,-6.8458,45208793.39,-6.81,13.0693,13.566098459216,8.51,0.682320875002,28.0489082766,消费电子,2025-10-28,2024-09-30
300783,三只松鼠,0.86,7169130106.63,56.4581214927,46.5808,341204595.3,101.15,377.3029,6.980361487905,12.9,0.079310712993,25.4429106006,休闲食品,2025-10-28,2024-09-30
300771,智莱科技,0.14,297741458.36,30.5557167482,51.5862,33075974.18,348.87,456.3501,8.019800225583,1.67,-0.094676482,29.0310734441,计算机设备,2025-10-28,2024-09-30
300765,石药创新,0.0995,1478923011.81,-23.6568919888,13.2359,139329413.32,-63.5,-96.0289,2.714922989781,2.82,-0.680322012169,42.9925206169,化学制药,2025-10-28,2024-09-30
300761,立华股份,1.4025,12683822047.95,13.6473812253,17.7418,1160797230.41,507.71,18.526,10.495580148559,13.96,2.181841370477,16.1069445083,养殖业,2025-10-28,2024-09-30
300753,爱朋医疗,0.0302,274753514.1,-7.1197526789,3.8991,3807308.09,-43.99,-167.487,5.488525593425,0.55,-0.264472379332,69.0220600822,医疗器械,2025-10-28,2024-09-30
300745,欣锐科技,-0.43,1306071102.05,19.3428503569,2.3688,-71757001.91,-291.97,-14.6504,14.016303469134,-3.0,-0.988934722139,10.6180217878,汽车零部件,2025-10-28,2024-09-30
300741,华宝股份,0.29,1073247346.0,-0.3932011889,24.9865,179129687.0,-44.32,95.8925,11.643662992791,2.5,0.457192964539,52.2006130356,化学制品,2025-10-28,2024-09-30
300736,百邦科技,-0.13,393935656.11,-26.3366102483,19.295,-15848881.56,-6.26,101.4458,0.748627229316,-17.1,-0.161594302455,5.0693533703,其他电子Ⅱ,2025-10-28,2024-09-30
300732,设研院,-0.46,963998355.4,-33.9116820189,16.4358,-148371784.81,-245.93,-14.8355,8.096442022745,-5.26,-0.523501571714,19.8635180265,工程咨询服务Ⅱ,2025-10-28,2024-09-30
300726,宏达电子,0.6353,1181992836.8,-4.5047517338,-2.0506,261635348.91,-32.17,-21.7356,11.912083979635,5.4,1.003385376396,61.4544629218,军工电子Ⅱ,2025-10-28,2024-09-30
300724,捷佳伟创,5.81,12344026663.78,92.7188329751,41.4959,2022769815.99,65.45,22.98,29.773301471734,21.15,5.458049711683,26.6137014144,光伏设备,2025-10-28,2024-09-30
300718,长盛轴承,0.57,835390059.66,1.9477383327,-0.897,169172978.87,-5.29,-14.9017,5.410226432457,10.67,0.608729131526,34.816341432,通用设备,2025-10-28,2024-09-30
300713,英可瑞,-0.31,169364931.75,-14.1054605036,-27.0169,-49813644.39,-144.91,-40.4664,3.771386188238,-7.99,0.035851232677,23.2396916134,其他电源设备Ⅱ,2025-10-28,2024-09-30
300699,光威复材,0.7445,1902351290.48,8.8963967059,15.7928,615050458.44,-1.0,16.9019,6.621033933051,11.09,0.124134779841,46.7596418007,航空装备Ⅱ,2025-10-28,2024-09-30
300692,中赋科技,0.1778,699993066.19,14.0435951669,6.8484,74313025.1,-29.74,317.0945,5.070900365482,3.29,0.199898792752,39.6633826891,环境治理,2025-10-28,2024-09-30
300687,赛意信息,0.2345,1705166445.09,1.3690685569,19.5441,94659084.59,-26.31,596.5387,6.564729122211,4.0,-0.267483366027,32.3225688341,IT服务Ⅱ,2025-10-28,2024-09-30
300677,英科医疗,1.05,7098445816.0,40.7864065215,12.0138,687466463.0,107.79,-71.2068,25.7340250426,4.2,0.763873827135,22.4323021585,医疗器械,2025-10-28,2024-09-30
300673,佩蒂股份,0.6251,1322865112.95,44.3400163298,3.4783,154794417.69,630.85,1.12,7.363488182891,8.1,0.24991373002,28.0114967628,饲料,2025-10-28,2024-09-30
300672,国科微,0.3224,1202074793.53,-62.3190135358,-30.8889,70021437.83,-10.47,400.5817,18.762279435609,1.71,-0.864528211048,22.609756557,半导体,2025-10-28,2024-09-30
300668,杰恩股份,0.087,414541361.94,-21.1995647274,0.0694,10472873.73,-79.09,-36.1255,6.307424197616,1.36,-0.255229378659,26.2998246905,工程咨询服务Ⅱ,2025-10-28,2024-09-30
300666,江丰电子,1.08,2625193193.55,41.7665141178,16.69,286826408.35,48.51,23.8512,16.620904642428,6.7,-0.437966380072,29.9570510217,半导体,2025-10-28,2024-09-30
300654,世纪天鸿,0.086,388272180.22,5.2609897996,252.323,31482118.74,0.3,4637.767,2.300084217521,3.81,0.103549285004,36.936062076,出版,2025-10-28,2024-09-30
300652,雷迪克,0.91,514581835.96,11.2385570768,12.076,93001223.63,0.04,32.4556,13.288907395284,5.4,0.510432936442,31.4309573633,汽车零部件,2025-10-28,2024-09-30
300650,太龙股份,0.16,1945232169.9,6.7614738634,17.9002,34922272.71,27.18,-14.7251,5.558218838157,2.89,0.719010271671,8.2880002709,其他电子Ⅱ,2025-10-28,2024-09-30
300644,南京聚隆,0.5255,1612173948.31,29.472075608,11.1228,56193884.93,5.44,-13.8224,8.308314850637,6.35,1.013609487858,14.8081847353,塑料,2025-10-28,2024-09-30
300643,万通智控,0.37,801807675.3,-2.8614432173,-6.7754,84714582.8,0.15,-27.6316,4.774144868653,7.86,0.636274406461,33.5803518555,汽车零部件,2025-10-28,2024-09-30
300641,正丹股份,1.6442,2595761797.97,130.2829617559,40.4542,824867980.53,2949.37,137.5021,4.964251121534,39.85,0.70469140121,38.635526988,化学制品,2025-10-28,2024-09-30
300619,金银河,-0.0564,1277398247.42,-32.4994904017,4.5045,-9817324.03,-109.03,93.7302,12.241868333037,-0.59,-3.402373432443,18.0625312698,电池,2025-10-28,2024-09-30
300608,思特奇,-0.47,322700534.78,-19.547883133,-43.3925,-154813909.08,-130.22,-139.6356,4.215058652089,-10.19,-0.213160596877,12.0278938293,软件开发,2025-10-28,2024-09-30
300607,拓斯达,0.02,2235113522.5,-30.9600093519,-29.2066,9023671.5,-92.99,-558.8947,5.402765176095,0.38,-0.052043719658,19.1144601162,自动化设备,2025-10-28,2024-09-30
300601,康泰生物,0.31,2018201664.48,-18.1079120307,8.7593,351095608.08,-49.63,66.944,8.235534998934,3.6,0.211479730415,83.449598894,生物制品,2025-10-28,2024-09-30
300588,熙菱信息,-0.1338,114108732.7,2.6961628031,29.4929,-25528443.53,23.66,28.6366,1.866750517193,-6.9,-0.254961950484,36.1211081087,计算机设备,2025-10-28,2024-09-30
300585,奥联电子,-0.0143,320067792.39,-8.5859877427,-6.9101,-2449750.35,-132.25,10.1253,4.189123404383,-0.34,-0.095518298517,22.169125675,汽车零部件,2025-10-28,2024-09-30
300576,容大感光,0.3,686880606.14,18.8278458695,1.7843,105243039.56,32.74,-7.4245,4.535973961625,8.15,0.306617274793,37.8637308777,电子化学品Ⅱ,2025-10-28,2024-09-30
300570,太辰光,0.6437,915874381.5,46.9991414199,41.6856,145805824.51,39.09,38.7833,6.225127781999,10.33,0.360135809781,33.7813515379,通信设备,2025-10-28,2024-09-30
300562,乐心医疗,0.2329,756340201.33,24.3892661904,3.1307,50527301.98,232.83,-25.9939,4.761558762551,4.82,0.343572200797,36.2581987825,医疗器械,2025-10-28,2024-09-30
300558,贝达药业,0.99,2344643009.24,14.7337399268,10.3122,416225901.42,36.61,52.8357,13.469869596414,7.64,1.986544274462,83.8065374983,化学制药,2025-10-28,2024-09-30
300545,联得装备,1.1,1004018678.26,13.3736242517,2.3738,195038633.41,52.69,25.028,10.140044979862,11.11,0.941100349431,39.1999650367,光学光电子,2025-10-28,2024-09-30
300543,朗科智能,0.1709,1175669464.83,16.9600126403,13.7757,45826968.53,-5.33,-52.6355,3.827670469271,4.08,0.023749809268,18.5645943949,家电零部件Ⅱ,2025-10-28,2024-09-30
300536,农尚环境,-0.1793,106154851.15,30.89937327,-89.2059,-52574164.02,-41042.15,-389.7583,1.871366434318,-9.14,-0.134339758472,17.0863413622,IT服务Ⅱ,2025-10-28,2024-09-30
300533,冰川网络,-2.01,1982819274.82,-6.1892750005,20.3203,-466913044.86,-315.18,169.2424,4.553907480103,-34.48,-0.935079902407,92.6371469229,游戏Ⅱ,2025-10-28,2024-09-30
300532,今天国际,0.6,2039342978.15,-11.7809305345,-55.6732,271248069.52,-16.9,-80.0825,3.709980949698,15.59,-0.796289338229,28.6608564715,IT服务Ⅱ,2025-10-28,2024-09-30
300531,优博讯,0.0532,935304312.0,1.5969668012,0.6188,17461210.73,-78.9,1368.3666,4.587021065968,1.1,0.007891933485,25.227890288,计算机设备,2025-10-28,2024-09-30
300530,领湃科技,-0.83,88221601.95,-33.8760855941,-30.7101,-142701790.39,-20.86,6.6126,0.39923847119,-103.5,-0.57687872798,13.3720684382,电池,2025-10-28,2024-09-30
300519,新光药业,0.24,216211460.22,0.0451274142,53.2941,37782359.75,-35.63,358.4679,5.111998389563,4.53,0.221142232375,35.0797936718,中药Ⅱ,2025-10-28,2024-09-30
300518,新迅达,-0.42,100437556.11,-53.5076854392,126.2706,-83918831.35,-1022.64,84.0209,5.072989279118,-7.8,-0.478977945393,17.6108164167,互联网电商,2025-10-28,2024-09-30
300517,海波重科,0.09,308593163.71,-4.0720944365,-41.1632,17715399.44,184.52,-19.0419,5.182384244737,1.65,0.495772993809,17.2470357898,专业工程,2025-10-28,2024-09-30
300507,苏奥传感,0.14,863685729.57,15.9317223872,-0.4466,109886293.93,21.15,34.505,2.563583069367,5.54,0.076234198532,24.2640917668,汽车零部件,2025-10-28,2024-09-30
300506,名家汇,-0.05,100757060.3,47.9732250263,-62.9179,-34233653.3,68.35,21.6621,0.157942319839,-26.96,0.003976788692,48.4062964469,装修装饰Ⅱ,2025-10-28,2024-09-30
300497,富祥股份,-0.12,976875468.35,-24.0636102945,-13.8962,-62074959.23,23.96,-65.5642,4.344665991027,-2.53,0.273372995718,9.9139898142,化学制药,2025-10-28,2024-09-30
300493,润欣科技,0.07,1922293362.7,23.9730837877,23.1344,37133715.07,15.66,-10.1839,2.092647870352,3.47,0.078735108481,9.2055317442,其他电子Ⅱ,2025-10-28,2024-09-30
300490,华自科技,-0.36,1427655598.34,-31.2406397042,-35.4343,-141169243.06,-699.83,-165.0431,6.636113562127,-5.11,-1.102947201856,16.6862187377,电网设备,2025-10-28,2024-09-30
300488,恒锋工具,0.5897,437765447.65,10.6483985066,-6.8702,96643264.61,0.08,-13.1987,8.400392135781,6.54,0.719878459244,45.2646186933,通用设备,2025-10-28,2024-09-30
300477,ST合纵,-0.17,2162567593.6,3.6720999487,-2.6296,-180581141.85,-1.8,36.8383,1.533976580755,-10.33,0.159307255136,8.3579763317,电池,2025-10-28,2024-09-30
300476,胜宏科技,0.89,7697738194.52,34.0184521344,15.3608,764612164.03,30.54,22.5235,9.623925432397,9.55,1.422047950194,21.5527328448,元件,2025-10-28,2024-09-30
300471,厚普股份,-0.0683,325684019.72,-44.0997947668,-14.5404,-27616686.09,-148.04,-1014.3676,2.959289327597,-2.29,-0.008770021013,28.8642201453,专用设备,2025-10-28,2024-09-30
300464,星徽股份,-0.0926,1186037683.31,-5.1222224534,-11.5611,-43372764.3,12.66,-1221.8256,1.174943093274,-8.02,0.082279624632,21.5376919886,互联网电商,2025-10-28,2024-09-30
300458,全志科技,0.18,1685306140.24,50.3561728679,-4.6768,150991324.68,834.56,-54.3791,4.763257701716,5.06,0.075204468685,32.18137452,半导体,2025-10-28,2024-09-30
300456,赛微电子,-0.1608,825225215.6,-9.2603956543,-2.6399,-117769995.23,-1060.89,-142.202,6.867280156709,-2.31,0.247454698265,30.5238722555,半导体,2025-10-28,2024-09-30
300454,深信服,-1.38,4633572262.79,-3.6317718748,15.1876,-579661952.1,-6.25,111.9047,19.525817171032,-6.81,-1.7411701699,60.6045336757,软件开发,2025-10-28,2024-09-30
300441,鲍斯股份,1.08,1768618580.91,6.7370468766,-44.1518,703014486.66,303.09,305.508,3.682509094283,32.36,-0.275585399272,33.9237263283,通用设备,2025-10-28,2024-09-30
300440,运达科技,0.0915,453268896.4,-15.5048321697,17.8323,39537476.42,15.97,-25.964,3.594976491985,2.5,0.026078068012,41.9684246263,IT服务Ⅱ,2025-10-28,2024-09-30
300435,中泰股份,0.52,2011924213.08,-10.6695770129,16.7287,189483439.06,-26.99,24.0781,8.493670474239,5.86,0.654926171895,19.0291076553,专用设备,2025-10-28,2024-09-30
300428,立中集团,0.78,19369141598.82,13.0889118726,4.6617,493344866.07,19.09,2.8541,11.024696529079,7.15,-1.274524663838,9.7400579853,汽车零部件,2025-10-28,2024-09-30
300425,中建环能,0.0345,911791951.03,5.7398496926,-16.2428,23412623.29,-48.3,-109.3242,3.387968972716,1.01,0.145555919432,29.6707239315,环境治理,2025-10-28,2024-09-30
300417,南华仪器,0.1375,67208290.12,-20.9525905919,35.9815,18508556.12,500.95,-110.2985,3.442068059321,3.98,0.033809977765,39.6002315823,通用设备,2025-10-28,2024-09-30
300414,中光防雷,0.0119,311475870.51,-26.6308242111,-5.8077,3868909.95,-93.62,348.9924,2.996241208278,0.4,0.095225823295,23.1723715682,通信设备,2025-10-28,2024-09-30
300405,科隆股份,-0.0709,468918113.17,10.3707331382,-6.6427,-20171247.65,14.62,52.3663,1.680060057213,-4.05,-0.042300484599,7.6867752729,化学制品,2025-10-28,2024-09-30
300403,汉宇集团,0.2957,817625491.4,2.36429813,-7.3144,178336096.64,0.45,2.5686,3.161059968441,9.14,0.328047600547,33.8742691248,家电零部件Ⅱ,2025-10-28,2024-09-30
300396,ST迪瑞,0.7062,1175445053.92,12.0962244389,37.7496,192577440.82,-17.8,-37.0787,7.687475697493,9.28,-1.097806291834,43.4094326815,医疗器械,2025-10-28,2024-09-30
300385,ST雪浪,-0.4542,395169408.71,-55.9122832454,-63.3478,-151300281.63,-13797.33,30.7342,1.660306463445,-24.06,-0.348536218626,9.7919502312,环境治理,2025-10-28,2024-09-30
300384,三联虹普,0.8173,938811565.51,1.596455719,-10.3769,260736824.68,23.44,-7.3307,8.2775095186,9.98,0.368009850403,43.0155185861,专业工程,2025-10-28,2024-09-30
300376,易事特,0.09,2310744601.38,-37.7446386532,-29.1596,206031762.26,-64.39,3.5495,3.008936560688,2.92,-0.168638482905,32.7022233789,其他电源设备Ⅱ,2025-10-28,2024-09-30
300375,鹏翎股份,0.1024,1683896672.11,27.2922405805,3.9946,77366636.09,69.12,-59.4764,2.979836369664,3.47,0.023345232762,20.3125176945,汽车零部件,2025-10-28,2024-09-30
300371,汇中股份,0.2739,263232631.03,-18.9899949614,35.0149,54636421.7,-28.67,107.5975,5.509213618793,4.96,0.092715131904,51.9458658621,通用设备,2025-10-28,2024-09-30
300358,楚天科技,-0.3172,4171292806.22,-18.7485456309,-6.5973,-187253063.9,-165.18,-69.3831,7.604561012012,-3.96,-0.585075456934,25.9424685643,医疗器械,2025-10-28,2024-09-30
300333,兆日科技,-0.0096,109253992.61,4.4771684325,-40.1648,-3215448.81,92.59,-142.9563,1.87895687994,-0.51,-0.042495543393,58.2975174439,计算机设备,2025-10-28,2024-09-30
300310,宜通世纪,0.0276,1784246221.2,-5.0618198262,-5.8267,24321526.11,219.65,-135.7907,2.202201996716,1.28,-0.415447759843,10.188846574,通信服务,2025-10-28,2024-09-30
300304,云意电气,0.35,1556374721.37,31.765152491,-4.2736,307258248.91,31.27,-9.2601,3.336265610124,10.99,0.268876725632,32.5423797885,汽车零部件,2025-10-28,2024-09-30
300301,ST长方,-0.0474,378302353.21,-16.1456695973,-18.705,-37447922.75,53.89,-11.6913,0.017910501408,-113.95,-0.021073650152,26.0534883259,光学光电子,2025-10-28,2024-09-30
300294,博雅生物,0.82,1245107779.6,-43.1561165899,-21.8902,412703629.27,-11.07,-40.9966,15.034602993196,5.55,0.520395261336,66.6656980279,生物制品,2025-10-28,2024-09-30
300290,ST荣科,-0.0103,475017586.97,-8.5521280759,-16.1999,-6618349.05,-181.06,-126.2565,1.280302851362,-0.8,-0.21001106628,39.1754864798,IT服务Ⅱ,2025-10-28,2024-09-30
300285,国瓷材料,0.48,2966224206.5,6.4233898196,-10.1117,482234096.93,9.38,-22.9746,6.605896275783,7.43,0.358164466715,39.6466588282,电子化学品Ⅱ,2025-10-28,2024-09-30
300284,苏交科,0.1213,2914359029.72,-6.4942453622,-26.8517,153157011.34,-32.98,-104.4351,6.599351818421,1.83,-0.591603758455,31.6422280987,工程咨询服务Ⅱ,2025-10-28,2024-09-30
300277,汽轮科技,0.0132,130897692.36,36.1676792504,7.0744,4519070.93,-35.35,-40.2145,1.454110491373,0.92,0.060646137791,22.8464779331,IT服务Ⅱ,2025-10-28,2024-09-30
300275,梅安森,0.1537,351926904.02,19.0013950617,-14.4388,46303886.76,30.72,-28.8328,2.893391565091,5.39,0.015032987395,43.0410812529,计算机设备,2025-10-28,2024-09-30
300257,开山股份,0.2217,3109933951.43,-0.4665628083,7.9042,220255702.47,-36.55,-55.4722,6.370484025111,3.51,0.324187812874,32.3734549963,通用设备,2025-10-28,2024-09-30
300256,星星科技,-0.0563,858133305.07,41.2439362064,24.4895,-127641159.33,43.98,-20.9526,0.53044670896,-8.65,0.023128365465,10.4077021463,消费电子,2025-10-28,2024-09-30
300253,卫宁健康,0.0716,1913315732.46,0.6500901728,-5.4409,154630806.68,1.51,818.6813,2.681884880374,2.66,-0.048137483243,40.9228500099,软件开发,2025-10-28,2024-09-30
300235,方直科技,0.07,73726631.27,7.358245077,149.5949,18732018.31,-30.83,18864.687,2.802791953743,2.66,0.111857442265,82.2086157281,软件开发,2025-10-28,2024-09-30
300228,富瑞特装,0.2196,2566048429.7,21.4316694545,-0.604,126359094.16,222.42,-30.3287,3.569578842847,6.39,0.204911279351,19.8267354521,通用设备,2025-10-28,2024-09-30
300222,科大智能,0.04,1914013395.45,-9.2631861972,-10.8108,30255505.38,168.88,-57.3621,2.141329809417,1.82,-0.082243002344,25.6957230811,电网设备,2025-10-28,2024-09-30
300219,鸿利智汇,0.13,3045734420.66,14.9150592232,4.3524,91364721.04,-52.22,-78.778,3.661426548123,3.52,0.553371419287,18.896188306,光学光电子,2025-10-28,2024-09-30
300218,安利股份,0.7027,1801760048.57,25.8893192874,15.3754,150262472.31,260.94,13.1385,6.387632420375,11.34,0.694362824824,25.3125478824,塑料,2025-10-28,2024-09-30
300212,*ST易录,-0.8514,431664468.06,-38.5686341611,-35.3318,-612928954.99,-13.6,-34.3149,4.141975989337,-18.64,-0.452690495428,0.7279787711,IT服务Ⅱ,2025-10-28,2024-09-30
300206,理邦仪器,0.2966,1382134895.62,-9.2865888497,-3.8867,171899407.52,-27.41,-45.933,3.465713077054,8.66,0.364309335617,58.1411292571,医疗器械,2025-10-28,2024-09-30
300194,福安药业,0.25,1995281936.35,0.6200357293,-9.8367,301606802.14,19.76,-9.4152,3.698200935871,7.06,0.252871442528,52.9641950096,化学制药,2025-10-28,2024-09-30
300185,通裕重工,0.014,4276149262.1,-2.5042893952,15.1428,54683600.21,-78.2,-53.0945,1.716772467789,0.78,0.032773571288,12.7963040451,风电设备,2025-10-28,2024-09-30
300181,佐力药业,0.6018,2044879347.76,39.5872453274,-18.3663,421480135.5,46.93,-18.363,3.706511513913,15.13,0.305289015904,61.6061915917,中药Ⅱ,2025-10-28,2024-09-30
300173,ST福能,0.0092,475275054.57,-53.4585565364,7.5182,6769314.44,-82.49,52.4882,1.237161386575,0.75,-0.037704926921,23.3783934254,电池,2025-10-28,2024-09-30
300164,通源石油,0.0814,866674111.76,9.6768533434,-2.2724,48119318.02,-46.96,-56.3468,2.314446750447,3.58,0.120087273391,29.0388490662,油服工程,2025-10-28,2024-09-30
300157,新锦动力,-0.16,390795413.06,-27.7299265131,-64.6429,-109166799.39,-18.65,0.7375,-0.315037509172,-123.68,0.069558324288,25.4263948474,通用设备,2025-10-28,2024-09-30
300154,瑞凌股份,0.32,824180144.42,-7.5149228749,-3.2682,143044104.9,42.33,229.1307,3.907874942904,7.88,0.113109639655,21.6077422728,通用设备,2025-10-28,2024-09-30
300152,*ST动力,-0.0027,189099266.49,33.2004828945,21.1027,-1904911.23,92.22,24.0791,0.451014930415,-0.59,0.027311883572,23.8487228571,环境治理,2025-10-28,2024-09-30
300148,天舟文化,0.025,241774161.46,-0.6302380101,-77.7442,20962190.5,242.29,-90.361,1.136558812686,2.21,-0.101880183249,37.7634332009,出版,2025-10-28,2024-09-30
300147,*ST香雪,-0.33,1533560038.6,-11.2616340354,-17.1824,-217797921.89,-49.1,17.0594,2.581117103325,-12.0,-0.054688863837,31.0996642476,中药Ⅱ,2025-10-28,2024-09-30
300145,南方泵业,0.133,3585294891.81,-3.9954687797,17.7834,251883731.22,16.63,17.2528,1.371837125416,10.05,0.183186831492,34.7928742503,通用设备,2025-10-28,2024-09-30
300144,宋城演艺,0.3852,2013441144.08,24.460958777,35.3244,1007811683.44,28.04,53.1604,3.07284085363,13.11,0.503838052927,71.8670300021,旅游及景区,2025-10-28,2024-09-30
300143,盈康生命,0.1298,1227709136.74,11.2645748243,-0.6155,82544665.51,-12.24,-2.9108,2.21786251698,5.93,0.384485832105,25.9358233454,医疗服务,2025-10-28,2024-09-30
300130,新国都,0.53,2444991728.97,-15.5308428288,9.2071,297258477.12,-46.18,-166.4483,7.640096804237,6.83,0.519802567388,41.9943070532,计算机设备,2025-10-28,2024-09-30
300129,泰胜风能,0.1597,2949678158.9,-0.9449299902,29.5715,149265673.74,-36.78,-73.6685,4.704845973282,3.43,-0.84232777039,16.3239769755,风电设备,2025-10-28,2024-09-30
300127,银河磁体,0.35,590316693.32,-6.3237439776,-8.7097,113902316.46,-21.98,-8.1484,4.384189561628,7.88,0.809447130118,33.2583358935,金属新材料,2025-10-28,2024-09-30
300118,东方日升,-1.3745,14903307325.55,-46.8056430819,-19.5859,-1559516499.41,-221.9,12.6553,11.660025443217,-10.94,-3.855576706719,8.6057931539,光伏设备,2025-10-28,2024-09-30
300112,万讯自控,0.0495,739562738.01,-1.7035708622,-5.2833,16111916.13,-62.98,-33.5972,3.775462192214,1.34,-0.032107651028,45.9444283894,通用设备,2025-10-28,2024-09-30
300111,向日葵,0.002,226976257.3,-3.4749855835,-5.9802,2785154.52,-88.36,-21.762,0.529317030957,0.41,0.041354200584,23.9063281268,化学制药,2025-10-28,2024-09-30
300109,新开源,0.66,1110998865.19,-7.9178705192,10.6075,311243169.86,-23.13,7.3965,7.23391093691,8.83,0.584856662318,52.1043321274,化学制品,2025-10-28,2024-09-30
300107,建新股份,0.0246,449009834.16,-4.2346782764,-23.797,13693610.77,28.45,-54.1137,2.68364377281,0.92,-0.112956329345,11.2414273697,化学制品,2025-10-28,2024-09-30
300099,尤洛卡,0.0773,402446980.96,2.4676051148,-9.6371,56958026.18,-23.14,-6.9136,3.199797714894,,0.21663930178,48.2867238602,专用设备,2025-10-28,2024-09-30
300074,华平股份,-0.1115,198755257.3,-37.7466937737,185.6971,-59143512.58,-399.64,115.6062,1.902004993274,-5.71,-0.145567925893,42.7062578787,软件开发,2025-10-28,2024-09-30
300070,碧水源,-0.0118,4749763026.85,-11.8775665883,-20.0357,-42944604.71,-110.8,118.1085,7.487361589461,-0.16,-0.221567014124,27.7661352313,环境治理,2025-10-28,2024-09-30
300067,安诺其,0.0107,744981248.93,26.2428640141,-2.1575,12273958.91,234.09,-80.6621,2.214992192196,0.48,-0.080984546633,17.7563379508,化学制品,2025-10-28,2024-09-30
300061,旗天科技,-0.03,514610992.03,-26.1543472375,-14.0011,-20031423.66,36.34,41.6865,1.134314387026,-2.64,-0.344520997035,30.8087092863,广告营销,2025-10-28,2024-09-30
300054,鼎龙股份,0.4,2425738703.28,29.5440529075,11.8512,376322650.86,113.51,16.3047,4.625834398402,8.25,0.648622082108,46.4508033745,电子化学品Ⅱ,2025-10-28,2024-09-30
300041,回天新材,0.2935,3028302815.86,-1.910044848,-2.7073,163102707.01,-44.86,-54.1991,5.000446829297,5.67,0.207299434535,18.2913646115,化学制品,2025-10-28,2024-09-30
300040,九洲集团,0.12,973546819.53,21.0473238137,-45.3275,73192369.72,0.33,-112.3121,4.839273004624,2.5,0.123476156644,31.6526805869,电力,2025-10-28,2024-09-30
300036,超图软件,0.059,948513094.55,-25.346530713,-7.9983,26306976.27,-80.58,-126.1546,5.797697221117,0.88,-1.151524746288,62.4475545919,软件开发,2025-10-28,2024-09-30
300030,阳普医疗,-0.14,421468424.66,-10.781054309,-15.5912,-42517592.38,-1434.95,-1686.686,2.20081579744,-6.06,0.138399560247,40.0426893583,医疗器械,2025-10-28,2024-09-30
300025,华星创业,-0.0795,502310567.57,-3.1635012104,-14.2434,-40469132.17,-129.66,-82.5223,1.253298345746,-6.19,-0.095114356386,10.5294554634,通信服务,2025-10-28,2024-09-30
300021,大禹节水,0.0349,1883437504.58,2.1682206696,-11.5021,29870035.47,-17.66,10.3654,2.182621246735,1.48,0.100393187433,22.983737131,农业综合Ⅱ,2025-10-28,2024-09-30
300015,爱尔眼科,0.3746,16301500342.75,1.5848738659,7.612,3451768879.59,8.5,21.8604,2.187521061136,17.37,0.460893740127,51.0183446596,医疗服务,2025-10-28,2024-09-30
300009,安科生物,0.35,1921280101.12,-4.9522482004,-3.1519,589719954.61,-9.89,-12.4988,2.348968735805,15.47,0.25108438166,77.7457325144,生物制品,2025-10-28,2024-09-30
300008,天海防务,0.0444,2340567346.03,-1.9439841597,-0.9085,76652518.92,-14.17,-46.7729,1.171115576944,3.89,-0.139951692284,16.0027020575,航海装备Ⅱ,2025-10-28,2024-09-30
300004,南风股份,0.09,420701915.71,63.8439808548,-3.5319,41966162.57,451.35,110.9774,3.593730186106,2.46,-0.088790148593,31.476071602,专用设备,2025-10-28,2024-09-30
200706,瓦轴B,-0.12,1625585949.75,-8.2856728662,-15.5074,-48300786.29,-18.66,88.9062,0.803733784998,-13.9,0.206587053179,14.1105659203,通用设备,2025-10-28,2024-09-30
200581,苏威孚B,1.31,8217398122.23,-1.4960594371,-9.5906,1277399421.53,-3.38,-20.2749,19.547728784041,6.52,1.071909265086,17.0815728225,汽车零部件,2025-10-28,2024-09-30
200037,深南电B,-0.0757,371008976.9,-18.2991069107,70.6104,-45628230.07,-58.66,11.4212,2.348869695541,-3.18,-0.135056041998,6.4400445805,电力,2025-10-28,2024-09-30
200025,特力B,0.2507,2067381333.76,69.3756398496,-40.6896,108084248.41,46.64,-24.1293,3.940595544983,6.49,0.095781812215,8.8654485516,综合Ⅱ,2025-10-28,2024-09-30
200019,深粮B,0.2119,3801884388.21,-15.1252189301,3.1392,244254341.57,-10.82,77.3717,4.198516897402,5.02,0.453389265366,17.4483172957,农产品加工,2025-10-28,2024-09-30
003040,楚天龙,-0.06,695353730.5,-27.0156821074,-4.0725,-28285227.02,-138.55,50.9446,3.054895264688,-1.92,-0.185747844651,28.8595696302,通信设备,2025-10-28,2024-09-30
003036,泰坦股份,0.37,1230630345.46,10.8071164454,-9.9871,80906300.99,-32.13,-56.3972,6.269025338081,6.2,0.150204298129,16.342252055,专用设备,2025-10-28,2024-09-30
003035,南网能源,0.0402,2278625117.76,3.7820341077,27.6646,152103236.53,-56.15,-145.7473,1.81307493198,2.24,0.263515697341,35.4326962719,电力,2025-10-28,2024-09-30
003029,吉大正元,-0.37,281346196.59,-13.0243485313,-28.7473,-71290576.24,14.32,-169.6176,6.297814946318,-5.81,-0.907586494256,56.6958705159,软件开发,2025-10-28,2024-09-30
003019,宸展光电,0.97,1865922053.03,50.2949172986,-16.6587,163125923.88,44.11,-49.7655,8.502479847869,10.85,0.750791999841,23.2868690712,光学光电子,2025-10-28,2024-09-30
003013,地铁设计,0.74,1916575850.73,3.0522660284,4.1487,296488518.32,3.61,-13.1678,6.241537726863,11.97,-1.297499793144,36.0904401888,工程咨询服务Ⅱ,2025-10-28,2024-09-30
003012,东鹏控股,0.26,4683602002.67,-18.2740313047,-23.6655,308578682.68,-50.95,-55.8293,6.508180294945,4.01,0.416781150077,31.2327954939,家居用品,2025-10-28,2024-09-30
003007,直真科技,-0.4,187255813.45,-5.4921494668,-26.2385,-40714644.82,13.7,-101.3641,7.873861842212,-4.79,0.194684228269,64.340322984,软件开发,2025-10-28,2024-09-30
003005,竞业达,0.164,301778424.71,22.0150787942,34.8318,24339148.41,1377.71,222.9773,10.202134358356,1.62,-0.136129685445,50.1910024136,IT服务Ⅱ,2025-10-28,2024-09-30
003002,壶化股份,0.52,777993832.36,-18.8765230651,-5.7394,103573859.61,-32.91,-15.9072,6.6719425879,7.87,0.3912783396,40.2966792165,化学制品,2025-10-28,2024-09-30
002993,奥海科技,1.08,4545714320.33,27.3966249926,-0.7788,300531862.05,-13.77,-39.197,17.941104775141,6.16,1.213625045392,19.8096560394,消费电子,2025-10-28,2024-09-30
002986,宇新股份,0.6936,5690760125.53,21.9638802139,2.6722,262460029.56,-31.33,-53.3881,10.45127673683,6.7,-0.241853170953,19.247390674,炼化及贸易,2025-10-28,2024-09-30
002980,华盛昌,0.98,560818902.54,14.2954628273,26.1712,109881970.69,20.71,24.3056,7.879512615669,10.22,1.119502165699,46.8863859365,电网设备,2025-10-28,2024-09-30
002979,雷赛智能,0.47,1155171097.37,9.6214679493,-24.8295,144280371.32,56.36,-54.7937,4.613720441738,10.55,0.384230146861,38.6391512847,自动化设备,2025-10-28,2024-09-30
002976,瑞玛精密,-0.05,1201231001.11,0.6396749772,-0.8408,-5636309.25,-109.69,-367.412,6.671899869958,-0.3,-0.763858765264,20.8364934129,汽车零部件,2025-10-28,2024-09-30
002961,瑞达期货,0.61,1669187782.73,104.66,-7.5618,271400367.0,51.15,108.7668,6.11502551056,9.86,4.369521540024,,多元金融,2025-10-28,2024-09-30
002953,日丰股份,0.2756,3061164446.99,6.4384079121,-15.8793,125899473.53,14.71,-32.0855,4.026905748995,6.98,0.067775638928,11.8966762533,电网设备,2025-10-28,2024-09-30
002939,长城证券,0.27,2849729229.3,-9.45,-19.399,1097993394.15,-9.46,2.1349,7.302169556791,3.77,3.491647840291,,证券Ⅱ,2025-10-28,2024-09-30
002921,联诚精密,-0.198,811367826.19,-4.4498383193,0.2761,-24461680.94,-394.96,53.8421,7.685242463625,-2.16,0.943709329555,14.0859436264,汽车零部件,2025-10-28,2024-09-30
002920,德赛西威,2.55,18974765447.01,31.128208736,20.4752,1406806972.61,46.49,25.2921,16.136683964032,16.69,1.511758413826,20.1994983954,汽车零部件,2025-10-28,2024-09-30
002915,中欣氟材,-0.1313,1028100032.3,12.0484098263,16.2576,-42994733.16,-13.73,22.6466,4.431837718427,-2.94,-0.250060059629,9.4018455542,化学制品,2025-10-28,2024-09-30
002913,奥士康,0.88,3307667795.44,2.6009375588,-0.8738,278808252.52,-36.71,-49.1659,13.604325723248,6.63,1.762139925515,23.6860846026,元件,2025-10-28,2024-09-30
002906,华阳集团,0.89,6841122978.54,42.6150430384,20.2124,464680881.91,56.2,22.8927,11.945775449992,7.56,0.958465481747,20.8255319341,汽车零部件,2025-10-28,2024-09-30
002893,京能热力,0.16,670416505.42,0.0296478697,-23.2982,42662403.72,22.92,-15.1582,4.407970378736,3.71,-0.75522357552,18.4930965866,电力,2025-10-28,2024-09-30
002881,美格智能,0.35,2182028242.59,39.9007379124,19.8852,91356360.57,33.05,114.2259,5.833391729472,6.03,-0.159144591396,16.2516205464,通信设备,2025-10-28,2024-09-30
002877,智能自控,0.095,784583718.49,2.658529116,-26.2651,33681909.0,-57.13,-104.2687,3.242667916892,2.84,-0.328266928127,27.8520554315,通用设备,2025-10-28,2024-09-30
002871,伟隆股份,0.41,391897994.23,-1.803850531,6.4283,89406724.63,-5.65,30.1476,3.536375615062,10.78,0.318619460425,41.1528331797,通用设备,2025-10-28,2024-09-30
002865,钧达股份,-1.84,8201899511.06,-42.9635572981,-31.2746,-416853306.7,-125.45,-34.6216,17.650609042376,-9.55,3.058170413344,0.2920304233,光伏设备,2025-10-28,2024-09-30
002864,盘龙药业,0.85,716922919.85,0.0963743981,6.6568,89571690.67,6.5,4.9546,15.123237571245,5.66,1.207638117966,61.7731504264,中药Ⅱ,2025-10-28,2024-09-30
002863,今飞凯达,0.1,3355058860.89,5.7423364997,-5.0107,60570167.06,5.05,-7.5134,4.576781914683,2.16,0.060000359188,13.9968109905,汽车零部件,2025-10-28,2024-09-30
002862,实丰文化,0.0377,310048873.03,39.9223846479,73.0282,4522670.98,142.53,220.3833,3.4422920705,1.1,-0.18427968175,34.3134911572,文娱用品,2025-10-28,2024-09-30
002858,力盛体育,0.0951,332622442.97,20.67855511,-6.9261,14108572.24,346.93,-80.0408,3.541225230469,2.44,0.602562420602,24.5666093966,体育Ⅱ,2025-10-28,2024-09-30
002855,捷荣技术,-0.7177,982636220.59,-28.7520665387,43.0226,-176856620.71,-229.94,34.4824,2.962832485069,-21.61,-0.470261280874,10.4615273716,消费电子,2025-10-28,2024-09-30
002852,道道全,0.32,4203149640.54,-20.0004406784,16.1135,111469533.29,-39.84,279.756,5.914942352494,5.53,6.220953196894,8.9080300596,农产品加工,2025-10-28,2024-09-30
002849,威星智能,0.3002,978156266.02,0.078675572,-14.147,66243801.24,4.93,120.5625,6.035500117171,5.08,-0.10429185244,35.2594110431,通用设备,2025-10-28,2024-09-30
002847,盐津铺子,1.81,3860690589.15,28.4922806653,13.4247,493034072.61,24.55,8.6883,5.663211437093,30.81,3.213051844038,31.8359121253,休闲食品,2025-10-28,2024-09-30
002840,华统股份,0.09,6485017011.58,5.2076882721,6.9607,53422789.37,114.91,351.0428,3.48444150479,2.54,0.643407701863,6.0143281742,食品加工,2025-10-28,2024-09-30
002836,新宏泽,0.2032,264438359.09,138.1948933994,30.5451,45771072.06,348.13,-0.6826,1.541564000043,11.86,0.294884684939,31.9617737725,包装印刷,2025-10-28,2024-09-30
002831,裕同科技,1.22,12258627268.07,13.4367196516,26.501,1114030215.39,13.05,121.6165,12.080010185795,9.89,1.733064347952,25.1871131478,包装印刷,2025-10-28,2024-09-30
002825,纳尔股份,0.31,1421648925.55,32.666916337,-7.8817,107542851.47,87.67,5.5286,4.382049650334,7.25,0.218990220808,17.3397380802,塑料,2025-10-28,2024-09-30
002818,富森美,0.73,1079070147.5,-6.8090314916,-2.2513,546128566.66,-11.37,35.2771,7.572920326277,9.22,1.179426597096,68.1420662932,一般零售,2025-10-28,2024-09-30
002809,红墙股份,0.19,474482265.41,-16.9818055383,-1.9243,39925584.33,-39.37,-18.4667,7.615301327316,2.39,0.757068093478,28.9794014727,化学制品,2025-10-28,2024-09-30
002803,吉宏股份,0.36,3897087378.79,-20.9615126106,27.8669,134673298.73,-58.01,110.8088,5.798075257268,5.75,0.430322833467,42.8820622682,互联网电商,2025-10-28,2024-09-30
002800,天顺股份,0.1189,1011207009.73,29.5478960482,61.0039,18095371.24,10.93,149.511,3.469222532575,3.46,-1.891378307604,5.7575861263,物流,2025-10-28,2024-09-30
002799,环球印务,0.09,1107145601.58,-9.8922110351,0.8219,27464044.45,-36.86,-168.9867,4.281337694882,2.0,0.378748462755,13.6464303859,包装印刷,2025-10-28,2024-09-30
002796,世嘉科技,0.11,705453399.48,-7.069576281,-7.0134,28083944.14,259.48,-60.973,3.410415736318,3.25,0.026055544791,12.0347967084,通信设备,2025-10-28,2024-09-30
002793,罗欣药业,-0.2486,1880916973.62,2.9790089705,8.9702,-265370489.03,-15.62,-239.4164,1.934668961023,-11.75,-0.149379584357,42.8050205353,化学制药,2025-10-28,2024-09-30
002786,银宝山新,-0.26,1677954951.1,-2.5181689031,-7.2165,-128245944.61,10.42,-30.2016,0.752825306187,-33.42,-0.031848965864,11.7441643908,专用设备,2025-10-28,2024-09-30
002772,众兴菌业,0.2254,1416478603.36,-2.4780764278,17.2496,88650673.21,-49.49,1223.2186,8.6541436851,2.59,0.767413947829,19.7773888363,种植业,2025-10-28,2024-09-30
002766,索菱股份,0.0519,1032361361.76,41.4500630532,16.167,44065809.08,127.38,72.1932,0.881226419313,6.03,0.070861394007,22.1061028941,汽车零部件,2025-10-28,2024-09-30
002758,浙农股份,0.31,30730673434.38,5.1678057793,-18.3564,160437318.84,-32.99,14.3959,8.646033195818,3.54,0.361460704678,4.7535662929,综合Ⅱ,2025-10-28,2024-09-30
002753,永东股份,0.2208,3165587230.93,-5.5351707981,-11.9238,82114551.53,38.43,50.1086,6.080091685876,3.56,0.003494183376,5.2295794279,橡胶,2025-10-28,2024-09-30
002746,仙坛股份,0.13,3807379705.68,-12.1722663195,4.3808,111968551.38,-58.04,242.1594,5.310841510065,2.44,-0.028378494545,3.7141838065,养殖业,2025-10-28,2024-09-30
002738,中矿资源,0.7564,3569349314.96,-28.6913882209,-11.3879,545754118.4,-73.64,-66.4443,16.332615128047,4.52,-0.230592557441,35.4605237331,能源金属,2025-10-28,2024-09-30
002737,葵花药业,1.0,2966906461.88,-29.9464119996,-56.4796,586835406.5,-31.06,-56.5205,7.670043770565,12.32,-0.683515635308,52.2336633848,中药Ⅱ,2025-10-28,2024-09-30
002731,*ST萃华,0.46,3324538456.04,0.904220231,34.7826,116704170.44,26.26,54.5337,6.355104744648,7.41,0.430897991614,12.695680836,饰品,2025-10-28,2024-09-30
002724,海洋王,0.0677,1093711616.4,-4.1974687884,-20.1206,52267603.42,-41.28,-78.7528,3.668665659952,1.85,0.143209476731,62.6524749116,照明设备Ⅱ,2025-10-28,2024-09-30
002723,小崧股份,-0.1238,1186346906.83,-3.5403294536,-7.1746,-39380034.61,-450.26,-2287.5755,3.75446008202,-3.23,0.154300161988,14.1570238396,照明设备Ⅱ,2025-10-28,2024-09-30
002718,友邦吊顶,-0.27,480118519.45,-32.6623164032,-16.611,-35733468.88,-150.47,62.3426,7.498682579611,-3.48,-0.94297847559,24.4619773727,装修建材,2025-10-28,2024-09-30
002715,登云股份,0.0815,376602374.58,-6.0294741473,-2.3905,11253572.35,-4.31,-31.8643,3.094902779348,2.68,0.275005652464,30.1393714569,汽车零部件,2025-10-28,2024-09-30
002703,浙江世宝,0.138,1817567758.66,54.4864514723,9.2091,111982671.15,174.96,-0.03,2.316877713326,6.38,-0.005859692134,19.7008157162,汽车零部件,2025-10-28,2024-09-30
002700,万憬能源,0.1985,492137332.94,3.4849456946,12.6365,82113488.61,-9.12,-10.5507,2.002971692101,10.13,0.075687380008,26.9991658987,燃气Ⅱ,2025-10-28,2024-09-30
002682,龙洲股份,-0.1284,2486068703.2,-12.0343488451,49.6343,-72203663.09,39.47,-0.0348,2.555173025487,-5.17,0.176252223751,3.4011106162,物流,2025-10-28,2024-09-30
002669,康达新材,-0.257,2178859546.56,9.7619912384,-1.2461,-76477138.03,-336.84,37.05,9.545940154153,-2.6,1.409685674753,16.7311567258,化学制品,2025-10-28,2024-09-30
002659,凯文教育,-0.037,225424130.42,17.9752405732,-2.5363,-22186091.55,13.43,-94.1476,3.641495280765,-1.01,0.012146011978,29.6031260787,教育,2025-10-28,2024-09-30
002658,雪迪龙,0.12,835346354.45,-11.8094725187,-24.1023,75854090.72,-37.97,-52.5422,3.919104608968,2.97,0.224768407015,39.9344611697,环保设备Ⅱ,2025-10-28,2024-09-30
002650,ST加加,-0.061,1036437138.27,-14.9189988835,-17.8552,-67651382.23,-166.58,-7.7271,1.753172988043,-3.3,0.044852872942,24.5264066651,调味发酵品Ⅱ,2025-10-28,2024-09-30
002649,博彦科技,0.3045,5098151293.03,4.6420011812,0.2176,178409792.61,-20.39,87.4525,7.156594684804,4.3,-0.310956317159,24.3794091495,IT服务Ⅱ,2025-10-28,2024-09-30
002641,公元股份,0.12,4768140776.7,-13.6329404885,-15.129,147744393.59,-46.92,-79.699,4.416168805141,2.74,0.114009128941,19.4449916433,装修建材,2025-10-28,2024-09-30
002627,三峡旅游,0.1576,556416952.75,-56.5848223758,2.3936,111939263.17,7.21,29.9326,4.252456672975,3.54,0.247540254111,33.703607964,旅游及景区,2025-10-28,2024-09-30
002613,北玻股份,0.0996,1225718015.79,-3.6533913802,3.6151,93381730.06,3.21,-14.5874,1.858523717447,5.32,0.2244072997,27.9699794515,玻璃玻纤,2025-10-28,2024-09-30
002603,以岭药业,0.3321,6365441001.17,-25.7646670417,-15.4141,554776843.41,-68.46,-89.2642,6.885618252102,4.8,0.193109949674,53.3938037078,中药Ⅱ,2025-10-28,2024-09-30
002601,龙佰集团,1.08,20884897227.84,2.9666570726,8.7742,2563655212.73,19.68,9.3256,10.004657703906,10.63,1.086389318891,26.9458324363,化学原料,2025-10-28,2024-09-30
002593,日上集团,0.04,2208037389.7,-24.2303766681,-15.1267,31027712.09,-45.7,-129.4472,2.958769344705,1.3,0.306534976526,8.9258503936,专业工程,2025-10-28,2024-09-30
002591,恒大高新,0.0473,295260294.2,8.595278612,70.0785,14214174.45,279.54,-89.7488,2.283953654531,2.09,0.100389111462,14.7880813905,化学制品,2025-10-28,2024-09-30
002584,西陇科学,0.1097,5990745531.23,11.4768265866,1.1159,64186108.0,117.61,-39.7744,3.968365581306,2.75,0.05029438598,6.8144960643,电子化学品Ⅱ,2025-10-28,2024-09-30
002577,雷柏科技,0.12,328543167.42,7.5599071146,-11.4632,34177407.59,14.05,-13.8617,4.179285173077,2.9,0.302992639282,30.9710384602,计算机设备,2025-10-28,2024-09-30
002575,群兴玩具,-0.02,229489343.34,577.6697272318,1.5538,-10314671.59,-181.24,-4.0158,1.283590316763,-1.27,-0.091082800846,7.1185425267,综合Ⅱ,2025-10-28,2024-09-30
002573,清新环境,0.0423,5884956835.5,-1.5884373769,10.6043,59438351.39,-77.34,74.2215,4.432618903658,0.93,0.423939967901,18.0369030491,环境治理,2025-10-28,2024-09-30
002572,索菲亚,0.9638,7655534559.64,-6.6449652433,-3.27,921596114.99,-3.24,-10.5559,7.240199667905,13.18,0.16970372017,35.7935207259,家居用品,2025-10-28,2024-09-30
002568,百润股份,0.55,2386195034.85,-2.8784396717,-8.2869,574271676.9,-13.67,-26.262,4.170119086447,13.43,0.513385416762,70.1099363697,非白酒,2025-10-28,2024-09-30
002565,顺灏股份,0.0528,1131725903.55,15.9382972665,25.3031,55963010.31,117.8,286.3601,1.809664671958,2.94,0.153554488393,25.0578477669,包装印刷,2025-10-28,2024-09-30
002559,亚威股份,0.1853,1491103684.04,-1.7481061975,-1.8984,101870107.22,1.29,46.1518,3.255508225074,5.73,0.027747622955,23.9905725691,通用设备,2025-10-28,2024-09-30
002551,尚荣医疗,0.0174,1002639030.84,9.125117748,4.4637,14727598.37,8.97,389.63,3.098000191032,0.56,0.232143121261,15.8390918511,医疗器械,2025-10-28,2024-09-30
002543,万和电气,0.61,5234039388.34,18.6134643739,-22.3044,453934662.0,-18.83,-47.7733,6.322331919822,9.52,1.332778245952,28.9729621899,厨卫电器,2025-10-28,2024-09-30
002540,亚太科技,0.2803,5489383101.78,12.2080217432,1.7623,350370405.55,-11.76,-15.7756,4.275911926943,6.19,0.29377730695,12.7327898281,工业金属,2025-10-28,2024-09-30
002539,云图控股,0.55,15696624559.92,-2.7826790652,-22.4702,669116968.46,-6.36,-10.397,7.195170692493,7.87,0.690882468403,10.6437743715,农化制品,2025-10-28,2024-09-30
002533,金杯电工,0.5815,12740578749.86,15.9878017908,8.4445,426764729.85,18.89,6.5641,5.483419295213,10.8,-0.647262944855,10.5246321128,电网设备,2025-10-28,2024-09-30
002526,山东矿机,0.0615,1708455372.22,-20.9346338704,-27.8276,109570504.94,-47.21,-66.5298,1.747371977171,3.54,0.082053173449,21.082137602,专用设备,2025-10-28,2024-09-30
002515,金字火腿,0.025,258408438.71,10.5711836889,-10.0029,29848472.53,9.33,-110.8914,2.141613461116,1.15,0.121589343151,22.3819213176,食品加工,2025-10-28,2024-09-30
002514,*ST宝馨,-0.2295,226974223.85,-53.9871572759,-5.8734,-165268860.5,-332.3,12.3143,1.093428480287,-19.04,0.059943124971,5.0261299043,通用设备,2025-10-28,2024-09-30
002511,中顺洁柔,0.04,5955223653.32,-12.721726136,-11.1125,53582265.37,-67.61,-332.1611,4.161058867235,0.98,-0.354673928945,31.0170484029,个护用品,2025-10-28,2024-09-30
002495,佳隆股份,0.0171,185786800.46,-8.7387929111,4.7324,15898477.99,156.5,24.5594,1.184396060743,1.42,0.018475767796,32.0765764696,调味发酵品Ⅱ,2025-10-28,2024-09-30
002487,大金重工,0.44,2306360294.98,-30.807843825,6.3619,282004183.93,-30.88,-10.5502,11.101206837861,3.98,0.864866524466,27.1899213447,风电设备,2025-10-28,2024-09-30
002476,新叶股份,0.0382,385872584.58,24.2731137926,123.648,23367306.31,10035.25,4150.1121,1.460963354461,2.64,0.007775015997,17.648668237,炼化及贸易,2025-10-28,2024-09-30
002468,申通快递,0.4338,33490920381.55,14.1619750141,4.2416,652464362.99,195.18,-12.6439,6.148424172474,7.17,1.762640424027,5.8245797853,物流,2025-10-28,2024-09-30
002458,益生股份,0.27,2153706856.96,-18.9825641032,12.9901,300540531.72,-56.04,59.7331,4.022072248551,6.79,0.388791902452,27.7045171455,养殖业,2025-10-28,2024-09-30
002414,高德红外,0.0118,1812411716.3,12.3753115264,-2.7996,50212286.28,-82.42,236.3361,1.595223707161,0.74,-0.006144397501,52.4139430758,军工电子Ⅱ,2025-10-28,2024-09-30
002412,汉森制药,0.2598,693981713.71,1.4382829529,-5.6875,130753045.98,19.15,-28.3459,4.175819114308,6.43,0.27620929694,75.1343860579,中药Ⅱ,2025-10-28,2024-09-30
002398,垒知集团,0.14,1848946001.24,-17.3144396086,1.7955,95919631.97,-42.66,-22.8118,5.138479587033,2.61,0.138144541408,22.1316180367,水泥,2025-10-28,2024-09-30
002394,联发股份,0.4033,3593350060.52,8.2234635193,-7.7067,130535409.35,-8.87,181.4075,12.363482325116,3.32,1.659114112697,14.8304260179,纺织制造,2025-10-28,2024-09-30
002383,合众思壮,-0.0861,905383145.36,-33.8654558275,22.4648,-63727152.73,-2298.02,75.5705,2.472109982126,-3.42,-0.107708537994,39.6793149951,军工电子Ⅱ,2025-10-28,2024-09-30
002381,双箭股份,0.34,1934243188.17,4.3225939686,-9.6275,139616162.92,-13.77,-50.4553,5.194517112763,6.53,0.07127847072,18.4812383575,橡胶,2025-10-28,2024-09-30
002378,章源钨业,0.12,2823080001.43,12.0985180684,7.3796,146580374.36,33.0,-59.644,1.757358947092,6.95,0.190250276143,16.2790283083,小金属,2025-10-28,2024-09-30
002372,伟星新材,0.4,3772679833.05,0.7122735098,6.166,623910809.42,-28.64,52.5019,2.993003878611,11.74,0.51025444749,42.4907435584,装修建材,2025-10-28,2024-09-30
002367,康力电梯,0.3531,2877072426.0,-17.927078599,-6.6911,281708219.36,-19.6,-13.2613,4.336104715041,8.12,0.324120267856,29.1531910334,专用设备,2025-10-28,2024-09-30
002366,融发核电,-0.0063,590077179.29,32.6971679907,-39.6956,-13067060.4,-401.48,-1524.5333,2.228115379738,-0.28,-0.152737948524,20.550047849,其他电源设备Ⅱ,2025-10-28,2024-09-30
002363,隆基机械,0.09,1704913267.4,5.4772130719,-4.2514,36750105.77,8.79,-42.7973,5.043799144185,1.72,0.499965153126,9.0805734145,汽车零部件,2025-10-28,2024-09-30
002360,ST同德,0.1,416584306.71,-43.0849746952,-38.5137,39306640.48,-73.82,-204.1767,5.252874356845,1.82,-0.055005452365,36.9256060664,化学制品,2025-10-28,2024-09-30
002358,森源电气,0.14,1925751004.62,5.4801154614,8.2484,130601471.77,50.94,1508.9137,3.523620990155,4.04,0.04690875192,27.936912592,电网设备,2025-10-28,2024-09-30
002342,巨力索具,-0.0039,1540072684.0,-10.1565119691,6.1229,-3723565.5,-133.86,-2874.0289,2.572447140323,-0.15,-0.14687281099,21.0302544013,通用设备,2025-10-28,2024-09-30
002332,仙琚制药,0.536,3237007358.82,-0.0139718923,-0.0692,530180818.31,12.42,0.985,6.079775105332,8.96,0.219798835725,54.6312481398,化学制药,2025-10-28,2024-09-30
002330,得利斯,0.0104,2081720145.42,-10.0118726552,17.2556,6630111.72,-76.51,-1197.8474,3.715593827374,0.28,-0.071366479565,8.9968808647,食品加工,2025-10-28,2024-09-30
002324,普利特,0.1902,5737942631.18,-11.6885099463,10.298,209151538.01,-47.99,-0.6355,3.952571567303,4.79,0.203743967035,13.9287888515,塑料,2025-10-28,2024-09-30
002320,海峡股份,0.1259,3943037435.63,30.7606325064,-12.2334,280561082.09,-31.24,-77.3099,1.926043306349,4.44,0.583633383094,39.3376441787,航运港口,2025-10-28,2024-09-30
002318,久立特材,1.09,7143204732.22,16.073042104,-5.2874,1044958715.2,-5.68,26.8606,7.759564287937,14.19,0.378774677745,26.9273954959,特钢Ⅱ,2025-10-28,2024-09-30
002316,亚联发展,0.0275,424819963.69,-1.3489603599,2.0956,10810899.32,272.25,116.6164,0.181307255011,16.28,-0.142162105922,15.2783186285,综合Ⅱ,2025-10-28,2024-09-30
002315,焦点科技,1.1297,1212180457.04,7.7792874623,2.1874,357714192.07,20.17,-21.0012,7.57805624231,14.46,0.862323044561,80.0823833528,互联网电商,2025-10-28,2024-09-30
002310,东方新能,-0.5104,684531004.24,-61.0940295087,-56.0167,-2279514437.27,-16.71,-34.1168,-0.920328538761,,0.009182561441,-79.6017815022,电力,2025-10-28,2024-09-30
002309,中利集团,-0.176,1819272744.55,-47.7724904674,-20.3498,-454010793.24,-52.65,-138.5821,-1.124107302243,,0.03428088853,21.2890763889,电网设备,2025-10-28,2024-09-30
002303,美盈森,0.1428,2943632194.5,12.947493735,8.926,218736676.43,35.23,-14.9939,3.006545831765,4.27,0.239352181998,27.7586463141,包装印刷,2025-10-28,2024-09-30
002300,太阳电缆,0.1319,10199014854.08,5.1050877989,9.3468,95269836.65,-40.09,-6.219,2.614052487334,4.89,-0.361637461162,3.8483710135,电网设备,2025-10-28,2024-09-30
002294,信立泰,0.46,3001062877.67,22.1780370742,0.7113,509714167.7,6.37,15.1542,7.720222573618,6.23,0.76596496358,72.067284166,化学制药,2025-10-28,2024-09-30
002293,罗莱生活,0.3137,3201188250.42,-14.7441466174,7.6554,261540982.44,-37.14,49.0524,4.796818233127,5.99,0.497578516351,45.8845105903,服装家纺,2025-10-28,2024-09-30
002292,奥飞娱乐,0.0482,2010746241.73,-0.4467965588,7.8127,71243790.14,-12.5,260.3849,2.288252362691,2.12,0.118785970178,42.6170250818,文娱用品,2025-10-28,2024-09-30
002287,奇正藏药,0.742,1471754788.04,18.0959211174,-28.3549,393375922.95,3.38,-70.3406,7.027434886506,10.34,0.436115150098,81.5920699119,中药Ⅱ,2025-10-28,2024-09-30
002285,世联行,-0.01,1741272508.96,-32.9333626199,-22.9602,-20967718.02,-43.67,-164.6611,1.515534003504,-0.69,-0.049939212648,4.963335515,房地产服务,2025-10-28,2024-09-30
002284,亚太股份,0.2125,3004679930.26,10.6321945743,1.6619,157057473.75,61.45,20.1371,3.878727538456,5.55,0.858958727469,17.6804937654,汽车零部件,2025-10-28,2024-09-30
002282,博深股份,0.31,1247673841.78,7.3762819034,5.3519,164751227.26,86.8,5.7243,6.699514150306,4.72,0.056686151594,27.290943567,通用设备,2025-10-28,2024-09-30
002274,华昌化工,0.5565,6274030501.72,4.6305364042,-9.6376,529990815.21,12.9,-62.1928,6.020908130991,9.43,0.332438679123,16.0638450682,化学原料,2025-10-28,2024-09-30
002273,水晶光电,0.63,4709724778.54,32.6883989085,56.912,861536709.9,96.77,75.2977,6.357478438665,9.92,0.999545806468,31.5745701582,光学光电子,2025-10-28,2024-09-30
002271,东方雨虹,0.52,21698721761.17,-14.4380616015,-19.6913,1277265621.53,-45.73,-43.9112,10.743940454506,4.68,-0.202072963777,29.1299374959,装修建材,2025-10-28,2024-09-30
002268,电科网安,-0.2521,992623175.2,-42.3333709975,-31.313,-213221395.36,-380.49,109.8625,6.236731584032,-3.94,-1.109781263911,38.9358348955,计算机设备,2025-10-28,2024-09-30
002255,海陆重工,0.2861,1778592381.69,0.3260006374,-8.7647,240962327.36,2.85,37.9984,4.7693381464,6.33,0.582572293191,25.5584501193,其他电源设备Ⅱ,2025-10-28,2024-09-30
002252,上海莱士,0.277,6314412912.62,6.3861606008,-6.1001,1837807056.93,2.81,23.3534,4.694161975464,6.03,0.077678302658,40.6350254973,生物制品,2025-10-28,2024-09-30
002251,步步高,0.75,2530990987.09,5.1619334365,4.0768,2019539587.7,409.89,2238.1709,3.189240014663,48.58,-0.092336666146,37.2778134772,一般零售,2025-10-28,2024-09-30
002250,联化科技,0.0352,4358811013.1,-13.1409621385,-8.7017,32503844.03,143.13,60.0455,6.911019933884,0.51,0.999729564568,22.7051503251,农化制品,2025-10-28,2024-09-30
002247,聚力文化,0.2592,628417928.47,-8.9708675198,-6.1295,220531041.02,164.38,-100.5743,0.735484874142,42.78,-0.024163406567,20.6216180314,装修建材,2025-10-28,2024-09-30
002245,蔚蓝锂芯,0.2447,4838452180.65,30.9208304469,8.4411,281859628.52,173.21,18.4944,5.846262946303,4.28,0.406093496482,16.4651921851,电池,2025-10-28,2024-09-30
002243,力合科创,0.1119,1594374990.89,-9.3063361523,-9.5257,135454492.99,-53.33,-53.7757,5.924989839747,1.89,-0.257034407246,20.0877188328,化妆品,2025-10-28,2024-09-30
002242,九阳股份,0.13,6182055590.3,-8.835005539,-22.6562,98063944.12,-73.02,-270.216,4.512176468579,2.83,0.543609896599,24.7200261693,小家电,2025-10-28,2024-09-30
002239,奥特佳,0.0284,5633823867.21,13.2708813762,-0.0783,91962958.68,45.74,-23.471,1.66119382576,1.65,0.130214228454,11.8461102614,汽车零部件,2025-10-28,2024-09-30
002233,塔牌集团,0.33,2930081005.21,-28.8142492393,-2.9455,381075061.09,-37.98,100.1815,9.884107267119,3.22,0.17100393194,23.11215314,水泥,2025-10-28,2024-09-30
002227,*ST特迅,-0.0945,221524664.7,19.2000254851,-7.039,-23413432.88,17.34,-108.7875,4.17118760461,-2.24,-0.077487173705,26.2651237499,其他电源设备Ⅱ,2025-10-28,2024-09-30
002216,三全食品,0.45,5124963675.4,-5.3549026056,3.391,394250644.85,-28.61,-40.8347,4.877612782585,9.09,0.834825984809,25.0288169063,食品加工,2025-10-28,2024-09-30
002209,达意隆,0.2107,960577515.57,5.5889550052,-7.5149,41938930.64,-12.19,-33.4111,3.459655156169,6.32,0.98063580005,24.8569973573,专用设备,2025-10-28,2024-09-30
002205,国统股份,-0.1656,380083128.92,64.4773950346,62.8965,-30780024.56,74.69,161.077,3.23194251867,-5.04,-0.05303222429,28.5992284501,水泥,2025-10-28,2024-09-30
002200,交投生态,-0.161,308266408.81,30.3531112449,-45.4171,-29645175.83,-38.0,16.5519,0.081513278155,-141.6,0.550029436566,14.2058453754,基础建设,2025-10-28,2024-09-30
002196,方正电机,0.0,1822214790.01,11.9841165341,-3.4,8978.29,-99.99,-109.1007,2.919106821624,,0.372216190056,13.4582839106,电机Ⅱ,2025-10-28,2024-09-30
002194,武汉凡谷,0.0682,1068720671.23,-15.4406871362,-3.0452,46566865.65,-47.95,-39.0025,3.719499149204,1.82,0.035067406259,25.3683799311,通信设备,2025-10-28,2024-09-30
002188,中天服务,0.01,264373800.89,6.0111465324,6.9085,3025987.19,-84.55,-245.447,0.461474971258,2.27,-0.22922778854,22.5475323157,房地产服务,2025-10-28,2024-09-30
002185,华天科技,0.1114,10531227276.55,30.5239808687,5.5607,357041387.7,330.83,-18.9453,5.134538005894,2.21,0.6170279853,12.2875760786,半导体,2025-10-28,2024-09-30
002182,宝武镁业,0.155,6346601066.66,14.0857625091,2.6823,153760115.77,-25.88,-42.4856,5.376908637132,2.88,0.058764223151,11.4814096046,小金属,2025-10-28,2024-09-30
002166,莱茵生物,0.14,1169965060.76,31.607963707,15.6668,101621708.59,148.46,-3.607,4.096969912101,3.28,0.192370604532,28.1588237085,化学制品,2025-10-28,2024-09-30
002156,通富微电,0.3645,17081280328.6,7.384252095,3.5034,552515103.62,967.8272508429,2.5342,9.532628323047,3.89,2.027754393302,14.3276359601,半导体,2025-10-28,2024-09-30
002155,湖南黄金,0.43,20989478458.12,11.9266093854,-19.98,666826170.54,73.56,-17.022,5.594381123494,10.32,0.331393577845,7.6136640328,贵金属,2025-10-28,2024-09-30
002154,报喜鸟,0.28,3535785553.91,-3.5896727267,-6.2276,415267019.16,-25.19,-23.9804,2.939714276542,9.47,0.096747356108,65.7589325913,服装家纺,2025-10-28,2024-09-30
002151,北斗星通,-0.12,1062688466.89,-66.1696590376,-8.1499,-63663519.18,-361.92,-960.8746,10.06717212839,-1.15,-0.163789620437,37.0321358716,军工电子Ⅱ,2025-10-28,2024-09-30
002145,钛能化学,0.1219,5149125328.4,43.2567977563,16.9792,447678905.28,33.98,-16.9823,3.084257788248,3.76,0.017308599536,18.5223004593,化学原料,2025-10-28,2024-09-30
002142,宁波银行,3.08,50753000000.0,7.4478670477,-3.6153,20707000000.0,7.02,6.3593,29.886583888552,10.8825,18.928528164749,,银行Ⅱ,2025-10-28,2024-09-30
002139,拓邦股份,0.44,7699609718.19,21.0377667419,-0.5126,552221632.8,46.71,-23.3583,5.255254635283,8.61,0.603033072497,23.7096214522,消费电子,2025-10-28,2024-09-30
002138,顺络电子,0.79,4195164400.47,14.1254254335,4.994,624077365.35,30.71,29.4316,7.65320844728,10.41,1.382837146741,37.3096607233,元件,2025-10-28,2024-09-30
002131,利欧股份,-0.0236,15848008474.27,1.0809493896,-10.893,-159548963.86,-107.58,215.5086,1.901393597013,-1.19,-0.086930027917,8.7076958636,通用设备,2025-10-28,2024-09-30
002122,ST汇洲,0.0343,694092801.62,10.43444783,1.9218,68687033.22,-45.17,-81.1904,1.173688438368,2.97,-0.025910343207,20.5570798713,通用设备,2025-10-28,2024-09-30
002119,康强电子,0.21,1487018940.36,13.5523465106,-5.9134,79419476.53,32.92,14.0329,3.633108063573,5.98,-0.074761070762,12.7799004284,半导体,2025-10-28,2024-09-30
002116,中国海诚,0.46,4292207612.48,2.0525947782,5.2608,213488510.86,8.12,-13.9479,5.160560661152,8.99,-0.135412500821,14.9633717181,专业工程,2025-10-28,2024-09-30
002115,三维通信,-0.0306,8521235454.13,-14.2916478375,-13.4955,-24625225.5,-125.89,-126.0063,2.873514239928,-1.05,0.265027782862,4.6056743037,通信服务,2025-10-28,2024-09-30
002108,沧州明珠,0.0831,1962414906.17,-1.5390733453,0.3961,138401451.5,-43.02,76.8367,3.036615552268,2.71,-0.076152019581,11.9279950898,塑料,2025-10-28,2024-09-30
002098,浔兴股份,0.4797,1866773726.77,29.7037851372,-7.3922,171732337.7,69.17,-43.6195,3.612305837933,14.08,0.403470160615,33.9744854416,纺织制造,2025-10-28,2024-09-30
002078,太阳纸业,0.88,30975042729.97,6.0697260133,1.0864,2458768787.62,15.08,-12.6141,9.904971434845,9.09,2.078008977091,16.3535432315,造纸,2025-10-28,2024-09-30
002077,大港股份,0.0684,239718577.78,-28.5287201838,31.7799,39688757.23,-65.55,-40.2133,5.701403459562,1.21,0.180398406052,9.5222063519,半导体,2025-10-28,2024-09-30
002073,软控股份,0.3389,4878545456.35,32.6653812332,-6.0884,343376105.52,63.8,22.5289,5.55047355549,6.32,0.346037684918,23.9223811805,专用设备,2025-10-28,2024-09-30
002068,黑猫股份,-0.0747,7299635347.07,7.4527486669,-5.617,-55000017.96,79.11,99.1132,4.030718807919,-1.84,-0.328535591127,4.0366442414,橡胶,2025-10-28,2024-09-30
002059,云南旅游,0.1348,447734534.04,21.0054579027,-16.209,136436615.78,226.69,1376.5783,1.576744972597,8.93,-0.086037429434,3.5757291995,旅游及景区,2025-10-28,2024-09-30
002049,紫光国微,1.1977,4262985693.96,-24.5577353913,-19.7494,1009951371.09,-50.27,-36.7656,14.130517997652,8.49,1.145445306564,56.6914604596,半导体,2025-10-28,2024-09-30
002045,国光电器,0.44,5698560721.12,31.7779058307,50.5357,244129896.34,-21.79,84.0736,7.366383944078,6.01,0.279435184896,13.7868788338,消费电子,2025-10-28,2024-09-30
002040,南京港,0.2568,727111638.35,7.3179200768,-2.675,124268539.31,7.91,-13.3665,6.624629274468,3.87,0.417487047109,45.6002233099,航运港口,2025-10-28,2024-09-30
002039,黔源电力,0.6206,1465729934.08,-5.5776273665,-3.0298,265338033.6,-3.88,8.6107,9.280243527613,6.8,2.67307026334,55.783789793,电力,2025-10-28,2024-09-30
002036,联创电子,-0.0432,7743356750.61,9.2217255772,13.6715,-46181314.22,85.94,373.8476,2.513632655029,-1.67,0.003277219231,9.528358989,光学光电子,2025-10-28,2024-09-30
002035,华帝股份,0.4848,4575581449.41,3.2652601656,-14.237,403791138.21,12.28,-40.6326,4.363237097467,11.07,0.439187335245,40.4953395044,厨卫电器,2025-10-28,2024-09-30
002026,山东威达,0.45,1614804686.24,-4.3165043085,-9.5983,199435160.88,91.89,-35.8634,8.002085007832,5.66,0.223117339662,24.2115683978,通用设备,2025-10-28,2024-09-30
002015,协鑫能科,0.3832,7552252949.6,-15.6951860926,24.4526,605936898.9,-36.43,-12.5359,7.228875355764,5.14,1.066682397511,26.0483315131,电力,2025-10-28,2024-09-30
002010,传化智联,0.0859,19385258823.92,-24.7555020725,-1.185,237368361.23,-52.75,-143.6251,6.22640052734,1.36,0.153551303341,14.3000112556,物流,2025-10-28,2024-09-30
002005,德豪润达,-0.0291,546137612.5,-7.5279532963,16.128,-50734076.38,75.12,56.9388,0.183485464311,-14.02,-0.070684125168,18.333860448,小家电,2025-10-28,2024-09-30
001391,国货航,0.1,14228619820.0,44.8144733098,6.1437,1104573579.0,71.0676992221,7.4027,1.942585441692,5.46,0.164909725023,13.2852765617,物流,2025-10-28,2024-09-30
001389,广合科技,1.2,2680659839.63,36.6883729472,5.8455,492495287.9,69.92,-0.6843,6.803366441108,19.86,1.467493311295,33.300645458,元件,2025-10-28,2024-09-30
001388,信通电子,0.65,641863289.01,-1.9685772901,-7.9164,75688987.68,-4.9579874782,-32.4441,,10.11,,33.4851400057,电网设备,2025-10-28,2024-09-30
001382,新亚电缆,0.26,2051131498.9,-7.7710561727,45.0063,90339882.35,-28.9304767423,34.8096,,,,9.5272564302,电网设备,2025-10-28,2024-09-30
001380,华纬科技,0.5675,1234143777.97,45.8576558409,31.4148,153491350.71,39.92,77.2138,8.825265232316,9.87,-0.504795906444,25.008353362,汽车零部件,2025-10-28,2024-09-30
001373,翔腾新材,0.1622,505283388.49,-6.2331558318,0.4835,11142564.08,-65.56,-30.1787,13.084115439908,1.22,0.960227279768,12.845149965,光学光电子,2025-10-28,2024-09-30
001337,四川黄金,0.4691,527677592.87,5.7711587091,-35.3983,197009597.35,25.38,-11.5446,3.359477123071,13.96,0.6787616685,53.4424389893,贵金属,2025-10-28,2024-09-30
001336,楚环科技,0.27,271875214.84,-3.7586409502,-20.6412,21604474.22,-18.0,-69.8669,9.675997310432,2.78,0.501846659036,34.2234818995,环保设备Ⅱ,2025-10-28,2024-09-30
001335,信凯科技,1.03,1054258792.16,32.9184193651,11.3308,72189616.95,8.5713251517,-6.5315,,,,13.8629056335,化学制品,2025-10-28,2024-09-30
001318,阳光乳业,0.3024,385489971.92,-8.7174861191,-10.0011,85481951.91,-9.81,-10.4141,4.86806571142,6.0,0.296797422522,36.9539417486,饮料乳品,2025-10-28,2024-09-30
001301,尚太科技,2.22,3619977243.98,14.1618605298,23.8778,577819312.4,1.72,6.3412,23.160807892855,9.85,-2.04937058346,25.2019932544,电池,2025-10-28,2024-09-30
001300,三柏硕,0.0848,399844406.71,37.6576485646,19.5055,20680616.69,70.85,-65.0168,4.329467141163,1.98,-0.120853770443,23.7780868969,文娱用品,2025-10-28,2024-09-30
001288,运机集团,0.53,867861201.65,35.2170191028,-16.2384,84228864.52,20.56,-23.5707,11.926677469701,3.98,-1.064412465677,29.2587432503,专用设备,2025-10-28,2024-09-30
001285,瑞立科密,1.2954,1361750778.42,6.5271540568,,175056844.18,3.0608822444,,,,,27.3476784226,汽车零部件,2025-10-28,2024-09-30
001268,联合精密,0.47,541256336.26,7.9383794842,-9.2779,50216735.02,8.99,-5.924,9.215850380754,4.98,1.150252128133,21.408858446,家电零部件Ⅱ,2025-10-28,2024-09-30
001255,博菲电气,0.1558,251841486.63,-0.7479018374,58.2328,12403578.67,-72.01,584.9305,9.059874351625,1.67,0.67988952325,25.5506268332,塑料,2025-10-28,2024-09-30
001239,永达股份,0.1882,427616825.93,-28.4764505092,-18.7097,45159471.51,-26.82,-20.9666,5.288166755792,3.62,-0.110278498,19.8938608449,工程机械,2025-10-28,2024-09-30
001229,魅视科技,0.52,117395931.55,-15.9876468472,46.6063,52133089.84,-13.33,39.1633,9.6488195823,5.33,0.4071623119,76.023670805,计算机设备,2025-10-28,2024-09-30
001221,悍高集团,0.97,2009270409.09,32.6032890489,19.3452,350167870.13,71.6918197816,33.5062,,,,35.5005001713,家居用品,2025-10-28,2024-09-30
001215,千味央厨,0.84,1363927622.46,2.6989650486,9.9972,81554647.58,-13.49,-10.2066,18.005618448361,4.68,-0.045059105124,24.2530570796,食品加工,2025-10-28,2024-09-30
000995,皇台酒业,0.13,113469516.06,0.5714332161,64.5604,22625643.48,545.36,649.1688,0.819335877413,16.97,-0.00056456011,65.9044539685,白酒Ⅱ,2025-10-28,2024-09-30
000968,蓝焰控股,0.31,1795759493.15,1.9872157695,8.1976,301680645.25,-28.52,25.7158,6.003119273652,5.22,0.832940716837,33.6081799652,油气开采Ⅱ,2025-10-28,2024-09-30
000963,华东医药,1.4644,31477654750.5,3.5635498323,-0.3948,2562326688.45,17.05,3.9224,12.564469226427,11.7,1.428750110277,32.549602005,化学制药,2025-10-28,2024-09-30
000957,中通客车,0.3294,4233662626.68,51.8763213462,0.3253,195274612.78,164.94,22.997,4.894098565235,6.93,1.754016678952,16.7398475874,商用车,2025-10-28,2024-09-30
000955,欣龙控股,-0.0258,393341196.37,-3.8540463808,-1.5456,-13866467.71,-23.86,71.5518,1.208848029142,-2.11,0.005217277334,8.2924424751,纺织制造,2025-10-28,2024-09-30
000953,中哲精化,0.2166,166695111.85,10.1649233527,-42.2521,79288717.79,2171.86,1918.877,0.395253055035,75.04,-0.025388037893,14.0123671719,化学制药,2025-10-28,2024-09-30
000950,重药控股,0.17,59692657955.53,2.2419215419,-1.1983,292225609.0,-43.54,-59.9364,6.617490560691,2.57,-1.822876760998,7.4352288372,医药商业,2025-10-28,2024-09-30
000932,华菱钢铁,0.2563,111666353286.81,-7.1548192148,-8.1885,1770988335.91,-56.86,-53.2216,7.731106121,3.27,1.233085256352,6.9729993066,普钢,2025-10-28,2024-09-30
000922,佳电股份,0.35,3568377162.15,-3.2321202008,-18.1223,206418912.18,-33.31,-61.3592,5.52858964058,6.37,-0.750689984747,21.1721306824,电机Ⅱ,2025-10-28,2024-09-30
000919,金陵药业,0.131,2530594944.66,20.2615056911,-41.7758,76756455.53,-26.88,35.7799,6.031955098556,2.37,-0.050305432341,19.569518846,化学制药,2025-10-28,2024-09-30
000892,欢瑞世纪,-0.0556,153376811.84,-48.6464516976,26.7834,-53942905.35,-19.08,-6138.4386,1.087496800469,-4.97,-0.066686091926,70.4588630599,影视院线,2025-10-28,2024-09-30
000885,城发环境,1.346,4718714148.6,-1.8656759225,19.1452,864223019.65,-1.54,39.9918,12.788944934228,11.0,1.744957867682,42.8744728148,环境治理,2025-10-28,2024-09-30
000875,电投绿能,0.5066,10166149394.36,-7.7652729136,6.7126,1413489829.05,30.2,-32.9979,4.637969906886,11.31,1.417187519572,31.6690564578,电力,2025-10-28,2024-09-30
000863,三湘印象,0.0553,979793473.29,10.1767822882,-31.9867,65272820.83,96.02,47.6494,3.841512376891,1.45,-0.021384793164,52.1895103907,房地产开发,2025-10-28,2024-09-30
000838,*ST发展,-0.0055,748317534.24,-77.4343771123,-60.5809,-6034122.61,-110.73,-186.1099,0.613047334612,-0.89,-0.066257942224,8.630772817,房地产开发,2025-10-28,2024-09-30
000833,粤桂股份,0.2802,2020614889.76,-28.8618121917,-6.6022,224756149.8,363.15,21.8046,4.36620530008,6.6,0.321334163521,27.1080832427,综合Ⅱ,2025-10-28,2024-09-30
000812,陕西金叶,0.0766,1058767096.1,17.2877312155,-0.8155,58906696.3,39.61,-111.5033,2.384663821617,3.24,0.161403705006,27.9453958307,包装印刷,2025-10-28,2024-09-30
000796,凯撒旅业,-0.0113,507528524.34,5.0792717462,16.6147,-18159126.44,92.3,49.8715,0.535422948178,-1.78,-0.048374942591,22.0359032205,旅游及景区,2025-10-28,2024-09-30
000778,新兴铸管,0.1212,27080229944.77,-25.4438284509,-13.0968,483470768.39,-55.61,-78.3012,6.445268836341,1.88,-0.443041330986,5.5906195967,普钢,2025-10-28,2024-09-30
000757,浩物股份,-0.0451,2629530572.18,-3.1787781819,11.6078,-23892003.01,53.1,-48.2451,2.913048071769,-1.52,0.593820790922,10.4460724612,汽车服务,2025-10-28,2024-09-30
000755,山西高速,0.2605,1186097788.33,-7.0951134469,-1.1081,382250623.13,-1.48,-5.0657,3.589962812424,7.48,0.65371720659,58.9038575575,铁路公路,2025-10-28,2024-09-30
000731,四川美丰,0.3322,2868472643.82,-10.4519938074,-20.5324,189380792.48,-41.94,-74.6144,7.462803668819,4.48,0.795453990175,17.9291402178,农化制品,2025-10-28,2024-09-30
000728,国元证券,0.36,3939229702.34,2.46,17.2616,1569930551.73,10.07,6.028,8.142424481549,4.48,2.020671716044,,证券Ⅱ,2025-10-28,2024-09-30
000718,苏宁环球,0.1167,1738023035.4,18.6306107414,-49.7584,354000615.23,-7.52,-36.7232,3.19049872583,3.7,0.034285804487,59.6933671481,房地产开发,2025-10-28,2024-09-30
000707,双环科技,0.7313,2040941165.48,-28.4510400612,-32.126,339427152.32,-27.8,-85.0352,5.101276238619,13.58,0.881774826255,28.0277077186,化学原料,2025-10-28,2024-09-30
000702,正虹科技,-0.0642,784720264.1,-15.876379616,19.3311,-22240880.35,58.0,-315.334,1.180422824211,-5.32,-0.202921109822,5.1351698476,饲料,2025-10-28,2024-09-30
000683,博源化工,0.49,10372288708.04,29.0419546913,-12.8352,1804579955.32,19.84,-6.941,3.860581032924,12.87,0.801160180738,42.6308665414,化学原料,2025-10-28,2024-09-30
000672,上峰材料,0.42,3815489988.55,-21.7706441491,-4.0518,404407085.06,-42.27,49.5329,8.991549016111,4.53,0.761112161967,26.7108064615,水泥,2025-10-28,2024-09-30
000630,铜陵有色,0.22,106307900321.94,3.6193286839,-10.2889,2729926180.49,5.97,-49.4221,2.611663516219,8.34,0.287162239832,7.5740713717,工业金属,2025-10-28,2024-09-30
000605,渤海股份,0.0343,1202847148.3,1.0588298841,-13.4686,12092223.92,20.52,-188.3882,6.012442237053,0.57,0.07402948971,25.0948119931,环境治理,2025-10-28,2024-09-30
000603,盛达资源,0.2904,1396930504.38,-7.0848601587,-7.4885,199198185.44,48.73,27.8617,4.737461130222,6.24,0.60332836133,43.4731015255,贵金属,2025-10-28,2024-09-30
000597,东北制药,0.1455,6133512515.79,-4.2227248575,-11.8146,207968558.91,-5.37,-48.4157,3.618159719284,4.14,0.299884382309,34.5329962311,化学制药,2025-10-28,2024-09-30
000589,贵州轮胎,0.41,7842853831.55,11.4498518073,-2.4275,560493100.73,-10.76,-38.9831,5.600655226528,6.98,0.28013274998,18.5835956098,汽车零部件,2025-10-28,2024-09-30
000582,北部湾港,0.447,4902091246.8,0.1309014198,3.858,915943906.8,8.06,20.0045,7.685627826888,5.78,0.672220656963,31.0909474389,航运港口,2025-10-28,2024-09-30
000581,威孚高科,1.31,8217398122.23,-1.4960594371,-9.5906,1277399421.53,-3.38,-20.2749,19.547728784041,6.52,1.071909265086,17.0815728225,汽车零部件,2025-10-28,2024-09-30
000572,海马汽车,0.0341,1083994015.1,-44.1074625625,161.2365,56104547.33,137.53,416.1391,1.186842510413,2.92,-0.046854927121,8.1744709362,乘用车,2025-10-28,2024-09-30
000571,新大洲A,-0.0935,571706702.52,-30.1861263775,-15.257,-78056799.68,-27.35,-411.2607,0.355500893522,-23.28,0.057817864667,33.1893674543,煤炭开采,2025-10-28,2024-09-30
000563,陕国投A,0.1827,2016284164.67,5.154400561,-12.3518,934382745.46,12.28,-22.097,3.444341450004,5.37,0.294902022093,,多元金融,2025-10-28,2024-09-30
000559,万向钱潮,0.217,9384913597.42,-15.3301465519,-16.5613,716564819.95,18.22,7.8452,2.756911423232,7.95,0.274221684785,18.190321092,汽车零部件,2025-10-28,2024-09-30
000547,航天发展,-0.35,1190189186.44,-23.8965505124,-24.3701,-557891374.57,-6.48,-3.1039,3.944058961273,-8.66,-0.146564614978,10.4957416193,军工电子Ⅱ,2025-10-28,2024-09-30
000546,金圆股份,0.1494,4491423849.09,191.5940260202,9.9822,116385619.17,253.53,-138.1016,5.431007768988,2.76,-0.627717932905,0.6401961789,环境治理,2025-10-28,2024-09-30
000526,学大教育,1.4922,2246816944.46,25.285340437,-31.4574,175728017.03,50.16,-87.2611,6.548309172067,25.43,5.602380303531,34.9779364473,教育,2025-10-28,2024-09-30
000519,中兵红箭,-0.0432,2718750588.77,-9.6015059625,-13.5093,-60202805.2,-129.31,-279.8896,7.419540832002,-0.58,-0.853246892425,22.5462458396,地面兵装Ⅱ,2025-10-28,2024-09-30
000517,荣安地产,0.0999,17166218004.93,26.9445132298,-46.994,318054859.56,-68.86,-362.3803,2.470885759702,3.64,0.411094543582,6.6186583428,房地产开发,2025-10-28,2024-09-30
000421,南京公用,-0.025,3637986041.51,9.1341773789,20.4335,-14415775.85,-163.4,114.3246,4.598442538373,-0.54,-0.453473819826,13.4249558211,综合Ⅱ,2025-10-28,2024-09-30
000407,胜利股份,0.1247,3204633579.56,-1.6879919012,1.8836,109727926.91,7.62,-55.4594,3.351650304502,3.76,-0.074089299746,15.7427204747,燃气Ⅱ,2025-10-28,2024-09-30
000400,许继电气,0.8842,9586051242.34,-11.4859928239,-31.6827,894693268.75,10.41,-31.7037,11.129662606195,8.02,0.781088897316,21.9410616968,电网设备,2025-10-28,2024-09-30
000155,川能动力,0.3856,2277074667.79,-7.0161717672,-40.7413,629801178.08,11.69,-101.7142,5.515829319827,7.35,0.670978431792,53.9377759172,电力,2025-10-28,2024-09-30
000090,天健集团,0.1609,9239136891.75,-47.6058422366,8.0676,328490389.81,-68.01,-45.404,5.993383321334,2.65,0.024930887498,16.2271876464,房地产开发,2025-10-28,2024-09-30
000061,农产品,0.1858,3818959594.6,-5.7416971727,8.3682,315262037.92,7.31,-22.9178,3.676574482416,5.06,0.280584940219,29.3145345139,一般零售,2025-10-28,2024-09-30
000042,中洲控股,-0.7801,3862522827.46,-11.1513279054,137.4412,-518648358.32,-388.99,79.4344,7.847523991021,-9.47,4.662914076156,31.8446173262,房地产开发,2025-10-28,2024-09-30
000037,深南电A,-0.0757,371008976.9,-18.2991069107,70.6104,-45628230.07,-58.66,11.4212,2.348869695541,-3.18,-0.135056041998,6.4400445805,电力,2025-10-28,2024-09-30
000025,特力A,0.2507,2067381333.76,69.3756398496,-40.6896,108084248.41,46.64,-24.1293,3.940595544983,6.49,0.095781812215,8.8654485516,综合Ⅱ,2025-10-28,2024-09-30
000019,深粮控股,0.2119,3801884388.21,-15.1252189301,3.1392,244254341.57,-10.82,77.3717,4.198516897402,5.02,0.453389265366,17.4483172957,农产品加工,2025-10-28,2024-09-30
000010,*ST美丽,-0.0561,353804130.74,44.104381842,248.4343,-59430761.15,63.17,153.1553,0.190266576453,-27.05,-0.014376018728,16.5699775091,基础建设,2025-10-28,2024-09-30
920976,视声智能,0.51,176609222.57,4.1922760602,-7.6046,36057415.72,43.12,-10.9051,3.851133486063,12.62,0.449010447561,52.8321872619,计算机设备,2025-10-27,2024-09-30
920970,大禹生物,-0.14,89245304.8,-22.5007662351,-0.5015,-16117302.93,-156.06,5.5406,2.704652676894,-5.21,0.126278522886,24.4331101214,动物保健Ⅱ,2025-10-27,2024-09-30
920932,科达自控,0.33,252138847.07,6.506010997,-19.3006,24167081.03,10.52,18.6838,8.931017414596,3.56,0.465766852743,45.1621082127,软件开发,2025-10-27,2024-09-30
920786,骑士乳业,0.05,736650763.29,-5.5162494582,11.7844,10253752.98,-86.16,-238.849,3.737956113856,1.28,-0.201077098726,24.2580700388,饮料乳品,2025-10-27,2024-09-30
920656,海昇药业,0.33,116290891.37,-29.9366302844,56.1532,33329362.29,-50.09,47.843,7.939286124625,5.59,0.2485525315,40.1097795283,化学制药,2025-10-27,2024-09-30
920566,梓橦宫,0.39,298191168.41,0.6623886704,-5.9645,57210600.07,-12.22,-9.5332,5.136954909882,7.6,0.446892360614,79.6428975936,化学制药,2025-10-27,2024-09-30
920547,无锡晶海,0.49,252885742.93,-15.6801809852,4.0642,38163424.19,-23.68,-19.3561,8.394964201035,6.04,0.537817694625,29.8139903169,生物制品,2025-10-27,2024-09-30
920476,海能技术,-0.06,183944622.6,-10.501091856,36.9889,-4677751.65,-128.01,1025.5267,5.617032113814,-0.96,-0.186642332803,63.3935918331,通用设备,2025-10-27,2024-09-30
920438,戈碧迦,0.44,447369091.31,-24.1912171728,-8.0657,58672389.31,-31.87,-28.6094,6.58820854577,6.95,0.377584422018,31.7001122842,光学光电子,2025-10-27,2024-09-30
920419,路斯股份,0.57,574826380.09,14.7519991939,15.0393,59284013.76,15.14,19.7958,5.143508314755,11.57,0.391176498359,22.951205122,饲料,2025-10-27,2024-09-30
920414,欧普泰,-0.0121,70229178.93,-47.7794866957,-31.8937,-965249.18,-103.33,-117.4972,3.822140475422,-0.31,-0.175012093757,37.2192467266,光伏设备,2025-10-27,2024-09-30
920370,新安洁,-0.12,360040271.27,-17.5309969908,-6.562,-36076610.1,-8.02,-8.4816,2.176774550868,-5.27,-0.191307024096,12.081603493,环境治理,2025-10-27,2024-09-30
920304,迪尔化工,0.46,597126240.65,7.3303723407,-16.2859,73924791.55,31.5,-15.3261,3.046429082187,15.51,0.541206575409,20.7657185146,化学原料,2025-10-27,2024-09-30
920275,驱动力,0.06,50876109.39,-30.1403016263,10.8757,9298390.64,68.94,48.6446,1.458728136371,4.02,0.048881622198,40.475287511,动物保健Ⅱ,2025-10-27,2024-09-30
920247,华密新材,0.2,290705207.18,-0.5231929023,-0.3135,31615122.67,-23.44,10.6214,3.684482977745,7.21,0.141712101926,30.6486258345,汽车零部件,2025-10-27,2024-09-30
920225,利通科技,0.54,330738279.35,-7.215347059,-8.7166,68832564.22,-29.39,-16.769,5.024300102473,11.22,0.661138754093,41.624129094,橡胶,2025-10-27,2024-09-30
920221,易实精密,0.4,234775554.08,26.3546468787,3.9299,46008723.29,40.85,-18.0283,4.045511734436,11.98,0.593645682834,33.1249774214,汽车零部件,2025-10-27,2024-09-30
920159,农大科技,2.56,1996065115.88,-10.2331780869,-53.0008,153836785.43,34.7661757654,-68.5382,9.574920962833,30.92,0.4165613445,18.827180592,农化制品,2025-10-27,2024-09-30
920118,太湖远大,1.0436,1196139793.2,7.4305043908,2.9731,46345478.61,-17.66,-65.0616,11.164362138478,10.24,-6.054489729252,9.083314436,电网设备,2025-10-27,2024-09-30
920112,巴兰仕,1.67,800945293.74,37.5156653594,-6.9619,105124606.59,84.8723221374,-19.1429,7.466838010635,24.34,1.16547027381,28.3289874506,专用设备,2025-10-27,2024-09-30
920100,三协电机,0.72,295106191.59,17.2006300237,-27.6208,38096748.11,15.5195507118,-27.987,4.953978306059,15.64,0.484074747172,28.7671573689,电机Ⅱ,2025-10-27,2024-09-30
920060,万源通,0.8026,756392122.57,4.7877874498,17.4218,93422579.62,0.4132823275,9.699,5.543672476632,15.61,0.715795121379,23.1125107353,元件,2025-10-27,2024-09-30
920033,康普化学,0.67,284738762.37,-17.3806091452,-31.7871,79251317.71,-30.77,-48.0593,6.026183475168,11.34,-0.233890501006,44.8169227989,化学制品,2025-10-27,2024-09-30
874849,艾领创,0.52,42478243.13,,,11523289.25,,,,18.29,,61.5735991716,,2025-10-27,2024-09-30
832586,圣兆药物,-1.21,21831951.45,38.1289907896,,-155158909.14,-22.4044084026,,,-76.66,-0.823022559836,57.8326955285,,2025-10-27,2024-09-30
832381,国汇小贷,0.04,12465943.62,-8.7302158834,-34.1246,5676344.19,-7.14,-63.0743,1.1595751046,3.32,0.1474962316,,,2025-10-27,2024-09-30
831896,思考股份,-0.02,885710.08,46.34020159,3.8014,-5573300.26,-139.01,120.8406,0.321290311389,-4.69,-0.035423084167,-830.3533634844,,2025-10-27,2024-09-30
688506,百利天恒,10.14,5662560246.21,1399.2223188213,21.2223,4065367515.1,889.22966506,-77.3746,10.578301610773,186.1,11.208201454165,96.8954923399,生物制品,2025-10-27,2024-09-30
688372,伟测科技,0.55,740393153.61,43.620477651,26.025,62017815.03,-30.81,358.3367,22.3336154157,2.47,2.638740182976,34.3809055593,半导体,2025-10-27,2024-09-30
688116,天奈科技,0.53,1040352431.83,-1.6908574419,15.9733,182614619.97,13.06,8.7164,7.936515430727,6.53,0.214606822779,35.7384631808,电池,2025-10-27,2024-09-30
688098,申联生物,-0.03,248302819.25,3.7075364645,218.1992,-14124681.4,-138.05,163.1085,3.555963311165,-0.96,0.030375745463,61.1158677813,动物保健Ⅱ,2025-10-27,2024-09-30
603259,药明康德,2.25,27702002254.76,-6.2262739002,12.9831,6532934698.28,-19.11,-0.1958,18.94743371453,11.73,2.877507506547,40.6531846399,医疗服务,2025-10-27,2024-09-30
603136,天目湖,0.32,404649241.93,-14.7740877676,-9.9154,85424503.25,-28.84,-21.0351,4.886460794973,6.21,0.460614785743,52.8358086476,旅游及景区,2025-10-27,2024-09-30
603083,剑桥科技,0.57,2763850892.26,18.599974979,9.7069,151738028.0,26.15,32.72,8.393006536991,6.91,1.511664761473,21.5404064205,通信设备,2025-10-27,2024-09-30
601137,博威合金,1.4,14588763717.3,16.4836371526,30.419,1097542782.68,38.81,22.6495,9.782902732006,14.72,0.506560795563,15.7353180523,金属新材料,2025-10-27,2024-09-30
600969,郴电国际,0.1634,3316610519.37,9.7686473746,48.5558,60455574.46,257.79,110.3144,9.86389860671,1.67,2.965785612484,14.2003438239,电力,2025-10-27,2024-09-30
600908,无锡银行,0.8,3625287000.0,3.822900459,-14.7412,1765957000.0,5.37,-40.8816,9.408761269286,8.685,4.187120958754,,银行Ⅱ,2025-10-27,2024-09-30
600581,*ST八钢,-0.935,14822222330.47,-16.6376709949,-7.0476,-1445416890.68,-95.5698771941,-135.3434,0.232414357552,-134.86,1.328021753359,-2.4190911805,普钢,2025-10-27,2024-09-30
400290,R长药1,-0.5166,101004271.66,-90.1157179312,87.8225,-180970726.99,-56.21,72.9719,0.040390761373,-173.0,-0.093462339989,4.9266084674,,2025-10-27,2024-09-30
400098,航通5,-0.6222,836637433.8,-29.060319513,-20.8495,-324681224.47,-193.481168913,79.8431,-2.106642346783,,-0.452506625422,24.8614089804,,2025-10-27,2024-09-30
301678,新恒汇,0.76,592644378.03,,-19.4001,135744252.06,,-28.4047,,,,36.5458943237,半导体,2025-10-27,2024-09-30
301665,泰禾股份,0.41,3023021314.11,0.0261036878,-2.2373,166611224.46,-43.5699573755,13.1693,,,,20.7629060196,农化制品,2025-10-27,2024-09-30
301613,新铝时代,1.44,1377237248.49,-0.5082578476,-14.9738,154885433.01,0.75,-9.6069,12.109919731165,19.54,-4.508202084897,24.8356983109,汽车零部件,2025-10-27,2024-09-30
301601,惠通科技,0.8413,507331067.62,31.4650253384,-82.4273,88641340.08,26.97,-91.6984,8.551872298975,10.36,1.93922040784,29.9058093272,专用设备,2025-10-27,2024-09-30
301596,瑞迪智驱,1.1751,442673990.26,3.2742750825,-10.6512,73406437.51,4.22,-11.0254,14.582920314774,12.24,1.165853512619,32.4932339385,通用设备,2025-10-27,2024-09-30
301586,佳力奇,1.2179,436062017.42,24.1958353611,2.2235,78599133.78,-12.87,-53.3671,15.095346843634,7.51,-0.894969035741,32.7307984113,航空装备Ⅱ,2025-10-27,2024-09-30
301560,众捷汽车,0.74,724425247.22,,-2.693,67755682.4,,-31.9144,,,,24.126772917,汽车零部件,2025-10-27,2024-09-30
301512,智信精密,-0.617,193195906.64,-39.6945475893,200.3024,-32898234.93,-192.13,89.8741,18.417581032711,-3.22,-0.502823579596,36.2264286067,自动化设备,2025-10-27,2024-09-30
301505,苏州规划,0.19,189264132.29,-12.2649331202,-24.2457,16629422.35,-34.16,-82.7119,11.133792120909,1.67,-0.095931987955,37.0818873237,工程咨询服务Ⅱ,2025-10-27,2024-09-30
301491,汉桑科技,1.98,1158777265.67,,23.2187,191566845.63,,17.1028,,,,33.0054669781,消费电子,2025-10-27,2024-09-30
301469,恒达新材,0.5951,747514679.99,21.8802569056,-5.7145,53140859.58,-24.3,-38.1382,15.136780368797,3.89,1.878771618462,14.4483147677,造纸,2025-10-27,2024-09-30
301446,福事特,0.57,320795662.91,2.3113129539,-14.066,51389590.15,-20.97,-42.2296,10.680299474423,4.65,0.570857304327,36.3528177944,工程机械,2025-10-27,2024-09-30
301399,英特科技,0.33,354718376.06,-12.6347814574,-3.7959,42139679.13,-42.48,-22.047,10.260584885502,3.17,0.286564353683,23.5701030994,通用设备,2025-10-27,2024-09-30
301391,卡莱特,0.12,425824763.37,-24.9880287222,38.2122,11702533.35,-89.35,81.6573,22.783510220528,0.54,-1.366114786462,43.9814797707,计算机设备,2025-10-27,2024-09-30
301362,民爆光电,1.8,1230923667.58,8.0962885548,-11.3893,187100531.48,0.48,-21.9352,23.932319137098,7.34,1.552019448744,31.0264449022,照明设备Ⅱ,2025-10-27,2024-09-30
301349,信德新材,-0.2077,565458812.48,-19.3980464354,-9.7576,-21013924.17,-140.38,-195.946,26.418920851961,-0.77,-0.411080115686,3.1524548856,电池,2025-10-27,2024-09-30
301348,蓝箭电子,0.0004,505042975.27,-4.6369974254,-1.729,94209.59,-99.81,1591.8803,7.55842455595,0.01,0.2808547288,6.8600873087,半导体,2025-10-27,2024-09-30
301323,新莱福,1.03,652529212.83,15.7549882215,4.3427,106846757.8,1.98,-11.9294,19.476482255683,5.29,0.83751999111,37.3910052612,金属新材料,2025-10-27,2024-09-30
301321,翰博高新,-0.5482,1682679304.35,4.9532803849,16.2475,-99092324.96,-229.47,34.9592,6.056954187733,-8.22,-0.051663814842,10.669011626,光学光电子,2025-10-27,2024-09-30
301317,鑫磊股份,0.23,660123891.28,55.2333045431,-53.2441,35689862.14,-0.67,-111.7562,6.540149758254,3.36,-0.843853995483,23.6155498126,通用设备,2025-10-27,2024-09-30
301288,清研环境,-0.1221,52311443.5,-46.5979093852,-43.725,-13010479.09,-202.18,-1134.2156,7.501511140913,-1.58,-0.173357503194,47.2574134568,环保设备Ⅱ,2025-10-27,2024-09-30
301287,康力源,0.64,471480233.52,6.5479781835,12.4222,42822703.35,-50.57,0.2592,16.627261989051,3.88,0.315323560972,32.9231933969,文娱用品,2025-10-27,2024-09-30
301283,聚胶股份,0.8441,1447646729.79,24.3632562223,9.5754,66998386.75,-15.65,-63.1871,19.1559492885,4.31,-1.58438280975,12.8262664025,化学制品,2025-10-27,2024-09-30
301280,珠城科技,1.0,1136261977.53,26.6203006595,-21.0113,135087631.7,25.73,-28.7701,17.953495778817,7.83,-0.562786337783,24.6275832065,家电零部件Ⅱ,2025-10-27,2024-09-30
301265,华新科技,0.13,444769137.92,-17.3905228983,7.3723,40483783.63,-50.5,-18.639,6.794588662999,1.98,-0.147336831746,21.0132417094,环境治理,2025-10-27,2024-09-30
301248,杰创智能,-0.38,458279341.87,-24.242135228,7.1898,-58448012.92,-3239.22,26.3554,9.709697488045,-4.01,-1.186896680915,14.5599405109,IT服务Ⅱ,2025-10-27,2024-09-30
301231,荣信文化,-0.3,197217845.6,-4.5678559138,-24.1477,-24982366.66,-403.6,-90.8899,10.437072749526,-2.78,-0.686088250355,37.3571678039,出版,2025-10-27,2024-09-30
301226,祥明智能,0.1869,377181244.89,-18.6124923562,2.7239,20339530.45,-50.45,77.7732,8.258887546691,2.25,0.259143983088,18.8957312023,电机Ⅱ,2025-10-27,2024-09-30
301217,铜冠铜箔,-0.12,3218047067.97,15.8940336463,-2.4955,-100370331.46,-1817.14,-33.8245,6.555950978671,-1.82,-0.390660562041,-0.3702775596,电池,2025-10-27,2024-09-30
301206,三元生物,0.4,514923140.19,46.6212808469,-25.3448,81007173.94,94.39,5.1591,22.360788812939,1.81,0.034453921425,10.296281249,化学制品,2025-10-27,2024-09-30
301150,中一科技,-0.2977,3512815460.58,42.0632444335,4.1925,-68471997.89,-373.96,-633.014,19.549542179594,-1.9,-2.044870941719,3.2227276021,电池,2025-10-27,2024-09-30
301123,奕东电子,0.0729,1229400011.82,13.1281587454,9.7751,17032972.12,52.59,-269.8072,12.550495523074,0.59,0.202859620291,15.4218247972,消费电子,2025-10-27,2024-09-30
301121,紫建电子,0.5491,814139659.81,24.1809920975,23.8725,53961502.03,1463.55,210.4017,23.532346145478,3.25,0.606497562878,28.4537462668,电池,2025-10-27,2024-09-30
301110,青木科技,0.7789,807959235.52,23.5201075382,-17.0469,72233100.49,169.76,-87.9194,14.979687155407,5.05,1.538351221836,51.0762995641,互联网电商,2025-10-27,2024-09-30
301106,骏成科技,0.7687,602796994.16,45.5686158721,-19.8858,78118008.23,34.95,-24.5716,11.855836725723,6.61,0.698188673766,24.5391695518,光学光电子,2025-10-27,2024-09-30
301101,明月镜片,0.6799,583282748.51,3.6118626682,2.7618,137007833.3,11.91,2.7435,8.105296894628,8.57,0.686904769242,59.2975891664,文娱用品,2025-10-27,2024-09-30
301097,天益医疗,0.11,311778533.86,13.2628640252,0.8892,6342584.65,-89.61,-189.8632,20.237194713596,0.51,0.971921380782,34.9017281635,医疗器械,2025-10-27,2024-09-30
301090,华润材料,-0.1711,13681123033.72,0.0994406512,10.352,-253078098.7,-156.98,10.5129,4.579123988701,-3.6,0.469570509868,-0.4635931279,塑料,2025-10-27,2024-09-30
301083,百胜智能,0.1476,278365367.71,0.5623285206,-13.9539,26258989.8,-19.06,12.5962,4.59975769063,3.21,0.003500421695,23.0118779635,专用设备,2025-10-27,2024-09-30
301030,*ST仕净,0.72,3214746894.6,46.9837802132,-0.771,143864531.6,-13.5,-70.0075,9.782682655888,7.61,-2.677120986358,18.8624682873,环保设备Ⅱ,2025-10-27,2024-09-30
301024,霍普股份,-0.9241,79229542.22,-42.9120878829,32.004,-58758811.64,-144.44,-73.9372,7.357948076276,-11.82,-0.681241606196,9.633658729,工程咨询服务Ⅱ,2025-10-27,2024-09-30
300997,欢乐家,0.1949,1339977484.77,2.6077316901,0.1153,83761598.15,-52.34,255.3871,2.38413331743,6.84,-0.390170386101,34.2194322794,饮料乳品,2025-10-27,2024-09-30
300991,创益通,-0.03,466408088.71,26.5176087964,28.1618,-4262154.39,56.2678760125,59.4854,4.423903964028,-0.67,0.078635720764,22.9145426649,其他电子Ⅱ,2025-10-27,2024-09-30
300988,津荣天宇,0.43,1353096682.93,21.0771512476,10.4525,60838378.87,-7.15,159.0476,8.473002019204,5.18,0.572443175391,21.0097546071,专用设备,2025-10-27,2024-09-30
300926,博俊科技,0.909,2862217914.96,68.3024888767,23.1413,367681498.31,102.47,3.6181,4.699107807681,19.3,-0.109655427042,26.4029537094,汽车零部件,2025-10-27,2024-09-30
300923,研奥股份,0.24,280254773.64,4.3782723782,-35.3496,18805505.69,-10.27,-80.9456,14.414777977099,1.64,-0.209702491603,24.9864516135,轨交设备Ⅱ,2025-10-27,2024-09-30
300904,威力传动,0.22,327305135.98,-21.316153842,20.749,16009818.33,-35.42,-107.1785,11.022548857724,1.96,-0.090488303838,14.9732844898,风电设备,2025-10-27,2024-09-30
300900,广联航空,0.21,662903795.7,21.6468997984,-10.6367,51302832.17,-46.52,2.6145,4.93025183626,3.35,-0.620526413557,40.4424589192,航空装备Ⅱ,2025-10-27,2024-09-30
300875,捷强装备,-0.09,156206480.29,-23.4171560839,-38.9511,-9419391.96,45.55,-254.561,12.440226448404,-0.75,-0.373447207175,40.2996019967,地面兵装Ⅱ,2025-10-27,2024-09-30
300863,卡倍亿,0.75,2568760342.73,2.9938566347,5.3752,130959825.26,3.51,-12.7815,9.213548619872,10.12,-0.230909690867,13.0554139482,汽车零部件,2025-10-27,2024-09-30
300862,蓝盾光电,-0.0345,346075562.4,-18.4350265621,-34.5505,-6362877.03,-133.21,-17.2687,10.799175577025,-0.32,-0.343132574056,24.9873708159,通用设备,2025-10-27,2024-09-30
300852,四会富仕,1.0285,1038037016.93,6.9023020262,16.206,122774128.82,-21.81,-23.4331,10.443075943122,7.94,1.335692968498,24.7000098502,元件,2025-10-27,2024-09-30
300835,龙磁科技,0.8391,841238372.24,7.9501074224,-5.5468,99415761.1,52.4,2.513,8.780778427728,9.52,1.100626694536,30.6656852306,金属新材料,2025-10-27,2024-09-30
300822,贝仕达克,0.1915,650776474.84,-6.9103160298,16.1269,59653584.38,54.4,4.4018,4.102198500656,4.72,0.109905152178,25.3277043582,消费电子,2025-10-27,2024-09-30
300813,泰林生物,0.1,242467278.88,19.3728539482,12.9919,11314672.2,-46.91,567.535,5.383546982139,1.71,-0.18979838184,46.7499382447,专用设备,2025-10-27,2024-09-30
300810,中科海讯,-0.786,145634721.38,3.3840949752,-29.8762,-91873979.77,-103.26,22.2934,6.372963825074,-11.42,-0.753622750614,38.7579075822,航海装备Ⅱ,2025-10-27,2024-09-30
300806,斯迪克,0.12,2006681224.55,33.1264098253,-0.3652,53770759.73,-36.24,49.9212,4.89833326995,2.44,0.33319958778,23.2672823525,塑料,2025-10-27,2024-09-30
300747,锐科激光,0.2137,2349025506.46,-9.0599077697,-3.0698,120007774.64,-30.33,-25.3756,5.815544143365,3.66,0.503094149736,22.7877286589,自动化设备,2025-10-27,2024-09-30
300743,天地数码,0.48,555073156.93,19.8678966352,0.5759,74088420.78,85.49,9.3742,3.972345739577,12.08,0.327404552963,34.9285657142,计算机设备,2025-10-27,2024-09-30
300733,西菱动力,0.1223,1179509245.39,13.1584053542,35.7911,37149108.35,417.61,-9.1042,5.267646132667,2.34,0.155628402799,15.0730242187,汽车零部件,2025-10-27,2024-09-30
300710,万隆光电,0.1334,262958759.6,3.9870048339,-0.1078,13269856.86,276.75,84.4171,6.757041293071,1.99,0.402876225421,29.4271169394,通信设备,2025-10-27,2024-09-30
300696,爱乐达,-0.06,199052221.48,-29.1148902277,-25.5849,-18639640.53,-118.28,90.8831,6.282672740772,-1.0,0.062554684903,4.59955666,航空装备Ⅱ,2025-10-27,2024-09-30
300691,联合光电,0.17,1328680030.27,5.9170063182,3.227,35763278.86,-27.27,-74.7295,6.080999710253,1.32,-0.699145573818,23.806206138,计算机设备,2025-10-27,2024-09-30
300667,必创科技,-0.0185,518627788.64,-8.2196918695,-16.0932,-3764184.76,-124.61,-203.6766,6.228575378064,-0.3,-0.092412566879,33.3920067558,通用设备,2025-10-27,2024-09-30
300640,德艺文创,0.0361,665066307.49,21.1611431413,12.9334,11290293.47,-49.01,2020.732,2.581680153888,1.37,-0.116155642952,16.8522463306,家居用品,2025-10-27,2024-09-30
300631,久吾高科,0.1614,300613690.12,-37.8514118011,-17.2008,20299748.99,75.91,488.2331,9.632808562818,1.69,0.49489877033,34.2161162584,环保设备Ⅱ,2025-10-27,2024-09-30
300628,亿联网络,1.6337,4109744219.82,27.4865586438,-4.034,2064633892.69,27.91,-11.0262,6.564574341408,24.1,1.559321397441,65.8098264297,通信设备,2025-10-27,2024-09-30
300617,安靠智电,0.83,669025284.92,-1.5118189316,-20.1776,135992867.48,-15.52,-35.6142,16.934286259509,4.9,-0.465608137041,40.7504741338,电网设备,2025-10-27,2024-09-30
300612,宣亚国际,-0.1296,428843553.73,-34.4301126748,-47.2287,-22436452.26,-805.83,-232.1967,2.809234344822,-5.32,-0.156613347787,21.618271536,广告营销,2025-10-27,2024-09-30
300591,万里马,-0.1606,433695008.93,0.8404375106,17.2115,-65170461.8,-1124.03,-101.0212,1.04751931067,-14.25,-0.101003548573,10.160175292,服装家纺,2025-10-27,2024-09-30
300568,星源材质,0.26,2605329841.96,17.8590540631,1.3657,349373039.38,-47.66,-20.6155,7.321394220405,3.61,0.249389278764,30.2224599469,电池,2025-10-27,2024-09-30
300540,蜀道装备,0.1433,496695139.84,43.1488052685,209.8903,23186290.82,67.17,707.0128,6.335940331376,2.25,0.621141214916,24.3500040143,专用设备,2025-10-27,2024-09-30
300538,同益股份,0.0345,2282165634.13,1.2057642489,14.5466,6255069.98,-71.45,-19.3584,5.769388949363,0.58,0.223498613635,5.5255464334,塑料,2025-10-27,2024-09-30
300535,达威股份,0.288,539573189.3,4.2635073294,-5.6633,30179650.33,-9.78,-100.0037,9.168351036283,3.17,0.211988229019,35.4177652207,化学制品,2025-10-27,2024-09-30
300486,东杰智能,-0.19,552168361.53,-3.0084399875,-44.975,-76996212.54,-997.86,4.8915,3.05021609782,-5.66,-0.231430734626,10.9177426488,自动化设备,2025-10-27,2024-09-30
300482,万孚生物,0.94,2181361474.64,8.8274206178,-15.1293,435935866.11,9.04,-41.7051,11.139386703495,8.41,0.360022048295,63.4324742454,医疗器械,2025-10-27,2024-09-30
300468,四方精创,0.099,530014466.94,2.3845272966,6.9404,52522316.35,-16.02,-22.8248,3.054486163728,3.26,-0.095203199835,32.9974148177,软件开发,2025-10-27,2024-09-30
300459,汤姆猫,0.0238,868484360.77,-15.5040700653,5.0402,83512594.72,-58.33,-9.6567,0.947877045586,2.63,0.061952478896,89.4301329723,游戏Ⅱ,2025-10-27,2024-09-30
300416,苏试试验,0.2879,1406012492.86,-7.8814882916,3.1753,146389420.78,-33.56,-27.8663,5.104843510445,5.7,0.312832642464,44.0104806958,专业服务,2025-10-27,2024-09-30
300388,节能国祯,0.3793,2729566570.54,-1.7507556498,-26.3152,258299173.02,2.21,-44.3901,6.423331801255,6.04,0.402978465604,29.3388374595,环境治理,2025-10-27,2024-09-30
300387,富邦科技,0.3181,930830162.71,24.0370905055,-11.9306,91954245.54,49.75,-49.6706,4.838208475014,6.73,0.124823987702,29.5977693963,农化制品,2025-10-27,2024-09-30
300341,麦克奥迪,0.2363,996169384.9,-3.135881853,-4.0583,122278244.68,2.21,-1.9154,3.436075967141,7.02,0.320695187562,42.1406510763,电网设备,2025-10-27,2024-09-30
300338,*ST开元,-0.0897,139839060.91,-52.2099092534,-29.5796,-36107536.31,-10.08,-62.6524,-0.368126365235,,-0.046712774809,61.7748690157,教育,2025-10-27,2024-09-30
300283,温州宏丰,-0.03,2209594759.64,0.3127569886,16.1919,-12535513.07,-126.88,-197.0484,1.860438600004,-1.34,-0.000987792322,9.6212369808,电网设备,2025-10-27,2024-09-30
300279,和晶科技,0.1081,1567095348.6,4.881961671,-6.6819,52879435.38,28.13,-9.2858,1.987945255044,5.6,0.328827646334,17.0611275822,家电零部件Ⅱ,2025-10-27,2024-09-30
300269,联建光电,-0.0125,469595165.8,-36.0069572145,10.475,-6890154.75,-116.06,142.2502,0.14259397186,-8.91,0.08790307505,28.2832775597,光学光电子,2025-10-27,2024-09-30
300247,融捷健康,0.0453,475799143.25,27.1606811259,-9.3158,36436656.27,41.84,-1.1491,1.307102541138,3.52,0.019260195365,30.8364447228,其他家电Ⅱ,2025-10-27,2024-09-30
300233,金城医药,0.4,2515318391.16,-2.0801643181,-8.4827,151053816.96,14.02,-57.0303,9.637808739707,4.07,0.524751649736,40.1317276027,化学制药,2025-10-27,2024-09-30
300192,科德教育,0.3228,578458818.9,3.1481561763,14.0814,106239432.17,6.71,96.8667,2.590228308531,12.11,0.596554058946,34.9176424389,教育,2025-10-27,2024-09-30
300182,捷成股份,0.1365,2113237583.54,5.2657003996,-14.6401,362024132.17,-16.21,-15.5485,3.114591873906,4.46,0.318757903002,29.6755225908,影视院线,2025-10-27,2024-09-30
300180,华峰超纤,0.0703,3479662941.12,4.9839913275,-4.8699,123801506.95,593.46,23.7965,2.656545903226,2.68,0.331554805724,16.657212232,塑料,2025-10-27,2024-09-30
300170,汉得信息,0.14,2352648180.71,4.4989759729,5.4936,135791908.11,238.03,58.8401,5.070326875953,2.76,-0.023244852746,32.7904651815,IT服务Ⅱ,2025-10-27,2024-09-30
300163,先锋新材,-0.0117,190319387.09,0.4236346892,-16.4346,-5533473.69,-71.85,-199.172,1.031200412426,-1.13,0.043457401203,15.7426071291,化学制品,2025-10-27,2024-09-30
300100,双林股份,0.91,3236440976.78,12.2460687976,9.029,366452692.36,274.0,-30.6746,6.204763202763,10.64,1.138970173126,19.4676373517,汽车零部件,2025-10-27,2024-09-30
300096,ST易联众,-0.1581,335235123.2,-29.7174843228,-16.752,-67993078.91,-153.1,-21.6726,0.666003341535,-21.26,-0.358757621512,46.3843223364,IT服务Ⅱ,2025-10-27,2024-09-30
300091,*ST金灵,-0.0943,1051815455.62,1.1699333531,-4.737,-140394102.85,-34.65,-26.7808,1.246343665031,-7.29,-0.020454416252,14.416883033,通用设备,2025-10-27,2024-09-30
300086,康芝药业,-0.2697,363813064.07,-19.4602345056,24.3882,-122730788.69,-500.08,59.7713,2.779099637356,-9.56,0.011767298244,53.4562936153,化学制药,2025-10-27,2024-09-30
300083,创世纪,0.12,3275701938.01,17.5850717479,0.7839,201628183.32,24.35,-56.2551,3.073639161772,4.03,-0.157049656252,21.6940020383,自动化设备,2025-10-27,2024-09-30
300082,奥克股份,-0.2,3009996964.65,0.6907906261,8.787,-133519799.23,31.07,-46.1699,4.118413305314,-4.65,-0.850401864245,1.625598321,化学原料,2025-10-27,2024-09-30
300072,海新能科,-0.2695,1838612058.45,-65.5467460508,-20.1299,-633321329.46,-107.84,-47.5823,2.673324995811,-9.57,0.087805126518,-0.7589574617,化学制品,2025-10-27,2024-09-30
300071,福石控股,-0.032,1045277814.96,8.8446723696,-12.0596,-29892753.04,-80.28,-695.5601,0.26535586665,-11.83,-0.134715707415,24.5577960372,广告营销,2025-10-27,2024-09-30
300057,万顺新材,-0.0398,4747946661.2,23.1931429457,2.2898,-36204033.42,-337.4,-429.1354,5.938191389075,-0.67,-0.410410885895,5.1165703993,工业金属,2025-10-27,2024-09-30
300044,*ST赛为,-0.023,162747995.03,-50.0988673732,-55.025,-17565020.25,-201.43,-34.8409,0.808390724924,-2.81,0.024135305251,35.4240854208,IT服务Ⅱ,2025-10-27,2024-09-30
300024,机器人,-0.0642,2430793337.03,0.7509978637,-17.0584,-99721015.19,-25.32,-77.0398,2.777738441229,-2.29,-0.139695430689,14.3999492243,自动化设备,2025-10-27,2024-09-30
300022,吉峰科技,-0.0484,2149660078.11,4.0732056881,-17.9995,-24079319.64,-530.33,-139.0612,1.095246483602,-4.33,-0.032200529671,12.2848569832,专业连锁Ⅱ,2025-10-27,2024-09-30
300017,网宿科技,0.177,3609798538.24,2.6361977481,10.9668,429057655.55,0.79,-16.9392,3.931059684968,4.47,0.310222308319,30.4509219652,IT服务Ⅱ,2025-10-27,2024-09-30
300012,华测检测,0.4464,4395998421.67,7.706596052,0.3539,746699599.55,0.79,1.9904,4.008656996792,11.59,0.162593951987,50.8757030795,专业服务,2025-10-27,2024-09-30
300010,ST豆神,0.0556,557021461.0,-12.9294371994,63.1011,110873000.71,209.82,-10.836,0.524844865373,10.83,0.011689784975,45.3879326797,教育,2025-10-27,2024-09-30
200045,深纺织B,0.1558,2522092622.22,8.8335465118,4.2545,78901606.37,18.5,51.4381,5.78062750223,2.72,0.330361005099,16.3177809706,光学光电子,2025-10-27,2024-09-30
200029,深深房B,0.005,208232198.0,-41.2299403918,-1.3375,5018645.08,113.78,-116.2134,3.658532484135,0.14,-0.136065510853,19.4271062394,房地产开发,2025-10-27,2024-09-30
003039,顺控发展,0.3313,1334313710.31,24.3136112138,7.4051,204601198.41,11.12,18.7642,4.324403245178,7.75,0.545852741195,44.2756307093,环境治理,2025-10-27,2024-09-30
003038,鑫铂股份,0.55,6185506694.76,31.234278844,-15.8811,136052090.47,-35.65,-114.4344,12.504906461509,4.32,-2.551461011709,7.4490472511,工业金属,2025-10-27,2024-09-30
002998,优彩资源,0.3,1614066205.07,-13.9536679542,5.4571,97004213.34,-12.71,-20.894,5.206795918382,5.29,-0.981922171075,11.3807163574,化学纤维,2025-10-27,2024-09-30
002997,瑞鹄模具,1.23,1725949365.37,32.9934048659,-1.683,252574900.9,63.66,5.7385,9.867452934669,13.14,0.218463479629,24.2848704945,汽车零部件,2025-10-27,2024-09-30
002985,北摩高科,0.25,483199031.4,-38.2428935265,32.2405,83252743.69,-76.1,345.4856,7.663310989635,2.6,-0.167679486979,57.538790114,航空装备Ⅱ,2025-10-27,2024-09-30
002972,科安达,0.279,200349517.18,19.4123134371,-21.5818,68827170.73,34.98,-57.3964,4.866230442732,5.59,0.335212184808,65.1468417679,轨交设备Ⅱ,2025-10-27,2024-09-30
002971,和远气体,0.28,1192409561.58,7.5678028255,1.324,58797670.21,-3.82,10.9808,6.41351067976,4.45,1.056552565385,18.8186931051,化学制品,2025-10-27,2024-09-30
002969,嘉美包装,0.0774,2079508874.68,-5.8053044903,8.0965,74243533.85,26.11,79.8252,2.32503207456,3.07,0.409674776906,13.1219337596,包装印刷,2025-10-27,2024-09-30
002951,金时科技,-0.11,61918818.82,86.7753935005,-21.8463,-45856178.68,-103.31,87.5561,4.530862780716,-2.25,-0.176835942247,18.6834351825,其他电源设备Ⅱ,2025-10-27,2024-09-30
002943,宇晶股份,0.1564,944296945.91,3.0984226727,-43.5219,31824990.3,-65.73,-190.2383,6.186112717329,2.46,-0.376285474911,23.5097974182,通用设备,2025-10-27,2024-09-30
002941,新疆交建,0.28,4152588871.49,-23.5257541,34.506,181358946.11,-15.6,29.2896,5.104132930004,5.58,-1.554167127988,13.0572825293,基础建设,2025-10-27,2024-09-30
002909,集泰股份,0.037,944454026.84,-5.6405522725,-5.6247,14430642.94,-14.52,-43.5907,2.387882622473,1.47,0.180139937502,25.4509165877,化学制品,2025-10-27,2024-09-30
002903,宇环数控,0.09,322801198.08,7.6249149918,27.4037,13356002.75,-64.87,221.9966,5.055761431596,1.67,-0.685486772029,38.880386565,通用设备,2025-10-27,2024-09-30
002879,长缆科技,0.32,779764326.77,11.1323983307,16.0849,55618562.89,69.08,-57.6082,8.783902617214,3.27,0.078010387833,40.9226028872,电网设备,2025-10-27,2024-09-30
002876,三利谱,0.37,1873332523.05,21.72435609,7.7628,64739027.18,10.88,-61.908,13.561312240269,2.77,-1.37765882118,15.939911173,光学光电子,2025-10-27,2024-09-30
002848,高斯贝尔,-0.4142,132168334.24,-41.3734610317,-18.2514,-69233153.4,-217.66,-92.4114,0.657892464972,-58.83,-0.161004204906,3.2574509127,黑色家电,2025-10-27,2024-09-30
002828,贝肯能源,0.12,605315229.8,-9.861304649,17.5407,24337852.57,-30.57,2922.6645,2.978162100747,3.94,-0.229924623211,21.9726971951,油服工程,2025-10-27,2024-09-30
002802,洪汇新材,0.25,343209622.21,27.2733414812,-5.0044,44198134.25,16.41,-26.4028,3.480554927897,6.83,0.124149070507,29.6441486328,化学制品,2025-10-27,2024-09-30
002788,鹭燕医药,0.66,15413532406.63,4.320550882,-1.2156,257346811.41,-1.77,-37.1716,7.907394312661,8.47,0.766310388673,7.3448364321,医药商业,2025-10-27,2024-09-30
002782,可立克,0.3114,3287344008.96,-4.9433527241,-1.6351,152332832.34,11.86,-4.3454,3.862814025145,8.16,0.793384827554,13.4769868426,其他电子Ⅱ,2025-10-27,2024-09-30
002777,久远银海,0.04,668146681.12,-16.8355086324,37.3711,17002587.78,-83.53,444.3884,4.016991094342,1.04,-0.079279523572,38.122020719,IT服务Ⅱ,2025-10-27,2024-09-30
002762,金发拉比,-0.0281,138571489.45,-7.6325011306,73.5259,-9952506.66,-339.92,-122.0836,2.277568980411,-1.21,-0.03105218445,51.2567850226,服装家纺,2025-10-27,2024-09-30
002760,凤形股份,0.13,436446300.36,-16.0586452852,-15.8636,14283092.79,180.41,-87.6956,8.19534733197,1.58,-0.208771782579,17.8098227905,通用设备,2025-10-27,2024-09-30
002733,雄韬股份,0.31,2626434228.58,-11.8566588386,14.2136,118735382.16,-32.2,-12.6658,7.045543900504,4.36,1.188280552322,19.1470797653,电池,2025-10-27,2024-09-30
002719,ST麦趣,-0.4994,476441743.89,-11.3414679184,8.8194,-86969566.9,-36.85,30.3846,2.117664599816,-21.1,0.023197767235,15.5956901537,休闲食品,2025-10-27,2024-09-30
002691,*ST冀凯,-0.04,192934247.13,-11.2389873896,-45.8817,-13582716.67,43.67,-864.9736,2.594480643412,-1.53,0.169303723676,25.3727414537,专用设备,2025-10-27,2024-09-30
002670,国盛证券,0.043,1263853475.89,-7.77,-7.1388,83118636.59,74.4,79.2886,5.686390483512,0.76,1.747200600262,,证券Ⅱ,2025-10-27,2024-09-30
002646,天佑德酒,0.1183,986894326.04,4.8890187398,-2.2666,57448351.92,-45.8,22.8159,5.877440305088,2.03,0.073582086093,59.3571755489,白酒Ⅱ,2025-10-27,2024-09-30
002628,成都路桥,-0.027,536364413.81,-37.2599755517,-19.8103,-20707105.51,-235.74,122.8128,3.920434079936,-0.7,-0.040589858969,2.8300300895,基础建设,2025-10-27,2024-09-30
002623,亚玛顿,-0.14,2447138253.69,-9.2737448402,-19.529,-26632643.02,-131.5,-2857.045,15.651807172772,-0.83,1.770405200377,4.897133126,光伏设备,2025-10-27,2024-09-30
002590,万安科技,0.3,3037079744.87,10.4703314558,7.347,144500506.27,-27.51,-13.2084,5.445462355649,5.71,0.316185534319,16.1526970126,汽车零部件,2025-10-27,2024-09-30
002585,双星新材,-0.199,4333407441.24,10.7039581071,4.2101,-227699334.34,-597.52,21.4868,7.85455637033,-2.48,-0.093118963607,0.0529987921,塑料,2025-10-27,2024-09-30
002569,*ST步森,-0.09,101691679.17,2.683494256,-4.5218,-12918882.19,59.56,-484.5109,0.548403705159,-14.4,-0.103923972502,34.1601724286,服装家纺,2025-10-27,2024-09-30
002566,益盛药业,0.1084,505560683.83,-22.3586644179,6.9585,35864778.97,-38.66,-79.4717,6.706072351365,1.59,0.124415137591,74.7950109145,中药Ⅱ,2025-10-27,2024-09-30
002541,鸿路钢构,0.9536,15887282312.52,-6.3704935494,-5.7135,655499132.7,-26.29,1.3815,13.338121491317,7.02,0.474194939303,10.1826862525,专业工程,2025-10-27,2024-09-30
002538,ST司特,0.2929,3063601584.86,0.9439922971,-16.4428,250031636.36,98.48,-10.2105,6.195263486646,4.77,0.157185303159,20.4589359187,农化制品,2025-10-27,2024-09-30
002518,科士达,0.61,2911742727.22,-28.4297750249,-3.7809,356859177.77,-48.41,44.6129,7.454872411563,8.31,0.286480149291,31.0212602397,其他电源设备Ⅱ,2025-10-27,2024-09-30
002494,华斯股份,0.0074,344202553.89,42.0793448391,-15.5774,2769451.44,168.95,32.0935,3.212462653367,0.23,-0.12033419647,26.2188899472,服装家纺,2025-10-27,2024-09-30
002480,新筑股份,-0.3309,1676714540.5,38.6033179009,-17.2863,-254555303.89,-20.22,34.3918,1.513145077347,-19.68,-0.391908865594,26.738672458,电力,2025-10-27,2024-09-30
002469,三维化学,0.2249,1693272147.93,-15.0146346858,31.9436,145950068.88,-26.44,129.0111,4.023703624756,5.45,0.385379724226,19.7465621264,化学原料,2025-10-27,2024-09-30
002462,嘉事堂,0.79,18490033063.83,-15.1352839566,4.7324,230974246.88,-2.49,-32.2926,15.068729654902,5.35,0.604628216685,6.2892665503,医药商业,2025-10-27,2024-09-30
002451,摩恩电气,0.0268,966721989.9,18.0987068246,9.9389,11750542.72,22.31,-55.6726,1.725489030305,1.55,-0.083410102049,9.0179098449,电网设备,2025-10-27,2024-09-30
002449,国星光电,0.1079,2688255834.65,1.3814832843,-8.5672,66710559.49,-17.67,-63.0254,6.205368712697,1.74,0.315894644803,11.7237135796,光学光电子,2025-10-27,2024-09-30
002438,江苏神通,0.4489,1633888376.52,5.8691376937,20.7285,227831866.18,13.03,40.5365,6.746893275391,6.77,0.011191240561,32.1766096861,通用设备,2025-10-27,2024-09-30
002404,嘉欣丝绸,0.27,3609138467.22,10.8626215279,-8.5813,151864857.93,-9.76,-38.9357,3.549759584824,7.53,0.673488217346,12.3565114791,服装家纺,2025-10-27,2024-09-30
002386,天原股份,-0.0746,9974756461.02,-35.9954340284,-6.0514,-97141927.03,-476.53,-2435.3109,6.017453788826,-1.22,-0.158040600152,3.6741656183,化学原料,2025-10-27,2024-09-30
002374,中锐股份,-0.0762,459308016.69,-4.1867075824,-3.0646,-82668285.28,-102.92,-36.5108,1.019428849525,-7.17,0.020822730794,15.9486306396,包装印刷,2025-10-27,2024-09-30
002338,奥普光电,0.19,522490035.07,1.4054985553,-17.767,45397028.88,-42.38,-33.3061,5.383553852917,3.63,-0.597757526667,36.4654012252,军工电子Ⅱ,2025-10-27,2024-09-30
002319,乐通股份,-0.116,315672646.74,7.0104662611,4.9531,-23202845.78,-1169.74,38.1209,0.2974482833,-34.06,0.0520875454,16.3720684905,化学制品,2025-10-27,2024-09-30
002313,日海智能,-0.2121,2312791813.54,11.9913463574,-13.1151,-79421263.31,54.5,-43.1313,0.327656285791,-49.4,-0.229712569418,18.2263975686,通信设备,2025-10-27,2024-09-30
002307,北新路桥,0.004,5435164852.67,-13.1972860306,-47.9012,5020588.41,-76.9,-219.8311,2.714138684617,0.15,-0.841346267707,19.6099981944,基础建设,2025-10-27,2024-09-30
002283,天润工业,0.24,2766215139.86,-6.1353070561,-7.5968,268956913.26,-13.47,-11.9609,5.285551130891,4.48,0.451035653803,22.0671073636,汽车零部件,2025-10-27,2024-09-30
002270,华明装备,0.551,1698633531.66,16.7758359803,-13.7207,493804631.22,7.52,-4.4136,3.450058972283,14.63,0.614813933259,49.8850812489,电网设备,2025-10-27,2024-09-30
002256,兆新股份,-0.05,239604975.34,-1.2982344312,-14.2627,-89190002.83,44.28,-16945.0155,0.598810757424,-7.25,-0.006567062861,29.9618426571,电力,2025-10-27,2024-09-30
002225,濮耐股份,0.12,4002631631.15,-1.1925583423,-6.7206,122902858.16,-40.81,-115.1205,3.322210041654,3.61,0.363853420194,18.6299223485,装修建材,2025-10-27,2024-09-30
002163,海南发展,-0.28,2780558809.88,-3.0044141421,-14.8702,-232882421.53,-258.18,-1290.7866,1.4365937005,-17.51,-0.714241455746,6.9063055584,装修装饰Ⅱ,2025-10-27,2024-09-30
002114,罗平锌电,-0.22,983014771.49,-14.5390078205,-8.3436,-70417219.31,38.35,-328.1382,2.968528951353,-7.07,0.625566471169,9.2004525418,工业金属,2025-10-27,2024-09-30
002060,广东建工,0.1716,41209088008.68,-19.3940692956,13.9129,644404606.74,-32.06,-35.3392,3.491744033149,4.9,-0.218984438426,10.1720279606,基础建设,2025-10-27,2024-09-30
002057,中钢天源,0.2074,1959192962.44,-5.4269560645,-3.945,157275798.0,-36.14,6.1008,4.123865419905,4.97,0.292910664052,22.4261878408,专业服务,2025-10-27,2024-09-30
002056,横店东磁,0.57,13581468385.01,-13.8478631119,-24.7318,926320805.7,-43.89,0.6637,5.646529265529,10.3,0.743443443028,15.2146447287,光伏设备,2025-10-27,2024-09-30
002038,双鹭药业,-0.0163,540562431.05,-30.3963636573,1.056,-16735581.13,-105.27,-14.2583,5.479902680713,-0.29,0.124428363674,68.4065938104,化学制药,2025-10-27,2024-09-30
002023,海特高新,0.0835,911331004.08,24.6511771596,-16.4049,61897284.87,85.85,-30.5588,5.770854726168,1.45,0.32397627836,34.0985641286,航空装备Ⅱ,2025-10-27,2024-09-30
001965,招商公路,0.5929,9076817183.98,38.0430628797,4.3941,4160475750.39,-4.63,2.6277,9.441167625955,6.52,0.754900312879,37.9600419945,铁路公路,2025-10-27,2024-09-30
001395,亚联机械,1.922,617541098.95,43.7707993279,-50.1266,125757292.21,92.52,-42.6387,10.27402459193,20.7,2.336169143971,31.3055211303,专用设备,2025-10-27,2024-09-30
001390,古麒绒材,0.9151,760684419.75,,-28.3942,137263893.58,,-34.9515,,,,25.1811869964,纺织制造,2025-10-27,2024-09-30
001359,平安电工,0.9628,776845802.2,14.7512416523,5.6517,163723463.0,32.17,-2.4865,9.628880438078,11.03,0.114789658009,36.0478745868,塑料,2025-10-27,2024-09-30
001338,永顺泰,0.44,3312088895.04,-11.7858755562,-8.1017,219728140.7,75.47,-38.8347,7.056531497524,6.35,3.496974074609,11.4118221723,农产品加工,2025-10-27,2024-09-30
001333,光华股份,0.75,1252696556.85,12.944011992,-7.1513,95802003.21,4.45,-16.3686,12.736256598125,5.96,-1.440766925156,14.3146851957,塑料,2025-10-27,2024-09-30
001332,锡装股份,1.9241,1171941832.26,49.446964507,8.7416,207799568.93,61.69,-4.5486,21.226781469545,9.04,0.676808866636,31.8440808321,专用设备,2025-10-27,2024-09-30
001277,速达股份,1.8992,846657269.28,0.2631830073,-4.495,112263076.69,14.63,-29.8815,19.539354003421,11.69,0.585556059079,24.9932448439,专用设备,2025-10-27,2024-09-30
001258,立新能源,0.14,813495792.58,1.8390501963,-11.3634,129563362.15,-34.68,-49.9717,3.213069689741,4.35,0.270955596117,55.739633442,电力,2025-10-27,2024-09-30
001234,泰慕士,0.6031,665159879.9,10.3012448764,0.3166,65021577.19,22.89,-47.4536,8.145919993658,6.99,0.505299337498,20.4896530215,服装家纺,2025-10-27,2024-09-30
001217,华尔泰,0.24,1207151094.81,-8.1562271324,-11.2185,80271943.02,-19.51,-75.6856,6.780530146744,3.6,1.24408326643,14.2568321,化学原料,2025-10-27,2024-09-30
001216,华瓷股份,0.669,982415096.24,9.335525116,33.5381,168505185.03,13.45,32.4004,6.706306414703,10.27,0.479861452109,33.9383255801,家居用品,2025-10-27,2024-09-30
001206,依依股份,0.82,1315617523.62,33.4339174617,17.3132,150931677.71,72.72,5.3249,9.789024981031,8.3,0.407824178244,19.5662750274,个护用品,2025-10-27,2024-09-30
000960,锡业股份,0.7647,29212892756.01,-13.2065964868,0.5997,1283405204.11,17.18,2.104,11.33408860164,6.9,1.518306944103,11.6286917084,小金属,2025-10-27,2024-09-30
000952,广济药业,-0.4498,462193617.06,-11.5409061763,42.5146,-158575596.68,-136.76,7.4939,3.428666569156,-12.35,-0.137620070077,23.0054896466,化学制药,2025-10-27,2024-09-30
000913,钱江摩托,0.8993,4923760605.7,20.1406563246,-13.1136,466822764.16,13.82,-43.8394,8.646795465798,10.15,2.352865782658,27.0481650484,摩托车及其他,2025-10-27,2024-09-30
000912,泸天化,0.0549,4114161200.98,-21.1791960044,-22.107,86072889.77,-47.04,-108.7032,4.122294849037,1.34,0.107615142628,12.6279471766,农化制品,2025-10-27,2024-09-30
000902,新洋丰,0.8869,12366966289.94,4.0521392813,-22.3406,1112777338.47,12.37,-4.6921,8.174549023302,11.15,0.335537626277,16.1000266238,农化制品,2025-10-27,2024-09-30
000815,美利云,-0.01,732147073.32,-4.8253595947,-7.698,-9940847.93,38.65,38.4879,2.669937802604,-0.53,-0.170767419815,11.7355560858,IT服务Ⅱ,2025-10-27,2024-09-30
000809,和展能源,-0.095,85006098.19,447.6129199602,902.9334,-78430367.57,6.39,1.5442,3.323032800675,-2.8,-0.163156154256,5.2189417635,风电设备,2025-10-27,2024-09-30
000766,通化金马,0.0248,968589176.59,-7.2447665511,-9.6721,23923749.83,53.84,249.0308,2.422762020765,1.03,0.115269642837,75.3885583112,化学制药,2025-10-27,2024-09-30
000657,中钨高新,0.3454,11248704161.25,17.8117436619,-10.8924,715206796.11,-34.66,-28.7761,4.184612631102,10.03,-0.083089440014,20.9938179184,小金属,2025-10-27,2024-09-30
000635,英力特,-0.8498,1375988786.01,11.3645120147,-25.4488,-257915905.72,45.89,-150.1303,4.443412586462,-17.52,-1.364835184148,-9.9872436649,化学原料,2025-10-27,2024-09-30
000629,钒钛股份,0.0197,10473638780.51,-6.1193142067,-7.1468,183231688.14,-78.92,-33.5943,1.331291430349,1.5,0.071332611969,6.8885763987,冶钢原料,2025-10-27,2024-09-30
000626,远大控股,-0.1495,66602868581.8,2.1608264579,-9.3182,-76073820.0,-131.42,-0.6396,5.029891358432,-2.93,1.119625387047,0.6577922951,物流,2025-10-27,2024-09-30
000537,绿发电力,0.46,2924084445.02,3.3483907481,18.03,915520534.82,13.31,51.3887,9.440114507757,5.14,0.610280132363,59.2257766981,电力,2025-10-27,2024-09-30
000534,万泽股份,0.2806,777326655.5,6.9068879679,29.3551,138781914.63,13.36,26.5293,2.42132555215,10.54,0.100147930081,76.8743603956,生物制品,2025-10-27,2024-09-30
000520,凤凰航运,-0.0218,755498546.74,1.8364222831,-8.5409,-22082884.1,-33.07,2.1129,0.516065477011,-4.14,0.032563191936,-0.3558511835,航运港口,2025-10-27,2024-09-30
000504,南华生物,-0.0255,92417062.87,-11.7819850831,18.9165,-8410757.01,-1828.05,99.6811,0.753423409776,-3.33,0.020961032552,68.0334553355,医疗服务,2025-10-27,2024-09-30
000409,云鼎科技,0.1216,829897224.78,18.0735426193,-22.8174,80795615.51,115.79,-68.1878,2.207424490191,5.56,-0.019675754408,32.9145569637,IT服务Ⅱ,2025-10-27,2024-09-30
000070,特发信息,0.0049,3538939093.69,0.4147415344,-13.3383,4423945.33,122.95,141.8262,2.121682379992,0.23,0.161591016301,14.1142963865,通信设备,2025-10-27,2024-09-30
000045,深纺织A,0.1558,2522092622.22,8.8335465118,4.2545,78901606.37,18.5,51.4381,5.78062750223,2.72,0.330361005099,16.3177809706,光学光电子,2025-10-27,2024-09-30
000029,深深房A,0.005,208232198.0,-41.2299403918,-1.3375,5018645.08,113.78,-116.2134,3.658532484135,0.14,-0.136065510853,19.4271062394,房地产开发,2025-10-27,2024-09-30
000008,神州高铁,-0.0662,1089637827.6,-16.7088210015,62.3055,-179856296.77,-23.69,95.7958,1.243044673586,-6.07,-0.045265170315,28.8194918225,轨交设备Ⅱ,2025-10-27,2024-09-30
900902,市北B股,-0.05,751364424.85,-4.4640449921,31.6558,-97732105.11,-68.240447603,152.581,3.360433336923,-1.54,-0.198065924124,30.8521842043,房地产开发,2025-10-25,2024-09-30
689009,九号公司,1.358,10905353800.6,44.9017930017,3.2888,969670382.86,155.95,-18.6922,8.450265145751,17.14,4.67282024371,28.194181232,摩托车及其他,2025-10-25,2024-09-30
688778,厦钨新能,0.77,10061282938.9,-23.3276401765,19.3536,390155595.95,-10.89,0.4692,20.51104041255,4.46,3.067839853916,9.901101011,电池,2025-10-25,2024-09-30
688777,中控技术,0.91,6336966452.06,11.5831665167,-17.0629,716716699.88,3.36,-46.0977,12.623113358517,7.21,-0.447805732372,32.8516632168,自动化设备,2025-10-25,2024-09-30
688720,艾森股份,0.27,312285701.48,25.9564987484,21.6965,23830214.24,28.56,61.9867,11.502529413899,2.33,-0.42219264779,26.2817496097,半导体,2025-10-25,2024-09-30
688707,振华新材,-0.66,1459327650.68,-72.3663408207,44.9511,-331261643.8,-981.19,-93.5115,9.070381102672,-7.09,-3.290381803441,-11.8241259391,电池,2025-10-25,2024-09-30
688693,锴威特,-0.51,92494786.38,-43.3730347256,-1.2841,-37809461.12,-273.47,19.7325,13.191188342642,-3.77,-0.48976866618,44.0096862463,半导体,2025-10-25,2024-09-30
688677,海泰新光,0.81,318670736.92,-15.3024215516,-4.3978,97396030.69,-17.6,-16.4083,10.626089882435,7.54,0.7609140749,65.7406178913,医疗器械,2025-10-25,2024-09-30
688670,金迪克,-0.43,38899225.52,-67.8103047569,2158.4697,-53461400.63,-382.6294165492,35.0029,10.694969381575,-3.98,-1.033556079789,65.3623647261,生物制品,2025-10-25,2024-09-30
688665,四方光电,0.61,540435518.26,19.588361976,1.1116,61560417.43,-39.22,-6.0445,9.762189090509,6.28,-0.180829266134,41.45248512,通用设备,2025-10-25,2024-09-30
688663,新风光,0.89,1303249495.64,30.6559827931,0.1399,124941630.8,0.26,19.5086,9.53551574055,9.07,0.158523511111,24.457298972,电网设备,2025-10-25,2024-09-30
688662,富信科技,0.39,392360183.71,24.9724023912,-2.9266,33288705.53,388.3688281563,-19.3161,7.759891314597,4.93,1.072666626587,26.6897609691,其他电子Ⅱ,2025-10-25,2024-09-30
688655,迅捷兴,0.01,347298840.97,2.8674841231,-7.0282,1421979.97,-86.39,-148.8365,5.150780566759,0.21,0.491569449584,18.4543403661,元件,2025-10-25,2024-09-30
688617,惠泰医疗,3.77,1524828925.89,25.6337574988,-3.9886,528146736.78,30.97,-8.3149,24.536986489547,24.39,5.382146701002,72.6901200325,医疗器械,2025-10-25,2024-09-30
688593,新相微,0.008,343109515.74,-2.2263593136,-14.5485,3422924.97,-89.35,-16.1451,3.405906569828,0.22,-0.177241123077,15.6237386318,半导体,2025-10-25,2024-09-30
688584,上海合晶,0.12,844645501.99,-21.3094758483,3.107,78874871.54,-63.13,2.4135,6.12877762442,1.76,0.425360708321,28.7484343986,半导体,2025-10-25,2024-09-30
688571,杭华股份,0.24,922078655.61,7.1576618833,8.8493,101246207.27,22.16,22.2467,3.587473943115,6.84,0.303043033143,26.1472358885,化学制品,2025-10-25,2024-09-30
688545,兴福电子,0.51,839189274.23,32.3585186113,18.7034,132661291.58,26.7541671293,13.9244,6.631215696385,8.16,1.048835329192,27.7471417141,电子化学品Ⅱ,2025-10-25,2024-09-30
688508,芯朋微,0.6,707229964.16,21.9458173707,1.6044,77239031.23,28.68,65.5855,18.738754361366,3.14,0.325065757119,36.8858518205,半导体,2025-10-25,2024-09-30
688399,硕世生物,0.31,268088026.64,-3.0185731524,4.9936,27114657.29,115.4,80.366,56.072994410952,0.8,1.648251459741,65.6606982886,医疗器械,2025-10-25,2024-09-30
688395,正弦电气,0.36,278585078.18,-5.21496256,-14.4089,30668019.78,-31.68,-52.7423,8.72785969186,4.13,0.246421645116,36.0773085539,自动化设备,2025-10-25,2024-09-30
688387,信科移动,-0.05,4145959879.45,-21.4987965537,-42.9926,-169826955.67,16.1870213032,-211.5744,1.864516171782,-2.63,-0.126705560225,23.3922918706,通信设备,2025-10-25,2024-09-30
688371,菲沃泰,0.08,346215263.52,63.1827492731,9.3436,27221499.8,181.4185590994,14.2008,5.665720153854,1.4,0.079719429311,52.3469975926,电子化学品Ⅱ,2025-10-25,2024-09-30
688366,昊海生科,1.46,2074811249.42,4.6938281425,-11.6133,340889084.77,4.31,-23.3311,24.124146156789,5.93,1.832538775182,70.417136391,医疗器械,2025-10-25,2024-09-30
688365,光云科技,-0.13,352628961.26,0.2644049154,-4.1573,-55740379.77,39.3281392956,-7.9917,2.285386761468,-5.58,0.063518719314,65.0670637829,IT服务Ⅱ,2025-10-25,2024-09-30
688328,深科达,-0.38,404318735.36,-14.519946896,6.0716,-35604901.81,40.34,-3036.0942,10.006698386063,-4.12,-0.563283326749,28.7597231641,专用设备,2025-10-25,2024-09-30
688322,奥比中光,-0.15,350864553.18,35.2739927164,14.2391,-60306520.28,68.5802662211,71.8069,7.337489771976,-2.03,-0.151451089022,43.9883965568,光学光电子,2025-10-25,2024-09-30
688306,均普智能,-0.04,1572717927.33,4.1422940143,-29.4496,-48766970.48,45.0813815121,-333.1016,1.40976928319,-2.73,0.044173165129,19.0032385024,自动化设备,2025-10-25,2024-09-30
688259,创耀科技,0.42,427640629.04,-5.8670025805,-11.98,46886221.79,17.15,-39.8789,13.517732772695,3.11,-1.425630243688,28.8000931919,半导体,2025-10-25,2024-09-30
688237,超卓航科,0.22,268678117.11,50.4790712825,-8.5581,19994993.83,-42.25,346.8215,13.79871201979,1.56,-0.35823959472,28.7600325182,航空装备Ⅱ,2025-10-25,2024-09-30
688233,神工股份,0.16,214109500.58,79.6522057404,32.8702,27485960.68,166.7055747967,588.49,10.445765296654,1.55,0.67616797352,32.6259097521,半导体,2025-10-25,2024-09-30
688232,新点软件,-0.04,1257956947.39,-8.7127969725,-3.3432,-13888713.52,84.3809670707,-66.2631,16.163315887091,-0.25,-0.539789787788,60.9414598394,软件开发,2025-10-25,2024-09-30
688208,道通科技,0.82,2804152959.79,28.0675434302,-1.6463,541283483.1,103.08,-40.9047,6.938047712957,16.4,1.010812369428,55.7663559393,计算机设备,2025-10-25,2024-09-30
688199,久日新材,-0.15,1124063386.66,26.0049401939,-13.5131,-24129570.82,57.7839921799,-32.4684,16.053114016625,-0.93,-0.13482377734,13.5217712848,化学制品,2025-10-25,2024-09-30
688175,高凌信息,-0.25,117963791.21,-38.0543476766,-14.7982,-33079325.89,-280.88,41.1034,14.041452167708,-1.82,-0.828653274076,37.7829680471,军工电子Ⅱ,2025-10-25,2024-09-30
688146,中船特气,0.45,1398835548.27,16.6697631072,-1.954,236090665.22,-6.0,-35.754,10.289060139682,4.35,1.045242022228,30.43261479,半导体,2025-10-25,2024-09-30
688127,蓝特光学,0.4,786306603.44,60.4056752338,93.4179,161578539.1,75.99,465.8739,4.327889963569,9.51,0.81793450391,38.3571541229,光学光电子,2025-10-25,2024-09-30
688109,品茗科技,0.17,277155640.03,7.2789407947,-27.2175,13181277.13,189.9739299108,-73.9142,9.912084820078,1.69,-0.147614050326,73.088828345,软件开发,2025-10-25,2024-09-30
688088,虹软科技,0.22,573681641.46,14.0942722652,-2.1436,88290720.45,8.12,-1.692,6.490022449986,3.29,0.004494921634,90.4865488216,IT服务Ⅱ,2025-10-25,2024-09-30
688083,中望软件,0.06,512305768.0,10.1095808949,8.4768,10768244.12,159.69,-84.8294,21.493459258601,0.41,-0.963737683352,97.3513605219,软件开发,2025-10-25,2024-09-30
688048,长光华芯,-0.3604,202721135.17,-7.5799933732,0.651,-63386438.59,-183.4082107868,9.2237,17.129115241488,-2.06,-0.268811066838,27.3921491429,半导体,2025-10-25,2024-09-30
688035,德邦科技,0.43,784027638.02,20.4825255341,23.5617,60446098.33,-28.03,34.1723,15.93331549529,2.67,1.287630514693,26.6306170822,电子化学品Ⅱ,2025-10-25,2024-09-30
688021,奥福科技,-0.36,194009193.19,-22.8820045302,-24.6203,-27813282.22,-356.88,-193.4398,11.516389940173,-3.11,0.841976079504,16.8204956907,汽车零部件,2025-10-25,2024-09-30
605499,东鹏饮料,5.2064,12558281502.26,45.335133197,6.6925,2707392407.44,63.53,-8.4287,17.556724941626,37.45,7.588358055574,45.0500742935,饮料乳品,2025-10-25,2024-09-30
605258,协和电子,0.5294,640115099.49,22.9473353123,8.6085,46590730.55,77.24,-17.9386,13.477767618182,3.95,0.982313775227,19.4746542847,元件,2025-10-25,2024-09-30
605183,确成股份,0.91,1634403758.72,23.5652824387,2.6874,379350458.91,24.34,-15.8123,7.64245861974,12.29,0.985096567859,33.1855191868,橡胶,2025-10-25,2024-09-30
605155,西大门,0.46,589647111.25,30.6192391473,11.0718,86922540.44,14.6,0.6594,6.476885801652,7.09,0.530529487768,42.4147419784,家居用品,2025-10-25,2024-09-30
605088,冠盛股份,1.29,2889037629.92,26.3836871066,-10.4516,220610493.83,2.13,-30.8898,12.411866024646,10.19,-0.219587670535,25.4974019373,汽车零部件,2025-10-25,2024-09-30
605007,五洲特纸,0.81,5465724208.29,17.179633784,19.3436,326982523.24,205.87,-4.0424,6.218376275009,12.88,0.857516744523,11.5743329821,造纸,2025-10-25,2024-09-30
603993,洛阳钼业,0.39,154754604829.36,17.5212400164,-8.397,8272917557.72,238.62,-14.6436,2.922539978731,13.48,0.800068944109,17.6267907148,工业金属,2025-10-25,2024-09-30
603976,正川股份,0.34,609660932.22,-8.716633746,-30.7222,51940638.81,45.45,-67.5946,7.921662042535,4.23,0.578798306089,22.0557385398,医疗器械,2025-10-25,2024-09-30
603956,威派格,-0.32,752221558.52,-2.4562431727,21.9173,-156119049.22,-165.6430744721,-98.815,3.250996745724,-8.29,-0.747433255686,46.7821635666,专用设备,2025-10-25,2024-09-30
603948,建业股份,1.02,1777526785.02,-8.0201691141,-7.3657,166311164.41,-30.72,-47.9453,12.553756708593,8.27,1.327542042541,14.9688456586,化学制品,2025-10-25,2024-09-30
603936,博敏电子,0.08,2338143584.02,2.5066721259,4.053,50963765.17,-10.05,-114.6455,7.193092175209,1.13,0.428438289059,13.1015630466,元件,2025-10-25,2024-09-30
603931,格林达,0.56,510836210.94,-1.4204212677,-4.97,110937766.3,-9.37,-23.6256,7.6915991348,7.35,0.864226497078,34.872840342,电子化学品Ⅱ,2025-10-25,2024-09-30
603919,金徽酒,0.66,2328198243.51,15.3141869595,-15.3568,333046055.0,22.17,-48.5008,6.445738624014,10.19,0.688259669587,64.1364121643,白酒Ⅱ,2025-10-25,2024-09-30
603909,建发合诚,0.243,4710184649.92,132.1124090123,2.4233,63352908.5,114.59,150.801,3.997933600178,6.21,0.465535017839,5.4275066351,工程咨询服务Ⅱ,2025-10-25,2024-09-30
603886,元祖股份,1.06,1902042603.7,-11.8401522501,74.5456,253398374.01,-15.99,432.3128,6.964077032875,15.34,2.176463691833,64.3256546289,休闲食品,2025-10-25,2024-09-30
603881,数据港,0.15,1182587538.46,6.0338403439,1.8189,105088653.4,3.39,-0.9143,5.341028860926,3.32,1.26246443724,26.6514244206,通信服务,2025-10-25,2024-09-30
603826,坤彩科技,0.0922,793607978.93,21.8276118095,-5.5021,60388564.9,-7.18,-31.8688,2.902137911447,3.17,-0.074197606136,32.4003126136,非金属材料Ⅱ,2025-10-25,2024-09-30
603798,康普顿,0.23,844461428.37,-6.3052070849,-8.9125,57513177.73,19.54,204.32,4.416277556823,5.09,0.596175020243,19.6196268466,炼化及贸易,2025-10-25,2024-09-30
603790,雅运股份,0.34,661037814.36,11.5018631881,1.5501,65181642.3,18.43,15.7758,6.373526916858,5.3,0.380252393969,31.9370729698,化学制品,2025-10-25,2024-09-30
603787,新日股份,0.36,2830475007.87,-14.5771452762,17.1629,82970321.77,-19.28,33.0599,6.898412121092,5.27,1.313578585023,15.558301881,摩托车及其他,2025-10-25,2024-09-30
603722,阿科力,-0.08,364520175.93,-11.8502702752,-11.948,-6784991.59,-131.690986059,-1207.1747,8.379782018252,-0.9,0.446237623312,8.7699666194,化学制品,2025-10-25,2024-09-30
603708,家家悦,0.3,14126915303.11,1.7835071877,14.1842,187952163.16,-12.03,-18.5111,3.802997538832,7.42,2.455533171272,23.2576957085,一般零售,2025-10-25,2024-09-30
603707,健友股份,0.37,3088009007.42,-1.7157990262,-16.957,605784328.32,-27.82,-11.8777,3.85057207,10.08,0.653042080229,41.4081487634,化学制药,2025-10-25,2024-09-30
603699,纽威股份,1.09,4455314241.74,5.0890835343,9.4036,827837914.68,40.69,16.6622,5.172082431664,21.17,0.809405538957,36.4278083224,通用设备,2025-10-25,2024-09-30
603696,安记食品,0.09,453783813.56,-7.2766279325,16.9412,21309296.2,-25.35,539.1192,2.384002819983,3.81,-0.155732679974,14.2801605023,调味发酵品Ⅱ,2025-10-25,2024-09-30
603688,石英股份,0.58,996966605.51,-83.1017307419,-24.2122,312909762.64,-92.56,-43.0591,10.600833009536,4.96,1.361218908333,50.3337298337,非金属材料Ⅱ,2025-10-25,2024-09-30
603677,奇精机械,0.2692,1466253543.76,14.272745857,-3.2651,51734720.07,-17.98,-42.6809,5.72331116761,4.37,0.458520254482,12.6445126676,家电零部件Ⅱ,2025-10-25,2024-09-30
603656,泰禾智能,0.11,402605461.58,11.9130125604,37.237,19673644.8,-15.89,108.0354,6.999528490191,1.52,0.296146973248,39.1156729847,专用设备,2025-10-25,2024-09-30
603615,茶花股份,-0.06,415380493.31,-15.337851745,23.3601,-14780011.35,-556.1082760345,82.1165,4.80193310086,-1.25,0.372848181912,21.1578495248,家居用品,2025-10-25,2024-09-30
603610,麒盛科技,0.43,2222028743.66,-6.8697353992,8.7227,151134047.47,-19.02,64.4612,8.533199724669,4.74,0.621687268777,33.4138711665,家居用品,2025-10-25,2024-09-30
603606,东方电缆,1.36,6698764812.22,25.2222563192,-4.6071,932116936.42,13.41,-24.3563,10.048715320275,14.37,0.41442666074,22.1575723971,电网设备,2025-10-25,2024-09-30
603568,伟明环保,1.24,6045717631.15,30.82561887,-8.2206,2110861973.36,34.37,-3.1575,7.375539117021,17.76,1.067874178712,47.5625624717,环境治理,2025-10-25,2024-09-30
603486,科沃斯,1.08,10225968610.92,-2.9013216853,-7.1969,615014236.47,1.88,-98.0597,12.03986214434,9.07,0.183373460265,45.9227589806,小家电,2025-10-25,2024-09-30
603477,巨星农牧,0.51,3955352817.53,31.5879465417,34.147,259481410.57,175.7,226.514,6.040907547993,8.1,1.146636773098,17.8441783836,养殖业,2025-10-25,2024-09-30
603320,迪贝电气,0.43,779504699.67,16.0976603837,-18.4544,56620264.53,136.92,-18.3784,6.484944126559,7.04,0.735656855796,15.6877244527,电机Ⅱ,2025-10-25,2024-09-30
603303,得邦照明,0.5449,3290696988.59,-9.6640299465,8.4863,258269170.18,-7.01,-21.959,7.286690896191,8.9774,0.248667870811,19.993774996,照明设备Ⅱ,2025-10-25,2024-09-30
603261,立航科技,-0.44,148771603.76,15.0774924529,-57.4414,-33960139.3,-1913.37,30.6185,10.043815449918,-4.19,-0.679038212205,12.6429270873,航空装备Ⅱ,2025-10-25,2024-09-30
603209,兴通股份,1.01,1162142984.04,28.1798212621,0.9193,277960361.84,52.65,-5.085,8.741949294429,11.87,1.538858726929,36.9038730397,航运港口,2025-10-25,2024-09-30
603207,小方制药,1.28,367213945.74,0.0544199546,-22.978,161669487.31,-4.07,-35.668,7.440219085563,18.26,1.047931026125,65.8558353531,化学制药,2025-10-25,2024-09-30
603186,华正新材,-0.05,2823748210.89,13.0779271391,-18.9165,-6645031.82,78.2251669728,-251.5471,10.531095668027,-0.43,0.059552869693,10.5132428283,元件,2025-10-25,2024-09-30
603167,渤海轮渡,0.55,1412957896.72,3.1402898846,53.9755,257193670.56,20.64,301.7187,7.880465415365,6.74,0.555446710456,29.6474384454,航运港口,2025-10-25,2024-09-30
603156,养元饮品,0.9726,4228538068.56,-7.8115473199,105.6905,1229027718.96,-4.69,32.2385,7.800747475048,11.37,-0.094356363193,46.5316957198,饮料乳品,2025-10-25,2024-09-30
603132,金徽股份,0.35,1102327099.66,30.6371449477,-7.5603,344793143.48,43.15,1.3677,3.20427224953,10.69,0.54950594316,61.1897810249,工业金属,2025-10-25,2024-09-30
603105,芯能科技,0.37,565882041.6,4.110347312,26.6483,186012182.64,0.04,12.214,4.076789859906,8.76,0.518854667923,61.3174025419,电力,2025-10-25,2024-09-30
603080,新疆火炬,0.92,1032254051.86,40.0673571136,10.6839,130852963.62,4.65,8.5679,10.570652485088,9.0,1.097837781413,27.0551633454,燃气Ⅱ,2025-10-25,2024-09-30
603078,江化微,0.2237,820283011.52,6.3284094442,7.6154,86256173.6,-12.45,-6.7901,4.307019744343,5.41,0.148816046499,25.8675178798,电子化学品Ⅱ,2025-10-25,2024-09-30
603066,音飞储存,0.3607,902089284.57,-6.8800391575,-48.7509,106106099.38,13.25,-41.9803,4.911557829916,7.55,0.32451979664,23.7732978973,物流,2025-10-25,2024-09-30
603058,永吉股份,0.3084,610012463.54,17.5379051991,44.187,128179557.47,111.77,32.2097,2.754273757633,11.42,0.367872247584,41.4781773067,包装印刷,2025-10-25,2024-09-30
603057,紫燕食品,0.8454,2686508231.2,-4.5978155979,5.6479,348968898.55,2.19,4.7013,4.824123314774,16.6,1.002772105426,26.2168376933,休闲食品,2025-10-25,2024-09-30
603042,华脉科技,-0.051,608169087.26,-13.1616052903,-18.9282,-8197050.63,81.6435436115,-1539.3619,5.457924952475,-0.93,0.099018834629,18.9395740203,通信设备,2025-10-25,2024-09-30
601996,丰林集团,-0.022,1512531558.29,-14.4662696239,-3.8868,-24856677.98,-131.57,-543.1013,2.412415663463,-0.87,-0.22400606641,3.6414386251,家居用品,2025-10-25,2024-09-30
601963,重庆银行,1.27,10634474000.0,3.7756593984,-7.471,4428072000.0,3.7,-5.5521,15.062530687286,8.5725,-9.320552552463,,银行Ⅱ,2025-10-25,2024-09-30
601956,东贝集团,0.1667,4559453677.17,4.0405393367,-6.7774,103388732.21,-23.37,-92.9227,3.978837889512,4.16,0.328997067558,12.19266756,家电零部件Ⅱ,2025-10-25,2024-09-30
601918,新集能源,0.7,9189117051.83,-5.1863104,9.4522,1824316664.73,-5.01,12.1645,5.821732204383,12.76,0.982107818878,41.9485459431,煤炭开采,2025-10-25,2024-09-30
601900,南方传媒,0.6,6478122223.13,0.4855853905,26.6953,529230859.72,-22.24,56.6598,8.929166384904,6.57,-0.671077208944,33.9873330963,出版,2025-10-25,2024-09-30
601677,明泰铝业,1.18,23655375689.92,21.5850084374,2.6061,1411266378.41,21.58,-51.768,13.859512308494,8.52,0.040659796818,11.3432805259,工业金属,2025-10-25,2024-09-30
601633,长城汽车,1.22,142252336280.94,19.04,4.6452,10399269305.52,108.78,-13.0163,9.014263743521,14.23,1.659252052689,19.9630490519,乘用车,2025-10-25,2024-09-30
601606,长城军工,-0.11,971677645.93,3.2296419359,8.3921,-76108912.06,-913.74,-683.7767,3.48081906538,-3.04,-0.20883705251,14.3258368352,地面兵装Ⅱ,2025-10-25,2024-09-30
601399,国机重装,0.0574,8950933037.34,10.1107997296,-19.9604,414375757.65,18.69,93.238,1.980074584197,2.94,0.074272643253,16.2188822769,专用设备,2025-10-25,2024-09-30
601369,陕鼓动力,0.39,7289344227.71,0.2752954017,-9.0122,666173265.33,-8.25,-7.1963,4.914614652337,7.6,0.510567192245,22.7525180343,专用设备,2025-10-25,2024-09-30
601311,骆驼股份,0.42,11332818769.73,9.9032534742,-6.535,487472681.47,21.62,10.0068,8.046581693918,5.16,0.002417801872,14.9883759575,电池,2025-10-25,2024-09-30
601238,广汽集团,0.01,74740864914.0,-23.8751899273,15.3804,120062416.0,-97.34,-571.7253,10.983146353793,0.1,0.094875061935,5.4341565628,乘用车,2025-10-25,2024-09-30
601168,西部矿业,1.15,36725264915.0,13.9348108516,-16.106,2732391322.0,24.33,25.8107,7.072859722199,17.01,3.404799270248,22.4296063189,工业金属,2025-10-25,2024-09-30
601121,宝地矿业,0.21,974532905.47,78.6983534894,15.2302,170582084.66,-0.55,8.3245,3.85582164035,5.52,0.432798574813,47.8902097159,冶钢原料,2025-10-25,2024-09-30
601088,中国神华,2.183,255475000000.0,1.191442842,6.7014,43382000000.0,-4.5,21.6593,20.88650795026,10.68,4.100657733164,33.6244250905,煤炭开采,2025-10-25,2024-09-30
601011,宝泰隆,-0.143,1128038354.38,-56.0519640419,9.9287,-273023877.16,-1125.28,19.8648,3.090122765685,-4.51,0.164140105477,-6.0576255634,焦炭Ⅱ,2025-10-25,2024-09-30
600988,赤峰黄金,0.67,6222830630.43,22.9251442638,-13.474,1105165741.37,112.59,-22.6133,4.276961419853,16.66,1.203896919617,41.9625544854,贵金属,2025-10-25,2024-09-30
600980,北矿科技,0.4163,737577510.78,11.011047217,-6.2649,78786274.2,9.97,0.7179,7.206778881051,5.9,0.112890959455,27.7006972073,专用设备,2025-10-25,2024-09-30
600975,新五丰,,5270785067.08,36.0530297215,13.0297,1228917.24,100.1639857449,3278.7919,2.37331932084,0.04,0.678130332232,5.579299902,养殖业,2025-10-25,2024-09-30
600963,岳阳林纸,0.13,6918761672.44,4.5140188363,-2.0376,236584527.72,-181.83,64.1815,4.718695285793,2.69,0.46366643824,11.4410930099,造纸,2025-10-25,2024-09-30
600929,雪天盐业,0.2042,4158019658.36,-5.974608834,-22.0321,338736667.17,-32.39,-92.8676,4.628491152645,4.33,0.267369617845,27.2218650245,化学原料,2025-10-25,2024-09-30
600917,重庆燃气,0.17,7170749623.76,0.0635334817,-3.0209,264582648.76,-3.46,-41.722,3.513672722364,4.85,0.347132099087,9.3006583397,燃气Ⅱ,2025-10-25,2024-09-30
600901,江苏金租,0.51,3959265769.31,8.7573003502,0.6543,2226983822.08,9.12,9.6925,4.043974932099,11.87,-0.192922584765,,多元金融,2025-10-25,2024-09-30
600894,广日股份,0.634,4943763948.09,-7.8231161015,-5.4327,545227191.11,8.96,28.7513,9.907936415845,5.87,-0.12810233666,14.8734102063,专用设备,2025-10-25,2024-09-30
600874,创业环保,0.43,3389425323.36,3.907311329,2.9327,677560235.0,2.47,50.0787,6.0745050044,7.26,0.470368261469,37.2580402337,环境治理,2025-10-25,2024-09-30
600872,中炬高新,0.7374,3946069588.97,-0.1736981463,17.1207,576207270.58,145.2821590929,104.4645,6.243569084413,12.15,1.16723071511,37.3641295468,调味发酵品Ⅱ,2025-10-25,2024-09-30
600864,哈投股份,0.13,1756348940.46,-4.37,-37.7075,265935236.92,641.02,657.232,6.196601675886,2.1,1.566356604899,13.7711383974,证券Ⅱ,2025-10-25,2024-09-30
600862,中航高科,0.655,3821116880.91,5.4808022623,3.6113,911969183.59,8.0,22.0909,4.910411925615,13.95,0.10160375477,38.5231041695,航空装备Ⅱ,2025-10-25,2024-09-30
600839,四川长虹,0.0746,77298112761.97,10.3318327126,-6.3972,344565656.63,-28.03,-38.8375,3.083387515976,2.4504,0.123688934716,9.5732134566,黑色家电,2025-10-25,2024-09-30
600812,华北制药,0.06,7560235670.39,-5.1970156247,-12.885,102463641.21,266.29,-43.3808,3.126581291098,1.911,0.616877601467,30.2641015884,化学制药,2025-10-25,2024-09-30
600805,悦达投资,0.03,2383281686.45,7.5367432116,-33.6804,25178569.59,-71.89,411.1013,5.171503846469,0.52,-0.060484517732,5.9535668892,综合Ⅱ,2025-10-25,2024-09-30
600801,华新建材,0.55,24719092748.0,2.2934768994,-7.3418,1138427807.0,-39.26,-26.2545,13.910053006846,3.91,1.626659914528,24.0248079391,水泥,2025-10-25,2024-09-30
600797,浙大网新,-0.05,2299854131.81,-6.2212404982,5.9302,-49589952.8,-1090.63,-707.3351,3.191201639915,-1.48,-0.199214926401,21.1988430391,IT服务Ⅱ,2025-10-25,2024-09-30
600771,广誉远,0.14,893525764.69,-7.9286238886,-26.0247,70964209.71,-22.49,-37.9153,3.201471323502,4.63,0.277949433267,73.976896975,中药Ⅱ,2025-10-25,2024-09-30
600750,华润江中,1.03,3129708148.79,-3.3120607694,-15.4234,647565753.39,7.09,-34.4124,5.909543811014,16.03,0.773845277271,65.551683594,中药Ⅱ,2025-10-25,2024-09-30
600745,*ST闻泰,0.33,53160725356.37,19.6995069962,12.8546,414535011.72,-80.26,9287.0788,28.956204662061,1.11,2.848715840935,10.0132900987,半导体,2025-10-25,2024-09-30
600733,北汽蓝谷,-0.81,9818378183.97,5.4851575846,171.7231,-4491475852.96,-38.1361758531,-23.4409,0.322390330519,-111.03,-0.174942321153,-9.261881581,乘用车,2025-10-25,2024-09-30
600719,大连热电,-0.288,405955899.28,0.6375922896,-96.8963,-116386956.88,-183.96,-12.6186,1.075106950279,-23.76,-0.655377792736,-5.5629945543,电力,2025-10-25,2024-09-30
600693,东百集团,0.0982,1327927577.44,-5.7528834545,-8.7979,85451813.37,-16.66,-51.6468,4.052556811943,2.42,0.179322111324,57.7848651889,一般零售,2025-10-25,2024-09-30
600664,哈药股份,0.2,12256440508.95,6.6347535266,2.8552,508286408.86,74.97,-1.0471,2.069390696457,10.21,0.070937524134,28.2272066732,化学制药,2025-10-25,2024-09-30
600662,外服控股,0.2205,15915817052.08,14.0216797487,3.9146,501750133.61,5.37,-19.1128,1.952161554004,11.42,0.19554871931,10.0234430441,专业服务,2025-10-25,2024-09-30
600621,华鑫股份,0.29,1482184203.34,-1.68,-10.2827,303892229.7,-26.82,68.0162,7.641378319225,3.82,3.626848647298,99.3812606349,证券Ⅱ,2025-10-25,2024-09-30
600604,市北高新,-0.05,751364424.85,-4.4640449921,31.6558,-97732105.11,-68.240447603,152.581,3.360433336923,-1.54,-0.198065924124,30.8521842043,房地产开发,2025-10-25,2024-09-30
600603,广汇物流,0.35,2566630937.81,-31.8591717161,-5.0845,422033520.95,-32.95,174.487,5.622597207873,6.29,0.899898077433,40.1112991457,物流,2025-10-25,2024-09-30
600601,方正科技,0.0503,2449469212.11,7.600444884,7.7429,209932830.29,76.81,-17.2004,0.973646407764,5.31,0.089729726318,21.4551394536,元件,2025-10-25,2024-09-30
600583,海油工程,0.39,20426013000.0,-2.5631764296,-9.8107,1744576400.0,27.11,-24.0498,5.858214070493,6.84,0.892128381102,11.7694916771,油服工程,2025-10-25,2024-09-30
600578,京能电力,0.19,26032159242.83,10.0792192892,22.0581,1404762491.41,70.79,12.8743,3.239413106101,5.67,0.689977697804,10.9226403875,电力,2025-10-25,2024-09-30
600576,祥源文旅,0.1036,623537022.51,8.641479236,9.2147,110181722.84,-16.22,7.1461,2.60411037079,3.97,0.158010951595,49.0367490914,旅游及景区,2025-10-25,2024-09-30
600562,国睿科技,0.3,1985134690.57,-6.5714748753,-57.1884,368295556.65,-6.45,-90.1505,4.621813738117,6.51,-0.518291978726,39.7481387035,军工电子Ⅱ,2025-10-25,2024-09-30
600549,厦门钨业,0.9913,26369085913.45,-10.6985984212,3.5475,1402388931.27,20.78,-34.556,8.505696573106,12.02,1.616845070575,18.4369340687,小金属,2025-10-25,2024-09-30
600539,狮头股份,-0.0309,319404164.41,-0.2536440655,-17.4138,-7108941.34,58.4212836936,37.2003,1.498007297043,-2.0422,-0.191481098087,23.5040632137,互联网电商,2025-10-25,2024-09-30
600535,天士力,0.56,6462559794.57,-1.6561528325,-9.9981,842201236.32,-18.41,-50.9959,8.505622131692,6.7,0.796499048802,66.7993121464,中药Ⅱ,2025-10-25,2024-09-30
600531,豫光金铅,0.5081,29017114456.66,13.3564028422,-1.4652,554156879.15,13.64,-47.1647,4.786437467965,10.99,1.062603630624,7.5226292056,工业金属,2025-10-25,2024-09-30
600513,联环药业,0.32,1644578576.25,10.8650869251,-13.3207,92699157.34,4.34,-1.7509,4.918430218331,6.71,0.084230425102,49.8945857285,化学制药,2025-10-25,2024-09-30
600510,黑牡丹,0.08,1812348476.73,-69.5201257658,-26.3619,79366150.76,-79.93,1088.6437,9.772525422611,0.77,-1.178388047637,23.2054213022,房地产开发,2025-10-25,2024-09-30
600497,驰宏锌锗,0.2895,14651922034.57,-11.1923541606,-6.3967,1473840870.92,-15.79,37.5134,3.246675138459,8.92,0.50818641442,19.5233031584,工业金属,2025-10-25,2024-09-30
600438,通威股份,-0.8881,68272477303.36,-38.7254086844,1.0264,-3973257095.91,-124.37,63.9817,11.009230125113,-6.52,0.663807824509,7.5392120174,光伏设备,2025-10-25,2024-09-30
600422,昆药集团,0.59,5800042553.98,3.3716516728,11.8258,444612166.9,0.36,42.5333,7.307356438637,6.6,0.48909274035,43.8189649901,中药Ⅱ,2025-10-25,2024-09-30
600390,五矿资本,0.2,5894683430.01,-8.5,15.1931,1217637581.25,-38.03,-30.3091,9.498994004742,2.08,1.485675967042,0.2595449437,多元金融,2025-10-25,2024-09-30
600380,健康元,0.59,11898828905.02,-5.9474600701,-5.9213,1111560063.92,2.58,-0.4429,7.730109574172,7.82,1.394517615709,63.0726761223,化学制药,2025-10-25,2024-09-30
600367,红星发展,0.17,1611620983.0,2.7987012221,3.4884,57486141.05,209.87,97.1516,6.933172529764,2.46,0.22873779928,18.2204026212,化学原料,2025-10-25,2024-09-30
600351,亚宝药业,0.3241,2121509818.79,-3.5433707193,0.7956,234933135.46,9.88,-18.2955,4.100326609874,8.09,0.531139305212,51.7500195925,中药Ⅱ,2025-10-25,2024-09-30
600309,万华化学,3.53,147604150411.45,11.3538583605,-0.726,11093324150.25,-12.67,-27.3349,29.684441267278,12.1,6.14873807279,15.3809768511,化学制品,2025-10-25,2024-09-30
600282,南钢股份,0.2844,49291087788.11,-12.5499760613,-7.1026,1753517272.52,5.31,-23.429,4.177991360994,6.71,0.274465560833,11.5089070647,普钢,2025-10-25,2024-09-30
600235,民丰特纸,0.174,1163400044.01,-2.0174467333,-6.1401,60976579.35,123.43,-21.5698,4.240097538742,4.15,0.42663778645,15.3319968147,造纸,2025-10-25,2024-09-30
600231,凌钢股份,-0.48,13884505960.68,-10.5468187512,-26.2856,-1363363785.59,-577.6846633288,-315.7048,2.088796156142,-20.23,-0.134657867198,-6.4862960354,普钢,2025-10-25,2024-09-30
600179,安通控股,0.0381,5329469740.97,-1.3263401863,-4.8173,161226010.88,-59.33,-93.4865,2.439498834194,1.57,0.12932174069,6.2277263445,航运港口,2025-10-25,2024-09-30
600161,天坛生物,0.53,4073361821.56,1.2769589401,-23.9241,1051719466.85,18.52,-20.464,5.381517474092,10.27,0.656807188213,55.3286825256,生物制品,2025-10-25,2024-09-30
600158,中体产业,0.0241,1553940066.62,56.5667705342,41.7319,23162677.16,159.1317235303,-84.6261,2.708163711105,0.89,-0.318835948964,28.0593336317,体育Ⅱ,2025-10-25,2024-09-30
600129,太极集团,0.98,10433818061.19,-14.3557470468,-27.5064,545074718.99,-28.1,-79.6338,7.184524790073,14.2,-1.239639292496,42.3018455147,中药Ⅱ,2025-10-25,2024-09-30
600126,杭钢股份,-0.13,48260263804.22,22.2724975225,-15.9265,-446728279.91,-621.99,-481.2923,5.795939615635,-2.24,0.053339322159,0.125130129,普钢,2025-10-25,2024-09-30
600075,新疆天业,0.0059,7798277322.31,-9.6035982135,-13.0868,10090109.81,101.29,-98.1073,5.22164947655,0.11,0.605986942237,13.0810797626,化学原料,2025-10-25,2024-09-30
600063,皖维高新,0.093,5947142348.61,-11.209377087,0.0943,200218523.03,-50.71,-14.3293,3.865574293257,2.41,0.059551502727,13.1506519862,化学纤维,2025-10-25,2024-09-30
600062,华润双鹤,1.3596,8548241751.78,1.1816808507,-15.3371,1397067248.19,1.07,-44.3976,9.808067365865,12.39,1.408284255674,58.4640209614,化学制药,2025-10-25,2024-09-30
600055,万东医疗,0.165,1093084824.41,18.0705064962,0.3588,115733364.5,-3.7,-39.8038,2.784142251355,2.45,0.036094558917,37.7246956056,医疗器械,2025-10-25,2024-09-30
600030,中信证券,1.09,42059830771.98,-8.179814016,-2.865,16798864246.61,2.35,11.0121,17.594049199731,6.3,7.666044418785,,证券Ⅱ,2025-10-25,2024-09-30
600022,山东钢铁,-0.1361,64333650830.0,-5.9198473599,-14.5883,-1450858104.99,-327.7164163081,-46.047,1.831099895851,-7.11,0.146859350701,1.6357698572,普钢,2025-10-25,2024-09-30
301633,港迪技术,1.39,372929282.18,8.3,6.1944,58033713.99,89.46,60.7271,10.51273459387,14.15,-0.040063321839,43.4146300187,自动化设备,2025-10-25,2024-09-30
301606,绿联科技,0.8409,4305562320.83,28.4659850085,7.1292,321773024.12,28.94,9.5423,6.618571004321,15.37,1.085628939124,37.7255042532,消费电子,2025-10-25,2024-09-30
301598,博科测试,1.476,322154559.44,14.3328330498,-26.1776,65198956.27,83.48,-25.9184,10.925888649826,14.43,2.376599121584,44.7939936535,专用设备,2025-10-25,2024-09-30
301577,美信科技,0.35,302492685.26,-7.1330577037,9.7882,15117038.72,-62.65,-19.9209,16.850944429507,2.1,1.010682275192,20.3513385579,通信设备,2025-10-25,2024-09-30
301539,宏鑫科技,0.25,737736284.13,5.9471730562,8.1965,32630756.24,-35.09,187.1694,5.150444728851,5.25,0.426200388986,15.3601691577,汽车零部件,2025-10-25,2024-09-30
301509,金凯生科,0.33,387196007.94,-33.9335768739,-9.05,39290561.22,-73.13,-53.1038,17.801230895393,1.82,1.095209190301,39.1137230613,医疗服务,2025-10-25,2024-09-30
301459,丰茂股份,1.47,670348543.16,10.8793817939,-4.7606,117553460.81,1.65,-22.4041,14.3965020585,10.61,0.42586660275,31.5615227569,橡胶,2025-10-25,2024-09-30
301408,华人健康,0.2698,3269282916.66,22.0657396116,3.6513,107929607.48,22.62,38.7428,4.938676503137,5.44,0.984564028099,32.4185079627,医药商业,2025-10-25,2024-09-30
301387,光大同创,0.0694,841355951.24,19.316953431,21.7208,7412645.05,-91.51,167.5961,15.154629541182,0.45,0.277955345522,24.1201815107,消费电子,2025-10-25,2024-09-30
301369,联动科技,0.22,224922938.46,33.6011663904,12.379,15185628.35,6.84,103.3373,21.179887215266,1.03,-0.783568119481,59.6259189295,半导体,2025-10-25,2024-09-30
301356,天振股份,-0.2,533302081.54,93.6309181243,37.655,-42392562.03,39.13,58.4761,13.641595239028,-1.42,-0.031348230231,4.4356059743,家居用品,2025-10-25,2024-09-30
301335,天元宠物,0.44,2034779549.7,33.0980696115,4.4409,54474901.35,4.34,35.3414,14.945554955238,2.82,-0.73329457246,16.7747942081,文娱用品,2025-10-25,2024-09-30
301328,维峰电子,0.62,384464903.2,4.5762803931,2.3107,68029756.08,-32.84,-27.8904,17.195093640945,3.57,0.718900453561,40.6427767033,其他电子Ⅱ,2025-10-25,2024-09-30
301305,朗坤科技,0.8,1384108531.12,7.9836983195,22.7235,193355282.62,29.66,-8.7293,14.510414454037,5.55,1.423398504213,31.3003395795,环境治理,2025-10-25,2024-09-30
301292,海科新源,-0.96,2551767893.0,1.6788827165,-22.1622,-213595387.31,-438.25,-110.6037,13.021581760195,-7.08,0.074900149477,-0.0899816228,电池,2025-10-25,2024-09-30
301285,鸿日达,0.14,644309454.81,27.5727500391,6.744,29567068.56,21.01,15.5107,5.139314243867,2.7,0.222223911695,24.1631807399,消费电子,2025-10-25,2024-09-30
301282,金禄电子,0.38,1164272756.52,22.5124244117,0.1639,56940022.7,85.35,-34.9553,11.074375459376,3.4,0.377752683857,13.9454877314,元件,2025-10-25,2024-09-30
301235,华康洁净,0.19,1079614618.16,-5.7192268881,62.146,19635357.61,-67.31,42.732,16.830484282576,1.11,-1.09573733447,35.051944749,医疗器械,2025-10-25,2024-09-30
301209,联合化学,0.3936,392716199.55,27.3691711266,3.6715,44083285.92,82.76,18.9041,9.03006512,6.24,0.4222405425,19.633136766,化学制品,2025-10-25,2024-09-30
301203,国泰环保,1.27,240481663.91,1.9245816096,-17.4563,101215268.8,-10.24,-18.1178,17.705342124375,7.07,0.835899023,55.697247841,环境治理,2025-10-25,2024-09-30
301175,中科环保,0.1791,1199505130.13,12.6022180044,-14.0023,263672220.05,27.55,9.4288,2.39333578202,7.6,0.318369495346,41.3741521044,环境治理,2025-10-25,2024-09-30
301169,零点有数,-0.93,144673637.59,-13.9088637574,-20.7838,-67153986.75,-149.29,29.169,7.173183495978,-12.18,-1.127690571956,22.3348461601,专业服务,2025-10-25,2024-09-30
301122,采纳股份,0.47,292116185.53,-0.5011238185,16.5804,57452021.66,-38.02,197.4605,14.848342079029,3.17,0.697592186873,39.2835167493,医疗器械,2025-10-25,2024-09-30
301102,兆讯传媒,0.1656,504956879.13,16.5937832401,28.1331,67216243.7,-44.23,958.2725,7.47117942936,2.22,0.826796426995,33.5258493263,广告营销,2025-10-25,2024-09-30
301096,百诚医药,1.31,721478652.99,1.0748509163,-36.5083,141656133.34,-29.69,-91.1774,25.429073954096,5.2,-1.680643811444,61.1696641129,医疗服务,2025-10-25,2024-09-30
301077,星华新材,0.88,591455308.26,14.7097783219,-0.7408,105925064.52,66.92,11.1094,10.589846173083,8.44,1.2198342165,32.3513610425,化学制品,2025-10-25,2024-09-30
301073,君亭酒店,0.09,503016707.35,31.844266522,1.2449,18313183.55,-23.59,-48.9292,4.973405759103,1.87,0.898948723577,30.8323978953,酒店餐饮,2025-10-25,2024-09-30
301072,中捷精工,-0.05,552009127.98,2.1513159281,9.4063,-4924395.97,-127.76,-513.0086,7.635467411865,-0.6,-0.185875713818,12.625254326,汽车零部件,2025-10-25,2024-09-30
301050,雷电微力,1.55,1171842517.04,61.6080392154,38.8821,373800096.54,41.44,50.7354,11.81477778981,13.36,-0.825941971375,41.642162471,军工电子Ⅱ,2025-10-25,2024-09-30
301039,中集车辆,0.43,15823449879.27,-19.1370248007,-7.624,842606221.45,-63.0,-6.0471,7.490490466588,5.74,0.815449298436,15.7749171732,商用车,2025-10-25,2024-09-30
301002,崧盛股份,0.15,651825797.19,16.5439187702,-12.8318,18611444.59,-2.07,-91.1329,6.435566346805,2.23,0.187739001988,25.993598124,电网设备,2025-10-25,2024-09-30
300983,尤安设计,-0.2533,160548165.08,-26.788934321,9.3442,-43766380.34,-60.25,33.4313,17.52761177934,-1.43,0.014102231424,25.9094209263,工程咨询服务Ⅱ,2025-10-25,2024-09-30
300958,建工修复,0.05,669195319.21,-22.9886084701,-42.723,8524809.09,-85.1,-36.2521,8.795479346528,0.62,-0.636568115028,21.6890707561,环境治理,2025-10-25,2024-09-30
300951,博硕科技,0.95,948857154.85,2.3276099579,35.5735,161598104.77,-22.85,74.3071,13.477142288391,7.14,0.911088978091,36.5686812811,消费电子,2025-10-25,2024-09-30
300930,屹通新材,0.3994,347591866.18,15.4415977009,-14.9323,39937754.98,-7.78,-34.0655,8.7036561277,4.67,-1.4394341542,19.8596023919,金属新材料,2025-10-25,2024-09-30
300912,凯龙高科,-1.01,463853489.4,-41.5123260748,-24.7981,-116228904.13,-990.83,4.6329,5.962700659234,-15.41,-0.13805142518,8.4492458816,汽车零部件,2025-10-25,2024-09-30
300907,康平科技,0.7068,869169178.61,20.5407360995,0.7668,67857504.48,67.07,-17.217,7.709059111042,8.66,0.760876680521,19.5131882416,电机Ⅱ,2025-10-25,2024-09-30
300897,山科智能,0.46,490436030.53,7.7406122168,-19.9097,64309258.15,6.18,-8.27,9.923063395293,6.47,-0.603106420217,40.4480438245,通用设备,2025-10-25,2024-09-30
300893,松原安全,0.8446,1310089983.09,60.7979221678,16.5387,190712663.57,62.87,8.1965,5.410397177622,16.65,0.658718791876,29.6689082465,汽车零部件,2025-10-25,2024-09-30
300889,爱克股份,-0.325,634119181.33,-13.3695096156,22.102,-70700518.91,-1288.49,32.0559,9.801531054231,-4.51,-0.143398062244,21.1443342321,光学光电子,2025-10-25,2024-09-30
300887,谱尼测试,-0.4288,1123414813.3,-36.1057114378,0.4342,-234142690.89,-322.2,14.476,5.853762317319,-7.03,-0.212855700249,28.2443956269,专业服务,2025-10-25,2024-09-30
300880,迦南智能,0.8874,783035402.89,29.4359911347,-30.491,172322806.69,62.13,-38.2182,5.353309419772,17.28,1.058512785412,32.6384391097,电网设备,2025-10-25,2024-09-30
300877,金春股份,0.11,772123217.43,17.2706118408,6.9174,12630840.18,-28.68,69.5092,13.082283759167,0.8,-0.484684809417,8.6889645805,纺织制造,2025-10-25,2024-09-30
300865,大宏立,0.1969,302013472.86,12.4682395779,-18.0739,18841272.55,330.37,-34.5803,9.192943889528,2.16,0.404737415238,29.2494994556,专用设备,2025-10-25,2024-09-30
300825,阿尔特,0.0025,616744984.06,2.1940687969,59.8103,1241783.74,-96.25,146.6275,4.871134574219,0.05,0.215203487927,32.5889397263,汽车服务,2025-10-25,2024-09-30
300807,天迈科技,-0.78,55822399.2,-45.0580293368,-15.1606,-52871904.95,-6.58,-45.6619,7.230471666149,-10.2,-0.276395717834,36.3349262853,计算机设备,2025-10-25,2024-09-30
300803,指南针,-0.19,776360511.0,13.61,-7.9523,-109951616.0,-171.18,7.2178,4.455348604382,-6.01,7.557503617829,81.7387541531,软件开发,2025-10-25,2024-09-30
300770,新媒股份,1.87,1174291698.78,5.9351216711,8.6466,427562732.76,-14.38,15.1112,16.065957879432,11.21,4.018395799233,49.3112260107,电视广播Ⅱ,2025-10-25,2024-09-30
300737,科顺股份,0.11,5136038704.94,-17.7016632955,-16.1524,126205499.01,53.94,-21.4215,4.418293193915,2.51,-1.340718887463,23.0388697239,装修建材,2025-10-25,2024-09-30
300721,怡达股份,0.0883,1330711783.62,-2.4356181821,-2.5138,14426402.31,129.35,-76.4521,7.420112085687,1.18,0.725044495845,11.5092139992,化学制品,2025-10-25,2024-09-30
300698,万马科技,0.233,385478244.7,7.8388056118,14.1602,31224507.45,-22.69,5.2251,3.539316329104,6.41,-0.639806997239,37.3119135717,通信设备,2025-10-25,2024-09-30
300693,盛弘股份,0.8736,2095105643.1,20.9121937869,-20.1058,270574181.03,-0.93,-22.6445,5.332393576832,17.4,0.038023596028,40.1697522615,其他电源设备Ⅱ,2025-10-25,2024-09-30
300689,澄天伟业,0.0036,249166190.82,-18.3300183598,4.1999,410591.34,-96.75,-157.2991,5.739161067907,0.06,0.165802704412,15.6704816418,通信设备,2025-10-25,2024-09-30
300685,艾德生物,0.57,847967831.38,19.8386051512,-1.5427,227270537.49,30.82,4.7158,4.537711136617,13.06,0.602906416801,84.7352198043,医疗器械,2025-10-25,2024-09-30
300671,富满微,-0.3,495770101.99,-5.1225656225,22.5302,-64806517.98,51.82,13.3668,8.101410250422,-3.59,0.386617351923,17.9182343738,半导体,2025-10-25,2024-09-30
300661,圣邦股份,0.4657,2444835135.79,29.9632686252,2.4816,284901627.51,100.57,-14.4966,9.093795371681,7.02,0.858047419914,52.1670984849,半导体,2025-10-25,2024-09-30
300653,正海生物,0.69,291348252.99,-9.4577444547,-13.8994,125055698.08,-15.69,-14.5169,4.971391345556,12.99,0.674852804222,87.6099057538,医疗器械,2025-10-25,2024-09-30
300651,金陵体育,0.17,256464247.49,-19.8905954748,23.9114,21781637.92,-41.96,-21.7984,6.06942753264,2.67,0.059168309826,31.7344170412,文娱用品,2025-10-25,2024-09-30
300636,同和药业,0.228,569933408.38,1.8353114952,6.9963,95736461.6,21.72,0.751,5.478566138567,4.22,0.384705344149,33.6605074662,化学制药,2025-10-25,2024-09-30
300634,彩讯股份,0.44,1210470656.38,10.7204453914,20.3861,195174408.46,-36.36,125.4388,5.995123666409,7.43,-0.094140692824,40.3964007614,IT服务Ⅱ,2025-10-25,2024-09-30
300621,维业股份,0.06,9538669611.9,-18.6406114517,-51.0557,13312817.23,-40.98,-38.3004,4.285628927787,1.55,-1.444917339985,5.2425539275,装修装饰Ⅱ,2025-10-25,2024-09-30
300615,欣天科技,-0.0921,178600311.18,-68.1677360524,51.8947,-17669498.27,-122.59,137.2507,2.702509025343,-3.35,0.012129415703,20.342412446,通信设备,2025-10-25,2024-09-30
300603,立昂技术,0.012,526102865.61,-0.9109537815,36.3754,5525748.42,426.18,192.9919,3.104377406096,0.38,-0.052521968635,14.7049912968,通信服务,2025-10-25,2024-09-30
300595,欧普康视,0.5852,1430989125.43,8.4444943901,30.8137,522578309.16,-2.87,50.791,5.195015023927,11.57,0.657915179966,74.8088331676,医疗器械,2025-10-25,2024-09-30
300586,美联新材,0.0514,1268731075.94,-9.1003755756,-3.1933,36522859.04,-63.78,-75.2434,2.69519028744,1.9,0.206731390264,13.8997042891,塑料,2025-10-25,2024-09-30
300572,安车检测,-0.11,326882485.99,-16.5834166224,14.3946,-26330742.5,-186.86,26.2643,8.635145026954,-1.31,-0.057865503316,30.6728646738,通用设备,2025-10-25,2024-09-30
300563,神宇股份,0.38,642507899.39,18.7670791278,19.6695,67362193.75,67.85,45.4837,5.782282421627,6.67,0.460490458358,15.6027560961,通信设备,2025-10-25,2024-09-30
300559,佳发教育,0.1258,338034725.57,-22.470399509,-46.9341,50255913.21,-56.62,-79.2701,3.060954392935,4.12,0.027712731236,56.1896652451,软件开发,2025-10-25,2024-09-30
300556,丝路视觉,-1.78,441853931.96,-53.5402594299,-29.4452,-216349368.19,-4882.78,-147.6103,5.858027218649,-25.71,-1.881430731266,-6.0357163581,软件开发,2025-10-25,2024-09-30
300550,和仁科技,0.0035,264317028.74,-6.4195575842,49.8322,929244.29,-92.92,210.4601,4.08410450846,0.09,-0.439613897298,42.4009270323,软件开发,2025-10-25,2024-09-30
300499,高澜股份,-0.06,361673863.07,-10.3547819518,-23.9805,-17649122.73,-256.0,-117.2116,4.53479023351,-1.27,-0.279666037086,27.2275328038,专用设备,2025-10-25,2024-09-30
300481,濮阳惠成,0.51,1083951749.07,5.8010367436,0.3579,149963952.84,-25.03,-34.844,8.218525056871,6.14,0.783233412268,22.7830664992,电子化学品Ⅱ,2025-10-25,2024-09-30
300463,迈克生物,0.4635,1947615476.64,-7.917655574,0.9296,281372336.41,4.72,-2.0137,10.670224231198,4.33,0.804936926975,57.1933010428,医疗器械,2025-10-25,2024-09-30
300457,赢合科技,0.76,6478286042.09,-13.590129527,-19.8987,495791773.46,-2.93,-12.211,10.107632775931,7.77,-1.388307763468,30.990587863,电池,2025-10-25,2024-09-30
300447,全信股份,0.1881,781747083.68,-4.1248983658,-8.5539,58694783.44,-53.67,62.1298,6.480174214225,2.88,-0.19145729443,37.6124684528,军工电子Ⅱ,2025-10-25,2024-09-30
300437,清水源,-0.2125,835772082.74,-3.6938964536,-2.8669,-54867408.67,-552.81,77.6247,5.770396249525,-3.72,0.177051828174,9.7078370522,环境治理,2025-10-25,2024-09-30
300421,力星股份,0.1725,776732392.43,3.5645717932,-2.3895,50719039.39,-11.09,-23.898,4.247446982912,4.09,0.263916571487,18.2451247934,通用设备,2025-10-25,2024-09-30
300420,五洋自控,-0.011,679310563.86,-28.5811291797,-1.3105,-12257503.17,-132.76,74.2567,2.14365156124,-0.5,0.017436085634,27.7159043619,通用设备,2025-10-25,2024-09-30
300413,芒果超媒,0.77,10277740561.91,-0.8480900115,-8.7388,1444347079.5,-18.96,-35.9485,12.064283885097,6.55,-0.174019459804,29.1469554867,数字媒体,2025-10-25,2024-09-30
300412,迦南科技,0.03,850476104.61,11.101052053,-10.7967,15070713.65,-34.05,-82.5552,2.07079287648,1.47,-0.030292866673,25.2347895722,专用设备,2025-10-25,2024-09-30
300411,金盾股份,0.0509,307704540.64,-3.5280848475,-25.9891,20675614.17,-5.3,82.5594,2.348312757778,2.2,-0.104711884156,21.8553266878,专用设备,2025-10-25,2024-09-30
300410,正业科技,-0.31,511076439.96,-22.2197522332,0.7338,-114117871.61,-60.35,39.0422,0.885776528615,-29.85,-0.09439702361,26.788410859,电池,2025-10-25,2024-09-30
300402,宝色股份,0.2392,1310581205.18,1.5829637966,-12.1297,58265103.75,11.15,2.1715,5.963820561334,4.06,0.952807798498,18.049400149,通用设备,2025-10-25,2024-09-30
300399,天利科技,-0.04,378292363.95,8.4505710741,1.0227,-7838143.25,-32.03,176.523,2.569280126923,-1.49,0.032838673735,3.2072754637,IT服务Ⅱ,2025-10-25,2024-09-30
300393,中来股份,-0.2787,4543898204.15,-53.3515898949,-18.3355,-303702618.79,-162.81,101.6331,3.640022882428,-7.23,-0.26213146805,9.8044902314,光伏设备,2025-10-25,2024-09-30
300390,天华新能,1.1,5452775594.77,-38.804652086,-11.1933,923317664.79,-49.31,-73.4352,14.353791986978,7.66,1.324096982271,18.6199261628,电池,2025-10-25,2024-09-30
300368,汇金股份,-0.055,160218994.61,-36.5446197924,-22.5113,-29112536.48,45.6,167.1547,0.631126732927,-8.54,-0.106860706468,38.5367651447,计算机设备,2025-10-25,2024-09-30
300363,博腾股份,-0.38,2125237714.06,-30.021875877,14.6497,-206429638.26,-145.68,51.5826,9.738024605927,-3.73,0.446162271251,23.2809460752,医疗服务,2025-10-25,2024-09-30
300360,炬华科技,1.06,1546171660.26,23.8530113366,-2.8976,541683634.28,22.47,-12.4126,7.649335767338,14.32,0.947896294925,47.9554910595,电网设备,2025-10-25,2024-09-30
300348,长亮科技,0.0054,1035418783.86,-12.0506423081,-20.3114,3981632.74,142.75,-61.8826,2.495236110689,0.24,-0.446293876056,33.9206715007,软件开发,2025-10-25,2024-09-30
300343,联创股份,-0.0153,660650718.2,-8.8226449436,7.2565,-16781396.81,-155.28,-243.3296,1.787924697963,-0.85,-0.013337372321,9.1833479929,化学制品,2025-10-25,2024-09-30
300331,苏大维格,0.15,1395491895.06,11.2460983904,0.2383,39368836.0,204.97,-71.3492,6.386877652691,2.38,0.391803579092,19.8880282345,光学光电子,2025-10-25,2024-09-30
300322,硕贝德,0.0078,1324341010.27,8.3900159984,13.9272,3646284.18,102.34,-95.2012,2.224599638936,0.35,0.004985769306,24.8048022362,消费电子,2025-10-25,2024-09-30
300317,珈伟新能,-0.091,340351510.76,-34.2189325897,28.9929,-75318910.83,-487.95,-45.911,2.178742650604,-4.12,-0.134760614947,26.5322520997,电力,2025-10-25,2024-09-30
300316,晶盛机电,2.26,14477951766.54,7.5478961552,-23.1823,2959908456.67,-15.76,-15.884,13.012728746695,18.46,0.670614009392,35.5726627046,光伏设备,2025-10-25,2024-09-30
300313,天山生物,-0.133,106287698.79,11.2302502883,98.2709,-41630442.04,-219.31,33.1555,0.065621972233,-100.67,0.012123094378,-2.2781902775,养殖业,2025-10-25,2024-09-30
300311,ST任子行,-0.1317,248697975.42,-10.7680996796,165.0741,-88730514.35,17.05,130.6137,0.930015069976,-13.35,-0.042919961822,51.9926466597,软件开发,2025-10-25,2024-09-30
300306,远方信息,0.2,298103313.31,2.9830430773,5.3145,54380972.15,2.7,-16.8814,5.559067006506,3.59,0.305267908378,64.3478181004,通用设备,2025-10-25,2024-09-30
300303,聚飞光电,0.17,2208346304.28,19.4373583504,8.675,228469603.17,25.83,8.1621,2.358506243383,7.36,0.186600405349,24.8423065466,光学光电子,2025-10-25,2024-09-30
300295,*ST三六五,-0.04,97257566.13,-30.8018478552,-36.3029,-8453553.89,-200.11,-4980.2505,6.337560668269,-0.69,2.989189519655,71.3484178467,数字媒体,2025-10-25,2024-09-30
300268,佳沃食品,-3.7418,2626347781.78,-24.4244752445,-13.4101,-651828582.99,0.03,15.4887,-8.718910455568,,-0.756465700287,-9.5011273424,农产品加工,2025-10-25,2024-09-30
300260,新莱应材,0.4856,2161486987.46,9.3547083437,1.9155,198031501.01,17.63,-20.0474,4.729844503506,10.5,0.509362463278,25.0013428661,通用设备,2025-10-25,2024-09-30
300246,宝莱特,-0.0519,807507985.27,-15.1528398956,0.5281,-13640452.35,-121.22,-81.1353,4.622317423164,-1.06,-0.149392134576,27.1822555633,医疗器械,2025-10-25,2024-09-30
300243,瑞丰高材,0.15,1470006975.82,11.6587743548,-0.5105,36569784.64,-44.62,6.046,4.302534354892,3.17,-0.515129693751,14.9666918762,塑料,2025-10-25,2024-09-30
300234,开尔新材,0.0785,301342514.25,-6.8709058745,-35.3096,39501481.81,8.79,1037.4643,2.297211084921,3.47,0.131908750998,24.1399789144,装修建材,2025-10-25,2024-09-30
300213,佳讯飞鸿,0.0626,736329174.63,9.022542164,-4.5042,36752498.77,11.36,-68.9494,3.743909775002,1.66,-0.127156074675,41.7089277719,通信设备,2025-10-25,2024-09-30
300193,佳士科技,0.38,944127161.04,10.2451329452,-21.0709,180281976.92,8.37,-42.7301,4.592743096934,7.83,0.228526360729,29.8368901335,通用设备,2025-10-25,2024-09-30
300188,国投智能,-0.281,897375269.22,19.5723004225,-1.6129,-241827886.85,39.1,-22.2195,4.303769719785,-6.33,-0.468464312618,40.7273987579,软件开发,2025-10-25,2024-09-30
300184,力源信息,0.0869,5606668747.53,29.4855713937,14.4939,100265882.01,32.78,85.937,3.203424374267,2.74,0.075784316689,9.1331452557,其他电子Ⅱ,2025-10-25,2024-09-30
300183,东软载波,0.1816,787564503.28,23.2774623208,-34.1869,84023329.18,27.26,-46.2007,6.861614665038,2.66,0.338995273628,39.9128538933,通信设备,2025-10-25,2024-09-30
300177,中海达,-0.0346,738616803.96,-16.6637827538,0.1603,-25771923.77,-25.61,308.7154,2.223831587149,-1.55,-0.056769098381,41.8133677672,军工电子Ⅱ,2025-10-25,2024-09-30
300174,元力股份,0.5852,1396423018.22,-5.5289123877,-20.1739,211969432.25,20.53,-8.5399,8.939041228897,6.64,0.223913435144,25.0451806642,化学制品,2025-10-25,2024-09-30
300165,天瑞仪器,-0.0138,588862093.8,-8.2739229659,-14.0583,-6841309.11,-160.54,225.5447,2.783330743788,-0.5,0.10184080074,39.0342783514,通用设备,2025-10-25,2024-09-30
300155,安居宝,-0.0379,154370367.79,-42.1033281267,8.8519,-21253978.42,-293.28,85.382,2.295698648034,-1.64,0.003426776831,42.5799745256,计算机设备,2025-10-25,2024-09-30
300138,晨光生物,0.12,5225428968.08,1.0829942015,-1.3706,62605888.08,-84.28,-160.7889,5.753216500428,1.92,3.009130768735,7.3745927013,农产品加工,2025-10-25,2024-09-30
300133,华策影视,0.09,892536779.81,-39.0538695756,174.8758,166225621.06,-49.21,130.6927,3.742515945262,2.0,-0.384939152825,38.1007952616,影视院线,2025-10-25,2024-09-30
300119,瑞普生物,0.5401,2241619984.6,41.2342321228,14.4793,248766437.96,-10.58,19.6021,9.766885395509,5.41,0.81026053278,41.7391613413,动物保健Ⅱ,2025-10-25,2024-09-30
300103,达刚控股,-0.087,123091342.44,-28.625036018,34.1901,-27626860.73,17.31,-34.327,1.891042681289,-4.49,-0.099508792164,18.0424809493,专用设备,2025-10-25,2024-09-30
300073,当升科技,0.9166,5525269718.72,-55.9511519743,-2.0055,464282441.42,-68.87,0.5345,25.977549227753,3.52,2.274224637789,13.1321422536,电池,2025-10-25,2024-09-30
300066,三川智慧,0.0687,1111588163.47,-26.7450833785,-3.4887,71501241.49,-55.96,-39.3286,2.400234527393,2.87,0.000699313105,14.6430920101,通用设备,2025-10-25,2024-09-30
300059,东方财富,0.3826,7303599002.2,-13.96,-5.2401,6041773745.62,-2.69,-5.5196,4.874218031126,8.14,4.061996539297,57.7266322227,证券Ⅱ,2025-10-25,2024-09-30
300048,合康新能,0.0097,3112440983.02,213.6371229664,38.821,10811740.61,130.62,191.1646,1.526442988594,0.64,0.393029330693,14.0196986664,自动化设备,2025-10-25,2024-09-30
300003,乐普医疗,0.4339,4785471627.57,-23.5453358976,-4.123,802655886.18,-40.7,-51.0549,8.285887911706,5.01,0.224956604554,62.7993128505,医疗器械,2025-10-25,2024-09-30
200869,张裕B,0.32,2197300790.0,-21.5592912206,-5.1288,223954132.0,-47.25,-95.538,15.277866361198,2.12,0.263306811294,59.0334504454,非白酒,2025-10-25,2024-09-30
200625,长安B,0.36,110959596291.71,2.5444695591,-13.7596,3579846932.75,-63.78,-55.3019,7.324847385975,4.95,0.443011000859,14.3838873256,乘用车,2025-10-25,2024-09-30
200505,京粮B,0.04,9493366801.12,18.0696441459,105.1073,27854428.81,-64.6,195.548,4.324246103864,0.88,-0.294721620242,4.1550819047,农产品加工,2025-10-25,2024-09-30
200056,*ST皇庭B,-0.23,522735624.23,-48.4123637638,-2.3784,-261575350.07,48.84,-67.2743,0.605565892557,-30.29,0.238369229291,59.8800382509,房地产服务,2025-10-25,2024-09-30
200026,飞亚达B,0.4824,3039766900.13,-13.8203304062,-4.7346,197622948.56,-25.58,-29.5297,8.305083553296,5.88,0.781975328938,37.1634324669,饰品,2025-10-25,2024-09-30
200020,深华发B,0.0503,606267906.59,0.7449295481,4.8794,14243050.41,14.45,-10.2968,1.346101555105,3.81,-0.04284903074,11.9921598686,光学光电子,2025-10-25,2024-09-30
003041,真爱美家,0.3898,623412187.33,-10.9709683707,89.0874,56136694.45,-32.4,205.8295,9.226718443819,4.21,-0.193698723958,19.624830184,服装家纺,2025-10-25,2024-09-30
003009,中天火箭,0.1106,643394183.4,-4.4761513499,-17.4909,17185267.78,-56.77,-125.9295,10.101168420658,1.06,0.011796728975,17.7513961156,航天装备Ⅱ,2025-10-25,2024-09-30
002978,安宁股份,1.7067,1359306546.55,-1.2640464095,28.3391,682982354.63,-4.04,17.4195,15.67025485212,11.08,2.485397593142,66.9258418352,小金属,2025-10-25,2024-09-30
002963,豪尔赛,0.04,377439174.71,-12.326215773,-46.4218,6206637.42,-50.42,-163.6457,10.200114301131,0.41,-0.297767276228,29.697937252,装修装饰Ⅱ,2025-10-25,2024-09-30
002947,恒铭达,1.33,1699069780.31,41.0460257834,46.7458,310809170.49,59.3,57.2642,11.737999132022,13.31,1.128734783264,32.7867751358,消费电子,2025-10-25,2024-09-30
002940,昂利康,0.25,1121560480.84,-5.5115833425,-37.611,49933403.78,-54.52,-145.5491,7.479311679777,3.16,1.300348185404,40.0931721652,化学制药,2025-10-25,2024-09-30
002935,天奥电子,0.0367,576906845.25,-10.2023610984,-26.9468,15941537.44,-32.02,-98.0295,3.606608841006,1.03,-0.074385880604,24.8121091089,军工电子Ⅱ,2025-10-25,2024-09-30
002918,蒙娜丽莎,0.34,3572173750.32,-21.4058570718,-18.3818,140518458.8,-57.85,-20.6267,7.905869124811,4.02,1.241297909857,27.5860400962,家居用品,2025-10-25,2024-09-30
002902,铭普光磁,-0.6126,1228720658.87,-19.088356913,8.1125,-139464297.96,-283.33,-6.8131,4.702652580488,-14.15,-0.400159918634,12.6031988591,通信设备,2025-10-25,2024-09-30
002900,哈三联,0.13,838525846.47,-9.0988208442,13.9027,40582838.5,-32.5,91.2845,6.76726582255,1.9,-0.142609247478,51.1027887791,化学制药,2025-10-25,2024-09-30
002896,中大力德,0.29,741539190.08,-9.7890065373,-16.5025,56937320.91,-0.68,-50.6851,7.664440320263,5.01,1.185312366697,24.8553036098,通用设备,2025-10-25,2024-09-30
002889,东方嘉盛,0.477,2576196650.71,25.073806749,36.7561,179494396.66,16.61,-36.3219,8.794674751619,7.83,-0.718543813061,12.5538820234,物流,2025-10-25,2024-09-30
002887,绿茵生态,0.1688,243650950.74,-0.8328135636,-15.7812,51646226.97,-32.77,169.3562,7.237759438783,2.2,-0.050913045757,35.4335787929,环境治理,2025-10-25,2024-09-30
002882,金龙羽,0.2922,2641473681.73,-5.0028157235,8.89,126504476.56,-27.58,-9.6345,4.903902097505,5.97,-0.689975192146,13.1705455696,电网设备,2025-10-25,2024-09-30
002857,三晖电气,-0.1674,159138038.53,-1.5890415433,14.8341,-21301989.9,-148.06,53.7939,3.762356601092,-4.19,-0.357738379333,31.8562150748,电网设备,2025-10-25,2024-09-30
002819,东方中科,-0.2817,1948929860.89,-9.2426488735,-13.3698,-83896825.05,22.45,-34.3194,13.610063136656,-2.86,-0.582605050206,20.6279591666,通用设备,2025-10-25,2024-09-30
002787,华源控股,0.18,1879109746.88,4.9931437918,-0.6413,58669362.46,148.87,-27.6108,4.796624032725,3.65,-0.159369948144,14.017080528,包装印刷,2025-10-25,2024-09-30
002783,凯龙股份,0.24,2569565793.86,-5.3184495129,-3.4152,111972636.86,-34.02,22.409,4.957152642756,5.18,0.418389220486,29.7583518631,化学制品,2025-10-25,2024-09-30
002749,国光股份,0.61,1435552256.07,6.4564927027,-41.8753,270013720.25,21.18,-64.8162,4.278050685063,14.69,0.596830960322,45.5922642079,农化制品,2025-10-25,2024-09-30
002748,世龙实业,0.0979,1442480483.45,-6.6751998003,-6.8614,23489543.63,263.97,21.3372,5.592388381833,1.73,0.42323089375,12.5941552641,化学原料,2025-10-25,2024-09-30
002706,良信股份,0.28,3124456077.09,-9.5764079617,4.4358,310638956.72,-25.04,-49.7521,3.652442117886,6.47,0.260197337345,31.3235803363,电网设备,2025-10-25,2024-09-30
002690,美亚光电,0.5096,1577978094.31,-4.7776134591,8.1605,450027599.57,-20.09,4.1413,2.907465067997,17.03,0.545053957647,50.4465251128,专用设备,2025-10-25,2024-09-30
002686,亿利达,0.0821,1117066202.41,-2.9577261236,13.0722,46462723.1,-14.67,-44.7041,2.909560842539,2.85,0.101360981527,24.7481984795,通用设备,2025-10-25,2024-09-30
002678,珠江钢琴,-0.1,526957545.04,-41.5994275771,8.0577,-137949485.53,-2230.45,-20.7233,2.61649087078,-3.8,-0.219117029754,12.768634791,文娱用品,2025-10-25,2024-09-30
002676,顺威股份,0.0593,2039313789.32,21.9544168631,-13.4088,42684110.64,40.12,-92.2178,1.714040617708,3.55,-0.031964458736,17.9262080566,家电零部件Ⅱ,2025-10-25,2024-09-30
002648,卫星化学,1.1,32275294358.73,0.7065211373,21.5108,3692743139.89,7.64,58.36,8.26014207981,13.9,1.690375079333,22.0956540386,化学原料,2025-10-25,2024-09-30
002639,雪人集团,0.0435,1312838959.67,-8.5750774502,10.6273,33579761.84,88.96,-21.857,3.189746004586,1.36,0.134106822153,25.1775885546,通用设备,2025-10-25,2024-09-30
002626,金达威,0.36,2342754762.46,0.950463824,5.0132,220740540.59,-9.35,52.9045,6.600668858654,5.53,0.460401914961,38.0314513383,食品加工,2025-10-25,2024-09-30
002609,捷顺科技,0.0665,983488823.73,-4.9662227801,-0.5131,43008855.77,-48.81,-17.3248,3.686054699773,1.76,0.201098383278,39.5956057826,IT服务Ⅱ,2025-10-25,2024-09-30
002608,江苏国信,0.773,27983726112.79,11.87,17.3848,2920614699.26,48.47,-17.5185,8.468819547455,9.62,0.986589423075,11.6844098234,电力,2025-10-25,2024-09-30
002595,豪迈科技,1.7845,6365106563.43,20.053737003,-6.0938,1416978365.08,21.23,-18.4591,11.988218538513,15.38,0.732975469025,34.5432324969,专用设备,2025-10-25,2024-09-30
002578,闽发铝业,0.0303,1611185202.93,-18.121951697,-7.2506,28454077.09,-2.64,89.832,1.634812256021,1.83,0.015292970064,6.0812791678,工业金属,2025-10-25,2024-09-30
002571,德力股份,-0.0836,1334754832.07,39.5966981777,13.619,-32760694.49,40.03,-846.0485,3.058566505686,-2.7,0.169043073529,13.1527764359,家居用品,2025-10-25,2024-09-30
002560,通达股份,0.1367,4308450268.41,9.2254230141,6.0518,71997095.5,-34.52,58.3315,5.016412009946,2.76,-0.544673616775,8.2374564581,电网设备,2025-10-25,2024-09-30
002554,惠博普,-0.06,1610881335.38,-32.083657768,-43.5061,-76687258.62,-171.95,-919.0256,1.794124833353,-3.13,-0.330174147534,11.3155760072,油服工程,2025-10-25,2024-09-30
002532,天山铝业,0.67,20795599700.97,-6.9278151872,0.7342,3083994035.79,88.36,-25.3533,5.675814544379,12.23,0.78917635985,22.0644086832,工业金属,2025-10-25,2024-09-30
002530,金财互联,0.004,907156824.3,5.2916043532,3.5828,3199518.59,106.85,288.9571,1.653294017751,0.25,-0.014959194623,27.6504272581,通用设备,2025-10-25,2024-09-30
002519,银河电子,0.126,813080544.55,-3.4625876437,33.2488,141948702.47,11.93,-85.5205,2.845065278651,4.38,-0.104806781543,29.5210771256,地面兵装Ⅱ,2025-10-25,2024-09-30
002513,蓝丰生化,-0.5091,1426638363.1,86.9736465166,22.6448,-185030513.69,-36.08,58.0547,-0.417501446799,,0.120420962809,-1.0200759293,农化制品,2025-10-25,2024-09-30
002507,涪陵榨菜,0.58,1962460141.64,0.5561313607,17.8018,670769824.91,1.74,26.0931,7.425998810863,7.92,0.425295482934,52.6342617908,调味发酵品Ⅱ,2025-10-25,2024-09-30
002488,金固股份,0.03,2886051747.38,14.0763024708,-13.9067,32370472.3,1693.86,5.7528,4.22602822662,0.77,-0.141737459339,8.2374257026,汽车零部件,2025-10-25,2024-09-30
002482,广田集团,-0.05,281218702.47,-60.9662118657,24.0179,-178133197.56,78.36,0.6344,0.159374208858,-25.93,-0.06081834329,6.3136556901,装修装饰Ⅱ,2025-10-25,2024-09-30
002479,富春环保,0.3,3534869930.99,10.774359512,9.5481,259039783.72,99.72,101.3161,4.761246029861,6.38,0.810802256532,17.309610785,电力,2025-10-25,2024-09-30
002478,常宝股份,0.46,4224507623.37,-17.4113525244,-5.4218,411340330.89,-33.82,-46.6375,6.015533142468,7.72,0.225548713014,16.5152913026,特钢Ⅱ,2025-10-25,2024-09-30
002445,中南文化,0.0149,649514002.28,19.3078387031,-9.9507,35599522.96,-72.29,-12.0221,0.910836081836,1.64,0.034033746509,24.5797630089,通用设备,2025-10-25,2024-09-30
002443,金洲管道,0.2362,3408263291.79,-21.6319156744,-18.5606,122949602.11,-46.03,-55.7845,6.624499860509,3.61,0.522678091824,10.9569813509,特钢Ⅱ,2025-10-25,2024-09-30
002434,万里扬,0.2,4293408391.57,4.7481802576,2.3104,256982685.8,-20.05,-22.1115,4.385878611039,4.36,0.267779818345,16.3954819072,汽车零部件,2025-10-25,2024-09-30
002432,九安医疗,3.1866,2092059399.68,-23.787952088,25.9131,1368641707.61,52.63,116.4312,39.282632769624,7.18,1.416736387769,71.6797365605,医疗器械,2025-10-25,2024-09-30
002424,ST百灵,0.06,2775408246.24,-1.2217163556,-21.9135,88216031.08,-37.2,-97.8901,2.490630132605,2.55,-0.030990014027,58.6503431164,中药Ⅱ,2025-10-25,2024-09-30
002416,爱施德,0.4236,57458388237.18,-17.356714051,8.2432,524991320.92,1.57,-43.0942,4.836061784038,8.74,0.951022869087,3.7149221571,专业连锁Ⅱ,2025-10-25,2024-09-30
002406,远东传动,0.12,955777579.57,2.7916550843,-8.1599,86214528.72,38.98,19.3741,5.469651685246,2.15,0.091225696627,21.7889761762,汽车零部件,2025-10-25,2024-09-30
002395,双象股份,0.3072,1604237119.58,45.5420049005,11.9793,82391027.95,75.54,0.7297,3.620977423651,8.62,-0.216770860598,11.8476184936,塑料,2025-10-25,2024-09-30
002391,长青股份,0.0685,2666490942.22,-4.4140523061,-32.9976,43843484.44,-79.62,112.1982,6.779239868145,0.96,0.517869796275,12.1765042397,农化制品,2025-10-25,2024-09-30
002389,航天彩虹,0.01,1290217593.78,-24.8233446086,-51.1368,6165211.81,-95.65,-194.3053,8.007214149577,0.08,-0.434325418867,23.736457119,航空装备Ⅱ,2025-10-25,2024-09-30
002364,中恒电气,0.15,1178974725.99,20.5302384738,-7.2526,85981023.58,183.38,-68.4849,4.190396377802,3.67,0.337514481436,26.3500908426,其他电源设备Ⅱ,2025-10-25,2024-09-30
002355,兴民智通,0.2175,602334380.57,-2.6997645623,-32.0784,135003103.68,175.7,19840.5449,1.936305426943,11.9,0.130798789759,1.9861172591,汽车零部件,2025-10-25,2024-09-30
002347,泰尔股份,-0.0313,737713320.79,-8.410969524,7.8241,-15777897.19,-252.38,49.0241,2.333837141899,-1.33,-0.173056795607,20.5633766918,通用设备,2025-10-25,2024-09-30
002344,海宁皮城,0.06,754575091.24,-8.7422923017,7.3351,72121900.87,-46.27,7008.5177,6.539233231876,0.86,0.212235265578,31.5038725017,一般零售,2025-10-25,2024-09-30
002327,富安娜,0.36,1886995982.7,-1.9558603946,-11.6159,293191359.13,-15.33,-21.3891,4.344897168171,7.83,-0.045628338456,55.1654793494,服装家纺,2025-10-25,2024-09-30
002297,博云新材,-0.0294,447515368.24,-2.2025858839,-23.6268,-16844081.51,-182.89,-25.4422,3.672742071028,-0.8,0.027110857639,15.6405755774,航空装备Ⅱ,2025-10-25,2024-09-30
002281,光迅科技,0.6,5377786127.88,24.2891526723,24.6795,464003874.57,12.26,94.4911,11.139540332809,5.36,-1.270946216612,23.7073811785,通信设备,2025-10-25,2024-09-30
002264,新华都,0.27,2774834398.79,41.1524809547,0.1359,190333531.46,19.55,-13.2826,2.480590651753,11.29,0.003685104808,23.8890962952,广告营销,2025-10-25,2024-09-30
002262,恩华药业,1.01,4145463113.62,13.3884003999,-1.6906,1020107123.07,15.18,7.5759,7.018287051285,15.08,0.896687171694,73.7526894499,化学制药,2025-10-25,2024-09-30
002258,利尔化学,0.1648,5188164330.49,-13.6230542219,-4.1293,131899456.21,-76.44,-13.4705,9.547463801534,1.75,-0.358753219284,16.3425573654,农化制品,2025-10-25,2024-09-30
002254,泰和新材,0.17,2922517559.02,0.4337808276,-1.4747,149537975.05,-45.75,-63.5851,8.178759344936,2.12,0.03665025878,17.003882949,化学纤维,2025-10-25,2024-09-30
002241,歌尔股份,0.69,69645866228.04,-5.8175629731,38.8844,2345214642.14,162.88,32.4788,9.46310293293,7.45,0.778395874581,11.4448385951,消费电子,2025-10-25,2024-09-30
002240,盛新锂能,-0.51,3498040469.65,-47.2272002222,-32.6805,-461654377.82,-142.17,-535.0565,13.163267641743,-3.62,0.83801279415,3.0494911467,能源金属,2025-10-25,2024-09-30
002236,大华股份,0.78,22450081877.91,0.7702401722,-12.6904,2545010271.97,-1.74,-41.0981,10.862652222798,7.16,-0.037941241753,40.3811670276,计算机设备,2025-10-25,2024-09-30
002234,民和股份,-0.62,1576208084.91,-3.4369509207,0.5937,-217227090.73,-84.02,79.0884,5.932647925145,-9.97,-0.027981055588,5.5678257275,养殖业,2025-10-25,2024-09-30
002232,启明信息,-0.082,452854778.33,-43.1976276152,-9.1567,-33495007.46,-151.59,-282.35,3.299559772586,-2.45,-0.379337172576,22.4906132592,IT服务Ⅱ,2025-10-25,2024-09-30
002226,江南化工,0.283,6698667871.25,3.4757027041,-8.8416,749733780.78,7.1,21.4873,3.519744337685,8.3,0.266818504773,31.7709684571,化学制品,2025-10-25,2024-09-30
002223,鱼跃医疗,1.5374,6027852090.96,-9.5321444689,-17.1529,1531593657.16,-30.09,-10.7182,12.502576829117,12.54,1.378880023871,50.0517329567,医疗器械,2025-10-25,2024-09-30
002202,金风科技,0.4093,35839176952.76,22.2378650499,18.2563,1792112154.82,42.14,-61.5576,8.690075599883,4.77,-1.54011783786,16.4341087213,风电设备,2025-10-25,2024-09-30
002192,融捷股份,0.7039,403757846.2,-51.8354606226,-8.9678,182770573.02,-48.94,-87.8135,12.806772228785,5.56,1.356334694322,45.9740393895,能源金属,2025-10-25,2024-09-30
002190,成飞集成,-0.0717,1565439670.35,11.5893277318,11.8434,-25726202.03,-188.7,104.1911,7.772641717463,-0.85,0.245524491148,10.1998490925,汽车零部件,2025-10-25,2024-09-30
002173,创新医疗,-0.06,610403522.18,0.5331553269,-2.0966,-27844147.16,-95.88,9.479,4.1748771738,-1.5,0.035439175577,10.0209090884,医疗服务,2025-10-25,2024-09-30
002171,楚江新材,0.0122,39006802010.08,15.1528690434,1.176,16221597.19,-95.3,-330.7675,4.590625039626,0.25,-1.207124333985,2.4605162462,工业金属,2025-10-25,2024-09-30
002167,东方锆业,-0.0542,1233787757.04,16.5541102423,9.312,-41298297.25,-446.95,170.6575,1.911152044326,-2.9,0.432187970051,9.9585810541,小金属,2025-10-25,2024-09-30
002165,红宝丽,0.0627,1899661465.95,2.3330033009,-3.2179,46093503.54,4.69,-7.975,2.740431783196,2.26,0.188829018563,15.3358896573,化学制品,2025-10-25,2024-09-30
002162,悦心健康,-0.0358,888897808.68,-5.2674824017,-2.0924,-33072851.16,-130.38,-329.8405,1.016266087057,-3.41,0.036420683821,21.1620859184,家居用品,2025-10-25,2024-09-30
002150,正泰电源,0.3,2440496411.23,45.4106916163,-9.6613,107434395.97,151.47,-50.7638,4.877725642749,6.27,0.262191043462,29.8630585985,光伏设备,2025-10-25,2024-09-30
002121,科陆电子,-0.0924,2905428192.01,-13.1485110902,14.7304,-153446854.45,-97.53,-143.5483,0.489563551224,-17.5,0.20362363936,31.3479184017,电网设备,2025-10-25,2024-09-30
002117,东港股份,0.147,775803120.19,-12.0654851193,-28.9578,80220987.0,-40.61,-65.578,2.467331458664,5.45,-0.068547632162,32.0019342793,包装印刷,2025-10-25,2024-09-30
002105,信隆健康,0.002,818126774.64,10.6824087402,-2.4526,837649.51,-96.22,-239.7815,2.444495449995,0.09,0.131037596806,16.0463819801,摩托车及其他,2025-10-25,2024-09-30
002097,山河智能,0.0324,5164681698.6,-1.8463635568,-23.0266,34818745.23,-25.59,-94.9436,4.258401404968,0.76,0.085233699363,27.5657819218,工程机械,2025-10-25,2024-09-30
002093,国脉科技,0.1488,365167817.16,14.9136208862,30.4024,148111972.58,66.99,265.2922,3.608884887454,4.09,0.247246858293,53.3903728144,教育,2025-10-25,2024-09-30
002085,万丰奥威,0.27,11370268122.28,-1.9701769779,4.3611,563525206.15,5.07,-3.4364,3.251147812408,8.27,0.277579959223,17.4990144239,汽车零部件,2025-10-25,2024-09-30
002074,国轩高科,0.23,25174850704.11,15.5950121887,-9.7457,412341982.84,41.11,-30.1008,14.024001067639,1.66,0.135804152137,16.8413037528,电池,2025-10-25,2024-09-30
002064,华峰化学,0.41,20372576369.44,3.5090919303,-6.4734,2014617736.84,4.46,-40.5185,5.279598461166,7.84,0.197737967439,15.5965738119,化学纤维,2025-10-25,2024-09-30
002063,远光软件,0.0579,1538975398.63,-1.4361986488,-15.4078,110370793.89,-27.21,13.9598,1.834755317076,3.19,-0.396347089349,56.9929882116,软件开发,2025-10-25,2024-09-30
002033,丽江股份,0.3499,635646072.63,-0.9615216752,22.4092,192276433.52,-9.22,41.5372,4.566338445146,7.39,0.504085177975,60.7625385558,旅游及景区,2025-10-25,2024-09-30
002011,盾安环境,0.61,9335758850.23,10.5422197816,-19.6154,648767826.59,20.1,-34.1341,4.809913968249,13.6,0.522552489615,18.0445619397,家电零部件Ⅱ,2025-10-25,2024-09-30
002009,天奇股份,-0.14,2086585758.19,-24.2104674976,17.2142,-58025787.8,83.14,125.3369,5.25248385927,-2.76,-0.38792363988,13.369965444,专用设备,2025-10-25,2024-09-30
001400,江顺科技,2.4301,826069543.2,8.2074241859,-16.4311,109354302.26,3.4009902466,-50.4921,,,,35.0517341189,专用设备,2025-10-25,2024-09-30
001328,登康口腔,0.685,1052921002.65,4.1209073309,2.1061,117937732.55,9.54,29.6892,8.19690146567,8.27,0.929698915224,49.2546604109,个护用品,2025-10-25,2024-09-30
001299,美能能源,0.29,438946024.39,18.2459651706,-1.5257,54594497.74,10.25,-22.8354,6.753503947978,4.1,0.158215607097,17.9304398279,燃气Ⅱ,2025-10-25,2024-09-30
001260,坤泰股份,0.36,453246424.28,32.6465475497,9.716,41061418.98,11.51,20.6242,6.93731690887,5.23,0.377365246261,27.3801544529,汽车零部件,2025-10-25,2024-09-30
001219,青岛食品,0.44,395264847.29,4.9616468418,2.1251,86600287.21,15.66,-15.3419,5.21314322691,8.68,0.317444080186,37.4098095831,休闲食品,2025-10-25,2024-09-30
001210,金房能源,0.4,629991821.56,18.6458044549,-35.6411,62953989.43,0.53,28.5158,9.683684972355,5.04,-0.75911933219,23.008986701,电力,2025-10-25,2024-09-30
001205,盛航股份,0.8034,1130772950.61,28.8200554553,27.7247,134737885.22,15.61,-24.4136,10.217776866166,7.66,1.664394476343,27.6098055522,航运港口,2025-10-25,2024-09-30
001203,大中矿业,0.44,2977710115.45,4.892423033,-4.6593,661891029.84,-19.79,-8.4325,4.200399901895,10.62,0.897406829961,50.7103260897,冶钢原料,2025-10-25,2024-09-30
000999,华润三九,1.78,19740286995.36,6.0849133647,-17.2883,2959832869.41,23.19,-45.727,15.987138154839,14.99,2.49490315046,52.6802472708,中药Ⅱ,2025-10-25,2024-09-30
000990,诚志股份,0.1798,8237562153.58,-17.7626775886,-12.3578,218451236.39,67.12,-5.3046,14.658963578639,1.23,0.955440187502,15.7002411594,化学原料,2025-10-25,2024-09-30
000965,天保基建,0.0008,1567701442.0,2.98488622,283.0765,890093.28,100.81,32.7518,4.887644606235,0.02,0.088014810301,15.1334731955,房地产开发,2025-10-25,2024-09-30
000962,东方钽业,0.3121,895123942.66,14.6278228754,-9.4994,156087404.86,6.58,-29.5751,5.079008115385,6.28,-0.311919862461,19.3181705291,小金属,2025-10-25,2024-09-30
000917,电广传媒,0.04,2742471328.86,-6.2267250567,4.9877,60989348.04,-23.52,-121.2524,7.291257069749,0.59,0.068506044618,27.5052766037,电视广播Ⅱ,2025-10-25,2024-09-30
000915,华特达因,1.5594,1377987328.97,-19.8263911034,-61.6257,365422491.85,-20.7,-79.4462,11.784498142279,12.36,2.390177987734,84.0368965878,化学制药,2025-10-25,2024-09-30
000909,*ST数源,0.1083,235409972.0,-60.0143581447,-27.997,48193111.5,53.25,-127.0058,2.719765526342,4.13,0.827970165559,52.6403907817,房地产开发,2025-10-25,2024-09-30
000906,浙商中拓,0.45,147210446987.45,-3.0285740927,-10.5346,362004251.63,-30.7,-60.2403,6.679612959283,6.79,-10.392217671145,1.1054506896,物流,2025-10-25,2024-09-30
000905,厦门港务,0.256,17992514131.13,5.7351096008,-6.6201,189894501.11,-13.87,18.1684,6.672210113318,3.85,0.222628307557,2.6024107027,航运港口,2025-10-25,2024-09-30
000899,赣能股份,0.65,5105949178.8,-5.1691352202,46.6133,639061642.16,56.68,122.2261,5.810210987898,11.64,1.044706297241,16.7140976856,电力,2025-10-25,2024-09-30
000878,云南铜业,0.7598,129055549380.31,16.7343804564,-18.5141,1522363517.93,0.3,-23.8007,7.383868085598,10.61,-1.447323732404,3.416163261,工业金属,2025-10-25,2024-09-30
000869,张裕A,0.32,2197300790.0,-21.5592912206,-5.1288,223954132.0,-47.25,-95.538,15.277866361198,2.12,0.263306811294,59.0334504454,非白酒,2025-10-25,2024-09-30
000868,安凯客车,-0.01,1694235739.09,20.0751698116,-5.0107,-5359003.28,90.49,-624.6348,0.899382984983,-0.63,-0.22176833167,9.1745413908,商用车,2025-10-25,2024-09-30
000862,银星能源,0.2076,930122640.36,-11.0774041696,-6.4015,190529592.4,-5.65,-29.4567,4.737867401694,4.48,0.427129449829,35.9983711794,电力,2025-10-25,2024-09-30
000822,山东海化,0.19,4818657162.07,-23.6133155814,-17.4731,171778407.27,-74.19,-176.4988,5.884284545764,3.29,1.1470940475,14.5456011456,化学原料,2025-10-25,2024-09-30
000821,ST京机,0.7,6659357970.87,34.4290630698,36.3792,432954694.64,45.08,16.323,6.489182231906,11.25,-0.882621919201,19.0196369698,光伏设备,2025-10-25,2024-09-30
000816,智慧农业,0.0216,1122349140.7,1.6073192396,-20.6783,31206115.54,127.57,-48.9624,1.483472738176,1.47,0.058700321326,20.1995751339,汽车零部件,2025-10-25,2024-09-30
000813,德展健康,0.0037,354472693.3,5.7673786477,-27.8187,8089554.12,-86.82,-107.653,2.39211981887,0.15,-0.011584947341,61.4570967236,化学制药,2025-10-25,2024-09-30
000810,创维数字,0.2071,6618372618.52,-13.2371816252,-0.1956,236477079.44,-47.19,-27.7354,5.591573029341,3.68,0.393754106907,13.8096755889,黑色家电,2025-10-25,2024-09-30
000807,云铝股份,1.101,39185564066.54,31.668301049,9.3894,3819929223.11,52.49,-3.9948,8.073886694176,14.22,1.607072085751,14.6500047753,工业金属,2025-10-25,2024-09-30
000802,北京文化,-0.0557,99366662.49,-28.0592193488,5936.6273,-39910578.88,70.41,62.4251,1.692242023367,-3.24,-0.200335930541,23.6148274502,影视院线,2025-10-25,2024-09-30
000792,盐湖股份,0.5936,10448582090.68,-33.8277920947,-28.8246,3141250657.48,-43.91,-27.3267,6.453404413204,9.38,0.742244466259,54.4612253677,农化制品,2025-10-25,2024-09-30
000786,北新建材,1.862,20363617126.41,19.4403931728,-11.581,3145095726.69,14.12,-33.1015,14.886319168053,13.0,1.601939570962,30.6534022826,装修建材,2025-10-25,2024-09-30
000779,甘咨询,0.3855,1370363905.88,-19.3188488052,0.0295,180325032.63,-3.06,-26.673,8.14177673419,4.84,-0.271071133999,40.3766479528,工程咨询服务Ⅱ,2025-10-25,2024-09-30
000756,新华制药,0.5,6734166240.75,3.6418644355,-11.3429,344079950.67,-12.22,-36.308,7.13855871765,7.21,0.372564207023,23.4958985042,化学制药,2025-10-25,2024-09-30
000753,漳州发展,0.0497,2086749826.41,-7.2868350182,11.062,49276512.04,4.07,-28.3196,2.74290455995,1.81,-0.394294160851,15.3412937822,综合Ⅱ,2025-10-25,2024-09-30
000751,锌业股份,0.0026,11485315866.77,-14.4722908606,9.789,4248735.65,-91.25,-190.4023,2.218717667073,0.12,-0.127693713983,3.0142487552,工业金属,2025-10-25,2024-09-30
000737,北方铜业,0.308,18229702941.69,161.2704925504,-16.7386,546686451.86,5.18,-61.4805,2.956790182231,10.63,0.711370298947,7.4696057479,工业金属,2025-10-25,2024-09-30
000733,振华科技,1.1635,3739583312.29,-37.9730236054,-7.4869,644538581.18,-68.69,-29.477,26.035068957133,4.47,2.408645611273,49.5939001767,军工电子Ⅱ,2025-10-25,2024-09-30
000721,西安饮食,-0.1544,512027839.18,-12.5625079107,-1.7361,-88630978.66,-35.66,2.446,0.58018495878,-23.49,0.105043984371,2.371747456,酒店餐饮,2025-10-25,2024-09-30
000715,中兴商业,0.1,566352460.98,-7.8536944609,-14.5104,55258800.79,-30.89,-31.3094,4.537188373063,3.0,0.235637046149,56.1254360721,一般零售,2025-10-25,2024-09-30
000708,中信特钢,0.76,83503839526.13,-3.3674235705,-7.2709,3836118926.59,-12.3,-18.6574,7.759477560091,9.85,0.799321550364,12.3704890771,特钢Ⅱ,2025-10-25,2024-09-30
000701,厦门信达,-0.341,34285751916.83,-38.6287467888,-25.8161,-141788798.97,-46.95,-24.6099,0.360128203535,-55.15,-0.301237955198,2.3047389857,贸易Ⅱ,2025-10-25,2024-09-30
000698,ST沈化,-0.228,3605609576.19,-2.1642947466,3.7576,-187012806.79,39.41,136.4787,1.671027363918,-12.84,0.12376008768,7.6447316956,炼化及贸易,2025-10-25,2024-09-30
000682,东方电子,0.3141,4630797259.92,12.9571247442,17.5742,421187396.33,22.26,11.3235,3.653638417034,8.85,0.085922981217,32.7813803089,电网设备,2025-10-25,2024-09-30
000670,盈方微,-0.0447,2927026071.41,24.1585965553,23.821,-36520562.23,-3.91,26.1839,0.021913665982,-130.94,0.121552528346,5.0577609703,其他电子Ⅱ,2025-10-25,2024-09-30
000652,泰达股份,0.0931,14365728792.72,9.9322234762,-24.7917,137436797.8,1.0,-57.943,3.894292029783,2.41,0.005092271688,3.5462816903,环境治理,2025-10-25,2024-09-30
000639,ST西王,0.058,3813846352.46,-7.9165912052,6.4899,62588438.35,894.16,314.9468,3.134544556782,1.86,0.183719898814,23.7144938187,食品加工,2025-10-25,2024-09-30
000637,茂化实华,-0.22,2852495462.23,-29.4846911758,29.0106,-114508466.25,-127.62,59.2614,1.195657861978,-16.89,0.289099148527,4.9749905453,炼化及贸易,2025-10-25,2024-09-30
000625,长安汽车,0.36,110959596291.71,2.5444695591,-13.7596,3579846932.75,-63.78,-55.3019,7.324847385975,4.95,0.443011000859,14.3838873256,乘用车,2025-10-25,2024-09-30
000610,*ST西旅,-0.3668,435197355.43,-18.3519564399,50.7582,-86840133.09,-34.56,30.9235,1.732557073357,-19.14,0.074171799352,5.5230098989,旅游及景区,2025-10-25,2024-09-30
000599,青岛双星,-0.22,3321827833.28,-4.3122462431,-4.9739,-181057604.61,1.97,-249.2347,2.122784647707,-3.5,0.135709222554,9.629881214,汽车零部件,2025-10-25,2024-09-30
000595,新能股份,-0.03,467824397.99,155.6157731876,12.7941,-29358482.15,-18.74,-85.8769,0.373124008407,-2.43,0.155562640388,23.0289255483,电力,2025-10-25,2024-09-30
000576,甘化科工,0.05,278380642.97,0.1353397212,-34.606,20028378.09,-57.3,-150.4585,3.688758704535,1.24,-0.109791784172,54.5909594355,地面兵装Ⅱ,2025-10-25,2024-09-30
000543,皖能电力,0.6982,22540532328.13,11.5241706545,21.719,1582646082.38,21.29,-17.1453,6.800710877545,10.86,2.140332811652,12.273344446,电力,2025-10-25,2024-09-30
000528,柳工,0.6789,22855931683.88,8.249614126,-16.3185,1320624799.94,59.82,-30.5873,8.777431940992,7.84,0.543081049534,22.193752964,工程机械,2025-10-25,2024-09-30
000518,四环生物,-0.0142,155994341.01,-13.3054654161,1.5714,-14617155.78,66.26,56.0114,0.453680711086,-3.0,0.000702106038,68.8538437898,生物制品,2025-10-25,2024-09-30
000505,京粮控股,0.04,9493366801.12,18.0696441459,105.1073,27854428.81,-64.6,195.548,4.324246103864,0.88,-0.294721620242,4.1550819047,农产品加工,2025-10-25,2024-09-30
000430,张家界,-0.16,310205673.94,-5.0784448792,18.0832,-64725053.27,-53.36,75.7365,1.991583323289,-7.72,0.169817194499,18.0068770537,旅游及景区,2025-10-25,2024-09-30
000423,东阿阿胶,1.7933,4565150465.64,33.1614435147,22.146,1152430681.58,47.0,7.4158,15.391662182069,10.57,2.219598183288,70.3582206504,中药Ⅱ,2025-10-25,2024-09-30
000422,湖北宜化,1.0028,19810952887.41,44.5636596623,-8.3134,1066362887.28,94.92,-45.7617,6.83647716029,13.12,2.972486427823,23.014685216,农化制品,2025-10-25,2024-09-30
000419,通程控股,0.2689,1395117759.41,-10.3487284083,21.0384,146181673.66,23.76,-57.254,6.268395107327,4.45,0.385817153401,25.3878813725,一般零售,2025-10-25,2024-09-30
000151,中成股份,-0.4234,914906842.24,-59.3501530524,21.2498,-142846372.77,-1095.68,40.6007,1.580215119315,-23.75,0.169001698748,-0.4481557838,贸易Ⅱ,2025-10-25,2024-09-30
000089,深圳机场,0.1594,3465307094.68,13.9202320575,8.2097,326870150.31,99.38,91.3774,5.478804713007,2.92,0.782441260209,21.0246431177,航空机场,2025-10-25,2024-09-30
000056,*ST皇庭,-0.23,522735624.23,-48.4123637638,-2.3784,-261575350.07,48.84,-67.2743,0.605565892557,-30.29,0.238369229291,59.8800382509,房地产服务,2025-10-25,2024-09-30
000026,飞亚达,0.4824,3039766900.13,-13.8203304062,-4.7346,197622948.56,-25.58,-29.5297,8.305083553296,5.88,0.781975328938,37.1634324669,饰品,2025-10-25,2024-09-30
000020,深华发A,0.0503,606267906.59,0.7449295481,4.8794,14243050.41,14.45,-10.2968,1.346101555105,3.81,-0.04284903074,11.9921598686,光学光电子,2025-10-25,2024-09-30
000001,平安银行,1.94,111582000000.0,-12.5765861761,-10.1976,39729000000.0,0.2,26.5187,21.669844378027,9.1,7.06781407812,,银行Ⅱ,2025-10-25,2024-09-30
920839,万通液压,0.6382,443213624.49,-15.4379184904,-14.8212,75549223.76,30.71,2.3989,4.617361596024,13.95,0.775499979365,26.9031319146,工程机械,2025-10-24,2024-09-30
920826,盖世食品,0.2222,386614137.38,7.5959623342,5.9518,31221400.5,17.01,-0.616,2.374925273037,9.31,0.048533355968,17.7414411368,食品加工,2025-10-24,2024-09-30
920821,则成电子,0.2095,278287588.25,21.5040741372,20.4158,20701593.44,9.98,55.6924,5.215279447537,4.01,0.31319058312,28.6966512888,元件,2025-10-24,2024-09-30
920790,联迪信息,0.13,154732291.88,1.1409231521,34.7934,10176004.0,336.65,2086.8048,4.180472109116,3.01,-0.255079626913,28.4465391259,IT服务Ⅱ,2025-10-24,2024-09-30
920726,朱老六,0.18,171266723.45,-8.0549211271,91.9136,17943461.88,-31.81,2083.017,4.448921094115,4.02,0.682952265056,25.0402790724,调味发酵品Ⅱ,2025-10-24,2024-09-30
920663,明阳科技,0.58,209422673.45,17.1793562323,19.8624,59603106.87,34.01,59.5518,3.406151155039,16.18,0.89206572907,44.4288800001,汽车零部件,2025-10-24,2024-09-30
920571,国航远洋,0.1488,680093942.35,1.4698010137,-7.7163,81855441.78,954.45,-72.0876,2.574174206355,5.89,0.004604027001,20.2733567415,航运港口,2025-10-24,2024-09-30
920339,恒太照明,0.21,536571804.19,21.412337922,31.5925,45902096.89,-27.29,131.0609,2.577396003384,8.09,-0.422944567669,19.0072887736,照明设备Ⅱ,2025-10-24,2024-09-30
920267,鑫汇科,0.29,428621373.54,3.1257883386,-7.5107,13625744.66,-25.49,-21.5367,5.251114904983,5.2,0.309929358699,15.1442208665,消费电子,2025-10-24,2024-09-30
920223,荣亿精密,-0.13,208608259.05,17.8083087409,21.9363,-20639475.18,16.87,-67.1875,1.733252392981,-7.3,-0.227358203961,11.9914569413,通用设备,2025-10-24,2024-09-30
920018,宏远股份,0.76,1490365301.08,43.4237106027,20.1171,70376040.24,58.2616431955,-47.2206,5.597097579535,14.71,-1.187587943711,7.9344076365,电网设备,2025-10-24,2024-09-30
874883,芯愿景,0.6,135651577.53,,,38684397.28,,,,5.66,,65.560516169,,2025-10-24,2024-09-30
874863,京博农科,0.64,1682364279.22,,,224142981.01,,,,12.33,,24.7838207807,,2025-10-24,2024-09-30
832905,信源小贷,0.06,18085208.88,-26.2702155801,-9.0887,11296175.21,-35.66,-14.273,1.148620544861,4.98,0.148384068591,,,2025-10-24,2024-09-30
831177,深冷能源,0.63,396262019.6,-21.2332395815,,69656615.23,-44.78,,7.471614730316,8.62,0.73658525804,36.379107396,,2025-10-24,2024-09-30
688783,西安奕材,-0.17,1433786124.37,,,-589057395.49,,,2.471504338749,-6.59,0.186605117251,4.4397106045,半导体,2025-10-24,2024-09-30
688779,五矿新能,-0.09,3773132152.18,-54.8962812144,-10.7621,-172465635.37,-338.75,-54.1259,3.658979708704,-2.31,-0.225028695877,5.1994755346,电池,2025-10-24,2024-09-30
688765,禾元生物,-0.4172,21490043.37,,317.5377,-111830677.01,,32.5418,,-16.55,,65.3904807824,生物制品,2025-10-24,2024-09-30
688721,龙图光罩,0.69,186963269.46,15.8950326329,-1.7237,71568858.96,14.41,-9.5332,8.856189641798,10.97,0.5325990803,57.8984845915,半导体,2025-10-24,2024-09-30
688700,东威科技,0.23,579677291.04,-20.6796931247,-3.6661,68401354.32,-54.12,-48.4913,5.806688351655,3.95,-0.02513144605,35.8875151029,专用设备,2025-10-24,2024-09-30
688698,伟创电气,1.0,1156979008.95,22.3686975508,-12.9555,210449321.02,34.09,-5.7442,9.865958352158,10.45,0.471218021934,40.172343934,自动化设备,2025-10-24,2024-09-30
688687,凯因科技,0.645,1010593187.53,0.8245504459,7.8468,108066919.87,19.74,224.1303,10.645165604234,6.04,0.191730371699,81.9424305377,生物制品,2025-10-24,2024-09-30
688636,智明达,-0.06,208663030.83,-47.7103273819,-55.4724,-9156750.75,-114.85,-184.7014,9.580176904528,-0.85,0.275403985952,49.2438988408,军工电子Ⅱ,2025-10-24,2024-09-30
688600,皖仪科技,-0.2,455704274.66,-9.7748751633,-12.4923,-26683108.65,-248.09,-54.1033,5.613066256477,-3.36,0.14517385853,46.2636262425,通用设备,2025-10-24,2024-09-30
688336,三生国健,0.38,939404600.0,28.5791227892,3.9609,233048900.0,42.18,169.6916,8.225783825731,4.67,0.296195538343,75.3784578019,生物制品,2025-10-24,2024-09-30
688315,诺禾致源,0.33,1519180271.23,6.3049609121,-1.0697,134455987.69,7.33,11.6922,5.832453759851,5.51,0.093357147045,42.594356,医疗服务,2025-10-24,2024-09-30
688308,欧科亿,0.57,894969111.33,11.2231401901,0.0755,89832640.34,-43.7,-1.6746,16.258236680512,3.44,-0.542931122142,25.8324042331,通用设备,2025-10-24,2024-09-30
688285,高铁电气,0.0626,621540753.06,-18.4138989392,-38.9441,23541977.22,-59.65,-89.1532,4.317797858536,1.45,-0.046020755358,19.973512171,轨交设备Ⅱ,2025-10-24,2024-09-30
688258,卓易信息,0.17,243383695.98,4.5261653041,0.3806,20088361.63,-62.84,-65.9615,8.363252429539,1.96,0.259407593406,47.1172597853,IT服务Ⅱ,2025-10-24,2024-09-30
688186,广大特材,0.37,2959333446.65,0.1298531497,9.0513,79314074.62,-27.7,-4.1258,15.650752070701,2.22,-3.053604338161,15.5267300919,特钢Ⅱ,2025-10-24,2024-09-30
688150,莱特光电,0.32,356191786.76,79.9052166774,-15.8121,129753161.26,131.7,-23.8995,4.383918145518,7.36,0.356170477243,66.3867960856,电子化学品Ⅱ,2025-10-24,2024-09-30
688114,华大智造,-1.13,1869062681.62,-15.1897766467,-2.75,-463354782.9,-134.2830078759,-69.8097,19.207936834948,-5.62,-2.046220123253,59.1292641027,医疗器械,2025-10-24,2024-09-30
688068,热景生物,-0.44,386162937.71,-5.1002652986,3.5179,-40638579.96,-174.73,105.8308,35.248480426515,-1.24,-0.103541718852,52.4363034839,医疗器械,2025-10-24,2024-09-30
688063,派能科技,0.15,1412167194.31,-53.6879294974,16.709,37370530.86,-94.29,10.1887,37.364377818217,0.4,2.745837463131,33.0873250839,电池,2025-10-24,2024-09-30
688038,中科通达,0.02,225229885.52,41.6963819228,-55.4459,1758408.15,109.1371752789,-290.7454,5.330119195882,0.28,-0.2593936464,24.7088375646,软件开发,2025-10-24,2024-09-30
688013,天臣医疗,0.53,202085550.04,11.2191005551,-4.3596,42751708.14,29.11,-20.5656,7.047214818324,7.38,0.474652339457,58.2003163149,医疗器械,2025-10-24,2024-09-30
688004,博汇科技,-0.44,110224969.81,-9.4684402197,98.7947,-34851980.27,-6.6097377054,14.8796,7.954802228424,-5.33,-0.50684483618,39.4340995102,IT服务Ⅱ,2025-10-24,2024-09-30
605389,长龄液压,0.64,678689370.54,17.8843659008,-15.4499,91652383.76,19.12,-20.0758,14.536333947869,4.33,0.47912890664,27.1265026802,工程机械,2025-10-24,2024-09-30
605377,华旺科技,0.73,2851105671.98,-4.451441682,-9.0624,408524463.9,2.94,-31.5082,8.393036131358,9.94,0.784804607022,17.2155010196,造纸,2025-10-24,2024-09-30
605259,绿田机械,0.8,1569393293.95,27.349815641,-2.8787,138787937.45,-7.2,9.3972,9.563528074038,8.6,0.266234601345,18.1911421968,专用设备,2025-10-24,2024-09-30
603998,方盛制药,0.53,1347963171.04,10.9514259624,-7.2431,228138496.75,60.66,36.9713,3.632339885612,14.94,0.266410653541,72.8557253187,中药Ⅱ,2025-10-24,2024-09-30
603977,国泰集团,0.35,1703760472.46,-5.9151830965,-9.4983,218522441.63,-3.16,-8.4274,5.245412448596,6.79,0.278135478476,34.6065087934,化学制品,2025-10-24,2024-09-30
603938,三孚股份,0.13,1343704991.37,-18.2050649734,-2.8245,50532169.33,-71.04,-67.6585,6.31022297898,2.1,0.243255796139,15.6149929603,化学原料,2025-10-24,2024-09-30
603900,莱绅通灵,-0.14,882451131.27,55.7848551051,-37.0061,-46387685.85,-140.5707052974,49.0708,5.966282576339,-2.21,-0.387443418772,36.7285287156,饰品,2025-10-24,2024-09-30
603877,太平鸟,0.23,4541599747.01,-13.0531400438,4.1888,107814015.25,-48.55,-609.9738,9.069775197678,2.42,-0.182151540138,54.8923714293,服装家纺,2025-10-24,2024-09-30
603637,镇海股份,0.24,327687182.35,-8.4698544462,29.5181,56183223.54,-1.59,-34.6546,4.132177536671,5.78,-0.072623680118,19.8147055415,专业工程,2025-10-24,2024-09-30
603529,爱玛科技,1.83,17464143553.63,0.0489187506,21.9221,1553576880.88,-0.25,29.0239,9.622526263374,18.29,4.496127515679,17.4175530885,摩托车及其他,2025-10-24,2024-09-30
603236,移远通信,1.36,13245900486.06,32.9002920502,16.3573,356658200.8,2078.7263925297,-4.7388,14.41354517261,9.52,1.159544043531,17.9287550482,通信设备,2025-10-24,2024-09-30
603208,江山欧派,0.93,2257083847.73,-16.558462461,-0.0716,163570200.28,-43.86,-22.9904,7.554114422747,10.82,-0.06532225754,21.5699409045,家居用品,2025-10-24,2024-09-30
603160,汇顶科技,0.98,3222596255.55,0.8189487986,-6.8362,448114129.63,3499.3,-15.4653,18.396643971867,5.44,1.368115855476,41.7351187256,半导体,2025-10-24,2024-09-30
603093,南华期货,0.59,1025308704.77,-78.8528675821,10.8333,358330786.81,20.07,-11.3537,6.506631743811,9.33,11.085111682518,,多元金融,2025-10-24,2024-09-30
603088,宁波精达,0.27,582211385.42,14.8139248745,-12.9553,118694897.52,1.66,-9.493,1.667738337478,16.26,0.222625724047,43.3276324488,通用设备,2025-10-24,2024-09-30
603062,麦加芯彩,1.3,1394316782.1,80.4960786212,39.4417,140015770.98,-9.84,44.5324,18.483895235185,6.63,-1.378365461944,20.5159794913,化学制品,2025-10-24,2024-09-30
603050,科林电气,0.3693,2601003365.79,12.2119761281,-16.3671,148955076.64,-17.07,-90.6143,5.993883705233,9.13,-0.024758664733,22.7617212106,电网设备,2025-10-24,2024-09-30
603025,大豪科技,0.44,1913405778.86,35.6293345449,-9.2447,492148163.45,68.93,-1.3793,2.093658157153,21.81,0.110517302624,42.2586165064,自动化设备,2025-10-24,2024-09-30
603023,威帝股份,0.006,46210614.87,2.7465558584,-27.941,3548316.41,93.17,-341.4197,1.380527538218,0.46,0.024112874829,28.7424400808,汽车零部件,2025-10-24,2024-09-30
601929,吉视传媒,-0.0887,1426608035.55,3.4478092082,37.3354,-309589808.61,-60.46,16.8076,1.593222072295,-4.83,0.035364975279,14.3125763491,电视广播Ⅱ,2025-10-24,2024-09-30
601686,友发集团,0.07,40070364989.55,-13.3676914599,-12.9377,100454098.24,-77.07,-108.8928,4.275226850002,1.58,1.323777983984,2.18345166,普钢,2025-10-24,2024-09-30
601208,东材科技,0.26,3245352849.69,14.8454122678,-6.518,236188002.94,-22.77,-29.9927,4.877208396531,5.16,-0.048081819244,14.5994730547,塑料,2025-10-24,2024-09-30
601065,江盐集团,0.56,2008067088.41,-9.0153618764,-16.5958,356914767.07,0.49,-33.4382,6.623251011617,8.31,0.767170260221,36.3710113081,化学原料,2025-10-24,2024-09-30
600989,宝丰能源,0.62,24274564004.33,18.9889320866,-14.9113,4536790404.8,16.6,-34.5933,5.641176907434,11.24,0.78811738407,33.7582974814,化学原料,2025-10-24,2024-09-30
600987,航民股份,0.452,8677934625.56,18.3360857082,24.6533,475305297.38,5.23,4.1125,5.958780916122,7.41,0.795908289185,15.1936682869,纺织制造,2025-10-24,2024-09-30
600971,恒源煤电,0.7873,5407956808.86,-9.3718003047,-17.7857,944773052.1,-42.15,-43.0739,10.502987865139,7.46,1.092852225991,38.778900833,煤炭开采,2025-10-24,2024-09-30
600970,中材国际,0.79,31731128090.45,0.7027455911,2.1623,2059824699.63,2.9,-13.403,7.666816719297,10.5,-0.098532255254,18.8638148655,专业工程,2025-10-24,2024-09-30
600959,江苏有线,0.0444,5645227922.2,4.4639823035,-20.9657,222265754.76,-15.38,-9.538,4.47485443594,1.0,-0.010406726092,23.5320428351,电视广播Ⅱ,2025-10-24,2024-09-30
600724,宁波富达,0.1107,1242392251.19,-50.8291927647,-0.9061,160014290.76,-0.85,-16.7015,1.962064383569,5.5163,0.116959705486,24.2616958985,房地产服务,2025-10-24,2024-09-30
600711,盛屯矿业,0.543,17657863751.36,-3.8220574358,14.495,1700631412.18,623.39,-29.6914,4.8932358465,11.664,0.695777081811,21.5305609089,工业金属,2025-10-24,2024-09-30
600710,苏美达,0.77,86972787432.13,-9.4618881754,-3.6375,1003079824.34,12.03,41.423,5.736709229017,13.82,3.067277697057,6.518032148,贸易Ⅱ,2025-10-24,2024-09-30
600584,长电科技,0.6,24977909038.59,22.2618774489,9.7964,1076362902.49,10.55,-5.5729,14.990214786566,4.07,2.198429853798,12.9311314301,半导体,2025-10-24,2024-09-30
600481,双良节能,-0.716,10346604131.14,-44.9293423836,23.2646,-1339479226.0,-195.47,91.4691,2.855255785387,-21.14,-0.574918142086,-0.3866455918,光伏设备,2025-10-24,2024-09-30
600435,北方导航,-0.0491,796196861.45,-66.7974690153,134.7206,-73750858.14,-139.88,101.9048,1.734776324416,-2.75,-0.730912054868,31.2437432957,地面兵装Ⅱ,2025-10-24,2024-09-30
600428,中远海特,0.56,12043213983.84,32.9990221915,12.6623,1202226020.81,31.38,21.3854,5.649344353116,10.19,1.086876005035,20.6599494973,航运港口,2025-10-24,2024-09-30
600419,天润乳业,0.0706,2155770757.83,3.4999643596,-11.213,22269347.41,-84.37,254.6227,7.402618451563,0.93,1.358275530948,18.147268925,饮料乳品,2025-10-24,2024-09-30
600310,广西能源,0.3067,2917403933.68,-80.2674844306,5.0498,449605015.91,1987.94,537.4316,2.312801377822,14.1,0.62519856047,28.3964734302,电力,2025-10-24,2024-09-30
600293,三峡新材,0.01,1234012327.64,-18.45488504,-34.7798,14068472.75,-44.99,-433.4349,1.494062968382,0.8,-0.018404604203,8.3484394161,玻璃玻纤,2025-10-24,2024-09-30
600173,卧龙新能,0.19,3062423315.0,-29.0554710765,69.1323,132190063.28,-54.56,-95.7161,5.459130712302,2.98,-0.232885641944,18.106440356,房地产开发,2025-10-24,2024-09-30
600160,巨化股份,0.462,17906425123.36,11.826687892,-11.8628,1248221706.37,68.4,-19.1935,6.320684860652,7.51,0.29114956718,16.9468584356,化学制品,2025-10-24,2024-09-30
600015,华夏银行,1.04,71135000000.0,0.0365635855,-13.1822,18511000000.0,3.1,-7.8995,18.332139491046,5.79,-0.47,,银行Ⅱ,2025-10-24,2024-09-30
400291,立方3,-0.0804,204239094.88,62.1355800798,-38.8357,-51585877.51,13.62,3.2554,0.516142370174,-14.54,0.056521425181,10.3520828186,,2025-10-24,2024-09-30
400089,盛运5,0.0264,232097621.98,-11.7712549775,-15.4074,92560730.83,22.11,-19.257,0.443105878196,6.13,0.0192733068,45.9808540301,,2025-10-24,2024-09-30
301656,联合动力,0.27,10718120102.49,,33.7158,572299564.28,,154.7229,,,,16.2929173803,汽车零部件,2025-10-24,2024-09-30
301631,壹连科技,2.68,2719660658.39,32.2628557438,12.8361,183670479.01,3.74,24.22,24.70131569314,16.52,6.160283257229,16.3293671951,汽车零部件,2025-10-24,2024-09-30
301626,苏州天脉,1.62,691112868.28,1.7321947276,6.4893,140400458.46,29.63,9.6021,10.460185036077,16.77,2.051099160443,40.5321014492,消费电子,2025-10-24,2024-09-30
301617,博苑新材,2.2143,1007011836.03,34.9105318196,-19.5912,170721927.11,19.09,-31.8325,12.710635661738,18.94,1.591831513359,25.563249662,化学制品,2025-10-24,2024-09-30
301616,浙江华业,1.238,665389387.5,21.1822630156,-9.5816,74280535.0,46.4775730016,-6.6908,,,,25.3358070097,通用设备,2025-10-24,2024-09-30
301608,博实结,1.8796,1045488501.8,23.5982698565,-11.0302,134734939.35,0.17,-20.0512,22.121145052365,10.61,1.461609448477,23.1402002694,计算机设备,2025-10-24,2024-09-30
301581,黄山谷捷,1.51,482017194.56,-13.8002840192,46.178,90331709.23,-17.36,-13.7381,8.459270048167,19.02,1.187479397833,24.9874468939,汽车零部件,2025-10-24,2024-09-30
301559,中集环科,0.3,2354149463.26,-38.6289906995,25.188,180128350.74,-62.98,3.1377,7.63973085615,3.88,0.4436252343,16.7961743254,通用设备,2025-10-24,2024-09-30
301551,无线传媒,0.525,458032155.82,-7.0756461214,-0.5833,189008224.01,-14.14,-10.0046,6.065340746406,9.54,0.465255508787,52.9977165676,电视广播Ⅱ,2025-10-24,2024-09-30
301548,崇德科技,0.98,370383832.16,-4.5939689967,-25.0809,85273462.28,5.19,-35.0459,16.767204244138,5.86,0.603244187356,37.7895969632,通用设备,2025-10-24,2024-09-30
301448,开创电气,0.53,562850543.01,32.2138140801,16.844,54790678.98,37.33,16.0341,6.710141406442,8.02,0.153454913269,24.2716372768,通用设备,2025-10-24,2024-09-30
301429,森泰股份,0.467,638370818.65,46.0680804712,-1.7361,54847736.24,48.27,-6.2529,11.259121403993,4.07,-0.348874027068,28.0715375413,装修建材,2025-10-24,2024-09-30
301419,阿莱德,0.2303,252950335.41,-18.6471758146,5.2108,27640601.26,-51.74,-15.2181,9.2929166725,2.93,0.4839785989,37.5571011701,通信设备,2025-10-24,2024-09-30
301413,安培龙,0.6341,661788869.92,20.8865237379,9.4639,62396441.63,2.37,20.9786,12.07197399839,5.29,0.94368636588,31.4301925847,通用设备,2025-10-24,2024-09-30
301398,星源卓镁,0.5007,287994213.24,13.5362901111,3.4912,56080118.37,-3.72,-0.9337,13.529521527625,5.23,0.68896313175,33.7162120404,汽车零部件,2025-10-24,2024-09-30
301377,鼎泰高科,0.42,1128573047.08,21.7170703232,9.5273,172207181.62,1.75,72.9321,5.903427861463,7.16,0.490356390634,35.581560754,通用设备,2025-10-24,2024-09-30
301371,敷尔佳,0.9877,1466382190.25,9.4743543871,-0.7686,513721618.43,-4.2,-8.1505,14.284214509873,9.08,1.180721721206,81.6471253048,化妆品,2025-10-24,2024-09-30
301297,富乐德,0.357,1933262020.92,331.2220360398,25.812,184297405.01,18.07,14.3766,4.325882645852,6.52,0.693849196755,31.7164258303,半导体,2025-10-24,2024-09-30
301281,科源制药,0.3665,330879995.68,-2.8766190557,3.1599,39683076.25,-40.38,-75.3274,12.342973420168,2.98,0.220435096131,39.2688017095,化学制药,2025-10-24,2024-09-30
301258,富士莱,0.151,312486696.86,-19.5918034241,-20.3564,13844196.55,-87.08,331.3103,20.651029471801,0.72,0.390766455765,20.4950116416,化学制药,2025-10-24,2024-09-30
301234,五洲医疗,0.5049,342595211.54,-17.3778238425,6.859,34335329.36,-36.47,5.7652,11.130322182059,4.53,1.086113592059,17.3684280298,医疗器械,2025-10-24,2024-09-30
301208,中亦科技,0.4511,678384523.01,-17.6074070213,-30.1488,54133397.86,-32.75,-28.4518,12.459610907611,3.63,-1.777574339963,30.0704468146,IT服务Ⅱ,2025-10-24,2024-09-30
301195,北路智控,1.08,813310793.53,14.6541309341,16.0654,140345868.15,-14.18,22.8278,17.642847114705,6.1,0.665692812762,41.3338953207,软件开发,2025-10-24,2024-09-30
301158,德石股份,0.424,396396743.58,23.5991669597,33.1574,63754013.5,27.07,32.1486,8.643062572841,4.78,0.644937280122,35.7629897359,专用设备,2025-10-24,2024-09-30
301148,嘉戎技术,0.45,391976449.28,-6.8604424984,0.6437,52501740.72,-8.3,130.0147,15.060210810606,2.96,0.090260125576,40.5765744351,环境治理,2025-10-24,2024-09-30
301137,哈焊华通,0.0933,1090485088.64,-4.256661577,-5.4602,16954130.81,-45.16,-66.4134,7.330488148783,1.26,0.106286017202,9.944654114,通用设备,2025-10-24,2024-09-30
301108,洁雅股份,0.43,407968136.92,-8.7872558898,-20.9368,34683652.88,-62.94,-36.1981,22.778482732346,1.86,1.062284000193,19.4362408689,个护用品,2025-10-24,2024-09-30
301075,多瑞医药,-0.79,240628115.62,-2.2856870531,-30.2871,-62666665.21,-188.44,-1767.3614,9.049626955,-2.24,-0.3668965495,42.4152415386,化学制药,2025-10-24,2024-09-30
301040,中环海陆,-0.6723,440331824.25,-9.2637551384,17.1176,-67229867.31,-1868.33,-66.0991,8.831745974646,-6.69,0.293499915636,-2.58121032,风电设备,2025-10-24,2024-09-30
301035,润丰股份,1.23,9785195972.58,14.8646290189,37.3047,341563969.19,-52.67,451.8644,23.361786476671,5.2,1.647448401719,20.3643867676,农化制品,2025-10-24,2024-09-30
301033,迈普医学,0.8,190940750.31,30.9798722124,6.251,52802976.34,107.68,17.0032,10.039962912495,8.13,0.959347926041,78.2193002162,医疗器械,2025-10-24,2024-09-30
301032,新柴股份,0.1939,1734627393.11,-5.2163014962,-12.6472,46762847.58,924.18,-58.0202,4.722773008509,4.18,-0.127989281535,9.489315154,通用设备,2025-10-24,2024-09-30
301025,读客文化,0.0377,292744702.54,-9.751368355,-10.5421,15066506.27,-12.43,-52.7432,1.560633309085,2.44,0.246154460899,36.1402055518,出版,2025-10-24,2024-09-30
301022,海泰科,0.3674,508996026.49,21.4710235324,18.4328,30716694.05,-0.64,218.3065,11.437737313782,2.99,0.631458571116,19.9907651798,汽车零部件,2025-10-24,2024-09-30
301019,宁波色母,0.43,366395458.81,7.7660878929,3.2481,71668582.16,-4.7,-9.7623,6.603978858928,6.57,0.34267064877,32.0366906979,塑料,2025-10-24,2024-09-30
301013,利和兴,0.0656,359274811.92,23.147249702,-21.5824,15323672.78,431.59,-67.9468,3.644977289978,1.81,0.053583756003,20.308684664,专用设备,2025-10-24,2024-09-30
300990,同飞股份,0.41,1373555026.59,3.5471820901,9.3383,69916628.21,-50.37,183.292,10.547989978692,3.94,0.786561903371,21.5092782284,通用设备,2025-10-24,2024-09-30
300970,华绿生物,-0.3017,735466949.07,-2.0681900243,32.7362,-35089857.04,-146.31,120.9059,12.529953938209,-2.34,0.60610939565,5.009282883,种植业,2025-10-24,2024-09-30
300967,晓鸣股份,-0.0451,644164797.44,1.1549717552,20.021,-8538562.94,89.3,206.9663,3.406015513871,-1.16,0.789742663465,9.630723333,养殖业,2025-10-24,2024-09-30
300956,英力股份,0.04,1257875010.27,19.2496345107,30.0645,6163098.26,122.16,-28.4315,7.690343663,0.52,1.229841114665,12.4279843358,消费电子,2025-10-24,2024-09-30
300941,创识科技,0.14,135353877.29,-2.9005023321,-12.3029,28298179.15,-16.41,118.9567,6.164617252063,2.23,-0.383703464713,43.4342533565,计算机设备,2025-10-24,2024-09-30
300938,信测标准,0.6671,551250576.88,7.9470496314,-1.2902,143071222.36,7.43,-2.8257,6.851074453062,11.93,0.877468687993,59.5387200622,专业服务,2025-10-24,2024-09-30
300937,药易购,0.15,3235469610.27,0.7194720652,2.2511,13931460.39,-72.22,-36.0426,8.854400031978,1.63,0.400539567684,8.607736364,医药商业,2025-10-24,2024-09-30
300932,三友联众,0.16,1600608561.62,17.3210680921,-9.6071,51452006.05,66.16,-67.6364,7.569512151404,2.99,0.259875046947,18.5844763768,电网设备,2025-10-24,2024-09-30
300918,南山智尚,0.35,1163087186.04,3.5210348183,-7.3011,124572259.87,3.83,-6.5752,5.428499234118,6.04,0.087165580968,33.4531662691,纺织制造,2025-10-24,2024-09-30
300916,朗特智能,0.72,1223188560.54,104.5594704022,-32.8983,104119587.83,70.69,-50.7005,8.897121232752,8.29,0.98600731816,16.6029556155,消费电子,2025-10-24,2024-09-30
300905,宝丽迪,0.46,1011468711.5,22.630304098,1.8562,80869522.45,8.96,-13.9195,10.28906354695,4.37,0.486173815904,17.7893159011,化学纤维,2025-10-24,2024-09-30
300901,中胤时尚,-0.1,288368541.27,-27.661922253,-18.7765,-24685984.85,-198.24,30.2024,4.132331930333,-2.44,-0.15695659175,16.2084077633,服装家纺,2025-10-24,2024-09-30
300885,海昌新材,0.1823,217171878.29,36.0809314407,-6.3903,45726078.1,63.19,-3.6129,3.375365508971,5.44,0.270031146292,33.9141386398,通用设备,2025-10-24,2024-09-30
300846,首都在线,-0.297,1053345321.1,22.1306816725,-12.7288,-146433956.98,0.29,-18.7317,2.14495897446,-13.74,0.347754271747,8.7525954806,IT服务Ⅱ,2025-10-24,2024-09-30
300824,北鼎股份,0.1195,506290506.96,7.1923732365,13.1412,38881777.14,-25.74,-25.3055,2.074377200489,5.48,0.076050655123,45.8060182587,小家电,2025-10-24,2024-09-30
300818,耐普矿机,0.7991,921022255.26,41.7093985452,-22.2038,120357426.49,48.78,-20.0765,9.330861121144,8.65,-0.600551820266,37.3640645201,通用设备,2025-10-24,2024-09-30
300817,双飞集团,0.225,609324028.83,10.9121601942,-14.5957,49095819.01,4.89,-28.3108,4.65424707666,4.8,0.137740044629,25.6318162866,通用设备,2025-10-24,2024-09-30
300808,久量股份,-0.0979,317102951.37,-17.7205056637,-23.0675,-15671377.34,-137.85,-311.5833,6.306012231688,-0.01,0.659670966937,13.2571583577,光学光电子,2025-10-24,2024-09-30
300804,广康生化,0.32,484361918.38,36.0118439413,19.2758,23691057.28,18.08,-59.6168,17.71694037473,1.83,0.302611365946,22.6588897651,农化制品,2025-10-24,2024-09-30
300797,钢研纳克,0.2294,721958727.6,15.7122761519,4.7646,86628350.31,5.89,6.451,2.939832890133,7.9,-0.163513192013,45.9507022185,专业服务,2025-10-24,2024-09-30
300785,值得买,0.02,1012201008.13,5.5416213848,-29.3502,3804567.55,-72.94,-112.688,9.212856551889,0.21,-0.140952114197,46.1621963382,数字媒体,2025-10-24,2024-09-30
300778,新城市,-0.6481,167328558.36,-29.5458641541,-15.0603,-131976668.68,-865.11,-50.8421,6.469506194367,-10.35,-0.106760977917,39.8564133066,工程咨询服务Ⅱ,2025-10-24,2024-09-30
300775,三角防务,0.54,1362599108.81,-30.0548939709,-40.2488,298838537.57,-51.51,-117.8596,10.037920535068,5.38,-1.082350824623,32.2172178773,航空装备Ⅱ,2025-10-24,2024-09-30
300768,迪普科技,0.15,819302651.14,13.7756819381,27.863,92382140.96,37.73,162.3165,5.032897963383,2.86,0.189321303881,67.2279308926,软件开发,2025-10-24,2024-09-30
300729,乐歌股份,0.8504,3975061381.27,48.0278888418,18.5666,265412252.44,-48.64,30.9517,9.957315962639,8.55,1.57474669945,29.8402534461,家居用品,2025-10-24,2024-09-30
300727,润禾材料,0.55,993651923.06,16.2959079036,-3.3409,69892765.56,14.58,29.4761,6.989482660339,7.47,0.417747379761,24.2613779278,化学制品,2025-10-24,2024-09-30
300722,新余国科,0.2376,318541834.47,18.0791583273,-29.727,65752934.87,5.98,-37.9653,2.236009668102,10.9,0.063741795856,43.4411782397,航天装备Ⅱ,2025-10-24,2024-09-30
300715,凯伦股份,-0.09,1811354736.62,-12.9226410487,-14.5731,-32148627.32,-142.82,-37343.3908,5.930089300286,-1.36,-1.335083090777,23.5358597182,装修建材,2025-10-24,2024-09-30
300711,广哈通信,0.0841,233978664.32,15.4141531613,-15.9035,20957257.87,24.41,-51.9711,2.814987394621,2.96,-0.143289267956,59.4200799821,通信设备,2025-10-24,2024-09-30
300694,蠡湖股份,0.2,1164564020.07,-3.0454985477,-2.2589,42303382.25,-29.18,-80.6118,6.375022683975,3.13,0.9381904778,15.6402857886,汽车零部件,2025-10-24,2024-09-30
300676,华大基因,-0.3011,2825935926.99,-10.1008770106,-9.114,-124166136.95,-276.49,-2555.7474,23.634652438801,-1.26,-0.343446229504,45.2155060448,医疗服务,2025-10-24,2024-09-30
300669,沪宁股份,0.1355,237684924.77,-16.5919011985,-2.7568,26065445.46,-31.2,16.2415,4.545293347893,2.94,0.274825011557,25.343550012,专用设备,2025-10-24,2024-09-30
300664,鹏鹞环保,0.277,1312912588.89,-7.3737390048,-2.3187,209478489.69,-32.79,-24.4008,5.609397321364,4.89,0.073051677213,30.7928350753,环境治理,2025-10-24,2024-09-30
300655,晶瑞电材,0.0006,1060421046.86,10.5626944248,0.708,665030.32,-97.04,39.4309,2.439537722542,0.03,0.14321158877,19.8202596791,电子化学品Ⅱ,2025-10-24,2024-09-30
300623,捷捷微电,0.45,2006006681.84,40.6287819551,0.0702,332626482.73,133.37,-2.786,5.093635683188,8.5,0.741734168376,38.2151334868,半导体,2025-10-24,2024-09-30
300592,华凯易佰,0.4905,6115213894.62,28.7480059814,42.4946,189283469.79,-36.74,4.1165,5.478730340583,8.71,-1.029572264031,35.125679636,互联网电商,2025-10-24,2024-09-30
300589,江龙船艇,0.0641,1241907129.28,81.747403819,15.9457,24220100.01,53.55,-47.7439,2.216003092806,2.74,-1.676149830975,9.1864328403,航海装备Ⅱ,2025-10-24,2024-09-30
300575,中旗股份,0.06,1779062759.26,-10.1402346074,-23.1796,26517616.08,-86.93,-131.0861,4.598416596824,1.22,0.34317530573,15.5888064149,农化制品,2025-10-24,2024-09-30
300569,天能重工,0.0056,1826982684.57,-30.4641900497,2.6836,5761253.02,-97.19,-372.7043,5.351331647474,0.1,0.113231836594,16.7695927798,风电设备,2025-10-24,2024-09-30
300565,科信技术,-0.52,345919880.9,-14.6702681289,10.3645,-130129163.41,-19.98,5.955,2.840515008389,-25.4,-0.431671804124,15.4367530629,通信设备,2025-10-24,2024-09-30
300515,三德科技,0.387,338658255.77,5.9926381754,59.963,78053726.61,48.15,57.7728,3.608013441796,10.75,0.305171447332,58.6332342315,通用设备,2025-10-24,2024-09-30
300509,新美星,0.09,750399666.62,10.6164805063,-6.1462,27228460.2,21.56,-8.1613,1.902212974325,4.6,0.394159336235,21.4887327024,专用设备,2025-10-24,2024-09-30
300508,维宏股份,0.7615,345595556.94,6.3361763463,-16.1427,83075030.63,64.9,63.4996,6.890422547883,11.52,0.289889997389,59.87983541,计算机设备,2025-10-24,2024-09-30
300504,天邑股份,0.1417,1449704102.49,-27.5949935228,-22.9721,38474237.91,-68.88,-66.0965,8.24134405562,1.7,-0.20324156713,15.5151668133,通信设备,2025-10-24,2024-09-30
300489,光智科技,-0.1838,954889684.48,32.4492410103,13.2962,-25304804.26,81.15,64.5838,4.254786756371,-8.52,-0.683581374496,23.8843466389,光学光电子,2025-10-24,2024-09-30
300487,蓝晓科技,1.18,1891735231.69,19.9881628472,-9.9984,596424431.04,15.1,-18.1293,7.032591805351,16.42,0.885496301423,48.6528817031,塑料,2025-10-24,2024-09-30
300485,赛升药业,-0.2,322881323.81,-18.0137376898,2.6047,-98198160.93,-149.97,-91.8657,6.906952080174,-2.9,0.21895078791,65.8648614019,生物制品,2025-10-24,2024-09-30
300465,高伟达,0.0538,762903910.52,-13.8388051059,-16.6246,24041625.86,13.32,133.9057,1.478133252872,3.65,-0.149589688146,21.4619779204,软件开发,2025-10-24,2024-09-30
300445,康斯特,0.42,358212299.33,8.069946042,-7.1831,89415238.53,27.45,-7.7137,5.439487869777,7.91,0.485971513404,64.6722538794,通用设备,2025-10-24,2024-09-30
300434,金石亚药,0.14,756645811.15,-8.5142321069,47.4855,58129095.96,-58.11,137.3945,6.009716547736,2.39,0.177711234585,55.3828371141,化学制药,2025-10-24,2024-09-30
300395,菲利华,0.4519,1313558989.73,-12.1141081152,-21.0069,234645204.36,-42.82,-34.1966,7.817455825659,5.89,0.263266312722,42.3622430694,航空装备Ⅱ,2025-10-24,2024-09-30
300386,飞天诚信,-0.05,503954565.16,-2.5737005824,-4.9159,-22542793.01,79.41,13.0439,3.643434869248,-1.47,-0.18097691676,38.2397180128,计算机设备,2025-10-24,2024-09-30
300374,中铁装配,-0.27,1198592525.5,20.8866129584,-25.9384,-66894260.57,21.93,-14.7118,3.415605145097,-7.79,0.289840708114,8.9965066523,基础建设,2025-10-24,2024-09-30
300364,中文在线,-0.2577,808049275.54,-20.7568450773,44.3759,-188116165.41,-7820.37,53.4106,1.425602340562,-16.34,-0.074991781731,30.2391215841,数字媒体,2025-10-24,2024-09-30
300357,我武生物,0.52,730238304.07,8.3775909836,41.3008,272253993.52,0.78,70.8091,4.508329107765,11.95,0.305917247261,95.2570569187,生物制品,2025-10-24,2024-09-30
300353,东土科技,-0.24,567609639.62,-12.4835359299,-48.196,-150276498.26,3.39,-1324.8563,3.213383496613,-7.33,-0.285658878298,42.6200881704,通信设备,2025-10-24,2024-09-30
300349,金卡智能,0.72,2231642422.35,-2.1567818946,-2.2676,297805292.44,-0.03,-33.0824,10.445676652294,6.88,-0.394568213777,40.9910735962,通用设备,2025-10-24,2024-09-30
300332,天壕能源,0.1603,3035354440.17,-4.7018298723,16.8572,131589663.83,-57.17,-9.0056,4.803023308405,3.14,0.170596145011,12.6070286934,燃气Ⅱ,2025-10-24,2024-09-30
300328,宜安科技,0.0036,1184620918.68,-3.3421298149,3.4815,2452628.73,-52.31,-87.426,1.585017492812,0.22,0.19236134673,12.6645096861,工业金属,2025-10-24,2024-09-30
300327,中颖电子,0.2631,977619534.41,5.9507956328,-3.0944,89965617.4,-9.64,-52.5291,4.971678218442,5.27,0.364117900334,33.8229049985,半导体,2025-10-24,2024-09-30
300320,海达股份,0.1938,2351583746.91,23.0947534868,10.9251,116546061.92,20.97,6.3339,3.807435831456,5.21,0.213169815687,18.0964953687,橡胶,2025-10-24,2024-09-30
300298,三诺生物,0.4605,3182048562.89,4.8338078004,-6.2933,255342147.59,-19.71,-50.358,5.410310919751,7.95,0.714497509829,54.1613270825,医疗器械,2025-10-24,2024-09-30
300270,中威电子,-0.17,108509976.2,-2.8060223771,4.5458,-50367637.11,8.78,67.0881,2.045138472475,-7.88,0.050565405158,26.2565629887,计算机设备,2025-10-24,2024-09-30
300250,初灵信息,-0.14,188646880.89,-21.9816499842,51.2977,-30213027.65,-263.29,51.2378,2.616143350387,-5.07,-0.047926319532,54.6365024716,IT服务Ⅱ,2025-10-24,2024-09-30
300244,迪安诊断,0.2118,9258110867.57,-10.047264653,-6.3233,130856888.98,-75.35,21.6849,11.291838875223,1.77,0.086722930081,28.051267542,医疗服务,2025-10-24,2024-09-30
300229,拓尔思,0.0559,619136632.77,2.9534141876,1.3831,44435749.94,94.35,-147.2247,4.240655829673,1.32,-0.004854349054,62.7337899524,软件开发,2025-10-24,2024-09-30
300211,*ST亿通,-0.0977,56644549.14,-61.4864686172,15.2949,-29696249.17,-955.81,-100.4419,1.608236175473,-5.87,-0.16266650577,32.1339248813,通信服务,2025-10-24,2024-09-30
300201,海伦哲,0.1347,1001964237.94,-6.7482097124,60.8235,133076587.84,0.1,186.3211,1.366205939342,9.58,-0.068664830599,33.8539298306,工程机械,2025-10-24,2024-09-30
300198,*ST纳川,-0.0788,130797376.98,-56.1716797904,-35.1381,-81289606.68,-47.46,-423.207,0.342926831596,-20.69,0.079091253156,15.1657559945,装修建材,2025-10-24,2024-09-30
300191,潜能恒信,-0.1308,360670594.38,5.839427337,-3.9472,-41841912.31,57.15,33.3039,3.399971012156,-4.0,0.430016208,31.8568713586,油服工程,2025-10-24,2024-09-30
300187,永清环保,0.1297,508942782.17,2.2144300418,-16.928,83706098.87,25.98,-63.8445,1.664563906662,7.81,0.205993220447,28.0432516817,环境治理,2025-10-24,2024-09-30
300160,秀强股份,0.2352,1132796023.38,6.7517438853,3.8999,181764672.86,2.63,26.9378,3.222823255849,7.44,0.273892245646,30.0408836239,家电零部件Ⅱ,2025-10-24,2024-09-30
300150,世纪瑞尔,0.0559,485670025.45,9.4929023266,-31.5773,32728155.52,52.59,-47.9659,2.619850887066,2.16,0.074894629282,43.0436863437,IT服务Ⅱ,2025-10-24,2024-09-30
300126,锐奇股份,-0.05,320334767.48,-20.3055221567,-6.7896,-15635967.62,-358.06,-95.5789,3.502107413863,-1.46,-0.068808859492,13.3876640233,通用设备,2025-10-24,2024-09-30
300124,汇川技术,1.25,25397421789.27,26.2221767722,-4.9206,3353827529.06,1.04,-5.4445,9.885033727581,13.09,1.440071230358,30.2791693473,自动化设备,2025-10-24,2024-09-30
300105,龙源技术,0.0446,573909894.35,-6.5735890669,0.0892,23316612.3,37.24,836.2422,3.655944447009,1.22,0.038389420922,18.3779544521,其他电源设备Ⅱ,2025-10-24,2024-09-30
300095,华伍股份,0.0597,853225262.18,-10.0113791799,-6.2439,24120313.08,-69.1,-91.7041,4.865965676716,1.17,0.273205080327,22.8873513333,专用设备,2025-10-24,2024-09-30
300079,数码视讯,0.0156,373568877.49,-29.2636944378,44.8662,22313938.42,-36.9,444.1256,2.945673223384,0.53,-0.002952786743,62.8287540325,IT服务Ⅱ,2025-10-24,2024-09-30
300065,海兰信,0.0141,253724316.47,-48.0243517015,-13.7526,10192050.28,16.54,-123.1935,2.364114146863,0.6,0.013007131956,37.140686246,航海装备Ⅱ,2025-10-24,2024-09-30
300034,钢研高纳,0.3033,2533186106.69,4.7374902403,-13.5582,234894621.41,-0.17,-35.2624,4.512880088496,6.82,-0.484162468857,31.4333218214,航空装备Ⅱ,2025-10-24,2024-09-30
300014,亿纬锂能,1.56,34049276929.36,-4.1643933775,0.3873,3188651049.63,-6.88,-1.879,17.901404034549,8.9,1.034512458178,17.0330745995,电池,2025-10-24,2024-09-30
003030,祖名股份,-0.1,1205489688.99,13.4645012458,19.2457,-12057097.84,-136.42,74.0172,8.107605421542,-1.16,0.477961170059,23.7012558887,农产品加工,2025-10-24,2024-09-30
003023,彩虹集团,0.678,793497486.66,7.52556877,-55.1066,71424569.01,18.02,-117.6849,14.313362979772,4.78,0.475940629628,42.3303124984,小家电,2025-10-24,2024-09-30
003000,劲仔食品,0.4829,1772030198.14,18.6537015631,8.9609,214703467.87,61.2,2.3542,2.97666967144,16.09,0.900263645967,30.2797669709,休闲食品,2025-10-24,2024-09-30
002977,*ST天箭,0.0601,135283376.18,-5.9309616925,-41.0315,7217967.52,-84.11,-194.1982,9.043578956793,0.66,-0.435275891858,52.1037142851,军工电子Ⅱ,2025-10-24,2024-09-30
002973,侨银股份,0.59,2938055786.14,-1.22305283,2.3753,242491834.29,-10.01,-7.8555,5.78451118178,10.57,0.150651688989,27.331133844,环境治理,2025-10-24,2024-09-30
002868,绿康生化,-1.01,472003448.49,18.6913550328,-12.3209,-156982192.18,-82.37,-25.42,1.650916601762,-46.98,0.722869138233,-2.2797929156,动物保健Ⅱ,2025-10-24,2024-09-30
002846,英联股份,0.005,1488784006.59,12.6878561696,0.1233,2115057.17,-45.64,-178.809,3.380142157725,0.15,-0.011151620521,10.7470484705,包装印刷,2025-10-24,2024-09-30
002838,道恩股份,0.22,3768771322.58,12.0466265899,29.667,98222412.87,0.36,-0.3005,6.659346619214,3.2,-0.179434557105,11.2023386413,塑料,2025-10-24,2024-09-30
002823,凯中精密,0.385,2329550634.31,4.1489234692,-2.3021,115934867.13,171.72,-21.7695,6.025985480345,7.04,0.703971835321,17.0834911244,电机Ⅱ,2025-10-24,2024-09-30
002728,特一药业,0.01,455597193.06,-38.8700143182,-4.8868,6009800.32,-96.81,151.3576,3.410208065543,0.32,-0.074946011131,38.8367441317,中药Ⅱ,2025-10-24,2024-09-30
002683,广东宏大,0.859,9332588574.14,17.5179069249,12.4316,649854662.34,30.83,-29.7837,8.337994575837,10.3,0.248848740456,21.2333309579,化学制品,2025-10-24,2024-09-30
002655,共达电声,0.1517,869776602.11,21.0652744603,21.6488,54602601.11,72.9,29.0649,1.845954014639,8.6,0.055479792806,27.2876428975,消费电子,2025-10-24,2024-09-30
002632,道明光学,0.2305,1027961156.26,5.9243625718,2.8688,143985661.71,7.59,4.718,3.357583851747,6.51,0.235059953962,33.4087971845,塑料,2025-10-24,2024-09-30
002587,奥拓电子,-0.03,464842651.66,-5.2472698312,-14.5726,-19820515.19,-457.41,-1361.8304,2.040412238445,-1.45,-0.109381369864,36.4394599797,光学光电子,2025-10-24,2024-09-30
002579,中京电子,-0.15,2074615484.16,7.718765606,10.2282,-93662715.4,15.28,15.6469,3.920819666859,-3.83,0.296803100304,11.0943826047,元件,2025-10-24,2024-09-30
002576,通达动力,0.2677,1260271551.57,-6.7042832895,13.0914,44191978.21,-39.92,-36.3597,7.480039714294,3.63,0.235547749303,12.0805839988,电机Ⅱ,2025-10-24,2024-09-30
002557,洽洽食品,1.2292,4757630667.36,6.2369984038,72.6731,626214353.84,23.79,200.4347,10.757576308342,10.82,2.436801505387,30.24755351,休闲食品,2025-10-24,2024-09-30
002524,光正眼科,-0.04,698778682.45,-15.4874683843,-23.1933,-20808633.35,-299.4,-210.4121,0.526420939201,-7.51,0.080220099319,36.9021590621,医疗服务,2025-10-24,2024-09-30
002481,双塔食品,0.051,1692520399.13,6.4294564077,28.2556,62940237.94,1060.85,-26.1036,2.124512446554,2.42,0.258512745234,17.1940854851,农产品加工,2025-10-24,2024-09-30
002461,珠江啤酒,0.3644,4886863556.88,7.3735563922,1.2378,806538091.36,25.35,-19.0367,4.746476273879,7.77,0.560951002894,49.3198301071,非白酒,2025-10-24,2024-09-30
002454,松芝股份,0.23,3591047124.3,-2.4025090911,15.7352,141697061.75,32.08,64.5477,6.246854988628,3.64,0.054956750213,16.1652932434,汽车零部件,2025-10-24,2024-09-30
002410,广联达,0.1298,4396144312.5,-8.0304494968,-13.3204,213259598.84,-18.47,-88.4559,3.64372346333,3.59,-0.080197825418,86.2148704888,软件开发,2025-10-24,2024-09-30
002393,力生制药,0.66,1023773647.92,12.3085307902,-26.504,169252412.9,-50.61,54.8612,19.270078381041,3.43,0.355876534042,55.2144957285,化学制药,2025-10-24,2024-09-30
002356,鹏飞绿能,-0.0243,157138214.05,25.3090683239,200.6277,-31891505.87,-230.24,36.9502,0.429413537854,-5.61,-0.082382233784,23.9309261833,一般零售,2025-10-24,2024-09-30
002353,杰瑞股份,1.57,8046761536.6,-8.0998269703,9.3302,1598437346.41,2.21,-28.4415,19.657167894105,8.09,1.433568400201,34.722860277,专用设备,2025-10-24,2024-09-30
002333,罗普斯金,0.0663,1202974662.73,2.8828586018,-1.8802,44773146.55,-14.45,7.8304,2.770091651322,2.39,0.091791899097,13.9137639674,装修建材,2025-10-24,2024-09-30
002322,理工能科,0.52,613096991.32,0.2099343063,-13.0312,186572815.16,39.41,-56.6687,7.662135149688,5.95,0.376158033735,68.9283191352,软件开发,2025-10-24,2024-09-30
002312,川发龙蟒,0.22,6051911890.96,11.0609283869,-13.8802,424864044.83,30.73,-30.9614,4.96680531286,4.56,0.206779588207,15.7831872567,农化制品,2025-10-24,2024-09-30
002276,万马股份,0.2535,13020511631.81,10.8719168034,-5.3959,254821061.37,-46.71,-64.6148,5.565273226567,4.6,-0.050698403538,11.408494194,电网设备,2025-10-24,2024-09-30
002261,拓维信息,0.0088,2944950911.46,57.258776712,32.82,11013222.69,-84.85,382.5879,2.064577386923,0.43,0.153732565492,15.9441939702,软件开发,2025-10-24,2024-09-30
002237,恒邦股份,0.4,58160596488.82,14.7275205114,-14.7414,464528185.17,13.23,5.824,7.947576522494,4.93,0.701631191323,2.6791666921,贵金属,2025-10-24,2024-09-30
002213,大为股份,-0.1122,800124893.38,53.5512198667,3.4565,-26479276.33,23.77,-117.6463,2.468243834436,-4.44,-0.2506326153,3.7560358737,半导体,2025-10-24,2024-09-30
002189,中光学,-0.09,1521525920.35,-8.4652817545,-11.3537,-22314856.25,81.43,-252.5517,4.113524790017,-2.1,-1.322491383006,14.3604723033,军工电子Ⅱ,2025-10-24,2024-09-30
002176,江特电机,-0.05,1249470111.55,-50.4322964404,26.8218,-82230589.94,13.97,46.2198,2.187411044581,-2.18,-0.316511312187,4.4494868293,电机Ⅱ,2025-10-24,2024-09-30
002158,汉钟精机,1.3491,2856544059.07,-1.7078059606,-5.885,721403525.26,6.11,-11.0678,7.601466964726,18.36,0.877768198099,39.6977419245,通用设备,2025-10-24,2024-09-30
002128,电投能源,1.96,21809510749.24,10.5381278374,13.2768,4399653791.11,22.73,45.5546,15.147221139744,13.53,3.090739937163,36.4504356002,煤炭开采,2025-10-24,2024-09-30
002092,中泰化学,-0.1351,22493111043.98,-25.7360817426,-2.2798,-348072501.71,69.7,-60.6078,8.640826904448,-1.54,1.638105710305,16.5552127752,化学原料,2025-10-24,2024-09-30
002083,孚日股份,0.41,4019918894.41,0.7262004711,0.0059,336537853.53,36.94,-12.2688,5.084265119186,8.44,0.523589742331,18.9953382856,纺织制造,2025-10-24,2024-09-30
002054,德美化工,0.1112,2275476308.36,-3.1384049276,-3.4575,52834993.57,45.39,-48.928,5.092817096184,2.12,0.406422518625,23.1195202093,化学制品,2025-10-24,2024-09-30
002032,苏泊尔,1.798,16512360853.44,7.4526109199,-0.6961,1432852351.73,5.19,4.5029,7.000581813355,24.46,1.447410431276,23.8307580319,小家电,2025-10-24,2024-09-30
002014,永新股份,0.5,2539455326.41,2.4421893108,8.9112,304842923.07,4.02,32.997,3.960025395684,12.98,0.652490529695,22.9642757849,包装印刷,2025-10-24,2024-09-30
001379,腾达科技,0.2961,1338355655.4,-1.7291780044,8.0582,57578246.3,-22.92,-21.5769,7.25868524025,4.29,-0.0986071387,7.556336456,通用设备,2025-10-24,2024-09-30
001360,南矿集团,0.33,604025021.19,-11.3364371504,-16.1511,64162896.13,-22.19,-66.8787,6.814309945196,4.62,-0.125334628676,33.2025121352,专用设备,2025-10-24,2024-09-30
001306,夏厦精密,0.77,460958532.96,21.2504163343,11.1559,47731996.19,-15.65,-23.1722,21.223331574032,3.62,0.056158494516,24.1481413274,通用设备,2025-10-24,2024-09-30
001218,丽臣实业,0.58,2575992488.03,8.5235175541,6.0274,75904860.26,-29.17,21.4545,16.50686210003,3.52,1.494617697099,11.4219513223,化学制品,2025-10-24,2024-09-30
001208,华菱线缆,0.161,3106696539.35,20.6954966225,10.5306,86253228.39,38.15,-36.4137,2.992326246426,5.51,0.223622876574,11.6080098404,电网设备,2025-10-24,2024-09-30
000988,华工科技,0.93,9001703896.11,23.4221737131,25.4674,937600593.43,15.19,-6.6488,9.86409057763,9.86,-0.233284363739,20.9809690839,自动化设备,2025-10-24,2024-09-30
000980,众泰汽车,-0.07,384805441.06,-27.6330924024,0.4623,-332930290.42,26.71,39.1768,0.178965013531,-31.01,-0.001400414165,15.7733347306,汽车零部件,2025-10-24,2024-09-30
000975,山金国际,0.6221,12071290485.67,70.1372337038,49.1662,1727381567.52,54.46,14.0365,4.50278517032,14.41,1.081758530762,25.9184970411,贵金属,2025-10-24,2024-09-30
000930,中粮科技,0.0052,15123940057.61,2.735862444,0.647,9604998.75,102.89,-241.5795,5.651130471611,0.09,0.053534140375,7.4420779388,农产品加工,2025-10-24,2024-09-30
000877,天山股份,-0.4505,61478897601.72,-23.5214868205,-6.8009,-3747392146.56,-7471.1,77.5775,11.223816116384,-4.57,0.477222774032,13.3744750122,水泥,2025-10-24,2024-09-30
000798,中水渔业,0.0442,3248601459.24,16.8238912649,35.0681,16180413.58,26.57,-154.4017,1.339164905495,3.42,-0.269069812201,3.5134878732,渔业,2025-10-24,2024-09-30
000677,ST海龙,0.0454,821526680.13,6.4850307505,1.3646,39254651.25,-1.45,-16.8048,0.579232694826,8.16,0.134728011588,20.3094999828,化学纤维,2025-10-24,2024-09-30
000609,*ST中迪,-0.36,284425694.17,5540.2608203725,-98.7081,-106517843.6,-47.89,22.9682,0.950150497457,-31.61,0.10342507317,0.945143556,房地产开发,2025-10-24,2024-09-30
000586,汇源通信,-0.0135,276864155.7,-20.1747108915,12.9567,-2611560.24,-113.4762404817,184.4187,1.709090418631,-0.79,-0.019029343672,30.8672873034,通信设备,2025-10-24,2024-09-30
000513,丽珠集团,1.81,9081603788.36,-5.9368316442,-7.9055,1672733989.63,4.44,-10.9002,15.280013154299,11.63,2.490711538971,65.8100596653,化学制药,2025-10-24,2024-09-30
000153,丰原药业,0.3169,3261422843.25,1.1585952367,-19.6816,147302850.89,3.4,-11.487,4.295935861238,7.55,0.147278252836,22.5532644693,化学制药,2025-10-24,2024-09-30
920580,科创新材,0.09,74028086.96,1.6774686718,-2.6607,7798263.8,-40.75,-22.0179,3.818412742442,2.36,-0.063319962442,30.8160487955,装修建材,2025-10-23,2024-09-30
920262,太湖雪,0.2195,336955590.0,-3.1013930114,-24.1878,14754620.8,-41.03,-5.8798,5.924709192131,4.7,0.051429132622,40.4895898922,服装家纺,2025-10-23,2024-09-30
920239,长虹能源,0.78,2668811231.9,39.1144192621,26.0509,142803346.64,171.2,26.8837,6.588410529436,18.31,2.780329677739,16.5833717979,电池,2025-10-23,2024-09-30
873886,瑞红苏州,0.03,221218304.05,21.4649628807,6.2457,10692019.06,-46.69,-88.1541,4.277071126413,0.69,0.110689518003,28.0982011669,,2025-10-23,2024-09-30
835319,康安租赁,0.1,60237922.03,-1.0790186945,-11.4954,29336760.81,-27.4,-30.6599,1.22811548545,7.71,0.06864645058,83.4936415386,,2025-10-23,2024-09-30
688607,康众医疗,0.14,195501808.26,7.7707108195,-12.2471,12586307.98,281.65,-14.3232,9.686969680489,1.48,0.284971261625,42.9066872867,医疗器械,2025-10-23,2024-09-30
688580,伟思医疗,0.82,291757867.37,-12.0611691355,-3.5894,78166276.35,-23.13,2.4352,16.834049052572,4.8,0.64499790741,66.2472227064,医疗器械,2025-10-23,2024-09-30
688549,中巨芯,0.0201,749009940.42,15.4654525925,17.5236,29734839.79,5.31,-56.0063,2.065193890681,0.98,0.036643227907,14.0861141417,电子化学品Ⅱ,2025-10-23,2024-09-30
688295,中复神鹰,-0.01,1118686435.48,-30.455729419,36.1625,-8338793.32,-102.84,-98.143,5.268138639711,-0.17,0.255527359567,19.2635041586,化学纤维,2025-10-23,2024-09-30
688278,特宝生物,1.36,1954701664.76,33.9028714302,18.6801,554149217.81,50.21,42.3126,5.566735399533,26.65,0.71783442559,93.3528826443,生物制品,2025-10-23,2024-09-30
688273,麦澜德,0.9728,330578105.74,13.8135429989,-17.617,96070603.1,13.37,-35.3979,13.0959347136,7.07,0.5635386639,72.3506844304,医疗器械,2025-10-23,2024-09-30
688100,威胜信息,0.86,1941228185.42,16.7907074436,-7.2319,422474720.89,21.95,-6.2087,6.380422213035,14.02,0.799041437298,39.1272274354,通信设备,2025-10-23,2024-09-30
688076,ST诺泰,1.16,1252252784.74,76.5062890694,-11.5475,350247058.35,281.9,-23.4708,11.588146461464,14.63,1.216236546333,69.3181742958,化学制药,2025-10-23,2024-09-30
688046,药康生物,0.24,509718216.98,12.1333151001,-7.6164,98214378.6,-16.57,-53.3132,5.178815097902,4.61,-0.038782828585,63.6476157694,医疗服务,2025-10-23,2024-09-30
605098,行动教育,1.65,562861743.01,22.0688214123,-30.236,194598903.35,21.12,-47.94,7.890276023065,19.64,1.581463924801,75.9063796529,教育,2025-10-23,2024-09-30
605086,龙高股份,0.54,232090587.75,-0.238813371,50.6805,96281078.9,4.57,147.2737,6.800972027232,7.93,0.681050471317,63.8409492761,非金属材料Ⅱ,2025-10-23,2024-09-30
605003,众望布艺,0.61,385149499.81,14.987090732,0.7996,67581455.94,18.87,-11.2201,12.926608380182,4.77,0.321076058273,35.5221042368,服装家纺,2025-10-23,2024-09-30
603499,翔港科技,0.1134,586813545.95,18.8197702174,22.0398,33359002.13,298.18,90.2408,3.653925591026,4.69,0.459819384622,22.1274001744,包装印刷,2025-10-23,2024-09-30
603310,巍华新材,0.68,778153731.96,-34.710437018,-54.1635,183845612.98,-57.14,-91.5354,11.673167614641,6.85,0.365209289801,32.9108423389,化学制品,2025-10-23,2024-09-30
603298,杭叉集团,1.2,12854274681.62,2.5221874152,-4.6447,1576021875.39,21.2,-9.8206,7.413960800944,17.5,0.493623868,23.0121307691,工程机械,2025-10-23,2024-09-30
603239,浙江仙通,0.48,841506267.56,14.6082284569,0.4995,129193285.56,33.24,-4.2385,4.131633975177,12.06,-0.015059365876,30.3848158091,汽车零部件,2025-10-23,2024-09-30
603175,超颖电子,0.63,3050730822.56,,15.8244,240858789.9,,-40.6716,,14.32,,24.1889522433,元件,2025-10-23,2024-09-30
603166,福达股份,0.19,1110029772.55,16.920624618,-1.9519,120842374.32,88.56,12.7243,3.598381150735,5.38,0.48154005275,23.2358202967,汽车零部件,2025-10-23,2024-09-30
603103,横店影视,0.03,1615792707.63,-17.2743140266,39.3324,17387014.92,-92.63,45.4584,2.140569013229,1.29,0.726504074614,7.3785900139,影视院线,2025-10-23,2024-09-30
600688,上海石化,0.003,65995285000.0,-5.5310051428,0.9525,34539000.0,104.8007772647,111.8025,2.316753062171,0.139,0.976616282885,16.6263195924,炼化及贸易,2025-10-23,2024-09-30
600110,诺德股份,-0.1245,3709361323.87,7.1431146938,-1.0202,-217483323.65,-734.1,9.7443,3.340023996345,-3.65,0.08015442272,6.7329026612,电池,2025-10-23,2024-09-30
600050,中国联通,0.267,290122946680.0,2.9927476628,-5.1741,8338223947.0,10.0,-36.0081,5.231024320591,4.99,1.831753865141,26.0154534968,通信服务,2025-10-23,2024-09-30
301636,泽润新能,2.08,644968551.93,,-3.676,99538524.11,,-48.1291,,,,24.7195872299,光伏设备,2025-10-23,2024-09-30
301632,广东建科,-0.0533,743521888.35,,-31.9177,-16886043.73,,-214.8633,,,,40.7571007819,专业服务,2025-10-23,2024-09-30
301588,美新科技,0.38,644144300.78,7.5117984737,-5.8796,41470283.88,-28.68,-49.2355,7.623468690003,5.26,-0.646255743084,32.9314037589,家居用品,2025-10-23,2024-09-30
301575,艾芬达,1.3277,745563079.33,,6.0523,86297648.9,,81.5501,,,,26.1264429128,家居用品,2025-10-23,2024-09-30
301550,斯菱智驱,0.86,556767021.58,5.05867116,0.261,136838663.95,28.13,-10.7924,15.437925335909,8.29,1.382806823545,32.5913124659,汽车零部件,2025-10-23,2024-09-30
301536,星宸科技,0.48,1812727641.15,22.9547987419,-3.9783,196238173.98,4.51,-15.3219,6.875725623973,7.54,0.886022933905,35.9910974136,半导体,2025-10-23,2024-09-30
301520,万邦医药,1.17,293304171.94,21.8781425888,9.3232,77797479.73,0.63,-10.1845,22.627108459164,5.22,0.493703812731,43.1480216742,医疗服务,2025-10-23,2024-09-30
301517,陕西华达,0.32,487873589.68,-26.3206225703,8.5188,34118072.44,-44.79,-35.5995,12.474246726041,2.55,-0.745658887756,38.6246190665,军工电子Ⅱ,2025-10-23,2024-09-30
301511,德福科技,-0.3238,5341122408.02,7.9925452004,8.9718,-204100262.96,-374.13,-823.4364,6.397693661065,-4.92,-0.244932856857,1.6215946085,电池,2025-10-23,2024-09-30
301501,恒鑫生活,1.4605,1158407734.38,9.705805389,7.5565,162008133.85,1.3612595757,-3.2233,,,,26.947907839,家居用品,2025-10-23,2024-09-30
301498,乖宝宠物,1.18,3671474874.34,17.9647422254,-6.3506,470420815.92,49.64,1.1049,10.205937739826,12.04,0.991284020028,41.9787850973,饲料,2025-10-23,2024-09-30
301458,钧崴电子,0.46,485944544.14,19.0045637463,11.524,91142829.16,43.11,9.285,4.7190797275,10.19,0.55752311525,48.2748878054,元件,2025-10-23,2024-09-30
301386,未来电器,0.4605,382885880.88,-10.3492692502,-5.7339,64476334.23,-12.52,-20.9029,10.395386999714,4.34,0.278532196,27.2122021451,电网设备,2025-10-23,2024-09-30
301373,凌玮科技,0.88,345041116.79,-1.7490798961,10.8706,95430350.55,6.47,8.1927,14.387471373535,6.22,0.93866349382,44.8007226901,化学制品,2025-10-23,2024-09-30
301360,荣旗科技,0.35,228609192.24,2.1269762529,-0.1125,18426521.48,79.97,-76.1234,21.616407282715,1.59,-0.363877588489,44.6733741847,通用设备,2025-10-23,2024-09-30
301345,涛涛车业,2.77,2220207073.66,64.8682653817,-4.7517,301360645.31,47.4,-8.9641,27.642944265525,10.09,2.115039047246,36.3168884392,摩托车及其他,2025-10-23,2024-09-30
301307,美利信,-0.23,2588790928.35,9.6307552488,5.8276,-47934908.91,-134.16,-19.6249,15.136786419468,-1.48,1.428052252327,10.7332511369,通信设备,2025-10-23,2024-09-30
301289,国缆检测,0.6926,218306068.59,12.5837132614,-11.4483,54020095.74,5.53,-23.991,12.293107961282,5.64,1.088437588077,60.9314595692,专业服务,2025-10-23,2024-09-30
301286,侨源股份,0.3216,732456691.45,-2.2163554631,2.4972,128688397.69,-16.32,15.0075,4.329324623369,7.19,0.327988326718,31.1343768788,化学制品,2025-10-23,2024-09-30
301278,快可电子,1.07,743997914.11,-24.8582321194,-31.7362,88995439.61,-39.27,-36.4185,15.049998218892,7.29,1.791974724413,19.2278715689,光伏设备,2025-10-23,2024-09-30
301270,汉仪股份,0.0507,137813733.01,-13.529212923,-2.956,5066531.44,-86.26,-5.1069,10.0236347306,0.49,0.0966009536,79.7277752878,软件开发,2025-10-23,2024-09-30
301252,同星科技,0.87,836531012.71,11.0876671335,-11.6307,100812768.7,2.85,-33.6522,10.274793516983,8.59,-0.193658607672,21.7598482118,家电零部件Ⅱ,2025-10-23,2024-09-30
301251,威尔高,0.35,738690877.26,22.8364372598,17.064,47124203.41,-38.71,-48.5286,11.118462663763,3.19,0.765008055458,20.1891031054,元件,2025-10-23,2024-09-30
301246,宏源药业,0.0906,1322234413.75,-15.1715058846,-10.158,36142245.31,-62.47,-92.7854,10.866969220173,0.83,-0.022597627965,12.5393863029,化学制药,2025-10-23,2024-09-30
301229,纽泰格,0.4163,703267200.5,11.1688441214,12.6427,46472123.82,-10.9,55.0346,7.96948072678,5.01,0.90485941566,24.0161846749,汽车零部件,2025-10-23,2024-09-30
301227,森鹰窗业,-0.3493,377093373.89,-44.4049669305,-6.1817,-32438649.14,-126.91,-1554.1712,17.842740780169,-1.85,0.824409390823,22.5609486325,家居用品,2025-10-23,2024-09-30
301210,金杨精密,0.44,979471545.34,18.9447058114,-3.5206,36601781.44,-27.54,-38.3528,22.353112304041,2.0,0.688322751129,12.4780228217,电池,2025-10-23,2024-09-30
301183,东田微,0.5,413588358.86,83.9075912306,5.4005,40175444.65,379.18,-5.0822,10.485129504625,4.91,-0.561996298,23.3136612248,光学光电子,2025-10-23,2024-09-30
301180,万祥科技,0.05,801500818.29,23.6470249066,17.7819,21507671.2,-34.08,-46.0342,3.354915091473,1.61,0.0291009816,17.7503956295,消费电子,2025-10-23,2024-09-30
301179,泽宇智能,0.33,713170008.28,28.063436848,-55.4382,131585162.86,-3.42,-66.116,6.898722303658,5.6,0.125275328456,32.3691201943,电网设备,2025-10-23,2024-09-30
301176,逸豪新材,-0.09,1029824012.63,8.0694023406,-7.0686,-14193586.39,5.96,-455.3522,9.261097792683,-0.9,-1.013887535797,2.8909587662,元件,2025-10-23,2024-09-30
301118,恒光股份,-0.5039,858005296.62,31.1074840128,-5.4803,-53746708.66,-290.98,-259.3637,12.162921041274,-3.95,-0.674142499659,6.413892866,化学原料,2025-10-23,2024-09-30
301113,雅艺科技,0.06,195797424.72,74.9418997689,28.2788,5593131.26,-74.98,-104.021,10.396518383143,0.77,-0.436445696714,27.7434341119,家居用品,2025-10-23,2024-09-30
301093,华兰股份,0.312,422796240.46,-6.8226994559,-11.537,52237840.44,-41.51,-41.9637,17.228407180117,2.25,0.965590851734,39.1514357601,医疗器械,2025-10-23,2024-09-30
301069,凯盛新材,0.1242,695989904.34,-4.3737368318,-20.9491,52244600.58,-60.9,-106.2327,3.555431495926,3.15,0.109574240303,23.8674352795,化学原料,2025-10-23,2024-09-30
301049,超越科技,-0.3741,226524213.53,21.9418402273,-9.009,-35262377.28,38.85,-109.0746,7.61575463251,-4.8,-0.410803424312,10.0390444031,环境治理,2025-10-23,2024-09-30
301016,雷尔伟,0.21,238456918.22,0.3768528088,-17.2499,46160344.97,20.77,-25.0035,6.556436872692,5.96,0.140790880385,41.6195333693,轨交设备Ⅱ,2025-10-23,2024-09-30
300987,川网传媒,0.06,168132024.14,7.645702376,10.467,10376076.16,-44.75,26.6123,4.565108377613,1.29,0.024524388065,33.3118407909,数字媒体,2025-10-23,2024-09-30
300971,博亚精工,0.31,262687376.8,-11.5888962227,-12.5899,36150634.0,-9.78,-36.5217,11.820790105595,3.63,0.415777404762,44.2576869533,专用设备,2025-10-23,2024-09-30
300952,恒辉安防,0.6488,871619511.92,25.3386428154,29.6338,94066677.1,0.83,67.374,8.112796525728,8.18,-0.003515867202,24.8703169795,服装家纺,2025-10-23,2024-09-30
300950,德固特,0.65,420940907.85,84.0083765802,58.6487,98172253.44,160.15,68.84,4.934191137095,13.76,-0.029867112307,39.7651999339,专用设备,2025-10-23,2024-09-30
300931,通用电梯,0.0348,403326331.23,26.3529438834,-26.8309,8365853.37,56.84,930.2583,2.8729007535,1.2,0.078535033729,28.5990495285,专用设备,2025-10-23,2024-09-30
300929,华骐环保,-0.09,162215284.32,-41.7691555547,-8.8567,-12273044.01,-172.32,57.9578,6.281237728459,-1.47,-0.233932641377,31.204541423,环境治理,2025-10-23,2024-09-30
300927,江天化学,0.2354,521841290.11,-1.4678449301,-6.3701,33988850.08,-37.0,-29.7937,4.857507371433,4.88,0.127395995636,15.4101717695,化学原料,2025-10-23,2024-09-30
300908,仲景食品,1.0213,838620459.45,14.2081402037,13.977,149110621.4,6.57,-1.0176,11.823053914384,8.73,1.286281731027,42.75192648,调味发酵品Ⅱ,2025-10-23,2024-09-30
300886,华业香料,0.239,257091918.27,31.0395594221,-10.3512,17815562.39,2432.89,-48.1852,7.506077116759,3.24,0.114688349272,21.2232200402,化学制品,2025-10-23,2024-09-30
300873,海晨股份,0.9577,1245988764.01,-8.0528040738,6.0234,218142710.92,-11.25,-26.8649,12.764799045327,7.52,1.122069607494,26.7033928997,物流,2025-10-23,2024-09-30
300856,科思股份,1.0838,1857623486.27,4.6919281549,-34.6283,514173097.1,-4.11,-54.0518,7.7155018475,18.64,2.264999046374,45.2868123609,化妆品,2025-10-23,2024-09-30
300847,中船汉光,0.32,871088786.25,14.4405356933,0.1602,95112707.9,31.32,-5.7819,4.674692968852,7.03,0.390337649302,19.9311790624,计算机设备,2025-10-23,2024-09-30
300821,东岳硅材,0.07,4022454638.35,11.4728317077,-2.0588,88590219.26,131.06,20.7621,4.141184862158,1.8,0.161936158967,6.5475897709,化学制品,2025-10-23,2024-09-30
300800,力合科技,0.09,530526334.78,23.1751889613,4.4774,21520566.39,-42.09,1542.1893,8.475718660748,1.06,-0.588617994712,32.8097330026,环保设备Ⅱ,2025-10-23,2024-09-30
300792,壹网壹创,0.4,881225154.89,-1.4316932559,-23.6715,94728269.69,-16.65,-25.6135,12.02400296451,3.32,0.688332881395,27.3463634217,互联网电商,2025-10-23,2024-09-30
300773,拉卡拉,0.66,4391904307.33,-0.8104394282,-5.4379,512842837.72,-17.49,-55.7791,4.42613641449,13.53,0.988246072836,31.1851655608,多元金融,2025-10-23,2024-09-30
300716,*ST泉为,-0.434,205558287.58,-76.918202418,-29.9366,-69443636.36,35.69,19.2338,0.482517932508,-62.04,0.188750934196,-10.2557966201,塑料,2025-10-23,2024-09-30
300686,智动力,-0.3095,1129215017.1,13.987149819,6.6603,-80527730.8,55.16,13.9126,4.195205752495,-6.95,0.103767606676,7.5576509263,消费电子,2025-10-23,2024-09-30
300683,海特生物,-0.3,450991038.16,2.8651838989,8.9235,-39743567.68,-50.32,-172.9558,18.630438665473,-1.62,0.211934669225,45.2383642283,医疗服务,2025-10-23,2024-09-30
300658,延江股份,0.0998,1053011521.44,9.6844429883,10.5254,33217460.29,8.71,-71.0551,4.110701495373,2.42,0.055659188662,18.0417833796,个护用品,2025-10-23,2024-09-30
300642,透景生命,0.1503,320918983.86,-20.006746029,-14.152,24392882.81,-43.16,59.6754,9.252254856638,1.59,0.682176663785,64.9393765689,医疗器械,2025-10-23,2024-09-30
300627,华测导航,0.7159,2267526865.28,24.2247164487,-9.6557,389692869.38,37.84,-6.5614,6.131375105764,11.92,-0.092959073834,59.180664362,通信设备,2025-10-23,2024-09-30
300620,光库科技,0.2253,738946754.08,41.0027742925,21.5679,55808805.54,19.53,6.8019,7.706868522019,3.03,0.592734017056,35.8813042734,通信设备,2025-10-23,2024-09-30
300618,寒锐钴业,0.54,4181210672.84,12.4846697409,29.8464,167165304.66,28.09,225.9807,17.215175994085,3.18,0.556942461089,16.699329088,能源金属,2025-10-23,2024-09-30
300584,海辰药业,0.2343,360497824.16,-4.6171755612,-6.0664,28116806.63,25.4,-70.2909,8.417175727917,2.81,0.36620973125,83.103507445,化学制药,2025-10-23,2024-09-30
300579,数字认证,-0.1005,676990291.1,14.6212910175,12.8918,-27136941.35,-37.74,146.2181,3.320231289778,-3.0,-0.484071586815,49.3466422697,软件开发,2025-10-23,2024-09-30
300578,会畅科技,0.116,341071224.38,0.2865219015,-19.9115,22996847.41,552.2,299.2536,5.921500547033,1.98,0.144543019424,33.4041061679,通信服务,2025-10-23,2024-09-30
300557,理工光科,0.29,412368651.24,2.5695152448,-15.6921,26844610.15,50.28,-36.8512,10.502758564861,2.8,-0.373975151329,32.1671153884,通用设备,2025-10-23,2024-09-30
300547,川环科技,0.6801,936348950.0,25.5127858598,-12.6515,147522409.45,35.69,-9.2444,5.421278567617,13.03,0.642497234127,25.251573414,汽车零部件,2025-10-23,2024-09-30
300546,雄帝科技,0.06,319920349.6,14.7251795957,-6.2865,10741473.95,204.47,-67.0283,5.797443344078,1.01,-0.410394973195,42.7923328232,计算机设备,2025-10-23,2024-09-30
300475,香农芯创,0.8,16510174509.38,116.2571520208,58.1523,364307726.97,68.06,46.206,6.454839229964,12.88,-0.914813017448,5.1933891664,其他电子Ⅱ,2025-10-23,2024-09-30
300466,赛摩智能,-0.0366,360991157.45,-27.2789812147,-25.6853,-19588661.67,-290.33,-297.9703,1.489231989019,-2.43,0.037000981484,38.7704820136,通用设备,2025-10-23,2024-09-30
300455,航天智装,0.0384,714948285.33,-17.5864046698,-12.1333,27587416.54,-14.67,-31.9437,2.521753821893,1.53,-0.027842377386,23.849763889,计算机设备,2025-10-23,2024-09-30
300407,凯发电气,0.21,1421451718.79,12.6468064136,13.1759,66484347.09,-4.36,1.9467,5.620869448684,4.0,0.230054248439,23.0247556961,电网设备,2025-10-23,2024-09-30
300383,光环新网,0.2,5825993740.82,-1.8078370414,-1.5821,361099214.8,1.93,-9.7384,7.052543662692,2.87,0.562401665776,16.531129574,通信服务,2025-10-23,2024-09-30
300345,华民股份,-0.3245,759648370.76,-11.9002464736,20.7631,-187503066.47,-61.87,43.0993,1.21764583625,-24.02,-0.161659210724,-12.3127909096,光伏设备,2025-10-23,2024-09-30
300334,津膜科技,-0.0393,168931536.64,31.222878704,-56.1803,-11883735.6,17.71,-29955.8133,1.838496462004,-2.12,-0.097268495663,28.1391157184,环境治理,2025-10-23,2024-09-30
300326,ST凯利,0.0782,750227553.19,1.8580109048,19.437,56065801.33,-56.59,33.3969,3.994648354079,1.94,0.12659552279,49.0516693922,医疗器械,2025-10-23,2024-09-30
300324,旋极信息,-0.0833,1374785391.46,-18.7840660537,-21.1801,-143908836.05,-8.44,55.9046,1.739478799993,-4.68,-0.091903930416,23.9263959999,计算机设备,2025-10-23,2024-09-30
300321,同大股份,0.1291,276782336.74,15.561812352,-21.532,11464131.61,665.45,-69.8469,7.090207156982,1.84,-0.154019109347,14.0939838031,化学制品,2025-10-23,2024-09-30
300319,麦捷科技,0.2777,2384875545.98,6.1098169473,20.0433,241367603.55,31.14,17.4301,5.005000608758,5.66,0.247764274695,20.8244931153,元件,2025-10-23,2024-09-30
300314,戴维医疗,0.2198,402925721.56,-12.209279603,24.0786,63307872.06,-48.44,99.3336,4.08071900816,5.37,0.048717504653,56.7800997996,医疗器械,2025-10-23,2024-09-30
300293,蓝英装备,-0.0073,968855890.08,-10.8401995696,-24.8716,-2486726.32,44.68,-110.8044,2.719831961298,-0.27,0.12735703278,28.1679428029,专用设备,2025-10-23,2024-09-30
300286,安科瑞,0.75,815754589.12,-6.8070245093,-1.2116,158462723.11,-8.86,4.5446,6.456199074755,11.64,0.803038731907,46.2389146712,电网设备,2025-10-23,2024-09-30
300258,精锻科技,0.2409,1467241293.63,-2.5440594018,-8.5853,116079664.79,-38.28,-51.7155,7.506673391822,3.07,0.734927781498,24.7628086803,汽车零部件,2025-10-23,2024-09-30
300214,日科化学,-0.11,2414682357.16,26.7679086504,20.1044,-52331549.94,-163.55,70.2134,5.280634101735,-2.08,-0.08840250203,4.3367159515,化学制品,2025-10-23,2024-09-30
300210,森远股份,-0.08,97629984.36,-18.5218928139,72.7316,-38249484.07,-7.88,84.7802,0.860557803119,-8.78,0.029888484975,23.4842048376,环保设备Ⅱ,2025-10-23,2024-09-30
300190,维尔利,0.02,1456788913.12,-8.5583742805,-27.0807,13354437.15,-37.14,-649.0761,4.510378815893,0.37,0.266211387625,20.0677390387,环境治理,2025-10-23,2024-09-30
300179,四方达,0.1934,398924438.62,-1.9022915391,2.4334,93972196.29,-14.3,-12.4704,2.455869709859,7.76,0.0795276503,53.4617742943,通用设备,2025-10-23,2024-09-30
300175,朗源股份,-0.0631,161752877.04,13.79168982,40.4975,-29693302.01,-74.39,72.5014,1.201948118713,-6.13,0.110088481712,12.457452627,农产品加工,2025-10-23,2024-09-30
300158,振东制药,0.0392,2269424815.15,-18.4758498835,5.2936,40123303.12,4689.69,25.2777,5.089454652048,0.78,-0.110186628174,50.8672755697,中药Ⅱ,2025-10-23,2024-09-30
300121,阳谷华泰,0.45,2535060712.4,-3.5017020136,-0.5753,184963181.13,-28.67,-19.8216,7.564706005346,5.73,0.513035834623,19.0127108243,橡胶,2025-10-23,2024-09-30
300102,乾照光电,0.05,1879023920.1,2.2624717111,-15.1161,48816012.74,155.95,-71.7502,4.407201795805,1.19,0.291784764312,15.5136207949,光学光电子,2025-10-23,2024-09-30
300092,科新机电,0.5225,1051813335.68,-9.9531572186,-23.3527,143114624.57,5.07,-6.5431,5.86112867446,8.98,0.173673248265,27.7853821849,专用设备,2025-10-23,2024-09-30
300080,易成新能,-0.2776,2668960173.34,-63.201858124,-21.9899,-591733938.26,-693.34,60.3793,2.880366540627,-9.04,0.026573996586,4.6039466639,光伏设备,2025-10-23,2024-09-30
300075,数字政通,0.0332,697670458.81,-34.4463219183,-34.9736,20504107.75,-88.76,-433.5927,6.380564995703,0.51,-0.218880978453,36.5077097695,软件开发,2025-10-23,2024-09-30
300069,金利华电,0.1376,163695503.54,39.2278788897,31.6066,16098637.08,3908.45,6.8832,2.214963120085,6.41,-0.039534839829,30.031135014,电网设备,2025-10-23,2024-09-30
300062,中能电气,-0.01,1000323439.09,-11.5866384663,-59.1109,-4154715.02,-114.83,-322.4557,2.290828208879,-0.31,-0.233804784013,19.2466174926,电网设备,2025-10-23,2024-09-30
300056,中创环保,-0.0285,269120483.11,-18.0436748942,-4.3731,-10975140.59,84.77,2.8475,0.754640731677,-3.36,-0.251901684162,16.6968563042,环境治理,2025-10-23,2024-09-30
300046,台基股份,0.0784,256397499.35,4.3488219851,-8.4281,18550035.05,-50.18,8.0021,4.710935717402,1.68,0.141907750748,30.6314667651,半导体,2025-10-23,2024-09-30
300045,华力创通,-0.0435,446483578.81,6.8620773711,-59.1504,-28794618.66,-533.29,-2196.1432,2.580889915464,-1.67,0.098145773143,35.9021093782,军工电子Ⅱ,2025-10-23,2024-09-30
300033,同花顺,1.21,2334720341.07,-1.5881992716,22.6642,650963893.65,-15.53,11.2131,12.615065523772,9.5,1.218128852827,85.6870943851,软件开发,2025-10-23,2024-09-30
300018,中元股份,0.14,350065171.1,23.1992118205,23.3908,66498879.47,43.97,42.4817,2.655908231339,5.33,0.141228265589,46.4386306182,电网设备,2025-10-23,2024-09-30
200530,冰山B,0.11,3714576184.29,4.5191792621,-3.0209,94574665.85,31.57,-69.9494,3.693583596596,3.08,-0.053706781866,17.0008532952,通用设备,2025-10-23,2024-09-30
200521,虹美菱B,0.5166,22775149971.76,18.8209851929,-13.287,532042735.95,6.35,-55.5228,5.871322486821,8.89,2.673973217201,10.3452050746,白色家电,2025-10-23,2024-09-30
003027,同兴科技,0.15,405683917.12,-23.9345204064,-49.0284,19496918.65,-30.63,-102.0226,12.872598009229,1.15,0.847404488339,19.1296231734,环境治理,2025-10-23,2024-09-30
002987,京北方,0.26,3436354876.49,10.047531125,5.6635,225553546.61,-9.34,47.9413,4.382239237575,8.57,-1.08422120013,22.6124980405,软件开发,2025-10-23,2024-09-30
002970,锐明技术,1.27,1918038587.81,55.1686660352,17.7759,220300402.27,170.8,36.9895,9.274752196472,14.82,1.510520620985,37.7744098557,计算机设备,2025-10-23,2024-09-30
002942,新农股份,0.48,755294006.3,14.1838348588,-17.3785,74391859.36,236.47,-83.8711,7.536623866154,6.39,1.04081652859,29.3862406465,农化制品,2025-10-23,2024-09-30
002827,高争民爆,0.4017,1172167117.41,1.3742267061,-3.597,110873515.44,33.47,21.4075,3.216191877464,12.95,0.091106475435,26.9081132575,化学制品,2025-10-23,2024-09-30
002771,真视通,-0.11,243016110.06,10.0058301348,-17.3273,-23062619.7,63.06,55.4838,3.077321343261,-3.36,-0.442479123978,13.263554059,IT服务Ⅱ,2025-10-23,2024-09-30
002652,扬子新材,0.0236,267571174.61,-19.8209722937,-16.1198,12104295.81,171.72,-118.6664,0.530130041225,4.56,0.114762023595,6.4805708221,装修建材,2025-10-23,2024-09-30
002625,光启技术,0.25,1269218700.51,3.6745001487,-21.4218,537050107.71,20.05,-22.1057,4.079912317486,5.95,0.045749436548,53.6196866786,航空装备Ⅱ,2025-10-23,2024-09-30
002611,东方精工,0.27,3305840317.6,-0.6139651224,-6.6387,330043615.16,21.4,39.3542,3.966173262347,7.06,0.148110727997,30.7180999997,专用设备,2025-10-23,2024-09-30
002484,江海股份,0.5852,3538905541.67,-6.3334782794,-10.4809,494371636.79,-9.71,-30.1971,6.714276068944,8.66,0.487115254067,25.0476589751,元件,2025-10-23,2024-09-30
002429,兆驰股份,0.3032,16162431171.52,27.3921807058,22.6944,1372694231.78,7.93,-6.9075,3.468849938419,8.95,0.053542574728,16.3203484988,黑色家电,2025-10-23,2024-09-30
002407,多氟多,0.013,6919059815.89,-21.2463702146,-8.592,15372847.38,-94.6,-247.4732,7.452020168981,0.17,-0.570354449308,8.1587592468,化学制品,2025-10-23,2024-09-30
002402,和而泰,0.3814,7040064327.96,28.2993193379,-4.455,355365706.04,6.29,55.1944,5.010499726919,7.74,0.352991247841,18.1101918617,家电零部件Ⅱ,2025-10-23,2024-09-30
002385,大北农,0.03,20141943119.96,-15.8347529308,10.3275,133465797.35,114.69,440.3099,1.970558362497,1.66,0.303084054849,14.0871568629,饲料,2025-10-23,2024-09-30
002373,千方科技,0.01,5408268340.89,2.9845487022,-7.3488,15758481.54,-95.13,-94.9725,7.910111318429,0.13,-0.35141797089,30.7942291542,IT服务Ⅱ,2025-10-23,2024-09-30
002208,合肥城建,0.1097,5433199028.2,30.0846800401,326.3084,88109089.99,-67.11,0.0359,8.232113914161,1.33,-0.646516973766,19.6232464811,房地产开发,2025-10-23,2024-09-30
002112,三变科技,0.3,1490630424.25,54.0328230234,21.9545,78489015.39,132.18,0.9714,2.323424759081,13.55,-0.269802623741,19.1076854575,电网设备,2025-10-23,2024-09-30
002008,大族激光,1.36,10128953807.4,7.8997875418,2.0048,1426090149.23,124.21,-14.7303,15.100202125066,9.25,0.081026775316,32.3302829525,自动化设备,2025-10-23,2024-09-30
001296,长江材料,0.6206,712738669.34,8.8746369681,-8.4276,92671733.28,0.79,-45.3845,11.573890316566,5.39,0.660299684835,25.6915001581,非金属材料Ⅱ,2025-10-23,2024-09-30
001270,铖昌科技,-0.155,100432357.94,-41.216628442,-45.0201,-31532277.6,-160.19,22.7071,6.570084798752,-2.29,-0.513538602468,52.0363517017,军工电子Ⅱ,2025-10-23,2024-09-30
000852,石化机械,0.0898,5643816267.23,-7.8811952954,-20.5711,84505316.35,-3.81,-53.4111,3.228562952253,2.79,-0.83479398945,15.60479234,专用设备,2025-10-23,2024-09-30
000848,承德露露,0.4,2159223342.98,6.0955393621,28.8995,419082618.57,-5.49,166.0952,3.025225664273,13.24,0.095501511203,41.524398541,饮料乳品,2025-10-23,2024-09-30
000837,秦川机床,0.0556,2885868287.49,2.0075807617,-16.889,56176420.74,-34.31,-26.551,4.759370392911,1.17,-0.022966351829,16.2102093542,通用设备,2025-10-23,2024-09-30
000554,泰山石油,0.1109,2537147488.16,-5.7867329129,1.624,53312587.87,127.91,0.004,2.072749969271,5.5,0.85643180561,11.1348152951,炼化及贸易,2025-10-23,2024-09-30
000530,冰山冷热,0.11,3714576184.29,4.5191792621,-3.0209,94574665.85,31.57,-69.9494,3.693583596596,3.08,-0.053706781866,17.0008532952,通用设备,2025-10-23,2024-09-30
000521,长虹美菱,0.5166,22775149971.76,18.8209851929,-13.287,532042735.95,6.35,-55.5228,5.871322486821,8.89,2.673973217201,10.3452050746,白色家电,2025-10-23,2024-09-30
000506,招金黄金,-0.1,154881863.1,-29.1185488219,14.5618,-90084379.45,-277.8,-40.4107,0.628701263473,-14.33,-0.006794152905,7.4554917334,贵金属,2025-10-23,2024-09-30
000404,长虹华意,0.5401,9686981934.75,-9.6885121454,-12.7635,375936414.2,36.68,1.4983,5.741066983104,9.62,1.232452482746,12.1496052098,家电零部件Ⅱ,2025-10-23,2024-09-30
920992,中科美菱,0.1219,214206117.02,-5.0866026025,-13.4221,11790374.41,-4.23,-76.6658,6.254208395321,1.95,0.04036889771,37.4756254615,医疗器械,2025-10-22,2024-09-30
920037,广信科技,1.14,414773089.33,43.5954608455,6.0122,78134584.74,189.5829257587,-11.1723,6.943700042072,17.91,0.862894670206,32.6956593662,电网设备,2025-10-22,2024-09-30
900909,华谊B股,0.32,37935916407.43,20.9828141574,-0.9812,689022667.07,-9.07,-27.589,10.6081736116,2.6,0.607511617138,8.7211752877,化学原料,2025-10-22,2024-09-30
832944,银信农贷,0.1,28399524.98,13.5610628424,-0.1676,16353757.23,12.96,40.808,1.21772245466,8.62,-0.058718410472,,,2025-10-22,2024-09-30
831668,天元小贷,0.07,18090594.86,-21.9694725594,-18.7801,10732681.53,-26.91,-19.6881,1.445280445,4.88,0.367628522867,,,2025-10-22,2024-09-30
688334,西高院,0.5144,565786465.77,5.4985148153,56.7126,162857549.03,11.11,20.0716,8.828235135693,5.31,0.986820431051,51.614569992,专业服务,2025-10-22,2024-09-30
688182,灿勤科技,0.13,269064546.32,2.4288150473,-23.8246,50041906.7,68.23,-18.9798,5.421138375675,2.33,0.284269051875,30.9922177747,通信设备,2025-10-22,2024-09-30
605218,伟时电子,0.1488,1470094082.41,30.8054169546,20.4547,31378859.62,-52.31,48.1984,5.9988472828,2.3968,0.279048001898,12.9804750494,光学光电子,2025-10-22,2024-09-30
603848,好太太,0.47,1068910245.37,-4.2196963643,-15.231,190433116.88,-20.1,-46.7197,5.883760521112,8.1,0.226181993367,51.6591415876,家居用品,2025-10-22,2024-09-30
603223,恒通股份,0.14,1729635845.37,-41.6674907528,-4.6187,98654548.12,0.39,-37.6937,5.25360018458,2.64,0.029432656064,9.9239800707,炼化及贸易,2025-10-22,2024-09-30
603138,海量数据,-0.154,266873810.04,63.2611739595,-54.7057,-43589790.77,48.9294815122,-10.697,2.806131365555,-5.78,-0.039630739202,38.5049130466,IT服务Ⅱ,2025-10-22,2024-09-30
601798,蓝科高新,-0.058,498978392.0,-38.8942055429,-35.9436,-20697939.6,60.7258903861,-289.2837,3.684287893202,-1.6,0.337327710362,15.2647278081,专用设备,2025-10-22,2024-09-30
601728,中国电信,0.32,391968018864.41,2.8510588697,-4.1708,29298664914.98,8.1,-43.3448,4.900725010332,6.48,1.064532114993,29.9910143659,通信服务,2025-10-22,2024-09-30
601179,中国西电,0.1535,15245043482.06,6.2062384598,-12.9183,786758641.76,45.33,34.2355,4.269463548439,3.61,0.273813795034,20.4787730008,电网设备,2025-10-22,2024-09-30
600976,健民集团,2.1,2881317090.47,-7.579569126,-16.1383,321615639.73,-22.53,-41.1743,15.605483818562,13.93,0.689584181538,42.9977092236,中药Ⅱ,2025-10-22,2024-09-30
600968,海油发展,0.2645,33674122916.23,6.5858543798,-3.0826,2688392123.51,25.31,-3.9228,2.574727892783,10.5,0.163119875939,14.6122803807,油服工程,2025-10-22,2024-09-30
600623,华谊集团,0.32,37935916407.43,20.9828141574,-0.9812,689022667.07,-9.07,-27.589,10.6081736116,2.6,0.607511617138,8.7211752877,化学原料,2025-10-22,2024-09-30
600511,国药股份,1.9632,38028539709.49,4.1031661724,5.0472,1481271832.85,1.3,-11.144,22.012173311099,9.17,-1.364931133236,7.0178409037,医药商业,2025-10-22,2024-09-30
600386,北巴传媒,0.03,3108359705.61,-11.0955951524,15.4484,25029176.84,106.18,-10.6932,2.208392222991,1.4,0.283940048834,17.3160594547,汽车服务,2025-10-22,2024-09-30
600312,平高电气,0.6316,7885452176.8,5.8822061129,-5.178,857002769.04,55.13,6.4861,7.677566438328,8.3196,0.665132341797,24.1305834486,电网设备,2025-10-22,2024-09-30
600228,返利科技,-0.0056,192749476.07,-0.0718904371,-22.8087,-3283561.43,74.179914358,-211.7444,1.202074879965,-0.24,-0.011728509079,48.2809473973,数字媒体,2025-10-22,2024-09-30
600176,中国巨石,0.383,11632158703.43,1.8089158003,-10.6356,1533153975.48,-42.66,-6.3893,7.248846330932,5.3,0.267711213368,23.7372946032,玻璃玻纤,2025-10-22,2024-09-30
600048,保利发展,0.66,182774387215.01,-5.0793677273,-51.3689,7812547489.31,-41.23,-92.4432,16.344231297915,3.9,-1.335103160021,15.9156980609,房地产开发,2025-10-22,2024-09-30
301567,贝隆精密,0.37,297379063.64,10.3864405783,0.9091,26018544.71,-39.02,-10.5643,10.155580530556,3.77,0.815308084861,24.4889908821,消费电子,2025-10-22,2024-09-30
301535,浙江华远,0.1689,455947969.31,20.7121051284,11.79,61060773.09,4.0237092859,5.9392,,,,31.2636138978,汽车零部件,2025-10-22,2024-09-30
301488,豪恩汽电,0.7466,954120069.04,13.9721823807,17.2157,68683038.13,1.32,-20.1741,13.884741509891,5.39,-0.537704995326,20.6793008493,汽车零部件,2025-10-22,2024-09-30
301479,弘景光电,1.89,789662698.0,33.5466309804,34.2526,126186798.01,40.2672448498,53.5683,,25.92,,31.1540012303,光学光电子,2025-10-22,2024-09-30
301363,美好医疗,0.45,1156571221.99,10.8571519073,5.9363,257849211.82,-14.07,-20.211,8.331562071731,7.86,0.741988169429,41.7849428726,医疗器械,2025-10-22,2024-09-30
301277,新天地,0.3617,537242463.75,9.61992722,-33.7923,141810203.87,3.75,-45.4707,5.39329556553,9.33,0.341382903919,41.0122035518,化学制药,2025-10-22,2024-09-30
301256,华融化学,0.1333,823245113.03,9.8532328574,11.138,63989534.39,-38.65,-11.6736,3.529877984667,3.73,-0.032055665833,17.0616644614,化学原料,2025-10-22,2024-09-30
301232,飞沃科技,-0.97,1205238830.67,-0.5560755096,39.1262,-72699616.37,-228.11,1.3569,19.366929973195,-4.85,-1.405075655235,8.234536815,风电设备,2025-10-22,2024-09-30
301165,锐捷网络,0.5176,8376873948.6,5.3575028542,15.07,411739866.16,47.73,70.2984,7.744948180742,9.44,-0.432541451687,35.2643311588,通信设备,2025-10-22,2024-09-30
301138,华研精机,0.4498,387344459.6,22.8184314291,33.3261,53984918.58,7.94,3.8416,8.916107520083,4.89,0.10154097,39.3594979175,专用设备,2025-10-22,2024-09-30
301051,信濠光电,-1.0247,1234293774.53,1.1093562877,18.6432,-206709342.24,-863.84,10.2244,14.641882199489,-8.05,0.664217176318,11.0560856974,消费电子,2025-10-22,2024-09-30
301036,双乐股份,0.97,1167650779.35,10.6281766883,-22.5807,97039268.2,332.61,-37.1118,16.3669026268,6.03,1.3966090432,16.8242641048,化学制品,2025-10-22,2024-09-30
301020,密封科技,0.45,393250462.07,7.1610528314,-4.7374,66215751.51,23.25,-14.6564,6.287128101639,7.16,0.354556047814,28.2567144245,汽车零部件,2025-10-22,2024-09-30
300972,万辰集团,0.5001,20613100328.64,320.6337012135,59.3775,84065218.45,248.64,1667.4213,5.086658474261,9.99,5.418176515453,10.4229871778,休闲食品,2025-10-22,2024-09-30
300876,蒙泰高新,-0.3074,342698202.2,4.0987954989,-4.5405,-29514654.86,-214.47,-63.9358,8.099566875835,-3.63,-0.527348830506,9.1247268557,化学纤维,2025-10-22,2024-09-30
300859,西域旅游,0.74,269777513.85,0.4594456594,90.2114,115314040.08,-7.53,107.8458,5.073161488839,15.28,0.864931559355,65.2196739895,旅游及景区,2025-10-22,2024-09-30
300858,科拓生物,0.27,218714979.06,0.8149930544,2.0738,71190924.7,-1.13,10.7102,6.697154753964,4.06,0.40857225628,54.1426003143,化学制品,2025-10-22,2024-09-30
300850,新强联,-0.1,1965170314.27,-6.05973035,48.6321,-36088189.41,-110.63,232.0178,13.493893394096,-0.72,1.071874134858,16.4145351844,风电设备,2025-10-22,2024-09-30
300828,锐新科技,0.23,435848345.84,-13.7730349562,-4.8297,37831324.88,-36.65,-16.2945,4.679196829013,4.81,0.495161086541,18.5503483199,通用设备,2025-10-22,2024-09-30
300811,铂科新材,1.0244,1226822596.89,43.6346472718,-6.5754,286481577.29,51.69,-10.9369,7.815747705838,14.03,0.596402845769,40.6348697223,金属新材料,2025-10-22,2024-09-30
300758,七彩化学,0.3,1154203999.59,29.7837113982,-0.1712,120229218.98,3199.62,16.2733,4.207660727947,7.22,0.285971371919,31.9023128044,化学制品,2025-10-22,2024-09-30
300717,华信新材,0.33,228083890.39,-3.5490914773,-11.4177,34425892.09,15.06,-55.2935,6.690671048991,5.05,0.138306927949,31.7701411643,塑料,2025-10-22,2024-09-30
300688,创业黑马,-0.26,158857960.46,-11.3344576822,14.0639,-43160468.37,-189.25,60.7907,2.901703120701,-8.31,-0.176826420833,53.4632355244,教育,2025-10-22,2024-09-30
300681,英搏尔,0.2,1607186712.77,27.5110583481,6.2162,51136387.77,18.74,-37.4458,7.565185737821,2.74,2.782472024238,14.9487510487,汽车零部件,2025-10-22,2024-09-30
300679,电连技术,1.08,3332731161.62,51.1641870966,7.6582,458591163.49,85.36,3.6016,11.228612691468,8.64,1.1702486115,33.7645051341,消费电子,2025-10-22,2024-09-30
300600,国瑞科技,-0.0806,180746834.88,27.5324674301,-19.7905,-23709323.33,18.35,1.5431,3.137760792651,-2.54,-0.042735986958,26.4911942673,航海装备Ⅱ,2025-10-22,2024-09-30
300580,贝斯特,0.4504,1042262348.48,3.5197664945,-2.6292,224817004.64,7.08,8.8602,6.040976822275,7.6,0.598503607601,34.9244168717,汽车零部件,2025-10-22,2024-09-30
300498,温氏股份,0.97,75849412675.08,17.2262437748,12.2379,6432470582.03,241.47,96.646,5.784873939731,17.77,1.889936586738,16.4725184008,养殖业,2025-10-22,2024-09-30
300389,艾比森,0.3221,2717981154.19,7.1146858167,-1.4872,117703339.34,-46.36,62.6775,4.192811847343,8.07,-0.303398253104,27.2821331578,光学光电子,2025-10-22,2024-09-30
300354,东华测试,0.7161,354181217.45,15.8838204619,-54.3495,99044982.63,20.3,-47.3334,5.308890255227,13.88,-0.132952864347,66.5488234771,通用设备,2025-10-22,2024-09-30
300342,天银机电,0.1301,751493916.1,5.4641643402,-22.9868,55281221.88,29.0,-25.8161,3.614096722828,3.56,0.056340965999,25.467261846,家电零部件Ⅱ,2025-10-22,2024-09-30
300200,高盟新材,0.26,898436522.71,15.8682473069,-7.4835,110517014.42,9.63,-19.3718,3.708190015808,7.13,0.000668777075,28.0902123579,化学制品,2025-10-22,2024-09-30
300135,宝利国际,0.0076,1677567963.47,11.9608878977,-28.1638,6974636.74,175.72,-152.3902,1.02555541403,0.73,0.149775569119,2.6595937751,炼化及贸易,2025-10-22,2024-09-30
300019,硅宝科技,0.405,2132592720.65,11.5104463047,42.4242,158365912.29,-29.15,-7.9752,6.362971508689,6.46,0.200781528055,20.6370846528,化学制品,2025-10-22,2024-09-30
300006,莱美药业,-0.025,605644339.58,-6.0661265767,11.5986,-26416692.1,51.5412761725,-569.9757,1.946768196934,-1.28,0.17165452202,63.4005921935,化学制药,2025-10-22,2024-09-30
200550,江铃B,1.35,27730616481.0,17.9617374338,-1.3546,1166091015.0,15.52,-34.4951,12.660793454462,10.86,1.999937039946,13.8604541866,商用车,2025-10-22,2024-09-30
003008,开普检测,0.54,162525803.28,23.3971538168,-13.453,55977557.53,19.6,-36.4532,10.227279946346,5.18,0.686442722788,68.8770990888,专业服务,2025-10-22,2024-09-30
003006,百亚股份,0.56,2324984062.0,57.5060815767,3.3406,238520684.0,30.77,-23.7039,3.25872966297,17.26,0.517310938964,54.8788772299,个护用品,2025-10-22,2024-09-30
002967,广电计量,0.33,2159731675.47,10.0146136607,7.9445,188769630.0,42.18,38.95,6.339420158425,5.19,0.578259732192,44.5394703854,专业服务,2025-10-22,2024-09-30
002588,史丹利,0.5758,7878606590.93,3.6426389578,-27.5237,664253205.01,14.61,-43.385,5.770634646914,10.44,0.700735126978,18.2026829262,农化制品,2025-10-22,2024-09-30
002546,新联电子,0.123,552297619.67,22.5555278654,13.8275,102593198.73,-8.87,685.3267,3.778908971421,3.24,0.242944967786,36.0000582311,电网设备,2025-10-22,2024-09-30
002536,飞龙股份,0.46,3495614625.81,14.045747776,0.2059,266643444.19,18.74,27.8324,5.791483302074,8.07,0.83398093227,21.1791205227,汽车零部件,2025-10-22,2024-09-30
002420,毅昌科技,0.1798,1842416546.78,4.7259049146,2.5335,71635165.39,277.91,-92.4276,1.260086748101,13.25,-0.128584943745,11.7892144048,综合Ⅱ,2025-10-22,2024-09-30
002396,星网锐捷,0.4505,11886684325.37,7.5492505282,10.3024,262782172.4,-13.22,21.1318,11.144303100549,4.04,-1.070904474638,32.1736562777,通信设备,2025-10-22,2024-09-30
002384,东山精密,0.62,26466296272.31,17.6245631477,10.7379,1067354218.05,-19.91,86.8198,11.028823761865,5.77,1.675496643989,13.6546438944,元件,2025-10-22,2024-09-30
002343,慈文传媒,0.024,52565145.85,-88.1293200422,-93.5671,11408919.0,-52.54,-115.3308,2.059803692217,1.17,-0.317563585419,53.3198307296,影视院线,2025-10-22,2024-09-30
002334,英威腾,0.1902,3143166566.56,-4.8140202537,-11.5509,152828001.41,-49.2,-28.4279,3.417642241119,5.55,0.252164756322,30.5093389721,自动化设备,2025-10-22,2024-09-30
002302,西部建设,-0.0111,15016589547.2,-8.1088726126,-12.5088,9688923.09,-97.27,-96.6143,7.265471578794,-0.15,-0.754126172496,8.4519231129,水泥,2025-10-22,2024-09-30
002299,圣农发展,0.309,13762170767.34,-1.1822267316,6.5484,382714503.74,-48.25,71.1573,8.318642268538,3.72,1.80264519885,10.31174616,养殖业,2025-10-22,2024-09-30
002204,大连重工,0.206,10155484256.44,10.0605055486,-17.4982,395077061.12,25.33,-8.0565,3.747098835849,5.56,0.065662500007,17.5472160483,专用设备,2025-10-22,2024-09-30
002186,全聚德,0.2295,1084374327.94,-0.5177614837,20.6931,70451607.46,-1.8,193.0887,2.85141596638,8.39,0.424457150209,20.0648169395,酒店餐饮,2025-10-22,2024-09-30
002148,北纬科技,0.0242,205908189.11,6.4316675308,9.6062,13561383.65,-2.41,-64.9182,2.167894646417,1.11,0.003488443851,41.1329620575,通信服务,2025-10-22,2024-09-30
002137,实益达,0.0467,452088323.16,0.4140872918,-15.1952,26972368.19,-21.91,-80.3847,2.665988802252,1.77,0.107178311855,22.0737564847,光学光电子,2025-10-22,2024-09-30
002136,安纳达,0.1899,1394167436.6,-14.8472295885,-18.8791,40827076.02,-54.68,-116.468,5.598400583016,3.42,-0.653862155241,5.5786882134,化学原料,2025-10-22,2024-09-30
002080,中材科技,0.3625,16810682779.21,-8.2003744529,2.6281,608365138.09,-64.36,-42.1637,10.860789577766,3.29,1.128700094671,17.8110324909,玻璃玻纤,2025-10-22,2024-09-30
001367,海森药业,0.58,320044589.93,13.0214011659,15.3606,86950138.58,20.89,17.2537,12.946805774344,6.81,1.198030852643,41.3690311994,化学制药,2025-10-22,2024-09-30
001339,智微智能,0.33,2781257744.22,0.06407955,12.0698,82200965.84,162.37,-41.006,8.099797265194,4.12,3.681499597675,17.663667306,计算机设备,2025-10-22,2024-09-30
000795,英洛华,0.187,3025625713.42,7.4989728223,-14.0672,207325270.37,150.93,-21.8498,2.37400378106,7.54,0.391591331488,19.4891968939,金属新材料,2025-10-22,2024-09-30
000739,普洛药业,0.7466,9290220207.76,9.2956085674,-11.4268,869652417.71,2.15,-35.7669,5.627055157109,13.52,0.996908929885,24.2300337585,化学制药,2025-10-22,2024-09-30
000550,江铃汽车,1.35,27730616481.0,17.9617374338,-1.3546,1166091015.0,15.52,-34.4951,12.660793454462,10.86,1.999937039946,13.8604541866,商用车,2025-10-22,2024-09-30
920703,广厦环能,0.81,413092294.1,-11.3535256115,-62.7288,122197050.35,-4.34,-51.7766,9.737110835036,12.15,0.46052427206,45.4120331241,专用设备,2025-10-21,2024-09-30
920407,驰诚股份,0.2,137590629.44,9.8146462438,-4.8578,17385026.09,90.69,-1.6244,3.970611234318,6.67,-0.016885317905,45.7691231127,通用设备,2025-10-21,2024-09-30
920020,泰凯英,0.6649,1695166151.63,8.7626059229,-1.4693,117694173.22,0.941559489,-23.472,,19.89,,18.9066071501,工程机械,2025-10-21,2024-09-30
833370,运鹏股份,0.28,249152949.09,,,11759969.61,,,,7.72,0.419787063529,5.3273345383,,2025-10-21,2024-09-30
688668,鼎通科技,0.565,703064325.83,43.2409465269,-2.8359,78340997.88,47.72,-6.54,12.765358639422,4.42,0.455382185795,28.3861253754,通信设备,2025-10-21,2024-09-30
688499,利元亨,-3.82,2322561194.21,-45.1658096937,-57.0231,-519884603.18,-3328.84,-2405.432,14.105679026944,-26.77,2.040066292789,21.0542510578,电池,2025-10-21,2024-09-30
688458,美芯晟,-0.29,287829328.38,-8.0760781262,-5.0142,-32249296.24,-637.48,-488.6716,17.501156726818,-1.67,-0.453818152241,23.2486576322,半导体,2025-10-21,2024-09-30
688152,麒麟信安,-0.22,149935526.0,82.0706583686,33.6616,-22935516.31,39.4858641995,-15.3854,15.329041380687,-1.83,-0.414472775177,69.7159862967,软件开发,2025-10-21,2024-09-30
688148,芳源股份,-0.23,1415347195.01,-25.5134821618,-39.409,-118684730.59,-43.2176265987,28.3201,1.383938075028,-12.47,-0.054864945582,3.8177507753,电池,2025-10-21,2024-09-30
605020,永和股份,0.39,3378729174.79,4.6385353585,3.3742,146462270.14,-9.63,-55.2338,6.708646618087,5.4,0.707134643948,16.7946637432,化学制品,2025-10-21,2024-09-30
603950,长源东谷,0.48,1269935101.4,19.6972695729,37.5459,155072995.34,-22.24,23.3765,8.04709522017,6.08,1.030490859184,22.6101526845,汽车零部件,2025-10-21,2024-09-30
603897,长城科技,0.91,9507302460.12,16.007380669,-13.4197,188871550.28,73.0,23.784,12.160508687885,6.58,-1.208862758323,4.1825076636,电网设备,2025-10-21,2024-09-30
603530,神马电力,0.51,895405866.7,33.1030834034,7.3655,215600963.58,125.03,-3.6789,3.882285088621,13.14,0.202109820827,44.4299694357,电网设备,2025-10-21,2024-09-30
603429,*ST集友,-0.11,406615982.4,-19.6167645255,27.974,-53934460.47,-144.01,123.0888,2.432562030732,-3.73,-0.133891771243,36.5958741247,包装印刷,2025-10-21,2024-09-30
603309,维力医疗,0.57,1060429057.46,8.5262373513,4.662,166726371.77,15.85,8.7373,6.267644482377,9.08,0.408999403698,44.798032135,医疗器械,2025-10-21,2024-09-30
603227,雪峰科技,0.562,4560351769.09,-15.3877951548,6.24,601857694.51,-18.33,-21.1821,4.521256671734,12.78,0.503572643333,25.3512390613,化学制品,2025-10-21,2024-09-30
603206,嘉环科技,0.25,3103009364.1,12.8384230779,-10.6496,75329113.27,-31.96,-61.0305,7.271125723504,3.4,-4.006817938473,13.1117621177,通信服务,2025-10-21,2024-09-30
603193,润本股份,0.64,1037514293.85,25.9845295986,-49.1658,260884103.81,44.35,-44.0647,5.044848412992,12.91,0.443964587611,58.3347197564,个护用品,2025-10-21,2024-09-30
603071,物产环能,0.96,30953828498.62,-5.5200902306,16.4541,532982105.32,-35.72,44.1336,9.519032560547,10.05,-0.631712263346,4.5738031864,贸易Ⅱ,2025-10-21,2024-09-30
603049,中策橡胶,4.08,29293309151.18,9.3852149449,14.2852,3214252462.47,33.827250437,-39.5374,,,,21.380532374,汽车零部件,2025-10-21,2024-09-30
600941,中国移动,5.18,791458000000.0,2.0498736397,-13.5399,110881000000.0,5.1,-39.358,61.724795296402,8.3,10.436595592222,30.8125004738,通信服务,2025-10-21,2024-09-30
600829,人民同泰,0.3552,7678084114.44,-1.8771283187,12.7775,206004258.18,-14.36,24.543,4.95603382858,7.32,-0.419557081996,8.8708286542,医药商业,2025-10-21,2024-09-30
600674,川投能源,0.9133,1086553082.31,6.4837036974,39.766,4421925308.59,15.1,105.946,8.629840883448,10.89,0.134574483423,52.649135414,电力,2025-10-21,2024-09-30
600509,天富能源,0.3645,6744841673.91,5.9505051294,-3.2325,493878747.35,20.9,8.8125,5.584420388473,6.44,0.529958936867,19.3020973062,电力,2025-10-21,2024-09-30
600495,晋西车轴,0.005,872962348.02,7.6015833332,140.4449,6008907.32,173.73,583.7493,2.682575416059,0.19,-0.124691615129,9.4748780285,轨交设备Ⅱ,2025-10-21,2024-09-30
600449,宁夏建材,0.36,6772632934.84,-9.5543528181,-9.5058,170836448.59,-41.41,74.1061,15.073694255449,2.38,0.640305460081,6.5622494506,水泥,2025-10-21,2024-09-30
600381,*ST春天,-0.155,198034675.41,23.2228268323,10.7059,-90451751.65,-28.6082346112,7.229,1.943353206104,-7.52,0.033142689404,40.9844197497,食品加工,2025-10-21,2024-09-30
600105,永鼎股份,0.041,2972593105.99,0.9207628813,14.5105,57303638.41,-34.14,553.9248,2.007884974214,1.98,-0.351712942907,17.960257805,通信设备,2025-10-21,2024-09-30
301200,大族数控,0.48,2343584618.67,105.5453275269,-4.254,203028974.15,27.35,-24.8789,11.893003523619,4.2,-0.239746508571,26.9002441319,专用设备,2025-10-21,2024-09-30
301076,新瀚新材,0.24,305498137.52,-7.4676062464,-8.8108,41781840.06,-40.41,-32.0981,8.441000530463,3.72,0.842148041465,24.613889741,化学制品,2025-10-21,2024-09-30
301070,开勒股份,0.0924,278309459.19,-8.3817639879,-6.4568,8345584.07,-80.25,-55.0825,12.480936066033,1.02,-0.418166877959,35.9645123063,通用设备,2025-10-21,2024-09-30
301026,浩通科技,0.6277,2376394795.94,32.3003048555,-54.3865,98966507.1,-4.0,-59.307,13.139894690207,6.68,3.669204033299,6.1663146957,小金属,2025-10-21,2024-09-30
300980,祥源新材,0.19,332419026.59,24.1496235173,12.1447,20901876.2,-36.59,84.1688,8.430787660719,2.07,0.072997952715,31.8628468282,塑料,2025-10-21,2024-09-30
300946,恒而达,0.51,441094240.64,8.4963871229,-6.3585,79006329.29,9.53,-13.8232,9.761854489276,6.89,-0.099752191974,31.354270042,通用设备,2025-10-21,2024-09-30
300802,矩子科技,0.22,506939198.87,10.9742791686,25.097,61645483.98,-5.5,17.9359,5.651987796287,3.73,0.231231563306,30.3990334982,自动化设备,2025-10-21,2024-09-30
300801,泰和科技,0.3962,1658613818.56,1.2526316454,-0.0741,83749098.13,-27.61,138.3159,10.923894927254,3.55,0.944226528453,14.0351814126,化学制品,2025-10-21,2024-09-30
300750,宁德时代,8.19,259044749000.0,-12.0920435926,6.0714,36001074000.0,15.59,6.3215,53.824627659235,17.73,15.319819586255,24.9733531561,电池,2025-10-21,2024-09-30
300748,金力永磁,0.15,5014084259.25,-0.7190164227,-9.4633,196883689.13,-60.17,329.2918,5.010730548411,2.82,0.153930542342,10.0298407948,金属新材料,2025-10-21,2024-09-30
300690,双一科技,0.39,632444701.97,21.907451483,15.9148,64166948.7,-7.54,98.1911,8.769423341981,4.46,0.661637931422,24.3701863119,风电设备,2025-10-21,2024-09-30
300680,隆盛科技,0.6649,1643176200.63,38.4702577793,17.862,153602822.02,58.22,-0.6775,7.96728239774,8.49,0.55347484315,17.9959369328,汽车零部件,2025-10-21,2024-09-30
300596,利安隆,1.3673,4265122404.12,10.574681714,-1.3988,313951598.45,10.95,-16.9451,18.944004369016,7.36,1.25223253908,21.1340335564,化学制品,2025-10-21,2024-09-30
300505,川金诺,0.4018,2200104823.51,14.9011741202,6.9798,110452127.31,202.18,-5.1254,9.022971218757,4.5,0.404138267728,11.9523535179,农化制品,2025-10-21,2024-09-30
300452,山河药辅,0.52,644353357.35,0.6243942502,-8.3907,122425859.03,-0.89,-41.1766,3.728290992148,13.81,0.105323441211,32.1897567606,化学制药,2025-10-21,2024-09-30
300240,飞力达,0.06,4999829074.24,41.7361788657,-1.0021,22261977.04,-46.6,-96.3788,3.867673735117,1.53,0.225519610128,6.4497260887,物流,2025-10-21,2024-09-30
300221,银禧科技,0.0857,1415545968.59,17.2524666042,12.645,39148494.69,46.66,-45.8369,2.777587594348,2.98,-0.06180742987,16.6884910651,塑料,2025-10-21,2024-09-30
300205,*ST天喻,-0.2628,778394726.18,-39.0776643804,-34.0798,-113004302.27,-409.83,-76.2129,3.158054888666,-7.95,-0.518484444956,24.8310600636,通信设备,2025-10-21,2024-09-30
300172,中电环保,0.1249,601150250.15,-22.2508815773,66.1486,84525478.37,-16.61,54.627,2.799349205243,4.54,0.218649816288,27.726098861,环境治理,2025-10-21,2024-09-30
003017,大洋生物,0.6192,671793437.23,-6.008950367,-3.2181,51265777.4,27.6,36.5844,12.238956158333,5.13,0.637474294881,19.0491748323,化学原料,2025-10-21,2024-09-30
003015,日久光电,0.21,443455779.09,24.7519416283,2.1168,56327910.94,1448.11,-13.2598,3.416685581503,5.85,0.30759644284,26.94600105,光学光电子,2025-10-21,2024-09-30
002962,五方光电,0.22,868433679.95,36.9672059185,-1.9008,64256547.49,43.97,20.8264,6.264448522703,3.49,0.224270005441,16.1185031686,光学光电子,2025-10-21,2024-09-30
002890,弘宇股份,0.0811,255937794.46,-9.9674637438,-12.5621,13779672.27,-11.69,16.2345,3.480560692452,2.32,0.084403767567,16.3873933854,专用设备,2025-10-21,2024-09-30
002841,视源股份,1.34,17152358938.64,11.499278862,25.0146,930514536.21,-12.33,37.5644,18.127719312621,7.34,1.03602461624,21.5061825394,消费电子,2025-10-21,2024-09-30
002722,物产金轮,0.55,1953307962.68,-3.6924936387,-21.9437,113372345.17,26.82,-36.0798,12.288838318987,4.43,0.617800292853,17.3241447634,专用设备,2025-10-21,2024-09-30
002695,煌上煌,0.141,1452362234.25,-8.1138477483,-34.9754,78564643.04,-22.12,-35.9905,4.977495878769,2.83,0.496726233924,33.6394969098,休闲食品,2025-10-21,2024-09-30
002380,科远智慧,0.6609,1162248951.37,16.160728067,-18.4721,158602448.6,75.34,-28.525,8.893149966064,7.95,0.050098041995,40.8240715606,IT服务Ⅱ,2025-10-21,2024-09-30
002230,科大讯飞,-0.1489,14849536928.14,17.7250420783,-2.7004,-343704233.43,-445.91,156.8491,7.132482991607,-2.03,-0.355116526985,40.4549768324,软件开发,2025-10-21,2024-09-30
002217,ST合力泰,-0.3942,1017006404.2,-75.4686274867,12.4952,-1228362783.05,62.7,7.9042,-2.479706011198,,-0.04625873097,-34.2885951131,光学光电子,2025-10-21,2024-09-30
000948,南天信息,0.1447,5816780129.41,2.4365910174,-3.5025,55927418.62,6.43,-11.4261,6.744359965045,2.11,-4.002958171605,12.7761747937,软件开发,2025-10-21,2024-09-30
000933,神火股份,1.578,28314038952.89,-1.1018127187,0.9557,3538384965.61,-13.75,5.0888,9.616604978219,17.14,2.824621671061,24.5380937009,工业金属,2025-10-21,2024-09-30
000729,燕京啤酒,0.457,12846139630.27,3.466890872,7.6587,1288087871.55,34.73,-19.1808,5.269194135165,8.98,1.167617470077,45.0930637471,非白酒,2025-10-21,2024-09-30
000665,湖北广电,-0.31,1309955968.18,-10.8801028252,-18.9164,-349669724.69,2.0,-33.2465,4.254652947395,-6.92,-0.130683588291,3.3233326041,电视广播Ⅱ,2025-10-21,2024-09-30
000633,合金投资,0.0084,148639196.74,-17.1337241183,8.5215,3227695.49,-35.19,-97.1398,0.471849749576,1.79,0.001083474591,13.0064344561,金属新材料,2025-10-21,2024-09-30
000536,华映科技,-0.3068,1316190090.93,62.7568488599,2.2203,-848494201.97,22.59,7.3506,0.56984437908,-42.35,0.093999254007,-27.5418039779,光学光电子,2025-10-21,2024-09-30
920719,宁新新材,-0.54,290210908.66,-46.2907048757,-46.063,-50639243.48,-192.01,-198.8943,9.471028807413,-5.51,-0.586296244524,16.3218081115,非金属材料Ⅱ,2025-10-20,2024-09-30
920091,大鹏工业,0.44,141085602.03,-14.641323428,-76.4239,20522225.48,-22.3679931423,-100.9638,6.359679555667,7.19,0.175852661131,31.5876202524,专用设备,2025-10-20,2024-09-30
688358,祥生医疗,0.88,362245220.14,-9.8463189244,7.1997,98408552.7,-30.42,-52.3382,12.269735947449,7.14,0.629872618694,59.1533984457,医疗器械,2025-10-20,2024-09-30
603178,圣龙股份,0.03,1136210800.66,8.0567404731,22.6031,6861995.71,-80.57,-169.8733,5.38731178447,0.54,0.261266005197,9.4761699024,汽车零部件,2025-10-20,2024-09-30
600573,惠泉啤酒,0.319,591056788.54,0.0369309207,17.6097,79673029.53,24.47,82.228,5.2497502726,6.19,0.86466424764,34.5159673208,非白酒,2025-10-20,2024-09-30
300976,达瑞电子,1.37,1771844933.56,91.5376056642,4.6891,182144364.34,281.25,3.2153,35.129687714766,5.56,0.844352515331,24.6580497692,消费电子,2025-10-20,2024-09-30
300890,翔丰华,0.5159,1045557807.43,-21.0690440682,-9.6864,56408870.97,-37.19,-28.5463,16.160037922277,2.93,0.923310525136,20.4438449583,电池,2025-10-20,2024-09-30
300373,扬杰科技,1.232,4423617833.34,9.4773235077,1.376,669110085.54,8.28,-0.0294,15.48693916843,7.82,1.628041144631,31.0237855071,半导体,2025-10-20,2024-09-30
300302,同有科技,0.0652,303762208.84,22.4029559924,-67.3623,31350079.95,141.73,-132.6644,2.838082503636,2.33,-0.203457795575,47.9290779376,计算机设备,2025-10-20,2024-09-30
900901,云赛B股,0.1158,4058350551.3,9.5078145234,-23.4132,158324493.88,1.22,-15.219,3.442654412694,3.3738,-0.200169451457,19.791593693,软件开发,2025-10-18,2024-09-30
688551,科威尔,0.62,377239212.77,6.2640310565,-13.7362,51644122.01,-31.45,-58.3851,15.577942216941,3.93,-0.177591062379,46.411538579,其他电源设备Ⅱ,2025-10-18,2024-09-30
688475,萤石网络,0.48,3962645501.38,12.9271830268,2.4292,374776500.83,-6.69,-40.4631,6.813645855441,7.03,0.166559166095,42.5781882142,计算机设备,2025-10-18,2024-09-30
688449,联芸科技,0.2,825245015.56,20.3133887138,-3.9048,73184367.45,7633.1935541657,3.4933,1.715110309583,12.91,-0.259585544444,48.06131912,半导体,2025-10-18,2024-09-30
688256,寒武纪,-1.74,185306577.18,27.0870115322,208.2956,-724491743.66,10.3056624319,35.9389,12.308504007384,-13.48,-4.335087779452,55.229249872,半导体,2025-10-18,2024-09-30
688195,腾景科技,0.43,331848898.44,34.5905439831,2.309,55481375.97,77.9,5.0422,7.237146003247,6.03,0.33127859915,38.3252833768,光学光电子,2025-10-18,2024-09-30
688027,国盾量子,-0.69,99714812.21,36.1021806508,-49.7519,-55117508.36,30.334669194,-422.545,18.14765446485,-3.72,-1.241515773374,52.9627066225,通信设备,2025-10-18,2024-09-30
688005,容百科技,0.16,11323274729.76,-39.0377214232,38.7888,116394791.9,-81.1,123.3125,17.507262313265,1.35,-1.003485727675,9.1081650898,电池,2025-10-18,2024-09-30
605228,神通科技,0.04,966915381.98,-8.0989873619,-17.7608,16557784.87,-27.52,-173.3724,3.555376177291,1.06,0.076667249301,19.7884178332,汽车零部件,2025-10-18,2024-09-30
603822,ST嘉澳,-1.8129,1038335495.45,-52.4751509417,7.6549,-139873908.22,-463.51,-73.8799,11.686763854279,-13.73,1.63174942135,-2.4889807065,化学制品,2025-10-18,2024-09-30
603799,华友钴业,1.8,45488186407.32,-10.9665083248,2.3211,3020370672.11,0.24,17.5319,20.147474456748,8.57,2.262353904496,17.5338844505,能源金属,2025-10-18,2024-09-30
603737,三棵树,0.56,9145606838.66,-2.8134161304,-8.3659,410336003.21,-26.0,22.9566,5.25917771826,15.7,1.738339221856,28.6573814512,装修建材,2025-10-18,2024-09-30
603595,ST东尼,-0.18,1435837759.8,5.648709966,42.4615,-42606664.38,85.34,130.153,6.495476452985,-2.78,2.942750455225,21.9301340824,消费电子,2025-10-18,2024-09-30
603333,福华尚纬,0.03,1197547176.14,-25.3407793684,-2.0723,18997581.53,-37.32,54.5883,3.391899040954,0.89,-0.006645400998,19.1946599457,电网设备,2025-10-18,2024-09-30
603163,圣晖集成,0.74,1446730283.61,0.0705951563,-10.8939,74092912.6,-35.08,-56.3094,10.7141112238,6.91,0.2195039207,12.3525105118,专业工程,2025-10-18,2024-09-30
603162,海通发展,0.45,2586952266.4,127.6429365745,1.263,410493327.38,171.12,10.4542,4.335344877814,10.81,0.841049490088,18.0256924106,航运港口,2025-10-18,2024-09-30
601899,紫金矿业,0.923,230396480019.0,2.3949035091,5.7378,24357458921.0,50.68,5.0947,4.98748833409,20.22,1.358611940456,19.5315541801,工业金属,2025-10-18,2024-09-30
601609,金田股份,0.2,91844238681.98,11.775383696,2.816,287945880.74,-24.95,1074.8402,5.305217232626,3.51,-0.218796617139,2.2450783304,工业金属,2025-10-18,2024-09-30
600602,云赛智联,0.1158,4058350551.3,9.5078145234,-23.4132,158324493.88,1.22,-15.219,3.442654412694,3.3738,-0.200169451457,19.791593693,软件开发,2025-10-18,2024-09-30
600444,国机通用,0.2,559031343.95,37.4467615578,-27.1389,29547077.3,77.38,-41.1639,4.768106611652,4.27,-0.135759757561,13.8500823251,专用设备,2025-10-18,2024-09-30
600436,片仔癀,4.45,8450322100.75,11.1902516327,12.8973,2686684743.25,11.73,29.1972,23.240343476842,18.92,2.152923775471,45.4435547421,中药Ⅱ,2025-10-18,2024-09-30
600388,龙净环保,0.6,6654268804.54,-11.6414484006,-17.2205,647445508.65,0.91,-7.0177,7.292951234151,8.14,1.077094260251,24.3518907028,环保设备Ⅱ,2025-10-18,2024-09-30
600318,新力金融,0.0655,247102867.25,-6.6002647998,27.8499,33574956.06,-12.21,225.5214,2.094487951568,3.18,0.411605263923,81.9987843949,多元金融,2025-10-18,2024-09-30
301587,中瑞股份,0.4005,483429460.26,-6.9683278297,-3.0909,54083920.93,-49.57,-44.2143,13.602201151729,3.12,1.23697142472,29.6969478986,电池,2025-10-18,2024-09-30
301221,光庭信息,0.1183,341756491.46,-12.6789929222,29.7356,10960003.25,224.03,340.54,21.66786223512,0.55,0.138366083978,36.5773984207,汽车零部件,2025-10-18,2024-09-30
300855,图南股份,0.65,1079703317.53,1.334908779,-8.7443,258105933.28,-1.0,-33.5532,4.993728999359,13.53,0.568280116982,35.8347880282,金属新材料,2025-10-18,2024-09-30
300632,光莆股份,0.235,639789327.88,-15.5082659234,1.3752,71705906.75,-35.53,19.5652,6.046838160437,3.71,0.092721106533,30.9232828524,光学光电子,2025-10-18,2024-09-30
300610,晨化股份,0.31,685490131.37,-4.5526263394,-3.9184,66679663.27,70.61,61.6069,5.361376805744,5.94,0.487474245144,19.9673908896,化学制品,2025-10-18,2024-09-30
300401,花园生物,0.45,937594175.86,4.4346494971,25.0176,241469851.67,62.13,96.2355,5.304356871409,8.0,0.500122889049,58.1696941643,化学制药,2025-10-18,2024-09-30
002912,中新赛克,-0.28,362344580.17,-21.2400528456,136.1159,-46962003.32,-163.36,184.3471,9.218366035361,-2.85,0.45838746164,75.1425983886,计算机设备,2025-10-18,2024-09-30
002415,海康威视,0.878,64991467788.45,6.0634730315,1.6708,8107748494.46,-8.4,-3.3221,8.320808153406,10.52,0.281996008628,44.5376145378,计算机设备,2025-10-18,2024-09-30
002311,海大集团,2.18,84860629741.81,-2.3764261997,11.8142,3623823222.79,60.95,18.5408,13.337297545815,17.28,4.696538776917,11.3309179438,饲料,2025-10-18,2024-09-30
002107,沃华医药,0.04,576678675.17,-19.502405187,0.9388,22909628.29,-60.09,736.341,1.184794144709,3.04,0.115447741514,72.2722614092,中药Ⅱ,2025-10-18,2024-09-30
002028,思源电气,1.92,10407267185.3,21.2841454371,20.8726,1491370179.34,29.88,15.3387,15.158437268359,13.28,1.004778697626,31.4248690044,电网设备,2025-10-18,2024-09-30
688313,仕佳光子,0.0801,729306738.13,34.7726559548,11.6498,36209033.27,231.0,590.3481,2.546910150944,3.15,0.007966768686,25.838026897,通信设备,2025-10-17,2024-09-30
605507,国邦医药,1.04,4418147150.19,8.9964828799,-1.7934,578884934.79,18.36,-15.3399,14.030138180767,7.63,0.05883414282,26.1679462494,化学制药,2025-10-17,2024-09-30
603725,天安新材,0.267,2197183861.08,-1.3976233051,-6.2382,80297445.75,7.11,-34.2937,2.424902977547,11.01,0.575589252861,22.1558918097,家居用品,2025-10-17,2024-09-30
603129,春风动力,7.16,11450034191.43,21.9846874341,-12.2346,1081313321.87,34.87,-13.6284,38.254641298972,19.76,14.83310163991,30.4612871442,摩托车及其他,2025-10-17,2024-09-30
600660,福耀玻璃,2.1,28313511824.0,18.8352099745,4.9423,5478784237.0,32.79,-6.1874,12.796826617061,17.0,2.40808288935,36.3733956954,汽车零部件,2025-10-17,2024-09-30
300841,康华生物,3.0697,1060378720.25,7.1030091082,-25.6968,405902226.46,10.02,-36.7568,25.657240843289,11.54,1.87836607563,94.3602697378,生物制品,2025-10-17,2024-09-30
300422,博世科,-0.11,1189879735.24,-13.7995580284,-59.6597,-57234781.55,24.74,-106.6262,3.989616806172,-2.76,0.305351108654,18.2592525896,环境治理,2025-10-17,2024-09-30
300125,*ST聆达,-2.1287,48560271.15,-93.6722030771,116.8023,-569638827.73,-6898.73,-221.3181,-0.588945510556,,0.013725031273,-68.7636958551,电力,2025-10-17,2024-09-30
002911,佛燃能源,0.35,22301386750.9,26.1074345451,2.656,462265146.33,6.23,-16.7262,3.319654462175,10.96,0.962483288706,6.186219598,燃气Ⅱ,2025-10-17,2024-09-30
002660,茂硕电源,0.1066,918122527.63,-10.0342479502,-1.5939,38025015.76,-36.27,-76.4201,3.554072064832,2.96,0.046714316798,25.1104152259,消费电子,2025-10-17,2024-09-30
002248,华东数控,0.03,257085699.44,13.5233319925,-10.7747,9183334.96,-5.69,1327.8225,0.232256692031,13.92,0.147668064551,18.7881164239,通用设备,2025-10-17,2024-09-30
000408,藏格矿业,1.1894,2323639964.17,-44.5325006405,-51.0179,1867944077.75,-37.08,-25.631,8.361474969753,13.98,0.387500079973,45.178604359,农化制品,2025-10-17,2024-09-30
920394,民士达,0.48,281977452.71,9.0994207928,1.003,70739037.76,10.66,10.5471,4.686532235145,10.56,0.122438094017,37.5261804563,造纸,2025-10-16,2024-09-30
873958,双键新材,0.22,91584581.73,,,12259122.57,,,,11.25,0.239098760909,39.1977608587,,2025-10-16,2024-09-30
688528,秦川物联,-0.26,261577847.09,17.4401024925,-17.5332,-41925664.82,5.6548874896,-64.7923,3.385553291369,-6.78,-0.15477732131,25.5135040916,通用设备,2025-10-16,2024-09-30
688041,海光信息,0.66,6136539009.22,55.6421559969,9.3417,1525718345.3,69.22,19.0249,8.528752978949,7.88,0.171478976287,65.6338275493,半导体,2025-10-16,2024-09-30
605188,国光连锁,0.0165,2047355746.71,12.7435122326,13.9529,8182738.53,-30.26,-46.7393,2.263012738206,0.73,0.365901016667,22.2465200253,一般零售,2025-10-16,2024-09-30
603588,高能环境,0.368,11450874193.36,52.8756282927,-11.6477,560963138.0,-14.69,-34.5158,6.241411071997,5.855,0.142897056042,13.9539172162,环境治理,2025-10-16,2024-09-30
603456,九洲药业,0.7,3965261223.17,-13.3581028392,-6.7949,630876705.82,-34.74,-34.564,9.505034517761,7.4,0.727154282209,34.7491129966,医疗服务,2025-10-16,2024-09-30
601026,道生天合,0.19,2125502033.6,-13.089273133,27.189,97834100.19,-6.6900335341,22.4992,,5.79,,13.0239815678,风电设备,2025-10-16,2024-09-30
600770,综艺股份,0.06,251543563.31,-7.7856036397,13.8109,72146769.44,165.8700332757,297.3381,2.550784868185,2.19,0.043936651638,31.6809597953,综合Ⅱ,2025-10-16,2024-09-30
301107,瑜欣电子,0.45,405839507.96,-0.1170279704,-1.1903,45812596.56,-17.94,9.2843,12.570171191689,4.91,0.575837381744,26.2023852962,通用设备,2025-10-16,2024-09-30
300511,雪榕生物,-0.33,1641052971.34,-15.5613387979,22.126,-163809859.67,-27.96,86.4173,2.646315897453,-11.12,0.47008838376,2.2885338887,种植业,2025-10-16,2024-09-30
300078,思创智联,-0.31,564563042.63,-29.5431396326,-15.3219,-283640006.17,-154.07,60.7969,0.516758249902,-56.52,0.001238588182,16.5064838562,IT服务Ⅱ,2025-10-16,2024-09-30
002741,光华科技,0.017,1833463943.97,-8.2583062635,0.6826,6777623.27,102.42,-157.0512,3.389964046242,0.5,-0.067825076383,9.978465737,电子化学品Ⅱ,2025-10-16,2024-09-30
002664,信质集团,0.2139,4475917806.45,36.3754005854,2.3653,87105841.39,-48.42,-118.2781,8.481273918392,2.54,0.821407071227,8.7511929429,汽车零部件,2025-10-16,2024-09-30
002392,北京利尔,0.26,4988559927.16,21.1256414568,8.7739,309812943.21,3.05,-25.7449,4.561742145552,5.76,-0.00998472798,15.1250397605,装修建材,2025-10-16,2024-09-30
001207,联科科技,1.0,1645449247.62,15.5931766212,7.3625,199756460.34,75.89,14.317,9.025901379017,11.26,0.511993880052,19.2684431591,橡胶,2025-10-16,2024-09-30
603326,我乐家居,0.2489,1032615945.62,-16.5322094738,-0.1347,80550407.23,-47.63,32.7964,3.647424666024,6.79,0.491786595771,46.6392111339,家居用品,2025-10-15,2024-09-30
600415,小商品城,0.43,10613050746.39,34.247012629,-5.831,2328871481.65,0.53,19.855,3.602890047785,12.31,0.082545972562,31.997003503,一般零售,2025-10-15,2024-09-30
300763,锦浪科技,1.69,5161509166.5,11.2062042383,-7.7433,668875122.29,-11.0,-4.6103,20.886026659924,8.3,3.524601737908,33.6666216691,光伏设备,2025-10-15,2024-09-30
300708,聚灿光电,0.25,2022421825.83,10.6084919185,-6.1081,159572116.36,107.02,-28.4579,3.961137197957,5.93,0.743965596589,14.1041046204,光学光电子,2025-10-15,2024-09-30
300707,威唐工业,0.1694,671112833.82,13.7188919911,7.5742,29748647.19,102.53,-45.2714,6.35531147824,2.49,0.231593782371,21.557925894,汽车零部件,2025-10-15,2024-09-30
003022,联泓新科,0.13,4966719393.01,0.6232731659,-9.4578,178335057.78,-55.9,-57.9275,5.38418264167,2.49,0.311133898109,15.3349422398,光伏设备,2025-10-15,2024-09-30
002521,齐峰新材,0.22,2551491546.16,-5.9704047923,-12.8196,106433466.54,-32.38,-104.5025,7.560520264398,2.81,0.540356701493,11.3019498302,造纸,2025-10-15,2024-09-30
002891,中宠股份,0.9618,3188643213.93,17.5608513354,14.2758,281959622.61,59.54,61.8394,8.350966848684,12.12,0.674054447978,27.5531183292,饲料,2025-10-14,2024-09-30
002837,英维克,0.37,2871742557.75,38.6053688497,19.8851,352755913.7,67.79,39.3436,3.756160195037,13.39,0.210377305875,29.1645976496,专用设备,2025-10-14,2024-09-30
920357,雅葆轩,0.45,268701005.09,6.3933366684,-2.3295,35667919.18,11.79,-39.9222,4.556750109016,9.41,0.641414011863,20.5981626423,消费电子,2025-10-13,2024-09-30
833183,超凡股份,0.58,395332118.08,,,33416708.63,,,,14.76,0.293457114239,38.5351899486,,2025-10-13,2024-09-30
300409,道氏技术,0.2561,6110238436.31,14.1113819609,-7.4389,147089019.57,633.87,-62.242,9.25062155514,2.47,1.26474424015,17.8931794582,电池,2025-10-11,2024-09-30
000655,金岭矿业,0.2518,1104036326.17,2.3455330154,-2.4912,149884326.43,-15.21,21.0464,5.592447302293,4.52,0.151640076331,17.4070054132,冶钢原料,2025-10-11,2024-09-30
874717,鹰峰电子,0.54,1232183378.56,14.4004750775,25.4527,57066727.96,-30.3805342719,-1.9888,9.51496290912,5.9,0.390629691957,16.714646346,,2025-06-30,2024-09-30
874795,云上科技,0.5,137196344.16,,,8779109.95,,,1.212915035897,29.83,-1.497880077179,24.8066518451,,2025-06-27,2024-09-30
874739,创世云,0.31,419921340.36,,,9485104.63,,,3.227839622347,10.08,-1.755050572083,9.8870033598,,2025-06-26,2024-09-30
874738,彩龙新材,0.2606,332804021.18,,,29852763.12,,,1.670896367109,16.91,0.308550751455,24.9402566879,,2025-06-26,2024-09-30
874868,华日激光,0.59,173941442.41,,,26373180.68,,,5.086329962947,13.34,0.848771535182,43.1898584369,,2025-06-20,2024-09-30
874846,一通密封,0.77,220920373.85,-1.967405127,,35959098.7,-24.8816089025,,7.977814583893,9.33,0.346243480285,47.5903110147,,2025-06-20,2024-09-30
874821,易事达,1.74,281055063.29,,,52276259.19,,,7.547216836667,27.13,1.841502409,32.8375085898,,2025-06-20,2024-09-30
874851,谷登机械,0.79,339358986.58,,,43096428.59,,,5.711625729964,15.11,0.731680367907,28.2791797374,,2025-06-16,2024-09-30
874728,国测股份,-0.1445,15728901.98,,,-6689687.17,,,3.773998278386,-3.76,-0.580381667057,51.878497497,,2025-06-03,2024-09-30
874604,索迪龙,0.71,160336358.97,,,40369705.53,,,6.577383671373,11.3,1.175220708693,44.020698944,,2025-05-09,2024-09-30
420280,锦州港B3,-1.08,1305957324.75,-39.4702494006,-15.31,-2155940609.06,-4791.89,18.7839,2.132481136967,-37.56,-0.381896080461,32.5371750062,,2025-04-30,2024-09-30
400280,锦州港A3,-1.08,1305957324.75,-39.4702494006,-15.31,-2155940609.06,-4791.89,18.7839,2.132481136967,-37.56,-0.381896080461,32.5371750062,,2025-04-30,2024-09-30
400272,鹏博士3,-0.24,1362848099.27,-46.4880772946,-6.7909,-398370371.71,-508.5,4.9329,0.340120256537,-49.61,-0.01911473633,11.9117131936,,2025-04-30,2024-09-30
834701,鑫考股份,0.37,65976665.91,-21.3917723158,,7546934.6,-24.13,,3.131275758303,12.74,-0.917445993644,54.5744678719,,2025-04-29,2024-09-30
875006,凯琦佳,0.36,473329455.83,,,31383553.39,,,5.074075473409,7.28,-0.263643721477,16.740521665,,2025-03-31,2024-09-30
874652,睿健医疗,0.3,341698117.87,,29.2145,92626707.61,,42.8036,2.672414271256,10.69,0.467074420625,51.4401953794,,2025-03-31,2024-09-30
001248,华润新能源,0.57,17150318602.02,,,6212559564.96,,,7.63,7.77,,57.6750602088,电力,2025-03-14,2024-09-30
875001,宝龙电机,1.54,50875951.02,,,7679049.18,,,10.484208478,15.96,0.05278445,30.7522061924,,2025-03-12,2024-09-30
874303,嘉盛德,1.19,38170195.57,,,5961536.65,,,22.757528496,5.39,-2.330983986,42.513636694,,2025-01-27,2024-09-30
873554,赛康智能,,83688574.06,,,27762864.65,,,2.086637266996,,0.687338939328,61.891325192,,2025-01-10,2024-09-30
874415,新亚电通,0.3,257318338.44,12.4545053062,,31661365.13,-19.3525825774,,4.342656596826,7.26,0.409002319975,26.7512190881,,2024-12-31,2024-09-30
873636,博达软件,-0.4281,73254404.1,23.0299233454,-24.1015,-14114066.79,14.2442947052,-330.2586,5.120433593873,-8.02,-1.272633875645,72.946444895,,2024-12-31,2024-09-30
831992,嘉得力,1.3135,95810628.12,,,13135244.14,,,11.960026918,11.62,2.584033918,38.7754831891,,2024-12-31,2024-09-30
872166,新烽光电,0.1,91482247.88,37.9605204101,,5649880.66,183.3743146667,,3.217828737762,3.01,-1.145500122283,58.9520185389,,2024-12-27,2024-09-30
920160,北矿检测,0.55,105616532.68,26.6151955659,12.109,46369438.73,27.6608995013,14.4654,3.458789678908,16.69,0.552276107815,66.6464034691,专业服务,2024-12-24,2024-09-30
874647,张恒春,0.8,237741910.88,,,30050809.6,,,7.8824265712,10.72,-0.493498632,33.3374121234,,2024-12-24,2024-09-30
872924,雅图高新,1.22,519679125.91,14.3558350798,15.7868,103073253.41,33.2918749287,-0.7551,7.530724388065,16.74,0.811383941718,43.7734925511,,2024-12-23,2024-09-30
837611,德芯科技,0.7,149084093.99,-55.5913232599,-45.3165,42256823.15,-58.8236905624,-64.7694,8.023131152167,9.18,1.167498026,52.7280375231,,2024-12-20,2024-09-30
874399,赤诚生物,0.3,251198530.09,12.9217005562,-20.0792,31890284.45,-4.9309308819,-22.5263,4.22492642719,7.31,0.158277004215,22.1775017434,,2024-12-19,2024-09-30
873827,岷山环能,0.26,1988663201.42,-6.4804531782,-3.7311,51572572.16,-2.3634703137,-39.3905,3.618118046266,7.45,-0.146564455044,5.8311658167,,2024-12-18,2024-09-30
873989,中达新材,0.38,665356148.61,-16.6551132775,-30.1078,39916995.86,-42.8214231487,-56.9893,3.633928293495,11.17,0.802582112419,13.7695464349,,2024-12-17,2024-09-30
873732,佰源装备,0.19,179661388.56,2.0417717278,-30.7814,20820745.72,-9.9,-75.8395,3.957076837315,4.91,0.090185099175,34.2103426188,,2024-12-17,2024-09-30
873689,讯方技术,0.86,779273382.32,13.1111496155,-19.4544,42407805.7,1.3374192395,-44.4451,8.315072134231,10.64,0.483705111346,16.8741429392,,2024-12-13,2024-09-30
873712,金则利,0.83,178679353.15,2.3614327808,-29.0046,20335126.12,22.5058576263,14.6637,11.664204734724,7.34,0.740167991625,21.5578501662,,2024-12-09,2024-09-30
874406,金红股份,0.46,177391823.19,5.2978405211,,62474214.22,-3.1925785426,,3.225355783706,14.66,0.565518543853,54.0589161019,,2024-12-05,2024-09-30
872893,威易发,1.71,100719862.25,32.6491841116,3.3663,51318857.1,56.072997054,7.6016,5.951394649,32.39,1.342843995667,69.5878530056,,2024-12-04,2024-09-30
874380,卓海科技,0.93,292044647.86,51.4189384913,90.8286,66767830.2,-2.8479614432,163.3412,9.938221968572,9.86,1.591289154163,51.5358538713,,2024-12-02,2024-09-30
873864,旭辉电气,0.19,137423318.45,-12.5403204311,-20.6183,24113789.76,-16.3037559021,-38.0377,2.291403461098,8.62,0.354486517725,43.3939894718,,2024-12-02,2024-09-30
874376,百菲乳业,1.58,1053015780.88,33.481903928,,261227433.69,46.1429808302,,7.304504368215,24.25,1.97413582371,42.1951488257,,2024-11-28,2024-09-30
874232,晶华光学,0.27,694025109.66,-5.132015146,0.8997,29377910.32,-25.7862526309,-11.1614,6.368587464984,4.27,-0.073897771263,31.3351777685,,2024-11-26,2024-09-30
873324,阳光精机,1.533,260910837.76,34.5284526392,-22.5322,55079074.09,-5.0181705605,-24.2362,8.873518350456,18.9,-0.440158721008,44.2279837437,,2024-11-26,2024-09-30
833070,三耐环保,2.1,297129954.87,107.8155467984,171.3074,76355216.09,129.8162885031,556.4013,7.212996693939,34.54,1.224126451791,34.8140054729,,2024-11-25,2024-09-30
870355,建院股份,0.44,1059595326.04,9.6688415291,-48.7279,45305394.98,22.3674856069,3939.9233,4.345957239018,10.15,-0.025682007458,14.7461788241,,2024-11-20,2024-09-30
874435,昆仑联通,1.06,1457462428.41,0.6112808765,-7.3132,76489221.42,-1.3093623644,-25.1188,6.967999819167,16.5,-1.909177914167,15.553384897,,2024-11-19,2024-09-30
873755,杰特新材,0.9,170758500.26,5.9296850633,1.9288,30540807.45,5.5986106121,-2.9852,6.700391587683,14.32,0.798354431378,35.8456688989,,2024-11-19,2024-09-30
874311,东盛金材,0.9,561893763.03,14.4077916454,0.8464,45956196.49,22.3125096534,-9.7492,10.381568041961,9.08,1.171022735294,15.1702033762,,2024-11-18,2024-09-30
873444,万泰股份,0.25,391005746.28,10.3148535705,-31.364,24606247.46,-32.363278553,-72.6966,6.666741769611,3.83,-0.071562910742,39.771736014,,2024-11-18,2024-09-30
920003,中诚咨询,1.44,277089608.85,8.6032056417,11.6803,72833725.57,43.8920437342,9.1339,6.537398284184,24.7,1.462377644634,45.237165652,工程咨询服务Ⅱ,2024-11-14,2024-09-30
873437,天一恩华,0.77,417195887.31,0.2629990721,-53.2145,99262676.98,36.4964666206,-50.095,3.791066452581,22.46,-2.574294955513,32.2261052612,,2024-11-12,2024-09-30
430073,兆信股份,0.18,104300174.24,4.4889699368,-27.0702,13066853.1,-9.0797733775,-70.7234,3.213981048427,5.92,-0.531630082715,52.2450708228,,2024-11-12,2024-09-30
873902,晶阳机电,0.6691,209792803.55,-5.9093150922,-30.1486,34225915.14,-4.8092622879,-39.5849,4.890994104008,14.76,0.342966874291,33.2435523954,,2024-11-08,2024-09-30
874018,天威新材,1.36,458526521.18,19.7368428213,-2.6883,79925155.19,28.8814260079,-3.6932,8.850257788038,16.65,0.649076551874,37.3991244277,,2024-11-06,2024-09-30
920009,丹娜生物,1.29,176380314.71,0.9084707332,-4.1465,61108776.66,6.2325134757,17.7808,9.224036090103,15.12,1.385850425828,86.1393650702,医疗器械,2024-11-05,2024-09-30
873741,豪钢重工,0.41,297110352.86,-10.9093158473,1.436,66010661.63,-24.8527197542,2.9727,5.117437453047,8.36,0.206638974005,38.3635660262,,2024-11-04,2024-09-30
874629,佳音科技,1.14,541228638.52,44.3808701732,,47337708.77,44.42,,7.318695639277,16.91,1.97205737253,21.3231795615,,2024-10-31,2024-09-30
874615,避泰电气,0.95,171207776.64,30.1052273656,,48025292.85,19.3,,4.521935392688,23.45,0.730260496838,38.5723163141,,2024-10-31,2024-09-30
874482,泛博股份,1.24,194212145.63,2.69643146,,26133165.1,-18.46,,6.385695613393,22.38,0.544595270089,30.335776709,,2024-10-31,2024-09-30
874090,普瑞金,-0.92,10732796.15,-64.0050327467,931.6497,-73819202.97,-113.19,33.0773,1.30929082675,-61.18,-0.200618014625,89.5097987117,,2024-10-31,2024-09-30
874031,翰林航宇,0.48,262892288.17,14.0844117762,-19.7335,25123442.99,22.46,120.5194,6.469117405877,7.65,0.395369199621,39.5259226291,,2024-10-31,2024-09-30
873894,八九九,0.22,45215139.97,-3.3598857589,,6175837.71,-10.87,,5.039528712519,4.4,-0.152919343389,44.6840148751,,2024-10-31,2024-09-30
873878,华昌新材,0.77,240953259.37,7.0696022178,,38439865.66,2.73,,6.6065596534,11.11,0.6024662904,27.8319709123,,2024-10-31,2024-09-30
873809,温多利,0.73,154320154.41,13.0345012411,-15.4488,36704052.92,48.253680373,-42.2347,5.6639205418,13.87,1.0747272554,40.334008826,,2024-10-31,2024-09-30
873747,华信安全,0.25,56106762.37,0.153342473,-15.6781,13905782.79,103.83,134.2553,3.877943486708,3.7,0.437972344248,35.5129720168,,2024-10-31,2024-09-30
873275,爱福地,0.23,91569932.74,34.4699997315,,4570321.68,80.77,,2.368316243,10.12,0.3759944615,29.1722737373,,2024-10-31,2024-09-30
833839,天波科技,0.3313,652474933.06,74.6670228834,11.9545,29859900.14,631.09,58.2449,4.78293202596,6.96,0.784992111271,25.716513038,,2024-10-31,2024-09-30
833239,晨科农牧,0.26,631551123.69,-53.2320101499,,51142278.48,-42.58,,2.135361028251,11.54,0.234798436791,12.6423899673,,2024-10-31,2024-09-30
832265,芍花堂,0.05,458956366.8,-19.8645873327,,6575694.41,-39.54,,3.970882607257,1.32,-0.048874238915,5.1999883789,,2024-10-31,2024-09-30
400281,R天茂1,-0.0674,33596118589.59,-18.4322867574,-60.7793,-333104885.06,-56.39,111.6008,4.412303371301,-1.57,-3.698449782889,,,2024-10-31,2024-09-30
400278,R九有1,-0.0608,363085387.21,48.1447014736,-1.2413,-37512743.09,-146.67,-393.8134,-0.062195756207,,-0.069674224963,45.5252048258,,2024-10-31,2024-09-30
400276,海越3,0.005,1219315420.45,-40.5667562812,-25.1971,2181711.06,-94.58,-258.3235,6.128926050763,0.02,-0.295036348288,8.9599318099,,2024-10-31,2024-09-30
400274,人人乐3,-1.1029,1226512283.92,-44.8383769865,-33.4932,-485278182.48,-1.51,-31.9008,-1.982265114409,,-0.859832241568,30.5759341432,,2024-10-31,2024-09-30
400271,龙宇5,-0.2146,1153018536.69,-47.3359465548,-37.7433,-82166131.36,-271.87,-220225.0452,9.484786119916,-2.26,0.090442852278,5.4078067209,,2024-10-31,2024-09-30
400270,龙津5,-0.0233,46604830.77,-34.4088189249,-44.8396,-9330032.94,64.98,-2006.8105,1.25482375995,-1.84,-0.081728241248,72.7590017596,,2024-10-31,2024-09-30
400268,R产融1,0.07,11521858996.19,-8.68,-8.5496,599379436.17,-13.24,-38.4874,4.237912143067,1.54,-7.003022876665,32.2619834949,,2024-10-31,2024-09-30
400265,富润3,-0.31,102378310.89,41.8144423243,252.4683,-156021876.93,13.3687863,-79.2098,0.991684980838,-26.82,-0.054084897205,10.2849332915,,2024-10-31,2024-09-30
400264,R东方1,0.0359,729044442.44,-86.9501108588,261.0273,131245764.98,227.6007347307,148.9302,4.601089035044,0.78,0.067271869986,15.3362231608,,2024-10-31,2024-09-30
400263,R旭蓝1,-0.0882,798162600.79,-47.6796739048,-17.1378,-131098627.13,-379.65,50.1306,7.375450257317,-1.19,0.124886620773,34.8157213586,,2024-10-31,2024-09-30
400260,大药5,-0.0898,47647377.83,-34.9730124768,67.3938,-19735072.06,-28.2416762521,-11.8205,1.644924501138,-5.32,-0.036090647292,7.742733888,,2024-10-31,2024-09-30
400259,津信科3,-0.0728,837731023.13,46.7511945617,-89.0067,-248413968.64,-604.42,-62.4931,0.511767559499,-12.88,-0.040505978766,3.7530141086,,2024-10-31,2024-09-30
400258,博信3,-0.1125,64467977.74,-71.8924185308,18.6665,-25872029.06,-73.2676383177,73.0853,-0.157764468522,,0.105041035826,-0.3527085198,,2024-10-31,2024-09-30
400257,R美讯1,-0.1092,8168297.39,-73.9636266869,24.3925,-31163948.92,36.058837879,19.0575,-0.400478410639,,0.029129962779,-92.2036025429,,2024-10-31,2024-09-30
400242,巴安3,-0.3211,113053781.23,-46.9089869341,6498.2145,-215069888.61,-191.91,-673.9577,-0.301650456445,,-0.080521468467,10.7477261599,,2024-10-31,2024-09-30
400236,中银5,-0.0055,186051468.92,-54.062363395,-7.7867,-23398571.1,-420.64,35.423,0.236826421736,-2.23,-0.020841042063,-0.5369242263,,2024-10-31,2024-09-30
874618,润奥供电,0.48,182722105.31,47.9282885016,,23964748.4,129.67,,1.900225806839,29.34,0.06963404979,23.7951156956,,2024-10-30,2024-09-30
874493,苏环院,0.53,168710317.95,-27.1154436064,,25527846.07,-39.98,,8.929089191667,6.14,-0.512311853125,41.7799417822,,2024-10-30,2024-09-30
874479,德普莱太,0.65,103733501.17,2.8363179108,,19447238.87,8.75,,4.718334187313,14.75,0.54376172225,36.3768550511,,2024-10-30,2024-09-30
874390,佑威新材,0.79,415128816.91,-19.4173801525,,39528991.64,-51.09,,14.0163772434,5.41,3.0040518366,19.0998053809,,2024-10-30,2024-09-30
874189,博威能源,0.0225,217593793.89,9.041031981,-22.5402,1318263.68,159.88,-87.5204,5.220561262035,0.43,-0.386955422841,21.5101358422,,2024-10-30,2024-09-30
870796,斯科瑞,0.01,155074700.86,10.558342031,,1331172.04,-47.93,,1.207271703156,1.09,-0.002190903077,11.5036566255,,2024-10-30,2024-09-30
838758,思迅软件,0.78,242892084.23,-10.7897710672,,81336595.43,-9.9,,3.393075683595,17.12,0.799311840619,65.0681009062,,2024-10-30,2024-09-30
832637,华源磁业,-0.011,54336204.53,28.6751821442,,-958006.92,-82.09,,0.007892700539,-81.8,0.115832124377,30.9622482018,,2024-10-30,2024-09-30
400282,R紫天1,0.0522,1180346833.15,-48.4473927328,-39.3946,8466126.35,-95.88,88.4558,7.552145019493,0.69,0.003320219663,3.961428219,,2024-10-30,2024-09-30
400277,R恒立1,-0.0381,70057671.47,18.3057169156,778.023,-16214927.32,-196.33,31.7909,0.391831734936,-9.28,-0.046925669221,1.1409246742,,2024-10-30,2024-09-30
400269,R吉药1,-0.3472,254832693.5,7.0723328734,-4.4293,-231236923.98,-60.46,5.0898,-0.768614919812,,-0.008351237588,37.0527668499,,2024-10-30,2024-09-30
400267,R鑫升1,0.3704,1300070902.21,-19.8705434384,-16.4471,288154484.87,-21.03,-62.5285,4.40659070676,8.87,-2.900584784401,59.6378720508,,2024-10-30,2024-09-30
400110,天翔5,-0.0175,82603975.44,-49.6825578296,13.6055,-26916844.85,-48.52,23.7618,0.146275246407,-11.2,-0.035324253755,18.3018032479,,2024-10-30,2024-09-30
873151,翰联色纺,0.659,217815773.38,66.5021302125,,41609441.56,169.93,,2.442223492582,29.47,-0.310738615838,27.1427216508,,2024-10-29,2024-09-30
873119,绿林幼教,0.31,165168383.57,45.4981185814,,7301011.1,-48.11,,5.98191050592,4.8,-1.683459485899,16.3152489887,,2024-10-29,2024-09-30
430046,ST圣博润,0.3813,371396229.22,7.1709841927,,52965579.48,3.84,,5.427981468369,7.28,-0.200960670444,45.3273134796,,2024-10-29,2024-09-30
420273,凌云B5,0.0385,67247186.36,-28.7811198324,-2.3595,13435633.06,-57.27,-22.3937,1.761805724527,2.2,0.045331634785,43.6890001505,,2024-10-29,2024-09-30
400285,R广道1,-0.35,115086116.86,-45.4840060384,-50.0728,-23446869.55,-157.31,-316.7963,9.558145304545,-3.58,0.624693998349,37.7234636414,,2024-10-29,2024-09-30
874593,安特磁材,0.87,469614957.69,5.4133176331,,52374536.72,-8.65,,6.265668381,14.97,0.428820359667,19.5782838439,,2024-10-28,2024-09-30
874044,兰州助剂,0.3159,300616991.58,1.6304674179,-4.383,36163678.01,-3.11,-43.0043,4.182167594392,7.85,0.148665815672,22.2457315897,,2024-10-28,2024-09-30
873134,创正电气,0.39,94345361.63,7.9155063973,-1.9264,33621277.18,33.517980627,-0.72,2.609993931011,16.12,0.46391588844,75.8653848196,,2024-10-28,2024-09-30
871310,汇湘轩,0.36,223134105.49,17.883635891,,17609936.73,6.16,,2.708055735432,13.64,0.704481038847,37.512281794,,2024-10-28,2024-09-30
832069,科飞新材,0.1407,53547097.17,61.1098813075,-5.483,7101657.18,51.2,-32.8069,1.636956445383,8.92,0.159048224791,29.4012962272,,2024-10-28,2024-09-30
400275,R工智1,0.0248,1377783488.04,-5.9501066341,-4.1991,18836393.36,189.98,316.0412,0.738547796057,3.41,-0.025215991719,13.667201737,,2024-10-28,2024-09-30
400069,吉恩5,0.0,2242590249.89,-30.9618931214,-27.8841,2440159.47,-98.41,-108.1478,3.831018903349,0.08,-0.093663013798,8.585458838,,2024-10-28,2024-09-30
400057,海国油3,-2.44,8034871.32,-89.3335515046,-59.8181,-1578816377.1,-0.95,-1.744,-13.921477261448,,-0.288665412671,-9.5793962261,,2024-10-28,2024-09-30
400279,中程3,-0.18,90279809.22,-75.1601662459,52.5882,-132003817.91,-57.33,54.2851,-0.639379391241,,-0.449963372401,46.4674568128,,2024-10-26,2024-09-30
874623,天南电力,2.12,587637596.75,83.1796390213,,107915423.67,161.61,,12.137180539764,19.18,-2.195472286811,33.2647458163,,2024-10-25,2024-09-30
874429,华甸防雷,0.53,93254792.33,25.6202098191,,11488723.82,-14.93,,5.455195164116,9.71,-0.767911715379,33.3667896979,,2024-10-25,2024-09-30
873990,优全生活,1.41,126341502.67,8.5837091785,,7033039.75,-15.47,,8.205492318,18.75,-0.18558845,19.5772064581,,2024-10-25,2024-09-30
838192,铂联科技,0.2,241940953.93,30.7263273065,17.4773,32620606.29,50.2,8.3924,1.539447163642,14.16,0.02867900817,28.1282132457,,2024-10-25,2024-09-30
400262,嘉寓3,-0.2886,391739420.78,-56.0656193867,-22.5899,-206861982.46,-67.14,72.3313,-2.359866085635,,-0.030050797087,-4.1603042853,,2024-10-24,2024-09-30
874480,开元环保,0.17,97418674.86,-2.8651012014,,6568186.91,-49.69,,3.907558017102,4.63,0.458530028961,41.4859595638,,2024-10-23,2024-09-30
831957,晨宇电气,0.02,71701191.78,-58.0977547953,,2029433.37,-79.04,,1.25407826693,2.14,-0.161768688974,19.9034307739,,2024-10-22,2024-09-30
874561,金标股份,0.43,472868895.35,-5.8796078344,,25847903.92,-48.67,,8.337676577333,5.29,-0.7433026135,24.1722692112,,2024-10-18,2024-09-30
839934,颐丰智农,0.19,373700220.29,177.0698317701,,13215568.86,102.89,,4.589855848982,4.12,0.851606535298,11.4128612439,,2024-10-15,2024-09-30
