K,LB,Trail,MAX_POS,Sector,Floor,Sharpe,Ret%,CAGR%,MDD%,Calmar,Trades,Win%,NegYrs,AvgHold
1.5,14,0.3,5,1,0.8,1.5526464593751006,2477.473029844432,76.03318972402884,28.158757106896314,2.7001614252856236,270,55.55555555555556,0,22.125925925925927
1.5,14,0.22,5,1,0.8,1.5453615690585194,2338.2102036951264,74.33972611809558,28.15875710689632,2.6400215689878284,271,55.71955719557196,0,21.494464944649447
1.5,14,0.35,5,1,0.8,1.5279771971117337,2366.0847718113255,74.68496860274941,31.75446422369546,2.351951778390228,270,55.55555555555556,0,22.22962962962963
1.5,14,0.2,5,1,0.8,1.520038041836815,2187.9920699502713,72.42099635275603,31.38138025248302,2.3077696318671577,273,55.67765567765568,0,21.13186813186813
1.5,14,0.28,5,1,0.8,1.5165209034905263,2263.034514893698,73.39210567791359,28.158757106896314,2.6063687896203076,271,56.08856088560885,0,21.948339483394832
1.5,10,0.22,3,3,0.8,1.511693631240612,2661.9638517532044,78.16389781529864,40.85807339199979,1.9130588235372723,173,56.64739884393064,0,21.184971098265898
1.5,14,0.3,5,1,0,1.50942024850359,2225.3983585234264,72.90829930299627,39.12542647066359,1.8634505967024593,289,55.36332179930796,0,22.269896193771626
1.5,14,0.25,5,1,0.8,1.5067776096612853,2164.918078813397,72.11711329136863,28.15875710689633,2.561090072889137,271,56.08856088560885,0,21.70110701107011
1.5,14,0.35,5,1,0,1.4925252978925403,2156.9162131833355,72.01113196517821,41.40502770206512,1.739188112210503,289,55.36332179930796,0,22.366782006920417
1.5,14,0.28,5,1,0,1.4785209742710888,2059.8919007606783,70.70074089244281,38.75312404476492,1.8243881657327603,290,55.86206896551724,0,22.103448275862068
1.5,14,0.22,5,1,0,1.4763838467944772,1977.188177742718,69.54479821082968,37.94218299797646,1.8329150490507797,291,56.3573883161512,0,21.536082474226806
1.5,10,0.2,3,3,0.8,1.476375461532545,2390.80573232538,74.98846540840067,45.653800517239304,1.6425459558418214,174,56.896551724137936,0,20.770114942528735
1.5,10,0.25,3,3,0.8,1.4715685831570524,2444.4902172786833,75.63907093262907,39.979658596260414,1.8919388906363532,173,56.64739884393064,0,21.421965317919074
1.5,14,0.18,5,1,0.8,1.4709966886740167,1897.6448238194746,68.39658920954774,31.162291184040054,2.194851104034913,274,54.379562043795616,0,20.580291970802918
1.5,14,0.3,5,3,0.8,1.4678481516170638,2034.4469671737675,70.34905114613143,40.16416531307747,1.7515377351368921,276,54.347826086956516,0,22.18840579710145
1.5,14,0.25,5,1,0,1.4663904916865083,1963.8873817627164,69.35535908778805,37.69381300153296,1.839966656728717,290,55.86206896551724,0,21.844827586206897
1.5,14,0.22,5,3,0.8,1.461958705293131,1926.1515082472251,68.81235507241885,39.122666223955996,1.758887154533526,277,54.87364620938629,0,21.501805054151625
1.5,10,0.18,3,3,0.8,1.4597727661200661,2260.493692670933,73.35964493553648,43.22497447727597,1.6971587796796217,175,56.00000000000001,0,20.222857142857144
1.5,14,0.35,5,3,0.8,1.4574115274126278,2012.948176321005,70.04919410116432,42.49948856522691,1.6482361662695062,276,54.347826086956516,0,22.355072463768117
1.5,10,0.28,3,3,0.8,1.4514188405075674,2334.9884902241615,74.29961348007805,42.18483253513772,1.761287387313685,173,56.64739884393064,0,21.502890173410403
1.5,10,0.3,3,3,0.8,1.4462294981200272,2306.5215445750264,73.9432615563463,42.753630225000904,1.7295200703940863,173,56.06936416184971,0,21.53757225433526
1.5,14,0.3,5,3,0,1.4354311093761134,1871.5317389945976,68.01141062654135,43.64579229266964,1.5582581287672934,290,54.137931034482754,0,22.348275862068967
1.5,14,0.28,5,3,0.8,1.4352034963080331,1873.9925299268273,68.0478875287012,39.80186002854226,1.7096660176158467,277,54.87364620938629,0,22.014440433212997
1.5,14,0.2,5,1,0,1.4349043977716842,1765.9057759906275,66.40904886023353,41.54449242443462,1.5985042778179348,293,55.972696245733786,0,21.139931740614333
1.5,14,0.25,5,3,0.8,1.4299479902965375,1816.896920953559,67.19169522587238,38.42559901749269,1.7486180292279727,277,54.87364620938629,0,21.772563176895307
1.5,14,0.2,5,3,0.8,1.429034624012262,1766.3034549694025,66.41522068547422,45.89109698822962,1.4472354126228175,279,54.83870967741935,0,21.11111111111111
1.5,10,0.22,3,1,0.8,1.4285172535571855,2194.690196621403,72.50873612842628,49.651025881800784,1.4603673305973688,171,55.55555555555556,0,21.309941520467838
1.5,14,0.35,5,3,0,1.4279636909965432,1863.5975857923825,67.89354408735055,45.62575580402585,1.488053028183697,290,54.137931034482754,0,22.50689655172414
1.5,10,0.35,3,3,0.8,1.4246781994830264,2211.1525629483012,72.72348369300477,46.2727574075385,1.5716263254533662,173,56.06936416184971,0,21.69364161849711
1.5,10,0.25,3,1,0.8,1.4139050296682871,2152.070000339651,71.9467949304395,45.60608084268659,1.577570218730534,171,56.14035087719298,0,21.549707602339183
1.5,14,0.22,5,3,0,1.413724563077229,1705.9990278148962,65.46666215508321,44.77300461890455,1.4621905032355402,292,55.13698630136986,0,21.55821917808219
1.5,10,0.22,3,3,0,1.4131115525007099,2059.433263153818,70.69443214531472,44.149769803004304,1.6012412400053808,178,55.61797752808989,0,21.258426966292134
1.5,14,0.22,8,1,0.8,1.4121841776125368,1673.5777709073943,64.9458296069679,28.641818579918425,2.26751766567306,332,53.01204819277109,1,22.05722891566265
1.5,14,0.3,8,1,0.8,1.4028919724103217,1707.7953746538903,65.49529317641579,31.389581235341513,2.0865296891146374,331,52.567975830815705,1,22.65558912386707
1.5,14,0.28,5,3,0,1.4026229668065298,1723.0972154171739,65.73823318186693,43.31162789669319,1.517796406513873,291,54.63917525773196,0,22.18213058419244
1.5,14,0.18,5,3,0.8,1.4022544530194718,1611.8988717093014,63.93288394960776,44.363238098378346,1.4411230264083172,280,53.92857142857142,0,20.492857142857144
1.5,10,0.28,3,1,0.8,1.394064194419017,2055.1525302663676,70.63549548727525,47.604537535097755,1.4837975357957696,171,56.14035087719298,0,21.63157894736842
1.5,10,0.2,3,1,0.8,1.392832587784073,1969.4070604969556,69.43409621600642,53.73374612368698,1.2921878935479318,172,55.81395348837209,0,20.88953488372093
1.5,14,0.25,5,3,0,1.3916587468578512,1648.599616110031,64.5391767539949,42.26497107532944,1.5270133898581364,291,54.63917525773196,0,21.924398625429554
1.5,10,0.22,5,3,0.8,1.3896958413733398,1711.1850337877834,65.5492552137261,41.6956782713936,1.572087514371912,241,55.601659751037346,0,21.29045643153527
1.5,10,0.3,3,1,0.8,1.3889431566835186,2029.9570888131555,70.2866347763434,48.12001503548659,1.4606528016358644,171,55.55555555555556,0,21.666666666666668
1.5,10,0.22,3,1,0,1.3884621361916836,1950.658510227221,69.16594149231143,50.192094253407085,1.37802461764417,176,54.54545454545454,0,21.380681818181817
1.5,10,0.2,3,3,0,1.3843146248095621,1881.4196228887329,68.15775385088413,47.60714775053003,1.431670601398827,179,55.865921787709496,0,20.849162011173185
1.5,10,0.25,3,3,0,1.3831665518387763,1934.7289031720177,68.9365093562566,44.1172789120872,1.5625739178888804,178,55.0561797752809,0,21.51123595505618
1.5,14,0.18,5,1,0,1.3819116941873655,1517.8684608468616,62.329030103892016,40.931398285633705,1.5227681612276742,294,54.421768707483,0,20.551020408163264
1.5,10,0.28,3,3,0,1.3800434582371228,1936.010491526974,68.95502268671672,45.844400552249034,1.5041100299289205,178,55.0561797752809,0,21.724719101123597
1.5,10,0.3,3,3,0,1.3748101821604444,1911.8328464915548,68.60412769169366,46.377194647808075,1.4792642852306743,178,54.49438202247191,0,21.758426966292134
1.5,14,0.35,8,1,0.8,1.3726647127935412,1609.0517688729637,63.885402759235824,33.63015469068327,1.8996464139647362,331,52.567975830815705,1,22.758308157099698
1.5,10,0.18,3,1,0.8,1.3721273392323383,1829.005508703565,67.37501585075651,50.28146149786733,1.3399573887408622,173,54.91329479768786,0,20.277456647398843
1.5,10,0.28,5,3,0.8,1.3689400696126308,1668.1209728641406,64.85739678672616,42.344814823948454,1.5316490828068405,241,56.016597510373444,0,21.630705394190873
1.5,14,0.25,8,1,0.8,1.3688203123331777,1531.2640630564697,62.56214342668744,30.027198840471474,2.083515807087689,332,53.01204819277109,1,22.271084337349397
1.5,10,0.25,3,1,0,1.368337442823327,1879.9445278734233,68.13596040137351,48.999300193213706,1.3905496636217303,176,54.54545454545454,0,21.636363636363637
1.5,10,0.35,3,1,0.8,1.3679098174832098,1945.5481879551303,69.09249902388814,51.309252467237165,1.3465894687903752,171,55.55555555555556,0,21.82456140350877
1.5,10,0.28,3,1,0,1.3672588104657044,1890.4618149736077,68.29105354477409,50.384037060784706,1.3554105135002554,176,54.54545454545454,0,21.852272727272727
1.5,14,0.2,5,3,0,1.3666733863984657,1503.8573278417098,62.08349311415107,48.99128153616865,1.2672355400280122,294,54.761904761904766,0,21.13605442176871
1.5,14,0.28,8,1,0.8,1.3652420558326799,1553.626773136428,62.94780488842222,31.38958123534158,2.005372560292368,332,53.01204819277109,1,22.5
1.5,10,0.2,3,1,0,1.3652370702780963,1806.77192142238,67.03766983954031,52.62379417039923,1.2739041510854963,177,54.80225988700565,0,20.966101694915253
1.5,10,0.18,3,3,0,1.3648741381238585,1768.961207882881,66.45644012635374,45.624082475948605,1.4566088021909749,180,55.00000000000001,0,20.316666666666666
1.5,10,0.3,5,3,0.8,1.3638367569975927,1648.9296200606025,64.544580515993,42.912011255028474,1.5041145504087647,241,55.601659751037346,0,21.65560165975104
1.5,10,0.3,3,1,0,1.362051213549224,1866.8250609297256,67.94153751703509,50.872169264454506,1.335534507361913,176,53.97727272727273,0,21.886363636363637
1.5,10,0.25,5,3,0.8,1.36129627225189,1614.5098793557634,63.97637047486786,40.78113849170354,1.5687735272001575,241,55.601659751037346,0,21.510373443983404
1.5,14,0.2,8,1,0.8,1.3590439215474102,1464.1823898782366,61.378470812450495,33.47331355406293,1.8336538661856043,335,52.537313432835816,1,21.4955223880597
1.5,10,0.35,3,3,0,1.3505857089182176,1818.3331417580287,67.21348911779444,49.673569119421025,1.3531036788640134,178,54.49438202247191,0,21.910112359550563
1.5,14,0.18,5,3,0,1.3431650213239354,1384.8432859783222,59.9231251696458,47.38225445818847,1.2646744198827384,295,53.559322033898304,0,20.528813559322035
1.5,10,0.35,5,3,0.8,1.341709476130263,1581.4256740193903,63.42125657961801,46.36331408484674,1.3679189641955825,241,55.601659751037346,0,21.767634854771785
1.5,10,0.2,5,3,0.8,1.3383379259620922,1499.259513784406,62.00253298420382,49.66792291907044,1.2483415721899935,244,55.73770491803278,0,20.78688524590164
1.5,10,0.35,3,1,0,1.3381397634900671,1776.1069845044228,66.56702533246755,53.892222505211606,1.2351879777463293,176,53.97727272727273,0,22.039772727272727
1.5,14,0.22,8,3,0.8,1.3366095020634225,1405.4224974461886,60.306672803394925,37.800954785076144,1.595374327084565,345,52.7536231884058,1,22.153623188405795
1.5,10,0.18,3,1,0,1.3336025313099475,1636.5578133565155,64.34141559012293,50.35187998558058,1.2778354176358178,178,53.93258426966292,0,20.370786516853933
1.5,14,0.18,8,1,0.8,1.3284398652220224,1327.8171632226504,58.83686566184294,33.80004241177119,1.740733486220492,337,51.33531157270029,1,20.875370919881306
1.5,14,0.3,8,3,0.8,1.327277315536279,1433.2140287543727,60.81782576837425,38.72581473106941,1.5704724662533849,344,52.32558139534884,1,22.78488372093023
1.5,14,0.3,8,1,0,1.3264724692062047,1355.0087109373344,59.3592074854673,41.37140196707955,1.434788396407286,369,53.387533875338754,1,23.15718157181572
1.5,10,0.18,5,3,0.8,1.3243431751265313,1415.4846550133047,60.49263329815322,47.78534126275994,1.265924480177278,245,54.285714285714285,0,20.183673469387756
1.5,10,0.3,5,3,0,1.3240043594637698,1436.199405789464,60.8722777400845,48.50125962446969,1.2550659139865603,265,54.71698113207547,0,22.071698113207546
1.5,14,0.22,8,1,0,1.3177851270242598,1276.6872984907,57.83201265224784,39.749832279094775,1.4548995388507047,371,53.908355795148246,1,22.485175202156334
1.5,14,0.3,3,1,0.8,1.3143090550726602,1620.5025644411226,64.07597261995011,36.051056228677886,1.7773674150767036,185,56.21621621621622,0,21.94054054054054
1.5,14,0.35,8,3,0.8,1.3113645674841128,1398.8169170444608,60.18403494913738,41.10193846719514,1.4642626891471873,344,52.32558139534884,1,22.936046511627907
1.5,10,0.28,5,1,0.8,1.3081023558022788,1467.0968601415661,61.43076047927261,47.74952277644516,1.2865209306254344,235,55.319148936170215,0,21.646808510638298
1.5,10,0.35,5,3,0,1.3063218179889202,1388.9489449548635,59.999993973407406,50.69599506263508,1.1835253238303578,265,54.71698113207547,0,22.173584905660377
1.5,14,0.35,8,1,0,1.3042522096930098,1297.573466355481,58.24615144594312,43.55186298207721,1.3373974718352004,369,53.387533875338754,1,23.260162601626018
1.5,10,0.3,5,1,0.8,1.3030842022339668,1450.0874421312294,61.124446237637066,48.26354912312901,1.266472262155806,235,54.8936170212766,0,21.672340425531914
1.5,14,0.25,8,1,0,1.3027232449011545,1252.9980590603977,57.3559646769251,40.14599286644847,1.4286846726578195,370,53.783783783783775,1,22.772972972972973
1.5,14,0.25,8,3,0.8,1.2998959339693377,1309.7758417189968,58.48574457447493,37.106618378702244,1.576153988961804,345,52.7536231884058,1,22.41449275362319
1.5,10,0.28,5,3,0,1.2969741610644336,1340.7452696925475,59.08622607971397,48.115414040128066,1.2280103425990743,265,55.094339622641506,0,21.973584905660378
1.5,14,0.28,8,1,0,1.2950290603174663,1252.081716970772,57.33741240267438,41.012857823755965,1.3980350418171228,370,53.783783783783775,1,23.013513513513512
1.5,14,0.28,8,3,0.8,1.2922934254359655,1311.787389864252,58.52507664251465,38.3548120806163,1.5258861526815295,345,52.7536231884058,1,22.63478260869565
1.5,10,0.22,5,1,0.8,1.2916452236551572,1367.537828794941,59.59717897017529,50.36409947971381,1.1833266073620652,235,54.8936170212766,0,21.29787234042553
1.5,10,0.25,5,1,0.8,1.2902157367683433,1380.541389030831,59.842393698051,46.3324284711629,1.2915876778463413,235,54.8936170212766,0,21.52340425531915
1.5,14,0.18,3,3,0.8,1.2899721347738755,1442.501658159526,60.98694166126122,39.31623728838372,1.5511896831307477,189,55.55555555555556,0,20.264550264550266
1.5,14,0.2,8,3,0.8,1.2869009303458987,1237.6932199109579,57.04473219261816,45.62309694694162,1.2503476530530049,348,52.29885057471264,1,21.626436781609197
1.5,14,0.3,3,1,0,1.2868295571927242,1528.9561636948947,62.52209385363343,41.792758828161666,1.4960030303504037,189,56.08465608465608,0,21.92063492063492
1.5,14,0.2,3,1,0.8,1.2867108659860873,1438.5096187563856,60.91435505826863,35.75728664786751,1.7035508219106283,187,56.68449197860963,0,20.732620320855617
1.5,14,0.22,3,1,0.8,1.2859609613504799,1463.5400199211642,61.36693497645105,33.368588874662194,1.8390629345147065,186,56.451612903225815,0,21.14516129032258
1.5,14,0.35,3,1,0.8,1.2853241493418897,1514.0935509482852,62.26305038929143,39.72613291296982,1.567307105519041,185,56.21621621621622,0,21.98918918918919
1.5,14,0.3,3,3,0,1.28511808443622,1527.9917490150249,62.505344231450536,40.32613408087613,1.5499959432285986,190,55.78947368421052,0,21.710526315789473
1.5,14,0.22,3,3,0,1.2847264975565125,1485.6455195811516,61.76167976220155,37.454868190363875,1.6489626781837443,191,56.02094240837696,0,20.963350785340314
1.5,10,0.3,5,1,0,1.2838520004897715,1325.3395211673967,58.7888635105029,52.81818279282855,1.1130421457529778,261,54.02298850574713,0,22.088122605363985
1.5,10,0.35,5,1,0.8,1.2815954197628636,1390.2582655579813,60.02447110247109,51.391320187437664,1.1679885024075283,235,54.8936170212766,0,21.78723404255319
1.5,14,0.15,5,1,0.8,1.2799806478388736,1112.610326526115,54.38440349119431,32.19268625329528,1.6893403384635994,275,50.18181818181818,1,19.374545454545455
1.5,14,0.2,3,3,0.8,1.2796518490414854,1421.0117712331783,60.59434735177807,39.91328257186272,1.518149935242226,189,56.08465608465608,0,20.55026455026455
1.5,10,0.25,5,3,0,1.277106317378519,1259.344728591006,57.48417534247019,47.15739243652066,1.2189854521716947,265,54.71698113207547,0,21.769811320754716
1.5,14,0.3,3,3,0.8,1.2743318834212956,1465.0988285106537,61.39492166890508,40.326134080876116,1.5224598902978015,187,55.61497326203209,0,21.72192513368984
1.5,14,0.22,3,3,0.8,1.2739044118832845,1424.3885275408238,60.656338766724026,37.45486819036387,1.6194514010418886,188,55.85106382978723,0,20.96276595744681
1.5,14,0.35,3,3,0,1.2710280069804267,1494.3402036290097,61.915698659994575,43.76552317253212,1.4147140070943738,190,55.78947368421052,0,21.852631578947367
1.5,14,0.18,3,3,0,1.2695877474957573,1382.471198176187,59.87863335698038,39.31623728838371,1.5230001008939884,192,55.208333333333336,0,20.208333333333332
1.5,14,0.25,3,1,0.8,1.2686987173300415,1414.5298499687499,60.47503124725764,32.990544330040734,1.8331019531614672,186,56.98924731182796,0,21.413978494623656
1.5,14,0.25,3,3,0,1.2670191685178291,1438.2752466892998,60.9100886763829,37.39980635527354,1.6286204291481392,191,56.54450261780105,0,21.267015706806284
1.5,14,0.28,3,3,0,1.2663555906640434,1449.2365023567454,61.10904929384593,39.74082803061228,1.53768938198202,191,56.54450261780105,0,21.51832460732984
1.5,10,0.35,5,1,0,1.2661402487387938,1280.2074229622262,57.90217298713651,54.828942774655644,1.0560512396730264,261,54.02298850574713,0,22.191570881226053
1.5,14,0.28,3,1,0.8,1.26234465563712,1405.1743122607802,60.30207309179681,35.424168671106926,1.7022861891740337,186,56.98924731182796,0,21.677419354838708
1.5,14,0.18,3,1,0.8,1.2619211849702046,1333.2545986413384,58.94197052641279,36.94676997435934,1.5953213384368343,188,55.85106382978723,0,20.335106382978722
1.5,14,0.35,3,3,0.8,1.2601770011140663,1432.7473167213002,60.80930523107262,43.76552317253212,1.3894339841740408,187,55.61497326203209,0,21.86631016042781
1.5,10,0.22,5,3,0,1.2593920728342927,1189.0971821657226,56.03661119508803,50.22528473295515,1.115705196954708,265,55.094339622641506,0,21.516981132075472
1.5,14,0.2,3,3,0,1.2588609383913392,1359.6714307170284,59.44796575709395,39.91328257186274,1.489428128344482,192,55.729166666666664,0,20.494791666666668
1.5,14,0.35,3,1,0,1.258133090007564,1428.2090785208861,60.72634087276938,45.1378660695343,1.3453524980383709,189,56.08465608465608,0,21.96825396825397
1.5,10,0.28,5,1,0,1.2570001717142478,1236.77383778556,57.025942564437784,52.46468102370079,1.0869396602006682,261,54.406130268199234,0,21.988505747126435
1.5,14,0.15,8,1,0.8,1.256857221073373,1016.5011737137542,52.18163077235349,33.07839744717838,1.5775138700621858,348,48.85057471264368,1,19.50574712643678
1.5,14,0.22,3,1,0,1.2561542489734927,1372.0735848478205,59.68291510876582,37.42809460687416,1.5946020158291538,190,56.315789473684205,0,21.110526315789475
1.5,14,0.25,3,3,0.8,1.256105477881785,1378.8482730191906,59.810566726181925,37.399806355273526,1.5992212943035304,188,56.38297872340425,0,21.27127659574468
1.5,10,0.35,8,3,0.8,1.255897381294087,1301.3089873089648,58.31968114445898,48.334481754840084,1.2065854236374223,269,53.53159851301115,0,22.360594795539033
1.5,14,0.28,3,3,0.8,1.2554506599418045,1389.3860711465484,60.0081678169184,39.74082803061228,1.5099878585995803,188,56.38297872340425,0,21.52659574468085
1.5,14,0.18,8,3,0.8,1.2519429698469389,1109.0020068354465,54.30435493685633,44.59894621923094,1.2176152026085414,351,50.997150997150996,1,20.846153846153847
1.5,10,0.28,8,3,0.8,1.250835264590679,1199.5728019035657,56.256548949942406,44.46366379993278,1.2652252230736654,269,53.53159851301115,0,22.189591078066915
1.5,10,0.3,8,3,0.8,1.2495376442757884,1197.5256120098234,56.213683198819766,45.010015556357644,1.248914991563019,269,53.159851301115246,0,22.226765799256505
1.5,14,0.2,8,1,0,1.248832477883701,1066.47716377864,53.34578108838019,43.604617999862455,1.2233975100652978,374,53.20855614973262,1,21.93048128342246
1.5,10,0.2,5,1,0.8,1.248695706574716,1224.8603111586733,56.781492587525186,57.10402223733365,0.9943518926133087,238,55.04201680672269,0,20.781512605042018
1.5,10,0.18,5,1,0.8,1.2468384036582851,1188.3326888996883,56.0205027772688,54.22482428452502,1.03311543221093,239,53.55648535564853,0,20.16317991631799
1.5,21,0.18,5,1,0,1.2449267761921015,929.901387673333,50.01627337591232,31.56411861055817,1.5845927457382547,301,54.15282392026578,0,22.12956810631229
1.5,21,0.18,5,1,0.8,1.2449267761921015,929.901387673333,50.01627337591232,31.56411861055817,1.5845927457382547,301,54.15282392026578,0,22.12956810631229
1.5,10,0.22,8,3,0.8,1.2445297099730552,1152.963834285018,55.266477711371564,43.83838325123002,1.2606869508542127,269,52.78810408921933,0,21.828996282527882
1.5,14,0.3,8,3,0,1.2414134465271738,1122.209465825497,54.59640118246858,45.305236880334355,1.2050792566580144,380,52.63157894736842,1,23.268421052631577
1.5,10,0.2,5,3,0,1.2412270038763409,1129.4848696641372,54.7561647386632,53.12618238797897,1.0306813378529727,268,55.223880597014926,1,21.044776119402986
1.5,14,0.25,3,1,0,1.2391663222634814,1325.9304892719947,58.80031925668021,39.27988189299153,1.4969576389477786,190,56.84210526315789,0,21.373684210526317
1.5,10,0.25,5,1,0,1.2356455453964086,1158.1493985415946,55.3781193251301,51.773823591855425,1.0696161782774272,261,54.02298850574713,0,21.7816091954023
1.5,14,0.28,3,1,0,1.2350619691319504,1325.0853349869174,58.783934978114296,41.222156827577564,1.4260276390678306,190,56.84210526315789,0,21.66315789473684
1.5,10,0.25,8,3,0.8,1.2339180161657402,1134.1235718950252,54.857620701639334,42.957453140293524,1.2770221857073647,269,52.78810408921933,0,22.04832713754647
1.5,14,0.22,8,3,0,1.2332445143613404,1059.3354375753293,53.18197441718715,46.6112059337742,1.1409697164400505,382,53.141361256544506,1,22.55759162303665
1.5,14,0.2,3,1,0,1.2329895538707476,1261.3863981708646,57.525314512729885,39.59964669233109,1.452672418005949,191,56.02094240837696,0,20.638743455497384
1.5,14,0.35,8,3,0,1.229859227424173,1102.9926855078652,54.17060245712999,47.01264586906033,1.1522559825287437,380,52.63157894736842,1,23.41578947368421
1.5,14,0.18,8,1,0,1.2297871957628357,998.2334953957412,51.74534361648053,43.50296579616039,1.1894670321775538,377,51.9893899204244,1,21.251989389920425
1.5,14,0.25,8,3,0,1.2192859298681236,1043.302827590351,52.81118356526675,44.2113755413979,1.1945157308172036,381,53.018372703412076,1,22.89501312335958
1.5,10,0.18,5,3,0,1.2174575120069853,1039.6209227696725,52.72542514957761,51.45752584031569,1.0246397254542805,269,53.90334572490706,0,20.460966542750928
1.5,10,0.35,8,1,0.8,1.2153495236284457,1195.694570942097,56.17529599798452,53.177706808698154,1.056369282715968,263,53.2319391634981,0,22.231939163498097
1.5,14,0.28,8,3,0,1.212685154044678,1042.8917073551972,52.80161913295447,45.028325888479216,1.1726311847286355,381,53.018372703412076,1,23.128608923884514
1.5,14,0.15,5,3,0.8,1.2124841031318165,954.9132674544906,50.686253107573066,44.6081228700499,1.1362561310914083,282,49.645390070921984,1,19.319148936170212
1.5,10,0.15,3,3,0.8,1.2117716445913493,1119.4661490714573,54.53595559387037,44.637705898440935,1.2217463800211819,176,50.0,1,18.920454545454547
1.5,14,0.18,3,1,0,1.2085421118144444,1170.113778674318,55.63426128236291,40.218750580229795,1.3832916358597889,192,55.208333333333336,0,20.244791666666668
1.5,10,0.28,8,1,0.8,1.2079467351307944,1099.605302051582,54.09496437158457,49.66974677402246,1.0890928157474828,263,53.2319391634981,0,22.05703422053232
1.5,10,0.3,8,1,0.8,1.2073852634392706,1099.733182592354,54.09782306376838,50.16488246594609,1.0784002753418613,263,52.851711026615966,0,22.09505703422053
1.5,10,0.22,5,1,0,1.2073337171771303,1064.8136224802488,53.30769932166761,55.845865469438586,0.9545505092197027,261,54.406130268199234,0,21.52490421455939
1.5,10,0.35,8,3,0,1.2059194828925313,1076.2526968919806,53.568660516879184,52.72688943854666,1.0159647399513985,325,51.07692307692307,0,22.77230769230769
1.5,21,0.3,5,1,0,1.2054121529408566,938.302613412289,50.22838234730245,39.2552238560048,1.2795337133103397,296,53.71621621621622,1,23.905405405405407
1.5,21,0.3,5,1,0.8,1.2054121529408566,938.302613412289,50.22838234730245,39.2552238560048,1.2795337133103397,296,53.71621621621622,1,23.905405405405407
1.0,10,0.35,8,3,0,1.2031007221187402,952.1818122527483,50.57571014735378,46.81570671110563,1.080314998969271,434,54.14746543778802,2,24.308755760368662
1.5,14,0.15,5,1,0,1.2026546583338626,913.773421764381,49.6466719685077,38.38032413587194,1.293544884945506,296,50.67567567567568,1,19.2972972972973
1.5,21,0.28,5,1,0,1.2008823533163324,925.0246653612307,49.892492390965714,39.25522385600479,1.2709771462259478,297,53.87205387205387,1,23.77777777777778
1.5,21,0.28,5,1,0.8,1.2008823533163324,925.0246653612307,49.892492390965714,39.25522385600479,1.2709771462259478,297,53.87205387205387,1,23.77777777777778
1.5,21,0.35,5,1,0,1.1975564621612895,930.1007197676372,50.02132251574818,39.46841393382477,1.267376049101367,296,53.71621621621622,1,24.054054054054053
1.5,21,0.35,5,1,0.8,1.1975564621612895,930.1007197676372,50.02132251574818,39.46841393382477,1.267376049101367,296,53.71621621621622,1,24.054054054054053
1.5,10,0.3,8,3,0,1.1966872025306334,995.7961598686392,51.6866803297404,50.62255793133269,1.0210207157024966,325,50.76923076923077,0,22.661538461538463
1.5,21,0.2,5,1,0,1.1963889343222571,850.2018606613699,47.92954962906568,32.65217411856179,1.4678823362582512,301,53.820598006644516,0,22.591362126245848
1.5,21,0.2,5,1,0.8,1.1963889343222571,850.2018606613699,47.92954962906568,32.65217411856179,1.4678823362582512,301,53.820598006644516,0,22.591362126245848
1.5,10,0.18,8,3,0.8,1.195183228677169,991.574136544137,51.58480655453275,49.31898794377056,1.045942114897927,273,51.28205128205128,0,20.747252747252748
1.5,10,0.2,8,3,0.8,1.1925833456743617,1007.9738644458375,51.97871252197328,51.14627449371135,1.0162756336898844,272,52.57352941176471,0,21.330882352941178
1.5,10,0.2,5,1,0,1.1891545646605646,1007.0893450862068,51.95759048508237,57.839297475008046,0.8983095015552857,264,54.54545454545454,0,21.015151515151516
1.5,10,0.35,8,1,0,1.1879800999101933,1046.4881952426424,52.88519285878088,56.68959580252781,0.9328906320482657,313,51.118210862619804,0,22.840255591054312
1.5,14,0.15,8,3,0.8,1.1865319052985506,869.3596116560254,48.48448512963517,43.377533039795544,1.1177326540251697,364,48.35164835164835,1,19.453296703296704
1.5,10,0.25,8,1,0.8,1.1809707172307715,1010.679735704465,52.04324149635764,48.304731198666325,1.0773942884044976,263,52.47148288973384,1,21.91254752851711
1.5,10,0.3,8,1,0,1.1784577200393178,969.066969084971,51.03617036748667,54.76166156971621,0.9319689889707476,313,50.798722044728436,0,22.72523961661342
1.0,10,0.3,8,3,0,1.1756303597065754,881.1029858755429,48.755182088991546,46.079277548681524,1.0580717555192354,436,54.12844036697248,2,24.027522935779817
1.5,10,0.18,5,1,0,1.1704299436550494,937.9398582265998,50.26147452419178,55.91331988468404,0.8989177288676713,265,53.20754716981132,0,20.422641509433962
1.5,14,0.2,8,3,0,1.1685678835493913,893.0496825804735,49.10973512784405,50.68474405960581,0.9689253845316937,385,52.467532467532465,1,22.036363636363635
1.5,10,0.22,8,1,0.8,1.1641676536551482,957.4139105110352,50.74835656922967,52.188236834720584,0.9724098694874289,263,52.47148288973384,0,21.688212927756656
1.5,14,0.15,5,3,0,1.159346097228722,830.7342896769778,47.43744290667165,46.53405818704087,1.0194134093355811,297,49.494949494949495,1,19.363636363636363
1.5,10,0.28,8,3,0,1.1559222881576323,897.7258790999965,49.231694947680296,50.25260581504104,0.9796844193290534,325,51.07692307692307,0,22.56923076923077
1.5,10,0.15,3,1,0.8,1.1534529890460583,968.4875107695401,51.02191995390808,47.593404320480985,1.072037621228782,174,49.42528735632184,1,18.908045977011493
1.0,10,0.28,8,3,0,1.151366080385577,823.4219644143133,47.19589109083042,46.05653766485378,1.0247381475843351,437,54.23340961098398,2,23.844393592677346
1.5,10,0.15,3,3,0,1.1486223390608004,949.1686530437466,50.54312379433175,44.637436612344615,1.1323034571468626,182,49.45054945054945,1,18.956043956043956
1.5,14,0.18,8,3,0,1.1484494364537023,833.3461244474643,47.50936412065558,49.70242509393207,0.9558761776888786,389,51.156812339331616,1,21.20822622107969
1.5,10,0.15,3,1,0,1.1417660719514904,929.4644989089651,50.04721756700275,46.1151511803165,1.0852662581829413,180,48.888888888888886,1,18.944444444444443
1.0,10,0.35,8,3,0.8,1.1394681650003924,895.2483465808576,49.12597571142081,48.04749437686192,1.0224461514288297,391,52.685421994884905,2,24.135549872122763
1.0,10,0.25,8,3,0,1.1394015641710948,796.2918936719292,46.434492306808494,45.123327893519864,1.0290573518066455,439,54.441913439635535,2,23.57630979498861
1.5,10,0.28,8,1,0,1.1381956895673935,873.6583598889928,48.598872001035474,54.42272098594665,0.8929886473994006,313,51.118210862619804,0,22.629392971246006
1.5,10,0.25,8,3,0,1.1379688811749835,846.8684358442531,47.87908695423142,49.3340463340186,0.9705080063788746,325,50.46153846153846,0,22.353846153846153
1.5,21,0.25,5,1,0,1.1335831877969225,772.8678755123333,45.76163099484034,39.33321580436969,1.1634347728505965,298,53.355704697986575,1,23.399328859060404
1.5,21,0.25,5,1,0.8,1.1335831877969225,772.8678755123333,45.76163099484034,39.33321580436969,1.1634347728505965,298,53.355704697986575,1,23.399328859060404
1.5,10,0.18,8,1,0.8,1.133309911940221,860.1013819984934,48.23669973038412,55.569330750841175,0.8680453602485385,267,50.936329588014985,1,20.53932584269663
1.5,21,0.18,5,3,0,1.129906786796489,709.5519734091887,43.8651511135981,30.65783945712697,1.430797208490204,300,53.333333333333336,0,22.126666666666665
1.5,21,0.18,5,3,0.8,1.129906786796489,709.5519734091887,43.8651511135981,30.65783945712697,1.430797208490204,300,53.333333333333336,0,22.126666666666665
1.5,21,0.18,8,1,0,1.129078932271461,607.8869238267708,40.546426225481326,32.43888576334405,1.2499327665347497,452,51.54867256637168,1,23.037610619469028
1.5,21,0.22,5,1,0,1.1253956825154852,730.1621066930661,44.49553202869725,35.240466234973944,1.2626260882024947,299,53.51170568561873,1,22.96989966555184
1.5,21,0.22,5,1,0.8,1.1253956825154852,730.1621066930661,44.49553202869725,35.240466234973944,1.2626260882024947,299,53.51170568561873,1,22.96989966555184
1.0,21,0.35,5,3,0,1.1232357730819893,845.6137389396417,47.80507696242271,40.2412181501332,1.1879629683194486,302,53.973509933774835,1,23.576158940397352
1.0,21,0.35,5,3,0.8,1.1232357730819893,845.6137389396417,47.80507696242271,40.2412181501332,1.1879629683194486,302,53.973509933774835,1,23.576158940397352
1.5,21,0.18,8,1,0.8,1.1215181535998668,603.590927976594,40.39771518191853,34.5078290921744,1.170682602896043,443,51.46726862302483,1,23.06997742663657
1.0,21,0.3,5,3,0,1.1186191295751813,829.0158785950294,47.35058008456381,39.16789730801121,1.2089129960744396,303,53.79537953795379,1,23.402640264026402
1.0,21,0.3,5,3,0.8,1.1186191295751813,829.0158785950294,47.35058008456381,39.16789730801121,1.2089129960744396,303,53.79537953795379,1,23.402640264026402
1.5,14,0.15,8,1,0,1.1182146854377941,692.8025099040605,43.378660734217924,39.66649875081507,1.0935843117065271,388,49.74226804123711,1,19.84536082474227
1.5,21,0.3,8,1,0,1.1161472516261672,659.988740220738,42.29310410651159,39.29180194039343,1.0763849459149573,434,51.843317972350235,1,25.88479262672811
1.5,10,0.25,8,1,0,1.1161386582225141,814.536489141819,46.98764901059364,53.76032084625586,0.8740209930102398,313,50.47923322683706,0,22.405750798722046
1.5,21,0.3,8,1,0.8,1.1153115353817262,666.2811864794639,42.49730049756266,39.11106273381247,1.0865800499157163,428,52.10280373831776,1,25.757009345794394
1.0,10,0.28,8,3,0.8,1.1152245476006362,827.2362753996033,47.301452214977324,46.59115422800408,1.0152453399951684,394,52.79187817258884,2,23.69796954314721
1.0,10,0.3,8,3,0.8,1.1148459046772086,830.3036854919561,47.386082924334836,46.634829885304626,1.0161092694211145,393,52.67175572519084,2,23.82442748091603
1.5,10,0.2,8,1,0.8,1.1121113698006087,835.881086101816,47.57900971292497,58.363961026850134,0.8152121424904046,266,52.255639097744364,1,21.12406015037594
1.0,10,0.25,8,3,0.8,1.1098742191366553,814.1260942720523,46.93711100910583,45.37907465555616,1.034333806173346,396,53.03030303030303,2,23.4520202020202
1.0,21,0.35,8,3,0,1.108987034044713,678.9530703947071,42.90434784766908,43.78941047954941,0.9797882039929796,450,52.44444444444445,2,25.215555555555557
1.0,21,0.35,8,3,0.8,1.108987034044713,678.9530703947071,42.90434784766908,43.78941047954941,0.9797882039929796,450,52.44444444444445,2,25.215555555555557
1.5,10,0.22,8,3,0,1.106754626729621,774.2821604763274,45.840651688271365,51.678895498543355,0.8870284716043021,325,50.76923076923077,0,22.110769230769233
1.0,10,0.35,8,1,0,1.1014640274958616,744.501980227885,44.92654637041682,48.27664352561641,0.9306062536551041,424,52.83018867924528,3,24.63443396226415
1.0,21,0.28,5,3,0,1.1002282876638585,778.1337220789017,45.91418215001977,38.892943257043925,1.1805273220535766,304,53.61842105263158,1,23.138157894736842
1.0,21,0.28,5,3,0.8,1.1002282876638585,778.1337220789017,45.91418215001977,38.892943257043925,1.1805273220535766,304,53.61842105263158,1,23.138157894736842
1.5,21,0.18,8,3,0,1.0985495059182129,571.7161294611511,39.27026308003276,31.677612771732395,1.2396850533849473,451,50.77605321507761,1,23.181818181818183
1.5,10,0.15,5,3,0.8,1.0976269130610734,752.9110248643748,45.21387258124297,46.55658855636207,0.9711594853327022,247,49.797570850202426,0,18.910931174089068
1.0,10,0.22,8,3,0,1.0974724747935705,699.3122786718844,43.54701673690655,44.33876436227572,0.9821432185412275,440,53.86363636363637,2,23.09318181818182
1.5,21,0.35,8,1,0,1.0912859995626885,629.9783866359735,41.299579641217775,40.188061265934486,1.0276579247734319,433,51.73210161662818,1,26.085450346420323
1.5,21,0.3,5,3,0,1.090680968694834,708.6114241799775,43.83606852470334,39.25522385600475,1.1166938873027945,295,52.88135593220339,1,23.9864406779661
1.5,21,0.3,5,3,0.8,1.090680968694834,708.6114241799775,43.83606852470334,39.25522385600475,1.1166938873027945,295,52.88135593220339,1,23.9864406779661
1.5,21,0.35,8,1,0.8,1.0895899660138564,635.1686354480565,41.47379217548779,40.03468424972146,1.0359465286847203,427,51.99063231850117,1,25.960187353629976
1.0,21,0.3,8,3,0,1.0886664270167057,641.7680158142775,41.6938414099862,43.789410479549375,0.9521443872704829,453,52.317880794701985,2,24.958057395143488
1.0,21,0.3,8,3,0.8,1.0886664270167057,641.7680158142775,41.6938414099862,43.789410479549375,0.9521443872704829,453,52.317880794701985,2,24.958057395143488
1.5,21,0.28,8,1,0,1.0882705833105748,616.4181721383551,40.83954875106486,39.78750438512358,1.0264415771282862,436,51.60550458715596,1,25.639908256880734
1.5,10,0.2,8,3,0,1.0870100071323705,731.6894262572562,44.57850887208568,54.371469542539806,0.8198878795653629,328,50.609756097560975,1,21.658536585365855
1.5,21,0.28,5,3,0,1.085973792188653,698.3060746802935,43.515573894017564,39.2552238560048,1.1085295056179147,296,53.04054054054054,1,23.85810810810811
1.5,21,0.28,5,3,0.8,1.085973792188653,698.3060746802935,43.515573894017564,39.2552238560048,1.1085295056179147,296,53.04054054054054,1,23.85810810810811
1.5,21,0.28,8,1,0.8,1.0845338209665407,617.8560646224939,40.88866858160494,39.90585469368156,1.024628313200343,430,51.86046511627907,1,25.513953488372092
1.5,21,0.35,5,3,0,1.083383394508427,702.223936741051,43.63781922151042,39.468413933824785,1.1056390382110697,295,52.88135593220339,1,24.135593220338983
1.5,21,0.35,5,3,0.8,1.083383394508427,702.223936741051,43.63781922151042,39.468413933824785,1.1056390382110697,295,52.88135593220339,1,24.135593220338983
1.0,21,0.35,5,1,0,1.080477310771442,751.3420662517202,45.130012808616435,43.0384175951458,1.0485983298258286,305,53.11475409836065,1,23.34426229508197
1.0,21,0.35,5,1,0.8,1.080477310771442,751.3420662517202,45.130012808616435,43.0384175951458,1.0485983298258286,305,53.11475409836065,1,23.34426229508197
1.0,21,0.28,8,3,0,1.0795651551862404,617.5878107655426,40.8795109353252,43.78941047954939,0.9335478712237248,454,52.20264317180616,2,24.75770925110132
1.0,21,0.28,8,3,0.8,1.0795651551862404,617.5878107655426,40.8795109353252,43.78941047954939,0.9335478712237248,454,52.20264317180616,2,24.75770925110132
1.5,21,0.2,5,3,0,1.0790176732145558,642.6292549151898,41.72243907590796,32.65217411856179,1.277784411059783,300,53.0,0,22.653333333333332
1.5,21,0.2,5,3,0.8,1.0790176732145558,642.6292549151898,41.72243907590796,32.65217411856179,1.277784411059783,300,53.0,0,22.653333333333332
1.0,21,0.3,5,1,0,1.07730617165717,740.2559362415732,44.799556916543956,43.03841759514579,1.0409201689979606,306,52.94117647058824,1,23.209150326797385
1.0,21,0.3,5,1,0.8,1.07730617165717,740.2559362415732,44.799556916543956,43.03841759514579,1.0409201689979606,306,52.94117647058824,1,23.209150326797385
1.5,10,0.22,8,1,0,1.0756480676120992,726.6517851313224,44.42572032370911,56.91326335131664,0.7805864170795499,313,50.798722044728436,0,22.15335463258786
1.0,10,0.3,8,1,0,1.0727964737024052,686.2752933732569,43.137065530324705,47.61410404413084,0.9059724297309759,426,52.816901408450704,2,24.345070422535212
1.0,10,0.2,8,3,0,1.0693498297521984,639.4538172063474,41.61686174741301,44.19746200465737,0.9416120261165127,442,53.16742081447964,2,22.57239819004525
2.0,14,0.25,3,1,0.8,1.069223301436726,990.3510424212236,52.12716517490534,53.1584887172434,0.9805990808387387,111,52.25225225225225,1,20.55855855855856
1.5,21,0.18,8,3,0.8,1.0691670275979177,539.9643180420851,38.10232869295955,32.4135018294554,1.1755079378166569,442,50.678733031674206,1,23.199095022624434
2.0,10,0.25,5,3,0,1.0680742567709434,933.8253747861257,50.92796422970947,42.7293061327234,1.1918743560103655,106,50.943396226415096,1,20.735849056603772
1.5,14,0.15,3,3,0.8,1.0656518974824207,754.1030286992731,45.24917166950211,38.6266536296127,1.1714494375669222,190,50.526315789473685,0,18.978947368421053
1.5,10,0.18,8,3,0,1.0614346155174652,670.061837467966,42.654291843162675,52.898620823451616,0.8063403389196243,330,49.09090909090909,1,20.90909090909091
1.5,10,0.15,5,1,0.8,1.0598900908717628,694.6237731485712,43.43592880579952,49.36411109248565,0.8799090643893203,241,49.79253112033195,1,18.904564315352697
1.5,21,0.3,8,3,0,1.059617529106658,580.5929858283997,39.58861384359991,40.01177232663658,0.9894241504829575,436,50.917431192660544,1,25.837155963302752
2.0,10,0.25,5,1,0,1.0595200255908417,920.655574728356,50.587354764461104,42.7293061327234,1.1839030244799544,105,51.42857142857142,1,20.733333333333334
2.0,14,0.28,3,1,0.8,1.0592703009275484,962.2569655049849,51.43139654909235,53.158488717243394,0.9675105103657543,111,52.25225225225225,1,20.61261261261261
2.0,10,0.28,5,3,0,1.058917065549475,910.0165958339576,50.309545836775605,42.72930613272338,1.1774014228199006,106,50.943396226415096,1,20.79245283018868
2.0,10,0.3,5,3,0,1.058917065549475,910.0165958339576,50.309545836775605,42.72930613272338,1.1774014228199006,106,50.943396226415096,1,20.79245283018868
2.0,14,0.3,3,1,0.8,1.0587730794060726,960.9467309823701,51.3985790916023,53.1584887172434,0.9668931591527691,110,51.81818181818182,1,20.80909090909091
1.5,10,0.2,8,1,0,1.058714833883379,689.5184147176258,43.27511995650271,58.74675155033161,0.7366385172706359,316,50.63291139240506,1,21.63607594936709
1.0,21,0.28,5,1,0,1.05776161809006,692.8476395933825,43.344430625737004,43.038417595145795,1.0071102295969572,307,52.76872964169381,1,22.94788273615635
1.0,21,0.28,5,1,0.8,1.05776161809006,692.8476395933825,43.344430625737004,43.038417595145795,1.0071102295969572,307,52.76872964169381,1,22.94788273615635
2.0,14,0.25,3,3,0.8,1.0575258474770277,954.1229224780817,51.2271209690907,54.8873174884937,0.9333143486166853,113,51.32743362831859,1,20.56637168141593
2.0,14,0.22,3,1,0.8,1.0575155844237674,950.8328280691039,51.144125408632156,53.21250286300657,0.9611298596553639,111,52.25225225225225,1,20.396396396396398
2.0,10,0.35,5,3,0,1.0562218312701588,903.0815804349984,50.1271555830757,42.72930613272338,1.1731329178941856,106,50.943396226415096,1,20.81132075471698
2.0,14,0.35,3,1,0.8,1.0561585291846405,953.6620171002552,51.215507094609734,53.1584887172434,0.9634492689781189,110,51.81818181818182,1,20.827272727272728
1.5,21,0.25,8,1,0,1.052864351203289,557.5928056962699,38.756520420615104,39.225458016087266,0.9880450702378073,441,51.70068027210885,1,24.984126984126984
1.5,21,0.2,8,1,0,1.0523327679037953,523.7767952423795,37.48836594831331,34.877603926087744,1.0748549707645705,447,51.45413870246085,1,23.818791946308725
2.0,14,0.18,3,1,0.8,1.0511945855194527,920.3889448870935,50.36581286517254,55.409768921008464,0.9089699135358871,111,51.35135135135135,2,19.72972972972973
2.0,14,0.25,3,1,0,1.0511108577141788,945.663902590833,50.96995947076748,53.1584887172434,0.9588301078663658,117,52.13675213675214,1,20.581196581196583
1.5,14,0.15,3,3,0,1.0510114018769756,730.2309122088587,44.53435183630909,38.62665362961274,1.152943567499911,193,50.259067357512954,0,18.94300518134715
2.0,10,0.28,5,1,0,1.0504172122796203,897.1500934762311,49.970331998634435,42.72930613272338,1.169462753348238,105,51.42857142857142,1,20.79047619047619
2.0,10,0.3,5,1,0,1.0504172122796203,897.1500934762311,49.970331998634435,42.72930613272338,1.169462753348238,105,51.42857142857142,1,20.79047619047619
1.5,14,0.15,8,3,0,1.0502748266483326,598.6293651079557,40.25777191588702,46.50161268606049,0.8657285111308591,402,49.004975124378106,1,19.77860696517413
1.0,21,0.25,5,3,0,1.050192340792052,666.0915753932227,42.49116769833865,39.4193226598506,1.077927392740738,305,53.442622950819676,1,22.560655737704916
1.0,21,0.25,5,3,0.8,1.050192340792052,666.0915753932227,42.49116769833865,39.4193226598506,1.077927392740738,305,53.442622950819676,1,22.560655737704916
2.0,14,0.25,5,1,0.8,1.0498503137147048,924.4861514327107,50.47166563214669,53.158488717243394,0.949456368118585,124,50.0,1,20.774193548387096
1.5,21,0.35,8,3,0,1.0495280173983925,573.2760641994673,39.326457735165256,40.14641676783306,0.979575785370594,435,50.804597701149426,1,26.064367816091956
1.5,21,0.2,8,1,0.8,1.049144351890712,524.9417780252718,37.53298842071375,35.092622209102856,1.0695407199003177,439,51.252847380410024,1,23.82232346241458
1.0,10,0.35,8,1,0.8,1.0488677969878306,714.600484041525,44.02078008070796,48.405504985307005,0.9094168131097901,381,51.44356955380578,2,24.16272965879265
2.0,10,0.35,5,1,0,1.0477376544987516,890.303422558293,49.78835335750147,42.72930613272338,1.1652038814496934,105,51.42857142857142,1,20.80952380952381
2.0,14,0.28,3,3,0.8,1.0475574084088919,926.9623023556784,50.535468784411194,54.8873174884937,0.9207130371238346,113,51.32743362831859,1,20.61946902654867
2.0,14,0.3,3,3,0.8,1.0470598619666123,925.6956018249548,50.50284548792081,54.8873174884937,0.9201186685523112,112,50.89285714285714,1,20.8125
1.5,14,0.15,3,1,0.8,1.046594052707461,711.8695763096365,43.97290218828207,34.91323078536553,1.259491063964039,189,50.79365079365079,0,19.058201058201057
1.5,21,0.15,5,1,0,1.0461827506821775,548.9765079344055,38.43860463424733,35.72652046606996,1.0759123511832922,307,50.814332247557005,0,20.62540716612378
1.5,21,0.15,5,1,0.8,1.0461827506821775,548.9765079344055,38.43860463424733,35.72652046606996,1.0759123511832922,307,50.814332247557005,0,20.62540716612378
2.0,14,0.18,3,3,0.8,1.0460876736039824,900.6766123400514,49.85158517393216,56.370330242989986,0.8843585793988057,113,50.442477876106196,2,19.58407079646018
1.5,21,0.3,8,3,0.8,1.045948280951755,566.8194905511417,39.09316479465763,39.85939664702844,0.9807766319406159,429,50.815850815850816,1,25.76923076923077
1.5,21,0.25,8,1,0.8,1.0458247378776389,554.3200619267583,38.63617347839743,39.742694322843505,0.9721578805035858,435,51.724137931034484,1,24.859770114942528
2.0,10,0.22,5,3,0,1.0454800717973096,871.0791455507355,49.27178925829867,45.83332319996858,1.0750210942228262,106,50.943396226415096,2,20.5188679245283
2.0,14,0.35,3,3,0.8,1.0444410341908998,918.6529306226788,50.32085661694295,54.8873174884937,0.9168029869102631,112,50.89285714285714,1,20.830357142857142
1.0,10,0.28,8,1,0,1.0442000541828647,633.228511460944,41.40879049838793,47.593702555526804,0.8700476801542592,427,52.92740046838408,2,24.140515222482435
1.5,21,0.28,8,3,0,1.0434382500557897,556.4260483604554,38.713672717529036,39.41506875746788,0.9822048759002622,437,50.800915331807786,1,25.64988558352403
2.0,10,0.25,3,3,0,1.0433486016494458,886.0291348088219,49.67422030229205,42.72930613272342,1.1625328094024443,94,53.191489361702125,1,20.75531914893617
2.0,14,0.22,3,3,0.8,1.042890658294135,908.2812898798975,50.05094642447008,55.27805024497027,0.90543979396278,113,51.32743362831859,1,20.398230088495577
1.5,10,0.18,8,1,0,1.0423545293264764,645.0458917117077,41.83674573606282,57.00051348928221,0.7339713833267374,318,49.056603773584904,1,20.867924528301888
2.0,14,0.25,5,3,0.8,1.0422040294946247,899.4056980169875,49.818145658189806,54.8873174884937,0.9076440230228673,126,49.2063492063492,1,20.77777777777778
2.0,14,0.25,8,1,0.8,1.0419844718947366,903.0790004834957,49.914699805451626,53.158488717243415,0.9389789102349033,130,50.76923076923077,1,20.784615384615385
2.0,10,0.25,8,1,0,1.0419629671531894,875.221034980161,49.38379091590572,42.7293061327234,1.155735849360917,111,52.25225225225225,1,20.74774774774775
2.0,10,0.25,5,3,0.8,1.0414598456566577,873.679810327432,49.38408116875264,43.382042020079695,1.1383530804265705,99,51.515151515151516,1,20.767676767676768
2.0,10,0.25,8,3,0,1.041449779495267,865.1080005999642,49.10962770686558,42.7293061327234,1.1493195689703917,112,50.89285714285714,1,20.75
2.0,14,0.28,3,1,0,1.0411977282105598,918.7212382882535,50.2799631720257,53.158488717243394,0.9458501245110837,117,52.13675213675214,1,20.632478632478634
2.0,14,0.28,5,1,0.8,1.040904899623756,900.8924528121227,49.857260757264775,53.158488717243394,0.9378983857585144,124,50.0,1,20.822580645161292
2.0,14,0.3,3,1,0,1.0407034506209574,917.4647026488838,50.247417924595396,53.1584887172434,0.945237894024182,116,51.724137931034484,1,20.81896551724138
2.0,14,0.3,5,1,0.8,1.0402324079333223,899.2169187824668,49.81317562517762,53.158488717243394,0.9370690707582018,123,49.59349593495935,1,21.0
2.0,14,0.25,3,3,0,1.0394236790448452,910.9205623183717,50.077381911137934,54.887317488493714,0.912367085923554,119,51.26050420168067,2,20.58823529411765
2.0,14,0.22,3,1,0,1.039368076350175,907.7653097201382,49.995074684775446,53.21250286300655,0.9395362366901958,117,52.13675213675214,1,20.427350427350426
2.0,10,0.25,3,1,0,1.0392654971078652,882.2738596058036,49.57360921571128,42.72930613272342,1.160178193901124,93,53.76344086021505,1,20.752688172043012
2.0,14,0.35,3,1,0,1.0380988988324025,910.4785467680084,50.06586435967573,53.1584887172434,0.9418225680941058,116,51.724137931034484,1,20.836206896551722
2.0,14,0.2,3,1,0.8,1.0376736172475252,888.7725268509422,49.536989980624725,55.03422333154363,0.9001124569742389,111,51.35135135135135,1,20.036036036036037
2.0,14,0.35,5,1,0.8,1.0375988026129968,892.3560565478862,49.63202070680217,53.158488717243394,0.9336612440357561,123,49.59349593495935,1,21.016260162601625
2.0,10,0.28,3,3,0,1.0374870437889037,871.3095980107192,49.27803129784172,42.72930613272342,1.1532607420484902,94,53.191489361702125,1,20.76595744680851
2.0,10,0.3,3,3,0,1.0374870437889037,871.3095980107192,49.27803129784172,42.72930613272342,1.1532607420484902,94,53.191489361702125,1,20.76595744680851
2.0,14,0.22,5,1,0.8,1.037142468701159,885.4248500950044,49.44795691801238,53.21250286300656,0.9292544845205675,124,50.0,1,20.56451612903226
2.0,10,0.22,5,1,0,1.03701318541348,858.7086635534062,48.934917396444376,45.83332319996858,1.0676711610664513,105,51.42857142857142,2,20.514285714285716
1.5,21,0.35,8,3,0.8,1.0363494186192623,560.7717096322519,38.87294386011,39.99845170022424,0.9718612148152743,428,50.70093457943925,1,26.0
2.0,10,0.28,5,3,0.8,1.035569767372885,859.1446254208895,48.98838382031276,43.382042020079695,1.1292318558365264,99,51.515151515151516,1,20.77777777777778
2.0,10,0.3,5,3,0.8,1.035569767372885,859.1446254208895,48.98838382031276,43.382042020079695,1.1292318558365264,99,51.515151515151516,1,20.77777777777778
2.0,10,0.35,3,3,0,1.034819982996816,864.6403541120097,49.096892715799825,42.72930613272342,1.149021530171769,94,53.191489361702125,1,20.78723404255319
2.0,10,0.28,3,1,0,1.033430818042371,867.610381913448,49.17768652971011,42.72930613272342,1.1509123592355346,93,53.76344086021505,1,20.763440860215052
2.0,10,0.3,3,1,0,1.033430818042371,867.610381913448,49.17768652971011,42.72930613272342,1.1509123592355346,93,53.76344086021505,1,20.763440860215052
2.0,14,0.28,5,3,0.8,1.0332331798324061,876.3895969152467,49.20640923159117,54.88731748849373,0.8964987083201238,126,49.2063492063492,1,20.825396825396826
2.0,10,0.25,5,1,0.8,1.0331472678772866,861.2761987165707,49.046720239731286,43.382042020079695,1.130576569379322,98,52.04081632653062,1,20.76530612244898
2.0,14,0.28,8,1,0.8,1.0330360241422065,879.9783040056063,49.3025691296199,53.158488717243394,0.9274637093591278,130,50.76923076923077,1,20.83076923076923
2.0,14,0.18,3,1,0,1.032895692780325,878.5691440270875,49.22321564020149,55.40976892100851,0.8883490510558437,117,51.28205128205128,2,19.794871794871796
2.0,10,0.35,5,3,0.8,1.032889809112428,852.558909132109,48.80747026929792,43.382042020079695,1.1250616152809736,99,51.515151515151516,1,20.7979797979798
2.0,10,0.28,8,1,0,1.0328584317951535,852.7619015349682,48.77169968165318,42.729306132723394,1.1414109915607158,111,52.25225225225225,1,20.8018018018018
2.0,10,0.3,8,1,0,1.0328584317951535,852.7619015349682,48.77169968165318,42.72930613272339,1.1414109915607158,111,52.25225225225225,1,20.8018018018018
2.0,14,0.3,5,3,0.8,1.0325590102441553,874.7550816471593,49.162515567540524,54.88731748849373,0.8956990032869921,125,48.8,1,21.0
2.0,14,0.3,8,1,0.8,1.0323636789408546,878.3377810982021,49.258647177171476,53.158488717243394,0.9266374640404912,129,50.3875968992248,1,21.0
2.0,10,0.28,8,3,0,1.0322895055482766,842.8817681900593,48.49865984012154,42.729306132723394,1.135021001499011,112,50.89285714285714,1,20.803571428571427
2.0,10,0.3,8,3,0,1.0322895055482766,842.8817681900593,48.49865984012154,42.72930613272339,1.1350210014990112,112,50.89285714285714,1,20.803571428571427
1.5,10,0.15,5,3,0,1.0322413311756158,615.7439119571708,40.84977832376606,47.978180356138964,0.8514240852933723,272,50.0,0,19.15073529411765
1.5,21,0.2,8,3,0,1.0320493262044104,502.6727181561807,36.66784719704124,35.00835290740884,1.0474028096672094,447,50.78299776286354,1,23.946308724832214
1.0,10,0.22,8,3,0.8,1.031902498047515,647.4615302476035,41.882389794438545,43.80020279354729,0.9562145178151713,397,52.39294710327456,2,22.97229219143577
2.0,14,0.25,5,1,0,1.0316575025802026,882.4984299355018,49.328190875722555,53.158488717243394,0.9279456972169644,130,50.0,2,20.784615384615385
2.0,10,0.35,3,1,0,1.0307757046976889,860.9665377167876,48.99666970911467,42.72930613272342,1.1466759969591809,93,53.76344086021505,1,20.78494623655914
2.0,14,0.22,8,1,0.8,1.030538882812078,868.0020332124082,48.980521863926626,53.21250286300656,0.9204701757785196,130,50.76923076923077,1,20.584615384615386
2.0,10,0.35,8,1,0,1.0301779845264807,846.2200105542257,48.591175498060956,42.72930613272339,1.137186158537884,111,52.25225225225225,1,20.81981981981982
2.0,14,0.35,5,3,0.8,1.0299178166398062,868.0621802341335,48.98214743089599,54.88731748849373,0.8924128500388882,125,48.8,1,21.016
2.0,14,0.35,8,1,0.8,1.0297290199226539,871.6202800142747,49.07816279765429,53.158488717243394,0.9232422512744322,129,50.3875968992248,1,21.015503875968992
2.0,10,0.35,8,3,0,1.0295927780237066,836.407716566782,48.31846697152125,42.72930613272339,1.130803922287835,112,50.89285714285714,1,20.821428571428573
2.0,14,0.28,3,3,0,1.0294952625531075,884.8730978514096,49.39146506777019,54.887317488493714,0.8998702674461064,119,51.26050420168067,2,20.638655462184875
2.0,14,0.3,3,3,0,1.029000667529355,883.6583119991138,49.35911223714673,54.88731748849373,0.8992808265314497,118,50.847457627118644,2,20.822033898305083
2.0,14,0.18,3,3,0,1.0277276915723486,859.6647052010977,48.71325022198252,56.370330242989944,0.8641647123938991,119,50.42016806722689,2,19.65546218487395
1.5,21,0.22,8,1,0.8,1.0277131586693118,515.8919354667379,37.184528034418676,36.68464081408359,1.013626608009289,436,51.37614678899083,1,24.380733944954127
2.0,10,0.28,5,1,0.8,1.0272920584879763,846.9261761050255,48.651916512780645,43.382042020079695,1.1214759436695432,98,52.04081632653062,1,20.775510204081634
2.0,10,0.3,5,1,0.8,1.0272920584879763,846.9261761050255,48.651916512780645,43.382042020079695,1.1214759436695432,98,52.04081632653062,1,20.775510204081634
2.0,14,0.22,5,3,0.8,1.0265476743601725,854.0747480009192,48.601853564423905,55.27805024497026,0.8792251779691919,126,49.2063492063492,1,20.563492063492063
1.5,21,0.28,8,3,0.8,1.0264147107730601,538.7635006910776,38.05722717116629,39.531199781863336,0.9627136889638928,430,50.697674418604656,1,25.58372093023256
2.0,14,0.35,3,3,0,1.0263918780404437,876.9042788781084,49.17863206880535,54.88731748849373,0.895992632161608,118,50.847457627118644,2,20.838983050847457
1.5,10,0.15,5,1,0,1.0262160508489024,615.0160725203784,40.82484107546731,49.63562027377653,0.822490800966899,268,50.0,1,19.130597014925375
1.5,21,0.22,8,1,0,1.0260790807927045,509.1450662286171,36.92197995416058,36.93463586032279,0.999657343145061,444,51.57657657657657,1,24.373873873873872
2.0,14,0.25,8,3,0.8,1.0255170620781373,856.0393054162372,48.65554275834365,54.887317488493714,0.8864623921280821,132,49.24242424242424,1,20.78787878787879
1.0,10,0.18,8,3,0,1.0253903076427096,557.0619713872414,38.737033988058926,43.639284405001,0.8876642803890642,445,52.13483146067416,2,21.880898876404494
2.5,10,0.18,3,3,0,1.0253823188613653,435.5221421349862,35.58723357835607,17.710791826207874,2.009353050251271,11,63.63636363636363,2,21.0
2.5,10,0.18,3,3,0.8,1.0253823188613653,435.5221421349862,35.58723357835607,17.710791826207874,2.009353050251271,11,63.63636363636363,2,21.0
2.5,10,0.2,3,3,0,1.0253823188613653,435.5221421349862,35.58723357835607,17.710791826207874,2.009353050251271,11,63.63636363636363,2,21.0
2.5,10,0.2,3,3,0.8,1.0253823188613653,435.5221421349862,35.58723357835607,17.710791826207874,2.009353050251271,11,63.63636363636363,2,21.0
2.5,10,0.22,3,3,0,1.0253823188613653,435.5221421349862,35.58723357835607,17.710791826207874,2.009353050251271,11,63.63636363636363,2,21.0
2.5,10,0.22,3,3,0.8,1.0253823188613653,435.5221421349862,35.58723357835607,17.710791826207874,2.009353050251271,11,63.63636363636363,2,21.0
2.5,10,0.25,3,3,0,1.0253823188613653,435.5221421349862,35.58723357835607,17.710791826207874,2.009353050251271,11,63.63636363636363,2,21.0
2.5,10,0.25,3,3,0.8,1.0253823188613653,435.5221421349862,35.58723357835607,17.710791826207874,2.009353050251271,11,63.63636363636363,2,21.0
2.5,10,0.28,3,3,0,1.0253823188613653,435.5221421349862,35.58723357835607,17.710791826207874,2.009353050251271,11,63.63636363636363,2,21.0
2.5,10,0.28,3,3,0.8,1.0253823188613653,435.5221421349862,35.58723357835607,17.710791826207874,2.009353050251271,11,63.63636363636363,2,21.0
2.5,10,0.3,3,3,0,1.0253823188613653,435.5221421349862,35.58723357835607,17.710791826207874,2.009353050251271,11,63.63636363636363,2,21.0
2.5,10,0.3,3,3,0.8,1.0253823188613653,435.5221421349862,35.58723357835607,17.710791826207874,2.009353050251271,11,63.63636363636363,2,21.0
2.5,10,0.35,3,3,0,1.0253823188613653,435.5221421349862,35.58723357835607,17.710791826207874,2.009353050251271,11,63.63636363636363,2,21.0
2.5,10,0.35,3,3,0.8,1.0253823188613653,435.5221421349862,35.58723357835607,17.710791826207874,2.009353050251271,11,63.63636363636363,2,21.0
2.5,14,0.18,3,3,0.8,1.0253823188613653,435.5221421349862,35.58723357835607,17.710791826207874,2.009353050251271,11,63.63636363636363,2,21.0
2.5,14,0.2,3,3,0.8,1.0253823188613653,435.5221421349862,35.58723357835607,17.710791826207874,2.009353050251271,11,63.63636363636363,2,21.0
2.5,14,0.22,3,3,0.8,1.0253823188613653,435.5221421349862,35.58723357835607,17.710791826207874,2.009353050251271,11,63.63636363636363,2,21.0
2.5,14,0.25,3,3,0.8,1.0253823188613653,435.5221421349862,35.58723357835607,17.710791826207874,2.009353050251271,11,63.63636363636363,2,21.0
2.5,14,0.28,3,3,0.8,1.0253823188613653,435.5221421349862,35.58723357835607,17.710791826207874,2.009353050251271,11,63.63636363636363,2,21.0
2.5,14,0.3,3,3,0.8,1.0253823188613653,435.5221421349862,35.58723357835607,17.710791826207874,2.009353050251271,11,63.63636363636363,2,21.0
2.5,14,0.35,3,3,0.8,1.0253823188613653,435.5221421349862,35.58723357835607,17.710791826207874,2.009353050251271,11,63.63636363636363,2,21.0
2.0,14,0.2,3,3,0.8,1.0253062743481762,853.6387575671931,48.58992606935517,56.73030846082726,0.8565073483234612,113,50.442477876106196,1,20.008849557522122
2.0,14,0.22,3,3,0,1.024764450001268,866.9577112926049,48.91095917368282,55.278050244970245,0.884817010674743,119,51.26050420168067,2,20.428571428571427
2.0,14,0.18,5,3,0.8,1.0246731879592887,836.925240678291,48.12926479750024,56.370330242989986,0.8538049110238346,126,48.41269841269841,2,19.753968253968253
2.0,10,0.35,5,1,0.8,1.024627501322575,840.4243546101586,48.471411527144156,43.382042020079695,1.1173151209597008,98,52.04081632653062,1,20.79591836734694
2.0,14,0.25,8,1,0,1.0242415134944698,862.4168539094575,48.788004366312435,53.15848871724342,0.9177838863294602,138,50.72463768115942,2,20.797101449275363
1.5,21,0.22,8,3,0,1.0241066371353358,509.7741667640583,36.9465620817011,36.65368570181391,1.0079903664332643,444,50.9009009009009,1,24.536036036036037
1.0,21,0.22,8,3,0,1.0240043010531652,518.4602648356832,37.28384803153746,42.383251913749355,0.8796835152576478,456,51.75438596491229,2,23.899122807017545
1.0,21,0.22,8,3,0.8,1.0240043010531652,518.4602648356832,37.28384803153746,42.383251913749355,0.8796835152576478,456,51.75438596491229,2,23.899122807017545
1.0,21,0.25,8,3,0,1.0237303108222089,528.2121779033245,37.65788874687806,42.828994130050376,0.8792615729552218,455,51.868131868131876,2,24.252747252747252
1.0,21,0.25,8,3,0.8,1.0237303108222089,528.2121779033245,37.65788874687806,42.828994130050376,0.8792615729552218,455,51.868131868131876,2,24.252747252747252
1.0,21,0.2,5,3,0,1.0229629642801954,590.4351121752125,39.937597033500616,33.036770813615796,1.2088831943901948,305,52.459016393442624,1,21.81639344262295
1.0,21,0.2,5,3,0.8,1.0229629642801954,590.4351121752125,39.937597033500616,33.036770813615796,1.2088831943901948,305,52.459016393442624,1,21.81639344262295
2.0,14,0.28,5,1,0,1.022748276453142,859.8716996291122,48.71887876881751,53.158488717243394,0.9164835183324959,130,50.0,2,20.83076923076923
2.0,14,0.3,5,1,0,1.0220795795089397,858.2648359822615,48.67515898914261,53.1584887172434,0.9156610762215573,129,49.6124031007752,2,21.0
1.0,10,0.3,8,1,0.8,1.0219110045042565,658.164422299139,42.23364198621675,47.001430910962334,0.8985607707608414,383,51.43603133159269,2,23.843342036553526
2.0,10,0.22,3,3,0,1.0217635684818218,827.9980385513111,48.08286092303247,45.833323199968625,1.0490808339000255,94,53.191489361702125,2,20.595744680851062
2.0,10,0.22,8,1,0,1.0205402717551235,818.7095826958184,47.82058196472816,45.833323199968596,1.0433583826354735,111,52.25225225225225,2,20.54054054054054
2.0,10,0.18,5,3,0,1.0199614121410863,802.4995055966036,47.35757757522114,50.653475234252355,0.9349324475015982,106,50.0,2,19.87735849056604
2.0,10,0.22,8,3,0,1.0199142148160651,809.1825716265722,47.54928770405138,45.833323199968596,1.0374392338211242,112,50.89285714285714,2,20.544642857142858
2.0,10,0.2,5,3,0,1.019649408766417,804.4653142178315,47.414089740193546,50.23787142860344,0.9437917728575946,106,50.0,2,20.160377358490567
2.0,14,0.2,3,1,0,1.0194815287573764,848.248498855593,48.40126200958987,55.03422333154361,0.8794756985667869,117,51.28205128205128,1,20.085470085470085
2.0,14,0.35,5,1,0,1.019456166531715,851.6851605380863,48.4955052852565,53.1584887172434,0.9122814898521685,129,49.6124031007752,2,21.015503875968992
2.0,14,0.22,5,1,0,1.018922000840727,845.0380238754844,48.31296666137106,53.212502863006584,0.9079250939530287,130,50.0,2,20.584615384615386
1.0,21,0.22,5,3,0,1.0189041218068322,604.9815376571001,40.445934709853645,36.239431807275565,1.1160752995507388,305,53.11475409836065,1,22.160655737704918
1.0,21,0.22,5,3,0.8,1.0189041218068322,604.9815376571001,40.445934709853645,36.239431807275565,1.1160752995507388,305,53.11475409836065,1,22.160655737704918
2.0,10,0.22,5,3,0.8,1.0188935249568003,814.5840112972369,47.743706862158405,46.45068142384746,1.0278365224938792,99,51.515151515151516,2,20.535353535353536
2.5,10,0.18,3,1,0,1.018023880722865,429.6411932656956,35.315872384219496,18.955639882872553,1.8630799383422183,11,63.63636363636363,2,21.0
2.5,10,0.18,3,1,0.8,1.018023880722865,429.6411932656956,35.315872384219496,18.955639882872553,1.8630799383422183,11,63.63636363636363,2,21.0
2.5,10,0.2,3,1,0,1.018023880722865,429.6411932656956,35.315872384219496,18.955639882872553,1.8630799383422183,11,63.63636363636363,2,21.0
2.5,10,0.2,3,1,0.8,1.018023880722865,429.6411932656956,35.315872384219496,18.955639882872553,1.8630799383422183,11,63.63636363636363,2,21.0
2.5,10,0.22,3,1,0,1.018023880722865,429.6411932656956,35.315872384219496,18.955639882872553,1.8630799383422183,11,63.63636363636363,2,21.0
2.5,10,0.22,3,1,0.8,1.018023880722865,429.6411932656956,35.315872384219496,18.955639882872553,1.8630799383422183,11,63.63636363636363,2,21.0
2.5,10,0.25,3,1,0,1.018023880722865,429.6411932656956,35.315872384219496,18.955639882872553,1.8630799383422183,11,63.63636363636363,2,21.0
2.5,10,0.25,3,1,0.8,1.018023880722865,429.6411932656956,35.315872384219496,18.955639882872553,1.8630799383422183,11,63.63636363636363,2,21.0
2.5,10,0.28,3,1,0,1.018023880722865,429.6411932656956,35.315872384219496,18.955639882872553,1.8630799383422183,11,63.63636363636363,2,21.0
2.5,10,0.28,3,1,0.8,1.018023880722865,429.6411932656956,35.315872384219496,18.955639882872553,1.8630799383422183,11,63.63636363636363,2,21.0
2.5,10,0.3,3,1,0,1.018023880722865,429.6411932656956,35.315872384219496,18.955639882872553,1.8630799383422183,11,63.63636363636363,2,21.0
2.5,10,0.3,3,1,0.8,1.018023880722865,429.6411932656956,35.315872384219496,18.955639882872553,1.8630799383422183,11,63.63636363636363,2,21.0
2.5,10,0.35,3,1,0,1.018023880722865,429.6411932656956,35.315872384219496,18.955639882872553,1.8630799383422183,11,63.63636363636363,2,21.0
2.5,10,0.35,3,1,0.8,1.018023880722865,429.6411932656956,35.315872384219496,18.955639882872553,1.8630799383422183,11,63.63636363636363,2,21.0
2.5,14,0.18,3,1,0.8,1.018023880722865,429.6411932656956,35.315872384219496,18.955639882872553,1.8630799383422183,11,63.63636363636363,2,21.0
2.5,14,0.2,3,1,0.8,1.018023880722865,429.6411932656956,35.315872384219496,18.955639882872553,1.8630799383422183,11,63.63636363636363,2,21.0
2.5,14,0.22,3,1,0.8,1.018023880722865,429.6411932656956,35.315872384219496,18.955639882872553,1.8630799383422183,11,63.63636363636363,2,21.0
2.5,14,0.25,3,1,0.8,1.018023880722865,429.6411932656956,35.315872384219496,18.955639882872553,1.8630799383422183,11,63.63636363636363,2,21.0
2.5,14,0.28,3,1,0.8,1.018023880722865,429.6411932656956,35.315872384219496,18.955639882872553,1.8630799383422183,11,63.63636363636363,2,21.0
2.5,14,0.3,3,1,0.8,1.018023880722865,429.6411932656956,35.315872384219496,18.955639882872553,1.8630799383422183,11,63.63636363636363,2,21.0
2.5,14,0.35,3,1,0.8,1.018023880722865,429.6411932656956,35.315872384219496,18.955639882872553,1.8630799383422183,11,63.63636363636363,2,21.0
2.0,10,0.22,3,1,0,1.0177497374711526,824.4637737921901,47.98331954903121,45.833323199968625,1.046909021623465,93,53.76344086021505,2,20.591397849462364
2.0,10,0.25,8,1,0.8,1.0167573253737547,821.739493062407,47.946894671829355,43.382042020079695,1.1052244762852976,103,52.42718446601942,1,20.776699029126213
2.0,14,0.28,8,3,0.8,1.016541886116067,834.0219231315851,48.048553463945694,54.887317488493714,0.8754035661155848,132,49.24242424242424,1,20.833333333333332
2.0,10,0.25,8,3,0.8,1.016051562777029,812.1810618467446,47.6751787535087,43.382042020079695,1.098961149211047,104,50.96153846153846,1,20.778846153846153
2.5,10,0.18,5,3,0,1.0160146749822383,426.82266213137063,35.18494331999176,18.125762614194258,1.9411565774583455,13,53.84615384615385,2,21.0
2.5,10,0.18,5,3,0.8,1.0160146749822383,426.82266213137063,35.18494331999176,18.125762614194258,1.9411565774583455,13,53.84615384615385,2,21.0
2.5,10,0.18,8,3,0,1.0160146749822383,426.82266213137063,35.18494331999176,18.125762614194258,1.9411565774583455,13,53.84615384615385,2,21.0
2.5,10,0.18,8,3,0.8,1.0160146749822383,426.82266213137063,35.18494331999176,18.125762614194258,1.9411565774583455,13,53.84615384615385,2,21.0
2.5,10,0.2,5,3,0,1.0160146749822383,426.82266213137063,35.18494331999176,18.125762614194258,1.9411565774583455,13,53.84615384615385,2,21.0
2.5,10,0.2,5,3,0.8,1.0160146749822383,426.82266213137063,35.18494331999176,18.125762614194258,1.9411565774583455,13,53.84615384615385,2,21.0
2.5,10,0.2,8,3,0,1.0160146749822383,426.82266213137063,35.18494331999176,18.125762614194258,1.9411565774583455,13,53.84615384615385,2,21.0
2.5,10,0.2,8,3,0.8,1.0160146749822383,426.82266213137063,35.18494331999176,18.125762614194258,1.9411565774583455,13,53.84615384615385,2,21.0
2.5,10,0.22,5,3,0,1.0160146749822383,426.82266213137063,35.18494331999176,18.125762614194258,1.9411565774583455,13,53.84615384615385,2,21.0
2.5,10,0.22,5,3,0.8,1.0160146749822383,426.82266213137063,35.18494331999176,18.125762614194258,1.9411565774583455,13,53.84615384615385,2,21.0
2.5,10,0.22,8,3,0,1.0160146749822383,426.82266213137063,35.18494331999176,18.125762614194258,1.9411565774583455,13,53.84615384615385,2,21.0
2.5,10,0.22,8,3,0.8,1.0160146749822383,426.82266213137063,35.18494331999176,18.125762614194258,1.9411565774583455,13,53.84615384615385,2,21.0
2.5,10,0.25,5,3,0,1.0160146749822383,426.82266213137063,35.18494331999176,18.125762614194258,1.9411565774583455,13,53.84615384615385,2,21.0
2.5,10,0.25,5,3,0.8,1.0160146749822383,426.82266213137063,35.18494331999176,18.125762614194258,1.9411565774583455,13,53.84615384615385,2,21.0
2.5,10,0.25,8,3,0,1.0160146749822383,426.82266213137063,35.18494331999176,18.125762614194258,1.9411565774583455,13,53.84615384615385,2,21.0
2.5,10,0.25,8,3,0.8,1.0160146749822383,426.82266213137063,35.18494331999176,18.125762614194258,1.9411565774583455,13,53.84615384615385,2,21.0
2.5,10,0.28,5,3,0,1.0160146749822383,426.82266213137063,35.18494331999176,18.125762614194258,1.9411565774583455,13,53.84615384615385,2,21.0
2.5,10,0.28,5,3,0.8,1.0160146749822383,426.82266213137063,35.18494331999176,18.125762614194258,1.9411565774583455,13,53.84615384615385,2,21.0
2.5,10,0.28,8,3,0,1.0160146749822383,426.82266213137063,35.18494331999176,18.125762614194258,1.9411565774583455,13,53.84615384615385,2,21.0
2.5,10,0.28,8,3,0.8,1.0160146749822383,426.82266213137063,35.18494331999176,18.125762614194258,1.9411565774583455,13,53.84615384615385,2,21.0
2.5,10,0.3,5,3,0,1.0160146749822383,426.82266213137063,35.18494331999176,18.125762614194258,1.9411565774583455,13,53.84615384615385,2,21.0
2.5,10,0.3,5,3,0.8,1.0160146749822383,426.82266213137063,35.18494331999176,18.125762614194258,1.9411565774583455,13,53.84615384615385,2,21.0
2.5,10,0.3,8,3,0,1.0160146749822383,426.82266213137063,35.18494331999176,18.125762614194258,1.9411565774583455,13,53.84615384615385,2,21.0
2.5,10,0.3,8,3,0.8,1.0160146749822383,426.82266213137063,35.18494331999176,18.125762614194258,1.9411565774583455,13,53.84615384615385,2,21.0
2.5,10,0.35,5,3,0,1.0160146749822383,426.82266213137063,35.18494331999176,18.125762614194258,1.9411565774583455,13,53.84615384615385,2,21.0
2.5,10,0.35,5,3,0.8,1.0160146749822383,426.82266213137063,35.18494331999176,18.125762614194258,1.9411565774583455,13,53.84615384615385,2,21.0
2.5,10,0.35,8,3,0,1.0160146749822383,426.82266213137063,35.18494331999176,18.125762614194258,1.9411565774583455,13,53.84615384615385,2,21.0
2.5,10,0.35,8,3,0.8,1.0160146749822383,426.82266213137063,35.18494331999176,18.125762614194258,1.9411565774583455,13,53.84615384615385,2,21.0
2.5,14,0.18,5,3,0.8,1.0160146749822383,426.82266213137063,35.18494331999176,18.125762614194258,1.9411565774583455,13,53.84615384615385,2,21.0
2.5,14,0.18,8,3,0.8,1.0160146749822383,426.82266213137063,35.18494331999176,18.125762614194258,1.9411565774583455,13,53.84615384615385,2,21.0
2.5,14,0.2,5,3,0.8,1.0160146749822383,426.82266213137063,35.18494331999176,18.125762614194258,1.9411565774583455,13,53.84615384615385,2,21.0
2.5,14,0.2,8,3,0.8,1.0160146749822383,426.82266213137063,35.18494331999176,18.125762614194258,1.9411565774583455,13,53.84615384615385,2,21.0
2.5,14,0.22,5,3,0.8,1.0160146749822383,426.82266213137063,35.18494331999176,18.125762614194258,1.9411565774583455,13,53.84615384615385,2,21.0
2.5,14,0.22,8,3,0.8,1.0160146749822383,426.82266213137063,35.18494331999176,18.125762614194258,1.9411565774583455,13,53.84615384615385,2,21.0
2.5,14,0.25,5,3,0.8,1.0160146749822383,426.82266213137063,35.18494331999176,18.125762614194258,1.9411565774583455,13,53.84615384615385,2,21.0
2.5,14,0.25,8,3,0.8,1.0160146749822383,426.82266213137063,35.18494331999176,18.125762614194258,1.9411565774583455,13,53.84615384615385,2,21.0
2.5,14,0.28,5,3,0.8,1.0160146749822383,426.82266213137063,35.18494331999176,18.125762614194258,1.9411565774583455,13,53.84615384615385,2,21.0
2.5,14,0.28,8,3,0.8,1.0160146749822383,426.82266213137063,35.18494331999176,18.125762614194258,1.9411565774583455,13,53.84615384615385,2,21.0
2.5,14,0.3,5,3,0.8,1.0160146749822383,426.82266213137063,35.18494331999176,18.125762614194258,1.9411565774583455,13,53.84615384615385,2,21.0
2.5,14,0.3,8,3,0.8,1.0160146749822383,426.82266213137063,35.18494331999176,18.125762614194258,1.9411565774583455,13,53.84615384615385,2,21.0
2.5,14,0.35,5,3,0.8,1.0160146749822383,426.82266213137063,35.18494331999176,18.125762614194258,1.9411565774583455,13,53.84615384615385,2,21.0
2.5,14,0.35,8,3,0.8,1.0160146749822383,426.82266213137063,35.18494331999176,18.125762614194258,1.9411565774583455,13,53.84615384615385,2,21.0
1.0,10,0.28,8,1,0.8,1.0159649720116615,644.3516772730063,41.779550463147544,46.958055290946945,0.8897206284264978,384,51.5625,2,23.6953125
2.0,14,0.3,8,3,0.8,1.0158682039319158,832.458333045302,48.00500041885605,54.88731748849373,0.8746100668687179,131,48.854961832061065,1,21.0
2.0,14,0.28,8,1,0,1.0153247155232088,840.252598036641,48.18089641240923,53.1584887172434,0.9063631712460714,138,50.72463768115942,2,20.840579710144926
2.0,14,0.18,5,1,0.8,1.014974041799183,820.316556035156,47.66473240155891,55.40976892100849,0.8602225443226298,124,49.193548387096776,2,19.758064516129032
1.0,10,0.25,8,1,0.8,1.0146671780526133,640.1584027186555,41.64032017600987,45.80387734129962,0.9091003337061243,386,51.813471502590666,2,23.417098445595855
2.0,14,0.3,8,1,0,1.014655774752783,838.6785775511665,48.13733478663036,53.158488717243394,0.9055437042741908,137,50.36496350364964,2,21.0
1.5,21,0.25,5,3,0,1.0146515703605103,575.3557333046951,39.40120811642769,39.3332158043697,1.0017286232683378,297,52.52525252525253,1,23.47138047138047
1.5,21,0.25,5,3,0.8,1.0146515703605103,575.3557333046951,39.40120811642769,39.3332158043697,1.0017286232683378,297,52.52525252525253,1,23.47138047138047
2.0,10,0.25,3,3,0.8,1.0139091586135192,809.7206508294565,47.60485769933804,43.38204202007966,1.097340177700806,92,52.17391304347826,1,20.75
1.5,14,0.1,8,1,0.8,1.0136485140973996,483.7872242103648,35.942013683989686,32.36091646304727,1.1106611805951678,357,46.21848739495798,1,15.61064425770308
2.0,14,0.22,8,1,0,1.013503787265034,830.6202055241079,47.91336811549836,53.21250286300657,0.900415607941791,138,50.72463768115942,2,20.608695652173914
2.0,14,0.35,8,3,0.8,1.0132253882107864,826.0558512195283,47.82603195591446,54.88731748849373,0.8713494144788629,131,48.854961832061065,1,21.015267175572518
1.5,14,0.15,3,1,0,1.0131886541738928,654.6629071682813,42.15368411424423,37.75982371870087,1.1163633715103194,193,50.259067357512954,0,18.984455958549223
2.5,10,0.18,5,1,0,1.0127866083646564,423.98318133261125,35.05245999066244,18.731766345671208,1.87128428487807,12,58.333333333333336,2,21.0
2.5,10,0.18,5,1,0.8,1.0127866083646564,423.98318133261125,35.05245999066244,18.731766345671208,1.87128428487807,12,58.333333333333336,2,21.0
2.5,10,0.18,8,1,0,1.0127866083646564,423.98318133261125,35.05245999066244,18.731766345671208,1.87128428487807,12,58.333333333333336,2,21.0
2.5,10,0.18,8,1,0.8,1.0127866083646564,423.98318133261125,35.05245999066244,18.731766345671208,1.87128428487807,12,58.333333333333336,2,21.0
2.5,10,0.2,5,1,0,1.0127866083646564,423.98318133261125,35.05245999066244,18.731766345671208,1.87128428487807,12,58.333333333333336,2,21.0
2.5,10,0.2,5,1,0.8,1.0127866083646564,423.98318133261125,35.05245999066244,18.731766345671208,1.87128428487807,12,58.333333333333336,2,21.0
2.5,10,0.2,8,1,0,1.0127866083646564,423.98318133261125,35.05245999066244,18.731766345671208,1.87128428487807,12,58.333333333333336,2,21.0
2.5,10,0.2,8,1,0.8,1.0127866083646564,423.98318133261125,35.05245999066244,18.731766345671208,1.87128428487807,12,58.333333333333336,2,21.0
2.5,10,0.22,5,1,0,1.0127866083646564,423.98318133261125,35.05245999066244,18.731766345671208,1.87128428487807,12,58.333333333333336,2,21.0
2.5,10,0.22,5,1,0.8,1.0127866083646564,423.98318133261125,35.05245999066244,18.731766345671208,1.87128428487807,12,58.333333333333336,2,21.0
2.5,10,0.22,8,1,0,1.0127866083646564,423.98318133261125,35.05245999066244,18.731766345671208,1.87128428487807,12,58.333333333333336,2,21.0
2.5,10,0.22,8,1,0.8,1.0127866083646564,423.98318133261125,35.05245999066244,18.731766345671208,1.87128428487807,12,58.333333333333336,2,21.0
2.5,10,0.25,5,1,0,1.0127866083646564,423.98318133261125,35.05245999066244,18.731766345671208,1.87128428487807,12,58.333333333333336,2,21.0
2.5,10,0.25,5,1,0.8,1.0127866083646564,423.98318133261125,35.05245999066244,18.731766345671208,1.87128428487807,12,58.333333333333336,2,21.0
2.5,10,0.25,8,1,0,1.0127866083646564,423.98318133261125,35.05245999066244,18.731766345671208,1.87128428487807,12,58.333333333333336,2,21.0
2.5,10,0.25,8,1,0.8,1.0127866083646564,423.98318133261125,35.05245999066244,18.731766345671208,1.87128428487807,12,58.333333333333336,2,21.0
2.5,10,0.28,5,1,0,1.0127866083646564,423.98318133261125,35.05245999066244,18.731766345671208,1.87128428487807,12,58.333333333333336,2,21.0
2.5,10,0.28,5,1,0.8,1.0127866083646564,423.98318133261125,35.05245999066244,18.731766345671208,1.87128428487807,12,58.333333333333336,2,21.0
2.5,10,0.28,8,1,0,1.0127866083646564,423.98318133261125,35.05245999066244,18.731766345671208,1.87128428487807,12,58.333333333333336,2,21.0
2.5,10,0.28,8,1,0.8,1.0127866083646564,423.98318133261125,35.05245999066244,18.731766345671208,1.87128428487807,12,58.333333333333336,2,21.0
2.5,10,0.3,5,1,0,1.0127866083646564,423.98318133261125,35.05245999066244,18.731766345671208,1.87128428487807,12,58.333333333333336,2,21.0
2.5,10,0.3,5,1,0.8,1.0127866083646564,423.98318133261125,35.05245999066244,18.731766345671208,1.87128428487807,12,58.333333333333336,2,21.0
2.5,10,0.3,8,1,0,1.0127866083646564,423.98318133261125,35.05245999066244,18.731766345671208,1.87128428487807,12,58.333333333333336,2,21.0
2.5,10,0.3,8,1,0.8,1.0127866083646564,423.98318133261125,35.05245999066244,18.731766345671208,1.87128428487807,12,58.333333333333336,2,21.0
2.5,10,0.35,5,1,0,1.0127866083646564,423.98318133261125,35.05245999066244,18.731766345671208,1.87128428487807,12,58.333333333333336,2,21.0
2.5,10,0.35,5,1,0.8,1.0127866083646564,423.98318133261125,35.05245999066244,18.731766345671208,1.87128428487807,12,58.333333333333336,2,21.0
2.5,10,0.35,8,1,0,1.0127866083646564,423.98318133261125,35.05245999066244,18.731766345671208,1.87128428487807,12,58.333333333333336,2,21.0
2.5,10,0.35,8,1,0.8,1.0127866083646564,423.98318133261125,35.05245999066244,18.731766345671208,1.87128428487807,12,58.333333333333336,2,21.0
2.5,14,0.18,5,1,0.8,1.0127866083646564,423.98318133261125,35.05245999066244,18.731766345671208,1.87128428487807,12,58.333333333333336,2,21.0
2.5,14,0.18,8,1,0.8,1.0127866083646564,423.98318133261125,35.05245999066244,18.731766345671208,1.87128428487807,12,58.333333333333336,2,21.0
2.5,14,0.2,5,1,0.8,1.0127866083646564,423.98318133261125,35.05245999066244,18.731766345671208,1.87128428487807,12,58.333333333333336,2,21.0
2.5,14,0.2,8,1,0.8,1.0127866083646564,423.98318133261125,35.05245999066244,18.731766345671208,1.87128428487807,12,58.333333333333336,2,21.0
2.5,14,0.22,5,1,0.8,1.0127866083646564,423.98318133261125,35.05245999066244,18.731766345671208,1.87128428487807,12,58.333333333333336,2,21.0
2.5,14,0.22,8,1,0.8,1.0127866083646564,423.98318133261125,35.05245999066244,18.731766345671208,1.87128428487807,12,58.333333333333336,2,21.0
2.5,14,0.25,5,1,0.8,1.0127866083646564,423.98318133261125,35.05245999066244,18.731766345671208,1.87128428487807,12,58.333333333333336,2,21.0
2.5,14,0.25,8,1,0.8,1.0127866083646564,423.98318133261125,35.05245999066244,18.731766345671208,1.87128428487807,12,58.333333333333336,2,21.0
2.5,14,0.28,5,1,0.8,1.0127866083646564,423.98318133261125,35.05245999066244,18.731766345671208,1.87128428487807,12,58.333333333333336,2,21.0
2.5,14,0.28,8,1,0.8,1.0127866083646564,423.98318133261125,35.05245999066244,18.731766345671208,1.87128428487807,12,58.333333333333336,2,21.0
2.5,14,0.3,5,1,0.8,1.0127866083646564,423.98318133261125,35.05245999066244,18.731766345671208,1.87128428487807,12,58.333333333333336,2,21.0
2.5,14,0.3,8,1,0.8,1.0127866083646564,423.98318133261125,35.05245999066244,18.731766345671208,1.87128428487807,12,58.333333333333336,2,21.0
2.5,14,0.35,5,1,0.8,1.0127866083646564,423.98318133261125,35.05245999066244,18.731766345671208,1.87128428487807,12,58.333333333333336,2,21.0
2.5,14,0.35,8,1,0.8,1.0127866083646564,423.98318133261125,35.05245999066244,18.731766345671208,1.87128428487807,12,58.333333333333336,2,21.0
2.0,14,0.35,8,1,0,1.0120299931902361,832.2333860396197,47.95833097012743,53.158488717243394,0.9021763433724339,137,50.36496350364964,2,21.014598540145986
2.0,14,0.22,8,3,0.8,1.0110898518332958,815.6722250114065,47.533598018405264,55.278050244970245,0.859900047265693,132,49.24242424242424,1,20.583333333333332
2.0,10,0.28,8,1,0.8,1.0109048336993243,807.97967815691,47.55500422758971,43.382042020079695,1.0961910046921843,103,52.42718446601942,1,20.78640776699029
2.0,10,0.3,8,1,0.8,1.0109048336993243,807.97967815691,47.55500422758971,43.382042020079695,1.0961910046921843,103,52.42718446601942,1,20.78640776699029
2.0,10,0.22,5,1,0.8,1.0106684862704902,802.9332152744457,47.410050465746465,46.45068142384746,1.0206534976988835,98,52.04081632653062,2,20.53061224489796
2.0,10,0.28,8,3,0.8,1.0101635978491252,798.5639361124338,47.28400804638944,43.382042020079695,1.08994426828741,104,50.96153846153846,1,20.78846153846154
2.0,10,0.3,8,3,0.8,1.0101635978491252,798.5639361124338,47.28400804638944,43.382042020079695,1.08994426828741,104,50.96153846153846,1,20.78846153846154
2.0,10,0.25,3,1,0.8,1.0099382997470812,806.2559951908636,47.50556822949159,43.38204202007966,1.095051454873962,91,52.74725274725275,1,20.747252747252748
1.0,10,0.25,8,1,0,1.009389728965632,575.2273783762658,39.39660011350477,46.74899664260017,0.8427261105664992,430,52.55813953488372,2,23.711627906976744
2.0,14,0.2,5,3,0.8,1.00894620400198,804.4640711150766,47.21485867402653,56.73030846082723,0.8322686753347869,126,48.41269841269841,1,20.182539682539684
1.5,21,0.25,8,3,0,1.008885865040191,505.01647895061035,36.760132754884786,38.82460034181616,0.9468257865179406,442,50.90497737556561,1,25.047511312217196
2.0,10,0.35,8,1,0.8,1.0082409754482755,801.7452726274039,47.37583120013396,43.382042020079695,1.092060884967234,103,52.42718446601942,1,20.805825242718445
2.0,14,0.25,5,3,0,1.00817131714742,816.4371668411752,47.51526473944318,54.88731748849373,0.8656875014779876,133,48.87218045112782,2,20.789473684210527
2.0,10,0.28,3,3,0.8,1.0080334341296842,796.1402543450521,47.213873262766846,43.38204202007966,1.0883275905019316,92,52.17391304347826,1,20.76086956521739
2.0,10,0.3,3,3,0.8,1.0080334341296842,796.1402543450521,47.213873262766846,43.38204202007966,1.0883275905019316,92,52.17391304347826,1,20.76086956521739
2.0,10,0.35,8,3,0.8,1.0074837695517802,792.3941813187083,47.10516408406073,43.382042020079695,1.0858217338468708,104,50.96153846153846,1,20.807692307692307
2.0,14,0.2,3,3,0,1.0071121824697036,814.5546581816845,47.462043444819834,56.73030846082724,0.836625866005872,119,50.42016806722689,1,20.058823529411764
1.5,21,0.22,5,3,0,1.0069250965683436,545.9631636810077,38.32659803406682,35.24046623497396,1.0875735235315946,298,52.68456375838926,1,23.026845637583893
1.5,21,0.22,5,3,0.8,1.0069250965683436,545.9631636810077,38.32659803406682,35.24046623497396,1.0875735235315946,298,52.68456375838926,1,23.026845637583893
1.0,21,0.18,8,3,0,1.0068978769658077,472.4699514867233,35.451268806243384,39.37421900103503,0.9003675426631694,463,50.53995680345572,2,22.712742980561554
1.0,21,0.18,8,3,0.8,1.0068978769658077,472.4699514867233,35.451268806243384,39.37421900103503,0.9003675426631694,463,50.53995680345572,2,22.712742980561554
1.0,21,0.2,8,3,0,1.0067835511778487,482.58134130228274,35.86434225462434,39.541018012733765,0.9070161583365053,458,50.87336244541485,2,23.425764192139738
1.0,21,0.2,8,3,0.8,1.0067835511778487,482.58134130228274,35.86434225462434,39.541018012733765,0.9070161583365053,458,50.87336244541485,2,23.425764192139738
1.5,14,0.1,5,1,0.8,1.0066299780880064,490.85364257780856,36.226964511290774,31.840117093045105,1.1377773644935463,281,46.263345195729535,1,15.508896797153024
2.0,10,0.35,3,3,0.8,1.0053590395645633,789.9871411297405,47.03511446367323,43.38204202007966,1.084207019160203,92,52.17391304347826,1,20.782608695652176
2.0,14,0.2,5,1,0.8,1.0053434858586658,800.519508113204,47.101907706673664,55.03422333154363,0.8558657659783226,124,49.193548387096776,2,20.088709677419356
1.5,21,0.2,8,3,0.8,1.0049969781137518,476.39664358128374,35.61239358846364,35.222939800615634,1.0110568223451126,439,50.56947608200456,1,23.938496583143507
1.0,21,0.35,8,1,0,1.0047127122099253,526.3933956360831,37.58849384451399,44.48509338114549,0.8449683025830279,453,50.993377483443716,2,25.08167770419426
1.0,21,0.35,8,1,0.8,1.0047127122099253,526.3933956360831,37.58849384451399,44.48509338114549,0.8449683025830279,453,50.993377483443716,2,25.08167770419426
2.0,10,0.28,3,1,0.8,1.0040896315662373,792.7273194156802,47.114846796713294,43.38204202007966,1.0860449301788486,91,52.74725274725275,1,20.75824175824176
2.0,10,0.3,3,1,0.8,1.0040896315662373,792.7273194156802,47.114846796713294,43.38204202007966,1.0860449301788486,91,52.74725274725275,1,20.75824175824176
1.5,21,0.22,8,3,0.8,1.0033038198741544,489.8618207674966,36.15811432920364,36.402576562701114,0.9932844799302488,436,50.68807339449541,1,24.53440366972477
2.0,14,0.18,8,3,0.8,1.0022792967423586,783.2604571137658,46.60285273018927,56.37033024298995,0.8267266224856765,132,48.484848484848484,2,19.689393939393938
2.0,10,0.35,3,1,0.8,1.0014272750788347,786.5976402274812,46.936208243434564,43.38204202007966,1.0819271306249216,91,52.74725274725275,1,20.78021978021978
2.0,10,0.18,5,1,0,1.0012803069796141,767.4041013147572,46.33119882960324,50.653475234252355,0.914669696705699,105,50.476190476190474,2,19.714285714285715
2.0,10,0.2,5,1,0,0.9997730885861598,766.553583238538,46.305903579463845,50.23787142860344,0.9217329927139212,105,50.476190476190474,2,20.00952380952381
2.0,14,0.28,5,3,0,0.9992170972463926,795.331813402364,46.91335001569323,54.887317488493714,0.8547211298043105,133,48.87218045112782,2,20.834586466165412
2.0,14,0.3,5,3,0,0.9985459397792783,793.8329921084529,46.87016101812165,54.88731748849373,0.8539342631919887,132,48.484848484848484,2,21.0
2.0,10,0.18,3,3,0,0.9970984466503501,761.7609219333383,46.162981536528,50.653475234252376,0.9113487539214712,94,52.12765957446809,2,20.01063829787234
2.0,14,0.18,8,1,0.8,0.9970697789492755,777.45244048887,46.4331024957422,55.40976892100847,0.8379948770754971,130,49.23076923076923,2,19.7
2.0,14,0.18,5,1,0,0.9966857160454139,782.5981396465744,46.54450992818613,55.40976892100849,0.8400054870205185,130,49.23076923076923,2,19.815384615384616
2.0,10,0.18,5,3,0.8,0.9963230468029303,753.7945911554802,45.96255846682513,51.215896351509414,0.8974275906716712,99,50.505050505050505,2,19.92929292929293
2.0,14,0.35,5,3,0,0.9959088859621281,787.695721107226,46.6926884087318,54.88731748849373,0.8507008639750011,132,48.484848484848484,2,21.015151515151516
2.0,10,0.22,8,1,0.8,0.9942349592081112,765.7961210601736,46.32230199193113,46.45068142384746,0.9972362206972829,103,52.42718446601942,2,20.553398058252426
2.0,10,0.18,3,1,0,0.9937189274798575,759.8070348936894,46.10452669297891,50.653475234252376,0.9101947394480562,93,52.68817204301075,2,20.0
2.0,10,0.22,8,3,0.8,0.993409777454086,756.8178221674524,46.053569763757565,46.45068142384746,0.9914508969961843,104,50.96153846153846,2,20.557692307692307
2.0,14,0.22,5,3,0,0.9924130202917758,774.8694956888359,46.318499072689164,55.27805024497026,0.8379184661438684,133,48.87218045112782,2,20.586466165413533
2.0,10,0.22,3,3,0.8,0.9921769810168153,756.180562821848,46.03440774448213,46.450681423847364,0.99103837303124,92,52.17391304347826,2,20.58695652173913
2.0,14,0.25,8,3,0,0.9919066731429843,777.0794365304307,46.38329249361739,54.8873174884937,0.8450639349124859,141,48.93617021276596,2,20.80141843971631
2.0,14,0.18,5,3,0,0.9902283444760902,759.1437039161282,45.85349543741663,56.37033024298999,0.8134331525070106,133,48.1203007518797,2,19.81954887218045
2.0,10,0.2,3,3,0,0.9893239657644197,748.6506422806432,45.768646627282486,50.237871428603384,0.9110387308572092,94,52.12765957446809,2,20.25531914893617
1.5,21,0.25,8,3,0.8,0.9891873186348261,485.851270614933,35.996659015675526,39.34203484789913,0.9149668835087658,435,50.57471264367817,1,24.9816091954023
1.0,21,0.25,5,1,0,0.9888358495775388,563.2364348668267,38.962893361457574,42.3580777406418,0.9198456454994745,308,52.5974025974026,1,22.383116883116884
1.0,21,0.25,5,1,0.8,0.9888358495775388,563.2364348668267,38.962893361457574,42.3580777406418,0.9198456454994745,308,52.5974025974026,1,22.383116883116884
1.5,10,0.15,8,3,0.8,0.988674423916648,556.3129913862593,38.740865920009426,48.107573086813986,0.8052966182704419,277,47.65342960288809,1,19.259927797833935
2.0,10,0.22,3,1,0.8,0.9882771115782166,752.9198136985541,45.93617467037947,46.450681423847364,0.988923590834477,91,52.74725274725275,2,20.582417582417584
2.0,14,0.2,8,1,0.8,0.9878907322347608,759.5443751392097,45.903808636701896,55.03422333154362,0.8340956927867009,130,49.23076923076923,2,20.015384615384615
2.0,10,0.2,5,3,0.8,0.9871581006379595,738.0023331123116,45.48278783510293,50.80502934055507,0.8952418377760158,99,50.505050505050505,2,20.171717171717173
2.0,14,0.2,5,1,0,0.987141515226866,763.6124574355719,45.98634318971375,55.03422333154363,0.8355953878494373,130,49.23076923076923,2,20.130769230769232
1.5,14,0.1,5,1,0,0.9869077852106369,461.8442990810851,35.038631906635544,32.944948877716115,1.0635509569825312,302,45.6953642384106,2,15.324503311258278
2.0,10,0.2,8,3,0,0.986286189659389,730.1473515420538,45.20347096750601,50.237871428603384,0.8997887386958239,112,50.0,2,20.071428571428573
2.0,10,0.2,3,1,0,0.9860072406211888,746.7264804290915,45.71034948977619,50.237871428603384,0.9098783087324553,93,52.68817204301075,2,20.247311827956988
2.0,14,0.2,8,3,0.8,0.9858363330626624,750.9729492985653,45.64724661141237,56.73030846082723,0.8046359670850758,132,48.484848484848484,2,20.106060606060606
1.0,10,0.22,8,1,0,0.984395689397348,526.1531637516473,37.57931545347786,45.96357093939472,0.8175891186311018,432,51.85185185185185,3,23.15509259259259
2.0,10,0.18,8,3,0,0.9837789027216302,722.3433537311016,44.96198524753168,50.65347523425229,0.8876387067145991,112,49.107142857142854,2,19.732142857142858
2.0,14,0.28,8,3,0,0.9829434559410417,756.8804832670068,45.78599661906135,54.8873174884937,0.8341817147223436,141,48.93617021276596,2,20.843971631205672
2.0,14,0.3,8,3,0,0.9822723898220017,755.4460310388707,45.743139036321104,54.88731748849373,0.8334008862049131,140,48.57142857142857,2,21.0
1.0,21,0.3,8,1,0,0.9821250719132216,492.78783632674043,36.27533763614848,44.48509338114549,0.8154492860191088,455,50.989010989010985,2,24.815384615384616
1.0,21,0.3,8,1,0.8,0.9821250719132216,492.78783632674043,36.27533763614848,44.48509338114549,0.8154492860191088,455,50.989010989010985,2,24.815384615384616
1.5,14,0.1,8,3,0.8,0.9812601999274878,454.84777381178833,34.7444600028137,33.843227900486085,1.0266296142016251,373,45.84450402144772,1,15.613941018766756
2.0,14,0.35,8,3,0,0.97963235808646,749.5723340890354,45.567028279676315,54.88731748849373,0.8301922987806561,140,48.57142857142857,2,21.014285714285716
1.5,30,0.35,8,3,0,0.9793883301383152,494.0740844543871,36.35589486143653,34.559648974247345,1.0519752352961598,442,52.71493212669684,1,25.339366515837103
1.5,30,0.35,8,3,0.8,0.9793883301383152,494.0740844543871,36.35589486143653,34.559648974247345,1.0519752352961598,442,52.71493212669684,1,25.339366515837103
2.0,14,0.22,8,3,0,0.9781181946216759,741.727176113289,45.33023469889117,55.27805024497026,0.8200404047900688,141,48.93617021276596,2,20.609929078014183
1.0,10,0.35,5,3,0.8,0.977871979668153,610.0659826067292,40.62157216426567,47.70220568714086,0.8515659093561805,288,54.861111111111114,2,22.975694444444443
2.0,10,0.18,5,1,0.8,0.9778589510143111,720.5931698090545,44.94518737892727,51.215896351509414,0.8775632290110778,98,51.02040816326531,2,19.755102040816325
1.0,10,0.2,8,1,0,0.9756613672662746,506.2287263244471,36.80774915785494,45.62200416869205,0.806798163047693,434,51.382488479262676,2,22.65437788018433
1.5,30,0.3,8,3,0,0.9752704447967228,483.7405124784998,35.94012059333256,34.79398657301476,1.0329405777608336,446,53.139013452914796,1,24.95067264573991
1.5,30,0.3,8,3,0.8,0.9752704447967228,483.7405124784998,35.94012059333256,34.79398657301476,1.0329405777608336,446,53.139013452914796,1,24.95067264573991
2.0,14,0.18,8,1,0,0.9751980811373744,733.0226381292186,45.065362909299964,55.409768921008485,0.8133107895386573,138,48.55072463768116,2,19.72463768115942
1.0,21,0.28,8,1,0,0.9751796888118474,477.02656514849036,35.63815683665881,44.48509338114549,0.8011258182895855,456,50.877192982456144,2,24.611842105263158
1.0,21,0.28,8,1,0.8,0.9751796888118474,477.02656514849036,35.63815683665881,44.48509338114549,0.8011258182895855,456,50.877192982456144,2,24.611842105263158
2.0,14,0.2,5,3,0,0.9746556727153437,729.377391470753,44.953762754502826,56.73030846082723,0.7924117455758907,133,48.1203007518797,2,20.225563909774436
2.0,10,0.2,8,1,0,0.9722500059689131,706.880898537891,44.4778874745948,50.237871428603384,0.8853457801811029,111,50.45045045045045,2,19.92792792792793
0.5,21,0.28,8,3,0,0.9720525761593205,433.8614178941174,33.816390280523564,42.20647321592082,0.8012133614558344,458,52.183406113537124,1,24.59825327510917
0.5,21,0.28,8,3,0.8,0.9720525761593205,433.8614178941174,33.816390280523564,42.20647321592082,0.8012133614558344,458,52.183406113537124,1,24.59825327510917
2.0,14,0.2,8,1,0,0.9708948645719037,726.3509120890637,44.86079862249932,55.03422333154363,0.8151436671004446,138,49.275362318840585,2,20.07246376811594
2.5,21,0.25,3,3,0.8,0.9699146382575748,621.8053920616395,42.26367865643088,43.51939814419593,0.9711457524388462,44,56.81818181818182,2,21.295454545454547
2.0,10,0.18,8,1,0,0.969740793481251,699.3375000007504,44.23894016157763,50.65347523425229,0.8733643635898629,111,49.549549549549546,2,19.585585585585587
2.5,30,0.3,5,3,0,0.9695459456553558,750.7807864768755,45.22551125585805,53.49765179711971,0.8453737638311254,260,50.0,1,21.646153846153847
1.0,10,0.35,5,3,0,0.9691593814729389,561.840129807027,38.91196954885172,46.76787891206543,0.8320233984101639,299,54.84949832775919,2,23.043478260869566
2.5,21,0.28,3,3,0.8,0.9686843396936985,621.0025952737768,42.23544699438329,43.582216247586516,0.9690981925849673,44,56.81818181818182,2,21.477272727272727
2.5,21,0.3,3,3,0.8,0.9686843396936985,621.0025952737768,42.23544699438329,43.582216247586516,0.9690981925849673,44,56.81818181818182,2,21.477272727272727
2.5,21,0.35,3,3,0.8,0.9686843396936985,621.0025952737768,42.23544699438329,43.582216247586516,0.9690981925849673,44,56.81818181818182,2,21.477272727272727
1.0,10,0.2,8,3,0.8,0.9677422116678236,537.4212212720204,38.00672949313557,46.25359475513437,0.8217032577541802,399,51.37844611528822,3,22.403508771929825
2.0,10,0.2,5,1,0.8,0.967586244243035,702.8764764171318,44.388357794407064,50.80502934055507,0.873700072031532,98,51.02040816326531,2,20.010204081632654
1.5,10,0.15,8,1,0.8,0.967302960942779,532.0650783158004,37.83486877737363,50.8336183387448,0.7442883275640508,270,47.77777777777778,2,19.125925925925927
2.0,10,0.18,3,3,0.8,0.9672338699625522,695.0695157832109,44.13977005189569,51.215896351509386,0.861837304358627,92,51.08695652173913,2,19.98913043478261
2.5,21,0.25,3,1,0.8,0.9648405969075267,613.8787345617841,41.983786681281046,43.51939814419593,0.9647143221552184,44,56.81818181818182,2,21.295454545454547
2.0,14,0.18,8,3,0,0.9641769113664704,701.783483168507,44.09559008277848,56.37033024299001,0.7822482127158025,141,47.5177304964539,2,19.72340425531915
2.0,10,0.18,3,1,0.8,0.9639741146109959,693.2668394457609,44.08208401787073,51.215896351509386,0.8607109737047799,91,51.64835164835166,2,19.978021978021978
2.0,10,0.18,8,3,0.8,0.9637450443841805,685.677823639268,43.838043394405226,51.215896351509414,0.8559460346750964,104,50.0,2,19.826923076923077
2.5,21,0.28,3,1,0.8,0.9636192330829502,613.0847538554442,41.9556105626844,43.582216247586516,0.9626773068248407,44,56.81818181818182,2,21.477272727272727
2.5,21,0.3,3,1,0.8,0.9636192330829502,613.0847538554442,41.9556105626844,43.582216247586516,0.9626773068248407,44,56.81818181818182,2,21.477272727272727
2.5,21,0.35,3,1,0.8,0.9636192330829502,613.0847538554442,41.9556105626844,43.582216247586516,0.9626773068248407,44,56.81818181818182,2,21.477272727272727
2.5,21,0.25,5,3,0.8,0.9616241609042868,605.9603015297726,41.70162380380842,43.51939814419593,0.9582307104899624,47,55.319148936170215,2,21.27659574468085
2.5,21,0.25,8,3,0.8,0.9616241609042868,605.9603015297726,41.70162380380842,43.51939814419593,0.9582307104899624,47,55.319148936170215,2,21.27659574468085
2.5,21,0.28,5,3,0.8,0.960400158694516,605.1751277576449,41.67350367931417,43.582216247586516,0.9562043252360293,47,55.319148936170215,2,21.4468085106383
2.5,21,0.28,8,3,0.8,0.960400158694516,605.1751277576449,41.67350367931417,43.582216247586516,0.9562043252360293,47,55.319148936170215,2,21.4468085106383
2.5,21,0.3,5,3,0.8,0.960400158694516,605.1751277576449,41.67350367931417,43.582216247586516,0.9562043252360293,47,55.319148936170215,2,21.4468085106383
2.5,21,0.3,8,3,0.8,0.960400158694516,605.1751277576449,41.67350367931417,43.582216247586516,0.9562043252360293,47,55.319148936170215,2,21.4468085106383
2.5,21,0.35,5,3,0.8,0.960400158694516,605.1751277576449,41.67350367931417,43.582216247586516,0.9562043252360293,47,55.319148936170215,2,21.4468085106383
2.5,21,0.35,8,3,0.8,0.960400158694516,605.1751277576449,41.67350367931417,43.582216247586516,0.9562043252360293,47,55.319148936170215,2,21.4468085106383
2.0,10,0.2,3,3,0.8,0.959532469307137,682.9738365409153,43.75062182564682,50.80502934055505,0.8611474571223786,92,51.08695652173913,2,20.23913043478261
2.5,21,0.25,5,1,0.8,0.9592968276178382,602.1553005968759,41.56511161288559,43.51939814419593,0.9550938980168092,46,56.52173913043478,2,21.282608695652176
2.5,21,0.25,8,1,0.8,0.9592968276178382,602.1553005968759,41.56511161288559,43.51939814419593,0.9550938980168092,46,56.52173913043478,2,21.282608695652176
2.5,30,0.35,5,3,0,0.9581453375284683,727.2275982422734,44.516705459670234,55.60472550125718,0.800592126988627,260,50.0,1,21.68076923076923
2.5,21,0.28,5,1,0.8,0.9580762357206275,601.374358772252,41.5370185786935,43.582216247586516,0.9530726556613266,46,56.52173913043478,2,21.456521739130434
2.5,21,0.28,8,1,0.8,0.9580762357206275,601.374358772252,41.5370185786935,43.582216247586516,0.9530726556613266,46,56.52173913043478,2,21.456521739130434
2.5,21,0.3,5,1,0.8,0.9580762357206275,601.374358772252,41.5370185786935,43.582216247586516,0.9530726556613266,46,56.52173913043478,2,21.456521739130434
2.5,21,0.3,8,1,0.8,0.9580762357206275,601.374358772252,41.5370185786935,43.582216247586516,0.9530726556613266,46,56.52173913043478,2,21.456521739130434
2.5,21,0.35,5,1,0.8,0.9580762357206275,601.374358772252,41.5370185786935,43.582216247586516,0.9530726556613266,46,56.52173913043478,2,21.456521739130434
2.5,21,0.35,8,1,0.8,0.9580762357206275,601.374358772252,41.5370185786935,43.582216247586516,0.9530726556613266,46,56.52173913043478,2,21.456521739130434
2.0,10,0.2,3,1,0.8,0.9563346790539495,681.1985849686245,43.69309153224648,50.80502934055505,0.860015083139978,91,51.64835164835166,2,20.23076923076923
1.0,21,0.22,5,1,0,0.9562361612356857,509.7098188732125,36.94404864753069,40.94031880147766,0.902387908278752,308,52.27272727272727,1,21.99025974025974
1.0,21,0.22,5,1,0.8,0.9562361612356857,509.7098188732125,36.94404864753069,40.94031880147766,0.902387908278752,308,52.27272727272727,1,21.99025974025974
1.0,21,0.2,5,1,0,0.9560802838802137,493.6848459614344,36.31117829368951,42.700598540559426,0.8503669628705347,308,51.62337662337663,1,21.649350649350648
1.0,21,0.2,5,1,0.8,0.9560802838802137,493.6848459614344,36.31117829368951,42.700598540559426,0.8503669628705347,308,51.62337662337663,1,21.649350649350648
0.5,21,0.22,8,3,0,0.9547180070463249,399.11671884271647,32.25937169569957,38.944569524766834,0.8283406926653585,461,51.84381778741866,1,23.800433839479393
0.5,21,0.22,8,3,0.8,0.9547180070463249,399.11671884271647,32.25937169569957,38.944569524766834,0.8283406926653585,461,51.84381778741866,1,23.800433839479393
1.0,10,0.35,3,1,0.8,0.953923902332512,683.4052446655966,43.04606275340039,56.48431665977716,0.7620887584190917,191,56.54450261780105,2,21.900523560209425
2.5,30,0.28,5,3,0,0.953916828439295,712.0677415488808,44.05162209379958,54.35813894459153,0.8103960685391085,260,50.0,1,21.526923076923076
2.0,10,0.2,8,3,0.8,0.9539025205077853,669.6210010821783,43.31523469547625,50.80502934055507,0.8525776927541284,104,50.0,2,20.067307692307693
1.0,21,0.18,5,3,0,0.953004902918582,483.4569288341246,35.89983267997463,35.065233349004544,1.0238013340069154,307,51.465798045602604,1,21.28013029315961
1.0,21,0.18,5,3,0.8,0.953004902918582,483.4569288341246,35.89983267997463,35.065233349004544,1.0238013340069154,307,51.465798045602604,1,21.28013029315961
2.0,14,0.2,8,3,0,0.952708943112523,682.2526860558179,43.47334099311342,56.73030846082725,0.7663159635934664,141,48.226950354609926,3,20.163120567375888
1.0,10,0.28,5,3,0.8,0.9520357751218502,559.0331626419642,38.80932919271529,51.51203611543432,0.753403129042438,288,54.513888888888886,2,22.67361111111111
1.5,30,0.35,8,1,0,0.951757671364957,462.5648667114832,35.0687563389626,37.10953124806047,0.9450067182078854,445,52.359550561797754,2,25.150561797752808
1.5,30,0.35,8,1,0.8,0.951757671364957,462.5648667114832,35.0687563389626,37.10953124806047,0.9450067182078854,445,52.359550561797754,2,25.150561797752808
2.0,14,0.15,3,1,0.8,0.9511534440635336,667.1743978180593,43.019757479862086,56.62989057350059,0.7596652058514266,111,48.64864864864865,0,18.36936936936937
2.5,30,0.35,8,3,0,0.9508487119423981,701.9021233912832,43.735723363123014,56.001491594811824,0.780974258320913,322,48.75776397515528,2,22.52173913043478
1.5,14,0.1,5,3,0,0.9503611212976785,427.959786946484,33.58463268900691,35.44342970851335,0.9475559494441372,304,45.39473684210527,2,15.50328947368421
2.0,10,0.18,8,1,0.8,0.949901876067563,663.6977237116452,43.1201035326058,51.215896351509414,0.8419281239687799,103,50.48543689320388,2,19.66990291262136
1.5,30,0.3,8,1,0,0.9498563803179763,455.29533974975556,34.763369563798506,37.2776526981075,0.932552536108674,447,52.57270693512305,2,24.879194630872483
1.5,30,0.3,8,1,0.8,0.9498563803179763,455.29533974975556,34.763369563798506,37.2776526981075,0.932552536108674,447,52.57270693512305,2,24.879194630872483
1.5,14,0.1,5,3,0.8,0.9497294124191448,432.33943446252476,33.7768284905992,34.6644073130948,0.9743950959703757,288,45.48611111111111,2,15.527777777777779
0.5,21,0.35,8,3,0,0.9479432160137101,417.82100609981285,33.108306783943206,42.57753357796018,0.777600391608437,455,52.307692307692314,1,25.01978021978022
0.5,21,0.35,8,3,0.8,0.9479432160137101,417.82100609981285,33.108306783943206,42.57753357796018,0.777600391608437,455,52.307692307692314,1,25.01978021978022
2.5,30,0.3,8,3,0,0.9470701443276536,691.5815953268268,43.411609795023296,55.61957823890885,0.7805095106718117,323,48.60681114551084,2,22.38390092879257
2.0,14,0.15,3,3,0.8,0.9466003404704807,654.3057321839462,42.59552165004199,57.3606642802727,0.7425911499545048,113,47.78761061946903,0,18.238938053097346
1.5,30,0.28,8,3,0,0.9459116110089726,449.5277767828126,34.5187208894842,33.05670091172324,1.0442276433351663,450,52.888888888888886,1,24.66888888888889
1.5,30,0.28,8,3,0.8,0.9459116110089726,449.5277767828126,34.5187208894842,33.05670091172324,1.0442276433351663,450,52.888888888888886,1,24.66888888888889
1.5,14,0.1,8,1,0,0.9458392454960116,396.2904469999802,32.15424332077883,33.37164778367557,0.9635197976801056,399,46.11528822055138,1,15.796992481203008
2.5,30,0.25,5,3,0,0.9433705602965344,684.6637393904315,43.192397499725985,56.0998528630232,0.7699199783141528,260,50.0,1,21.369230769230768
1.0,10,0.22,8,1,0.8,0.9416547413284593,513.1242434375155,37.077114723572954,44.292854381139904,0.837090208829724,387,51.162790697674424,2,22.906976744186046
1.0,10,0.35,3,3,0.8,0.9409983569153958,662.7265042175603,42.38211836741452,56.48431665977716,0.7503342675223528,192,55.729166666666664,3,21.786458333333332
2.0,10,0.2,8,1,0.8,0.9401506402603531,648.0509137724573,42.59858684383373,50.80502934055507,0.8384718480977127,103,50.48543689320388,2,19.9126213592233
1.0,10,0.3,5,3,0.8,0.940103017614448,543.9776110949583,38.25255852022404,52.391829163439,0.7301245085544394,288,54.513888888888886,2,22.743055555555557
1.5,30,0.28,8,1,0,0.9387475218360213,441.08843905607824,34.15689049395518,35.666926429404754,0.9576628522102018,451,52.77161862527716,2,24.54988913525499
1.5,30,0.28,8,1,0.8,0.9387475218360213,441.08843905607824,34.15689049395518,35.666926429404754,0.9576628522102018,451,52.77161862527716,2,24.54988913525499
0.5,21,0.3,8,3,0,0.9369933308929806,403.671968534213,32.468511887149475,43.3337671946226,0.7492658494546621,457,52.078774617067836,1,24.75054704595186
0.5,21,0.3,8,3,0.8,0.9369933308929806,403.671968534213,32.468511887149475,43.3337671946226,0.7492658494546621,457,52.078774617067836,1,24.75054704595186
1.0,10,0.25,5,3,0.8,0.9368890182135011,535.3231255632679,37.927621125330745,49.70907039519591,0.7629919615031914,290,54.82758620689655,2,22.458620689655174
2.0,14,0.15,3,1,0,0.9362643049535713,642.0536554817585,42.15118550608765,56.62989057350056,0.7443275111291123,117,48.717948717948715,1,18.495726495726494
1.0,10,0.28,5,3,0,0.9340438932147316,502.39312026746444,36.65681824874849,50.39905698940961,0.7273314311506109,299,54.515050167224075,2,22.74247491638796
2.5,10,0.15,5,3,0,0.932306779246007,352.46316259361225,31.5041642394166,24.622478297440477,1.2794879483228736,13,53.84615384615385,2,19.153846153846153
2.5,10,0.15,5,3,0.8,0.932306779246007,352.46316259361225,31.5041642394166,24.622478297440477,1.2794879483228736,13,53.84615384615385,2,19.153846153846153
2.5,10,0.15,8,3,0,0.932306779246007,352.46316259361225,31.5041642394166,24.622478297440477,1.2794879483228736,13,53.84615384615385,2,19.153846153846153
2.5,10,0.15,8,3,0.8,0.932306779246007,352.46316259361225,31.5041642394166,24.622478297440477,1.2794879483228736,13,53.84615384615385,2,19.153846153846153
2.5,14,0.15,5,3,0.8,0.932306779246007,352.46316259361225,31.5041642394166,24.622478297440477,1.2794879483228736,13,53.84615384615385,2,19.153846153846153
2.5,14,0.15,8,3,0.8,0.932306779246007,352.46316259361225,31.5041642394166,24.622478297440477,1.2794879483228736,13,53.84615384615385,2,19.153846153846153
1.0,10,0.18,8,1,0,0.9322845257760085,442.0264951720158,34.170099526311915,44.72827758819535,0.7639484766417668,437,50.34324942791763,3,21.958810068649885
2.5,10,0.15,3,3,0,0.931890953758134,352.18030802626146,31.48924561029187,24.622478297440477,1.2788820536219214,11,63.63636363636363,2,18.818181818181817
2.5,10,0.15,3,3,0.8,0.931890953758134,352.18030802626146,31.48924561029187,24.622478297440477,1.2788820536219214,11,63.63636363636363,2,18.818181818181817
2.5,14,0.15,3,3,0.8,0.931890953758134,352.18030802626146,31.48924561029187,24.622478297440477,1.2788820536219214,11,63.63636363636363,2,18.818181818181817
2.0,14,0.15,3,3,0,0.931660830289615,629.6063678739805,41.72981929804005,57.360664280272665,0.7274988848480205,119,47.89915966386555,1,18.369747899159663
0.5,21,0.25,8,3,0,0.9312916238632732,386.9641645530145,31.69360799668459,41.47585689028691,0.7641459483410169,459,51.85185185185185,1,24.309368191721134
0.5,21,0.25,8,3,0.8,0.9312916238632732,386.9641645530145,31.69360799668459,41.47585689028691,0.7641459483410169,459,51.85185185185185,1,24.309368191721134
1.0,10,0.35,5,1,0.8,0.9269972461096887,531.1464496787776,37.769495622298635,48.238557396374986,0.7829731580061082,286,54.1958041958042,2,23.062937062937063
2.5,30,0.3,3,3,0,0.9261776316389899,683.0347666557394,43.14054675611543,55.96282131001664,0.7708786967177763,176,49.43181818181818,1,21.642045454545453
1.0,10,0.35,5,1,0,0.9256396142965339,503.6395814214697,36.705953291539515,48.393799628561005,0.7584846317765971,298,54.36241610738255,2,23.120805369127517
2.5,10,0.15,5,1,0,0.9252221841813911,346.9784136103621,31.21351004845405,24.622478297440477,1.267683523623969,12,58.333333333333336,2,19.0
2.5,10,0.15,5,1,0.8,0.9252221841813911,346.9784136103621,31.21351004845405,24.622478297440477,1.267683523623969,12,58.333333333333336,2,19.0
2.5,10,0.15,8,1,0,0.9252221841813911,346.9784136103621,31.21351004845405,24.622478297440477,1.267683523623969,12,58.333333333333336,2,19.0
2.5,10,0.15,8,1,0.8,0.9252221841813911,346.9784136103621,31.21351004845405,24.622478297440477,1.267683523623969,12,58.333333333333336,2,19.0
2.5,14,0.15,5,1,0.8,0.9252221841813911,346.9784136103621,31.21351004845405,24.622478297440477,1.267683523623969,12,58.333333333333336,2,19.0
2.5,14,0.15,8,1,0.8,0.9252221841813911,346.9784136103621,31.21351004845405,24.622478297440477,1.267683523623969,12,58.333333333333336,2,19.0
1.0,10,0.3,5,3,0,0.9252216373898894,493.94495194369466,36.32156264631068,51.29904456032685,0.7080358505234363,299,54.515050167224075,2,22.819397993311036
2.5,10,0.15,3,1,0,0.9246953756488077,346.99629560767164,31.214462404213748,24.622478297440477,1.2677222019303602,11,63.63636363636363,2,18.818181818181817
2.5,10,0.15,3,1,0.8,0.9246953756488077,346.99629560767164,31.214462404213748,24.622478297440477,1.2677222019303602,11,63.63636363636363,2,18.818181818181817
2.5,14,0.15,3,1,0.8,0.9246953756488077,346.99629560767164,31.214462404213748,24.622478297440477,1.2677222019303602,11,63.63636363636363,2,18.818181818181817
1.5,21,0.15,5,3,0,0.9239646473389731,408.3731559741657,32.6827203005408,34.88257508083162,0.9369354247731652,307,49.8371335504886,0,20.547231270358306
1.5,21,0.15,5,3,0.8,0.9239646473389731,408.3731559741657,32.6827203005408,34.88257508083162,0.9369354247731652,307,49.8371335504886,0,20.547231270358306
1.0,21,0.2,8,1,0,0.9232557082433287,393.8876946322411,32.01734435799439,40.29556489837432,0.7945624894139676,461,49.891540130151846,2,23.301518438177876
1.0,21,0.2,8,1,0.8,0.9232557082433287,393.8876946322411,32.01734435799439,40.29556489837432,0.7945624894139676,461,49.891540130151846,2,23.301518438177876
2.0,14,0.1,5,1,0.8,0.9210982218152045,546.8733544464152,38.79945885077463,51.3048462512676,0.7562532915653363,125,40.8,1,14.424
2.5,30,0.28,8,3,0,0.9207613202538317,635.985450519264,41.60306237529565,56.743202002668134,0.7331814368413581,323,48.60681114551084,2,22.24458204334365
1.0,10,0.3,3,1,0.8,0.9202894431713519,613.3936532498798,40.735961792901506,57.67281786095919,0.7063286189884117,191,56.02094240837696,2,21.827225130890053
1.0,21,0.18,8,1,0,0.9201340716229868,383.1568133839972,31.51395696122945,40.19719036770823,0.7839840713480732,466,49.57081545064378,2,22.590128755364805
1.0,21,0.18,8,1,0.8,0.9201340716229868,383.1568133839972,31.51395696122945,40.19719036770823,0.7839840713480732,466,49.57081545064378,2,22.590128755364805
2.5,30,0.25,3,3,0,0.9190999944286987,658.3626253094354,42.344124782554005,55.82742607103805,0.7584824836572779,176,50.0,1,21.386363636363637
1.0,10,0.25,5,3,0,0.9184816914206023,480.779369241744,35.791163558997674,48.55470649961598,0.7371306746397642,301,54.81727574750831,2,22.53488372093023
1.0,14,0.35,8,3,0.8,0.9175115508195452,475.66550188012593,35.58246134246221,45.64505837123086,0.7795468471761031,441,51.02040816326531,2,24.85260770975057
1.5,30,0.22,8,3,0,0.9171061107083343,408.05508173074065,32.69418137010962,31.114552801915536,1.0507681591392448,455,52.307692307692314,2,23.751648351648353
1.5,30,0.22,8,3,0.8,0.9171061107083343,408.05508173074065,32.69418137010962,31.114552801915536,1.0507681591392448,455,52.307692307692314,2,23.751648351648353
2.0,14,0.15,5,3,0.8,0.9163148745182929,594.2957866536029,40.53465427522831,57.360664280272665,0.7066629158471738,126,45.23809523809524,1,18.158730158730158
2.0,10,0.15,5,3,0,0.9159740854913689,577.9627183398409,40.112933893537495,51.53304183943439,0.7783925120997236,106,47.16981132075472,1,18.18867924528302
2.0,14,0.1,3,1,0.8,0.9155475670626955,541.535992499691,38.597656706559505,50.91630851787069,0.758060783079206,111,42.34234234234234,1,14.612612612612613
2.5,30,0.25,8,3,0,0.914600974571127,617.9687756372231,40.99276226146094,57.465711598073966,0.7133429852600113,325,48.61538461538461,2,21.89846153846154
1.0,21,0.22,8,1,0,0.9145920083976431,395.70045998358705,32.101487572219135,43.094456305812336,0.7449099100918339,458,50.43668122270743,2,23.759825327510917
1.0,21,0.22,8,1,0.8,0.9145920083976431,395.70045998358705,32.101487572219135,43.094456305812336,0.7449099100918339,458,50.43668122270743,2,23.759825327510917
1.5,10,0.1,3,3,0.8,0.9140953827960452,441.6915396652639,34.182902069136546,42.78750978132187,0.7988990769464804,178,46.06741573033708,2,15.426966292134832
1.0,21,0.25,8,1,0,0.9131341279191293,401.18561254449014,32.35455315232083,43.53579977403311,0.7431712135817631,457,50.54704595185996,2,24.11378555798687
1.0,21,0.25,8,1,0.8,0.9131341279191293,401.18561254449014,32.35455315232083,43.53579977403311,0.7431712135817631,457,50.54704595185996,2,24.11378555798687
2.0,10,0.1,5,3,0,0.9125550923942416,521.3262915386924,37.97544352693707,47.347497782104824,0.8020580876670961,106,40.56603773584906,1,14.641509433962264
1.5,14,0.1,8,3,0,0.9118315720682546,372.97202084876255,31.052025783908533,35.470855088920906,0.8754236599615394,413,45.52058111380145,1,15.76997578692494
1.5,10,0.1,3,3,0,0.9113947478790729,439.0979248159954,34.070869832591264,45.43453166180659,0.7498893151622843,184,45.108695652173914,1,15.478260869565217
1.0,10,0.28,3,1,0.8,0.91072082229364,594.0720419343575,40.06551622136429,57.67719795234171,0.694650878402071,191,56.02094240837696,2,21.759162303664922
1.5,10,0.15,8,1,0,0.9095614978954066,435.2090715409757,33.90205216958788,51.00990535520672,0.6646170372893547,324,46.913580246913575,2,19.280864197530864
2.0,14,0.15,8,3,0.8,0.9089690519602013,580.6946683220744,40.047241453734436,57.3606642802727,0.698165580127484,132,45.45454545454545,1,18.106060606060606
1.0,10,0.35,3,1,0,0.9088966737165237,570.9956344818245,39.244271766672334,56.48431665977716,0.6947817392047593,194,56.70103092783505,2,21.88659793814433
2.0,14,0.1,5,3,0.8,0.9088285259251185,527.9335966241046,38.077028992846415,52.730588110600216,0.7221051453661285,127,40.15748031496063,1,14.496062992125983
0.5,21,0.28,5,1,0,0.9078858557274704,412.43916035287754,32.86667108053869,46.2576003122761,0.7105139665408962,299,53.17725752508361,1,23.49163879598662
0.5,21,0.28,5,1,0.8,0.9078858557274704,412.43916035287754,32.86667108053869,46.2576003122761,0.7105139665408962,299,53.17725752508361,1,23.49163879598662
2.0,10,0.1,5,1,0,0.9076808115971745,517.3549606061086,37.81962146390707,47.684036752985996,0.7931296098067617,105,40.95238095238095,1,14.438095238095238
1.0,10,0.3,3,3,0.8,0.9075082806188317,594.5629365891451,40.08273967731062,57.67281786095919,0.6950022760105861,192,55.208333333333336,3,21.713541666666668
2.0,14,0.15,5,1,0.8,0.9073327781194626,582.5046043254912,40.11256332036473,56.62989057350056,0.7083284624804667,124,45.96774193548387,1,18.129032258064516
2.5,30,0.35,3,3,0,0.9067211373680183,643.3533885422145,41.849095624497124,58.17025972694033,0.7194242525466256,176,49.43181818181818,1,21.670454545454547
1.0,10,0.18,8,3,0.8,0.9066453311787352,443.64463632083886,34.23967383578468,44.99866735198092,0.7609041745161235,402,50.49751243781094,2,21.68407960199005
0.5,21,0.2,5,1,0,0.9064999115685994,388.43216926835214,31.76256639826085,42.99390385923323,0.7387690706630174,302,52.980132450331126,1,22.25496688741722
0.5,21,0.2,5,1,0.8,0.9064999115685994,388.43216926835214,31.76256639826085,42.99390385923323,0.7387690706630174,302,52.980132450331126,1,22.25496688741722
2.0,10,0.15,3,3,0,0.9056106336297906,564.5034713071195,39.618694242982436,51.533041839434354,0.7688017789911488,94,50.0,2,18.361702127659573
1.5,30,0.35,5,3,0,0.9054457927377257,431.10708877517345,33.722880859911974,42.4406270827223,0.7945895991164714,300,54.0,2,23.416666666666668
1.5,30,0.35,5,3,0.8,0.9054457927377257,431.10708877517345,33.722880859911974,42.4406270827223,0.7945895991164714,300,54.0,2,23.416666666666668
2.0,14,0.15,8,1,0.8,0.9049263756443314,577.5609766138016,39.93380496666512,56.62989057350056,0.7051718546910238,130,46.15384615384615,2,18.076923076923077
1.5,30,0.22,8,1,0,0.9041764071727431,395.93000124362663,32.13753443872089,33.67471797569687,0.9543519996786501,459,52.28758169934641,2,23.498910675381264
1.5,30,0.22,8,1,0.8,0.9041764071727431,395.93000124362663,32.13753443872089,33.67471797569687,0.9543519996786501,459,52.28758169934641,2,23.498910675381264
1.5,30,0.25,8,1,0,0.9033782603906184,402.6922918539292,32.44935109067475,35.54589321172345,0.9128860793396119,455,52.307692307692314,2,24.017582417582418
1.5,30,0.25,8,1,0.8,0.9033782603906184,402.6922918539292,32.44935109067475,35.54589321172345,0.9128860793396119,455,52.307692307692314,2,24.017582417582418
2.0,10,0.15,3,1,0,0.9033522773105387,564.4523768739084,39.61680234304858,51.533041839434354,0.7687650666243581,93,50.53763440860215,2,18.344086021505376
1.5,21,0.18,3,3,0,0.90291298659136,465.14211441059336,35.148126592774666,33.37045531880719,1.053270812669002,188,51.06382978723404,0,21.21808510638298
1.5,21,0.18,3,3,0.8,0.90291298659136,465.14211441059336,35.148126592774666,33.37045531880719,1.053270812669002,188,51.06382978723404,0,21.21808510638298
2.0,14,0.1,8,1,0.8,0.9013587335597302,516.3969245685086,37.62812818831605,52.48082654382576,0.7169881014906176,131,39.69465648854962,1,14.17557251908397
1.5,10,0.15,8,3,0,0.9011820802621381,423.1621919239154,33.37257841605565,49.652127946188315,0.672127858290867,336,46.726190476190474,2,19.363095238095237
1.0,10,0.28,5,1,0.8,0.9006914842596261,485.8833650052309,35.99795467946472,50.80973729484197,0.7084853533206341,286,53.84615384615385,2,22.75874125874126
2.0,10,0.15,5,1,0,0.8997371280311983,555.2194493934645,39.27294571589803,51.53304183943439,0.762092519946016,105,47.61904761904761,1,18.0
1.0,14,0.35,8,3,0,0.8992200078707745,450.7524409668071,34.543272842494986,45.88641252534805,0.7527995966869928,448,50.89285714285714,2,24.886160714285715
1.5,30,0.25,8,3,0,0.8990584325188943,397.3437591779888,32.203013454321905,33.53928755069918,0.960157946278456,452,52.43362831858407,2,24.199115044247787
1.5,30,0.25,8,3,0.8,0.8990584325188943,397.3437591779888,32.203013454321905,33.53928755069918,0.960157946278456,452,52.43362831858407,2,24.199115044247787
1.0,10,0.28,3,3,0.8,0.8979662082543052,575.7513379243582,39.41540596054778,57.67719795234171,0.6833793485098993,192,55.208333333333336,3,21.645833333333332
0.5,21,0.28,8,1,0,0.8975329296127728,354.25051443991066,30.110470789960296,46.281745156879204,0.6505906527054275,450,51.11111111111111,2,25.035555555555554
0.5,21,0.28,8,1,0.8,0.8975329296127728,354.25051443991066,30.110470789960296,46.281745156879204,0.6505906527054275,450,51.11111111111111,2,25.035555555555554
1.5,30,0.3,5,3,0,0.8973519909150331,418.8475281598168,33.18049349873839,41.22115692117011,0.804938433974369,301,53.820598006644516,2,23.19269102990033
1.5,30,0.3,5,3,0.8,0.8973519909150331,418.8475281598168,33.18049349873839,41.22115692117011,0.804938433974369,301,53.820598006644516,2,23.19269102990033
2.5,30,0.35,5,1,0,0.8958699318173162,606.4351403015778,40.59539791403288,56.342589103696184,0.7205099829423661,259,49.80694980694981,1,21.683397683397683
1.0,10,0.35,3,3,0,0.8957014115427786,553.2840546044931,38.597973289519906,56.48431665977716,0.6833396519959277,195,55.8974358974359,3,21.774358974358975
2.0,10,0.15,8,3,0,0.8955189389103075,543.769285891116,38.84092521558831,51.53304183943433,0.7537091510454228,112,47.32142857142857,1,18.053571428571427
2.5,30,0.3,5,1,0,0.8951431058387169,602.315345320502,40.45216105424514,54.54090913118682,0.741684759176747,259,49.80694980694981,1,21.598455598455597
2.0,14,0.1,3,3,0.8,0.8947560306192641,510.4309886230444,37.393265853396414,53.29614134359092,0.7016130044448914,113,41.5929203539823,1,14.513274336283185
2.5,30,0.18,5,3,0,0.8945126425633185,563.5215914758168,39.06820615957001,54.19207749492361,0.7209209900327163,261,49.042145593869726,1,20.264367816091955
2.5,30,0.28,3,3,0,0.8931427598827315,609.9351198525964,40.71654416578059,57.25753592954109,0.7111124065116038,176,49.43181818181818,1,21.477272727272727
2.5,21,0.18,3,3,0.8,0.8930449752355447,494.6658323323836,37.431694716561694,40.71815758042682,0.9192875351156623,44,54.54545454545454,3,20.25
0.5,21,0.18,8,3,0,0.8928800881142035,326.2993571322283,28.68134634815025,39.65611993893616,0.7232514525454019,469,49.89339019189765,1,22.30277185501066
0.5,21,0.18,8,3,0.8,0.8928800881142035,326.2993571322283,28.68134634815025,39.65611993893616,0.7232514525454019,469,49.89339019189765,1,22.30277185501066
2.0,14,0.15,5,1,0,0.8925371505723211,560.1563320716689,39.26363863703553,56.629890573500596,0.6933377098102421,130,46.15384615384615,2,18.253846153846155
0.5,21,0.22,5,1,0,0.8922762698510884,378.9042105565728,31.311908659234856,43.00041914033193,0.7281768244409059,300,53.333333333333336,1,22.743333333333332
0.5,21,0.22,5,1,0.8,0.8922762698510884,378.9042105565728,31.311908659234856,43.00041914033193,0.7281768244409059,300,53.333333333333336,1,22.743333333333332
2.0,10,0.15,5,3,0.8,0.892236084298969,538.5603735955664,38.673995286332016,52.08543820145002,0.7425107020651958,99,47.474747474747474,2,18.12121212121212
1.0,21,0.18,5,1,0,0.8919003411703622,409.41835432625373,32.73012202359893,44.178335611449384,0.7408636285319109,310,50.645161290322584,1,21.096774193548388
1.0,21,0.18,5,1,0.8,0.8919003411703622,409.41835432625373,32.73012202359893,44.178335611449384,0.7408636285319109,310,50.645161290322584,1,21.096774193548388
1.0,10,0.28,5,1,0,0.8901934818544994,449.51187005718356,34.490517829828526,49.6806377986278,0.6942446666975192,298,54.0268456375839,2,22.818791946308725
2.5,21,0.18,5,3,0.8,0.8899476487248961,489.4520399886362,37.216021665364465,40.71815758042682,0.913990805990057,47,53.191489361702125,3,20.29787234042553
2.5,21,0.18,8,3,0.8,0.8899476487248961,489.4520399886362,37.216021665364465,40.71815758042682,0.913990805990057,47,53.191489361702125,3,20.29787234042553
0.5,21,0.2,8,3,0,0.8898006642606088,331.07230344350256,28.930759987551458,38.84088542586081,0.7448532563134863,465,50.752688172043015,1,23.055913978494623
0.5,21,0.2,8,3,0.8,0.8898006642606088,331.07230344350256,28.930759987551458,38.84088542586081,0.7448532563134863,465,50.752688172043015,1,23.055913978494623
0.5,21,0.18,5,1,0,0.8896893910001186,361.1448110021831,30.451768100923072,40.34118932431337,0.7548554866866553,303,52.14521452145215,2,21.57095709570957
0.5,21,0.18,5,1,0.8,0.8896893910001186,361.1448110021831,30.451768100923072,40.34118932431337,0.7548554866866553,303,52.14521452145215,2,21.57095709570957
1.0,10,0.3,5,1,0.8,0.8890105101159453,472.53306539758137,35.45386578174856,51.70711486654195,0.6856670667713013,286,53.84615384615385,2,22.82867132867133
1.5,21,0.18,3,1,0,0.8889590669338103,445.34862505101006,34.31275460479777,33.37045531880719,1.0282375315826007,189,51.32275132275132,0,21.116402116402117
1.5,21,0.18,3,1,0.8,0.8889590669338103,445.34862505101006,34.31275460479777,33.37045531880719,1.0282375315826007,189,51.32275132275132,0,21.116402116402117
2.0,10,0.1,5,3,0.8,0.888773600049771,488.0172952820584,36.67205035205683,45.599896017609865,0.804213464388049,99,41.41414141414141,1,14.505050505050505
2.0,14,0.15,8,1,0,0.8883035397329853,552.0451309721518,38.961829075489995,56.62989057350059,0.6880081999261678,138,46.3768115942029,3,18.181159420289855
2.5,21,0.18,3,1,0.8,0.8879698849733798,488.1353846083782,37.16130926859862,40.71815758042682,0.9126471205185871,44,54.54545454545454,3,20.25
2.5,21,0.18,5,1,0.8,0.8876022345284177,486.27499794081183,37.083830803718534,40.71815758042682,0.9107443216326834,46,54.347826086956516,3,20.282608695652176
2.5,21,0.18,8,1,0.8,0.8876022345284177,486.27499794081183,37.083830803718534,40.71815758042682,0.9107443216326834,46,54.347826086956516,3,20.282608695652176
2.0,14,0.1,8,3,0.8,0.8873707159263814,495.87730797459403,36.812287655613154,54.06272155549042,0.6809181372385908,133,39.097744360902254,1,14.240601503759398
2.5,21,0.2,3,3,0.8,0.8862937099445746,486.23721342008,37.08225512142587,41.24873049999957,0.8989914276616648,44,54.54545454545454,3,20.65909090909091
1.5,30,0.28,5,3,0,0.8860334793606899,405.07223687334715,32.55826892060476,39.63823493054789,0.8213854370067616,303,53.79537953795379,2,22.88118811881188
1.5,30,0.28,5,3,0.8,0.8860334793606899,405.07223687334715,32.55826892060476,39.63823493054789,0.8213854370067616,303,53.79537953795379,2,22.88118811881188
1.0,10,0.25,5,1,0.8,0.8857495778720784,464.83084672048227,35.135178154891335,48.941692422329616,0.7178987161232889,288,54.166666666666664,2,22.541666666666668
1.5,21,0.15,8,1,0,0.8854134492800059,326.59149230516675,28.696678179345714,33.965267980888335,0.8448830197804662,468,47.43589743589743,1,20.965811965811966
0.5,21,0.35,8,1,0,0.8851409746661544,350.43434346034735,29.919710086829898,46.63249368834671,0.6416064790956424,448,51.11607142857143,2,25.439732142857142
0.5,21,0.35,8,1,0.8,0.8851409746661544,350.43434346034735,29.919710086829898,46.63249368834671,0.6416064790956424,448,51.11607142857143,2,25.439732142857142
0.5,21,0.18,5,3,0,0.8850184008503308,362.1761276259753,30.502459701202866,37.4861568878216,0.8136993021845997,306,52.614379084967325,1,21.38235294117647
0.5,21,0.18,5,3,0.8,0.8850184008503308,362.1761276259753,30.502459701202866,37.4861568878216,0.8136993021845997,306,52.614379084967325,1,21.38235294117647
2.0,10,0.1,8,3,0,0.8848983755752768,481.8393440697479,36.388102625665766,48.83133598440196,0.74517933806458,112,39.285714285714285,1,14.330357142857142
2.0,14,0.15,5,3,0,0.8848939908305432,542.1268610553865,38.58854446606128,57.360664280272665,0.6727353134808893,133,45.11278195488722,2,18.30075187969925
2.5,21,0.2,5,3,0.8,0.8848552961644292,483.3170459447178,36.96022570687381,41.24873049999957,0.896033047777657,47,53.191489361702125,3,20.680851063829788
2.5,21,0.2,8,3,0.8,0.8848552961644292,483.3170459447178,36.96022570687381,41.24873049999957,0.896033047777657,47,53.191489361702125,3,20.680851063829788
0.5,21,0.28,5,3,0,0.8846971076056321,392.9870013502392,31.975441924841853,43.310849701122194,0.7382778713762653,302,53.973509933774835,1,23.258278145695364
0.5,21,0.28,5,3,0.8,0.8846971076056321,392.9870013502392,31.975441924841853,43.310849701122194,0.7382778713762653,302,53.973509933774835,1,23.258278145695364
2.0,10,0.15,8,1,0,0.8843811515981084,530.0081989403905,38.313256335812525,51.53304183943433,0.7434697228855273,111,47.74774774774775,1,17.873873873873872
2.0,10,0.1,5,1,0.8,0.8840067428129755,484.2588654434222,36.517592319751515,45.947605133774964,0.7947659559933913,98,41.83673469387755,1,14.285714285714286
2.5,21,0.2,5,1,0.8,0.8825133116565732,480.17307042770295,36.828281273361775,41.24873049999957,0.892834296400035,46,54.347826086956516,3,20.67391304347826
2.5,21,0.2,8,1,0.8,0.8825133116565732,480.17307042770295,36.828281273361775,41.24873049999957,0.892834296400035,46,54.347826086956516,3,20.67391304347826
1.0,10,0.22,5,3,0,0.8818501883038127,427.9420898263327,33.55716149902961,46.02175641543015,0.7291586439273444,302,53.973509933774835,2,22.218543046357617
2.0,10,0.1,8,1,0,0.8818464129914009,480.51890792339736,36.33350652368568,48.94745902457671,0.742296071088031,111,39.63963963963964,1,14.144144144144144
1.0,10,0.3,5,1,0,0.881676594070653,441.8376471836944,34.16196855831599,50.59861352346622,0.6751562183116466,298,54.0268456375839,2,22.895973154362416
2.5,21,0.2,3,1,0.8,0.8812315307316043,479.79932634476035,36.8125571668511,41.24873049999957,0.892453094207384,44,54.54545454545454,3,20.65909090909091
1.0,10,0.2,8,1,0.8,0.8805828186017075,427.6451588273414,33.5440946912924,47.202424655491434,0.7106434666463675,389,50.128534704370175,3,22.331619537275063
2.5,14,0.18,3,3,0,0.8799430603824502,326.67867884184915,30.087068662712333,23.01587619846982,1.3072310783767875,12,58.333333333333336,2,21.0
2.5,14,0.2,3,3,0,0.8799430603824502,326.67867884184915,30.087068662712333,23.01587619846982,1.3072310783767875,12,58.333333333333336,2,21.0
2.5,14,0.22,3,3,0,0.8799430603824502,326.67867884184915,30.087068662712333,23.01587619846982,1.3072310783767875,12,58.333333333333336,2,21.0
2.5,14,0.25,3,3,0,0.8799430603824502,326.67867884184915,30.087068662712333,23.01587619846982,1.3072310783767875,12,58.333333333333336,2,21.0
2.5,14,0.28,3,3,0,0.8799430603824502,326.67867884184915,30.087068662712333,23.01587619846982,1.3072310783767875,12,58.333333333333336,2,21.0
2.5,14,0.3,3,3,0,0.8799430603824502,326.67867884184915,30.087068662712333,23.01587619846982,1.3072310783767875,12,58.333333333333336,2,21.0
2.5,14,0.35,3,3,0,0.8799430603824502,326.67867884184915,30.087068662712333,23.01587619846982,1.3072310783767875,12,58.333333333333336,2,21.0
2.5,30,0.22,8,3,0,0.8794509138245449,548.5353100094923,38.515637865004116,56.87825162092537,0.6771593142788219,326,48.466257668711656,2,21.460122699386503
2.5,30,0.28,5,1,0,0.8793244361225755,570.3579175680475,39.31685591244549,55.017675243469014,0.7146222689064399,259,49.80694980694981,1,21.47876447876448
1.5,21,0.15,8,1,0.8,0.8787497899269942,324.1679885654919,28.56922448717476,36.31703356461336,0.7866618410984998,459,47.276688453159046,1,21.013071895424837
0.5,21,0.35,5,1,0,0.8784923298023187,392.2112632736052,31.939301989893476,45.56131410299071,0.7010180153648583,297,53.198653198653204,2,23.946127946127945
0.5,21,0.35,5,1,0.8,0.8784923298023187,392.2112632736052,31.939301989893476,45.56131410299071,0.7010180153648583,297,53.198653198653204,2,23.946127946127945
2.5,30,0.25,5,1,0,0.8770229512467005,561.4824562326224,38.99362952317975,56.66720578100131,0.6881163273494785,259,49.80694980694981,1,21.2972972972973
0.5,21,0.2,5,3,0,0.8767999442134337,364.46207238945243,30.614486931986185,40.03471394958163,0.7646985306437069,305,53.11475409836065,1,22.01311475409836
0.5,21,0.2,5,3,0.8,0.8767999442134337,364.46207238945243,30.614486931986185,40.03471394958163,0.7646985306437069,305,53.11475409836065,1,22.01311475409836
2.5,30,0.35,8,1,0,0.8766919331019571,561.0250056053216,38.97687326383101,58.650063244324144,0.6645666024512428,316,49.050632911392405,2,22.484177215189874
2.0,10,0.15,5,1,0.8,0.8761278676258631,517.1389149779815,37.84205363005353,52.08543820145002,0.7265380677741909,98,47.95918367346938,2,17.918367346938776
2.0,14,0.15,8,3,0,0.8756907480057317,526.3494779837226,37.984831117802706,57.36066428027268,0.662210446730589,141,45.39007092198582,2,18.22695035460993
1.0,10,0.25,5,1,0,0.8749015938972738,429.81969694540226,33.639647588496224,47.76971434794844,0.704204495414592,300,54.333333333333336,2,22.61
2.0,10,0.15,3,3,0.8,0.8748575109792901,513.0777570919879,37.68165631886229,52.08543820145006,0.7234585638527512,92,48.91304347826087,2,18.304347826086957
1.0,10,0.3,3,1,0,0.8741964712350471,511.02989832808765,36.99556726016182,57.67281786095919,0.6414732040552062,194,56.18556701030928,2,21.814432989690722
2.5,21,0.22,3,3,0.8,0.8733836169818096,469.2346606292705,36.36459896504234,42.952685039789365,0.8466199244903052,44,54.54545454545454,3,20.704545454545453
2.5,14,0.18,3,1,0,0.8729773020620443,321.9930173230165,29.82690249018287,23.01587619846982,1.2959273083058154,12,58.333333333333336,2,21.0
2.5,14,0.2,3,1,0,0.8729773020620443,321.9930173230165,29.82690249018287,23.01587619846982,1.2959273083058154,12,58.333333333333336,2,21.0
2.5,14,0.22,3,1,0,0.8729773020620443,321.9930173230165,29.82690249018287,23.01587619846982,1.2959273083058154,12,58.333333333333336,2,21.0
2.5,14,0.25,3,1,0,0.8729773020620443,321.9930173230165,29.82690249018287,23.01587619846982,1.2959273083058154,12,58.333333333333336,2,21.0
2.5,14,0.28,3,1,0,0.8729773020620443,321.9930173230165,29.82690249018287,23.01587619846982,1.2959273083058154,12,58.333333333333336,2,21.0
2.5,14,0.3,3,1,0,0.8729773020620443,321.9930173230165,29.82690249018287,23.01587619846982,1.2959273083058154,12,58.333333333333336,2,21.0
2.5,14,0.35,3,1,0,0.8729773020620443,321.9930173230165,29.82690249018287,23.01587619846982,1.2959273083058154,12,58.333333333333336,2,21.0
2.5,30,0.22,5,3,0,0.8729067857934917,542.8195959545903,38.302110369417065,56.90620241832994,0.6730744407762421,260,49.61538461538461,1,20.965384615384615
0.5,21,0.22,8,1,0,0.8728686949331538,320.98394200549717,28.400855798284685,43.35351383874339,0.6550992822386618,454,50.66079295154186,2,24.16079295154185
0.5,21,0.22,8,1,0.8,0.8728686949331538,320.98394200549717,28.400855798284685,43.35351383874339,0.6550992822386618,454,50.66079295154186,2,24.16079295154185
2.0,10,0.15,3,1,0.8,0.8727335076869773,513.0306168408582,37.67978936116063,52.08543820145006,0.7234227197134654,91,49.45054945054945,2,18.285714285714285
2.5,21,0.22,5,3,0.8,0.8719262050424261,466.3991863472453,36.243208401671524,42.952685039789365,0.843793778388883,47,53.191489361702125,3,20.72340425531915
2.5,21,0.22,8,3,0.8,0.8719262050424261,466.3991863472453,36.243208401671524,42.952685039789365,0.843793778388883,47,53.191489361702125,3,20.72340425531915
1.0,10,0.25,3,1,0.8,0.8709932593065571,521.4034058732193,37.39724432301761,57.10652832732184,0.6548681108517922,192,56.25,3,21.463541666666668
2.5,14,0.18,5,3,0,0.8707675775050525,319.7473452096775,29.701374777804524,23.01587619846982,1.2904733463842313,14,50.0,2,21.0
2.5,14,0.18,8,3,0,0.8707675775050525,319.7473452096775,29.701374777804524,23.01587619846982,1.2904733463842313,14,50.0,2,21.0
2.5,14,0.2,5,3,0,0.8707675775050525,319.7473452096775,29.701374777804524,23.01587619846982,1.2904733463842313,14,50.0,2,21.0
2.5,14,0.2,8,3,0,0.8707675775050525,319.7473452096775,29.701374777804524,23.01587619846982,1.2904733463842313,14,50.0,2,21.0
2.5,14,0.22,5,3,0,0.8707675775050525,319.7473452096775,29.701374777804524,23.01587619846982,1.2904733463842313,14,50.0,2,21.0
2.5,14,0.22,8,3,0,0.8707675775050525,319.7473452096775,29.701374777804524,23.01587619846982,1.2904733463842313,14,50.0,2,21.0
2.5,14,0.25,5,3,0,0.8707675775050525,319.7473452096775,29.701374777804524,23.01587619846982,1.2904733463842313,14,50.0,2,21.0
2.5,14,0.25,8,3,0,0.8707675775050525,319.7473452096775,29.701374777804524,23.01587619846982,1.2904733463842313,14,50.0,2,21.0
2.5,14,0.28,5,3,0,0.8707675775050525,319.7473452096775,29.701374777804524,23.01587619846982,1.2904733463842313,14,50.0,2,21.0
2.5,14,0.28,8,3,0,0.8707675775050525,319.7473452096775,29.701374777804524,23.01587619846982,1.2904733463842313,14,50.0,2,21.0
2.5,14,0.3,5,3,0,0.8707675775050525,319.7473452096775,29.701374777804524,23.01587619846982,1.2904733463842313,14,50.0,2,21.0
2.5,14,0.3,8,3,0,0.8707675775050525,319.7473452096775,29.701374777804524,23.01587619846982,1.2904733463842313,14,50.0,2,21.0
2.5,14,0.35,5,3,0,0.8707675775050525,319.7473452096775,29.701374777804524,23.01587619846982,1.2904733463842313,14,50.0,2,21.0
2.5,14,0.35,8,3,0,0.8707675775050525,319.7473452096775,29.701374777804524,23.01587619846982,1.2904733463842313,14,50.0,2,21.0
2.0,10,0.15,8,3,0.8,0.8696403728022905,503.5491096937,37.301854166447555,52.08543820145002,0.7161666572176233,104,47.11538461538461,2,18.028846153846153
2.5,21,0.22,5,1,0.8,0.8695870990096894,463.3463950957065,36.111954726674654,42.952685039789365,0.840738004928498,46,54.347826086956516,3,20.717391304347824
2.5,21,0.22,8,1,0.8,0.8695870990096894,463.3463950957065,36.111954726674654,42.952685039789365,0.840738004928498,46,54.347826086956516,3,20.717391304347824
1.5,30,0.3,3,1,0,0.8690570144529196,454.0372210764506,34.71018223813049,49.35947468262453,0.7032121484540259,190,54.21052631578947,1,22.13157894736842
1.5,30,0.3,3,1,0.8,0.8690570144529196,454.0372210764506,34.71018223813049,49.35947468262453,0.7032121484540259,190,54.21052631578947,1,22.13157894736842
2.5,21,0.25,8,1,0,0.8689643838261858,516.5206142504325,37.84865025755175,63.285331611371106,0.5980635527040694,97,51.546391752577314,2,21.567010309278352
2.5,21,0.28,8,1,0,0.868493936015766,516.1356488190777,37.83345665811153,63.285331611371035,0.5978234718029614,97,51.546391752577314,2,21.649484536082475
2.5,21,0.3,8,1,0,0.868493936015766,516.1356488190777,37.83345665811153,63.285331611371035,0.5978234718029614,97,51.546391752577314,2,21.649484536082475
2.5,21,0.35,8,1,0,0.868493936015766,516.1356488190777,37.83345665811153,63.285331611371035,0.5978234718029614,97,51.546391752577314,2,21.649484536082475
2.5,21,0.22,3,1,0.8,0.8683359139141208,462.98349065814205,36.09631293936595,42.952685039789365,0.840373841726728,44,54.54545454545454,3,20.704545454545453
1.5,30,0.35,3,1,0,0.868274521743009,454.18548848930914,34.716455467643215,49.956423487776355,0.6949347660193859,189,54.4973544973545,1,22.296296296296298
1.5,30,0.35,3,1,0.8,0.868274521743009,454.18548848930914,34.716455467643215,49.956423487776355,0.6949347660193859,189,54.4973544973545,1,22.296296296296298
0.5,21,0.22,5,3,0,0.8682102008566672,360.99721948832484,30.44450597783086,39.840533240048934,0.764159098835231,303,53.79537953795379,1,22.537953795379536
0.5,21,0.22,5,3,0.8,0.8682102008566672,360.99721948832484,30.44450597783086,39.840533240048934,0.764159098835231,303,53.79537953795379,1,22.537953795379536
2.5,14,0.18,5,1,0,0.8676375019776853,317.48498139595756,29.574356830998628,23.01587619846982,1.2849546363550932,13,53.84615384615385,2,21.0
2.5,14,0.18,8,1,0,0.8676375019776853,317.48498139595756,29.574356830998628,23.01587619846982,1.2849546363550932,13,53.84615384615385,2,21.0
2.5,14,0.2,5,1,0,0.8676375019776853,317.48498139595756,29.574356830998628,23.01587619846982,1.2849546363550932,13,53.84615384615385,2,21.0
2.5,14,0.2,8,1,0,0.8676375019776853,317.48498139595756,29.574356830998628,23.01587619846982,1.2849546363550932,13,53.84615384615385,2,21.0
2.5,14,0.22,5,1,0,0.8676375019776853,317.48498139595756,29.574356830998628,23.01587619846982,1.2849546363550932,13,53.84615384615385,2,21.0
2.5,14,0.22,8,1,0,0.8676375019776853,317.48498139595756,29.574356830998628,23.01587619846982,1.2849546363550932,13,53.84615384615385,2,21.0
2.5,14,0.25,5,1,0,0.8676375019776853,317.48498139595756,29.574356830998628,23.01587619846982,1.2849546363550932,13,53.84615384615385,2,21.0
2.5,14,0.25,8,1,0,0.8676375019776853,317.48498139595756,29.574356830998628,23.01587619846982,1.2849546363550932,13,53.84615384615385,2,21.0
2.5,14,0.28,5,1,0,0.8676375019776853,317.48498139595756,29.574356830998628,23.01587619846982,1.2849546363550932,13,53.84615384615385,2,21.0
2.5,14,0.28,8,1,0,0.8676375019776853,317.48498139595756,29.574356830998628,23.01587619846982,1.2849546363550932,13,53.84615384615385,2,21.0
2.5,14,0.3,5,1,0,0.8676375019776853,317.48498139595756,29.574356830998628,23.01587619846982,1.2849546363550932,13,53.84615384615385,2,21.0
2.5,14,0.3,8,1,0,0.8676375019776853,317.48498139595756,29.574356830998628,23.01587619846982,1.2849546363550932,13,53.84615384615385,2,21.0
2.5,14,0.35,5,1,0,0.8676375019776853,317.48498139595756,29.574356830998628,23.01587619846982,1.2849546363550932,13,53.84615384615385,2,21.0
2.5,14,0.35,8,1,0,0.8676375019776853,317.48498139595756,29.574356830998628,23.01587619846982,1.2849546363550932,13,53.84615384615385,2,21.0
0.5,21,0.3,8,1,0,0.8665562065872668,332.4573198340681,29.0027078483893,47.328290721826946,0.6127985483112699,449,51.00222717149221,2,25.21826280623608
0.5,21,0.3,8,1,0.8,0.8665562065872668,332.4573198340681,29.0027078483893,47.328290721826946,0.6127985483112699,449,51.00222717149221,2,25.21826280623608
1.5,10,0.1,3,1,0,0.8662154006846322,387.91847099556094,31.763536076132404,47.10138594020039,0.6743652111735986,183,43.71584699453552,2,15.295081967213115
2.5,30,0.3,8,1,0,0.8658343971663048,539.1482737718258,38.16412886943148,58.36288377673719,0.653910951614822,317,48.89589905362776,2,22.32807570977918
1.5,30,0.35,5,1,0,0.86494007448627,380.56638199521615,31.415831960178252,42.4406270827223,0.7402301549160599,300,53.666666666666664,2,23.416666666666668
1.5,30,0.35,5,1,0.8,0.86494007448627,380.56638199521615,31.415831960178252,42.4406270827223,0.7402301549160599,300,53.666666666666664,2,23.416666666666668
2.5,21,0.25,5,1,0,0.8647550866114125,511.43725288691815,37.64739018905243,63.285331611371106,0.5948833518048272,93,51.61290322580645,2,21.365591397849464
1.0,10,0.28,3,1,0,0.864305045533362,494.48071521736694,36.34294038200143,57.67719795234171,0.6301093269480839,194,56.18556701030928,2,21.74742268041237
2.5,21,0.28,5,1,0,0.8642889520407192,511.0554615885209,37.63221877238196,63.285331611371035,0.5946436214236452,93,51.61290322580645,2,21.451612903225808
2.5,21,0.3,5,1,0,0.8642889520407192,511.0554615885209,37.63221877238196,63.285331611371035,0.5946436214236452,93,51.61290322580645,2,21.451612903225808
2.5,21,0.35,5,1,0,0.8642889520407192,511.0554615885209,37.63221877238196,63.285331611371035,0.5946436214236452,93,51.61290322580645,2,21.451612903225808
2.5,21,0.25,8,3,0,0.8636603663735498,506.15813186874556,37.4369157269445,63.285331611371106,0.5915575501261627,99,50.505050505050505,2,21.555555555555557
2.5,30,0.22,3,3,0,0.863654892656758,547.6724514394108,38.48350305536741,59.44436613775041,0.647386885515603,176,50.0,2,21.09659090909091
2.5,21,0.28,8,3,0,0.8631898193089853,505.77963693879485,37.4217675086489,63.285331611371035,0.5913181863129401,99,50.505050505050505,2,21.636363636363637
2.5,21,0.3,8,3,0,0.8631898193089853,505.77963693879485,37.4217675086489,63.285331611371035,0.5913181863129401,99,50.505050505050505,2,21.636363636363637
2.5,21,0.35,8,3,0,0.8631898193089853,505.77963693879485,37.4217675086489,63.285331611371035,0.5913181863129401,99,50.505050505050505,2,21.636363636363637
2.0,10,0.1,3,1,0,0.8612071951089805,455.0028998827647,35.25786251996881,47.87234831189507,0.7364974513107,93,41.935483870967744,1,14.473118279569892
1.0,10,0.3,3,3,0,0.8611597693116029,494.9011721553254,36.359706083443236,57.67281786095919,0.6304478857111026,195,55.38461538461539,3,21.702564102564104
1.0,14,0.35,8,1,0.8,0.8609636220999187,408.55935890435165,32.69117084576018,48.77412098688524,0.6702564840594553,437,50.800915331807786,2,24.816933638443935
2.0,30,0.3,8,3,0,0.8606603684202004,461.62670299193917,35.02952869606082,33.131071227599165,1.0573014212374812,433,51.73210161662818,2,24.74826789838337
2.5,21,0.25,5,3,0,0.8605828344226558,502.9683217170265,37.30900773533201,63.285331611371106,0.5895364183985461,95,50.526315789473685,2,21.357894736842105
2.5,21,0.28,5,3,0,0.8601161429653659,502.59181855606556,37.293873614982154,63.285331611371035,0.5892972773533075,95,50.526315789473685,2,21.442105263157895
2.5,21,0.3,5,3,0,0.8601161429653659,502.59181855606556,37.293873614982154,63.285331611371035,0.5892972773533075,95,50.526315789473685,2,21.442105263157895
2.5,21,0.35,5,3,0,0.8601161429653659,502.59181855606556,37.293873614982154,63.285331611371035,0.5892972773533075,95,50.526315789473685,2,21.442105263157895
1.0,10,0.22,5,3,0.8,0.8598502474545217,423.2025324380599,33.347862538394146,47.232956338711354,0.7060295421538707,291,53.95189003436426,2,22.140893470790378
0.5,21,0.15,5,1,0,0.8597138731795165,319.60211402496003,28.32745883271024,39.130003746205794,0.7239319223284507,309,50.80906148867314,1,19.899676375404532
0.5,21,0.15,5,1,0.8,0.8597138731795165,319.60211402496003,28.32745883271024,39.130003746205794,0.7239319223284507,309,50.80906148867314,1,19.899676375404532
2.0,10,0.1,8,3,0.8,0.8588059026460462,448.09982390563147,34.98818429243493,47.13298464773726,0.7423290622040977,104,39.42307692307692,1,14.192307692307692
1.5,30,0.3,3,3,0,0.8587679068230731,442.20630848493687,34.20508500189445,49.35947468262453,0.6929791133683861,189,54.4973544973545,1,22.24867724867725
1.5,30,0.3,3,3,0.8,0.8587679068230731,442.20630848493687,34.20508500189445,49.35947468262453,0.6929791133683861,189,54.4973544973545,1,22.24867724867725
2.0,10,0.15,8,1,0.8,0.858655732332593,490.6477614008382,36.779670101014595,52.08543820145002,0.7061411283276998,103,47.57281553398058,2,17.83495145631068
2.0,14,0.1,5,1,0,0.8585976992305994,458.60201419105476,35.24061078259706,49.229238217818924,0.7158471684382358,131,41.221374045801525,1,14.564885496183207
1.0,10,0.25,3,3,0.8,0.8583917923717409,505.00110433033336,36.759528342406234,57.41076545819013,0.6402898140972649,193,55.44041450777202,3,21.352331606217618
1.5,30,0.35,3,3,0,0.8580105738784544,442.35140979498766,34.21133470986759,49.95642348777639,0.6848235386233885,188,54.78723404255319,1,22.414893617021278
1.5,30,0.35,3,3,0.8,0.8580105738784544,442.35140979498766,34.21133470986759,49.95642348777639,0.6848235386233885,188,54.78723404255319,1,22.414893617021278
2.0,10,0.1,3,3,0,0.8571487344031382,447.52143922621303,34.934758280099686,48.575031082211076,0.7191916814417302,94,41.48936170212766,1,14.48936170212766
0.5,21,0.35,5,3,0,0.8570429503030099,374.45491088619946,31.098922147584716,42.567116549736994,0.7305855944282151,300,53.666666666666664,1,23.706666666666667
0.5,21,0.35,5,3,0.8,0.8570429503030099,374.45491088619946,31.098922147584716,42.567116549736994,0.7305855944282151,300,53.666666666666664,1,23.706666666666667
2.5,30,0.18,3,3,0,0.8567380085231083,518.5996555413104,37.37952734389369,58.67885859553925,0.637018650985404,177,49.152542372881356,1,20.350282485875706
1.5,30,0.3,5,1,0,0.8566170770922445,369.4744378597806,30.88284985085179,41.22115692117015,0.7491990074395786,301,53.48837209302325,2,23.19269102990033
1.5,30,0.3,5,1,0.8,0.8566170770922445,369.4744378597806,30.88284985085179,41.22115692117015,0.7491990074395786,301,53.48837209302325,2,23.19269102990033
0.5,21,0.3,5,1,0,0.8566140767664041,368.0444052900472,30.78913344126668,46.31487526476587,0.6647785029163098,298,53.02013422818792,2,23.7248322147651
0.5,21,0.3,5,1,0.8,0.8566140767664041,368.0444052900472,30.78913344126668,46.31487526476587,0.6647785029163098,298,53.02013422818792,2,23.7248322147651
2.0,10,0.1,8,1,0.8,0.8558788305892963,446.85595680267653,34.9341107711121,47.25296195544649,0.7392999152952678,103,39.80582524271845,1,13.990291262135923
1.0,10,0.15,8,3,0,0.855048837332251,335.1805524262621,29.14361911669241,42.16146117309318,0.6912383562098041,459,49.45533769063181,2,20.239651416122005
2.0,14,0.1,3,1,0,0.8533214505282077,453.9929804236072,35.04411971687789,49.229238217818846,0.7118558195400521,117,42.73504273504273,1,14.760683760683762
0.5,21,0.25,8,1,0,0.8520806316053589,312.4363041172603,27.943606621748284,45.621356835165464,0.612511520047756,450,50.888888888888886,2,24.797777777777778
0.5,21,0.25,8,1,0.8,0.8520806316053589,312.4363041172603,27.943606621748284,45.621356835165464,0.612511520047756,450,50.888888888888886,2,24.797777777777778
2.5,30,0.2,5,3,0,0.8519358441515985,501.2587456203521,36.7004794086438,58.49403652184356,0.6274225817009339,260,48.84615384615385,1,20.611538461538462
1.5,30,0.2,8,3,0,0.851381991650106,337.5980394805304,29.291021008178685,30.999774918158902,0.9448785059087874,458,51.310043668122276,2,23.141921397379914
1.5,30,0.2,8,3,0.8,0.851381991650106,337.5980394805304,29.291021008178685,30.999774918158902,0.9448785059087874,458,51.310043668122276,2,23.141921397379914
1.0,10,0.28,3,3,0,0.8512979522561148,478.788820766761,35.71010835507946,57.67719795234171,0.6191373649008832,195,55.38461538461539,3,21.635897435897437
2.0,30,0.3,8,3,0.8,0.8502382967813514,453.87796525249655,34.70344254155351,32.47236460058644,1.0687069749434501,407,50.859950859950864,2,24.683046683046683
2.0,10,0.1,3,1,0.8,0.8458417485623764,435.1462864188961,34.42003762477339,46.14216698656875,0.7459562450717262,91,41.75824175824176,1,14.472527472527473
1.0,14,0.3,8,3,0.8,0.845728479948704,384.38378654623733,31.571979386710613,49.07425106410148,0.6433512219161704,443,50.56433408577878,2,24.45372460496614
1.0,10,0.22,5,1,0,0.8456764401747917,389.5744656756526,31.81610655320317,46.80444267110703,0.679766807112173,301,53.48837209302325,2,22.289036544850497
0.5,21,0.25,5,1,0,0.845099840950012,344.285165134212,29.609500501501486,46.59745082475727,0.6354317667044981,299,53.17725752508361,2,23.207357859531772
0.5,21,0.25,5,1,0.8,0.845099840950012,344.285165134212,29.609500501501486,46.59745082475727,0.6354317667044981,299,53.17725752508361,2,23.207357859531772
1.5,30,0.28,5,1,0,0.8446990901637801,356.8044840567288,30.26116316114862,39.63823493054788,0.7634336698939976,303,53.46534653465347,2,22.88118811881188
1.5,30,0.28,5,1,0.8,0.8446990901637801,356.8044840567288,30.26116316114862,39.63823493054788,0.7634336698939976,303,53.46534653465347,2,22.88118811881188
1.0,14,0.35,8,1,0,0.8437737027380209,388.06651297812465,31.74540600163116,48.997982436364495,0.6478921054118932,444,50.22522522522522,2,24.945945945945947
2.0,30,0.28,8,3,0,0.8434090649679457,436.7554303043279,33.96930156735329,31.719049233018552,1.0709432466844655,433,51.50115473441108,2,24.630484988452658
1.5,21,0.15,8,3,0,0.8429932044065866,296.3032081710265,27.058814211907144,38.458182231867546,0.7035905662094826,469,46.481876332622605,2,21.01492537313433
2.0,10,0.1,3,3,0.8,0.8417212405529364,427.9324936834175,34.098710346822216,46.868172668381035,0.7275451208241033,92,41.30434782608695,1,14.48913043478261
1.5,30,0.2,8,1,0,0.8402399243281702,329.1166604815986,28.85138315278686,31.58379435558042,0.9134869239575459,462,51.298701298701296,2,22.9004329004329
1.5,30,0.2,8,1,0.8,0.8402399243281702,329.1166604815986,28.85138315278686,31.58379435558042,0.9134869239575459,462,51.298701298701296,2,22.9004329004329
2.5,21,0.25,3,1,0,0.8399380267805039,477.4376205733952,36.26466364784269,63.54940371594851,0.5706530907817413,82,52.4390243902439,3,21.414634146341463
2.5,30,0.28,8,1,0,0.83982000022263,494.9191468216827,36.44818868603752,58.958061603966286,0.6182053428226267,317,48.89589905362776,2,22.186119873817034
2.5,21,0.28,3,1,0,0.8390285582963259,476.79539058718836,36.237906484632006,63.5899443130878,0.5698685047782576,82,52.4390243902439,3,21.51219512195122
2.5,21,0.3,3,1,0,0.8390285582963259,476.79539058718836,36.237906484632006,63.5899443130878,0.5698685047782576,82,52.4390243902439,3,21.51219512195122
2.5,21,0.35,3,1,0,0.8390285582963259,476.79539058718836,36.237906484632006,63.5899443130878,0.5698685047782576,82,52.4390243902439,3,21.51219512195122
0.5,21,0.15,8,3,0,0.8386475908643802,273.4122157315506,25.750884129474883,39.538354931431506,0.651288708752116,480,48.333333333333336,1,20.6125
0.5,21,0.15,8,3,0.8,0.8386475908643802,273.4122157315506,25.750884129474883,39.538354931431506,0.651288708752116,480,48.333333333333336,1,20.6125
1.5,30,0.25,5,3,0,0.8383150499194545,352.71716091526645,30.05756860143962,39.033101862884116,0.7700532923831203,304,53.289473684210535,2,22.450657894736842
1.5,30,0.25,5,3,0.8,0.8383150499194545,352.71716091526645,30.05756860143962,39.033101862884116,0.7700532923831203,304,53.289473684210535,2,22.450657894736842
2.5,30,0.18,5,1,0,0.8380638482361401,475.56808623343636,35.66411498213653,57.111011822009814,0.6244700250327566,260,48.84615384615385,1,20.076923076923077
2.5,30,0.25,8,1,0,0.8377510086449168,487.0571521607043,36.132210531727125,59.86772284641459,0.603534071680347,319,48.90282131661442,2,21.830721003134798
1.0,10,0.2,5,3,0,0.8377006914216444,372.7114634794578,31.01501377034197,47.39657417185576,0.6543724797046363,304,53.289473684210535,2,21.63157894736842
2.0,14,0.1,8,1,0,0.8376057691166228,430.71960791841536,34.030841676033184,49.22923821781892,0.6912729692354949,139,40.28776978417266,1,14.352517985611511
1.5,21,0.2,3,3,0,0.8374262368958392,393.1984954545788,31.98528682088304,40.24901958509047,0.7946848681186613,188,51.06382978723404,1,21.6968085106383
1.5,21,0.2,3,3,0.8,0.8374262368958392,393.1984954545788,31.98528682088304,40.24901958509047,0.7946848681186613,188,51.06382978723404,1,21.6968085106383
2.5,30,0.2,3,3,0,0.8372915279812843,495.0964472942761,36.455274643466765,60.51197094332031,0.6024473186902686,176,49.43181818181818,2,20.78409090909091
2.0,30,0.35,8,3,0,0.8368580413426907,431.6180821381388,33.7452628328976,32.3245481510768,1.0439515712696352,431,51.74013921113689,2,24.948955916473317
2.5,21,0.25,3,3,0,0.8366928318850999,470.0531879126493,35.95551569381254,63.54940371594851,0.5657884038460154,83,51.80722891566265,3,21.40963855421687
2.5,21,0.28,3,3,0,0.835778826062416,469.41917094186937,35.92881923542468,63.5899443130878,0.5650078738633204,83,51.80722891566265,3,21.50602409638554
2.5,21,0.3,3,3,0,0.835778826062416,469.41917094186937,35.92881923542468,63.5899443130878,0.5650078738633204,83,51.80722891566265,3,21.50602409638554
2.5,21,0.35,3,3,0,0.835778826062416,469.41917094186937,35.92881923542468,63.5899443130878,0.5650078738633204,83,51.80722891566265,3,21.50602409638554
0.5,21,0.3,5,3,0,0.8351090973227053,351.0662629233591,29.95139014118029,43.37271403309846,0.6905583569966101,301,53.820598006644516,1,23.488372093023255
0.5,21,0.3,5,3,0.8,0.8351090973227053,351.0662629233591,29.95139014118029,43.37271403309846,0.6905583569966101,301,53.820598006644516,1,23.488372093023255
1.5,10,0.1,5,3,0,0.8337209516206655,322.92843089099875,28.526060947956754,39.8649413890728,0.7155676128944695,277,45.48736462093863,1,15.335740072202166
1.0,14,0.28,8,3,0.8,0.8333186994715198,370.04585963205454,30.886228400986738,49.43663231016463,0.6247640051046973,445,51.01123595505618,2,24.251685393258427
2.0,30,0.25,8,3,0,0.8330614558858145,420.0453404932488,33.233950913063445,31.574303708829532,1.0525632241818783,435,51.26436781609195,2,24.25057471264368
2.0,14,0.1,3,3,0,0.8325645525317475,427.1325174017755,33.87142216579744,51.03076175793492,0.6637451803378317,119,42.016806722689076,1,14.663865546218487
1.5,30,0.22,5,3,0,0.8319432228169974,344.2705017510224,29.63197274877667,35.32997598803259,0.8387204327230221,306,52.94117647058824,2,22.124183006535947
1.5,30,0.22,5,3,0.8,0.8319432228169974,344.2705017510224,29.63197274877667,35.32997598803259,0.8387204327230221,306,52.94117647058824,2,22.124183006535947
2.0,30,0.28,8,3,0.8,0.830624281621731,426.33741969354924,33.5131026218473,30.78283342594522,1.088694538222751,408,50.49019607843137,2,24.512254901960784
2.0,14,0.1,5,3,0,0.8286095244569569,418.48005544653785,33.48317145376394,51.030761757934926,0.6561370103113842,134,40.298507462686565,1,14.67910447761194
2.0,30,0.35,8,3,0.8,0.8281085711989892,426.13189367733605,33.50402800136465,31.997413481983923,1.047085509590612,405,50.864197530864196,2,24.886419753086418
1.0,14,0.3,8,3,0,0.8278628352902719,364.4049359466719,30.611692403667146,48.17172352820722,0.6354701505696034,450,50.44444444444445,2,24.493333333333332
0.5,21,0.18,3,3,0,0.8278306158524966,354.64189095206217,30.12995977553863,53.56560404563232,0.5624870719253168,190,56.315789473684205,2,20.86315789473684
0.5,21,0.18,3,3,0.8,0.8278306158524966,354.64189095206217,30.12995977553863,53.56560404563232,0.5624870719253168,190,56.315789473684205,2,20.86315789473684
2.0,21,0.3,5,1,0,0.8276678883651275,476.2716987257569,35.6358092491172,44.10964826213119,0.8078914852674327,246,52.03252032520326,2,22.670731707317074
1.5,21,0.2,3,1,0,0.8269819535387755,379.95845264953215,31.36213521864597,40.24901958509047,0.7792024636113997,189,51.32275132275132,1,21.58730158730159
1.5,21,0.2,3,1,0.8,0.8269819535387755,379.95845264953215,31.36213521864597,40.24901958509047,0.7792024636113997,189,51.32275132275132,1,21.58730158730159
1.0,14,0.35,5,3,0.8,0.8265136217966851,402.7789964692902,32.42763732032512,51.08730398538663,0.6347494346070982,300,51.66666666666667,2,23.293333333333333
1.5,30,0.28,3,1,0,0.825957758099652,397.88035835593615,32.227826109190616,48.64241600270841,0.6625457524025158,191,54.45026178010471,1,21.76439790575916
1.5,30,0.28,3,1,0.8,0.825957758099652,397.88035835593615,32.227826109190616,48.64241600270841,0.6625457524025158,191,54.45026178010471,1,21.76439790575916
2.0,30,0.22,8,3,0,0.8245117473018135,406.76820448640063,32.635626240833446,30.45046706222592,1.0717611054747413,440,51.81818181818182,2,23.759090909090908
0.5,21,0.15,5,3,0,0.8240906283957439,296.35138739911486,27.061500467891484,35.70778318421015,0.7578599973088775,313,50.798722044728436,1,19.677316293929714
0.5,21,0.15,5,3,0.8,0.8240906283957439,296.35138739911486,27.061500467891484,35.70778318421015,0.7578599973088775,313,50.798722044728436,1,19.677316293929714
0.5,21,0.25,5,3,0,0.8235869448291258,328.50620849493157,28.796952105590524,43.6364897348804,0.6599282453870703,302,53.973509933774835,1,22.97682119205298
0.5,21,0.25,5,3,0.8,0.8235869448291258,328.50620849493157,28.796952105590524,43.6364897348804,0.6599282453870703,302,53.973509933774835,1,22.97682119205298
0.5,21,0.22,3,3,0,0.8234584012303926,360.8908007638014,30.43926853730381,48.77265918957265,0.624105165539376,187,57.21925133689839,2,22.09625668449198
0.5,21,0.22,3,3,0.8,0.8234584012303926,360.8908007638014,30.43926853730381,48.77265918957265,0.624105165539376,187,57.21925133689839,2,22.09625668449198
1.0,10,0.25,3,1,0,0.8232656230663502,432.2391896559877,33.74558418631732,57.10652832732184,0.5909234053398447,195,56.41025641025641,3,21.456410256410255
2.0,21,0.28,3,1,0,0.8227433421630895,479.58142925319277,35.771061328433596,36.35067650371056,0.9840548999076317,180,53.333333333333336,3,21.633333333333333
1.5,10,0.1,5,3,0.8,0.8221454701527814,323.2033061815067,28.54059462339631,36.38675933746004,0.7843675870858295,251,46.21513944223107,2,15.374501992031872
2.5,30,0.25,3,3,0.8,0.8214587279568892,496.984025753092,36.560029113062754,60.09424199344061,0.6083782389176877,155,50.32258064516129,1,21.419354838709676
1.5,21,0.15,8,3,0.8,0.8193415619757726,281.92296216932624,26.24470661543452,38.538254548446176,0.6810040289303315,460,46.30434782608695,3,21.045652173913044
1.5,10,0.1,5,1,0,0.8192699706324864,312.6933784247536,27.97925941284585,40.52242172912639,0.6904636549087373,273,45.42124542124542,1,15.333333333333334
0.5,21,0.2,8,1,0,0.8171696980843435,271.4369858531223,25.634946817250693,43.24762627461918,0.5927480656272487,458,49.56331877729257,1,23.393013100436683
0.5,21,0.2,8,1,0.8,0.8171696980843435,271.4369858531223,25.634946817250693,43.24762627461918,0.5927480656272487,458,49.56331877729257,1,23.393013100436683
1.0,10,0.18,5,3,0,0.816211453872852,343.10950974841586,29.549788393832355,46.456633292043215,0.6360725325933907,306,52.614379084967325,2,21.013071895424837
1.5,30,0.28,3,3,0,0.8157109611581606,387.2486195906311,31.732036493204617,48.64241600270839,0.6523532155852989,190,54.736842105263165,1,21.878947368421052
1.5,30,0.28,3,3,0.8,0.8157109611581606,387.2486195906311,31.732036493204617,48.64241600270839,0.6523532155852989,190,54.736842105263165,1,21.878947368421052
1.0,10,0.22,5,1,0.8,0.8155804567074922,372.83447316757423,31.020942337323532,46.54326448147361,0.666496918145295,289,53.28719723183391,2,22.217993079584776
1.5,30,0.25,5,1,0,0.8154150946234371,326.30630314862697,28.70412309319226,37.56954180821758,0.7640264350233255,304,52.960526315789465,2,22.463815789473685
1.5,30,0.25,5,1,0.8,0.8154150946234371,326.30630314862697,28.70412309319226,37.56954180821758,0.7640264350233255,304,52.960526315789465,2,22.463815789473685
1.0,14,0.28,8,3,0,0.8152801620333939,350.57089536858894,29.926558959645778,48.5505266551359,0.6164002951444814,452,50.88495575221239,2,24.29424778761062
1.5,10,0.1,8,3,0,0.8141906169799943,298.41566776242365,27.197459060052974,39.99591952301713,0.680005845206314,346,43.0635838150289,2,15.563583815028903
1.5,30,0.18,8,1,0,0.8134599283328806,296.9415519980663,27.115429535403713,30.517698617307648,0.888514886899945,467,50.74946466809421,2,22.027837259100643
1.5,30,0.18,8,1,0.8,0.8134599283328806,296.9415519980663,27.115429535403713,30.517698617307648,0.888514886899945,467,50.74946466809421,2,22.027837259100643
2.0,21,0.3,3,1,0,0.8133919680518225,465.1648129430601,35.17718679003266,36.862910010851515,0.954270478908946,179,53.072625698324025,3,21.77094972067039
1.0,21,0.15,8,3,0,0.81282611532932,280.70837103818593,26.174791533429364,41.35304030111933,0.6329593022141319,474,48.734177215189874,2,20.770042194092827
1.0,21,0.15,8,3,0.8,0.81282611532932,280.70837103818593,26.174791533429364,41.35304030111933,0.6329593022141319,474,48.734177215189874,2,20.770042194092827
2.0,30,0.22,8,3,0.8,0.8127643158864201,397.69167256242235,32.21910368851431,30.060694393103155,1.0718017111376628,414,50.48309178743962,2,23.659420289855074
1.5,30,0.18,8,3,0,0.811132431593108,294.5338893793653,26.980908602479925,32.92729008664599,0.8194087193778002,464,50.86206896551724,1,22.219827586206897
1.5,30,0.18,8,3,0.8,0.811132431593108,294.5338893793653,26.980908602479925,32.92729008664599,0.8194087193778002,464,50.86206896551724,1,22.219827586206897
0.5,21,0.28,3,3,0,0.8110625875010415,355.9036666509386,30.192696937940244,54.963964899131625,0.5493180303376778,187,57.21925133689839,2,22.6524064171123
0.5,21,0.28,3,3,0.8,0.8110625875010415,355.9036666509386,30.192696937940244,54.963964899131625,0.5493180303376778,187,57.21925133689839,2,22.6524064171123
1.0,14,0.35,5,3,0,0.8109467503216442,380.341443127627,31.380359213802155,51.08730398538663,0.6142496621622157,304,51.64473684210527,2,23.263157894736842
0.5,21,0.35,3,3,0,0.8107345046519607,358.9400907234287,30.34308611340455,55.559042968641414,0.5461412668776668,186,56.98924731182796,2,22.962365591397848
0.5,21,0.35,3,3,0.8,0.8107345046519607,358.9400907234287,30.34308611340455,55.559042968641414,0.5461412668776668,186,56.98924731182796,2,22.962365591397848
2.0,21,0.28,5,1,0,0.8105984086156169,450.0740158851433,34.54198195649574,45.002246099376315,0.7675612875014799,247,52.226720647773284,2,22.477732793522268
0.5,21,0.18,8,1,0,0.8104971502546676,261.1999416719206,25.02578644230664,43.89186531967252,0.5701691249628887,462,48.701298701298704,1,22.567099567099568
0.5,21,0.18,8,1,0.8,0.8104971502546676,261.1999416719206,25.02578644230664,43.89186531967252,0.5701691249628887,462,48.701298701298704,1,22.567099567099568
1.0,10,0.25,3,3,0,0.8104277431493093,418.19042906155397,33.12481703198274,57.41076545819013,0.5769791914045487,196,55.61224489795919,3,21.346938775510203
1.0,10,0.18,8,1,0.8,0.8103722444257886,342.6091608894971,29.524335723481077,45.76313073152537,0.6451555051311713,392,48.97959183673469,3,21.614795918367346
1.0,10,0.22,3,1,0.8,0.8098397403973395,421.741397069455,33.283022934817886,55.429005776959116,0.600462203286588,192,55.729166666666664,3,21.140625
1.5,21,0.15,3,3,0,0.809673036099858,338.1065822120317,29.294214446436406,29.63696740003533,0.9884349518973214,188,48.40425531914894,0,19.98404255319149
1.5,21,0.15,3,3,0.8,0.809673036099858,338.1065822120317,29.294214446436406,29.63696740003533,0.9884349518973214,188,48.40425531914894,0,19.98404255319149
1.0,10,0.22,3,1,0,0.8093873814896214,407.55420833593536,32.645523190035505,55.429005776959116,0.5889610093566876,195,55.8974358974359,3,21.138461538461538
1.5,30,0.22,5,1,0,0.808150502095893,317.9296123615886,28.260384091829316,35.329975988032615,0.7998981969702443,306,52.614379084967325,2,22.137254901960784
1.5,30,0.22,5,1,0.8,0.808150502095893,317.9296123615886,28.260384091829316,35.329975988032615,0.7998981969702443,306,52.614379084967325,2,22.137254901960784
1.0,10,0.18,3,1,0,0.8077834858283091,392.22394743697794,31.939893295496912,52.76650550510546,0.6053062068399915,198,55.05050505050505,3,19.949494949494948
2.5,30,0.3,3,3,0.8,0.8076823059295251,479.0423142303732,35.83523985609482,60.10423412209214,0.5962182262118384,155,49.67741935483871,1,21.587096774193547
1.0,10,0.18,3,1,0.8,0.8076431766381347,405.98262370594574,32.574001754490965,52.76650550510546,0.6173234600752413,195,54.871794871794876,3,19.933333333333334
2.0,30,0.3,8,1,0,0.8070326824106445,390.62345762703376,31.890375118347734,36.49567650098259,0.8738124122042001,433,51.50115473441108,2,24.60969976905312
1.5,21,0.1,5,1,0,0.8066101137383411,266.3202663501264,25.33223180505628,40.271640832862374,0.6290340120530856,322,45.03105590062112,1,15.96583850931677
1.5,21,0.1,5,1,0.8,0.8066101137383411,266.3202663501264,25.33223180505628,40.271640832862374,0.6290340120530856,322,45.03105590062112,1,15.96583850931677
2.0,14,0.1,8,3,0,0.8057964006634445,390.56506494809327,32.193042595951525,51.0307617579349,0.6308556150633153,142,39.436619718309856,1,14.45774647887324
2.5,30,0.22,5,1,0,0.8037612626050902,437.94101721015835,34.07504426598658,60.2407042984377,0.5656481719930736,259,49.42084942084942,1,20.833976833976834
1.0,14,0.25,8,3,0.8,0.8032363144381023,337.58924476803645,29.267648988528006,50.139957693813166,0.5837190603002719,449,51.00222717149221,2,23.710467706013365
2.0,30,0.3,8,1,0.8,0.8031119168393341,391.39898400543484,31.92663363391666,36.70736378599084,0.8697610054498459,405,50.864197530864196,2,24.501234567901236
0.5,21,0.2,3,3,0,0.8027530571498428,337.6505755005669,29.27079969814237,52.90814326846661,0.5532380818887637,189,56.613756613756614,2,21.566137566137566
0.5,21,0.2,3,3,0.8,0.8027530571498428,337.6505755005669,29.27079969814237,52.90814326846661,0.5532380818887637,189,56.613756613756614,2,21.566137566137566
0.5,21,0.18,3,1,0,0.8024410427968136,327.9510557235342,28.767916849855023,53.4767276134032,0.5379520799744064,191,55.497382198952884,2,20.74869109947644
0.5,21,0.18,3,1,0.8,0.8024410427968136,327.9510557235342,28.767916849855023,53.4767276134032,0.5379520799744064,191,55.497382198952884,2,20.74869109947644
1.5,10,0.1,3,1,0.8,0.8022941602143964,327.2058248980825,28.75134420690033,46.31159048423322,0.6208239429109809,177,44.632768361581924,3,15.23728813559322
2.5,14,0.15,5,3,0,0.800999302886891,268.7492240040933,26.69092210527242,24.622478297440477,1.0840063206816577,14,50.0,2,19.214285714285715
2.5,14,0.15,8,3,0,0.800999302886891,268.7492240040933,26.69092210527242,24.622478297440477,1.0840063206816577,14,50.0,2,19.214285714285715
2.5,30,0.28,3,3,0.8,0.800954772742199,465.68112703853217,35.283345973926195,61.024814160815325,0.5781803100775684,155,49.67741935483871,1,21.509677419354837
2.5,14,0.15,3,3,0,0.8006035912419125,268.5187026913335,26.676559858900628,24.622478297440477,1.0834230225181547,12,58.333333333333336,2,18.916666666666668
2.5,30,0.18,8,3,0,0.8000737790274464,413.372110219011,32.98717893661893,53.10110831643946,0.621214509121771,329,47.41641337386018,2,20.434650455927052
2.5,10,0.1,3,3,0,0.800028922378982,243.35981358531154,25.083091618391972,28.224056281495784,0.8887132086268165,11,54.54545454545454,3,16.272727272727273
2.5,10,0.1,3,3,0.8,0.800028922378982,243.35981358531154,25.083091618391972,28.224056281495784,0.8887132086268165,11,54.54545454545454,3,16.272727272727273
2.5,14,0.1,3,3,0.8,0.800028922378982,243.35981358531154,25.083091618391972,28.224056281495784,0.8887132086268165,11,54.54545454545454,3,16.272727272727273
0.5,21,0.22,3,1,0,0.7997782498218177,334.62053306385104,29.11470102484335,50.5486022225313,0.5759744037366457,188,56.38297872340425,2,21.97872340425532
0.5,21,0.22,3,1,0.8,0.7997782498218177,334.62053306385104,29.11470102484335,50.5486022225313,0.5759744037366457,188,56.38297872340425,2,21.97872340425532
2.5,10,0.1,5,3,0,0.7988395809589376,242.75164913471463,25.042867778446354,28.224056281495784,0.8872880470715657,13,46.15384615384615,3,17.0
2.5,10,0.1,5,3,0.8,0.7988395809589376,242.75164913471463,25.042867778446354,28.224056281495784,0.8872880470715657,13,46.15384615384615,3,17.0
2.5,10,0.1,8,3,0,0.7988395809589376,242.75164913471463,25.042867778446354,28.224056281495784,0.8872880470715657,13,46.15384615384615,3,17.0
2.5,10,0.1,8,3,0.8,0.7988395809589376,242.75164913471463,25.042867778446354,28.224056281495784,0.8872880470715657,13,46.15384615384615,3,17.0
2.5,14,0.1,5,3,0.8,0.7988395809589376,242.75164913471463,25.042867778446354,28.224056281495784,0.8872880470715657,13,46.15384615384615,3,17.0
2.5,14,0.1,8,3,0.8,0.7988395809589376,242.75164913471463,25.042867778446354,28.224056281495784,0.8872880470715657,13,46.15384615384615,3,17.0
2.5,30,0.22,8,1,0,0.7985713885470642,425.5286419090635,33.53069631722558,61.62212857265625,0.5441340163654173,320,48.75,2,21.384375
2.5,21,0.22,8,1,0,0.7984426545865272,412.8106206092358,33.440153037566375,67.83009302828451,0.4929987789287293,97,50.51546391752577,2,21.20618556701031
1.0,10,0.18,3,3,0.8,0.7980129226723344,395.9216229753889,32.11173589931706,53.20213232311218,0.6035798660153893,196,54.08163265306123,3,19.816326530612244
1.0,10,0.18,3,3,0,0.797741555724764,382.43652537396434,31.479838482346256,53.20213232311218,0.5917025710766619,199,54.2713567839196,3,19.834170854271356
2.0,21,0.28,3,3,0,0.7974520661537212,440.1814357608477,34.11772654977718,39.824403277520815,0.8567040242140976,181,53.591160220994475,3,21.513812154696133
1.0,10,0.22,3,3,0.8,0.7973566805925469,407.96942112908016,32.664388604330455,56.092893127495344,0.5823266867352788,193,54.92227979274611,3,21.031088082901555
2.0,30,0.25,8,3,0.8,0.7972822354211911,382.2246007630448,31.494636291101365,34.83637292203407,0.9040733477503033,410,50.24390243902439,2,24.129268292682926
1.5,21,0.15,3,1,0,0.7970468773799532,324.93452567903864,28.609602090793864,29.63696740003533,0.9653350055903411,189,48.67724867724868,0,19.947089947089946
1.5,21,0.15,3,1,0.8,0.7970468773799532,324.93452567903864,28.609602090793864,29.63696740003533,0.9653350055903411,189,48.67724867724868,0,19.947089947089946
1.0,10,0.22,3,3,0,0.7964030733082651,394.15671987728433,32.02984782025526,56.092893127495344,0.5710143662487437,196,55.10204081632652,3,21.03061224489796
1.0,10,0.2,3,1,0.8,0.7953347412708299,397.7434588312598,32.19601341796905,55.09524589920309,0.5843700829808754,193,55.95854922279793,3,20.580310880829014
1.5,14,0.1,3,3,0.8,0.7950584118626534,319.41380318222025,28.339538493906712,38.48720886607519,0.7363365473583818,191,47.12041884816754,2,15.581151832460733
1.0,10,0.2,3,1,0,0.7947078341374263,384.20882188088996,31.563712897171147,55.09524589920309,0.5728935842289741,196,56.12244897959183,3,20.586734693877553
1.5,14,0.1,3,1,0.8,0.7941621450153236,315.5514097792581,28.13306510399962,40.87318481170866,0.6883012721812795,190,46.8421052631579,2,15.521052631578947
2.5,14,0.15,5,1,0,0.7940714439072906,264.279253631616,26.411107504636753,24.622478297440477,1.0726421274735047,13,53.84615384615385,2,19.076923076923077
2.5,14,0.15,8,1,0,0.7940714439072906,264.279253631616,26.411107504636753,24.622478297440477,1.0726421274735047,13,53.84615384615385,2,19.076923076923077
1.5,10,0.1,8,3,0.8,0.7939693266172815,295.63079262705867,27.042278630064164,37.70580689001745,0.7171913522217598,283,45.22968197879859,3,15.66077738515901
1.0,10,0.2,5,3,0.8,0.7937349102273922,344.54604380542173,29.622732957162246,46.145267556087695,0.6419451988474663,293,53.242320819112635,2,21.5358361774744
2.5,14,0.15,3,1,0,0.7936873982827168,264.29382713323264,26.412024344188122,24.622478297440477,1.0726793633496132,12,58.333333333333336,2,18.916666666666668
2.5,21,0.22,8,3,0,0.7929015155751764,404.2095466217906,33.04243588379694,67.83009302828451,0.48713534669661374,99,49.494949494949495,2,21.2020202020202
2.5,10,0.1,3,1,0,0.7924939892301417,239.4469214765831,24.8232670131995,28.224056281495784,0.8795074232286766,11,54.54545454545454,3,16.272727272727273
2.5,10,0.1,3,1,0.8,0.7924939892301417,239.4469214765831,24.8232670131995,28.224056281495784,0.8795074232286766,11,54.54545454545454,3,16.272727272727273
2.5,14,0.1,3,1,0.8,0.7924939892301417,239.4469214765831,24.8232670131995,28.224056281495784,0.8795074232286766,11,54.54545454545454,3,16.272727272727273
2.5,10,0.1,5,1,0,0.7919516245124206,238.9198847386966,24.788083515638615,28.224056281495784,0.8782608448768628,12,50.0,3,16.666666666666668
2.5,10,0.1,5,1,0.8,0.7919516245124206,238.9198847386966,24.788083515638615,28.224056281495784,0.8782608448768628,12,50.0,3,16.666666666666668
2.5,10,0.1,8,1,0,0.7919516245124206,238.9198847386966,24.788083515638615,28.224056281495784,0.8782608448768628,12,50.0,3,16.666666666666668
2.5,10,0.1,8,1,0.8,0.7919516245124206,238.9198847386966,24.788083515638615,28.224056281495784,0.8782608448768628,12,50.0,3,16.666666666666668
2.5,14,0.1,5,1,0.8,0.7919516245124206,238.9198847386966,24.788083515638615,28.224056281495784,0.8782608448768628,12,50.0,3,16.666666666666668
2.5,14,0.1,8,1,0.8,0.7919516245124206,238.9198847386966,24.788083515638615,28.224056281495784,0.8782608448768628,12,50.0,3,16.666666666666668
1.5,21,0.28,3,3,0,0.7912399876086508,357.76084455245615,30.284777859986313,50.30367364023706,0.6020390891642957,185,50.27027027027027,1,22.897297297297296
1.5,21,0.28,3,3,0.8,0.7912399876086508,357.76084455245615,30.284777859986313,50.30367364023706,0.6020390891642957,185,50.27027027027027,1,22.897297297297296
0.5,21,0.3,3,3,0,0.790712672847923,338.636268818975,29.321387202277506,56.85772040640678,0.5156975515848072,186,56.98924731182796,2,22.908602150537636
0.5,21,0.3,3,3,0.8,0.790712672847923,338.636268818975,29.321387202277506,56.85772040640678,0.5156975515848072,186,56.98924731182796,2,22.908602150537636
2.5,30,0.2,5,1,0,0.789968752115872,413.3406507491503,32.985758662615325,61.12598415864659,0.5396356249578572,259,48.64864864864865,1,20.428571428571427
2.0,30,0.28,8,1,0,0.7897431880376354,369.28086003147115,30.873456244633534,35.10422007502989,0.8794799080750477,433,51.27020785219399,2,24.4919168591224
2.0,30,0.35,8,1,0,0.7894956079267295,372.08777967858066,31.009353433392906,35.96646995132768,0.8621739491075135,431,51.508120649651964,2,24.85150812064965
2.5,21,0.22,5,1,0,0.7894432475803023,402.2279025518578,32.95001267381659,67.83009302828451,0.48577277728451207,93,50.53763440860215,3,20.989247311827956
2.5,30,0.35,3,3,0.8,0.7887842870693992,449.6985379471831,34.60885481283542,61.91596828522331,0.5589649289405536,155,49.67741935483871,1,21.61935483870968
1.5,30,0.25,3,1,0,0.7886562930551636,352.41810557174864,30.04261276422191,47.146416387151376,0.6372194339760954,191,53.92670157068062,1,21.43979057591623
1.5,30,0.25,3,1,0.8,0.7886562930551636,352.41810557174864,30.04261276422191,47.146416387151376,0.6372194339760954,191,53.92670157068062,1,21.43979057591623
1.0,14,0.28,5,3,0.8,0.7883034616525888,354.88845572960196,30.142230600897268,55.46740760783821,0.5434223790303444,302,51.324503311258276,2,22.8841059602649
2.0,21,0.3,3,3,0,0.7880864467440842,426.7448622197402,33.5310838428055,39.824403277520815,0.8419732898228351,180,53.333333333333336,3,21.65
1.5,21,0.28,3,1,0,0.7880819028610332,352.6915971905965,30.032705015292073,50.30367364023706,0.5970280665798018,186,50.53763440860215,1,22.774193548387096
1.5,21,0.28,3,1,0.8,0.7880819028610332,352.6915971905965,30.032705015292073,50.30367364023706,0.5970280665798018,186,50.53763440860215,1,22.774193548387096
0.5,21,0.28,3,1,0,0.7875166242396642,329.87926981790656,28.868631858712646,56.26763388624932,0.5130592823055877,188,56.38297872340425,2,22.53191489361702
0.5,21,0.28,3,1,0.8,0.7875166242396642,329.87926981790656,28.868631858712646,56.26763388624932,0.5130592823055877,188,56.38297872340425,2,22.53191489361702
0.5,21,0.35,3,1,0,0.7873245823689059,332.73530334406627,29.017125399060472,55.65752345756897,0.521351357308989,187,56.14973262032086,2,22.83957219251337
0.5,21,0.35,3,1,0.8,0.7873245823689059,332.73530334406627,29.017125399060472,55.65752345756897,0.521351357308989,187,56.14973262032086,2,22.83957219251337
2.0,30,0.35,8,1,0.8,0.7872196274802775,374.5014239674033,31.125677526075492,35.98931931812225,0.8648587446443396,403,50.86848635235732,2,24.74937965260546
1.0,14,0.3,8,1,0.8,0.7870784030432846,326.29304926787864,28.68101520324837,48.33023118493801,0.5934384028393958,439,50.34168564920274,2,24.414578587699317
1.0,14,0.35,3,1,0.8,0.7863506847416888,381.5872196508267,31.43955461058212,53.7904388819749,0.5844822102969952,189,50.264550264550266,3,22.523809523809526
1.0,14,0.35,3,3,0.8,0.7863506847416888,381.5872196508267,31.43955461058212,53.7904388819749,0.5844822102969952,189,50.264550264550266,3,22.523809523809526
2.5,21,0.22,5,3,0,0.7850642333294912,395.34754864144224,32.62676595226459,67.83009302828451,0.48100724170700365,95,49.473684210526315,2,20.989473684210527
0.5,21,0.25,3,3,0,0.7846101601133335,327.25585533752326,28.731512999318266,54.00653211057197,0.5320007020723697,187,57.21925133689839,2,22.459893048128343
0.5,21,0.25,3,3,0.8,0.7846101601133335,327.25585533752326,28.731512999318266,54.00653211057197,0.5320007020723697,187,57.21925133689839,2,22.459893048128343
1.0,14,0.25,8,3,0,0.7841764420570825,318.6195059392636,28.27514519952605,49.36502058112787,0.572776935300936,456,50.877192982456144,2,23.760964912280702
1.0,10,0.2,5,1,0,0.7839052995393628,321.6020560439547,28.433623043081656,50.42655603567123,0.5638620853458246,303,52.475247524752476,2,21.67986798679868
1.5,21,0.3,3,3,0,0.7836718463251237,350.2096552049866,29.908436929379523,50.303673640237044,0.5945577085140811,185,50.27027027027027,1,22.91891891891892
1.5,21,0.3,3,3,0.8,0.7836718463251237,350.2096552049866,29.908436929379523,50.303673640237044,0.5945577085140811,185,50.27027027027027,1,22.91891891891892
2.0,30,0.28,8,1,0.8,0.7835035840200213,367.3478476274581,30.779478425379246,34.358162328662715,0.8958418128114493,406,50.49261083743842,2,24.330049261083744
1.0,10,0.2,3,3,0.8,0.7816232395611807,383.1981972311422,31.515915947485862,55.09524589920309,0.5720260511250702,194,55.154639175257735,3,20.469072164948454
2.0,30,0.25,8,1,0,0.7815467335762586,357.63279164881,30.302238696328576,34.64099269676502,0.8747508756918038,435,51.26436781609195,2,24.149425287356323
1.5,21,0.3,3,1,0,0.7804815307466867,345.22402977613865,29.657092222926074,50.303673640237044,0.5895611607817819,186,50.53763440860215,1,22.795698924731184
1.5,21,0.3,3,1,0.8,0.7804815307466867,345.22402977613865,29.657092222926074,50.303673640237044,0.5895611607817819,186,50.53763440860215,1,22.795698924731184
1.0,10,0.2,3,3,0,0.7804484080506562,370.0590749412115,30.886868368843025,55.09524589920309,0.5606085945301095,197,55.32994923857868,3,20.477157360406093
1.5,21,0.35,3,3,0,0.77984515716482,347.8873597330838,29.79164860992345,50.64183874326045,0.5882813371165003,185,50.27027027027027,1,23.064864864864866
1.5,21,0.35,3,3,0.8,0.77984515716482,347.8873597330838,29.79164860992345,50.64183874326045,0.5882813371165003,185,50.27027027027027,1,23.064864864864866
1.5,14,0.1,3,3,0,0.7793836056751651,306.60036243469136,27.648402455314812,38.48720886607519,0.7183789957729484,194,46.90721649484536,2,15.551546391752577
1.5,30,0.2,5,3,0,0.7790641927585668,293.3014488463089,26.91178711981337,34.55534342668333,0.7788024788962834,306,51.9607843137255,1,21.76797385620915
1.5,30,0.2,5,3,0.8,0.7790641927585668,293.3014488463089,26.91178711981337,34.55534342668333,0.7788024788962834,306,51.9607843137255,1,21.76797385620915
1.0,14,0.35,5,1,0.8,0.7789805109945421,349.07280430103964,29.85132699653914,51.65640492076028,0.5778823950743451,298,52.013422818791945,2,23.449664429530202
0.5,21,0.2,3,1,0,0.7787890536692368,312.70497508397693,27.95809760225698,54.372089087177955,0.5141994370940967,190,55.78947368421052,2,21.45263157894737
0.5,21,0.2,3,1,0.8,0.7787890536692368,312.70497508397693,27.95809760225698,54.372089087177955,0.5141994370940967,190,55.78947368421052,2,21.45263157894737
2.0,21,0.25,5,1,0,0.7787266456965608,400.6135042727184,32.35386664479216,46.37983412945817,0.6975847855445992,247,51.417004048582996,2,22.242914979757085
1.0,10,0.1,8,3,0,0.7784029546922597,244.5640257566311,24.004729464270547,36.88749256598858,0.6507552504776012,480,45.208333333333336,1,16.34375
1.5,30,0.25,3,3,0,0.7783932160769004,342.7571678978545,29.555016628511833,47.14641638715136,0.6268772664674117,190,54.21052631578947,1,21.55263157894737
1.5,30,0.25,3,3,0.8,0.7783932160769004,342.7571678978545,29.555016628511833,47.14641638715136,0.6268772664674117,190,54.21052631578947,1,21.55263157894737
1.0,14,0.3,5,3,0.8,0.7773770596534169,343.67734130824505,29.578645153628315,56.28501071610299,0.525515492975929,301,50.83056478405316,2,23.01328903654485
1.0,14,0.25,5,3,0.8,0.7769893982990221,338.9750529084371,29.33875250956879,54.73430412174057,0.5360212937815606,303,51.15511551155115,2,22.485148514851485
2.0,30,0.22,8,1,0.8,0.7766827466920945,354.1631188433332,30.12976643855605,32.55579383113055,0.9254809326672084,412,50.728155339805824,2,23.49271844660194
1.5,21,0.35,3,1,0,0.7766382756224354,342.92745142341374,29.540529863589015,50.64183874326045,0.5833226161741678,186,50.53763440860215,1,22.940860215053764
1.5,21,0.35,3,1,0.8,0.7766382756224354,342.92745142341374,29.540529863589015,50.64183874326045,0.5833226161741678,186,50.53763440860215,1,22.940860215053764
1.0,14,0.28,8,1,0.8,0.7749248731753559,313.9823428984613,28.02688702672651,48.65941202037363,0.5759807992540413,441,50.79365079365079,2,24.210884353741495
1.0,14,0.22,8,3,0.8,0.7747746364181272,306.7221705304826,27.633548238378538,47.23547532608299,0.5850168342250077,451,50.99778270509978,2,23.286031042128602
1.5,10,0.1,8,1,0,0.7745759602372962,269.9175917589751,25.565144164983742,43.02411744964314,0.5942049641089335,333,43.24324324324324,2,15.42942942942943
2.0,21,0.3,5,3,0,0.7735540677468998,398.4295865637168,32.253199874068386,49.391986235661925,0.6530047145741423,249,50.20080321285141,2,22.650602409638555
1.0,10,0.18,5,3,0.8,0.7728369983535798,317.9087618230376,28.237242228677207,46.9811888179577,0.6010329440170326,295,52.54237288135594,2,20.922033898305084
2.0,30,0.22,8,1,0,0.7728349400151886,345.6421821543241,29.701538661921735,33.429175308311166,0.8884915164071467,440,51.81818181818182,2,23.625
1.0,14,0.28,5,3,0,0.7723094908374332,334.5881168896449,29.113026187073075,55.46740760783821,0.5248672588577775,306,51.307189542483655,2,22.859477124183005
1.0,14,0.3,8,1,0,0.7719305930948245,311.4357530803863,27.889572424619157,48.493320604100035,0.5751219359117498,446,49.775784753363226,2,24.54932735426009
2.0,21,0.25,3,1,0,0.7686933029326366,395.65463553096527,32.12476278105252,36.35067650371056,0.8837459401277807,180,52.77777777777778,3,21.488888888888887
1.5,30,0.2,3,1,0,0.7675183350469769,323.6134794892103,28.562267515061123,41.6847345076335,0.6851972995013479,191,53.403141361256544,2,20.780104712041886
1.5,30,0.2,3,1,0.8,0.7675183350469769,323.6134794892103,28.562267515061123,41.6847345076335,0.6851972995013479,191,53.403141361256544,2,20.780104712041886
1.5,21,0.1,8,1,0,0.767459756165254,218.22704455216984,22.30171205367939,35.32491319921511,0.6313309795811448,498,43.97590361445783,1,16.20281124497992
0.5,21,0.3,3,1,0,0.7671532296727834,313.5908766734476,28.005824255461718,58.1065703953936,0.4819734509349374,187,56.14973262032086,2,22.78609625668449
0.5,21,0.3,3,1,0.8,0.7671532296727834,313.5908766734476,28.005824255461718,58.1065703953936,0.4819734509349374,187,56.14973262032086,2,22.78609625668449
1.5,30,0.18,3,1,0,0.7665782074130837,313.0610480479885,27.99909486427905,38.47959025427523,0.7276349534716847,191,53.403141361256544,2,20.345549738219894
1.5,30,0.18,3,1,0.8,0.7665782074130837,313.0610480479885,27.99909486427905,38.47959025427523,0.7276349534716847,191,53.403141361256544,2,20.345549738219894
1.0,14,0.35,3,1,0,0.7651454227072876,354.77064017693533,30.136367942688945,53.7904388819749,0.5602551042354035,190,50.0,3,22.51578947368421
1.0,14,0.35,3,3,0,0.7651454227072876,354.77064017693533,30.136367942688945,53.7904388819749,0.5602551042354035,190,50.0,3,22.51578947368421
2.0,30,0.18,8,3,0,0.7643246363385374,330.23401292523886,28.909710112953313,34.31639694225946,0.8424459642892171,444,49.77477477477478,2,22.49099099099099
2.0,30,0.25,8,1,0.8,0.7630755119564556,342.36253318826726,29.53491293693993,33.83623161724443,0.8728783178646774,408,50.49019607843137,2,23.997549019607842
2.0,21,0.35,5,1,0,0.7630003531729788,387.92263909302307,31.763731967949195,43.44881664811284,0.7310609222156761,246,52.03252032520326,3,22.71951219512195
0.5,10,0.35,8,3,0.8,0.7629941963397576,282.63232357172285,26.28545441776815,58.77117760642968,0.44725076965094657,429,51.515151515151516,3,25.566433566433567
1.0,14,0.3,5,3,0,0.761293668651789,323.87732165348694,28.55389774524515,56.28501071610299,0.5073090931663615,305,50.81967213114754,2,22.98688524590164
1.5,14,0.1,3,1,0,0.7612777981191171,288.34623845187076,26.632055383963294,40.87318481170866,0.6515776910130622,194,46.391752577319586,2,15.469072164948454
1.0,14,0.22,8,3,0,0.7610703979598065,294.00132689947867,26.93015625534947,46.41539602988184,0.5801987822750033,458,50.87336244541485,2,23.342794759825328
1.0,14,0.25,5,3,0,0.7607996119350764,319.3849000159593,28.315903171704893,54.73430412174057,0.5173337567008139,307,51.14006514657981,2,22.465798045602607
0.5,21,0.25,3,1,0,0.7607456933467753,302.86676452318324,27.42230822080616,54.93868054716295,0.49914391732187774,188,56.38297872340425,2,22.340425531914892
0.5,21,0.25,3,1,0.8,0.7607456933467753,302.86676452318324,27.42230822080616,54.93868054716295,0.49914391732187774,188,56.38297872340425,2,22.340425531914892
1.0,14,0.28,8,1,0,0.7594845589414088,299.36888717547396,27.229207582877123,48.10349594976023,0.5660546504003696,448,50.22321428571429,2,24.348214285714285
1.5,30,0.2,3,3,0,0.7570685889600204,314.56763589284304,28.080221949334707,41.68473450763351,0.6736332204345099,190,53.68421052631579,2,20.889473684210525
1.5,30,0.2,3,3,0.8,0.7570685889600204,314.56763589284304,28.080221949334707,41.68473450763351,0.6736332204345099,190,53.68421052631579,2,20.889473684210525
2.0,21,0.28,5,3,0,0.7561190090802049,375.42734407890754,31.170171992991612,50.200222402168585,0.6209170099542249,250,50.4,2,22.46
1.5,30,0.18,3,3,0,0.7557761471107841,304.22177262016305,27.51813052199634,38.479590254275244,0.7151357470325185,190,53.68421052631579,2,20.45263157894737
1.5,30,0.18,3,3,0.8,0.7557761471107841,304.22177262016305,27.51813052199634,38.479590254275244,0.7151357470325185,190,53.68421052631579,2,20.45263157894737
2.5,30,0.22,3,3,0.8,0.7554501390571321,393.87125122325614,32.118123670344254,60.848574878876406,0.5278369088228896,155,50.32258064516129,1,21.10322580645161
1.5,30,0.22,3,1,0,0.7554286956126501,315.3841403794717,28.12408756832634,44.64181277384736,0.6299942995326201,191,53.403141361256544,1,21.047120418848166
1.5,30,0.22,3,1,0.8,0.7554286956126501,315.3841403794717,28.12408756832634,44.64181277384736,0.6299942995326201,191,53.403141361256544,1,21.047120418848166
2.5,30,0.18,8,1,0,0.7541043345707907,358.7213729848487,30.403933855450283,57.043799086976975,0.5329927939948772,323,47.6780185758514,2,20.396284829721363
1.5,10,0.1,5,1,0.8,0.75398376361113,271.279609600244,25.645481881699304,40.345904691940355,0.6356402732201551,245,46.12244897959184,2,15.310204081632653
2.5,30,0.25,5,3,0.8,0.753603514501702,392.0451671243966,32.03280069612893,53.5496861064264,0.5981883933449375,207,50.72463768115942,1,21.3719806763285
0.5,10,0.35,8,3,0,0.7529529230411919,273.09321171044996,25.732194351731064,58.681416211840954,0.4385067030222547,440,51.590909090909086,3,25.69090909090909
0.5,10,0.3,8,3,0.8,0.7510265930446512,270.13948246421654,25.55851160587872,58.986255498822096,0.43329605159271556,431,51.27610208816705,3,25.129930394431554
0.5,21,0.15,8,1,0,0.7506108633270686,216.44159784848776,22.182097721354353,43.25721015022949,0.5127953847304846,472,47.24576271186441,1,20.891949152542374
0.5,21,0.15,8,1,0.8,0.7506108633270686,216.44159784848776,22.182097721354353,43.25721015022949,0.5127953847304846,472,47.24576271186441,1,20.891949152542374
1.0,10,0.15,8,1,0,0.7503919806428421,254.20878907001412,24.601526322830814,41.80898182070082,0.5884268224549275,451,47.893569844789354,3,20.21729490022173
2.0,21,0.35,3,1,0,0.7502005527018436,378.5110076202887,31.31784108281126,44.887710509385556,0.6976929927460439,179,53.072625698324025,3,21.837988826815643
1.0,21,0.15,5,3,0,0.7497144767322136,264.04788659166087,25.196672155685707,40.30542399613799,0.6251434585603173,313,50.159744408945684,1,19.52076677316294
1.0,21,0.15,5,3,0.8,0.7497144767322136,264.04788659166087,25.196672155685707,40.30542399613799,0.6251434585603173,313,50.159744408945684,1,19.52076677316294
1.0,21,0.3,3,3,0,0.7496828938214657,330.86297588160625,28.919869379767537,48.14858670143711,0.6006379701048287,187,54.01069518716578,2,22.71657754010695
1.0,21,0.3,3,3,0.8,0.7496828938214657,330.86297588160625,28.919869379767537,48.14858670143711,0.6006379701048287,187,54.01069518716578,2,22.71657754010695
0.5,10,0.35,8,1,0.8,0.7488981098804767,269.23930256972824,25.505352349715448,58.67442491871895,0.43469283908700834,425,51.52941176470588,3,25.708235294117646
1.0,21,0.3,3,1,0,0.7488954180822963,330.7565824570481,28.914332412922782,48.16139042266131,0.6003633233835741,188,53.72340425531915,2,22.595744680851062
1.0,21,0.3,3,1,0.8,0.7488954180822963,330.7565824570481,28.914332412922782,48.16139042266131,0.6003633233835741,188,53.72340425531915,2,22.595744680851062
2.0,30,0.18,8,3,0.8,0.7481189525125864,317.4749693722772,28.236090760856648,33.52295943944059,0.8422911113162697,418,48.5645933014354,2,22.33492822966507
1.0,21,0.28,3,3,0,0.748019151198949,326.6874669573381,28.701713225962045,48.44948798208068,0.5924048823091286,188,54.25531914893617,2,22.425531914893618
1.0,21,0.28,3,3,0.8,0.748019151198949,326.6874669573381,28.701713225962045,48.44948798208068,0.5924048823091286,188,54.25531914893617,2,22.425531914893618
1.0,21,0.1,5,1,0,0.7478660258382779,226.7187736198078,22.863131673358893,28.23676493546308,0.8096937352991406,322,45.3416149068323,1,15.816770186335404
1.0,21,0.1,5,1,0.8,0.7478660258382779,226.7187736198078,22.863131673358893,28.23676493546308,0.8096937352991406,322,45.3416149068323,1,15.816770186335404
1.0,21,0.35,3,3,0,0.7476896353512978,330.79451646202267,28.916306718338603,49.116871584836616,0.5887245214384879,186,54.3010752688172,2,22.9247311827957
1.0,21,0.35,3,3,0.8,0.7476896353512978,330.79451646202267,28.916306718338603,49.116871584836616,0.5887245214384879,186,54.3010752688172,2,22.9247311827957
2.5,30,0.2,8,3,0,0.7475166894219932,353.3122051608368,30.13463851279723,53.86350710069081,0.5594629858851271,326,46.93251533742331,2,20.858895705521473
1.0,21,0.28,3,1,0,0.7472174827595339,326.58210459536497,28.696185628684567,48.46221740145138,0.5921352172347185,189,53.96825396825397,2,22.306878306878307
1.0,21,0.28,3,1,0.8,0.7472174827595339,326.58210459536497,28.696185628684567,48.46221740145138,0.5921352172347185,189,53.96825396825397,2,22.306878306878307
2.5,21,0.22,3,1,0,0.7470370488117145,352.7697934337804,30.539840752515147,68.58868846487127,0.44526060252860195,82,51.21951219512195,4,20.98780487804878
1.0,14,0.25,8,1,0.8,0.7470361093206253,287.08920048968605,26.540052283095662,49.32438970771519,0.5380715796052584,445,50.78651685393258,2,23.631460674157303
1.0,21,0.35,3,1,0,0.746920993790982,330.68813994221773,28.91076990450625,49.12943620650833,0.5884612594165359,187,54.01069518716578,2,22.802139037433154
1.0,21,0.35,3,1,0.8,0.746920993790982,330.68813994221773,28.91076990450625,49.12943620650833,0.5884612594165359,187,54.01069518716578,2,22.802139037433154
2.5,30,0.3,3,1,0,0.7455573384393297,385.21589498271567,31.686284035124434,58.420546571259216,0.5423825331122961,175,49.142857142857146,1,21.53142857142857
1.5,30,0.22,3,3,0,0.7451306434078254,306.5140261167828,27.643684962889825,44.64181277384739,0.6192330294231327,190,53.68421052631579,2,21.157894736842106
1.5,30,0.22,3,3,0.8,0.7451306434078254,306.5140261167828,27.643684962889825,44.64181277384739,0.6192330294231327,190,53.68421052631579,2,21.157894736842106
2.5,21,0.22,3,3,0,0.7433812467688621,346.97964756986653,30.243680885329383,68.58868846487127,0.4409426913130019,83,50.602409638554214,4,20.987951807228917
1.0,14,0.35,5,1,0,0.7432419822486179,311.1681231631062,27.875100821719066,51.65640492076028,0.5396252577870803,301,51.82724252491694,2,23.425249169435215
1.0,14,0.2,8,3,0.8,0.7430540286823778,275.3174867489414,25.86223613587655,48.292417248702556,0.5355340985042817,453,50.77262693156733,2,22.67549668874172
2.0,21,0.25,3,3,0,0.7430287618618305,361.95999241665066,30.51583033778895,39.824403277520815,0.7662595751940329,181,53.03867403314917,3,21.370165745856355
1.5,30,0.2,5,1,0,0.742555071829849,260.9988773114611,25.032956054767897,35.720588540815655,0.7007990931102471,306,51.633986928104584,1,21.751633986928105
1.5,30,0.2,5,1,0.8,0.742555071829849,260.9988773114611,25.032956054767897,35.720588540815655,0.7007990931102471,306,51.633986928104584,1,21.751633986928105
1.0,14,0.28,5,1,0.8,0.7399387512773794,305.9015011674741,27.58872227644009,55.994291560824806,0.49270597961707124,300,51.66666666666667,2,23.036666666666665
0.5,10,0.28,8,3,0.8,0.7377663663517195,259.46414467940826,24.921086430903205,58.06715778930061,0.4291769630146275,436,51.146788990825684,3,24.770642201834864
0.5,10,0.3,8,1,0.8,0.7372139217196317,257.48169178190994,24.800996468799873,58.966582275921084,0.4205940977340198,427,51.288056206088996,3,25.26697892271663
1.5,10,0.1,8,1,0.8,0.7371126266042819,255.4152736481829,24.69422364893512,43.86658860287054,0.5629392308687341,276,45.289855072463766,3,15.460144927536232
2.0,21,0.3,8,1,0,0.7368007728668188,352.6565420132409,30.054537693570737,46.43301889890729,0.6472665014309034,281,50.5338078291815,2,23.864768683274022
0.5,30,0.3,8,3,0,0.736743827316249,229.8656647575902,23.08576807767839,42.53355192706615,0.5427660524863855,416,51.20192307692307,3,26.795673076923077
0.5,30,0.3,8,3,0.8,0.736743827316249,229.8656647575902,23.08576807767839,42.53355192706615,0.5427660524863855,416,51.20192307692307,3,26.795673076923077
2.5,30,0.25,3,1,0,0.7365285402573697,369.9275378697679,30.95359261680175,58.451901486389616,0.529556641095914,175,49.714285714285715,1,21.274285714285714
0.5,30,0.35,8,3,0,0.7364690509232037,230.08164738898503,23.09978988935244,42.64985584331286,0.5416147237218457,415,51.325301204819276,3,27.02409638554217
0.5,30,0.35,8,3,0.8,0.7364690509232037,230.08164738898503,23.09978988935244,42.64985584331286,0.5416147237218457,415,51.325301204819276,3,27.02409638554217
0.5,30,0.28,8,3,0,0.734204471998101,226.58697700341307,22.87197549231166,42.67889986974932,0.5359082722871038,420,51.42857142857142,3,26.43095238095238
0.5,30,0.28,8,3,0.8,0.734204471998101,226.58697700341307,22.87197549231166,42.67889986974932,0.5359082722871038,420,51.42857142857142,3,26.43095238095238
0.5,10,0.3,8,3,0,0.7338809710691935,255.9855064657444,24.709998051900882,57.26698123865116,0.4314877005464256,443,51.24153498871332,3,25.20767494356659
1.0,10,0.18,5,1,0,0.7336912429811248,271.2574455778617,25.624383359973613,50.441537734314004,0.5080016294297476,305,51.80327868852459,3,21.036065573770493
1.0,14,0.28,3,1,0.8,0.7334066048563198,317.9362912978232,28.238711327321763,57.46942620660238,0.49136929305338284,190,49.473684210526315,2,22.11578947368421
1.0,14,0.28,3,3,0.8,0.7334066048563198,317.9362912978232,28.238711327321763,57.46942620660238,0.49136929305338284,190,49.473684210526315,2,22.11578947368421
2.5,30,0.18,3,3,0.8,0.7327422998882124,356.2495001797286,30.305050623583995,59.648342115630385,0.5080619099997215,155,49.67741935483871,1,20.335483870967742
1.5,21,0.22,3,3,0,0.7323202874965112,289.8730913649734,26.69785516835961,44.39782990884387,0.6013324350125839,187,49.73262032085562,1,22.074866310160427
1.5,21,0.22,3,3,0.8,0.7323202874965112,289.8730913649734,26.69785516835961,44.39782990884387,0.6013324350125839,187,49.73262032085562,1,22.074866310160427
1.0,10,0.2,5,1,0.8,0.7321619160791726,286.3938087675739,26.50048819923787,48.92054940746828,0.5417046316980297,291,52.23367697594502,2,21.587628865979383
1.0,14,0.2,8,3,0,0.7308077197269516,265.15047701802166,25.26253462495516,47.48876345285432,0.5319686761276735,460,50.65217391304348,2,22.741304347826087
1.5,21,0.1,8,3,0,0.730703529526348,200.5043264498854,21.088939212290803,34.845762828453516,0.6052081372450397,500,43.4,1,16.222
0.5,10,0.25,8,3,0.8,0.7303741004419563,250.87924951851966,24.397035907865728,56.76650319223017,0.4297787345690343,439,50.56947608200456,3,24.312072892938495
1.0,30,0.2,3,3,0,0.7298716104717246,280.1896408007334,26.165111290076105,44.06925556241221,0.593727099678829,191,46.596858638743456,2,21.005235602094242
1.0,30,0.2,3,3,0.8,0.7298716104717246,280.1896408007334,26.165111290076105,44.06925556241221,0.593727099678829,191,46.596858638743456,2,21.005235602094242
1.5,21,0.1,8,1,0.8,0.7298435433928608,200.4312731530308,21.083819219686784,37.60808038632331,0.5606193935746372,489,43.967280163599185,1,16.194274028629856
1.5,21,0.22,3,1,0,0.7298297094860187,286.4225361748588,26.502123799958667,44.39782990884387,0.5969238553859938,188,50.0,1,21.97340425531915
1.5,21,0.22,3,1,0.8,0.7298297094860187,286.4225361748588,26.502123799958667,44.39782990884387,0.5969238553859938,188,50.0,1,21.97340425531915
2.0,30,0.2,8,3,0,0.7297116537355275,300.0317027801533,27.287098360770344,33.93991956081226,0.8039824110919993,442,50.2262443438914,2,23.07239819004525
1.0,14,0.25,8,1,0,0.7293381887607835,271.5855563814712,25.643684945157275,48.00545127610739,0.5341827701538616,452,50.22123893805309,2,23.765486725663717
1.0,14,0.3,5,1,0.8,0.7291370293770538,295.95282488662934,27.039270304420484,56.805314043150304,0.47599895819396376,299,51.17056856187291,2,23.16722408026756
2.5,30,0.25,8,3,0.8,0.7281718524113575,359.4868409650531,30.46582302511103,53.62307100749225,0.5681476732441214,241,49.37759336099585,2,21.543568464730292
2.5,30,0.35,3,1,0,0.7271422533542752,360.62690326050506,30.498176232060594,60.30873983196025,0.5057007710165794,175,49.142857142857146,1,21.56
1.0,14,0.22,8,1,0.8,0.7270345511815557,266.6761704394496,25.353400434787755,46.796857408522094,0.5417757054380897,448,50.66964285714286,2,23.183035714285715
1.0,21,0.1,5,3,0,0.7253205086183442,214.34911533641207,22.041202150366935,27.089111430090917,0.8136554130706294,321,45.482866043613704,1,15.809968847352025
1.0,21,0.1,5,3,0.8,0.7253205086183442,214.34911533641207,22.041202150366935,27.089111430090917,0.8136554130706294,321,45.482866043613704,1,15.809968847352025
2.0,21,0.35,3,3,0,0.72493722920536,345.9817897491292,29.718734825586914,47.89551994165219,0.6204909115046918,180,53.333333333333336,3,21.716666666666665
1.0,21,0.15,8,1,0,0.7244657054038349,222.9276015518665,22.61399111289686,40.28764761148625,0.5613132673065149,476,47.89915966386555,2,20.653361344537814
1.0,21,0.15,8,1,0.8,0.7244657054038349,222.9276015518665,22.61399111289686,40.28764761148625,0.5613132673065149,476,47.89915966386555,2,20.653361344537814
2.5,30,0.35,5,3,0.8,0.7241883546755948,356.5142511604221,30.31823395324742,55.787460590291246,0.5434596526253023,207,50.72463768115942,1,21.647342995169083
1.0,30,0.35,3,3,0,0.7240158648334308,283.802978685156,26.37297631312936,50.73439326693182,0.5198244152516357,189,47.61904761904761,2,22.3015873015873
1.0,30,0.35,3,3,0.8,0.7240158648334308,283.802978685156,26.37297631312936,50.73439326693182,0.5198244152516357,189,47.61904761904761,2,22.3015873015873
2.5,30,0.3,5,3,0.8,0.7237430592362093,355.226947154684,30.254073005170625,53.68905979797323,0.5635053606640494,207,50.72463768115942,1,21.603864734299517
2.5,30,0.28,5,3,0.8,0.7226256588834206,352.85276215074765,30.135346530509956,54.54600510011844,0.5524757766438979,207,50.72463768115942,1,21.536231884057973
1.0,14,0.25,5,1,0.8,0.7209530445429544,285.0669382475334,26.424832858380153,55.96070554680374,0.47220335412460573,302,51.65562913907284,2,22.549668874172184
0.5,10,0.35,8,1,0,0.7206943545073631,246.90700236472978,24.15096468209925,57.13930036166632,0.4226681903564517,435,51.724137931034484,2,25.986206896551725
2.0,21,0.25,5,3,0,0.7205847021708441,329.04173364225284,28.84746740762907,51.85573563847727,0.556302346354606,250,49.6,3,22.22
1.5,30,0.15,8,3,0,0.7194693228424646,223.25537503227318,22.65290883471407,39.416424943015414,0.5747073426233741,475,48.0,1,20.64421052631579
1.5,30,0.15,8,3,0.8,0.7194693228424646,223.25537503227318,22.65290883471407,39.416424943015414,0.5747073426233741,475,48.0,1,20.64421052631579
0.5,10,0.28,8,3,0,0.7182958511991792,244.18105526497902,23.980748576848598,56.64417654367846,0.42335770488881563,448,51.11607142857143,3,24.850446428571427
2.0,21,0.28,8,1,0,0.7180663705610525,330.3302882114039,28.914729926148187,46.85918143911823,0.6170558050339747,282,50.70921985815603,2,23.638297872340427
2.0,30,0.18,8,1,0,0.7173319977149347,284.0709736963586,26.38832882207054,38.8494412466773,0.6792460322534876,444,49.77477477477478,3,22.31981981981982
0.5,21,0.15,3,1,0,0.7172496571371014,247.1200399461485,24.16422076703013,51.78478549599578,0.4666278045874809,193,53.36787564766839,2,19.1139896373057
0.5,21,0.15,3,1,0.8,0.7172496571371014,247.1200399461485,24.16422076703013,51.78478549599578,0.4666278045874809,193,53.36787564766839,2,19.1139896373057
2.5,30,0.2,3,3,0.8,0.717193062199114,340.36221971196915,29.502129157305234,63.419420517069625,0.46519077148244525,155,49.67741935483871,1,20.767741935483873
1.0,14,0.3,3,1,0.8,0.7170619968171166,301.8246738605897,27.364924833987136,58.834817344484335,0.4651144691036005,190,49.473684210526315,3,22.16842105263158
1.0,14,0.3,3,3,0.8,0.7170619968171166,301.8246738605897,27.364924833987136,58.834817344484335,0.4651144691036005,190,49.473684210526315,3,22.16842105263158
1.0,14,0.22,5,3,0,0.7163823196637875,274.39822040262237,25.80856880998994,53.570832520465075,0.48176531137780204,307,51.465798045602604,2,22.01628664495114
2.0,30,0.18,8,1,0.8,0.7162396812441084,285.98929529713365,26.49796524122463,38.110764239608336,0.6952882150205065,415,48.674698795180724,3,22.185542168674697
0.5,10,0.28,8,1,0.8,0.716093259534961,241.4594561799526,23.809689316227267,58.27762242407735,0.40855629186393017,432,50.92592592592593,3,24.87962962962963
1.5,30,0.18,5,3,0,0.7157789734921486,238.47243457455644,23.638750772729857,36.10008885370425,0.6548114290944265,306,51.633986928104584,1,21.143790849673202
1.5,30,0.18,5,3,0.8,0.7157789734921486,238.47243457455644,23.638750772729857,36.10008885370425,0.6548114290944265,306,51.633986928104584,1,21.143790849673202
1.0,14,0.22,8,1,0,0.7152143936403637,256.76612213793607,24.757514653101964,47.01760385166317,0.5265584084465463,455,50.10989010989011,2,23.323076923076922
1.0,14,0.22,5,3,0.8,0.7151515525188364,275.805782069973,25.8906989675161,53.570832520465075,0.4832984247094791,303,51.48514851485149,2,22.02970297029703
1.0,21,0.15,5,1,0,0.7151312584710391,238.82370517631847,23.642948850434784,43.68272821047323,0.5412424960391149,315,49.84126984126984,1,19.428571428571427
1.0,21,0.15,5,1,0.8,0.7151312584710391,238.82370517631847,23.642948850434784,43.68272821047323,0.5412424960391149,315,49.84126984126984,1,19.428571428571427
0.5,30,0.28,8,1,0,0.7139204872269613,208.95004457193215,21.690534040123023,40.26786947650175,0.5386561127297906,420,50.23809523809524,3,26.452380952380953
0.5,30,0.28,8,1,0.8,0.7139204872269613,208.95004457193215,21.690534040123023,40.26786947650175,0.5386561127297906,420,50.23809523809524,3,26.452380952380953
2.5,30,0.28,3,1,0,0.7125296164483039,339.91891449487446,29.456252776709803,59.774267264304015,0.4927915326249508,175,49.142857142857146,1,21.365714285714287
2.0,30,0.2,8,3,0.8,0.7123109976786375,286.95653172255373,26.553074416433418,36.40233946997449,0.7294331848735992,416,48.79807692307692,2,22.94471153846154
1.0,14,0.28,3,1,0,0.7117430644209434,294.6640338265026,26.967260131335212,57.46942620660238,0.4692453346304174,191,49.21465968586388,2,22.10994764397906
1.0,14,0.28,3,3,0,0.7117430644209434,294.6640338265026,26.967260131335212,57.46942620660238,0.4692453346304174,191,49.21465968586388,2,22.10994764397906
2.5,30,0.15,5,3,0,0.7113181216419882,307.01711325427306,27.714307365056467,59.95570053350113,0.46224641057393184,261,47.12643678160919,2,18.842911877394634
2.0,21,0.35,5,3,0,0.7091727892884083,322.0146153558509,28.477687983594045,48.413631135459745,0.5882163208108562,249,50.20080321285141,3,22.698795180722893
1.0,30,0.35,8,1,0,0.7086950781603466,223.51856775426447,22.670282520740926,39.309649520611586,0.5767103700289673,437,47.82608695652174,2,25.720823798627002
1.0,30,0.35,8,1,0.8,0.7086950781603466,223.51856775426447,22.670282520740926,39.309649520611586,0.5767103700289673,437,47.82608695652174,2,25.720823798627002
0.5,10,0.25,8,3,0,0.707466287054661,234.09881919334322,23.341346526637373,56.1965796772348,0.4153517288898801,451,50.554323725055426,3,24.403547671840354
1.0,10,0.15,8,3,0.8,0.7062366522128877,230.54822594930354,23.112375049255963,43.43793008741056,0.5320781861093913,418,48.32535885167464,3,20.007177033492823
2.5,21,0.15,3,3,0.8,0.7060368881676238,278.4621898595676,26.79052932046133,51.92881419765754,0.5159087441990892,44,50.0,3,18.09090909090909
0.5,30,0.35,8,1,0,0.7047839742162406,205.63892566624165,21.462549262895102,41.30053916295285,0.5196675321407742,415,50.12048192771085,3,27.02409638554217
0.5,30,0.35,8,1,0.8,0.7047839742162406,205.63892566624165,21.462549262895102,41.30053916295285,0.5196675321407742,415,50.12048192771085,3,27.02409638554217
0.5,10,0.25,8,1,0.8,0.7043952056538393,230.56075244190652,23.113186424444066,57.04952151903825,0.4051425114359787,435,50.3448275862069,4,24.41609195402299
0.5,30,0.22,8,3,0,0.7042190712345467,204.69202746069004,21.396976217109497,43.18822906992828,0.4954353692638,424,51.17924528301887,3,25.55188679245283
0.5,30,0.22,8,3,0.8,0.7042190712345467,204.69202746069004,21.396976217109497,43.18822906992828,0.4954353692638,424,51.17924528301887,3,25.55188679245283
0.5,30,0.3,8,1,0,0.7040852738458028,204.94427514845572,21.414460890163145,40.973825745057404,0.5226375741285602,416,50.0,3,26.795673076923077
0.5,30,0.3,8,1,0.8,0.7040852738458028,204.94427514845572,21.414460890163145,40.973825745057404,0.5226375741285602,416,50.0,3,26.795673076923077
1.0,14,0.28,5,1,0,0.7037465571062606,271.6407603080744,25.646931010947107,55.994291560824806,0.458027600600816,303,51.48514851485149,2,23.016501650165015
0.5,21,0.15,3,3,0,0.703225663669754,239.17511722356716,23.66524133110861,54.03311988915143,0.4379765850955431,193,53.36787564766839,2,19.134715025906736
0.5,21,0.15,3,3,0.8,0.703225663669754,239.17511722356716,23.66524133110861,54.03311988915143,0.4379765850955431,193,53.36787564766839,2,19.134715025906736
2.5,21,0.15,5,3,0.8,0.7025426992575715,275.221189054084,26.596201472952874,51.92881419765754,0.512166547299141,47,46.808510638297875,3,17.95744680851064
2.5,21,0.15,8,3,0.8,0.7025426992575715,275.221189054084,26.596201472952874,51.92881419765754,0.512166547299141,47,46.808510638297875,3,17.95744680851064
0.5,10,0.3,8,1,0,0.7016045399508474,231.23605140229887,23.15688983822397,57.36964659709079,0.40364358527176725,438,51.369863013698634,3,25.495433789954337
2.5,21,0.15,3,1,0.8,0.700883086921332,274.12331738464184,26.530061206945565,51.92881419765754,0.5108928755038338,44,50.0,3,18.09090909090909
1.0,30,0.2,3,1,0,0.6991323498268122,254.51444432212784,24.639163193296664,44.06925556241221,0.559100962311513,191,46.596858638743456,2,21.005235602094242
1.0,30,0.2,3,1,0.8,0.6991323498268122,254.51444432212784,24.639163193296664,44.06925556241221,0.559100962311513,191,46.596858638743456,2,21.005235602094242
2.5,14,0.1,3,3,0,0.6988596406486365,193.27614101016383,21.538792849264297,36.88485806316963,0.5839467461790581,12,50.0,3,15.333333333333334
2.0,21,0.25,8,1,0,0.6985128152319755,305.71070271188745,27.599750946171376,48.45386602935595,0.5696088508076933,282,50.0,3,23.29787234042553
1.0,14,0.2,5,3,0,0.6984845900318082,256.02634761020005,24.71248621265463,54.284419751676324,0.45524086516355355,308,51.94805194805194,2,21.542207792207794
2.5,14,0.1,5,3,0,0.6977003978836244,192.7566855697956,21.499736887652098,36.88485806316963,0.5828878845305921,14,42.857142857142854,3,16.142857142857142
2.5,14,0.1,8,3,0,0.6977003978836244,192.7566855697956,21.499736887652098,36.88485806316963,0.5828878845305921,14,42.857142857142854,3,16.142857142857142
2.5,21,0.15,5,1,0.8,0.697229149696857,270.67276565678105,26.321142383707908,51.92881419765754,0.5068696982665788,46,47.82608695652174,3,17.891304347826086
2.5,21,0.15,8,1,0.8,0.697229149696857,270.67276565678105,26.321142383707908,51.92881419765754,0.5068696982665788,46,47.82608695652174,3,17.891304347826086
1.0,14,0.2,5,3,0.8,0.6963444561005746,256.45256451728164,24.73843852039197,54.284419751676324,0.4557189453909201,304,51.973684210526315,2,21.549342105263158
1.0,14,0.3,3,1,0,0.6953530316724454,279.4495715707784,26.102136988329704,58.834817344484335,0.44365119441943396,191,49.21465968586388,3,22.162303664921467
1.0,14,0.3,3,3,0,0.6953530316724454,279.4495715707784,26.102136988329704,58.834817344484335,0.44365119441943396,191,49.21465968586388,3,22.162303664921467
2.5,30,0.25,5,1,0.8,0.6946826339330682,318.02483713447305,28.331776033166566,54.12392732947827,0.5234612015624343,205,51.21951219512195,1,21.37560975609756
1.0,14,0.25,3,1,0.8,0.6945875940037735,276.01478169935893,25.90287226175314,56.78841435733075,0.4561295213978689,190,49.473684210526315,2,21.778947368421054
1.0,14,0.25,3,3,0.8,0.6945875940037735,276.01478169935893,25.90287226175314,56.78841435733075,0.4561295213978689,190,49.473684210526315,2,21.778947368421054
1.0,30,0.35,3,1,0,0.6941242354908168,257.88376408987926,24.844514120075047,50.73439326693182,0.48969766898283684,189,47.61904761904761,2,22.3015873015873
1.0,30,0.35,3,1,0.8,0.6941242354908168,257.88376408987926,24.844514120075047,50.73439326693182,0.48969766898283684,189,47.61904761904761,2,22.3015873015873
1.0,30,0.35,8,3,0,0.6940821647205699,217.26942504130005,22.25457844897396,39.81388434910742,0.5589652658312623,433,47.80600461893764,2,25.92378752886836
1.0,30,0.35,8,3,0.8,0.6940821647205699,217.26942504130005,22.25457844897396,39.81388434910742,0.5589652658312623,433,47.80600461893764,2,25.92378752886836
1.0,14,0.2,8,1,0.8,0.6939841166919092,237.80278312076533,23.578076225870447,47.4136321700063,0.49728475011846607,450,50.44444444444445,2,22.575555555555557
2.0,30,0.2,8,1,0,0.6938782792516563,266.6157402945067,25.369367772184436,37.55803451036908,0.675471123633491,442,50.678733031674206,3,22.95475113122172
2.0,21,0.22,5,1,0,0.693757854477074,298.3463117224008,27.19360525697787,51.020767626504394,0.5329909078602587,248,50.806451612903224,3,21.927419354838708
1.0,14,0.3,5,1,0,0.6929449599667482,262.53181735901484,25.10584122816364,56.805314043150304,0.44196289820865714,302,50.993377483443716,2,23.14569536423841
2.5,30,0.35,8,3,0.8,0.6926948451776213,318.62135564445254,28.36369384092876,54.75391635987321,0.5180212800579739,238,49.159663865546214,2,21.99579831932773
1.5,21,0.25,3,3,0,0.6926651972095964,260.09345136073733,24.959093191268078,50.79171401305847,0.4914008844996083,186,49.46236559139785,1,22.49462365591398
1.5,21,0.25,3,3,0.8,0.6926651972095964,260.09345136073733,24.959093191268078,50.79171401305847,0.4914008844996083,186,49.46236559139785,1,22.49462365591398
2.0,30,0.2,8,1,0.8,0.6917324549433006,267.55613687864576,25.425274459822013,36.31625496250809,0.7001072794006532,413,49.39467312348668,3,22.85230024213075
2.5,14,0.1,3,1,0,0.6914835114966111,189.93399713533356,21.286511957293854,36.88485806316963,0.5771070589681602,12,50.0,3,15.333333333333334
2.5,14,0.1,5,1,0,0.6908566526852223,189.4838358335673,21.252349943722425,36.88485806316963,0.5761808790839128,13,46.15384615384615,3,15.76923076923077
2.5,14,0.1,8,1,0,0.6908566526852223,189.4838358335673,21.252349943722425,36.88485806316963,0.5761808790839128,13,46.15384615384615,3,15.76923076923077
1.5,21,0.25,3,1,0,0.6890825855261847,256.1057735152934,24.717324393650063,50.79171401305847,0.48664087979577303,187,49.73262032085562,1,22.37433155080214
1.5,21,0.25,3,1,0.8,0.6890825855261847,256.1057735152934,24.717324393650063,50.79171401305847,0.48664087979577303,187,49.73262032085562,1,22.37433155080214
1.0,14,0.2,8,1,0,0.6869158102768106,232.3128100505754,23.226422567240657,47.30318979846822,0.4910117619170109,457,49.89059080962801,2,22.717724288840262
2.5,30,0.3,8,3,0.8,0.6862036490134313,310.6173427392519,27.932258479990924,54.36539786487745,0.5137874379106945,238,49.159663865546214,2,21.95798319327731
2.0,21,0.35,8,1,0,0.6858722720272883,297.6072765609068,27.15250594435352,43.35376495375326,0.6263009907748012,281,50.88967971530249,3,23.92526690391459
1.0,14,0.25,5,1,0,0.6843405981028859,252.56481548314716,24.500757742904256,55.96070554680374,0.43782074410074423,305,51.47540983606558,2,22.534426229508195
2.0,21,0.3,8,3,0,0.6839119728794815,291.66124902276334,26.81951842282444,49.047211795117136,0.5468102556951961,287,49.12891986062718,3,23.937282229965156
1.5,21,0.1,8,3,0.8,0.6836486089273265,179.31468520624293,19.558793874065252,37.603428533361516,0.5201332601018765,491,43.17718940936864,1,16.20162932790224
0.5,10,0.22,8,3,0.8,0.6836428626350185,215.98750431037908,22.15158724080306,56.87078485958107,0.389507324287809,446,50.224215246636774,3,23.54708520179372
1.0,10,0.18,5,1,0.8,0.6832166234720526,241.2340821862427,23.795473563031223,48.936409361676446,0.4862529530347227,293,51.5358361774744,3,20.945392491467576
0.5,10,0.28,8,1,0,0.6830602598902813,218.20953804640078,22.300541916048445,56.64394203523456,0.3936968564471856,443,51.0158013544018,3,25.108352144469524
1.5,21,0.1,5,3,0,0.6830172409931389,194.06612254975977,20.63371288189728,39.47895400300025,0.5226509517027528,322,44.409937888198755,1,15.897515527950311
1.5,21,0.1,5,3,0.8,0.6830172409931389,194.06612254975977,20.63371288189728,39.47895400300025,0.5226509517027528,322,44.409937888198755,1,15.897515527950311
2.0,21,0.18,5,1,0,0.6826775805458903,285.23866727517105,26.45511886504448,51.62942906082396,0.5124038624149426,251,50.199203187250994,3,21.051792828685258
2.5,30,0.22,3,1,0,0.68206340070802,301.3371839452294,27.401902052250126,61.85394417584802,0.44300977758746857,175,49.714285714285715,2,20.982857142857142
1.0,10,0.1,8,3,0.8,0.6820416035931719,194.47833148847548,20.663104395458355,37.83896481555762,0.5460800657781909,435,45.05747126436781,2,16.33103448275862
1.0,30,0.3,8,1,0,0.6811315548710468,205.86953811632972,21.478493845991874,39.24752817376559,0.5472572374723167,437,47.82608695652174,2,25.51487414187643
1.0,30,0.3,8,1,0.8,0.6811315548710468,205.86953811632972,21.478493845991874,39.24752817376559,0.5472572374723167,437,47.82608695652174,2,25.51487414187643
2.5,30,0.18,5,3,0.8,0.6790947423602568,292.38854664381006,26.923149313824357,55.36990057577936,0.48624160480435175,207,49.75845410628019,1,20.27536231884058
1.0,14,0.18,5,3,0,0.6778698683408291,235.5150576677401,23.43211670369747,53.646558413337374,0.436786951422999,311,51.12540192926045,2,20.794212218649516
1.0,30,0.28,3,3,0,0.6773129601043671,243.1825314224954,23.93647288785783,49.51061689371892,0.48346141473536136,190,47.368421052631575,2,21.910526315789475
1.0,30,0.28,3,3,0.8,0.6773129601043671,243.1825314224954,23.93647288785783,49.51061689371892,0.48346141473536136,190,47.368421052631575,2,21.910526315789475
2.5,30,0.25,3,1,0.8,0.6769623598230949,301.9913253543389,27.459451167599802,60.094241993440654,0.45693980415955704,155,50.32258064516129,1,21.29032258064516
2.0,21,0.2,5,1,0,0.6762200966175549,280.2656189017287,26.16949885513391,52.292353013288405,0.500445999216822,250,50.4,3,21.464
1.0,30,0.3,3,3,0,0.6752359585416512,242.82157276379635,23.913776741226567,52.470616420465234,0.4557555899400378,189,47.61904761904761,2,22.16931216931217
1.0,30,0.3,3,3,0.8,0.6752359585416512,242.82157276379635,23.913776741226567,52.470616420465234,0.4557555899400378,189,47.61904761904761,2,22.16931216931217
1.0,30,0.18,3,3,0,0.6747511250489544,233.92069217376,23.34776880743299,47.35041672953794,0.49308475870009144,193,45.59585492227979,2,20.23316062176166
1.0,30,0.18,3,3,0.8,0.6747511250489544,233.92069217376,23.34776880743299,47.35041672953794,0.49308475870009144,193,45.59585492227979,2,20.23316062176166
2.5,30,0.22,5,3,0.8,0.6747410628785409,292.01120006197897,26.901854683582194,57.222747342816895,0.4701251850494933,207,50.24154589371981,1,21.043478260869566
1.5,30,0.15,8,1,0,0.6747039289681066,196.9162016483892,20.852034320173306,37.44032920837726,0.5569404639611896,477,48.0083857442348,1,20.49895178197065
1.5,30,0.15,8,1,0.8,0.6747039289681066,196.9162016483892,20.852034320173306,37.44032920837726,0.5569404639611896,477,48.0083857442348,1,20.49895178197065
1.0,10,0.1,8,1,0,0.6742698129648772,186.62734768698775,20.097370844278718,39.53758178140129,0.5083105728467348,475,43.78947368421053,2,16.162105263157894
1.0,14,0.18,5,3,0.8,0.6728017850726239,233.5521092158042,23.306221502631708,53.646558413337374,0.4344401988112888,307,51.14006514657981,2,20.791530944625407
1.0,14,0.18,8,3,0.8,0.6725481291255933,219.02857507597827,22.35522961455394,48.066439295768625,0.46509019478216085,457,49.671772428884026,2,21.838074398249454
1.0,14,0.25,3,1,0,0.6724723799225548,255.07687083845676,24.65458026116718,56.78841435733075,0.43414806594233685,191,49.21465968586388,2,21.774869109947645
1.0,14,0.25,3,3,0,0.6724723799225548,255.07687083845676,24.65458026116718,56.78841435733075,0.43414806594233685,191,49.21465968586388,2,21.774869109947645
1.5,30,0.18,5,1,0,0.6723393913662117,207.648569817367,21.601163764507824,36.71005779359307,0.5884263077427743,306,51.307189542483655,1,21.127450980392158
1.5,30,0.18,5,1,0.8,0.6723393913662117,207.648569817367,21.601163764507824,36.71005779359307,0.5884263077427743,306,51.307189542483655,1,21.127450980392158
1.0,30,0.3,8,3,0,0.6704951750983837,202.05184220330125,21.21324931886479,40.31378987385262,0.5262033012833564,433,47.80600461893764,3,25.702078521939953
1.0,30,0.3,8,3,0.8,0.6704951750983837,202.05184220330125,21.21324931886479,40.31378987385262,0.5262033012833564,433,47.80600461893764,3,25.702078521939953
2.5,30,0.18,3,1,0,0.6701590883945056,283.32191402101523,26.386267681670915,61.50393730151469,0.4290175367524168,176,48.86363636363637,1,20.232954545454547
2.5,30,0.28,8,3,0.8,0.6698135060318554,291.4998333938616,26.87296993513946,55.52733915710794,0.4839592594038338,238,49.159663865546214,2,21.76890756302521
1.0,30,0.28,8,1,0,0.6691227082435479,198.1111433422811,20.936538483673672,39.2069545630867,0.5340006311886667,440,47.5,2,25.240909090909092
1.0,30,0.28,8,1,0.8,0.6691227082435479,198.1111433422811,20.936538483673672,39.2069545630867,0.5340006311886667,440,47.5,2,25.240909090909092
0.5,30,0.22,8,1,0,0.669010392007108,181.72877174547136,19.75276249822202,42.78612588550253,0.4616627958109889,425,50.117647058823536,3,25.51058823529412
0.5,30,0.22,8,1,0.8,0.669010392007108,181.72877174547136,19.75276249822202,42.78612588550253,0.4616627958109889,425,50.117647058823536,3,25.51058823529412
0.5,10,0.25,8,1,0,0.6687394866777762,207.01904993988052,21.54144744349642,55.84927417354054,0.3857068469065622,446,50.44843049327354,3,24.623318385650226
2.5,30,0.2,8,1,0,0.6676978776923534,269.56504817469977,25.583817963815925,61.16284864289578,0.41829016357935034,320,47.1875,2,20.765625
2.0,21,0.28,8,3,0,0.6665697653107632,273.86266021237776,25.79717516049451,49.45257661512148,0.521654824201947,288,49.30555555555556,3,23.70486111111111
2.5,30,0.15,8,3,0,0.6660659061058034,261.1380966393116,25.080001806263,57.72547802648196,0.43447023158054016,334,45.209580838323355,1,18.79940119760479
2.5,30,0.35,5,1,0.8,0.6660601901681756,287.2994479476449,26.634523309723956,56.39478207076974,0.47228701542458884,205,51.21951219512195,1,21.653658536585365
1.0,30,0.22,3,3,0,0.6657828781841851,231.4513019061481,23.188533267454424,47.09861320370025,0.49234004337165155,191,46.596858638743456,2,21.272251308900522
1.0,30,0.22,3,3,0.8,0.6657828781841851,231.4513019061481,23.188533267454424,47.09861320370025,0.49234004337165155,191,46.596858638743456,2,21.272251308900522
2.5,30,0.3,5,1,0.8,0.6654667188948888,286.207319652646,26.572176001689463,54.32520576790287,0.4891316217966206,205,51.21951219512195,1,21.609756097560975
2.5,30,0.3,3,1,0.8,0.6653103901024007,289.90990929794697,26.782963021651774,60.104234122092095,0.44560859002456443,155,49.67741935483871,1,21.45806451612903
0.5,10,0.22,8,3,0,0.6650007054415124,203.68098601046444,21.310589509628475,56.07334524889147,0.38004847784696366,458,50.21834061135371,3,23.650655021834062
1.0,14,0.18,8,3,0,0.6648367094789384,213.77290493903618,22.002267476965876,47.259283803929115,0.46556497911076294,464,49.56896551724138,2,21.915948275862068
2.5,30,0.28,5,1,0.8,0.6641270195521586,284.1930987624701,26.456805572956554,55.17037971973583,0.47954728075747305,205,51.21951219512195,1,21.541463414634148
2.5,30,0.22,8,3,0.8,0.6636451504312554,280.94116474878007,26.269483168798402,54.602768281962014,0.4811016729618177,241,48.96265560165975,2,21.157676348547717
0.5,30,0.25,8,3,0,0.6628553209987056,185.3301794440237,20.01778182648739,46.977524861524664,0.4261140169792613,423,51.06382978723404,3,25.997635933806148
0.5,30,0.25,8,3,0.8,0.6628553209987056,185.3301794440237,20.01778182648739,46.977524861524664,0.4261140169792613,423,51.06382978723404,3,25.997635933806148
0.5,10,0.22,8,1,0.8,0.6612453944764864,200.2960587761438,21.074339909208195,57.01823489279211,0.3696070204353569,442,50.2262443438914,3,23.644796380090497
2.5,30,0.15,5,1,0,0.6609595891628339,259.1608291409943,24.960383919325444,62.51513779056936,0.3992694377951257,260,46.92307692307692,2,18.642307692307693
1.0,14,0.2,3,1,0.8,0.6606945811279333,242.35802962316777,23.86629104105582,55.90242282036544,0.4269276685510892,190,49.473684210526315,2,21.11578947368421
1.0,14,0.2,3,3,0.8,0.6606945811279333,242.35802962316777,23.86629104105582,55.90242282036544,0.4269276685510892,190,49.473684210526315,2,21.11578947368421
2.5,21,0.18,8,1,0,0.6604300806599295,255.10692532148593,25.06108768911879,63.77229542772304,0.39297766406294754,97,49.48453608247423,2,20.68041237113402
1.0,21,0.25,3,3,0,0.6604206182919313,241.9505804972573,23.84064078226473,51.446545312217,0.4634060584161966,189,54.4973544973545,2,21.92063492063492
1.0,21,0.25,3,3,0.8,0.6604206182919313,241.9505804972573,23.84064078226473,51.446545312217,0.4634060584161966,189,54.4973544973545,2,21.92063492063492
1.0,14,0.22,5,1,0.8,0.6599654715861002,230.94042630995034,23.137766895786683,54.624285512075666,0.42358022038881715,302,51.98675496688742,2,22.089403973509935
1.0,30,0.28,8,3,0,0.6583575779697513,193.95386549062928,20.641325337243323,40.27327666971962,0.5125315604817169,436,47.477064220183486,2,25.40366972477064
1.0,30,0.28,8,3,0.8,0.6583575779697513,193.95386549062928,20.641325337243323,40.27327666971962,0.5125315604817169,436,47.477064220183486,2,25.40366972477064
2.5,30,0.28,3,1,0.8,0.6579626363548113,280.9128823828972,26.267848227221524,61.024814160815325,0.4304453620784377,155,49.67741935483871,1,21.38064516129032
1.0,14,0.18,3,1,0.8,0.6576055577151799,236.2508200587227,23.47914864156926,53.112410314035316,0.4420652066578257,193,49.740932642487046,2,20.33160621761658
1.0,14,0.18,3,3,0.8,0.6576055577151799,236.2508200587227,23.47914864156926,53.112410314035316,0.4420652066578257,193,49.740932642487046,2,20.33160621761658
2.5,21,0.18,8,3,0,0.656419747075852,250.9250731676271,24.7999196485869,63.77229542772304,0.38888234275170686,99,48.484848484848484,2,20.767676767676768
0.5,10,0.2,8,3,0.8,0.6553906099763293,196.04303156993302,20.774362920781563,55.387752793541786,0.3750714169289037,449,48.9977728285078,3,22.910913140311806
1.5,21,0.1,3,1,0,0.6545057115493751,194.74180218808058,20.68187270659243,36.45226297610847,0.567368690392356,195,45.12820512820513,1,15.666666666666666
1.5,21,0.1,3,1,0.8,0.6545057115493751,194.74180218808058,20.68187270659243,36.45226297610847,0.567368690392356,195,45.12820512820513,1,15.666666666666666
2.5,30,0.2,3,1,0,0.6541235381952555,268.7578988454743,25.53597469071267,63.211721875585795,0.40397530605119314,175,49.142857142857146,2,20.66857142857143
2.5,21,0.18,5,1,0,0.653379017924567,249.4511988693076,24.70726119986246,63.77229542772304,0.38742938503546076,93,49.46236559139785,2,20.612903225806452
1.0,14,0.2,3,1,0,0.6493726822082145,232.30451550520544,23.22588765076148,55.90242282036544,0.4154719326816048,191,49.21465968586388,2,21.115183246073297
1.0,14,0.2,3,3,0,0.6493726822082145,232.30451550520544,23.22588765076148,55.90242282036544,0.4154719326816048,191,49.21465968586388,2,21.115183246073297
2.5,30,0.2,5,3,0.8,0.6493685493917042,263.45604718361113,25.23903377222212,59.78686890049253,0.4221501181844664,207,49.275362318840585,1,20.6280193236715
2.5,21,0.18,5,3,0,0.6487683759977525,244.88417513762562,24.41808649827737,63.77229542772304,0.38289489714153147,95,48.421052631578945,2,20.621052631578948
2.5,30,0.35,3,1,0.8,0.6473693960475023,270.1506812279828,25.638306231892493,61.91596828522332,0.4140822947932683,155,49.67741935483871,1,21.490322580645163
1.0,14,0.2,5,1,0.8,0.647287344476595,218.68672595453998,22.33241821809786,55.004618970669924,0.40600987037118025,303,52.475247524752476,2,21.597359735973598
1.0,30,0.28,3,1,0,0.6470908975203283,220.00652140880828,22.43747983826614,49.51061689371892,0.45318522058473143,190,47.368421052631575,2,21.910526315789475
1.0,30,0.28,3,1,0.8,0.6470908975203283,220.00652140880828,22.43747983826614,49.51061689371892,0.45318522058473143,190,47.368421052631575,2,21.910526315789475
2.5,30,0.25,8,1,0.8,0.6465276991591332,264.33713399103397,25.291927602899534,58.215312400444695,0.43445489786131136,238,49.57983193277311,2,21.537815126050422
1.0,14,0.18,3,1,0,0.6461216078656541,226.37664719250532,22.84074682331747,53.112410314035316,0.43004538276963955,194,49.48453608247423,2,20.335051546391753
1.0,14,0.18,3,3,0,0.6461216078656541,226.37664719250532,22.84074682331747,53.112410314035316,0.43004538276963955,194,49.48453608247423,2,20.335051546391753
2.0,21,0.25,8,3,0,0.6458018088898113,252.01403982558853,24.485725715482467,51.181907716648546,0.4784058822316563,288,48.61111111111111,4,23.36111111111111
1.0,30,0.25,3,3,0,0.6453040351949573,217.61360576507317,22.277649158355437,49.36727124152185,0.4512635314470884,191,46.596858638743456,2,21.56020942408377
1.0,30,0.25,3,3,0.8,0.6453040351949573,217.61360576507317,22.277649158355437,49.36727124152185,0.4512635314470884,191,46.596858638743456,2,21.56020942408377
1.0,30,0.3,3,1,0,0.6451739162985847,219.66993922828806,22.41505819812406,52.470616420465234,0.4271925837216097,189,47.61904761904761,2,22.16931216931217
1.0,30,0.3,3,1,0.8,0.6451739162985847,219.66993922828806,22.41505819812406,52.470616420465234,0.4271925837216097,189,47.61904761904761,2,22.16931216931217
1.5,21,0.1,3,3,0,0.6450035246389029,190.29922938279282,20.36353554393633,36.45226297610847,0.5586357027349163,195,45.12820512820513,1,15.63076923076923
1.5,21,0.1,3,3,0.8,0.6450035246389029,190.29922938279282,20.36353554393633,36.45226297610847,0.5586357027349163,195,45.12820512820513,1,15.63076923076923
1.0,30,0.18,3,1,0,0.6435329425493673,211.37015828289378,21.85589604539078,47.35041672953794,0.46157769149593825,193,45.59585492227979,2,20.23316062176166
1.0,30,0.18,3,1,0.8,0.6435329425493673,211.37015828289378,21.85589604539078,47.35041672953794,0.46157769149593825,193,45.59585492227979,2,20.23316062176166
1.0,30,0.2,8,1,0,0.6429153717266425,177.99925655384524,19.475350173774597,37.73210032690725,0.5161480544428234,445,46.29213483146067,2,23.72359550561798
1.0,30,0.2,8,1,0.8,0.6429153717266425,177.99925655384524,19.475350173774597,37.73210032690725,0.5161480544428234,445,46.29213483146067,2,23.72359550561798
1.0,30,0.25,8,1,0,0.6416454493269584,181.3932211270611,19.72792784588946,39.47310753920851,0.49978147340676865,443,46.95259593679458,2,24.674943566591423
1.0,30,0.25,8,1,0.8,0.6416454493269584,181.3932211270611,19.72792784588946,39.47310753920851,0.49978147340676865,443,46.95259593679458,2,24.674943566591423
1.0,30,0.18,8,1,0,0.6414592443525301,174.11509684886687,19.183147712056225,37.85595060814388,0.5067406155144706,452,45.57522123893805,2,22.86061946902655
1.0,30,0.18,8,1,0.8,0.6414592443525301,174.11509684886687,19.183147712056225,37.85595060814388,0.5067406155144706,452,45.57522123893805,2,22.86061946902655
0.5,30,0.25,8,1,0,0.6379545425491506,168.9336728202844,18.78798192928002,45.52578610977168,0.41268879759656374,424,50.0,3,25.97877358490566
0.5,30,0.25,8,1,0.8,0.6379545425491506,168.9336728202844,18.78798192928002,45.52578610977168,0.41268879759656374,424,50.0,3,25.97877358490566
2.0,21,0.2,3,1,0,0.6375336493664568,247.46849664522443,24.204467330812584,47.964263029178525,0.5046354473556295,182,51.098901098901095,2,20.857142857142858
1.0,14,0.18,5,1,0.8,0.6366847914945722,207.44813986158,21.570972380918786,53.46706682581706,0.40344409487043426,306,51.633986928104584,2,20.77777777777778
2.5,30,0.2,8,3,0.8,0.6364755343344096,251.36080679908454,24.50200825251949,56.95283433200768,0.4302157836374665,241,48.13278008298755,1,20.564315352697097
2.5,30,0.15,3,3,0,0.6363762011507005,242.11318157616228,23.90585639249576,71.61092228665993,0.3338297515119293,177,46.89265536723164,3,18.72316384180791
0.5,10,0.2,8,3,0,0.6358927355322597,184.31638698824747,19.928407852512887,53.61873227093642,0.3716687621746497,461,49.0238611713666,3,23.02819956616052
2.0,21,0.22,5,3,0,0.6354796960262994,241.83184845668328,23.85144402249455,55.836890064426115,0.42716283079115097,251,49.00398406374502,3,21.89641434262948
1.0,30,0.22,3,1,0,0.6351346670053536,209.06753237048554,21.698586435383515,47.09861320370025,0.4607054212305085,191,46.596858638743456,2,21.272251308900522
1.0,30,0.22,3,1,0.8,0.6351346670053536,209.06753237048554,21.698586435383515,47.09861320370025,0.4607054212305085,191,46.596858638743456,2,21.272251308900522
0.5,21,0.1,3,1,0,0.6348711706653862,171.21344488415696,18.948363724831772,36.896051271890585,0.5135607489592705,197,48.73096446700508,3,16.01015228426396
0.5,21,0.1,3,1,0.8,0.6348711706653862,171.21344488415696,18.948363724831772,36.896051271890585,0.5135607489592705,197,48.73096446700508,3,16.01015228426396
0.5,10,0.18,8,3,0.8,0.6337638321380523,181.04432580549982,19.687224240548097,55.092470533925166,0.35734872750759983,455,47.91208791208791,3,22.01098901098901
2.0,21,0.28,3,1,0.8,0.6337400893634788,247.79383624147334,24.2433226822399,44.603750307828186,0.5435265535953167,168,52.976190476190474,3,21.339285714285715
1.0,21,0.22,3,3,0,0.6324191300626103,218.36272986933753,22.310779479029353,49.98521746260048,0.44634755256836756,189,53.96825396825397,2,21.55026455026455
1.0,21,0.22,3,3,0.8,0.6324191300626103,218.36272986933753,22.310779479029353,49.98521746260048,0.44634755256836756,189,53.96825396825397,2,21.55026455026455
2.0,21,0.22,3,1,0,0.6322482444861982,241.85382853081757,23.852829942457344,47.29263515323879,0.5043666918785304,181,51.93370165745856,4,21.12707182320442
1.0,14,0.18,8,1,0,0.6321894103279558,193.059407204026,20.561788275363902,47.383384769536555,0.4339451133635216,461,48.80694143167028,2,21.885032537960953
2.0,21,0.35,8,3,0,0.6321273661723421,243.14796541751073,23.93430032079069,46.118232583083795,0.5189769637783086,287,49.47735191637631,3,24.010452961672474
0.5,10,0.22,8,1,0,0.6316211814026027,182.6434605420353,19.80538460785106,55.89275480621663,0.3543461880974996,453,50.331125827814574,3,23.86092715231788
1.0,14,0.18,8,1,0.8,0.6306728883824129,192.26468860260255,20.50486543940655,46.92644309022212,0.43695758913547544,454,49.33920704845815,2,21.733480176211454
1.0,30,0.22,8,1,0,0.6303694210775004,173.75341825383111,19.15576518924773,39.254264421456426,0.4879919537806233,444,46.846846846846844,2,24.17792792792793
1.0,30,0.22,8,1,0.8,0.6303694210775004,173.75341825383111,19.15576518924773,39.254264421456426,0.4879919537806233,444,46.846846846846844,2,24.17792792792793
2.5,21,0.2,8,1,0,0.6302377901280786,230.36770564142705,23.477494768870642,66.28660572532935,0.3541815803052871,97,49.48453608247423,2,20.969072164948454
2.0,21,0.18,5,3,0,0.6293449796840692,235.2954240130623,23.43599565384673,56.03916522228949,0.41820743690387985,254,48.4251968503937,3,20.956692913385826
0.5,21,0.1,5,1,0,0.6292786889104645,151.55566096696197,17.401999838299286,30.604107938152126,0.5686164704903998,321,46.10591900311526,2,16.330218068535824
0.5,21,0.1,5,1,0.8,0.6292786889104645,151.55566096696197,17.401999838299286,30.604107938152126,0.5686164704903998,321,46.10591900311526,2,16.330218068535824
2.0,21,0.22,8,1,0,0.6292511436386391,236.8114319623591,23.53294350388746,52.48673468370833,0.44835983121640055,283,49.46996466431096,3,22.812720848056536
0.5,30,0.35,5,3,0,0.6287675868368156,185.92140953773455,20.061024751578916,59.51647186164711,0.3370667669651702,281,49.46619217081851,2,25.035587188612098
0.5,30,0.35,5,3,0.8,0.6287675868368156,185.92140953773455,20.061024751578916,59.51647186164711,0.3370667669651702,281,49.46619217081851,2,25.035587188612098
0.5,30,0.2,8,3,0,0.6286488026669906,162.24026848239484,18.268086919017424,40.606214599362076,0.44988401650481386,429,49.65034965034965,3,24.73892773892774
0.5,30,0.2,8,3,0.8,0.6286488026669906,162.24026848239484,18.268086919017424,40.606214599362076,0.44988401650481386,429,49.65034965034965,3,24.73892773892774
1.0,14,0.22,5,1,0,0.6284215896179937,207.1147639641385,21.54803631285045,54.624285512075666,0.3944772203580928,305,51.80327868852459,2,22.078688524590163
0.5,21,0.1,3,3,0,0.6278585185606693,169.45511093387444,18.813887102431682,35.86969199646276,0.5245065138637651,197,48.73096446700508,3,16.081218274111674
0.5,21,0.1,3,3,0.8,0.6278585185606693,169.45511093387444,18.813887102431682,35.86969199646276,0.5245065138637651,197,48.73096446700508,3,16.081218274111674
2.0,21,0.18,8,1,0,0.6262373116786627,231.64072458335588,23.20078258876692,51.65209068878802,0.44917412401668866,294,48.29931972789115,3,21.493197278911566
2.5,21,0.2,8,3,0,0.6257786156220244,226.2046512844312,23.201475382363277,66.28660572532935,0.3500175507326899,99,48.484848484848484,2,20.96969696969697
2.5,30,0.18,8,3,0.8,0.6251538985396273,239.07118115335507,23.731361974808983,58.403444545241754,0.40633497150027986,241,48.54771784232365,2,20.141078838174273
1.0,21,0.2,3,3,0,0.6248489904355439,209.94200963258493,21.74190053701832,52.3020296853705,0.41569898277006617,189,53.43915343915344,2,21.195767195767196
1.0,21,0.2,3,3,0.8,0.6248489904355439,209.94200963258493,21.74190053701832,52.3020296853705,0.41569898277006617,189,53.43915343915344,2,21.195767195767196
2.5,21,0.2,5,1,0,0.6244356823295039,226.06708885759653,23.192305297666383,66.28660572532935,0.34987921079815026,93,49.46236559139785,2,20.827956989247312
2.0,21,0.3,3,1,0.8,0.6242201346487614,238.92185433038287,23.68546159439273,45.95037227216589,0.5154574473108247,167,52.69461077844312,3,21.479041916167663
1.0,30,0.22,8,3,0,0.6236643188830385,171.4271949969229,18.978930200352174,39.18582818674416,0.484331481011607,442,46.83257918552036,2,24.17873303167421
1.0,30,0.22,8,3,0.8,0.6236643188830385,171.4271949969229,18.978930200352174,39.18582818674416,0.484331481011607,442,46.83257918552036,2,24.17873303167421
0.5,10,0.2,8,1,0.8,0.6219117066381699,175.64698423184203,19.284268904798797,55.47247514823109,0.3476367126808066,445,48.764044943820224,4,22.964044943820223
2.5,30,0.18,5,1,0.8,0.6209217511176035,234.77238016055142,23.45634877492828,55.56079316073272,0.42217447665066676,205,50.24390243902439,1,20.180487804878048
2.0,21,0.2,8,1,0,0.6202759798592211,227.49291778784618,22.931225552268874,52.42942517629263,0.4373732016928128,289,48.78892733564014,4,22.217993079584776
2.0,21,0.18,3,1,0,0.6198053724029047,230.27370229050567,23.112251924605932,47.655453179131015,0.4849865101005294,182,50.54945054945055,2,20.373626373626372
2.5,21,0.2,5,3,0,0.6194790300221892,221.60007904296896,22.892782883136054,66.28660572532935,0.345360614450474,95,48.421052631578945,2,20.83157894736842
0.5,30,0.3,5,3,0,0.6174918181227781,179.61614799249645,19.595994466566236,60.17284730617853,0.3256617451864227,281,49.46619217081851,2,24.90747330960854
0.5,30,0.3,5,3,0.8,0.6174918181227781,179.61614799249645,19.595994466566236,60.17284730617853,0.3256617451864227,281,49.46619217081851,2,24.90747330960854
2.0,21,0.2,5,3,0,0.6170801253533938,225.90217164873278,22.82709790440627,56.88566043882341,0.4012803530505765,253,48.616600790513836,3,21.42292490118577
1.0,14,0.22,3,1,0.8,0.6169693999312863,210.20872038694546,21.76011339106292,56.05999301781224,0.38815761864524245,190,48.94736842105264,3,21.5
1.0,14,0.22,3,3,0.8,0.6169693999312863,210.20872038694546,21.76011339106292,56.05999301781224,0.38815761864524245,190,48.94736842105264,3,21.5
2.5,21,0.18,3,1,0,0.6168589751552723,220.17077639089067,22.796221615494726,63.45209932794151,0.359266625642696,82,50.0,3,20.5609756097561
0.5,10,0.15,8,3,0.8,0.6167818765288963,168.19269428866872,18.716890247169715,53.748795776253644,0.3482290156803641,468,46.794871794871796,3,20.331196581196583
1.0,14,0.2,5,1,0,0.6163072180219551,196.5172556620696,20.807986854277004,55.004618970669924,0.3782952639917828,306,52.28758169934641,2,21.591503267973856
1.0,30,0.25,3,1,0,0.6147701464104453,196.16433188396095,20.79871933295503,49.36727124152185,0.42130583299207414,191,46.596858638743456,2,21.56020942408377
1.0,30,0.25,3,1,0.8,0.6147701464104453,196.16433188396095,20.79871933295503,49.36727124152185,0.42130583299207414,191,46.596858638743456,2,21.56020942408377
0.5,10,0.18,8,3,0,0.6137229916447577,169.69558827246837,18.832321419674503,53.19358412838281,0.35403370027149633,467,47.96573875802998,3,22.12847965738758
2.5,30,0.22,5,1,0.8,0.613411786472182,230.25735324768087,23.164345340354764,57.72868358202329,0.4012623171536886,205,50.73170731707317,1,20.970731707317075
2.5,21,0.18,3,3,0,0.6128244831919522,216.26598677687895,22.530599014609297,63.45209932794151,0.35508043474123185,83,49.39759036144578,3,20.566265060240966
0.5,10,0.18,8,1,0.8,0.6128104528322926,168.28753186042144,18.724190110442862,56.61265306406925,0.33074214150063697,451,47.893569844789354,4,22.059866962305986
1.0,21,0.25,3,1,0,0.6125469911441402,204.14446258409703,21.342768132241364,56.814624028001916,0.3756562416345881,190,53.68421052631579,2,21.731578947368423
1.0,21,0.25,3,1,0.8,0.6125469911441402,204.14446258409703,21.342768132241364,56.814624028001916,0.3756562416345881,190,53.68421052631579,2,21.731578947368423
2.0,30,0.28,5,1,0,0.6125176651187904,211.81721042437243,21.886326073587714,46.80160816089348,0.46764047077928206,294,49.31972789115646,3,23.285714285714285
1.0,30,0.25,8,3,0,0.6124838381940491,167.4920555312543,18.676918059776938,40.51237564041565,0.46101759683390703,441,46.71201814058957,2,24.668934240362812
1.0,30,0.25,8,3,0.8,0.6124838381940491,167.4920555312543,18.676918059776938,40.51237564041565,0.46101759683390703,441,46.71201814058957,2,24.668934240362812
2.5,30,0.22,3,1,0.8,0.6124153271629803,232.5582432179748,23.313561381661586,60.84857487887641,0.383140631116981,155,50.32258064516129,1,20.974193548387095
2.0,30,0.25,5,1,0,0.6121910196329203,211.04389860214786,21.833665354589236,48.516664453650336,0.45002404020267517,295,49.152542372881356,3,23.07457627118644
0.5,10,0.15,8,1,0.8,0.6115363801870619,164.09919421905818,18.399752855394034,53.21249198684648,0.34577882313691016,464,46.98275862068966,3,20.469827586206897
2.0,30,0.3,5,1,0,0.6113024567270918,211.28080661353027,21.84980971275032,48.7347966057727,0.44834104653187745,294,49.31972789115646,3,23.401360544217688
2.0,21,0.2,3,3,0,0.6112456901707599,223.66964680255455,22.68025016734736,49.48525168578436,0.4583234275812064,183,51.36612021857923,2,20.715846994535518
1.5,30,0.15,5,3,0,0.610201460692948,167.70156146889218,18.693089297237474,43.639164911574696,0.42835579771324606,310,49.354838709677416,1,19.77741935483871
1.5,30,0.15,5,3,0.8,0.610201460692948,167.70156146889218,18.693089297237474,43.639164911574696,0.42835579771324606,310,49.354838709677416,1,19.77741935483871
1.0,14,0.18,5,1,0,0.6080464699754948,188.0884161276832,20.20361524865002,53.46706682581706,0.37787027506985893,309,51.45631067961165,2,20.779935275080906
2.0,21,0.28,3,3,0.8,0.6073112651556288,223.2335619991706,22.66877615939147,46.19527462236849,0.49071634154578414,169,52.662721893491124,3,21.337278106508876
0.5,30,0.28,5,3,0,0.6072930189741261,172.83940660901786,19.08643236996841,61.28771330162284,0.31142347041136903,284,49.647887323943664,3,24.54225352112676
0.5,30,0.28,5,3,0.8,0.6072930189741261,172.83940660901786,19.08643236996841,61.28771330162284,0.31142347041136903,284,49.647887323943664,3,24.54225352112676
0.5,30,0.28,5,1,0,0.606870587175083,172.11914951994714,19.03166162001353,60.177376752413295,0.3162594092181046,283,48.76325088339223,3,24.59010600706714
0.5,30,0.28,5,1,0.8,0.606870587175083,172.11914951994714,19.03166162001353,60.177376752413295,0.3162594092181046,283,48.76325088339223,3,24.59010600706714
1.5,30,0.15,3,1,0,0.606449168216618,183.33653324950313,19.87141768813654,46.10099642563995,0.4310409585222039,192,51.041666666666664,2,19.192708333333332
1.5,30,0.15,3,1,0.8,0.606449168216618,183.33653324950313,19.87141768813654,46.10099642563995,0.4310409585222039,192,51.041666666666664,2,19.192708333333332
2.0,30,0.28,5,3,0,0.6058995384903475,207.18620323903622,21.569338577631413,51.369100498930734,0.4198893569896243,297,49.158249158249156,3,23.050505050505052
2.0,30,0.25,5,3,0,0.6057354077573585,206.60569504776691,21.529325507317054,52.89911220351268,0.4069884088884092,298,48.99328859060403,4,22.84228187919463
1.0,14,0.22,3,1,0,0.6055680086837532,201.09928675292815,21.130599188587816,56.05999301781224,0.3769283235885149,191,48.69109947643979,3,21.49738219895288
1.0,14,0.22,3,3,0,0.6055680086837532,201.09928675292815,21.130599188587816,56.05999301781224,0.3769283235885149,191,48.69109947643979,3,21.49738219895288
2.0,21,0.18,3,3,0,0.6051606269010272,217.37395963460307,22.26158767132025,47.647162727615736,0.4672174878194309,183,50.81967213114754,2,20.174863387978142
2.0,30,0.25,5,1,0.8,0.6049936424505694,206.32640513662236,21.51005240911703,48.72958945599027,0.4414166556552597,290,48.96551724137931,3,23.03448275862069
1.0,30,0.2,8,3,0,0.6047164140363674,160.2655945047351,18.11261561613342,38.43677062990019,0.47123146193877985,443,46.04966139954853,2,23.704288939051917
1.0,30,0.2,8,3,0.8,0.6047164140363674,160.2655945047351,18.11261561613342,38.43677062990019,0.47123146193877985,443,46.04966139954853,2,23.704288939051917
2.0,21,0.22,3,3,0,0.6042922151549895,217.15158645947793,22.246674884096617,47.891161367022825,0.46452569219620893,182,52.197802197802204,4,21.005494505494507
2.0,30,0.3,5,3,0,0.6040345564493197,206.13464666228163,21.496811231146484,53.137900281744734,0.40454762264160465,297,49.158249158249156,4,23.164983164983166
1.5,30,0.15,3,3,0,0.6036779428028212,182.17571617563505,19.78580367383238,46.10099642563999,0.4291838616925883,191,51.30890052356021,2,19.298429319371728
1.5,30,0.15,3,3,0.8,0.6036779428028212,182.17571617563505,19.78580367383238,46.10099642563999,0.4291838616925883,191,51.30890052356021,2,19.298429319371728
2.0,30,0.28,5,1,0.8,0.6034929538265804,205.67111860123006,21.46477568439964,47.266062621866965,0.4541265866827094,289,49.13494809688581,3,23.249134948096884
0.5,30,0.35,5,1,0,0.6009218740667638,169.93758350127933,18.865034272925605,59.15722469872872,0.3188965400084263,280,48.57142857142857,2,25.09642857142857
0.5,30,0.35,5,1,0.8,0.6009218740667638,169.93758350127933,18.865034272925605,59.15722469872872,0.3188965400084263,280,48.57142857142857,2,25.09642857142857
2.5,30,0.1,8,3,0,0.5997820734958061,197.5527760352668,20.928823260232843,58.89256682397872,0.35537291697246,341,41.935483870967744,1,15.337243401759531
2.0,30,0.3,5,1,0.8,0.5986963384744616,202.40761858649554,21.238084454805197,49.63829316153425,0.42785686416919405,289,49.13494809688581,3,23.366782006920417
2.0,30,0.25,5,3,0.8,0.5986666973250667,201.95551425534245,21.20652094525939,53.09391225945016,0.3994153009789715,293,48.80546075085324,4,22.79863481228669
2.0,21,0.3,3,3,0.8,0.5977650596125675,214.98809581694908,22.117984894027586,47.503208379279776,0.4656103376730052,168,52.38095238095239,3,21.476190476190474
2.5,30,0.35,8,1,0.8,0.5976662504500875,218.32296083408562,22.376319960655543,61.15113273599905,0.3659183233327554,235,49.361702127659576,2,21.919148936170213
0.5,10,0.15,8,3,0,0.5975006708622757,158.02510720402572,17.921606078028663,51.63865463222381,0.3470579589198889,480,46.666666666666664,3,20.43125
2.0,30,0.28,5,3,0.8,0.5970168944891451,201.13139116070377,21.148884506681796,51.79367796139872,0.40832945909815166,292,48.97260273972603,3,23.01027397260274
0.5,30,0.3,5,1,0,0.5966729741200917,167.68395346152982,18.691730581778266,59.25638497390554,0.3154382534474463,280,48.57142857142857,2,24.942857142857143
0.5,30,0.3,5,1,0.8,0.5966729741200917,167.68395346152982,18.691730581778266,59.25638497390554,0.3154382534474463,280,48.57142857142857,2,24.942857142857143
0.5,10,0.2,8,1,0,0.5951905748833778,161.19715155963473,18.172452784279415,54.02457917283533,0.3363737961963968,456,48.90350877192983,3,23.19078947368421
2.5,30,0.3,8,1,0.8,0.5950885703911616,215.7792145560864,22.20521084002072,59.75767334073445,0.3715876070577249,235,49.361702127659576,2,21.880851063829788
2.0,30,0.3,5,3,0.8,0.5916039615958408,197.40815205126987,20.886858139179452,53.96379665760832,0.38705316217284036,292,48.97260273972603,4,23.126712328767123
2.0,30,0.35,5,1,0,0.5909563996354227,196.41786158054097,20.81670957091135,52.12908766025052,0.3993300190976585,292,49.31506849315068,4,23.59931506849315
2.5,30,0.2,5,1,0.8,0.5907014941191062,208.78253360386822,21.728627290568305,60.127463532364686,0.36137608364058926,205,49.75609756097561,2,20.536585365853657
2.0,30,0.22,5,1,0,0.5898024331814776,193.53209567912717,20.611182655600004,48.972990964310085,0.42086836539391187,297,49.158249158249156,3,22.60942760942761
2.5,30,0.28,8,1,0.8,0.5897732307210549,210.80125179705226,21.86704109266713,60.06988281245638,0.36402669805329924,235,49.361702127659576,2,21.761702127659575
2.0,30,0.22,5,3,0,0.5887650718569157,193.16469134334386,20.584896150762646,52.70010820812456,0.390604438030151,300,49.333333333333336,4,22.4
0.5,30,0.2,8,1,0,0.5877696287212064,141.39966494480808,16.575924088824134,39.08912239974395,0.4240546492528242,429,48.717948717948715,3,24.755244755244757
0.5,30,0.2,8,1,0.8,0.5877696287212064,141.39966494480808,16.575924088824134,39.08912239974395,0.4240546492528242,429,48.717948717948715,3,24.755244755244757
2.5,30,0.18,3,1,0.8,0.5868804619187569,207.22487262223672,21.621314411828997,59.64834211563039,0.3624797210610703,155,49.67741935483871,1,20.206451612903226
2.5,30,0.1,5,3,0,0.5868045022138801,190.75243706687704,20.442567609315688,62.426583131705804,0.32746574590165456,266,41.35338345864661,2,15.033834586466165
2.5,21,0.2,3,1,0,0.5866066501902661,197.72267452018826,21.23105002974224,66.18803262271442,0.32076871283912683,82,50.0,3,20.804878048780488
1.0,10,0.15,8,1,0.8,0.5847195083830623,159.7872602269844,18.061270398298767,45.033417774401244,0.40106372758066566,408,47.30392156862745,3,19.83823529411765
2.5,30,0.15,8,1,0,0.5846443431160137,195.27603007351195,20.767056666009374,64.53261588658297,0.32180714171741903,327,45.25993883792049,3,18.737003058103976
2.0,30,0.35,5,3,0,0.5843714363381642,191.80871125077087,20.487644345605148,55.985872544599424,0.3659431105460453,295,49.152542372881356,4,23.359322033898305
1.0,21,0.22,3,1,0,0.5840701623771983,183.16448897998643,19.84376421704548,55.514860849257005,0.3574495894158593,190,53.1578947368421,2,21.36315789473684
1.0,21,0.22,3,1,0.8,0.5840701623771983,183.16448897998643,19.84376421704548,55.514860849257005,0.3574495894158593,190,53.1578947368421,2,21.36315789473684
0.5,10,0.18,8,1,0,0.5829860631809425,152.85203592178712,17.506997991859308,55.20101028957999,0.3171499561333937,462,48.05194805194805,3,22.283549783549784
2.5,30,0.18,8,1,0.8,0.5829104891104157,201.58411057912238,21.228904498702473,59.689464754139465,0.35565580268049307,238,48.739495798319325,2,20.19327731092437
0.5,10,0.15,8,1,0,0.5828522718812237,149.78683277795554,17.258012558875755,51.56606391974541,0.33467771722377687,476,46.84873949579832,3,20.623949579831933
2.0,21,0.18,8,3,0,0.5822207943300154,195.53008676285398,20.753658094983507,53.520943440478206,0.38776704521406835,300,47.0,4,21.573333333333334
2.5,21,0.2,3,3,0,0.5821804137490012,193.91531427339953,20.95600931061292,66.18803262271442,0.31661326799161027,83,49.39759036144578,3,20.80722891566265
1.0,30,0.18,8,3,0,0.5818192597590132,147.24908080999705,17.06268131944555,39.60844203189309,0.43078395524132246,451,45.01108647450111,2,22.696230598669622
1.0,30,0.18,8,3,0.8,0.5818192597590132,147.24908080999705,17.06268131944555,39.60844203189309,0.43078395524132246,451,45.01108647450111,2,22.696230598669622
2.0,30,0.35,5,1,0.8,0.5802401028610144,189.22973369850868,20.301643636365174,52.76700119849872,0.3847412810137632,287,49.12891986062718,4,23.56794425087108
2.0,21,0.22,8,3,0,0.5799130829381443,195.5604160141227,20.755814716117715,54.85114125928313,0.3784026045694164,289,48.09688581314879,4,22.92387543252595
2.5,21,0.1,8,1,0,0.5796476088272327,180.8621683285868,19.990224711283176,70.01555997422312,0.2855111737825529,97,43.29896907216495,3,16.257731958762886
2.0,21,0.35,3,1,0.8,0.5791170796708055,200.19816312956934,21.09946978796373,49.40718796176713,0.42705263461444476,167,52.69461077844312,3,21.53293413173653
2.5,21,0.1,5,3,0.8,0.5787146746158989,171.11187373687548,19.467402408616017,66.22424591147266,0.2939618585410497,47,42.5531914893617,3,15.127659574468085
2.5,21,0.1,8,3,0.8,0.5787146746158989,171.11187373687548,19.467402408616017,66.22424591147266,0.2939618585410497,47,42.5531914893617,3,15.127659574468085
2.5,21,0.1,3,3,0.8,0.5787146394828889,171.3405364939598,19.485366458963306,66.255633186761,0.29409373243838854,44,45.45454545454545,3,15.090909090909092
0.5,21,0.1,5,3,0,0.5766369663805483,132.49204401036724,15.803889717372122,29.165760606572743,0.5418644804281424,322,45.3416149068323,2,16.282608695652176
0.5,21,0.1,5,3,0.8,0.5766369663805483,132.49204401036724,15.803889717372122,29.165760606572743,0.5418644804281424,322,45.3416149068323,2,16.282608695652176
2.0,30,0.18,5,1,0,0.5765674810724394,181.64524516954393,19.74658284396238,48.36052268895375,0.40832029403339737,298,48.322147651006716,3,21.58724832214765
2.5,30,0.22,8,1,0.8,0.5741714072548321,195.91145253284182,20.82811627733514,61.70686533521389,0.33753320905525375,238,49.159663865546214,2,21.147058823529413
2.0,30,0.22,5,1,0.8,0.5739231731489054,182.8863654558591,19.838250808764222,50.272811656224945,0.3946119215376685,292,48.97260273972603,4,22.561643835616437
2.0,30,0.35,5,3,0.8,0.5738021908478365,184.73235518242478,19.973981282304166,56.572391714710825,0.353069415608784,290,48.96551724137931,4,23.324137931034482
2.5,30,0.2,3,1,0.8,0.573595919502115,196.52684946583167,20.871900911500575,63.419420517069625,0.32910898178079073,155,49.67741935483871,1,20.638709677419357
2.5,21,0.1,5,1,0.8,0.5733219271770384,168.08100042745403,19.228109020307514,66.22424591147266,0.2903484781995297,46,43.47826086956522,3,15.0
2.5,21,0.1,8,1,0.8,0.5733219271770384,168.08100042745403,19.228109020307514,66.22424591147266,0.2903484781995297,46,43.47826086956522,3,15.0
2.5,21,0.1,3,1,0.8,0.5731022912496211,168.24836844744618,19.241380890168557,66.255633186761,0.2904112445191047,44,45.45454545454545,3,15.090909090909092
2.0,30,0.22,5,3,0.8,0.573061811137423,182.53228602559466,19.81213275992144,53.90498733465557,0.3675380282889743,295,49.152542372881356,4,22.34915254237288
1.0,30,0.15,3,3,0,0.5720955773158365,160.01124781005157,18.092519462147205,44.88691279738789,0.40306891997259536,195,44.1025641025641,3,19.22051282051282
1.0,30,0.15,3,3,0.8,0.5720955773158365,160.01124781005157,18.092519462147205,44.88691279738789,0.40306891997259536,195,44.1025641025641,3,19.22051282051282
1.0,21,0.2,3,1,0,0.5718270225979417,173.41755900132299,19.115919890731426,57.92289458210804,0.3300235602630983,190,52.63157894736842,2,21.010526315789473
1.0,21,0.2,3,1,0.8,0.5718270225979417,173.41755900132299,19.115919890731426,57.92289458210804,0.3300235602630983,190,52.63157894736842,2,21.010526315789473
1.5,30,0.15,5,1,0,0.5703941013279514,146.90481450432748,17.034298198148768,43.87348362987274,0.38825953147131437,310,49.03225806451613,1,19.806451612903224
1.5,30,0.15,5,1,0.8,0.5703941013279514,146.90481450432748,17.034298198148768,43.87348362987274,0.38825953147131437,310,49.03225806451613,1,19.806451612903224
2.0,21,0.2,8,3,0,0.5696698819832566,186.88481698387452,20.1313309840883,54.5547198603441,0.36901171952899703,295,47.45762711864407,4,22.335593220338982
2.0,21,0.25,3,1,0.8,0.5696308876305138,191.0716850693769,20.450104282862334,44.9096737873869,0.45536078439754435,168,52.38095238095239,3,21.214285714285715
2.0,21,0.3,5,1,0.8,0.5691321618109796,190.5556390251922,20.41288689847982,51.62937159667531,0.395373529973282,216,51.388888888888886,3,22.439814814814813
1.0,21,0.18,3,3,0,0.5690504740095765,171.0380751953881,18.934983914266756,49.997505967699844,0.37871856901221085,189,52.38095238095239,2,20.693121693121693
1.0,21,0.18,3,3,0.8,0.5690504740095765,171.0380751953881,18.934983914266756,49.997505967699844,0.37871856901221085,189,52.38095238095239,2,20.693121693121693
2.0,21,0.3,8,1,0.8,0.5678456573517809,190.46468522463587,20.406321627375213,51.638907047609926,0.3951733836767892,232,51.724137931034484,3,22.974137931034484
0.5,30,0.22,5,3,0,0.5627627585763785,146.89169931969406,17.03321626728016,62.06648384636658,0.2744350124528167,286,49.3006993006993,2,23.636363636363637
0.5,30,0.22,5,3,0.8,0.5627627585763785,146.89169931969406,17.03321626728016,62.06648384636658,0.2744350124528167,286,49.3006993006993,2,23.636363636363637
0.5,30,0.18,8,3,0,0.5598099442036764,131.92105039594733,15.766072658552389,43.57476349899142,0.36181659732742577,434,47.69585253456221,3,24.027649769585253
0.5,30,0.18,8,3,0.8,0.5598099442036764,131.92105039594733,15.766072658552389,43.57476349899142,0.36181659732742577,434,47.69585253456221,3,24.027649769585253
1.0,10,0.1,8,1,0.8,0.559738020501512,136.57422135843765,16.154974033873913,38.610986438721305,0.41840355618764463,428,44.1588785046729,3,16.037383177570092
2.5,21,0.1,8,3,0,0.558443863020982,167.5898523594824,18.96954998177285,70.01555997422312,0.2709333466554672,99,43.43434343434344,3,16.171717171717173
2.0,30,0.18,5,1,0.8,0.5574189084915627,169.52516399947558,18.83340886532703,50.02922283594107,0.376448159650345,293,48.122866894197955,3,21.542662116040955
2.5,21,0.15,8,1,0,0.5546629954671674,172.90698452986044,19.383350134951783,71.53425818557366,0.2709659766746673,96,46.875,3,18.947916666666668
0.5,10,0.1,8,3,0,0.5539636151827412,125.62643105660189,15.20176312721957,42.41325638428735,0.35842008898074845,510,43.529411764705884,3,16.28235294117647
1.0,30,0.2,5,1,0,0.5529621726777838,143.74100692244895,16.771915120312176,44.83491824526739,0.3740815368182936,305,44.59016393442623,2,21.8
1.0,30,0.2,5,1,0.8,0.5529621726777838,143.74100692244895,16.771915120312176,44.83491824526739,0.3740815368182936,305,44.59016393442623,2,21.8
2.0,21,0.35,3,3,0.8,0.5526745456864798,178.99896853435843,19.56476558851874,52.65822438839336,0.37154244784659124,168,52.38095238095239,3,21.529761904761905
2.0,21,0.28,5,1,0.8,0.5522586132751772,177.60837792008667,19.460766977256117,51.97380384759308,0.3744341482936764,217,51.61290322580645,3,22.225806451612904
2.5,21,0.15,8,3,0,0.5507930713576097,170.04639854960138,19.161561725471742,71.53425818557366,0.26786552641341377,99,45.45454545454545,3,19.01010101010101
2.0,30,0.18,5,3,0,0.5502626914635833,164.63625992195153,18.455436492428955,55.042890123739205,0.3352919232791047,300,48.0,4,21.45
2.0,21,0.28,8,1,0.8,0.5501981867973467,176.8453333349016,19.403517949670814,51.86251795042569,0.3741337427584645,233,51.931330472103,3,22.742489270386265
0.5,10,0.35,5,3,0,0.5482465821829428,150.34379660864064,17.303441489595617,72.78713922111876,0.23772663240726905,306,49.673202614379086,3,23.22222222222222
1.0,21,0.1,8,3,0,0.5479644094126312,120.37063330300522,14.730505685146422,33.87414533568974,0.43485984780334486,502,43.22709163346614,2,16.249003984063744
1.0,21,0.1,8,3,0.8,0.5479644094126312,120.37063330300522,14.730505685146422,33.87414533568974,0.43485984780334486,502,43.22709163346614,2,16.249003984063744
2.5,21,0.1,5,1,0,0.547011059652632,160.9770970581604,18.44536480610217,70.01555997422312,0.2634466511857222,93,43.01075268817204,4,16.129032258064516
0.5,10,0.1,8,3,0.8,0.5454452363349086,122.4902062958593,14.921661281425092,44.5408965102807,0.3350103489268778,498,43.97590361445783,4,16.20281124497992
1.0,30,0.15,8,1,0,0.5450356377226175,126.96924856864766,15.332063247087424,36.69169453701194,0.4178619559699414,463,44.27645788336933,2,21.23110151187905
1.0,30,0.15,8,1,0.8,0.5450356377226175,126.96924856864766,15.332063247087424,36.69169453701194,0.4178619559699414,463,44.27645788336933,2,21.23110151187905
2.5,21,0.15,5,1,0,0.5445616374076002,166.48137043067027,18.882431730053572,71.53425818557366,0.26396348000239134,93,46.236559139784944,3,18.752688172043012
0.5,10,0.35,5,3,0.8,0.5437654785812461,147.65515703853512,17.083365043078746,72.78713922111876,0.23470307015613695,305,49.50819672131148,3,23.160655737704918
2.0,21,0.25,3,3,0.8,0.5427510830284168,170.516978043144,18.923629549404296,46.492408975247784,0.4070262214091573,169,52.071005917159766,3,21.21301775147929
2.5,21,0.15,5,3,0,0.5416006460081154,164.27899383873083,18.708452413284803,71.53425818557366,0.2615313681558208,95,45.26315789473684,3,18.8
0.5,30,0.22,5,1,0,0.5410203124593269,136.63934341025555,16.172552136151232,61.89256650252305,0.2613003959933049,285,48.421052631578945,2,23.775438596491227
0.5,30,0.22,5,1,0.8,0.5410203124593269,136.63934341025555,16.172552136151232,61.89256650252305,0.2613003959933049,285,48.421052631578945,2,23.775438596491227
2.5,30,0.2,8,1,0.8,0.5409982346982026,169.24604844490474,18.85450923451073,64.05966687191338,0.2943273069497867,238,48.319327731092436,2,20.54621848739496
2.5,30,0.1,5,1,0,0.5405760831489949,160.90978684696103,18.190721542739574,64.33886850201881,0.2827330036456701,265,41.509433962264154,3,14.852830188679246
1.0,30,0.35,5,3,0,0.5398317280078456,143.31244394302408,16.736157219599313,54.74750922000059,0.30569714418140487,302,45.033112582781456,2,23.2317880794702
1.0,30,0.35,5,3,0.8,0.5398317280078456,143.31244394302408,16.736157219599313,54.74750922000059,0.30569714418140487,302,45.033112582781456,2,23.2317880794702
2.5,30,0.1,8,1,0,0.5392643372478548,158.76874397634532,18.021121137388295,62.290053995997475,0.2893097690771992,334,41.61676646706587,3,15.266467065868264
1.0,30,0.15,3,1,0,0.5386026569281962,142.36268130842066,16.656726345040163,44.88691279738789,0.37108202161787945,195,44.1025641025641,3,19.22051282051282
1.0,30,0.15,3,1,0.8,0.5386026569281962,142.36268130842066,16.656726345040163,44.88691279738789,0.37108202161787945,195,44.1025641025641,3,19.22051282051282
2.0,30,0.2,5,1,0,0.538110589522822,157.70286995690242,17.909386225719604,53.196518509570744,0.3366646300828403,297,48.148148148148145,3,22.13804713804714
0.5,21,0.1,8,3,0,0.5363681041003553,110.28284033218239,13.799354151300069,28.961358331951388,0.47647468717225333,505,43.960396039603964,2,16.637623762376236
0.5,21,0.1,8,3,0.8,0.5363681041003553,110.28284033218239,13.799354151300069,28.961358331951388,0.47647468717225333,505,43.960396039603964,2,16.637623762376236
1.0,30,0.2,5,3,0,0.5336198685543336,136.55463646945128,16.16531391636311,42.78141464748999,0.37785833052885126,304,44.07894736842105,2,21.80921052631579
1.0,30,0.2,5,3,0.8,0.5336198685543336,136.55463646945128,16.16531391636311,42.78141464748999,0.37785833052885126,304,44.07894736842105,2,21.80921052631579
2.0,21,0.2,3,1,0.8,0.5326388419595423,163.2076544523738,18.357674678527005,55.16597442011943,0.3327716925422752,169,51.4792899408284,3,20.674556213017752
1.5,30,0.1,5,1,0,0.5318279338026767,119.72884838634235,14.683168991427365,38.207101249481326,0.38430471067539296,322,44.409937888198755,2,15.863354037267081
1.5,30,0.1,5,1,0.8,0.5318279338026767,119.72884838634235,14.683168991427365,38.207101249481326,0.38430471067539296,322,44.409937888198755,2,15.863354037267081
2.0,30,0.18,5,3,0.8,0.5314209146284387,153.2481289103082,17.55210865071737,56.49565339256088,0.3106806912871028,295,47.79661016949153,4,21.403389830508473
2.5,21,0.1,5,3,0,0.5294417510270389,150.73354127066355,17.61135490417538,70.01555997422312,0.2515348718293357,95,43.15789473684211,4,16.042105263157893
1.0,30,0.28,5,3,0,0.5280108902754003,136.55330115268097,16.165199796221884,51.674463437605425,0.31282762743614423,303,44.884488448844884,2,22.904290429042906
1.0,30,0.28,5,3,0.8,0.5280108902754003,136.55330115268097,16.165199796221884,51.674463437605425,0.31282762743614423,303,44.884488448844884,2,22.904290429042906
0.5,10,0.1,8,1,0.8,0.5274527372253822,115.15200848443759,14.253303497240054,45.35008779832332,0.3142949482397039,493,43.40770791075051,4,16.34077079107505
0.5,10,0.35,5,1,0,0.5274342006598742,139.85552645764224,16.43357003447794,75.32145127223508,0.21817914759876206,306,49.34640522875817,4,23.212418300653596
2.0,21,0.18,8,1,0.8,0.527126670233628,158.65591753226437,17.99864522452257,57.394150599919804,0.31359720522717727,239,49.37238493723849,3,20.84100418410042
1.0,30,0.3,5,3,0,0.5266348315066479,136.531778641421,16.16336034501462,54.10480556942839,0.29874167691580494,302,45.033112582781456,2,23.132450331125828
1.0,30,0.3,5,3,0.8,0.5266348315066479,136.531778641421,16.16336034501462,54.10480556942839,0.29874167691580494,302,45.033112582781456,2,23.132450331125828
2.0,21,0.3,8,3,0.8,0.5257466927105725,158.95032657716862,18.022024644650948,54.64483384988657,0.3298028994682058,238,50.84033613445378,3,22.92436974789916
1.0,21,0.18,3,1,0,0.5253421990935863,144.63633599043385,16.833897100759177,54.86823420795314,0.3068058840194844,190,51.578947368421055,2,20.50526315789474
1.0,21,0.18,3,1,0.8,0.5253421990935863,144.63633599043385,16.833897100759177,54.86823420795314,0.3068058840194844,190,51.578947368421055,2,20.50526315789474
0.5,10,0.1,8,1,0,0.5246297707339308,114.06126005092096,14.152356969898516,43.633750722850955,0.32434426872423183,506,42.88537549407115,4,16.41897233201581
1.0,30,0.18,5,1,0,0.5246012249234958,130.01696086229373,15.600099487723185,50.08494961211364,0.3114727998837822,309,43.689320388349515,3,21.119741100323626
1.0,30,0.18,5,1,0.8,0.5246012249234958,130.01696086229373,15.600099487723185,50.08494961211364,0.3114727998837822,309,43.689320388349515,3,21.119741100323626
2.5,21,0.1,3,1,0,0.5242223939198074,148.4860872070804,17.424627224130184,70.99891150490278,0.2454210473765776,82,45.1219512195122,4,16.21951219512195
2.0,21,0.35,5,1,0.8,0.5236344895939726,157.3580546897229,17.8953174534219,50.177240303875024,0.3566421219072086,216,51.388888888888886,3,22.48148148148148
0.5,14,0.3,8,1,0,0.5231065447843536,131.74664803847327,15.739233526991669,65.31618494273673,0.2409698842758559,453,49.88962472406181,4,24.90728476821192
0.5,10,0.35,5,1,0.8,0.5229318338219436,137.27952947706535,16.21512564593082,75.32145127223508,0.21527898589373068,305,49.18032786885246,4,23.15081967213115
2.0,21,0.35,8,1,0.8,0.5227297346727849,157.27749286254092,17.888889447740898,50.18706201792323,0.3564442453585401,232,51.724137931034484,3,23.012931034482758
0.5,10,0.28,5,3,0,0.5222290180694436,135.62190551629044,16.07352108296256,72.9291235410625,0.2203992081971535,308,49.67532467532468,3,22.792207792207794
0.5,10,0.35,3,1,0,0.5212872917195766,140.53705892957322,16.491039620849214,62.42511563515204,0.26417315295388877,192,48.4375,3,22.25
0.5,10,0.35,3,1,0.8,0.5212872917195766,140.53705892957322,16.491039620849214,62.42511563515204,0.26417315295388877,192,48.4375,3,22.25
0.5,10,0.28,3,1,0,0.5189045310689085,138.4971986260889,16.31862679761207,61.522924636669586,0.2652446530132226,193,48.704663212435236,2,21.901554404145077
0.5,10,0.28,3,1,0.8,0.5189045310689085,138.4971986260889,16.31862679761207,61.522924636669586,0.2652446530132226,193,48.704663212435236,2,21.901554404145077
2.0,30,0.25,3,3,0,0.5188916279567006,152.04753956007332,17.45493185915301,62.43091186006715,0.27958796915022727,188,51.06382978723404,4,21.79255319148936
2.0,30,0.25,3,3,0.8,0.5188916279567006,152.04753956007332,17.45493185915301,62.43091186006715,0.27958796915022727,188,51.06382978723404,4,21.79255319148936
2.0,30,0.2,5,1,0.8,0.5184901129170311,146.10689104408698,16.968387305780364,54.80191347097906,0.3096312926147397,292,47.94520547945205,4,22.095890410958905
2.5,30,0.1,3,3,0,0.518167850639023,149.6849359499291,17.28840943752825,74.08979934053221,0.23334399055485505,180,41.11111111111111,3,14.95
2.0,30,0.22,3,3,0,0.5178309040548846,151.08644392792422,17.37686398706215,60.96276802981936,0.2850406001670138,189,51.32275132275132,3,21.46031746031746
2.0,30,0.22,3,3,0.8,0.5178309040548846,151.08644392792422,17.37686398706215,60.96276802981936,0.2850406001670138,189,51.32275132275132,3,21.46031746031746
0.5,10,0.28,5,3,0.8,0.5176481971047135,133.09137595120154,15.855752126397803,72.9291235410625,0.2174131726328821,307,49.5114006514658,3,22.729641693811075
0.5,14,0.3,8,1,0.8,0.5171331324058334,128.84620468342152,15.486000617960372,65.31618494273673,0.23709285273683828,451,49.889135254988915,4,24.83148558758315
0.5,30,0.25,5,3,0,0.5166282967047325,127.01999165166636,15.336550202728993,65.6377643171898,0.2336543659320298,285,49.473684210526315,3,24.16842105263158
0.5,30,0.25,5,3,0.8,0.5166282967047325,127.01999165166636,15.336550202728993,65.6377643171898,0.2336543659320298,285,49.473684210526315,3,24.16842105263158
1.0,10,0.1,5,3,0,0.5132135446516175,118.87602488311397,14.594797914433544,44.86436177251847,0.32530938450513175,321,46.10591900311526,2,16.05919003115265
1.0,10,0.15,5,3,0,0.512862891536998,126.77219802190669,15.30329175719649,48.935653632654656,0.3127227414202686,313,49.52076677316294,2,19.345047923322685
2.0,21,0.18,3,1,0.8,0.5127530447117264,149.26138426038634,17.24081414110894,54.73905673502798,0.31496366889487154,169,50.887573964497044,3,20.171597633136095
2.0,21,0.3,5,3,0.8,0.5125763101378871,149.50169624005864,17.26049112042862,55.623303163107096,0.3103104299616078,219,49.77168949771689,3,22.420091324200914
2.0,21,0.18,5,1,0.8,0.5121272846381204,148.27932954596469,17.16023935232367,57.25691157390398,0.2997059897332081,220,49.54545454545455,4,20.754545454545454
0.5,10,0.3,5,3,0,0.5116366704320364,130.43837045846834,15.625336033080828,74.0027227162895,0.21114542086491875,307,49.5114006514658,3,22.938110749185668
0.5,10,0.3,3,1,0,0.5104989385591889,134.31840455188566,15.961588739301424,63.350226047896015,0.2519578813694152,192,48.4375,2,22.098958333333332
0.5,10,0.3,3,1,0.8,0.5104989385591889,134.31840455188566,15.961588739301424,63.350226047896015,0.2519578813694152,192,48.4375,2,22.098958333333332
0.5,30,0.18,8,1,0,0.510162968838642,110.92530562419714,13.869951623834753,42.95111732029733,0.3229241167442286,433,46.88221709006928,3,24.048498845265588
0.5,30,0.18,8,1,0.8,0.510162968838642,110.92530562419714,13.869951623834753,42.95111732029733,0.3229241167442286,433,46.88221709006928,3,24.048498845265588
2.0,21,0.2,8,1,0.8,0.5086829964840308,146.81078930268168,17.03925734228351,58.01512985243132,0.2937036836015876,235,49.787234042553195,4,21.514893617021276
2.0,21,0.2,5,1,0.8,0.5086516805670747,146.30957837131277,16.997830251771482,57.651601851616164,0.29483708528204544,219,49.77168949771689,4,21.205479452054796
1.0,10,0.1,3,3,0.8,0.5084142831512501,127.94535520017168,15.406809354252516,48.653685536002364,0.3166627396161367,202,46.03960396039604,2,15.465346534653465
2.0,21,0.28,8,3,0.8,0.5079408928355502,146.80875575002335,17.03908940144141,54.85454601789259,0.31062310489058753,239,51.04602510460251,3,22.698744769874477
2.5,21,0.15,3,1,0,0.5075267744413267,143.97942997011023,17.045965713513024,72.7635021975148,0.23426532806574035,82,47.5609756097561,4,18.890243902439025
2.0,30,0.35,3,3,0,0.5073532960258272,145.1866696306129,16.892154713798814,62.492959642350776,0.27030492411422274,188,51.06382978723404,4,22.18617021276596
2.0,30,0.35,3,3,0.8,0.5073532960258272,145.1866696306129,16.892154713798814,62.492959642350776,0.27030492411422274,188,51.06382978723404,4,22.18617021276596
0.5,10,0.3,5,3,0.8,0.5070386480231631,127.963510966528,15.408407929707678,74.0027227162895,0.20821406786315413,306,49.34640522875817,3,22.875816993464053
0.5,30,0.35,3,1,0,0.5066120770789266,130.07639078616694,15.605296923886769,53.75126347895186,0.2903242810282507,180,45.55555555555556,2,23.466666666666665
0.5,30,0.35,3,1,0.8,0.5066120770789266,130.07639078616694,15.605296923886769,53.75126347895186,0.2903242810282507,180,45.55555555555556,2,23.466666666666665
1.5,30,0.1,5,3,0,0.5064872178010987,111.25004761871521,13.900442851749318,38.67630390098629,0.35940463409676643,320,44.375,2,15.94375
1.5,30,0.1,5,3,0.8,0.5064872178010987,111.25004761871521,13.900442851749318,38.67630390098629,0.35940463409676643,320,44.375,2,15.94375
2.0,21,0.2,3,3,0.8,0.5052597708222523,144.4862433750431,16.84653459298524,56.47645925816859,0.29829303774118254,170,51.17647058823529,4,20.647058823529413
1.0,14,0.1,5,3,0.8,0.5047399822399606,118.70060718001018,14.578820146909631,53.69528472689742,0.27151024938334495,322,44.409937888198755,2,15.509316770186336
2.0,30,0.28,3,3,0,0.5047340167805332,143.23082911174788,16.72934164763211,61.46989716448803,0.2721550290358526,188,51.06382978723404,4,21.920212765957448
2.0,30,0.28,3,3,0.8,0.5047340167805332,143.23082911174788,16.72934164763211,61.46989716448803,0.2721550290358526,188,51.06382978723404,4,21.920212765957448
2.0,30,0.18,3,3,0,0.504556393363641,141.8889975200263,16.61701493075247,60.217777878202824,0.27594865696243787,189,49.735449735449734,3,20.767195767195766
2.0,30,0.18,3,3,0.8,0.504556393363641,141.8889975200263,16.61701493075247,60.217777878202824,0.27594865696243787,189,49.735449735449734,3,20.767195767195766
2.0,21,0.25,8,1,0.8,0.5039398561925535,143.90806965969279,16.798364636226594,55.05456087655315,0.3051221255563723,233,51.072961373390555,4,22.412017167381975
2.5,21,0.1,3,3,0,0.5033801395726056,136.95476091558717,16.444084410275938,70.99891150490278,0.23161037347932306,83,44.57831325301205,4,16.06024096385542
2.5,21,0.15,3,3,0,0.5022457221749119,140.65091764831692,16.762579386837253,72.7635021975148,0.23037070620014452,83,46.98795180722892,4,18.91566265060241
2.0,21,0.25,5,1,0.8,0.5008737804561999,141.40382880119503,16.588631254600728,54.01141160174028,0.307131970127332,217,50.69124423963134,4,21.981566820276498
0.5,30,0.25,5,1,0,0.500638034767122,119.87818505250858,14.696729911980476,65.67776193925717,0.2237702607097501,285,48.421052631578945,3,24.2
0.5,30,0.25,5,1,0.8,0.500638034767122,119.87818505250858,14.696729911980476,65.67776193925717,0.2237702607097501,285,48.421052631578945,3,24.2
2.0,21,0.1,5,1,0,0.5004593820647887,137.11919677534277,16.213515319798177,48.35758279990864,0.3352838248116241,259,41.312741312741316,3,15.544401544401545
0.5,10,0.28,5,1,0,0.4999429569382117,125.06489694144682,15.15184890083332,75.52437133012941,0.20062197981896604,309,49.19093851132686,3,22.702265372168284
1.0,30,0.35,5,1,0,0.4991291782911689,121.8982286590868,14.879422069887482,56.967255136716545,0.26119254006846815,303,45.54455445544555,3,23.155115511551156
1.0,30,0.35,5,1,0.8,0.4991291782911689,121.8982286590868,14.879422069887482,56.967255136716545,0.26119254006846815,303,45.54455445544555,3,23.155115511551156
1.0,10,0.1,3,3,0,0.4988448021303089,123.14826047143188,14.980702440625326,48.653685536002364,0.307904782044518,203,45.812807881773395,2,15.48768472906404
0.5,10,0.3,5,1,0,0.49760611968608703,124.00389516671237,15.057255972430085,76.08001217615156,0.19791342747905094,307,49.185667752442995,4,22.882736156351793
2.0,21,0.18,3,3,0.8,0.4968630638523653,138.8480344910782,16.372719293980897,54.73188820117938,0.2991440608407165,170,50.588235294117645,3,20.08235294117647
0.5,30,0.3,3,1,0,0.4967446801946903,125.11996665809686,15.167972421774966,54.747577584899055,0.2770528503887399,180,45.55555555555556,2,23.355555555555554
0.5,30,0.3,3,1,0.8,0.4967446801946903,125.11996665809686,15.167972421774966,54.747577584899055,0.2770528503887399,180,45.55555555555556,2,23.355555555555554
2.0,30,0.2,5,3,0,0.4960577598362333,132.72981825147596,15.83622988401665,60.83658746103517,0.2603076626242307,300,48.0,4,21.89666666666667
2.0,21,0.28,5,3,0.8,0.4955641606243607,138.38381321350838,16.333297591198146,55.93929586538046,0.2919825381875507,220,50.0,4,22.20909090909091
0.5,10,0.28,5,1,0.8,0.4953402513998602,122.64774815393558,14.935809186378446,75.52437133012941,0.19776145002374895,308,49.02597402597403,3,22.63961038961039
1.0,30,0.15,8,3,0,0.49458050942057674,108.75807563659636,13.66546356401872,38.405888814880505,0.3558168808405232,462,43.93939393939394,2,21.1017316017316
1.0,30,0.15,8,3,0.8,0.49458050942057674,108.75807563659636,13.66546356401872,38.405888814880505,0.3558168808405232,462,43.93939393939394,2,21.1017316017316
2.0,30,0.3,3,3,0,0.49456385163828087,137.0668363779282,16.209048849554296,64.60704562696115,0.2508867058113876,188,51.06382978723404,4,22.069148936170212
2.0,30,0.3,3,3,0.8,0.49456385163828087,137.0668363779282,16.209048849554296,64.60704562696115,0.2508867058113876,188,51.06382978723404,4,22.069148936170212
0.5,14,0.35,8,1,0,0.49351755301438066,118.54112930911296,14.564285054854075,67.09615647074736,0.21706586220335625,451,49.889135254988915,4,25.110864745011085
1.0,14,0.1,5,3,0,0.4932155959082066,113.8969922534565,14.137117526922992,53.69528472689742,0.2632841523948811,325,44.30769230769231,1,15.526153846153846
0.5,14,0.3,8,3,0,0.49320094058393427,117.52710183071098,14.471659284099081,66.25954179837345,0.21840868335818064,462,49.78354978354979,3,24.40909090909091
0.5,10,0.3,5,1,0.8,0.49300374576483874,121.59814131101069,14.84139372650426,76.08001217615156,0.1950761218615646,306,49.01960784313725,4,22.820261437908496
0.5,10,0.35,3,3,0,0.49249477947421005,125.14827555675478,15.159266844659225,64.07449572121594,0.23658815686378917,192,47.91666666666667,3,22.25
0.5,10,0.35,3,3,0.8,0.49249477947421005,125.14827555675478,15.159266844659225,64.07449572121594,0.23658815686378917,192,47.91666666666667,3,22.25
2.0,21,0.18,8,3,0.8,0.4901805623045254,134.6633527897868,16.015044584651108,59.35845055202124,0.26980226801263385,245,48.57142857142857,4,20.82857142857143
2.0,21,0.15,5,1,0,0.49000231052791415,133.3617831064064,15.89091017136437,56.07866216929328,0.2833682109496841,253,46.24505928853755,4,19.383399209486164
0.5,10,0.28,3,3,0,0.48972783734148334,123.20019998601792,14.98535636953331,63.21190712981676,0.23706540507879706,193,48.18652849740933,2,21.901554404145077
0.5,10,0.28,3,3,0.8,0.48972783734148334,123.20019998601792,14.98535636953331,63.21190712981676,0.23706540507879706,193,48.18652849740933,2,21.901554404145077
1.0,30,0.3,5,1,0,0.4889526371687718,117.1769032354927,14.45024792297298,56.11821182223395,0.25749658539988995,303,45.54455445544555,3,23.02970297029703
1.0,30,0.3,5,1,0.8,0.4889526371687718,117.1769032354927,14.45024792297298,56.11821182223395,0.25749658539988995,303,45.54455445544555,3,23.02970297029703
2.5,30,0.15,8,3,0.8,0.48870212712390565,134.80726394485032,16.051307573893723,65.25652516012416,0.24597245309197194,242,45.45454545454545,2,18.541322314049587
2.0,21,0.15,8,1,0,0.48865175380383263,132.43263591258426,15.810473997409048,54.74818831097401,0.28878533674218243,300,44.666666666666664,4,19.623333333333335
1.0,30,0.28,5,1,0,0.48789943051894596,116.3123585450748,14.37082650036694,54.73808330855686,0.26253799241305253,304,45.39473684210527,2,22.799342105263158
1.0,30,0.28,5,1,0.8,0.48789943051894596,116.3123585450748,14.37082650036694,54.73808330855686,0.26253799241305253,304,45.39473684210527,2,22.799342105263158
0.5,14,0.35,8,1,0.8,0.4874898178588113,115.80596065974846,14.313622887052802,67.09615647074736,0.21332999742382064,449,49.88864142538976,4,25.035634743875278
2.0,30,0.15,8,3,0,0.4867747083392852,125.46757936887221,15.19890161246611,47.08743807801456,0.3227803896929908,453,45.253863134657834,3,20.520971302428258
2.0,21,0.1,5,3,0,0.4862771818574647,129.20104168378012,15.52863100003914,50.123271784223874,0.30980880631433005,262,40.458015267175576,4,15.435114503816793
2.5,30,0.15,3,3,0.8,0.48475438809698573,134.27255243811982,16.005175883746393,74.26055189790407,0.21552729510751353,155,46.45161290322581,3,18.593548387096774
1.0,30,0.18,5,3,0,0.48289813593611075,113.33052576843512,14.094873316594425,49.52253014395144,0.28461537154147076,309,42.71844660194174,3,21.01294498381877
1.0,30,0.18,5,3,0.8,0.48289813593611075,113.33052576843512,14.094873316594425,49.52253014395144,0.28461537154147076,309,42.71844660194174,3,21.01294498381877
0.5,10,0.3,3,3,0,0.48143877134963475,119.30074048562255,14.633438995826985,64.95899766056115,0.2252719334170307,192,47.91666666666667,2,22.098958333333332
0.5,10,0.3,3,3,0.8,0.48143877134963475,119.30074048562255,14.633438995826985,64.95899766056115,0.2252719334170307,192,47.91666666666667,2,22.098958333333332
2.0,21,0.35,8,3,0.8,0.48059218563867534,129.3638235098593,15.554442887062535,53.283229541016155,0.2919200472840915,238,50.84033613445378,3,22.962184873949578
1.0,10,0.15,3,3,0.8,0.47998542410617767,118.98862157558906,14.60504811204446,56.89598435028649,0.25669734479197776,200,51.0,3,18.235
1.0,10,0.15,3,3,0,0.477113451609234,117.44245757807816,14.463911383385897,56.89598435028649,0.2542167351273371,201,50.74626865671642,3,18.248756218905474
2.0,30,0.2,5,3,0.8,0.47679585286100024,122.25756365346192,14.911776193773264,62.179922254932215,0.23981657829413633,295,47.79661016949153,4,21.85084745762712
0.5,14,0.3,8,3,0.8,0.4766656530335411,110.41218368424539,13.811524469143954,66.25954179837345,0.20844581918740349,460,49.78260869565217,3,24.332608695652173
2.5,30,0.15,5,3,0.8,0.4749838451621415,126.48641351620802,15.32338625273848,66.30616464470639,0.2311004766275806,207,46.3768115942029,2,18.734299516908212
1.0,10,0.15,3,1,0.8,0.47372240356884354,115.33777082904186,14.270453270217542,56.62024865183221,0.2520379830538903,199,51.256281407035175,3,18.311557788944725
1.0,10,0.1,3,1,0.8,0.4712627871251536,109.83536243577139,13.757201804797825,49.41776074225314,0.2783857786788618,202,46.03960396039604,2,15.415841584158416
1.0,21,0.1,8,1,0,0.4709398963675481,94.86585412007366,12.302345095677513,34.242687322810795,0.35926926469589016,507,42.60355029585799,3,16.03353057199211
1.0,21,0.1,8,1,0.8,0.4709398963675481,94.86585412007366,12.302345095677513,34.242687322810795,0.35926926469589016,507,42.60355029585799,3,16.03353057199211
1.0,10,0.15,3,1,0,0.4708157532929214,113.8173835771168,14.129728596893166,56.62024865183221,0.24955257056144933,200,51.0,3,18.325
1.0,30,0.22,5,3,0,0.47081345348740866,109.08289513896364,13.696223145425158,49.37307252790399,0.27740269025559455,304,44.07894736842105,2,22.06578947368421
1.0,30,0.22,5,3,0.8,0.47081345348740866,109.08289513896364,13.696223145425158,49.37307252790399,0.27740269025559455,304,44.07894736842105,2,22.06578947368421
1.0,30,0.22,5,1,0,0.4705956089810209,107.98082789339007,13.591699391834865,52.682338641399,0.2579934707217837,305,44.59016393442623,2,22.03934426229508
1.0,30,0.22,5,1,0.8,0.4705956089810209,107.98082789339007,13.591699391834865,52.682338641399,0.2579934707217837,305,44.59016393442623,2,22.03934426229508
0.5,10,0.25,5,3,0,0.470354981775732,109.92978113549678,13.766102208191588,72.77666126151856,0.18915545134344552,310,49.354838709677416,3,22.39677419354839
1.0,30,0.25,5,1,0,0.4701360353854013,108.20414790629458,13.612916706440913,54.49886214292723,0.24978350319938883,305,44.91803278688525,2,22.42622950819672
1.0,30,0.25,5,1,0.8,0.4701360353854013,108.20414790629458,13.612916706440913,54.49886214292723,0.24978350319938883,305,44.91803278688525,2,22.42622950819672
1.0,21,0.15,3,3,0,0.4688604043636316,112.53757082535915,14.010628899763123,50.489726483442354,0.2774946484282853,193,50.77720207253886,2,18.927461139896373
1.0,21,0.15,3,3,0.8,0.4688604043636316,112.53757082535915,14.010628899763123,50.489726483442354,0.2774946484282853,193,50.77720207253886,2,18.927461139896373
1.0,10,0.1,5,3,0.8,0.4684571229018198,102.755768770885,13.08022055378637,45.37075972626462,0.2882962646581908,310,46.45161290322581,2,16.070967741935483
2.0,21,0.35,5,3,0.8,0.46721696101076343,120.99475130324417,14.808831359076224,54.29107341387498,0.2727673340732214,219,49.77168949771689,3,22.461187214611872
2.0,21,0.2,8,3,0.8,0.4671196960941738,121.1325323525032,14.821293798419655,60.47372378674572,0.24508650816155128,241,48.96265560165975,4,21.543568464730292
1.0,10,0.1,5,1,0,0.4669931181458322,101.10834356059793,12.919890998005346,43.87648430773089,0.2944604883880567,320,45.3125,3,16.028125
0.5,14,0.28,8,1,0,0.46587655239978726,106.30223641830116,13.421748145187262,66.93167480607696,0.20052909454416723,456,49.122807017543856,4,24.49780701754386
0.5,10,0.25,5,3,0.8,0.46560196865777376,107.67517958872214,13.552662270304916,72.77666126151856,0.18622264384462817,309,49.19093851132686,4,22.333333333333332
0.5,21,0.1,8,1,0,0.46287716821588915,87.27871317502073,11.52938049013661,32.58976142738062,0.35377308655135115,499,43.28657314629258,2,16.74549098196393
0.5,21,0.1,8,1,0.8,0.46287716821588915,87.27871317502073,11.52938049013661,32.58976142738062,0.35377308655135115,499,43.28657314629258,2,16.74549098196393
2.0,21,0.25,8,3,0.8,0.462359976104481,118.2930117619961,14.563150083021403,57.72058796591231,0.25230425739290585,239,50.2092050209205,4,22.368200836820083
0.5,30,0.35,3,3,0,0.4622965833683384,109.25909189183838,13.7128920215021,55.50786995519324,0.2470441044228745,181,45.85635359116022,2,23.337016574585636
0.5,30,0.35,3,3,0.8,0.4622965833683384,109.25909189183838,13.7128920215021,55.50786995519324,0.2470441044228745,181,45.85635359116022,2,23.337016574585636
1.0,10,0.1,3,1,0,0.46145914557509776,105.4193912914597,13.337185599210532,49.41776074225314,0.2698864820843042,203,45.812807881773395,2,15.438423645320198
0.5,14,0.28,8,1,0.8,0.4597396309030736,103.71954127764273,13.173517852703798,66.93167480607696,0.19682038273914115,454,49.118942731277535,4,24.420704845814978
2.0,21,0.1,8,1,0,0.45917905615911914,114.76663259858613,14.228172568086016,48.706039394561564,0.29212337412256745,312,40.705128205128204,3,15.583333333333334
2.0,30,0.15,8,3,0.8,0.45910256339815,112.39437481745153,14.007580311466828,48.178074311657795,0.29074595677804765,426,44.13145539906103,3,20.347417840375588
2.0,21,0.18,5,3,0.8,0.4573677649209056,115.25492997916975,14.283865804956175,60.38468857860684,0.23654780940638453,223,47.98206278026906,4,20.659192825112108
0.5,14,0.35,8,3,0,0.45727338922570104,102.81908042500547,13.086360622576754,68.3602702737978,0.1914322540002113,460,49.78260869565217,3,24.61521739130435
1.0,30,0.25,5,3,0,0.45646790040145285,103.47531240875382,13.159564367354415,52.11253948735137,0.25252203206386575,304,44.40789473684211,2,22.470394736842106
1.0,30,0.25,5,3,0.8,0.45646790040145285,103.47531240875382,13.159564367354415,52.11253948735137,0.25252203206386575,304,44.40789473684211,2,22.470394736842106
2.0,21,0.22,3,1,0.8,0.4563897518526683,114.51053554266718,14.21493902848827,55.34245642584866,0.25685413959776704,168,51.78571428571429,4,20.898809523809526
2.0,21,0.15,8,3,0,0.4554467567296301,113.85043964380104,14.14321700998611,56.186575804560036,0.2517187923888087,306,43.4640522875817,4,19.715686274509803
1.0,21,0.15,3,1,0,0.4549212842207665,106.12226033660271,13.404533586445,51.984162388391,0.2578580277257381,193,50.77720207253886,2,18.922279792746114
1.0,21,0.15,3,1,0.8,0.4549212842207665,106.12226033660271,13.404533586445,51.984162388391,0.2578580277257381,193,50.77720207253886,2,18.922279792746114
2.5,30,0.15,3,1,0,0.4536268542511043,111.89062283829972,13.981075599660308,73.55185073646267,0.19008462002886511,176,46.590909090909086,4,18.59659090909091
0.5,30,0.3,3,3,0,0.4524251804594034,104.75112474002968,13.282726317938032,56.46634233955999,0.23523263182273152,181,45.85635359116022,2,23.226519337016576
0.5,30,0.3,3,3,0.8,0.4524251804594034,104.75112474002968,13.282726317938032,56.46634233955999,0.23523263182273152,181,45.85635359116022,2,23.226519337016576
2.0,30,0.15,8,1,0,0.4503818421294066,107.73436200427217,13.568261165665273,46.49443998862608,0.29182545631229184,453,45.6953642384106,3,20.37748344370861
0.5,10,0.15,3,1,0,0.44951472568017553,101.4933378876618,12.957456025211389,63.23677380738635,0.20490381221342285,202,45.04950495049505,3,18.599009900990097
0.5,10,0.15,3,1,0.8,0.44951472568017553,101.4933378876618,12.957456025211389,63.23677380738635,0.20490381221342285,202,45.04950495049505,3,18.599009900990097
2.0,21,0.2,5,3,0.8,0.44941139802293284,110.88068355473841,13.875977338458977,61.2274109759814,0.2266301500793871,222,48.1981981981982,4,21.166666666666668
0.5,10,0.25,5,1,0,0.4492129353670801,100.90444359594714,12.899971810771117,75.20042586003255,0.1715412068913187,311,49.19614147909968,5,22.29903536977492
0.5,30,0.28,3,1,0,0.44906822464797325,102.8656937469674,13.100488816303258,58.28026670193383,0.22478429763034288,181,45.30386740331492,3,23.099447513812155
0.5,30,0.28,3,1,0.8,0.44906822464797325,102.8656937469674,13.100488816303258,58.28026670193383,0.22478429763034288,181,45.30386740331492,3,23.099447513812155
2.0,21,0.22,8,1,0.8,0.44758919984201523,109.96081446079555,13.789313688733085,58.738500848008655,0.23475767153837002,233,50.64377682403433,4,22.01716738197425
2.0,30,0.2,3,3,0,0.4447586712240973,108.47589322431763,13.638709501667634,66.06028278240356,0.20645853949175905,189,49.735449735449734,3,21.06878306878307
2.0,30,0.2,3,3,0.8,0.4447586712240973,108.47589322431763,13.638709501667634,66.06028278240356,0.20645853949175905,189,49.735449735449734,3,21.06878306878307
0.5,10,0.25,5,1,0.8,0.4444431436836551,98.74677292196137,12.688156909974113,75.20042586003255,0.1687245353316224,310,49.03225806451613,5,22.23548387096774
2.0,21,0.25,5,3,0.8,0.44423269425905787,107.84092747858772,13.588392394996074,57.69749883719798,0.23551094360845226,220,49.09090909090909,4,21.95909090909091
1.0,14,0.15,8,3,0,0.4437004521926447,96.85906031698418,12.501279608115023,49.17235530525141,0.25423389891555465,476,46.42857142857143,3,20.233193277310924
1.0,21,0.1,3,3,0,0.44333318397823746,97.1533296601273,12.530508425621377,40.32215163589278,0.3107599152637316,198,43.93939393939394,2,15.247474747474747
1.0,21,0.1,3,3,0.8,0.44333318397823746,97.1533296601273,12.530508425621377,40.32215163589278,0.3107599152637316,198,43.93939393939394,2,15.247474747474747
1.0,10,0.15,5,3,0.8,0.44208310107209087,96.91162965650665,12.506503796546786,50.48841458410863,0.2477103687958394,304,49.67105263157895,3,19.226973684210527
0.5,14,0.35,8,3,0.8,0.4406702274502656,96.18523506219448,12.434214543709654,68.3602702737978,0.18189241344289472,458,49.78165938864629,3,24.53930131004367
2.0,21,0.15,3,1,0,0.43919726367645356,105.28696677515616,13.33426546951879,58.83857820852953,0.22662453572995733,182,46.7032967032967,4,19.054945054945055
0.5,10,0.25,3,1,0,0.4391626298302885,99.0856489749637,12.721549151754097,67.94287525325682,0.18723889891816572,195,48.717948717948715,4,21.46153846153846
0.5,10,0.25,3,1,0.8,0.4391626298302885,99.0856489749637,12.721549151754097,67.94287525325682,0.18723889891816572,195,48.717948717948715,4,21.46153846153846
1.0,10,0.15,5,1,0,0.43655451796655914,94.45728023014817,12.261359403664972,47.78570456596316,0.256590532985434,312,48.717948717948715,3,19.358974358974358
2.0,30,0.15,8,1,0.8,0.4356873537978732,101.37033284293517,12.954956353739844,46.15436681629806,0.2806875545558385,422,44.54976303317535,3,20.26303317535545
1.5,30,0.1,8,3,0,0.43451475950171603,85.558316908466,11.358787550044669,37.65349245839716,0.3016662415204869,501,41.51696606786427,3,15.94810379241517
1.5,30,0.1,8,3,0.8,0.43451475950171603,85.558316908466,11.358787550044669,37.65349245839716,0.3016662415204869,501,41.51696606786427,3,15.94810379241517
0.5,14,0.28,8,3,0,0.433267312377934,92.97911493746308,12.112481924150643,67.2571432123019,0.1800921262135197,464,49.137931034482754,3,24.010775862068964
2.0,21,0.15,5,3,0,0.43202306992611644,101.74336850290699,12.991344516190928,60.690510559224485,0.21405890964640015,256,44.53125,4,19.26953125
2.0,21,0.22,5,1,0.8,0.4319993473845123,101.35176284563201,12.96265182990426,58.51656894868903,0.221521050580917,217,50.23041474654379,4,21.682027649769584
1.0,14,0.15,8,3,0.8,0.43186201149891273,92.14707482221726,12.028265879612032,49.97861678807738,0.24066824279301438,469,46.481876332622605,3,20.136460554371002
2.0,21,0.1,8,3,0,0.4302687582751696,100.57578556222451,12.877265419969074,49.2797148583326,0.26130965767533626,319,39.49843260188088,3,15.501567398119123
2.0,21,0.22,3,3,0.8,0.42704471207501943,98.4469557450177,12.67713546772853,55.84957171324809,0.2269871563710019,169,51.4792899408284,4,20.893491124260354
0.5,10,0.18,3,1,0,0.4250357655687798,92.21543417828997,12.035196309040796,65.1041731164171,0.18486059699306617,198,46.464646464646464,4,19.883838383838384
0.5,10,0.18,3,1,0.8,0.4250357655687798,92.21543417828997,12.035196309040796,65.1041731164171,0.18486059699306617,198,46.464646464646464,4,19.883838383838384
2.5,30,0.15,5,1,0.8,0.42420363872956285,95.92247423931096,12.444411881089401,66.35717107192777,0.18753680544338303,205,46.82926829268293,2,18.619512195121953
2.0,21,0.15,3,3,0,0.42121952137169666,96.04867341445949,12.429689588044269,58.109141015527065,0.21390248368536355,183,46.994535519125684,4,18.868852459016395
1.0,21,0.1,3,1,0,0.41895312176741384,87.95695555003122,11.599521053059636,43.10587241092618,0.26909375461612206,198,43.93939393939394,2,15.247474747474747
1.0,21,0.1,3,1,0.8,0.41895312176741384,87.95695555003122,11.599521053059636,43.10587241092618,0.26909375461612206,198,43.93939393939394,2,15.247474747474747
0.5,10,0.15,3,3,0,0.41790799657846905,88.64342258045784,11.67029958938459,65.17978854679485,0.17904782831576807,202,44.554455445544555,3,18.599009900990097
0.5,10,0.15,3,3,0.8,0.41790799657846905,88.64342258045784,11.67029958938459,65.17978854679485,0.17904782831576807,202,44.554455445544555,3,18.599009900990097
0.5,14,0.28,8,3,0.8,0.41638201058900726,86.6671624943747,11.465956725162684,67.2571432123019,0.17047938966080656,462,49.134199134199136,3,23.932900432900432
2.0,30,0.25,3,1,0,0.4146852020945597,82.31516261034164,11.017594103801764,69.76864223342652,0.1579161318195064,189,51.32275132275132,4,21.571428571428573
2.0,30,0.25,3,1,0.8,0.4146852020945597,82.31516261034164,11.017594103801764,69.76864223342652,0.1579161318195064,189,51.32275132275132,4,21.571428571428573
2.0,30,0.22,3,1,0,0.4129259373083407,81.6199671453701,10.943804887809305,68.58724594242017,0.15956034882923809,190,51.578947368421055,3,21.242105263157896
2.0,30,0.22,3,1,0.8,0.4129259373083407,81.6199671453701,10.943804887809305,68.58724594242017,0.15956034882923809,190,51.578947368421055,3,21.242105263157896
2.5,30,0.15,8,1,0.8,0.4125639299877467,90.06307621369487,11.85057582348743,69.33127322633035,0.170926845448251,238,45.378151260504204,3,18.57563025210084
0.5,14,0.25,8,1,0,0.4102080488845037,84.36928084231936,11.226099196968553,68.48803553774826,0.16391328950851733,460,48.91304347826087,4,23.906521739130437
2.0,30,0.1,8,1,0.8,0.4100135148815435,89.11449776612143,11.727297114497626,39.44307632732382,0.2973220703470751,448,40.625,4,15.765625
0.5,10,0.25,3,3,0,0.4092818249880054,86.31647214952787,11.42950924181989,69.63728542467051,0.16412916115438844,195,48.205128205128204,4,21.46153846153846
0.5,10,0.25,3,3,0.8,0.4092818249880054,86.31647214952787,11.42950924181989,69.63728542467051,0.16412916115438844,195,48.205128205128204,4,21.46153846153846
2.0,30,0.1,8,3,0.8,0.4067413423262111,88.0957523175257,11.622318603515058,44.096779858871976,0.26356388472607994,452,40.26548672566372,4,15.754424778761061
2.0,21,0.22,8,3,0.8,0.4064383740402065,88.49241483509965,11.671762514919305,61.245780054508515,0.19057251788664425,239,49.7907949790795,4,22.03765690376569
1.0,14,0.15,5,3,0.8,0.40494050028113593,82.72697417057152,11.053154122562137,57.11869916328959,0.1935120071793589,313,48.56230031948881,2,19.121405750798722
0.5,30,0.28,3,3,0,0.404894415546285,84.510417189883,11.24908645678171,59.86485385417081,0.1879080250355941,182,45.604395604395606,3,22.97252747252747
0.5,30,0.28,3,3,0.8,0.404894415546285,84.510417189883,11.24908645678171,59.86485385417081,0.1879080250355941,182,45.604395604395606,3,22.97252747252747
0.5,14,0.25,8,1,0.8,0.403868741531584,82.0609136434312,10.98264766137591,68.48803553774826,0.16035863162293,458,48.90829694323144,4,23.82751091703057
2.0,30,0.18,3,1,0,0.40319677281404337,77.41305718760431,10.492231466713653,67.54024968439086,0.15534783356210335,190,50.0,3,20.594736842105263
2.0,30,0.18,3,1,0.8,0.40319677281404337,77.41305718760431,10.492231466713653,67.54024968439086,0.15534783356210335,190,50.0,3,20.594736842105263
2.0,30,0.28,3,1,0,0.40212114424296486,75.93771491979727,10.331771224223418,68.99532617707786,0.14974595812050698,189,51.32275132275132,4,21.6984126984127
2.0,30,0.28,3,1,0.8,0.40212114424296486,75.93771491979727,10.331771224223418,68.99532617707786,0.14974595812050698,189,51.32275132275132,4,21.6984126984127
1.5,30,0.1,8,1,0,0.3996419058253175,75.1546836450795,10.246155721803273,37.696777930565666,0.2718045489372021,502,42.03187250996016,3,15.864541832669323
1.5,30,0.1,8,1,0.8,0.3996419058253175,75.1546836450795,10.246155721803273,37.696777930565666,0.2718045489372021,502,42.03187250996016,3,15.864541832669323
1.5,30,0.1,3,1,0,0.399617668630795,80.5010558302951,10.82455037517327,38.43463589704829,0.281635304264833,196,45.40816326530612,3,15.91326530612245
1.5,30,0.1,3,1,0.8,0.399617668630795,80.5010558302951,10.82455037517327,38.43463589704829,0.281635304264833,196,45.40816326530612,3,15.91326530612245
2.0,30,0.35,3,1,0,0.3987143941552347,73.80219423994497,10.097529032272545,71.55587133134036,0.14111391342739452,189,51.32275132275132,4,21.962962962962962
2.0,30,0.35,3,1,0.8,0.3987143941552347,73.80219423994497,10.097529032272545,71.55587133134036,0.14111391342739452,189,51.32275132275132,4,21.962962962962962
2.0,21,0.1,3,1,0,0.39804391346451984,85.66961989741388,11.370409401446423,47.70915185140364,0.23832763652686687,184,42.391304347826086,3,15.554347826086957
0.5,10,0.22,5,3,0,0.3978766699965619,79.40007892276118,10.698838996719907,75.37453582134181,0.14194235334435848,313,48.242811501597444,3,21.814696485623003
0.5,30,0.2,5,3,0,0.39746652367811053,79.10297512057109,10.674680613806299,61.753512907929554,0.17285948784357497,291,47.07903780068728,2,22.762886597938145
0.5,30,0.2,5,3,0.8,0.39746652367811053,79.10297512057109,10.674680613806299,61.753512907929554,0.17285948784357497,291,47.07903780068728,2,22.762886597938145
1.0,14,0.1,5,1,0.8,0.39685803912278456,77.68248859686612,10.513785945993526,54.38706975868245,0.19331407249266425,322,44.409937888198755,2,15.419254658385093
0.5,14,0.25,8,3,0,0.3968399840304695,79.42926518454534,10.701970853428477,67.33550333800797,0.15893503906411996,467,48.82226980728051,3,23.554603854389722
2.0,30,0.1,8,3,0,0.39493432729056677,83.33771338856741,11.125708167180882,43.265250928644626,0.2571511300264962,481,41.37214137214137,4,15.869022869022869
0.5,10,0.18,3,3,0,0.39403385077585623,79.89050660765345,10.751408966646503,66.94853606564757,0.16059214433164035,198,45.95959595959596,4,19.883838383838384
0.5,10,0.18,3,3,0.8,0.39403385077585623,79.89050660765345,10.751408966646503,66.94853606564757,0.16059214433164035,198,45.95959595959596,4,19.883838383838384
0.5,10,0.18,5,3,0,0.39360359037876164,77.60100006416941,10.504969718962753,74.89565027224836,0.14026141278935178,316,46.51898734177215,3,20.787974683544302
1.0,14,0.15,5,3,0,0.3932142081759562,78.26294331316502,10.57648876819699,57.11869916328959,0.18516683543442006,316,48.41772151898734,2,19.139240506329113
2.0,30,0.3,3,1,0,0.3931965018320526,71.47907453966575,9.83999404843483,71.51974884026929,0.13758429256248184,189,51.32275132275132,4,21.84656084656085
2.0,30,0.3,3,1,0.8,0.3931965018320526,71.47907453966575,9.83999404843483,71.51974884026929,0.13758429256248184,189,51.32275132275132,4,21.84656084656085
0.5,10,0.22,5,3,0.8,0.39288330889729384,77.4733599349026,10.491153641759343,75.37453582134181,0.13918697511618824,312,48.07692307692308,3,21.75
1.0,14,0.15,8,1,0,0.39274981132148584,77.98509932066499,10.546496131076788,47.42990452109107,0.22235963233674624,473,45.87737843551797,3,20.20507399577167
1.0,10,0.1,5,1,0.8,0.3890526687057218,74.86042635213228,10.206503320198168,44.3919555059846,0.22991785795113717,308,45.45454545454545,4,16.022727272727273
0.5,10,0.18,5,3,0.8,0.3885041013791444,75.69195461648047,10.297468138365474,74.89565027224836,0.13749087031000878,315,46.34920634920635,3,20.72063492063492
2.0,30,0.1,8,1,0,0.38527618003429254,79.5921266973887,10.727225639343718,40.18187866547397,0.26696675206878817,481,41.78794178794179,4,15.885654885654885
1.0,14,0.1,5,1,0,0.3852163163800169,73.77980965410212,10.087754077848965,54.38706975868245,0.1854807424376552,325,44.30769230769231,2,15.436923076923076
2.5,30,0.1,3,3,0.8,0.3832867606323825,82.11151423951513,11.020045811817901,74.40953539633604,0.14809991425320113,157,39.490445859872615,3,14.757961783439491
2.0,21,0.15,8,1,0.8,0.3822631434293501,77.6794587121241,10.528729074728172,62.29113686218072,0.1690245130382354,243,46.50205761316872,4,19.160493827160494
2.0,21,0.1,3,3,0,0.3818747195471738,78.52227288111217,10.612147041241782,48.5237184408256,0.21870020233884663,185,42.7027027027027,3,15.378378378378379
1.0,14,0.15,3,1,0.8,0.3801028676082401,74.85623204085591,10.206043579653157,53.93471958597675,0.18922956600124366,194,47.93814432989691,2,18.90721649484536
1.0,14,0.15,3,3,0.8,0.3801028676082401,74.85623204085591,10.206043579653157,53.93471958597675,0.18922956600124366,194,47.93814432989691,2,18.90721649484536
0.5,14,0.25,8,3,0.8,0.3795920613258138,73.56050791365122,10.063580528853322,67.33550333800797,0.149454300183019,465,48.817204301075265,3,23.475268817204302
2.0,30,0.15,3,3,0,0.3776235731344613,76.83977050520727,10.43001142214688,70.0705699562456,0.14885010110035818,192,45.83333333333333,4,19.223958333333332
2.0,30,0.15,3,3,0.8,0.3776235731344613,76.83977050520727,10.43001142214688,70.0705699562456,0.14885010110035818,192,45.83333333333333,4,19.223958333333332
0.5,10,0.18,5,1,0,0.37522765029864,70.87990980459699,9.766041137414017,77.04056069507128,0.12676492810155268,317,46.37223974763407,3,20.63722397476341
0.5,10,0.22,5,1,0,0.3748433209220157,70.79508796489623,9.756563373246818,77.32358791920055,0.1261783581931294,314,48.089171974522294,4,21.668789808917197
1.5,30,0.1,3,3,0,0.37442225751307456,71.99647157521493,9.897599657815647,38.43463589704828,0.2575177161643352,195,45.64102564102564,3,15.984615384615385
1.5,30,0.1,3,3,0.8,0.37442225751307456,71.99647157521493,9.897599657815647,38.43463589704828,0.2575177161643352,195,45.64102564102564,3,15.984615384615385
2.0,21,0.22,5,3,0.8,0.37397897637149385,73.13698059402891,10.031341026851969,61.87995990923385,0.1621096885254296,220,48.63636363636364,4,21.654545454545456
0.5,10,0.2,5,3,0,0.37386061371735857,70.43037103944219,9.715766527982893,75.28003148781654,0.12906166928948895,314,47.452229299363054,3,21.31528662420382
1.0,30,0.15,5,1,0,0.3715370597562989,70.15494461246958,9.691912404272207,54.064831856963956,0.17926463601909484,314,41.40127388535032,2,19.735668789808916
1.0,30,0.15,5,1,0.8,0.3715370597562989,70.15494461246958,9.691912404272207,54.064831856963956,0.17926463601909484,314,41.40127388535032,2,19.735668789808916
1.0,30,0.15,5,3,0,0.3710889911902166,70.26617565063135,9.704388272772979,50.87298196590311,0.190757213313684,312,41.34615384615385,3,19.743589743589745
1.0,30,0.15,5,3,0.8,0.3710889911902166,70.26617565063135,9.704388272772979,50.87298196590311,0.190757213313684,312,41.34615384615385,3,19.743589743589745
0.5,30,0.2,5,1,0,0.3706986882579549,70.32184873586847,9.710630136015585,61.238725641186356,0.1585700883606347,289,46.36678200692042,2,22.899653979238753
0.5,30,0.2,5,1,0.8,0.3706986882579549,70.32184873586847,9.710630136015585,61.238725641186356,0.1585700883606347,289,46.36678200692042,2,22.899653979238753
0.5,14,0.22,8,1,0,0.3706204105602085,70.26957465758102,9.697757105491966,65.22991811783564,0.14867038600252871,464,48.060344827586206,4,23.13146551724138
2.0,21,0.1,8,1,0.8,0.37021870972115906,73.95446872482194,10.121642514439344,51.14314604100699,0.19790809322374747,249,40.963855421686745,3,15.04417670682731
0.5,10,0.18,5,1,0.8,0.3700865722580498,69.04311040204364,9.559927151238568,77.04056069507128,0.12408953238381831,316,46.20253164556962,4,20.569620253164558
0.5,10,0.22,5,1,0.8,0.3698144923742282,68.96078531849074,9.5506459118883,77.32358791920055,0.12351529680526813,313,47.92332268370607,5,21.603833865814696
1.0,14,0.15,8,1,0.8,0.3693797752706898,70.03945634815994,9.671959072534353,49.069412074664854,0.19710770240771044,465,46.236559139784944,3,20.038709677419355
0.5,10,0.2,5,3,0.8,0.3687458755599084,68.59840317967094,9.509746879917325,75.28003148781654,0.12632495884989633,313,47.284345047923324,3,21.249201277955272
2.5,30,0.1,5,3,0.8,0.36839147261630634,73.9292907172853,10.13355869691579,70.0293122745496,0.14470452968590095,215,39.53488372093023,3,14.865116279069767
1.0,14,0.15,3,1,0,0.36724732524151993,69.95472764887519,9.66245306858442,53.93471958597675,0.17915089098000422,195,47.69230769230769,2,18.91794871794872
1.0,14,0.15,3,3,0,0.36724732524151993,69.95472764887519,9.66245306858442,53.93471958597675,0.17915089098000422,195,47.69230769230769,2,18.91794871794872
0.5,14,0.22,8,3,0,0.36717736279073304,69.11332639667117,9.56784027519435,65.02442284852027,0.1471422560332972,470,48.08510638297872,3,22.887234042553192
0.5,10,0.2,3,1,0,0.366421794736995,69.63975172894506,9.627080474423067,67.6935569124901,0.14221560977905684,198,46.96969696969697,4,20.166666666666668
0.5,10,0.2,3,1,0.8,0.366421794736995,69.63975172894506,9.627080474423067,67.6935569124901,0.14221560977905684,198,46.96969696969697,4,20.166666666666668
0.5,14,0.22,8,1,0.8,0.36397666293174596,68.12173469191937,9.455838578159103,65.22991811783564,0.1449616809433587,462,48.05194805194805,4,23.049783549783548
2.0,21,0.1,5,1,0.8,0.361253229381978,70.15092420237936,9.698473734212353,52.58194853095627,0.18444492844350618,227,40.52863436123348,3,15.198237885462555
0.5,14,0.3,5,1,0,0.3576073214411464,66.55146037363951,9.277352423697426,61.03662726520691,0.15199647882552406,307,48.20846905537459,2,22.964169381107492
0.5,30,0.18,5,3,0,0.35577046630260795,65.5218281989204,9.16616972435107,62.282393075120325,0.14717112287730383,295,45.76271186440678,4,22.016949152542374
0.5,30,0.18,5,3,0.8,0.35577046630260795,65.5218281989204,9.16616972435107,62.282393075120325,0.14717112287730383,295,45.76271186440678,4,22.016949152542374
2.0,21,0.1,5,3,0.8,0.35481979687433396,67.61045766305472,9.411458134834216,54.19971383159591,0.1736440558353608,230,40.0,3,15.191304347826087
2.0,21,0.1,8,3,0.8,0.35355400986681423,67.23311575204275,9.368521021731425,52.16166452878256,0.17960548434112794,255,40.3921568627451,3,15.066666666666666
0.5,10,0.15,5,3,0,0.35234264065470267,63.02400416224193,8.871276272911954,74.02570532902068,0.11984048289012521,322,44.72049689440994,3,19.220496894409937
0.5,10,0.2,5,1,0,0.3522555563231373,62.8016413587352,8.845435775799682,77.26721130153035,0.11447851717180439,315,47.3015873015873,3,21.17142857142857
0.5,14,0.35,5,1,0,0.35136232038870846,64.42471549270408,9.033385072497225,62.02877409032115,0.14563217160061168,306,48.36601307189542,2,23.169934640522875
0.5,14,0.22,8,3,0.8,0.3493559735328302,63.58198198296867,8.93599019557696,65.02442284852027,0.1374251366504872,468,48.07692307692308,3,22.805555555555557
2.0,21,0.15,8,3,0.8,0.3490187604811805,63.38509919319829,8.926030392744755,62.92284107028505,0.14185676045324058,249,45.78313253012048,4,19.188755020080322
0.5,10,0.15,5,1,0,0.3487969032759099,61.802657553651265,8.728984165075149,75.42979805481862,0.11572328695260933,323,44.58204334365325,3,19.11455108359133
0.5,30,0.15,8,3,0,0.3472538950314317,61.19349766561102,8.663913431010295,49.974577148483945,0.17336641799425667,452,44.690265486725664,3,21.52433628318584
0.5,30,0.15,8,3,0.8,0.3472538950314317,61.19349766561102,8.663913431010295,49.974577148483945,0.17336641799425667,452,44.690265486725664,3,21.52433628318584
0.5,10,0.2,5,1,0.8,0.3471050372028447,61.05167579564244,8.641050463071952,77.26721130153035,0.11183334195084128,314,47.13375796178344,4,21.105095541401273
1.0,10,0.15,5,1,0.8,0.3467172638144895,62.232381598153694,8.779149715816148,49.3734330854748,0.1778112066993148,302,48.675496688741724,4,19.235099337748345
1.0,14,0.1,8,3,0,0.3464849978443418,61.89884729310747,8.740222810471066,44.80477824580106,0.19507345315987962,498,42.77108433734939,2,15.971887550200803
0.5,10,0.15,5,3,0.8,0.3457603273073125,60.861796782000624,8.618763575527776,74.02570532902068,0.11642933407010603,321,44.54828660436137,3,19.149532710280372
2.0,30,0.2,3,1,0,0.34565313962852523,51.765589032260706,7.530127809503195,72.51394824610014,0.10384385337765926,190,50.0,3,20.852631578947367
2.0,30,0.2,3,1,0.8,0.34565313962852523,51.765589032260706,7.530127809503195,72.51394824610014,0.10384385337765926,190,50.0,3,20.852631578947367
2.5,30,0.15,3,1,0.8,0.3454885176493323,57.67518018981966,8.265187136714758,74.26055189790402,0.1112998345080713,155,46.45161290322581,4,18.46451612903226
0.5,14,0.3,5,1,0.8,0.3438485682570771,61.93234871290683,8.74413576421469,61.03662726520691,0.14326046762415331,307,48.20846905537459,2,22.895765472312704
0.5,14,0.18,8,1,0,0.34373886393060044,61.737056435444025,8.721316276062918,66.97155562398737,0.13022418539937847,472,46.39830508474576,4,21.77330508474576
0.5,10,0.15,5,1,0.8,0.3422186959292108,59.65664979832953,8.476801584842741,75.42979805481862,0.11238001165908232,322,44.409937888198755,3,19.043478260869566
0.5,30,0.15,8,1,0,0.33852163025931553,58.44696354188436,8.33940053465514,45.24206513220456,0.18432846755085283,450,44.44444444444444,3,21.74
0.5,30,0.15,8,1,0.8,0.33852163025931553,58.44696354188436,8.33940053465514,45.24206513220456,0.18432846755085283,450,44.44444444444444,3,21.74
0.5,14,0.35,5,1,0.8,0.33768042379391927,59.864586635585724,8.501358846833963,62.02877409032115,0.1370550840559091,306,48.36601307189542,2,23.101307189542485
0.5,14,0.18,8,1,0.8,0.3369967628911575,59.73012499087441,8.485481994270794,66.97155562398737,0.12670277575621267,470,46.38297872340426,4,21.687234042553193
0.5,10,0.2,3,3,0,0.3354128130322494,58.762292304823916,8.370876140770456,69.40108011632967,0.12061593460417681,198,46.464646464646464,4,20.166666666666668
0.5,10,0.2,3,3,0.8,0.3354128130322494,58.762292304823916,8.370876140770456,69.40108011632967,0.12061593460417681,198,46.464646464646464,4,20.166666666666668
0.5,14,0.18,8,3,0,0.33476918521309035,59.224973734396656,8.425736327868204,65.94335303517624,0.12777233701437132,481,46.15384615384615,4,21.386694386694387
2.0,30,0.15,5,1,0,0.33471978836837446,59.26149179111578,8.436121477237668,60.96908757299558,0.13836719250780116,302,44.370860927152314,3,19.910596026490065
0.5,14,0.3,5,3,0,0.33314711768947863,58.19732619455304,8.303708663632637,62.386015170156575,0.13310208451340325,308,48.05194805194805,2,22.886363636363637
1.0,14,0.1,8,3,0.8,0.3330508170999959,58.07669104507552,8.289340970499758,45.70226763967599,0.18137701690984467,489,42.944785276073624,2,15.955010224948875
0.5,14,0.2,8,1,0,0.3316631418644901,58.22570475902745,8.307087246623146,66.9582322676291,0.1240637180118508,468,47.22222222222222,4,22.476495726495727
1.0,14,0.15,5,1,0.8,0.33028704460242375,56.06540314342923,8.048451171140659,56.68973701447024,0.14197369038925448,312,48.717948717948715,2,19.153846153846153
0.5,14,0.35,5,3,0,0.3289467241332986,56.770059926522535,8.133137484970998,63.2049871818113,0.12867873007514027,307,48.20846905537459,2,23.087947882736156
0.5,14,0.3,5,3,0.8,0.32648180445297525,56.05290308037216,8.046946052846305,62.386015170156575,0.12898637668872462,308,48.05194805194805,2,22.818181818181817
0.5,14,0.15,8,3,0,0.32571284093197655,56.4146702928423,8.090465817592584,62.54712726218903,0.12934991856106284,492,44.3089430894309,4,19.723577235772357
0.5,14,0.2,8,1,0.8,0.32500109022396784,56.2623593840754,8.072153310152297,66.9582322676291,0.1205550540505349,466,47.21030042918455,4,22.392703862660944
0.5,14,0.2,8,3,0,0.32460338845805925,56.30720684912719,8.07754690109368,65.82859120494122,0.12270575373466845,475,47.1578947368421,4,22.164210526315788
2.5,30,0.1,8,3,0.8,0.32448189065582156,56.44123968058001,8.116949034408094,70.95077341050371,0.11440254481012385,252,39.682539682539684,3,14.797619047619047
0.5,14,0.35,5,3,0.8,0.3223175262224017,54.6449839331109,7.876779258316091,63.2049871818113,0.12462274908241444,307,48.20846905537459,2,23.019543973941367
0.5,30,0.22,3,1,0,0.32088183106280016,54.136976205059014,7.820668017961174,61.67296980933526,0.12680868202292056,181,44.751381215469614,3,22.41988950276243
0.5,30,0.22,3,1,0.8,0.32088183106280016,54.136976205059014,7.820668017961174,61.67296980933526,0.12680868202292056,181,44.751381215469614,3,22.41988950276243
0.5,10,0.22,3,1,0,0.32080946743032324,53.567619539016285,7.745698143390967,72.31460638364948,0.10711111531601021,197,47.20812182741117,4,20.781725888324875
0.5,10,0.22,3,1,0.8,0.32080946743032324,53.567619539016285,7.745698143390967,72.31460638364948,0.10711111531601021,197,47.20812182741117,4,20.781725888324875
2.0,21,0.15,5,1,0.8,0.32052183064990375,51.94707734360106,7.5579074692276205,64.09964515229946,0.11790872556735979,222,46.3963963963964,4,19.117117117117118
2.0,21,0.15,3,1,0.8,0.31825051524374476,50.28017808497787,7.351480045528347,64.00996213198317,0.11484899851011023,169,47.337278106508876,4,18.86390532544379
0.5,14,0.18,8,3,0.8,0.316347664831693,53.9808082618201,7.796059657378551,65.94335303517624,0.11822358582858063,479,46.13778705636743,4,21.30062630480167
2.0,30,0.15,5,1,0.8,0.3160745921421541,52.52998373097477,7.624187806184168,62.20011145796478,0.12257514701298633,296,44.25675675675676,4,19.905405405405407
2.0,21,0.1,3,1,0.8,0.3152113179358202,51.891877846558344,7.551101620676759,50.014813335425636,0.15097730286495525,171,42.69005847953216,3,15.269005847953217
2.5,30,0.1,3,1,0,0.3138384118868718,49.72109447323608,7.287035097098271,75.8612498296204,0.09605740893360568,179,40.78212290502793,4,14.804469273743017
2.0,30,0.15,5,3,0,0.31324525467036674,50.94570095312506,7.428803312653631,66.20865131314885,0.11220290951883946,304,44.40789473684211,4,19.851973684210527
1.0,14,0.15,5,1,0,0.3111359478790522,49.90774510673199,7.294657904789803,56.68973701447024,0.12867686972913311,314,48.72611464968153,2,19.23248407643312
0.5,30,0.18,5,1,0,0.3105710001034601,52.282778090031236,7.593811434960629,62.72465743572512,0.12106580960991488,293,44.7098976109215,4,22.119453924914676
0.5,30,0.18,5,1,0.8,0.3105710001034601,52.282778090031236,7.593811434960629,62.72465743572512,0.12106580960991488,293,44.7098976109215,4,22.119453924914676
0.5,14,0.15,8,1,0,0.3090680499000434,51.76929165908365,7.52519645963674,64.52801097596571,0.11661906737586561,483,44.3064182194617,4,19.96894409937888
1.0,14,0.1,3,1,0.8,0.3069575265276102,50.54583526522871,7.373945634447443,51.61828625981486,0.14285529739076408,198,43.43434343434344,2,15.56060606060606
1.0,14,0.1,3,3,0.8,0.3069575265276102,50.54583526522871,7.373945634447443,51.61828625981486,0.14285529739076408,198,43.43434343434344,2,15.56060606060606
0.5,14,0.2,8,3,0.8,0.3063968468375597,51.15916385442647,7.449895308689647,65.82859120494122,0.11317111869364209,473,47.14587737843552,4,22.08033826638478
2.5,30,0.1,5,1,0.8,0.304274463485799,46.53057581329567,6.88997346371103,70.02181169761997,0.09839753209277816,213,39.906103286384976,4,14.76056338028169
2.0,21,0.1,3,3,0.8,0.3037061442344849,47.795822344784376,7.040282166430134,51.58813250515338,0.13647096385446492,172,42.44186046511628,3,15.203488372093023
0.5,14,0.15,8,3,0.8,0.3035233227178115,50.47750554047219,7.36546841498984,62.54712726218903,0.11775870031751899,490,44.285714285714285,4,19.63469387755102
0.5,30,0.25,3,1,0,0.30103129509850457,47.568305085545525,7.006559192217421,66.00665963811531,0.10614927691586303,181,44.751381215469614,3,22.76795580110497
0.5,30,0.25,3,1,0.8,0.30103129509850457,47.568305085545525,7.006559192217421,66.00665963811531,0.10614927691586303,181,44.751381215469614,3,22.76795580110497
0.5,14,0.15,8,1,0.8,0.29936385674066396,49.196338767565386,7.205930694744778,64.52801097596571,0.11167135924007823,481,44.28274428274428,4,19.87941787941788
2.0,21,0.15,3,3,0.8,0.29873058468120123,43.11538488117904,6.44206851380571,63.37216899812355,0.1016545372464127,170,47.05882352941176,4,18.788235294117648
0.5,14,0.28,5,1,0,0.29853310287661694,47.76641529087011,7.026526953867451,62.499104527338545,0.11242604205303272,308,47.72727272727273,2,22.655844155844157
2.0,30,0.15,5,3,0.8,0.29482109109954524,44.56567655939228,6.624412105533262,67.27442084689044,0.09846851183765272,298,44.29530201342282,4,19.845637583892618
1.0,14,0.1,3,1,0,0.29176865144288505,46.084656785946656,6.813682431557644,51.61828625981486,0.13200132986325305,199,43.21608040201005,2,15.582914572864322
1.0,14,0.1,3,3,0,0.29176865144288505,46.084656785946656,6.813682431557644,51.61828625981486,0.13200132986325305,199,43.21608040201005,2,15.582914572864322
0.5,10,0.22,3,3,0,0.2900058866110074,43.71805283333872,6.510708560513567,73.77792185524171,0.08824738345555609,197,46.7005076142132,4,20.781725888324875
0.5,10,0.22,3,3,0.8,0.2900058866110074,43.71805283333872,6.510708560513567,73.77792185524171,0.08824738345555609,197,46.7005076142132,4,20.781725888324875
0.5,14,0.25,5,1,0,0.2886730258754285,45.1457045837494,6.693965965707016,61.472358314907126,0.10889391832692583,309,47.896440129449836,2,22.284789644012946
0.5,14,0.28,5,1,0.8,0.2845427828129069,43.66828507691995,6.504293152328122,62.499104527338545,0.10407018150928858,308,47.72727272727273,2,22.587662337662337
2.0,30,0.15,3,1,0,0.2824693034534887,29.48118345057466,4.599035132946638,75.62122742689797,0.06081672156660593,193,46.1139896373057,4,19.072538860103627
2.0,30,0.15,3,1,0.8,0.2824693034534887,29.48118345057466,4.599035132946638,75.62122742689797,0.06081672156660593,193,46.1139896373057,4,19.072538860103627
0.5,14,0.25,5,1,0.8,0.2744604371510681,41.120256742919835,6.173354888869986,61.472358314907126,0.10042489109081308,309,47.896440129449836,2,22.216828478964402
0.5,30,0.22,3,3,0,0.2680008641002962,37.90047963607188,5.752117383377131,63.73103557208347,0.09025614179564295,182,45.05494505494506,3,22.291208791208792
0.5,30,0.22,3,3,0.8,0.2680008641002962,37.90047963607188,5.752117383377131,63.73103557208347,0.09025614179564295,182,45.05494505494506,3,22.291208791208792
2.5,30,0.1,8,1,0.8,0.26696665982850026,33.82946030748785,5.2131251074788,71.47385623961873,0.07293751004565371,248,39.516129032258064,4,14.78225806451613
2.0,21,0.15,5,3,0.8,0.26573966016271966,32.49376226902083,5.022113172176779,66.5461504841479,0.07546812453671692,225,44.888888888888886,4,19.04
0.5,14,0.35,3,1,0,0.2640242198863829,34.721907155212804,5.3200350974429655,73.5647005057453,0.07231777008359436,188,46.27659574468085,2,22.659574468085108
0.5,14,0.35,3,1,0.8,0.2640242198863829,34.721907155212804,5.3200350974429655,73.5647005057453,0.07231777008359436,188,46.27659574468085,2,22.659574468085108
0.5,14,0.28,5,3,0,0.2600873496958162,36.52906878855241,5.564382972518578,63.58907620212262,0.08750532803514509,309,47.57281553398058,2,22.508090614886733
1.0,14,0.1,8,1,0,0.25675756752502693,38.35116848498152,5.808060405192617,45.50078457261438,0.12764747816432867,498,42.369477911646584,2,15.744979919678714
0.5,14,0.3,3,1,0,0.25442854936054476,32.032438348194084,4.951327942910799,74.05964595786295,0.06685594940229543,189,46.03174603174603,3,22.41269841269841
0.5,14,0.3,3,1,0.8,0.25442854936054476,32.032438348194084,4.951327942910799,74.05964595786295,0.06685594940229543,189,46.03174603174603,3,22.41269841269841
0.5,14,0.28,5,3,0.8,0.25322727603843714,34.67836689674104,5.3141146584181564,63.58907620212262,0.08356961566050822,309,47.57281553398058,2,22.44012944983819
0.5,14,0.25,5,3,0,0.2527888427325516,34.95439715563788,5.351621477765689,62.998788591101096,0.08494800610374964,310,47.74193548387097,2,22.135483870967743
0.5,30,0.25,3,3,0,0.2497029675751314,32.2061289499609,4.978846362262157,67.78757743373798,0.07344776949919703,182,45.05494505494506,3,22.642857142857142
0.5,30,0.25,3,3,0.8,0.2497029675751314,32.2061289499609,4.978846362262157,67.78757743373798,0.07344776949919703,182,45.05494505494506,3,22.642857142857142
0.5,30,0.1,8,3,0,0.24942224859883952,37.82781279954964,5.7424170634052585,41.20542042038558,0.13936072013875897,489,41.308793456032724,3,16.773006134969325
0.5,30,0.1,8,3,0.8,0.24942224859883952,37.82781279954964,5.7424170634052585,41.20542042038558,0.13936072013875897,489,41.308793456032724,3,16.773006134969325
1.0,14,0.1,8,1,0.8,0.24830820990925945,36.32937238999317,5.5375136197920005,45.70959434163153,0.12114554284610062,487,42.91581108829568,2,15.794661190965092
0.5,14,0.25,5,3,0.8,0.2458179008693891,33.12504051869324,5.101857571109281,62.998788591101096,0.08098342341506459,310,47.74193548387097,2,22.06774193548387
2.0,30,0.1,5,1,0,0.24408522570547303,32.654757184768364,5.040756388696677,57.63616710005416,0.08745821664279164,315,40.0,4,15.866666666666667
2.0,30,0.1,3,3,0,0.2424952934220887,31.847846387057643,4.929279155069666,62.476644114460335,0.07889795018501602,197,40.10152284263959,4,15.736040609137056
2.0,30,0.1,3,3,0.8,0.2424952934220887,31.847846387057643,4.929279155069666,62.476644114460335,0.07889795018501602,197,40.10152284263959,4,15.736040609137056
2.0,30,0.1,5,1,0.8,0.2424649564268115,32.09373475333289,4.963308953049683,57.34283316075541,0.08655500050259983,309,39.482200647249186,4,15.93851132686084
1.0,30,0.1,8,3,0,0.2285313655513825,33.33897193993378,5.1348448234256105,32.98656935957014,0.1556647121273276,493,39.95943204868154,4,16.46653144016227
1.0,30,0.1,8,3,0.8,0.2285313655513825,33.33897193993378,5.1348448234256105,32.98656935957014,0.1556647121273276,493,39.95943204868154,4,16.46653144016227
2.0,30,0.1,5,3,0,0.2250378316874414,26.626608892002874,4.194008070404198,59.85978573119635,0.07006386707158661,316,39.87341772151899,4,15.762658227848101
2.5,30,0.1,3,1,0.8,0.2238032344876458,18.667975218658974,3.029918548301591,74.409535396336,0.04071949290051323,157,39.490445859872615,4,14.630573248407643
2.0,30,0.1,5,3,0.8,0.22350138506596445,26.09108065681064,4.117184949434161,59.58184848213839,0.0691013295881282,310,39.35483870967742,4,15.832258064516129
0.5,14,0.22,5,1,0,0.22060273031801303,27.274496418697545,4.283570779878509,62.61792437196807,0.06840806083626942,311,47.266881028938904,3,21.60450160771704
0.5,14,0.28,3,1,0,0.21619556496863634,21.71740353815734,3.477027417469647,72.45404210948237,0.04798941944765002,190,46.31578947368421,3,22.026315789473685
0.5,14,0.28,3,1,0.8,0.21619556496863634,21.71740353815734,3.477027417469647,72.45404210948237,0.04798941944765002,190,46.31578947368421,3,22.026315789473685
0.5,14,0.1,8,3,0,0.2120680273192647,30.347478057952358,4.717158519838471,58.92901790670149,0.08004814414702863,520,40.0,4,15.642307692307693
0.5,14,0.22,5,1,0.8,0.20603256223656116,23.744685817201635,3.7747211782283685,62.61792437196807,0.06028179975761355,311,47.266881028938904,3,21.536977491961416
0.5,14,0.35,3,3,0,0.19948322794421428,15.80473493533975,2.584757866647025,75.41382132510506,0.034274325597482565,190,45.78947368421053,2,22.373684210526317
0.5,14,0.35,3,3,0.8,0.19948322794421428,15.80473493533975,2.584757866647025,75.41382132510506,0.034274325597482565,190,45.78947368421053,2,22.373684210526317
0.5,14,0.22,5,3,0,0.1957774631424986,20.966160877261096,3.3656714299713286,62.94927921939989,0.05346640139024954,312,47.43589743589743,3,21.503205128205128
0.5,14,0.3,3,3,0,0.19411581770253103,14.525872262854284,2.386832065313338,75.65456340740553,0.03154908253795699,191,45.54973821989529,3,22.17801047120419
0.5,14,0.3,3,3,0.8,0.19411581770253103,14.525872262854284,2.386832065313338,75.65456340740553,0.03154908253795699,191,45.54973821989529,3,22.17801047120419
0.5,14,0.1,8,3,0.8,0.1924507933737495,26.569882797638872,4.18293486324961,58.92901790670149,0.07098259926666657,516,39.922480620155035,4,15.608527131782946
0.5,30,0.18,3,1,0,0.1919069713509783,18.894576901758313,3.057757353757995,60.23083301663862,0.050767309708522494,185,42.7027027027027,3,21.07027027027027
0.5,30,0.18,3,1,0.8,0.1919069713509783,18.894576901758313,3.057757353757995,60.23083301663862,0.050767309708522494,185,42.7027027027027,3,21.07027027027027
1.0,30,0.1,3,3,0,0.19154495938796762,21.893283713193156,3.5054770454129303,54.92195526085405,0.06382651580344373,197,40.10152284263959,3,15.563451776649746
1.0,30,0.1,3,3,0.8,0.19154495938796762,21.893283713193156,3.5054770454129303,54.92195526085405,0.06382651580344373,197,40.10152284263959,3,15.563451776649746
0.5,14,0.22,5,3,0.8,0.18862688993376553,19.32641994320817,3.12061574361,62.94927921939989,0.04957349444357545,312,47.43589743589743,3,21.435897435897434
0.5,14,0.15,3,1,0,0.1848786660578628,17.64500592154774,2.8664261263923185,66.58792751561892,0.0430472344363018,196,44.89795918367347,3,18.658163265306122
0.5,14,0.15,3,1,0.8,0.1848786660578628,17.64500592154774,2.8664261263923185,66.58792751561892,0.0430472344363018,196,44.89795918367347,3,18.658163265306122
0.5,14,0.25,3,1,0,0.18283119451891283,13.613289418662292,2.2444750287489157,71.59958111797214,0.03134759999574261,191,46.07329842931937,2,21.607329842931936
0.5,14,0.25,3,1,0.8,0.18283119451891283,13.613289418662292,2.2444750287489157,71.59958111797214,0.03134759999574261,191,46.07329842931937,2,21.607329842931936
1.0,30,0.1,8,1,0,0.17739872115256292,23.647755542994293,3.763224974061452,36.66219924205414,0.10264591464400658,494,39.473684210526315,4,16.37246963562753
1.0,30,0.1,8,1,0.8,0.17739872115256292,23.647755542994293,3.763224974061452,36.66219924205414,0.10264591464400658,494,39.473684210526315,4,16.37246963562753
0.5,14,0.15,5,1,0,0.168692637229572,17.77985911276713,2.886923018385623,62.198314741360115,0.04641481092197344,318,44.9685534591195,3,19.02201257861635
0.5,30,0.2,3,1,0,0.16868179020632654,13.155543260035818,2.1742302209529107,61.9123164079655,0.0351178949052079,183,43.169398907103826,3,21.74863387978142
0.5,30,0.2,3,1,0.8,0.16868179020632654,13.155543260035818,2.1742302209529107,61.9123164079655,0.0351178949052079,183,43.169398907103826,3,21.74863387978142
0.5,14,0.1,8,1,0,0.15866041260756486,19.646190119255646,3.1686221068692344,60.10596985577058,0.05271726110522157,516,40.116279069767444,4,15.720930232558139
0.5,14,0.15,5,1,0.8,0.15227646019998695,14.404003805597876,2.367875706034095,62.198314741360115,0.038069772724236284,318,44.9685534591195,3,18.955974842767297
0.5,14,0.1,8,1,0.8,0.15107782843009224,18.303984285283335,2.9664033165888393,60.10596985577058,0.049352889965954765,512,40.0390625,5,15.6875
0.5,30,0.15,5,3,0,0.15014364738427305,14.489461406859384,2.382834079490337,65.35230629790067,0.03646136172499365,305,43.278688524590166,3,19.924590163934425
0.5,30,0.15,5,3,0.8,0.15014364738427305,14.489461406859384,2.382834079490337,65.35230629790067,0.03646136172499365,305,43.278688524590166,3,19.924590163934425
0.5,30,0.1,8,1,0,0.14955974378740625,20.221156961616092,3.256958492650841,40.88614893332061,0.0796592141256069,485,40.618556701030926,3,16.81855670103093
0.5,30,0.1,8,1,0.8,0.14955974378740625,20.221156961616092,3.256958492650841,40.88614893332061,0.0796592141256069,485,40.618556701030926,3,16.81855670103093
0.5,30,0.18,3,3,0,0.14906479392424238,8.774491137762693,1.4744998259491604,61.27155432857998,0.024064997895138808,186,43.01075268817204,3,21.037634408602152
0.5,30,0.18,3,3,0.8,0.14906479392424238,8.774491137762693,1.4744998259491604,61.27155432857998,0.024064997895138808,186,43.01075268817204,3,21.037634408602152
0.5,30,0.1,5,3,0,0.14714139208672097,17.54800659444735,2.8536680167797313,51.71255517888847,0.05518327235829055,320,41.25,3,15.946875
0.5,30,0.1,5,3,0.8,0.14714139208672097,17.54800659444735,2.8536680167797313,51.71255517888847,0.05518327235829055,320,41.25,3,15.946875
0.5,14,0.15,5,3,0,0.1426409494980686,12.091012445625344,2.004893624789439,62.7065419576609,0.031972638933639996,319,45.141065830721004,3,18.9435736677116
2.0,30,0.1,3,1,0,0.14059357459161656,-5.335095938016712,-0.9496312875358348,72.1864314402344,-0.013155260186563825,198,40.4040404040404,4,15.606060606060606
2.0,30,0.1,3,1,0.8,0.14059357459161656,-5.335095938016712,-0.9496312875358348,72.1864314402344,-0.013155260186563825,198,40.4040404040404,4,15.606060606060606
0.5,14,0.15,5,3,0.8,0.1342937129864361,10.466243841081138,1.7461978465045602,62.7065419576609,0.027847139899431595,319,45.141065830721004,3,18.877742946708462
1.0,30,0.1,3,1,0,0.1337823823011352,9.823453158137031,1.6441282614194863,54.92195526085405,0.029935719761079747,197,39.59390862944163,4,15.49746192893401
1.0,30,0.1,3,1,0.8,0.1337823823011352,9.823453158137031,1.6441282614194863,54.92195526085405,0.029935719761079747,197,39.59390862944163,4,15.49746192893401
0.5,14,0.28,3,3,0,0.1316466182894646,0.5860651281176149,0.10167851793856375,73.65250762361993,0.0013805167158484643,192,45.83333333333333,3,21.682291666666668
0.5,14,0.28,3,3,0.8,0.1316466182894646,0.5860651281176149,0.10167851793856375,73.65250762361993,0.0013805167158484643,192,45.83333333333333,3,21.682291666666668
0.5,14,0.18,5,1,0,0.13117820333079744,8.566376877424114,1.4396836199683793,66.47186791874027,0.021658540147064115,314,45.54140127388535,3,20.44904458598726
0.5,14,0.2,5,1,0,0.1279004040852771,6.907121604953949,1.1683419660770245,65.76646690084966,0.017765010363692355,312,46.15384615384615,3,21.048076923076923
0.5,10,0.1,3,3,0,0.1185006123453013,7.4944455774971175,1.2647836004228807,62.347543539690975,0.02028602136694782,204,39.705882352941174,3,15.416666666666666
0.5,10,0.1,3,3,0.8,0.1185006123453013,7.4944455774971175,1.2647836004228807,62.347543539690975,0.02028602136694782,204,39.705882352941174,3,15.416666666666666
0.5,14,0.18,5,1,0.8,0.11507853793836886,5.4045539163798875,0.9196053239094226,66.47186791874027,0.013834504019559232,314,45.54140127388535,3,20.38216560509554
0.5,30,0.2,3,3,0,0.11311780102625818,0.8180618383090807,0.14189126821257947,63.87851225818346,0.0022212675780407176,184,43.47826086956522,3,21.619565217391305
0.5,30,0.2,3,3,0.8,0.11311780102625818,0.8180618383090807,0.14189126821257947,63.87851225818346,0.0022212675780407176,184,43.47826086956522,3,21.619565217391305
0.5,14,0.2,5,1,0.8,0.11217544017389498,3.7942617245452173,0.6497627483906365,65.76646690084966,0.009879848789356844,312,46.15384615384615,3,20.98076923076923
0.5,14,0.18,5,3,0,0.10718095761758409,3.681864579112871,0.6307991310501082,65.79735700606288,0.009586998015619129,315,45.714285714285715,3,20.27936507936508
0.5,30,0.15,5,1,0,0.10351536130281723,5.495650935429635,0.9354173244976005,65.84468853245934,0.014206420371120281,303,42.244224422442244,3,20.006600660066006
0.5,30,0.15,5,1,0.8,0.10351536130281723,5.495650935429635,0.9354173244976005,65.84468853245934,0.014206420371120281,303,42.244224422442244,3,20.006600660066006
0.5,14,0.25,3,3,0,0.10154633528358593,-5.286289478051955,-0.9400995687840141,72.81344889070628,-0.012911070456161376,193,45.59585492227979,2,21.264248704663213
0.5,14,0.25,3,3,0.8,0.10154633528358593,-5.286289478051955,-0.9400995687840141,72.81344889070628,-0.012911070456161376,193,45.59585492227979,2,21.264248704663213
0.5,14,0.18,5,3,0.8,0.0995668398050488,2.2774115609568577,0.3923966804444623,65.79735700606288,0.005963714931715342,315,45.714285714285715,3,20.212698412698412
0.5,14,0.2,5,3,0,0.09784504154514519,0.7452301181816303,0.1292080970946241,65.31507890951796,0.0019782276811395752,314,46.17834394904459,3,20.828025477707005
0.5,14,0.2,5,3,0.8,0.09040363497983692,-0.6189074299999996,-0.10791227213170496,65.31507890951796,-0.0016521800774549713,314,46.17834394904459,3,20.761146496815286
0.5,14,0.15,3,3,0,0.0848320354291259,-4.714029721375209,-0.8362680531387667,69.31409425317976,-0.012064906310167982,198,44.44444444444444,3,18.47979797979798
0.5,14,0.15,3,3,0.8,0.0848320354291259,-4.714029721375209,-0.8362680531387667,69.31409425317976,-0.012064906310167982,198,44.44444444444444,3,18.47979797979798
0.5,10,0.1,3,1,0,0.08466572072135653,1.263438687932754,0.21859054368364994,60.62925649700605,0.003605364081851214,204,39.21568627450981,4,15.377450980392156
0.5,10,0.1,3,1,0.8,0.08466572072135653,1.263438687932754,0.21859054368364994,60.62925649700605,0.003605364081851214,204,39.21568627450981,4,15.377450980392156
0.5,10,0.1,5,3,0,0.08348582368336786,0.7191532113874428,0.12470023154440568,69.69068113503629,0.0017893386822088885,331,41.389728096676734,4,15.776435045317221
0.5,10,0.1,5,3,0.8,0.08126546188899905,0.4617448270111022,0.08015072194791362,69.76814279502662,0.0011488154727493636,329,41.33738601823708,4,15.750759878419453
0.5,14,0.18,3,1,0,0.08040627662770607,-6.52683434026577,-1.1669771905606696,72.83490483702082,-0.016022224415230015,193,45.07772020725388,3,19.989637305699482
0.5,14,0.18,3,1,0.8,0.08040627662770607,-6.52683434026577,-1.1669771905606696,72.83490483702082,-0.016022224415230015,193,45.07772020725388,3,19.989637305699482
0.5,10,0.1,5,1,0,0.07660841982912826,-0.5666966169304896,-0.09878742254538775,73.43640300956214,-0.0013452105290685963,332,40.66265060240964,5,15.641566265060241
0.5,10,0.1,5,1,0.8,0.07436763076340668,-0.8208187492254035,-0.1432374934881686,73.50429171162638,-0.0019486956496379971,330,40.60606060606061,5,15.615151515151515
0.5,14,0.22,3,1,0,0.06691551445889243,-10.701356285847325,-1.9491686084325721,74.28869635947972,-0.026237754920353313,191,45.54973821989529,3,20.93717277486911
0.5,14,0.22,3,1,0.8,0.06691551445889243,-10.701356285847325,-1.9491686084325721,74.28869635947972,-0.026237754920353313,191,45.54973821989529,3,20.93717277486911
0.5,14,0.1,5,1,0,0.06661981798805502,3.2579796281985365,0.5591282309756584,58.411030675078045,0.009572305513421097,328,40.243902439024396,4,15.597560975609756
0.5,30,0.1,3,1,0,0.05984745655508813,-2.015507978622954,-0.35372120493013526,53.992003349818084,-0.006551362849760363,195,40.51282051282051,4,15.733333333333333
0.5,30,0.1,3,1,0.8,0.05984745655508813,-2.015507978622954,-0.35372120493013526,53.992003349818084,-0.006551362849760363,195,40.51282051282051,4,15.733333333333333
0.5,14,0.1,5,1,0.8,0.053467699818570386,1.220820701898747,0.21125392063583437,58.411030675078045,0.0036166785313372163,327,40.0611620795107,4,15.584097859327217
1.0,30,0.1,5,3,0,0.052933144709840174,-1.055904578559006,-0.1845689224946101,50.586438652713284,-0.0036485850241744673,320,38.125,4,15.9
1.0,30,0.1,5,3,0.8,0.052933144709840174,-1.055904578559006,-0.1845689224946101,50.586438652713284,-0.0036485850241744673,320,38.125,4,15.9
0.5,30,0.1,5,1,0,0.04537420351491044,0.7503818063670189,0.13018845118397682,50.91866119044125,0.0025567925027929947,320,40.9375,3,15.859375
0.5,30,0.1,5,1,0.8,0.04537420351491044,0.7503818063670189,0.13018845118397682,50.91866119044125,0.0025567925027929947,320,40.9375,3,15.859375
0.5,30,0.1,3,3,0,0.028592228884962746,-7.2490342225102,-1.3010970936250477,54.186623277983614,-0.0240114075193479,197,40.10152284263959,4,15.48223350253807
0.5,30,0.1,3,3,0.8,0.028592228884962746,-7.2490342225102,-1.3010970936250477,54.186623277983614,-0.0240114075193479,197,40.10152284263959,4,15.48223350253807
0.5,14,0.1,5,3,0,0.02699968596527427,-3.260963964116116,-0.5749180821314259,59.04840092420899,-0.009736386983101482,329,40.72948328267477,4,15.553191489361701
0.5,14,0.1,5,3,0.8,0.021242656650756628,-4.074976687244818,-0.7209245522897589,59.04840092420899,-0.012209044461933775,328,40.54878048780488,4,15.539634146341463
0.5,14,0.2,3,1,0,0.018511442543400987,-18.518559838634115,-3.498970353076203,75.49623617198785,-0.04634628864285638,192,44.79166666666667,3,20.369791666666668
0.5,14,0.2,3,1,0.8,0.018511442543400987,-18.518559838634115,-3.498970353076203,75.49623617198785,-0.04634628864285638,192,44.79166666666667,3,20.369791666666668
0.5,14,0.1,3,1,0,0.014515648955260396,-9.623270720520772,-1.7443183129849493,61.66973366001267,-0.02828483616617246,201,40.298507462686565,4,15.45273631840796
0.5,14,0.1,3,1,0.8,0.014515648955260396,-9.623270720520772,-1.7443183129849493,61.66973366001267,-0.02828483616617246,201,40.298507462686565,4,15.45273631840796
1.0,30,0.1,5,1,0,0.005358056107221368,-8.156206156212447,-1.4697821635559105,55.39082418380063,-0.026534758874119744,322,38.19875776397515,4,15.847826086956522
1.0,30,0.1,5,1,0.8,0.005358056107221368,-8.156206156212447,-1.4697821635559105,55.39082418380063,-0.026534758874119744,322,38.19875776397515,4,15.847826086956522
0.5,14,0.18,3,3,0,-3.391644184495315e-05,-21.547531056338055,-4.132651512062546,74.13635547573982,-0.05574392597994521,195,44.61538461538462,3,19.702564102564104
0.5,14,0.18,3,3,0.8,-3.391644184495315e-05,-21.547531056338055,-4.132651512062546,74.13635547573982,-0.05574392597994521,195,44.61538461538462,3,19.702564102564104
0.5,30,0.15,3,1,0,-0.005594195349075281,-18.628892634028723,-3.524097146442595,63.83471320283625,-0.05520659480751009,188,42.02127659574468,2,19.54787234042553
0.5,30,0.15,3,1,0.8,-0.005594195349075281,-18.628892634028723,-3.524097146442595,63.83471320283625,-0.05520659480751009,188,42.02127659574468,2,19.54787234042553
0.5,30,0.15,3,3,0,-0.018311239181463847,-20.947231577426052,-4.008188264150114,65.55126793298702,-0.06114585408550267,190,42.10526315789473,3,19.342105263157894
0.5,30,0.15,3,3,0.8,-0.018311239181463847,-20.947231577426052,-4.008188264150114,65.55126793298702,-0.06114585408550267,190,42.10526315789473,3,19.342105263157894
0.5,14,0.22,3,3,0,-0.026802597802079643,-27.559445570015267,-5.452727962911408,76.04993734164466,-0.0716993090791873,193,45.07772020725388,3,20.626943005181346
0.5,14,0.22,3,3,0.8,-0.026802597802079643,-27.559445570015267,-5.452727962911408,76.04993734164466,-0.0716993090791873,193,45.07772020725388,3,20.626943005181346
0.5,14,0.1,3,3,0,-0.05293752379928827,-20.433985642040135,-3.8973783068195655,63.041616361964145,-0.06182230932091122,201,39.800995024875625,4,15.457711442786069
0.5,14,0.1,3,3,0.8,-0.05293752379928827,-20.433985642040135,-3.8973783068195655,63.041616361964145,-0.06182230932091122,201,39.800995024875625,4,15.457711442786069
0.5,14,0.2,3,3,0,-0.06051739128269842,-31.49285149970143,-6.366269014934889,76.32352905826605,-0.08341161753769043,194,44.329896907216494,3,20.04639175257732
0.5,14,0.2,3,3,0.8,-0.06051739128269842,-31.49285149970143,-6.366269014934889,76.32352905826605,-0.08341161753769043,194,44.329896907216494,3,20.04639175257732
