code,name,eps,revenue,rev_yoy,rev_qoq,net_profit,profit_yoy,profit_qoq,bps,roe,cps,gross_margin,industry,pub_date,report_date
603843,*ST正平,-0.05,283748260.89,-16.1727730035,-61.1407,-31856457.05,-369.96,87.7523,2.163216804633,-2.08,-0.600350007757,8.5536937438,基础建设,2026-06-30,2023-03-31
300076,*ST宁视,-0.0088,19243646.0,16.9363202858,-78.2277,-3712327.22,-199.55,59.6016,2.368099037453,-0.37,-0.026082271675,13.5093408494,光学光电子,2026-04-30,2023-03-31
002726,ST龙大,0.01,3476825794.2,4.0865114331,-25.4591,15339099.2,-9.56,-24.6421,2.868937847537,0.68,-0.077217270548,4.6712951348,食品加工,2026-04-30,2023-03-31
605199,ST葫芦娃,0.1,527261635.05,32.0909148255,15.0109,40560003.62,35.59,193.9923,2.635403236843,3.92,-0.295757008185,54.0170481877,中药Ⅱ,2026-04-29,2023-03-31
603329,上海雅仕,-0.0493,587920009.13,-16.8687694408,-1.223,-7834602.54,-113.63,-182.056,7.09912993241,-0.69,-0.900900075112,8.4093023493,物流,2026-04-29,2023-03-31
600525,ST长园,0.0122,1792319764.54,17.3180893533,-22.3494,15989534.78,-67.3,-95.0902,3.673594773416,0.31,-0.128803838045,34.638016584,电网设备,2026-04-29,2023-03-31
300746,汉嘉数智,0.04,233071720.19,-55.1285644954,-75.3533,9351447.87,-34.41,145.3211,5.769597298515,0.72,-0.066862166756,22.2368265175,工程咨询服务Ⅱ,2026-04-28,2023-03-31
300122,智飞生物,0.8467,11172773125.45,26.3723928367,7.0115,2032024553.16,5.68,5.1857,16.417648226456,8.05,-0.650018019519,30.303273673,生物制品,2026-04-28,2023-03-31
200530,冰山B,0.03,1055105512.64,87.1150598518,19.1686,24486912.44,299.03,133.5479,3.594203974823,0.84,-0.187882836693,16.9100721181,通用设备,2026-04-24,2023-03-31
000530,冰山冷热,0.03,1055105512.64,87.1150598518,19.1686,24486912.44,299.03,133.5479,3.594203974823,0.84,-0.187882836693,16.9100721181,通用设备,2026-04-24,2023-03-31
688646,ST逸飞,0.12,114100735.37,219.3134393414,-55.7632,8675946.16,409.89,-83.6632,8.1137942966,1.51,-0.741952600262,30.313068963,自动化设备,2026-04-18,2023-03-31
600300,维维股份,0.02,970671769.27,-2.9377196767,-1.2059,36043577.16,18.88,1249.331,1.911559173956,1.17,0.021517935708,18.2785221943,饮料乳品,2026-04-04,2023-03-31
688132,邦彦技术,0.08,56729536.78,115.5295739175,-66.9738,11773323.77,157.6729748146,-79.1938,10.428559644367,0.74,-0.379918613543,78.4909954451,军工电子Ⅱ,2026-03-20,2023-03-31
300087,ST荃银,0.03,617457763.96,40.2162520717,-68.4097,31317074.01,53.4,-83.9822,2.589282025131,1.81,-0.019891963701,22.8260384672,种植业,2026-01-30,2023-03-31
688270,ST臻镭,,41659663.54,33.009362331,-53.1828,7240256.21,4.67,-77.9324,19.129215365168,0.35,-0.265913462046,88.3489713129,半导体,2025-12-25,2023-03-31
874332,文峰光电,0.37,54377773.13,,,22239436.18,,,7.121646433,5.34,-0.2892356755,67.5445133477,,2025-12-01,2023-03-31
874279,定西高强,0.12,80517148.54,,,5561112.76,,,9.744762149293,1.19,0.641547085468,16.8046050877,,2025-09-23,2023-03-31
603398,*ST沐邦,0.1,345258607.16,301.8051693406,52.2697,33653171.69,469.3563284918,114.0617,2.189125368041,3.53,0.821938320095,30.426191768,光伏设备,2025-08-28,2023-03-31
002878,元隆雅图,-0.04,410913406.01,-58.014893264,-47.1405,-8451760.39,-109.15,11.4098,4.531623657859,-0.83,-0.009654623294,17.4897645535,广告营销,2025-08-23,2023-03-31
603613,国联股份,0.51,13156133959.85,8.3886312323,318.632,256025610.65,65.02,-42.1987,11.081842478681,4.62,0.282520913154,4.0532462818,互联网电商,2025-07-26,2023-03-31
600423,*ST柳化,0.003,28560283.95,-13.94892837,28.401,2020023.05,-39.39,-75.3533,0.548695592039,0.46,0.015472245297,2.2433819325,化学原料,2025-07-26,2023-03-31
300460,ST惠伦,-0.1471,59041160.28,-51.6026968486,867.1141,-41313088.79,-868.71,77.3965,3.595342607153,-4.01,0.014311070241,-12.7389225658,元件,2025-07-15,2023-03-31
603887,城地香江,-0.04,540910981.33,-3.0709258659,-46.4936,-16150616.99,-149.49,-4608.7949,6.826378106502,-0.47,-0.256254693792,17.6559125025,IT服务Ⅱ,2025-06-30,2023-03-31
300551,古鳌科技,-0.04,140135007.41,38.6065813685,-23.2618,-15107316.73,-631.79,56.1355,3.058340044653,-1.42,-0.164162720046,82.0579530521,计算机设备,2025-06-30,2023-03-31
874339,天康制药,0.26,289629076.98,,,65778356.21,,,11.124312124076,2.37,0.01640367994,66.6781231442,,2025-06-24,2023-03-31
874360,世纪数码,0.44,164797812.47,,,14590049.88,,,5.643988962208,8.07,0.716342058488,17.7495776744,,2025-06-23,2023-03-31
688246,嘉和美康,-0.16,107504828.76,9.6676823103,-58.9091,-22660220.88,18.6596256406,-135.9103,12.973018614669,-1.29,-1.067966226354,44.9506586145,软件开发,2025-05-01,2023-03-31
603959,ST百利,,477674282.98,42.6796355658,-65.1555,69627914.18,126.4,172.5283,1.48634664203,10.03,-0.436949537131,14.0968879149,专业工程,2025-05-01,2023-03-31
603322,超讯科技,-0.13,258075463.19,-26.8547997213,-68.4517,-19947133.71,-587.41,69.2808,1.313541406806,-9.19,-0.293217665849,10.3072824945,通信服务,2025-05-01,2023-03-31
600507,方大特钢,0.06,6367036400.06,21.6897639836,-10.946,129650976.64,-80.14,217.4002,3.673717166003,1.46,-0.235808212331,4.6675505312,特钢Ⅱ,2025-05-01,2023-03-31
688189,ST南新,0.0457,303227799.34,54.091282745,100.3385,12532756.73,6.09,113.6259,6.769884163571,0.95,0.013626932959,95.2029798878,化学制药,2025-04-30,2023-03-31
603922,ST金鸿顺,-0.1,80576932.94,-29.0389847617,-48.509,-13130675.77,-229.89,-83.146,8.002122069922,-1.27,-0.061049545859,6.8496428675,汽车零部件,2025-04-30,2023-03-31
600592,龙溪股份,0.1719,487738047.19,12.1821793353,22.8806,68691091.92,518.66,146.7038,5.760363617974,3.04,-0.116989432088,26.1201998991,通用设备,2025-04-30,2023-03-31
420280,锦州港B3,0.002,859874427.49,43.0294460459,-11.1371,3980104.23,-43.82,72.5604,3.340131165647,0.38,0.190431395579,14.8870654165,,2025-04-30,2023-03-31
400280,锦州港A3,0.002,859874427.49,43.0294460459,-11.1371,3980104.23,-43.82,72.5604,3.340131165647,0.38,0.190431395579,14.8870654165,,2025-04-30,2023-03-31
400272,鹏博士3,0.02,934310065.81,6.2285289952,-11.698,36306364.32,-82.02,107.2725,0.665636060234,3.36,-0.02084061124,24.6325591227,,2025-04-30,2023-03-31
002227,*ST特迅,-0.0467,55386234.44,26.1770407638,-37.0779,-11576791.73,-34.36,50.6293,4.391284742628,-1.06,-0.148043188069,24.4491278869,其他电源设备Ⅱ,2025-04-30,2023-03-31
688333,铂力特,-0.25,132953332.5,48.1199058955,-66.5624,-28494672.82,12.072706967,-128.041,13.465591094412,-1.85,-1.896338013854,48.6242540931,通用设备,2025-04-29,2023-03-31
301206,三元生物,0.04,116276458.04,-57.3450970327,4.2446,7808194.59,-87.56,-37.6875,22.876897205842,0.17,0.01296390251,-3.8738947556,化学制品,2025-04-29,2023-03-31
300959,线上线下,0.16,443678585.87,26.4688121186,44.4897,12666123.02,-26.41,61.2194,14.799445452125,1.08,-0.28745560525,8.4465403185,通信服务,2025-04-29,2023-03-31
300775,三角防务,0.4,658499725.61,53.9448860669,59.1563,218228351.74,54.21,39.8919,8.678002177438,4.53,0.266849731026,47.5176871608,航空装备Ⅱ,2025-04-29,2023-03-31
002816,*ST和科,-0.131,26729590.7,153.9707574884,-37.9817,-13104546.15,-20.12,71.7969,3.2498396882,-3.95,-0.3832912649,13.724279175,专用设备,2025-04-29,2023-03-31
002570,贝因美,0.01,704386288.42,10.6964146186,17.4628,12215392.19,-39.13,105.5623,1.425347046867,0.79,0.021990753523,44.057708634,饮料乳品,2025-04-29,2023-03-31
688108,赛诺医疗,-0.04,73168207.49,23.8196535145,171.7283,-16208533.57,44.8660696778,69.6758,2.032581792171,-1.93,-0.048763909732,53.3145451395,医疗器械,2025-04-26,2023-03-31
688053,ST思科瑞,0.23,63719430.62,25.6957573504,65.9971,23413414.12,24.02,94.7235,16.8520118513,1.4,0.0411774159,61.7165352662,军工电子Ⅱ,2025-04-26,2023-03-31
002584,西陇科学,0.02,1781522935.6,29.9727973191,160.8278,10032938.44,-87.27,181.1271,3.963189091727,0.41,-0.023528682078,6.5130412217,电子化学品Ⅱ,2025-04-26,2023-03-31
000559,万向钱潮,0.079,3528586966.24,-7.6382295279,64.425,260141218.32,0.01,33.954,2.711074671297,2.95,0.015001466515,14.9986534552,汽车零部件,2025-04-26,2023-03-31
300730,科创信息,-0.09,30397857.03,-43.875227271,-90.0635,-20899882.74,-12.62,-166.4045,2.116066177801,-4.27,-0.38274814994,25.8129978118,软件开发,2025-04-25,2023-03-31
300442,润泽科技,0.36,808499284.48,31.5328185705,11.4722,329756259.04,52.73,-12.6818,8.125839240152,10.64,0.270141791431,53.9285724094,通信服务,2025-04-24,2023-03-31
002426,胜利精密,-0.0227,775937623.83,-10.4741500342,-18.96,-76835654.3,-1081.31,74.0712,1.224106833076,-1.81,0.035362714813,11.6139489635,消费电子,2025-04-24,2023-03-31
300265,通光线缆,0.07,617686647.41,51.7898272033,0.5927,35036764.8,106.48,-15.266,3.857021476257,2.23,-0.156127711251,17.1818860931,电网设备,2025-04-19,2023-03-31
000909,*ST数源,0.0315,228438741.9,70.2540661985,814.1433,14277031.11,193.03,103.8514,3.766399499348,0.96,0.942603508946,43.6492275394,房地产开发,2025-04-19,2023-03-31
000735,罗牛山,0.0416,1386811845.33,163.0837146458,26.9935,47865583.18,263.65,-42.5101,3.814288084947,1.1,-0.067435609752,29.7208354576,养殖业,2025-04-19,2023-03-31
900927,物贸B股,0.2822,2053619850.97,6.7976961797,782.7224,139953228.09,1823.87,283.9081,2.324526550355,12.9037,0.679430901079,4.1461674019,汽车服务,2025-04-16,2023-03-31
600822,上海物贸,0.2822,2053619850.97,6.7976961797,782.7224,139953228.09,1823.87,283.9081,2.324526550355,12.9037,0.679430901079,4.1461674019,汽车服务,2025-04-16,2023-03-31
000978,桂林旅游,-0.029,85766099.54,285.9995434899,181.5878,-13551342.2,82.46,89.378,2.723438330229,-0.98,-0.017646777968,24.4252362907,旅游及景区,2025-04-12,2023-03-31
900921,金煤B股,-0.0401,233516090.43,-10.9553805196,33.9581,-40813164.81,-2203.7286521494,83.5988,0.878553561586,-1.1171,-0.013806815723,-4.4662931025,化学原料,2025-04-11,2023-03-31
600844,金煤科技,-0.0401,233516090.43,-10.9553805196,33.9581,-40813164.81,-2203.7286521494,83.5988,0.878553561586,-1.1171,-0.013806815723,-4.4662931025,化学原料,2025-04-11,2023-03-31
300437,清水源,0.0282,268824274.64,-49.2638624588,-23.8991,7301682.85,-90.42,105.4917,6.214034417183,0.46,0.069699201156,12.8683094844,环境治理,2025-02-28,2023-03-31
002512,ST达华,0.0099,678174466.18,98.0777203006,46.9514,10824736.86,112.02,105.5495,0.656082286756,0.61,-0.013850335292,11.9281403332,计算机设备,2025-01-27,2023-03-31
600228,返利科技,-0.0005,78441081.12,19.3270227752,-49.856,-337137.6,94.4345578207,-101.6563,1.550187540327,-0.03,-0.014091236758,63.9849616596,数字媒体,2025-01-25,2023-03-31
000906,浙商中拓,0.36,43272851240.05,18.5192150743,-9.4778,265126916.5,58.95,-17.9273,6.617020893647,5.72,-3.746507534551,1.4841138422,物流,2025-01-24,2023-03-31
874249,邦泽创科,0.39,262840791.17,,,21195001.73,,,3.128040756304,13.32,0.830994693504,36.7308231916,,2024-12-17,2023-03-31
000506,招金黄金,-0.04,70876731.03,12.128244598,2.9655,-37898030.05,-114.34,-184.4502,0.651179134131,-6.08,-0.011173694977,-11.6061393499,贵金属,2024-11-27,2023-03-31
874311,东盛金材,0.35,156840478.48,,,18016923.97,,,8.762497991765,4.11,0.294930419804,14.4138275138,,2024-11-19,2023-03-31
600590,泰豪科技,0.074,825072938.99,-16.0859156778,-73.6758,62821778.4,-58.45,134.313,4.197641440701,1.77,0.093332992359,20.4044223128,其他电源设备Ⅱ,2024-11-09,2023-03-31
002097,山河智能,0.034,1784718349.19,7.4041340812,-9.2134,36977568.37,175.5,103.7309,4.194506053102,0.81,-0.652852229725,25.8806755223,工程机械,2024-10-31,2023-03-31
920263,中航泰达,0.1661,104048482.08,-29.4659895161,55.2462,23245624.13,345.5,217.9374,3.590717158617,4.73,-0.327574172692,24.7744720487,环境治理,2024-10-29,2023-03-31
300417,南华仪器,-0.0235,23146090.62,10.6740052135,-34.6858,-3203830.89,-16.54,91.1208,3.371784882084,-0.7,-0.02071809207,36.282002036,通用设备,2024-10-29,2023-03-31
300149,睿智医药,-0.05,268658644.91,-30.4537127249,-8.7272,-25145108.24,-365.5,96.1946,4.632099770271,-1.08,-0.041327242037,28.4291295095,医疗服务,2024-10-18,2023-03-31
603156,养元饮品,0.579,2228868121.09,8.8208859201,28.2552,732678191.84,39.92,56.9899,9.739342501084,6.15,-0.328639144038,46.9440228836,饮料乳品,2024-09-10,2023-03-31
002569,*ST步森,-0.01,41883274.92,-15.6893449569,11.833,-2053093.34,79.77,75.8013,1.091414910978,-1.3,-0.059838050969,34.9365984583,服装家纺,2024-09-07,2023-03-31
603260,合盛硅业,0.87,5728645197.37,-10.3452168508,6.4492,1002729281.42,-51.11,68.7971,26.956726373602,3.46,-1.070251009819,31.0317912662,化学制品,2024-08-30,2023-03-31
300081,ST恒信,-0.0356,97209394.38,48.488372391,-4.5169,-21531338.7,31.28,92.7149,2.998877574795,-1.18,-0.091740434551,25.1577641091,通信服务,2024-08-30,2023-03-31
920223,荣亿精密,-0.06,55437814.48,-16.3611677665,-0.2849,-9241061.72,-1233.1371923317,-37.9346,2.003407257335,-2.89,0.019136559685,12.0037179178,通用设备,2024-08-29,2023-03-31
600641,先导基电,0.0863,124279274.34,27.5606221237,-86.304,80322179.8,194.88,-78.351,9.007781756146,0.96,-0.197844685802,52.5478077876,半导体,2024-08-29,2023-03-31
920974,凯大催化,0.05,544909412.08,-5.0090859977,69.2372,7970535.0,-66.68,-41.061,3.795693136352,1.38,0.132759518423,6.1863669653,化学制品,2024-08-28,2023-03-31
920030,德众汽车,0.02,609379058.01,-18.386402197,-3.4845,2896017.84,-74.06,-51.0057,2.7341055175,0.59,0.094846532912,8.0113264459,汽车服务,2024-08-28,2023-03-31
300536,农尚环境,0.0145,59234925.74,71.2282962572,-23.1003,4260521.44,14.24,-76.8539,2.166643567403,0.67,-0.06817324883,24.2269569021,IT服务Ⅱ,2024-08-28,2023-03-31
001228,永泰运,0.37,480728229.91,-32.1093800512,-19.9435,38051841.7,-24.44,-21.9801,16.08159053321,2.3,0.304519803853,17.7066652516,物流,2024-08-28,2023-03-31
002615,哈尔斯,0.0077,362454982.3,-35.8988702805,-31.5739,3570843.9,-88.41,-86.1234,3.007817756371,0.18,-0.215096493431,26.8333268239,家居用品,2024-08-27,2023-03-31
300589,江龙船艇,0.0142,170409548.97,47.5466846706,-40.4843,5381368.61,23.2,35.3115,2.046054079123,0.68,-0.211666269254,19.197467711,航海装备Ⅱ,2024-08-23,2023-03-31
688301,奕瑞科技,1.34,440366786.18,34.7694057001,-1.0928,136722692.11,35.5,2.5463,51.791841043349,3.47,-0.565060701899,57.0440188165,医疗器械,2024-08-17,2023-03-31
300236,上海新阳,0.1821,260864353.08,6.2514091261,-18.077,56396751.69,514.57,43.5523,15.166717940684,1.24,-0.01881623556,33.4129623771,电子化学品Ⅱ,2024-08-17,2023-03-31
002565,顺灏股份,0.0071,275190263.9,-22.9884781606,-30.6477,7552800.58,298.02,113.1736,1.767281925386,-0.39,0.044575667584,23.1326737356,包装印刷,2024-08-17,2023-03-31
603567,珍宝岛,0.2512,1265115610.35,25.9204893238,40.7391,236593220.04,49.76,641.7861,7.787089074596,3.28,-0.162721635795,53.6541777149,中药Ⅱ,2024-08-08,2023-03-31
301581,黄山谷捷,,155413900.0,,,28535200.0,,,,,,,汽车零部件,2024-08-02,2023-03-31
300277,汽轮科技,0.0003,19924199.8,-21.1800012759,-80.7422,101611.14,109.48,-97.6421,1.448748608716,0.02,0.072842427104,25.1979880266,IT服务Ⅱ,2024-08-02,2023-03-31
874175,中环洁,0.05,499505135.1,,,43794609.5,,,,,,28.2983128575,,2024-08-01,2023-03-31
420079,神州城B3,-0.0012,84995.0,-81.4800486227,106.8762,-1992809.58,-72.16,99.8667,-3.716636948018,,-0.00161195542,73.4102006,,2024-07-30,2023-03-31
400079,神州城A3,-0.0012,84995.0,-81.4800486227,106.8762,-1992809.58,-72.16,99.8667,-3.716636948018,,-0.00161195542,73.4102006,,2024-07-30,2023-03-31
873738,伟邦科技,0.1,30959033.25,,-35.8367,3479786.51,,-68.9464,,,0.475574537222,34.5826246367,,2024-07-26,2023-03-31
688583,思看科技,,56329200.0,,,15512400.0,,,,,,,通用设备,2024-07-26,2023-03-31
603310,巍华新材,0.67,460643605.42,-2.4302635341,28.6287,174519818.09,5.0725418466,70.312,,,,51.401523986,化学制品,2024-07-26,2023-03-31
301628,强达电路,,179918100.0,,,22357800.0,,,,,,,元件,2024-07-26,2023-03-31
301611,珂玛科技,0.04,113599741.07,,6.3077,14346394.62,,-15.1307,,2.2,,34.8434146127,半导体,2024-07-26,2023-03-31
300635,中达安,0.0771,130988151.85,-7.5926907369,-20.6709,10517071.9,40.48,105.2743,3.650787225906,2.14,-0.219648148428,23.2903981613,工程咨询服务Ⅱ,2024-07-23,2023-03-31
874027,永驰科技,0.2529,20976944.22,,,10509648.0,,,,14.08,0.255115214629,26.8893402721,,2024-07-19,2023-03-31
688721,龙图光罩,0.18,47666967.7,,5.6031,18156189.3,,7.4676,,,,59.0528939604,半导体,2024-07-18,2023-03-31
002552,宝鼎科技,-0.04,672125643.78,672.7714746729,-51.7195,-17730165.03,-1814.2,-145.07,4.814131738311,-0.75,-0.239134351313,10.1058889746,元件,2024-07-18,2023-03-31
301592,六九一二,,16881600.0,,,-5224300.0,,,,,,,军工电子Ⅱ,2024-07-15,2023-03-31
603391,力聚热能,0.79,269777245.37,,-38.1647,53850720.01,,-49.8634,,,,45.7756051778,专用设备,2024-07-12,2023-03-31
301608,博实结,0.48,245532302.47,,-8.9589,32062177.07,,-17.3059,,,,25.3519728703,计算机设备,2024-07-12,2023-03-31
688084,晶品特装,-0.14,13601286.14,-55.1748814007,-86.3559,-10405956.98,-336.2241394123,-140.025,22.259091320001,-0.62,-0.416019425616,17.9004886372,军工电子Ⅱ,2024-07-11,2023-03-31
688173,希荻微,0.132,40174091.1,-73.1525010364,-55.674,53671656.01,461.04,230.4164,4.707315423917,2.89,-0.295177020279,43.558782043,半导体,2024-07-10,2023-03-31
688685,迈信林,0.07,65897405.66,13.4275706276,-39.3772,7360970.2,-35.54,-53.0633,6.407821849381,1.03,-0.232914010659,34.6078713291,航空装备Ⅱ,2024-07-06,2023-03-31
420254,R旭电B1,-0.04,1141123417.11,-13.2407775802,-16.7407,-225232367.09,56.71,54.8546,3.979988028318,-1.0,0.016183952576,7.3760007785,,2024-07-05,2023-03-31
400263,R旭蓝1,0.0109,583622511.78,-14.0442683041,94.376,16221272.4,128.14,111.4449,7.587948153255,0.14,-0.028566467827,17.701002822,,2024-07-05,2023-03-31
400254,R旭电A1,-0.04,1141123417.11,-13.2407775802,-16.7407,-225232367.09,56.71,54.8546,3.979988028318,-1.0,0.016183952576,7.3760007785,,2024-07-05,2023-03-31
301606,绿联科技,0.25,1010867161.34,,-7.8384,92443818.07,,-11.9808,,,,39.810138038,消费电子,2024-07-05,2023-03-31
920116,星图测控,0.02,25327480.47,,-68.9892,1743871.39,,-92.5166,,,,46.1369685541,IT服务Ⅱ,2024-07-04,2023-03-31
833070,三耐环保,0.04,13774426.38,,-74.7515,1339113.02,,-88.5356,,,-0.12080999449,40.5906107141,,2024-07-02,2023-03-31
301556,托普云农,,52600300.0,,-65.5108,4397800.0,,-92.0483,,,,,IT服务Ⅱ,2024-07-02,2023-03-31
001221,悍高集团,,349288300.0,,-27.5353,43450400.0,,-48.0269,,,,,家居用品,2024-06-30,2023-03-31
874717,鹰峰电子,,313154300.0,,-29.2455,23082000.0,,-25.8808,,,,,,2024-06-29,2023-03-31
301687,新广益,,76475200.0,,-27.806,13228500.0,,-41.8817,,,,,塑料,2024-06-29,2023-03-31
301609,山大电力,,89019800.0,,,14296500.0,,,,,,,电网设备,2024-06-29,2023-03-31
001233,海安集团,,456481900.0,,8.6977,109337700.0,,-17.6175,,,,,汽车零部件,2024-06-29,2023-03-31
873437,天一恩华,0.15,111702635.87,,-32.5877,19213595.21,,-53.3789,,,0.053627835508,28.1727665286,,2024-06-28,2023-03-31
920415,恒拓开源,0.03,30444190.46,10.1256707124,-31.1026,4442958.53,345.2291544607,405.6345,3.643545071941,0.86,0.015920710525,48.7514434306,软件开发,2024-06-27,2023-03-31
873689,讯方技术,0.16,176583705.87,37.9877072445,-50.9159,7881700.64,1352.1885231183,-86.2475,6.2072604875,2.5,0.669136509231,14.5954663105,,2024-06-27,2023-03-31
839418,控汇股份,0.1,89077990.46,,,6464341.2,,,,,-0.435376092608,26.7853051655,,2024-06-27,2023-03-31
301552,科力装备,0.44,93281923.7,,-13.3004,22584653.67,,-32.2708,,,,41.0954348919,汽车零部件,2024-06-27,2023-03-31
873805,双达股份,0.17,98186191.74,,-13.0155,17374960.18,,51.6336,,,-0.21908186285,41.3149430598,,2024-06-26,2023-03-31
833755,扬德环能,0.06,82261086.27,6.3266160561,-33.6322,20396860.49,4.68,-26.5668,2.301351217567,2.51,0.072152070084,40.8802601507,,2024-06-26,2023-03-31
301099,雅创电子,0.13,447758863.29,-2.589968389,-22.2296,10667317.19,-67.29,-69.4739,12.3666802915,1.08,-0.74420467225,18.4056587656,其他电子Ⅱ,2024-06-26,2023-03-31
920091,大鹏工业,0.25,62359643.12,59.9775657835,50.4005,7993577.39,289.5443417221,19.4956,,,,27.8872791439,专用设备,2024-06-25,2023-03-31
874232,晶华光学,-0.04,213411695.17,,-42.5198,-4847881.82,,-113.653,5.435760817499,-0.81,-1.156202124502,30.9900598593,,2024-06-25,2023-03-31
873760,华兴股份,0.14,174156862.98,13.543775469,-25.475,9975172.09,403.3046407545,-33.5984,6.038407432723,2.13,-0.006184146275,16.0526887035,,2024-06-25,2023-03-31
873688,宇星股份,0.1,89398735.37,-18.6224054288,-10.7287,4062585.73,-49.6873408845,-58.9051,10.232879734242,0.99,-0.500922546962,16.1544114805,,2024-06-25,2023-03-31
873324,阳光精机,,21098835.33,,-59.4255,1712260.93,,-87.3294,,,-0.130060306061,48.3319133047,,2024-06-25,2023-03-31
920191,瑞尔竞达,0.1265,90817136.75,,-31.0682,16835107.11,,-3.1512,,,,34.9337595803,装修建材,2024-06-24,2023-03-31
920108,宏海科技,0.16,77560614.98,,36.4039,6302172.48,,441.8102,,,,25.5150560437,家电零部件Ⅱ,2024-06-24,2023-03-31
920101,志高机械,0.32,197207623.78,,,20896340.05,,,,,,25.0686795228,工程机械,2024-06-24,2023-03-31
920076,国亮新材,0.36,230748569.49,,,23440887.1,,,9.046223459108,4.03,0.01196724504,22.018496523,装修建材,2024-06-24,2023-03-31
874141,持正科技,0.11,162197359.48,,,13736740.45,,,,,,24.6416763369,,2024-06-24,2023-03-31
872709,巍特环境,0.1,37024822.41,-29.7569423871,-60.3612,5696660.63,-56.02,-20.3957,4.861274835566,2.05,-0.234830324076,42.6328923207,,2024-06-24,2023-03-31
870840,鼎欣科技,0.12,173083620.18,20.4655456364,-32.3432,7423194.38,24.2201055025,-81.1886,5.658713231023,2.06,-0.379645531953,20.2997143193,,2024-06-24,2023-03-31
839258,汇兴智造,0.0033,70965842.48,,-58.3631,195555.95,,-98.6348,,,-1.113014575835,17.3918887576,,2024-06-24,2023-03-31
835203,亚微软件,0.0455,31560585.56,,-71.3931,1140930.61,,-96.357,,,0.041150051905,46.1196743081,,2024-06-24,2023-03-31
920168,通宝光电,0.12,85370652.9,,,6512913.66,,,,,,19.6399213084,汽车零部件,2024-06-21,2023-03-31
920037,广信科技,0.04,82316818.24,,,3429306.85,,,,,,19.7183568766,电网设备,2024-06-21,2023-03-31
874435,昆仑联通,0.33,441587095.16,,,23703745.55,,,,,,15.1065524426,,2024-06-21,2023-03-31
874399,赤诚生物,0.08,62203396.64,,,9023760.95,,,,,,29.2999656843,,2024-06-21,2023-03-31
834044,富泰和,-0.01,146206332.98,,,-1251152.58,,,,-0.26,0.294093484969,21.6386484943,,2024-06-21,2023-03-31
430646,上海底特,0.04,72969057.69,,,2069927.68,,,,,0.10831049978,23.0622212246,,2024-06-21,2023-03-31
430073,兆信股份,0.009,22755724.71,11.2034009891,-63.6699,636960.56,-1210.88,-96.1172,2.888377339979,0.31,-0.51191241725,58.8421220622,,2024-06-21,2023-03-31
301603,乔锋智能,0.43,349884494.26,,,39069353.46,,,,,,28.4971603446,通用设备,2024-06-21,2023-03-31
920112,巴兰仕,0.11,156984082.63,,,7219094.13,,,,,,23.6202478804,专用设备,2024-06-20,2023-03-31
920050,爱伦医疗,0.21,129008627.49,,23.7497,10447744.51,,-57.9066,,,,20.1597518988,医疗器械,2024-06-20,2023-03-31
874431,英氏控股,0.46,391754384.45,,,69230906.65,,,,,,59.5123467163,,2024-06-20,2023-03-31
873885,国环科技,,34163724.85,,-76.153,637449.93,,-96.364,,,-0.139696573036,25.5371273136,,2024-06-20,2023-03-31
837611,德芯科技,0.31,64664224.24,,,18342134.73,,,,,0.023664831833,54.7197711345,,2024-06-20,2023-03-31
920128,胜业电气,,115937747.74,,-16.244,9039691.92,,3.8786,,,,25.5882990297,元件,2024-06-19,2023-03-31
920007,酉立智能,0.34,119860635.01,,,10150363.22,,,,7.41,,18.2303524491,光伏设备,2024-06-19,2023-03-31
920180,爱得科技,0.26,76952315.52,-3.6364408503,,23128450.87,-18.0204609157,,,5.05,,62.8188013231,医疗器械,2024-06-18,2023-03-31
920088,科力股份,0.0888,74043507.58,-29.3250036777,-41.4829,5444147.81,27.0539279291,-51.4661,6.361839116573,1.38,0.407329280758,23.2998785091,油服工程,2024-06-18,2023-03-31
920056,能之光,0.1,117729662.55,,-14.4092,6763695.06,,1.7972,,,,15.0097821715,塑料,2024-06-18,2023-03-31
920027,交大铁发,-0.07,13444657.05,,,-4175816.28,,,,,,50.2498732759,轨交设备Ⅱ,2024-06-18,2023-03-31
874185,珈创生物,0.27,28934624.57,,5.1773,10840959.86,,45.208,6.27106130625,4.41,0.1504667755,69.3893405163,,2024-06-18,2023-03-31
870355,建院股份,0.24,270541521.32,,,24735294.28,,,,,0.003768216339,8.8863060105,,2024-06-18,2023-03-31
603285,键邦股份,0.35,157558007.63,,,41859780.94,,,,,,36.8425398259,化学制品,2024-06-18,2023-03-31
874280,楚大智能,-0.04,32846156.2,,-55.372,-825534.18,,-109.8634,,,,28.588442778,,2024-06-17,2023-03-31
873811,千禧龙纤,0.28,89880087.76,,-34.7873,23075416.36,,-30.2543,,,0.194217699684,42.5787918812,,2024-06-17,2023-03-31
920086,科马材料,0.1,33013763.88,,,6552166.38,,,,,,35.4590599925,汽车零部件,2024-06-14,2023-03-31
920005,鼎佳精密,0.14,84748350.42,,,8313456.11,,,,,,36.1933252718,消费电子,2024-06-14,2023-03-31
837758,宏天信业,0.42,74404530.72,,-3.0633,21737696.91,,-40.2181,,,1.319346465819,37.9211557239,,2024-06-14,2023-03-31
603350,安乃达,0.41,348643296.1,,36.0381,35558601.3,,-2.3479,,,,20.8597118469,电机Ⅱ,2024-06-14,2023-03-31
600979,广安爱众,0.0016,635108097.52,8.8051705001,-13.7567,1999830.58,-88.33,-92.8448,3.434172687701,0.05,0.03163877837,18.8965714795,电力,2024-06-14,2023-03-31
301275,汉朔科技,,923792900.0,,,136290300.0,,,,,,,其他电子Ⅱ,2024-06-14,2023-03-31
920082,方正阀门,0.14,150938050.31,,-16.8683,14216374.06,,-44.2542,,,,24.7951305407,通用设备,2024-06-13,2023-03-31
873976,今大禹,0.2,50228366.5,,-7.2445,12196799.54,,126.9491,,,0.093132323968,44.6557080848,,2024-06-13,2023-03-31
833339,胜软科技,-0.07,35319913.86,53.23733604,-89.0406,-3542564.67,72.3833885684,-105.2418,4.198197764776,-1.66,-0.323811306978,25.9718125202,,2024-06-13,2023-03-31
920018,宏远股份,0.09,276459504.7,,,5959413.61,,,,,,7.1618895764,电网设备,2024-06-12,2023-03-31
873741,豪钢重工,0.14,98345784.03,,-21.4821,22447230.75,,-38.5312,,,-0.309899650995,42.7075651532,,2024-06-12,2023-03-31
871037,天和环保,0.09,33295263.41,36.578071342,-53.1909,5422430.8,209.3926178807,-17.2681,2.908675310034,3.22,-0.138459479082,40.4105186204,,2024-06-12,2023-03-31
301522,上大股份,,452397800.0,89.786627445,,29063900.0,174.815144008,,,,,,金属新材料,2024-06-11,2023-03-31
873707,丰岛食品,0.11,169514482.42,-1.0226668874,-27.3099,7401706.12,21.2,-67.7823,4.093889709577,2.72,1.162012210839,13.677075185,,2024-06-07,2023-03-31
873134,创正电气,0.09,27066753.59,,,8216988.89,,,,,,75.4066570346,,2024-06-07,2023-03-31
603381,永臻股份,0.3509,1211948882.31,,-1.5527,62444916.15,,-22.3007,,3.35,,10.1394590633,光伏设备,2024-06-06,2023-03-31
301580,爱迪特,0.29,146319426.15,14.2245984715,-14.0179,16554384.94,41.2767432175,-50.4773,,,,47.010365814,医疗器械,2024-06-06,2023-03-31
920009,丹娜生物,0.42,55275632.01,,-31.2039,19848488.18,,281.0704,6.520249893015,6.93,-0.299792360625,82.1239638504,医疗器械,2024-06-05,2023-03-31
600671,天目药业,-0.0744,22252900.21,-14.5819738555,-27.3125,-9055100.93,-55.4144529529,75.7323,-0.194470266746,,-0.098452407492,20.5634264604,中药Ⅱ,2024-06-05,2023-03-31
874242,美亚科技,0.19,70171820.08,,13.2417,13332263.26,,63.1752,,,,62.5776635691,,2024-06-04,2023-03-31
688449,联芸科技,,78938500.0,,,-47089700.0,,,,,,,半导体,2024-06-03,2023-03-31
301009,可靠股份,0.0408,318794418.07,-0.8830502108,-5.4494,11097189.92,466.92,119.1663,5.016018941183,0.75,0.076248699735,16.5941936971,个护用品,2024-06-03,2023-03-31
600448,华纺股份,0.0018,636399707.18,-23.2666401864,1.2798,1108326.78,-27.41,101.2468,2.006966583063,0.1,0.182143206113,11.4041875226,纺织制造,2024-06-01,2023-03-31
920022,世昌股份,0.18,69969442.91,,-18.4369,7404126.47,,17.7674,,,,24.5874942897,汽车零部件,2024-05-31,2023-03-31
301565,中仑新材,0.19,475664194.86,,-17.4059,66279812.69,,7.6021,,,,23.5867089687,塑料,2024-05-31,2023-03-31
873864,旭辉电气,0.02,28710618.56,10.9686056688,-53.0644,2529505.34,-27.891152045,-77.8662,,,0.13187358549,48.6099076578,,2024-05-30,2023-03-31
920106,林泰新材,0.16,38222439.18,,,5236157.06,,,,,,37.2414606063,汽车零部件,2024-05-29,2023-03-31
873444,万泰股份,-0.05,82350141.62,,-57.6375,-5254490.86,,-121.7879,,-0.96,-0.155325319605,39.9787684785,,2024-05-29,2023-03-31
873755,杰特新材,0.21,47518761.05,,-14.2792,6859461.68,,49.7085,,,-0.043978250462,31.2766211315,,2024-05-28,2023-03-31
301600,慧翰股份,,142616200.0,36.4104781189,-27.692,24807300.0,62.2813444455,-11.7514,,,,,计算机设备,2024-05-28,2023-03-31
920100,三协电机,0.23,68610287.67,17.6661002788,-9.6971,7998677.2,108.2570409368,7.6045,,,,27.1297626524,电机Ⅱ,2024-05-27,2023-03-31
301571,国科天成,,83297700.0,102.195078732,-54.1265,8212800.0,604.9008668784,-76.5829,,,,,军工电子Ⅱ,2024-05-27,2023-03-31
920111,聚星科技,0.12,98330180.39,,-18.6063,13447240.06,,15.8149,,,,27.7256376647,电网设备,2024-05-24,2023-03-31
300784,利安科技,0.42,101988058.75,,-28.658,17775286.1,,-43.0959,,,,33.4634055283,消费电子,2024-05-24,2023-03-31
920118,太湖远大,0.334,315949993.56,,-11.0454,14119865.7,,7.0912,,4.25,,11.7211376372,电网设备,2024-05-23,2023-03-31
688692,达梦数据,0.59,130837084.29,,-53.7371,33554485.54,,-76.9092,,,,96.519852231,软件开发,2024-05-23,2023-03-31
600548,深高速,0.182,1903638574.41,7.3846899687,-30.174,442550909.53,7.13,35127.6574,8.245159035179,2.25,0.464882550021,39.5908363594,铁路公路,2024-05-23,2023-03-31
874087,东实环境,0.0022,185369221.21,,,1090576.88,,,,0.16,,38.3921806465,,2024-05-22,2023-03-31
873788,锐思环保,,67366557.02,142.193486124,-50.4331,5592566.23,-9.0266642284,-59.7477,5.874468035119,1.91,-0.348781018452,28.9543559636,,2024-05-22,2023-03-31
920068,天工股份,0.039,141877311.45,,8.1834,22875499.18,,-34.6016,,,,33.6179088485,小金属,2024-05-21,2023-03-31
920060,万源通,0.1732,200155562.11,-20.5902346425,-14.1117,20155627.81,664.5318626851,35.7937,3.899943586073,4.54,0.179587718382,22.4812161129,元件,2024-05-21,2023-03-31
873384,瑞克科技,0.827,84629247.32,,8.795,25785530.55,,254.3525,,,1.157057378909,41.6658876058,,2024-05-21,2023-03-31
300419,ST浩丰,-0.0063,109692454.37,-56.745047955,-73.5353,-2324340.71,-190.66,-108.2758,1.657592421636,-0.38,-0.074716533647,19.6859045265,IT服务Ⅱ,2024-05-21,2023-03-31
920008,成电光信,-0.0265,11237491.25,-76.0023518,-79.1062,-1388738.43,-110.8511263414,-114.8595,2.241505298477,-1.15,-0.739015100621,70.661985254,军工电子Ⅱ,2024-05-20,2023-03-31
301551,无线传媒,,165377900.0,,2.2391,73575000.0,,29.1593,,,,,电视广播Ⅱ,2024-05-20,2023-03-31
002567,唐人神,-0.2463,6523067834.99,32.9291473603,-16.8111,-340178286.41,-128.0,-437.3565,4.698174554458,-5.13,-0.222868342081,2.1305187682,饲料,2024-05-18,2023-03-31
920098,科隆新材,0.19,82625725.19,,-25.9054,11932075.02,,-4.7698,,2.29,,37.7887022573,橡胶,2024-05-17,2023-03-31
920019,铜冠矿建,0.02,244625267.6,3.8504850463,-31.8583,2921182.06,-50.83,-72.2102,3.614804298289,0.54,0.079355056908,12.1942760503,专业工程,2024-05-17,2023-03-31
920015,锦华新材,0.1836,248519885.48,,14.548,17623876.26,,203.2675,,,,19.4424858263,化学制品,2024-05-17,2023-03-31
873732,佰源装备,0.07,41692840.33,-29.9282812161,-29.5495,7203931.59,-50.707754788,-54.0594,3.479628785574,1.91,-0.019425663933,29.8331978142,,2024-05-17,2023-03-31
839036,珠海鸿瑞,0.08,33001388.84,29.2105824888,0.1068,4935832.32,26.9448202066,43405.9467,,,0.132467865147,41.4105756162,,2024-05-17,2023-03-31
920080,奥美森,0.03,41255346.81,,,1921771.95,,,,0.75,,43.4643392833,专用设备,2024-05-16,2023-03-31
873989,中达新材,0.16,247491998.39,-1.8287649109,-18.2965,16216654.08,127.2656094306,-19.2044,,,-0.2468280433,17.6352269423,,2024-05-16,2023-03-31
301392,汇成真空,,70841646.63,,,6521915.55,,,,1.74,,37.8518076521,专用设备,2024-05-16,2023-03-31
873809,温多利,0.03,32433095.74,,-26.8325,1530673.77,,-84.2189,,,0.183848453,36.0717951927,,2024-05-15,2023-03-31
873712,金则利,0.15,49230906.42,-17.7364610061,-28.5079,3675941.41,-37.4726368686,-63.7454,10.64695389641,1.41,-0.335988152214,20.031752505,,2024-05-15,2023-03-31
300389,艾比森,0.2205,709292328.04,43.9696685061,-30.2046,79095603.24,306.55,-11.4941,3.506249468905,6.43,0.301408544466,34.3141752855,光学光电子,2024-05-15,2023-03-31
920002,万达轴承,0.43,86016843.88,,23.8272,10842264.76,,313.5534,,,,30.2617590065,通用设备,2024-05-14,2023-03-31
688428,诺诚健华,-0.01,189387628.4,58.9883031021,3.0446,-12406466.71,89.5076093517,76.3427,4.263915885465,-0.16,-0.087740479267,77.3496139835,化学制药,2024-05-14,2023-03-31
601608,中信重工,0.0185,2172383005.13,0.2972486491,5.4963,80070276.67,2.46,268.1993,1.779603075775,1.04,-0.02459161283,18.4574565034,专用设备,2024-05-14,2023-03-31
600152,维科技术,-0.0522,308639894.4,-33.9592527447,-40.6773,-27407577.72,-318.5599392016,76.7255,3.55948132173,-1.46,0.2194470997,5.070599091,电池,2024-05-14,2023-03-31
300398,飞凯材料,0.14,594157918.54,-31.1010536839,-10.3431,72212645.69,-46.73,-36.4753,6.86046656344,1.93,-0.236014157212,38.1310687076,电子化学品Ⅱ,2024-05-14,2023-03-31
002518,科士达,0.4,1402730802.83,150.2312579706,-15.5573,233588039.55,330.38,11.3079,6.490405938346,6.38,1.058789719316,32.0304814233,其他电源设备Ⅱ,2024-05-14,2023-03-31
920035,精创电气,0.15,87923161.01,-5.4409081876,,6408219.29,-1.1934392579,,6.959172620698,3.17,-0.35123674009,41.5039208222,自动化设备,2024-05-13,2023-03-31
603205,健尔康,,210880300.0,,-36.6405,24115400.0,,-57.5092,,,,,医疗器械,2024-05-13,2023-03-31
400211,R星源1,-0.0026,28171813.23,-3.7161857039,-74.2662,-2802012.83,-279.0,98.3133,1.142890570775,-0.23,-0.039592382227,5.6297168274,,2024-05-13,2023-03-31
688235,百济神州,-1.81,3066389000.0,57.4236417644,13.6694,-2446580000.0,14.6446083776,23.7444,21.058754857054,-8.3,-2.634601468544,81.8351161578,化学制药,2024-05-11,2023-03-31
832861,奇致激光,0.19,62580809.01,5.8480639814,-4.4048,11123022.61,18.3525600789,-11.8902,5.282750165333,3.57,-0.2838589205,59.9299940082,,2024-05-10,2023-03-31
688981,中芯国际,0.2,10208898000.0,-13.8781053837,-13.1344,1591324000.0,-44.0,-41.9981,16.880645276464,1.2,0.669354109502,22.7652191255,半导体,2024-05-10,2023-03-31
688347,华虹宏力,0.8,4374300427.29,14.8961370116,-3.3271,1044228236.78,62.7420062,-5.3141,,5.13,,35.8641192496,半导体,2024-05-10,2023-03-31
600022,山东钢铁,-0.0289,24750493894.66,2.6518298498,-3.6682,-309344299.17,-152.42,-245.5749,2.013503996434,-1.43,-0.16632067769,2.9416212509,普钢,2024-05-10,2023-03-31
301596,瑞迪智驱,0.5616,133806762.63,,-9.3531,23215277.43,,15.0312,,6.77,,34.440728902,通用设备,2024-05-10,2023-03-31
874018,天威新材,0.19,102944578.15,9.5687342822,-10.4949,10905827.75,20.7935814624,8.9617,6.56703465069,,-0.320279743849,29.689072644,,2024-05-08,2023-03-31
873652,常荣电器,0.15,61257724.22,-2.9643134752,25.4632,10355036.97,-25.9,-69.0871,7.438536871686,1.98,0.19946059264,46.8575043972,,2024-05-08,2023-03-31
688530,欧莱新材,0.09,105725225.58,-3.6584421542,24.3736,10352779.9,-32.1898443078,28.462,,2.24,,25.2385531585,半导体,2024-05-08,2023-03-31
600732,爱旭股份,0.38,7745486612.89,-1.0403117024,-16.2329,701629863.05,208.78,-25.2043,7.497288345106,7.46,-0.419930752246,18.1089025387,光伏设备,2024-05-08,2023-03-31
600686,金龙汽车,-0.02,3746395247.75,27.7770021925,-51.3993,10673284.46,175.32,107.7184,4.289762692542,0.13,-0.234952250501,10.9765923496,商用车,2024-05-08,2023-03-31
300691,联合光电,0.03,329750339.04,20.0488532632,-19.0592,8599932.65,164.25,-31.0539,6.015543755677,0.54,0.662834962054,22.2847780821,计算机设备,2024-05-08,2023-03-31
002091,江苏国泰,0.19,8142877997.06,-17.9335484682,-12.0497,312937003.15,-28.16,-11.0224,8.578363934626,2.2,0.444924015881,16.0151293723,贸易Ⅱ,2024-05-08,2023-03-31
920016,中草香料,0.12,34641568.44,10.1059321482,-39.7309,7007704.87,-9.4762473728,-48.6954,3.151479865446,3.79,0.176845085943,36.7009265531,化学制品,2024-05-07,2023-03-31
603008,ST喜临门,0.16,1467416299.96,4.4715993731,-30.0456,61631455.98,14.3,140.6995,9.190238791282,1.72,-1.616265764458,32.3909166671,家居用品,2024-05-07,2023-03-31
603878,武进不锈,0.13,867987240.32,53.1124924847,9.6039,72629535.29,124.79,0.9319,6.61874803665,2.77,-0.202567028389,14.2589678708,普钢,2024-05-06,2023-03-31
600163,中闽能源,0.1436,554402780.27,0.7260939076,-9.5839,273333061.87,-5.28,-1.7698,3.171831537785,4.6373,0.14191086391,69.137406716,电力,2024-05-06,2023-03-31
002783,凯龙股份,0.08,784306846.55,14.1684369944,-14.4525,29351047.03,-55.36,216.3214,3.759689901542,2.03,0.106721907526,24.8552463577,化学制品,2024-05-06,2023-03-31
002306,ST云网,-0.0355,41514797.91,58.2432328927,-17.5356,-29091946.35,-4560.33,-59.0296,0.048865666407,-54.95,0.001403083181,-12.6689694875,酒店餐饮,2024-05-06,2023-03-31
900904,神奇B股,0.04,582797540.36,-0.9259730028,-13.7618,23790846.61,1.39,441.4045,4.406202882285,1.02,0.043970798389,53.690314032,化学制药,2024-05-01,2023-03-31
688651,盛邦安全,-0.12,35476844.21,41.6970983461,-73.8553,-7064113.64,6.01,-111.3855,4.658957499779,,-0.191074524319,68.6435609544,软件开发,2024-05-01,2023-03-31
688210,统联精密,-0.03,69077766.63,-29.1878965049,-54.2444,-2913899.36,-129.79,-110.6118,10.888178603929,-0.24,0.526852192321,29.9822111374,消费电子,2024-05-01,2023-03-31
600966,博汇纸业,-0.4019,4161529941.69,0.5221822089,-7.8572,-497045819.82,-375.22,-29.2336,4.507216496287,-7.93,0.117895323655,-4.6004535311,造纸,2024-05-01,2023-03-31
600613,神奇制药,0.04,582797540.36,-0.9259730028,-13.7618,23790846.61,1.39,441.4045,4.406202882285,1.02,0.043970798389,53.690314032,化学制药,2024-05-01,2023-03-31
600165,ST宁科,-0.085,46109368.75,-72.3426140625,3011.2929,-58433529.67,-154.5484610123,69.1745,0.833937921131,-9.737,-0.062539695118,-56.1146083354,化学制品,2024-05-01,2023-03-31
400222,R园城1,0.002,20780198.68,88.7819540393,-57.1135,449527.77,414.85,224.1842,0.256799454795,0.78,0.013160380742,-1.7374128879,,2024-05-01,2023-03-31
301037,保立佳,-0.15,557861952.13,-25.5696419085,-9.175,-15251311.17,-318.9,-396.2284,8.122536279669,-1.85,0.848952342992,12.2751667395,化学制品,2024-05-01,2023-03-31
900948,伊泰B股,0.99,13717796219.61,-8.0094616249,-7.7981,3221743774.29,-1.93,509.4714,16.297772914573,6.28,0.444354822248,40.9248945555,煤炭开采,2024-04-30,2023-03-31
900947,振华B股,0.024,6019689227.0,26.1875850694,-46.3125,129537269.0,747.09,-57.4741,2.806308115466,0.85,-0.175318395173,14.3175348843,专用设备,2024-04-30,2023-03-31
900942,黄山B股,0.0885,337916364.49,161.2634687038,69.3626,64575642.65,177.5419359082,191.0393,5.692706448704,1.57,0.180169046402,47.747677211,旅游及景区,2024-04-30,2023-03-31
900940,大名城B,0.0436,1499304967.26,82.5579062157,-60.1957,101386595.08,221.7989933695,-24.4478,5.016903773592,0.82,0.356438735484,20.0405051501,房地产开发,2024-04-30,2023-03-31
900938,海科B,0.0068,71173562.1,106.8517847594,39.6226,19818915.17,-75.64,189.4406,2.458883901628,0.28,-0.046698558203,-22.251991572,航运港口,2024-04-30,2023-03-31
900936,鄂资B股,0.36,7529356036.09,-21.2774360261,-10.6446,1000403017.56,-24.89,369.8317,10.717630754622,4.77,0.388356609143,23.6879499639,冶钢原料,2024-04-30,2023-03-31
900934,锦江B股,0.1319,3002967449.95,28.6772036267,0.3075,141114042.17,215.9308574597,81.9422,15.610313376179,0.82,1.302730753472,36.6051747337,酒店餐饮,2024-04-30,2023-03-31
900932,陆家B股,0.0902,2002621438.07,-25.8704267846,-60.3214,434337918.41,-31.49,644.3243,5.455500122981,1.5,-0.252211557209,64.1206364123,房地产开发,2024-04-30,2023-03-31
900929,锦旅B股,-0.0334,63846532.56,55.1549436236,-29.8505,-4432692.78,62.4206979276,92.8815,5.462025973196,-0.62,-0.266398537466,18.9886783258,旅游及景区,2024-04-30,2023-03-31
900924,上工B股,0.0493,850896684.89,17.1652473594,-15.6059,35162307.33,-16.11,321.7579,4.584854334348,1.0907,-0.191574434766,23.8372156234,专用设备,2024-04-30,2023-03-31
900923,百联B股,0.12,9493137467.03,-7.7119304808,32.4425,208729930.44,36.14,-75.8079,10.010338123176,1.18,1.639534054262,25.0630855414,一般零售,2024-04-30,2023-03-31
900922,三毛B股,0.013,283006716.7,145.6311466757,-11.6309,2663743.54,159.76,117.8767,2.130681343873,0.62,-0.121368071957,5.5916779625,综合Ⅱ,2024-04-30,2023-03-31
900920,动力B股,-0.29,2011023519.64,-50.4890050856,1.869,-479680503.52,-2964.63,52.6238,4.585748962665,-6.22,-0.628324550167,-0.0062083754,汽车零部件,2024-04-30,2023-03-31
900914,锦在线B,0.027,473878151.87,-7.7139500753,-20.6963,14671798.73,-97.4,196.2751,7.07709693278,0.38,-0.350822248712,18.6920955335,铁路公路,2024-04-30,2023-03-31
900911,金桥B股,1.2224,4276929232.94,67.7638494645,172.2152,1372025799.31,51.34,163.4152,12.75343287966,10.32,-0.98495782311,77.9057914774,房地产开发,2024-04-30,2023-03-31
900910,海立B股,-0.03,4301581107.48,-0.4117136194,4.6015,-27316400.12,-164.25,-9.998,5.606744340859,-0.45,-0.337092842001,10.178561737,家电零部件Ⅱ,2024-04-30,2023-03-31
900909,华谊B股,0.005,9717829509.05,0.5446760061,4.8523,10516740.59,-98.43,-92.6731,10.219240343276,0.05,-0.582504319476,5.8086736898,化学原料,2024-04-30,2023-03-31
900908,氯碱B股,0.1628,1651191099.41,-16.4035471118,18.9233,188276150.59,-61.23,-18.4137,6.89731482235,2.39,-0.043283980395,17.4965399173,化学原料,2024-04-30,2023-03-31
900906,中毅达B,-0.011,325861894.61,-5.0323216199,4.2256,-11743230.18,-165.27,58.6382,0.122685739657,-8.56,0.002842390463,5.1077780021,化学原料,2024-04-30,2023-03-31
900905,老凤祥B,1.3686,24558455776.9,33.1687688334,159.2701,715957438.14,76.1,107.9564,20.730219189574,6.83,12.93957364151,8.0192101185,饰品,2024-04-30,2023-03-31
900903,大众B股,0.04,773220302.42,51.8289680316,-10.7056,99134918.85,138.1019404655,7.9985,3.997536710854,1.01,0.030755798253,22.498859832,铁路公路,2024-04-30,2023-03-31
874044,兰州助剂,0.1222,98231107.3,,,13992092.45,,,,3.5,,25.5751492786,,2024-04-30,2023-03-31
873931,潜阳科技,0.18,147764187.77,,-29.8449,23408222.54,,-48.9788,,4.66,0.468410719685,29.5560592584,,2024-04-30,2023-03-31
873747,华信安全,-0.99,17846213.24,,-15.2665,-56393122.66,,-104.171,,-3.73,0.009413040134,29.6715863964,,2024-04-30,2023-03-31
872328,宁苗生态,0.0106,14503279.88,,,1827296.93,,,,0.34,-0.194328965465,50.0174445368,,2024-04-30,2023-03-31
870487,环威股份,0.049,426812915.55,,,11484191.41,,,,1.92,0.005095874916,6.8863725649,,2024-04-30,2023-03-31
836228,新阳特纤,0.16,103770211.84,129.679952348,10.8264,24858153.56,1305.9133726642,419.8043,1.87066002258,10.58,0.358048588574,37.5777648697,,2024-04-30,2023-03-31
834960,金雨茂物,0.014,22008462.2,31.4717912834,12.6356,6996843.13,139.97,109.4823,17.0934568409,0.41,0.0108419179,,,2024-04-30,2023-03-31
834418,好买财富,0.12,181594127.83,-16.4348194846,-20.618,42343800.53,8.0,-29.1194,4.413396943005,2.81,0.835432789539,94.480176986,,2024-04-30,2023-03-31
833565,方元企业,0.005,4905085.18,-48.3277980707,-78.5442,541488.15,-51.1,106.2992,1.889457265,0.27,-0.37315350713,,,2024-04-30,2023-03-31
833233,鸿丰小贷,0.04,16416451.25,-8.7173360241,-29.9905,11666131.6,-14.05,42.3486,1.607599452769,2.26,0.089487135538,,,2024-04-30,2023-03-31
832254,万安环境,-0.01,15370152.11,,,-844347.87,,,,-0.55,0.048234423787,19.3079035182,,2024-04-30,2023-03-31
830958,鑫庄农贷,0.00032,658691.45,908.621475081,-2.0738,135048.27,175.0,100.1151,0.055021337025,0.006,-1.915031e-05,,,2024-04-30,2023-03-31
688789,宏华数科,0.54,282950397.31,2.5880197781,43.3564,64117094.14,-12.16,13.2872,32.97347137375,2.7,0.800010224043,47.5570254113,专用设备,2024-04-30,2023-03-31
688786,悦安新材,0.19,79166752.11,-23.656874486,-5.506,16386321.36,-39.28,-16.3519,7.927185500136,2.46,-0.076031368269,37.2158301999,金属新材料,2024-04-30,2023-03-31
688739,成大生物,0.31,353522532.16,-3.5000558984,-22.2619,127042894.67,-15.82,1.7441,23.476260909185,1.31,0.260712253452,84.438039945,生物制品,2024-04-30,2023-03-31
688737,中自科技,0.07,265265859.02,175.8414643902,93.7881,6185549.45,157.3294922408,117.9461,21.546135356044,0.33,-2.051831365769,15.1859337643,汽车零部件,2024-04-30,2023-03-31
688733,壹石通,0.06,106418901.44,-30.3639352559,-28.5244,12704549.14,-70.85,-57.7806,11.435734925343,0.56,-0.072757480846,27.7733753497,电池,2024-04-30,2023-03-31
688728,格科微,-0.05,853204583.0,-50.8201504002,-37.8582,-129193711.0,-153.5,-10.7865,3.113825548457,-1.65,-0.007404680451,38.3635991322,半导体,2024-04-30,2023-03-31
688709,成都华微,0.14,218747910.34,,-25.7785,74964304.72,,-24.7757,,,,79.8171465403,半导体,2024-04-30,2023-03-31
688698,伟创电气,0.24,284379981.57,43.0132927261,18.3001,42821537.15,42.99,69.6123,5.699208782667,4.27,-0.131853294056,38.2364033255,自动化设备,2024-04-30,2023-03-31
688696,极米科技,0.75,883693767.84,-12.7548434801,-34.045,52193828.12,-57.03,-69.6366,45.782100924,1.65,1.167825990143,34.8570282908,黑色家电,2024-04-30,2023-03-31
688693,锴威特,0.22,61190305.47,3.2307970468,2.0057,12344073.54,-31.14,-31.8831,6.37075879377,3.57,-0.461052318074,51.557501924,半导体,2024-04-30,2023-03-31
688689,银河微电,0.09,146983565.1,-14.7815728633,-4.6241,11818147.51,-41.01,-46.8232,8.972319233163,0.92,0.004171649052,29.8349282725,半导体,2024-04-30,2023-03-31
688686,奥普特,0.5375,250593648.45,14.726837452,8.6152,65614681.36,3.81,45.3598,23.365916263332,2.35,-0.049945453037,66.2684261821,自动化设备,2024-04-30,2023-03-31
688681,科汇股份,-0.05,55785526.92,25.9142805966,-37.8291,-4988540.28,63.2747513403,-4.1123,5.361286251361,-0.89,-0.084379892424,39.1238520903,电网设备,2024-04-30,2023-03-31
688679,通源环境,,226406747.91,7.833015684,-46.3519,-630191.43,53.6416726806,-106.4799,8.427059115227,-0.06,-0.464601198234,19.2498847947,环境治理,2024-04-30,2023-03-31
688671,碧兴物联,0.23,72183533.28,19.4792484407,-56.3704,13690903.71,383.38,-49.3031,8.658219754826,2.72,-0.593705185358,45.1225623213,环保设备Ⅱ,2024-04-30,2023-03-31
688667,菱电电控,0.26,232312855.96,35.8975563868,27.8376,13606170.63,-47.88,1.3926,29.786856009229,0.89,-1.28447737924,25.3643937252,汽车零部件,2024-04-30,2023-03-31
688665,四方光电,0.55,139906746.19,3.90908709,-31.818,38783481.59,-9.86,-14.6252,13.237281918,4.28,0.404750056714,46.4117590454,通用设备,2024-04-30,2023-03-31
688661,和林微纳,-0.08,42981036.44,-52.4765658138,-24.5623,-7162013.24,-137.06,-10.2676,13.928520082008,1.44,-0.16552037307,21.6314558002,半导体,2024-04-30,2023-03-31
688660,电气风电,-0.12,1386027011.76,-69.460263005,-74.2021,-166562548.23,-226.62,52.2638,5.23050231645,-2.36,-0.903267417579,13.9741380555,风电设备,2024-04-30,2023-03-31
688658,悦康药业,0.19,1128554211.2,25.2784631162,8.5235,85267722.97,34.35,17516.417,9.0739879232,2.11,0.482755670067,60.7580710023,化学制药,2024-04-30,2023-03-31
688623,双元科技,0.58,103947374.29,70.3440060209,6.9461,25932529.04,149.23,-2.6829,9.120621098136,6.21,0.710486504723,43.5043833564,自动化设备,2024-04-30,2023-03-31
688622,*ST禾信,-0.23,56915996.54,26.1032056845,-55.9974,-16361746.46,-32.6632448084,16.1262,7.347465368744,-3.13,-0.918357591401,58.3945848978,通用设备,2024-04-30,2023-03-31
688620,安凯微,0.01,110800621.31,5.2389872209,-32.2753,3868396.09,38.41,-79.8564,1.984835987993,0.53,-0.004852103265,30.173937614,半导体,2024-04-30,2023-03-31
688601,力芯微,0.21,178417815.74,-32.6444549991,17.0178,27658676.04,-57.82,411.4008,12.619113608594,2.48,0.028295632589,42.1189826466,半导体,2024-04-30,2023-03-31
688596,正帆科技,0.04,410811629.3,13.4226790239,-54.3949,11148973.64,-0.97,-90.8227,8.937316271162,0.46,-0.472404417046,31.3518444693,专用设备,2024-04-30,2023-03-31
688591,泰凌微,0.05,146195028.75,1.5487254229,-15.8,8351413.55,13.5536065864,-70.2184,,,,42.8855482475,半导体,2024-04-30,2023-03-31
688590,新致软件,0.03,316795419.78,24.7496915316,-32.7693,7275657.8,101.36,110.482,4.561954414894,0.57,-0.496309633715,24.5889324802,软件开发,2024-04-30,2023-03-31
688588,凌志软件,0.0996,167126801.17,4.4081372787,-9.2689,39808515.45,11.77,-36.5188,3.416817615133,2.92,-0.013046903555,44.8190426045,软件开发,2024-04-30,2023-03-31
688577,浙海德曼,0.17,150688090.02,13.6225650909,-17.1609,9424978.13,-36.44,63.9559,16.182487984874,1.08,-0.214440145116,27.8234690309,通用设备,2024-04-30,2023-03-31
688571,杭华股份,0.03,243883238.33,-12.7145250448,-16.7668,13772276.34,43.68,-56.8029,4.414481679563,0.98,0.047099034688,20.0833647221,化学制品,2024-04-30,2023-03-31
688567,孚能科技,-0.29,3734755437.14,144.1955677802,26.2696,-351598174.42,-44.0239269811,45.833,9.619191093609,-2.96,-0.325280386165,1.9051430161,电池,2024-04-30,2023-03-31
688565,力源科技,-0.0228,42764250.3,3.0999189229,436.3312,-3600510.28,-159.08,88.7977,3.674387615563,-0.62,-0.230376283535,23.8382694154,环境治理,2024-04-30,2023-03-31
688560,明冠新材,0.1,401127650.03,4.6458249747,6.7279,19427040.61,-41.84,165.3794,15.627698862959,0.62,-0.369972886349,12.0493351646,光伏设备,2024-04-30,2023-03-31
688559,海目星,0.16,895360703.21,100.4516259233,-48.383,31571325.59,184.17,-80.2537,10.344559588651,1.53,-2.030732012205,30.8312627001,自动化设备,2024-04-30,2023-03-31
688558,国盛智科,0.28,263308020.16,-4.3431908261,-6.7424,36406069.95,-13.73,3.0238,11.707660606061,2.38,0.120824600758,25.5768153545,通用设备,2024-04-30,2023-03-31
688536,思瑞浦,0.01,307259340.85,-30.548566213,-2.3716,1639849.12,-98.21,116.1773,31.764050497674,0.04,-0.823798612988,57.8529083081,半导体,2024-04-30,2023-03-31
688533,上声电子,0.19,452933612.92,22.9751737959,-20.2319,29929527.72,138.9,4.7654,7.082849301438,2.68,0.3817417925,23.4118164418,汽车零部件,2024-04-30,2023-03-31
688526,科前生物,0.29,279514834.18,37.9233016596,-11.1941,135537098.41,49.33,7.4932,7.791548789697,3.8,0.382025503163,77.3382922714,动物保健Ⅱ,2024-04-30,2023-03-31
688525,佰维存储,-0.33,425491095.16,-39.4098387176,-46.8368,-126015215.24,-908.07,-2512.1317,5.333189210038,-5.34,-1.502214621973,-4.4767055637,半导体,2024-04-30,2023-03-31
688523,航天环宇,0.0152,25383076.83,206.4951667967,-89.4063,5572791.35,180.54,-92.7246,1.965970129044,0.78,-0.232561754235,59.3503095818,航天装备Ⅱ,2024-04-30,2023-03-31
688505,复旦张江,0.01,189147552.0,34.3320676009,-39.9329,8787158.0,78.39,-91.3147,2.202180102041,0.39,-0.155743648202,90.8293912257,化学制药,2024-04-30,2023-03-31
688500,慧辰股份,-0.059,95139759.03,1.0210589554,-42.8109,-4329495.95,-70.552686711,94.7129,12.236461334851,-0.11,0.056987650541,29.1605579758,IT服务Ⅱ,2024-04-30,2023-03-31
688485,九州一轨,-0.11,24384443.62,11.1395694355,-85.5595,-14672337.22,-106.3529319375,-134.4269,8.851831235305,-1.28,-0.22713981614,34.3180787735,轨交设备Ⅱ,2024-04-30,2023-03-31
688484,南芯科技,0.07,285668200.45,-32.078040093,11.7625,30958612.32,-75.83,10622.3315,8.216751441102,2.84,-0.058473891979,41.2284303414,半导体,2024-04-30,2023-03-31
688478,晶升股份,0.02,38386992.04,128.5,-57.4462,2439410.75,307.73,-84.1377,5.049916070287,0.47,-0.387501220819,38.7526018045,半导体,2024-04-30,2023-03-31
688469,芯联集成,-0.1,1154539275.25,0.2601379374,-20.1802,-499593092.97,37.29,-128.446,0.581960398747,-15.62,0.042867140674,2.3925472101,半导体,2024-04-30,2023-03-31
688468,科美诊断,0.09,100933657.63,-16.5028328419,-4.196,34836760.84,-10.92,1.3437,3.529705769576,2.49,0.045565143716,75.6198926525,医疗器械,2024-04-30,2023-03-31
688458,美芯晟,-0.08,80053425.63,44.29,-49.3084,-4513029.19,-47.4,-119.7826,11.180943022833,-0.67,-0.604446091333,29.5387113467,半导体,2024-04-30,2023-03-31
688456,有研粉材,0.1,607934002.11,-20.0535003932,-5.9788,10680035.82,-30.89,-37.4823,10.951768221976,0.95,-0.748173551322,8.759388668,金属新材料,2024-04-30,2023-03-31
688443,智翔金泰,-0.73,100013.67,1479.9273964618,466.6166,-200969108.81,149.72,-58.7448,-0.300966355382,,-0.352982157236,4.0975398663,生物制品,2024-04-30,2023-03-31
688429,时创能源,0.18,475123923.43,18.0555665561,-31.376,64251015.93,286.97,-40.3429,4.035663267472,4.55,-0.124329429972,27.237019676,光伏设备,2024-04-30,2023-03-31
688426,康为世纪,0.04,76943090.83,-37.3503595414,-37.772,3989440.65,-89.74,-71.5085,19.157696973021,0.23,-0.098649468618,70.359864123,医疗器械,2024-04-30,2023-03-31
688425,铁建重工,0.08,2365451365.76,10.7454452129,3.5456,416422477.27,10.49,-5.4933,2.982378468838,2.65,0.037692144197,33.4171005066,工程机械,2024-04-30,2023-03-31
688418,震有科技,0.025,135666358.22,107.9263799497,-19.6743,4762456.27,112.9521674344,103.8677,4.775162559837,0.52,-0.016458962915,45.7251104577,通信设备,2024-04-30,2023-03-31
688416,恒烁股份,-0.23,71737051.9,-42.0210900748,-13.9944,-18674066.37,-173.57,26.5815,20.351859537752,-1.11,-0.513510036433,15.8669695904,半导体,2024-04-30,2023-03-31
688409,富创精密,0.19,341395501.72,21.7238859159,-35.8196,39388111.47,-3.46,-52.1684,22.430036036833,0.84,-0.464386340665,29.2133946222,半导体,2024-04-30,2023-03-31
688400,凌云光,0.02,550518194.49,4.7569678605,-23.5902,10171835.11,169.4541550644,-65.4071,8.417567863862,0.26,0.179958982675,30.2312486991,专用设备,2024-04-30,2023-03-31
688393,安必平,0.08,90744669.29,-24.435964132,-31.7995,7819891.42,-60.15,922.8795,13.276054142061,0.63,-0.192406832333,71.0319514351,医疗器械,2024-04-30,2023-03-31
688386,泛亚微透,0.16,77414260.29,2.9085095755,-34.8877,11539385.39,-35.9,200.7144,8.986895283714,1.85,0.100837508429,45.4985362103,塑料,2024-04-30,2023-03-31
688385,复旦微电,0.23,809356915.84,4.3259086522,-3.0317,188262836.77,-19.18,-13.5101,5.815413172858,4.06,-0.64284501736,66.7708684072,半导体,2024-04-30,2023-03-31
688383,新益昌,0.57,358169549.7,2.141700489,101.0939,58331276.51,-17.74,1670.2897,13.838350113968,4.17,-0.508911190637,39.2877719527,专用设备,2024-04-30,2023-03-31
688382,益方生物,-0.2,,,,-117870350.59,1.6749484981,-19.6872,3.674218015096,-5.24,-0.142042305791,,化学制药,2024-04-30,2023-03-31
688379,华光新材,0.09,288579130.65,1.5606471837,-15.1409,8203541.86,24.8,-62.2489,10.210092076263,0.91,-1.530174788884,11.6408685321,通用设备,2024-04-30,2023-03-31
688375,国博电子,0.29,697530230.07,15.3616409166,-12.7173,115885540.26,15.53,-2.4931,14.384401335042,2.03,-0.647153435889,31.7543031773,军工电子Ⅱ,2024-04-30,2023-03-31
688372,伟测科技,0.31,140126196.26,-15.3815338392,-26.2505,27309024.78,-39.29,-64.6181,27.597567205286,1.14,0.55007156404,36.7496280599,半导体,2024-04-30,2023-03-31
688371,菲沃泰,-0.03,57807045.04,-39.7194701955,-44.9146,-10670029.39,-237.59,-170.6293,5.927262334933,-0.54,0.114367949054,39.9300893758,电子化学品Ⅱ,2024-04-30,2023-03-31
688366,昊海生科,0.47,611252893.65,29.0603661227,11.6001,81177581.15,33.21,333.6356,32.197465177292,1.48,0.466692916431,71.4932939214,医疗器械,2024-04-30,2023-03-31
688363,华熙生物,0.42,1305155874.23,4.0083949858,-35.9847,200485364.45,0.37,-31.6865,14.308768495985,2.97,-0.412264480628,73.781824888,医疗美容,2024-04-30,2023-03-31
688360,德马科技,0.18,296708959.69,-4.7899362005,-46.9918,21331304.13,27.15,72.2978,11.852601859931,2.12,-0.491106856844,25.1312925932,通用设备,2024-04-30,2023-03-31
688356,键凯科技,0.78,92823711.88,-7.9544613811,7.6245,47081919.93,-10.04,117.5465,21.176729631104,3.76,0.648908192841,85.4912200479,化学制药,2024-04-30,2023-03-31
688350,富淼科技,0.11,371485658.61,-1.7015529765,-19.2763,13469365.96,-51.64,-65.7887,11.691832874007,0.89,-0.37679568203,14.7091760835,化学制品,2024-04-30,2023-03-31
688349,三一重能,0.4056,1563671000.0,-23.6642972355,-73.8481,482490000.0,-19.15,-20.1888,9.850095346183,4.21,-0.320705390781,28.9981716103,风电设备,2024-04-30,2023-03-31
688348,昱能科技,1.05,435738372.96,151.050349916,6.1438,117636570.87,282.91,9.2066,47.992550508125,3.12,-5.37617024875,41.5895506996,光伏设备,2024-04-30,2023-03-31
688337,普源精电,0.13,156518215.69,34.1705109841,-27.6209,23146706.58,440.92,-45.3443,21.380096482838,0.9,0.00722653271,54.2285776552,通用设备,2024-04-30,2023-03-31
688334,西高院,0.1467,135646091.08,58.2789715852,4.0304,34827047.37,253.85,-22.2796,7.941129996138,1.86,0.345058510744,43.270258953,专业服务,2024-04-30,2023-03-31
688327,云从科技,-0.14,45340157.16,-78.7240887085,-35.6755,-143945155.18,-24.2889832014,49.1333,2.675087438496,-7.1,-0.146029399465,74.416084181,IT服务Ⅱ,2024-04-30,2023-03-31
688325,赛微微电,-0.0198,28840639.31,-45.9787694253,-47.7009,-1592793.74,-113.14,-106.0512,20.198764446851,-0.1,-0.118422122091,55.3575980352,半导体,2024-04-30,2023-03-31
688323,瑞华泰,-0.04,44707484.37,-44.6606327755,-42.892,-7603816.4,-161.91,-316.9347,5.003545116165,-0.74,0.087347304193,29.0954155513,塑料,2024-04-30,2023-03-31
688322,奥比中光,-0.17,61261213.9,-25.8302954346,-41.6374,-68120785.16,-11.8395120528,19.3743,7.953585049362,-2.12,-0.231428020805,44.1253427073,光学光电子,2024-04-30,2023-03-31
688318,财富趋势,0.43,65083971.38,34.6019178935,-47.6185,56166595.78,25.26,-35.2454,34.53253297853,1.76,0.404439084296,79.6785947914,软件开发,2024-04-30,2023-03-31
688308,欧科亿,0.38,283832837.38,8.3758222798,10.9912,59295431.26,4.78,10.6091,22.45405147608,2.37,-0.517877963694,32.2319739937,通用设备,2024-04-30,2023-03-31
688303,大全能源,1.36,4856370070.44,-40.2566158018,-22.4617,2911036747.3,-32.49,-27.8714,22.723513543295,6.19,2.51512090679,72.1708449602,光伏设备,2024-04-30,2023-03-31
688298,东方生物,-0.3,376045281.02,-92.0769618337,-58.6845,-50330075.15,-102.44,94.8842,48.208575905,-0.62,-4.354546825238,32.7316140562,医疗器械,2024-04-30,2023-03-31
688286,敏芯股份,-0.39,65590916.77,-11.3600299348,-12.0882,-20554400.76,-674.3853467237,42.7036,18.818895857964,-2.02,-0.338184589882,22.506880277,半导体,2024-04-30,2023-03-31
688282,理工导航,0.12,8269302.52,-88.0310692043,-34.6183,10979278.13,-22.82,1880.7543,17.314056204545,0.72,0.111871469432,13.2219012106,航天装备Ⅱ,2024-04-30,2023-03-31
688280,精进电动,-0.21,177962847.47,-31.2592048607,-46.702,-121660711.27,-39.33,-40.8654,2.481240302485,-7.98,-0.161058164373,-0.511316296,汽车零部件,2024-04-30,2023-03-31
688275,万润新能,-0.4,3098487532.71,101.6796521102,-36.9108,-33786386.62,-114.5,-120.2854,100.185214287413,-0.39,-18.915367233171,12.0706707357,电池,2024-04-30,2023-03-31
688269,凯立新材,0.32,494523598.3,57.6102846824,-15.1263,41259946.58,-25.77,-10.2792,7.732720532807,4.17,-0.864529686085,14.7125706862,化学制品,2024-04-30,2023-03-31
688265,南模生物,-0.18,87304768.91,20.0786524889,-0.2458,-14231619.55,-202.22,-167.2819,22.527466805915,-0.82,-0.434471868655,40.2575022061,医疗服务,2024-04-30,2023-03-31
688261,东微半导,0.75,302170776.06,46.9255451052,-7.3869,71126487.13,48.98,-15.6512,43.125289037475,2.48,-0.061553833112,33.0224376894,半导体,2024-04-30,2023-03-31
688260,昀冢科技,-0.2485,90195566.92,-24.4712948295,-16.5013,-29824112.7,-615.73,58.5925,3.508671146917,-6.87,-0.152747386167,10.996478728,消费电子,2024-04-30,2023-03-31
688257,新锐股份,0.2938,372166949.16,33.7396479465,22.2715,38168932.36,3.53,3.4174,22.517061180496,1.84,-1.009000015302,33.5680763061,通用设备,2024-04-30,2023-03-31
688256,寒武纪,-0.64,75287960.03,19.522281459,-83.7975,-255032330.91,11.2571495169,18.2023,11.397857550242,-5.38,-0.670063049841,76.792102983,半导体,2024-04-30,2023-03-31
688249,晶合集成,-0.22,1089766262.43,-61.33,-30.0756,-330557046.82,-125.28,0.2161,8.508178975848,-2.55,-0.269952199751,8.0233691264,半导体,2024-04-30,2023-03-31
688248,南网科技,0.05,460036347.97,88.486054962,-32.7094,30366322.31,570.93,-56.4689,4.638937174624,1.17,-0.382722336869,24.564714412,电网设备,2024-04-30,2023-03-31
688247,宣泰医药,0.02,42418265.2,-32.8604053526,-30.0707,7716721.48,-61.92,-70.1352,2.613879742313,0.65,0.040997417854,56.2408812042,化学制药,2024-04-30,2023-03-31
688239,航宇科技,0.36,559915625.07,79.6557439979,20.8292,50541981.17,-2.53,2.8886,9.361251134789,3.95,-0.725588728911,29.5295134851,航空装备Ⅱ,2024-04-30,2023-03-31
688237,超卓航科,0.24,60050139.24,40.5383566826,83.9092,21488686.1,-16.62,104.9326,14.650347883577,1.65,-0.005086616555,45.4326187504,航空装备Ⅱ,2024-04-30,2023-03-31
688236,春立医疗,0.15,246355024.32,-4.1842183602,-44.2181,55861404.05,-24.53,-43.0053,7.222757322057,2.03,-0.312786442906,68.3723612234,医疗器械,2024-04-30,2023-03-31
688227,品高股份,-0.14,58513525.57,13.0032234109,-81.1181,-16044521.52,-16.2538333825,-125.6994,12.586811130042,-1.12,-0.863137758057,48.1494056554,IT服务Ⅱ,2024-04-30,2023-03-31
688223,晶科能源,0.17,23152747408.12,57.7025050801,-22.5773,1658032536.28,313.36,31.5653,2.839614938312,6.02,-0.028968662415,13.7922465409,光伏设备,2024-04-30,2023-03-31
688220,翱捷科技,-0.55,408251172.09,-26.767328249,-26.7279,-195720560.24,-506.1285876904,-199.1655,17.340500215361,-2.65,-0.503853277084,24.5392178808,半导体,2024-04-30,2023-03-31
688218,江苏北人,0.01,112213308.97,117.6025964252,-75.5865,605245.41,112.3055443915,-98.3068,7.329563313177,0.07,-0.754625817326,19.5945543909,自动化设备,2024-04-30,2023-03-31
688212,澳华内镜,0.12,125486806.49,53.7666872722,-23.7098,16547342.99,385.71,25.9959,9.680509411729,1.28,-0.23101980471,76.1674233519,医疗器械,2024-04-30,2023-03-31
688211,中科微至,0.24,291155185.76,290.3624952648,-76.655,31665379.43,396.156681395,123.0343,27.287172691124,0.88,1.719699930927,18.2772207134,专用设备,2024-04-30,2023-03-31
688193,仁度生物,-0.16,38766500.34,-58.4407897975,-39.1927,-6392335.66,-138.03,-1410.1027,23.8930332055,-0.67,-0.155334605,80.4224242492,医疗器械,2024-04-30,2023-03-31
688192,迪哲医药,-0.59,,,,-239523659.32,-31.8042785372,-6.0281,3.84844202826,-14.39,-0.497888653516,,化学制药,2024-04-30,2023-03-31
688190,云路股份,0.61,384619630.37,32.2305510123,-7.8744,73455551.86,91.75,-2.6112,17.4352221045,3.57,0.78724418425,29.0553465907,金属新材料,2024-04-30,2023-03-31
688186,广大特材,0.34,862706303.43,30.239915267,-10.1578,72501358.87,247.5,219.1481,15.171630763303,2.09,-0.630412008402,20.5649700975,特钢Ⅱ,2024-04-30,2023-03-31
688185,康希诺,-0.57,100553241.3,-79.8633754944,-69.2686,-139547622.67,-214.94,67.9217,26.717226504101,-2.09,-1.395858722658,35.1719832327,生物制品,2024-04-30,2023-03-31
688182,灿勤科技,0.03,86636996.86,39.7568494285,-9.534,10188818.85,-44.9,-38.0882,5.297407148225,0.48,-0.01771220185,23.3132361139,通信设备,2024-04-30,2023-03-31
688180,君实生物,-0.55,255154522.24,-59.4683450996,8.5252,-543432303.73,-37.0934640061,31.499,9.079159430989,-5.92,-0.730707483236,66.485993084,生物制品,2024-04-30,2023-03-31
688179,阿拉丁,0.09,86543299.85,-5.9300006559,-23.0491,17251791.95,-44.38,-35.611,6.670976466618,1.75,-0.152612016292,61.5065590777,化学制品,2024-04-30,2023-03-31
688178,万德斯,0.03,138328168.84,-0.2005801252,-47.7111,2425873.31,17.25,108.2341,14.353971925623,0.2,-0.552631692403,25.6305242145,环境治理,2024-04-30,2023-03-31
688177,百奥泰,-0.34,154927728.15,108.7396357912,111.2286,-142584813.68,-29.1957365903,36.5661,3.537116618407,-9.28,-0.352959605728,72.0388383814,生物制品,2024-04-30,2023-03-31
688176,亚虹医药,-0.11,22874.4,150.0,150.0,-62934818.03,-33.0702041018,24.8773,4.759083011947,-2.3,-0.134848843649,89.8406515581,化学制药,2024-04-30,2023-03-31
688175,高凌信息,-0.11,19664348.34,-57.0509336784,-91.8587,-10515293.59,-562.09,-122.5847,19.777250639593,-0.57,-0.329067651964,48.0505956599,军工电子Ⅱ,2024-04-30,2023-03-31
688165,埃夫特,-0.08,389884029.05,37.0829416316,14.5219,-40572952.0,-20.6903819156,50.585,3.297905975373,-2.34,-0.010211417954,11.1090727326,自动化设备,2024-04-30,2023-03-31
688161,威高骨科,0.24,389781832.6,0.569493653,-41.381,94138278.36,-18.11,-40.4443,10.17619951435,1.86,0.08342219385,73.9703601234,医疗器械,2024-04-30,2023-03-31
688160,步科股份,0.17,105164387.97,4.3461695129,-27.6511,14010691.86,-7.33,-43.5058,8.726441126667,1.93,0.219153569762,41.0625525366,自动化设备,2024-04-30,2023-03-31
688159,有方科技,-0.21,187984219.17,28.066956703,-26.9705,-19553651.85,-209.6074052152,40.1233,8.227966847658,-2.56,-1.004427097139,12.3578025339,通信设备,2024-04-30,2023-03-31
688157,松井股份,0.03,94205867.07,-19.502994055,-15.0882,3034748.79,-84.85,-83.4268,15.701630547602,0.24,0.024946186011,45.2279105911,化学制品,2024-04-30,2023-03-31
688155,先惠技术,0.22,592492974.97,103.4667179958,-12.523,17000625.98,-17.68,125.5945,15.051000958108,1.48,1.311989660121,22.7026911546,电池,2024-04-30,2023-03-31
688141,杰华特,-0.13,301562336.34,-10.5518279809,-26.0129,-57134454.65,-210.82,-303.6336,6.910051456879,-1.83,0.107296576441,32.8333262309,半导体,2024-04-30,2023-03-31
688135,利扬芯片,0.03,105345224.66,-4.2679027721,-8.8494,6301474.05,-39.57,-0.8446,7.920726478246,0.58,0.228087658631,35.2143059638,半导体,2024-04-30,2023-03-31
688133,泰坦科技,0.3,655329396.65,12.6826357745,-1.1217,25100396.89,29.17,-11.0731,32.721571504075,0.92,-1.885110702946,22.6146314628,化学制品,2024-04-30,2023-03-31
688131,皓元医药,0.31,418365040.62,39.4586108935,7.8573,46235560.46,-25.83,29.1718,22.208331968216,1.97,-1.381907041103,50.3284050331,医疗服务,2024-04-30,2023-03-31
688123,聚辰股份,0.14,143324763.84,-28.6378823503,-45.462,21461960.03,-62.5,-77.5014,16.105018200895,1.11,-0.133336998526,47.5091114094,半导体,2024-04-30,2023-03-31
688122,西部超导,0.32,922322471.47,3.9275483361,-3.9777,208271108.73,-3.13,-6.0143,13.377513887635,3.41,-0.270570288766,36.4918772155,航空装备Ⅱ,2024-04-30,2023-03-31
688121,*ST卓然,-0.38,54992751.29,65.2864282502,-95.4429,-77924890.16,-33.2731702021,-169.0074,9.683324302758,-3.96,-0.29173423003,14.5725625324,专用设备,2024-04-30,2023-03-31
688113,联测科技,0.18,77660025.05,-4.7452197874,-33.0398,11636201.98,-49.51,-26.4619,12.361060675353,1.49,-0.458279065777,34.5395091525,专用设备,2024-04-30,2023-03-31
688112,鼎阳科技,0.23,102189960.71,50.4763201859,-21.6908,35871817.5,78.94,-10.8656,14.289677579226,2.38,-0.137067492104,59.166425821,通用设备,2024-04-30,2023-03-31
688110,东芯股份,-0.08,123835909.21,-64.049341611,-37.5405,-34367269.67,-131.21,59.8838,8.806226573221,-0.88,-0.074602316956,16.8240102753,半导体,2024-04-30,2023-03-31
688101,三达膜,0.15,203109663.47,23.6179668981,-60.1924,49108334.49,-15.6,90.7269,10.775365732479,1.37,-0.124123513029,38.9070257761,环境治理,2024-04-30,2023-03-31
688099,晶晨股份,0.07,1035149855.8,-30.1063367506,-9.5885,30437312.4,-88.74,-34.466,11.984627085244,0.62,0.06126938522,37.3950059927,半导体,2024-04-30,2023-03-31
688092,爱科科技,0.17,69190409.83,1.5628481138,-18.2547,10033293.58,8.2,142.3307,9.210585677795,1.85,0.100196939965,41.5093822114,专用设备,2024-04-30,2023-03-31
688091,上海谊众,0.38,92399635.15,169.05715929,32.6941,55025022.44,78.98,42.2255,9.596546619524,4.09,0.2073515854,92.3124217877,化学制药,2024-04-30,2023-03-31
688077,大地熊,-0.52,350773511.45,-25.987306774,-37.8204,-41603606.55,-179.53,-573.9202,14.114448177474,-3.59,-0.228072323652,6.7748160349,金属新材料,2024-04-30,2023-03-31
688075,安旭生物,0.4,121477537.33,-97.781047285,209.3405,50831559.77,-98.1,158.0916,60.534962798807,0.93,-1.321948973352,51.4946125555,医疗器械,2024-04-30,2023-03-31
688072,拓荆科技,0.29,402375404.96,274.2411077721,-43.648,53718794.24,552.2490285362,-59.001,30.107288388029,1.44,-1.10375345632,49.778486185,半导体,2024-04-30,2023-03-31
688071,华依科技,0.16,103094609.96,105.7924266443,-0.5168,12006436.19,428.7196226129,13.0239,7.07768521514,2.36,-0.443093227662,42.7156923501,专用设备,2024-04-30,2023-03-31
688068,热景生物,0.66,202939171.05,-85.1256223802,-62.9248,58884119.48,-90.28,137.5596,36.801862816733,1.75,-2.637510099474,69.8683507262,医疗器械,2024-04-30,2023-03-31
688065,凯赛生物,0.1,505446207.4,-23.5639044904,-16.2311,57441388.49,-67.09,-14.3756,18.87707489259,0.52,0.135864375729,34.0291538134,化学制品,2024-04-30,2023-03-31
688062,迈威生物,-0.6,4039353.81,-0.7039170813,-44.6971,-241105420.8,-9.4168421163,8.2596,8.272913051126,-7.07,-0.382062388013,99.4566717591,化学制药,2024-04-30,2023-03-31
688059,华锐精密,0.39,150321190.08,11.7858576281,-24.6138,24108277.75,-39.27,-59.0755,23.629626875246,2.14,-0.021675940036,45.3179371809,通用设备,2024-04-30,2023-03-31
688048,长光华芯,0.0084,90362022.14,-19.2989579086,32.6069,1472969.76,-94.67,-93.9597,23.899662995171,0.05,0.258993384998,27.1556821205,半导体,2024-04-30,2023-03-31
688025,杰普特,0.32,296537593.74,6.7781833854,-19.2419,30284672.03,24.44,18.6466,19.859504410235,1.64,-0.161177264547,36.4822611985,自动化设备,2024-04-30,2023-03-31
688017,绿的谐波,0.1462,88524708.11,-5.6775171082,-12.597,24649877.39,-32.47,-9.7115,11.660464756134,1.26,0.064715516085,44.3542209382,自动化设备,2024-04-30,2023-03-31
688011,新光光电,-0.067,28131308.37,103.6571928632,-40.0044,-6730795.88,24.07,76.9044,11.8020911948,-0.56,-0.1639558084,35.7605660842,军工电子Ⅱ,2024-04-30,2023-03-31
688005,容百科技,0.69,8368049013.9,61.9114193565,-22.8257,310929969.23,6.29,-28.5353,16.0420644935,4.38,-0.667125469538,8.7151525453,电池,2024-04-30,2023-03-31
688001,华兴源创,0.06,358690643.86,-3.9121820427,-44.9418,26802556.67,-34.41,2.0018,8.498949254897,0.7,-0.015288741142,61.4606835343,通用设备,2024-04-30,2023-03-31
605588,冠石科技,0.23,224646709.12,-37.9187397658,-8.9313,16720088.73,-24.68,7.4291,13.99483931251,1.65,0.097218755664,16.9689521691,光学光电子,2024-04-30,2023-03-31
605577,龙版传媒,0.3182,617792911.4,-3.9531283642,65.4949,141440352.14,1.84,-27.436,8.018350070502,4.05,-0.228706849109,47.4838332857,出版,2024-04-30,2023-03-31
605488,福莱新材,0.08,456487745.62,-6.4322129817,7.4591,14477136.24,-26.64,-8.4628,5.993698418672,1.37,-0.195427869607,12.8731388573,塑料,2024-04-30,2023-03-31
605366,宏柏新材,0.01,319665419.16,-33.9539779695,-8.7695,4114654.03,-96.58,-87.9101,4.617214648193,0.2,0.047685123221,17.7023005675,化学制品,2024-04-30,2023-03-31
605339,南侨食品,0.09,741418159.64,12.2909587292,-5.1542,38951744.9,-26.53,40.4026,7.690481960842,1.19,0.266425315326,19.9318062848,休闲食品,2024-04-30,2023-03-31
605337,李子园,0.15,345322872.14,1.114880098,0.9565,59197625.87,44.97,-10.1759,5.893375809636,3.37,0.344169362245,36.6121466662,饮料乳品,2024-04-30,2023-03-31
605336,*ST帅电,0.22,175158713.05,-8.5247021466,-26.1524,40063345.7,6.33,-35.8465,10.632297257033,2.06,0.220772943852,47.703742877,厨卫电器,2024-04-30,2023-03-31
605319,无锡振华,0.16,422824180.76,-4.4717476391,-15.6687,38012034.58,6.86,5.0664,7.732660750128,2.13,0.081687344221,21.2529661143,汽车零部件,2024-04-30,2023-03-31
605318,法狮龙,0.02,94604953.91,-19.5008014283,-50.6123,2010936.22,-63.01,143.2805,6.096953374698,0.26,0.203922221658,32.2003573713,装修建材,2024-04-30,2023-03-31
605303,园林股份,-0.14,86781071.65,-23.4038548337,-38.2311,-22927572.94,-149.7897843846,85.3261,8.428311208463,-1.67,-0.676974640587,15.8175247079,基础建设,2024-04-30,2023-03-31
605288,凯迪股份,0.28,226604562.73,-22.7661299725,-21.3818,19535687.67,137.67,341.2309,29.944900442189,0.93,0.014964037477,30.2652775495,自动化设备,2024-04-30,2023-03-31
605287,德才股份,0.3388,891871465.72,39.4816516636,-60.5237,47425788.51,11.07,-23.0053,17.4659510701,2.74,-0.6415518439,10.0665794378,装修装饰Ⅱ,2024-04-30,2023-03-31
605259,绿田机械,0.42,424237222.61,11.9660861036,-17.4088,51323209.23,37.59,-16.6164,17.394322181023,3.41,0.349728570682,23.7355218315,专用设备,2024-04-30,2023-03-31
605228,神通科技,0.01,297897736.27,-8.4597815996,-31.5145,2114143.65,-88.12,-73.7775,3.484767695185,0.15,0.008079747952,17.0002287745,汽车零部件,2024-04-30,2023-03-31
605222,起帆电缆,0.37,4560567125.73,23.496259966,-24.4713,154282700.16,2.99,162.3954,9.883332701777,3.65,-2.905350594684,8.7753971777,电网设备,2024-04-30,2023-03-31
605196,华通线缆,0.1,1286007916.85,35.0254962038,-7.7381,49244174.62,115.65,-44.2187,4.972236953283,1.97,0.043750143462,16.5209059078,电网设备,2024-04-30,2023-03-31
605189,富春染织,0.18,473052270.63,-0.2410830804,-19.8377,22693781.5,-13.08,-1.0549,13.285043388118,1.31,-0.042269491897,11.6072856847,纺织制造,2024-04-30,2023-03-31
605186,健麾信息,0.07,61275234.89,35.0257489855,30.3669,9943347.23,40.98,-66.8785,7.462572106618,0.98,-0.344966325809,41.2963258573,自动化设备,2024-04-30,2023-03-31
605179,一鸣食品,0.01,578449077.96,3.9792425384,-7.7418,4577833.13,111.46,107.0174,2.696312237656,0.42,0.283241032943,29.3327057826,饮料乳品,2024-04-30,2023-03-31
605177,东亚药业,0.2,369701875.56,45.0004280578,13.739,23220016.44,3.38,-46.4425,16.399729510827,1.25,-0.673946135299,22.2388612515,化学制药,2024-04-30,2023-03-31
605168,三人行,1.39,930859822.98,4.0334774158,-55.3406,141154931.84,134.71,-67.4949,26.820550469996,5.33,-4.822318935082,21.3571855399,广告营销,2024-04-30,2023-03-31
605136,丽人丽妆,-0.06,614314027.69,-14.0779211575,-46.277,-24290262.36,-291.33,75.8618,6.182109272996,-0.98,-0.861040096539,35.0309732808,互联网电商,2024-04-30,2023-03-31
605133,嵘泰股份,0.22,437032670.95,23.7620882269,-10.7549,35687975.56,4.82,-16.5524,10.791172966574,1.93,0.186087370552,22.3951214671,汽车零部件,2024-04-30,2023-03-31
605123,派克新材,1.1832,943386477.75,54.340433055,40.7386,143363896.18,33.38,6.4598,33.05602999151,3.64,-0.377631970226,26.3239547118,航空装备Ⅱ,2024-04-30,2023-03-31
605111,新洁能,0.23,373676238.37,-11.1474476169,-22.7698,64952655.75,-42.2,-33.3632,15.981361779446,1.91,0.090381514019,31.4171725481,半导体,2024-04-30,2023-03-31
605100,华丰股份,0.21,385003848.26,59.9756875768,87.154,36409192.89,62.24,5025.1282,10.649168659287,2.03,-0.335117034696,17.902215038,通用设备,2024-04-30,2023-03-31
605080,浙江自然,0.47,240255201.46,-27.2268452231,68.7658,67208692.9,-20.91,389.8062,18.336216103857,3.7,0.072967463184,37.9098545782,文娱用品,2024-04-30,2023-03-31
605069,正和生态,-0.1,88854219.72,1.2879526898,471.8934,-20121934.81,17.9570017687,93.3699,6.885264151285,-1.37,0.027654050058,37.3402648344,环境治理,2024-04-30,2023-03-31
605060,联德股份,0.24,280294848.39,23.4109816568,-7.8593,56638541.97,51.6,-15.9483,8.780552663022,2.71,0.394102752885,37.3884840667,通用设备,2024-04-30,2023-03-31
605056,咸亨国际,0.03,373229139.2,17.0955086079,-58.1915,12943543.44,-26.43,-86.6286,3.820296974722,0.83,-0.126838222774,34.1427884257,通用设备,2024-04-30,2023-03-31
605050,福然德,0.17,2131630853.98,-13.8122325855,-23.8917,85307216.78,21.26,-7.6568,8.160323911664,2.14,-0.85050891329,6.2739914817,物流,2024-04-30,2023-03-31
605033,美邦股份,0.51,344708419.69,-29.298644425,55.2577,69276052.01,-24.5,107.9528,8.386701534984,6.18,-0.456747194633,39.2402982386,农化制品,2024-04-30,2023-03-31
605008,长鸿高科,0.12,375488007.11,-53.2730816111,14.0174,76547215.1,-11.54,1592.4053,3.243199120374,3.75,0.258876102704,19.6081077467,塑料,2024-04-30,2023-03-31
603997,继峰股份,0.05,5110684594.94,21.5716265981,3.6218,60029593.21,259.4860277473,104.4787,3.232661766106,1.71,0.131179650055,13.8864799683,汽车零部件,2024-04-30,2023-03-31
603993,洛阳钼业,0.015,44283515685.33,-0.5420072104,9.2817,317121315.82,-82.3,-58.3292,2.304633268023,0.62,0.214961392592,4.0458813664,工业金属,2024-04-30,2023-03-31
603992,松霖科技,0.11,604789335.11,-23.7232043712,-12.928,43707374.03,-39.89,34.9083,5.45416730551,1.99,0.23803366964,33.5336962007,家居用品,2024-04-30,2023-03-31
603991,领先股份,-0.06,27698832.2,27.8334724574,-50.7965,-4445066.13,-61.1217433367,35.019,3.975585137065,-1.49,-0.04575470962,8.7048650737,半导体,2024-04-30,2023-03-31
603990,麦迪科技,-0.04,70774875.02,24.2395271422,-29.0172,-10774232.85,-215.17,-166.6939,5.704070743442,-0.8,-0.075767164884,72.7366877518,软件开发,2024-04-30,2023-03-31
603989,艾华集团,0.2256,705210844.51,-18.8775471926,-15.0597,90430766.93,-21.27,-14.4566,8.346208425658,2.7,0.033663794895,27.6374665942,元件,2024-04-30,2023-03-31
603985,恒润股份,0.0664,432788026.11,16.356051977,-26.4192,29264839.65,131.61,-23.2985,7.773209825591,0.86,-0.268877243519,14.2469198083,风电设备,2024-04-30,2023-03-31
603980,吉华集团,-0.025,411433236.9,-32.5267380267,8.9767,-17267922.39,-726.5,89.7244,5.9385329208,-0.41,-0.058513131429,7.1613633434,化学制品,2024-04-30,2023-03-31
603968,醋化股份,0.2395,794029079.57,-13.9402581691,-1.9842,48978723.04,-46.06,-37.5688,10.263772909825,2.31,-0.686263039199,17.335922734,化学制品,2024-04-30,2023-03-31
603950,长源东谷,0.28,403368369.32,17.3980065841,33.8714,65641105.43,21.24,553.1821,10.014103615078,2.87,0.471691352442,21.9598349715,汽车零部件,2024-04-30,2023-03-31
603949,雪龙集团,0.09,98869896.08,27.7408607379,23.8807,18529089.54,4.24,203.3412,4.869058435563,1.82,0.08543982869,36.0248544625,汽车零部件,2024-04-30,2023-03-31
603917,合力科技,0.0844,126211698.17,-5.4479735208,-40.0304,13234687.16,14.38,-24.7493,6.928883719707,1.23,-0.046685869515,31.4689464732,汽车零部件,2024-04-30,2023-03-31
603912,佳力图,0.01,111291338.81,-8.8324116301,-47.7581,4290578.56,-69.54,-72.4489,4.790360583026,0.43,-0.41239413263,23.757789737,通用设备,2024-04-30,2023-03-31
603908,牧高笛,0.43,343143348.59,4.8107991247,23.4544,28877223.56,-21.47,179.1771,8.440920793972,5.26,-0.403998603839,26.4956528295,服装家纺,2024-04-30,2023-03-31
603906,龙蟠科技,-0.4,2083647355.13,-18.5515584074,-49.5829,-222743444.4,-204.56,-597.7704,7.900900302466,-4.84,-0.814572146803,7.162187866,电池,2024-04-30,2023-03-31
603903,中持股份,0.01,181365185.04,6.4512378249,-69.133,2935770.39,-86.11,-93.7628,6.518444958332,0.18,-0.437914284762,37.1419338916,环境治理,2024-04-30,2023-03-31
603900,莱绅通灵,0.05,250089934.11,-22.3989828184,81.7647,15815433.29,2.75,136.1355,6.435980875765,0.72,0.251475254284,55.5522269516,饰品,2024-04-30,2023-03-31
603890,春秋电子,-0.07,694590589.54,-24.7507229521,-13.106,-29044692.78,-159.21,28.6614,5.908257636002,-1.07,0.475634648206,13.9314036466,消费电子,2024-04-30,2023-03-31
603885,吉祥航空,0.07,4441651753.63,78.6706689038,157.8916,165140301.82,130.6805799439,114.0548,4.226159362196,1.75,0.556431348153,11.9375100679,航空机场,2024-04-30,2023-03-31
603883,老百姓,0.5,5440515517.0,31.392793774,-14.9799,291333643.0,20.49,66.1542,11.536252984773,4.36,1.451850531253,32.9993487086,医药商业,2024-04-30,2023-03-31
603880,南卫股份,0.024,226130904.54,58.0864246586,48.4961,6930672.43,3.03,133.3042,2.156034782579,1.06,0.070418276496,11.8254014127,医疗器械,2024-04-30,2023-03-31
603879,永悦科技,-0.0166,60016694.44,12.801747536,-24.294,-6000838.1,184.99,73.3927,1.36851865482,-1.2,-0.11691756919,8.2533582468,塑料,2024-04-30,2023-03-31
603876,鼎胜新材,0.18,4508576861.36,-20.1655162501,-9.0983,154683820.37,-28.18,-55.6077,13.044771962936,2.42,0.271149662551,13.9657636008,工业金属,2024-04-30,2023-03-31
603869,ST智知,0.0153,185473761.46,38.3544931484,-11.3921,7711517.45,324.58,150.8101,7.892313031625,0.1939,-0.122305670721,40.3610560549,IT服务Ⅱ,2024-04-30,2023-03-31
603863,松炀资源,-0.13,120033116.26,-46.163862199,-44.6108,-26014429.91,-1341.67,82.99,4.252856486196,-2.94,0.129091470315,-19.6461665787,造纸,2024-04-30,2023-03-31
603861,白云电器,0.08,775970755.63,84.4103114359,-41.5632,34967423.64,164.0764111821,-33.7505,6.226478220296,1.2464,-0.127360698524,15.3400742304,电网设备,2024-04-30,2023-03-31
603848,好太太,0.12,276225222.78,13.3393774598,-26.1339,48272831.39,6.57,4.3112,5.221322169776,2.33,0.093706866983,45.7161913525,家居用品,2024-04-30,2023-03-31
603839,安正时尚,0.07,603595355.05,4.8010142492,4.8485,27406550.76,28.76,106.8418,5.262726876747,1.31,0.15922993389,49.2616203575,服装家纺,2024-04-30,2023-03-31
603838,*ST四通,-0.028,36070146.06,-46.8361577119,-25.8621,-8951081.66,-401.2174983282,58.8316,3.238838712158,-0.8599,-0.007387162173,2.1712614324,家居用品,2024-04-30,2023-03-31
603833,欧派家居,0.24,3570331968.0,-13.8481760803,-42.5141,152409602.72,-39.79,-78.1635,26.488680309613,1.02,1.209861839139,26.6750477604,家居用品,2024-04-30,2023-03-31
603828,*ST利达,0.01,362230716.3,-21.5985452568,-17.2875,6010717.62,116.03,101.7292,1.458119974423,0.69,-0.184371629185,5.8126750832,装修装饰Ⅱ,2024-04-30,2023-03-31
603825,ST华扬,0.01,1926457347.57,-28.2401357053,-23.9191,3270713.36,-83.09,100.4231,6.180271121082,0.21,1.986310009659,12.5047669684,广告营销,2024-04-30,2023-03-31
603823,百合花,0.05,553063716.69,-14.4292207983,2.451,15613314.5,-76.61,-41.0697,6.815865822381,0.72,-0.003601912405,16.418256991,化学制品,2024-04-30,2023-03-31
603818,曲美家居,-0.16,967240842.64,-26.328316156,-12.2341,-96116178.26,-265.3,22.0833,3.436207106537,-4.56,0.206620161634,30.1749894497,家居用品,2024-04-30,2023-03-31
603816,顾家家居,0.49,3953535382.26,-12.9213195262,-6.9409,400103626.91,-9.73,-2.1621,11.263656005641,4.85,0.185299644733,32.1328728922,家居用品,2024-04-30,2023-03-31
603815,交建股份,0.06,904194926.94,1.998468082,-60.5477,35994285.92,13.18,-37.6199,3.569747699264,1.64,-0.828290022413,8.6248402957,基础建设,2024-04-30,2023-03-31
603808,歌力思,0.13,665561700.6,5.9887173563,2.5269,47275662.16,0.39,177.2959,7.68312297069,1.69,0.35354019478,65.5100508633,服装家纺,2024-04-30,2023-03-31
603806,福斯特,0.2,4912959472.68,26.4823734919,-7.8442,364342580.67,7.46,706.4406,10.382917384451,2.57,-0.739246876881,12.2874128962,光伏设备,2024-04-30,2023-03-31
603789,ST星农,-0.0042,52928344.86,-20.214505011,565.3787,-1102310.85,89.9411464581,98.9815,1.794843573308,-0.24,-0.029060002038,9.7974196883,专用设备,2024-04-30,2023-03-31
603778,国晟科技,0.02,170580453.25,607.5774323129,52.4335,11609482.67,214.3921093044,109.0251,1.604817251684,1.13,-0.072089593663,21.2056025886,光伏设备,2024-04-30,2023-03-31
603768,常青股份,0.26,787555285.51,7.0248454568,0.4725,53033076.51,503.09,152.9778,9.501203562941,2.78,-0.57206233299,20.4262318608,汽车零部件,2024-04-30,2023-03-31
603767,中马传动,0.03,222434629.87,-6.469334162,-13.094,8031500.36,575.68,291.9841,4.797334717592,0.55,0.169662471109,17.5433743176,汽车零部件,2024-04-30,2023-03-31
603733,仙鹤股份,0.17,1837474993.83,9.5072417518,-17.5433,122128957.77,-16.35,-14.7821,9.527683529339,1.76,-0.963675144154,10.0100744515,造纸,2024-04-30,2023-03-31
603730,岱美股份,0.12,1372067041.6,22.0666439812,-8.7071,153819499.64,7.37,83.9685,4.671497379749,3.55,-0.315853246927,27.5166321275,汽车零部件,2024-04-30,2023-03-31
603729,ST龙韵,-0.05,62327686.83,-60.1263576498,-15.1858,-4255299.25,-228.57,97.2418,3.592704033191,-0.82,0.111104707407,14.5338126453,广告营销,2024-04-30,2023-03-31
603728,鸣志电器,0.0778,649631103.96,-3.8672434456,-22.2502,32488480.06,-16.95,-62.7646,6.528824176945,1.19,0.038724946663,38.6286946869,电机Ⅱ,2024-04-30,2023-03-31
603726,朗迪集团,0.08,361834975.57,-6.4047712775,-2.7389,14773250.37,-32.14,196.9207,6.343436006931,1.26,0.028125367733,19.4152805652,家电零部件Ⅱ,2024-04-30,2023-03-31
603721,中广天择,0.0012,32450127.46,-15.2643606626,37.6621,161430.29,115.23,-97.5558,4.176692299308,0.03,-0.020437749692,16.1987135689,影视院线,2024-04-30,2023-03-31
603718,*ST海利,0.02,71234419.78,-16.2739772006,158.1725,14235681.29,34.35,-82.5434,1.766256185885,1.24,-0.055256539953,60.2751795587,医疗器械,2024-04-30,2023-03-31
603717,天域生物,-0.1618,188942002.31,52.9844761954,-36.9902,-46946017.53,-305.22,86.4113,3.735672623502,-4.2,-0.438861823817,-19.6102826989,基础建设,2024-04-30,2023-03-31
603712,七一二,0.032,472426069.83,15.2786860026,-74.1343,24975678.65,22.75,-94.7044,5.611665725013,0.58,-0.521181268977,43.2546559451,军工电子Ⅱ,2024-04-30,2023-03-31
603706,东方环宇,0.35,433673236.26,9.5647648339,3.1393,66056694.28,5.09,44.4199,8.690267791917,4.1,0.095131867473,24.1442253811,燃气Ⅱ,2024-04-30,2023-03-31
603698,航天工程,0.06,515332831.14,11.4598464697,-62.0749,33175729.27,81.2,-53.9806,5.912680849176,1.06,-0.330328979794,21.77861394,专用设备,2024-04-30,2023-03-31
603696,安记食品,0.06,145240870.7,33.3302352569,-5.7356,13304952.93,357.32,386.4711,2.337083140306,2.45,-0.074019778741,17.8107507173,调味发酵品Ⅱ,2024-04-30,2023-03-31
603690,至纯科技,0.197,784088334.53,43.1549547337,-30.243,62679660.26,186.28,57.0037,14.108338628336,1.39,0.642337957207,33.9308819955,半导体,2024-04-30,2023-03-31
603689,皖天然气,0.22,1803772622.87,8.2584980519,8.9604,104152110.99,55.69,121.4983,5.883865221049,3.62,0.365122510363,10.3597677823,燃气Ⅱ,2024-04-30,2023-03-31
603688,石英股份,2.25,1222991716.74,370.5203799746,58.7088,820945416.8,839.62,70.1889,11.307342765038,22.34,1.817217613135,84.2883536462,非金属材料Ⅱ,2024-04-30,2023-03-31
603687,大胜达,0.05,447027774.86,2.2101362606,-24.227,19775308.01,-19.01,-33.4699,4.729159017278,0.96,0.067591693211,15.8055580533,包装印刷,2024-04-30,2023-03-31
603683,晶华新材,0.039,292949553.85,-4.303817908,-22.2123,8265688.3,2357.73,278.2115,4.482230139797,0.85,-0.011584534504,14.8321472858,化学制品,2024-04-30,2023-03-31
603682,锦和商管,0.05,246085853.78,-5.8411019206,34.2896,23183747.5,-26.41,132.8211,2.428051960042,2.04,0.313291511217,32.0080002731,一般零售,2024-04-30,2023-03-31
603681,永冠新材,-0.08,1178926848.09,9.7625348354,-8.3697,-15423783.77,-122.82,-45.6379,12.593025274601,-0.63,-0.147644596436,6.8478244117,化学制品,2024-04-30,2023-03-31
603666,亿嘉和,0.06,149603182.46,-22.6625839244,92.0164,11369375.62,-69.04,109.7462,11.535372364717,0.47,0.41314151145,48.7047650336,自动化设备,2024-04-30,2023-03-31
603665,康隆达,-0.14,353152224.62,40.6320342098,-26.5029,-23701071.22,-227.76,-128.918,8.216104335109,-1.75,-0.32797750356,16.8367373033,服装家纺,2024-04-30,2023-03-31
603662,柯力传感,0.2,219966481.25,9.3960690011,-14.8629,55966226.13,60.04,-12.2958,8.306125363612,2.41,-0.081185216764,40.7787347373,通用设备,2024-04-30,2023-03-31
603657,春光科技,0.12,410011968.35,42.4578584258,-40.5625,16657645.04,11.67,-13.0361,7.941598468877,1.54,-0.115915566212,13.7565721086,家电零部件Ⅱ,2024-04-30,2023-03-31
603650,彤程新材,0.14,665493187.17,16.349318168,1.8691,82840119.35,15.05,43.5328,5.148060187788,2.69,0.077825603055,24.5450119173,橡胶,2024-04-30,2023-03-31
603638,艾迪精密,0.09,629754117.11,2.3162395786,10.1188,77588445.18,7.26,-12.4495,3.622206714928,2.45,-0.005606523384,29.7811436328,工程机械,2024-04-30,2023-03-31
603636,南威软件,-0.04,147634567.77,17.5482238062,-86.9534,-21777831.75,17.61,-112.6415,4.516636290231,-0.81,-0.398308917789,44.3228627268,IT服务Ⅱ,2024-04-30,2023-03-31
603630,拉芳家化,0.16,193950189.45,-3.3031053449,-25.9005,36384319.01,1523.0831683869,1350.0276,8.749345734532,1.86,0.288223865873,42.1569337786,化妆品,2024-04-30,2023-03-31
603628,清源股份,0.1847,362004983.2,35.4629737837,-14.4416,50570731.24,750.6,23.106,4.180869022425,4.51,0.119652340906,27.3890383065,光伏设备,2024-04-30,2023-03-31
603619,中曼石油,0.54,904373914.7,49.9080163134,5.8215,214652368.76,193.2,61.2255,6.376727385693,8.81,0.773803609574,48.7805641582,油服工程,2024-04-30,2023-03-31
603616,韩建河山,-0.0562,53577599.98,7.8381622917,-79.8814,-21444146.49,-38.94,91.9956,1.865190515617,-2.98,-0.273165638045,11.0777197228,水泥,2024-04-30,2023-03-31
603615,茶花股份,0.0084,167014246.6,1.2954840791,-6.3161,2019924.98,258.9158993537,121.5765,4.996670252171,0.17,0.113675516293,26.0723277424,家居用品,2024-04-30,2023-03-31
603612,索通发展,-0.59,4221985025.88,32.5441008614,-25.8074,-273071708.9,-272.68,-357.6484,11.780617859682,-5.14,-0.480297409438,1.5761273612,非金属材料Ⅱ,2024-04-30,2023-03-31
603611,诺力股份,0.41,1689599466.1,1.7601922742,-16.4407,104443540.0,44.76,-5.7928,9.175590881775,4.35,-1.517451552977,20.6522036128,工程机械,2024-04-30,2023-03-31
603608,天创时尚,-0.03,320788978.0,-3.5496899966,30.5316,-13452133.0,49.7341864537,89.1657,2.913449490874,-1.01,0.04009801767,58.6900794328,服装家纺,2024-04-30,2023-03-31
603598,引力传媒,0.0324,957083616.07,18.6168407306,-22.3074,8677466.98,4330.78,106.8852,0.575321250461,5.79,-1.015499835812,5.8005592456,广告营销,2024-04-30,2023-03-31
603596,伯特利,0.42,1499535175.22,47.8607480998,-19.1632,172269227.2,24.54,-21.9068,10.320119915247,4.01,-0.326432962669,21.4961295158,汽车零部件,2024-04-30,2023-03-31
603589,口子窖,0.89,1591592151.76,21.345548492,15.8978,535662344.34,10.37,53.681,15.73321544805,5.84,-0.384622735433,76.6341560538,白酒Ⅱ,2024-04-30,2023-03-31
603580,艾艾精工,0.0036,31922872.75,-14.4149416514,-6.1152,476375.49,261.5717473127,108.1837,3.348663127405,0.11,0.030924632365,36.0687589434,塑料,2024-04-30,2023-03-31
603578,三星新材,0.23,299116961.69,14.3146371649,96.3066,40931365.29,18.76,272.4571,5.555002745443,4.17,0.265030239409,22.7992019659,家电零部件Ⅱ,2024-04-30,2023-03-31
603577,汇金通,0.0148,870597732.65,12.4114761626,-5.7789,5016808.82,-67.73,234.8058,5.195440807562,0.2851,-0.18295173939,10.2670600689,电网设备,2024-04-30,2023-03-31
603569,长久物流,0.02,883525063.47,-5.4309175297,-21.6714,12876938.68,3220.26,-13.2326,3.909715132129,0.54,0.128622471669,11.4988563676,物流,2024-04-30,2023-03-31
603565,中谷物流,0.29,3035477643.75,-7.7858988759,-8.3276,610391377.66,-2.17,11.8832,6.98111614625,6.36,0.349400661099,20.2636526346,航运港口,2024-04-30,2023-03-31
603559,中通国脉,-0.15,44580305.99,-19.0522145352,-80.0487,-21835236.04,-41.8807618208,81.2465,2.426529832244,-6.09,-0.120474830139,12.9138378756,通信服务,2024-04-30,2023-03-31
603538,美诺华,0.21,246318328.09,-50.7570030072,8.8493,43448818.81,-62.3,-65.1702,9.699483969339,2.06,-0.077971691003,31.3559858533,化学制药,2024-04-30,2023-03-31
603535,嘉诚国际,0.18,290796754.51,2.6901692404,-7.8536,43003487.27,3.49,786.3513,9.482760520274,1.85,0.078717733967,26.7725319016,物流,2024-04-30,2023-03-31
603520,司太立,0.03,565907679.16,9.3967591509,-24.9623,9567951.36,-88.08,110.0303,5.176352281684,0.54,-0.122721720942,20.5169891478,化学制药,2024-04-30,2023-03-31
603517,ST绝味,0.23,1823777231.0,8.0361731987,21.3517,137488320.43,54.37,949.4868,11.175679427647,1.97,0.388918270634,24.2956458842,休闲食品,2024-04-30,2023-03-31
603507,振江股份,0.33,954207755.17,112.5323748186,5.701,47199178.96,156.48,36.2969,16.10165156967,2.08,-0.259578496833,19.0192943378,风电设备,2024-04-30,2023-03-31
603500,祥和实业,0.07,151406920.56,5.2271020289,-20.9175,16090138.05,39.97,-1.2518,3.776170487651,1.75,-0.023480841867,24.94410665,轨交设备Ⅱ,2024-04-30,2023-03-31
603489,八方股份,0.28,451586564.48,-40.7175067482,-4.0341,46575942.07,-74.06,23.2388,24.155350130907,1.62,0.929125379171,26.690926994,电机Ⅱ,2024-04-30,2023-03-31
603488,展鹏科技,0.05,89421554.55,32.9931749745,-40.3157,15810791.88,3483.06,853.4202,3.425459813205,1.59,-0.147944754253,26.8996551347,专用设备,2024-04-30,2023-03-31
603477,巨星农牧,-0.41,893591908.48,21.6528922119,-38.4586,-205580306.84,33.9240738948,-180.6532,6.353004788117,-5.76,0.152566915135,-3.3666631484,养殖业,2024-04-30,2023-03-31
603421,鼎信通讯,-0.09,464577345.74,71.3885953466,-64.5415,-58177715.03,42.6051826663,-232.0648,5.007163780109,-1.77,-0.029522233972,36.9515309612,通信设备,2024-04-30,2023-03-31
603399,永杉锂业,0.07,2096507555.18,194.002000982,-35.2238,34266782.11,1662.76,-90.0844,4.56740573075,1.47,1.476403403903,12.6370284326,能源金属,2024-04-30,2023-03-31
603396,金辰股份,0.22,515609609.52,12.7074600935,2.7629,26086692.53,-6.59,174.2901,12.770462889945,1.78,0.148243716716,31.3736428925,光伏设备,2024-04-30,2023-03-31
603387,基蛋生物,0.24,384316306.14,-32.6605819854,-13.5771,121526036.35,-44.44,412.5754,5.132941666931,4.78,0.026588721162,71.619304498,医疗器械,2024-04-30,2023-03-31
603379,三美股份,0.03,777604061.17,-34.1245882445,-22.4341,19972241.76,-89.65,-16.2404,9.397920277793,0.35,0.365048516351,10.1411409068,化学制品,2024-04-30,2023-03-31
603378,*ST亚士,-0.04,491474504.61,0.7152324045,-36.7442,-15960855.71,58.0441767878,-144.6764,3.959825688486,-0.94,-0.450358870554,35.0171991376,装修建材,2024-04-30,2023-03-31
603377,ST东时,-0.03,203591744.34,-18.0568270748,18.3772,-24073466.28,-404.93,74.4434,2.888209743275,-1.14,0.101893814542,35.2767754276,教育,2024-04-30,2023-03-31
603369,今世缘,1.0066,3802929724.5,27.2596204631,177.6006,1255029773.32,25.2,197.7908,9.820456699761,10.73,0.715322970897,75.3906994599,白酒Ⅱ,2024-04-30,2023-03-31
603365,水星家纺,0.32,817973584.73,1.4498494683,-29.8486,83659513.04,-1.22,-12.6107,10.639517793078,2.98,0.287899862864,39.7055433761,服装家纺,2024-04-30,2023-03-31
603363,傲农生物,-0.21,4817861444.34,15.9483339892,-22.4237,-179712567.24,48.899356759,61.461,2.47818068051,-7.51,0.290113524329,2.0710819336,饲料,2024-04-30,2023-03-31
603359,*ST东珠,0.01,159757394.62,-62.8433560621,1253.8189,6114904.55,-92.53,103.9136,8.145018888782,0.17,0.078162715088,22.3436884314,基础建设,2024-04-30,2023-03-31
603358,华达科技,0.27,1071033982.26,-4.6457433046,-34.8096,120006096.29,50.98,592.8724,7.474325416636,3.73,0.34992984744,18.1284311428,汽车零部件,2024-04-30,2023-03-31
603356,华菱精工,-0.01,302318868.5,13.8216110536,-32.0671,-4659531.25,13.134462692,93.9567,5.808810021449,-0.11,-0.132116182691,6.706080785,专用设备,2024-04-30,2023-03-31
603355,莱克电气,0.35,2070623325.84,-11.9124630907,-15.8715,199973324.82,-12.24,14.1525,6.772947022981,4.62,0.362878311126,27.4311461666,小家电,2024-04-30,2023-03-31
603344,星德胜,0.21,361039672.34,,-25.0274,31335842.29,,-41.3634,,,,18.4986680154,电机Ⅱ,2024-04-30,2023-03-31
603337,杰克科技,0.23,1447023700.38,-20.5321729748,30.6959,112148924.55,-41.14,60.8124,8.993264161506,2.58,0.653761844664,26.6790915207,专用设备,2024-04-30,2023-03-31
603336,宏辉果蔬,0.02,246261455.0,0.122077934,-32.9198,10030034.91,-28.74,368.7106,2.530154170661,0.87,0.084196326914,9.1281200462,种植业,2024-04-30,2023-03-31
603335,迪生力,-0.07,531324901.56,32.8131583047,38.9802,-28947893.01,-336.9,31.732,1.168842009172,-5.87,-0.273751608569,2.3267891517,汽车零部件,2024-04-30,2023-03-31
603330,天洋新材,0.009,337051352.88,5.6336047415,-4.3757,3443534.97,237.57,104.1514,4.469973583716,0.36,-0.230598563376,14.9505588538,塑料,2024-04-30,2023-03-31
603328,依顿电子,0.077,789855508.72,10.6762279994,6.1895,76559123.97,101.17,72.4077,3.656228839646,2.12,0.276304347531,21.0723405829,元件,2024-04-30,2023-03-31
603324,盛剑科技,0.15,263651069.96,39.1977106355,-28.2847,18739527.33,32.67,-6.802,11.547781278909,1.31,-0.920263999562,28.138729079,环保设备Ⅱ,2024-04-30,2023-03-31
603319,美湖股份,0.17,405881116.46,1.8386382506,-4.0499,35942484.12,14.61,-43.9319,7.643360097076,2.28,0.207255645954,26.7946849236,汽车零部件,2024-04-30,2023-03-31
603318,水发燃气,0.04,840126163.67,65.8330982091,24.2721,18172913.51,31.7,185.253,3.465674610713,1.06,0.099951736951,13.3141863314,燃气Ⅱ,2024-04-30,2023-03-31
603316,诚邦股份,-0.01,108608621.52,-23.7095223331,-34.9392,-3137145.13,34.74,95.1128,3.229468194495,-0.37,-0.05090926161,9.8354777462,半导体,2024-04-30,2023-03-31
603313,梦百合,0.03,1698777486.14,-20.7405711546,-12.8523,16773452.09,-45.58,129.226,6.190114605131,0.56,0.397059611857,36.0027436495,家居用品,2024-04-30,2023-03-31
603312,西典新能,0.37,390045664.95,10.1196479153,-25.3483,44347841.36,9.8744158782,15.364,,,,19.158904181,电网设备,2024-04-30,2023-03-31
603307,扬州金泉,0.88,271054824.94,-2.7855660593,1.3782,58764594.58,13.16,100.209,17.777971595075,6.15,0.632023405522,33.2293078679,服装家纺,2024-04-30,2023-03-31
603306,华懋科技,0.09,419719812.77,22.0071371193,-20.62,28706767.44,-52.44,-61.2762,10.014126754067,0.91,0.096170060084,26.8820863031,汽车零部件,2024-04-30,2023-03-31
603299,苏盐井神,0.2631,1544319898.19,1.5217682408,3.0167,205803348.07,-14.72,83.8792,6.732856645544,3.9886,0.388096607736,31.022649424,化学原料,2024-04-30,2023-03-31
603290,斯达半导,1.21,780064459.72,43.7927241626,-6.1643,206186223.02,36.32,-9.3567,34.812949831201,3.53,0.109223770175,36.4286451522,半导体,2024-04-30,2023-03-31
603289,泰瑞机器,0.12,289711453.07,12.3788064834,6.3925,33761892.01,19.34,585.7708,4.679726266125,2.47,0.162774943663,29.6098759821,专用设备,2024-04-30,2023-03-31
603283,赛腾股份,0.38,714967265.24,68.8724880307,-12.7186,72611641.76,178.4,-5.3976,9.245605390742,4.23,0.106528794129,40.9731651619,自动化设备,2024-04-30,2023-03-31
603276,恒兴新材,0.14,140066768.48,-11.9340571753,-10.5554,16683803.12,-30.200885594,-6.7814,,,,26.6693501788,化学制品,2024-04-30,2023-03-31
603270,金帝股份,0.21,240011545.72,-2.6118466503,-21.2183,34666509.94,4.0267848376,49.2765,,3.75,,39.0812663027,通用设备,2024-04-30,2023-03-31
603266,天龙股份,0.14,297501050.1,-5.4910038406,-3.6796,28752351.83,-4.7,8.9072,6.895819568976,2.12,0.433730756373,22.4896649768,汽车零部件,2024-04-30,2023-03-31
603259,药明康德,0.74,8963741607.53,5.7741097611,-18.2156,2168128379.15,31.97,51.005,16.673237660133,4.53,1.020222333371,39.8924938152,医疗服务,2024-04-30,2023-03-31
603235,天新药业,0.25,578115710.93,-4.6147899474,4.2628,108598608.8,-39.04,53.097,9.523194879369,2.64,0.413641280186,31.5096955793,化学制品,2024-04-30,2023-03-31
603231,索宝蛋白,0.18,411395508.19,,-14.9593,25218829.04,,-42.5266,,,,10.9770917647,农产品加工,2024-04-30,2023-03-31
603227,雪峰科技,0.237,1823511481.49,17.4702432217,-54.6191,229090580.4,38.83,-22.5741,3.651518433387,6.72,-0.110992458622,21.5662817866,化学制品,2024-04-30,2023-03-31
603226,菲林格尔,-0.04,77027489.63,-13.5328950627,-57.7693,-13180213.15,-87.54,-203.2102,2.784004474112,-1.3,-0.146408636605,9.2937174045,家居用品,2024-04-30,2023-03-31
603221,爱丽家居,-0.06,160628885.12,-31.5189855071,-6.9163,-14882938.22,-40.0306065103,-100.0766,5.742961432333,-1.07,-0.202791441125,9.7452855931,家居用品,2024-04-30,2023-03-31
603218,日月股份,0.13,1072622446.55,9.3233142841,-30.3055,131476065.76,120.83,-24.4464,9.426129051202,1.36,-0.451674572346,20.4022501285,风电设备,2024-04-30,2023-03-31
603212,赛伍技术,0.08,1040696371.49,-5.1808966242,16.3843,33189622.92,-62.54,157.8604,6.830697804208,1.11,-0.724984027628,8.154019285,光伏设备,2024-04-30,2023-03-31
603203,快克智能,0.22,216349392.2,5.5271597646,-9.0962,55056692.62,-9.23,5.3215,5.863354991736,3.85,0.234343695845,51.2446907119,自动化设备,2024-04-30,2023-03-31
603192,汇得科技,0.09,585982317.06,-28.6189162787,-10.086,12614833.4,-38.95,817.784,10.163392391338,0.9,-0.482856952565,11.4883821013,化学制品,2024-04-30,2023-03-31
603190,亚通精工,0.55,338927826.05,2.6626942334,-13.7797,54588400.4,33.5,139.5756,16.623342300333,4.62,-0.318946649917,27.9348826071,汽车零部件,2024-04-30,2023-03-31
603188,亚邦股份,-0.0161,219083821.53,-28.8158029556,108.1286,-9170785.94,80.95,98.2132,2.615489883473,-0.61,0.059741122595,3.1890318697,化学制品,2024-04-30,2023-03-31
603185,弘元绿能,1.187,3512722016.51,-38.0934145457,-20.5839,676840782.09,3.36,234.1743,32.235102999062,5.25,0.25708016548,26.5083965199,光伏设备,2024-04-30,2023-03-31
603183,建研院,0.01,164162055.41,17.1653840677,-52.4041,5300072.25,152.0726553095,-94.5151,2.976347586103,0.36,-0.138631885574,48.027397137,专业服务,2024-04-30,2023-03-31
603179,新泉股份,0.31,2172763496.67,45.8134291512,-2.3767,151533099.28,81.63,-3.0268,8.690505809343,3.65,0.239767539972,19.7918099972,汽车零部件,2024-04-30,2023-03-31
603169,兰石重装,0.0232,935934726.91,3.228571751,-51.1066,30335934.07,8.99,-2.3299,2.427495516787,0.96,0.060048937619,12.6229335287,专用设备,2024-04-30,2023-03-31
603168,莎普爱思,0.06,162202066.07,8.5916757204,20.0409,22525376.46,-18.54,3219.0057,4.641997579125,1.31,-0.018857436702,54.9984859327,化学制药,2024-04-30,2023-03-31
603166,福达股份,0.05,315179934.32,4.0557912038,-0.1649,30496003.2,1.29,80.4336,3.730673650824,1.27,0.094972121102,23.069942697,汽车零部件,2024-04-30,2023-03-31
603165,荣晟环保,0.3,541091799.31,-11.1616603946,-14.062,81528940.77,1.9,146.5893,7.433231979981,4.02,0.433274069936,13.1980171814,造纸,2024-04-30,2023-03-31
603163,圣晖集成,0.36,419848138.55,61.2167971223,-21.9738,36223388.39,40.11,16.972,13.03344111675,3.35,-0.400964144875,16.7678563428,专业工程,2024-04-30,2023-03-31
603161,科华控股,0.2,586008702.94,7.3153007991,-18.4583,26412585.12,259.111707522,-60.09,9.688641028186,2.07,0.821870547451,21.2858712992,汽车零部件,2024-04-30,2023-03-31
603150,万朗磁塑,0.35,440332042.46,22.7499999984,-12.036,28869092.89,-18.44,-18.88,16.080899538659,2.14,-1.809935967716,28.5066617543,塑料,2024-04-30,2023-03-31
603127,昭衍新药,0.25,369386010.95,36.3171315667,-62.7477,187759654.85,49.79,-57.542,15.597095184931,2.27,-0.025515639641,51.6955174937,医疗服务,2024-04-30,2023-03-31
603123,翠微股份,0.024,1000080418.89,4.5607194511,4.9633,19187802.84,-70.73,103.8784,4.291053780597,0.561,0.013022977266,26.5506181848,多元金融,2024-04-30,2023-03-31
603122,合富中国,0.02,267190714.93,-13.245535338,-17.3578,9222339.66,-39.09,-67.6015,2.977148428107,0.78,-0.286360398827,20.7167596615,医疗服务,2024-04-30,2023-03-31
603117,万林物流,0.0,123733091.24,17.8008418593,10.9601,-140724.62,-111.52,99.9747,2.173498142719,-0.01,-0.045152665465,17.9959308515,物流,2024-04-30,2023-03-31
603116,红蜻蜓,0.04,604342239.23,11.8634591651,2.6178,21158520.8,53.86,135.9582,5.550632706914,0.66,0.153378221065,37.3875947887,服装家纺,2024-04-30,2023-03-31
603113,金能科技,-0.16,3441807141.3,-23.8282128896,27.5008,-138740512.0,-211.77,-1183.1735,9.736535214834,-1.61,-0.223005736368,-2.6723943863,化学原料,2024-04-30,2023-03-31
603111,康尼机电,0.03,607315711.02,-11.9773938269,-38.9039,33269731.33,29.98,-66.5707,3.666047292717,0.92,-0.152656604117,34.7130139571,轨交设备Ⅱ,2024-04-30,2023-03-31
603107,上海汽配,0.16,389194677.19,32.0427472833,-27.9538,39407327.4,51.6541366173,-23.0787,,,,21.3220062153,汽车零部件,2024-04-30,2023-03-31
603098,森特股份,0.04,984586931.78,60.8608765956,-34.2545,22787656.22,-44.72,148.857,5.009681833265,0.85,-0.52354822431,15.9117126333,专业工程,2024-04-30,2023-03-31
603088,宁波精达,0.09,156024724.42,3.8838386941,-14.4221,37824674.27,32.55,-7.5322,1.55188404157,5.74,0.054126698355,46.6183553475,通用设备,2024-04-30,2023-03-31
603086,先达股份,0.1,547800695.47,-2.3881536243,-16.4735,44424279.36,-41.36,-21.3008,7.160812556469,2.02,-0.131353847277,24.233824354,农化制品,2024-04-30,2023-03-31
603075,热威股份,0.12,374569342.47,-0.7467806388,-13.8133,41483077.72,17.7620002157,-44.1181,,,,29.3116866709,家电零部件Ⅱ,2024-04-30,2023-03-31
603067,振华股份,0.2,849988097.42,7.5645132713,-11.2103,101952932.44,2.4,3.0172,5.153399620652,3.97,0.077628304874,27.6157711811,化学原料,2024-04-30,2023-03-31
603066,音飞储存,0.1616,212455622.71,4.4556203708,-74.0209,47538210.87,118.26,12.1248,4.352824045162,3.7,0.000670625258,20.1478776528,物流,2024-04-30,2023-03-31
603060,国检集团,-0.0301,468394978.85,14.6844125958,-50.1705,-24165744.13,13.87,-113.7728,2.414461379716,-1.37,-0.145600801005,30.9974082443,专业服务,2024-04-30,2023-03-31
603053,成都燃气,0.21,1558625084.05,3.9068352468,10.0193,191047368.03,-2.86,193.4148,4.891465497362,4.5,0.219262504686,21.1720793562,燃气Ⅱ,2024-04-30,2023-03-31
603045,福达合金,0.0528,520974513.62,-15.4935680685,-3.8332,7150028.11,86.24,-63.5427,6.588217277867,0.7918,0.115764143148,11.5915836881,金属新材料,2024-04-30,2023-03-31
603033,三维股份,0.04,829288294.05,-7.7661045045,-18.544,39796562.11,-18.23,-56.7859,4.338900905365,1.2,0.007204021708,16.0514885445,橡胶,2024-04-30,2023-03-31
603031,安孚科技,0.4,1164092835.6,21.2388425699,42.059,44836457.09,29.88,1732.0224,5.466863228304,7.6,0.009307444732,51.9130463241,电池,2024-04-30,2023-03-31
603030,全筑股份,-0.07,282277268.1,-43.0143474005,-54.2694,-42978739.34,-223.62,91.1761,-0.514850078003,,-0.028885158819,4.9020138296,装修装饰Ⅱ,2024-04-30,2023-03-31
603029,天鹅股份,0.05,97404760.41,9.8146623199,-73.5442,5955566.48,99.23,-86.6937,6.631099753424,0.74,-0.38932243782,35.2900677188,专用设备,2024-04-30,2023-03-31
603027,千禾味业,0.1504,818630296.99,69.8091934599,-7.2513,145231975.67,162.94,-7.2486,2.602139378517,5.99,0.003183753684,39.0283716025,调味发酵品Ⅱ,2024-04-30,2023-03-31
603023,威帝股份,-0.001,13472632.33,12.4425112792,-44.7185,-564751.6,-181.05,-122.0644,1.364478580744,-0.07,-0.015980959231,35.467282881,汽车零部件,2024-04-30,2023-03-31
603020,爱普股份,0.103,726070912.8,-7.706799697,-15.8844,39478087.99,-16.38,1147.7935,8.112605068649,1.28,-0.011806120135,16.4122642003,化学制品,2024-04-30,2023-03-31
603018,华设集团,0.14,872716672.08,-4.8299455633,-65.8583,95054673.51,1.73,-71.7295,6.57542544265,2.14,-0.297072642629,31.8334776071,工程咨询服务Ⅱ,2024-04-30,2023-03-31
603011,合锻智能,0.04,293709845.46,-8.2557404976,-41.9097,19218166.52,-24.76,117.5537,4.461783624595,0.88,-0.190163094954,33.7973377925,专用设备,2024-04-30,2023-03-31
603007,顺景科技,-0.07,15497546.57,-65.3998396679,-67.4261,-24484220.4,-39.8140688459,86.0079,0.770763916307,-9.22,-0.066211264796,14.8815671538,汽车零部件,2024-04-30,2023-03-31
603005,晶方科技,0.04,223213535.29,-26.8486751859,-3.1663,28566647.32,-68.92,305.731,6.149091964836,0.71,0.028116654932,36.2244178943,半导体,2024-04-30,2023-03-31
603001,奥康国际,0.1052,896480279.68,16.7371520717,38.6023,40839574.79,249.02,117.1243,7.423385799317,1.38,0.095427132924,47.0477848069,服装家纺,2024-04-30,2023-03-31
601998,中信银行,0.39,51363000000.0,-4.9361465852,0.779,19144000000.0,10.34,27.6267,11.588576683355,3.465,-0.260202309186,,银行Ⅱ,2024-04-30,2023-03-31
601995,中金公司,0.43,6208930748.0,22.4369650007,-7.2465,2257306432.0,35.95,42.3885,17.584914132438,2.5,-0.390100010936,,证券Ⅱ,2024-04-30,2023-03-31
601992,金隅集团,-0.03,23480340719.59,1.7158512513,1.0074,-331649114.85,-220.3,70.2992,4.36622805468,-0.52,0.131296702747,9.2267646977,水泥,2024-04-30,2023-03-31
601988,中国银行,0.19,165813000000.0,11.5744354426,10.4014,57663000000.0,0.5,6.0801,7.158556055274,2.785,1.660254494069,,银行Ⅱ,2024-04-30,2023-03-31
601969,海南矿业,0.08,1222923980.0,10.1155357557,17.9471,161508270.0,-16.54,831.1555,3.145431200148,2.54,0.223126519031,26.585753924,油气开采Ⅱ,2024-04-30,2023-03-31
601939,建设银行,0.35,207076000000.0,0.9629402099,7.8892,88743000000.0,0.26,15.8843,11.208730815844,3.215,1.483082744359,,银行Ⅱ,2024-04-30,2023-03-31
601928,凤凰传媒,0.1898,3236437156.2,1.2528677451,-18.4091,482957065.68,1.77,39.7749,6.968413484832,2.69,0.258806294951,38.5404516414,出版,2024-04-30,2023-03-31
601919,中远海控,0.44,47353397528.0,-55.1279510997,-36.4537,7127458398.77,-74.2,-42.427,12.837306015935,3.5,0.382281788634,22.3075639627,航运港口,2024-04-30,2023-03-31
601916,浙商银行,0.25,15780000000.0,2.5274511078,18.0431,5625000000.0,9.91,170.3027,6.720955381071,4.005,-1.79,,银行Ⅱ,2024-04-30,2023-03-31
601908,京运通,0.13,2723137324.12,40.6026780629,-25.2867,303271675.64,3298.13,173.7032,4.749678834622,2.68,-0.000562915795,21.460995297,电力,2024-04-30,2023-03-31
601886,江河集团,0.14,3419268950.09,3.9891654244,-40.6249,163558009.9,76.37,300.1186,5.721186255716,2.55,-0.926589454418,16.7395568756,装修装饰Ⅱ,2024-04-30,2023-03-31
601882,海天精工,0.2594,783170248.71,11.0071278546,-3.421,135426423.91,22.84,3.4453,4.063385459674,6.6,-0.158858333736,28.8131323658,通用设备,2024-04-30,2023-03-31
601881,中国银河,0.21,8697432828.4,18.540671588,36.6726,2249061846.86,44.23,70.3667,8.842096369435,2.36,0.533128018148,,证券Ⅱ,2024-04-30,2023-03-31
601878,浙商证券,0.13,4930586230.29,57.37357127,-5.7242,487959256.02,50.92,-1.9841,6.6740687308,1.85,0.26633294433,,证券Ⅱ,2024-04-30,2023-03-31
601877,正泰电器,0.56,15740786087.19,47.370844653,43.6512,1201510644.34,109.78,48.672,17.473465778803,3.25,-0.488847729611,21.2418258905,电网设备,2024-04-30,2023-03-31
601872,招商轮船,0.14,5883160023.71,-3.4877109674,-27.6292,1121511970.8,-14.07,-8.1051,4.164165624465,3.35,0.275119333687,26.4755865228,航运港口,2024-04-30,2023-03-31
601869,长飞光纤,0.32,3195125742.0,7.1586430596,-10.9468,241038277.0,18.4,-17.3319,13.739583672261,2.35,-0.070668798026,25.4471072394,通信设备,2024-04-30,2023-03-31
601868,中国能建,0.025,88515648000.0,24.1872476603,-28.9665,1124386000.0,17.83,-68.8457,2.250780429158,1.114,-0.370593106971,10.0607375094,基础建设,2024-04-30,2023-03-31
601866,中远海发,0.0294,3564445102.75,-42.5567358435,-46.2328,398028578.53,-71.11,94.9765,2.135701393569,1.37,0.018707512554,24.4992124388,航运港口,2024-04-30,2023-03-31
601865,福莱特,0.24,5364942648.25,52.8952499685,26.3492,511450441.35,17.11,-17.306,6.5414627719,3.58,-0.224002735646,18.4688361793,光伏设备,2024-04-30,2023-03-31
601857,中国石油,0.24,732471000000.0,-6.0173114626,-6.5447,43630000000.0,12.2,49.8849,7.697269712219,3.1,0.690532780391,21.2237754123,炼化及贸易,2024-04-30,2023-03-31
601828,美凯龙,0.04,2616557956.86,-22.4679402357,-28.4007,167224249.41,-79.1,119.2109,12.342341175775,0.32,0.24715373839,59.532876406,一般零售,2024-04-30,2023-03-31
601827,三峰环境,0.21,1545917662.19,0.0565528813,-12.2834,349959075.71,14.74,25.3741,5.959127273803,3.56,0.174321128169,33.6398402735,环境治理,2024-04-30,2023-03-31
601818,光大银行,0.19,38158000000.0,-1.5760014445,11.0729,12378000000.0,5.34,50.6573,7.29893714247,2.6125,-0.279981721558,,银行Ⅱ,2024-04-30,2023-03-31
601816,京沪高铁,0.0453,8938741095.06,57.3943227347,117.4731,2226063711.3,912.6,405.6333,3.793502522292,1.2,0.078726357844,42.4083906427,铁路公路,2024-04-30,2023-03-31
601811,新华文轩,0.16,2311171082.62,4.7335032326,-35.7795,199630180.88,18.01,-68.022,10.287111942065,1.59,0.141395078815,32.3090791087,出版,2024-04-30,2023-03-31
601800,中国交建,0.32,176591274385.0,2.6124754992,-0.9558,5582367706.0,9.6,69.7481,15.444732258853,2.12,-1.585679545928,11.6295132421,基础建设,2024-04-30,2023-03-31
601788,光大证券,0.19,2750179404.48,26.0913626762,48.1481,957777036.47,43.79,541.7414,12.045667158086,1.57,0.501384983213,,证券Ⅱ,2024-04-30,2023-03-31
601778,晶科科技,0.01,818066172.41,36.8992170386,18.8762,24253255.24,146.8076334346,127.1884,4.209893750606,0.2,-0.292275447195,40.0987171116,电力,2024-04-30,2023-03-31
601766,中国中车,0.02,32378659000.0,5.6486106322,-62.943,615327000.0,180.01,-89.0631,5.424274493931,0.4,-0.252014435136,21.5087938015,轨交设备Ⅱ,2024-04-30,2023-03-31
601727,上海电气,0.0235,21289809000.0,-14.78,-46.1912,366853000.0,2802.32,117.0609,3.541033526149,0.67,-0.592494105672,17.1380584856,其他电源设备Ⅱ,2024-04-30,2023-03-31
601700,风范股份,0.01,496599379.64,-15.2092814234,-39.5047,11279123.54,-38.21,1192.055,2.296498182914,0.43,0.123772470001,11.0696421328,电网设备,2024-04-30,2023-03-31
601698,中国卫通,0.0335,596552541.86,0.9182393306,-26.8131,141405161.76,12.9,-64.1482,3.601723587149,0.9327,-0.0139448274,36.5567168183,航天装备Ⅱ,2024-04-30,2023-03-31
601696,中银证券,0.09,684374632.32,-2.1834785155,-2.7853,252639451.31,5.21,508.6763,5.994361513549,1.53,-2.03194630225,,证券Ⅱ,2024-04-30,2023-03-31
601688,华泰证券,0.35,8993372542.39,24.142834522,6.8969,3245035653.53,46.49,0.4179,16.413764288818,1.86,-4.160098429533,,证券Ⅱ,2024-04-30,2023-03-31
601669,中国电建,0.1705,133475098803.21,0.6616607267,-23.9545,3020531236.75,8.7,7.0899,6.946340935492,2.48,-1.913549664357,12.2073116666,基础建设,2024-04-30,2023-03-31
601668,中国建筑,0.35,524828043000.0,8.1150198874,0.9715,14744751000.0,14.1,98.269,9.294419767164,3.73,-1.560153156238,8.0924416228,房屋建设Ⅱ,2024-04-30,2023-03-31
601658,邮储银行,0.27,88163000000.0,3.5141481742,12.9933,26280000000.0,5.22,131.033,7.562761569569,3.5925,0.244208912778,,银行Ⅱ,2024-04-30,2023-03-31
601619,嘉泽新能,0.101,642217446.83,136.2962685719,12.6578,245924632.17,204.65,53.077,2.470868948272,4.14,0.143965573599,65.0062532403,电力,2024-04-30,2023-03-31
601618,中国中冶,0.15,144452637000.0,22.3896640041,-26.1585,3371860000.0,25.57,-5.3104,4.618710998306,3.38,-1.040246879659,9.4459445555,专业工程,2024-04-30,2023-03-31
601616,广电电气,0.0019,173702085.47,-26.2451644067,-8.9596,1611964.11,-87.53,112.0944,2.623298221938,0.07,0.018176492553,30.5710656359,电网设备,2024-04-30,2023-03-31
601611,中国核建,0.17,28928590332.73,10.0945476863,32.3446,508220568.71,20.15,6.6326,5.858229289535,2.91,-3.863870166037,8.7183703568,基础建设,2024-04-30,2023-03-31
601606,长城军工,-0.04,214386067.29,-16.1040390618,-71.5569,-28995001.45,3.15,-130.2708,3.562174867045,-0.56,-0.218570732161,20.4268547222,地面兵装Ⅱ,2024-04-30,2023-03-31
601598,中国外运,0.13,22468998300.17,-24.1973893751,-21.3289,956190111.75,-2.21,82.8656,4.913760233682,2.7,-0.021056775162,6.8491277292,物流,2024-04-30,2023-03-31
601588,北辰实业,0.01,4185000121.0,79.875474976,-0.8928,32669170.0,1.92,104.1463,3.807335629429,0.26,0.252453962851,15.1307204227,房地产开发,2024-04-30,2023-03-31
601555,东吴证券,0.12,2254473360.84,68.4400767046,27.5079,583119421.75,412.84,16.6926,7.815679449103,1.51,-0.159270189744,,证券Ⅱ,2024-04-30,2023-03-31
601515,衢州东峰,0.12,916139419.86,-12.4940061151,-0.0729,224862307.83,85.48,5783.5307,3.114676854255,3.96,-0.124439877596,27.8368997864,包装印刷,2024-04-30,2023-03-31
601456,国联民生,0.07,678374714.39,6.6622265033,19.3905,207346319.54,9.79,67.5531,6.101702222425,1.22,-0.131756680809,,证券Ⅱ,2024-04-30,2023-03-31
601398,工商银行,0.25,227596000000.0,-1.0908016306,10.1642,90164000000.0,0.02,-4.7506,9.054401288415,2.805,3.10211078907,,银行Ⅱ,2024-04-30,2023-03-31
601390,中国中铁,0.305,272624669000.0,2.0693531143,-10.4111,7878535000.0,3.84,-4.6115,10.617126738977,2.92,-1.536197071161,8.9100966803,基础建设,2024-04-30,2023-03-31
601369,陕鼓动力,0.16,2663049044.17,-8.3983804339,14.8858,262353341.27,-5.83,69.0856,4.892426289724,3.16,0.120280309072,24.9282223988,专用设备,2024-04-30,2023-03-31
601366,利群股份,0.02,2273897212.24,2.7812750412,28.3835,19109865.91,175.2237944352,110.0312,4.713352529108,0.45,0.608487656674,30.4624793382,一般零售,2024-04-30,2023-03-31
601339,百隆东方,0.06,1485704763.33,-24.7808935314,17.7268,84121345.79,-75.59,-83.9628,6.68574830964,0.84,-0.104544641853,13.3074552926,纺织制造,2024-04-30,2023-03-31
601336,新华保险,2.22,29005000000.0,17.4386590007,-32.767,6917000000.0,114.8,49.3307,38.975,5.86,12.254166666667,,保险Ⅱ,2024-04-30,2023-03-31
601333,广深铁路,0.057,6146150946.0,22.9568886983,30.6942,405158992.0,201.7039309021,140.487,3.631620008196,1.59,0.014352885006,10.0006919518,铁路公路,2024-04-30,2023-03-31
601330,绿色动力,0.12,1040584663.77,-5.8361617677,-13.2552,170585929.73,-5.69,10.6681,5.230924604021,2.3,0.073939252719,36.3284995245,环境治理,2024-04-30,2023-03-31
601326,秦港股份,0.07,1726009525.03,4.7292991093,5.6832,417883627.51,24.43,121.4006,3.184950284932,2.38,0.129072955255,38.2815327945,航运港口,2024-04-30,2023-03-31
601319,中国人保,0.27,137769000000.0,7.9677434523,-1.1587,11721000000.0,230.0,1186.6081,5.499864327062,5.0,0.931914797395,,保险Ⅱ,2024-04-30,2023-03-31
601288,农业银行,0.2,189360000000.0,2.1882841801,18.1668,71554000000.0,1.75,16.0931,6.533231614107,3.15,2.588288574016,,银行Ⅱ,2024-04-30,2023-03-31
601279,英利汽车,0.0053,1164541825.0,6.6297100053,-26.2162,7889524.0,7.17,-88.2693,2.468781742049,0.21,0.029780183359,10.3101184021,汽车零部件,2024-04-30,2023-03-31
601236,红塔证券,0.05,490156104.45,172.7778844157,229.3622,225388350.45,131.3734854139,1605.7619,4.907008068362,0.96,-0.920992241423,,证券Ⅱ,2024-04-30,2023-03-31
601233,桐昆股份,-0.2,15913454482.67,22.4650146649,7.4901,-491413172.44,-132.61,72.8478,14.181818669092,-1.42,-0.951171196081,4.7870041813,炼化及贸易,2024-04-30,2023-03-31
601212,白银有色,-0.0092,21007201943.59,2.1347334252,-13.8397,-68287611.11,-262.83,-122.044,1.993326010042,-0.45,-0.053177982636,5.4292462892,工业金属,2024-04-30,2023-03-31
601211,国泰海通,0.33,9288045652.0,13.9700685802,6.0698,3040521708.0,20.73,-1.257,16.263681353724,2.01,-2.329661581118,,证券Ⅱ,2024-04-30,2023-03-31
601200,上海环境,0.1227,1367561270.38,10.6262245921,-38.6669,137650749.77,-7.98,110.6012,9.277760614637,1.33,-0.198677533429,27.7889698963,环境治理,2024-04-30,2023-03-31
601187,厦门银行,0.25,1435755000.0,5.0207919597,-0.6624,721071000.0,14.98,2.1414,8.540158323695,2.93,-7.80701916481,,银行Ⅱ,2024-04-30,2023-03-31
601186,中国铁建,0.389,273538545000.0,3.4258996278,-8.1751,5907923000.0,5.1,-25.1655,17.347815706892,2.27,-2.887843345527,7.7691123933,基础建设,2024-04-30,2023-03-31
601179,中国西电,0.037,4853710872.15,24.843716698,-2.5763,189488931.42,42.26,29.6447,4.155090435045,0.89,-0.375041473349,15.4055127504,电网设备,2024-04-30,2023-03-31
601169,北京银行,0.35,16403000000.0,-6.9174895018,10.1908,7493000000.0,1.9,38.785,11.291207491841,3.19,-1.588327105898,,银行Ⅱ,2024-04-30,2023-03-31
601162,天风证券,0.06,1399528101.04,283.038901335,1424.3724,547336941.16,749.2612167826,135.0675,2.732888913726,2.34,0.399661452896,,证券Ⅱ,2024-04-30,2023-03-31
601156,东航物流,0.48,4575487029.69,-30.7987439496,-21.154,761190677.02,-44.6,9.7487,8.997903883201,5.47,0.83304538104,25.6810728149,物流,2024-04-30,2023-03-31
601155,新城控股,0.29,16252116407.0,-12.9868337972,-69.7368,658455089.0,29.31,133.6729,26.817736933767,1.1,0.929098723408,21.4777218215,房地产开发,2024-04-30,2023-03-31
601138,工业富联,0.16,105888545000.0,0.7862693426,-29.7661,3128370000.0,-3.91,-62.2049,6.654090928803,2.4,1.049402676359,7.3614402767,消费电子,2024-04-30,2023-03-31
601137,博威合金,0.24,3383676798.22,1.7238877859,-8.2813,189578644.39,39.59,63.8781,7.827528222685,3.11,0.244750027066,15.1541949308,金属新材料,2024-04-30,2023-03-31
601133,柏诚股份,0.1,542240460.06,-7.292466368,-30.1125,40408932.1,-5.8,-34.7093,3.400219140535,3.08,-0.682213566522,14.9540970589,专业工程,2024-04-30,2023-03-31
601128,常熟银行,0.29,2410203000.0,13.2838843041,13.3202,794880000.0,20.6,19.6517,8.278965990827,3.4575,4.783887909486,,银行Ⅱ,2024-04-30,2023-03-31
601127,赛力斯,-0.42,5090601214.16,-0.7912313118,-53.6447,-625066765.13,25.4895584426,45.979,7.171580705838,-5.63,-1.447763874646,8.8798364871,乘用车,2024-04-30,2023-03-31
601126,四方股份,0.17,1177398697.64,10.1069813824,-20.4019,141950837.96,10.13,35.6069,5.153424413064,3.45,-0.07686040085,37.157678166,电网设备,2024-04-30,2023-03-31
601118,海南橡胶,-0.0127,5855813861.65,80.7271902051,18.9398,-54355650.45,-92.004074165,-126.0606,2.223897510053,-0.57,-0.054446669792,4.0431811621,种植业,2024-04-30,2023-03-31
601107,四川成渝,0.1475,2200028152.83,9.1807630009,-48.6992,450937140.56,73.58,264.2361,5.964882430482,2.16,0.290948336318,37.9386896984,铁路公路,2024-04-30,2023-03-31
601106,中国一重,0.0054,4496792675.0,6.5160530925,-11.2246,37283622.49,-3.62,11.3786,1.713606044342,0.3179,-0.069380795899,11.941196188,专用设备,2024-04-30,2023-03-31
601096,宏盛华源,0.0167,2394070354.85,12.7201441104,4.3912,33596871.44,-32.1842510708,-8.0388,,,,6.377957294,专业工程,2024-04-30,2023-03-31
601086,国芳集团,0.11,288282997.42,11.2260525225,136.6192,73218627.21,105.37,5.8504,2.433698157117,4.63,0.386498382492,49.2416552903,一般零售,2024-04-30,2023-03-31
601083,锦江航运,0.26,1378012206.14,-14.2992485678,-17.9705,290786761.15,-41.2461433651,-15.1875,,,,30.3867156586,航运港口,2024-04-30,2023-03-31
601066,中信建投,0.28,6700378176.07,5.8107659736,37.81,2426090625.17,57.78,127.1771,9.134710161571,3.15,-1.213444439989,,证券Ⅱ,2024-04-30,2023-03-31
601033,永兴股份,0.3,880018671.91,30.5181567534,19.1373,224350023.03,-7.2762518407,438.1713,,,,51.109237584,环境治理,2024-04-30,2023-03-31
601021,春秋航空,0.36,3862713824.0,63.6479985219,118.9758,355571559.0,181.3602709052,127.382,14.385506207838,2.56,1.422711000092,12.611311922,航空机场,2024-04-30,2023-03-31
601019,山东出版,0.1,2178559073.9,6.8486534083,-43.8616,213007086.52,-0.59,-61.1988,6.503590338885,1.57,-0.034521451138,37.5075221131,出版,2024-04-30,2023-03-31
601016,节能风电,0.062,1272055277.84,6.8838085903,-8.1133,401525247.82,-4.85,25.0514,2.45660729242,2.5,0.12184941052,54.9082069425,电力,2024-04-30,2023-03-31
601012,隆基绿能,0.48,28318772670.38,52.354740929,-32.5149,3637422601.1,36.55,-5.1644,8.609991667339,5.69,-0.438648001376,17.9104201629,光伏设备,2024-04-30,2023-03-31
601010,ST文峰,0.05,632130431.93,-9.5421781256,10.3995,86179947.06,458.8325489519,79.1562,2.410337038874,1.95,0.123545334264,48.7760888791,一般零售,2024-04-30,2023-03-31
601007,金陵饭店,0.025,481210388.16,26.8123920287,37.2459,9939064.28,207.0540465585,-13.366,4.048084431897,0.63,0.377477468923,20.526985672,酒店餐饮,2024-04-30,2023-03-31
601005,重庆钢铁,-0.01,10470409086.22,20.0679113681,-3.9012,-105451906.05,-123.8,85.9039,2.381427973577,-0.5,-0.115205207281,0.4912447471,普钢,2024-04-30,2023-03-31
601002,晋亿实业,0.02,486617482.94,-27.6422363039,-26.2188,19119450.12,-64.96,190.1046,4.464570512556,0.45,0.107365205938,20.3258787441,通用设备,2024-04-30,2023-03-31
600992,贵绳股份,0.0323,428418070.48,-15.4211365063,-35.4192,7924798.96,58.6,-34.0803,6.050593281652,0.5352,0.001078407891,12.7819520588,通用设备,2024-04-30,2023-03-31
600988,赤峰黄金,0.05,1586753225.4,6.6602448665,-11.3926,75261571.38,-56.77,36.8699,3.126364596216,1.44,0.27854405199,28.8153310093,贵金属,2024-04-30,2023-03-31
600986,浙文互联,0.03,2796262349.29,-31.5099789988,-16.9249,38362331.55,8.42,186.1096,3.08165521601,0.95,0.454147149172,5.5760580648,广告营销,2024-04-30,2023-03-31
600984,建设机械,-0.1061,648551027.66,-15.2487458617,-36.3231,-133380202.46,-147.3176173861,-9034.4815,4.673273182741,-2.24,0.0628412817,7.2752544314,工程机械,2024-04-30,2023-03-31
600983,惠而浦,0.01,1006463857.88,-17.3585665618,9.1942,11396539.59,162.42,-88.9571,3.916205484455,0.38,-0.228529520288,15.4587111322,白色家电,2024-04-30,2023-03-31
600982,宁波能源,0.0072,1720736659.88,-12.1004444159,-3.2104,7865220.73,-77.37,-94.9272,3.603847263196,0.19,0.113933283034,8.2636943482,电力,2024-04-30,2023-03-31
600977,中国电影,0.097,1445140100.32,52.7086806205,110.0757,181662559.98,56.89,184.2905,5.890817504488,1.67,1.447002344762,28.913972468,影视院线,2024-04-30,2023-03-31
600975,新五丰,-0.21,1222375832.52,161.4761703585,-49.2505,-227512378.62,-59.3608770432,-398.6198,2.2818461492,-8.81,-0.11564090964,-9.9117019927,养殖业,2024-04-30,2023-03-31
600973,宝胜股份,0.028,10399931576.66,4.1554050903,1.0006,38930958.46,2.85,-26.766,2.749816482548,1.04,-0.782220208383,5.2894243997,电网设备,2024-04-30,2023-03-31
600959,江苏有线,0.0188,1793687506.52,2.3643918244,-14.9778,93865848.56,2.03,28.4259,4.421972074792,0.4254,0.005122580181,24.907621353,电视广播Ⅱ,2024-04-30,2023-03-31
600958,东方证券,0.16,4436963376.43,41.9331498096,-33.7979,1428089623.65,525.67,41.6154,8.732983885077,1.87,-1.738411562018,,证券Ⅱ,2024-04-30,2023-03-31
600928,西安银行,0.15,1805241000.0,16.9927227928,5.8167,657729000.0,8.2,1.8996,6.740222399022,2.22,-0.929925542993,,银行Ⅱ,2024-04-30,2023-03-31
600925,苏能股份,0.14,3360933169.6,-5.9746800463,-17.1009,860206984.95,15.29,180.8231,2.297971847201,7.56,0.139009250435,47.7822167518,煤炭开采,2024-04-30,2023-03-31
600918,中泰证券,0.16,3570214868.97,92.7733320543,87.2081,1152635743.1,424.0,441.0586,5.23578223739,3.15,0.043934563713,,证券Ⅱ,2024-04-30,2023-03-31
600905,三峡能源,0.0845,6853129450.44,18.3873160937,6.9817,2419395387.24,7.5,146.963,2.771807325133,3.09,0.130081797973,58.7973993941,电力,2024-04-30,2023-03-31
600903,贵州燃气,0.08,1912561357.51,6.2300987968,-2.4891,87378386.22,240.9649366312,-31.6983,2.518671830714,2.92,0.029801247509,15.7479239627,燃气Ⅱ,2024-04-30,2023-03-31
600900,长江电力,0.1527,15397466574.25,25.1657486815,42.6877,3612922772.0,16.28,52.7727,7.808483301515,1.82,0.320218400007,49.4944769372,电力,2024-04-30,2023-03-31
600897,厦门空港,0.25,379173460.14,43.4345176502,51.7768,73926555.36,1067.59,1869.705,13.077596404486,1.92,0.050792053558,30.8459633612,航空机场,2024-04-30,2023-03-31
600895,张江高科,0.13,247847857.13,-78.8704968298,-10.2969,197937282.03,186.85,132.7192,7.658294432761,1.68,-0.536073890671,60.776233224,房地产开发,2024-04-30,2023-03-31
600894,广日股份,0.019,1343345249.12,-17.0185439541,-21.0473,16318456.11,732.11,-80.4382,10.18430967218,0.19,-0.059009626251,11.1630636561,专用设备,2024-04-30,2023-03-31
600893,航发动力,0.03,6150433326.47,13.8963178984,-58.1183,87968047.05,32.77,-70.6275,14.432430775134,0.23,0.386257206675,11.9788114413,航空装备Ⅱ,2024-04-30,2023-03-31
600887,伊利股份,0.57,33440725038.93,7.7084157808,14.0948,3615021381.48,2.73,163.8767,8.362242972959,6.99,0.200225062681,33.7745016286,饮料乳品,2024-04-30,2023-03-31
600886,国投电力,0.2105,13255789154.28,20.0486372327,7.6092,1613692031.23,55.53,3536.3191,6.770257313131,3.16,0.641159626778,37.5061248291,电力,2024-04-30,2023-03-31
600883,博闻科技,0.1146,1659146.09,-52.8268914767,-28.9805,27062674.25,128.83,30.0485,3.596544567873,3.2539,-0.046987906755,25.7983671589,种植业,2024-04-30,2023-03-31
600881,亚泰集团,-0.11,1608455332.98,-41.4542709773,-29.1803,-342455334.96,25.06,86.1363,2.857646282216,-3.62,0.491734581262,22.2143632548,综合Ⅱ,2024-04-30,2023-03-31
600880,博瑞传播,0.01,143935914.42,16.64,2.7643,9113847.95,26.76,631.0126,2.760756635944,0.3,-0.11116632508,43.431743637,教育,2024-04-30,2023-03-31
600876,凯盛新能,0.0193,1426425959.62,41.7533655907,-13.9232,12446203.87,-88.89,-91.5936,6.574325093073,0.29,-0.317119356648,9.8117104303,玻璃玻纤,2024-04-30,2023-03-31
600875,东方电气,0.327,14717057814.5,4.32,-0.6025,1019048037.33,10.04,187.3635,11.548266712108,2.87,-0.817608839344,17.8251990173,其他电源设备Ⅱ,2024-04-30,2023-03-31
600868,梅雁吉祥,0.0053,77845049.95,28.2113471792,-39.3866,10038903.09,183.0,-26.5915,1.272964569358,0.34,0.009647635205,40.8998256414,电力,2024-04-30,2023-03-31
600860,京城股份,-0.03,274718604.19,-1.8038173965,-17.7709,-15756292.0,-1160.3486295195,-551.6226,1.953126497618,-1.5,0.006915067684,15.3889093877,通用设备,2024-04-30,2023-03-31
600858,银座股份,0.1795,1642408280.69,-5.1796159368,78.4773,93339598.66,62.32,181.2248,4.626479199974,3.9561,-0.072698905563,39.6054354583,一般零售,2024-04-30,2023-03-31
600854,春兰股份,0.0453,90783243.89,-24.0725323492,429.7774,23535719.95,-24.3,153.2395,4.365634670789,1.0509,-0.055549780414,49.9227720315,白色家电,2024-04-30,2023-03-31
600853,龙建股份,0.005,1892468105.2,10.9032972987,-66.1964,5034960.77,16.61,-97.2779,2.444360780902,0.19,-2.455429160023,12.3828939339,基础建设,2024-04-30,2023-03-31
600850,电科数字,0.0678,1970798484.42,10.1014053992,-33.615,46480775.26,-20.67,-79.6957,6.085472584767,1.12,-1.070933206204,17.7602189385,IT服务Ⅱ,2024-04-30,2023-03-31
600847,万里股份,-0.02,133789228.26,20.4719677952,-5.9611,-3320803.06,70.071621685,53.5047,4.466192046574,0.44,-0.199112367031,10.1839366795,电池,2024-04-30,2023-03-31
600843,上工申贝,0.0493,850896684.89,17.1652473594,-15.6059,35162307.33,-16.11,321.7579,4.584854334348,1.0907,-0.191574434766,23.8372156234,专用设备,2024-04-30,2023-03-31
600841,动力新科,-0.29,2011023519.64,-50.4890050856,1.869,-479680503.52,-2964.63,52.6238,4.585748962665,-6.22,-0.628324550167,-0.0062083754,汽车零部件,2024-04-30,2023-03-31
600834,申通地铁,0.04,79575694.97,4.3618900866,-18.257,17163359.68,-5.59,6.7488,3.459537586306,1.04,-0.394914011079,32.0688282894,铁路公路,2024-04-30,2023-03-31
600833,第一医药,0.1327,459099405.27,17.2886477672,-47.6362,29612934.8,373.18,-57.0959,4.462465147004,3.04,0.497163920211,18.9386164939,医药商业,2024-04-30,2023-03-31
600831,广电网络,0.01,616863585.17,0.9118599141,-29.0227,7082404.41,-36.6,122.5923,5.330091285739,0.19,0.019810745362,34.3561710879,电视广播Ⅱ,2024-04-30,2023-03-31
600830,香溢融通,0.044,81143263.65,9.03,36.5941,19872917.9,65.58,283.548,4.672367248915,0.941,0.618409748126,77.4878876262,多元金融,2024-04-30,2023-03-31
600827,百联股份,0.12,9493137467.03,-7.7119304808,32.4425,208729930.44,36.14,-75.8079,10.010338123176,1.18,1.639534054262,25.0630855414,一般零售,2024-04-30,2023-03-31
600826,兰生股份,-0.02,53800910.16,34.4270651374,-90.4221,-8914116.36,88.9220991077,-107.4089,6.659733597138,-0.25,-0.667131811333,1.5402191107,专业服务,2024-04-30,2023-03-31
600824,益民集团,0.036,337751062.73,49.058094807,37.0385,37915368.03,4.38,112.7486,2.252772567759,1.61,-0.046386390874,34.7929206771,一般零售,2024-04-30,2023-03-31
600821,金开新能,0.08,777244809.3,24.9695571643,14.6913,169346627.06,120.71,92.327,4.28161761883,2.0,0.075639115668,58.7877178352,电力,2024-04-30,2023-03-31
600820,隧道股份,0.14,13408777050.57,25.7956750675,-57.8613,431005891.58,51.22,-69.0407,8.798809475461,1.57,-1.167067810545,10.9316012225,基础建设,2024-04-30,2023-03-31
600817,宇通重工,0.0536,627366569.3,-15.2233430748,-47.1781,29298651.91,-65.5,-80.3527,4.505494787482,1.2,0.114363716849,23.9283059803,环保设备Ⅱ,2024-04-30,2023-03-31
600814,杭州解百,0.16,579648332.41,9.868871559,24.231,112569391.54,19.82,2892.8784,4.613476015165,3.37,0.850699458224,81.7458603426,一般零售,2024-04-30,2023-03-31
600808,马钢股份,-0.07,22736558090.0,-14.4607696773,-0.4633,-509272601.0,-140.63,66.5541,3.686048801246,-1.76,0.213147758684,0.1221247556,普钢,2024-04-30,2023-03-31
600800,渤海化学,-0.09,520481069.15,-38.9592119852,-81.4571,-109308597.78,-69.2818728748,-145.7386,2.363599399279,-3.78,-0.161774535402,-3.1738979934,炼化及贸易,2024-04-30,2023-03-31
600797,浙大网新,0.002,869761096.43,-10.160983122,-31.8478,2028870.99,-69.42,-96.8161,3.234301432645,0.06,-0.220006426225,21.854057259,IT服务Ⅱ,2024-04-30,2023-03-31
600790,轻纺城,0.05,221948613.31,13.8309082667,10.3818,70971920.29,-5.29,-85.9111,4.172893356071,1.16,-0.043741395069,53.9924598054,一般零售,2024-04-30,2023-03-31
600783,鲁信创投,0.12,15164539.16,-33.2327910569,-64.6485,91326255.32,85.84,-79.194,6.198590342287,2.0,-0.05488637944,10.5790823122,通用设备,2024-04-30,2023-03-31
600778,友好集团,0.1485,541907558.76,-3.9359004983,227.2483,46242437.7,298.34,130.7469,1.222742467502,12.96,0.341298519838,33.6255360872,一般零售,2024-04-30,2023-03-31
600773,西藏城投,0.034,630634233.87,12.2040611235,-13.6321,27908663.77,2.02,-10.2636,4.643499148692,0.74,-0.782015097163,31.1760513909,房地产开发,2024-04-30,2023-03-31
600771,广誉远,0.0564,386397884.2,62.4549329144,24.8787,27608091.75,26.2,113.7902,2.945369954755,1.93,0.278326947842,73.2041254821,中药Ⅱ,2024-04-30,2023-03-31
600770,综艺股份,-0.02,94833279.11,2.5425640744,31.1443,-23277001.98,84.1290807367,-420.8161,2.581305395277,-0.69,0.003975693777,30.6999110684,综合Ⅱ,2024-04-30,2023-03-31
600768,宁波富邦,0.006,67260470.64,20.1835918349,-24.1807,746807.44,142.9666790165,-99.5637,2.940232061456,0.19,-0.097228808902,1.3794318731,工业金属,2024-04-30,2023-03-31
600760,中航沈飞,0.23,9175131296.33,17.0280990059,-18.94,641779772.54,25.57,13.6716,6.880523310864,4.88,-0.210402741525,11.3208813332,航空装备Ⅱ,2024-04-30,2023-03-31
600759,ST洲际,-0.0111,541093881.58,-20.404476197,-25.9838,-25148914.65,-132.37,96.8667,1.634223935942,-0.67,0.09624341697,61.9817588679,油气开采Ⅱ,2024-04-30,2023-03-31
600756,浪潮软件,0.01,439533946.89,24.6602259119,-50.0066,4399073.39,590.19,-95.4239,6.893313361838,0.2,-0.668096876232,33.9898584119,IT服务Ⅱ,2024-04-30,2023-03-31
600755,厦门国贸,0.29,123568099319.04,12.6941919934,5.059,739347927.67,5.25,-42.2322,9.845724596456,2.97,-11.793512154743,1.5632176476,物流,2024-04-30,2023-03-31
600754,锦江酒店,0.1319,3002967449.95,28.6772036267,0.3075,141114042.17,215.9308574597,81.9422,15.610313376179,0.82,1.302730753472,36.6051747337,酒店餐饮,2024-04-30,2023-03-31
600751,海航科技,0.0068,71173562.1,106.8517847594,39.6226,19818915.17,-75.64,189.4406,2.458883901628,0.28,-0.046698558203,-22.251991572,航运港口,2024-04-30,2023-03-31
600749,西藏旅游,-0.0389,25387253.27,139.6935501468,0.224,-8639421.33,61.6731253403,35.1929,4.354318828926,-0.8712,-0.119745009547,12.4175671014,旅游及景区,2024-04-30,2023-03-31
600748,上实发展,0.16,2787378041.31,183.0235886445,-13.5878,286137230.22,3169.74,21.623,5.568977235659,2.82,-0.25002444674,19.1314219362,房地产开发,2024-04-30,2023-03-31
600743,华远控股,-0.067,1462961487.23,57.3246024383,-73.562,-85115196.77,-41.0519257023,97.4968,1.40565429248,-4.63,0.312997060978,8.9928015159,房地产服务,2024-04-30,2023-03-31
600739,辽宁成大,0.1991,2067470409.28,-41.9122580596,-21.0385,303528102.98,9.9,689.4167,18.981162030485,1.05,-0.252064424021,18.0281975905,生物制品,2024-04-30,2023-03-31
600736,苏州高新,0.06,2935121118.52,209.1755764801,-31.8243,101884918.38,126.32,-10.5947,6.411233464865,1.0,-0.77122803285,11.5230543406,房地产开发,2024-04-30,2023-03-31
600731,湖南海利,0.162,590720878.11,-2.7826478063,-33.3217,85277322.24,29.25,53.5946,5.045150906764,3.35,0.104865685837,29.1681747158,农化制品,2024-04-30,2023-03-31
600730,*ST高科,-0.015,28665998.49,3.7597207201,36.3185,-8835671.44,-914.34,90.7049,2.993709808393,-0.5,-0.090799183164,79.477735785,教育,2024-04-30,2023-03-31
600729,重百集团,1.17,5085746922.36,-3.5919257051,34.1958,512012465.75,15.94,991.1505,13.849899755826,8.62,1.620342480421,29.5740261095,一般零售,2024-04-30,2023-03-31
600725,云维股份,0.0011,184699720.76,-55.2323117684,1638.057,1416850.46,-80.34,-48.9267,0.289303928225,0.4,-0.021792905766,4.1313142698,贸易Ⅱ,2024-04-30,2023-03-31
600720,中交设计,0.0503,2746885879.12,195.8004761015,-46.3772,64608977.15,279.89,112.7227,11.178672613449,0.67,-0.151569467039,15.379202501,工程咨询服务Ⅱ,2024-04-30,2023-03-31
600718,东软集团,0.004,1656477579.0,29.5672975399,-57.5458,5058913.0,116.79464323,101.0727,7.585796160583,0.05,-0.445994283076,29.7852767979,IT服务Ⅱ,2024-04-30,2023-03-31
600716,凤凰股份,0.0435,215754310.29,-55.5759003154,411.7517,40675130.7,-38.73,109.4793,5.629401015227,0.78,-0.132543433828,50.9510598617,房地产开发,2024-04-30,2023-03-31
600715,文投控股,-0.03,161729301.13,-28.157650271,-29.2654,-54543525.51,31.520870861,94.3285,0.420661821777,-6.76,0.013158228793,24.868533011,游戏Ⅱ,2024-04-30,2023-03-31
600713,南京医药,0.114,14081790518.45,20.350971657,10.1397,149157852.44,12.53,18.9186,4.708971255135,2.477,-2.637546483242,5.7790172239,医药商业,2024-04-30,2023-03-31
600708,光明地产,0.0034,2014254010.6,-61.1536099594,-47.8187,7678287.79,46.58,-75.1291,4.849353033551,0.07,-1.221635947788,9.328245906,房地产开发,2024-04-30,2023-03-31
600707,彩虹股份,-0.128,2261758928.25,-4.0469715876,-8.467,-460257190.17,37.9188712717,15.4467,5.340410896137,-2.37,0.001520150108,-6.3497480773,光学光电子,2024-04-30,2023-03-31
600697,欧亚集团,0.06,1939854315.15,1.1035440813,31.8634,9547699.66,30.57,109.3148,15.045055344217,0.4,3.48599914343,41.3293507156,一般零售,2024-04-30,2023-03-31
600694,大商股份,0.75,2273643713.35,-2.4293076929,46.9248,214207456.37,-14.42,397.8484,28.049208097894,2.63,2.551516678377,41.2540685593,一般零售,2024-04-30,2023-03-31
600692,亚通股份,-0.0555,282302341.88,7.4848541308,-58.8807,-19509515.55,-772.86,-223.8692,2.578130691997,-2.13,-1.293737200711,1.2266263528,房地产开发,2024-04-30,2023-03-31
600691,潞化科技,0.0069,3900389201.51,-17.5931751104,10.0544,16422013.48,-82.27,113.5055,2.537218075417,0.273,0.04167163806,7.4656139056,农化制品,2024-04-30,2023-03-31
600690,海尔智家,0.43,65067820534.08,8.0237747333,10.7236,3972048160.93,12.6,30.4003,10.250888572415,4.17,0.143415891467,28.69908395,白色家电,2024-04-30,2023-03-31
600689,上海三毛,0.013,283006716.7,145.6311466757,-11.6309,2663743.54,159.76,117.8767,2.130681343873,0.62,-0.121368071957,5.5916779625,综合Ⅱ,2024-04-30,2023-03-31
600684,珠江股份,-0.06,2113283791.21,469.1857513486,-51.1162,-51121390.21,55.7824552976,83.2321,0.53841826857,-10.51,-0.074806062458,13.1242322746,房地产服务,2024-04-30,2023-03-31
600683,京投发展,0.06,3188196667.87,1254.1612659629,1.2439,123494599.17,81.52,390.7208,3.87393342141,1.5,-2.563828047597,12.9843528911,房地产开发,2024-04-30,2023-03-31
600682,南京新百,0.13,1595560833.41,4.6345643475,-9.7195,180148875.72,-14.94,64.5159,12.633010232581,1.06,0.168235836768,47.5636019937,综合Ⅱ,2024-04-30,2023-03-31
600681,百川能源,0.1287,1856038720.73,1.0514796456,13.4447,172562697.11,18.26,86.4001,2.674053131095,4.59,-0.151877412863,13.6348620664,燃气Ⅱ,2024-04-30,2023-03-31
600678,ST金顶,0.0048,77316664.53,-5.2009504396,-21.6314,1661295.42,-80.39,-61.2543,0.753962043898,0.62,-0.02803980627,29.7063893918,水泥,2024-04-30,2023-03-31
600676,交运股份,-0.03,1032430191.96,-36.2760024243,-40.0742,-30715253.82,-28.86,-110.9309,5.344427880791,-0.39,0.042553767136,6.6544447387,体育Ⅱ,2024-04-30,2023-03-31
600675,中华企业,-0.05,387807281.24,-43.5162183785,-45.3902,-284698711.85,-159.0555759711,-155.3982,2.455076975751,-2.0,0.075835202112,26.4364283317,房地产开发,2024-04-30,2023-03-31
600668,尖峰集团,0.07,607336735.52,-27.0047937596,-37.2839,23154205.76,16.58,-77.4438,15.130455373276,0.45,-0.022498547621,22.6330691214,水泥,2024-04-30,2023-03-31
600665,天地源,0.0182,3190805892.94,783.6653484893,-51.8602,15723981.81,158.3561928383,-94.2794,5.096106115362,0.36,-2.048360031019,13.7456717073,房地产开发,2024-04-30,2023-03-31
600663,陆家嘴,0.0902,2002621438.07,-25.8704267846,-60.3214,434337918.41,-31.49,644.3243,5.455500122981,1.5,-0.252211557209,64.1206364123,房地产开发,2024-04-30,2023-03-31
600661,昂立教育,-0.1146,189278164.81,-5.1418115237,-11.8614,-29761359.57,-140.76,-4656.5818,1.11218949437,-7.7,0.041685960644,47.366280622,教育,2024-04-30,2023-03-31
600658,电子城,0.15,1854251208.19,553.4430959606,-38.4246,170936241.82,302.4891301462,-68.8324,6.890825992198,2.24,-0.598790602801,31.744911683,房地产开发,2024-04-30,2023-03-31
600654,中安科,-0.0025,653941061.62,23.2646414298,-13.0304,-7137193.51,91.948091678,-101.4937,0.514001890601,-0.49,-0.021686825299,13.3255110689,软件开发,2024-04-30,2023-03-31
600651,飞乐音响,-0.006,406134296.59,-64.3195837822,-31.3338,-15379920.09,74.5596880787,-478.5168,0.943741541388,-0.65,-0.018192563796,18.6916399692,汽车零部件,2024-04-30,2023-03-31
600650,锦江在线,0.027,473878151.87,-7.7139500753,-20.6963,14671798.73,-97.4,196.2751,7.07709693278,0.38,-0.350822248712,18.6920955335,铁路公路,2024-04-30,2023-03-31
600644,乐山电力,-0.0185,761277555.67,1.125847188,0.6086,-9973303.01,-137.2777929046,75.29,3.310005431494,-0.56,-0.207681144016,13.2518621295,电力,2024-04-30,2023-03-31
600643,爱建集团,0.132,498762128.31,-44.81,-6.4046,212379903.68,-28.69,215.2336,7.813689168876,1.69,0.150329456608,45.5092464062,多元金融,2024-04-30,2023-03-31
600642,申能股份,0.151,7279635914.79,-4.6401378001,1.3151,733960661.51,263.93,1242.2691,6.446057761879,2.35,0.560700062127,12.6259406592,电力,2024-04-30,2023-03-31
600639,浦东金桥,1.2224,4276929232.94,67.7638494645,172.2152,1372025799.31,51.34,163.4152,12.75343287966,10.32,-0.98495782311,77.9057914774,房地产开发,2024-04-30,2023-03-31
600638,新黄浦,0.006,549567414.85,-60.8662660477,-72.6684,4060531.41,-24.05,121.9431,6.511290368603,0.0927,-1.436239105721,14.1756951545,房地产开发,2024-04-30,2023-03-31
600637,东方明珠,0.0756,1706536361.73,0.5110674782,-17.4435,254106753.21,39.79,290.0343,8.698806883517,0.8625,-0.017682332941,33.3409425418,电视广播Ⅱ,2024-04-30,2023-03-31
600635,大众公用,0.087972,2170687104.87,8.3420885746,50.0893,259732863.87,179.8368281017,240.8666,2.873945941656,3.11,0.15008585205,13.6864328517,燃气Ⅱ,2024-04-30,2023-03-31
600628,新世界,0.04,264600085.39,26.1215220831,-1.4813,23908709.7,127.82,219.9766,6.543244925919,0.57,-0.021245624242,36.6525259193,一般零售,2024-04-30,2023-03-31
600626,申达股份,-0.0859,2626619402.21,8.2209031064,-13.0669,-95171691.71,-36.4112187093,-99.4251,2.734478715895,-3.1,-0.317482206829,6.5244920694,汽车零部件,2024-04-30,2023-03-31
600624,ST复华,0.0002,170001077.38,-22.1728438919,-20.2767,159749.7,-84.86,108.0915,1.283929217,0.1,-0.018004713515,44.0317127183,化学制药,2024-04-30,2023-03-31
600623,华谊集团,0.005,9717829509.05,0.5446760061,4.8523,10516740.59,-98.43,-92.6731,10.219240343276,0.05,-0.582504319476,5.8086736898,化学原料,2024-04-30,2023-03-31
600622,光大嘉宝,,493338888.91,-26.8821005109,-51.9852,5475677.87,-84.83,146.9248,4.700837500791,0.08,-0.003641285081,47.4475600651,房地产开发,2024-04-30,2023-03-31
600619,海立股份,-0.03,4301581107.48,-0.4117136194,4.6015,-27316400.12,-164.25,-9.998,5.606744340859,-0.45,-0.337092842001,10.178561737,家电零部件Ⅱ,2024-04-30,2023-03-31
600618,氯碱化工,0.1628,1651191099.41,-16.4035471118,18.9233,188276150.59,-61.23,-18.4137,6.89731482235,2.39,-0.043283980395,17.4965399173,化学原料,2024-04-30,2023-03-31
600612,老凤祥,1.3686,24558455776.9,33.1687688334,159.2701,715957438.14,76.1,107.9564,20.730219189574,6.83,12.93957364151,8.0192101185,饰品,2024-04-30,2023-03-31
600611,大众交通,0.04,773220302.42,51.8289680316,-10.7056,99134918.85,138.1019404655,7.9985,3.997536710854,1.01,0.030755798253,22.498859832,铁路公路,2024-04-30,2023-03-31
600610,中毅达,-0.011,325861894.61,-5.0323216199,4.2256,-11743230.18,-165.27,58.6382,0.122685739657,-8.56,0.002842390463,5.1077780021,化学原料,2024-04-30,2023-03-31
600609,金杯汽车,0.044,1482719418.48,43.4400937945,1.2869,57256531.36,94.52,233.7952,0.754909042931,5.96,-0.044101280332,14.792408212,汽车零部件,2024-04-30,2023-03-31
600606,绿地控股,0.14,78821232220.44,-17.9384622943,-39.3011,1991090452.14,-21.83,133.5331,6.60652956343,2.33,0.090119091468,10.5582836738,房地产开发,2024-04-30,2023-03-31
600603,广汇物流,0.14,684053637.2,44.2372458337,-58.6389,170610971.6,151.68,489.773,4.356637667409,3.19,0.567232120061,47.9181189273,物流,2024-04-30,2023-03-31
600600,青岛啤酒,1.071,10706181672.0,16.2687016619,249.6784,1451240380.0,28.86,360.8435,19.798398789403,5.53,1.32965411497,38.3163626462,非白酒,2024-04-30,2023-03-31
600598,北大荒,0.301,867078769.89,20.4170055331,9.6167,535393661.81,21.43,271.1328,4.342790429613,7.18,2.68714397989,68.6906232101,种植业,2024-04-30,2023-03-31
600587,新华医疗,0.46,2438890277.93,15.4246217878,-7.3113,196511980.14,54.01,137.7029,14.732745067031,3.32,0.034558758576,26.215311857,医疗器械,2024-04-30,2023-03-31
600579,中化装备,-0.68,2589920519.12,33.4191313815,-26.1094,-338234490.39,-87.9489159599,71.498,6.312151662462,-10.18,-1.022870377002,15.5204853922,专用设备,2024-04-30,2023-03-31
600577,精达股份,0.05,3985189250.73,-12.9189646726,-5.7442,101029285.49,-1.11,-11.0767,2.434617909652,2.0,-0.097277629917,6.7522902811,电网设备,2024-04-30,2023-03-31
600576,祥源文旅,0.03,157233543.98,220.3255610333,-34.2779,28086441.02,658.0197712364,76.857,2.5329871617,0.88,0.021439581386,50.8460393033,旅游及景区,2024-04-30,2023-03-31
600571,信雅达,0.02,360273492.7,17.2981913906,1.0461,9886083.5,113.3852181727,115.1761,2.234554836273,0.93,-0.424238137851,35.9021852317,IT服务Ⅱ,2024-04-30,2023-03-31
600570,恒生电子,0.12,1129631187.52,16.0464027127,-59.1498,222065842.87,637.7442644983,-79.4306,3.712117164627,3.21,-0.538054389023,68.3430477283,软件开发,2024-04-30,2023-03-31
600569,安阳钢铁,-0.13,9870853872.18,16.6877869146,5.1346,-372170586.05,31.4497222118,67.4219,2.471814970472,-5.0,0.485455453053,0.2971600397,普钢,2024-04-30,2023-03-31
600568,ST中珠,-0.014,117820377.2,-3.8152478694,-6.7442,-27828721.13,-577.44,96.3082,1.389868746525,-0.9996,-0.028042037496,34.2135550216,医疗服务,2024-04-30,2023-03-31
600563,法拉电子,1.03,929327381.39,10.617113792,-8.8522,231173787.0,13.1,-26.6921,19.1555707316,5.51,0.099604928089,37.653084212,元件,2024-04-30,2023-03-31
600561,江西长运,-0.14,360508188.64,-11.3853339706,-2.8746,-40973455.7,-154.9779330949,-476.4927,3.217805387047,-4.38,0.207589389152,-14.7120082986,铁路公路,2024-04-30,2023-03-31
600552,凯盛科技,0.0323,1269289165.5,-7.804530784,31.7456,30515447.56,13.76,-18.2766,4.353072885227,0.72,0.019158070066,12.9204459525,光学光电子,2024-04-30,2023-03-31
600550,保变电气,0.003,582816169.08,-12.9192375608,-61.773,5647417.57,-55.29,-80.6137,0.400273591908,0.77,-0.043824152804,22.9746328935,电网设备,2024-04-30,2023-03-31
600545,卓郎智能,-0.0272,1199987000.0,6.0773241352,-22.6635,-48709000.0,-110.7,92.1958,1.644049612523,-1.6,-0.097004716378,17.3308544176,专用设备,2024-04-30,2023-03-31
600543,*ST莫高,-0.0112,51783283.55,85.5733069036,54.5642,-3590601.99,62.2132203011,94.8105,2.985447504204,-0.37,0.024890784131,31.2678071377,非白酒,2024-04-30,2023-03-31
600540,新赛股份,0.005,237533272.22,93.8181538889,-73.8933,2916811.37,116.8523842963,101.7947,1.360103087728,0.3696,0.342877598658,5.9653297484,种植业,2024-04-30,2023-03-31
600538,国发股份,-0.01,101579609.22,-15.9382989169,-16.2271,-2646847.55,-135.74,-231.6397,1.810226570687,-0.28,-0.056096950309,25.6362340237,医疗器械,2024-04-30,2023-03-31
600536,中国软件,-0.31,1218348749.1,-20.0726072921,-69.9756,-198828466.07,-93.9467845983,-145.5205,3.494211014324,-8.28,-1.775197953792,35.1893837538,IT服务Ⅱ,2024-04-30,2023-03-31
600533,栖霞建设,0.0095,1867986276.23,172.0758732608,-43.6501,9922711.44,-91.89,138.4411,4.271355811257,0.22,0.837244116886,12.6219329586,房地产开发,2024-04-30,2023-03-31
600531,豫光金铅,0.1393,8345542074.93,18.70563739,25.8108,151862701.5,81.68,-1.3878,4.141842148965,3.43,0.126704903342,5.0391873945,工业金属,2024-04-30,2023-03-31
600527,江南高纤,0.0046,157600138.67,-17.2575551445,-29.6043,7953108.61,-50.27,-67.5814,1.359899052906,0.34,0.007359859115,9.6017759297,纺织制造,2024-04-30,2023-03-31
600526,菲达环保,0.04,625355994.51,-6.8421589842,-64.0704,30575509.77,13.44,-44.2508,4.464130337293,0.8,0.03883506543,18.7102163707,环保设备Ⅱ,2024-04-30,2023-03-31
600521,华海药业,0.12,2058913113.43,16.1516576557,-15.1941,172934924.85,25.59,-53.6665,5.052073859411,2.26,0.252065864009,58.8748384219,化学制药,2024-04-30,2023-03-31
600518,康美药业,-0.004,1143946162.37,22.4980859995,-21.5585,-50408574.68,54.7588938812,97.204,0.497541892292,-0.73,-0.014658529625,14.0796827297,中药Ⅱ,2024-04-30,2023-03-31
600517,国网英大,0.079,2105185150.22,4.83,-42.1935,454256769.02,187.11,63.622,3.384872011649,2.38,-0.068883600368,16.9442023077,多元金融,2024-04-30,2023-03-31
600516,方大炭素,0.055,1345661450.61,17.1140228924,-3.5812,221446774.06,556.87,-40.6656,4.259874056448,1.32,-0.00969152888,18.0057323103,冶钢原料,2024-04-30,2023-03-31
600515,海南机场,0.0204,1259351735.7,5.9047479678,-27.921,232574053.31,209.73,52.3332,1.985253191478,1.03,-0.011303513954,50.494346732,航空机场,2024-04-30,2023-03-31
600513,联环药业,0.11,451680716.64,11.7028376282,-16.7981,31119932.73,2.34,-26.0501,4.522460443231,2.43,-0.055812762236,47.6462841476,化学制药,2024-04-30,2023-03-31
600506,统一股份,0.0012,684119457.68,1.8415437963,82.5465,232903.01,102.8587935186,-95.6827,2.347390373441,0.05,0.332142363471,17.0921904979,炼化及贸易,2024-04-30,2023-03-31
600505,西昌电力,-0.0958,326415428.97,19.7397495153,-19.4588,-34930149.74,-65.99,-563.2154,3.384667276732,-2.7935,0.065721041755,7.0932054661,电力,2024-04-30,2023-03-31
600503,华丽家族,-0.0078,10456795.39,53.817522742,-84.4614,-12467489.57,-119.22,-308.5466,2.31061220251,-0.34,-0.078701198179,64.8985727166,房地产开发,2024-04-30,2023-03-31
600501,航天晨光,-0.03,515671726.39,0.8557383506,-67.4706,-12150558.12,-12.1494443819,-138.1638,5.188655217761,-0.54,-1.247357705811,19.6588568176,专用设备,2024-04-30,2023-03-31
600500,中化国际,0.03,14766193731.95,-21.6383897747,-31.352,112963352.98,-71.33,445.1708,5.036814080384,0.6,0.03830850029,7.8069227963,化学制品,2024-04-30,2023-03-31
600498,烽火通信,0.03,5016250752.68,10.078063918,-46.579,37390370.18,39.58,-64.1234,9.643967971962,0.31,-2.732445699093,23.5937826702,通信设备,2024-04-30,2023-03-31
600491,ST龙元,0.05,3281928934.33,-33.2410414868,24.5121,82576458.83,-51.57,114.039,8.08771593346,0.62,0.053670635927,19.9452885385,房屋建设Ⅱ,2024-04-30,2023-03-31
600490,鹏欣资源,0.0096,2005783226.29,64.7908320426,-7.0455,21227892.22,-67.45,106.9916,2.712261852865,0.35,0.023239594328,4.0221717742,工业金属,2024-04-30,2023-03-31
600480,凌云股份,0.09,3963353477.23,-4.5202145382,-14.8016,84133582.41,-8.03,-31.0317,6.961700329147,1.33,-0.259972330868,15.295903281,汽车零部件,2024-04-30,2023-03-31
600479,千金药业,0.1021,960198380.73,0.7761177178,-15.1278,43906688.64,9.83,-62.2946,5.266317033222,1.96,-0.451373086996,44.2999046527,中药Ⅱ,2024-04-30,2023-03-31
600477,杭萧钢构,0.027,1974880691.79,-4.0068819631,-24.1342,63740158.02,19.84,66.7905,2.17004263412,1.25,-0.112173340303,18.3801980241,专业工程,2024-04-30,2023-03-31
600468,百利电气,0.0268,500151183.76,-3.5196255337,3.4971,29107408.58,6.02,27.2212,1.834765926655,1.47,-0.058863880674,23.4953535422,电网设备,2024-04-30,2023-03-31
600460,士兰微,0.15,2066205134.62,3.2544559249,1.3959,213594470.2,-20.43,-23.1752,5.495178482664,2.82,-0.166244456806,26.1725924149,半导体,2024-04-30,2023-03-31
600458,时代新材,0.13,4014133557.96,5.615123097,-10.5017,108351036.93,40.47,-27.1877,7.038969699858,1.94,-0.83427597646,14.3346409643,综合Ⅱ,2024-04-30,2023-03-31
600452,涪陵电力,0.11,826313099.91,-2.4292520935,0.5258,115514538.03,-38.48,1518.7142,5.171432638099,2.47,0.215602204357,17.62564303,电力,2024-04-30,2023-03-31
600439,瑞贝卡,0.0035,302419822.96,-5.9718693293,-22.6664,3956849.18,-69.03,200.8623,2.486282280044,0.14,0.047114098597,29.7512305342,饰品,2024-04-30,2023-03-31
600438,通威股份,1.9108,33244592718.88,34.6742418482,-17.5856,8601459571.72,65.59,115.2492,14.975540455798,13.21,0.498777651827,43.1455425177,光伏设备,2024-04-30,2023-03-31
600428,中远海特,0.181,2995308699.13,6.9066346454,-0.3958,388808132.13,23.07,662.6188,5.140380153815,3.58,0.246589905736,21.8658511265,航运港口,2024-04-30,2023-03-31
600425,青松建化,0.0046,620082960.02,21.3306387286,60.4216,7082993.75,181.57,-58.0926,3.701384172125,0.124,-0.024351179161,12.6212034479,水泥,2024-04-30,2023-03-31
600420,国药现代,0.1529,3417169160.61,5.3309348527,5.463,179223645.37,130.87,-11.0211,8.723007145102,1.72,0.229983318524,40.5090597564,化学制药,2024-04-30,2023-03-31
600419,天润乳业,0.1717,631264265.05,16.2584918429,13.0666,54979469.2,55.58,29.0399,7.38286520808,2.35,0.184379257231,20.0517928114,饮料乳品,2024-04-30,2023-03-31
600418,江淮汽车,0.07,10785585808.12,10.2591366134,20.1523,148002787.32,151.0003588942,118.5284,6.308385512581,1.08,0.825902014951,11.568808808,商用车,2024-04-30,2023-03-31
600416,湘电股份,0.08,1151247697.9,10.0881669643,14.5117,102204806.26,103.67,54.3921,5.307828714014,1.46,-0.046058697994,18.4730608077,电机Ⅱ,2024-04-30,2023-03-31
600405,动力源,,171544365.07,-33.8445422731,-56.437,-46009108.71,-140.3228933241,-113.8855,1.509169932442,-5.28,0.008242958632,26.2183464969,其他电源设备Ⅱ,2024-04-30,2023-03-31
600400,红豆股份,0.01,655097822.68,1.7869935884,-2.8319,31457747.04,5.25,200.6813,1.316139257453,1.05,0.003205706682,37.2715132606,服装家纺,2024-04-30,2023-03-31
600399,抚顺特钢,0.0305,2008580081.26,10.2361871793,-3.3131,60222965.85,-29.49,158.7434,3.100580117712,0.99,-0.34835877168,11.0159922731,特钢Ⅱ,2024-04-30,2023-03-31
600398,海澜之家,0.19,5681754432.7,9.0195647079,16.2725,803193249.37,11.07,97.8971,3.439358027563,5.35,0.332743195028,44.5793234189,服装家纺,2024-04-30,2023-03-31
600392,盛和资源,0.0441,4803402692.53,10.6679644549,23.8275,77378294.8,-89.14,-28.526,5.483274421354,0.83,-0.085622303187,11.4517336226,小金属,2024-04-30,2023-03-31
600391,航发科技,-0.03,741403333.46,-1.2704660231,-50.3271,-10827360.13,56.0408002185,-123.7424,4.671469590707,-0.71,-0.902862769582,13.3566994429,航空装备Ⅱ,2024-04-30,2023-03-31
600383,金地集团,0.11,14359050556.44,7.5231739963,-78.6108,507785464.16,-18.89,-81.6741,14.474585036232,0.78,-1.012466720162,17.4970045203,房地产开发,2024-04-30,2023-03-31
600381,*ST春天,-0.0489,56346354.72,-25.0927962581,78.6951,-28718503.69,-21.8514661008,86.4628,2.562278421391,-1.89,-0.047162462359,65.2405838544,食品加工,2024-04-30,2023-03-31
600378,昊华科技,0.2521,2057715959.56,11.0097563562,-23.0577,227820566.77,2.37,-44.2872,9.266108615395,2.74,-0.054570086357,23.2843954723,化学制品,2024-04-30,2023-03-31
600376,首开股份,-0.3786,3635164488.61,54.9145442039,-87.261,-944701212.22,-146.0051173348,-968.833,9.207665208524,-4.03,0.564786129631,14.1028985898,房地产开发,2024-04-30,2023-03-31
600375,汉马科技,-0.07,613570357.3,-33.3194289932,-43.322,-45306711.79,72.1042168156,88.5403,0.151094047471,-37.59,-0.349134319563,-6.5041383674,商用车,2024-04-30,2023-03-31
600373,中文传媒,0.32,2491320073.73,-3.862058174,-1.783,427955022.54,10.6,-40.6342,13.219685852027,2.42,-0.560440973743,36.1745502255,出版,2024-04-30,2023-03-31
600370,*ST三房,0.0262,4952206483.41,-7.1426807663,-21.2294,101976815.38,-73.59,77.4804,1.758053892081,1.44,-0.094619165157,1.9702018802,化学纤维,2024-04-30,2023-03-31
600369,西南证券,0.03,737720653.27,1795.848387235,24.6309,225544309.69,275.665504402,172.7192,3.794027410207,0.9,-0.09644841907,,证券Ⅱ,2024-04-30,2023-03-31
600366,宁波韵升,0.0175,1430065231.52,19.0453574829,1.6157,18925598.55,-74.38,-22.128,5.538770464462,0.31,-0.015490394815,10.1663596419,金属新材料,2024-04-30,2023-03-31
600360,华微电子,0.01,413190645.22,-25.8196734707,-1.1313,5214403.12,-79.7,-75.0561,3.382592115914,0.16,0.009489083818,22.9006603307,半导体,2024-04-30,2023-03-31
600359,新农开发,0.13,182011195.34,-0.8137545636,191.7019,48066165.8,2.67,723.8015,1.630998460392,7.85,0.077848531276,43.0347902906,种植业,2024-04-30,2023-03-31
600358,国旅联合,-0.0049,136255649.7,-16.190171791,11.4411,-2481393.25,-113.68,-137.0543,0.363121401781,-1.06,0.126267287188,8.9111613623,广告营销,2024-04-30,2023-03-31
600356,恒丰纸业,0.08,633857946.72,15.97965749,-17.5332,25133305.27,11.06,-26.6424,8.121202528346,1.04,-0.083431389052,14.4151246116,造纸,2024-04-30,2023-03-31
600352,浙江龙盛,0.1089,3748527750.79,-16.8009133669,-51.9628,343678131.76,-26.81,-73.1065,9.955259053686,1.06,0.467412524417,26.7342341232,化学制品,2024-04-30,2023-03-31
600350,山东高速,0.146,5141672216.48,44.5332041211,-30.9006,824557107.32,12.95,40.3573,6.266779318968,2.23,0.198424801113,35.521241505,铁路公路,2024-04-30,2023-03-31
600345,长江通信,-0.01,47160147.77,43.731524871,-47.1914,-1802252.58,28.36,-48.9363,11.224070475101,1.31,-0.505345787828,20.1596462046,通信设备,2024-04-30,2023-03-31
600343,航天动力,-0.0191,146717501.35,-37.6712267485,-62.6664,-12201989.54,-9.7860165683,46.4439,2.898185000645,-0.6427,-0.092279776869,25.3628556836,通用设备,2024-04-30,2023-03-31
600340,*ST华幸,0.19,5875613598.41,40.4854890859,-41.0156,738159911.41,-73.4,-76.5102,2.862699756442,7.2,0.042384602327,13.7292587181,房地产开发,2024-04-30,2023-03-31
600338,西藏珠峰,0.0048,503165872.67,-3.4154861872,15.162,4367126.59,-94.64,103.1875,3.718993854267,0.13,0.317012172752,55.486602684,工业金属,2024-04-30,2023-03-31
600331,宏达股份,0.0045,837128049.28,12.0887371119,-9.4706,9045139.61,-72.23,125.4126,0.208492051506,2.16,-0.036966279518,10.8598560015,农化制品,2024-04-30,2023-03-31
600329,达仁堂,0.52,2154405776.85,14.0322984003,-19.7984,400788396.53,100.79,201.7231,8.927897017466,5.97,0.241732843439,48.7797375157,中药Ⅱ,2024-04-30,2023-03-31
600327,大东方,0.029,909421991.74,5.9608843968,14.7008,25748899.42,-55.03,1057.6743,3.658644115471,0.79,0.228351685487,19.3422392319,一般零售,2024-04-30,2023-03-31
600325,华发股份,0.24,11958336526.39,43.2547457901,-54.672,539673774.77,-24.55,15.7189,8.343811240122,2.93,5.182270643299,17.122030035,房地产开发,2024-04-30,2023-03-31
600323,瀚蓝环境,0.38,2802039482.45,2.7538565714,-14.1925,310134498.68,94.94,11.3025,13.715416647733,2.81,-0.235011477651,25.1593194495,环境治理,2024-04-30,2023-03-31
600322,津投城开,-0.1271,1716624897.57,841.6130880939,374.2407,-140510856.16,32.88,59.0962,0.048502251569,-113.42,0.20663722772,10.9495097948,房地产开发,2024-04-30,2023-03-31
600320,振华重工,0.024,6019689227.0,26.1875850694,-46.3125,129537269.0,747.09,-57.4741,2.806308115466,0.85,-0.175318395173,14.3175348843,专用设备,2024-04-30,2023-03-31
600319,亚星化学,-0.05,204381878.99,32.2493244699,-11.1993,-18674308.94,-394.0038448704,-140.2879,1.596755576801,-2.97,-0.063789819748,3.2951900987,化学原料,2024-04-30,2023-03-31
600308,华泰股份,0.07,3531921358.36,-8.7372618603,-2.5063,106766186.94,-44.31,3007.4229,8.44596684792,1.09,0.180283363209,11.9229976515,造纸,2024-04-30,2023-03-31
600307,酒钢宏兴,0.0049,10423327500.86,-5.4701406322,28.7348,30738650.9,181.74,103.2396,1.795094271085,0.27,-0.068381381963,9.1024619254,普钢,2024-04-30,2023-03-31
600305,恒顺醋业,0.0734,612922538.33,7.1494030752,34.015,72871854.8,-5.66,543.0234,2.26125019616,3.33,0.054929245054,35.0821393395,调味发酵品Ⅱ,2024-04-30,2023-03-31
600295,鄂尔多斯,0.36,7529356036.09,-21.2774360261,-10.6446,1000403017.56,-24.89,369.8317,10.717630754622,4.77,0.388356609143,23.6879499639,冶钢原料,2024-04-30,2023-03-31
600289,ST信通,-0.0781,48153627.11,-1.6831681417,-48.4089,-49278348.93,17.5182042966,75.5545,2.197935922844,-3.5841,-0.115897237744,69.6448610265,通信服务,2024-04-30,2023-03-31
600287,苏豪时尚,0.0338,988667220.59,15.5852864008,-6.3957,14887122.5,11.79,-30.0984,3.996165262572,0.85,-0.270794917365,12.8094752959,贸易Ⅱ,2024-04-30,2023-03-31
600284,浦东建设,0.1251,4133248808.46,6.9016858117,-24.5433,121408289.57,-23.78,-15.6569,7.528573094029,1.62,-1.772947140682,5.6187186139,基础建设,2024-04-30,2023-03-31
600283,钱江水利,0.17,402802192.04,8.4323083546,-29.1424,59896868.83,84.78,33.2781,6.404045332012,2.69,0.170973827255,38.7786958678,环境治理,2024-04-30,2023-03-31
600281,华阳新材,-0.0557,87069058.77,-11.5821096818,797.8597,-28632442.64,-1144.85,17.6095,0.80904400806,-6.65,-0.113985125642,-0.3100638548,小金属,2024-04-30,2023-03-31
600279,重庆港,-0.0004,1572428295.84,15.3158560664,36.7584,-426984.32,-109.06,-100.3972,4.791939489977,-0.008,0.04851901389,6.1660705513,航运港口,2024-04-30,2023-03-31
600278,东方创业,0.09,9772530190.72,-6.6611987503,2.9743,83241228.48,-6.05,181.3748,8.124183142663,1.17,-0.121921161691,4.5630577673,贸易Ⅱ,2024-04-30,2023-03-31
600271,航天信息,0.13,3505923338.82,-17.1003301716,-41.7874,245693973.22,308.36,-65.8163,7.766028598419,1.72,-0.628989566333,28.1480189898,IT服务Ⅱ,2024-04-30,2023-03-31
600267,海正药业,0.19,3063534009.22,2.8996721824,16.2587,232298844.11,71.91,47.2284,6.683439178897,2.83,0.257935168178,40.2412988672,化学制药,2024-04-30,2023-03-31
600261,阳光照明,0.04,762143558.63,-20.8477364284,-9.0461,58224468.25,1663.07,8.2078,2.566441643903,1.61,-0.008491285794,33.7338605987,照明设备Ⅱ,2024-04-30,2023-03-31
600257,大湖股份,-0.019,250086468.74,14.1858157963,-6.1998,-9137404.94,30.75,87.6819,1.807202339733,-1.04,0.020170820049,21.886808425,渔业,2024-04-30,2023-03-31
600255,鑫科材料,-0.005,821502405.32,-0.9420009848,17.233,-8659449.48,-162.5,-64.5969,0.776763119544,-0.62,-0.019942844202,6.3345546152,金属新材料,2024-04-30,2023-03-31
600252,中恒集团,-0.005,669688145.45,4.5562479324,-18.6882,-17116845.17,-119.94,74.3661,1.866082986335,-0.26,0.022373618067,63.8194182716,中药Ⅱ,2024-04-30,2023-03-31
600250,南京商旅,0.02,200946074.09,44.1423979911,22.018,6510861.61,117.5501034269,-94.9864,1.790545399898,1.17,0.056848948366,28.3543510059,旅游及景区,2024-04-30,2023-03-31
600248,陕建股份,0.2216,35528404694.84,1.7145280748,-42.2542,817385625.48,1.97,80.1482,5.231724854684,4.33,-1.081934442399,7.8001339998,房屋建设Ⅱ,2024-04-30,2023-03-31
600246,万通发展,-0.0145,126903487.5,92.1671311619,-22.5148,-27197354.82,26.41,62.4866,2.918141804934,-0.45,0.000466090474,26.6742382868,房地产开发,2024-04-30,2023-03-31
600243,*ST海华,-0.04,63617592.19,-52.1242382939,-50.893,-15706885.92,-75.365180768,87.4934,1.998618723915,-1.77,-0.039546958687,4.3338258257,通用设备,2024-04-30,2023-03-31
600241,时代万恒,0.04,181969849.57,-15.5589613999,1.5454,12529191.92,-48.39,207.6209,3.685530620057,1.16,-0.214080796701,19.9974582306,电池,2024-04-30,2023-03-31
600235,民丰特纸,0.01,381763911.38,-1.321690128,-16.196,3373653.97,-78.69,523.1117,4.013120025705,0.24,0.027505143723,10.0084517737,造纸,2024-04-30,2023-03-31
600231,凌钢股份,0.02,5531291081.21,-8.0862856164,35.0785,45988853.38,-63.65,107.363,2.858200103211,0.56,0.01522349755,3.4103073677,普钢,2024-04-30,2023-03-31
600223,福瑞达,0.13,1272172649.79,-14.1705903285,-71.2329,129333003.46,95.09,219.3999,3.783587044212,3.42,0.092905879191,39.3937467704,化妆品,2024-04-30,2023-03-31
600219,南山铝业,0.04,6834479105.87,-22.8314257512,-18.865,518941066.61,-28.12,-22.1762,3.909229472041,1.18,0.026456286364,19.1618717752,工业金属,2024-04-30,2023-03-31
600218,全柴动力,0.07,1633529881.0,-5.0885146535,69.9306,32021633.88,-11.41,33.0163,7.186770174859,1.03,-0.51738341051,10.4494740626,汽车零部件,2024-04-30,2023-03-31
600217,中再资环,-0.0054,736625342.99,3.6069111274,26.7764,-7551735.97,-146.11,-1589.3777,1.821896840878,-0.3,-0.05776916015,16.3402924099,环境治理,2024-04-30,2023-03-31
600212,绿能慧充,-0.0014,98729680.62,123.5053489013,-14.2563,-695735.48,90.0914037695,99.1592,0.267046186433,-0.51,-0.014382930497,25.9399878427,其他电源设备Ⅱ,2024-04-30,2023-03-31
600210,紫江企业,0.078,2242330856.57,-4.7228775188,-4.8228,118678656.82,-2.26,-30.4366,3.710865439261,2.13,0.111211804393,21.4588952447,包装印刷,2024-04-30,2023-03-31
600208,衢州发展,0.084,315843889.83,-85.021725157,-94.919,707679444.15,43.96,172.556,4.929141907569,1.7,-0.162817932754,23.8452806387,房地产开发,2024-04-30,2023-03-31
600207,安彩高科,0.0093,1221960696.64,57.0191464343,-9.8673,10112604.99,-47.86,139.1243,2.878913790348,0.32,-0.321971083297,9.3700921597,光伏设备,2024-04-30,2023-03-31
600206,有研新材,0.046,3024894599.86,-22.6422520412,-14.04,38775253.9,-62.74,287.7389,4.331930413452,1.06,-0.468132113843,5.23056124,半导体,2024-04-30,2023-03-31
600203,福日电子,-0.13,1912652790.03,-56.0317065851,-52.3152,-74957198.52,-397.68,73.928,3.834281234273,-3.24,-0.229488572807,5.150535445,消费电子,2024-04-30,2023-03-31
600202,哈空调,0.0178,258141750.39,36.2026591781,-38.1557,6813738.54,15.35,294.3386,2.130838093668,0.84,0.194975618371,15.2939093774,通用设备,2024-04-30,2023-03-31
600199,金种子酒,-0.0626,432469904.21,25.4836247814,16.5243,-41161469.42,-228.1104482885,20.0096,3.806352581234,-1.63,-0.002041702394,27.2342360575,白酒Ⅱ,2024-04-30,2023-03-31
600198,大唐电信,-0.0513,86769496.11,-41.6985385279,-80.5746,-67404169.83,-55.4582402662,-167.8226,0.323851425081,-14.6496,0.000578683715,33.4280935817,通信设备,2024-04-30,2023-03-31
600196,复星医药,0.37,10870720838.66,4.6785755091,-11.9172,986971662.49,116.17,-22.6776,16.987462610345,2.17,0.326793733857,51.2930773315,化学制药,2024-04-30,2023-03-31
600195,中牧股份,0.1376,1061645947.59,-5.4815320613,-39.8864,140498808.83,4.76,-6.0986,5.317386411274,2.19,-0.151255623018,22.0536543262,动物保健Ⅱ,2024-04-30,2023-03-31
600187,*ST国中,-0.0104,66198574.67,-18.646511633,-3.6574,-16840938.44,-98.0218363443,-178.2733,1.957907439359,-0.53,0.010015291157,17.996892757,环境治理,2024-04-30,2023-03-31
600186,莲花控股,0.0117,455779558.55,9.1800581812,21.1804,20987154.16,43.23,894.5021,0.793206527979,1.48,0.012031745494,15.7477488346,调味发酵品Ⅱ,2024-04-30,2023-03-31
600178,东安动力,-0.0246,1245593432.45,-32.0675904521,15.1066,-11705117.7,-159.85,-1397.3271,5.312910910169,-0.5894,-0.00916834728,7.333051833,汽车零部件,2024-04-30,2023-03-31
600177,雅戈尔,0.19,3265729821.97,-56.0223150467,63.6838,867484452.2,-59.04,-0.7745,8.53955979513,2.24,-0.154148501006,50.1770691919,服装家纺,2024-04-30,2023-03-31
600172,黄河旋风,-0.0114,501563240.42,-17.1454450965,-16.7194,-15833518.31,-155.14,68.1385,2.271646803755,-0.48,0.048837667041,32.7584268242,通用设备,2024-04-30,2023-03-31
600170,上海建工,0.021,66205078110.66,24.8555698928,-34.618,256162218.86,243.29,-78.3183,3.379665557163,0.63,-2.577119550185,6.2905770788,房屋建设Ⅱ,2024-04-30,2023-03-31
600167,联美控股,0.3044,1655507883.08,-4.9559631203,43.8576,688890428.95,2.74,120.462,4.920687993484,6.31,-0.140370104035,54.0661070743,电力,2024-04-30,2023-03-31
600162,香江控股,0.0271,1191593152.45,11.129237909,-63.1879,88696088.25,127.53,-14.0599,2.059208369651,1.33,0.090842193022,33.2291024034,房地产开发,2024-04-30,2023-03-31
600159,大龙地产,0.01,105478190.62,-41.5684440322,-59.181,8543921.59,54.15,105.082,2.730082041668,0.38,-0.466001630473,15.2376950491,房地产开发,2024-04-30,2023-03-31
600158,中体产业,-0.0529,236684334.29,15.4125266247,-60.4945,-50787072.63,3.3327952504,-193.6609,2.583047404981,-2.0284,-0.309486920859,19.2323368873,体育Ⅱ,2024-04-30,2023-03-31
600155,华创云信,0.06,741673490.36,56.2063454024,-1.9595,134812411.25,396.97,-28.8201,8.594850726925,0.69,-0.116526229918,,证券Ⅱ,2024-04-30,2023-03-31
600153,建发股份,0.23,167464733246.1,11.1994008923,-37.5698,793926257.72,-22.66,-70.5838,15.464283967369,1.39,-4.012409320258,2.4116207525,物流,2024-04-30,2023-03-31
600151,航天机电,-0.0163,2301098768.27,26.3824154057,-17.1301,-23437616.18,-34.5839520181,75.2182,3.715336232349,-0.4392,-0.293424974884,6.8301791847,汽车零部件,2024-04-30,2023-03-31
600143,金发科技,0.1124,9683231224.55,2.3896066414,-12.7421,298633388.72,-29.07,-62.1364,6.332858677492,1.79,0.093119005898,15.1024417675,塑料,2024-04-30,2023-03-31
600138,中青旅,-0.0066,1657756086.53,20.0004826355,3.4505,-4801532.12,95.7149891751,97.0459,8.307547969579,-0.08,-0.078026684088,23.1755885158,旅游及景区,2024-04-30,2023-03-31
600137,浪莎股份,0.03,62789416.6,-3.2688672361,-50.3436,2880756.54,-34.66,-60.2,5.432766796066,0.55,-0.223409054131,19.2466357778,服装家纺,2024-04-30,2023-03-31
600136,ST明诚,-0.34,127746610.84,-66.9954692046,157.6402,-197968339.81,31.94,95.2358,-8.273139495164,,-0.104128566819,25.3575965632,房地产服务,2024-04-30,2023-03-31
600133,东湖高新,0.0636,3019313266.41,10.6013658515,-11.9376,61784110.11,105.34,-77.4222,7.788458869437,0.78,-1.237306941666,9.4210024172,环境治理,2024-04-30,2023-03-31
600132,重庆啤酒,0.8,4005811752.65,4.5217479361,115.8392,387009759.8,13.63,376.0167,5.050512529756,17.2,1.761694018618,45.1561535789,非白酒,2024-04-30,2023-03-31
600130,波导股份,0.006,108013256.27,-16.5913269619,-39.5857,4549213.64,-17.73,3.9163,1.306700641523,0.45,0.05097260418,12.6486531392,消费电子,2024-04-30,2023-03-31
600128,苏豪弘业,0.0229,1122344328.69,-5.6998656127,-40.5488,5660681.07,42.58,-63.6542,8.491703535068,0.2709,-0.30259784534,4.6469368755,贸易Ⅱ,2024-04-30,2023-03-31
600127,金健米业,0.0155,1168071214.48,-23.1007112721,-16.7097,9918593.32,281.2691264908,216.6897,1.05113699218,1.48,-0.075355974297,4.5170936631,农产品加工,2024-04-30,2023-03-31
600125,铁龙物流,0.132,3346741191.32,18.6353110766,32.0137,172032687.62,38.15,427.709,5.23934990095,2.547,-0.192724160691,7.9310017529,铁路公路,2024-04-30,2023-03-31
600121,郑州煤电,0.055,1178205031.41,7.8483447389,-1.2977,67073503.71,28.44,422.7896,1.418308200341,4.01,0.091344446664,36.6507346037,煤炭开采,2024-04-30,2023-03-31
600120,浙江东方,0.06,2953113845.55,-42.1830734922,-38.3992,212986140.34,433.28,-66.6337,4.636926414251,1.36,0.118615701042,4.4103676991,多元金融,2024-04-30,2023-03-31
600119,*ST长投,-0.01,192723360.92,-39.7894128638,-23.2497,-3988545.33,11.0130775243,75.4221,0.528898414372,-2.04,-0.022523624268,6.4339599521,物流,2024-04-30,2023-03-31
600118,中国卫星,0.04,1337190718.95,-4.771718099,-54.7541,49837347.88,-5.41,2057.1633,5.335779927576,0.79,-0.46843925289,13.1802600349,航天装备Ⅱ,2024-04-30,2023-03-31
600117,西宁特钢,-0.24,1318356543.6,-56.3761530868,128.9215,-246645309.49,-24.56,43.3096,-1.052047739867,,0.051350737878,-2.2676670196,特钢Ⅱ,2024-04-30,2023-03-31
600115,中国东航,-0.17,22280000000.0,75.9178839321,116.9477,-3840000000.0,50.5154639175,58.9752,1.13108429411,-13.99,0.300883764748,-8.6355475763,航空机场,2024-04-30,2023-03-31
600111,北方稀土,0.255,9231350045.37,-5.8955202597,-0.3306,921914627.58,-40.83,-31.8264,5.742973402757,4.54,0.262407263663,15.5732795884,小金属,2024-04-30,2023-03-31
600110,诺德股份,0.0287,1102320359.67,-0.8531559955,-22.3208,50209927.91,-60.43,-30.3843,3.642039198627,0.79,0.019706358617,14.840838997,电池,2024-04-30,2023-03-31
600107,*ST尔雅,-0.01,121427648.25,-17.3540081579,25.7035,-4776967.52,-54.1002043053,94.424,1.734752331417,-0.01,-0.171937823556,36.7059684449,服装家纺,2024-04-30,2023-03-31
600106,重庆路桥,0.02,28898925.32,-4.119419379,-5.521,32968081.26,118.41,-48.0121,3.438447772379,0.73,0.032347476702,92.7129902698,铁路公路,2024-04-30,2023-03-31
600104,上汽集团,0.242,145916475075.54,-20.03,-32.65,2782676516.8,-49.55,-19.7705,24.084361182491,0.99,-0.844201187965,9.8333452064,乘用车,2024-04-30,2023-03-31
600101,明星电力,0.1375,651573078.22,16.823928998,-2.0597,57946601.94,39.17,418.4456,6.471216455288,2.12,0.317771419525,12.9866126377,电力,2024-04-30,2023-03-31
600098,广州发展,0.1161,10080758898.16,20.4798899688,-18.5045,404164989.54,58.17,198.4127,6.962277930267,1.6526,0.207143313182,10.1061206349,电力,2024-04-30,2023-03-31
600094,大名城,0.0436,1499304967.26,82.5579062157,-60.1957,101386595.08,221.7989933695,-24.4478,5.016903773592,0.82,0.356438735484,20.0405051501,房地产开发,2024-04-30,2023-03-31
600089,特变电工,1.2054,26500719519.25,38.1543759832,-16.1551,4734134427.57,51.34,-2.13,15.258597447883,7.9597,1.662196761349,37.9487068587,电网设备,2024-04-30,2023-03-31
600085,同仁堂,0.382,5143069726.63,30.0824862857,15.0023,523355606.08,30.85,23.7416,8.974692997762,4.34,0.835182482528,46.4960479847,中药Ⅱ,2024-04-30,2023-03-31
600082,ST海泰,-0.0041,22179619.29,-81.4783176163,156.4428,-2619563.06,77.6900512339,-105.9768,2.71625443513,-0.15,0.025852078618,58.1513352027,房地产开发,2024-04-30,2023-03-31
600079,ST人福,0.41,6225735090.21,20.0830916075,2.3579,665316964.81,-27.24,156.5459,9.64184245996,4.32,-0.317310359968,46.4318640646,化学制药,2024-04-30,2023-03-31
600072,中船科技,-0.025,3206678188.48,581.3063820059,-40.5245,-38343309.45,271.71,-64.4807,5.484826125385,-0.005,-2.264874129101,11.8101357545,风电设备,2024-04-30,2023-03-31
600071,凤凰光学,-0.08,363337146.08,-6.9197022352,-29.4509,-21308415.03,-66.22,-247.768,1.779012617111,-4.17,0.088906635089,9.9669097203,光学光电子,2024-04-30,2023-03-31
600061,国投资本,0.13,3710038963.82,-5.68,-20.4685,865632980.79,1260.24,8.184,7.630534716035,1.75,4.018757814941,2.3897692629,多元金融,2024-04-30,2023-03-31
600058,五矿发展,0.03,18014636136.17,18.0748507473,-17.3732,34762372.27,-75.1,309.9666,4.519337141459,0.7,-2.812284875974,2.8365974644,贸易Ⅱ,2024-04-30,2023-03-31
600057,厦门象屿,0.23,129150204083.95,13.4252750716,-11.7763,546358768.55,14.52,17.8891,6.789419232095,3.43,-11.400278525977,2.1218805429,物流,2024-04-30,2023-03-31
600056,中国医药,0.1797,12530663199.18,47.075205407,17.3786,268770140.93,9.27,966.763,7.410269023563,2.45,-0.997290479328,9.8412285869,医药商业,2024-04-30,2023-03-31
600054,黄山旅游,0.0885,337916364.49,161.2634687038,69.3626,64575642.65,177.5419359082,191.0393,5.692706448704,1.57,0.180169046402,47.747677211,旅游及景区,2024-04-30,2023-03-31
600053,*ST九鼎,-0.0533,12184614.36,-86.6951045574,-83.6142,-23117396.35,-152.09,-136.2494,6.682140027167,-0.7942,-0.081912567929,,多元金融,2024-04-30,2023-03-31
600048,保利发展,0.23,39988673578.33,19.1735965911,-67.9246,2720901862.85,7.52,-48.2012,15.86889718439,1.38,-1.183115100661,21.8691187584,房地产开发,2024-04-30,2023-03-31
600039,四川路桥,0.31,30893467811.6,29.0225825483,-54.8949,2733375733.81,32.58,-47.3864,7.176710532139,6.32,-1.325700616284,16.1216748012,基础建设,2024-04-30,2023-03-31
600036,招商银行,1.54,90636000000.0,-1.4718991195,13.3659,38839000000.0,7.82,24.9244,34.1253370341,4.6075,-0.500317208565,,银行Ⅱ,2024-04-30,2023-03-31
600035,楚天高速,0.22,763923990.38,0.1566968352,7.2793,354342669.14,43.04,302.7298,4.873146107201,4.62,0.292807639337,63.4608355393,铁路公路,2024-04-30,2023-03-31
600033,福建高速,0.0844,711694057.95,4.0167269015,15.2573,231551814.16,3.01,114.2243,4.006082692712,2.12,0.110841157641,61.2995519994,铁路公路,2024-04-30,2023-03-31
600032,浙江新能,0.0582,1046055225.84,-0.3114081653,9.0739,121028321.73,-40.79,241.2837,4.210366283889,1.39,0.180488524447,50.0282161929,电力,2024-04-30,2023-03-31
600029,南方航空,-0.1,34055000000.0,58.6092869452,101.5327,-1898000000.0,57.7846975089,87.4263,2.160973456211,-3.18,0.486065890403,2.2346204669,航空机场,2024-04-30,2023-03-31
600023,浙能电力,0.08,17649256075.35,-3.6409449777,-8.6037,1010519269.71,61.19,144.2105,4.682335855285,1.63,-0.095572481301,4.3137156783,电力,2024-04-30,2023-03-31
600020,中原高速,0.1628,1203727869.81,27.7277112549,18.1187,385930863.71,173.46,246.3992,4.776177653912,3.47,0.260813288457,56.2762656577,铁路公路,2024-04-30,2023-03-31
600018,上港集团,0.1532,7648688921.62,-38.3798455794,-4.9171,3550868042.61,-35.37,111.9672,4.974628589498,3.1367,0.132714372244,41.6016816543,航运港口,2024-04-30,2023-03-31
600016,民生银行,0.33,36773000000.0,0.3794289458,8.539,14232000000.0,3.7,854.5272,11.885660773834,2.775,5.16,,银行Ⅱ,2024-04-30,2023-03-31
600015,华夏银行,0.31,23117000000.0,-3.6791666667,10.8995,5854000000.0,4.05,-26.448,16.68972667295,1.87,2.27,,银行Ⅱ,2024-04-30,2023-03-31
600009,上海机场,-0.04,2154410996.61,18.7827354098,59.4644,-99346473.86,80.3024269678,88.8672,15.876451610085,-0.25,-0.013277632345,-0.5485738171,航空机场,2024-04-30,2023-03-31
600006,东风股份,0.0478,2637335684.59,-26.4883956824,-14.0023,95633104.1,-19.41,-48.8719,4.145894952765,1.16,-0.63967663658,8.5501936711,商用车,2024-04-30,2023-03-31
600000,浦发银行,0.51,48079000000.0,-3.8458461662,6.9801,15831000000.0,-18.35,47.8289,20.481568547288,2.54,3.52,,银行Ⅱ,2024-04-30,2023-03-31
420244,建车B3,-0.2238,95871501.13,-21.4584634487,-21.1381,-26718192.49,-213.96,17.674,0.710911659393,-27.27,-0.138388366743,2.5571616185,,2024-04-30,2023-03-31
400292,精伦5,-0.02,26363134.29,-41.8511861659,-46.3134,-12017521.72,-59.791700025,-37.3011,0.418455991658,-5.7,0.025305449642,18.6572224907,,2024-04-30,2023-03-31
400290,R长药1,-0.0655,136792880.94,-74.9189705542,-29.0033,-22958141.64,-256.75,54.7162,2.21990984552,-2.91,0.069479412559,8.1446307026,,2024-04-30,2023-03-31
400287,R东方通1,-0.1923,37473290.92,-52.4349201839,-91.6858,-88584434.68,-88.7,-180.6766,4.860055601,-3.88,-0.259847600731,74.1596730037,,2024-04-30,2023-03-31
400283,高鸿3,0.007,1225991234.64,19.7981344898,-45.2017,7946729.11,286.03,101.8583,3.856895800487,0.18,-0.587056960081,8.4012180006,,2024-04-30,2023-03-31
400282,R紫天1,0.3892,691527206.21,28.6732654891,-6.8225,63353447.78,-2.8,-23.1002,15.309843386212,2.59,0.756023293053,14.2477449514,,2024-04-30,2023-03-31
400281,R天茂1,0.01,21927557710.48,20.3819107458,86.046,45205131.1,-69.31,24.0629,4.401668018514,0.21,1.816131571931,,,2024-04-30,2023-03-31
400278,R九有1,-0.0167,39977325.59,-11.9907434759,-60.3535,-9753678.46,42.1514860519,66.6521,0.047900385331,-32.11,0.014416546007,19.9460894452,,2024-04-30,2023-03-31
400277,R恒立1,-0.0074,9912173.42,-85.1064265067,-44.8086,-3150135.73,1.92,-43.8865,0.449553141153,-1.63,-0.092090961677,2.8258579439,,2024-04-30,2023-03-31
400275,R工智1,0.0014,331058184.53,68.0070973735,-58.7714,1050449.08,103.37,100.36,1.365908500692,0.1,-0.033172985949,13.8645667483,,2024-04-30,2023-03-31
400271,龙宇5,0.0748,1799525401.87,-18.2641983554,171.2633,29048608.33,29.69,218.7158,9.031201902968,0.8,0.15129127713,2.9475700718,,2024-04-30,2023-03-31
400270,龙津5,-0.0203,21553840.94,-54.6866755874,6.7742,-8117275.16,-1075.3,84.6262,1.435488950687,-1.4,-0.095869546592,68.8733474527,,2024-04-30,2023-03-31
400268,R产融1,0.019,3782698631.31,-5.760807162,-26.1006,167382893.95,1361.29,186.817,4.220276321623,0.42,-5.7522360798,44.3099376865,,2024-04-30,2023-03-31
400265,富润3,-0.09,29568904.59,-24.9879527762,-51.9753,-47063451.17,57.3107049384,75.4975,2.330586547102,-3.72,-0.170923602388,13.7527146385,,2024-04-30,2023-03-31
400264,R东方1,-0.4255,1942063861.84,-23.4220311735,150.993,96537371.11,725.67,110.667,5.033377562314,0.53,0.019973137903,2.6576644918,,2024-04-30,2023-03-31
400259,津信科3,-0.001,65603737.35,66.5136833632,116.9653,-3520120.67,95.5532807973,-100.9177,0.643311912464,-0.15,0.013682046631,14.4099882749,,2024-04-30,2023-03-31
400258,博信3,-0.0243,64064365.24,-5.5594935951,-40.0967,-5584728.0,-111.75,-154.2602,0.342757159478,-6.84,-0.05292983587,15.4467141958,,2024-04-30,2023-03-31
400256,鹏都5,-0.0062,4960799886.9,-4.7949371679,41.503,-39500793.85,-216.71,-1479.0038,0.819650826239,-0.75,-0.088703874597,9.8259520844,,2024-04-30,2023-03-31
400255,亚星3,-0.11,153355045.27,-45.2688211123,-72.6018,-31869896.32,26.9736644226,68.1055,0.444698940804,-22.33,0.045367005175,4.8921266769,,2024-04-30,2023-03-31
400251,海印5,-0.037,212390093.02,-41.9289702695,92.6819,-87508470.74,-186.26,81.1735,1.262547478775,-2.63,0.035943899477,36.7141202404,,2024-04-30,2023-03-31
400250,鼎龙5,-0.0103,101084923.03,20.4828337751,-14.8212,-9438962.37,63.59,93.566,1.170411786976,-0.87,-0.003490176794,28.780548976,,2024-04-30,2023-03-31
400249,R深天1,-0.1344,42802914.93,-44.4114354451,-39.5032,-18652947.49,45.3,89.5126,0.874838039068,-14.27,-0.01920375199,-2.5850329161,,2024-04-30,2023-03-31
400246,新纶3,-0.0819,152739156.8,-47.0252679981,-34.5774,-94421138.02,-4.7,91.5908,0.921092674115,-7.39,0.009547450281,9.2944473555,,2024-04-30,2023-03-31
400243,R超华1,-0.0219,234103883.94,-58.4228626597,-3.3489,-20384539.78,-172.77,94.469,1.396571661388,-1.54,0.050097084235,14.2253602758,,2024-04-30,2023-03-31
400242,巴安3,-0.0283,67983693.47,36.7737700468,7.4034,-18976466.07,64.79,91.4106,0.241887143383,-22.4,-0.031325800586,29.6966951184,,2024-04-30,2023-03-31
400241,洪涛3,-0.0668,153477954.02,-66.4316471371,18.1145,-117307721.74,-47.4,74.2894,1.651975624478,-3.88,-0.083070147947,3.8245542283,,2024-04-30,2023-03-31
400240,R长康1,0.0487,873535602.23,-3.5199163949,21.5322,60141015.34,-3.18,242.724,3.686386765265,1.33,0.003793328925,40.3788588043,,2024-04-30,2023-03-31
400239,联络3,-0.05,2921498217.16,-16.1222518931,-19.0637,-112842042.2,61.51,66.9947,0.3087431181,-15.87,-0.111195292561,9.0312723492,,2024-04-30,2023-03-31
400238,贵天成3,-0.0513,30791622.86,376.3406306543,-34.7734,-26116088.93,25.9446372614,75.8363,0.135363433403,-31.8544,-0.016296218143,19.0391434925,,2024-04-30,2023-03-31
400237,天通5,-0.0258,67451862.05,-76.0715032667,-84.5989,-31215177.39,-1032.48,-774.9173,1.036399494426,-2.46,-0.028015410664,32.2270992221,,2024-04-30,2023-03-31
400235,R爱康1,0.0073,1243645386.64,25.6473757222,-47.4506,32593520.29,242.0,105.8054,0.645368279341,1.56,-0.043101280638,13.5350666314,,2024-04-30,2023-03-31
400234,迪马3,-0.04,4471002967.44,99.8296705722,28.4434,-100252400.3,-111.0274593569,97.2866,1.993983663527,-2.0,0.097649483994,18.0023822378,,2024-04-30,2023-03-31
400233,美吉姆3,-0.02,29536302.04,-33.9019718207,11.3387,-12558611.16,-7.55,96.5124,0.557944941728,-2.67,-0.024097208639,52.5419712968,,2024-04-30,2023-03-31
400227,利能5,0.0045,2699132075.87,-14.143219479,51.4885,15999173.77,-88.72,127.4676,4.782316019437,0.1,0.073546459344,6.3291158694,,2024-04-30,2023-03-31
400226,R易连1,0.0018,126830005.78,-11.1886033495,-15.0524,1231824.78,-43.44,103.7838,1.708179715722,0.11,-0.113859762635,26.6761254499,,2024-04-30,2023-03-31
400225,中南3,-0.174,11129557467.17,43.6207874287,-54.9148,-665649652.02,-9.49,90.6598,3.609190238324,-4.72,0.09359309214,7.8720281634,,2024-04-30,2023-03-31
400224,苏阳光5,-0.0011,342766188.7,-17.88123376,-28.9848,-1955351.05,-111.57,-113.072,1.207228456931,-0.09,-0.012660878628,23.8670167149,,2024-04-30,2023-03-31
400221,太安堂3,-0.08,139317832.02,-27.155205651,364.2807,-61443810.03,-64.49,92.5326,4.635714985709,-1.71,-0.051821671923,17.0967598653,,2024-04-30,2023-03-31
400220,同达5,-0.0098,358529.53,-78.0666822918,-7.0626,-1358285.14,-121.26,90.2324,2.111690085311,-0.46,-0.039165719503,50.3027379642,,2024-04-30,2023-03-31
400219,碳元5,-0.05,30118326.21,40.8981227743,34.0919,-10092132.62,23.4,81.9643,1.294452823001,-3.66,-0.01318004835,-1.8729771239,,2024-04-30,2023-03-31
400218,R新纺1,0.0037,951324035.58,-3.3465971724,299.1135,3041060.95,-70.68,100.5578,0.862293156453,0.43,-0.452715817673,13.3711466254,,2024-04-30,2023-03-31
400217,正源3,0.0101,344260636.38,179.7438743507,56.4144,15216056.13,144.1252760301,117.8735,1.061939037622,0.95,0.055630439231,12.5438813406,,2024-04-30,2023-03-31
400216,中资5,-0.0044,2914725.9,-55.0526580334,-74.5813,-1512035.81,-245.14,56.9835,1.38883818113,-0.09,-0.05088260142,27.7683977077,,2024-04-30,2023-03-31
400215,商业城5,-0.12,20108220.48,-44.2035037025,-9.8666,-27491479.0,-89.089425415,87.7023,-0.952415515743,,-0.009622316524,69.279893782,,2024-04-30,2023-03-31
400214,世茂3,0.04,1112448689.6,-57.8965818976,-10.4154,149056247.51,54.32,103.5915,5.52779926784,0.72,0.241107513377,29.9918069659,,2024-04-30,2023-03-31
400213,R美盛1,-0.0111,155392003.07,-44.0578438262,6.1886,-10102588.44,-98.62,98.8612,1.314633635535,-0.64,-0.017155214246,33.5247933489,,2024-04-30,2023-03-31
400212,民生5,-0.0012,4488995.37,64.6345230846,-13.7016,-646957.32,86.05,96.702,1.605966730058,-0.08,-0.007637645495,,,2024-04-30,2023-03-31
400165,蓝光3,-0.2215,4503975846.82,-36.4097682733,1.2756,-672098240.69,-131.9507819433,94.9347,-8.080321522786,,-0.017504203862,7.156377661,,2024-04-30,2023-03-31
400093,千山3,-0.05,30440399.07,44.0013565601,-1.3555,-16342640.11,-23.72,94.191,-12.312794283242,,-0.003306868634,15.4864988437,,2024-04-30,2023-03-31
400059,天珑5,0.02,2549979068.72,0.4439802247,-17.0268,36087618.44,38.35,243.9248,0.960801115461,2.04,0.030115694905,9.6062364521,,2024-04-30,2023-03-31
301536,星宸科技,0.12,436870186.84,,-35.5215,46720318.18,,-72.4888,,2.48,,34.6052831125,半导体,2024-04-30,2023-03-31
301372,科净源,-0.06,40811149.46,-36.5742734951,-38.663,-3216748.22,66.85,-164.3064,5.230268081914,-1.19,-0.586841520313,37.937544531,环境治理,2024-04-30,2023-03-31
301336,趣睡科技,0.16,59498685.06,-36.1809596638,-20.9223,6420938.55,-57.21,2.1278,19.76465735325,0.82,-0.13836470725,25.8651354639,家居用品,2024-04-30,2023-03-31
301329,信音电子,0.13,184866815.54,-17.5439034117,-5.9103,18124801.36,-20.9320889079,-11.9702,5.341392301808,2.71,0.281577806761,29.5316225038,消费电子,2024-04-30,2023-03-31
301152,天力锂能,0.0041,579537662.79,-14.6289152104,-14.5485,499499.78,-99.15,101.8582,20.496343751557,0.02,0.077845531975,1.0905060285,电池,2024-04-30,2023-03-31
300999,金龙鱼,0.16,61041035000.0,7.9684608672,-12.355,854099000.0,645.99,29.8301,16.558796936398,0.96,1.450792682297,5.1275686921,农产品加工,2024-04-30,2023-03-31
300762,上海瀚讯,-0.0132,77182976.57,342.8625596936,436.4309,-8279064.33,59.28,-118.9008,4.275295188654,-0.31,-0.181457515052,61.9707150405,军工电子Ⅱ,2024-04-30,2023-03-31
300737,科顺股份,0.05,1866362110.59,7.5941529476,9.5221,58075501.19,-41.37,164.4862,4.761061598154,1.03,-0.556673945323,21.5899181999,装修建材,2024-04-30,2023-03-31
300572,安车检测,0.02,110929024.64,-5.5631170555,7.0951,4196226.34,-72.28,106.8395,9.269799003281,0.2,-0.170502954441,38.8484347716,通用设备,2024-04-30,2023-03-31
300560,中富通,0.0667,289946289.07,19.226942427,72.3967,15192356.22,3.16,-2.7986,4.965427056162,1.3,-0.402093183955,19.1132253728,通信服务,2024-04-30,2023-03-31
300555,ST路通,0.0034,49299531.58,-17.7748214434,-25.9482,678743.95,-86.46,120.3534,3.05197882815,0.11,-0.0178609041,25.827467142,通信设备,2024-04-30,2023-03-31
300537,广信材料,0.0677,104580750.49,-30.0508745101,37.046,13075418.14,213.76,168.2,3.484780042888,1.96,0.002504772738,28.5701256206,电子化学品Ⅱ,2024-04-30,2023-03-31
300518,新迅达,0.22,118316052.99,-41.2174006964,6.2023,30288170.51,-54.17,-52.3682,9.249340462552,2.01,0.326403329785,62.8318415729,互联网电商,2024-04-30,2023-03-31
300376,易事特,0.05,1392665978.63,3.9287615925,41.1658,108471463.41,9.91,441.3425,2.826971256774,1.66,0.119342118331,22.2505744382,其他电源设备Ⅱ,2024-04-30,2023-03-31
300338,*ST开元,0.0112,107307768.63,-36.7509402538,-44.8643,4315645.18,108.63,112.8294,0.269760683985,4.22,-0.102470620454,63.6836338995,教育,2024-04-30,2023-03-31
300311,ST任子行,-0.0868,57519843.74,-15.508985277,-77.7599,-58450383.68,-35.27,-387.4469,1.129063546102,-7.4,-0.05843975833,37.2149463875,软件开发,2024-04-30,2023-03-31
300163,先锋新材,-0.011,68845181.78,-6.3502447638,17.2646,-5227853.04,-368.9,31.5192,1.241217775654,-0.88,-0.04633736057,11.7979208421,化学制品,2024-04-30,2023-03-31
300152,*ST动力,-0.0009,57598915.7,1.3614450548,0.413,-624675.15,-131.96,99.3613,0.557228987472,,-0.003008406187,29.0369783645,环境治理,2024-04-30,2023-03-31
300147,*ST香雪,0.01,588724855.57,-4.0726630491,33.3558,4536891.13,108.34,101.9585,3.488218556434,0.19,0.083138185711,39.708042305,中药Ⅱ,2024-04-30,2023-03-31
300118,东方日升,0.29,6776944038.64,25.1751995839,-18.9646,310855176.6,46.11,57.545,12.85553524846,2.42,0.142017717288,12.3918622195,光伏设备,2024-04-30,2023-03-31
300027,ST华谊,-0.0038,233385378.04,76.5821726525,548.9881,-10499895.3,91.99,98.5357,0.448460851253,-0.84,-0.006900806947,32.5224898781,影视院线,2024-04-30,2023-03-31
300020,ST银江,0.09,585925476.72,15.1200000005,113.7793,60146158.45,20.28,360.0466,5.423185329544,1.71,0.000732682581,25.8300000006,IT服务Ⅱ,2024-04-30,2023-03-31
201872,招港B,0.34,3693584257.97,-8.1244366535,-10.1031,850039606.18,-1.13,45.4197,22.115821803817,1.55,0.279723907712,41.3501532536,航运港口,2024-04-30,2023-03-31
200725,京东方B,0.003,37973495034.0,-24.7689230906,-16.8512,247315140.0,-94.36,-89.0558,3.356716480907,0.09,0.26501020415,6.8448328622,光学光电子,2024-04-30,2023-03-31
200706,瓦轴B,-0.0565,605154931.63,17.083646738,-13.8733,-22736404.65,27.13,70.989,1.118661869622,-4.94,-0.243406331545,11.6356457445,通用设备,2024-04-30,2023-03-31
200625,长安B,0.71,34556094707.75,-0.0571559684,-3.7468,6970203078.41,53.65,675.7316,6.9961169284,10.54,0.340994979516,18.5580997711,乘用车,2024-04-30,2023-03-31
200570,苏常柴B,0.0339,703102297.7,4.052509846,53.4418,23934592.54,176.9916295337,140.481,4.799251692267,0.73,-0.100732327402,13.2350226424,汽车零部件,2024-04-30,2023-03-31
200541,粤照明B,0.0491,2193613606.54,7.031439475,-6.666,66221546.43,6.28,586.819,3.845643026775,1.27,0.054859422733,17.3439417473,照明设备Ⅱ,2024-04-30,2023-03-31
200539,粤电力B,0.0168,13046268148.0,14.5470192869,-0.9751,88429494.0,119.71,106.8851,3.860774752195,0.44,0.056904213333,7.5811998863,电力,2024-04-30,2023-03-31
200468,宁通信B,-0.0462,178539354.7,-14.6432075287,-26.0447,-9934009.57,14.49,24.1036,0.056099194,-58.34,-0.484200808744,21.5817691762,通信设备,2024-04-30,2023-03-31
200056,*ST皇庭B,-0.09,195608889.46,8.2954498366,19.8564,-101828223.54,13.35,87.7193,1.651043931093,-4.97,0.03405806066,57.7393497411,房地产服务,2024-04-30,2023-03-31
200045,深纺织B,0.0259,679306013.14,1.3055113757,-5.1182,13108613.21,-25.63,-21.785,5.651321248671,0.46,0.004422427847,11.410446547,光学光电子,2024-04-30,2023-03-31
003043,华亚智能,0.29,117468618.62,-11.6460839213,-26.8475,22883767.37,-16.32,-24.7409,12.616682024875,2.09,0.10698589025,31.9944164165,半导体,2024-04-30,2023-03-31
003027,同兴科技,0.21,143411451.06,-11.6300331957,-54.8131,26958156.75,-16.02,-29.2958,13.07104850535,1.57,0.535014769104,29.4588230771,环境治理,2024-04-30,2023-03-31
003020,立方制药,0.41,811816818.0,29.1432636128,18.487,66141680.02,40.35,69.3419,12.679265085615,4.36,0.176381468722,36.5377934237,化学制药,2024-04-30,2023-03-31
003016,欣贺股份,0.1175,450557813.49,-10.536629808,2.6274,48962781.6,-21.22,22052.1704,6.71379416257,1.7,0.172504006699,70.1587534531,服装家纺,2024-04-30,2023-03-31
003004,声迅股份,-0.11,23192969.81,-25.130537884,-86.9059,-8812888.71,-433.37,-129.16,8.834091457845,-1.21,-0.164463528226,38.035501457,计算机设备,2024-04-30,2023-03-31
002999,天禾股份,0.03,3896695218.44,-1.3098833122,163.5213,11578582.9,-17.09,-29.5686,3.380834790588,0.68,-4.330267152466,6.1026619317,农化制品,2024-04-30,2023-03-31
002998,优彩资源,0.09,514312804.65,20.3704708766,-19.9237,30651426.78,2.73,29.4426,4.839259890428,1.82,-0.081526733372,6.3055207272,化学纤维,2024-04-30,2023-03-31
002993,奥海科技,0.32,902354048.5,-18.4714387091,-19.2732,89058176.3,-14.8,57.4024,16.501182943052,1.97,0.544945708013,24.32945582,消费电子,2024-04-30,2023-03-31
002990,盛视科技,0.27,416082606.88,59.5806102832,75.4032,70301432.17,38.91,414.8698,8.42498699381,3.3,0.040032643283,39.3482643669,计算机设备,2024-04-30,2023-03-31
002981,朝阳科技,0.025,220552667.11,-19.8577528726,-41.8595,2420477.25,-41.57,-86.2974,8.313068291875,0.31,0.670647679167,21.4232145089,消费电子,2024-04-30,2023-03-31
002976,瑞玛精密,0.2,337220145.19,54.978614835,-19.1767,24029919.19,38.09,310.6377,6.491134510167,2.85,0.36888981425,25.5572814464,汽车零部件,2024-04-30,2023-03-31
002968,新大正,0.21,725078917.78,18.7094610164,5.9797,47392634.59,10.26,25.6876,5.092965518741,4.61,-0.858342428893,15.761985076,房地产服务,2024-04-30,2023-03-31
002965,祥鑫科技,0.4603,1148601190.53,52.7101975982,-13.7258,82051234.88,140.43,-7.4254,15.749008266361,2.96,0.507619243389,18.5123523677,汽车零部件,2024-04-30,2023-03-31
002950,奥美医疗,0.2019,814642103.91,-17.9647304792,-28.749,127884816.36,-18.92,-39.0807,5.062100544298,4.04,-0.029565895726,33.4677329776,医疗器械,2024-04-30,2023-03-31
002949,华阳国际,0.0211,257463819.01,-31.6832739812,-51.3652,4144771.19,208.8268716461,112.954,6.979194357427,0.28,0.42193055496,14.6085021556,工程咨询服务Ⅱ,2024-04-30,2023-03-31
002948,青岛银行,0.16,3093053000.0,15.5409862765,45.8123,910066000.0,15.83,86.5658,5.210642209648,2.58,1.019019506757,,银行Ⅱ,2024-04-30,2023-03-31
002941,新疆交建,0.01,398516700.58,-24.9514900226,-86.848,6926635.1,78.76,-94.6571,4.551876407141,0.24,-1.327071606823,6.1370563478,基础建设,2024-04-30,2023-03-31
002939,长城证券,0.11,1119714283.09,79.55,174.8292,450777544.23,675.9150071776,35.8667,6.943664356287,1.62,0.039214309347,,证券Ⅱ,2024-04-30,2023-03-31
002936,郑州银行,0.13,3318262000.0,-3.0137599689,-1.7685,1188068000.0,1.86,221.0904,5.076939698299,2.8725,-0.08,,银行Ⅱ,2024-04-30,2023-03-31
002932,*ST明德,0.49,372402234.89,-85.0273166486,-87.8313,75450691.09,-94.57,-79.6097,42.169024582283,1.15,-2.184361529188,44.08836169,医疗器械,2024-04-30,2023-03-31
002931,锋龙股份,0.0,111977327.51,-36.3199213467,-7.5993,848025.8,-94.89,-88.2029,3.288413934141,0.12,0.024453061904,19.7790267124,通用设备,2024-04-30,2023-03-31
002929,润建股份,0.6,2293413116.59,34.6712048772,10.8096,139636382.34,36.14,130.5407,18.785442114404,3.17,-5.354375034411,18.409630547,通信服务,2024-04-30,2023-03-31
002909,集泰股份,0.002,257369046.21,-23.2777829499,-23.5329,761879.71,37.41,-76.692,2.298367582462,0.09,-0.048937684144,25.4943362833,化学制品,2024-04-30,2023-03-31
002905,金逸影视,0.05,380528516.99,4.0610170226,174.1506,20435195.25,149.09,120.7501,0.434125880155,13.37,0.471965473453,22.9238094007,影视院线,2024-04-30,2023-03-31
002901,大博医疗,0.14,391374553.0,-9.2089459894,96.4292,58209336.93,-47.81,148.4433,7.388138334791,1.92,-0.244938907589,69.7028981442,医疗器械,2024-04-30,2023-03-31
002895,川恒股份,0.3205,998391331.48,64.0727563978,0.6554,158346504.48,52.11,-6.0306,8.703782436518,3.54,-0.160359432076,37.1033907918,农化制品,2024-04-30,2023-03-31
002887,绿茵生态,0.11,64921409.62,-26.5664814453,-49.9091,33027460.48,14.76,5801.1108,7.262371536859,1.39,-0.141508203301,56.7536960082,环境治理,2024-04-30,2023-03-31
002884,凌霄泵业,0.22,269819500.29,-40.7468385197,-6.8705,77239067.55,-33.2,-11.2876,6.396922628917,3.43,0.154668817926,37.9343439522,通用设备,2024-04-30,2023-03-31
002875,安奈儿,-0.03,219478112.03,-21.5861421488,-16.8727,-6943970.1,75.24,91.7174,4.236981176216,-0.77,0.066777754032,51.7765154024,服装家纺,2024-04-30,2023-03-31
002868,绿康生化,-0.07,100190694.85,59.8266348507,4.6031,-10145375.67,-13.82,81.2685,3.767592317249,-1.72,-0.398400045293,12.7453554635,动物保健Ⅱ,2024-04-30,2023-03-31
002866,传艺科技,0.09,363718843.06,-22.9497123701,-24.1277,25799200.68,-42.61,15.5588,7.188498353163,1.25,0.498033135801,28.3719279105,消费电子,2024-04-30,2023-03-31
002865,钧达股份,1.79,3967337980.3,94.83557819,-4.7939,353977345.09,1535.94,15.4616,10.091098353653,28.71,0.395316000396,14.3924394331,光伏设备,2024-04-30,2023-03-31
002863,今飞凯达,0.05,931653155.51,6.5852558535,-19.7452,24902202.69,40.09,-52.4967,4.200674174281,1.19,0.229559320427,14.4159737383,汽车零部件,2024-04-30,2023-03-31
002851,麦格米特,0.3235,1560626163.92,30.7975627028,4.5943,160982399.12,119.12,-4.3614,7.376338395591,4.25,0.516247973823,24.1048356011,其他电源设备Ⅱ,2024-04-30,2023-03-31
002846,英联股份,-0.0117,419790167.02,-6.4581937891,-14.9495,-3738600.16,29.65,89.3773,2.343182237712,-0.47,-0.005948548112,11.2435207273,包装印刷,2024-04-30,2023-03-31
002843,泰嘉股份,0.17,446544550.8,195.3045807632,-14.04,36774518.42,137.92,6.7734,3.507567491638,5.06,-0.015276615552,19.9346901111,通用设备,2024-04-30,2023-03-31
002840,华统股份,-0.18,1986139049.57,15.5615327276,-34.5131,-104579201.36,-18.98,-346.7711,4.116614967932,-4.44,0.342507948617,0.7217164273,食品加工,2024-04-30,2023-03-31
002839,张家港行,0.23,1191741959.2,-0.6438204877,3.1691,508825194.6,17.42,23.0237,6.328201907389,3.21,1.572009073341,,银行Ⅱ,2024-04-30,2023-03-31
002829,星网宇达,0.14,123163230.83,149.5098552043,-74.2748,21144564.26,356.6,-80.6136,12.376853917639,1.58,-1.036776145953,48.9251968497,航天装备Ⅱ,2024-04-30,2023-03-31
002824,和胜股份,0.09,531021337.94,-22.1530652329,-39.2555,24590496.73,-51.23,-61.046,8.049546228962,1.55,0.417082038367,17.1403222577,工业金属,2024-04-30,2023-03-31
002822,ST中装,-0.02,681079224.96,-17.7246973644,-63.6275,-15429084.62,-56.53,-193.266,4.74193355619,-0.43,-0.412348337118,14.8025721759,房地产服务,2024-04-30,2023-03-31
002819,东方中科,-0.1093,632625421.53,9.9439692417,-50.3026,-33421489.7,-276.45,-103.6843,15.338824145911,-1.0,-0.922119195961,17.5900036819,通用设备,2024-04-30,2023-03-31
002811,郑中设计,0.02,242353754.75,-19.9357612513,-21.9877,6252828.56,15.89,104.9821,3.98595275144,0.52,0.15348283479,25.4180596102,装修装饰Ⅱ,2024-04-30,2023-03-31
002805,丰元股份,-0.67,864416576.59,211.9653857516,65.4665,-133415692.7,-427.77,-32560.5117,11.668315719757,-5.56,-2.480543726216,6.2216206973,电池,2024-04-30,2023-03-31
002801,微光股份,0.33,301803478.98,-8.6967729004,10.9662,75863168.32,-1.93,28.4671,7.004974975483,4.83,0.086696527139,34.2733179218,电机Ⅱ,2024-04-30,2023-03-31
002795,永和智控,-0.04,240508189.75,-3.8052293376,25.2841,-15761930.05,-226.32,75.1995,2.791603232253,-1.96,-0.17550227016,27.3987199931,通用设备,2024-04-30,2023-03-31
002789,*ST建艺,0.0654,835372000.68,93.4769913794,4.0587,10432935.48,141.43,171.8371,1.116196202334,5.97,-0.264842108162,16.4423744521,装修装饰Ⅱ,2024-04-30,2023-03-31
002780,三夫户外,0.0526,188099341.58,43.2524386189,-6.563,8296526.04,246.04,820.4791,4.187886335404,1.27,0.026301444646,51.2652051517,服装家纺,2024-04-30,2023-03-31
002775,文科股份,0.0085,284572229.82,110.7153881977,-13.3646,4625842.64,142.51,101.4925,0.579374105644,1.7,-0.106418414209,13.1493717443,基础建设,2024-04-30,2023-03-31
002774,快意电梯,0.0354,267761845.1,5.1623463114,-40.1048,11927863.45,282.87,-56.9849,3.610948298142,0.99,0.013840841147,26.8890399165,专用设备,2024-04-30,2023-03-31
002769,普路通,-0.03,150879606.99,-56.1934409658,-47.6234,-11948896.08,-199.82,86.3065,3.654671865803,-0.87,-0.38341901651,-0.776372363,物流,2024-04-30,2023-03-31
002759,ST天际,0.02,444168059.2,-55.6797601324,-49.2112,10015741.51,-97.56,161.1199,9.365801409027,0.26,-0.577275526799,15.2524164146,电池,2024-04-30,2023-03-31
002756,永兴材料,1.74,3336985077.72,26.8489025444,-29.1904,930964066.33,14.76,-54.5691,31.857252287896,7.3,3.115491473337,39.4926563639,能源金属,2024-04-30,2023-03-31
002752,昇兴股份,0.05,1536491600.57,1.5869683342,-15.7855,53364802.8,4.67,1317.5541,2.902273465056,1.8,0.198445512384,10.6858551598,包装印刷,2024-04-30,2023-03-31
002747,埃斯顿,0.05,985986594.44,22.5293828601,-26.3422,43045495.19,-28.34,-6.5238,3.255128052515,1.53,-0.287136815015,33.5703947646,自动化设备,2024-04-30,2023-03-31
002742,冀衡医药,-0.0797,497422619.12,9.6260325215,-18.4254,-34412609.33,-756.42,85.4684,1.771787839676,-4.4,0.084189478426,15.2570440713,化学制药,2024-04-30,2023-03-31
002739,儒意电影,0.1448,3757516467.53,8.566729976,90.2806,315625516.33,601.57,122.7085,3.370369481538,4.37,0.730344853921,30.6829316572,影视院线,2024-04-30,2023-03-31
002736,国信证券,0.15,4163485798.04,39.91,61.8951,1768293436.94,130.42,33.355,8.267389922487,1.87,-0.506700531824,,证券Ⅱ,2024-04-30,2023-03-31
002735,王子新材,0.0049,359430442.3,1.1960970435,-30.2403,1052631.63,-97.42,-92.1789,4.011504590566,0.12,0.120403261039,18.2422678837,包装印刷,2024-04-30,2023-03-31
002734,利民股份,0.16,1181752510.83,-5.1533813404,21.2967,59546946.0,-38.73,48.7505,7.222756314096,2.1,-0.4751074972,20.905133088,农化制品,2024-04-30,2023-03-31
002733,雄韬股份,0.09,905197774.24,25.0652898568,-24.6799,35066576.94,199.39,-33.8013,6.940332071337,1.3,0.71315282127,13.8324587591,电池,2024-04-30,2023-03-31
002730,电光科技,0.05,285096864.66,36.7339045528,-19.968,19713365.7,95.11,-33.8986,4.144054857232,1.32,0.009711443757,38.9096313221,专用设备,2024-04-30,2023-03-31
002725,跃岭股份,-0.0475,139319504.66,-35.8797613271,-20.7449,-12160571.3,-220.35,8.0371,3.938624855781,-1.2,0.001936447852,0.0117782288,汽车零部件,2024-04-30,2023-03-31
002723,小崧股份,0.0184,416946942.48,32.2692564958,-27.8496,5849106.27,152.31,219.8832,3.932146654121,0.47,0.114749413015,13.3024405408,照明设备Ⅱ,2024-04-30,2023-03-31
002721,金一文化,-0.17,564325707.87,-8.0452547921,10.4879,-164457364.34,-32.8,94.8701,-3.452489729381,,0.009004484895,11.7718843132,饰品,2024-04-30,2023-03-31
002717,*ST岭南,-0.0301,501079284.71,7.9557921914,-39.2171,-50525000.29,15.47,95.515,1.880640527674,-1.53,-0.166397564669,12.0015192715,基础建设,2024-04-30,2023-03-31
002713,东易日盛,-0.22,554175110.94,47.8887691238,-29.0521,-90293705.79,62.94,65.1001,0.274391643068,-55.21,-0.097835446091,33.6945075002,装修装饰Ⅱ,2024-04-30,2023-03-31
002712,思美传媒,0.0033,1210324396.3,42.9089556212,10.8546,1817456.35,113.42,100.4383,2.863731412741,0.12,-0.322708886766,4.7061261654,广告营销,2024-04-30,2023-03-31
002708,光洋股份,-0.0177,353313509.92,-0.3481671947,-19.323,-8732333.83,82.99,90.2699,2.518373829271,-0.7,-0.062307779693,7.319330972,汽车零部件,2024-04-30,2023-03-31
002707,众信旅游,-0.038,137839932.79,131.7178969604,-40.6692,-37499476.33,34.15,58.1337,0.695413653258,-5.34,-0.090973710229,13.4092580037,旅游及景区,2024-04-30,2023-03-31
002701,奥瑞金,0.08,3351936675.0,-2.4867128909,4.662,210535669.0,2.1,870.7186,3.279678669493,2.52,-0.123809531108,14.849709355,包装印刷,2024-04-30,2023-03-31
002695,煌上煌,0.071,511512105.35,-5.5915362919,52.2347,36225383.53,-0.98,167.4958,4.647845237442,1.53,0.24106628381,29.1033974158,休闲食品,2024-04-30,2023-03-31
002693,双成药业,0.011,81485154.92,11.2714130713,5.975,4505619.82,517.11,-64.3337,1.250827620637,0.87,-0.047936526256,70.8014940717,化学制药,2024-04-30,2023-03-31
002689,ST远智,-0.0216,183969804.89,20.5878662328,-48.0,-22513858.19,50.39,75.9866,1.071241881799,-2.0,0.017280036453,16.5918172051,专用设备,2024-04-30,2023-03-31
002679,福建金森,-0.08,11161404.15,5.2482092337,-88.8713,-17701106.36,-8.9,-140.1147,3.16321656891,-2.35,-0.172139672967,54.1623468585,林业Ⅱ,2024-04-30,2023-03-31
002678,珠江钢琴,0.02,373489234.23,-22.5352037814,8.7264,30726373.39,-42.09,33.8431,2.745449021138,0.91,-0.151448156558,25.9636411502,文娱用品,2024-04-30,2023-03-31
002671,龙泉股份,-0.0159,191716055.84,48.5948452304,-28.623,-8951130.76,80.04,98.2544,2.760946568477,-0.57,-0.134992136467,20.9378170932,水泥,2024-04-30,2023-03-31
002669,康达新材,-0.049,630942962.19,5.3917923593,-24.5868,-14847352.02,-42.82,-118.1796,9.894471314069,-0.5,-0.320380852972,13.9785041684,化学制品,2024-04-30,2023-03-31
002666,德联集团,0.04,1005267236.6,14.1632295225,-33.9689,29443347.16,-20.31,225.3026,4.476441842291,0.87,0.030498263671,13.2477774557,化学制品,2024-04-30,2023-03-31
002663,普邦股份,-0.0083,369711132.19,-5.4179874712,-61.5149,-14821890.0,62.98,91.6884,1.664888782593,-0.49,-0.093146929515,7.3769290685,基础建设,2024-04-30,2023-03-31
002662,峰璟股份,0.04,770917900.5,-17.506543033,-21.6752,60339011.38,-39.76,-48.4421,2.510360737713,1.62,0.105919628273,29.5257268501,汽车零部件,2024-04-30,2023-03-31
002656,摩登大道,-0.0752,90491706.98,29.1500627571,50.3271,-53551632.88,-384.02,38.0312,0.631165343403,-11.18,0.017950852089,68.1544468529,服装家纺,2024-04-30,2023-03-31
002650,ST加加,0.011,434856845.02,-15.6109070984,5.1754,12882320.84,1239.54,119.3358,2.028904523333,0.56,-0.047764996143,23.5167932645,调味发酵品Ⅱ,2024-04-30,2023-03-31
002647,仁东控股,-0.0562,463975207.73,14.0670807192,21.0516,-31495295.47,-52.76,40.6241,0.278609137909,-18.34,0.108752825628,14.5191804837,多元金融,2024-04-30,2023-03-31
002641,公元股份,0.06,1595422813.67,-6.6581202603,-24.6607,76467791.76,138.52,382.4302,4.151827954327,1.51,0.700023089546,19.8958537461,装修建材,2024-04-30,2023-03-31
002640,跨境通,0.0008,1586595189.46,8.2392705093,-25.9776,1229150.34,112.1,-83.6612,0.943793735003,0.08,-0.219402925935,10.768746063,互联网电商,2024-04-30,2023-03-31
002639,雪人集团,0.0071,388888341.54,7.7407284593,-30.5778,5454562.82,125.2,102.5385,3.21186898703,0.22,-0.108731897038,21.6514803083,通用设备,2024-04-30,2023-03-31
002638,勤上股份,0.0897,88929676.19,-66.5614450012,-1.5293,129766897.73,443.65,494.5465,1.890102427667,4.6,0.010135301116,8.8394193781,照明设备Ⅱ,2024-04-30,2023-03-31
002637,赞宇科技,0.05,2763626225.07,-4.6798862906,54.4408,22620537.1,-86.29,115.5721,7.743173274653,0.63,-0.358611698381,5.4702366191,化学制品,2024-04-30,2023-03-31
002633,申科股份,-0.0384,61363170.42,9.8719020117,-2.9345,-5766148.6,-632.04,73.1045,2.836783192867,-1.35,-0.0049668766,16.6808805998,通用设备,2024-04-30,2023-03-31
002632,道明光学,0.0575,296007117.81,2.6288942097,-16.729,35912263.78,30.97,-81.9873,3.809873736175,1.52,0.018795875671,31.72041998,塑料,2024-04-30,2023-03-31
002631,德尔未来,-0.0292,261484459.6,-11.0234179783,-59.4855,-17357126.16,34.72,49.9306,2.555648773693,-0.97,-0.025085606973,18.2065081201,家居用品,2024-04-30,2023-03-31
002630,*ST华西,-0.1114,157985434.29,-32.9233947758,-58.3938,-131573927.62,14.95,56.4285,0.642689063067,-13.33,0.057107169233,2.2329768158,其他电源设备Ⅱ,2024-04-30,2023-03-31
002629,仁智股份,-0.03,32638539.72,35.8843871354,-20.7827,-12503229.36,-136.31,-127.8563,0.073101139705,-38.19,-0.051301578938,4.7528671114,油服工程,2024-04-30,2023-03-31
002628,成都路桥,0.01,189679264.06,-8.2811171746,-57.013,4157245.65,-76.51,-91.0252,3.968190539098,0.14,0.023965528443,1.9184279094,基础建设,2024-04-30,2023-03-31
002626,金达威,0.14,790491584.29,6.61462835,12.2333,86951244.72,-27.74,194.6354,6.085401970123,2.36,0.385969892918,37.0935058358,食品加工,2024-04-30,2023-03-31
002620,*ST瑞和,0.0,336471406.8,-33.3513308735,-30.0103,1112082.06,-88.51,-97.6641,1.647153342808,0.18,-0.091933465592,13.5447508374,装修装饰Ⅱ,2024-04-30,2023-03-31
002616,长青集团,0.0217,946724356.99,14.1718774465,-8.0674,16100489.96,267.6,-82.52,3.206751070455,0.64,0.21710313601,17.3312478905,电力,2024-04-30,2023-03-31
002612,朗姿股份,0.1603,1256386872.51,33.7682736558,-6.1524,70940701.73,6985.13,4383.3166,6.615612529298,2.22,0.554502409636,56.4833447561,服装家纺,2024-04-30,2023-03-31
002607,中公教育,0.0,888585683.99,-26.7291047186,-4.5488,24302776.67,105.24,108.6992,0.130401269922,3.07,-0.080122313729,52.6386856166,教育,2024-04-30,2023-03-31
002605,姚记科技,0.488,1188135712.82,17.6411266997,246.4665,198316302.96,116.02,252.255,7.085475488534,7.07,0.272553503508,34.1512677055,游戏Ⅱ,2024-04-30,2023-03-31
002602,世纪华通,0.06,3022637349.83,-14.1369330971,29.5396,433422948.21,107.53,105.8279,3.277496121206,1.79,0.076514758034,57.1073871382,游戏Ⅱ,2024-04-30,2023-03-31
002600,领益智造,0.09,7214282592.17,2.1156127936,-26.5038,646721065.51,115.01,74.7821,2.532876515677,3.7,0.362277489992,20.4900617625,消费电子,2024-04-30,2023-03-31
002599,盛通股份,-0.0454,595986281.84,16.2694663754,9.1257,-24380267.5,1.75,-725.5551,2.657799225367,-1.69,-0.021625480434,10.4042332096,包装印刷,2024-04-30,2023-03-31
002597,金禾实业,0.44,1383603549.08,-27.1032122742,-19.657,245277710.94,-44.49,-32.3269,12.675224878283,3.43,0.482226344018,27.2954558668,化学制品,2024-04-30,2023-03-31
002596,海南瑞泽,-0.0227,359755333.96,-24.130982511,-31.9403,-26093463.01,-737.11,94.8797,1.283880079733,-1.76,0.017422338011,19.2574175947,水泥,2024-04-30,2023-03-31
002595,豪迈科技,0.3907,1645194984.86,9.0400587273,-10.1217,310706882.51,33.25,-6.0519,9.590405505813,4.14,0.167310158025,31.0596914823,专用设备,2024-04-30,2023-03-31
002594,比亚迪,1.42,120173608000.0,79.8328100401,-23.1493,4130063000.0,410.89,-43.5088,39.701446736457,3.65,4.969079059502,17.8633340192,乘用车,2024-04-30,2023-03-31
002593,日上集团,0.02,862394843.29,5.5400940478,11.8611,16249486.78,11.25,171.2317,2.928196687067,0.69,-0.023915807439,9.1553199923,专业工程,2024-04-30,2023-03-31
002590,万安科技,0.0022,761721711.49,14.6941236513,-33.8728,1063151.79,143.68,-94.3412,4.094545611786,0.05,0.085871638589,14.7089699965,汽车零部件,2024-04-30,2023-03-31
002589,瑞康医药,0.014,2073027669.16,-49.3580269498,46.5492,21159565.23,-50.49,101.1179,3.613339670008,0.18,0.050236018727,15.4186682761,医药商业,2024-04-30,2023-03-31
002586,ST围海,-0.0105,211307247.73,22.7631953272,-79.4413,-11991045.8,34.55,98.0344,3.316265700074,-0.37,-0.161785220097,-2.9778124828,基础建设,2024-04-30,2023-03-31
002583,海能达,-0.031,856967728.06,-18.2107581664,-55.8797,-56325223.36,23.36,-203.0611,3.371766872834,-0.91,0.044021353907,49.1363882947,通信设备,2024-04-30,2023-03-31
002581,*ST未名,-0.0326,75602502.59,-13.4855051623,-7.2947,-21505965.06,-1272.29,72.8255,3.565087014527,-0.91,-0.043666445393,80.7121098371,生物制品,2024-04-30,2023-03-31
002575,群兴玩具,0.0054,8737070.25,44.3546560673,12.8841,3366043.59,94.24,-27.3877,1.288018549473,0.42,0.00160395502,56.0515131488,综合Ⅱ,2024-04-30,2023-03-31
002573,清新环境,0.0818,2054909765.35,12.9978160797,-19.7782,117350070.49,1.15,51.3077,4.553691152314,1.81,-0.168657705824,19.5517710045,环境治理,2024-04-30,2023-03-31
002572,索菲亚,0.115,1804730367.76,-9.6960710303,-45.1235,104335111.17,-8.86,-60.0011,6.451373630696,1.79,0.211046096463,33.2515651158,家居用品,2024-04-30,2023-03-31
002563,森马服饰,0.12,3001865677.61,-9.2918252631,-31.5973,310983875.03,48.85,-14.9269,4.161782500182,2.81,0.144531199698,44.3384399731,服装家纺,2024-04-30,2023-03-31
002562,兄弟科技,0.01,675752812.85,-23.1419292375,-11.0398,10718516.56,-89.6,-65.5382,3.089264973106,0.32,-0.071531206637,14.8821839255,化学制品,2024-04-30,2023-03-31
002558,巨人网络,0.13,507540726.58,-12.5534775835,9.1005,244773886.04,-9.67,224.8863,5.946143583036,2.06,0.072787690664,86.551545674,游戏Ⅱ,2024-04-30,2023-03-31
002557,洽洽食品,0.3578,1335544886.52,-6.7332025862,-46.5745,177934047.63,-14.35,-49.0621,10.655343139362,3.34,-0.395262757342,28.51724918,休闲食品,2024-04-30,2023-03-31
002555,三七互娱,0.35,3764728286.75,-7.9356966359,-20.373,774563286.72,1.92,11.0249,5.85486469675,6.16,0.591228829042,78.2363804524,游戏Ⅱ,2024-04-30,2023-03-31
002553,南方精工,-0.0779,133217727.47,-0.3610092537,-16.1909,-27098436.7,-273.61,7.5624,3.32839760204,-2.31,0.053237222443,30.053441663,汽车零部件,2024-04-30,2023-03-31
002551,尚荣医疗,0.01,309400196.89,-36.0818455542,-7.8324,7031710.72,-32.73,102.6718,3.28178128684,0.25,-0.035606727467,19.3419764084,医疗器械,2024-04-30,2023-03-31
002548,金新农,-0.12,1089319765.36,1.8418150967,15.4854,-99054507.62,34.38,-270.6489,2.474862010267,-4.76,-0.213053684139,3.721963125,饲料,2024-04-30,2023-03-31
002547,*ST春兴,-0.0063,591894760.99,-12.9213396161,-21.8861,-7093074.39,-142.44,95.7688,0.427798629227,-1.46,0.10229661248,19.2445377992,汽车零部件,2024-04-30,2023-03-31
002539,云图控股,0.29,5677105030.98,2.8878226524,2.6764,353764891.9,-23.96,86.8473,6.675413052368,4.6,-0.072555929118,12.4472357908,农化制品,2024-04-30,2023-03-31
002538,ST司特,0.11,883548175.35,-38.3665006898,-30.2743,91538324.57,-40.69,192.7098,6.372324068896,1.7,-0.064835691174,22.6474386279,农化制品,2024-04-30,2023-03-31
002528,*ST英飞,-0.0404,339378528.1,-7.4900370258,-37.7846,-48442101.53,45.19,93.2931,1.002868286011,-3.95,0.15834692536,17.0343141458,计算机设备,2024-04-30,2023-03-31
002520,日发精机,-0.04,373546527.35,-30.1008840815,-40.1529,-33220880.64,-263.42,91.3833,2.932194705927,-1.46,0.058540509543,9.6783080856,通用设备,2024-04-30,2023-03-31
002517,恺英网络,0.14,954871461.79,-7.2048445859,6.0707,289801559.02,16.72,160.3379,2.223908838528,6.26,0.177004059424,83.8075757914,游戏Ⅱ,2024-04-30,2023-03-31
002514,*ST宝馨,0.0142,209327398.01,21.9804029275,41.0922,10220805.17,83.25,-3.5057,1.600075502712,0.89,-0.104729351699,24.8917634172,通用设备,2024-04-30,2023-03-31
002513,蓝丰生化,-0.0433,381711743.06,-13.0360265502,7.8235,-14727136.62,-1771.59,95.2277,0.937985105794,-4.16,-0.089456840585,3.6580192734,农化制品,2024-04-30,2023-03-31
002510,天汽模,0.0032,462264738.89,52.7925245112,-53.6526,3022318.93,-91.3,109.9902,2.087614132861,0.15,-0.078347067068,11.2422251922,汽车零部件,2024-04-30,2023-03-31
002500,山西证券,0.07,1140570820.0,140.67,1.7707,250552230.0,285.14,26.9463,4.913193950088,1.43,-0.157426227825,,证券Ⅱ,2024-04-30,2023-03-31
002497,雅化集团,0.5144,3037693136.39,14.2068407681,-30.01,592893363.71,-41.99,-40.3446,9.949022129914,5.3,0.220246745782,28.8195624977,化学制品,2024-04-30,2023-03-31
002493,荣盛石化,-0.15,69720518872.77,1.6316830375,8.9781,-1467816809.9,-147.11,30.4493,4.524113251335,-3.15,-1.092360031377,4.3535890331,炼化及贸易,2024-04-30,2023-03-31
002492,恒基达鑫,0.0635,98219667.72,8.8554491157,-5.5493,25705348.22,15.12,-16.224,4.08642867237,1.58,0.425157662296,46.8109402091,物流,2024-04-30,2023-03-31
002491,通鼎互联,0.0969,743658819.28,7.1752632854,-15.2876,119206431.17,94.5,135.43,1.907514769676,5.21,0.00426848764,24.1798101089,通信设备,2024-04-30,2023-03-31
002489,浙江永强,0.19,2437361482.97,-22.7013740204,-8.8116,405732310.02,195.81,458.5364,1.911801473361,10.55,0.547731778323,28.9887849179,家居用品,2024-04-30,2023-03-31
002485,ST雪发,0.1109,188122228.44,-6.0875790769,-58.5058,60354011.55,2689.52,118.3709,2.657540218162,4.26,0.019479860533,-2.947793382,服装家纺,2024-04-30,2023-03-31
002483,润邦股份,0.04,1158129544.4,28.9194933259,-48.6418,42096200.51,-14.4,136.455,4.571711407343,1.05,1.529914777374,18.4091287292,专用设备,2024-04-30,2023-03-31
002474,榕基软件,-0.0431,48674533.58,-62.3249798722,-82.7443,-26804874.29,-334.93,-441.8927,2.570332442157,-1.66,-0.057400117952,38.5187979237,IT服务Ⅱ,2024-04-30,2023-03-31
002472,双环传动,0.2,1791568531.6,8.247022606,-10.9802,171077673.04,44.13,-0.8734,8.152489062065,2.26,0.399908346274,20.770042097,汽车零部件,2024-04-30,2023-03-31
002471,中超控股,-0.0348,1059132244.57,-2.9475543045,-37.1963,-44140178.77,-51.54,-145.4994,1.053682461869,-3.28,-0.033125390284,8.0226957187,电网设备,2024-04-30,2023-03-31
002470,金正大,-0.0123,2714402871.41,-5.3066776417,22.5442,-40258108.32,-54.48,87.0278,0.897873237353,-1.37,0.024911620497,7.6053647034,农化制品,2024-04-30,2023-03-31
002467,二六三,0.01,209355011.81,-5.1763719448,-8.3435,19832968.43,-44.72,160.1888,1.646998620971,0.87,0.014472610499,47.2546067203,通信服务,2024-04-30,2023-03-31
002466,天齐锂业,2.97,11448674607.22,117.7730573391,-27.5535,4875226485.4,46.49,-40.1312,32.282538237599,9.61,3.007583673685,89.7958844624,能源金属,2024-04-30,2023-03-31
002460,赣锋锂业,1.19,9438229716.32,75.9135134435,-33.5844,2396600665.19,-32.01,-58.0186,22.912570607324,5.31,-1.571105747309,37.3291965188,能源金属,2024-04-30,2023-03-31
002459,晶澳科技,0.79,20480317830.58,66.2261319449,-13.4601,2581964916.72,244.45,15.0969,12.780671111407,8.95,0.804884261894,19.1095159228,光伏设备,2024-04-30,2023-03-31
002456,欧菲光,-0.1099,2696024931.3,-41.296528838,-32.6467,-358068612.47,-92.19,81.1661,0.886343107265,-11.67,0.007513963473,2.3832544549,光学光电子,2024-04-30,2023-03-31
002455,百川股份,-0.08,773961790.36,-21.9392718242,-28.876,-47911471.56,-176.34,-395.2512,3.543487067714,-2.04,-0.307373018425,1.1600176794,化学制品,2024-04-30,2023-03-31
002453,华软科技,-0.0244,129417408.77,-85.9855346262,16.8042,-21525540.62,-432.92,91.2228,1.789281703134,-1.35,-0.003077383375,13.8211166102,化学制品,2024-04-30,2023-03-31
002451,摩恩电气,0.0148,249323355.74,-2.7378533409,-6.388,6519893.4,-32.59,62.988,1.736604077709,0.86,-0.122363746995,12.6360304699,电网设备,2024-04-30,2023-03-31
002445,中南文化,0.03,125265960.43,7.9302824629,-45.5064,61311241.57,-37.53,238.1501,0.832082469787,3.13,-0.009122059529,20.3929572745,通用设备,2024-04-30,2023-03-31
002442,龙星科技,0.0263,1119497520.31,11.583331637,-3.6175,12736621.4,11.62,29.5819,3.276506462226,0.8,-0.340620245935,7.473328841,橡胶,2024-04-30,2023-03-31
002440,闰土股份,0.01,1343378860.8,-14.979276201,-4.1655,9230831.36,-95.63,-83.6164,8.407259970535,0.01,0.045131298209,15.0644809745,化学制品,2024-04-30,2023-03-31
002438,江苏神通,0.1497,497091458.19,-2.7907222945,-2.0677,75969470.17,2.94,56.585,5.968844069463,2.54,-0.186957892375,30.4495396242,通用设备,2024-04-30,2023-03-31
002434,万里扬,0.1,1174724014.21,-7.2204640316,-20.148,132365841.57,40.29,208.8922,4.361551428204,2.34,0.109471042762,20.605140835,汽车零部件,2024-04-30,2023-03-31
002428,云南锗业,-0.015,145674127.86,-3.3353129809,17.3858,-9483526.28,-208.56,82.8703,2.141308420474,-0.68,-0.012599586033,14.189673138,小金属,2024-04-30,2023-03-31
002425,凯撒文化,-0.024,85747592.75,-54.8777511561,-18.4497,-22747268.19,-237.71,96.2829,4.523205551963,-0.52,0.009815566904,27.2724679259,游戏Ⅱ,2024-04-30,2023-03-31
002424,ST百灵,0.07,1091626153.16,47.773427486,-24.2669,92306394.78,41.81,142.8831,2.825209591631,2.29,-0.041008621358,60.2017412012,中药Ⅱ,2024-04-30,2023-03-31
002423,中粮资本,0.163,5640990066.46,-2.29,-4.004,375547078.59,209.71,35.5735,8.166720722309,2.02,0.401184217199,-4.0093900192,多元金融,2024-04-30,2023-03-31
002421,达实智能,0.0093,617886548.33,-1.1382410704,-50.838,18459110.41,42.06,-66.6814,1.619949344629,0.62,-0.075925877452,25.8577026352,IT服务Ⅱ,2024-04-30,2023-03-31
002406,远东传动,0.03,296527096.77,-6.356726524,16.5799,17121739.5,-34.01,-19.9785,5.360721122119,0.49,-0.087402269473,23.5675031123,汽车零部件,2024-04-30,2023-03-31
002405,四维图新,-0.0451,707076159.96,13.7056247342,-44.2939,-102815230.83,-972.33,62.9216,4.867840632812,-0.88,-0.089633096929,51.6147363773,软件开发,2024-04-30,2023-03-31
002400,省广集团,0.0264,2798735302.67,2.2676286518,-47.562,45965349.92,0.55,-56.0244,2.779234792526,0.95,-0.34806115358,10.5512065767,广告营销,2024-04-30,2023-03-31
002399,海普瑞,0.0453,1301021684.04,-31.8952252496,-26.2557,66540023.25,-71.68,-11.0663,8.434395389208,0.54,-0.145832312669,34.8979490841,化学制药,2024-04-30,2023-03-31
002394,联发股份,0.1937,1055166467.26,-7.8796570662,16.504,62690946.64,407.25,-38.765,12.50083228375,1.56,-0.318828527309,14.6387819849,纺织制造,2024-04-30,2023-03-31
002392,北京利尔,0.07,1233106240.76,6.7560825183,24.4464,78052288.37,11.35,345.296,4.168674913734,1.83,-0.274309716297,19.8117579649,装修建材,2024-04-30,2023-03-31
002388,新亚制程,0.02,458397732.89,14.5320045664,6.0101,10090698.92,67.0,144.6558,2.84205081488,0.7,0.249058860966,8.819175264,其他电子Ⅱ,2024-04-30,2023-03-31
002387,维信诺,-0.5581,768860465.3,-48.3815839018,-70.91,-765728088.61,-32.11,-588.4449,7.92891373617,-6.76,-0.52618797447,-24.5129998128,光学光电子,2024-04-30,2023-03-31
002385,大北农,-0.07,7777317712.34,20.3930179615,-24.5272,-308774088.76,-31.29,-179.47,2.526301978811,-2.88,-0.263613624496,8.3963087554,饲料,2024-04-30,2023-03-31
002378,章源钨业,0.03,822676918.2,-5.7533621384,17.9959,35070909.23,-46.62,37.46,2.205334340421,1.74,-0.15822649621,15.900975064,小金属,2024-04-30,2023-03-31
002377,国创高新,-0.0403,227223854.44,-43.9136025594,-58.6908,-36911908.23,65.87,85.9279,0.619605000016,-6.3,-0.052099714848,6.2619317391,炼化及贸易,2024-04-30,2023-03-31
002375,亚厦股份,0.05,2089744519.08,2.3857119348,-38.9182,62113379.83,-27.74,239.4823,5.760481634893,0.81,-0.916379670755,14.8712537773,装修装饰Ⅱ,2024-04-30,2023-03-31
002374,中锐股份,-0.0136,148655448.93,-28.6120678456,-32.4041,-14744497.15,-216.03,97.9164,1.230275514148,-1.1,0.000302937464,15.4248726804,包装印刷,2024-04-30,2023-03-31
002371,北方华创,1.1185,3871132953.79,81.2553150673,-17.2094,591683918.04,186.58,-11.2416,38.494619476998,2.95,-1.249206585827,41.184739397,半导体,2024-04-30,2023-03-31
002369,卓翼科技,-0.0896,351614379.1,-19.7610179243,-15.4929,-50821188.62,-16.81,37.6935,1.821426877854,-4.77,0.094206553387,-3.11586015,消费电子,2024-04-30,2023-03-31
002368,太极股份,0.0463,1844984004.76,-0.7652157231,-45.3604,27435216.55,46.55,150.9315,7.393573669498,0.65,-2.493036332837,26.8129889058,IT服务Ⅱ,2024-04-30,2023-03-31
002365,永安药业,0.0508,311166729.63,-24.5124075962,-8.2985,14983070.77,-70.38,170.3354,6.900007795611,0.74,0.164264816777,29.1041734885,化学制药,2024-04-30,2023-03-31
002355,兴民智通,0.0041,187661066.22,-21.5066809055,2.2398,2537222.13,103.99,100.9602,2.245283895139,0.29,0.000661441248,3.5644187975,汽车零部件,2024-04-30,2023-03-31
002354,天娱数科,0.0062,474136065.04,-4.6929708024,9.7051,10228658.75,11.93,103.9993,1.463189519671,0.43,0.011880709445,17.659044503,广告营销,2024-04-30,2023-03-31
002352,顺丰控股,0.35,61048078000.0,-3.0739573752,-10.6741,1720058000.0,68.28,1.0724,17.897697444183,1.98,0.879473752453,13.8573863046,物流,2024-04-30,2023-03-31
002350,北京科锐,-0.0657,239283498.06,0.4344561402,-65.5837,-34772065.53,54.26,-168.9793,3.376547497751,-1.88,-0.066343355281,11.6309354283,电网设备,2024-04-30,2023-03-31
002349,精华制药,0.1077,416357917.91,1.8661529987,4.6043,87671328.3,31.14,102.2093,3.057593464302,3.59,-0.006531903325,50.4023088172,中药Ⅱ,2024-04-30,2023-03-31
002347,泰尔股份,0.0053,280168309.98,34.9257429267,-10.6551,2668836.96,292.41,109.0666,2.458328908665,0.22,-0.049012573226,19.5731674949,通用设备,2024-04-30,2023-03-31
002339,积成电子,-0.14,211616763.55,-18.9361000838,-79.9664,-72389430.35,-182.32,-275.2434,3.339755959243,-4.21,-0.286059484022,30.170004847,电网设备,2024-04-30,2023-03-31
002337,赛象科技,0.05,202741641.03,291.264443357,40.4713,28857024.84,490.74,72.2253,2.040713358723,2.43,0.0856011674,33.8755180188,专用设备,2024-04-30,2023-03-31
002330,得利斯,0.035,787594775.13,11.4410748285,-29.465,22254048.56,-27.24,218.7283,3.796731286511,0.92,-0.054685516899,12.0063196146,食品加工,2024-04-30,2023-03-31
002329,皇氏集团,0.0058,823748962.74,45.8492673162,0.6989,4879611.5,-93.62,110.6951,1.919621025933,0.32,0.130303535073,18.1710479431,饮料乳品,2024-04-30,2023-03-31
002328,新朋股份,0.07,1276005830.14,-8.6070290603,-22.4692,54124582.0,-24.69,-46.6319,4.140275698356,1.71,-0.029546262876,8.6288847041,汽车零部件,2024-04-30,2023-03-31
002321,华英农业,0.0022,604747413.72,33.2445709663,-9.0535,4794536.14,112.46,101.2697,0.481023028664,0.47,-0.059028919489,12.1706534216,养殖业,2024-04-30,2023-03-31
002320,海峡股份,0.0707,1186975755.12,34.8112466235,59.3765,157621051.22,63.62,456.3378,1.837767633808,3.92,0.2574085378,53.4095600745,航运港口,2024-04-30,2023-03-31
002318,久立特材,0.24,1678620085.38,27.263819104,-5.6299,232799722.01,20.0,-43.2668,6.617344900828,3.67,-0.137133819656,23.676211611,特钢Ⅱ,2024-04-30,2023-03-31
002316,亚联发展,-0.0125,126898357.27,-57.6336140137,-80.2057,-4917509.89,76.32,92.4975,0.128985732474,-9.24,-0.091437673331,10.4488270812,综合Ⅱ,2024-04-30,2023-03-31
002310,东方新能,-0.2,508540537.7,-75.2295756689,751.1566,-527340923.21,-47.08,87.402,1.630350729587,-11.36,-0.060635472108,-4.0325452623,电力,2024-04-30,2023-03-31
002309,中利集团,-0.13,1238220560.48,-42.7577183162,-1.9245,-113997477.23,-95.36,56.8496,0.999287787944,-12.19,0.014793980415,10.5314587637,电网设备,2024-04-30,2023-03-31
002297,博云新材,0.0128,133360985.02,-7.6904653861,2.5675,7314484.71,-26.08,28.0944,3.658171340259,0.35,-0.030917473754,26.7582494195,航空装备Ⅱ,2024-04-30,2023-03-31
002292,奥飞娱乐,0.0113,602343222.69,-9.7802242812,-5.8958,16673884.85,154.44,110.4595,2.202050331055,0.51,-0.143720274401,36.750498935,文娱用品,2024-04-30,2023-03-31
002291,遥望科技,-0.0417,1101963131.25,37.2206130446,27.5441,-38035169.52,-143.88,91.9173,5.67471686921,-0.73,-0.20979599871,9.1080554252,广告营销,2024-04-30,2023-03-31
002286,保龄宝,0.05,610266605.74,-7.2215621474,-3.4581,17049704.23,-60.09,-24.5289,5.482221070167,0.85,0.003022395834,10.5104927923,农产品加工,2024-04-30,2023-03-31
002279,久其软件,-0.0946,415680568.57,-29.4383129347,-62.39,-81944910.69,-232.6679035239,-164.8936,1.936527543865,-4.78,-0.186998654966,19.6239812269,软件开发,2024-04-30,2023-03-31
002277,友阿股份,0.0282,371415236.13,-43.159893397,16.191,39304027.23,-34.54,137.7437,4.786819117896,0.59,0.087495764026,62.629994788,一般零售,2024-04-30,2023-03-31
002276,万马股份,0.0912,3075232404.5,-1.6907432238,-16.4588,91714886.19,125.93,22.4321,4.819096976712,1.86,-1.781253700713,13.7736653428,电网设备,2024-04-30,2023-03-31
002274,华昌化工,0.2158,2042232850.47,-13.9211790673,5.2842,205515946.72,-15.76,81.5272,5.469596012261,4.03,0.06126641107,17.6692939121,化学原料,2024-04-30,2023-03-31
002273,水晶光电,0.07,876901073.04,-7.3493312257,-25.307,92775767.49,-18.68,-3.4003,5.990652597837,1.13,0.130806823978,24.3620231276,光学光电子,2024-04-30,2023-03-31
002272,川润股份,-0.0167,355172382.24,-5.8461872339,-42.1863,-7212237.1,-174.25,-143.9749,3.326872935244,-0.5,-0.144304283713,17.1326163189,通用设备,2024-04-30,2023-03-31
002269,美邦服饰,0.02,406724117.61,-13.3947652693,-13.7615,43835248.78,128.96,168.9231,0.115689386269,16.3,0.013473677751,40.4015336159,服装家纺,2024-04-30,2023-03-31
002263,大东南,0.0037,323056800.61,-19.9477039338,-13.6682,7030831.16,-78.41,122.9733,1.449713188973,0.26,0.011974899701,11.7545909073,塑料,2024-04-30,2023-03-31
002256,兆新股份,-0.03,66652641.98,5.4041456906,-5.4417,-64665953.99,-78.84,-392.2251,0.626100080211,-5.52,0.00494142173,26.1018151167,电力,2024-04-30,2023-03-31
002252,上海莱士,0.107,2063038679.08,22.3993241433,27.6906,718568079.44,31.12,160.0884,4.353663572606,2.47,0.158811629643,43.731042959,生物制品,2024-04-30,2023-03-31
002251,步步高,-0.12,1043152647.04,-68.7926911107,45.621,-99747323.77,-455.53,96.106,5.374734054434,-2.11,-0.37591363604,41.5738230139,一般零售,2024-04-30,2023-03-31
002246,北化股份,0.0162,390049022.31,-27.7993532967,-43.3852,8876276.93,-46.33,50.6597,5.215337494112,0.31,-0.336779747569,16.9848888731,化学制品,2024-04-30,2023-03-31
002235,安妮股份,0.0092,75624357.9,-42.8062236292,81.4371,5347114.45,42.98,104.1665,1.730628222467,0.53,-0.006944142778,26.6776067397,造纸,2024-04-30,2023-03-31
002232,启明信息,0.0279,191369130.85,-32.5153985785,-61.4106,11418884.88,35.94,102.1691,3.411692041547,0.82,0.374369825631,13.1807536346,IT服务Ⅱ,2024-04-30,2023-03-31
002229,鸿博股份,-0.037,143850756.53,20.958417974,-16.1701,-18251132.61,-42.7,36.2994,3.176465813032,-1.14,0.069084325066,19.365204815,IT服务Ⅱ,2024-04-30,2023-03-31
002228,合兴包装,0.03,2976710671.57,-23.847075764,-17.5432,32056138.65,-38.75,339.5644,2.68924067438,0.95,0.078029396361,11.0865703433,包装印刷,2024-04-30,2023-03-31
002224,三力士,0.1,192334758.09,22.8472033749,-34.5437,5760343.86,197.1,148.1927,3.363578032245,0.25,0.198146225677,23.2836752206,橡胶,2024-04-30,2023-03-31
002221,东华能源,0.0329,7160346792.12,2.4920796817,-0.4163,51849496.68,-51.42,144.6939,6.572964408729,0.5,-0.208483436705,5.1809910495,炼化及贸易,2024-04-30,2023-03-31
002218,拓日新能,0.0086,237718534.86,-39.2585983088,-20.3044,12106116.88,15.33,220.8084,2.997488840086,0.29,0.003228947954,28.9260582901,电力,2024-04-30,2023-03-31
002217,ST合力泰,-0.1419,1843622217.43,-45.9179899813,-35.6507,-442368653.46,-122.51,77.2898,1.619155384835,-8.4,0.067202072944,-3.0113188312,光学光电子,2024-04-30,2023-03-31
002214,*ST大立,-0.077,40687002.25,-71.1228409889,-39.8797,-46162375.44,-672.03,59.2592,3.783305013342,-2.02,-0.13774934696,49.6889446555,军工电子Ⅱ,2024-04-30,2023-03-31
002212,天融信,-0.08,468507963.66,23.8072452818,-77.4728,-91251895.53,-40.96,-114.603,8.212218320604,-0.94,-0.042524107619,45.0617151352,软件开发,2024-04-30,2023-03-31
002206,海利得,0.06,1351017676.78,-6.0758052124,4.0983,67270435.71,-45.08,31.2209,3.068480420117,1.89,0.143371865164,13.655683235,化学纤维,2024-04-30,2023-03-31
002203,海亮股份,0.1681,19472500603.58,4.8400899647,17.6503,333499461.03,6.77,21.3113,6.28477540772,2.59,-1.660734495953,3.9391838512,工业金属,2024-04-30,2023-03-31
002201,九鼎新材,0.0128,331493274.52,3.2467245597,-23.9748,8332675.85,-19.01,2.5571,1.615268798072,0.79,0.012969633391,21.2477085884,玻璃玻纤,2024-04-30,2023-03-31
002197,证通电子,0.02,301846342.12,6.7821631549,-23.9702,15315528.74,34.65,102.7924,4.136489090452,0.6,0.169807457734,33.6185086582,计算机设备,2024-04-30,2023-03-31
002196,方正电机,0.0164,445480311.19,-21.9528098434,-31.0396,8171973.9,36.98,103.6898,2.535382329216,0.65,0.40841307491,16.3568301156,电机Ⅱ,2024-04-30,2023-03-31
002193,ST如意,-0.12,70877661.75,-48.9318570123,179.9016,-31835062.59,-1197.56,96.2479,9.60681780796,-1.72,-0.119623943667,6.9741909481,服装家纺,2024-04-30,2023-03-31
002192,融捷股份,0.2391,193610981.82,-59.4859809945,-85.2228,62088015.76,-75.56,-94.7615,12.146547597816,1.99,-0.753851357949,37.1793188296,能源金属,2024-04-30,2023-03-31
002188,中天服务,0.03,73329881.56,12.9495306181,-22.2757,8049131.36,-76.57,-39.1186,0.40955118319,6.87,-0.060782216773,27.8650047775,房地产服务,2024-04-30,2023-03-31
002184,海得控制,0.0569,609497642.18,36.9445054168,-40.3753,20021249.77,45.15,-69.0958,3.717807046675,1.54,-0.25024994029,17.0500595307,自动化设备,2024-04-30,2023-03-31
002181,粤传媒,-0.0078,101668365.72,-12.6572064683,-44.2551,-9012079.03,-269.43,-179.7164,3.856799106743,-0.2,-0.070821404088,28.7504532241,出版,2024-04-30,2023-03-31
002180,奔图科技,0.1494,6519297135.27,11.7458681203,-5.2315,211591241.71,-52.01,-32.035,11.329693486312,1.32,-0.184110890546,34.8781159433,计算机设备,2024-04-30,2023-03-31
002178,延华智能,0.0027,139773610.08,15.7551133953,-45.1295,1907139.81,122.12,102.2257,0.595037301416,0.45,-0.136083102836,23.7989682575,软件开发,2024-04-30,2023-03-31
002172,澳洋健康,0.05,543869982.7,-15.4926965706,59.3143,36328818.91,11.78,190.2993,0.105245382185,58.19,-0.158383220124,13.0651716789,医疗服务,2024-04-30,2023-03-31
002160,常铝股份,0.0027,1575357559.19,10.3479059724,-9.4821,2812105.32,-88.17,100.9603,3.4711190648,0.08,-0.060861111926,11.1025026972,工业金属,2024-04-30,2023-03-31
002159,三特索道,0.16,159690524.48,173.0942872377,400.3673,28717802.8,231.03,185.6169,6.524710963046,2.51,0.337489707028,66.9833655681,旅游及景区,2024-04-30,2023-03-31
002157,正邦科技,-0.38,2255605183.13,-65.2440448857,116.9842,-1178637052.52,51.56,79.4779,-3.187993758787,,-0.089862900414,-27.6958180076,养殖业,2024-04-30,2023-03-31
002154,报喜鸟,0.18,1290475906.5,11.4935708111,1.2533,255586126.25,24.22,243.872,2.871554045024,6.29,0.102547576093,66.0705278297,服装家纺,2024-04-30,2023-03-31
002153,石基信息,0.0038,560870404.92,-2.1767154706,-17.1477,10264892.4,-66.57,101.2986,3.533655755531,0.14,-0.046452725656,51.033623878,软件开发,2024-04-30,2023-03-31
002149,西部材料,0.072,719844953.66,48.0398266829,-7.6214,35147709.24,66.78,-29.4846,5.811609656788,1.25,-0.42187927793,19.2753164518,小金属,2024-04-30,2023-03-31
002148,北纬科技,0.0025,64492750.06,18.5469709489,17.3615,1431471.64,-78.12,1332.5462,2.134448923526,0.12,0.027685337815,42.3379403027,通信服务,2024-04-30,2023-03-31
002144,宏达高科,0.1,120153487.21,3.2120351819,-14.5386,17223917.74,10.72,239.0763,11.120014412727,0.88,0.094118422882,28.4224143327,纺织制造,2024-04-30,2023-03-31
002142,宁波银行,1.0,16553000000.0,8.4518115705,26.4843,6598000000.0,15.35,12.1346,24.160660205936,4.225,22.161720169594,,银行Ⅱ,2024-04-30,2023-03-31
002141,贤丰控股,0.0011,20891494.35,-92.3878557838,8.9331,1281203.21,-92.72,107.8514,1.007592302662,0.11,-0.005449143011,50.4482977303,元件,2024-04-30,2023-03-31
002140,东华科技,0.1019,869287711.49,17.8617004897,-66.3961,71650773.81,7.1,4.0386,5.339645525318,1.92,-0.455430613235,15.2287675392,专业工程,2024-04-30,2023-03-31
002136,安纳达,0.1419,534884965.65,-18.0810547501,-26.2117,30509080.15,-46.08,-54.4811,5.537963620082,2.6,-0.596215564459,15.5287183028,化学原料,2024-04-30,2023-03-31
002135,东南网架,0.12,3188816102.1,16.9745153977,-4.4733,141198299.42,-17.01,264.5417,5.433954774405,2.25,-0.395798948091,11.0449414141,专业工程,2024-04-30,2023-03-31
002133,广宇集团,0.1078,1682209412.73,-26.1608523316,120.4131,83466209.48,90.42,447.8925,5.247185273273,2.07,-0.228558470817,17.2087374388,房地产开发,2024-04-30,2023-03-31
002130,沃尔核材,0.0825,1142479673.44,-1.0470078683,-21.5625,103962144.24,-2.7,-38.7135,3.570441845802,2.35,0.082950028179,31.0941473996,其他电子Ⅱ,2024-04-30,2023-03-31
002126,银轮股份,0.16,2555046217.61,24.3488741121,3.0637,126950573.92,80.73,-16.3548,5.948814758876,2.67,0.081553799496,20.1752676369,汽车零部件,2024-04-30,2023-03-31
002124,天邦食品,-0.3609,2173950218.46,32.5907140941,-20.5801,-663780161.59,1.47,-30.0063,1.767660346954,-18.53,0.133675251708,-7.3434934938,养殖业,2024-04-30,2023-03-31
002120,韵达股份,0.12,10474591597.16,-9.3773147497,-14.2978,358606392.61,2.96,-50.048,5.982794927583,2.09,0.013244998092,10.5662528764,物流,2024-04-30,2023-03-31
002114,罗平锌电,-0.02,348816815.46,-17.9020257975,-23.2321,-6920884.12,84.4,94.1141,3.797571067235,-0.56,0.391587362192,6.1757005154,工业金属,2024-04-30,2023-03-31
002112,三变科技,0.03,236395184.33,23.9890100293,-58.2459,6701306.58,270.44,-67.3824,1.752131728747,1.47,-0.278000405067,19.9531798093,电网设备,2024-04-30,2023-03-31
002111,威海广泰,0.06,473446073.41,-13.4947855277,-38.8417,30598111.63,-51.34,-80.3309,5.712949331699,1.0,-0.348725523269,30.1941532433,航空装备Ⅱ,2024-04-30,2023-03-31
002104,恒宝股份,0.0489,304497043.63,77.7199708061,-4.3417,34273369.8,779.28,273.2936,2.842869512464,1.74,-0.100768512182,28.9754325521,通信设备,2024-04-30,2023-03-31
002103,广博股份,0.0663,479391018.78,14.2402254642,-46.1928,35442430.84,336.99,162.2168,1.515462673365,4.47,-0.133142026544,16.3565647182,文娱用品,2024-04-30,2023-03-31
002100,天康生物,-0.01,3890843979.48,14.7088725857,1.2702,-14282251.76,79.48,-162.6808,5.932363733839,-0.18,-0.386651336217,8.7676817469,养殖业,2024-04-30,2023-03-31
002094,青岛金王,0.029,789502265.07,-16.4638514025,52.243,20225650.96,53.15,102.3928,2.114150801105,1.4,0.001808145812,6.6869485897,家居用品,2024-04-30,2023-03-31
002092,中泰化学,-0.1219,10706407934.32,-26.0265262567,1.6773,-313937378.63,-172.78,17.0802,9.801463763262,-1.22,-0.488615708839,8.2088086151,化学原料,2024-04-30,2023-03-31
002086,东方海洋,0.01,135602385.62,22.9301879698,-13.3112,11069061.27,203.71,100.7049,-1.529975961843,,-0.032692451682,54.430891575,农产品加工,2024-04-30,2023-03-31
002082,ST万邦,0.0442,385228931.74,15.8129661718,-36.0926,27336957.81,10.29,150.2288,4.381789171166,1.01,-0.177463598388,43.3218644862,化学制药,2024-04-30,2023-03-31
002081,金螳螂,0.1029,5092858819.48,-12.8702188841,18.1667,273107770.08,-45.23,282.6904,4.805446764841,2.16,-0.498109413831,14.304803564,装修装饰Ⅱ,2024-04-30,2023-03-31
002078,太阳纸业,0.2,9805029129.75,1.4239072809,-3.1741,565598946.62,-16.21,4.5947,8.422689691189,2.43,0.580847107873,13.5096498647,造纸,2024-04-30,2023-03-31
002076,星光股份,0.0004,30464228.42,-9.3070468964,-50.3545,432652.66,102.0,-99.5607,0.291648905344,0.14,0.11614824471,41.4153390857,照明设备Ⅱ,2024-04-30,2023-03-31
002068,黑猫股份,-0.139,2206223604.4,19.3408911343,-14.781,-103955433.57,-897.06,-265.6685,4.260166005739,-3.22,-0.618301615442,0.7040377262,橡胶,2024-04-30,2023-03-31
002066,瑞泰科技,0.0957,1066804683.81,-12.9560574755,-11.5415,22114463.91,22.34,11.0473,2.711205490433,3.59,-0.334246360779,16.6284651616,装修建材,2024-04-30,2023-03-31
002062,宏润建设,0.13,1557767501.19,-24.60147427,-52.3058,146430222.17,42.28,12.9747,3.859440110984,3.5,0.34682576302,16.937254205,基础建设,2024-04-30,2023-03-31
002061,浙江交科,0.08,7131060364.52,-26.8257999834,-50.5176,154153632.14,-57.65,-72.3988,7.192933070146,1.16,-1.724811413561,6.7097532131,基础建设,2024-04-30,2023-03-31
002060,广东建工,0.0605,15849312293.88,0.9462454604,-53.6211,205307130.85,7.69,-73.043,3.020591726362,2.03,-0.869275697184,7.1131397407,基础建设,2024-04-30,2023-03-31
002059,云南旅游,-0.0205,104508494.71,-47.1050079957,60.2257,-20739180.85,-124.22,91.2591,1.819682261143,-1.12,-0.139216673607,19.2359961224,旅游及景区,2024-04-30,2023-03-31
002055,ST得润,-0.0647,1805602744.38,-2.7336032157,-14.9924,-39138954.81,-534.39,80.5196,4.613689345973,-1.39,-0.079168358557,14.170247086,消费电子,2024-04-30,2023-03-31
002054,德美化工,-0.0105,713892602.78,41.4887049067,-50.6847,-5065361.43,-111.63,81.6584,5.176896259923,-0.2,-0.281246785013,18.4825064619,化学制品,2024-04-30,2023-03-31
002051,中工国际,0.09,2788678558.2,9.0797499249,17.502,116162763.79,56.27,2490.4673,8.930196680719,1.06,0.027929229398,15.4453741688,专业工程,2024-04-30,2023-03-31
002050,三花智控,0.17,5678755521.9,18.2193634454,-1.2144,601262668.34,32.73,-36.4213,3.691443439148,4.52,0.204928537243,25.5707231449,家电零部件Ⅱ,2024-04-30,2023-03-31
002047,宝鹰股份,-0.06,670303991.76,-3.5716457029,-29.6831,-86388297.38,-90.3,95.8144,0.633278389781,-8.53,-0.044499906857,8.5008022808,装修装饰Ⅱ,2024-04-30,2023-03-31
002044,美年健康,-0.04,2116912893.17,55.3854009519,-26.8567,-171968923.77,61.27,1.8931,1.862346600006,-2.36,-0.015305137249,32.7200634105,医疗服务,2024-04-30,2023-03-31
002036,联创电子,-0.17,1957751460.56,-2.3679097938,-35.435,-177479009.08,-542.35,-59.4623,3.332054447433,-4.78,0.001228394339,8.2963956933,光学光电子,2024-04-30,2023-03-31
002031,巨轮智能,0.0025,205732577.58,-25.5611159714,-15.3033,5520968.84,33.35,-81.9465,1.12019024952,0.22,-0.002736599331,12.9999302661,专用设备,2024-04-30,2023-03-31
002030,达安基因,0.0261,341038087.62,-89.8566262825,-87.4171,36561352.66,-97.82,-92.7096,8.078273548028,0.32,-0.256963048829,55.7558141341,医疗器械,2024-04-30,2023-03-31
002027,分众传媒,0.0652,2574661727.65,-12.4047584562,25.3045,941213711.27,1.34,42.7635,1.237954631783,5.4,0.143548561642,61.822242444,广告营销,2024-04-30,2023-03-31
002024,ST易购,-0.011,15859360000.0,-18.1422939447,0.1449,-100644000.0,90.22,99.138,1.72560382075,-0.63,0.209030796013,20.7289512313,互联网电商,2024-04-30,2023-03-31
002021,中捷资源,0.0007,205433033.5,-32.6479287612,10.3466,900071.48,-93.9,100.2078,-0.430279682602,,0.009408229951,15.7581704648,专用设备,2024-04-30,2023-03-31
002016,世荣兆业,0.0753,300339671.56,34.3046705081,13.4765,60886094.69,-2.29,196.8779,5.74082641137,1.32,-0.196636562253,46.5043776716,房地产开发,2024-04-30,2023-03-31
002010,传化智联,0.0638,8225646153.73,-1.2456122558,-5.8537,176273444.54,12.83,27.7519,6.252559407782,1.01,-0.056865204145,9.7838579779,物流,2024-04-30,2023-03-31
002006,精工科技,0.11,379348791.31,2.271481474,-63.848,47892290.6,89.76,-64.8462,3.08175780152,3.48,-0.092722516148,32.3289265524,专用设备,2024-04-30,2023-03-31
002001,新和成,0.21,3612227625.99,-16.1505444649,-10.2322,643158260.22,-46.55,5.5699,7.835394556866,2.69,0.126476627904,31.6930940227,化学制品,2024-04-30,2023-03-31
001979,招商蛇口,0.004,15008808510.42,-20.1698654013,-83.951,271957203.69,-38.72,-79.1878,10.790007821517,0.03,1.068949869181,12.6217815548,房地产开发,2024-04-30,2023-03-31
001896,豫能控股,-0.2746,3102113980.1,-17.700068578,20.3628,-418939154.99,9.36,44.1704,2.197326267153,-11.78,-0.041249394984,-5.9625507943,电力,2024-04-30,2023-03-31
001872,招商港口,0.34,3693584257.97,-8.1244366535,-10.1031,850039606.18,-1.13,45.4197,22.115821803817,1.55,0.279723907712,41.3501532536,航运港口,2024-04-30,2023-03-31
001696,宗申动力,0.0972,2139116840.56,-6.8915810623,24.7025,111306756.73,5.59,2431.3277,4.244229134386,2.32,-0.105788206386,14.114323161,通用设备,2024-04-30,2023-03-31
001380,华纬科技,0.2807,215108635.56,19.95,-25.7478,27136286.15,91.17,-43.4364,6.109813834678,4.7,-0.357945452928,28.6972668063,汽车零部件,2024-04-30,2023-03-31
001376,百通能源,0.07,292769031.49,13.1333265882,-4.2053,27332027.12,34.0117104771,-3.4043,1.82577391331,3.68,0.152903472602,18.6122214336,电力,2024-04-30,2023-03-31
001336,楚环科技,0.15,91018316.21,-24.2655281849,-53.869,12117333.82,-25.38,-46.1797,9.432764176377,1.61,0.22183303875,35.1881399741,环保设备Ⅱ,2024-04-30,2023-03-31
001330,博纳影业,-0.08,524311246.38,-59.3726927686,122.4366,-108201384.36,-136.54,31.2194,4.864780316261,-1.61,0.013636638088,22.5597581774,影视院线,2024-04-30,2023-03-31
001316,润贝航科,0.3153,162281359.64,31.9263881834,3.5057,25221760.92,34.09,31.6429,13.351827758625,2.38,-0.0152908025,24.5194802153,炼化及贸易,2024-04-30,2023-03-31
001311,多利科技,0.9,826056538.65,12.388632847,-14.3068,106582692.18,4.5,-18.9165,28.275556009738,4.11,-0.203022961094,22.5787378507,汽车零部件,2024-04-30,2023-03-31
001309,德明利,-0.39,301973107.61,21.7649007004,-15.1862,-43784403.78,-330.81,-604.2248,13.057890435637,-4.09,0.164569040795,5.8656654595,半导体,2024-04-30,2023-03-31
001296,长江材料,0.1739,177331189.58,-18.4053987517,-29.4325,18582375.84,30.01,-24.7464,14.862923807903,1.18,-0.319405644714,23.0094832311,非金属材料Ⅱ,2024-04-30,2023-03-31
001278,一彬科技,0.183,407405914.64,0.8302097172,-20.3063,18872298.63,-2.28,-41.8993,9.885646603423,2.1,-0.015891574951,21.6500283895,汽车零部件,2024-04-30,2023-03-31
001238,浙江正特,0.21,351488572.39,-9.4143970313,28.6229,22621348.02,25.89,351.1228,10.163825292182,1.91,-0.146447411909,24.4833168927,文娱用品,2024-04-30,2023-03-31
001225,和泰机电,0.58,113272590.67,-4.3509864817,-0.159,31365499.74,-12.81,5.627,22.356530946637,3.23,-0.969924301496,39.1549352298,专用设备,2024-04-30,2023-03-31
001212,中旗新材,0.15,139375869.36,3.0603623528,-13.4402,17993091.03,2.56,-7.1121,12.146490916935,1.27,-0.139787604245,23.1732411201,装修建材,2024-04-30,2023-03-31
001201,东瑞股份,-0.9,325337397.85,42.3631728809,-20.5597,-190874874.23,-492.15,-602.8127,13.693474402694,-6.34,-0.101188693061,-17.6739534864,养殖业,2024-04-30,2023-03-31
000997,新大陆,0.2953,1899401510.03,6.08,3.0911,299167963.38,257.16,139.6812,5.706515989955,5.21,0.79999936127,33.0366316974,计算机设备,2024-04-30,2023-03-31
000995,皇台酒业,0.0139,38559011.47,14.0019125151,18.6977,2462638.17,56.32,-33.0471,0.770353801801,1.82,-0.02720605852,64.4893251461,白酒Ⅱ,2024-04-30,2023-03-31
000987,越秀资本,0.142,3877491574.17,7.57,11.9486,712361284.43,21.99,27.1203,5.523566715644,2.6,0.269334490655,9.6974326708,多元金融,2024-04-30,2023-03-31
000983,山西焦煤,0.4747,14752226928.05,-5.3954378308,-38.5446,2469661883.61,-11.1,1.8235,6.885962712081,7.17,0.891335499664,41.1041267815,煤炭开采,2024-04-30,2023-03-31
000981,山子高科,-0.0197,1155834715.81,-13.1404146954,17.5503,-197108113.62,-141.63,82.6637,0.440513637629,-4.38,-0.043561973933,15.5203939219,汽车零部件,2024-04-30,2023-03-31
000980,众泰汽车,-0.04,162806170.11,30.2302409389,-45.2493,-187644558.11,-19.72,61.807,0.446064299004,,-0.019359367735,-5.7684682857,汽车零部件,2024-04-30,2023-03-31
000977,浪潮信息,0.1274,9500636640.72,-45.009545502,-43.9076,186421847.82,-37.04,-60.6364,11.240720259805,1.14,-0.039027899017,12.6833302689,计算机设备,2024-04-30,2023-03-31
000955,欣龙控股,-0.0148,113831116.79,-37.1503554532,-53.8035,-7974591.39,41.15,-49.7553,1.273169264332,-1.16,-0.070997143974,12.1204981283,纺织制造,2024-04-30,2023-03-31
000951,中国重汽,0.19,9213621716.33,22.9040047042,44.7014,223963735.05,80.53,256.335,11.88693654074,1.62,1.123024910165,7.9182621884,商用车,2024-04-30,2023-03-31
000938,紫光股份,0.153,16528532585.14,7.7363676588,-18.0445,438959525.8,17.92,-15.2863,11.285213191735,1.37,-0.333181910349,21.0094913315,IT服务Ⅱ,2024-04-30,2023-03-31
000936,华西股份,0.03,673285142.37,0.3221608542,-5.2364,22172234.53,14.81,-54.895,5.733916846652,0.44,-0.176083418322,8.1690746994,化学纤维,2024-04-30,2023-03-31
000935,四川双马,0.28,233308212.68,-17.6299576265,-28.959,211972548.35,-20.26,252.8347,8.787762793415,3.21,-0.02979075186,38.0260378025,多元金融,2024-04-30,2023-03-31
000932,华菱钢铁,0.0997,39894271325.42,-2.9465321443,-8.9052,688528138.1,-67.39,-44.8092,7.320458342125,1.37,-0.495933081866,7.4196573577,普钢,2024-04-30,2023-03-31
000928,中钢国际,0.1624,5109464489.55,67.4978761821,-16.4031,208083570.15,61.64,-3.4566,5.216231892118,3.13,-0.697622925738,8.9004677709,专业工程,2024-04-30,2023-03-31
000927,中国铁物,0.0294,10726344824.95,-18.1223064655,-18.1827,177992362.49,-15.54,83.8977,1.42062749877,2.02,-0.01834999022,5.0935849818,轨交设备Ⅱ,2024-04-30,2023-03-31
000925,众合科技,-0.05,345242116.5,-14.8175065839,-62.838,-26990658.96,-235.73,-323.983,4.921708279638,-0.98,-0.483064504294,22.768836907,轨交设备Ⅱ,2024-04-30,2023-03-31
000919,金陵药业,0.0865,708534720.18,2.2392215254,14.8146,43585110.26,11.07,253.3371,5.942846386891,1.45,-0.049603522115,21.0616964659,化学制药,2024-04-30,2023-03-31
000912,泸天化,0.11,2186529140.95,25.1607236051,3.0818,173349950.88,23.78,571.9243,4.10475454192,2.73,0.004430482946,12.7340804394,农化制品,2024-04-30,2023-03-31
000908,石药景峰,0.0015,176056130.03,-2.9474472466,-23.0643,1278629.96,-61.69,101.3673,0.203347309451,3.99,0.015485713984,77.414258502,化学制药,2024-04-30,2023-03-31
000903,ST云动,-0.026,1689027854.75,-13.3827042044,233.055,-50466111.19,44.37,93.7106,2.106321678269,-1.21,-0.152745924983,6.9284041392,汽车零部件,2024-04-30,2023-03-31
000901,航天科技,0.0025,1528868044.65,8.3622711824,-0.288,1957529.98,-78.96,-48.4234,5.349741474748,0.05,-0.154758538198,16.7463985061,汽车零部件,2024-04-30,2023-03-31
000898,鞍钢股份,-0.016,30844000000.0,-11.690096487,2.0581,-149000000.0,-110.05,-302.7027,6.171683863419,-0.26,0.271885969578,1.7312929581,普钢,2024-04-30,2023-03-31
000893,亚钾国际,0.3614,854482275.61,63.4894277839,-18.8537,335762713.1,19.82,-34.1172,11.251975594516,3.25,0.492307238689,66.26825632,农化制品,2024-04-30,2023-03-31
000892,欢瑞世纪,0.0081,54259230.62,-70.1563891701,125.138,7902384.82,-35.98,110.5512,1.542270270307,0.52,0.105728614376,62.927895438,影视院线,2024-04-30,2023-03-31
000890,法尔胜,-0.03,128427298.21,-31.4640198772,-7.1743,-12365102.65,5.53,-137.952,0.032580676615,-62.29,0.138169105995,12.0970824868,环保设备Ⅱ,2024-04-30,2023-03-31
000889,中嘉博创,-0.0073,355824361.94,-15.9096424218,26.0168,-6856732.9,23.82,87.1418,0.271754102396,-2.66,-0.189054791555,10.116633969,通信服务,2024-04-30,2023-03-31
000887,中鼎股份,0.2,3859400993.2,14.910514547,-15.9732,262384653.95,4.63,22.744,8.684748761192,2.32,0.18145363998,20.8043519602,汽车零部件,2024-04-30,2023-03-31
000880,潍柴重机,0.06,874679445.4,8.1995456834,-4.3563,21305403.43,10.52,-18.8751,5.572121786994,1.16,0.378790745188,11.1437264649,通用设备,2024-04-30,2023-03-31
000877,天山股份,-0.1421,22379456077.4,-20.82885938,-34.124,-1231161519.53,-220.08,-351.9646,9.318988107947,-1.51,0.168521107494,10.3330414185,水泥,2024-04-30,2023-03-31
000876,新希望,-0.38,33906536604.57,14.9150958872,-17.4791,-1685743896.01,41.45,-235.2855,5.232711345446,-11.6,-0.371113959042,1.1625383074,饲料,2024-04-30,2023-03-31
000875,电投绿能,0.18,4024463565.67,-6.2003222033,3.5776,503150056.85,21.25,435.6,4.19558653158,4.4,0.251125144937,28.806598295,电力,2024-04-30,2023-03-31
000838,*ST发展,-0.0045,1904719506.04,45.0110574104,35.7167,-4943016.52,-127.54,80.6432,0.874383017982,-0.51,-0.115336923976,6.1428206688,房地产开发,2024-04-30,2023-03-31
000837,秦川机床,0.0646,1007396335.87,-9.9912120462,0.2742,58095538.95,-3.29,-15.7292,3.959843941806,1.64,0.003853588049,18.5855755132,通用设备,2024-04-30,2023-03-31
000830,鲁西化工,0.169,6580538867.01,-13.9952462066,-3.7753,322221129.18,-75.6,719.0904,9.206531686487,1.84,0.131962127389,12.8156487252,化学原料,2024-04-30,2023-03-31
000829,天音控股,0.0589,22812069626.72,22.9477270028,-3.4963,60371160.32,630.35,557.6476,2.575824010018,2.31,2.299487156389,3.1336963022,专业连锁Ⅱ,2024-04-30,2023-03-31
000803,山高环能,0.12,680277092.61,101.1673431314,7.0088,40381143.58,-0.01,829.3504,4.198785932338,2.79,0.100905797641,21.5068383559,电力,2024-04-30,2023-03-31
000800,一汽解放,0.0133,14037665296.82,-7.3802876566,78.2161,61785210.95,-86.34,-93.9437,5.11319963749,0.26,0.407320600936,6.1284046699,商用车,2024-04-30,2023-03-31
000797,中国武夷,-0.0607,617163613.74,-30.2041355377,-82.4187,-95321639.69,-1008.62,-2273.0922,3.172832842638,-1.87,-0.271299868457,4.4095578132,房地产开发,2024-04-30,2023-03-31
000793,*ST华闻,-0.011,120116473.95,-43.8964615207,975.2298,-21954827.41,54.92,95.3106,1.020690751813,-1.07,0.087170274455,18.357401258,出版,2024-04-30,2023-03-31
000792,盐湖股份,0.4231,4706515768.84,-38.2097875182,-34.6847,2225422362.03,-36.37,-36.0943,4.939569097288,8.58,0.240967454271,72.1457397149,农化制品,2024-04-30,2023-03-31
000791,甘肃能源,-0.0266,355986841.79,3.1813834624,-26.8926,-42558219.99,-54.58,33.5973,5.137537900963,-0.52,0.105196285172,12.4884434454,电力,2024-04-30,2023-03-31
000790,华神科技,0.0051,220289718.39,6.3999830939,-17.312,3209240.4,-63.0,-78.9989,1.602267486812,0.32,-0.190981921948,26.0192907272,中药Ⅱ,2024-04-30,2023-03-31
000783,长江证券,0.14,2151159132.35,155.05,-4.7941,755597192.35,1522.01,36.3073,5.560519173925,2.5,1.018068544072,,证券Ⅱ,2024-04-30,2023-03-31
000776,广发证券,0.27,6477062887.66,35.69,-14.9652,2156742527.33,65.58,-19.9722,14.612292271862,1.87,-0.601230658262,,证券Ⅱ,2024-04-30,2023-03-31
000768,中航西飞,0.0851,7942644881.55,5.7744003179,-14.732,235559661.42,52.38,276.1203,5.8947437906,1.45,-2.441080055039,7.5143083215,航空装备Ⅱ,2024-04-30,2023-03-31
000750,国海证券,0.04,988821362.6,49.1200367082,21.4073,226319362.27,333.19,534.7551,3.46079964134,1.21,1.306530089103,,证券Ⅱ,2024-04-30,2023-03-31
000736,中交发展,-0.29,2688856773.39,-31.8941459276,-88.4185,-201892968.86,-385.97,-197.007,4.444698019526,-6.22,-1.509387399997,11.7257101096,房地产服务,2024-04-30,2023-03-31
000731,四川美丰,0.2854,1203738251.59,-3.8652981655,-1.0564,167186704.81,-6.44,63.7266,7.109331364182,4.1,0.104600941589,24.7235380704,农化制品,2024-04-30,2023-03-31
000727,冠捷科技,-0.0076,11974735448.53,-26.9117881087,-25.0275,-34293988.99,-128.95,-116.2026,0.56679172502,-1.31,0.247945331962,12.0304631024,光学光电子,2024-04-30,2023-03-31
000725,京东方A,0.003,37973495034.0,-24.7689230906,-16.8512,247315140.0,-94.36,-89.0558,3.356716480907,0.09,0.26501020415,6.8448328622,光学光电子,2024-04-30,2023-03-31
000720,新能泰山,-0.0164,600448372.05,-20.5081864967,-36.8219,-20657233.74,36.62,31.5037,2.016247618167,-0.81,0.049157714534,3.6520795094,电网设备,2024-04-30,2023-03-31
000718,苏宁环球,0.0418,433602663.5,-9.0329853304,1.1002,126809928.58,-4.42,194.7623,3.174226416666,1.33,0.006368722949,65.4930064654,房地产开发,2024-04-30,2023-03-31
000712,锦龙股份,-0.003,199490822.52,204.48,306.4722,-2485397.07,98.81,98.4789,3.183216272846,-0.09,-0.114192144196,,证券Ⅱ,2024-04-30,2023-03-31
000707,双环科技,0.485,1124745792.13,9.3969719741,5.2584,225097138.32,16.98,84.4476,3.646215872917,14.26,0.226295775725,25.9924503044,化学原料,2024-04-30,2023-03-31
000705,浙江震元,0.0556,1098106955.6,13.8802920886,2.3075,18564267.15,22.32,-29.18,5.806375142917,0.96,0.012954930355,17.7959848586,医药商业,2024-04-30,2023-03-31
000692,惠天热电,-0.4827,1084049035.77,-6.6352703503,35.1619,-257217821.78,63.06,69.0679,-3.981293815888,,-0.520007236733,-17.2743995171,电力,2024-04-30,2023-03-31
000691,亚太实业,0.0043,118672474.76,69.16691258,-19.5327,1380452.58,144.95,137.7903,0.442837504006,0.97,0.008629934204,19.2615547761,化学原料,2024-04-30,2023-03-31
000690,宝新能源,0.0118,2167469118.09,-2.1866368982,-12.047,25708706.84,585.53,464.8241,5.198989774129,0.23,0.103607030154,4.5862754127,电力,2024-04-30,2023-03-31
000686,东北证券,0.16,1843712776.29,130.73,66.0777,373335980.28,244.09,941.6995,7.868189786595,2.05,-1.079596402682,,证券Ⅱ,2024-04-30,2023-03-31
000685,中山公用,0.2,874750655.74,58.088399394,-53.886,289297935.78,50.29,-25.7799,10.827333116339,1.83,-0.14816610858,21.2831197951,环境治理,2024-04-30,2023-03-31
000679,大连友谊,-0.025,41510782.53,-2.3828885269,17.7558,-8804252.88,8.66,43.2667,1.011512519108,-2.41,0.01313201243,23.2797944077,一般零售,2024-04-30,2023-03-31
000672,上峰材料,0.18,1390291159.8,-7.0237831494,-29.4759,172597422.1,-49.4,68.078,8.80956207288,2.03,0.093733879235,26.3455371372,水泥,2024-04-30,2023-03-31
000669,ST金鸿,-0.0143,343764160.37,-17.3989857716,11.5711,-9762168.02,-61.38,57.7212,0.672894495263,-2.12,0.173406580868,5.0677675448,燃气Ⅱ,2024-04-30,2023-03-31
000665,湖北广电,-0.08,490871628.44,2.544916185,-31.5659,-96169221.61,5.62,56.7054,5.058419235388,-1.64,-0.051997687957,8.8366646241,电视广播Ⅱ,2024-04-30,2023-03-31
000663,永安林业,0.16,137997013.22,37.3491164644,49.0657,54191423.45,382.08,189.1315,2.8606756152,5.79,0.17090854886,44.3704737887,林业Ⅱ,2024-04-30,2023-03-31
000656,金科股份,-0.06,9950998082.55,-21.471077238,-13.0711,-295390957.82,-0.63,98.2734,2.274505217789,-2.4,0.010151689015,13.4332226811,房地产开发,2024-04-30,2023-03-31
000651,格力电器,0.73,35692251272.93,0.4435738226,-14.6262,4109253018.34,2.65,-33.7484,18.102325256384,4.14,2.675202899325,27.4165805468,白色家电,2024-04-30,2023-03-31
000650,仁和药业,0.1302,1355800163.83,3.3864803677,3.6993,182299215.54,17.09,54.5115,4.230963956707,3.13,-0.104137525263,39.4072159079,中药Ⅱ,2024-04-30,2023-03-31
000632,ST三木,0.0145,2964476510.58,93.6805953716,-39.7456,6747095.58,6.89,1641.1517,3.094001659028,0.47,0.803403670935,3.3870899628,综合Ⅱ,2024-04-30,2023-03-31
000629,钒钛股份,0.0383,3949646510.62,-4.4943346495,6.7381,329398832.04,-29.95,181.8634,1.061903380987,3.67,-0.023039612801,14.2590521948,冶钢原料,2024-04-30,2023-03-31
000626,远大控股,0.03,17517695932.01,2.5823430316,-13.9022,15654959.42,40.41,340.8467,5.939661417607,0.52,-1.574340527933,0.6439569454,物流,2024-04-30,2023-03-31
000625,长安汽车,0.71,34556094707.75,-0.0571559684,-3.7468,6970203078.41,53.65,675.7316,6.9961169284,10.54,0.340994979516,18.5580997711,乘用车,2024-04-30,2023-03-31
000623,吉林敖东,0.4311,787662853.93,23.6416258932,-17.5557,485778761.52,719.23,-46.0337,22.338374802944,1.85,-0.197940901466,47.5355339206,中药Ⅱ,2024-04-30,2023-03-31
000617,中油资本,0.17,9148987111.7,20.01,0.2005,2189387086.9,27.13,4281.6458,7.745901403417,2.26,-2.042939106363,8.1167110434,多元金融,2024-04-30,2023-03-31
000612,焦作万方,0.02,1107331178.88,-34.325416733,-35.7737,23589593.16,-88.37,148.0329,4.462415069823,0.44,-0.512629868037,-4.5569942509,工业金属,2024-04-30,2023-03-31
000605,渤海股份,0.0388,569260842.83,2.6240489381,-2.0578,13668949.57,41.68,167.2023,6.002944765618,0.65,0.074666720449,18.8278225404,环境治理,2024-04-30,2023-03-31
000603,盛达资源,0.0236,280875465.35,21.4241958741,-57.4455,16261204.69,-53.74,-88.7435,4.33861141176,0.58,-0.302404114776,26.5968943093,贵金属,2024-04-30,2023-03-31
000599,青岛双星,-0.12,1074539366.92,17.6596891095,22.8137,-100931853.89,30.96,29.3579,2.73764607459,-4.36,0.011006005568,2.9130838351,汽车零部件,2024-04-30,2023-03-31
000592,平潭发展,-0.0016,260151029.31,-3.6897154089,-24.8686,-3071705.47,-106.49,98.7234,1.22404704895,-0.13,0.043816038853,4.4759050621,林业Ⅱ,2024-04-30,2023-03-31
000589,贵州轮胎,0.08,1997872978.95,7.2366588869,-8.703,92744656.79,64.84,-46.5015,5.392046153741,1.44,0.041156442697,17.6642610025,汽车零部件,2024-04-30,2023-03-31
000582,北部湾港,0.135,1513986707.96,8.801903859,-16.9751,237911659.15,1.78,-9.6251,7.32749411243,1.83,0.096074646402,35.1698492094,航运港口,2024-04-30,2023-03-31
000576,甘化科工,0.05,84905860.32,-5.8815184907,-43.6537,21450394.62,-14.94,-54.3363,4.015132983254,1.21,-0.183099320342,67.9974084385,地面兵装Ⅱ,2024-04-30,2023-03-31
000573,粤宏远A,0.0132,90822905.24,-27.7871921598,-51.5656,8408920.72,233.48,269.0918,2.606106740915,0.51,-0.054210793957,15.3842465874,房地产开发,2024-04-30,2023-03-31
000571,新大洲A,-0.0241,304724253.96,-14.6927965827,14.968,-19624163.07,-155.7,82.7225,0.447076872863,-5.38,0.151978806924,36.6024933757,煤炭开采,2024-04-30,2023-03-31
000570,苏常柴A,0.0339,703102297.7,4.052509846,53.4418,23934592.54,176.9916295337,140.481,4.799251692267,0.73,-0.100732327402,13.2350226424,汽车零部件,2024-04-30,2023-03-31
000566,海南海药,0.0036,495029847.71,-10.5845499345,62.3955,4669720.32,126.44,-94.0093,1.6712740877,0.22,0.001252940608,39.2440587833,化学制药,2024-04-30,2023-03-31
000561,烽火电子,-0.03,240611512.67,51.0914101217,-68.9332,-18878365.82,46.2368574692,-119.9948,2.951056944065,-1.05,-0.242591200856,40.9445745371,航空装备Ⅱ,2024-04-30,2023-03-31
000552,甘肃能化,0.2078,3156906244.21,-2.2346432429,-60.4227,958239752.0,-25.95,-61.0348,2.97238707149,7.12,0.100279937873,47.9837978739,煤炭开采,2024-04-30,2023-03-31
000551,创元科技,0.0961,1079451537.31,7.9325891666,-4.2288,38439773.91,1.28,-13.0997,5.723637291358,1.67,-0.032735166834,21.9164284892,环保设备Ⅱ,2024-04-30,2023-03-31
000547,航天发展,-0.07,542469136.76,-46.1600417897,-50.4056,-115250238.63,-179.89,21.1664,5.506803310338,-1.36,-0.033355593823,16.0713925885,军工电子Ⅱ,2024-04-30,2023-03-31
000546,金圆股份,-0.019,770308733.64,-22.8176702437,-37.0186,-14873807.25,-3.47,96.5835,6.20911590505,-0.31,0.351363595564,-5.4063356134,环境治理,2024-04-30,2023-03-31
000543,皖能电力,0.07,6211925055.54,-2.2714253167,-19.6269,157009691.66,-8.56,91.6421,5.657676463218,1.09,0.308286794057,6.1186241895,电力,2024-04-30,2023-03-31
000541,佛山照明,0.0491,2193613606.54,7.031439475,-6.666,66221546.43,6.28,586.819,3.845643026775,1.27,0.054859422733,17.3439417473,照明设备Ⅱ,2024-04-30,2023-03-31
000539,粤电力A,0.0168,13046268148.0,14.5470192869,-0.9751,88429494.0,119.71,106.8851,3.860774752195,0.44,0.056904213333,7.5811998863,电力,2024-04-30,2023-03-31
000537,绿发电力,0.13,873727134.5,10.3536811528,10.4413,234595264.45,73.25,2280.0833,8.94114401559,1.41,0.299187528883,54.5070359355,电力,2024-04-30,2023-03-31
000533,顺钠股份,0.0149,402815048.88,9.8907043155,-24.9192,10319187.24,131.36,-17.4702,1.046912399134,1.44,-0.049775824156,20.0898621874,电网设备,2024-04-30,2023-03-31
000531,穗恒运A,0.0872,963570658.87,6.3964050332,-2.3927,71665422.81,241.02,184.3207,6.137040344991,1.43,0.347762075832,10.3209241029,电力,2024-04-30,2023-03-31
000525,红太阳,0.0195,747388776.2,-51.103051289,-29.888,11316969.11,-96.3,105.3026,2.217011930772,0.89,0.116089479338,32.5410753339,农化制品,2024-04-30,2023-03-31
000518,四环生物,-0.0184,57013482.58,13.2183261132,-22.4548,-18959108.45,18.55,-41.095,0.522828895681,-3.46,0.002963005482,68.3018131639,生物制品,2024-04-30,2023-03-31
000509,华塑控股,-0.0037,134787863.5,-54.5204149283,-39.7269,-3990464.85,-322.36,35.3255,0.122450440705,-2.98,-0.007496414808,7.0109325014,光学光电子,2024-04-30,2023-03-31
000507,珠海港,0.0663,1259081438.48,-5.7226778513,8.9102,60913203.89,4.62,-33.9422,5.460334213045,0.94,0.226014047928,25.8809642769,电力,2024-04-30,2023-03-31
000504,南华生物,-0.0063,34739572.68,-46.4049617866,-20.9402,-1976045.11,-1335.77,85.0701,0.037856696187,-15.46,0.000710902548,68.7068909565,医疗服务,2024-04-30,2023-03-31
000501,武商集团,0.17,2054468957.64,9.6568245919,39.1988,131860206.61,-25.0,587.1051,14.247363152357,1.21,1.036251526544,46.139451842,一般零售,2024-04-30,2023-03-31
000430,张家界,-0.07,64047448.06,544.1268064858,162.3096,-30047728.28,51.56,74.153,2.664616267062,-2.75,-0.030433754987,-2.3736142127,旅游及景区,2024-04-30,2023-03-31
000428,华天酒店,-0.043,133042474.07,25.7269056801,53.2376,-43838419.23,-31.93,66.7997,1.730393866797,-2.46,0.003577861376,15.0486331677,酒店餐饮,2024-04-30,2023-03-31
000426,兴业银锡,0.0076,458991934.99,-11.1489886417,4.8122,13990219.8,-76.96,124.9961,3.031445876726,0.25,0.070554306865,37.5964143104,贵金属,2024-04-30,2023-03-31
000425,徐工机械,0.129,23892908942.03,-9.8112669387,27.723,1523350581.21,-26.38,513.0741,4.565048730984,2.84,0.068126680055,22.8391428846,工程机械,2024-04-30,2023-03-31
000417,合百集团,0.1239,1968705804.18,3.3386123964,49.8879,96602942.66,6.32,412.1529,5.55323812257,2.22,0.248432599583,28.5074430516,一般零售,2024-04-30,2023-03-31
000415,渤海租赁,0.0397,6509997000.0,-1.2276453479,-31.4942,245687000.0,133.3,114.1543,4.433392335478,0.89,0.893972710255,50.2402996499,多元金融,2024-04-30,2023-03-31
000410,沈阳机床,-0.02,377565932.45,-18.4002633939,-12.1465,-34712246.08,-281.19,-252.7512,0.473021966284,-3.49,-0.029023001299,8.3125507051,通用设备,2024-04-30,2023-03-31
000408,藏格矿业,0.58,1373645973.66,6.8356321715,-44.6407,920597301.86,13.06,-38.1776,7.313537370877,7.31,0.185474160102,69.0734558186,农化制品,2024-04-30,2023-03-31
000402,金融街,-0.07,2835207887.57,-39.675026915,-43.245,-211134327.43,-122.59,60.4235,12.619012588344,-0.56,0.632594987759,18.1478759771,房地产开发,2024-04-30,2023-03-31
000400,许继电气,0.1596,3308766910.14,34.0109402651,-43.7461,160905037.71,48.48,34.4374,10.151820087896,1.55,-0.08553819968,13.6401192183,电网设备,2024-04-30,2023-03-31
000338,潍柴动力,0.21,53434143416.55,18.2491186266,19.716,1855931279.89,68.29,16.4906,8.660679748413,2.5,-0.054044420443,18.7004815686,汽车零部件,2024-04-30,2023-03-31
000333,美的集团,1.18,96636184000.0,6.2650516028,30.7066,8041853000.0,12.04,58.1925,21.689644809222,5.46,1.320052954096,24.0409157744,白色家电,2024-04-30,2023-03-31
000301,东方盛虹,0.11,29547000907.36,114.5258870961,72.5715,737641929.25,4.75,169.6903,5.373169594086,2.01,0.372337775154,14.3473075242,炼化及贸易,2024-04-30,2023-03-31
000166,申万宏源,0.08,5765114214.28,19.3541811362,125.828,2010990436.36,87.77,234.9689,3.893257276847,2.09,1.180899006322,,证券Ⅱ,2024-04-30,2023-03-31
000158,常山北明,-0.0511,1295702855.21,-33.6173806538,-66.0817,-81748331.21,5.47,-13.3108,3.671255652373,-1.38,-0.8770895967,12.3192624573,IT服务Ⅱ,2024-04-30,2023-03-31
000157,中联重科,0.1,10425507345.2,4.1307919514,-5.0723,810064655.82,-10.63,489.5072,6.290945406897,1.48,0.032953848693,26.3937658504,工程机械,2024-04-30,2023-03-31
000156,华数传媒,0.083,2128082896.75,7.8346149354,-31.7172,154398951.11,1.66,-27.2859,7.930747099154,1.06,-0.191675708428,29.0227141609,电视广播Ⅱ,2024-04-30,2023-03-31
000100,TCL科技,-0.0297,39465731391.0,-2.7878628885,-1.4748,-548999154.0,-140.59,-2737.9186,2.909053712632,-1.09,0.263319182284,10.3581064318,光学光电子,2024-04-30,2023-03-31
000096,广聚能源,0.019,514445369.94,53.0196948718,-0.9333,10043963.09,7.08,271.2321,4.902064292519,0.39,-0.147668184602,7.7096312412,炼化及贸易,2024-04-30,2023-03-31
000088,盐田港,0.04,192845085.76,1.1930197404,-11.9425,191196970.56,27.11,5.7485,4.263917279436,1.38,0.024527844053,29.4324038418,航运港口,2024-04-30,2023-03-31
000078,ST海王,0.0271,9957850383.56,8.2183217091,12.1492,74530706.41,5.08,106.429,1.72887476275,1.26,0.039798118043,10.6893430271,医药商业,2024-04-30,2023-03-31
000069,华侨城A,-0.0369,6916525640.79,-7.4432688326,-85.4345,-302667804.61,-271.68,97.2563,7.991557734422,-0.44,-0.973243743148,20.1508830155,房地产开发,2024-04-30,2023-03-31
000066,中国长城,-0.095,2198572939.49,-22.2889666031,-51.526,-305225491.02,-161.0841091194,-152.6463,4.145565895282,-2.75,-0.090768985393,21.1398754402,计算机设备,2024-04-30,2023-03-31
000062,深圳华强,0.1198,3854160484.26,-34.3141017081,-26.2174,125305274.17,-42.96,-50.8516,6.790064363199,1.77,1.162520292548,11.5732924644,其他电子Ⅱ,2024-04-30,2023-03-31
000061,农产品,0.0514,1240256323.88,31.6073068635,-16.2905,87142527.36,24.46,22.2589,3.435208770308,1.51,0.06411096351,25.9017993091,一般零售,2024-04-30,2023-03-31
000056,*ST皇庭,-0.09,195608889.46,8.2954498366,19.8564,-101828223.54,13.35,87.7193,1.651043931093,-4.97,0.03405806066,57.7393497411,房地产服务,2024-04-30,2023-03-31
000048,京基智农,2.3312,6663134945.61,1347.3574899858,74.8912,1219766615.49,960.38,48.7979,7.345204358312,37.73,-0.72537486536,47.8200836638,养殖业,2024-04-30,2023-03-31
000045,深纺织A,0.0259,679306013.14,1.3055113757,-5.1182,13108613.21,-25.63,-21.785,5.651321248671,0.46,0.004422427847,11.410446547,光学光电子,2024-04-30,2023-03-31
000042,中洲控股,0.0916,2490227317.81,114.7229848285,143.531,60892455.65,67.63,129.0657,11.531021960992,0.78,0.63749076699,32.2168599755,房地产开发,2024-04-30,2023-03-31
000039,中集集团,0.0267,26649907000.0,-25.0537393281,-17.7562,160177000.0,-90.61,57.6157,8.681382232911,0.31,0.107103338123,13.6823029063,通用设备,2024-04-30,2023-03-31
000036,华联控股,0.02,169313505.63,-16.3826969191,-90.8075,29710062.69,-15.04,-91.8292,3.59513407091,0.56,-0.218475285389,49.0696817722,房地产开发,2024-04-30,2023-03-31
000035,中国天楹,0.02,1116645023.42,-7.2781904652,-60.682,45912935.99,7.62,2126.5396,4.107614472074,0.44,-0.070843076654,23.637461944,环境治理,2024-04-30,2023-03-31
000032,深桑达A,-0.0497,12926328439.38,13.3275250702,-20.9406,-56570897.29,54.7,-115.5849,5.438917616384,-0.96,-1.949405012148,10.3240067674,专业工程,2024-04-30,2023-03-31
000031,大悦城,0.04,6085492212.23,-25.6148650734,-58.6603,171381768.89,269.9,105.7638,3.657382140954,1.1,0.641180304656,30.2866596613,房地产开发,2024-04-30,2023-03-31
000027,深圳能源,0.1085,8092758140.94,4.195012425,-24.6278,634034448.15,22.45,49.9252,6.074152585726,1.81,0.390607947835,22.1499361924,电力,2024-04-30,2023-03-31
000021,深科技,0.0647,3933775539.21,7.7513461283,-4.2026,101012991.01,-58.3,20.7128,6.664832994507,1.02,0.328158929693,10.7470049792,消费电子,2024-04-30,2023-03-31
000009,中国宝安,0.0928,8232161260.44,44.5847675752,-13.5792,239346190.45,44.94,-58.8076,3.65865759813,2.58,0.669779235908,18.5310142302,综合Ⅱ,2024-04-30,2023-03-31
000008,神州高铁,-0.0121,431343230.64,100.0801316735,-47.7689,-32949016.59,35.82,95.0904,1.599620008861,-1.35,-0.038405899843,36.7598842399,轨交设备Ⅱ,2024-04-30,2023-03-31
000002,万科A,0.1251,68474007399.21,9.2663215029,-58.7916,1445811341.87,1.16,-74.0306,20.620089405489,0.6,0.586830186829,15.4473261534,房地产开发,2024-04-30,2023-03-31
920985,海泰新能,-0.02,924972601.85,-26.0172983408,-38.9313,-6477424.68,-146.06,-113.5627,4.024159333836,-0.52,-0.079768048044,6.1584376722,光伏设备,2024-04-29,2023-03-31
920970,大禹生物,-0.05,29231472.9,-17.6424302103,-51.9673,-3006966.31,-133.65,-146.8691,6.346853548606,-0.84,-0.136633581129,25.0247291165,动物保健Ⅱ,2024-04-29,2023-03-31
920946,森萱医药,0.1063,175152565.78,-4.0801473448,40.1551,45399312.04,-9.15,95.9781,2.652877510744,4.09,0.057969699685,44.2256998435,化学制药,2024-04-29,2023-03-31
920895,花溪科技,0.04,16351794.37,-30.545070756,-15.3893,1660702.07,-52.71,216.8678,3.145956359468,1.25,-0.234734739912,36.6043771378,专用设备,2024-04-29,2023-03-31
920809,安达科技,0.04,915071570.44,-33.7242916989,-52.6987,23319912.97,-93.38,-76.3868,4.978366000264,0.97,-0.991666530428,13.8803142304,电池,2024-04-29,2023-03-31
920802,保丽洁,0.0107,29881303.62,-11.6027762864,-43.004,674976.85,-85.77,-94.4258,6.516454162195,0.16,0.011432468181,25.8433948472,环境治理,2024-04-29,2023-03-31
920768,拾比佰,-0.11,198911979.34,-21.8338281726,-7.3821,-12310379.82,-278.68,-96.5269,6.203522822114,-1.77,-0.371056091646,2.6498457396,家电零部件Ⅱ,2024-04-29,2023-03-31
920753,天纺标,-0.01,29474078.43,16.3192736187,-18.6943,-891236.86,78.67,-109.8598,5.052651618031,-0.18,0.128591649775,30.9574477847,专业服务,2024-04-29,2023-03-31
920729,永顺生物,0.08,81091529.35,3.0680944618,-13.9207,20894809.49,20.58,-21.7087,2.601648147247,2.96,-0.05271690792,60.9015035551,动物保健Ⅱ,2024-04-29,2023-03-31
920690,捷众科技,0.11,40137531.24,-1.4703148483,-35.3349,5628731.41,-17.8,-59.4747,7.142507251048,1.51,0.174456630476,34.5473277046,汽车零部件,2024-04-29,2023-03-31
920679,前进科技,0.42,50313844.1,42.0878388589,,17048967.13,156.45,,8.307109459881,5.22,0.820241901436,44.9009140409,通用设备,2024-04-29,2023-03-31
920663,明阳科技,0.32,49484221.13,10.8554368046,-24.3018,12531525.77,20.99,-29.6288,6.39547246938,6.39,0.560614208333,45.25349594,汽车零部件,2024-04-29,2023-03-31
920651,天罡股份,0.2,44334813.74,28.3139590283,-40.7776,9901565.85,19.07,-20.5418,6.565745286197,3.05,-0.047044005958,59.2441530578,通用设备,2024-04-29,2023-03-31
920639,晨光电缆,0.14,440563101.88,44.3061827386,-14.4888,25534911.26,486.08,161.0315,4.566190679668,3.04,-0.556606794881,15.7785128267,电网设备,2024-04-29,2023-03-31
920578,巨能股份,0.11,48094541.33,,-41.0244,5822360.91,,-54.9182,,4.37,,36.8086390481,自动化设备,2024-04-29,2023-03-31
920571,国航远洋,-0.0279,191544584.18,-33.9015388355,-33.1044,-15472742.62,-122.5,-792.6575,2.523731641444,-1.1,-0.020423275199,-1.0566316968,航运港口,2024-04-29,2023-03-31
920570,坤博精工,0.43,69170963.24,85.9337992558,12.9598,10088634.36,136.41,-26.0027,6.606197295432,6.72,-0.513145018874,25.7063351544,通用设备,2024-04-29,2023-03-31
920455,汇隆活塞,0.06,31845258.27,11.7411041952,-9.9133,8106411.18,10.2447558858,14.7156,1.602290265703,4.03,0.104887110781,43.3339214994,专用设备,2024-04-29,2023-03-31
920436,大地电气,-0.04,156064014.26,16.3118497414,41.9357,-3841368.93,-230.7,61.8453,4.597565519074,-0.88,0.02005173081,18.2554865291,汽车零部件,2024-04-29,2023-03-31
920418,苏轴股份,0.22,144496090.01,3.4319041316,1.5645,21634720.24,53.56,-19.8183,6.625052122725,3.44,0.274091909222,39.3812080839,汽车零部件,2024-04-29,2023-03-31
920407,驰诚股份,0.07,37791830.06,17.1297630857,-12.2627,4174365.87,-57.05,-38.7358,3.788274937424,2.03,-0.086711074452,46.6939424261,通用设备,2024-04-29,2023-03-31
920405,海希通讯,0.04,49146333.95,6.8615976606,-10.3329,12571992.23,-2.7,-0.909,5.228780041993,1.71,0.018732806288,49.3987017113,自动化设备,2024-04-29,2023-03-31
920392,佳合科技,0.03,54533637.36,-29.598231545,-9.9964,1823183.72,-70.36,-70.0394,5.132569981261,0.61,0.071230426065,13.1439545884,包装印刷,2024-04-29,2023-03-31
920378,泰德股份,0.01,63186572.7,-5.8864960297,-6.3026,1757592.47,-67.52,-69.6395,2.510004845048,0.49,-0.026303917434,22.2266142629,汽车零部件,2024-04-29,2023-03-31
920275,驱动力,0.01,25990213.95,-5.700553482,390.1745,1007104.04,-51.4,-64.3394,1.459078679179,0.43,0.017081275175,17.5499910804,动物保健Ⅱ,2024-04-29,2023-03-31
920266,生物谷,0.01,135818714.64,9.93151196,-16.4135,1725600.86,597.77,102.7219,7.914973240938,0.17,0.349373237812,77.5240358216,中药Ⅱ,2024-04-29,2023-03-31
920252,天宏锂电,0.06,55012966.22,-25.6569736416,-40.0506,4084195.27,-7.44,-52.7326,3.274432556906,2.58,-0.428026841882,11.6157675164,电池,2024-04-29,2023-03-31
920198,微创光电,-0.19,11349699.48,78.436376474,-77.9137,-31127701.12,6.73,-370.6344,3.721934971541,-5.19,-0.278314108687,49.7752491152,计算机设备,2024-04-29,2023-03-31
920195,三祥科技,0.23,184482210.45,15.3134856059,-10.6542,23026243.06,117.74,80.9897,6.440818001326,3.71,0.186204391819,31.766312864,汽车零部件,2024-04-29,2023-03-31
920190,雷神科技,0.1184,576534231.23,-9.7725329887,-4.9734,11839429.6,-3.48,-62.6299,13.086490633816,1.45,0.632957372753,12.257532648,计算机设备,2024-04-29,2023-03-31
920185,贝特瑞,0.27,6764984125.27,65.8588288012,-16.5905,293260843.17,-35.02,-69.1922,14.141823059071,2.9,2.581918612238,14.3150413041,电池,2024-04-29,2023-03-31
920169,七丰精工,0.07,31365858.64,-29.7921326274,-42.983,5461277.43,-39.96,78.851,3.668162953838,1.79,0.15178759728,33.8965814774,通用设备,2024-04-29,2023-03-31
920167,同享科技,0.19,422891883.01,28.8457005073,42.1,21175430.63,110.95,76.6299,4.375621643707,4.53,-1.166108143707,12.6735863948,光伏设备,2024-04-29,2023-03-31
920152,昆工科技,0.1,137928783.45,1.7177271582,-18.6931,11205873.56,-4.66,-10.6332,4.289680800927,2.43,0.33293048023,16.6268013437,电池,2024-04-29,2023-03-31
920149,旭杰科技,0.01,75159667.76,28.9853078028,-40.6801,787355.5,77.36,105.0656,2.325770913257,0.46,-0.061923192738,15.6724717406,工程咨询服务Ⅱ,2024-04-29,2023-03-31
920139,华岭股份,0.07,69060387.08,21.7512990486,-1.5448,17508241.76,62.05,11.5951,3.918151183133,1.69,-0.000985076874,53.5343196342,半导体,2024-04-29,2023-03-31
920122,中纺标,0.0083,35892047.62,15.7805467087,-25.6489,763437.95,-20.69,-90.6132,3.551690515999,0.23,0.038024115488,39.7776154238,专业服务,2024-04-29,2023-03-31
920092,汉鑫科技,0.05,20059008.58,63.9827020241,-44.5898,2432183.63,64.62,111.7994,7.507093888216,0.68,0.11875152685,33.6582316772,IT服务Ⅱ,2024-04-29,2023-03-31
920090,*ST同辉,-0.07,41892407.78,-60.8632537756,-53.2353,-13910117.31,-183.25,32.3331,1.362996822672,-4.99,-0.043008175553,4.3286541789,计算机设备,2024-04-29,2023-03-31
920062,科润智控,0.1,189931263.33,39.1296276212,-27.5918,17325367.25,422.53,-35.3149,3.365191154363,2.84,-0.260299870642,16.5653393382,电网设备,2024-04-29,2023-03-31
920058,华洋赛车,0.18,69212216.69,-17.2517848959,-44.7177,7706423.34,-29.3606790775,-41.0944,3.87490872619,4.85,0.402497572619,19.3235791015,摩托车及其他,2024-04-29,2023-03-31
920057,百甲科技,0.08,203428272.36,-17.1056000851,-22.0221,13652405.16,63.99,8.4362,3.867292528228,2.23,-0.114635356765,20.358548932,专业工程,2024-04-29,2023-03-31
920014,特瑞斯,0.05,95641290.28,2.4129689549,-57.4478,5763684.56,41.84,-70.963,7.766561703467,0.76,-0.94429130066,32.9710686856,燃气Ⅱ,2024-04-29,2023-03-31
874392,祺龙海洋,0.16,77847958.79,,,22842448.28,,,,9.64,,47.2460334242,,2024-04-29,2023-03-31
874149,同富股份,0.15,405413647.06,,,14906024.88,,,,1.82,,25.6371527214,,2024-04-29,2023-03-31
874031,翰林航宇,0.1,57388603.28,,,5067079.81,,,,1.52,-0.40150450673,48.369116991,,2024-04-29,2023-03-31
873928,瑞能半导,0.12,218976103.56,,-13.858,42513861.33,,355.6708,,2.95,0.916563914,41.9281423394,,2024-04-29,2023-03-31
873723,阅微基因,-0.15,22869785.06,,,-11681855.0,,,,-4.02,-0.403198194882,49.3524526373,,2024-04-29,2023-03-31
837326,同瑞节能,0.04,47540526.97,37.7576657582,-47.2781,2221113.96,-13.09,-86.8052,2.245859392667,1.66,-0.020159788,28.3945278699,,2024-04-29,2023-03-31
836090,创富港,0.05,174480388.35,3.4498747456,-3.3134,4988283.72,-59.83,-51.3765,1.664953992396,2.74,1.068790092279,36.1831279361,,2024-04-29,2023-03-31
835312,上瑞控股,0.027,38274083.23,17.9594410544,46.8579,8560980.09,17.42,140.3104,1.759667922839,1.58,-0.003416187419,,,2024-04-29,2023-03-31
835072,东海租赁,-0.0008,1705123.95,6.6529242219,42.3653,-407077.29,-25.54,-103.144,0.19526897822,-0.42,0.00018683994,53.8804571949,,2024-04-29,2023-03-31
834757,ST声望,-0.037,4925670.34,,,-783129.96,,,,-12.28,-0.126367139524,46.5599520816,,2024-04-29,2023-03-31
834670,宏达小贷,0.03,25704765.6,-16.8038698963,-36.0949,14795567.97,-14.35,370.6058,1.4810462386,2.02,0.06894134616,,,2024-04-29,2023-03-31
834395,博信永元,-0.01,2372706.12,0.0,-2.1739,-1814596.14,-109.16,-110.0984,2.663008465405,-0.35,-0.006909414572,,,2024-04-29,2023-03-31
834089,浙商创投,0.0,18360197.4,-57.1259194611,668.305,993056.59,-83.57,115.8666,1.60769957001,0.08,0.039046340615,,,2024-04-29,2023-03-31
834038,诚信小贷,0.02,2518753.74,0.6392656597,-29.2268,1688112.82,3.09,112.4502,1.0416186924,1.22,-0.0996068837,,,2024-04-29,2023-03-31
833962,方富创投,0.5,628518.85,96.2499951993,-68.2104,23880469.81,615.7877395679,543.904,2.662967307464,21.01,-0.09037228117,,,2024-04-29,2023-03-31
833574,爱知之星,0.15,28264078.54,259.9832257249,,7270869.0,270.8016957289,,,5.67,-0.369412324042,60.2982513153,,2024-04-29,2023-03-31
833502,ST联创集,-0.0236,659660.38,-90.3558467967,-76.1698,-28819385.98,28.71,79.9998,0.801670681766,-2.9,-0.000977468408,,,2024-04-29,2023-03-31
833499,中国康富,0.04,492999594.19,30.5670954173,3.0485,89301745.4,-14.35,-5.3872,1.94520711662,1.85,0.053276570369,42.3528645342,,2024-04-29,2023-03-31
832905,信源小贷,0.04,8153973.54,-0.8650224756,6.8707,5739615.26,-1.02,22.2195,1.425219657108,2.51,-0.027246335631,,,2024-04-29,2023-03-31
832793,同创伟业,0.21,159139465.83,185.969952307,-40.2005,89382549.11,650.01,5.436,5.09486049118,4.26,-0.00479820155,,,2024-04-29,2023-03-31
832381,国汇小贷,0.01,3790190.0,8.5283539004,-20.5845,2134392.96,20.47,1018.5301,1.202898402867,1.19,0.034213012867,,,2024-04-29,2023-03-31
832069,科飞新材,0.014,7268723.24,3.2209898475,-38.8041,503604.22,125.84,-61.3694,1.463545930691,0.96,0.044361236383,27.8866801372,,2024-04-29,2023-03-31
831896,思考股份,-0.013,635056.41,12.5998481331,149.4884,-4684047.25,0.41,34.9056,0.299506841528,-4.25,-0.004212676778,21.5439948083,,2024-04-29,2023-03-31
688766,普冉股份,-0.38,203975644.06,-8.9833327677,26.6131,-28141067.36,-167.78,48.8956,38.730723967077,-1.43,-1.626771802213,22.1644702182,半导体,2024-04-29,2023-03-31
688699,明微电子,-0.04,142449985.21,-45.1523397798,-2.455,-4854059.29,-106.81,89.7613,13.823988916786,-0.32,-0.190535933702,16.9081586527,半导体,2024-04-29,2023-03-31
688680,海优新材,0.27,1350884489.26,9.9809066037,15.0241,22745698.07,-70.56,127.311,27.712494185238,0.91,-8.576497331053,6.2630997256,光伏设备,2024-04-29,2023-03-31
688656,浩欧博,0.09,80774669.81,6.1604791619,22.7751,5561754.6,-58.99,297.1655,12.458087268981,0.72,0.040062742228,57.3672157732,医疗器械,2024-04-29,2023-03-31
688603,天承科技,0.26,75437966.53,-15.0731347184,-19.8845,11377316.98,-9.025794362,-3.9326,7.769377544195,3.48,0.515879550929,34.1172702737,电子化学品Ⅱ,2024-04-29,2023-03-31
688598,金博股份,0.84,301961365.55,-32.9327476059,-0.4895,118026681.98,-41.76,116.8883,64.929389893604,1.95,0.57126552528,36.0134537218,非金属材料Ⅱ,2024-04-29,2023-03-31
688586,江航装备,0.08,305175006.16,13.6496625649,31.5709,60206675.54,6.38,180.056,4.281434509671,2.52,-0.230930874782,33.83092263,航空装备Ⅱ,2024-04-29,2023-03-31
688563,航材股份,0.34,582379901.72,18.492123831,13.2399,120946841.16,6.44,201.0012,7.537679628556,4.56,-0.585719023889,36.1488371488,航空装备Ⅱ,2024-04-29,2023-03-31
688550,瑞联新材,0.14,273954748.77,-35.5257899007,-6.0096,14061419.2,-82.38,-62.3608,30.267119987952,0.47,0.801151815874,32.2474820446,电子化学品Ⅱ,2024-04-29,2023-03-31
688543,国科军工,0.09,145588349.78,134.744213234,-45.5833,9445524.52,219.49,-72.1389,6.267458318909,1.39,-1.588766168545,33.5084832019,地面兵装Ⅱ,2024-04-29,2023-03-31
688535,华海诚科,0.07,54359271.4,-11.1561324855,-41.8093,4156112.07,-17.45,-73.9649,12.706638828227,1.09,-0.05982638543,30.4128095985,半导体,2024-04-29,2023-03-31
688531,日联科技,0.24,110543385.95,38.2132287799,-32.6874,14063670.79,146.57,-64.144,40.045086149421,3.19,-0.219849772434,37.5252872739,专用设备,2024-04-29,2023-03-31
688529,豪森智能,0.22,410289032.79,5.2465568356,-1.543,28027517.2,3.11,236.1066,9.655930511406,2.31,-2.158853723906,29.0342662927,专用设备,2024-04-29,2023-03-31
688518,联赢激光,0.27,766379178.64,106.325938167,-17.4344,88027894.68,489.96,10.5122,8.430222692131,3.56,-0.223011879112,36.0204725447,自动化设备,2024-04-29,2023-03-31
688515,裕太微,-0.4,53406036.31,-41.8836080815,-48.4249,-26931457.0,-351.01,-235.5424,24.220117995625,-3.23,-0.114504742125,53.8736619078,半导体,2024-04-29,2023-03-31
688512,慧智微,-0.16,120114695.04,14.6,21.6429,-65597435.63,16.4,-138.2651,3.50770559123,-4.65,-0.078896528687,23.6164687431,半导体,2024-04-29,2023-03-31
688496,*ST清越,0.0093,241035672.57,32.2527091746,-14.9718,4202092.19,259.0083851471,-83.1698,2.841581133978,0.33,-0.335811164733,14.7870295795,光学光电子,2024-04-29,2023-03-31
688459,哈铁科技,-0.0018,92986030.98,34.2679880342,-83.7009,-849778.55,96.1704143312,-100.7699,6.788155989229,-0.03,-0.046982247521,47.2849077078,轨交设备Ⅱ,2024-04-29,2023-03-31
688401,路维光电,0.14,135909244.13,-6.2335408528,-8.5426,28413758.53,77.18,-17.9797,10.287713839797,2.09,0.453561781501,32.9467513315,半导体,2024-04-29,2023-03-31
688321,微芯生物,-0.0798,106525525.73,1.9584618879,-45.1653,-32476835.4,-770.2658788146,-154.4037,3.236360971583,-2.15,-0.11817200735,91.950197766,化学制药,2024-04-29,2023-03-31
688317,之江生物,0.03,84348212.48,-89.5866979492,-80.9792,6026571.66,-97.81,-95.4318,21.592068688758,0.14,-0.88278470784,56.722362233,医疗器械,2024-04-29,2023-03-31
688296,和达科技,-0.04,71535104.38,8.5549019542,-47.7149,-4271093.05,-93.01,-185.9954,6.890206325245,-0.58,-0.479871699464,25.9037935579,软件开发,2024-04-29,2023-03-31
688293,奥浦迈,0.21,67917690.55,-6.5332382678,-4.6886,24191151.59,-4.26,8.5867,26.953594715308,1.1,0.054846235916,65.4437707614,生物制品,2024-04-29,2023-03-31
688244,永信至诚,-0.24,26610651.68,9.9312408784,-87.1185,-16468200.36,4.0661267382,-122.6189,22.08774523314,-1.58,-0.798945059462,60.7411709205,软件开发,2024-04-29,2023-03-31
688238,和元生物,-0.0495,30791377.0,-57.8870868485,-59.4722,-31743281.26,-363.0,-721.0684,4.344847597189,-1.47,-0.06689944725,-21.4559163755,医疗服务,2024-04-29,2023-03-31
688234,天岳先进,-0.07,193084860.79,185.4388403514,30.8608,-28156102.73,35.6654139702,51.3684,12.152202527054,-0.54,-0.135642387958,12.0736734743,半导体,2024-04-29,2023-03-31
688202,美迪西,0.84,451400695.33,26.8019780179,7.8268,101568576.29,31.58,68.8654,19.592268258173,6.14,-0.200455859372,43.5390170869,医疗服务,2024-04-29,2023-03-31
688197,首药控股,-0.32,,-100.0,,-47087606.68,7.0559475201,13.8484,7.796136158227,-3.98,-0.285541875343,,化学制药,2024-04-29,2023-03-31
688168,安博通,-0.61,51878095.66,-1.6797494114,-74.9067,-46464855.1,-106.3475381214,-299.485,15.314849588917,-4.07,-0.304181823034,54.2152780517,软件开发,2024-04-29,2023-03-31
688152,麒麟信安,-0.03,34002434.09,21.4344622467,-78.3282,-1323328.77,74.5451886942,-102.3928,24.993967489924,-0.1,-0.12411365778,80.5175485306,软件开发,2024-04-29,2023-03-31
688147,微导纳米,-0.0024,75773813.87,-42.6514335496,-74.6965,-1089053.85,-141.75,-101.8971,4.317630354206,-0.06,-0.068860085617,47.2143199251,半导体,2024-04-29,2023-03-31
688137,近岸蛋白,0.16,43002533.69,-51.0460667872,-17.1815,11141255.79,-72.08,3474.3725,31.521058571361,0.51,0.338353608732,86.1306398758,生物制品,2024-04-29,2023-03-31
688103,国力电子,0.12,128989245.19,0.3178318728,-41.3041,11425685.92,-5.24,-57.8653,10.912070280952,1.1,0.1183660065,41.977822376,其他电子Ⅱ,2024-04-29,2023-03-31
688095,福昕软件,-0.1281,144424332.94,3.0092287718,-5.6287,-11342591.07,-327.42,-16.8801,40.046279487683,-0.43,-0.521481994841,94.8906374848,软件开发,2024-04-29,2023-03-31
688079,美迪凯,-0.01,94743858.55,-10.9090745042,5.2835,-5176573.18,-134.77,-138.9574,3.849364178406,-0.33,0.122753153766,30.9745755652,光学光电子,2024-04-29,2023-03-31
688032,禾迈股份,2.12,580338886.76,153.4774853779,-3.338,176315615.04,102.08,3.4482,117.735680185714,2.71,-1.650878505714,46.4068696023,光伏设备,2024-04-29,2023-03-31
605599,菜百股份,0.3,5052477354.07,45.6185791347,105.0521,234575368.69,30.57,126.3626,4.702406214114,6.64,1.09498695693,11.3785714477,饰品,2024-04-29,2023-03-31
605378,野马电池,0.08,191674867.43,-22.2555070491,-8.617,10912738.92,307.69,-56.6661,9.003004116694,0.91,-0.18308390543,17.0513682457,电池,2024-04-29,2023-03-31
605377,华旺科技,0.33,913966807.77,20.8660356082,-3.4824,107507241.87,-4.43,-21.349,11.184546544976,2.94,-0.64293631547,14.0790126169,造纸,2024-04-29,2023-03-31
605298,必得科技,,52671207.13,27.4223386532,-40.9569,833619.75,-89.02,-94.6331,6.937068960613,0.04,-0.209293914316,53.8402915848,轨交设备Ⅱ,2024-04-29,2023-03-31
605218,伟时电子,0.0515,287594342.4,-12.4399381552,-14.172,10967917.77,77.0,-43.6752,5.695279260836,0.91,-0.030543826098,18.2703896716,光学光电子,2024-04-29,2023-03-31
605178,时空科技,-0.46,40367837.27,-69.7338246274,85.6636,-45566024.82,-322.6683816052,48.2101,17.459464275034,-2.57,0.045531158893,21.6303219605,专业工程,2024-04-29,2023-03-31
605116,奥锐特,0.11,302135926.13,38.0668578214,26.3541,45877847.97,12.3,87.2514,4.266609509275,2.7,0.196602856534,45.560062884,化学制药,2024-04-29,2023-03-31
605099,共创草坪,0.23,558780694.26,-17.9721493452,7.8051,93679489.22,9.83,0.6467,5.9205675022,4.01,0.126264561349,32.3094527861,家居用品,2024-04-29,2023-03-31
603995,甬金股份,0.28,7486566454.2,-9.3801299826,-18.5439,93881154.95,-28.26,-31.1656,15.206409826636,2.02,0.117233600702,4.7631317264,特钢Ⅱ,2024-04-29,2023-03-31
603955,大千生态,0.0078,30709151.15,-51.7884674591,-51.4601,1055371.11,-65.17,-23.4581,11.942094523283,0.0651,-0.260726011494,14.7605357695,基础建设,2024-04-29,2023-03-31
603939,益丰药房,0.34,5266053201.98,26.9389067216,-19.464,336477177.44,23.6,-23.8758,12.489643796531,3.85,1.785835333604,39.6632489228,医药商业,2024-04-29,2023-03-31
603886,元祖股份,-0.04,447667887.73,2.752218585,-2.5969,-8809500.49,55.535181758,72.4293,6.715881478417,-0.54,0.008679238583,58.3741447583,休闲食品,2024-04-29,2023-03-31
603868,飞科电器,0.74,1373916955.57,22.725612669,50.4799,320243206.91,35.3,295.7364,8.605241404798,8.92,1.326799897773,56.0852635908,小家电,2024-04-29,2023-03-31
603855,华荣股份,0.25,610504964.68,-7.9594541254,-6.217,86035213.7,43.21,13.2835,5.582869440631,4.67,0.010691705213,57.0646631224,专用设备,2024-04-29,2023-03-31
603836,海程邦达,0.15,1412333847.62,-61.9476814,-26.9801,30297677.6,-62.87,-0.628,8.6667412975,1.72,0.901849682811,8.3945489,物流,2024-04-29,2023-03-31
603776,永安行,0.04,124718382.83,-26.551616646,-7.7691,10188595.11,-17.64,106.1996,13.443195662254,0.31,0.234473402623,9.2661244059,摩托车及其他,2024-04-29,2023-03-31
603757,大元泵业,0.36,361895945.29,40.0760271446,-28.7291,60242065.52,127.42,-33.8512,9.252396638929,3.83,0.710974070796,33.0118973934,通用设备,2024-04-29,2023-03-31
603709,中源家居,0.07,207324806.57,-3.7945850164,10.749,5900073.5,148.19,115.9801,7.199032034625,1.04,0.012410537625,27.4232056745,家居用品,2024-04-29,2023-03-31
603685,晨丰科技,0.02,249858793.64,-16.7686072721,-1.016,3898067.19,-27.95,107.0716,6.322591042998,0.36,0.239460071763,13.6700916715,光学光电子,2024-04-29,2023-03-31
603680,今创集团,0.03,785365411.24,-7.5850711897,-24.1916,27140816.72,32.39,-51.8195,6.200870678946,0.56,-0.061890878479,24.0606654667,轨交设备Ⅱ,2024-04-29,2023-03-31
603595,ST东尼,-0.33,334800789.94,-13.1748092152,-26.7466,-75922538.05,-510.77,-176.2208,7.772607608134,-4.12,0.549844306755,14.5044158554,消费电子,2024-04-29,2023-03-31
603519,立霸股份,0.91,272433345.5,-26.4646012116,-20.4749,242537518.86,555.11,286.6239,5.732990944067,17.26,0.028513254223,15.0851897717,家电零部件Ⅱ,2024-04-29,2023-03-31
603496,恒为科技,0.0549,165285804.18,9.4106963487,-46.2837,17523989.84,-20.06,-43.8967,5.689552026442,1.37,0.076240077775,38.9392904365,计算机设备,2024-04-29,2023-03-31
603341,龙旗科技,0.21,4185768482.77,,-34.5002,85255727.26,,-46.2424,,,,14.2353924999,消费电子,2024-04-29,2023-03-31
603331,百达精工,0.2,345907639.34,12.1909618656,11.9939,35111099.76,112.47,942.4307,5.94126541559,3.64,0.257338575841,24.5990941404,通用设备,2024-04-29,2023-03-31
603291,联合水务,0.0448,241355771.29,26.2862530736,-33.6463,17082569.33,71.5,-63.136,3.756984198411,1.24,0.111759848582,29.2105909642,环境治理,2024-04-29,2023-03-31
603273,天元智能,0.08,192551969.25,-19.505051158,-37.9545,12136257.98,158.5100995955,-59.1003,2.229429814788,3.45,0.164540585498,15.3287641591,工程机械,2024-04-29,2023-03-31
603255,鼎际得,0.14,193403505.14,-11.2536421606,-19.405,19013700.88,-48.87,-21.3275,11.434818802136,1.25,-0.120692203545,24.45727912,化学制品,2024-04-29,2023-03-31
603233,大参林,0.52,5946849853.43,27.1554813478,-7.5212,496753444.07,29.29,341.6105,6.873690483085,7.69,0.792607402987,38.1442893222,医药商业,2024-04-29,2023-03-31
603216,梦天家居,0.02,162589665.19,-27.1282802787,-63.7966,4870037.41,-76.84,-94.6519,7.947882302873,0.27,-0.348424531724,25.5750761781,家居用品,2024-04-29,2023-03-31
603213,镇洋发展,0.13,493931757.28,-20.1522077065,-14.0818,58646275.69,-43.55,-5.676,4.081593978335,3.35,0.267422980313,19.22250615,化学原料,2024-04-29,2023-03-31
603201,常润股份,0.24,601738494.94,-18.280692159,-6.248,27263434.13,-6.38,-39.3422,16.477966711523,2.1,0.863197510372,19.8940050864,汽车零部件,2024-04-29,2023-03-31
603176,汇通集团,-0.05,453084423.87,116.1686791916,-43.6477,-21916800.77,38.477048324,-217.7651,2.125541031222,-2.07,-0.194752975871,16.0890738965,基础建设,2024-04-29,2023-03-31
603137,恒尚节能,0.67,471374843.25,19.3307227111,-41.8088,65236047.99,7.7558167425,31.9183,6.333798811122,11.0,-1.596895545,17.974619807,装修装饰Ⅱ,2024-04-29,2023-03-31
603126,中材节能,0.0569,603219101.04,3.5380199412,-46.8513,34718826.95,8.48,7.5304,3.392007208174,1.69,-0.353386378034,26.7155607543,环保设备Ⅱ,2024-04-29,2023-03-31
603118,共进股份,0.1,2122971523.89,-13.5443850425,-26.8517,76428753.7,52.03,161.6928,6.601998786178,1.48,0.175541973734,11.682955887,通信设备,2024-04-29,2023-03-31
603069,海汽集团,-0.1,191566507.13,-0.3782858814,-23.1959,-31830611.43,-95.29,-123.1905,2.994036831614,-3.3,-0.034797698703,11.8440858477,铁路公路,2024-04-29,2023-03-31
603052,可川科技,0.19,136831081.44,-41.2933688066,-39.6465,18635063.66,-42.12,-33.1838,16.074280585174,1.7,0.775774033576,21.2759207291,消费电子,2024-04-29,2023-03-31
603002,宏昌电子,0.02,544280569.11,-38.6077935479,-14.4977,18454357.03,-66.92,-49.7465,2.736976774542,0.75,0.155573321569,8.4764406922,电子化学品Ⅱ,2024-04-29,2023-03-31
601615,明阳智能,-0.1,2749336696.77,-61.4189159894,-70.0622,-227290812.18,-116.07,-105.002,12.278792564641,-0.81,-0.762050748943,13.6273383598,风电设备,2024-04-29,2023-03-31
601368,绿城水务,0.0347,504575376.29,-0.9675804372,-11.6425,30643965.14,-61.27,2609.2892,5.303682579067,0.66,0.209048591614,35.2992675286,环境治理,2024-04-29,2023-03-31
601117,中国化学,0.18,42799388210.76,20.6319150224,13.0521,1110931540.85,13.69,-34.4686,8.846039584564,2.08,-0.985467603245,7.9234725712,专业工程,2024-04-29,2023-03-31
601113,华鼎股份,0.01,1787205766.5,13.9351627613,-7.36,4978963.5,107.08,-90.9052,3.543449672283,0.14,0.137120617126,18.449683257,化学纤维,2024-04-29,2023-03-31
600981,苏豪汇鸿,0.04,11001485070.08,26.0832863106,-14.3138,99325781.91,12919.74,132.2836,2.281914335239,1.96,0.135408930131,3.3947682962,贸易Ⅱ,2024-04-29,2023-03-31
600962,国投中鲁,0.0243,324352689.71,-2.9563623249,-40.7484,6378665.92,51.52,-91.4233,2.955634276687,0.79,0.857846947447,21.8755949591,农产品加工,2024-04-29,2023-03-31
600939,重庆建工,0.03,11006539370.57,-19.12,14.399,57958289.89,-36.0,145.8764,4.119728442711,0.65,-0.961296274193,5.0001658321,房屋建设Ⅱ,2024-04-29,2023-03-31
600917,重庆燃气,-0.03,2590529025.52,13.2361642212,3.9368,-50555947.25,-150.07,-313.3383,3.132523789301,-1.02,-0.107395654142,1.5293237061,燃气Ⅱ,2024-04-29,2023-03-31
600916,中国黄金,0.18,16139408860.54,12.3325414034,41.146,299991808.51,19.13,98.2029,4.296335241982,4.24,-0.730293296607,3.9869968753,饰品,2024-04-29,2023-03-31
600879,航天电子,0.067,4460822259.01,21.0463424031,-14.0207,182017261.56,9.33,71.9982,5.824244782942,1.156,-0.532863414984,18.3361211301,航天装备Ⅱ,2024-04-29,2023-03-31
600857,宁波中百,0.067,296827263.42,65.7713355362,10.487,15009577.37,85.21,404.5554,3.522326304335,1.91,0.012876402964,10.9417428459,一般零售,2024-04-29,2023-03-31
600765,中航重机,0.18,2340312740.05,13.3444771572,-17.9227,270580109.87,30.13,-5.4528,7.255371737447,2.57,-0.350445566499,31.7416946854,航空装备Ⅱ,2024-04-29,2023-03-31
600706,曲江文旅,0.04,326739250.51,65.1439696016,82.9405,9123481.61,118.0945663957,106.1365,3.806499347084,0.94,0.136147790566,27.2741450288,旅游及景区,2024-04-29,2023-03-31
600630,龙头股份,0.03,452985106.57,-25.7669951958,205.5913,12577674.86,167.8571497994,102.7372,1.670493090789,1.79,0.212377120566,33.8027880165,服装家纺,2024-04-29,2023-03-31
600597,光明乳业,0.14,7070923416.0,-2.4193442567,3.5308,187460488.0,13.05,2229.5465,5.907109814864,2.33,-0.100987343214,19.9619305706,饮料乳品,2024-04-29,2023-03-31
600595,中孚实业,0.05,4042567175.79,-15.3069038132,35.4491,199394565.65,-52.94,292.2409,3.076046247492,1.63,0.073120099656,14.3076826491,工业金属,2024-04-29,2023-03-31
600580,卧龙电驱,0.1978,3835948586.41,8.7725921188,27.2187,257611877.62,30.05,1521.2204,7.043642846683,2.82,-0.009679436213,24.5756505371,电机Ⅱ,2024-04-29,2023-03-31
600558,大西洋,0.0296,891509183.37,-0.5158252157,8.8516,26557544.97,37.44,34.4632,2.457158963063,1.21,-0.067254176844,13.8029503347,通用设备,2024-04-29,2023-03-31
600512,腾达建设,0.08,817344877.34,-41.5658252846,-44.2113,131210797.29,175.9137683704,-31.5425,3.883028051832,2.14,0.003580209945,12.6943260668,基础建设,2024-04-29,2023-03-31
600386,北巴传媒,-0.01,1055353909.19,16.5360861653,23.1157,-7132558.65,-199.33,-114.1227,2.269444516716,-0.39,-0.018535890861,16.0868542203,汽车服务,2024-04-29,2023-03-31
600377,宁沪高速,0.2436,3629503688.1,32.9481857692,-3.7473,1227071673.5,46.13,99.4984,6.570484092948,3.77,0.322221232336,46.2404211973,铁路公路,2024-04-29,2023-03-31
600348,华阳股份,0.48,8379217465.19,-9.2678774241,-3.4536,1726969796.75,32.58,-16.4305,11.397786920495,6.54,0.437498804212,42.6391883635,煤炭开采,2024-04-29,2023-03-31
600337,ST美克,-0.033,1116726929.07,11.2221241431,-3.6841,-49027837.31,50.13,22.2382,2.745591709056,-1.19,-0.009323116632,46.8003387108,家居用品,2024-04-29,2023-03-31
600259,中稀有色,0.02,6199389773.67,27.3789934925,38.0805,5659625.5,-93.05,-71.5489,10.243977575075,0.16,-1.484838655214,3.571457884,小金属,2024-04-29,2023-03-31
600258,首旅酒店,0.0721,1655538473.32,36.5713510921,32.2769,80468829.87,134.6286720909,130.7373,9.442287546445,0.76,0.805239411704,30.6598746921,酒店餐饮,2024-04-29,2023-03-31
600234,科新发展,-0.02,11463696.2,-68.5382425447,-54.4893,-5021747.04,-74.1,73.044,2.264832727784,-0.84,0.027992168077,15.3799876518,装修装饰Ⅱ,2024-04-29,2023-03-31
600230,沧州大化,0.17,1149405539.12,19.7750026119,-20.6723,71708749.1,-26.6,-68.5918,9.601120771405,1.79,0.102285817922,17.119442526,化学制品,2024-04-29,2023-03-31
600113,浙江东日,0.06,165427286.23,-56.0777483686,-7.7489,26179042.42,-42.75,-36.2881,5.328507400339,1.2,0.034888737912,36.5878960354,一般零售,2024-04-29,2023-03-31
600103,青山纸业,0.027,703345414.21,-9.9032814704,11.0079,59623095.68,-7.39,87.908,1.701791584546,1.53,-0.036073299316,23.4607042239,造纸,2024-04-29,2023-03-31
600067,冠城新材,-0.01,1947619303.31,-24.4569264442,-7.2256,-11180332.1,-140.89,-126.4773,5.042989122385,-0.16,-0.026425575785,16.3121015149,电网设备,2024-04-29,2023-03-31
600031,三一重工,0.1791,18001514000.0,-11.2265846522,-16.9034,1516306000.0,-4.92,123.6615,7.827827439062,2.3,-0.187573188892,27.6232682914,工程机械,2024-04-29,2023-03-31
600028,中国石化,0.168,791331000000.0,2.5856056501,-8.5004,20102000000.0,-11.83,108.4837,6.73052478815,2.52,-0.153441315807,15.8374940448,炼化及贸易,2024-04-29,2023-03-31
430719,九鼎集团,0.12,2486193928.78,1121.1742878534,45.3455,1746530191.33,471.03,1055.6887,1.56797578016,7.52,-0.008223522202,15.9590048089,,2024-04-29,2023-03-31
430075,ST中讯科,0.04,129310410.66,201.7343626988,-14.565,7464488.25,163.8,242.0821,3.377416493565,1.1,-0.147477653885,20.45,,2024-04-29,2023-03-31
400279,中程3,-0.06,111224655.27,-17.1804906443,-70.9262,-47596479.44,18.28,-1.2811,0.990579482825,-4.5,-0.100499257974,26.5800748298,,2024-04-29,2023-03-31
400274,人人乐3,-0.2241,955338403.85,-20.9864901065,2.7369,-98585628.35,-30.7,-8.6633,0.027416707318,-160.68,0.535354309568,26.0769492628,,2024-04-29,2023-03-31
400269,R吉药1,-0.0304,71621163.94,-39.3121665514,-35.0643,-20231788.56,61.2,-163.3488,0.085024101661,-30.31,-0.010381715869,19.80471901,,2024-04-29,2023-03-31
400252,R美尚1,-0.1306,17306840.08,299.5973382937,-70.2545,-88069096.76,-121.31,91.5726,0.894694785169,-14.6,-0.002035276431,31.7366895089,,2024-04-29,2023-03-31
400232,左江5,-0.2963,14430939.93,92.5311842347,-33.4429,-30218120.16,-15.7,57.4495,6.050822123065,-4.81,-0.623698814325,84.887773211,,2024-04-29,2023-03-31
400231,保力新3,-0.0021,36378001.16,9.7966369109,21.0504,-9105853.5,54.87,90.0,0.06519103796,-3.07,-0.005920314305,-2.8076862869,,2024-04-29,2023-03-31
400110,天翔5,-0.0007,31780128.88,-28.6847594256,65.9443,-1107131.25,90.57,-103.6521,0.193926582887,-0.37,-0.002767997067,28.3091876813,,2024-04-29,2023-03-31
400098,航通5,-0.07,376138750.43,-7.2069390544,-62.1909,-34928488.45,18.3160597235,-185.5544,-1.512388986946,,-0.4061875939,27.0237345378,,2024-04-29,2023-03-31
400082,华锐5,0.0014,447219971.03,141.6913860567,-54.3913,8389529.99,307.02,-35.0776,0.281101504349,0.5,-0.030401921565,25.8362738394,,2024-04-29,2023-03-31
400080,R华业1,-0.15,762136.07,-94.613645166,-98.3984,-212323639.04,49.086675358,62.8268,-8.405339479072,,0.000155608931,-201.5824628271,,2024-04-29,2023-03-31
400027,生态5,-0.0049,370273.08,54.9717272179,-60.3154,-2204783.62,30.64,29.407,0.182956654049,-2.67,0.000610390228,-247.0645178958,,2024-04-29,2023-03-31
301591,肯特股份,0.3,98030230.7,,9.8525,19179154.96,,16.8254,,4.75,,39.8477654506,塑料,2024-04-29,2023-03-31
301568,思泰克,0.4125,97382660.57,-10.3524855655,10.4307,31940623.93,-8.0493428276,52.7322,,8.15,,51.2130734857,自动化设备,2024-04-29,2023-03-31
301566,达利凯普,0.16,134756715.3,-16.4568850355,95.6962,55949641.37,-10.8833809262,404.4733,,7.84,,63.3360208061,元件,2024-04-29,2023-03-31
301528,多浦乐,-0.041,16491428.24,31.0580550412,-80.8501,-1903844.09,45.0248595189,-104.7331,,-0.51,,69.6019508617,通用设备,2024-04-29,2023-03-31
301502,华阳智能,0.3162,107529055.76,,12.2497,13538512.4,,-14.6183,,3.26,,22.3565048629,电机Ⅱ,2024-04-29,2023-03-31
301500,飞南资源,0.1288,1916132495.24,-13.5206410855,-16.8999,46366781.68,-49.6963544087,481.0005,,1.39,,7.011760821,环境治理,2024-04-29,2023-03-31
301421,波长光电,0.12,71726861.7,1.6077789378,-21.5335,10313803.52,12.0383627357,-27.8262,,2.77,,36.5930514983,光学光电子,2024-04-29,2023-03-31
301408,华人健康,0.0819,845614829.78,24.9100837333,-17.5072,29483336.47,90.94,-68.1127,4.645756052549,2.35,0.513049296668,32.5138534469,医药商业,2024-04-29,2023-03-31
301397,溯联股份,0.41,221375933.06,19.9502576162,-22.5343,30585912.68,6.3,-42.3127,8.677163631614,4.81,-0.722784810476,31.5127488276,汽车零部件,2024-04-29,2023-03-31
301380,挖金客,0.2,162447044.94,11.2137341901,-15.279,13691559.32,-3.73,330.2791,13.414982514265,1.51,0.300244056471,20.1159410145,通信服务,2024-04-29,2023-03-31
301379,天山电子,0.2601,295628668.83,10.4842723029,0.4462,26362374.89,18.39,7.3573,12.6006627537,2.09,0.065236065423,19.4751513031,光学光电子,2024-04-29,2023-03-31
301356,天振股份,0.22,177276372.69,-80.2803947359,-57.921,47692510.88,-43.84,2672.5788,28.960435164917,1.38,0.982435218167,21.6797473215,家居用品,2024-04-29,2023-03-31
301332,德尔玛,0.06,665279102.62,6.1576250834,-33.791,23234046.68,15.68,-74.8251,3.983233464617,1.59,0.164203131401,29.4967896793,小家电,2024-04-29,2023-03-31
301310,鑫宏业,0.492,421252014.28,14.9179792036,-16.7234,35820253.73,25.57,-22.507,9.182607823805,5.5,-0.494033096689,14.2093647249,汽车零部件,2024-04-29,2023-03-31
301307,美利信,0.35,823019302.32,26.61,-10.1393,55648108.99,52.04,-44.0719,10.187564548414,3.53,1.131593817386,18.5579381625,通信设备,2024-04-29,2023-03-31
301280,珠城科技,0.35,274885882.79,0.7920955168,3.0048,34680175.72,20.8,22.0623,25.925452467551,2.08,0.865299465558,25.1365085208,家电零部件Ⅱ,2024-04-29,2023-03-31
301269,华大九天,0.0389,159783958.07,64.7144500009,-49.3184,21146215.92,101.71,-70.8993,8.605695111782,0.45,0.255451139375,97.0149926203,软件开发,2024-04-29,2023-03-31
301257,普蕊斯,0.42,157152422.97,30.0182466738,-15.045,25325308.14,159.52,-25.9406,16.088647673309,2.62,0.289638089381,24.5834795353,医疗服务,2024-04-29,2023-03-31
301255,通力科技,0.26,96009843.02,1.7832173304,-22.9571,17388476.17,-13.7,-27.6192,15.391612761176,1.68,-0.204846487647,28.9739675589,通用设备,2024-04-29,2023-03-31
301237,和顺科技,0.03,65722050.61,-60.6551062426,-26.7021,2417304.05,-91.77,-63.7349,18.777901540375,0.16,-0.307779035375,7.1653059153,塑料,2024-04-29,2023-03-31
301228,实朴检测,-0.1692,70592312.87,28.6508298828,-49.8875,-20304754.46,-40.51,-265.0797,7.409450749917,-2.26,-0.257998219167,13.3605500324,专业服务,2024-04-29,2023-03-31
301225,恒勃股份,0.37,174577121.96,8.8738045849,-12.2185,28530125.28,0.69,10.0792,6.756734740258,5.6,0.446115818968,33.8101362236,汽车零部件,2024-04-29,2023-03-31
301211,亨迪药业,0.14,193286953.47,50.7153017336,14.1987,39922932.84,42.76,-15.3686,9.653112823458,1.74,-0.065631493417,32.220081067,化学制药,2024-04-29,2023-03-31
301192,泰祥股份,0.1067,28523891.73,-23.4556118028,-27.899,10660426.29,-20.95,27.4086,5.813651886987,1.85,0.047382685986,56.0532002132,汽车零部件,2024-04-29,2023-03-31
301189,奥尼电子,-0.02,121409531.07,-9.9661378756,-21.7402,-2295169.32,-117.7,-120.2037,20.051869213209,-0.1,-0.019624591061,21.8799579538,消费电子,2024-04-29,2023-03-31
301188,力诺药包,0.1,224358717.13,18.991000444,-11.2583,22922691.84,-26.78,-23.6833,6.256871496967,1.59,0.00092510602,19.7381791162,医疗器械,2024-04-29,2023-03-31
301186,超达装备,0.22,138985121.09,34.3829601814,-9.934,15915878.89,92.45,-35.6562,15.999470285541,1.38,-0.175514539254,30.9881729226,汽车零部件,2024-04-29,2023-03-31
301182,凯旺科技,-0.069,100637197.54,-3.8006043422,-25.305,-6608229.51,-171.78,-4466.0248,10.10709452744,-0.67,0.14714489912,6.9480074971,计算机设备,2024-04-29,2023-03-31
301178,天亿马,-0.05,49204713.64,8.9826288313,-76.219,-3354585.69,-441.07,-109.9937,12.67673744739,-0.4,-0.451195467639,12.900723834,IT服务Ⅱ,2024-04-29,2023-03-31
301175,中科环保,0.0411,311337690.99,1.7360030668,-34.9277,60519383.38,24.17,60.9919,2.224500939411,1.87,0.024285169185,40.7926651689,环境治理,2024-04-29,2023-03-31
301169,零点有数,-0.16,45798178.16,44.4801996127,-74.0623,-11252648.13,6.31,-263.1812,8.894496028324,-1.74,-0.563072784392,29.424217734,专业服务,2024-04-29,2023-03-31
301159,三维天地,-0.41,18602293.32,76.7090296501,-89.8946,-31462105.48,-34.05,-247.3817,10.488155472398,-3.8,-0.489987676406,43.6250601493,软件开发,2024-04-29,2023-03-31
301139,*ST元道,0.18,439108315.94,5.3170762534,-42.3325,21416920.68,7.93,-59.7797,15.369797117472,1.15,-1.588331905284,11.0716909986,通信服务,2024-04-29,2023-03-31
301135,瑞德智能,0.07,226011631.87,-19.2105991523,-20.4313,7188325.1,-23.83,-39.4163,12.544712591957,0.56,-0.190081058015,19.5056894971,家电零部件Ⅱ,2024-04-29,2023-03-31
301131,聚赛龙,0.1387,289529834.25,-15.5266352329,-22.4792,6627760.9,-49.28,-47.2524,16.422045649853,0.85,0.281847852658,9.5893185902,塑料,2024-04-29,2023-03-31
301127,武汉天源,0.06,263399247.83,132.1211987852,-42.3388,25308147.81,32.22,-71.7954,5.094613028428,1.2,-0.10094164089,25.7458718006,环境治理,2024-04-29,2023-03-31
301123,奕东电子,0.09,344851068.99,-15.3735024115,-17.8974,20918784.17,-47.96,-55.3237,13.261277849101,0.01,-0.126590888656,19.2591979705,消费电子,2024-04-29,2023-03-31
301119,正强股份,0.19,89801874.55,0.9143005955,-25.2377,20152360.18,26.37,-19.2224,11.124058566875,2.26,0.230376479875,31.9207664246,汽车零部件,2024-04-29,2023-03-31
301087,可孚医疗,0.65,855367818.78,42.3824159769,-22.1767,134514033.42,167.93,0.2344,24.089465921938,2.69,0.738762910486,51.1660946684,医疗器械,2024-04-29,2023-03-31
301067,显盈科技,0.0097,122049664.0,-7.6094689862,-21.4179,524708.56,-95.17,-91.8648,15.74391442077,0.06,0.285487420215,22.616269595,消费电子,2024-04-29,2023-03-31
301061,匠心家居,0.6,427964511.87,-7.430656921,21.0412,76594613.98,8.69,-0.8127,21.636514412188,2.8,0.656146674063,30.0191350046,家居用品,2024-04-29,2023-03-31
301057,汇隆新材,0.09,158442995.7,39.7235375757,-19.9563,9450799.87,-23.82,28.3923,5.711417840589,1.51,-0.087481888006,16.0814842824,化学纤维,2024-04-29,2023-03-31
301055,张小泉,0.05,191400109.5,-8.3770330165,12.4041,8474420.24,-31.97,1730.8534,4.451961519038,1.23,0.049214395833,36.114292338,家居用品,2024-04-29,2023-03-31
301053,远信工业,0.11,104954880.55,-9.624361804,3.8725,9162977.91,-13.69,19.6176,7.172881660744,1.57,-0.154302698021,25.9684243907,专用设备,2024-04-29,2023-03-31
301047,义翘神州,0.6478,157085973.09,-10.6684997701,8.8482,83695323.17,-26.74,207.3299,49.935223990402,1.31,0.257237480495,85.9567309887,生物制品,2024-04-29,2023-03-31
301043,绿岛风,0.27,112494621.09,19.4715923246,8.0815,18050502.66,376.38,211.9357,11.678793037794,2.3,0.481969283824,36.0042770913,通用设备,2024-04-29,2023-03-31
301038,深水规院,-0.0779,99755077.05,-2.6256862633,-66.5804,-13361648.04,72.5,-3984.8978,4.994979455012,-1.55,-0.092797313811,-18.967051071,工程咨询服务Ⅱ,2024-04-29,2023-03-31
301029,怡合达,0.28,703557294.31,44.3607827072,3.2232,161066699.64,59.49,80.7768,5.870886080108,5.86,-0.171060481716,41.6805867485,自动化设备,2024-04-29,2023-03-31
301024,霍普股份,-0.1048,42223747.31,2.0758353029,25.5716,-6665804.24,64.77,92.9008,9.826438145632,-1.07,-0.187223728395,14.6724862304,工程咨询服务Ⅱ,2024-04-29,2023-03-31
301021,英诺激光,-0.0327,57821862.92,-28.17044498,-26.4492,-4957020.0,-139.99,-1370.4102,6.499827851529,-0.5,0.042129229255,50.4044254512,自动化设备,2024-04-29,2023-03-31
301018,申菱环境,0.17,462796189.76,6.4039930869,-30.3815,41366978.91,12.84,39.7006,10.129611581226,2.57,-0.134073328236,28.9844346881,通用设备,2024-04-29,2023-03-31
301008,宏昌科技,0.12,148277327.05,-14.6813755482,-42.6987,9606929.96,-11.06,-56.7691,12.955440517375,0.93,-0.151701016,17.7071132602,家电零部件Ⅱ,2024-04-29,2023-03-31
301007,德迈仕,0.05,134546290.71,-4.5243437608,-10.1931,7898072.75,-28.0,-20.216,4.105344462828,1.26,0.262029087779,19.3975373846,汽车零部件,2024-04-29,2023-03-31
301006,迈拓股份,0.2961,99717384.06,32.3983001747,17.4548,41235952.49,33.54,227.6861,8.6417301306,3.08,0.04021941815,55.8389610045,通用设备,2024-04-29,2023-03-31
300998,宁波方正,0.0426,198491643.71,61.5617283171,-32.2052,4536636.94,-11.66,-47.6693,12.678168148026,0.81,0.134928393327,15.3917314497,汽车零部件,2024-04-29,2023-03-31
300995,奇德新材,0.0375,60173772.76,-14.3958911801,-1.0302,3159621.95,-56.41,265.3197,7.591029333769,0.5,-0.09900484173,22.1820047303,塑料,2024-04-29,2023-03-31
300992,泰福泵业,0.1126,137756554.83,6.10044267,-8.2672,10226478.49,-1.51,244.0071,8.203992114097,1.28,0.464025309031,22.8700417115,通用设备,2024-04-29,2023-03-31
300973,立高食品,0.2945,794489810.22,26.1914494336,-7.5386,49864999.72,24.6,15.1748,12.927455885024,2.19,-0.113552852781,32.0268065187,休闲食品,2024-04-29,2023-03-31
300961,深水海纳,-0.0388,102013935.18,-3.5546222171,-13.6945,-6879262.22,-211.76,63.7521,5.824267297213,-0.66,-0.209970454704,32.0840766629,环境治理,2024-04-29,2023-03-31
300955,嘉亨家化,0.05,215059414.62,-14.8044735885,-25.485,5440914.56,-67.48,-74.54,9.863520544742,0.55,0.178483558333,22.9648076311,化妆品,2024-04-29,2023-03-31
300940,南极光,-0.1596,94259852.85,-53.728016706,15.9248,-30240815.4,-357.4,-9.5438,4.155015933105,-3.77,-0.072104799526,-7.7657247266,光学光电子,2024-04-29,2023-03-31
300926,博俊科技,0.222,412907068.53,82.9127760055,-25.3925,34437937.07,95.75,-48.8078,8.452709365464,2.67,0.464344476593,20.9336913237,汽车零部件,2024-04-29,2023-03-31
300925,法本信息,0.08,882225559.69,3.2432045421,-5.8678,28655809.44,8.91,20.2749,3.640574844858,1.91,-0.491367278744,23.2569287124,软件开发,2024-04-29,2023-03-31
300913,兆龙互连,0.0609,327940169.9,-13.5272172199,-6.6396,15732574.91,-25.14,-46.9226,5.403689273524,1.6,0.006987358531,14.3059376423,通信设备,2024-04-29,2023-03-31
300911,亿田智能,0.3773,228414228.25,-7.3983231869,-27.1253,40695378.12,-8.67,-16.5587,12.891390285312,2.98,0.300027965552,49.4860338325,厨卫电器,2024-04-29,2023-03-31
300892,品渥食品,-0.22,272974195.2,-10.8752702626,-25.0073,-21725954.36,-393.2,-329.4164,11.2508222682,-1.91,0.2798642492,10.5630841439,饮料乳品,2024-04-29,2023-03-31
300891,惠云钛业,0.0012,472538473.85,15.0902481176,23.572,465789.62,-98.4,102.0286,3.1930141505,0.03,-0.015531186375,5.5050813573,化学原料,2024-04-29,2023-03-31
300878,维康药业,0.19,195738788.54,6.504770831,236.9437,27526041.93,20.1,161.0054,9.847648974563,1.91,0.093145818683,45.7465433233,中药Ⅱ,2024-04-29,2023-03-31
300869,康泰医学,0.4232,368699882.77,101.2124347697,47.5205,170052052.02,131.97,673.0984,5.147697008123,8.45,0.252654341207,64.1176863751,医疗器械,2024-04-29,2023-03-31
300864,南大环境,0.3,164632170.05,10.5835881095,-22.2102,46324642.29,27.98,60.7316,7.876052636223,3.88,-0.413064077206,37.1021029009,环境治理,2024-04-29,2023-03-31
300859,西域旅游,-0.08,11327593.53,121.541144707,91.6479,-12992232.79,26.04,26.3322,3.863884079226,-2.15,-0.033751713097,-47.1243880341,旅游及景区,2024-04-29,2023-03-31
300857,协创数据,0.22,805412873.23,17.5473700454,-14.5726,45907617.01,55.31,203.8733,8.935514496931,3.17,-0.502047363734,13.1018822789,消费电子,2024-04-29,2023-03-31
300854,中兰环保,0.01,67858833.09,6.16586055,-69.9978,637590.58,107.41,-95.0301,9.716104079258,0.07,-0.619113482653,21.7091865704,环境治理,2024-04-29,2023-03-31
300839,博汇股份,0.22,415606727.24,-4.9189015732,-49.656,53874639.87,164.93,-20.3044,5.827381513737,5.24,0.011464912333,23.5577332807,炼化及贸易,2024-04-29,2023-03-31
300819,聚杰微纤,0.05,158103968.12,11.6160320297,36.1613,7780760.14,4.49,176.2974,5.497890664254,0.95,-0.098848254549,21.1837176753,纺织制造,2024-04-29,2023-03-31
300808,久量股份,-0.0338,114357545.4,-15.1241723755,11.4713,-5413504.03,-57.3,60.0182,6.548905812125,-0.52,0.04362387875,15.3493721456,光学光电子,2024-04-29,2023-03-31
300793,佳禾智能,0.1,478530821.7,5.8265384705,25.502,32171443.19,65.22,71.7223,7.296933266349,1.31,0.437139112967,17.5200677528,消费电子,2024-04-29,2023-03-31
300788,中信出版,0.22,426742009.99,3.6949279484,-9.9418,42033175.35,2.57,432.3039,11.063448890691,2.02,-0.036599525121,35.7294206548,出版,2024-04-29,2023-03-31
300782,卓胜微,0.2182,711657368.03,-46.4964749193,7.667,116455357.77,-74.64,38.2504,16.455835059224,1.33,0.988162731933,48.8319583442,半导体,2024-04-29,2023-03-31
300781,因赛集团,0.106,77035017.08,-36.0492263574,-28.5521,11644864.08,-5.95,5708.6154,6.213706125406,1.73,0.286297310447,57.2532940367,广告营销,2024-04-29,2023-03-31
300771,智莱科技,-0.04,73575179.49,-76.3428085685,-50.5548,-8970544.77,-121.73,-754.0184,8.350907514833,-0.45,0.236009842708,21.2250134329,计算机设备,2024-04-29,2023-03-31
300763,锦浪科技,0.85,1654306172.4,50.0895134125,-3.9846,324128022.12,97.27,-9.0724,18.841453152738,6.03,0.293958082822,36.6862624456,光伏设备,2024-04-29,2023-03-31
300732,设研院,0.13,443629812.44,23.6166397708,-55.5236,41574602.31,-9.05,-69.0113,8.812324998843,1.44,-0.635404495264,34.78548511,工程咨询服务Ⅱ,2024-04-29,2023-03-31
300731,科创新源,-0.04,85903196.12,-22.3151530274,-41.5892,-5600656.92,49.83,-217.1409,4.815595908684,-0.92,0.007096178506,30.2792921507,橡胶,2024-04-29,2023-03-31
300729,乐歌股份,1.27,796407152.78,4.2923200229,-11.1301,397053546.3,2081.97,557.3959,11.76867810989,14.98,0.760729138974,37.1593299604,家居用品,2024-04-29,2023-03-31
300720,海川智能,0.0267,41345474.14,-2.4383359342,-24.4101,5207172.26,-35.28,-8.9934,3.025489629021,0.89,-0.005356762874,51.512407931,通用设备,2024-04-29,2023-03-31
300719,安达维尔,0.0025,100003998.13,63.1663906051,-33.2266,640088.76,105.11,101.802,3.812951096934,0.07,-0.038978487091,44.7890935438,航空装备Ⅱ,2024-04-29,2023-03-31
300707,威唐工业,-0.0241,157620470.34,-28.9956706804,-33.1983,-3782416.87,-123.32,-134.8146,4.92645289298,-0.46,0.09500261923,18.5791470656,汽车零部件,2024-04-29,2023-03-31
300706,阿石创,-0.02,208537993.88,17.3752008952,5.7362,-3040586.78,-151.32,-44.8804,4.832209342485,-0.16,-0.438801682071,10.4182764664,半导体,2024-04-29,2023-03-31
300701,森霸传感,0.03,59484234.95,16.5093489909,-23.7778,7808822.46,-12.28,-34.1096,2.831669107074,1.03,-0.004323746704,41.1347314302,光学光电子,2024-04-29,2023-03-31
300699,光威复材,0.2067,556773222.09,-5.7731102932,-2.459,171451603.64,-17.37,-6.8021,9.767483835246,3.4,-0.174332173146,45.0514716132,航空装备Ⅱ,2024-04-29,2023-03-31
300698,万马科技,0.0157,88685067.01,50.1970669217,-44.4429,2102242.32,121.76,-88.5766,3.07070904806,0.51,-0.402958987985,35.5730461549,通信设备,2024-04-29,2023-03-31
300674,宇信科技,0.06,792954602.04,95.0036847072,-51.8006,41862915.16,2520.69,-70.1883,5.451772660075,1.09,-0.618057765116,21.9992593096,IT服务Ⅱ,2024-04-29,2023-03-31
300667,必创科技,0.07,208651064.63,30.1884049454,1.5404,14343586.64,38.02,189.8214,6.209732112882,1.16,-0.014769679557,32.3288655918,通用设备,2024-04-29,2023-03-31
300660,江苏雷利,0.228,704351712.82,-2.2533699073,0.132,71715114.33,3.41,58.094,11.701518837294,2.37,0.1334373347,32.9080095471,电机Ⅱ,2024-04-29,2023-03-31
300658,延江股份,0.0251,314065647.82,-3.2848276551,-2.6722,6951161.83,11.65,-20.6209,4.939506851702,0.51,0.301040196399,17.2055353889,个护用品,2024-04-29,2023-03-31
300655,晶瑞电材,0.02,295284439.98,-34.4553050824,-27.6475,17927652.35,-43.92,-66.9516,3.217980430041,0.92,0.108592780148,24.5545401359,电子化学品Ⅱ,2024-04-29,2023-03-31
300653,正海生物,0.3,109080515.27,-7.3485576392,18.6371,53398823.33,-2.95,77.5005,5.102814527667,5.99,0.285625867833,89.7833197502,医疗器械,2024-04-29,2023-03-31
300652,雷迪克,0.16,127983821.87,-14.9525738765,-10.0315,16784349.14,-19.75,16.7434,12.298572314731,1.34,0.38369791496,26.1731094685,汽车零部件,2024-04-29,2023-03-31
300640,德艺文创,0.0226,178363906.21,-20.0776696793,3.9021,7048567.54,-14.71,2.8594,2.672795738149,0.85,0.06965668588,18.6493833909,家居用品,2024-04-29,2023-03-31
300638,广和通,0.1853,1812738114.79,53.8461926894,-5.8798,140434073.8,34.28,78.3528,4.050457807411,5.62,-0.182746909363,20.8817354008,通信设备,2024-04-29,2023-03-31
300637,扬帆新材,-0.0641,158164544.68,-31.541707979,-20.4733,-15037349.28,-229.47,-175.323,3.196997394506,-2.01,-0.028651222046,11.505229909,化学制品,2024-04-29,2023-03-31
300631,久吾高科,0.042,136024050.34,29.8061418019,-42.1917,5155582.34,13.91,-78.8384,9.863118724296,0.43,-0.510381188099,22.7705908643,环保设备Ⅱ,2024-04-29,2023-03-31
300626,华瑞股份,0.0,134227939.48,-30.4201523765,-25.0332,109810.56,-98.29,-98.4685,3.404135003944,0.02,0.044053132889,15.4500452367,电机Ⅱ,2024-04-29,2023-03-31
300619,金银河,0.2401,475773390.37,76.3888628064,-11.0146,21287600.31,332.76,8.7335,10.636993139397,2.21,0.617598861524,21.8124711786,电池,2024-04-29,2023-03-31
300615,欣天科技,0.125,194080020.14,139.4080518161,-6.2297,23735950.81,282.39,294.4928,3.014271286547,4.24,0.117810361195,28.4658049861,通信设备,2024-04-29,2023-03-31
300611,美力科技,0.04,234101936.9,-7.1858014647,-28.1125,8959861.73,395.9,129.469,4.706394231748,0.9,-0.064365460935,19.7647649322,汽车零部件,2024-04-29,2023-03-31
300606,金太阳,0.0029,64584982.45,-34.8589427321,-39.799,405145.87,-94.69,-90.2611,4.282683994428,0.07,0.110395897771,26.2476608601,通用设备,2024-04-29,2023-03-31
300591,万里马,-0.0219,85214395.31,-30.0413898525,13.7549,-8889388.46,-638.76,95.5787,1.348270998349,-1.61,-0.073397855095,20.9797071081,服装家纺,2024-04-29,2023-03-31
300586,美联新材,0.0787,523886363.84,-14.1611953874,-15.6382,53672392.42,-40.97,-19.7217,3.28584954653,3.28,0.104564061921,27.8621019738,塑料,2024-04-29,2023-03-31
300583,赛托生物,0.09,334785915.82,31.9889864491,-11.7031,15355110.28,20.53,2179.476,16.218646956011,0.89,0.100110862522,26.5789125334,化学制药,2024-04-29,2023-03-31
300578,会畅科技,-0.009,133934452.42,-18.046178151,-14.0877,-1688265.66,-112.84,95.3304,8.236248783253,-0.1,0.003487498112,37.2660556923,通信服务,2024-04-29,2023-03-31
300577,开润股份,0.15,740246725.43,21.002440519,27.3323,35011775.71,-24.72,252.6075,7.107792815711,2.0,0.466426041111,21.753898985,服装家纺,2024-04-29,2023-03-31
300570,太辰光,0.13,189984560.08,5.3967755716,-17.3738,28653174.43,21.73,-3.2427,5.819732850892,2.16,0.015218237123,32.0661560099,通信设备,2024-04-29,2023-03-31
300569,天能重工,0.0667,508471032.53,16.8329523257,-67.6734,53987106.56,104.36,-22.4324,4.851037901201,1.34,-0.384667464177,30.2148384,风电设备,2024-04-29,2023-03-31
300542,新晨科技,-0.02,163024040.5,-37.3933266471,-74.1983,-6343665.22,9.05,-114.9268,2.074869681272,-1.01,-0.53206483211,26.2931263994,软件开发,2024-04-29,2023-03-31
300539,横河精密,0.04,183291841.71,11.8597094554,-0.307,9152857.8,81.94,-12.1527,2.363416057768,1.74,0.050324460813,19.4075609957,塑料,2024-04-29,2023-03-31
300538,同益股份,0.0286,540400048.88,6.5182064649,-47.6716,5201405.72,204.7370638748,13.3613,5.705872942946,0.5,0.294904092943,7.0124998542,塑料,2024-04-29,2023-03-31
300528,幸福蓝海,0.0313,273488901.7,27.0013454691,168.1079,11670829.32,107.62,102.1756,0.591829453075,1.55,0.241425250083,21.4570399183,影视院线,2024-04-29,2023-03-31
300521,爱司凯,-0.0324,25018549.21,-4.3243640035,-13.3718,-4664061.35,-91.62,38.9854,3.460010512778,-0.93,-0.021485754306,44.2611802829,专用设备,2024-04-29,2023-03-31
300514,友讯达,0.1086,189190327.24,-18.098553864,-8.9533,21719985.35,468.02,21.7293,3.71767380075,2.96,0.4462535282,33.5703166417,电网设备,2024-04-29,2023-03-31
300512,中亚股份,0.0786,233156275.36,7.9964291332,-7.5429,31840174.23,4.36,438.4124,3.953892482564,1.98,-0.024573853468,38.7956617896,专用设备,2024-04-29,2023-03-31
300503,昊志机电,-0.04,202116869.94,-11.5538849407,-12.989,-12247282.82,-163.23,-11.3015,4.21745138167,-0.94,0.204785970128,32.4943803056,通用设备,2024-04-29,2023-03-31
300498,温氏股份,-0.4211,19974375125.69,36.9034869982,-28.2821,-2749104585.54,26.95,-159.7181,5.363519218879,-7.28,-0.082045463167,-7.0746240868,养殖业,2024-04-29,2023-03-31
300497,富祥股份,-0.056,397918173.64,-1.0974216929,-4.1282,-30146940.29,-207.86,83.9107,4.822773283425,-1.13,-0.172419802423,10.4832512344,化学制药,2024-04-29,2023-03-31
300494,盛天网络,0.1503,429377709.64,34.5,-9.653,73511327.43,40.03,129.3868,5.98269005176,4.66,-0.0340354665,27.284976693,游戏Ⅱ,2024-04-29,2023-03-31
300493,润欣科技,0.02,413764616.35,-2.3029222077,-23.1757,7956484.37,-38.97,19.094,2.014951519367,0.78,0.039691529676,10.0869865935,其他电子Ⅱ,2024-04-29,2023-03-31
300483,首华燃气,0.038,370364214.51,-25.5782509509,-31.5657,10176958.76,-76.13,117.7975,10.396656311659,0.34,0.275330367984,21.0765925059,燃气Ⅱ,2024-04-29,2023-03-31
300469,信息发展,-0.0888,35693912.79,49.989006074,-74.4739,-18225071.29,37.64,79.3348,0.33701101691,-21.15,-0.490996392353,40.6178612731,软件开发,2024-04-29,2023-03-31
300468,四方精创,0.0276,160005416.67,5.0161273882,-10.5588,14631396.05,59.74,198.8286,3.029595936431,0.91,-0.006446727756,32.2427615913,软件开发,2024-04-29,2023-03-31
300466,赛摩智能,0.0138,172774282.16,5.9879905594,-31.0013,7404170.11,49.97,-41.6234,1.636692487061,0.84,-0.107418438225,39.4747485143,通用设备,2024-04-29,2023-03-31
300448,浩云科技,0.0037,99988373.38,5.3522660537,-38.3781,2512567.4,-35.99,-72.6052,2.115883576222,0.18,-0.05886885478,41.3009991402,IT服务Ⅱ,2024-04-29,2023-03-31
300430,*ST益通,0.08,245247004.7,19.8813475609,-12.2091,22352280.04,26.08,-54.8174,7.312230477141,1.13,-0.128883517424,38.4487329031,医疗器械,2024-04-29,2023-03-31
300427,红相股份,0.1171,326676653.26,3.3362239887,10.6408,42361514.55,66.89,5677.6422,3.819327290671,2.98,-0.267701889057,28.6233652778,电网设备,2024-04-29,2023-03-31
300426,华智数媒,-0.04,36156741.94,1165.2247464358,-87.5702,-15528020.96,73.9,-114.6171,0.253629525878,-13.67,0.11340426406,30.1286781261,影视院线,2024-04-29,2023-03-31
300423,昇辉科技,0.1,610922651.64,11.0967080464,52.2788,51885716.54,-12.87,104.6095,6.517179365136,1.61,0.301732840575,17.943437865,电网设备,2024-04-29,2023-03-31
300406,九强生物,0.19,373395954.06,0.2184769965,-3.9253,111021507.44,13.16,-7.3604,5.437368721601,3.33,0.023271646475,74.6089441465,医疗器械,2024-04-29,2023-03-31
300403,汉宇集团,0.0778,255890736.37,-0.3524575266,-9.4395,46938824.33,5.07,17.9807,3.136407376633,2.52,0.125982754063,32.0286623082,家电零部件Ⅱ,2024-04-29,2023-03-31
300400,劲拓股份,0.0109,142272559.0,9.8408643511,-39.8828,2649940.21,-60.54,-85.3399,3.093543183206,0.35,0.017798907412,36.2494388394,自动化设备,2024-04-29,2023-03-31
300373,扬杰科技,0.35,1310450688.72,-7.5521290008,32.966,181856600.45,-34.23,37.2526,12.353765635461,2.91,0.102124622752,30.7082771976,半导体,2024-04-29,2023-03-31
300359,全通教育,-0.01,104562512.46,0.545451555,-45.3993,-3378649.1,-236.47,94.1807,1.105446366353,-0.42,-0.082976947362,27.6330048793,教育,2024-04-29,2023-03-31
300350,华鹏飞,-0.0018,96749475.33,17.513104476,-45.0828,-1024675.28,-225.66,98.1757,1.423123103927,-0.13,-0.031971203612,20.3001194921,物流,2024-04-29,2023-03-31
300334,津膜科技,-0.0059,52128178.9,-11.9940197157,-14.5857,-1770821.6,86.31,98.7631,1.939234282332,-0.3,-0.058809478138,26.9944203633,环境治理,2024-04-29,2023-03-31
300323,华灿光电,-0.1,399300706.28,-40.9772304958,-32.0955,-123844736.77,-1837.15,-16.9321,4.970061447146,-1.99,-0.133324707189,1.7570930303,光学光电子,2024-04-29,2023-03-31
300305,裕兴股份,0.0722,501407806.35,29.8125496888,1.3736,20528177.66,-65.58,161.3545,6.657623801531,1.07,-0.283486111032,13.537699258,塑料,2024-04-29,2023-03-31
300302,同有科技,0.0193,148699090.67,6.3848812766,7.8372,9334115.22,2.09,139.5203,3.136749473967,0.62,0.016091953354,40.1790178883,计算机设备,2024-04-29,2023-03-31
300291,百纳千成,-0.0154,42847865.65,-21.3106231465,-83.3113,-14174356.92,14.75,-145.3807,4.062985054632,-0.38,-0.151471223107,12.8597436685,影视院线,2024-04-29,2023-03-31
300281,金明精机,0.003,105778951.16,-23.0631409077,-1.7839,1084481.95,-88.9,107.2192,3.028322872205,0.09,-0.014042383028,15.0994464162,专用设备,2024-04-29,2023-03-31
300270,中威电子,-0.0001,36227255.41,73.520974451,-87.4327,-1708.65,266.28,-99.2461,2.493088653737,-0.01,0.008500517235,25.1563934029,计算机设备,2024-04-29,2023-03-31
300261,雅本化学,0.0557,478738677.64,-12.2282050076,19.5253,53215317.8,-23.8,148.456,2.539420915971,2.2,0.111350798782,31.6704304752,农化制品,2024-04-29,2023-03-31
300255,常山药业,0.0049,501924319.12,-12.5840105011,-7.4709,4541481.07,-84.68,109.1238,3.274882931832,0.15,-0.106682787997,39.670630094,化学制药,2024-04-29,2023-03-31
300252,金信诺,0.03,649213670.35,11.4527222609,123.5255,20442264.2,159.6,104.862,3.669684499191,0.98,0.02187072678,13.8668410681,军工电子Ⅱ,2024-04-29,2023-03-31
300237,ST美晨,-0.08,362225896.25,-16.2975873729,51.415,-115239621.03,-5.32,87.5802,0.563457973835,-12.82,0.045876742229,12.558364761,汽车零部件,2024-04-29,2023-03-31
300218,安利股份,-0.0647,434028093.32,-10.4026137176,-2.8222,-14032778.2,-108.3,64.391,5.818936968252,-1.1,-0.274430332508,17.2983310126,塑料,2024-04-29,2023-03-31
300205,*ST天喻,0.0424,469496186.14,35.2226851161,-0.2574,18251560.57,1867.42,1673.0268,3.50136483365,1.22,-0.152340153631,28.7159062523,通信设备,2024-04-29,2023-03-31
300203,聚光科技,-0.195,519460164.32,3.4048352808,-59.2839,-87328471.36,-47.92,67.0992,6.943592879412,-2.74,-0.32974394684,45.6140752121,通用设备,2024-04-29,2023-03-31
300182,捷成股份,0.0597,669749021.39,-32.1869790968,-58.549,157908499.27,-45.51,387.0908,2.87953780113,2.12,0.078122194073,35.0369950676,影视院线,2024-04-29,2023-03-31
300171,东富龙,0.3058,1422858225.87,14.9926850239,-13.8913,231048479.97,9.26,-4.5664,10.172146917134,3.06,-0.012298576851,38.4502124838,医疗器械,2024-04-29,2023-03-31
300166,东方国信,0.04,501382347.14,6.7710156831,-41.9535,45964210.72,11.04,109.7968,5.68150375659,0.7,-0.167640508184,40.5678141941,IT服务Ⅱ,2024-04-29,2023-03-31
300128,锦富技术,-0.0333,327084115.95,63.9338391128,-30.9281,-36433912.15,-634.51,84.7755,0.552397070356,-5.86,-0.12679478692,17.4379575952,消费电子,2024-04-29,2023-03-31
300123,ST亚光,0.0047,318465489.77,16.6643454882,-58.3319,4745560.2,108.7,100.456,2.696350780866,0.71,-0.194632233974,31.7498194837,军工电子Ⅱ,2024-04-29,2023-03-31
300121,阳谷华泰,0.22,810642072.4,-5.2291492419,-1.1512,88495499.6,-22.12,15.2212,7.101301107266,3.13,0.308969880417,25.2383997298,橡胶,2024-04-29,2023-03-31
300112,万讯自控,-0.0072,202033728.49,2.2656182506,-36.0136,-2061631.52,-125.51,-108.5722,3.983199770925,-0.17,-0.087849348894,44.5059860411,通用设备,2024-04-29,2023-03-31
300098,高新兴,-0.0129,349391771.63,-13.20694363,-48.3911,-22327407.84,72.4,88.7777,1.779844738548,-0.72,-0.082064580714,31.3875708058,通信设备,2024-04-29,2023-03-31
300095,华伍股份,0.1009,295421938.73,-15.001674679,-24.59,42301215.92,-24.04,206.3843,5.180028546277,1.96,-0.134583573254,32.2981403379,专用设备,2024-04-29,2023-03-31
300094,国联水产,0.01,1415197236.0,33.2303205228,57.0942,10410488.69,10.0,117.4856,2.753598740705,0.33,0.003058322751,10.3435667288,渔业,2024-04-29,2023-03-31
300093,金刚光伏,-0.1999,181898797.62,128.3942797926,-23.4135,-43183211.22,-45.46,62.3763,-0.072089330093,,-0.145759870648,0.6289534758,光伏设备,2024-04-29,2023-03-31
300086,康芝药业,0.0343,174602090.13,58.8073576778,-6.4195,15414673.27,133.34,119.7687,2.959106175756,1.16,-0.058194457044,51.0614942373,化学制药,2024-04-29,2023-03-31
300084,海默科技,-0.0794,62947101.65,25.0450134851,-82.7399,-30550108.74,-14.87,-151.7127,2.609140303807,-3.0,0.019872411587,27.2003234163,专用设备,2024-04-29,2023-03-31
300063,天龙集团,0.0279,2393458458.81,-7.9746800615,-4.7721,20985109.34,10.19,30.675,2.083070377857,1.35,-0.042866115218,5.2960408756,广告营销,2024-04-29,2023-03-31
300053,航宇微,0.0391,120358184.57,-12.9516991768,69.2981,27251795.98,240.82,108.805,3.615058942371,1.09,-0.019551962915,48.540030758,半导体,2024-04-29,2023-03-31
300049,福瑞医科,0.0494,242063684.65,15.7456611096,-16.4482,13001623.68,50.42,-64.9635,5.951519192779,0.84,0.268287075537,79.6681706919,医疗器械,2024-04-29,2023-03-31
300044,*ST赛为,-0.0254,73471933.13,-2.6101288765,-49.6445,-19565638.57,-551.02,90.0335,1.016865646215,-2.47,0.017987647451,30.3285905797,IT服务Ⅱ,2024-04-29,2023-03-31
300043,星辉娱乐,-0.03,321494068.02,-12.94743192,5.0521,-41423597.48,-334.65,84.1407,1.459829081182,-2.26,0.03165487988,23.7063656693,游戏Ⅱ,2024-04-29,2023-03-31
300041,回天新材,0.2782,1077706421.83,11.781153765,29.7709,120068892.92,35.5,282.7155,6.255525260642,4.3,0.087845714805,26.0440041671,化学制品,2024-04-29,2023-03-31
300036,超图软件,0.025,294963270.29,6.3684532491,-50.1023,12186822.88,4.21,103.0401,5.87298511801,0.43,-0.606013372773,59.5423988713,软件开发,2024-04-29,2023-03-31
300032,金龙机电,0.03,870665870.32,43.8348922693,-24.9806,24097131.97,96.52,-8.9348,1.515859142805,2.0,0.018819140178,9.6996786206,消费电子,2024-04-29,2023-03-31
300024,机器人,-0.0287,713940008.84,45.1519457586,-59.5068,-44491767.96,23.77,-117.7811,2.718428597283,-1.05,-0.204418873077,13.2945251078,自动化设备,2024-04-29,2023-03-31
300013,新宁物流,-0.021,100536531.47,-52.4460905992,-2.6365,-9236772.07,-256.23,-1241.4169,0.02322144844,-61.61,0.037221434449,12.6070064331,物流,2024-04-29,2023-03-31
300008,天海防务,0.0046,630565760.29,97.8728493385,-33.2375,7938099.76,39.0,-86.0554,1.060012461306,0.45,0.04707888062,9.7481844815,航海装备Ⅱ,2024-04-29,2023-03-31
200761,本钢板B,0.01,15784242237.23,-5.037150969,6.8134,47524016.34,-89.05,104.874,4.354752745725,0.3,0.68981667443,2.9639980392,普钢,2024-04-29,2023-03-31
200429,粤高速B,0.2,1154573212.16,8.2957182499,31.1158,409848394.33,-4.77,380.1954,4.533955202081,4.42,0.469112583913,68.4559808287,铁路公路,2024-04-29,2023-03-31
200016,*ST康佳B,0.0633,4600647851.61,-44.704654227,-8.2044,152513923.41,46.12,108.205,3.229545839874,1.98,-0.491176387592,3.2350531199,白色家电,2024-04-29,2023-03-31
200012,南玻B,0.13,4070673784.0,46.1269924499,-7.378,396406087.0,3.32,2.5168,4.31481093653,3.04,-0.092619894503,22.2354278439,玻璃玻纤,2024-04-29,2023-03-31
003026,中晶科技,-0.07,77387173.16,-19.1528984539,-6.1507,-7098343.79,-134.79,-43.126,7.28795616281,-0.96,-0.043246268779,29.0809809443,半导体,2024-04-29,2023-03-31
003019,宸展光电,0.21,443983607.52,-11.7914201716,3.9293,33634580.37,-35.9,-2.3963,10.584519093448,2.4,0.182299023349,24.6516083131,光学光电子,2024-04-29,2023-03-31
003010,若羽臣,0.0565,282670941.4,-0.5950412148,-29.4095,6878378.02,94.53,-59.0789,8.887255431971,0.63,0.359100540477,34.7035992961,互联网电商,2024-04-29,2023-03-31
003005,竞业达,-0.0931,33434058.08,-11.4281647984,-82.0804,-13817492.77,-9.09,-150.9531,9.877769252426,-0.94,-0.16481689872,40.9419285486,IT服务Ⅱ,2024-04-29,2023-03-31
003003,天元股份,0.0391,305278220.11,-6.5309751778,-18.2422,6908877.31,2273.77,163.7756,6.814810823295,0.57,0.454308823051,12.0297067268,包装印刷,2024-04-29,2023-03-31
003001,中岩大地,-0.08,142349277.38,-23.4827299853,-44.8499,-9652083.15,-250.17,90.2719,9.297708136312,-0.81,-0.939875108185,14.1083556233,专业工程,2024-04-29,2023-03-31
002992,宝明科技,-0.21,193903366.03,-21.710322422,-20.4894,-37161254.38,-48.51,65.4732,4.784152452069,-4.13,-0.257969665258,5.3136566172,光学光电子,2024-04-29,2023-03-31
002975,博杰股份,-0.08,194357362.51,-25.9698104979,-44.4052,-10552584.47,-122.92,-126.5305,11.418565739085,-0.62,0.108448252047,47.4604433806,自动化设备,2024-04-29,2023-03-31
002952,亚世光电,0.1,191941244.85,16.7936208174,-25.8185,16998004.94,77.83,-52.4547,5.606327448582,1.86,0.355737840148,20.2025742879,光学光电子,2024-04-29,2023-03-31
002951,金时科技,-0.0141,31961212.59,-26.0210574149,-38.8354,-5700887.74,-695.22,85.7463,5.362929329358,-0.29,-0.014655287827,25.9306133541,其他电源设备Ⅱ,2024-04-29,2023-03-31
002919,名臣健康,0.15,406772539.06,172.9793795753,6.3769,34104153.62,1981.81,-21.9766,4.522789868881,4.51,-0.348977162197,61.4913084197,游戏Ⅱ,2024-04-29,2023-03-31
002907,华森制药,0.0721,187539020.46,-7.6100646733,-16.0874,30100541.89,2.55,17.7936,3.921862283511,1.85,0.237957095019,60.3078720698,中药Ⅱ,2024-04-29,2023-03-31
002879,长缆科技,0.03,188722725.58,-5.6853362245,-41.0057,5064503.44,-71.56,-2.2661,8.814039454161,0.3,-0.218209029534,42.441646285,电网设备,2024-04-29,2023-03-31
002862,实丰文化,0.0253,53623597.17,-27.1677966989,10.9587,3000751.28,55.77,106.3864,3.964988333917,0.63,-0.35329202525,17.7925161002,文娱用品,2024-04-29,2023-03-31
002856,*ST美芝,-0.0386,132733432.87,-24.718554482,-75.0872,-5255081.23,-1510.68,96.224,3.894415877985,-0.94,-0.1859532765,4.176136788,装修装饰Ⅱ,2024-04-29,2023-03-31
002845,同兴达,-0.2,1590493552.72,-26.2527128353,-21.5397,-64532312.95,-183.44,27.4778,7.896240978246,-2.46,-1.33414545789,6.3944349674,光学光电子,2024-04-29,2023-03-31
002836,新宏泽,0.01,36184689.66,-10.2133421569,-5.8132,3411541.91,-26.97,141.926,2.312497956771,0.77,-0.003639797969,27.3188143187,包装印刷,2024-04-29,2023-03-31
002823,凯中精密,0.0,673973726.69,10.0081238889,-2.1361,400065.98,-98.01,105.9957,4.55803833857,0.03,0.183130317258,10.6139113451,电机Ⅱ,2024-04-29,2023-03-31
002786,银宝山新,-0.1,603440173.24,-3.8383731452,-10.596,-50166434.86,29.49,64.1563,0.387821434186,-23.21,0.081619426991,11.9728779511,专用设备,2024-04-29,2023-03-31
002778,中晟高科,0.01,161316300.19,1.0286629245,-41.6116,1327596.96,19.65,107.0176,4.643579308764,0.23,-0.299877682274,15.0364658137,环境治理,2024-04-29,2023-03-31
002755,奥赛康,-0.07,338557552.24,-36.780899357,-7.5944,-68591234.11,-454.23,56.4727,3.116911012524,-2.34,-0.119353525606,80.4889641176,化学制药,2024-04-29,2023-03-31
002753,永东股份,-0.0121,1138764649.09,34.2018754169,-9.9364,-4540547.17,-143.01,68.1407,5.582354991817,-0.21,-0.152010969357,3.6289824384,橡胶,2024-04-29,2023-03-31
002743,富煌钢构,0.04,1262099801.44,23.0925487829,-8.4475,19037082.71,35.27,-15.4649,7.212994800464,0.62,0.02401482859,12.3429020425,专业工程,2024-04-29,2023-03-31
002732,燕塘乳业,0.18,428553089.26,10.8932675271,-8.0386,28305797.23,41.81,83.9702,8.119903868128,2.25,0.338401602351,25.4102055099,饮料乳品,2024-04-29,2023-03-31
002731,*ST萃华,0.14,1790119867.08,99.2828502078,84.9365,36424546.94,25.46,174.1266,5.35595759014,2.69,0.003274535283,5.0214963681,饰品,2024-04-29,2023-03-31
002729,好利科技,0.03,60949838.72,-4.398304809,-16.423,5392036.38,-22.2,-39.9268,2.59768244447,1.14,-0.118586171268,39.46974303,其他电子Ⅱ,2024-04-29,2023-03-31
002688,金河生物,0.0473,527286393.92,1.4469967278,7.642,36920074.2,16.2,237.1757,2.888210558419,1.65,-0.027359577012,29.408752046,动物保健Ⅱ,2024-04-29,2023-03-31
002661,克明食品,0.108,1459957113.56,15.3733335668,-17.1707,34766206.63,385.86,-9.746,7.950746039271,1.1,0.48308029054,13.1916348358,食品加工,2024-04-29,2023-03-31
002646,天佑德酒,0.1633,396286561.2,-6.2289569863,109.0278,77148436.56,-29.46,414.1722,6.000095638174,2.76,0.125202955659,63.6052385039,白酒Ⅱ,2024-04-29,2023-03-31
002636,金安国纪,0.024,851557442.06,-13.4972098447,-16.3349,17639457.18,10.08,-63.8599,4.857762141827,0.51,-0.084919279808,11.9796366001,元件,2024-04-29,2023-03-31
002625,光启技术,0.05,311615799.59,154.5883993222,-6.4238,100708222.41,135.81,27.4849,3.869728554792,1.22,-0.007533316536,37.897324932,航空装备Ⅱ,2024-04-29,2023-03-31
002622,皓宸医疗,-0.0008,129643591.18,57.1710487915,44.5039,-707071.25,97.21,99.7094,0.680667911321,-0.12,0.004044616512,45.7598833849,医疗服务,2024-04-29,2023-03-31
002617,露笑科技,0.02,579209800.19,-28.4552296046,-22.839,45039501.79,243.43,122.9098,3.096539068565,0.76,0.033450961461,22.8021846534,电力,2024-04-29,2023-03-31
002598,ST章鼓,0.0941,515861297.86,21.6432252918,0.3747,29372638.58,45.8,148.6282,3.520271127019,2.67,-0.085316605321,27.0333638574,通用设备,2024-04-29,2023-03-31
002585,双星新材,0.002,1276951685.17,-26.1902260713,1.9571,2474335.87,-99.31,103.5571,8.408492185511,0.03,-0.300796064054,3.7408095142,塑料,2024-04-29,2023-03-31
002579,中京电子,-0.1,607775861.39,-16.0350057315,-17.8921,-62075412.24,-1148.92,37.0419,4.287246527097,-2.32,0.093670766928,8.5235243617,元件,2024-04-29,2023-03-31
002571,德力股份,-0.105,297037435.98,21.1645689684,-4.4501,-41151767.91,-1695.09,62.8991,3.246505367639,-3.18,0.041166035754,11.6133043083,家居用品,2024-04-29,2023-03-31
002542,*ST中岩,-0.02,352688276.58,-25.8592915253,-61.5599,-36769223.87,-125.35,92.9641,1.531136650877,-1.25,-0.014242554542,12.1542667694,专业工程,2024-04-29,2023-03-31
002535,林州重机,0.0357,336010658.64,63.2929269328,-17.5976,28582744.48,1802.04,230.9438,0.545746944921,6.71,0.138254860823,26.8109771948,专用设备,2024-04-29,2023-03-31
002529,海源复材,-0.0663,64841204.35,-29.2500809482,-44.5285,-17229164.23,-1225.23,80.0069,2.221153091115,-2.94,-0.083998807962,0.3317308217,专用设备,2024-04-29,2023-03-31
002526,山东矿机,0.025,522431972.79,-9.1108163651,-3.8892,44615398.8,14.87,277.9968,1.636712882504,1.54,0.001806473752,24.3955280588,专用设备,2024-04-29,2023-03-31
002523,天桥起重,0.003,210873110.62,-2.4626876653,-62.3523,4809985.61,-34.72,-14.2929,1.619693625229,0.21,-0.048381199525,23.7335408781,专用设备,2024-04-29,2023-03-31
002501,*ST利源,-0.01,130083976.95,11.3222344694,-26.9816,-41543975.04,45.67,79.302,0.341892052637,-3.37,-0.041879070256,-12.8652334456,工业金属,2024-04-29,2023-03-31
002488,金固股份,-0.02,693870376.54,14.4495575305,-9.0181,-15831523.52,-138.63,98.0046,4.025744877298,-0.4,-0.132657782692,8.3716341343,汽车零部件,2024-04-29,2023-03-31
002482,广田集团,-0.04,150347025.3,-83.6217920076,-85.9614,-142331957.41,-85.79,97.0627,-3.207274689728,,-0.027372581019,7.87668796,装修装饰Ⅱ,2024-04-29,2023-03-31
002480,新筑股份,-0.1041,354560478.0,28.1183088971,-42.7753,-80106161.83,-35.37,77.83,2.19001948518,-4.65,0.028826525046,38.3898215243,电力,2024-04-29,2023-03-31
002476,新叶股份,-0.0064,98407036.72,-33.1695987733,-41.8681,-3923995.1,-139.74,-114.3742,1.41627392781,-0.45,0.050399772484,16.3876696195,炼化及贸易,2024-04-29,2023-03-31
002462,嘉事堂,0.2322,6756081779.54,4.5725366267,13.7577,67734160.88,-14.08,43.2328,14.212053378779,1.65,2.405756579819,6.9564816769,医药商业,2024-04-29,2023-03-31
002454,松芝股份,0.08,1069133056.25,21.1301632929,-19.4375,47196527.52,134.0,25.6831,6.044642791501,1.25,-0.162634534466,20.2868522166,汽车零部件,2024-04-29,2023-03-31
002449,国星光电,0.035,796592084.5,4.2773888596,-23.7792,21656020.43,-14.91,92.5111,6.103949788614,0.58,-0.034247347423,12.1073751242,光学光电子,2024-04-29,2023-03-31
002432,九安医疗,1.2772,1495439073.13,-93.1202651428,-13.3572,601496251.76,-95.8,3088.3848,41.280437165908,3.02,1.59781560761,67.1518533763,医疗器械,2024-04-29,2023-03-31
002413,雷科防务,0.01,301408771.82,-8.7735494877,-11.9731,16584139.25,-36.38,101.8261,3.141840898098,0.4,-0.08104559301,37.7802252875,军工电子Ⅱ,2024-04-29,2023-03-31
002403,爱仕达,-0.11,588417814.8,-21.9413807382,-18.3829,-38933896.91,-45.02,45.2141,5.920388820081,-1.91,-0.06143344439,29.5155334172,小家电,2024-04-29,2023-03-31
002401,中远海科,0.1455,420493085.63,3.0515603515,-1.5398,53460961.13,7.64,164.8489,4.043084316148,3.64,-0.464397146058,20.403711279,IT服务Ⅱ,2024-04-29,2023-03-31
002398,垒知集团,0.07,639529848.06,-27.5430305961,-12.178,48010431.71,-13.43,3208.0552,5.028590335139,1.32,-0.096036272108,24.5999209165,水泥,2024-04-29,2023-03-31
002397,梦洁股份,0.01,462444215.48,-10.0690785476,-27.3987,10896804.48,218.28,103.1119,1.527562652123,0.95,0.122927110319,42.2222059297,服装家纺,2024-04-29,2023-03-31
002390,信邦制药,0.03,1605127137.43,1.6967608009,-3.5269,52944770.89,-27.94,419.8623,3.529793874905,0.77,0.001120836837,18.1258841605,医药商业,2024-04-29,2023-03-31
002389,航天彩虹,0.02,509055058.02,-29.6857306272,-70.7497,18648538.04,-46.27,-91.4215,7.936619204592,0.24,-0.294344274989,24.2890016693,航空装备Ⅱ,2024-04-29,2023-03-31
002386,天原股份,0.0467,3734030598.94,-4.2095518897,-41.9462,60727905.11,-64.65,22.4738,8.004991811,0.99,-0.203762098366,6.7044834357,化学原料,2024-04-29,2023-03-31
002379,宏桥控股,-0.0386,627768045.27,-31.5663301464,-8.3518,-35735738.56,-508.67,-137.7486,1.459724687414,-2.61,-0.011596555181,0.9788161051,工业金属,2024-04-29,2023-03-31
002363,隆基机械,0.03,537955639.53,1.4052133405,-6.0666,13876474.81,-9.33,45.1664,5.122668629036,0.65,0.063993268676,8.5930167291,汽车零部件,2024-04-29,2023-03-31
002360,ST同德,0.07,178181357.03,0.9753991672,-35.9042,26200020.77,26.16,-38.0733,4.214764162262,1.54,0.202276086321,38.3995439537,化学制品,2024-04-29,2023-03-31
002343,慈文传媒,0.03,237961011.03,-36.5955539416,241.7652,12513305.73,-72.08,302.6372,2.004411293263,1.32,0.026042937672,3.3570957929,影视院线,2024-04-29,2023-03-31
002342,巨力索具,0.0021,473527619.73,-7.6292142664,-19.7835,2035754.65,-57.45,246.604,2.591306978688,0.08,-0.15105187676,18.4739564357,通用设备,2024-04-29,2023-03-31
002289,宇顺电子,-0.0303,26575609.07,-15.1352089024,4.8968,-8164639.82,-54.84,17.7958,0.851346917295,-3.36,0.022324616422,2.8705460635,光学光电子,2024-04-29,2023-03-31
002259,升达林业,0.0062,211142599.51,-44.2747987128,-55.7467,4627040.94,223.78,-45.6957,0.329673052854,1.89,0.059109684323,14.389543882,燃气Ⅱ,2024-04-29,2023-03-31
002258,利尔化学,0.3432,2442238961.34,-6.5327555656,2.0295,274738068.68,-48.58,-14.247,8.93119712358,3.71,0.154860030323,27.2997498924,农化制品,2024-04-29,2023-03-31
002254,泰和新材,0.16,1012375139.7,-4.0968159403,6.8388,135585184.65,-7.05,3.4637,8.341780422222,3.29,0.073404431177,28.4397447289,化学纤维,2024-04-29,2023-03-31
002253,川大智胜,0.0065,36692670.35,-36.498554183,-50.82,1459484.58,-51.03,102.3308,6.100043480254,0.11,-0.017255532078,32.6198407089,软件开发,2024-04-29,2023-03-31
002247,聚力文化,0.002,175913689.67,-22.2098179832,-21.9207,1729700.57,594.05,-80.7477,0.872812064678,0.23,-0.046712036599,20.1535910005,装修建材,2024-04-29,2023-03-31
002240,盛新锂能,0.51,2783811335.88,65.0243697945,-28.6333,463588054.44,-56.67,-61.448,13.81332622655,3.58,0.643571160842,21.915517159,能源金属,2024-04-29,2023-03-31
002238,天威视讯,0.0234,294191097.35,-13.1366710316,-36.8218,18740769.78,25.66,-48.7929,2.893397853973,0.81,0.021095773151,31.7676016956,电视广播Ⅱ,2024-04-29,2023-03-31
002209,达意隆,-0.0501,127051213.62,-41.4155280021,-58.3257,-9782356.37,-236.72,22.0103,2.980976217713,-1.71,0.15179275645,25.8732972031,专用设备,2024-04-29,2023-03-31
002205,国统股份,-0.284,38706889.88,77.9559685835,-85.9395,-52784167.53,-37.14,-18.0411,3.861800390165,-7.09,-0.678655517596,17.7702517596,水泥,2024-04-29,2023-03-31
002185,华天科技,-0.0332,2238999876.69,-25.5557038857,-19.437,-106370486.95,-151.43,-314.4482,4.879339128986,-0.68,0.05252115607,3.9923791292,半导体,2024-04-29,2023-03-31
002176,江特电机,0.0297,700303526.83,-48.3185095997,-64.0898,50648141.71,-92.39,-86.1826,2.529537920489,1.18,-0.055971588098,23.7459492361,电机Ⅱ,2024-04-29,2023-03-31
002174,游族网络,0.05,473871237.13,-13.0037411761,-8.7014,42849833.45,-46.4,106.0449,4.812700284432,0.95,-0.099819220744,39.7499398784,游戏Ⅱ,2024-04-29,2023-03-31
002169,智光电气,0.1344,440586388.48,13.4878452107,-46.2545,103445031.69,149.32,1250.8692,4.324991717661,3.08,-0.17148639557,18.6709655974,电网设备,2024-04-29,2023-03-31
002146,荣盛发展,-0.15,6121035167.57,60.4612892436,-22.2119,-641634633.96,35.84,95.1824,5.199523876673,-2.06,-0.088395310646,15.0434915027,房地产开发,2024-04-29,2023-03-31
002131,利欧股份,0.09,5194400022.86,10.2165799133,1.4981,596691741.08,171.94,262.0632,1.806428078023,5.01,0.060544758169,6.4317975244,通用设备,2024-04-29,2023-03-31
002128,电投能源,0.81,6843970382.32,-4.5674808264,-1.1655,1617411584.81,6.96,122.6363,13.043441009079,6.13,0.602984445837,39.5189629312,煤炭开采,2024-04-29,2023-03-31
002110,三钢闽光,-0.03,11969994461.97,-6.7861643388,2.1169,-66422427.31,-112.48,-203.9203,8.654257781446,-0.31,-0.567584564352,5.3260567975,普钢,2024-04-29,2023-03-31
002102,ST能特,0.0324,2963154995.55,5.3572388663,-7.569,85422238.32,-25.88,139.0521,1.499269268801,2.19,-0.04969301854,4.1459982044,化学制药,2024-04-29,2023-03-31
002101,广东鸿图,0.146,1608931138.4,4.3473145956,-13.6723,77199417.16,5.3,-28.4364,9.573158583973,1.54,0.167353012136,18.4849891628,汽车零部件,2024-04-29,2023-03-31
002099,海翔药业,0.02,634047833.6,-21.1900386362,0.1578,42101946.61,-51.62,135.3495,3.799359137712,0.69,0.098504850964,20.0304882092,化学制药,2024-04-29,2023-03-31
002079,苏州固锝,0.0283,731452072.25,-8.3085030035,-12.932,22881675.53,-61.35,-86.776,3.417271609671,0.83,-0.076925559811,13.8134131522,光伏设备,2024-04-29,2023-03-31
002073,软控股份,0.0192,1194346860.71,-3.479794024,-30.8119,18647909.34,74.67,-78.2456,5.025734731755,0.39,-0.00333411185,23.5892779651,专用设备,2024-04-29,2023-03-31
002052,同洲电子,-0.0056,95439346.62,489.0478143105,-8.879,-4200280.56,80.07,70.2225,0.108052739723,-5.1,0.011530466001,2.3933336626,其他电源设备Ⅱ,2024-04-29,2023-03-31
002046,国机精工,0.142,617670449.66,-35.3561419154,-13.4947,74444480.23,40.96,111.4978,5.994451061718,2.38,-0.182598009191,33.8510394961,通用设备,2024-04-29,2023-03-31
002037,保利联合,-0.076,1175172246.19,25.3337441941,-46.4592,-36655989.91,36.33,94.4973,5.271937867301,-1.43,-0.202566272152,19.1897638045,化学制品,2024-04-29,2023-03-31
002028,思源电气,0.28,2171977395.78,24.8759175904,-38.5641,218414345.95,43.54,-49.7511,12.20819436151,2.35,-0.519829836749,26.2180108825,电网设备,2024-04-29,2023-03-31
002022,科华生物,0.1065,833147693.69,98.1340059911,-47.503,54761876.98,145.75,124.7577,9.187772729472,1.13,-0.794773009579,46.8829328039,医疗器械,2024-04-29,2023-03-31
002003,伟星股份,0.05,697158855.47,-3.5995432396,-13.8912,53648691.25,-17.74,270.865,2.858142852033,1.83,-0.009406833509,37.7036819898,纺织制造,2024-04-29,2023-03-31
001965,招商公路,0.2109,2025990680.0,16.3011404801,-27.1606,1349407335.81,23.57,10.9321,9.018615041026,2.33,0.116013979444,39.911300131,铁路公路,2024-04-29,2023-03-31
001389,广合科技,0.16,524533889.74,-13.8980441854,3.6784,61885749.07,-1.9108037558,19.223,,4.3,,29.8933006574,元件,2024-04-29,2023-03-31
001379,腾达科技,0.2027,427342028.54,-16.5824318876,-14.6757,30411108.08,-17.2252608085,-37.5684,,5.3,,13.8106028119,通用设备,2024-04-29,2023-03-31
001366,播恩集团,0.14,390742547.86,29.701425124,-24.5963,18523771.86,1426.9,-32.4251,5.346045414115,2.91,-0.183491871546,14.1212502867,饲料,2024-04-29,2023-03-31
001331,胜通能源,0.0226,932251838.0,-29.258722879,-25.3237,3793278.62,-93.86,-82.8828,13.25671073675,0.24,0.280684360333,0.0400960668,燃气Ⅱ,2024-04-29,2023-03-31
001324,长青科技,0.1255,102257722.44,32.47,-22.0255,12988951.74,1025.575147258,-45.416,4.662147219807,2.73,-0.093597990338,28.3493737864,轨交设备Ⅱ,2024-04-29,2023-03-31
001314,亿道信息,0.23,443261997.53,-27.9710771468,-29.0647,25693578.89,-25.93,-1.9595,14.446620583,2.0,0.182802162682,23.1960091623,消费电子,2024-04-29,2023-03-31
001313,粤海饲料,-0.07,957027319.93,-2.553907914,-37.0259,-48541051.13,-16.44,-168.6075,3.876756540657,-1.75,-0.165516030914,9.6634611337,饲料,2024-04-29,2023-03-31
001308,康冠科技,0.48,2167270932.37,-20.5726924922,-13.4682,252887184.67,10.88,-31.4795,11.822182701422,4.18,0.846600757443,19.0691589131,光学光电子,2024-04-29,2023-03-31
001282,三联锻造,0.22,243411162.39,-5.9932294772,-21.7639,19106342.03,11.4,-50.6664,7.798769801247,2.93,0.785355263003,21.3360527266,汽车零部件,2024-04-29,2023-03-31
001266,宏英智能,0.06,112895390.17,-11.1260371156,-6.4671,5866816.52,-82.46,-72.8279,10.093658578529,0.57,-1.164059341153,32.261632592,自动化设备,2024-04-29,2023-03-31
001258,立新能源,0.03,201968256.34,16.3212416009,36.7512,26232791.4,-7.45,233.6703,3.102092623599,0.91,0.090074176779,53.2921432509,电力,2024-04-29,2023-03-31
001256,炜冈科技,0.13,70329507.63,-8.0902117278,-7.3872,18647857.42,10.19,7.8954,7.515919434739,1.76,0.029689307936,31.6961436546,专用设备,2024-04-29,2023-03-31
001239,永达股份,0.0997,208448747.33,8.2392375851,-14.9075,17945301.66,27.3701063943,-41.1372,,3.56,,21.3603940778,工程机械,2024-04-29,2023-03-31
001229,魅视科技,0.16,39083104.71,6.8074890008,-43.3892,16137170.75,10.15,-39.605,9.3714602823,1.74,0.0518290118,77.6891278093,计算机设备,2024-04-29,2023-03-31
001222,源飞宠物,0.111,187997016.5,-46.2345597526,10.6613,21179819.33,-63.71,4.7402,8.54697903007,1.83,0.14377726168,23.7351829836,文娱用品,2024-04-29,2023-03-31
001210,金房能源,1.29,518340145.08,5.7740266667,46.832,116907111.4,19.05,311.4783,15.220998447934,8.84,-1.389772254237,31.301865279,电力,2024-04-29,2023-03-31
000998,隆平高科,0.1144,1777831964.57,96.3387429417,-82.9544,150599027.43,177.64,223.4663,3.985611435779,2.77,-0.681021069414,42.3807514206,种植业,2024-04-29,2023-03-31
000969,安泰科技,0.0748,2107515933.13,3.6911646326,24.8647,76762708.4,-10.96,90.0374,4.90163371353,1.54,-0.212907344132,17.745382815,金属新材料,2024-04-29,2023-03-31
000967,盈峰环境,0.05,2671198594.33,-5.3682574284,-30.3819,156375931.23,10.51,249.6698,5.402746209685,0.9,-0.117308085685,25.1031527526,环保设备Ⅱ,2024-04-29,2023-03-31
000965,天保基建,0.0198,266409927.08,-46.2415217479,-81.4855,22011702.72,-31.64,157.5693,4.928605400186,0.4,-1.293972486196,43.2241444499,房地产开发,2024-04-29,2023-03-31
000957,中通客车,0.0349,693888713.39,-19.5561462534,-70.9759,20666894.25,158.57,-62.211,4.525024501237,0.77,-0.354470860656,23.3758055723,商用车,2024-04-29,2023-03-31
000949,新乡化纤,0.0122,1839880227.54,-14.7286359394,18.4412,17431583.24,-57.42,112.3517,3.754392788196,0.32,0.008584209503,9.6400127489,化学纤维,2024-04-29,2023-03-31
000926,福星股份,0.0439,1380248202.62,-16.6379066197,-76.8157,41697778.75,12.55,-6.144,11.902191867355,0.37,0.845313785535,31.898961411,房地产开发,2024-04-29,2023-03-31
000913,钱江摩托,0.1502,1333551037.86,43.4564697786,14.1564,73910910.41,112.12,880.7187,7.751105434677,1.91,0.111881853525,25.2811427293,摩托车及其他,2024-04-29,2023-03-31
000886,海南高速,-0.001,20877565.43,-51.3091240915,-62.4907,-1037144.9,-192.45,-100.8576,3.056538432567,-0.03,-0.023845999048,63.3723052832,铁路公路,2024-04-29,2023-03-31
000885,城发环境,0.4777,1520514471.27,27.5431072418,-28.3729,306745773.58,36.71,36.1335,10.649117325115,4.59,0.357350633187,42.386873685,环境治理,2024-04-29,2023-03-31
000858,五粮液,3.231,31138862489.34,13.0342727026,71.1966,12542086212.64,15.89,87.1583,32.607616034845,10.43,2.456615280092,78.3946475885,白酒Ⅱ,2024-04-29,2023-03-31
000820,*ST节能,-0.0115,20916929.36,120.0049695606,-78.2994,-7326502.56,-164.76,37.9374,0.111587326393,-10.47,-0.014015303405,17.0007967651,环保设备Ⅱ,2024-04-29,2023-03-31
000799,酒鬼酒,0.9239,964599635.83,-42.8701350749,70.8531,300188360.73,-42.38,290.7823,13.702730261425,6.98,0.509803532021,81.540829189,白酒Ⅱ,2024-04-29,2023-03-31
000782,恒申新材,-0.03,600539182.24,-22.469696698,-9.8631,-16130500.12,-181.12,72.6034,2.654402331786,-1.14,-0.115299723952,4.6608610175,化学纤维,2024-04-29,2023-03-31
000761,本钢板材,0.01,15784242237.23,-5.037150969,6.8134,47524016.34,-89.05,104.874,4.354752745725,0.3,0.68981667443,2.9639980392,普钢,2024-04-29,2023-03-31
000728,国元证券,0.12,1549959423.68,165.65,4.9502,519894650.43,533.0540979746,-9.3055,7.713690314824,1.56,-0.547779751194,,证券Ⅱ,2024-04-29,2023-03-31
000717,中南股份,0.0025,9076690055.28,30.4371611177,-24.3417,5962174.39,-94.64,100.957,3.780842827628,0.06,0.445121932965,2.7318129249,普钢,2024-04-29,2023-03-31
000711,ST京蓝,-0.09,58065552.08,-1.9343513131,323.8647,-96351289.79,-10.01,89.4308,-0.587783484188,,0.03109017747,2.2067525652,环境治理,2024-04-29,2023-03-31
000703,恒逸石化,0.01,28381122577.28,-14.6501787688,-1.228,34846332.38,-95.24,101.4538,6.392170803131,0.14,-0.438412966426,4.2449301001,炼化及贸易,2024-04-29,2023-03-31
000700,模塑科技,0.0727,1767696493.87,14.1606089603,-25.1834,66653434.94,-28.39,-13.4461,3.378155257021,2.19,0.03234294068,17.6345265605,汽车零部件,2024-04-29,2023-03-31
000652,泰达股份,0.0044,4599032918.71,89.5750256689,-22.2837,6465641.03,52.49,-84.8248,3.738046911392,0.12,-0.083508252042,2.0345175782,环境治理,2024-04-29,2023-03-31
000637,茂化实华,-0.06,1266108741.47,-33.8063252835,36.6871,-30218492.28,-300.87,77.6985,1.638221570326,-3.5,0.137020113086,3.3281505711,炼化及贸易,2024-04-29,2023-03-31
000630,铜陵有色,0.0806,34337337242.06,18.5962355347,3.538,1021266891.47,3.96,-24.8291,2.461509318244,3.34,-0.072450763018,7.9271081723,工业金属,2024-04-29,2023-03-31
000601,韶能股份,-0.0299,920119475.84,3.6590564638,9.9447,-32347198.31,-201.48,83.8927,4.176314931017,-0.71,0.024251352556,12.4636445409,电力,2024-04-29,2023-03-31
000545,金浦钛业,-0.0727,590767060.05,-20.0414908172,1.7527,-71719158.73,-308.58,57.4823,1.47681818067,-4.44,0.035664249955,-3.9387088911,化学原料,2024-04-29,2023-03-31
000534,万泽股份,0.1169,281477110.37,106.4080667596,32.4507,58506301.86,79.16,853.66,2.56338978771,4.76,-0.0202795729,80.1320651237,生物制品,2024-04-29,2023-03-31
000517,荣安地产,0.2036,5185035291.69,35.5080141112,32.1574,648299336.51,31.27,317.4715,3.087643251459,6.82,0.410915134785,7.1339363609,房地产开发,2024-04-29,2023-03-31
000514,渝开发,-0.0238,47084885.42,4.2438764611,-93.9317,-20041012.77,-64.45,-110.7433,4.313058953421,-0.55,-0.095352241174,-21.9784037015,房地产开发,2024-04-29,2023-03-31
000429,粤高速A,0.2,1154573212.16,8.2957182499,31.1158,409848394.33,-4.77,380.1954,4.533955202081,4.42,0.469112583913,68.4559808287,铁路公路,2024-04-29,2023-03-31
000420,吉林化纤,0.0049,741218928.59,-20.8698788684,16.2004,12077686.08,124.65,510.9148,1.76611040422,0.28,0.016597323076,13.0730135419,化学纤维,2024-04-29,2023-03-31
000159,国际实业,0.01,2124044896.89,710.0892513798,144.8225,4791564.24,-77.22,1065.4751,5.25694818376,0.19,-0.153944031234,2.205234135,炼化及贸易,2024-04-29,2023-03-31
000155,川能动力,0.19,930123619.13,11.2780562427,-35.3793,276316699.85,20.41,0.5224,3.824416314197,5.02,0.028133156233,69.0593722672,电力,2024-04-29,2023-03-31
000060,中金岭南,0.09,16791463190.19,13.9864651216,98.6379,320122367.95,-3.73,92.1883,3.852221670054,2.16,0.00859500796,4.4864248052,工业金属,2024-04-29,2023-03-31
000016,*ST康佳A,0.0633,4600647851.61,-44.704654227,-8.2044,152513923.41,46.12,108.205,3.229545839874,1.98,-0.491176387592,3.2350531199,白色家电,2024-04-29,2023-03-31
000012,南玻A,0.13,4070673784.0,46.1269924499,-7.378,396406087.0,3.32,2.5168,4.31481093653,3.04,-0.092619894503,22.2354278439,玻璃玻纤,2024-04-29,2023-03-31
000007,全新好,-0.0007,49531240.17,-10.1507149788,83.9268,-232199.04,94.77,-106.4916,0.260604034266,-0.26,0.114871728472,21.9063634037,一般零售,2024-04-29,2023-03-31
900946,天雁B股,0.0006,107545004.53,28.6164069562,29.6555,665614.01,66.24,102.3725,0.714981693878,0.09,4.26631e-07,11.4681401278,汽车零部件,2024-04-27,2023-03-31
900945,海控B股,0.0037,13147778000.0,106.3594242933,217.8669,158002000.0,104.3905738352,-73.3055,0.053521465829,10.19,0.063285687136,4.0866296951,航空机场,2024-04-27,2023-03-31
900943,开开B股,0.04,199595462.29,11.5043028188,0.947,9795174.23,16.06,48.5077,2.380154087778,1.71,-0.101898686255,25.4875051999,医药商业,2024-04-27,2023-03-31
900941,东信B股,0.011,601137278.33,-2.0393236125,-45.9246,13489478.19,145.69,-80.1156,2.684872457252,0.4,-0.128611999673,12.2605866275,通信设备,2024-04-27,2023-03-31
900939,汇丽B,0.0085,3819708.36,0.0,-0.4307,1536979.61,33.38,-27.1741,0.655942196419,1.3,0.019735821157,91.9554845281,房地产开发,2024-04-27,2023-03-31
900928,临港B股,0.1,1002262139.23,-46.8524999096,-7.4115,256744245.35,-9.94,12.768,6.846544953648,1.5,-1.030861909198,69.6745795992,房地产开发,2024-04-27,2023-03-31
900925,机电B股,0.23,4538573542.18,14.6960798418,-31.613,230968204.46,39.43,7.2416,12.891960455274,1.77,-0.017724188029,15.8802064539,专用设备,2024-04-27,2023-03-31
900918,耀皮B股,-0.07,1040843615.7,-4.8283893969,-20.3867,-65779884.53,-271.3176821603,-375.525,3.672400515238,-1.91,-0.186997910376,9.0927426966,玻璃玻纤,2024-04-27,2023-03-31
900917,海欣B股,0.022,282592919.46,-6.6593590146,-27.7605,26525288.95,-2.89,527.9804,3.24228855931,0.6877,-0.003171811395,49.0393148083,化学制药,2024-04-27,2023-03-31
900916,凤凰B股,0.0294,351574080.01,-15.0622417001,-30.6374,15151349.24,-37.9,104.0516,4.13035289324,0.7149,-0.085402438747,18.4302622901,摩托车及其他,2024-04-27,2023-03-31
900915,ST中路B,0.006,188745030.76,42.8962629322,-15.3415,1842255.66,156.7,101.7977,1.825698340922,0.31,-0.026532330884,17.6421311575,摩托车及其他,2024-04-27,2023-03-31
900912,外高B股,0.03,1477645979.96,-63.1623057904,-36.5194,32104419.82,-96.04,-92.5448,10.592003431475,0.27,-1.559930554269,26.1555884284,房地产开发,2024-04-27,2023-03-31
900902,市北B股,-0.0212,245472759.81,-46.4815452776,-23.2443,-39784448.78,-151.56,-153.2505,3.501529869231,-0.6,0.007726351253,35.1873300797,房地产开发,2024-04-27,2023-03-31
900901,云赛B股,0.03,1107751055.79,-3.107823981,-22.9298,41665109.13,-43.22,45.5886,3.356669379359,0.912,-0.228966902403,18.9571725545,软件开发,2024-04-27,2023-03-31
688819,天能股份,0.64,10751670560.29,26.2173853347,-9.1956,617611301.71,40.98,27.7939,14.707503846322,4.42,0.19207344229,19.1496133731,电池,2024-04-27,2023-03-31
688779,五矿新能,,1934331856.98,-42.9895094009,-63.3634,929379.0,-99.69,-99.7528,4.04490055532,0.01,-1.060894635895,3.590158137,电池,2024-04-27,2023-03-31
688767,博拓生物,0.11,103685805.87,-89.8074232493,-28.235,11899389.65,-97.58,110.7074,24.129337651471,0.46,-0.188076830319,42.9067913459,医疗器械,2024-04-27,2023-03-31
688720,艾森股份,0.05,71666840.38,-18.2491284014,2.1086,3537777.14,-46.2609796775,-75.9445,,,,25.9274266753,半导体,2024-04-27,2023-03-31
688719,爱科赛博,0.23,93862087.18,181.7040138178,-63.3937,14357508.35,177.6938264356,-73.1657,,,,53.0529381522,其他电源设备Ⅱ,2024-04-27,2023-03-31
688718,唯赛勃,0.04,89222029.77,27.1672508155,20.2665,6957674.91,2725.91,-22.4486,4.162678606237,0.965,-0.010254185061,27.4749074115,塑料,2024-04-27,2023-03-31
688701,卓锦股份,-0.09,65879271.52,-6.7535110714,-2.0225,-11821539.27,-426.7601379891,81.5076,2.906181484919,-2.98,-0.360016621192,14.7805276915,环境治理,2024-04-27,2023-03-31
688700,东威科技,0.23,234318690.14,20.234687318,-28.865,50555130.81,28.09,-24.9129,6.71529626216,5.25,0.183050820992,45.157212046,专用设备,2024-04-27,2023-03-31
688669,聚石化学,,829954719.82,-12.0614489634,21.4111,14513221.74,-14.38,205.3882,16.777455608197,0.93,-0.423015690514,13.7191938416,塑料,2024-04-27,2023-03-31
688662,富信科技,0.03,94345257.42,-28.8094388498,29.3409,2291226.44,-82.8,636.2901,8.228434705462,0.31,-0.171522957162,28.0944857482,其他电子Ⅱ,2024-04-27,2023-03-31
688659,元琛科技,0.02,93312252.37,-17.6845387367,-49.8608,3166892.32,-34.5,143.3105,4.043846121875,0.49,-0.2944807445,28.6974500667,化学制品,2024-04-27,2023-03-31
688657,浩辰软件,0.25,53681670.17,,-25.9854,8262529.01,,-61.0846,,,,92.2042323446,软件开发,2024-04-27,2023-03-31
688655,迅捷兴,0.05,106514751.33,3.5599060957,-6.3781,6249335.84,101.45,67.91,5.178695277082,0.91,0.128981401604,21.9752229787,元件,2024-04-27,2023-03-31
688648,中邮科技,-0.04,320581793.89,,-64.5535,-4161242.18,,-109.5977,,,,17.4463334993,专用设备,2024-04-27,2023-03-31
688638,誉辰智能,-0.12,157670435.57,100.63607013,-49.5248,-3636060.19,19.69,-109.7188,10.017054256667,-1.21,0.474735699,13.5839051453,电池,2024-04-27,2023-03-31
688616,西力科技,0.02,53528202.91,-23.2432546865,-65.1878,2762672.75,-47.88,-85.2866,5.085877774933,0.36,0.188315938067,25.9046010629,电网设备,2024-04-27,2023-03-31
688611,杭州柯林,0.16,37284193.04,22.4585686271,-61.1155,13031656.66,20.41,-56.446,14.811872770841,1.59,0.608867495886,67.6082085053,电网设备,2024-04-27,2023-03-31
688609,九联科技,0.0176,540145855.78,9.4217350209,3.5649,8755115.34,27.04,-33.0768,2.5229555088,0.68,-0.09869829634,18.1263268138,黑色家电,2024-04-27,2023-03-31
688607,康众医疗,-0.08,50118994.79,31.5798229235,-18.2417,-6696810.56,7.2820427313,-229.6024,9.490871734917,-0.8,-0.185982705108,37.8927026162,医疗器械,2024-04-27,2023-03-31
688606,奥泰生物,0.51,236135335.17,-88.7496586244,-37.6132,40532500.99,-96.14,123.0198,78.16090493616,0.97,-3.29614208258,52.7003645432,医疗器械,2024-04-27,2023-03-31
688600,皖仪科技,0.01,134821939.07,17.5715596119,-42.0241,1489261.89,116.2193358016,-93.2925,6.641251668521,0.17,-0.127141988313,51.4815783683,通用设备,2024-04-27,2023-03-31
688595,芯海科技,-0.34,61659280.95,-58.5985602841,-53.266,-48954819.46,-4944.49,-11956.0437,6.99519311125,-4.54,-0.332478577787,28.8606012361,半导体,2024-04-27,2023-03-31
688593,新相微,0.055,97432626.05,2.2075522731,-9.3764,20071599.87,-30.46,90.4989,1.820150388007,3.05,0.072337872639,31.8892879722,半导体,2024-04-27,2023-03-31
688585,上纬新材,0.04,320922706.99,-34.3230363828,-24.6165,17736186.07,-7.54,-32.8167,2.883532819072,1.54,-0.059253478894,16.4512160436,塑料,2024-04-27,2023-03-31
688579,地纬智能,0.0354,101965867.56,217.0915054582,-49.245,14150249.8,269.25,-62.1184,3.279373839754,1.09,-0.111879170171,57.9171612062,软件开发,2024-04-27,2023-03-31
688569,铁科轨道,0.66,572582840.34,114.8838811717,74.0069,138774799.44,197.68,202.5529,12.555608015647,5.39,0.418655389343,43.1971511883,轨交设备Ⅱ,2024-04-27,2023-03-31
688561,奇安信,-0.78,925073379.88,40.3163136436,-69.4806,-533471177.62,-10.9509951485,-145.1288,14.013817531825,-5.51,-1.057998570818,57.7077680464,软件开发,2024-04-27,2023-03-31
688557,兰剑智能,-0.01,154384813.79,31.0714185601,-49.2825,-730872.67,79.5617098844,-101.5661,13.688544129214,-0.07,-0.699683276318,23.4444017332,通用设备,2024-04-27,2023-03-31
688553,汇宇制药,0.09,237720069.6,-49.0380698483,-12.9712,38395308.1,-67.79,181.7431,8.868109284655,1.02,-0.131665680312,86.0108694962,化学制药,2024-04-27,2023-03-31
688551,科威尔,0.28,97147573.26,63.6309473588,-20.2254,22094397.67,195.86,30.2125,13.115705262218,2.12,0.004485290688,55.9412781157,其他电源设备Ⅱ,2024-04-27,2023-03-31
688539,高华科技,0.14,63579682.5,25.76,-14.4469,14368771.02,30.03,-39.1041,5.635271468173,2.59,-0.355415818675,59.6699923124,元件,2024-04-27,2023-03-31
688538,和辉光电,-0.03,846849077.23,-16.0531238716,-5.8291,-425788815.37,-125.4548663083,31.5897,1.107451883383,-2.73,-0.007304129943,-21.4589940092,光学光电子,2024-04-27,2023-03-31
688521,芯原股份,-0.14,539369222.73,-3.7705868261,-32.1411,-71593593.2,-2280.25,-274.4466,5.772959492733,-2.48,-0.528523031665,38.9419204783,半导体,2024-04-27,2023-03-31
688519,南亚新材,-0.04,696883587.37,-26.7227657444,-32.1915,-9311871.02,-113.11,-1.4949,11.379295354196,-0.35,-0.162981852435,9.1080712346,元件,2024-04-27,2023-03-31
688511,天微电子,0.2227,41313712.85,-17.0598961965,25.0021,17514103.97,-25.62,16.6885,10.117915522875,2.18,-0.023036702875,63.3032616433,军工电子Ⅱ,2024-04-27,2023-03-31
688509,正元地信,-0.02,182883778.36,-28.4157478482,-66.8305,-11890688.99,-4.2998372468,-115.8988,1.959331614987,-0.78,-0.086536832104,27.4694474384,IT服务Ⅱ,2024-04-27,2023-03-31
688508,芯朋微,0.18,187081465.93,1.0297984899,-2.602,20478005.99,-39.1,86.5269,13.202297463293,1.38,-0.207096599822,39.0909917807,半导体,2024-04-27,2023-03-31
688506,百利天恒,-0.42,123425134.32,1.7405692022,-44.6374,-166829778.92,-265.9943551767,-321.5344,1.904838656708,-19.61,-0.468573919701,62.0385345026,生物制品,2024-04-27,2023-03-31
688503,聚和材料,0.75,1783623461.21,5.3065471782,9.7886,123881418.08,19.7,39.7598,41.738276865024,2.69,-5.166161517983,8.7228391364,光伏设备,2024-04-27,2023-03-31
688502,茂莱光学,0.3528,125066474.81,11.7106255116,23.9325,13972268.21,0.7,114.8032,22.552418007765,3.76,-0.411136752841,51.677468137,光学光电子,2024-04-27,2023-03-31
688501,青达环保,0.01,76680965.51,178.7974505314,-81.5956,1050126.09,117.9357639698,-97.7129,8.461425265237,0.13,-0.842767614345,43.0742425716,环保设备Ⅱ,2024-04-27,2023-03-31
688479,友车科技,0.35,167211119.13,16.59,0.8864,36302685.14,5.44,911.5655,6.752492685194,4.84,-0.120775336019,41.3820581969,软件开发,2024-04-27,2023-03-31
688472,阿特斯,0.3,11830697757.23,53.4318002267,-16.1872,918308560.67,1181.61,2.003,4.103790937727,,-0.303721512714,15.9091626843,光伏设备,2024-04-27,2023-03-31
688419,耐科装备,0.16,42155847.66,-17.7122813046,-22.9844,13315937.91,72.1,-1.2387,11.661897937683,1.4,-0.059717745366,40.9994925957,半导体,2024-04-27,2023-03-31
688399,硕世生物,-0.33,94053695.57,-93.8199915519,-92.423,-19424028.96,-103.08,-109.5428,64.120202434152,-0.52,-3.862041588878,65.2021422533,医疗器械,2024-04-27,2023-03-31
688398,赛特新材,0.1,152634292.0,1.4734592618,-14.3173,11370963.76,5.12,-51.2013,11.896712465875,1.2,0.342372002,29.7958832148,化学制品,2024-04-27,2023-03-31
688395,正弦电气,0.2,98719458.62,8.2050009394,23.4069,16965390.67,18.73,391.9003,8.135694016744,2.45,0.077468806977,29.8249796662,自动化设备,2024-04-27,2023-03-31
688392,骄成超声,0.27,162427265.65,76.4607147179,20.8053,30756211.15,69.01,21.8995,21.76840117622,1.74,-0.385868851707,51.2708574738,电池,2024-04-27,2023-03-31
688391,钜泉科技,0.41,135971087.95,1.1750153726,-31.4257,34526775.9,-8.34,-33.5588,35.289666954688,1.71,-0.982908609896,54.1817387657,半导体,2024-04-27,2023-03-31
688381,帝奥微,0.0396,75566437.01,-53.0147085926,-24.4106,9985388.49,-84.49,-19.9963,12.46183835801,0.32,-0.005630074703,48.1850339922,半导体,2024-04-27,2023-03-31
688380,中微半导,0.11,131581560.32,-38.9982383023,2.2325,43206726.94,58.11,487.6129,8.069447532402,1.35,-0.274850419892,21.8597975963,半导体,2024-04-27,2023-03-31
688359,三孚新科,-0.13,83794318.71,-2.5382194112,-4.7256,-12257535.13,-106.0174148732,-452.7394,5.032220918245,-2.59,0.116915414918,26.287505405,电子化学品Ⅱ,2024-04-27,2023-03-31
688355,明志科技,0.08,108631582.01,-32.5677475304,-28.1836,10041476.24,-33.6,-18.4287,8.717039723476,0.93,0.474547083341,32.220101017,通用设备,2024-04-27,2023-03-31
688339,亿华通,-0.24,48373299.34,-50.1610627816,-86.08,-38633719.32,-65.5570460931,46.2249,27.304275315652,-1.32,-0.79787859171,34.89534731,电池,2024-04-27,2023-03-31
688335,复洁科技,0.3,172569104.94,59.4273149392,-42.2192,30770241.27,69.93,-31.7001,12.339227452435,2.49,-0.090180449719,30.892341644,环境治理,2024-04-27,2023-03-31
688331,荣昌生物,-0.6,168238991.99,12.058424895,-16.9079,-323774631.8,-12.8801203393,-4.2379,8.600077369764,-6.4,-0.642787394057,85.0765973494,生物制品,2024-04-27,2023-03-31
688329,艾隆科技,0.03,51051516.1,18.4227472188,-70.8837,2551313.76,749.0942165872,-93.8657,10.528661909456,0.3,0.129776665415,49.7459560266,自动化设备,2024-04-27,2023-03-31
688328,深科达,-0.22,149565509.77,-9.0984108163,14.4893,-17682018.89,-418.19,59.874,8.699128091834,-2.41,-0.220778011491,33.9085074614,专用设备,2024-04-27,2023-03-31
688326,经纬恒润,-0.73,738987807.64,4.2584921857,-44.2356,-87502540.69,-175.7648308618,-201.4886,43.545051228833,-1.66,-4.482283524833,26.4308508734,软件开发,2024-04-27,2023-03-31
688311,盟升电子,-0.17,41316486.67,232.1058831561,-83.2019,-19489013.79,-56.8307038865,-221.1315,14.925216483555,-1.13,-0.782086932845,41.6727843476,军工电子Ⅱ,2024-04-27,2023-03-31
688310,迈得医疗,0.11,72708646.44,39.8336575501,-60.916,13411992.23,457.73,-71.9055,9.948501351434,1.62,0.507920003855,48.8138951662,自动化设备,2024-04-27,2023-03-31
688309,恒誉环保,0.148,49153187.02,24.7495384762,-2.0558,11844265.31,-9.77,-16.3027,9.047818333073,1.65,-0.034923677552,57.3889362017,环保设备Ⅱ,2024-04-27,2023-03-31
688307,中润光学,-0.01,67334084.36,7.5456634883,-48.4828,-947435.82,-165.74,-105.6287,9.250141322273,-0.18,-0.202628923864,32.5961317342,光学光电子,2024-04-27,2023-03-31
688306,均普智能,-0.04,218148984.76,-56.4717023916,-66.0969,-45526194.17,-233.34,-102.4789,1.585861033998,-2.31,0.073829951124,13.9637316092,自动化设备,2024-04-27,2023-03-31
688302,海创药业,-0.76,,,,-75369313.02,13.2687427963,4.578,15.443493558257,-4.84,-0.646557175062,,化学制药,2024-04-27,2023-03-31
688297,中无人机,0.1,476617730.16,-44.3434510979,-21.5079,64492247.18,-52.1,466.3431,8.638212717067,1.11,-0.214284529748,26.9616680535,航空装备Ⅱ,2024-04-27,2023-03-31
688295,中复神鹰,0.15,568369045.69,23.6811208883,4.7428,131089281.56,11.28,-27.7494,5.275746119389,2.8,0.069357845533,40.8518777229,化学纤维,2024-04-27,2023-03-31
688289,圣湘生物,0.1,195173984.72,-86.4438716666,-91.8067,60012907.11,-90.79,-82.2674,12.850683434328,0.8,-0.200325995164,67.4681254825,医疗器械,2024-04-27,2023-03-31
688288,鸿泉技术,-0.11,85006171.01,23.0960988238,40.4747,-10787980.62,28.4219507943,77.3748,7.953205516089,-1.38,-0.067892341858,37.3314926116,计算机设备,2024-04-27,2023-03-31
688285,高铁电气,0.039,215737188.59,-18.0768075559,-64.8508,14001659.85,-35.23,-78.8397,4.252042244619,0.91,-0.413351709377,24.3824215768,轨交设备Ⅱ,2024-04-27,2023-03-31
688277,天智航,0.02,39503426.05,130.2808013854,-45.0757,8639060.96,130.0301017509,130.5898,3.047043133255,0.74,-0.201156017687,64.2079306942,医疗器械,2024-04-27,2023-03-31
688271,联影医疗,0.4,2212870463.39,33.416652869,-34.5218,329659181.62,7.68,-56.4679,21.61916471133,1.87,-0.38046750153,50.2552015524,医疗器械,2024-04-27,2023-03-31
688262,国芯科技,-0.07,163570840.37,228.415920653,-6.5051,-25000535.71,-8233.88,-15.3546,11.508503174542,-0.89,-0.540950333833,20.8413414352,半导体,2024-04-27,2023-03-31
688258,卓易信息,0.08,64683455.8,24.5845575449,-35.4385,6770112.35,-57.87,-65.2026,11.232952865988,0.7,0.331299400295,47.282880795,IT服务Ⅱ,2024-04-27,2023-03-31
688255,凯尔达,0.07,133695166.43,6.3144504963,72.9221,8030240.96,-45.02,176.2275,14.340063776252,0.72,-0.152881752229,17.0493952689,自动化设备,2024-04-27,2023-03-31
688229,博睿数据,-0.41,32253272.78,0.2829488091,50.4396,-17829244.79,23.1174842708,41.8031,14.388672869369,-2.75,-0.703802260811,73.9727250712,IT服务Ⅱ,2024-04-27,2023-03-31
688226,威腾电气,0.09,430451200.85,30.8160140401,-16.2138,13285171.43,-10.53,-31.9615,5.966263485192,1.44,-0.41275223641,16.0729068948,电网设备,2024-04-27,2023-03-31
688225,亚信安全,-0.2372,236212569.11,-17.0490797489,-65.8749,-94897763.93,-21.2632992123,-135.8069,6.412708886528,-3.64,-0.762054886128,60.372990708,软件开发,2024-04-27,2023-03-31
688217,睿昂基因,0.02,56884419.55,17.8373866027,-62.5492,1290913.02,155.3756014652,-66.4861,16.880829169445,0.14,0.658744804781,65.7329040461,医疗器械,2024-04-27,2023-03-31
688215,瑞晟智能,0.09,74322715.26,60.8798814982,-31.3519,3567137.34,100.94,332.9038,11.112933003996,0.8,-0.008221014735,33.3530024748,自动化设备,2024-04-27,2023-03-31
688213,思特威,-0.06,454337875.07,3.7579307191,-45.162,-25680896.45,-281.99,37.4995,9.260186765006,-0.69,0.965146155871,19.7908493555,半导体,2024-04-27,2023-03-31
688209,英集芯,-0.04,220583847.53,4.4692558916,-13.8907,-14994444.07,-125.77,-138.6213,4.215941126619,-0.85,-0.092777451952,31.1276980109,半导体,2024-04-27,2023-03-31
688207,格灵深瞳,0.0,67543770.98,24.4812388043,-57.2354,-818497.12,94.41,-101.6837,12.788929522093,-0.03,-0.217055930431,60.9234202695,IT服务Ⅱ,2024-04-27,2023-03-31
688206,概伦电子,-0.001,63931071.04,62.3342346579,-40.7162,-493802.03,-110.51,-103.4438,4.954840403883,-0.02,0.035550152811,90.2274513498,软件开发,2024-04-27,2023-03-31
688203,海正生材,0.02,142795235.72,-18.5502141382,12.75,4160245.29,-58.14,-16.8189,7.184013711735,0.29,0.185610181413,10.2068378098,塑料,2024-04-27,2023-03-31
688201,ST信安,-0.2363,51666460.77,-19.2873718407,-85.1044,-32571787.33,-1981.2,-129.7441,8.172402263258,-2.39,-0.310682581218,73.5700768226,软件开发,2024-04-27,2023-03-31
688199,久日新材,-0.16,265902365.16,-37.1372701586,-11.1589,-17849017.84,-132.59,71.4063,24.330381968824,-0.66,-0.363182741929,11.2349533191,化学制品,2024-04-27,2023-03-31
688195,腾景科技,0.05,77826846.65,-0.0625684392,-5.4179,6540886.71,-36.85,-51.6952,6.846685952841,0.74,0.128880711326,23.5020696679,光学光电子,2024-04-27,2023-03-31
688184,ST帕瓦,0.05,245940721.65,-40.6291934697,-28.6524,6435051.29,-86.43,-84.657,23.289304834634,0.21,-0.5426112361,9.3103485329,电池,2024-04-27,2023-03-31
688183,生益电子,0.0,742604987.42,-13.6872101251,-13.551,-4008036.13,-105.3643561308,-105.2056,4.904989295049,-0.1,0.259041106918,18.2513578748,元件,2024-04-27,2023-03-31
688181,八亿时空,0.14,191331816.7,-25.9808534668,-8.0982,18483535.81,-70.52,-37.1648,20.835145415276,0.92,-0.402644630964,40.8106797431,光学光电子,2024-04-27,2023-03-31
688172,燕东微,0.07,513918597.08,-10.3657097128,17.2046,89103522.74,-40.91,267.9834,12.040320792971,0.62,-0.022381715586,33.1411318111,半导体,2024-04-27,2023-03-31
688169,石头科技,1.56,1160048490.0,-14.6768427421,-48.1247,204254781.0,-40.42,-37.8135,104.483386037444,2.11,1.461402501586,49.8478553254,小家电,2024-04-27,2023-03-31
688167,炬光科技,0.17,116708716.74,5.5967546705,-23.5863,15185563.58,-24.65,-24.3138,27.096285443864,0.62,-0.365356644398,44.1832852424,半导体,2024-04-27,2023-03-31
688166,博瑞医药,0.17,304937396.25,22.7738632274,24.4591,70769470.45,16.48,68.5013,5.277801882092,3.18,0.059318764104,58.8787216878,化学制药,2024-04-27,2023-03-31
688163,赛伦生物,0.03,23955839.36,-3.8035419424,-3.3509,3015115.0,-23.86,120.9421,10.389073799483,0.27,-0.17203718601,69.5380844714,生物制品,2024-04-27,2023-03-31
688158,优刻得,-0.21,367550668.16,-30.3822775722,-23.9036,-94717899.19,33.01,-49.62,6.352661464162,-3.24,-0.026955532916,9.1140537161,IT服务Ⅱ,2024-04-27,2023-03-31
688151,华强科技,0.05,191850331.44,-15.6124759543,40.4998,17123244.96,-77.25,154.5729,12.220841200726,0.41,-0.237879702554,20.9933805471,医疗器械,2024-04-27,2023-03-31
688148,芳源股份,0.0,803354074.25,98.4633654625,-23.4881,1067447.79,147.0080005189,106.1566,2.641236289399,0.07,-0.358888407073,7.455155007,电池,2024-04-27,2023-03-31
688138,清溢光电,0.07,182998821.99,23.1488563508,-14.7484,19430542.64,46.34,-34.9974,4.877082703598,1.5,0.206617427361,23.6158293589,半导体,2024-04-27,2023-03-31
688136,科兴制药,-0.04,322637429.95,19.6220021068,-13.2386,-8766132.94,-130.11,73.8917,9.068839296701,-0.49,-0.234508469701,72.6443301716,生物制品,2024-04-27,2023-03-31
688130,晶华微,0.04,29284068.48,-45.544284708,17.3921,2963461.6,-87.62,149.905,19.747689388822,0.23,-0.279995995493,67.5146796747,半导体,2024-04-27,2023-03-31
688129,东来技术,0.03,83260112.22,8.8702901252,-33.8175,3051849.07,-72.32,2969.0039,6.862135205833,0.37,-0.344661472667,26.7742782896,化学制品,2024-04-27,2023-03-31
688126,沪硅产业,0.038,802982071.89,2.1031123142,-20.0366,104785445.34,791.5549256657,-47.3666,5.233792767231,0.73,0.129763536751,24.2535473876,半导体,2024-04-27,2023-03-31
688120,华海清科,1.22,616162771.86,76.8660605819,19.5401,193865558.18,112.49,22.157,46.734682218724,3.97,0.666176207195,46.6558187705,半导体,2024-04-27,2023-03-31
688116,天奈科技,0.12,278697953.43,-41.9935116421,-30.1832,39729245.6,-60.25,-58.7572,10.199499403347,1.6,0.168122853047,31.0619207047,电池,2024-04-27,2023-03-31
688115,思林杰,-0.15,31228326.28,-43.1425723394,-18.5208,-10225552.16,-164.52,-682.9778,19.859735733763,-0.77,-0.187021295935,60.117721237,通用设备,2024-04-27,2023-03-31
688107,安路科技,-0.1275,187526624.92,-27.3766842019,-23.3625,-51011477.05,-388.3,-2763.0893,3.915604023669,-3.22,-0.540149007598,37.321410301,半导体,2024-04-27,2023-03-31
688105,诺唯赞,-0.13,302194310.54,-69.0164598279,-76.0918,-50623311.46,-111.74,67.4426,11.372031848279,-1.1,-0.272676667033,68.6706038638,生物制品,2024-04-27,2023-03-31
688102,斯瑞新材,0.0386,251372240.85,5.148976365,-8.7984,21642300.48,-30.75,10.1796,2.540626851629,2.15,-0.009785276143,22.3084441625,金属新材料,2024-04-27,2023-03-31
688098,申联生物,0.04,81851831.18,-8.0827917,94.841,15867632.6,-33.69,240.841,3.684705798356,1.06,-0.080327518848,72.4570677956,动物保健Ⅱ,2024-04-27,2023-03-31
688089,嘉必优,0.09,87762301.3,16.1761747897,-45.2102,14307104.28,-38.4,206.0345,11.968212462,1.0,-0.044054262333,38.3632704604,化学制品,2024-04-27,2023-03-31
688082,盛美上海,0.3,615784940.35,74.0863089754,-31.1924,130937182.52,2937.19,-42.48,13.062687970996,2.34,-0.568935439922,54.6053825105,半导体,2024-04-27,2023-03-31
688070,纵横股份,0.02,79863816.74,67.9979091423,-21.1783,1478285.93,164.61,108.0908,7.667348817196,0.22,-0.811446673898,47.9004398882,航空装备Ⅱ,2024-04-27,2023-03-31
688069,德林海,-0.14,31055189.83,-30.3069662959,-79.506,-15273417.11,-595.36,-54367.1825,17.334962247547,-1.04,-0.385432452562,53.6501502042,环境治理,2024-04-27,2023-03-31
688067,爱威科技,0.03,40898718.07,-11.2363113374,-11.6588,2145251.44,-63.26,136.421,7.018731532059,0.45,-0.124312236471,53.6375248057,医疗器械,2024-04-27,2023-03-31
688063,派能科技,2.74,1840676935.98,126.0730739287,-24.7067,461900491.35,355.86,-26.4268,56.105647405506,5.87,5.583567128,40.2249976977,电池,2024-04-27,2023-03-31
688061,灿瑞科技,-0.02,71499528.35,-49.1662925886,-3.1399,-1361935.88,-104.31,88.0823,33.347810898402,-0.05,-0.43292668313,29.2066459764,半导体,2024-04-27,2023-03-31
688058,宝兰德,-0.08,53069316.09,-15.7679319213,-38.4323,-4451087.93,-131.31,39.4957,15.060433002857,-0.53,-0.191684009107,93.0995008231,软件开发,2024-04-27,2023-03-31
688057,金达莱,0.1803,114080978.51,-45.525823497,-63.263,49775620.83,-48.11,-61.7709,11.888279978225,1.53,0.106185198297,60.609801733,环境治理,2024-04-27,2023-03-31
688055,龙腾光电,-0.034,767743116.31,-41.5281683215,-11.7444,-111929037.9,-172.13,-1071.1228,1.409125419059,-2.36,0.033148706889,4.8875374748,光学光电子,2024-04-27,2023-03-31
688051,佳华科技,-0.38,62388454.12,-2.2183993254,45.3009,-29289733.54,-20.78,85.7996,12.926795103189,-2.89,-1.069985660899,23.2634633519,IT服务Ⅱ,2024-04-27,2023-03-31
688047,龙芯中科,-0.18,118085837.09,-34.9311507996,-53.6728,-72179159.11,-298.17,-238.9333,9.536931538329,-1.67,-0.42490138202,37.0386583843,半导体,2024-04-27,2023-03-31
688046,药康生物,0.08,140304915.96,20.8232103525,7.7063,31050205.03,2.39,-14.9717,4.903861869488,1.56,-0.034522510659,69.3009646488,医疗服务,2024-04-27,2023-03-31
688045,必易微,-0.0335,132334997.91,-21.197710365,5.9532,-2311815.89,-107.92,-183.6926,19.847281999221,-0.17,-0.332579400967,22.4397681331,半导体,2024-04-27,2023-03-31
688039,当虹科技,-0.17,51988073.66,-23.5755680331,-33.5395,-18901273.99,-26.0804202973,66.9231,16.772042038186,-1.39,-0.407540518573,44.4305353398,IT服务Ⅱ,2024-04-27,2023-03-31
688038,中科通达,-0.02,55565603.38,102.4383119307,-68.399,-1752827.36,74.67904782,86.1117,6.182414793501,-0.24,-0.167908434917,19.3221496518,软件开发,2024-04-27,2023-03-31
688037,芯源微,0.71,288217307.17,56.8858466088,-40.9612,65977387.5,103.55,15.478,23.509452732712,3.08,-1.872289289086,45.3134232855,半导体,2024-04-27,2023-03-31
688035,德邦科技,0.17,174323051.29,-0.3917711004,-41.032,24055029.08,40.14,-39.9394,15.671934233549,1.08,-0.208058757663,29.2693711431,电子化学品Ⅱ,2024-04-27,2023-03-31
688033,*ST天宜,0.08,311121465.34,79.4510419949,-5.9373,45289643.51,32.16,-18.0648,9.191968981993,1.71,0.040918535158,36.2626471197,轨交设备Ⅱ,2024-04-27,2023-03-31
688028,沃尔德,0.0668,107810680.56,56.3380707963,-24.876,10242509.2,43.32,-64.5893,17.251204257838,0.54,0.241014753293,43.4625482156,通用设备,2024-04-27,2023-03-31
688027,国盾量子,-0.2,30514623.91,208.5619713703,-68.2029,-16225284.68,17.2532820443,34.4945,20.204580786533,-1.0,0.024221937869,50.6006196096,通信设备,2024-04-27,2023-03-31
688026,洁特生物,-0.06,74281810.8,-60.9788228278,-42.6502,-8797295.17,-121.45,-516.3785,7.129362451218,-0.78,0.23386238375,20.8884297958,医疗器械,2024-04-27,2023-03-31
688021,奥福科技,0.12,98127243.94,76.5948401626,47.1888,9039625.45,-8.94,231.5048,12.06334966,0.98,-0.304092306718,38.8772159578,汽车零部件,2024-04-27,2023-03-31
688019,安集科技,1.02,269339661.31,15.5584324542,-4.8324,76181951.92,92.37,-19.7068,23.756714879036,4.58,0.964038591254,56.2428018485,电子化学品Ⅱ,2024-04-27,2023-03-31
688016,心脉医疗,1.73,285591399.25,10.74598232,22.9657,124840722.7,1.1,122.9497,25.673176545237,7.0,1.658693334103,75.733987952,医疗器械,2024-04-27,2023-03-31
688015,交控科技,0.05,295215009.61,-23.9541133896,-70.4875,10122164.29,-53.85,-88.589,13.137233388252,0.41,-0.253572613183,35.7219159687,轨交设备Ⅱ,2024-04-27,2023-03-31
688013,天臣医疗,0.14,59472354.75,17.4537011719,-6.7301,11699630.75,60.97,2.6015,6.45942264933,2.26,0.225529929543,55.923295773,医疗器械,2024-04-27,2023-03-31
688010,福光股份,-0.05,140075447.14,6.5788563506,-44.9523,-7740026.66,-160.65,-179.0339,11.623278513282,-0.43,-0.151278899564,23.2707052774,光学光电子,2024-04-27,2023-03-31
688009,中国通号,0.06,7503134045.5,8.0979439474,-43.4785,677962651.12,4.62,-34.3342,4.078604223721,1.49,-0.123455789147,22.6776369015,轨交设备Ⅱ,2024-04-27,2023-03-31
688007,光峰科技,0.03,459012885.14,-12.5922614338,-31.0106,13654664.95,-23.54,-51.3802,5.850705707833,0.51,-0.079480401568,35.3671812983,消费电子,2024-04-27,2023-03-31
688003,天准科技,-0.1747,181954357.87,28.4742334867,-76.8617,-33440553.35,0.4164284664,-127.319,8.533875818563,-2.0,-0.431059893734,39.7689358733,自动化设备,2024-04-27,2023-03-31
605589,圣泉集团,0.17,2031685005.93,-8.7395049076,-19.4527,128039923.04,2.04,-43.2971,11.003890750179,1.5,-0.063927584072,22.9359117806,塑料,2024-04-27,2023-03-31
605580,恒盛能源,0.1,192636792.33,1.7413030671,-27.5792,26884345.45,-31.7,-34.4372,4.565552359,2.99,0.45895992775,21.2234052465,电力,2024-04-27,2023-03-31
605567,春雪食品,0.04,688762142.12,41.6875886999,2.9063,8430113.76,-28.42,480.6713,5.7903474263,0.73,0.10182013445,7.9956910916,食品加工,2024-04-27,2023-03-31
605566,福莱蒽特,0.11,224287623.59,-2.0324787108,4.4408,14970007.88,-26.39,148.7135,15.010973775686,0.75,-0.052991378356,14.8889645605,化学制品,2024-04-27,2023-03-31
605399,晨光新材,0.13,283238839.48,-46.7691741118,-25.0547,40675835.0,-78.59,-48.9496,9.311071666743,1.84,0.43127595439,19.5044285739,化学制品,2024-04-27,2023-03-31
605398,新炬网络,0.11,132756511.48,2.5420860458,-25.9221,12575640.26,22.72,-47.5325,12.375011398903,1.23,-1.132685352759,35.2818400377,IT服务Ⅱ,2024-04-27,2023-03-31
605376,博迁新材,0.01,124671201.46,-50.717180386,-0.7869,1801236.09,-95.81,-90.0839,6.463780231116,0.11,0.187365733142,18.3617487936,金属新材料,2024-04-27,2023-03-31
605369,拱东医疗,0.26,226188708.14,-34.9563743694,-21.7427,28912951.01,-69.58,64.2821,14.380098184611,1.8,0.337262026499,34.8592758005,医疗器械,2024-04-27,2023-03-31
605305,中际联合,0.1,175269903.9,-1.9278438875,-26.2582,15130097.89,-65.67,-34.6633,14.33778233913,0.7,0.006442562582,48.5139964751,工程机械,2024-04-27,2023-03-31
605277,新亚电子,0.15,658120697.6,82.5231635509,5.2875,29851267.41,-12.96,13.9622,6.381603661382,2.39,0.211632912269,15.3335149947,消费电子,2024-04-27,2023-03-31
605266,健之佳,0.59,2166874356.81,49.4104302557,-22.7629,76303944.55,143.67,-55.2716,26.841005297737,2.92,3.35293143016,32.6134631272,医药商业,2024-04-27,2023-03-31
605208,永茂泰,-0.05,678530102.65,-26.1008602264,-21.4132,-15095617.6,-117.87,-147.5904,8.118660359968,-0.73,0.582238243302,5.3969441808,工业金属,2024-04-27,2023-03-31
605198,安德利,0.17,223566444.85,-16.0506195294,-12.2959,61912343.94,91.33,377.4415,6.79709857674,2.58,0.573672356975,27.5105664364,农产品加工,2024-04-27,2023-03-31
605162,新中港,0.03,194299318.68,-8.2193348659,-30.6856,10209597.17,-59.3,-52.5508,2.941767983923,0.91,0.077816898772,12.3345734215,电力,2024-04-27,2023-03-31
605122,四方新材,0.08,419528058.87,36.4296232535,-12.0017,13044867.09,-57.99,108.8048,12.857041402404,0.59,0.773625813326,12.7682954471,水泥,2024-04-27,2023-03-31
605118,力鼎光电,0.0738,130959725.37,-6.3540037415,-7.9004,29984146.42,-31.42,94.0092,3.387763453265,2.2,0.106377613658,39.8264973851,计算机设备,2024-04-27,2023-03-31
605016,百龙创园,0.25,194476395.76,-1.7028939053,13.3784,44446732.71,9.13,35.4638,7.826763450541,3.25,0.126895493522,35.3251710942,化学制品,2024-04-27,2023-03-31
605011,杭州热电,0.1,775725235.25,-4.0954857965,-19.5856,41795735.55,1.25,-10.5616,5.192649175581,2.03,0.039259938265,10.3569994966,电力,2024-04-27,2023-03-31
605009,豪悦护理,0.51,632037996.98,22.7873856213,-22.6532,79406920.92,44.65,-50.5281,19.939073551848,2.6,0.057042151682,23.061053482,个护用品,2024-04-27,2023-03-31
605001,威奥股份,-0.1,123387047.08,62.7086610793,-68.9514,-40275089.44,25.7366103252,-1069.3079,6.253111858122,-1.63,0.083084702535,13.7284385848,轨交设备Ⅱ,2024-04-27,2023-03-31
603999,读者传媒,0.013,221097871.07,13.8539799071,-53.9216,7604868.46,14.89,-64.1873,3.24897526033,0.41,-0.150427336858,21.9051906903,出版,2024-04-27,2023-03-31
603988,中电电机,0.02,181324785.24,-6.4385261516,-40.2576,3574635.45,-73.37,-69.6142,2.725092059354,0.56,0.000994866879,17.2767076374,电机Ⅱ,2024-04-27,2023-03-31
603987,康德莱,0.19,686873661.23,-20.8212979711,-4.6611,85121757.25,20.08,52.582,5.263213377977,3.75,0.171089822021,34.4033193916,医疗器械,2024-04-27,2023-03-31
603983,丸美生物,0.2,476746492.76,24.5827853119,-18.9233,78669809.57,20.15,45.2184,8.137470794339,2.44,-0.113877285538,68.678277991,化妆品,2024-04-27,2023-03-31
603977,国泰集团,0.06,464728720.25,14.7171896328,-22.3583,39649059.35,16.58,169.5333,4.670832787486,1.38,-0.086009267409,31.0424046468,化学制品,2024-04-27,2023-03-31
603976,正川股份,0.09,225554847.36,0.4134257189,9.6073,12994745.54,-49.85,-41.9661,7.756817067237,1.09,0.2593953327,18.2097732994,医疗器械,2024-04-27,2023-03-31
603966,法兰泰克,0.07,444156119.71,36.3555594739,-18.7532,23526953.51,11.63,-48.8677,4.728883834447,1.62,-0.086217301745,16.9778243581,专用设备,2024-04-27,2023-03-31
603960,克来机电,0.05,117066506.29,19.9661476909,-48.3161,12960762.85,4435.04,-66.8407,3.854867314539,1.29,0.274939968425,23.5065903409,汽车零部件,2024-04-27,2023-03-31
603958,哈森股份,-0.055,183767505.72,-9.2979282163,-18.5811,-12173654.07,63.2001375054,77.1835,3.611049386926,-1.51,-0.022338985634,54.3853005614,服装家纺,2024-04-27,2023-03-31
603956,威派格,-0.09,156477153.94,41.5196731085,-71.0051,-44419420.36,18.9856584052,-970.708,3.77968124963,-2.18,-0.203290629885,56.506654942,专用设备,2024-04-27,2023-03-31
603948,建业股份,0.58,703023072.68,-7.1640780915,4.0504,92209896.48,-31.85,39.9265,12.774921995324,4.55,0.389984424599,22.5854857487,化学制品,2024-04-27,2023-03-31
603937,丽岛新材,0.07,370234678.13,-3.236707298,-4.4023,14662325.33,-46.82,189.6951,7.593389094456,0.93,0.203564166555,9.1387583143,工业金属,2024-04-27,2023-03-31
603936,博敏电子,0.04,655654479.27,-0.7928194728,-2.5095,20991609.67,-48.28,142.8822,10.124225588675,0.57,-0.0308781007,14.1428749886,元件,2024-04-27,2023-03-31
603933,睿能科技,0.0809,465485065.02,-11.6432733896,-1.5753,16800039.41,-26.96,894.6405,5.960586420624,1.35,0.152153427087,21.7007091486,其他电子Ⅱ,2024-04-27,2023-03-31
603928,兴业股份,0.1,364691229.02,-29.009693455,-12.3562,19958866.16,-48.31,-27.8731,7.492152653522,1.33,0.487391672173,15.600973501,塑料,2024-04-27,2023-03-31
603926,铁流股份,0.1,502675769.59,-2.8409579287,-5.4639,22830716.9,-18.92,60.3427,7.012092946991,1.43,0.12075888132,17.8905596849,汽车零部件,2024-04-27,2023-03-31
603915,国茂股份,0.12,625727453.88,2.6188889172,-5.6409,80390124.87,24.25,-34.3969,5.065232893836,2.43,0.045870879531,27.166417044,通用设备,2024-04-27,2023-03-31
603901,永创智能,0.16,747881842.27,17.2711847417,29.7405,74314260.68,34.46,289.6151,5.062636620811,2.88,-0.310188679967,30.5983758418,专用设备,2024-04-27,2023-03-31
603899,晨光股份,0.3611,4881597128.81,15.4356790758,-22.1029,333575984.76,21.02,-3.9163,7.706506312684,4.77,0.146016414886,19.6801248954,文娱用品,2024-04-27,2023-03-31
603898,好莱客,0.04,347762973.17,-43.4735204991,-50.4389,12007819.75,-70.66,-76.1491,9.499480141184,0.39,-0.036844135794,35.5341446341,家居用品,2024-04-27,2023-03-31
603895,天永智能,0.07,194361760.59,28.6243300647,61.5448,7611311.87,-17.74,105.7867,4.434404423483,1.72,-0.86932927091,17.1964999126,专用设备,2024-04-27,2023-03-31
603881,数据港,0.08,372041050.45,8.6119088261,2.8201,35082728.33,241.96,-13.4769,9.277549580128,1.16,0.524288062139,29.3817484006,通信服务,2024-04-27,2023-03-31
603860,中公高科,0.06,28865391.82,147.033335893,-79.0512,4027782.19,196.644076124,-88.4259,10.955195640672,0.55,-0.420681258548,49.5226911145,工程咨询服务Ⅱ,2024-04-27,2023-03-31
603822,ST嘉澳,0.1317,649672383.85,25.7538421487,-26.7836,10194278.7,-63.72,112.2699,13.675965767336,0.9688,0.126898608483,10.1375879008,化学制品,2024-04-27,2023-03-31
603819,神力股份,0.002,358396552.04,-3.4090203642,5.3832,452777.09,-98.42,100.4146,3.323274915113,0.06,0.042204377843,8.1194156039,电机Ⅱ,2024-04-27,2023-03-31
603809,豪能股份,0.1111,378723215.22,-7.4466096194,-5.19,43316929.28,-47.15,-4.8057,5.252487960215,2.03,-0.166532901489,31.9191967331,汽车零部件,2024-04-27,2023-03-31
603803,瑞斯康达,-0.06,309934846.65,-27.95775776,-55.6432,-27547351.33,-198.37,-180.5555,4.441651100916,-1.42,0.011920678644,39.2000550061,通信设备,2024-04-27,2023-03-31
603798,康普顿,0.13,370949966.36,67.576683444,86.1736,34428490.17,12.33,4099.6341,5.6530265467,3.09,0.40126708835,22.8902735895,炼化及贸易,2024-04-27,2023-03-31
603797,联泰环保,0.11,349490397.55,19.0996826548,40.667,62959001.74,-9.19,21.3161,4.820048914606,2.2,-0.058782489687,46.6928974856,环境治理,2024-04-27,2023-03-31
603788,宁波高发,0.13,247950568.45,1.9021744319,-12.8277,28716409.22,-24.21,96.6716,8.933837906077,1.45,-0.2048506291,22.6485198203,汽车零部件,2024-04-27,2023-03-31
603777,来伊份,0.21,1212468282.54,-7.7972857329,7.0258,71213415.26,-23.04,127.2919,5.669225912761,3.86,0.159061933426,43.1529110266,休闲食品,2024-04-27,2023-03-31
603766,隆鑫通用,0.0901,2737019407.8,-21.8728881559,-5.8601,184967981.6,-35.14,169.3599,3.894455121638,2.34,0.195883231861,18.276543515,摩托车及其他,2024-04-27,2023-03-31
603758,秦安股份,0.14,330534504.93,-3.5664470065,-18.9808,60713069.87,48.85,-22.467,6.2084241304,2.25,-0.09753773164,27.7636752083,汽车零部件,2024-04-27,2023-03-31
603755,日辰股份,0.11,79976841.94,7.2107486336,6.0958,10659491.08,-21.54,11.2791,7.085413328704,1.54,0.128496397168,38.7057022247,调味发酵品Ⅱ,2024-04-27,2023-03-31
603738,泰晶科技,0.05,175411249.56,-33.0242573113,-4.4866,19118613.8,-74.04,96.916,6.559822066724,1.05,0.380396469007,23.6366389123,元件,2024-04-27,2023-03-31
603722,阿科力,0.07,143476476.53,-41.2683830148,5.7943,6273143.46,-85.56,-60.4099,8.758128897797,0.83,-0.168234056119,13.1227952382,化学制品,2024-04-27,2023-03-31
603716,塞力医疗,-0.07,444069353.53,-23.2887452022,-18.6885,-14907815.02,-170.37,90.0217,6.351400013486,-1.15,0.18987372423,22.3192023233,医药商业,2024-04-27,2023-03-31
603707,健友股份,0.21,1307482631.58,11.1275130456,51.7291,332325165.3,0.68,80.8213,3.990842154974,5.24,0.075720039812,50.6702099277,化学制药,2024-04-27,2023-03-31
603701,德宏股份,0.03,148406606.44,16.2613760212,10.0788,6734188.84,16.1,704.8936,2.86625190647,0.9,-0.037411238565,22.3321376285,汽车零部件,2024-04-27,2023-03-31
603700,宁水集团,0.05,312136244.4,27.6939615949,-38.4379,10234122.9,71.54,-83.4594,7.608574424774,0.66,-0.561192851133,24.6974969178,通用设备,2024-04-27,2023-03-31
603697,有友食品,0.11,233189022.27,-12.4873828064,-18.3457,47451249.99,121.37,-4.2549,6.18701566283,2.52,-0.077218599117,33.8390359082,休闲食品,2024-04-27,2023-03-31
603686,福龙马,0.19,1205687993.62,-1.0313125629,-10.7517,77090143.65,-2.53,45.7189,7.834414119587,2.4,0.02973242193,23.6411697867,环境治理,2024-04-27,2023-03-31
603678,火炬电子,0.28,641503752.91,-23.8955136395,-11.1889,126369484.01,-34.83,51.0627,11.616027422344,2.37,0.93335932523,41.4733454377,军工电子Ⅱ,2024-04-27,2023-03-31
603668,天马科技,0.01,1531245719.91,4.2268800063,-9.6904,5613167.15,-85.4,105.0666,4.67983782892,0.28,0.508104093582,8.2807116984,饲料,2024-04-27,2023-03-31
603667,五洲新春,0.12,810081251.52,-8.2007683052,17.7232,40174947.23,0.23,591.3157,7.094467448074,1.74,0.128788557954,16.2297634334,通用设备,2024-04-27,2023-03-31
603660,苏州科达,-0.1386,400459987.36,-9.9438999418,-1.1901,-68509426.14,11.1743864018,54.6275,2.455542750252,-5.3,-0.079728134712,54.2368892637,计算机设备,2024-04-27,2023-03-31
603639,海利尔,0.45,1229872265.99,2.5072686076,67.9124,152156390.34,6.69,417.2215,9.911233928988,4.62,0.434721186563,33.3934887945,农化制品,2024-04-27,2023-03-31
603633,徕木股份,0.06,233361332.66,14.3702527031,-9.9314,20122461.4,33.86,106.0553,5.733264172426,1.08,0.065230383675,27.3860427696,消费电子,2024-04-27,2023-03-31
603626,科森科技,-0.15,523076715.18,-43.1856911341,-44.0753,-83663950.13,-1522.43,-270.6977,5.421890211537,-2.73,0.548060169085,10.0383300453,消费电子,2024-04-27,2023-03-31
603610,麒盛科技,0.07,696841580.45,-6.3695761489,26.3608,23906723.25,-57.44,116.9412,8.607556657201,0.78,-0.255778378248,35.7360359996,家居用品,2024-04-27,2023-03-31
603609,禾丰股份,0.02,7843617840.18,23.0496305049,-15.571,19434574.57,115.1623915697,-88.1381,7.641182010164,0.27,-0.313635190163,4.6150895747,饲料,2024-04-27,2023-03-31
603607,京华激光,0.15,197857621.33,-21.0432480577,-17.6958,27337243.9,-19.59,-8.365,5.785256669512,2.68,-0.02071191731,30.8745111355,包装印刷,2024-04-27,2023-03-31
603606,东方电缆,0.37,1437884633.02,-20.8244063228,6.9668,255806690.8,-8.1,141.0952,8.160658037091,4.55,-0.476171040939,30.9557432995,电网设备,2024-04-27,2023-03-31
603602,纵横通信,-0.04,212641919.89,12.0178477759,-37.1777,-8340366.08,17.3951439357,-286.0758,3.590451579433,-1.11,-0.308220930779,15.0542587259,广告营销,2024-04-27,2023-03-31
603586,金麒麟,0.23,459807773.73,11.7921344157,9.2023,45395243.62,385.14,-32.7026,11.568898858715,2.02,0.19414573142,24.0272549209,汽车零部件,2024-04-27,2023-03-31
603568,伟明环保,0.3,1337702613.52,28.9994246173,16.634,507812034.09,9.58,23.9099,5.723173447518,5.28,0.22210243396,48.7856279553,环境治理,2024-04-27,2023-03-31
603557,*ST起步,-0.07,83757057.15,22.857786685,357.1287,-32242725.78,49.4485242628,89.5714,1.235365289287,-4.4704,-0.052196084187,17.0769038177,服装家纺,2024-04-27,2023-03-31
603533,掌阅科技,0.02,598143484.55,14.9379582126,-16.8509,6668750.16,144.53,-65.4323,5.887453189541,0.26,0.016993388458,75.5209769926,数字媒体,2024-04-27,2023-03-31
603530,神马电力,0.03,194420849.46,20.5741795211,3.5974,14833658.21,1725.94,-39.874,3.71465198955,0.93,0.040031938957,30.4493409346,电网设备,2024-04-27,2023-03-31
603529,爱玛科技,0.83,5441881320.83,18.6465220657,52.2652,477753704.97,50.48,-3.8627,12.548924455062,6.72,2.4226044925,15.8153181778,摩托车及其他,2024-04-27,2023-03-31
603515,欧普照明,0.13,1502727365.51,3.2681761963,-27.2092,97906685.54,47.79,-64.7804,8.172208326967,1.6,0.277228661099,36.8347205344,照明设备Ⅱ,2024-04-27,2023-03-31
603511,爱慕股份,0.32,922599495.57,-1.3367014419,8.8315,127401064.93,-2.06,294.8033,11.529225317342,2.8,0.943689942026,67.3444485807,服装家纺,2024-04-27,2023-03-31
603508,思维列控,0.24,275759407.65,45.9809189049,-38.6937,91011289.43,32.29,-40.171,11.642136003595,2.07,0.074974623406,55.9212819443,计算机设备,2024-04-27,2023-03-31
603501,豪威集团,0.17,4335380842.17,-21.7191167587,-7.6689,198855972.86,-77.81,117.1576,15.226477291689,1.1,1.167779696271,24.7158402449,半导体,2024-04-27,2023-03-31
603486,科沃斯,0.58,3236120000.36,1.0897463188,-37.7691,326147127.29,-23.01,-43.3994,11.585179819074,4.95,0.029276095405,50.6725448753,小家电,2024-04-27,2023-03-31
603458,勘设股份,0.1,338612375.43,-9.7299135401,-52.9848,31888219.95,5.19,7.1625,10.794360695941,0.95,0.157176469182,22.8719421704,工程咨询服务Ⅱ,2024-04-27,2023-03-31
603439,三力制药,0.13,348977589.51,119.9244147336,-28.951,54932724.23,131.49,-43.742,3.161075197354,4.34,-0.003297954086,72.4020357051,中药Ⅱ,2024-04-27,2023-03-31
603408,建霖家居,0.1,807965144.26,-28.9998071235,-4.3382,45426940.11,-52.74,-54.89,6.494081384835,1.57,0.097376493254,23.1649172566,家居用品,2024-04-27,2023-03-31
603393,新天然气,0.35,1018044977.9,-3.5816206532,-1.2909,146297113.59,-28.99,-27.1985,12.636727867338,2.77,0.845058019457,49.4405117982,燃气Ⅱ,2024-04-27,2023-03-31
603390,通达电气,0.02,111730791.84,28.9580586754,-36.8342,8741397.89,173.3166208458,117.2838,4.472277679119,0.56,0.104642688312,27.4709403778,汽车零部件,2024-04-27,2023-03-31
603353,和顺石油,0.07,868927418.33,-27.1941159505,135.11,12212953.18,-40.74,-7.5557,9.751266149463,0.73,0.497719592546,8.4533983737,炼化及贸易,2024-04-27,2023-03-31
603345,安井食品,1.24,3190886724.06,36.4268601151,-20.7586,361593151.58,76.94,-12.1442,41.216247475402,3.04,2.47345967056,24.7060989381,食品加工,2024-04-27,2023-03-31
603333,福华尚纬,0.003,354542830.19,-29.5140859166,-30.3646,1744019.96,-91.42,368.7813,3.392199176241,0.08,0.043809279609,19.2334376508,电网设备,2024-04-27,2023-03-31
603323,苏农银行,0.2,991000000.0,1.3774442859,0.8045,357597000.0,15.96,43.3754,8.067269121551,2.34,4.236223129471,,银行Ⅱ,2024-04-27,2023-03-31
603321,梅轮电梯,0.03,143412824.5,-19.0260493148,-30.4327,9368869.92,246.98,1438.2188,3.756092873941,0.82,0.04971480355,26.1985807483,专用设备,2024-04-27,2023-03-31
603311,金海高科,0.09,205975212.83,2.2320590992,5.1368,20106941.55,-11.65,301.2692,5.288037381923,1.63,0.137301663356,26.0880028726,家电零部件Ⅱ,2024-04-27,2023-03-31
603301,振德医疗,0.55,1300476798.62,2.8203546188,-32.9683,146461478.2,30.92,-35.2196,21.453472963841,2.61,-0.770764712294,35.6031286095,医疗器械,2024-04-27,2023-03-31
603297,永新光学,0.43,188173306.31,-9.9589704009,-14.9671,47384796.49,-12.26,-40.8351,15.525905814125,3.16,0.408992708017,38.6885166274,光学光电子,2024-04-27,2023-03-31
603288,海天味业,0.31,6980985131.27,-3.1720642765,7.1467,1715567769.87,-6.2,12.0832,6.066951381413,6.29,0.229493136449,36.9268935102,调味发酵品Ⅱ,2024-04-27,2023-03-31
603286,日盈电子,0.03,162368217.37,9.800561604,-11.0183,2937735.14,-11.57,121.3736,5.243433759594,0.64,-0.289269223284,16.6817467105,汽车零部件,2024-04-27,2023-03-31
603282,亚光股份,0.41,252098980.82,61.2566196937,-26.5573,41003851.56,86.85,-43.8561,8.478147217905,6.88,-0.510557662532,30.9040632043,环保设备Ⅱ,2024-04-27,2023-03-31
603277,银都股份,0.24,597914841.34,-10.2325047142,9.8449,97484819.57,-21.43,24.321,6.240743397472,3.78,0.385189213166,40.0952306708,通用设备,2024-04-27,2023-03-31
603272,*ST联翔,-0.04,36082019.51,-30.9025254994,-38.0913,-4016940.78,-140.44,-125.3968,6.245831147963,-0.62,-0.028402239667,20.9874800048,家居用品,2024-04-27,2023-03-31
603269,海鸥股份,0.02,207352604.72,-13.0397290019,-59.2664,2210396.07,-20.58,-93.5511,8.356535538316,0.24,-0.172884683889,29.4057158107,通用设备,2024-04-27,2023-03-31
603268,松发股份,-0.18,37375543.92,-25.2975160762,-50.5306,-21899302.06,-1.6469170856,70.4932,-0.592576769768,-12.1,0.034965166531,-8.7822432686,航海装备Ⅱ,2024-04-27,2023-03-31
603267,鸿远电子,0.44,435416746.31,-38.0579577588,-22.1664,101598017.8,-60.76,-25.2357,17.676831884208,2.5,-0.831443233907,49.9110681874,军工电子Ⅱ,2024-04-27,2023-03-31
603261,立航科技,-0.07,24243085.85,-27.8532169704,-89.689,-5580411.15,-327.68,-124.7211,11.093958159842,-0.64,-1.348365708063,30.1877017855,航空装备Ⅱ,2024-04-27,2023-03-31
603258,电魂网络,0.19,155712041.3,-31.4085360149,-10.0844,47335004.29,-33.75,717.9281,9.960455353513,1.95,0.155770632996,80.7107501197,游戏Ⅱ,2024-04-27,2023-03-31
603256,宏和科技,-0.004,122261916.55,-30.9225637499,-19.6704,-3768638.29,-124.15,-135.4971,1.70125921441,-0.25,-0.019677365619,16.3749918331,玻璃玻纤,2024-04-27,2023-03-31
603232,格尔软件,-0.18,68598275.38,-49.9858570957,-64.6007,-41651819.83,25.5250688764,-199.3675,5.737785338796,-3.07,0.119107397177,46.3596704346,软件开发,2024-04-27,2023-03-31
603229,奥翔药业,0.16,262549690.48,28.0021715122,40.6765,93672808.45,32.45,60.6788,4.788798354544,5.14,0.106122960427,58.8901503663,化学制药,2024-04-27,2023-03-31
603228,景旺电子,0.25,2340932582.78,-1.1342141352,-16.3343,211499259.97,20.42,-33.6894,9.413638276212,2.59,0.596411850612,24.437027227,元件,2024-04-27,2023-03-31
603219,富佳股份,0.06,417359751.98,-23.9760274509,-44.3306,25320720.97,-56.51,-65.4724,3.772596275761,1.68,0.240884709426,16.925983767,小家电,2024-04-27,2023-03-31
603217,元利科技,0.31,563860331.03,-25.7665198128,2.4511,63983411.16,-52.3,-9.821,14.736742498453,2.11,0.437060253623,19.3841021606,化学制品,2024-04-27,2023-03-31
603214,爱婴室,0.0191,757513691.2,-11.3717315351,-24.09,2680522.05,121.84,-93.4665,7.681357487542,0.24,1.121834871492,27.104106436,专业连锁Ⅱ,2024-04-27,2023-03-31
603211,晋拓股份,0.06,214325809.98,1.8458730307,-17.2168,17110698.4,-5.87,35.67,4.184988089276,1.52,0.093842116236,21.1958694495,汽车零部件,2024-04-27,2023-03-31
603209,兴通股份,0.28,339297865.72,89.7385669391,50.8275,77010501.7,57.32,55.8899,10.5467023541,3.72,0.38277310625,36.3156672231,航运港口,2024-04-27,2023-03-31
603200,上海洗霸,0.06,117427338.53,-14.0243017035,-13.1747,10950025.83,-40.65,209.1228,5.167888992346,1.23,-0.318348790459,34.386493908,环境治理,2024-04-27,2023-03-31
603197,保隆科技,0.45,1186869051.08,22.949250422,-24.0016,93371359.16,109.58,-5.8745,12.372246203771,3.67,0.20805551201,28.2449213681,汽车零部件,2024-04-27,2023-03-31
603196,璞源材料,0.0509,247418835.49,2.1651235072,-3.4754,12196063.6,50.7,202.2425,3.39609808672,1.51,-0.052251661925,60.2828997374,服装家纺,2024-04-27,2023-03-31
603182,嘉华股份,0.19,463772786.86,20.2888704461,-4.3569,30954958.83,-13.17,42.6053,6.069610298329,3.15,-0.300428134002,12.8189396887,农产品加工,2024-04-27,2023-03-31
603181,皇马科技,0.14,432071366.05,-29.8731796939,-6.3734,78848564.43,-39.32,-19.992,4.340624749244,3.08,0.07040119064,24.1826513789,化学制品,2024-04-27,2023-03-31
603173,福斯达,0.24,339542804.46,13.5626884937,-44.7417,35247208.78,46.5,17.5287,8.235851166375,3.26,-1.035583434125,21.4344825672,专用设备,2024-04-27,2023-03-31
603158,腾龙股份,0.08,677321058.41,14.0281401431,-28.7922,36999548.0,30.07,89.7638,3.995604119742,1.91,0.10899535948,22.4518316509,汽车零部件,2024-04-27,2023-03-31
603155,新亚强,0.24,226715678.12,-31.1157840599,17.461,54899215.85,-42.59,48.4246,10.651613708736,2.31,0.330917100487,31.3292931345,化学制品,2024-04-27,2023-03-31
603151,邦基科技,0.1393,390151205.11,15.4580772839,-15.3715,23397265.65,-11.91,-30.3575,7.449430644702,1.89,-0.449013988988,13.8918958983,饲料,2024-04-27,2023-03-31
603139,康惠股份,0.08,123792050.57,5.1491875888,6.3776,8206330.75,-6.66,110.3458,9.831127497897,0.84,-0.077236986284,34.5840722913,中药Ⅱ,2024-04-27,2023-03-31
603131,上海沪工,0.02,203193593.94,-17.946558159,-26.9075,6968452.09,-34.76,103.7162,3.942044324041,0.55,-0.158543369211,21.0359311045,通用设备,2024-04-27,2023-03-31
603109,神驰机电,0.312,733035467.79,7.034653211,4.1911,64928715.64,1793.62,-12.3082,8.240705489417,3.8,0.032972237277,26.8494571707,通用设备,2024-04-27,2023-03-31
603108,润达医疗,0.14,2178109255.75,0.4382690194,-23.8507,81035808.45,96.09,-27.4543,6.660238327318,2.06,-0.224264934507,26.9765590256,医疗服务,2024-04-27,2023-03-31
603101,汇嘉时代,0.1916,739470111.04,2.3548781112,156.6446,90109411.05,61.75,147.1309,2.953329304571,6.71,0.367698828253,39.2529338031,一般零售,2024-04-27,2023-03-31
603096,新经典,0.2771,204954704.14,-0.8231510289,-12.4751,45026614.32,5.63,335.3362,12.410985129713,2.26,0.045900147311,52.4127952226,出版,2024-04-27,2023-03-31
603095,越剑智能,0.14,205641290.07,-38.455586624,-1.4727,26089346.74,-47.0,39.637,19.557125710985,1.02,-0.380957539697,18.0027326212,专用设备,2024-04-27,2023-03-31
603090,宏盛股份,0.16,152231694.2,-0.7998123403,-11.5962,15635114.35,466.83,10.4917,5.51637138,2.88,0.118572105,25.0951473678,通用设备,2024-04-27,2023-03-31
603089,正裕工业,-0.04,296847573.73,-17.4237780122,-22.6391,-8276335.04,-179.79,16.8679,4.876367996777,-0.75,0.088769583209,24.3417324528,汽车零部件,2024-04-27,2023-03-31
603085,天成自控,0.01,278633676.32,-35.4885877297,-9.7035,1898566.78,-85.72,100.629,2.299938310426,0.21,-0.018729872551,23.9530048239,汽车零部件,2024-04-27,2023-03-31
603078,江化微,0.0695,225871619.21,-7.3982247373,-7.5234,26808458.87,-18.8,12.0236,5.597065443726,1.62,-0.017501678316,26.9365036709,电子化学品Ⅱ,2024-04-27,2023-03-31
603076,乐惠国际,0.06,320402586.28,2.9735256968,13.2162,6979213.08,-62.72,123.0446,10.902717953745,0.52,0.424801351425,22.2005849534,专用设备,2024-04-27,2023-03-31
603070,万控智造,0.07,435114445.07,-0.2694284574,-19.3565,28809315.85,58.78,-63.046,4.927773025661,1.47,-0.03622567808,27.301272878,电网设备,2024-04-27,2023-03-31
603068,博通集成,-0.24,159082026.94,-27.9787545288,-15.6797,-36724143.51,-1136.49,68.5697,11.725327570092,-2.06,-0.055167960217,23.8834100878,半导体,2024-04-27,2023-03-31
603065,宿迁联盛,0.12,465772413.57,-2.8276544281,19.6944,44889643.34,-43.36,102.1416,5.114415657759,2.72,-0.07516896131,20.635054971,化学制品,2024-04-27,2023-03-31
603061,金海通,0.64,101551353.2,-4.1645677017,18.1115,31895800.67,-9.79,3.3354,22.689206243333,3.76,-0.536243801333,53.537735832,半导体,2024-04-27,2023-03-31
603055,台华新材,0.08,970496811.82,2.6680409574,-2.8625,74480089.18,-35.1,360.4989,4.594473742012,1.81,-0.060881731987,20.5805964169,纺织制造,2024-04-27,2023-03-31
603048,浙江黎明,0.05,130003791.37,-4.307731777,-6.402,6614091.62,-49.71,734.353,8.800917534041,0.51,-0.055187290373,26.9032415835,汽车零部件,2024-04-27,2023-03-31
603042,华脉科技,-0.1229,216583199.58,-29.4554444375,-7.8295,-19734741.36,-54.5077838605,70.8284,5.948003298341,-2.05,-0.072813389191,15.540015156,通信设备,2024-04-27,2023-03-31
603041,美思德,0.14,120127795.35,-21.9880902851,-1.9578,24545082.03,10.31,-1.0868,7.634632269786,1.77,0.058557484961,35.2457361651,化学制品,2024-04-27,2023-03-31
603040,新坐标,0.36,131864540.0,35.7001263673,-23.7117,47974706.9,35.25,10.3054,8.611128061083,4.24,0.561770964478,59.4951255584,汽车零部件,2024-04-27,2023-03-31
603037,凯众股份,0.08,124854088.64,3.3996878094,-38.4069,8164886.66,-34.1,-69.0295,8.326487066754,0.61,-0.237817268987,34.4826826169,汽车零部件,2024-04-27,2023-03-31
603036,如通股份,0.07,73650722.32,9.02773221,-30.1689,14288731.67,3.23,-58.3673,5.957877831292,1.16,-0.051959754478,41.8065442267,专用设备,2024-04-27,2023-03-31
603035,常熟汽饰,0.24,844899369.28,23.854677086,-22.1118,92022010.67,16.97,-35.2548,12.433094088844,1.97,0.042055732842,21.3710698238,汽车零部件,2024-04-27,2023-03-31
603021,*ST华鹏,-0.14,136317355.38,-17.7551814089,-41.9474,-46198934.98,-18.66,82.0943,1.39869369798,-9.82,-0.011947949178,-3.713769502,家居用品,2024-04-27,2023-03-31
603013,亚普股份,0.25,1917425366.03,-4.7723274043,-19.5585,125898007.51,-2.35,15.6587,7.620305267245,3.28,0.404808923522,15.4000540168,汽车零部件,2024-04-27,2023-03-31
603010,万盛股份,0.1,710612463.92,-20.124105929,-23.9245,57641006.88,-55.17,-28.2364,6.901237756694,1.43,0.252517977972,18.438146049,化学制品,2024-04-27,2023-03-31
601999,出版传媒,-0.01,534026996.73,-5.5116333632,-28.4975,-4208064.11,49.1976528345,-110.5119,4.431868420991,-0.17,-0.310310806609,19.1153045736,出版,2024-04-27,2023-03-31
601997,贵阳银行,0.44,3739272000.0,3.1234849066,4.6016,1607119000.0,1.07,-6.435,14.59718264711,3.06,3.31,,银行Ⅱ,2024-04-27,2023-03-31
601991,大唐发电,-0.0121,28049510000.0,-5.8841202229,-5.1698,136945000.0,133.09,111.6614,1.5112290347,-0.8,0.189629967205,6.7316077892,电力,2024-04-27,2023-03-31
601985,中国核电,0.157,17893494221.82,4.6436203724,-3.7085,3023133804.99,4.79,208.8234,4.545889501667,3.52,0.507943248501,49.8527376527,电力,2024-04-27,2023-03-31
601968,宝钢包装,0.05,1759191660.73,-5.0437707837,-24.437,61333401.66,-4.4,6.7882,3.365349792239,1.62,0.272460787944,8.8067201794,包装印刷,2024-04-27,2023-03-31
601963,重庆银行,0.43,3233623000.0,1.5474125315,15.1528,1482261000.0,2.69,136.5679,13.157297294497,3.2525,1.23631965942,,银行Ⅱ,2024-04-27,2023-03-31
601956,东贝集团,0.0628,1292334364.93,-4.436248684,12.755,38398792.11,18.52,-20.9175,3.896344921558,1.6,-0.418285180692,14.2183756562,家电零部件Ⅱ,2024-04-27,2023-03-31
601952,苏垦农发,0.09,2453621366.31,-4.425250131,-34.0078,118975295.37,-13.43,-46.5374,4.605489136081,1.89,-0.046229429144,12.769025313,种植业,2024-04-27,2023-03-31
601949,中国出版,0.0181,1019285300.58,22.5583916878,-59.5093,32949840.97,838.1,-90.7684,4.502389403501,0.4,-0.176555401674,28.5837915659,出版,2024-04-27,2023-03-31
601933,永辉超市,0.08,23802041478.56,-12.6315261551,24.0731,704225687.58,40.24,137.5266,0.875558051543,9.1,0.120779047502,22.8769800512,一般零售,2024-04-27,2023-03-31
601880,辽港股份,0.02,2875939769.06,-0.3040859549,-14.0747,389748998.94,-18.69,151.9434,1.628209997754,1.0,0.012427031751,30.0737660915,航运港口,2024-04-27,2023-03-31
601858,中国科传,0.05,450422263.42,21.655359639,-55.1197,42741976.05,124.95,-77.2963,6.166022224794,0.88,-0.327452718659,33.8039716385,出版,2024-04-27,2023-03-31
601801,皖新传媒,0.17,3097397317.65,11.431210633,26.243,337956726.43,12.16,373.5968,5.798439520371,2.97,0.473280643364,20.3402332339,出版,2024-04-27,2023-03-31
601798,蓝科高新,-0.046,112170388.89,67.9700008739,-61.8049,-16471627.31,41.1041483589,87.7809,3.975560315854,-1.16,-0.105765235915,22.5542105099,专用设备,2024-04-27,2023-03-31
601777,千里科技,0.0089,1093897927.73,-12.4530607266,-67.303,40684949.49,-19.99,1580.7129,2.246003751369,0.4,0.011342966022,8.0345370086,摩托车及其他,2024-04-27,2023-03-31
601718,ST际华,0.005,2747798992.81,-32.4384022097,-8.0005,23947232.09,-77.5,-48.9344,3.883450112008,0.14,-0.105989475637,14.1645597534,服装家纺,2024-04-27,2023-03-31
601717,中创智领,0.446,9216378294.52,13.8274762186,11.6517,783069945.71,14.86,35.8852,10.46523842268,4.3,-0.236857787991,20.9709933822,专用设备,2024-04-27,2023-03-31
601689,拓普集团,0.41,4468569793.4,19.3206047401,-8.6063,450206774.38,16.67,-8.3945,11.285526609841,3.64,0.616316823985,21.8522058665,汽车零部件,2024-04-27,2023-03-31
601678,滨化股份,0.04,1755630659.17,-21.6833398203,-16.7813,71730916.84,-80.63,-56.4016,5.51994730711,0.63,0.074381095142,17.2175433501,化学原料,2024-04-27,2023-03-31
601677,明泰铝业,0.36,6093314615.11,-18.6403600891,5.7599,353683767.59,-40.15,26.6425,12.772989098069,2.86,-0.587003085352,12.4609532368,工业金属,2024-04-27,2023-03-31
601665,齐鲁银行,0.2,2863803000.0,8.721350485,7.7082,1015366000.0,12.33,-4.213,6.559401314128,3.03,2.488988793086,,银行Ⅱ,2024-04-27,2023-03-31
601628,中国人寿,0.81,105713000000.0,-69.24963203,194.6067,22770000000.0,18.0,1753.3679,16.308650274191,6.01,6.226074650628,,保险Ⅱ,2024-04-27,2023-03-31
601609,金田股份,0.06,24012894099.77,12.1051502021,-3.351,84437198.57,-37.1,348.4852,5.022120007303,1.11,-2.782962920862,2.0555309114,工业金属,2024-04-27,2023-03-31
601607,上海医药,0.41,66226461496.33,16.3946162974,15.4387,1517649326.44,21.31,88.9396,18.539265434596,2.24,-0.709293770125,13.0383650472,医药商业,2024-04-27,2023-03-31
601601,中国太保,1.21,94386000000.0,19.3882971995,-0.5961,11626000000.0,27.4,168.0655,25.824428274428,4.9,5.127234927235,,保险Ⅱ,2024-04-27,2023-03-31
601599,浙文影业,0.03,685047279.04,-7.9175483796,54.9554,34529335.35,4.5,805.8478,1.144716980819,2.63,-0.343785626927,17.5617917348,纺织制造,2024-04-27,2023-03-31
601595,上海电影,0.08,177544049.08,12.8967079254,112.6912,35975700.4,2894.58,120.7592,3.593419560353,2.26,-0.054991489692,23.6606997687,影视院线,2024-04-27,2023-03-31
601579,会稽山,0.17,369876313.26,-2.0303683976,-10.2257,79387712.01,1.26,75.6421,7.852203303172,2.11,0.047450709132,48.6497789961,非白酒,2024-04-27,2023-03-31
601577,长沙银行,0.49,6081359000.0,12.8847526038,9.0807,1979370000.0,8.68,35.6231,13.957523385239,3.59,-3.065716138587,,银行Ⅱ,2024-04-27,2023-03-31
601528,瑞丰银行,0.18,914489000.0,8.0975431006,11.5673,346749000.0,16.16,-23.1636,10.136052154728,2.3,8.698275091016,,银行Ⅱ,2024-04-27,2023-03-31
601518,吉林高速,0.06,281828452.45,25.2637103876,-55.1645,121454531.95,43.06,61.0928,3.400942910249,2.68,0.125182927138,63.436407533,铁路公路,2024-04-27,2023-03-31
601512,中新集团,0.28,930396100.58,-37.5934499885,-44.1349,416925231.72,-30.07,-27.4744,9.174589557232,3.08,-0.117898371181,67.0245348343,房地产开发,2024-04-27,2023-03-31
601388,怡球资源,0.0336,1752227342.45,-10.7658529099,-3.3079,73985610.78,-50.46,-18.8561,1.935259249121,1.74,0.000891073137,10.9494527218,工业金属,2024-04-27,2023-03-31
601377,兴业证券,0.0959,4169261458.99,147.0168475741,21.2643,828387817.96,430.09,-3.2864,6.149372420566,1.57,-0.222193272546,,证券Ⅱ,2024-04-27,2023-03-31
601375,中原证券,0.02,463516307.36,19.3142235341,6.9558,70497329.89,282.45,1554.2712,2.975104273264,0.51,-0.406444648776,,证券Ⅱ,2024-04-27,2023-03-31
601328,交通银行,0.33,67079000000.0,5.5066217874,6.6405,24633000000.0,5.63,1.5124,11.730336776053,2.8675,1.79062251727,,银行Ⅱ,2024-04-27,2023-03-31
601298,青岛港,0.19,4551596874.0,0.0369168257,2.0147,1258968390.0,10.23,17.1853,5.95814083237,3.38,0.157645592889,37.490129953,航运港口,2024-04-27,2023-03-31
601238,广汽集团,0.15,26556723915.0,14.1353292989,-10.4007,1537865790.0,-48.89,25453.3462,10.956343259316,1.35,-0.07043558163,4.0079882551,乘用车,2024-04-27,2023-03-31
601222,林洋能源,0.1,1064878236.67,8.2172074352,-20.6196,196670606.0,10.03,61.0115,7.251555789698,1.32,-0.036510356085,36.1530088683,电网设备,2024-04-27,2023-03-31
601218,吉鑫科技,0.0105,235724974.17,-29.7351877598,-53.6601,10221479.2,-59.74,-82.7865,2.883304513956,0.36,0.123070185367,22.3386319143,风电设备,2024-04-27,2023-03-31
601199,江南水务,0.0787,293667210.41,9.015384072,-31.5332,73573673.95,28.24,-10.7408,3.811445094618,2.09,0.04146073493,42.1227532476,环境治理,2024-04-27,2023-03-31
601198,东兴证券,0.068,931479673.41,31.6139220098,48.8502,219437640.17,628.25,833.8433,8.187903617327,0.84,0.36405853501,,证券Ⅱ,2024-04-27,2023-03-31
601188,龙江交通,0.048,127002780.1,49.5261522888,43.8868,62793146.11,6.52,269.7496,3.472893227646,1.37,-0.10571677431,52.9922592537,铁路公路,2024-04-27,2023-03-31
601163,三角轮胎,0.29,2457535290.57,32.7699303735,1.7354,231690870.06,296.56,-13.367,14.915423496488,1.96,0.095260167725,17.9078456708,汽车零部件,2024-04-27,2023-03-31
601158,重庆水务,0.06,1662163856.45,2.7583765735,-29.0475,286480786.64,-25.87,27.7215,3.620535263558,1.66,0.12409895015,32.0215162256,环境治理,2024-04-27,2023-03-31
601139,深圳燃气,0.09,7577665500.43,11.6739225799,0.8042,258298246.84,14.0,-28.2965,4.66050025974,1.95,0.099069463975,13.7439349729,燃气Ⅱ,2024-04-27,2023-03-31
601116,三江购物,0.0969,1091491993.93,-1.1791679187,16.3415,53042975.42,11.28,9.4724,5.838139330289,1.6651,0.308008517827,27.1460425104,一般零售,2024-04-27,2023-03-31
601111,中国国航,-0.19,25067711000.0,94.0589245181,131.9148,-2926407000.0,67.1187379936,72.1725,2.180493880763,-8.03,0.419495391368,-4.9936789203,航空机场,2024-04-27,2023-03-31
601099,太平洋,0.022,466321999.88,88.8163275314,172.4671,148925156.82,1503.35,137.6601,1.375925434065,1.6,-0.041394236508,,证券Ⅱ,2024-04-27,2023-03-31
601098,中南传媒,0.19,2663928479.94,10.9795715793,-29.3875,347367324.8,28.68,5.8151,8.346473977584,2.34,-0.825197361114,41.8648057059,出版,2024-04-27,2023-03-31
601088,中国神华,0.937,87042000000.0,3.7424614431,-7.4455,18612000000.0,-1.9,77.3416,20.906438976873,4.6,1.469812551017,36.569701983,煤炭开采,2024-04-27,2023-03-31
601077,渝农商行,0.35,7339216000.0,-3.2615415114,14.0658,3951350000.0,9.18,282.2605,9.790206304482,3.6675,3.361000352206,,银行Ⅱ,2024-04-27,2023-03-31
601059,信达证券,0.07,1090236829.32,36.2786404271,46.1633,215897059.06,30.19,-57.1209,5.118350300712,1.39,0.887641084138,,证券Ⅱ,2024-04-27,2023-03-31
601058,赛轮轮胎,0.12,5371042492.24,10.4432488292,3.5996,354991015.71,10.32,32.9419,4.037243306224,2.87,0.214297481219,20.3245502998,汽车零部件,2024-04-27,2023-03-31
601020,华钰矿业,0.028,153110515.29,72.9003123946,1191.3431,15468709.31,498.84,80.4783,5.039461823646,0.54,-0.090680692125,53.3924332337,工业金属,2024-04-27,2023-03-31
601018,宁波港,0.05,5823212000.0,-6.2519298713,-3.4618,993630000.0,-7.66,35.9451,3.750637902359,1.37,0.175944779142,30.896144602,航运港口,2024-04-27,2023-03-31
601011,宝泰隆,0.016,830189816.94,4.8476309447,-21.1666,30306668.21,-29.28,-25.6611,4.046776667697,0.39,0.12665183404,15.7845147394,焦炭Ⅱ,2024-04-27,2023-03-31
601009,南京银行,0.52,12953215000.0,5.5116005851,37.5369,5426811000.0,8.22,57.8857,12.590548030409,4.2,6.25,,银行Ⅱ,2024-04-27,2023-03-31
601008,连云港,0.03,600315773.17,9.7602445046,-8.3539,34873285.8,14.85,-19.6083,3.400739963539,0.72,0.031782874472,22.4860926887,航运港口,2024-04-27,2023-03-31
601006,大秦铁路,0.25,19839429369.0,8.658379872,16.7431,3654968540.0,23.19,847.3722,8.659027428327,2.81,0.287007033801,25.2139222956,铁路公路,2024-04-27,2023-03-31
601003,柳钢股份,0.1,17164681585.71,-25.2489813062,-6.5331,268630961.95,152.4867537625,7.8586,3.933889303538,2.7,0.004329292894,4.2655087277,普钢,2024-04-27,2023-03-31
601001,晋控煤业,0.42,3714705253.96,-9.9114126638,12.83,710857994.87,-21.03,309.8714,9.220403889353,4.75,1.183833960543,48.5498526796,煤炭开采,2024-04-27,2023-03-31
601000,唐山港,0.0871,1458365274.01,18.2518590483,19.5041,516353820.68,30.88,70.0525,3.328305331646,2.66,0.08885683316,47.8235634432,航运港口,2024-04-27,2023-03-31
600999,招商证券,0.24,4758451712.94,28.7365794661,21.3501,2259861584.54,51.5,26.1172,11.782315544421,2.09,2.842916062798,,证券Ⅱ,2024-04-27,2023-03-31
600998,九州通,0.14,42092541357.0,19.7499999691,12.3136,561172724.88,24.06,62.0691,12.282407663224,2.33,-1.612486643166,7.5713195161,医药商业,2024-04-27,2023-03-31
600997,开滦股份,0.26,6262068492.18,8.7070727641,-1.7453,407728878.94,-40.51,1232.2997,9.141515568167,2.85,0.088699005193,14.2037001646,焦炭Ⅱ,2024-04-27,2023-03-31
600996,贵广网络,0.002,630604458.29,2.3143233155,-67.0827,2068003.95,-28.34,-99.2872,4.393462097055,0.04,0.021582742398,28.9895353667,电视广播Ⅱ,2024-04-27,2023-03-31
600995,南网储能,0.12,1408689771.71,-26.1148955827,-24.6392,380115483.12,-8.61,10.4497,6.355739147461,1.89,0.375713333931,56.2699275219,电力,2024-04-27,2023-03-31
600990,四创电子,-0.2541,210874432.62,-10.4528350487,-83.1064,-69848181.9,11.3526186945,-159.924,12.590275527742,-2.59,-0.368317727576,14.6813286207,军工电子Ⅱ,2024-04-27,2023-03-31
600985,淮北矿业,0.85,19043450764.32,6.1196779945,61.3532,2111326823.64,30.6,17.817,14.396609332849,6.13,0.55336481375,24.2674449348,煤炭开采,2024-04-27,2023-03-31
600970,中材国际,0.23,10013515257.43,0.6339175481,-17.8415,617376143.37,5.52,-2.0236,6.664488839509,3.54,-0.756403875036,16.9336150545,专业工程,2024-04-27,2023-03-31
600969,郴电国际,0.0528,1015447518.1,4.8414521242,-18.6336,19527191.1,-34.02,197.5018,9.90485862983,0.53,-0.142977989619,7.1372394366,电力,2024-04-27,2023-03-31
600965,*ST福成,0.0719,303766723.26,-4.2358904804,53.1498,58843561.32,14.72,352.4165,2.660074172309,2.739,-0.041645157724,39.8000349487,养殖业,2024-04-27,2023-03-31
600933,爱柯迪,0.19,1256653420.45,39.1851066141,1.4431,169362017.58,99.52,-29.7763,6.205211541646,3.08,0.232808652993,29.6456267072,汽车零部件,2024-04-27,2023-03-31
600929,雪天盐业,0.1399,1501219423.02,0.4575795658,-14.1127,206281258.53,45.21,35.5898,4.359557059443,3.26,0.069316936679,30.5218964459,化学原料,2024-04-27,2023-03-31
600909,华安证券,0.08,1034524655.46,97.7273657533,36.4057,364221044.69,242.38,62.452,4.281298722167,1.79,-0.259466436587,,证券Ⅱ,2024-04-27,2023-03-31
600908,无锡银行,0.25,1241972000.0,3.6461397619,21.8529,547415000.0,23.18,-1.9144,8.057030423757,3.1,4.477661584806,,银行Ⅱ,2024-04-27,2023-03-31
600901,江苏金租,0.16,1211132523.33,12.9847356785,10.5259,680057680.72,10.38,16.0838,5.459713540451,4.17,-0.179528842346,,多元金融,2024-04-27,2023-03-31
600882,妙可蓝多,0.048,1022743665.28,-20.4704204184,2.2462,24202313.22,-67.08,393.1146,8.680719570603,0.54,-0.224493888246,32.6892511271,饮料乳品,2024-04-27,2023-03-31
600867,通化东宝,0.13,665357856.54,-25.0281790631,-2.0655,250436583.32,-69.87,39.8179,3.407185485393,3.75,0.078438268983,77.5986687337,生物制品,2024-04-27,2023-03-31
600864,哈投股份,0.09,1034101277.75,16.23,19.9841,192180122.24,140.2755375932,159.5052,5.885451416196,1.58,0.057369790032,10.0128152116,证券Ⅱ,2024-04-27,2023-03-31
600859,王府井,0.2,3366874427.85,1.5824849467,44.2876,226431222.05,-39.77,202.9009,17.06773603241,1.141,1.115946926545,42.798052595,一般零售,2024-04-27,2023-03-31
600855,航天长峰,-0.099,207288226.59,-9.9676904421,-71.8439,-44522857.87,-6.4662927433,-255.7522,3.810012138975,-2.56,-0.179417613728,30.5749140617,军工电子Ⅱ,2024-04-27,2023-03-31
600851,海欣股份,0.022,282592919.46,-6.6593590146,-27.7605,26525288.95,-2.89,527.9804,3.24228855931,0.6877,-0.003171811395,49.0393148083,化学制药,2024-04-27,2023-03-31
600848,上海临港,0.1,1002262139.23,-46.8524999096,-7.4115,256744245.35,-9.94,12.768,6.846544953648,1.5,-1.030861909198,69.6745795992,房地产开发,2024-04-27,2023-03-31
600846,同济科技,0.13,1009738626.3,42.3002702378,-44.1944,82143938.73,46.63,-50.5509,5.818681499438,2.29,-0.286051898626,12.9454901492,工程咨询服务Ⅱ,2024-04-27,2023-03-31
600838,上海九百,0.0367,21942183.15,14.5595361948,-10.9768,14707223.86,13.44,-31.1161,3.659507765828,1.02,-0.002911843698,28.2668486887,一般零售,2024-04-27,2023-03-31
600835,上海机电,0.23,4538573542.18,14.6960798418,-31.613,230968204.46,39.43,7.2416,12.891960455274,1.77,-0.017724188029,15.8802064539,专用设备,2024-04-27,2023-03-31
600828,茂业商业,0.0613,942297846.71,9.1391836895,-14.8683,106146545.33,158.31,-57.6063,4.201419371775,1.47,0.184081258195,59.5979430624,一般零售,2024-04-27,2023-03-31
600819,耀皮玻璃,-0.07,1040843615.7,-4.8283893969,-20.3867,-65779884.53,-271.3176821603,-375.525,3.672400515238,-1.91,-0.186997910376,9.0927426966,玻璃玻纤,2024-04-27,2023-03-31
600818,ST中路,0.006,188745030.76,42.8962629322,-15.3415,1842255.66,156.7,101.7977,1.825698340922,0.31,-0.026532330884,17.6421311575,摩托车及其他,2024-04-27,2023-03-31
600815,厦工股份,-0.005,175383367.63,-40.9308428419,-20.6551,-9230468.24,-2052.9062059703,-102.857,0.84037879079,-0.62,-0.007610974028,11.4840506726,工程机械,2024-04-27,2023-03-31
600810,神马股份,-0.02,2987590658.32,-22.5533923283,-4.3877,-21556181.57,-105.56,76.7174,7.179134705012,-0.27,0.012330862875,12.6530832508,化学纤维,2024-04-27,2023-03-31
600807,济高发展,0.01,194033810.54,-39.511762105,-62.9999,6908536.44,104.9974036515,-97.4268,0.382706146668,2.0,-0.152052417169,33.9504242774,医疗器械,2024-04-27,2023-03-31
600805,悦达投资,0.01,612660843.99,-28.0473451798,-16.388,6103678.74,-92.7,105.5086,5.065494752432,0.14,-0.066061938262,5.9534553494,综合Ⅱ,2024-04-27,2023-03-31
600803,新奥股份,0.47,34370650000.0,-2.9791362512,-27.6148,1456320000.0,70.04,-45.7522,6.180373741286,7.93,0.829902530338,12.8788727868,燃气Ⅱ,2024-04-27,2023-03-31
600801,华新建材,0.12,6628435263.0,1.4918832117,-23.4544,247979284.0,-63.09,-47.7074,13.115459766642,0.9,0.158315062461,20.2333594097,水泥,2024-04-27,2023-03-31
600798,宁波海运,0.0034,445084597.51,-4.638302513,-14.5831,4063796.41,-87.18,-52.6544,3.231455364919,0.1,0.13687446536,9.629704191,航运港口,2024-04-27,2023-03-31
600795,国电电力,0.053,45612927730.16,-2.5030509143,-2.3091,946156596.25,-7.02,142.8955,2.589445281241,2.077,0.430499618032,13.2378949307,电力,2024-04-27,2023-03-31
600794,保税科技,0.05,261116528.93,-14.6900333549,-21.562,65723994.14,67.72,102.106,1.979001008204,2.78,-0.201180187472,42.6610279581,物流,2024-04-27,2023-03-31
600793,宜宾纸业,0.0364,504827868.18,-12.2794900768,0.0769,6433758.03,51.1,182.1545,3.756032238378,0.97,0.316974851705,9.946414385,造纸,2024-04-27,2023-03-31
600792,云煤能源,-0.02,1886911819.45,2.7088310392,2.9632,-15592764.31,68.8201839401,81.8159,3.200290199749,-0.48,-0.201876859901,2.5390723714,焦炭Ⅱ,2024-04-27,2023-03-31
600791,京能置业,-0.09,1701639891.57,114.2287577971,-66.2836,-42833379.69,-119.1622500268,-150.1257,2.75924178173,-3.32,4.708056267665,5.7701714902,房地产开发,2024-04-27,2023-03-31
600787,中储股份,0.04,14827313098.94,-6.2606037772,-18.8235,88111061.55,-72.96,-50.4697,6.002087053359,0.6728,-0.408962276809,2.760464826,物流,2024-04-27,2023-03-31
600784,鲁银投资,0.12,1002362460.71,31.7304571415,3.5513,82778576.44,41.78,-26.7404,3.99795112636,3.1,0.037702527716,19.4938439546,化学原料,2024-04-27,2023-03-31
600782,新钢股份,0.03,22874064652.88,-12.0311116695,-0.6627,95684158.42,-90.71,118.7752,8.275948037603,0.363,0.117478569391,2.0455703633,普钢,2024-04-27,2023-03-31
600779,水井坊,0.3276,853331159.68,-39.6925774568,-5.3923,159478536.48,-56.02,-0.8282,7.421004610811,4.51,-0.03336246998,83.174668453,白酒Ⅱ,2024-04-27,2023-03-31
600777,新潮能源,0.0934,2001821209.38,19.0385933383,-23.3374,634901627.58,20.55,31.12,2.569531948433,3.6891,0.216692758318,58.5596507129,油气开采Ⅱ,2024-04-27,2023-03-31
600776,东方通信,0.011,601137278.33,-2.0393236125,-45.9246,13489478.19,145.69,-80.1156,2.684872457252,0.4,-0.128611999673,12.2605866275,通信设备,2024-04-27,2023-03-31
600775,南京熊猫,-0.0333,558119921.1,-47.3641128708,-53.6639,-30392445.83,-79.2652468641,-183.8635,3.856779296925,-0.86,-0.190383862454,12.9661767954,通信设备,2024-04-27,2023-03-31
600774,汉商集团,0.0822,361417097.31,1.1560730413,-0.4719,24256576.86,4.29,6.0818,5.710562785033,1.45,0.190877541986,58.9447300378,化学制药,2024-04-27,2023-03-31
600764,中国海防,0.0219,436760113.98,-3.8923051898,-74.8101,15547728.77,0.89,-95.6,10.971608326946,0.2,-0.383583346679,39.3576611686,航海装备Ⅱ,2024-04-27,2023-03-31
600761,安徽合力,0.36,4199568093.27,6.413533394,11.4923,263004688.3,35.61,20.3161,9.090640790262,3.81,0.628206546446,18.3511902475,工程机械,2024-04-27,2023-03-31
600753,ST海钦,-0.028,58746772.55,-91.1172748954,-71.768,-6409117.18,-754.12,-158.6313,1.215986821427,-2.28,0.169509153807,2.2399275958,物流,2024-04-27,2023-03-31
600750,华润江中,0.39,1344892149.19,44.4991469857,40.4476,242556018.4,31.1,164.2943,6.566994421346,6.02,0.118379396793,67.2121960749,中药Ⅱ,2024-04-27,2023-03-31
600744,华银电力,-0.05,2662185232.18,9.0853500938,8.1289,-105505667.65,5.1906811699,-137.519,0.638789764673,-21.8,0.036165469322,2.1705078671,电力,2024-04-27,2023-03-31
600741,华域汽车,0.455,36815330522.66,-1.4854909171,-18.1052,1433830781.15,-16.01,-38.3437,17.368273626585,2.66,0.179084397761,13.8791377849,汽车零部件,2024-04-27,2023-03-31
600738,丽尚国潮,0.03,241034791.87,9.5757210733,83.3061,24533254.46,-89.33,168.2096,2.540937161852,1.28,0.046008202765,57.5584149465,一般零售,2024-04-27,2023-03-31
600735,ST新华锦,0.024,561836351.48,25.7614826992,21.4451,10306212.24,-23.35,347.7125,3.260748517872,0.7222,0.03165094748,19.1923340179,饰品,2024-04-27,2023-03-31
600734,*ST实达,0.0047,35849078.95,912.5429030181,-54.7242,10320838.97,170.02,206.5395,0.167739454167,2.8651,-0.035584709596,76.7009605138,IT服务Ⅱ,2024-04-27,2023-03-31
600733,北汽蓝谷,-0.208,2497324319.01,44.3079182592,-34.4104,-891775176.82,6.8141390607,54.6224,1.104953239301,-17.0655,-0.284156859023,-8.5938131594,乘用车,2024-04-27,2023-03-31
600719,大连热电,-0.124,375241002.23,-3.9584016478,-4.1514,-50317333.05,-230.39,49.7686,0.970859460192,-12.1,-0.077022532647,-5.3150481268,电力,2024-04-27,2023-03-31
600714,金瑞矿业,0.011,57301385.33,-52.7881615907,-12.7808,3191722.46,-90.09,182.4746,2.530007850334,0.44,-0.05319920124,16.8577587512,化学原料,2024-04-27,2023-03-31
600712,南宁百货,-0.0081,154506817.81,-8.2144744752,4.7004,-4406678.43,-7.92,90.9771,1.499448199059,-0.54,0.025203127111,29.775100149,一般零售,2024-04-27,2023-03-31
600711,盛屯矿业,0.014,6188060041.1,-4.8531012242,-6.0919,44162613.95,-91.33,105.6768,4.482173956606,0.233,0.033052247526,9.4118205039,工业金属,2024-04-27,2023-03-31
600704,物产中大,0.18,128094942332.94,7.9554266298,-15.9463,968058164.58,-6.36,38.4925,6.325209931918,2.93,-1.322635987725,3.2618046346,物流,2024-04-27,2023-03-31
600703,三安光电,0.04,2907714084.05,-6.4224265156,-9.4254,213541673.83,-50.22,170.7785,7.647766412281,0.56,0.047628983861,16.8676797495,光学光电子,2024-04-27,2023-03-31
600698,湖南天雁,0.0006,107545004.53,28.6164069562,29.6555,665614.01,66.24,102.3725,0.714981693878,0.09,4.26631e-07,11.4681401278,汽车零部件,2024-04-27,2023-03-31
600693,东百集团,0.0368,516467039.36,1.8302191895,42.0239,32047048.68,6.13,139.6914,4.058682054139,0.91,0.275888845257,49.7702048012,一般零售,2024-04-27,2023-03-31
600679,上海凤凰,0.0294,351574080.01,-15.0622417001,-30.6374,15151349.24,-37.9,104.0516,4.13035289324,0.7149,-0.085402438747,18.4302622901,摩托车及其他,2024-04-27,2023-03-31
600666,奥瑞德,-0.004,44692125.71,-68.0381468227,-63.0303,-12251201.05,82.929543792,-102.0481,0.623688858702,-0.71,0.005491347423,21.4136065089,IT服务Ⅱ,2024-04-27,2023-03-31
600657,信达地产,0.01,1288216766.7,-68.1461928744,-79.7384,22452621.8,-26.03,-77.9675,8.481162898048,0.09,-0.249574532572,20.9036395148,房地产开发,2024-04-27,2023-03-31
600655,豫园股份,0.082,15300059461.47,23.0634928045,-8.6589,318875321.09,3.61,-88.5085,9.234205202764,0.88,0.935209564725,13.9962248006,一般零售,2024-04-27,2023-03-31
600653,申华控股,-0.0125,1343204385.16,-18.9478948671,-0.5294,-24368459.31,-1168.16,82.7271,0.499969033801,-2.475,-0.0004050673,6.2175374606,汽车服务,2024-04-27,2023-03-31
600649,城投控股,0.02,484507424.07,-59.3088458885,-89.5026,58430743.46,-87.72,-87.7521,8.204861339714,0.28,-0.940141319791,58.9938118572,房地产开发,2024-04-27,2023-03-31
600648,外高桥,0.03,1477645979.96,-63.1623057904,-36.5194,32104419.82,-96.04,-92.5448,10.592003431475,0.27,-1.559930554269,26.1555884284,房地产开发,2024-04-27,2023-03-31
600633,浙数文化,0.21,923794183.55,-11.4631257817,-26.1838,270927305.03,435.63,106.8605,7.546258187028,2.88,0.119823380304,63.6452337068,游戏Ⅱ,2024-04-27,2023-03-31
600621,华鑫股份,0.08,522744062.6,-17.4,-4.1087,86757261.63,7.68,-19.5812,7.087726574315,1.16,-0.90861255759,56.4714226277,证券Ⅱ,2024-04-27,2023-03-31
600620,天宸股份,0.0109,66017794.89,1594.9903892221,-71.9284,7482381.17,130.8747913553,-88.8149,2.851456945835,0.38,-0.049824276654,62.8291702852,综合Ⅱ,2024-04-27,2023-03-31
600616,金枫酒业,0.2,109710253.48,-32.8753819517,-55.2515,133000356.62,3748.2,499.4678,3.051635375344,6.73,-0.071938679467,37.7325301208,非白酒,2024-04-27,2023-03-31
600615,鑫源智造,-0.017,23163213.97,-46.038218751,-45.0084,-3199187.25,6.7700324538,-184.4068,3.355133836305,-0.506,-0.02505539784,-6.3443701375,工业金属,2024-04-27,2023-03-31
600605,汇通能源,0.035,24244339.52,8.5522032187,-36.602,7149044.84,146.55,176.7336,5.489811073584,0.633,-1.052293605773,68.2506923991,一般零售,2024-04-27,2023-03-31
600604,市北高新,-0.0212,245472759.81,-46.4815452776,-23.2443,-39784448.78,-151.56,-153.2505,3.501529869231,-0.6,0.007726351253,35.1873300797,房地产开发,2024-04-27,2023-03-31
600602,云赛智联,0.03,1107751055.79,-3.107823981,-22.9298,41665109.13,-43.22,45.5886,3.356669379359,0.912,-0.228966902403,18.9571725545,软件开发,2024-04-27,2023-03-31
600588,用友网络,-0.12,1474786388.0,15.2917072613,-59.7748,-396803755.0,-0.9151706253,-152.3021,3.219572583513,-3.55,-0.339821019299,44.5799268524,软件开发,2024-04-27,2023-03-31
600586,金晶科技,0.0615,1904228417.8,6.8498010938,7.254,87864757.71,-39.47,248.5734,3.813006045515,1.62,0.279421471196,13.3794583968,玻璃玻纤,2024-04-27,2023-03-31
600585,海螺水泥,0.48,31403390457.0,23.3171805454,-32.8204,2552524014.0,-48.2,-21.3283,35.118856036546,1.38,0.586559486019,16.5354303578,水泥,2024-04-27,2023-03-31
600581,*ST八钢,-0.305,4008911509.48,-21.3331890106,19.4059,-467263480.64,-39.9452593499,38.1089,1.589809108782,-17.3,-0.400808609293,-3.0614643391,普钢,2024-04-27,2023-03-31
600578,京能电力,0.06,8577138182.4,9.4924504241,2.143,407561486.32,39.02,1466.5303,3.189804578545,1.66,-0.039966504098,9.3913422063,电力,2024-04-27,2023-03-31
600572,康恩贝,0.111,2130542570.91,25.2736231586,40.8926,284209661.46,175.17,120.7126,2.794802823044,4.03,0.032255280341,65.5905075458,中药Ⅱ,2024-04-27,2023-03-31
600560,金自天正,0.07,216460415.99,38.693870722,-21.8522,15986375.38,18.03,166.8177,3.952172170064,1.83,-0.152110294506,19.5893112817,专用设备,2024-04-27,2023-03-31
600559,老白干酒,0.11,1002812335.01,10.4295569855,-16.2768,102372510.79,-61.51,-41.2347,4.885190114431,2.28,0.277120086711,65.4246584824,白酒Ⅱ,2024-04-27,2023-03-31
600551,时代出版,0.1791,1697547891.19,5.1606772165,-24.9476,86748128.9,6.78,-24.962,11.032705331724,1.64,-1.084637605073,9.3724210036,出版,2024-04-27,2023-03-31
600547,山东黄金,0.07,13098137478.11,-2.8371951539,25.0047,438865344.74,39.34,-20.622,5.185980264882,1.44,0.135598286064,14.494483946,贵金属,2024-04-27,2023-03-31
600546,山煤国际,0.86,10648152708.39,-1.0891269551,-1.0312,1705948444.22,2.0,6.2231,8.492316550781,10.73,0.604747993179,47.1327094044,煤炭开采,2024-04-27,2023-03-31
600539,狮头股份,-0.0193,84485579.44,-24.1735947303,-63.3932,-4449175.04,-3744.36,-129.3093,1.846928731435,-1.2055,-0.129657936565,28.0414402281,互联网电商,2024-04-27,2023-03-31
600537,*ST亿晶,0.11,2015326187.24,48.0546538182,-48.153,126579033.13,1187.3602556907,60.0363,2.183186793733,4.99,0.122903480036,15.5583926069,光伏设备,2024-04-27,2023-03-31
600530,交大昂立,0.002,91337924.51,-0.0687330815,-19.161,1453271.89,-72.91,100.2765,0.426497578266,0.44,0.013214336473,36.0930065215,食品加工,2024-04-27,2023-03-31
600528,中铁工业,0.24,7435215632.59,4.5155763636,-12.3779,524827721.47,4.24,34.8981,9.846654917995,2.17,-0.734128501282,17.4657509323,基础建设,2024-04-27,2023-03-31
600519,贵州茅台,16.55,39379301807.75,18.6582447499,4.2661,20794882754.55,20.59,13.5301,173.759014147788,10.0,4.17513571026,92.5955758567,白酒Ⅱ,2024-04-27,2023-03-31
600499,科达制造,0.21,2491128102.49,-2.02223688,-5.0801,402405058.79,-55.35,-38.0736,5.93316248381,3.51,-0.248670889832,32.2151950949,专用设备,2024-04-27,2023-03-31
600496,精工钢构,0.0896,3721078869.51,0.2346920801,-18.3894,180291003.39,0.71,246.1492,4.006146436935,2.22,-0.097167131701,14.0463189502,专业工程,2024-04-27,2023-03-31
600495,晋西车轴,-0.01,168077927.33,34.3816686996,-59.0174,-17174748.84,48.8307780527,-288.1183,2.670415544601,-0.53,-0.117663002922,9.9543038195,轨交设备Ⅱ,2024-04-27,2023-03-31
600489,中金黄金,0.11,13347436207.09,-2.0665109232,-22.0134,544666974.58,20.39,48.4428,5.460516492536,2.22,-0.066856528499,12.3344630045,贵金属,2024-04-27,2023-03-31
600488,津药药业,0.062,990540207.94,11.3291202919,1.3718,67479421.9,199.3,518.4411,2.77509970613,2.24,0.166514228759,54.5402315685,化学制药,2024-04-27,2023-03-31
600482,中国动力,0.015,9163778349.15,24.3088336395,-25.5651,32900117.98,-54.24,-18.0172,16.430589420304,0.09,0.119214924371,10.6299741762,其他电源设备Ⅱ,2024-04-27,2023-03-31
600478,科力远,0.018,888458898.48,64.1930345628,-40.5246,29326997.04,-7.09,194.2675,1.691507934021,1.05,-0.154040771737,10.211158331,电池,2024-04-27,2023-03-31
600476,*ST湘邮,-0.015,97277460.51,30.861092323,-45.6414,-2396838.52,83.1688472256,73.0264,0.767909606382,-0.005,-0.141424486683,16.0845683758,IT服务Ⅱ,2024-04-27,2023-03-31
600475,华光环能,0.23,2206009103.61,12.0511794973,-20.9749,220870337.83,6.58,-4.569,8.487716491276,2.8,-0.076638104511,19.7974460806,电力,2024-04-27,2023-03-31
600470,六国化工,0.03,1511597944.8,-7.4148154026,5.6964,13420854.24,-77.95,479.4144,3.484895062979,0.75,-0.623120539245,10.6398784289,农化制品,2024-04-27,2023-03-31
600467,好当家,0.005,242848765.34,6.6375930592,0.6396,7531125.75,-15.54,-12.3941,2.301002633998,0.22,0.015249644129,25.4996841566,渔业,2024-04-27,2023-03-31
600459,贵研铂业,0.21,10085586771.03,11.4624750817,-15.7715,157724122.39,-14.83,92.7217,8.049093024589,2.61,-0.766240663014,3.4783578068,小金属,2024-04-27,2023-03-31
600456,宝钛股份,0.2862,1874790592.72,18.3875688745,22.077,136758159.41,-29.31,186.4823,13.25124882298,2.18,-0.031365369878,18.5404664019,小金属,2024-04-27,2023-03-31
600455,博通股份,0.0075,63493098.2,8.945016758,1.6627,469750.43,-23.45,-92.6991,3.859604563707,0.1951,-0.68679508998,38.3541849278,软件开发,2024-04-27,2023-03-31
600446,金证股份,-0.0621,1263639604.34,2.8377005121,-40.158,-58471586.85,-51.9691626161,-144.4991,3.901150332227,-1.58,-0.262515176956,15.9285488037,IT服务Ⅱ,2024-04-27,2023-03-31
600435,北方导航,0.0164,584131782.24,1.5159597233,-41.5105,24551816.54,-30.53,-19.5481,1.726620497737,0.97,0.007335227423,27.3614099522,地面兵装Ⅱ,2024-04-27,2023-03-31
600408,安泰集团,-0.12,2638766862.04,-18.2586500776,3.7923,-123146471.26,-341.12,47.2571,2.382074057986,-5.01,0.121579706138,-1.9221860245,焦炭Ⅱ,2024-04-27,2023-03-31
600403,大有能源,0.1316,2003737562.8,-13.2464629647,7.2156,314656171.9,30.57,70.3117,3.463989643295,3.8791,0.195284902144,42.5478002887,煤炭开采,2024-04-27,2023-03-31
600397,江钨装备,0.0575,1666821024.36,-15.8872090753,-15.8987,56875065.47,136.302961643,-48.2724,0.652948321637,9.27,0.074465135851,11.9565030881,专用设备,2024-04-27,2023-03-31
600372,中航机载,0.1027,6271947931.47,167.3614626558,-24.9308,335932354.44,4.68,19.175,6.474207187935,1.5,-1.099835577781,26.9509676734,航空装备Ⅱ,2024-04-27,2023-03-31
600371,万向德农,0.118,85440752.59,15.2350394402,38.882,34527980.25,-17.47,106.1224,2.076546930015,5.85,-0.044192279836,32.6857979517,种植业,2024-04-27,2023-03-31
600365,ST通葡,-0.02,226071582.65,-5.3195010551,-30.0059,-9031593.2,-126.59,67.3719,0.779379395134,-2.72,-0.13646302111,16.8299138061,互联网电商,2024-04-27,2023-03-31
600362,江西铜业,0.51,127733316672.0,4.5673807386,14.2726,1755051995.0,19.1,38.6865,22.221378805082,2.33,-1.156448142098,2.5625069561,工业金属,2024-04-27,2023-03-31
600354,敦煌种业,0.0468,351206675.36,70.2686589423,-41.6229,24680371.34,208.42,-54.8873,1.259839303172,3.78,0.059506416193,35.7921242986,种植业,2024-04-27,2023-03-31
600353,旭光电子,0.0308,255978473.9,11.5505595395,-23.7034,18224735.44,71.07,-38.517,2.830950399298,1.09,-0.155573878531,26.3330607387,其他电子Ⅱ,2024-04-27,2023-03-31
600339,中油工程,0.0372,14988936344.96,-14.2317919017,-42.6785,207452959.55,32.8,229.7839,4.599853406331,0.81,-1.662533336268,9.5795951273,油服工程,2024-04-27,2023-03-31
600336,澳柯玛,0.038,2484717292.35,12.2038665983,7.8585,30336536.05,-19.64,624.5793,3.156851450289,1.21,-0.137480619284,13.6453108188,白色家电,2024-04-27,2023-03-31
600332,白云山,1.174,21628521022.04,5.3071635246,35.3285,1908600460.68,5.7,287.8044,20.893119772824,5.78,-1.746154524403,23.2801624068,中药Ⅱ,2024-04-27,2023-03-31
600326,西藏天路,-0.0918,531887840.98,-23.4105673786,-49.7454,-84550262.91,-49.7836292121,67.8734,4.02762992193,-2.2,-0.000774734421,4.7805325843,水泥,2024-04-27,2023-03-31
600316,洪都航空,-0.0126,137107858.08,-81.0598081338,-96.9625,-9070047.02,-298.09,-107.2468,7.375952253341,-0.17,-0.596716785004,3.1909745154,航空装备Ⅱ,2024-04-27,2023-03-31
600313,农发种业,0.0361,1216816251.24,25.5318907619,-15.8044,39106521.34,105.9,-75.2715,1.641364009493,2.23,0.109288907235,10.8835593423,种植业,2024-04-27,2023-03-31
600302,ST标准,-0.0144,151700856.39,-62.084932223,56.0207,-4996489.97,41.5740329275,93.4364,2.87955601206,-0.5,-0.079747120952,20.7926605628,专用设备,2024-04-27,2023-03-31
600273,嘉化能源,0.2765,2325892999.19,-19.7009046062,-8.9464,384640433.85,-34.13,17.8037,7.247173961664,3.86,0.053766799368,22.9988848634,化学制品,2024-04-27,2023-03-31
600272,开开实业,0.04,199595462.29,11.5043028188,0.947,9795174.23,16.06,48.5077,2.380154087778,1.71,-0.101898686255,25.4875051999,医药商业,2024-04-27,2023-03-31
600266,城建发展,0.0021,1354228313.32,-56.4862837372,-90.8593,62586466.79,106.1763425164,144.9027,8.949164050149,0.02,2.366107412219,29.2154843248,房地产开发,2024-04-27,2023-03-31
600239,ST云城,0.1,396995430.8,-50.8591004289,-30.2319,153634166.7,140.9185310712,141.9068,1.010698337343,9.92,0.237430851614,44.2837091162,房地产开发,2024-04-27,2023-03-31
600238,*ST椰岛,-0.03,76224111.34,-54.9315924969,3.2851,-14267708.26,-158.18,86.0573,0.805301791165,-3.88,-0.011710395895,27.6615560737,非白酒,2024-04-27,2023-03-31
600229,城市传媒,0.1465,637336821.08,10.2169384765,-16.0338,96797540.46,10.45,5.6798,4.610517332258,3.1776,-0.152292708773,35.2897584905,出版,2024-04-27,2023-03-31
600227,赤天化,-0.0205,495668175.06,-13.9686072487,-15.8247,-34708006.89,60.1271514216,75.8769,1.62965339891,-1.25,-0.029229191449,13.1166924994,农化制品,2024-04-27,2023-03-31
600221,海航控股,0.0037,13147778000.0,106.3594242933,217.8669,158002000.0,104.3905738352,-73.3055,0.053521465829,10.19,0.063285687136,4.0866296951,航空机场,2024-04-27,2023-03-31
600211,西藏药业,1.22,906936646.41,38.2239280898,52.0525,303199537.33,73.59,515.4672,13.485677061085,9.54,1.547702464444,95.5604036324,生物制品,2024-04-27,2023-03-31
600192,长城电工,-0.03,481075140.31,31.6402909497,1.7041,-13247952.81,26.66,85.0646,3.50659973297,-0.8506,0.214608750623,15.2203712195,电网设备,2024-04-27,2023-03-31
600188,兖矿能源,0.8613,50017358000.0,21.3977507415,-10.2274,6460863000.0,-15.35,55.0428,17.598880838296,5.95,1.10009024585,33.9677137685,煤炭开采,2024-04-27,2023-03-31
600185,珠免集团,0.01,988560669.5,-26.3993672612,-23.4911,10017999.45,-92.26,100.4529,3.364362722201,0.16,1.842749736448,29.0163813279,旅游零售Ⅱ,2024-04-27,2023-03-31
600183,生益科技,0.11,3755868408.09,-21.2223810946,-13.4243,247767859.53,-48.64,-25.8507,5.937856259483,1.81,0.280390514733,19.7408479888,元件,2024-04-27,2023-03-31
600182,S佳通,0.0785,957116101.98,7.4056310237,6.2733,26679244.57,563.41,65.455,3.156656839824,2.52,0.330126065147,16.538039352,汽车零部件,2024-04-27,2023-03-31
600171,上海贝岭,0.046,394623864.96,-11.6051670892,-36.0252,32826290.32,-77.21,19.9002,5.997938090608,0.77,-0.138104986128,30.799137592,半导体,2024-04-27,2023-03-31
600166,福田汽车,0.038,14973867186.91,20.8798295718,36.7007,297702733.41,119.89,269.4124,1.698889023433,2.21,0.13671652747,11.048854547,商用车,2024-04-27,2023-03-31
600150,中国船舶,0.01,9044411805.61,-30.9293842072,-56.86,43539652.1,-16.47,103.3723,10.189085889804,0.1,-0.671564806073,9.4139407949,航海装备Ⅱ,2024-04-27,2023-03-31
600149,廊坊发展,-0.009,84904512.14,9.0120175198,-16.0858,-3434399.56,50.2987575582,-214.831,0.417389173217,-2.14,-0.088196031276,3.5663400609,电力,2024-04-27,2023-03-31
600141,兴发集团,0.4,6571156048.61,-25.0191922242,20.477,449309504.76,-74.21,-52.2201,18.745627342114,2.19,-0.446620315103,16.0344433697,农化制品,2024-04-27,2023-03-31
600126,杭钢股份,0.01,12488093003.88,5.7096699409,78.5965,31867859.66,-91.85,294.786,5.987389329329,0.16,-0.085847375396,1.6907565098,普钢,2024-04-27,2023-03-31
600114,东睦股份,0.03,802005234.11,-9.8819453196,-18.5938,19289407.94,180.12,-68.8149,4.108971530089,0.76,0.073396862616,18.7714590974,通用设备,2024-04-27,2023-03-31
600105,永鼎股份,0.0172,935489337.4,1.2131745791,-17.7705,24150076.99,68.17,-81.8247,2.105691588586,0.8,0.044247172476,15.806184635,通信设备,2024-04-27,2023-03-31
600100,同方股份,0.0825,4359203674.23,10.4812053072,-56.4887,276390690.25,150.1769483923,432.0927,4.528341610225,1.84,-0.511874125128,13.6383625203,计算机设备,2024-04-27,2023-03-31
600099,林海股份,0.011,201338407.77,2.11169148,2.673,2418292.47,10.11,125.9205,2.303588443638,0.48,-0.10288375146,15.052238525,摩托车及其他,2024-04-27,2023-03-31
600097,开创国际,0.0,318473285.42,18.2460253259,-55.1078,377215.03,-95.93,-99.3913,8.654743842009,0.02,-0.833003909382,22.8406120545,渔业,2024-04-27,2023-03-31
600095,湘财股份,0.0535,563223478.41,-56.61,10.893,152857073.88,346.18,171.7403,4.224423683622,1.2798,0.234066188504,0.7317059537,证券Ⅱ,2024-04-27,2023-03-31
600088,中视传媒,0.01,151143412.43,-24.9494296651,-76.7162,3798074.35,112.3365050637,-5.8608,2.54694824373,0.38,-0.262129950788,13.8050769098,影视院线,2024-04-27,2023-03-31
600084,*ST尼雅,0.0104,83854058.71,72.4920263547,500.9731,11737330.93,747.7098121782,101.3386,1.147415883129,0.9145,0.019910752037,57.3171099758,非白酒,2024-04-27,2023-03-31
600080,ST金花,0.0125,108259512.44,-9.1781403283,-30.7024,4680935.36,-49.56,187.1612,4.523387975874,0.2776,-0.103839227331,73.4778196088,中药Ⅱ,2024-04-27,2023-03-31
600078,澄星股份,0.03,811820436.21,-20.6275078635,-8.4763,19887372.08,-70.56,180.8624,3.014630605569,1.0,0.032458291859,17.624161908,农化制品,2024-04-27,2023-03-31
600073,光明肉业,0.21,5745811085.01,-11.2082771613,-14.8246,200502316.92,-0.68,127.1558,5.206732026761,4.12,-0.341245728821,11.9892501446,食品加工,2024-04-27,2023-03-31
600064,南京高科,0.371,1208960585.44,176.9367299426,-52.2587,641450437.26,-4.06,25.3661,9.949439167459,3.8,-0.223075060315,9.6143900319,房地产开发,2024-04-27,2023-03-31
600063,皖维高新,0.059,2214893901.96,-12.0297951337,-16.8424,129999395.55,-69.52,73.6427,3.669045282025,1.6,0.031686947994,13.7471240614,化学纤维,2024-04-27,2023-03-31
600055,万东医疗,0.043,255084691.08,21.1221953647,-34.3493,30438016.42,23.57,-57.8678,6.593797168055,0.66,-0.063470681319,40.0082820603,医疗器械,2024-04-27,2023-03-31
600038,中直股份,-0.0211,3281959610.15,101.9341345375,-63.5825,-15459544.08,24.37,-95.7875,16.566031920877,-0.1286,-9.807901432565,8.7964137093,航空装备Ⅱ,2024-04-27,2023-03-31
600037,歌华有线,-0.042,524682052.93,0.9625566482,-34.4682,-58441297.59,-159.82,-1114.7733,9.370929473672,-0.45,0.062580969745,11.3224749138,电视广播Ⅱ,2024-04-27,2023-03-31
600030,中信证券,0.36,15348206851.13,0.8671584196,0.4003,5417237420.11,3.6,14.0501,16.5105898905,2.07,-0.148783765588,,证券Ⅱ,2024-04-27,2023-03-31
600027,华电国际,0.09,31978448000.0,10.9750257289,16.6755,1134045000.0,82.3,150.9581,3.753437385976,2.51,0.247106191712,4.2433047407,电力,2024-04-27,2023-03-31
600026,中远海能,0.2297,5630759524.57,61.909410115,-10.0578,1095888082.06,4272.57,34.0641,6.853291519002,3.2974,0.386144206346,30.43399803,航运港口,2024-04-27,2023-03-31
600025,华能水电,0.04,4266876660.01,8.2703533161,-45.0484,908654561.6,8.25,-36.7503,3.079935696806,1.26,0.173818355533,49.9826634997,电力,2024-04-27,2023-03-31
600021,上海电力,0.1044,10342274669.9,23.3949019811,-8.7421,335024763.55,230.64,236.5564,5.837770949759,1.7933,0.467831029256,21.3875552776,电力,2024-04-27,2023-03-31
600019,宝钢股份,0.08,78885818068.72,-8.5495538205,-12.2115,1844953987.3,-50.56,-32.2477,8.827958683524,0.94,-0.239116161111,5.2748412663,普钢,2024-04-27,2023-03-31
600012,皖通高速,0.277,1145086806.22,18.5082316278,-6.2358,459462788.58,13.15,69.0869,7.467337068298,3.78,0.620677282061,63.0078092692,铁路公路,2024-04-27,2023-03-31
600010,包钢股份,0.006,17149729792.37,-15.0041242916,22.7923,290793962.3,-12.15,1705.677,1.158397315377,0.55,0.006729869285,10.3557858798,普钢,2024-04-27,2023-03-31
600008,首创环保,0.044,4342384082.47,-8.054979478,-37.6046,323100046.04,3.26,430.0478,2.591621524577,1.16,-0.034251751486,33.879469429,环境治理,2024-04-27,2023-03-31
600007,中国国贸,0.32,958439761.0,6.1167378562,13.2845,319538175.0,19.42,29.4358,9.396559975495,3.43,0.554614213136,60.6174314381,房地产开发,2024-04-27,2023-03-31
600004,白云机场,0.02,1359270870.5,9.7143454071,104.9256,44726227.5,154.0810853774,110.073,7.281513466878,0.26,0.106414204567,16.9252634624,航空机场,2024-04-27,2023-03-31
400291,立方3,-0.0204,44894309.21,-27.6720901212,829.5208,-13064471.97,46.59,76.3802,0.761345566896,-2.64,-0.008935672742,12.2087509897,,2024-04-27,2023-03-31
400289,德邦5,0.07,7417443107.77,5.6596677108,-13.4979,72639304.73,191.26,-77.4777,6.825647734662,1.04,0.580791576851,7.6574188145,,2024-04-27,2023-03-31
400284,R元成1,0.01,89733552.92,3.8924836271,315.0083,3846378.53,12.55,103.8603,4.15638290483,0.28,-0.254862883093,20.7926854703,,2024-04-27,2023-03-31
400262,嘉寓3,0.0074,462709483.65,30.4437071276,-39.5259,5325799.82,-93.25,103.7726,0.043151737541,18.84,-0.248172390521,12.862801201,,2024-04-27,2023-03-31
400247,航高5,-0.0425,227422738.53,33.5753460061,77.5244,-105129652.59,-95.07,21.1653,2.040232325687,-2.04,-0.035609195601,1.4048601255,,2024-04-27,2023-03-31
400230,R高升1,-0.07,111925780.94,-2.1696749958,-39.248,-71233657.55,-38.03,75.7937,0.228182648088,-36.86,0.02640837831,-31.4604786889,,2024-04-27,2023-03-31
301539,宏鑫科技,0.11,195161344.78,-34.462111873,-8.5401,12559045.44,-23.7325003188,-36.96,,3.34,,16.1390453911,汽车零部件,2024-04-27,2023-03-31
301512,智信精密,-0.3,31923695.41,-49.3463001664,-87.1458,-11998006.71,-641.78,-122.5486,12.56504025025,-2.36,2.8047007335,29.7297349449,自动化设备,2024-04-27,2023-03-31
301503,智迪科技,0.16,186859221.38,-15.830587637,-18.3716,9884309.13,156.41,-47.3525,6.335928213667,2.63,0.258619451333,17.9753191584,计算机设备,2024-04-27,2023-03-31
301448,开创电气,0.2,132360392.93,-21.6722042619,-9.3551,11905903.97,0.59,-14.2806,5.579647538667,3.62,0.6121120555,25.6420968227,通用设备,2024-04-27,2023-03-31
301396,宏景科技,0.0258,64051223.41,38.7531339402,-80.753,2361996.51,162.83,-93.1467,13.946070663469,0.19,-1.221317404223,19.9414152611,IT服务Ⅱ,2024-04-27,2023-03-31
301381,赛维时代,0.1444,1243613234.39,22.8121535986,-19.8367,51966606.92,32.57,84.9922,4.186686178056,3.51,0.565236498306,45.6737287689,互联网电商,2024-04-27,2023-03-31
301338,凯格精机,0.15,106453283.26,-33.2971030037,-39.5003,11543597.9,-42.52,-59.0947,18.536077322895,0.82,-0.010810679605,39.063174471,专用设备,2024-04-27,2023-03-31
301337,亚华电子,0.05,58844941.0,17.3080128623,-52.6808,4110527.38,33.06,-86.73,4.537886926679,1.17,-0.266559803327,51.3411937145,软件开发,2024-04-27,2023-03-31
301335,天元宠物,0.11,427137933.05,0.7178692759,13.1661,13587699.75,-29.27,-59.6644,21.328966288,0.71,-4.161403963222,16.8045571035,文娱用品,2024-04-27,2023-03-31
301327,华宝新能,-0.24,448284803.94,-26.7692167206,-53.9404,-29672862.22,-140.45,-193.0617,66.367895796979,-0.46,-1.744790113333,41.693528252,电池,2024-04-27,2023-03-31
301309,万得凯,0.15,131455307.89,-28.7232718968,-17.4368,14899264.85,-37.89,-26.6499,14.0735948424,1.06,0.3257475617,23.7922230544,通用设备,2024-04-27,2023-03-31
301306,西测测试,-0.07,49565770.12,-1.1073674891,-61.6995,-5874993.59,-174.06,-131.9193,14.510727054384,-0.48,-0.399368509953,42.705702683,军工电子Ⅱ,2024-04-27,2023-03-31
301305,朗坤科技,0.232,383554242.84,-5.17,-6.6154,42374306.1,-25.89,109.2814,10.337747746527,2.27,-0.116392113008,26.2629293328,环境治理,2024-04-27,2023-03-31
301295,美硕科技,0.22,117935948.78,-6.5236194009,-15.8731,12124496.17,-21.175150663,-25.7418,6.134639086296,3.73,-0.082620106481,23.0400155941,电网设备,2024-04-27,2023-03-31
301293,三博脑科,0.21,312294864.53,17.6615859236,30.8416,24720632.41,71.78,276.9617,10.334090067801,1.98,0.495732384459,24.3844302354,医疗服务,2024-04-27,2023-03-31
301289,国缆检测,0.17,59283013.51,12.44389875,-4.8958,13410645.84,-9.59,-34.6821,15.199374970833,1.51,0.442590186,59.4944867201,专业服务,2024-04-27,2023-03-31
301273,瑞晨环保,-0.05,31103120.9,72.7296945474,-77.6373,-3252949.67,70.06,-167.2573,13.764427015589,-0.33,-0.155343124443,40.5013759568,通用设备,2024-04-27,2023-03-31
301272,英华特,0.17,80866407.2,28.0442542732,-35.1466,7485838.81,73.53,-69.4478,6.663248349462,2.6,-0.38635931112,26.068644212,通用设备,2024-04-27,2023-03-31
301261,恒工精密,0.46,220591455.83,-1.376371201,9.1149,30177509.68,35.61,3.2379,10.50008442322,4.43,0.344827562034,24.4529007785,通用设备,2024-04-27,2023-03-31
301260,格力博,0.2,1551275027.11,-0.7700450642,49.5991,87483160.21,-40.78,36.7807,10.424941890004,3.26,-0.822435263406,33.9444786919,专用设备,2024-04-27,2023-03-31
301236,软通动力,0.06,4203024989.82,-3.9711552595,-14.5452,60649706.9,-36.42,-79.8514,15.924629033839,0.6,-1.52104456618,18.2551380788,IT服务Ⅱ,2024-04-27,2023-03-31
301235,华康洁净,-0.16,240206327.57,82.9172453035,-41.4248,-17309522.74,-101.66,-137.4883,15.614946928788,-1.05,-1.948386291856,28.9856280408,医疗器械,2024-04-27,2023-03-31
301227,森鹰窗业,-0.0591,85802667.9,-17.607925399,-60.3955,-5605347.99,33.5,-126.3083,18.8000548077,-0.31,0.347648253376,26.3244975743,家居用品,2024-04-27,2023-03-31
301222,浙江恒威,0.26,130799070.73,-2.3257495192,-13.7083,26593107.77,31.97,-25.3954,12.697012188676,2.09,0.144904760721,25.282564215,电池,2024-04-27,2023-03-31
301221,光庭信息,0.0689,114055036.12,41.4524705528,-44.5271,6385493.0,346.09,-81.0898,22.07919508045,0.07,-0.22552471068,31.9059928767,汽车零部件,2024-04-27,2023-03-31
301220,亚香股份,0.25,124853648.63,-33.8412511335,-24.0339,20585647.38,-33.05,-36.8151,19.372916615099,1.32,0.205835694554,35.3703573701,化学制品,2024-04-27,2023-03-31
301218,华是科技,-0.02,29066777.69,-51.3941564695,-87.9584,-2188268.88,18.91,-106.8771,7.948093062697,-0.24,-0.284932702824,24.6732253107,IT服务Ⅱ,2024-04-27,2023-03-31
301215,中汽股份,0.024,71496300.64,19.2475286285,-19.8146,31439588.64,63.29,-17.5701,2.085569316712,1.15,0.006612657275,66.4578570005,汽车服务,2024-04-27,2023-03-31
301213,观想科技,0.0178,9508228.75,88.9795229633,-82.1099,1427903.44,158.96,-73.7636,10.14036018013,0.18,-0.339967502375,71.9683143929,军工电子Ⅱ,2024-04-27,2023-03-31
301209,联合化学,0.1193,102012228.8,-39.9279577798,-0.5933,9540054.26,-56.66,-22.4064,8.47470972275,1.42,0.2424719935,14.4467460062,化学制品,2024-04-27,2023-03-31
301177,迪阿股份,0.25,705008310.46,-42.2692075123,10.4092,100931877.53,-73.15,333.2275,17.256899463438,1.47,0.232030702457,69.8652327869,饰品,2024-04-27,2023-03-31
301166,优宁维,0.2,274133939.07,13.4800749827,-17.7596,17923954.65,-17.51,-34.7838,25.095549153222,0.49,-0.500528403607,21.9930856152,生物制品,2024-04-27,2023-03-31
301162,国能日新,0.11,82314593.9,35.8198570249,-41.0835,10396004.75,96.01,-65.9793,14.398346095779,1.03,-0.74107174963,65.3820275605,软件开发,2024-04-27,2023-03-31
301161,唯万密封,0.14,100509748.1,-16.130226233,38.8192,17260787.79,-23.03,505.9074,7.775871453,1.77,0.000229501917,37.4110471281,工程机械,2024-04-27,2023-03-31
301155,海力风电,0.38,501108903.76,226.9717185029,8.3267,82098694.14,7.2,330.5909,25.842763037703,1.49,-0.415048280595,15.4818173171,风电设备,2024-04-27,2023-03-31
301133,金钟股份,0.17,197028289.66,24.4028904113,-7.5764,17581913.55,9.33,200.5319,7.93848368472,2.08,-0.418225305414,25.4343602162,汽车零部件,2024-04-27,2023-03-31
301115,联检科技,0.14,201055461.08,-24.532951482,-23.5903,25896987.88,-39.58,-18.0924,14.28772994489,0.99,-0.327920388956,36.9724372174,专业服务,2024-04-27,2023-03-31
301111,粤万年青,0.09,79304090.52,31.7781892973,2.4816,14816687.61,13.13,542.8473,4.834299116313,1.93,-0.125172264188,67.310034577,中药Ⅱ,2024-04-27,2023-03-31
301077,星华新材,0.13,166599342.93,-5.7090723221,-7.257,15724261.17,-30.54,-49.7277,10.293890121,1.28,0.31836868175,24.9219418155,化学制品,2024-04-27,2023-03-31
301063,海锅股份,0.15,303867131.26,16.1854179114,-19.348,12858754.02,49.52,-45.0813,12.175720274691,1.26,-0.133596932455,12.0135901401,专用设备,2024-04-27,2023-03-31
301060,兰卫医学,0.0535,412587989.38,-50.1518542251,-62.1645,21413081.32,-87.92,64.6653,5.204968998869,1.03,0.154131911205,29.0804049217,医疗服务,2024-04-27,2023-03-31
301039,中集车辆,0.24,6583965447.49,28.2850523705,5.951,479487282.59,285.25,4.8778,6.506322880764,3.71,0.371205053123,18.4703429945,商用车,2024-04-27,2023-03-31
301017,漱玉平民,0.16,2072482825.34,30.5610904958,-19.5315,64553649.73,30.38,-35.075,5.314967090591,3.04,0.139574762126,29.0774354813,医药商业,2024-04-27,2023-03-31
300987,川网传媒,0.04,44034378.52,13.3912833586,-34.3426,6258894.27,64.82,-39.6412,4.690629256206,0.77,-0.03177168249,36.3938649497,数字媒体,2024-04-27,2023-03-31
300984,金沃股份,0.25,225945122.03,-10.6719443863,-2.0505,19416459.7,107.78,348.4117,8.63108370026,2.82,0.376010421484,12.086929837,通用设备,2024-04-27,2023-03-31
300972,万辰集团,0.3429,761856083.4,553.2249711133,300.5785,52633490.7,116.39,414.5333,4.709140216156,7.58,0.192242546189,15.4983875791,休闲食品,2024-04-27,2023-03-31
300964,本川智能,0.1,128046924.23,-10.4932407882,4.0551,7337637.47,-47.48,-26.5311,13.062586309678,0.73,0.488646836067,19.8798048474,元件,2024-04-27,2023-03-31
300962,中金辐照,0.111,80334442.58,1.903285161,-5.2883,29302851.57,2.88,112.0881,3.471877003104,3.25,0.14710213552,65.6939632181,专业服务,2024-04-27,2023-03-31
300945,曼卡龙,0.13,344514058.3,2.6745953771,-34.7838,26610510.93,29.27,490.9178,4.093560663366,3.23,0.11807848273,23.2119269601,饰品,2024-04-27,2023-03-31
300938,信测标准,0.2845,150412635.18,30.6871069424,4.3977,31481270.57,40.69,36.8856,10.228258925813,2.75,0.261721363527,59.3170306824,专业服务,2024-04-27,2023-03-31
300933,中辰股份,0.0361,499528350.38,-0.7525780845,-19.1706,16552661.5,-19.29,675.3444,3.123533672075,1.06,-0.297518291337,15.0607748635,电网设备,2024-04-27,2023-03-31
300909,汇创达,0.07,206459507.75,5.6120643258,-9.3596,10124962.33,-59.17,-67.2729,9.072056211762,0.74,0.235400133406,26.0700307467,光学光电子,2024-04-27,2023-03-31
300895,铜牛信息,-0.0049,65826213.86,-44.4604690752,7.557,-625736.77,-107.0,99.2563,8.49069604417,-0.06,-0.071488754451,11.294375514,IT服务Ⅱ,2024-04-27,2023-03-31
300884,狄耐克,0.0547,137213475.57,-4.7757392724,-46.3191,13791032.71,14.61,-37.6819,5.362767569167,1.03,0.078483033095,44.2387729324,计算机设备,2024-04-27,2023-03-31
300877,金春股份,0.03,199470528.55,1.3087407181,-1.1099,3641911.03,136.35,134.4134,13.1867817915,0.23,-0.856474051583,7.2521761762,纺织制造,2024-04-27,2023-03-31
300866,安克创新,0.7524,3365103838.16,17.467675461,-28.6146,305807117.41,53.8,-2.2419,17.564673290093,4.37,1.163164564743,41.5360425937,消费电子,2024-04-27,2023-03-31
300842,帝科股份,0.86,1548338008.73,121.7193773507,33.9956,86263701.13,370.75,374.0856,10.0574617069,8.96,-4.9640797727,11.3136264893,光伏设备,2024-04-27,2023-03-31
300834,星辉环材,0.1,327312287.87,-26.7346146174,-32.1747,20168741.47,-60.62,-47.7783,15.543396201635,0.67,-1.107950699458,4.3805769234,塑料,2024-04-27,2023-03-31
300831,ST派瑞,0.0044,16343763.39,-50.7972299595,-58.4563,1399281.8,-88.47,-83.9735,2.667189608563,0.16,-0.028347188219,45.8917229834,半导体,2024-04-27,2023-03-31
300830,金现代,-0.04,60228623.53,1.8589053205,-82.1639,-19163049.33,3.57,-124.5968,2.767992592223,-1.6,-0.192695727219,40.5801799502,软件开发,2024-04-27,2023-03-31
300812,易天股份,-0.0249,135536143.92,-3.2824753751,-30.7966,-3487227.01,-124.34,-190.1873,6.161548415081,-0.4,-0.538406183951,28.118314774,消费电子,2024-04-27,2023-03-31
300807,天迈科技,-0.23,19259097.38,-49.8321520822,-89.7641,-15735302.96,5.94,-260.6683,8.555095730498,-2.68,-0.617921801595,49.3278169405,计算机设备,2024-04-27,2023-03-31
300803,指南针,0.14,338012494.0,-45.78,119.2237,57368704.0,-78.49,135.0658,4.34456015105,3.32,4.039392787289,90.3580912337,软件开发,2024-04-27,2023-03-31
300792,壹网壹创,0.18,278674804.71,4.6012633451,-46.7463,42613336.98,-17.86,28.6218,11.625521603445,1.54,0.126031348033,34.3021049533,互联网电商,2024-04-27,2023-03-31
300774,倍杰特,0.11,195812332.29,24.0285675007,-20.7206,46945493.87,26.32,154.822,3.5132461483,3.11,-0.15729201977,35.8714499636,环境治理,2024-04-27,2023-03-31
300772,运达股份,0.1051,3481807624.24,2.0017451935,-48.5091,73762633.01,-34.05,-52.9466,7.03691331313,1.51,-2.567180737455,16.6746273717,风电设备,2024-04-27,2023-03-31
300769,德方纳米,-2.59,4944745935.53,46.5604920635,-39.262,-717334775.51,-194.17,-229.8295,46.862599274011,-8.46,-4.508486872099,0.0074270325,电池,2024-04-27,2023-03-31
300766,每日互动,0.0042,107191662.14,-32.9434509115,-22.1151,1653916.31,-89.98,-69.1363,4.215790154961,0.1,0.004226668033,68.4485594637,软件开发,2024-04-27,2023-03-31
300760,迈瑞医疗,2.126,8364281841.0,20.4688252515,18.3098,2571117273.0,22.14,70.8565,28.58074916073,7.72,1.099729448036,66.3966483384,医疗器械,2024-04-27,2023-03-31
300748,金力永磁,0.13,1650586918.86,9.4035844938,-15.4303,178203776.63,8.77,1016.9813,8.313714173363,2.59,0.49771658573,15.2367018705,金属新材料,2024-04-27,2023-03-31
300739,明阳电路,0.08,430661409.59,-21.3473128903,1.9784,24392573.8,-48.51,-30.5393,6.156399460259,1.3,0.376440015184,24.7387602064,元件,2024-04-27,2023-03-31
300733,西菱动力,0.0538,307229460.57,36.6094058233,-17.6291,10209742.77,-62.21,346.6746,9.01971329754,0.6,-0.68947101941,18.0116645381,汽车零部件,2024-04-27,2023-03-31
300726,宏达电子,0.3519,386719123.14,-9.8811783012,-19.0059,144916789.65,-17.44,-23.7908,11.189418245556,3.2,0.079103892437,66.4816369443,军工电子Ⅱ,2024-04-27,2023-03-31
300724,捷佳伟创,0.97,1931316499.08,41.7305489615,10.4485,336398453.66,23.16,48.7939,21.614127675368,4.56,3.251048490745,22.7767439568,光伏设备,2024-04-27,2023-03-31
300723,一品红,0.2446,716001917.53,38.8389597381,7.6146,111105560.23,39.24,349.4749,7.133516231808,5.27,0.112309180137,85.9253016853,化学制药,2024-04-27,2023-03-31
300721,怡达股份,-0.1554,371729418.45,-1.2603400894,-1.2164,-25315240.76,-160.95,-94.0072,7.47644364159,-2.02,-0.263062114291,9.3568911186,化学制品,2024-04-27,2023-03-31
300712,永福股份,0.0942,340848769.08,-17.6498642533,-51.1403,17453882.63,2.74,-39.8794,7.3437038685,1.29,-0.635787496513,24.8333072343,专业工程,2024-04-27,2023-03-31
300709,精研科技,-0.23,301562295.28,-31.223988608,-44.0215,-43316489.52,-284.43,88.707,10.036510387623,-2.29,0.492918688609,11.4067786452,消费电子,2024-04-27,2023-03-31
300676,华大基因,0.0908,954886929.14,-33.231058706,-62.3341,41213517.51,-87.49,-25.605,24.356141586257,0.42,0.051863526903,45.0992407916,医疗服务,2024-04-27,2023-03-31
300675,建科院,-0.2626,59316967.03,0.6835727555,-63.2004,-38516529.17,-71.62,-167.654,3.834582691095,-6.62,-0.167370719938,-2.6278985896,工程咨询服务Ⅱ,2024-04-27,2023-03-31
300662,科锐国际,0.1697,2392846904.91,9.171751247,5.2362,33300225.02,-37.03,-54.5687,11.618483605502,1.46,-0.53414878754,7.1692920946,专业服务,2024-04-27,2023-03-31
300661,圣邦股份,0.0648,513288137.29,-33.798031965,-33.7871,30206107.9,-88.4,-75.4238,9.816064798658,0.87,-0.476116124105,52.662664393,半导体,2024-04-27,2023-03-31
300659,中孚信息,-0.51,137350422.34,83.7703245241,-45.5591,-115307192.95,14.26,-79.1613,4.734713051713,-10.22,-0.677768846352,58.4467736483,计算机设备,2024-04-27,2023-03-31
300656,民德电子,0.0344,73447580.39,-16.6912339135,-52.9466,5935469.57,-57.0,-84.1849,7.456568781614,0.51,0.143510592743,30.4179573668,其他电子Ⅱ,2024-04-27,2023-03-31
300654,世纪天鸿,0.022,84788699.16,31.5444402389,-36.7702,7830361.54,18.52,-4.5914,3.644339146446,1.0,0.008281485861,39.0076214845,出版,2024-04-27,2023-03-31
300649,杭州园林,0.08,71144871.14,-57.1797364292,-50.5877,10533245.3,-53.71,139.4857,4.145471400419,1.94,-0.286878659836,37.1176433337,基础建设,2024-04-27,2023-03-31
300645,正元智慧,-0.06,165228044.94,24.3424393681,-69.1251,-8302293.99,8.15,-119.8167,7.039501823166,-0.84,-0.996330307758,41.7922278056,计算机设备,2024-04-27,2023-03-31
300641,正丹股份,0.02,402271616.25,-17.2730304074,-0.9301,11500932.56,-63.37,163.4793,3.076882621528,0.74,0.007022530068,7.3821652437,化学制品,2024-04-27,2023-03-31
300639,凯普生物,0.15,302111598.82,-80.0021187345,-77.4272,65353876.62,-86.92,-72.4583,11.246712278467,5.29,0.157396039079,61.6513663717,医疗器械,2024-04-27,2023-03-31
300633,开立医疗,0.3236,473030518.35,27.6290320301,-7.4957,138474386.29,171.11,11.3037,6.847239016426,4.93,0.112814642496,68.6006889031,医疗器械,2024-04-27,2023-03-31
300624,万兴科技,0.16,354720295.33,35.0028802577,3.809,20855751.25,686.26,29.8979,6.853301895501,2.5,0.154761724617,95.7130058668,软件开发,2024-04-27,2023-03-31
300616,尚品宅配,-0.48,808651937.5,-25.5043427978,-47.9741,-95312453.42,4.92,-225.3662,17.546463535322,-2.7,-1.624263956814,30.9816113091,家居用品,2024-04-27,2023-03-31
300609,汇纳科技,-0.0552,55753203.37,-17.9827552356,-48.3822,-6761557.23,69.15,55.9911,8.495828399726,-0.65,-0.135345990742,49.0137831339,IT服务Ⅱ,2024-04-27,2023-03-31
300605,恒锋信息,0.0255,106361879.61,15.6568226326,-3.8251,4193594.61,-39.46,132.6186,3.358986231455,0.74,-0.601629297508,28.6498165995,软件开发,2024-04-27,2023-03-31
300601,康泰生物,0.18,748383301.39,-14.1196462154,26.344,205462820.25,-24.9,161.1761,7.680740603695,2.26,0.115135699919,85.9113062672,生物制品,2024-04-27,2023-03-31
300596,利安隆,0.3612,1186169426.28,17.3658441858,-4.9879,82930313.98,-34.31,-8.4779,16.983540771793,2.15,-0.470195387488,19.0300089641,化学制品,2024-04-27,2023-03-31
300595,欧普康视,0.194,401473749.24,8.1699429239,27.781,173217878.06,16.96,46.1815,4.922326931423,4.01,0.214780550112,78.3605192333,医疗器械,2024-04-27,2023-03-31
300587,天铁科技,-0.01,223249851.56,-41.9160702092,-56.4181,-8828075.86,-107.62,-112.0166,2.762777159254,-0.3,-0.079391309853,39.7048759812,橡胶,2024-04-27,2023-03-31
300582,英飞特,-0.05,270283197.17,-16.9310146436,-21.0241,-14881733.14,-178.49,-188.0536,5.567312936774,-0.9,-0.095671959675,33.721523252,光学光电子,2024-04-27,2023-03-31
300571,平治信息,0.12,386151352.19,-70.0065212033,24.3818,17331163.85,-84.68,126.9067,11.694095201221,1.07,0.269454990685,12.4371400974,通信服务,2024-04-27,2023-03-31
300564,筑博设计,-0.09,130907708.92,-23.8026636348,-47.9187,-14746349.94,-742.49,-123.2746,8.225769946534,-1.08,-0.53113959591,19.8901063924,工程咨询服务Ⅱ,2024-04-27,2023-03-31
300553,集智股份,0.15,72477100.51,61.6522726488,-20.1495,9384924.73,171.71,93.8082,11.046251830929,1.37,-0.150500135577,43.0488401584,通用设备,2024-04-27,2023-03-31
300552,万集科技,-0.4265,105610643.79,-43.3325252811,-69.415,-90905655.52,-3047.85,-247.6424,12.21037131443,-3.44,-0.393845547941,30.0049278395,计算机设备,2024-04-27,2023-03-31
300548,长芯博创,0.16,508335925.73,69.3998200213,-13.7339,42041773.71,1.9,-47.8024,6.602300741875,2.05,-0.223662445886,17.5573474886,通信设备,2024-04-27,2023-03-31
300534,陇神戎发,0.0659,296323324.22,153.5037506913,56.1641,20005326.86,561.9,-1.8275,1.944821282467,2.25,-0.099443613839,65.4259450485,中药Ⅱ,2024-04-27,2023-03-31
300533,冰川网络,0.83,689684426.85,43.8863575052,-13.1906,191254500.31,-11.97,578.3397,13.114765477047,10.06,0.036082054208,94.9848995043,游戏Ⅱ,2024-04-27,2023-03-31
300531,优博讯,0.05,298193469.11,0.5334322027,-22.8884,15062470.52,-47.9,-33.9353,5.303383481699,0.86,-0.013732299319,25.0422726369,计算机设备,2024-04-27,2023-03-31
300513,恒实科技,0.0666,179438158.18,43.8701331124,-59.8452,20876288.28,794.08,172.7341,7.608246604339,0.72,-0.630648160928,21.6478673845,通信服务,2024-04-27,2023-03-31
300500,启迪设计,0.12,316785881.1,20.4936387326,-61.3712,20906288.07,335.73,154.0601,9.107963466034,1.33,0.059720209475,28.7155274358,工程咨询服务Ⅱ,2024-04-27,2023-03-31
300491,通合科技,0.09,118831465.8,78.3963466177,-52.2624,15767645.56,290.76,-35.7601,5.927303712917,1.55,-0.013751449865,32.6708881176,其他电源设备Ⅱ,2024-04-27,2023-03-31
300490,华自科技,-0.1,395188954.63,-3.6485419153,-5.7153,-31965008.42,-165.05,91.2157,7.466502197473,-1.49,-0.310474380443,20.6241674179,电网设备,2024-04-27,2023-03-31
300489,光智科技,-0.3926,239289489.37,21.0932705858,14.7454,-53438455.34,-99.36,-66.8983,1.819420564261,-19.63,0.075305979945,21.2030789457,光学光电子,2024-04-27,2023-03-31
300477,ST合纵,-0.01,501394484.79,-28.2061339575,-39.7976,-14207994.23,-115.57,85.5299,2.326410200264,-0.62,-0.45350730734,20.6202971864,电池,2024-04-27,2023-03-31
300459,汤姆猫,0.03,341411332.81,-26.4836991062,-8.6034,102211043.28,-44.01,158.1822,1.137390037468,2.59,0.027245397967,91.323836073,游戏Ⅱ,2024-04-27,2023-03-31
300457,赢合科技,0.16,1737760238.21,11.9026163716,-27.8004,103026290.18,59.69,-23.4297,9.012817999338,1.78,-0.483638286389,23.926036411,电池,2024-04-27,2023-03-31
300449,汉邦高科,-0.0223,27864128.39,94.094838652,-50.4718,-6645244.38,33.57,89.2676,0.112973892289,-17.95,-0.005886948439,32.2063335497,计算机设备,2024-04-27,2023-03-31
300438,鹏辉能源,0.42,2495302171.43,50.1385953586,-2.7142,182478156.79,101.46,-1.499,9.008035135041,4.3,0.039850779669,19.9592825034,电池,2024-04-27,2023-03-31
300432,富临精工,-0.4298,724902652.66,-56.1809363132,-72.366,-522029943.84,-347.31,-1249.8436,3.499824345599,-11.53,0.103218484416,20.6344151951,电池,2024-04-27,2023-03-31
300429,强力新材,-0.0021,186129206.64,-31.708353548,2.5935,-1095042.03,-104.38,99.1371,3.339153795592,-0.06,0.001493872267,25.8750675348,电子化学品Ⅱ,2024-04-27,2023-03-31
300424,航新科技,-0.009,421645744.5,62.0850335462,-7.0194,-2149959.49,86.92,-133.3866,2.952780882718,-0.29,-0.22228637159,17.9696448211,航空装备Ⅱ,2024-04-27,2023-03-31
300421,力星股份,0.0686,233587516.58,1.0851246612,-14.4907,16811579.59,37.52,-23.8108,5.192042297413,1.32,-0.089910428484,17.2954755166,通用设备,2024-04-27,2023-03-31
300418,昆仑万维,0.18,1217223600.73,2.0376282706,-8.9876,212057775.57,-43.33,-42.0285,10.767388675334,1.66,0.173125881042,82.7805219451,数字媒体,2024-04-27,2023-03-31
300412,迦南科技,0.02,199699286.27,-4.9843748913,-42.3143,8219096.97,-54.58,107.2638,2.104106044738,0.79,-0.067261030093,32.2246156669,专用设备,2024-04-27,2023-03-31
300408,三环集团,0.17,1189111190.1,-15.1552608958,-0.5484,319992380.5,-35.68,22.1395,9.091125845886,1.85,0.165676998526,39.4084288678,元件,2024-04-27,2023-03-31
300395,菲利华,0.2188,499175817.84,33.976145889,12.0747,111838895.64,23.81,-2.4022,6.778699443707,3.48,0.163513472073,45.5709749291,航空装备Ⅱ,2024-04-27,2023-03-31
300378,鼎捷数智,-0.04,358343820.69,10.0404399344,-49.9783,-10620766.78,37.31,-112.3581,6.885852194567,-0.58,-0.833273383004,59.4175197747,软件开发,2024-04-27,2023-03-31
300377,赢时胜,-0.1203,271478884.3,21.0811359202,-42.8714,-90386832.16,-145.6,-263.4069,3.867202080395,-3.07,-0.288426192138,29.7944383478,软件开发,2024-04-27,2023-03-31
300368,汇金股份,0.0054,84508311.29,-63.3679209413,-9.7998,2847914.59,140.41,101.2231,1.137298598634,0.47,0.459279183601,39.0920707392,计算机设备,2024-04-27,2023-03-31
300366,ST创意,0.0284,355626741.31,-5.8585231813,-57.6386,16962210.69,-25.06,170.8315,3.964377524661,0.76,-0.160654718869,23.2491450377,软件开发,2024-04-27,2023-03-31
300363,博腾股份,0.56,1377802786.78,-4.5029762818,-24.1802,304092146.15,-20.37,-28.8934,11.606175865838,4.93,0.665346388191,50.225476423,医疗服务,2024-04-27,2023-03-31
300352,ST信源,0.0015,153449827.46,17.5878180002,96.2832,2143006.03,-12.52,101.1064,1.070855206574,0.14,-0.018458819494,74.0645534122,软件开发,2024-04-27,2023-03-31
300351,永贵电器,0.09,319210396.84,6.3482129275,-31.141,35164777.29,-8.85,-4.9257,5.90694219324,1.56,-0.225821225569,27.390045467,轨交设备Ⅱ,2024-04-27,2023-03-31
300343,联创股份,0.008,231302249.46,-62.1585433527,-20.6903,9382889.92,-96.95,103.6835,1.708864550417,0.53,0.107034061838,23.8039760394,化学制品,2024-04-27,2023-03-31
300322,硕贝德,-0.06,350080636.23,-10.7582492607,-4.1441,-26871347.64,-1083.9,58.0051,2.586020588152,-2.21,-0.124445993699,20.6318001269,消费电子,2024-04-27,2023-03-31
300320,海达股份,0.0544,553196087.63,-17.4877177399,-20.1604,32736734.59,-18.75,141.2311,3.489085203024,1.57,0.104901389582,15.8711946872,橡胶,2024-04-27,2023-03-31
300318,博晖创新,0.0063,252950995.14,44.2185279129,27.419,5174206.08,139.07,113.2649,1.711577422009,0.37,0.006332738995,35.0796411221,生物制品,2024-04-27,2023-03-31
300301,ST长方,-0.0236,150091980.78,-29.4362865267,10.6266,-18633430.33,45.87,84.0611,0.21947535121,-10.75,-0.016241072626,25.2146670417,光学光电子,2024-04-27,2023-03-31
300295,*ST三六五,0.04,51659869.96,-17.3,-14.9793,7683676.77,45.33,187.5009,6.922913917743,0.58,1.734262665631,77.5384807802,数字媒体,2024-04-27,2023-03-31
300287,飞利信,0.0039,306972519.74,-4.5972604889,44.8064,5553026.14,-1.66,101.4305,1.16372772687,0.33,-0.019504130831,25.5245197767,IT服务Ⅱ,2024-04-27,2023-03-31
300286,安科瑞,0.2,230181960.88,11.1490844886,-6.3292,41817836.08,32.65,30.3307,5.583110237808,3.58,-0.179567412089,47.5144718039,电网设备,2024-04-27,2023-03-31
300267,尔康制药,0.0126,546925468.79,28.2815628933,-1.1258,26078945.63,15.73,176.1084,2.450441305954,0.52,-0.059732126668,22.6581431276,化学制药,2024-04-27,2023-03-31
300253,卫宁健康,-0.0296,449172857.1,0.8188703034,-63.2398,-63534739.9,-300.02,-101.0758,2.335822341661,-1.25,-0.042848072613,32.4251810206,软件开发,2024-04-27,2023-03-31
300250,初灵信息,-0.03,53777863.57,-40.5372817351,-17.3823,-6507918.78,-293.85,94.756,2.715721569756,-1.12,-0.130919761217,53.7636438688,IT服务Ⅱ,2024-04-27,2023-03-31
300244,迪安诊断,0.2557,3231809152.3,-30.4810688462,-30.5418,160273989.61,-78.74,116.1308,12.073198329273,2.14,-0.364853074687,33.5291795643,医疗服务,2024-04-27,2023-03-31
300243,瑞丰高材,0.08,410808987.33,-18.0395013839,-13.2262,17683765.5,-43.67,717.382,3.783088710404,1.84,-0.178523809738,18.2503442944,塑料,2024-04-27,2023-03-31
300234,开尔新材,0.0213,74841018.35,-16.3107669338,-70.8614,10712282.14,11.63,-72.3022,2.107402190995,1.01,0.067987604334,36.0692024175,装修建材,2024-04-27,2023-03-31
300230,永利股份,0.0257,347496539.24,-22.6071442743,-29.4064,20984556.98,-42.8,-47.5035,3.24791089037,0.79,0.040844263391,33.3182390717,塑料,2024-04-27,2023-03-31
300227,光韵达,0.0134,211285408.84,-3.5756911993,-22.3757,6715907.33,-59.12,143.9703,3.03552737271,0.44,-0.091625045965,37.2445587805,自动化设备,2024-04-27,2023-03-31
300226,上海钢联,0.1698,17510118786.83,12.7234783949,10.8693,54638740.2,41.01,-16.2133,6.865201136104,3.05,-0.847115566372,1.5283524239,软件开发,2024-04-27,2023-03-31
300225,金力泰,-0.0071,159688207.49,-6.0717878447,20.3656,-3457405.3,-86.8,83.8762,1.569765997323,-0.45,-0.0299063874,22.3711879803,化学制品,2024-04-27,2023-03-31
300220,金运激光,-0.0182,71300667.39,-10.0836592846,23.5897,-2756503.84,61.9,90.6369,0.597174646032,-3.01,0.033095374471,30.5163227309,自动化设备,2024-04-27,2023-03-31
300214,日科化学,0.04,583133877.71,-20.7240620712,-7.434,17727842.35,-78.1,-50.6647,5.453620591636,0.7,0.100491939597,8.6342163377,化学制品,2024-04-27,2023-03-31
300211,*ST亿通,-0.0149,41510607.79,-41.1009893958,-41.5562,-4522740.94,-160.59,-1392.4651,1.708923832647,-0.87,0.003668591496,31.2872322557,通信服务,2024-04-27,2023-03-31
300210,森远股份,-0.01,61444485.17,1.8866561011,16.262,-4785132.75,69.6,97.5838,1.190970573594,-1.88,0.015437293391,30.007078925,环保设备Ⅱ,2024-04-27,2023-03-31
300199,翰宇药业,0.02,176222802.86,5.3886249114,1.6528,18605574.69,132.27,108.3147,1.472073057414,1.45,-0.042456299837,71.8597485143,化学制药,2024-04-27,2023-03-31
300198,*ST纳川,-0.0159,68442859.7,-13.000293647,-46.1425,-16428484.74,-17.16,94.2994,1.011977885917,-1.56,-0.03032150363,13.6015235933,装修建材,2024-04-27,2023-03-31
300197,节能铁汉,0.0008,512329963.15,-11.5749801305,-57.9468,19705492.85,116.46,104.2361,1.962242177006,0.04,-0.103617578703,18.1709132426,基础建设,2024-04-27,2023-03-31
300191,潜能恒信,0.0066,109500170.16,3.0033491524,-5.8302,2099626.75,-79.12,236.3264,3.957156209844,0.17,0.136607009969,37.6506100308,油服工程,2024-04-27,2023-03-31
300187,永清环保,0.0329,203835546.92,31.1491282836,32.3217,21264890.0,163.13,104.8172,1.528158218158,2.23,-0.063648904294,25.8398233997,环境治理,2024-04-27,2023-03-31
300177,中海达,-0.0518,189180665.46,-23.7049157662,-58.7677,-38573908.69,-146.99,65.6585,2.790832229635,-1.84,-0.117988313532,40.2074118436,军工电子Ⅱ,2024-04-27,2023-03-31
300175,朗源股份,-0.0015,33828730.71,-1.3644307802,-51.7876,-709870.73,35.42,94.0248,1.172515766037,-0.13,-0.003352141419,18.3579373203,农产品加工,2024-04-27,2023-03-31
300173,ST福能,0.0094,284743544.39,0.1498048506,50.5976,6917857.4,10.99,102.302,1.166311616026,0.81,0.070096266444,28.4166006374,电池,2024-04-27,2023-03-31
300169,天晟新材,-0.0429,105487175.26,-19.8430110209,-28.4541,-13978180.53,19.96,90.7526,0.785754557105,-5.3,0.020110518745,18.3089322113,化学制品,2024-04-27,2023-03-31
300168,万达信息,-0.0298,663377866.71,-18.7732099849,-33.255,-42992719.58,-421.28,-241.269,2.204347452674,-1.34,-0.37960787148,31.5303048272,IT服务Ⅱ,2024-04-27,2023-03-31
300167,ST迪威迅,-0.1405,51878243.41,-50.5824993262,-73.9118,-50653586.25,-34.13,59.8606,0.110853526307,-39.45,-0.050992747996,22.7305298231,IT服务Ⅱ,2024-04-27,2023-03-31
300159,新研股份,-0.0401,61464539.33,-56.7019483905,-91.0218,-59765259.94,-86.13,-199.7374,0.064085735476,-48.56,0.017227532643,24.2858615434,专用设备,2024-04-27,2023-03-31
300157,新锦动力,-0.05,204934728.76,217.1637731175,144.8389,-35942458.79,24.45,-399.2937,0.017637658345,-17.55,-0.068394170859,13.7942693857,通用设备,2024-04-27,2023-03-31
300154,瑞凌股份,0.08,292745981.08,11.6644101577,-0.5789,37976113.45,149.63,93.6654,3.724731399657,2.24,-0.007117371258,22.9116464836,通用设备,2024-04-27,2023-03-31
300151,昌红科技,0.06,285048546.38,-2.8746938344,-11.5167,31597187.56,-29.77,248.5009,2.470983068661,2.41,0.0283687705,29.9963891505,专用设备,2024-04-27,2023-03-31
300148,天舟文化,-0.005,52528330.75,-28.4823118235,-79.0898,-4077298.32,30.61,98.7998,1.252189971423,-0.38,-0.057844522917,54.7885497199,出版,2024-04-27,2023-03-31
300141,和顺电气,-0.0086,52903375.21,-0.7935912592,-65.6896,-2193726.58,7.92,62.4715,2.597479793221,-0.33,-0.287739701975,22.4022821662,电网设备,2024-04-27,2023-03-31
300135,宝利国际,-0.0024,279712078.89,14.1944564149,-73.4467,-2249757.3,90.79,98.7566,1.081100491526,-0.23,0.00061329184,7.5016809904,炼化及贸易,2024-04-27,2023-03-31
300132,青松股份,-0.0928,397071868.2,-42.2208303003,-48.7691,-47920164.17,21.69,43.8502,2.575766458672,-3.54,0.057211610439,2.5078489406,化妆品,2024-04-27,2023-03-31
300129,泰胜风能,0.0969,804851686.63,44.4033642781,-19.8399,90628332.3,45.13,-16.3861,4.417245320863,2.22,-0.406079146485,22.1292425199,风电设备,2024-04-27,2023-03-31
300125,*ST聆达,-0.03,217013818.27,-20.4418374074,-59.6574,-6751166.01,75.51,-138.7413,2.458724748488,-1.03,0.046465309726,13.4576940182,电力,2024-04-27,2023-03-31
300111,向日葵,-0.011,61283853.74,0.2598677057,-49.8728,-12361272.45,-77.28,-188.2516,0.500358520004,-4.4,-0.038138068963,12.4866322416,化学制药,2024-04-27,2023-03-31
300106,西部牧业,0.0103,282326439.25,-4.8732654735,-19.5844,2177215.48,-4.7,238.0028,2.875594385875,0.3,-0.127051617143,15.8810537862,饮料乳品,2024-04-27,2023-03-31
300105,龙源技术,-0.0121,61487812.16,5.839507467,-84.4228,-6188288.08,15.35,-136.2002,3.653931689526,-0.33,-0.066487828886,22.408624337,其他电源设备Ⅱ,2024-04-27,2023-03-31
300103,达刚控股,-0.052,33903823.49,-43.5150938427,-70.9629,-16506589.68,-325.17,69.5108,2.26767332902,-2.27,0.002602890104,28.065566625,专用设备,2024-04-27,2023-03-31
300097,智云股份,-0.1,110114178.91,126.2036438848,174.2947,-27470201.36,40.27,86.4447,1.576776775925,-5.89,0.069015113166,31.5901398115,自动化设备,2024-04-27,2023-03-31
300062,中能电气,0.02,337903236.61,25.4197991513,-23.3914,10909193.26,2.85,-30.4078,2.247120388913,0.87,-0.220837703146,17.9569237036,电网设备,2024-04-27,2023-03-31
300057,万顺新材,-0.0053,1141944292.45,-14.5918436415,-26.5049,-4856874.85,-108.98,-111.7003,6.067617778166,-0.09,0.199308360836,8.045306678,工业金属,2024-04-27,2023-03-31
300052,中青宝,0.0065,63324006.72,-9.0245263886,28.5117,1690603.11,-61.08,102.5713,2.168997293426,0.64,0.09561297961,45.2351058528,IT服务Ⅱ,2024-04-27,2023-03-31
300048,合康新能,0.0006,331668674.8,4.0191679444,-26.5868,661978.33,-93.08,-97.2378,1.686772194189,0.04,-0.003192750643,21.3343646525,自动化设备,2024-04-27,2023-03-31
300045,华力创通,0.0031,90773296.42,-38.4919618341,4.5949,2058655.79,20.15,102.5241,2.598997412995,0.12,-0.023862066154,39.6211858646,军工电子Ⅱ,2024-04-27,2023-03-31
300042,朗科科技,0.0364,342865294.1,-18.0669096896,-30.2736,7289785.24,-12.96,-68.3708,5.917623084132,0.62,-0.027351173603,10.2368052101,计算机设备,2024-04-27,2023-03-31
300040,九洲集团,0.06,285644520.92,-10.4698289491,-29.9792,34212030.87,-18.31,47.8767,4.749671629832,1.2,-0.148972217665,35.975787587,电力,2024-04-27,2023-03-31
300035,中科电气,-0.1871,1041017759.58,21.3325578368,-31.1448,-135306501.02,-204.96,-118.4101,6.571826991238,-2.79,-0.271204591459,7.8495771353,电池,2024-04-27,2023-03-31
300031,宝通科技,0.202,755240200.37,14.0545418536,-13.3203,83235639.25,21.04,116.7568,8.371689347716,2.43,-0.00548219659,41.0903446861,游戏Ⅱ,2024-04-27,2023-03-31
300030,阳普医疗,0.04,158563957.54,-11.692088419,-12.4999,13633861.49,136.16,109.7039,2.580908913517,1.72,-0.058160536308,39.0655918855,医疗器械,2024-04-27,2023-03-31
300011,鼎汉技术,0.0027,267331598.61,13.0371011542,-36.48,1521591.22,104.46,100.9496,2.317285994004,0.12,-0.043614298257,27.2590471605,轨交设备Ⅱ,2024-04-27,2023-03-31
300007,汉威科技,0.04,584486560.34,-1.6586380586,-7.6012,14081512.26,-72.66,-69.4563,8.498018825997,0.51,-0.485231701096,23.4501700074,通用设备,2024-04-27,2023-03-31
300001,特锐德,0.02,1977192832.16,6.7906364367,-58.3374,20316477.46,18.98,-87.847,6.074316287633,0.32,-0.303847104464,15.5068015736,电网设备,2024-04-27,2023-03-31
200726,鲁泰B,0.11,1378301160.57,-12.7706519295,-20.4177,95759162.05,-39.92,-64.2554,10.1650915056,1.06,-0.041446365642,20.7538216446,纺织制造,2024-04-27,2023-03-31
200596,古井贡B,2.97,6584074879.74,24.8327505876,66.7452,1569704169.52,42.87,201.6023,37.971228442546,8.13,5.824223225596,79.6727160688,白酒Ⅱ,2024-04-27,2023-03-31
200512,闽灿坤B,0.06,311772497.46,-27.2525804702,0.3296,10507389.79,-17.65,-60.5995,5.663365822943,1.0,-0.302611704581,17.9276248019,小家电,2024-04-27,2023-03-31
200055,方大B,0.07,815219822.9,25.0873657807,-33.7597,70822028.03,61.36,2.8817,5.370542153965,1.22,-0.133978675847,24.0035924389,装修建材,2024-04-27,2023-03-31
200029,深深房B,-0.0352,109155515.74,-59.9568829507,1.0414,-35653798.52,-121.97,-224.673,3.924724063796,-0.89,-0.181126830487,7.3983632758,房地产开发,2024-04-27,2023-03-31
200017,深中华B,0.0041,151527917.92,201.566390991,-48.7387,2848657.72,415.12,132.2677,0.42510792416,0.98,-0.010948989565,5.5118518519,饰品,2024-04-27,2023-03-31
200011,深物业B,0.0222,411469619.15,-67.2347652195,-27.6057,13216750.95,-93.98,-83.8662,7.427656728837,0.3,-0.70329634693,24.5903367444,房地产开发,2024-04-27,2023-03-31
003042,中农联合,0.12,504847216.52,20.4815350926,18.2698,17020776.89,-28.88,-5.2297,11.912058073484,1.01,-0.066632097908,19.2670883917,农化制品,2024-04-27,2023-03-31
003041,真爱美家,0.11,165538031.11,-6.3414735094,-43.317,12815335.53,-31.14,-80.3762,10.708197961167,1.0,0.0234279,18.2129396718,服装家纺,2024-04-27,2023-03-31
003040,楚天龙,0.09,326065669.58,24.0344903032,-32.1942,43232654.24,6.04,6.4313,3.389958188233,2.8,-0.011448253185,33.3122627598,通信设备,2024-04-27,2023-03-31
003035,南网能源,0.02,547842273.41,-5.3500635375,-27.4889,82001000.64,-8.6,-52.1079,1.729196015308,1.26,0.008193610331,33.7567649113,电力,2024-04-27,2023-03-31
003033,征和工业,0.31,344145163.73,2.4372182271,-18.7425,25655036.2,-5.92,-45.6225,13.61094605419,2.33,-0.45969055792,23.4839294483,摩托车及其他,2024-04-27,2023-03-31
003029,吉大正元,0.02,121917781.05,64.9531867568,-39.0011,2990540.14,114.37,-90.3102,7.307411713363,0.22,-0.462143511138,67.6964407974,软件开发,2024-04-27,2023-03-31
003028,振邦智能,0.2,213051602.08,-25.9090051947,-9.9426,22831022.41,-46.28,-40.2445,12.780333222598,1.62,0.632683445743,24.1381956145,家电零部件Ⅱ,2024-04-27,2023-03-31
003025,思进智能,0.11,108502163.08,-15.4356239453,-23.3643,25726653.35,-36.6,-18.1019,6.308896173641,2.53,-0.035884658656,38.3270927413,通用设备,2024-04-27,2023-03-31
003022,联泓新科,0.11,1576009466.45,1.3066818324,-9.4305,147159610.2,36.98,66.3605,5.307847852502,2.1,0.073756109573,16.1549279271,光伏设备,2024-04-27,2023-03-31
003018,金富科技,0.07,163819793.19,-4.1246435652,28.0339,19486995.11,-22.66,34.1261,5.453063281231,1.38,-0.144038896038,22.3484479116,包装印刷,2024-04-27,2023-03-31
003012,东鹏控股,0.001,1144470282.03,18.4562040267,-38.9246,1177693.11,101.53,-85.6903,6.129320025985,0.02,0.099991219369,24.8400198584,家居用品,2024-04-27,2023-03-31
003011,海象新材,0.65,433359930.82,7.2197992526,-6.1298,67242810.35,290.66,-15.492,14.704544941759,4.48,1.28937808855,30.1249041445,家居用品,2024-04-27,2023-03-31
003009,中天火箭,0.18,181082636.41,-13.7935472132,-54.8741,27558703.88,-28.29,-23.3277,9.720579477089,1.78,-0.709328288948,33.6833135961,航天装备Ⅱ,2024-04-27,2023-03-31
002995,天地在线,-0.0737,497845786.32,-39.755665066,-20.0309,-13084565.06,15.85,-238.4981,8.109571422339,-1.27,-0.029770672378,3.7490034611,广告营销,2024-04-27,2023-03-31
002982,湘佳股份,-0.28,909179664.61,16.0284065073,-17.6654,-28254065.93,-341.63,-426.8705,16.550117514235,-1.55,0.906339624372,10.8547094729,养殖业,2024-04-27,2023-03-31
002973,侨银股份,0.26,983827742.59,5.5290849172,-5.6973,106235729.87,37.6,3.8533,4.875850089517,5.4,-0.304393580022,27.1583652375,环境治理,2024-04-27,2023-03-31
002966,苏州银行,0.32,3158456432.0,5.2607454809,15.3634,1296078065.0,20.84,58.3992,9.973269146357,3.26,5.938669974709,,银行Ⅱ,2024-04-27,2023-03-31
002961,瑞达期货,0.12,383353917.09,-0.07,131.021,54716474.46,-42.6,-2.5613,5.530433661231,2.15,0.430708585247,,多元金融,2024-04-27,2023-03-31
002960,青鸟智控,0.138,831137031.18,11.381004523,-30.6082,77378140.0,16.15,-49.6003,10.434964346888,1.32,-0.337185864481,38.8382232845,专用设备,2024-04-27,2023-03-31
002959,小熊电器,1.0567,1251206993.96,28.0699691359,-11.8355,164852468.99,58.27,13.0203,15.717487924417,6.73,1.348455886357,39.7608278895,小家电,2024-04-27,2023-03-31
002958,青农商行,0.16,2671626000.0,7.2317726625,38.9461,993672000.0,5.58,306.3645,5.578786279531,2.89,2.135862439638,,银行Ⅱ,2024-04-27,2023-03-31
002957,科瑞技术,0.0722,533077336.05,19.2963332176,-50.134,29661738.02,9.8,-71.3473,6.838731533943,1.06,0.733746123481,34.4970651881,自动化设备,2024-04-27,2023-03-31
002945,华林证券,0.0233,243355417.32,-25.95,-34.3603,62894929.6,-57.59,127.7006,2.420308504244,0.97,3.811348004219,,证券Ⅱ,2024-04-27,2023-03-31
002940,昂利康,0.23,424507176.32,25.5161252782,-15.993,47070207.68,20.43,147.47,11.165728605172,3.08,0.609969411862,45.7215724838,化学制药,2024-04-27,2023-03-31
002933,新兴装备,-0.1,44104344.13,-42.5605710351,-4.2038,-11902269.34,-224.36,51.8136,12.252306726971,-0.83,0.428460280614,21.5741314324,航空装备Ⅱ,2024-04-27,2023-03-31
002930,宏川智慧,0.15,375875664.06,39.4696138784,15.3365,68814420.28,27.78,75.6089,5.088511837663,2.87,0.479153465611,57.9814363095,物流,2024-04-27,2023-03-31
002926,华西证券,0.15,1127252618.15,156.55,34.2658,402301962.84,336.702151771,540.2285,8.707474850088,1.78,-0.490610331371,,证券Ⅱ,2024-04-27,2023-03-31
002925,盈趣科技,0.1,871392103.77,-32.536618407,-10.7109,80167406.63,-48.42,-48.9438,6.833782729749,1.51,0.118560434067,29.8782960614,消费电子,2024-04-27,2023-03-31
002923,润都股份,0.12,359359020.73,11.3534707418,-5.4953,40432140.73,6.05,-24.9222,5.168759646492,3.32,-0.159396851103,48.6598284676,化学制药,2024-04-27,2023-03-31
002922,伊戈尔,0.06,639265629.25,0.489563622,-16.4335,19029173.01,-45.55,-60.603,5.986285189935,1.07,0.041843062407,17.1474725301,其他电子Ⅱ,2024-04-27,2023-03-31
002921,联诚精密,-0.02,318749839.39,-3.5252286476,11.2362,-1723197.26,-117.93,25.2532,8.637067719162,-0.14,0.079081199367,13.9389408023,汽车零部件,2024-04-27,2023-03-31
002918,蒙娜丽莎,0.02,1101470379.13,3.5514324194,-28.2269,6900621.83,109.35,158.2958,7.384251931121,0.21,-0.392221103337,24.5125512211,家居用品,2024-04-27,2023-03-31
002910,庄园牧场,0.03,250199013.12,2.5931053837,-8.3661,6303226.24,-44.1,-79.3348,6.948674128645,0.46,0.206403007278,22.3603822303,饮料乳品,2024-04-27,2023-03-31
002906,华阳集团,0.16,1315429083.28,9.628993317,-19.2735,77531063.6,12.1,-31.6152,8.975673704333,1.83,0.029512956357,22.3223164435,汽车零部件,2024-04-27,2023-03-31
002899,英派斯,0.03,198895446.9,2.398451719,-22.7606,3355449.08,151.31,-90.6983,9.69573628375,0.29,0.596873001,23.1143107932,文娱用品,2024-04-27,2023-03-31
002893,京能热力,0.84,652854539.78,3.2530101179,65.9201,169739081.48,18.2,1573.7134,4.109350810552,22.68,-0.890046757692,34.589012993,电力,2024-04-27,2023-03-31
002885,京泉华,0.3068,781105581.98,72.1618069113,-2.0439,55660437.65,441.04,105.4688,7.890118624022,5.71,0.443310474542,15.9094207578,其他电子Ⅱ,2024-04-27,2023-03-31
002882,金龙羽,0.0985,710760403.1,-14.623473888,-20.4168,42628536.27,-1.44,7.1752,4.748226882998,2.1,-0.271742213098,13.4913574844,电网设备,2024-04-27,2023-03-31
002873,新天药业,0.1082,208755879.11,-16.2350328034,-4.4329,25092336.81,-18.74,278.4071,4.893455925936,2.2,-0.001342744877,78.0667394206,中药Ⅱ,2024-04-27,2023-03-31
002855,捷荣技术,-0.12,453822256.3,-22.835635522,-24.9606,-30676117.22,19.8173541137,70.6188,4.003836859712,-3.05,-0.352912370084,12.0923784341,消费电子,2024-04-27,2023-03-31
002852,道道全,0.31,1747526956.85,41.3404467442,-20.2958,108225865.84,300.35,136.8201,5.820715924485,5.31,0.922754081226,9.751474931,农产品加工,2024-04-27,2023-03-31
002850,科达利,1.03,2326101823.8,48.5202629725,-13.3158,241526222.3,42.77,-21.5032,24.711799961702,4.12,-0.090087934562,22.139320614,电池,2024-04-27,2023-03-31
002849,威星智能,0.04,343694861.92,101.1446476247,40.0918,8419625.5,-22.58,232.1093,7.953285052032,0.67,0.365530904626,23.0375982514,通用设备,2024-04-27,2023-03-31
002832,比音勒芬,0.53,1078874765.84,33.1252935355,63.4538,300665438.83,41.36,95.1022,7.763525416078,7.02,0.888312299712,75.7138745964,服装家纺,2024-04-27,2023-03-31
002830,名雕股份,-0.04,120795180.73,-16.3043183358,-57.5405,-5177881.75,35.49,-187.6176,4.897902560447,-0.79,0.042915362682,28.7107990736,装修装饰Ⅱ,2024-04-27,2023-03-31
002815,崇达技术,0.18,1426962513.13,-5.0048348464,3.024,157022228.85,-0.23,10.1509,6.418755113162,3.09,0.267725769218,28.7325818091,元件,2024-04-27,2023-03-31
002810,山东赫达,0.2131,375012503.24,-4.2967406505,-4.1834,72801845.43,-24.43,51.8261,5.712615686075,3.8,-0.019792257423,30.9962530171,化学制品,2024-04-27,2023-03-31
002807,江阴银行,0.1428,1036179000.0,4.03,27.2045,310225000.0,12.78,-55.633,6.559805227577,2.15,-0.147123141425,,银行Ⅱ,2024-04-27,2023-03-31
002803,吉宏股份,0.19,1376008156.67,14.4118200609,-4.4032,70430791.12,64.3,578.6348,5.478679209851,3.3,0.083427590075,45.6233376297,互联网电商,2024-04-27,2023-03-31
002802,洪汇新材,0.06,82377878.27,-42.9621665051,-9.0365,10477935.23,-34.22,-55.2103,5.039683878322,1.5,0.208247796335,31.6277436578,化学制品,2024-04-27,2023-03-31
002798,帝欧水华,-0.21,609860288.19,-20.3182157608,-38.8111,-80322713.49,11.59,92.7857,6.448086981629,-2.87,0.68423703428,20.2387069957,家居用品,2024-04-27,2023-03-31
002797,第一创业,0.03,691865297.91,30.17,-1.1346,140884273.51,95.96,133.6155,3.508648605842,0.96,0.312709496345,,证券Ⅱ,2024-04-27,2023-03-31
002793,罗欣药业,-0.08,662426362.85,-69.5726278187,463.8273,-90235051.14,-210.47,87.608,2.832425466832,-2.89,0.024688233717,46.4138567323,化学制药,2024-04-27,2023-03-31
002785,万里石,-0.0181,217897547.56,-19.4979016279,30.9392,-3610096.03,-165.68,89.6748,2.945275650211,-0.61,0.055036686602,11.0494439564,装修建材,2024-04-27,2023-03-31
002765,蓝黛科技,0.0497,604316072.87,-21.0077369484,-24.7749,31068322.04,-38.27,-22.0989,4.306999502939,1.23,-0.011535026381,16.5987332016,汽车零部件,2024-04-27,2023-03-31
002763,汇洁股份,0.25,735350140.44,12.8760298338,20.8062,104210305.87,20.61,471.5826,5.221816917892,4.99,0.230122391687,68.8264732372,服装家纺,2024-04-27,2023-03-31
002760,凤形股份,0.13,165423948.43,-14.9455304802,-32.8025,13545509.91,-27.53,-20.7862,9.269776416619,1.36,-0.484519470212,21.7825534223,通用设备,2024-04-27,2023-03-31
002758,浙农股份,0.18,10211322413.1,7.8272446985,-6.8387,91108881.34,-34.73,-54.4348,8.422588824936,2.14,0.015848752814,6.1500712971,综合Ⅱ,2024-04-27,2023-03-31
002757,南兴股份,0.2768,940067932.73,37.2828059477,9.4226,81789438.13,5.52,-8.4949,8.413866514799,3.35,0.744919353095,18.1473505967,专用设备,2024-04-27,2023-03-31
002748,世龙实业,0.0642,524316495.07,-15.6901928197,-14.6611,15402652.97,-71.72,-70.5293,5.602982044042,1.15,0.104055324125,8.4512440476,化学原料,2024-04-27,2023-03-31
002741,光华科技,-0.473,654563171.4,-13.8975731875,5.1451,-188427905.96,-633.72,-1996.8909,3.982095282151,-11.24,-0.260222203807,5.7227448284,电子化学品Ⅱ,2024-04-27,2023-03-31
002727,一心堂,0.4031,4435751548.19,11.0215494325,-17.9506,239463487.17,33.49,-28.0091,12.86166870792,3.17,0.617344904137,33.524356718,医药商业,2024-04-27,2023-03-31
002718,友邦吊顶,0.08,183414168.5,-8.9802223517,-26.4889,10063147.92,-52.38,204.4124,8.249116981841,0.93,0.026775631798,27.123916133,装修建材,2024-04-27,2023-03-31
002715,登云股份,-0.0596,125039126.76,9.5940657493,-16.0283,-8227876.13,-133.27,91.7735,2.776242801739,-2.12,0.126997455145,20.2686055371,汽车零部件,2024-04-27,2023-03-31
002714,牧原股份,-0.22,24198301291.41,32.3928022988,-45.0696,-1198054174.39,76.87,-110.1929,12.66770843387,-1.67,-0.70456115194,1.8829680174,养殖业,2024-04-27,2023-03-31
002709,天赐材料,0.36,4313996360.31,-16.2177955113,-26.7338,694765271.75,-53.62,-48.6867,6.792030981823,5.54,-0.254093644219,30.5295002779,电池,2024-04-27,2023-03-31
002706,良信股份,0.08,931963371.38,16.2897837761,-21.8929,85037662.75,17.84,16.8959,3.41818779221,1.96,-0.113316686285,31.7231003373,电网设备,2024-04-27,2023-03-31
002705,新宝股份,0.1681,2829291339.77,-22.3154086662,-5.017,138383025.56,-22.27,17.6497,8.62869870779,1.96,-0.231119228424,21.8916995233,小家电,2024-04-27,2023-03-31
002698,博实股份,0.2056,729710396.08,44.7014815788,70.9675,210214585.5,37.25,1107.9149,3.27628536625,6.42,-0.052613758198,39.8391694666,自动化设备,2024-04-27,2023-03-31
002696,百洋股份,0.0105,553778698.81,-9.6983523185,-33.9286,3623908.92,-45.34,290.7265,4.09600596897,0.25,0.031824778581,8.6425044233,饲料,2024-04-27,2023-03-31
002685,华东重机,0.0249,271039799.77,-37.3439971332,-62.7494,25129511.39,2.17,112.9324,2.248041620801,1.12,0.002922748044,23.7590583614,工程机械,2024-04-27,2023-03-31
002675,东诚药业,0.0608,850500484.35,-3.3232443461,1.0679,50106641.46,-8.77,317.6577,5.812507778015,1.05,-0.112569783625,47.4419740076,化学制药,2024-04-27,2023-03-31
002672,东江环保,-0.13,828715785.69,-14.0019481988,-19.5531,-117659832.94,-2345.86,71.4103,4.479708787783,-2.94,-0.139730805639,4.9768952326,环境治理,2024-04-27,2023-03-31
002659,凯文教育,-0.02,68233241.46,550.9218581296,22.0327,-10613651.83,72.2,70.6354,3.743773580031,-0.47,-0.023251723794,20.4900528992,教育,2024-04-27,2023-03-31
002658,雪迪龙,0.04,297976335.51,-5.2374315506,-36.8579,28243820.5,-63.84,-47.1769,4.158897920312,1.06,0.013519775766,44.3520660269,环保设备Ⅱ,2024-04-27,2023-03-31
002654,万润科技,-0.0138,935277173.13,22.056629842,-37.0837,-11806826.19,-91.29,89.6312,1.732336654021,-0.8,-0.006172763603,7.2656094046,光学光电子,2024-04-27,2023-03-31
002651,利君股份,0.08,260042397.81,3.3950923971,-40.1466,80172064.3,13.53,-4.1379,2.591844632777,3.04,0.077753224905,45.886506337,航空装备Ⅱ,2024-04-27,2023-03-31
002649,博彦科技,0.11,1586366780.9,6.9532341921,-7.3735,65800882.26,25.44,113.1807,6.65095313489,1.69,-0.149786320616,22.6445334645,IT服务Ⅱ,2024-04-27,2023-03-31
002624,完美世界,0.13,1903728618.64,-10.552438002,-2.8195,241302884.95,-71.28,472.5806,4.829109314922,2.6,-0.079647645055,65.164750785,游戏Ⅱ,2024-04-27,2023-03-31
002623,亚玛顿,0.08,808837183.25,14.6233264898,-8.4276,15641778.52,41.68,-35.9447,16.288724165928,0.48,-0.663073798581,6.8790292907,光伏设备,2024-04-27,2023-03-31
002614,奥佳华,0.03,1182959019.74,-25.2995353294,-10.926,19158027.94,-30.81,-42.9318,7.397296224676,0.41,0.128122695932,39.8657474148,其他家电Ⅱ,2024-04-27,2023-03-31
002613,北玻股份,0.0314,371547959.67,-2.7793598469,5.3197,29419146.94,105.15,340.8377,1.767898597725,1.79,0.0228751321,26.6187566251,玻璃玻纤,2024-04-27,2023-03-31
002609,捷顺科技,-0.0233,231748239.92,55.9349646005,-58.333,-14956293.84,68.97,-361.9359,3.610332033186,-0.64,-0.050737285359,39.2098378056,IT服务Ⅱ,2024-04-27,2023-03-31
002608,江苏国信,0.068,7232393984.89,-6.47,-10.6073,257085770.14,-29.07,147.1605,7.659952948552,0.89,0.13139038157,3.0073534617,电力,2024-04-27,2023-03-31
002603,以岭药业,0.7198,3934956597.43,44.5638189499,-14.2148,1202514384.13,148.29,26.9171,7.263444568206,10.43,0.239625093988,64.9633472382,中药Ⅱ,2024-04-27,2023-03-31
002592,ST八菱,0.04,95606109.47,-38.2379026657,-34.1299,9601896.15,125.75,609.2528,2.755318586724,1.25,-0.038501905669,22.9890205049,汽车零部件,2024-04-27,2023-03-31
002587,奥拓电子,0.0049,170825904.31,-15.4085015356,-36.7714,3127060.05,143.32,210.9319,2.121574057507,0.23,-0.133979657167,46.7504375654,光学光电子,2024-04-27,2023-03-31
002577,雷柏科技,0.02,100456140.95,-0.1244341065,-21.1164,4457950.25,-60.31,152.0946,4.019774510747,0.39,0.053225732678,27.18272498,计算机设备,2024-04-27,2023-03-31
002564,天沃科技,-0.52,877730250.37,-36.4315994465,19.5635,-444947207.33,-12666.15,90.1375,-2.763459314696,,0.115543151232,9.1440352336,专用设备,2024-04-27,2023-03-31
002561,徐家汇,0.05,151508511.37,0.5817460117,14.6509,19971713.78,-5.3,17.1569,5.409162822858,0.89,0.208233121418,56.3353910933,一般零售,2024-04-27,2023-03-31
002560,通达股份,0.0656,1202673914.26,17.3117192687,-17.1949,34653459.12,188.57,-0.0459,4.802915387295,1.38,-0.145650187024,8.9674039714,电网设备,2024-04-27,2023-03-31
002554,惠博普,0.0091,500646465.58,46.4586628646,-3.7328,12234004.31,8.78,-77.5434,1.856445176856,0.49,0.095720822852,25.9769266181,油服工程,2024-04-27,2023-03-31
002545,东方铁塔,0.1362,787345456.13,-17.9741830539,-9.1568,169400214.48,-15.77,53.244,6.905130016441,1.99,0.046827615282,36.6683150696,农化制品,2024-04-27,2023-03-31
002543,万和电气,0.17,1602519651.84,-27.8026551777,3.271,123240519.21,-22.4,2181.3637,5.97164748319,2.81,0.484879401466,30.0219959829,厨卫电器,2024-04-27,2023-03-31
002541,鸿路钢构,0.2912,5017703018.77,42.6049861086,-7.4714,200921284.76,20.19,-30.4238,11.841594749978,2.4,0.243959711987,9.2544518201,专业工程,2024-04-27,2023-03-31
002534,西子洁能,0.03,1551762714.41,16.1859873292,-8.288,24551531.84,-38.88,-75.7201,4.872955440056,0.66,-0.210370080176,16.3737775415,其他电源设备Ⅱ,2024-04-27,2023-03-31
002531,天顺风能,0.1097,1362687634.25,87.1650466156,-53.7617,197397670.75,506.88,-19.1034,4.578399177024,2.39,0.005999530021,26.2307816748,风电设备,2024-04-27,2023-03-31
002527,新时达,0.197,911038914.44,11.4337487412,31.3202,130036186.02,751.69,112.8293,3.054510868497,6.62,-0.288730293859,17.8235703005,专用设备,2024-04-27,2023-03-31
002522,浙江众成,0.03,398951717.68,-12.9473563878,-8.7239,23453452.8,-53.99,28.8079,2.410335968001,1.08,-0.003154151464,17.6273028398,塑料,2024-04-27,2023-03-31
002507,涪陵榨菜,0.23,760199455.92,10.4062593235,51.3024,261354400.36,22.02,29.1984,9.03133385725,3.31,-0.16789001952,56.2792530761,调味发酵品Ⅱ,2024-04-27,2023-03-31
002506,协鑫集成,0.005,1551418294.95,20.168478293,-56.7438,27157298.86,24.62,-83.0817,0.390235935866,1.19,0.047658179081,10.6724854018,光伏设备,2024-04-27,2023-03-31
002487,大金重工,0.12,854799369.1,-8.4398592652,-38.8926,74749197.99,19.97,-38.6261,10.320367971211,1.14,-1.362773891393,18.9996755041,风电设备,2024-04-27,2023-03-31
002486,嘉麟杰,0.0062,233338563.76,-21.0064682844,-29.3311,5135201.28,138.87,-78.8418,1.225259467644,0.5,0.045436016118,25.1993818435,服装家纺,2024-04-27,2023-03-31
002444,巨星科技,0.2532,2555292092.76,-11.1384602126,-7.9314,302441087.9,65.38,93.3138,11.40714859101,2.23,0.282306520279,29.2493153075,通用设备,2024-04-27,2023-03-31
002441,众业达,0.31,2546236928.46,-2.0667944196,-12.8996,168671664.0,12.81,813.3144,8.564847268128,3.68,-0.286016672505,15.9417248561,电网设备,2024-04-27,2023-03-31
002439,启明星辰,-0.07,787681762.33,39.5592723561,-65.278,-65726750.98,32.6,-107.5062,7.70529549295,-0.89,-0.404866399793,51.0875928877,软件开发,2024-04-27,2023-03-31
002437,誉衡药业,0.0091,681168970.96,-12.0177700713,-1.6914,20058598.74,1909.35,106.2404,0.750905286103,1.22,0.038077654915,57.7961155285,化学制药,2024-04-27,2023-03-31
002431,ST棕榈,-0.05,868278664.95,57.0032554356,-33.2147,-88448457.2,52.85,72.3747,2.265150887694,-2.13,0.154291137971,10.7319358026,基础建设,2024-04-27,2023-03-31
002427,尤夫股份,-0.0088,664730538.22,-6.8061801321,15.0008,-8696401.21,95.08,-100.7966,1.055457138493,-0.83,-0.016463578033,3.3548596488,化学纤维,2024-04-27,2023-03-31
002419,天虹股份,0.1781,3384217567.56,-2.2263827748,16.5793,208174132.32,-25.39,3710.3828,3.636942413723,5.02,0.148835883733,37.0589019929,一般零售,2024-04-27,2023-03-31
002414,高德红外,0.0148,443288933.91,-40.2190003412,-45.1289,63173059.18,-79.72,352.3084,2.177813950954,0.89,0.051872036118,52.7103904555,军工电子Ⅱ,2024-04-27,2023-03-31
002412,汉森制药,0.1094,250177963.58,0.5330787833,6.4987,55067482.18,6.26,46.6842,3.88471900471,2.86,0.139998236268,70.8370807261,中药Ⅱ,2024-04-27,2023-03-31
002408,齐翔腾达,-0.03,6142200711.21,-22.5197107493,-5.9691,-79160085.15,-114.24,80.9473,4.674409905096,-0.59,0.101500552573,4.2788916556,炼化及贸易,2024-04-27,2023-03-31
002404,嘉欣丝绸,0.09,964859372.29,-8.6133047387,-0.9569,52478553.75,91.32,66.7311,3.497371625686,2.63,0.030147744321,14.0317503925,服装家纺,2024-04-27,2023-03-31
002382,蓝帆医疗,-0.08,1094194474.12,-15.697041248,-4.4318,-77299820.11,-47.38,66.0378,10.158496657534,-0.74,-0.031695823253,12.8073101706,医疗器械,2024-04-27,2023-03-31
002381,双箭股份,0.13,518557098.08,7.9079124981,-18.7861,54342644.63,67.3,88.8181,4.847551835459,2.73,0.036933869464,18.1242243097,橡胶,2024-04-27,2023-03-31
002376,新北洋,-0.06,389387385.43,5.3979556419,-38.2976,-35865877.81,3.23,8.436,4.703542792412,-1.09,0.040338041595,27.7581034862,计算机设备,2024-04-27,2023-03-31
002372,伟星新材,0.11,896351074.01,-10.8651075246,-67.8778,173602127.97,48.19,-67.1508,3.46000312094,3.2,-0.089181128557,37.1841727883,装修建材,2024-04-27,2023-03-31
002370,亚太药业,-0.0049,123584310.47,80.8833940615,-11.2794,-2618854.09,90.93,94.8986,0.175952184316,-0.87,-0.004646772254,37.499003574,化学制药,2024-04-27,2023-03-31
002364,中恒电气,0.01,269016689.99,6.3130320651,-54.2115,6308167.75,10.97,108.9096,3.970684587275,0.28,0.106736798363,26.316949704,其他电源设备Ⅱ,2024-04-27,2023-03-31
002362,汉王科技,-0.1224,308218678.89,7.6605505991,-35.0436,-29910349.06,-32.71,66.8665,5.573329855674,-2.17,-0.232133338509,40.4530642526,软件开发,2024-04-27,2023-03-31
002361,神剑股份,0.0069,542951386.45,0.496312245,-16.5216,6519602.5,9.12,127.0508,2.490312314068,0.28,-0.064160129248,10.0761688017,塑料,2024-04-27,2023-03-31
002356,鹏飞绿能,0.0028,52177550.88,-1.6374294407,48.4616,3728083.38,208.23,121.3911,0.469484680976,0.61,-0.000594340593,50.5925441972,一般零售,2024-04-27,2023-03-31
002345,潮宏基,0.14,1524015039.55,21.5880971787,47.0299,124048648.41,30.11,447.7956,4.131291105643,3.44,0.136411737801,28.0338397655,饰品,2024-04-27,2023-03-31
002344,海宁皮城,0.1,317953071.51,-9.8885123923,-37.8013,122722301.36,-14.36,129.8181,6.52829814382,1.48,0.090008193459,49.0817219356,一般零售,2024-04-27,2023-03-31
002340,格林美,0.03,6128599637.93,-12.0317193609,-23.5577,172449771.1,-48.01,-40.5419,3.61433633315,0.93,-0.069848624228,12.8694641663,电池,2024-04-27,2023-03-31
002331,皖通科技,-0.078,89306140.24,-52.4213076417,-82.7262,-31980632.84,-159.03,-500.3999,4.207190102394,-1.84,-0.28485841497,13.926430273,IT服务Ⅱ,2024-04-27,2023-03-31
002319,乐通股份,0.001,81916111.48,-18.743168665,-14.7961,256875.08,105.61,101.664,0.3759552738,0.35,0.0580109369,23.3120991524,化学制品,2024-04-27,2023-03-31
002304,洋河股份,3.8276,15046180974.5,15.5087947197,315.3798,5766047982.64,15.66,1784.3957,35.350747138192,11.45,0.9308125772,76.5967481464,白酒Ⅱ,2024-04-27,2023-03-31
002300,太阳电缆,0.0476,2219161238.25,-12.8412931275,-35.9722,34368994.96,9.84,-46.8532,2.780345729434,1.9,-0.573481127192,5.3554685307,电网设备,2024-04-27,2023-03-31
002295,精艺股份,0.025,560944756.26,-50.5067519367,144.2603,7006539.28,-64.94,179.6923,5.240542200697,0.54,-0.484075991597,3.9473582885,工业金属,2024-04-27,2023-03-31
002293,罗莱生活,0.2092,1239746159.59,-3.6183315046,-22.3041,177105175.15,11.13,-2.4946,5.163524982408,3.82,0.200991927099,44.0147980503,服装家纺,2024-04-27,2023-03-31
002287,奇正藏药,0.1752,295933466.9,-27.3917565911,-52.9261,92763157.33,6.52,-17.8106,6.213612273207,2.74,-0.342460362122,80.7443989195,中药Ⅱ,2024-04-27,2023-03-31
002278,神开股份,-0.0239,146838282.6,47.201413384,-30.1137,-8689876.6,31.11,72.9382,2.909098668827,-0.82,-0.119279777902,30.3679992032,专用设备,2024-04-27,2023-03-31
002275,桂林三金,0.29,715925262.6,38.5058078188,37.4744,169225122.04,40.96,3190.2307,5.092900022534,5.84,0.092310050044,74.8641024698,中药Ⅱ,2024-04-27,2023-03-31
002266,浙富控股,0.09,4639667511.67,22.0659207848,-6.2606,494155335.96,22.19,16.6449,2.286926209391,4.41,-0.073341312232,14.9754126457,环境治理,2024-04-27,2023-03-31
002255,海陆重工,0.0428,440425003.71,0.9492043941,-32.6354,36038595.8,10.44,-73.7002,4.189105692514,1.07,-0.129594118452,22.7315536803,其他电源设备Ⅱ,2024-04-27,2023-03-31
002250,联化科技,0.05,1957286746.09,15.6068150559,-0.3235,44586378.55,-39.85,-87.4166,7.601648408374,0.64,0.252124854888,22.1299216272,农化制品,2024-04-27,2023-03-31
002244,滨江集团,0.18,10085971564.81,63.1310119714,-53.3798,560020988.72,145.89,-66.7565,7.742243127119,2.35,2.450807835741,20.7282698436,房地产开发,2024-04-27,2023-03-31
002234,民和股份,0.16,577581282.57,133.8362231114,10.2939,56856533.46,131.09,147.363,7.824902101905,2.1,0.261936743751,25.5851138081,养殖业,2024-04-27,2023-03-31
002226,江南化工,0.0421,1673120718.03,13.9800755889,1.2104,111487356.26,-29.0,128.9739,3.35023388737,1.25,0.001495180493,24.2386601152,化学制品,2024-04-27,2023-03-31
002223,鱼跃医疗,0.7186,2702565759.46,48.4058376297,36.1219,713524000.08,53.79,55.257,10.554398307495,6.98,0.813317066193,52.7054223186,医疗器械,2024-04-27,2023-03-31
002222,福晶科技,0.1237,197321889.91,-0.1762173541,21.4468,52880207.5,0.44,34.0901,3.356161732047,3.75,0.047289271111,57.5197712133,光学光电子,2024-04-27,2023-03-31
002215,诺普信,0.2236,1345726874.65,5.6116650956,26.9992,218389369.65,31.84,713.2462,3.91064943879,5.77,-0.250388299883,35.8222624123,农化制品,2024-04-27,2023-03-31
002211,ST宏达,-0.008,54804191.33,-40.8471168665,-30.9745,-3459766.79,67.44,-105.4266,0.206177390272,-3.81,0.00555646521,7.0185743401,化学制品,2024-04-27,2023-03-31
002210,飞马国际,0.0002,74591694.81,37.6006234156,-59.9864,573277.81,109.79,-99.3096,0.10029153478,0.22,0.002355744447,19.0828327286,环境治理,2024-04-27,2023-03-31
002208,合肥城建,0.0363,1007787529.88,47.7272734486,-58.2405,29174195.01,-15.6,-84.2786,8.020601326982,3.37,1.022697469508,18.2331259886,房地产开发,2024-04-27,2023-03-31
002202,金风科技,0.286,5564585932.57,-12.8253546649,-72.5523,1234730532.58,-2.42,6538.3457,8.598631813483,3.38,-1.783880087764,25.2341071015,风电设备,2024-04-27,2023-03-31
002199,*ST东晶,-0.0572,38724436.49,-13.7847247808,-15.5994,-13924409.49,-170.58,57.6351,1.447681924982,-3.87,-0.036784021481,16.972912496,元件,2024-04-27,2023-03-31
002198,ST嘉应,0.024,128497088.51,6.5603012432,-47.4625,12185969.05,380.58,-43.7798,1.459289876775,1.66,-0.001885538288,65.4406678043,中药Ⅱ,2024-04-27,2023-03-31
002191,劲嘉股份,0.11,1040375412.62,-24.5365227581,-16.5725,159809378.19,-47.47,141.1719,5.123178087448,2.13,0.189426210365,30.2441138211,包装印刷,2024-04-27,2023-03-31
002187,广百股份,0.05,1722333013.48,3.4677754722,50.9644,32908369.53,12.13,143.321,5.690622256356,0.82,0.113572132002,21.3922566592,一般零售,2024-04-27,2023-03-31
002183,怡亚通,0.01,19800821575.0,40.491637123,-38.4807,30079210.0,-47.12,-23.9825,3.424934918335,0.34,0.161390362649,4.2985417841,贸易Ⅱ,2024-04-27,2023-03-31
002179,中航光电,0.4752,5342014790.7,34.6783667905,57.8533,993316742.83,34.71,129.4363,11.508223205976,5.48,-0.271390726179,39.5105032024,军工电子Ⅱ,2024-04-27,2023-03-31
002175,*ST东智,0.0006,50402087.17,-24.1301329997,-15.8236,748478.19,-91.4,-98.8457,0.383495836972,0.15,-0.006894945682,27.3449657621,通用设备,2024-04-27,2023-03-31
002173,创新医疗,-0.0048,204206456.23,19.2161580667,20.7438,-2159886.0,84.83,96.4496,4.198276060654,-0.11,0.027308409128,14.2305092437,医疗服务,2024-04-27,2023-03-31
002170,芭田股份,0.0807,793527623.73,11.8257715458,5.5239,71847128.14,230.76,88.4789,2.546579192307,3.23,0.199729074059,18.9839206355,农化制品,2024-04-27,2023-03-31
002166,莱茵生物,0.03,252624843.19,-10.5464888813,-40.1155,19937378.89,-48.11,579.8847,4.150418101453,0.65,-0.00074423455,23.3806570028,化学制品,2024-04-27,2023-03-31
002158,汉钟精机,0.2178,690001095.55,16.0113007699,-25.8173,116488762.34,27.48,-31.6996,5.924121157265,3.74,-0.256243337819,36.84534529,通用设备,2024-04-27,2023-03-31
002156,通富微电,0.003,4641782943.17,3.1108953735,-24.0227,4551383.81,-97.24,-81.9728,9.109885012248,0.03,0.685747579366,9.4505545106,半导体,2024-04-27,2023-03-31
002155,湖南黄金,0.09,5671570919.02,-2.7422425962,16.2853,106438032.49,13.66,22.3076,4.945129129254,1.81,-0.025607349056,6.0345482366,贵金属,2024-04-27,2023-03-31
002132,恒星科技,-0.0033,932849855.6,8.9696832597,-4.0152,-4608027.18,-114.79,-107.6773,2.654054396772,-0.12,0.228898034838,9.9223355521,通用设备,2024-04-27,2023-03-31
002125,湘潭电化,0.06,464219545.45,6.1592377597,-38.7178,40444662.16,-71.27,-2.0052,4.050487550748,1.7,0.024390598286,18.2445541253,电池,2024-04-27,2023-03-31
002115,三维通信,0.0251,3394235709.1,39.5164768735,17.9919,20324869.35,24.36,-56.672,2.95901414114,0.85,0.09419911874,4.1634444936,通信服务,2024-04-27,2023-03-31
002107,沃华医药,0.04,235281203.05,-9.2894701879,-10.1874,25449286.76,-5.35,-9.9634,1.337381647914,3.35,0.054065116519,75.4385114234,中药Ⅱ,2024-04-27,2023-03-31
002106,莱宝高科,0.0304,1152915703.25,-27.3863042143,-4.093,21422950.89,-72.65,101.1274,7.081318110172,0.43,0.326397281864,12.3269317279,光学光电子,2024-04-27,2023-03-31
002105,信隆健康,0.034,271574492.33,-46.8907911244,-23.4673,12528280.11,-72.4,968.7183,2.640992522958,1.29,0.217328397585,20.408207584,摩托车及其他,2024-04-27,2023-03-31
002098,浔兴股份,0.0463,389164160.58,-17.9105634538,-21.3794,16572408.13,-18.35,108.7091,2.911278150894,1.6,0.07968980514,34.6750164658,纺织制造,2024-04-27,2023-03-31
002096,易普力,0.1477,1699946106.67,71.3486660366,148.2378,129347968.89,-17.79,1125.5788,4.662445650806,3.4,-0.24155374233,22.3361238712,化学制品,2024-04-27,2023-03-31
002095,生意宝,0.02,168551859.42,29.8430873014,179.7554,4233662.24,-27.44,-22.7889,3.695043076607,0.46,-0.046000640867,10.1781745671,数字媒体,2024-04-27,2023-03-31
002088,鲁阳节能,0.17,756157674.58,15.7642265828,-30.3452,86400395.68,-18.92,-26.9132,5.884325755443,2.72,-0.11602983364,28.6900236423,装修建材,2024-04-27,2023-03-31
002084,海鸥住工,-0.045,582260374.88,-24.5655739522,-19.9875,-29051521.13,-46.49,36.2264,2.821811707304,-1.57,0.074209949264,15.2552668792,家居用品,2024-04-27,2023-03-31
002077,大港股份,0.13,121936175.19,-6.4241822079,13.0599,76550934.75,300.85,1086.1602,5.606589894131,2.37,0.011294091986,9.7367813215,半导体,2024-04-27,2023-03-31
002069,獐子岛,-0.0073,378543430.17,-4.0712350394,-24.9053,-5205721.1,71.63,-508.098,0.075003245268,-8.29,0.119036203505,13.9985609831,渔业,2024-04-27,2023-03-31
002067,景兴纸业,0.01,1274263511.89,-12.7077817057,-21.6744,10600725.38,-86.33,1603.307,4.525797301875,0.19,0.089371300575,3.7265521752,造纸,2024-04-27,2023-03-31
002058,威尔泰,-0.04,24758310.91,-21.0730829645,-50.7709,-6033959.24,-168.36,48.9897,1.074965238216,-3.05,-0.073464933144,23.8407080413,电池,2024-04-27,2023-03-31
002057,中钢天源,0.074,606508782.42,-12.6918191903,-10.9864,56140639.17,-8.53,-48.8884,3.989623009237,1.87,-0.147143770039,21.3268007784,专业服务,2024-04-27,2023-03-31
002045,国光电器,0.02,1086323020.16,-3.1014524505,-21.9632,7150789.46,19.09,-18.5955,4.473267416274,0.32,0.901095072068,11.7134077975,消费电子,2024-04-27,2023-03-31
002042,华孚时尚,0.03,4532846687.35,9.3010278667,291.4102,51972113.03,-65.37,107.9771,3.66645556203,0.82,0.252639712776,5.6980682486,纺织制造,2024-04-27,2023-03-31
002041,登海种业,0.0508,262932208.54,-21.5132325655,-65.5074,44718132.09,-57.12,-68.2626,3.816464859693,1.34,-0.132607852807,32.3503088847,种植业,2024-04-27,2023-03-31
002040,南京港,0.0666,201634803.95,2.2265967977,-4.3228,32243364.01,-5.38,162.7244,6.22927480219,1.06,-0.005218573888,50.2757301538,航运港口,2024-04-27,2023-03-31
002034,旺能环境,0.38,864973343.51,31.0633494289,-15.2858,163860457.16,-3.0,-9.8496,14.227118782605,2.65,0.339303955229,34.5574638181,环境治理,2024-04-27,2023-03-31
002029,七匹狼,0.13,909260937.26,2.7476091851,-5.8682,88974288.46,96.63,66.5131,8.299662691426,1.76,0.04306484918,43.4406197687,服装家纺,2024-04-27,2023-03-31
002005,德豪润达,-0.0241,177192582.67,-49.7621537232,-14.5371,-42265848.91,17.04,69.4752,0.586563908014,-3.92,-0.0360792485,10.9022879846,小家电,2024-04-27,2023-03-31
002004,华邦健康,0.0895,2975546798.68,-12.4618619188,-2.485,177137767.78,5.05,162.4296,5.236750147966,1.72,-0.006471814596,38.7538908227,化学制药,2024-04-27,2023-03-31
001328,登康口腔,0.25,342674231.37,10.6508656565,1.6721,32280888.61,13.54,12.1388,8.133499335671,5.78,0.021040783557,41.2627881719,个护用品,2024-04-27,2023-03-31
001323,慕思股份,0.25,957196805.44,-23.1026861149,-42.3101,101266788.82,-18.4,-64.2995,11.145738076348,2.3,0.861414261093,48.3859882532,家居用品,2024-04-27,2023-03-31
001317,三羊马,0.1,220616974.64,0.2853913775,10.0252,7863740.26,-1.42,313.6837,10.050168782984,0.98,-0.130376507121,8.073329987,铁路公路,2024-04-27,2023-03-31
001300,三柏硕,0.0157,102804724.14,-59.3330598186,159.3895,3825378.02,-90.32,113.0762,4.482815689125,0.35,-0.102622201224,20.54743537,文娱用品,2024-04-27,2023-03-31
001283,豪鹏科技,0.02,740441350.94,-1.2011577139,-3.1281,1464634.69,-96.54,-85.4279,27.594083535556,0.06,0.305902795359,20.0965773536,电池,2024-04-27,2023-03-31
001269,欧晶科技,0.8946,636124487.44,136.8857758238,28.4822,172111946.55,292.13,105.4726,9.559364104625,14.02,-0.823650030599,34.3292340826,光伏设备,2024-04-27,2023-03-31
001267,汇绿生态,0.0067,102402280.27,5.6243793941,-58.4964,5200382.54,2.11,-79.3706,1.938496581868,0.35,-0.090470244503,19.76430627,通信设备,2024-04-27,2023-03-31
001260,坤泰股份,0.097,105429240.59,2.9764607075,-16.3542,9331986.96,-41.35,-47.977,6.874686322087,2.11,-0.27326288,29.5284809279,汽车零部件,2024-04-27,2023-03-31
001259,利仁科技,0.235,151766143.71,-17.8352443972,-21.4803,17292758.7,-3.27,67.9295,10.28558653407,2.26,0.270982987948,26.6962980738,小家电,2024-04-27,2023-03-31
001236,弘业期货,0.0058,165299348.86,-21.39,-70.2286,5830109.25,-17.29,135.4314,1.825651494252,0.32,-1.785517220117,,多元金融,2024-04-27,2023-03-31
001227,兰州银行,0.0844,1999545918.93,11.98,13.2662,540910881.86,10.45,39.5671,4.766032831051,1.79,0.549499613635,,银行Ⅱ,2024-04-27,2023-03-31
001219,青岛食品,0.18,130979595.8,13.4445650679,7.436,26888242.13,30.5,61.5179,8.240439101365,2.87,0.158279578592,34.9507455878,休闲食品,2024-04-27,2023-03-31
001215,千味央厨,0.36,428996352.15,23.1778726027,-6.359,30285893.94,5.49,-6.0291,12.594221661658,2.81,-0.281586503639,23.9539421571,食品加工,2024-04-27,2023-03-31
001211,双枪科技,0.03,198604003.72,0.2156338912,-39.6868,2092716.28,-84.86,110.1551,12.226554139861,0.24,0.210408922639,37.7870752776,家居用品,2024-04-27,2023-03-31
000993,闽东电力,0.05,213425664.73,50.7196569071,-17.0848,21491351.35,-39.96,171.6538,4.884986908864,0.97,-0.027211695244,29.6527157828,电力,2024-04-27,2023-03-31
000985,大庆华科,0.018,629173594.69,2.0210405838,11.0768,2273226.83,-82.47,133.3449,4.668717409046,0.38,0.179377462039,4.063594152,炼化及贸易,2024-04-27,2023-03-31
000973,佛塑科技,0.0184,609400222.07,6.687626532,-11.3935,17842114.14,-37.46,-53.119,2.754591333517,0.67,-0.036264657765,20.9165390845,塑料,2024-04-27,2023-03-31
000950,重药控股,0.1,19620276794.03,23.5638421796,13.4228,166044332.35,48.4,-3.7378,6.20523727827,1.55,-1.7745681862,8.2806778537,医药商业,2024-04-27,2023-03-31
000937,冀中能源,0.7659,7924881240.15,-14.1629584388,13.4383,2706269760.09,174.79,471.6778,6.768859977679,12.03,0.280184657888,37.2505228575,煤炭开采,2024-04-27,2023-03-31
000931,中关村,0.0126,588401769.3,20.5291595115,12.7959,9465591.5,245.29,116.8987,1.980466612588,0.64,0.077764415178,56.8215807505,化学制药,2024-04-27,2023-03-31
000923,河钢资源,0.2875,1139976600.64,-27.6639943517,-12.1901,187656083.92,-34.6,-25.847,13.230588387115,2.13,0.741530936606,59.5223254634,冶钢原料,2024-04-27,2023-03-31
000917,电广传媒,0.02,804524482.03,-13.0938041997,471.4459,26123125.04,-14.44,-79.0393,7.211261588596,0.26,0.108669981743,29.8707411642,电视广播Ⅱ,2024-04-27,2023-03-31
000900,现代投资,0.1208,2182719165.47,-29.5885106921,-66.0239,183404456.7,14.15,1108.2235,7.005273486468,1.52,-0.130014031962,26.3870932796,铁路公路,2024-04-27,2023-03-31
000897,津滨发展,-0.0067,69538522.93,-48.4193519523,-92.8845,-10837959.2,-124.62,-106.9714,1.337937941207,-0.5,-0.217000913682,48.4005745044,房地产开发,2024-04-27,2023-03-31
000883,湖北能源,0.05,4092727445.6,-24.4084465495,-1.226,310655462.2,-43.69,146.0834,4.72272712327,0.99,0.348246283523,15.6666332797,电力,2024-04-27,2023-03-31
000882,华联股份,0.0031,311451295.87,-15.5183585203,50.095,8436886.49,270.05,105.982,2.532019925208,0.12,0.073815135077,55.3361394945,一般零售,2024-04-27,2023-03-31
000881,中广核技,-0.0272,1226257155.66,-37.584190872,165.795,-25735870.78,-167.55,-105.4082,6.663924530387,-0.41,0.01129308885,14.8407902241,化学制品,2024-04-27,2023-03-31
000878,云南铜业,0.2388,30062639179.04,4.0288406542,-18.4486,478463198.69,27.96,46.1861,6.763194613895,3.58,-0.503760111295,4.3347024962,工业金属,2024-04-27,2023-03-31
000860,顺鑫农业,0.442,4087770578.22,4.6252451992,58.9395,327872074.14,214.4,146.7837,9.983868222221,4.53,-2.130762569026,37.717876232,白酒Ⅱ,2024-04-27,2023-03-31
000831,中国稀土,0.1027,1670055793.65,38.264036691,41.4022,108973084.32,-88.42,-95.1403,3.096947938128,2.77,-0.0578977322,18.5761243534,小金属,2024-04-27,2023-03-31
000826,*ST启环,-0.075,1259553983.62,-25.4681994817,-29.5819,-77500795.44,67.42,90.0897,4.110020938746,-1.81,0.101493630546,22.813495576,环境治理,2024-04-27,2023-03-31
000825,太钢不锈,-0.104,25906221010.11,11.644826375,8.1956,-591845544.36,-146.5329679936,31.131,5.973172579637,-1.71,-0.387273949388,-1.1807370935,特钢Ⅱ,2024-04-27,2023-03-31
000811,冰轮环境,0.14,1565483604.97,24.4880481579,-13.246,107652068.98,116.72,11.638,6.75477608877,2.16,-0.668991926145,23.4184367991,通用设备,2024-04-27,2023-03-31
000786,北新建材,0.352,4769542345.88,3.4598373417,2.1699,595144002.48,5.58,-25.3467,12.749499246616,2.79,-0.178865337146,26.9601575759,装修建材,2024-04-27,2023-03-31
000759,中百集团,-0.005,3512228785.84,1.9350578763,17.6008,-3408347.82,424.72,98.551,4.070958024115,-0.13,0.609337745416,24.6669892663,一般零售,2024-04-27,2023-03-31
000758,中色股份,0.0387,1868927200.37,32.6606335615,-8.4501,76202255.46,-14.62,128.1408,2.48627873793,1.57,0.408610198834,18.8298543678,工业金属,2024-04-27,2023-03-31
000753,漳州发展,0.0175,460305754.11,-31.0337619874,-46.264,17366460.73,-47.74,647.2955,2.656126717411,0.66,-0.19501912743,19.5906714971,综合Ⅱ,2024-04-27,2023-03-31
000752,*ST西发,-0.11,90313222.4,-19.1632896191,45.3631,-28440012.15,15.27,21.29,-0.30647135849,,0.029283978501,33.5950188286,非白酒,2024-04-27,2023-03-31
000733,振华科技,1.4119,2101947224.17,11.4552360063,34.205,734793126.76,20.96,41.584,20.162738290857,7.26,0.034323897719,63.5318471032,军工电子Ⅱ,2024-04-27,2023-03-31
000726,鲁泰A,0.11,1378301160.57,-12.7706519295,-20.4177,95759162.05,-39.92,-64.2554,10.1650915056,1.06,-0.041446365642,20.7538216446,纺织制造,2024-04-27,2023-03-31
000723,美锦能源,0.09,5337877122.84,-13.6478294105,-9.3319,402374559.59,-40.52,-19.156,3.330634362414,2.74,-0.013652713752,20.0861745555,焦炭Ⅱ,2024-04-27,2023-03-31
000722,湖南发展,0.01,58664013.56,-55.1072362992,21.2694,3836530.26,-90.47,119.1014,6.758797097366,0.12,0.057234991769,15.6866237265,电力,2024-04-27,2023-03-31
000709,河钢股份,0.02,31851309332.44,2.4073733868,-4.7456,254827069.73,-18.25,9.6273,4.993314530563,0.43,0.300193415403,9.9587752997,普钢,2024-04-27,2023-03-31
000698,ST沈化,-0.128,1146818997.64,-21.1254571486,-4.1258,-105260050.65,7.9,92.8615,2.313546399963,-5.41,-0.179923294465,2.8460651016,炼化及贸易,2024-04-27,2023-03-31
000688,国城矿业,0.0155,283630089.65,-17.8754928565,-26.8554,17327388.36,-59.55,-34.9959,2.478132028922,0.61,-0.039077443096,46.7186741553,小金属,2024-04-27,2023-03-31
000682,东方电子,0.0573,1150240684.88,21.8059644229,-41.2585,76798918.76,26.32,-51.278,3.151974694271,1.83,-0.095078213398,30.984433908,电网设备,2024-04-27,2023-03-31
000680,山推股份,0.1126,2372024663.08,1.4174199918,-31.6684,168970919.39,-53.61,16.1535,3.374323073342,3.4,0.066196106377,18.9461542481,工程机械,2024-04-27,2023-03-31
000676,智度股份,0.038,650808848.99,-23.4913126612,77.6849,48507318.08,55.5,109.9602,2.757653109661,1.36,-0.047617067108,23.0632687853,广告营销,2024-04-27,2023-03-31
000668,荣丰控股,-0.05,9719767.65,-93.1665762603,-92.8849,-7264157.76,-16.66,28.4054,8.246837163428,-0.6,-0.28113000466,29.0553006172,房地产开发,2024-04-27,2023-03-31
000639,ST西王,-0.04,1420517909.35,6.3251166168,-1.4044,-42239925.91,-105.94,92.3846,3.019347093879,-1.28,0.019630227023,16.0763780335,食品加工,2024-04-27,2023-03-31
000619,海螺新材,-0.0537,1084803249.25,13.2926341737,-21.0827,-19347921.92,26.15,76.114,6.097495108583,-0.88,0.105361644917,8.2353037578,装修建材,2024-04-27,2023-03-31
000608,阳光股份,-0.02,55660358.05,-33.2813540209,-27.7613,-11812556.13,-148.87,96.9212,3.567538487799,-0.44,0.04748485732,72.9383869639,房地产开发,2024-04-27,2023-03-31
000596,古井贡酒,2.97,6584074879.74,24.8327505876,66.7452,1569704169.52,42.87,201.6023,37.971228442546,8.13,5.824223225596,79.6727160688,白酒Ⅱ,2024-04-27,2023-03-31
000593,德龙汇能,0.011,385058589.49,6.2588534772,-7.8923,3766966.5,59.79,-73.9592,3.048714515844,0.34,-0.057938946685,11.7072359922,燃气Ⅱ,2024-04-27,2023-03-31
000591,太阳能,0.0995,1707422673.75,22.2680832311,-48.9797,388943009.26,48.39,75.2414,5.690366739288,1.76,0.241041244302,40.4711211994,电力,2024-04-27,2023-03-31
000568,泸州老窖,2.53,7610153819.27,20.5671167394,0.1504,3712618630.92,29.1,72.8343,25.757489869965,10.3,1.024997125863,88.0884230347,白酒Ⅱ,2024-04-27,2023-03-31
000555,神州信息,0.0118,1962258500.58,1.955315576,-59.3249,11421437.36,-63.33,-86.7448,6.190939441297,0.19,-1.256338022993,15.3896123717,IT服务Ⅱ,2024-04-27,2023-03-31
000548,湖南投资,0.04,109000814.01,45.8028511252,-36.1542,19259776.02,134.27,69.6075,3.765998585289,1.03,0.43263549321,48.6718667121,铁路公路,2024-04-27,2023-03-31
000544,中原环保,0.2851,1607585857.37,37.1552958772,-38.58,277904424.27,23.46,234.5646,7.016734480399,2.45,-0.78196063585,33.0817500298,环境治理,2024-04-27,2023-03-31
000538,云南白药,0.85,10512750996.14,11.487422242,9.8203,1517988356.56,66.01,118.0299,22.277315814811,3.87,0.408347429172,27.4201147515,中药Ⅱ,2024-04-27,2023-03-31
000528,柳工,0.1615,7792217512.41,15.6861686299,20.8826,315062262.81,23.73,2265.3064,8.227011444225,1.98,0.336982805446,18.7996595368,工程机械,2024-04-27,2023-03-31
000526,学大教育,0.0432,518718890.42,4.4582203979,56.8805,5087449.14,334.46,75.3692,3.734093553164,1.16,2.918897077937,30.474575935,教育,2024-04-27,2023-03-31
000524,岭南控股,0.013,476906649.58,154.3869222683,164.3258,8708390.69,111.47,110.5733,3.052109124019,0.43,0.03346949238,26.5141452004,旅游及景区,2024-04-27,2023-03-31
000510,新金路,-0.0399,728853833.36,-12.1879495576,20.6555,-24285633.36,-176.05,-506.0809,2.314847725669,-1.71,-0.307567910965,4.7890562075,化学原料,2024-04-27,2023-03-31
000503,国新健康,-0.0484,55766199.77,46.9411593384,-68.4104,-43865115.01,11.25,-236.8949,0.737035697011,-6.36,-0.092122444059,-3.2399515431,软件开发,2024-04-27,2023-03-31
000422,湖北宜化,0.2451,4718236820.44,-14.5942421689,3.8867,220099824.27,-65.52,1490.4684,5.468898290073,4.33,1.063220040359,12.8775451509,农化制品,2024-04-27,2023-03-31
000411,英特集团,0.1859,7901790697.96,10.8373507091,-4.8726,68312123.23,43.67,31.6394,11.698226705308,2.58,-4.169582040151,6.3404500476,医药商业,2024-04-27,2023-03-31
000403,派林生物,0.0771,260860262.39,-47.8718012022,-71.388,56376087.53,-46.62,-76.2719,9.460298944417,0.82,0.145454283977,48.410180862,生物制品,2024-04-27,2023-03-31
000401,金隅冀东,-0.298,5184292326.54,4.3499712942,-27.9208,-792217988.91,-239.7649767287,-186.4181,11.141409144174,-2.64,-0.069374333695,5.0296262658,水泥,2024-04-27,2023-03-31
000089,深圳机场,-0.0526,906750286.9,39.9889330696,45.3682,-107877085.26,63.89,57.3476,5.156671898031,-1.01,0.086902434368,0.9006110809,航空机场,2024-04-27,2023-03-31
000070,特发信息,-0.0123,972291828.07,22.1424682757,-18.7999,-10358798.11,-246.22,82.7406,2.029224500992,-0.58,-0.259108417549,12.3575708508,通信设备,2024-04-27,2023-03-31
000059,华锦股份,-0.3113,9974560712.16,-6.7292948075,-26.2509,-497826594.5,-275.25,-3210.7469,8.714097050471,-3.51,-2.581662577672,11.4507073728,炼化及贸易,2024-04-27,2023-03-31
000055,方大集团,0.07,815219822.9,25.0873657807,-33.7597,70822028.03,61.36,2.8817,5.370542153965,1.22,-0.133978675847,24.0035924389,装修建材,2024-04-27,2023-03-31
000050,深天马A,-0.2695,7708229972.16,-11.1474459583,6.5487,-662267476.32,-937.5,-165.9148,11.951731971548,-2.23,0.18740486499,5.94894653,光学光电子,2024-04-27,2023-03-31
000034,神州数码,0.3193,27116531769.73,-5.1830508528,-13.5892,209104951.63,11.63,-35.3422,11.702811556525,2.71,0.121948947738,3.677077116,IT服务Ⅱ,2024-04-27,2023-03-31
000029,深深房A,-0.0352,109155515.74,-59.9568829507,1.0414,-35653798.52,-121.97,-224.673,3.924724063796,-0.89,-0.181126830487,7.3983632758,房地产开发,2024-04-27,2023-03-31
000017,深中华A,0.0041,151527917.92,201.566390991,-48.7387,2848657.72,415.12,132.2677,0.42510792416,0.98,-0.010948989565,5.5118518519,饰品,2024-04-27,2023-03-31
000011,深物业A,0.0222,411469619.15,-67.2347652195,-27.6057,13216750.95,-93.98,-83.8662,7.427656728837,0.3,-0.70329634693,24.5903367444,房地产开发,2024-04-27,2023-03-31
000010,*ST美丽,-0.0259,123962806.8,-32.6006084752,131.0061,-27469373.14,-1490.51,94.8441,0.640608613489,-4.05,0.005262811047,7.0529073967,基础建设,2024-04-27,2023-03-31
000006,深振业A,-0.009,265640113.06,-24.4035197821,-87.9851,-12085882.25,-127.2,-105.5304,5.844290674886,-0.15,-0.478642524589,37.565557502,房地产开发,2024-04-27,2023-03-31
920981,晶赛科技,0.01,73693334.31,-38.5406710701,2.3233,499882.3,-96.61,-88.4108,6.857285401214,0.1,0.42867472786,8.2856127995,元件,2024-04-26,2023-03-31
920976,视声智能,0.12,45529407.4,10.3862513017,-35.375,4609357.7,178.6,-54.4211,3.129146874753,3.95,-0.121267773624,45.966111696,计算机设备,2024-04-26,2023-03-31
920971,天马新材,0.08,35350425.2,-17.453408302,-15.1248,4780950.16,-56.04,28.1611,7.674123934946,1.09,-0.126381917483,27.3511219322,非金属材料Ⅱ,2024-04-26,2023-03-31
920961,创远信科,0.04,66854928.19,26.4268959921,-34.956,5010804.16,116.5,0.7689,5.003137781266,0.7,-0.098678930629,44.6984414598,通用设备,2024-04-26,2023-03-31
920957,汉维科技,0.05,95926709.73,-21.8112243574,-14.1208,4928870.08,-54.12,-21.4822,3.738833143864,1.23,0.036939641962,15.148699555,化学制品,2024-04-26,2023-03-31
920953,国子软件,-0.01,23539233.84,34.8737048905,-76.4057,-657987.58,82.19,-101.6555,3.242638080364,-0.3,-0.59265786559,56.7461956102,IT服务Ⅱ,2024-04-26,2023-03-31
920943,优机股份,0.14,192047141.04,23.75291622,-22.5641,14346599.94,277.5,-44.0422,6.645218126973,2.81,-0.134001463479,25.3045019764,通用设备,2024-04-26,2023-03-31
920942,恒立钻具,0.1986,40086444.71,-5.7218573879,-28.5778,12177095.89,46.17,727.9662,7.046640266538,2.83,-0.052327360987,37.9453135094,工程机械,2024-04-26,2023-03-31
920926,鸿智科技,0.17,80803536.29,-26.8129596366,-39.4097,5291755.9,2.5,-47.2313,3.998108770006,4.32,0.427402009695,18.0280691648,小家电,2024-04-26,2023-03-31
920925,锦好医疗,0.23,59366785.38,57.4942043232,8.9563,11215311.23,100.74,22.914,7.554278827397,3.04,0.123419942973,50.6545368046,医疗器械,2024-04-26,2023-03-31
920906,舜宇精工,0.3,169784816.67,8.3973287881,-33.1351,17560579.08,67.91,-26.7007,8.180846838849,3.77,-0.46655685424,20.4725282282,汽车零部件,2024-04-26,2023-03-31
920896,旺成科技,0.1,74768325.25,-15.3133125445,-9.8714,7355827.55,-1.51,-14.7024,3.49470300684,2.81,0.197344196293,24.4550264953,汽车零部件,2024-04-26,2023-03-31
920892,广咨国际,0.03,74835296.81,10.0839182466,-60.5204,4508481.02,10.57,-87.2505,3.927036400699,1.16,-0.084578961669,31.9311860961,工程咨询服务Ⅱ,2024-04-26,2023-03-31
920885,星辰科技,0.0874,35094034.18,31.1347180278,-2.4308,6474497.31,-17.2,1336.0307,4.353490832935,1.75,0.124982092896,40.3267622565,自动化设备,2024-04-26,2023-03-31
920876,慧为智能,0.1288,157882604.46,133.7557982909,48.0642,8265736.32,5030.32,110.7275,4.155079237501,3.16,0.619992080636,17.1345818892,消费电子,2024-04-26,2023-03-31
920871,派特尔,0.07,41308114.55,0.1996053173,23.9285,5184913.31,-11.36,61.5783,3.224097473534,2.2,-0.109957375351,24.189377145,汽车零部件,2024-04-26,2023-03-31
920866,绿亨科技,0.03,70673548.81,0.9056798326,-28.2967,6145705.81,25.1,131.7243,4.083612421624,0.87,-0.053299614219,41.7949454745,农化制品,2024-04-26,2023-03-31
920857,泓禧科技,0.07,101427652.72,-20.1055058221,17.1615,4934159.09,-22.08,91.5154,4.992679103636,1.34,0.00193945323,19.5492296314,消费电子,2024-04-26,2023-03-31
920837,华原股份,0.08,132579776.55,-18.1384595256,8.2274,10677413.21,53.3850746468,47.4986,,2.98,,27.8940411444,汽车零部件,2024-04-26,2023-03-31
920834,三维装备,0.05,53847438.64,10.8735521932,-18.785,5942357.36,53.93,-45.2618,2.853901598087,1.75,-0.035519449437,31.7940623963,橡胶,2024-04-26,2023-03-31
920833,美心翼申,0.11,104637637.92,-19.8208785086,,7551727.87,-17.57,,7.127118066657,1.56,0.10458853311,25.6138342023,通用设备,2024-04-26,2023-03-31
920832,齐鲁华信,0.01,108553565.66,-34.2004703586,-9.2372,1512294.75,-87.05,279.0437,5.517258280101,0.2,-0.148210232469,15.8724939114,非金属材料Ⅱ,2024-04-26,2023-03-31
920821,则成电子,0.0838,66131447.53,0.9377331266,-33.8609,5918076.94,144.5,-46.0187,7.015941279059,1.2,0.192197362859,25.1059104558,元件,2024-04-26,2023-03-31
920807,奔朗新材,0.07,124670488.37,-30.5634985458,-16.8461,12825463.99,-48.24,282.2201,5.29043161843,1.34,-0.069106242083,31.031707059,通用设备,2024-04-26,2023-03-31
920806,云星宇,0.16,682574753.8,-5.8703918237,18.1555,35450394.59,-40.0195038329,10.5815,4.515532052714,3.68,-0.214268411454,11.2219246601,IT服务Ⅱ,2024-04-26,2023-03-31
920799,艾融软件,0.03,127072469.84,11.217364186,-35.629,6604643.21,39.09,-66.9975,1.716481069019,1.84,-0.454849520263,32.4293401174,软件开发,2024-04-26,2023-03-31
920792,东和新材,0.12,162204208.91,30.6420279187,-14.9519,17621815.69,-16.86,-14.5738,5.508611750332,2.35,0.113899001087,27.0240801854,装修建材,2024-04-26,2023-03-31
920790,联迪信息,-0.01,40714068.87,-17.5455725826,-53.0004,-660190.37,-129.01,-106.5729,4.217517571259,-0.2,-0.021417126416,21.1900133036,IT服务Ⅱ,2024-04-26,2023-03-31
920786,骑士乳业,0.12,221113664.0,30.0703946153,-42.827,18135285.52,-30.5726264417,169.6252,3.272896331362,3.6,0.015628769701,21.3111938437,饮料乳品,2024-04-26,2023-03-31
920779,武汉蓝电,0.28,29133684.47,64.0584292625,-60.7205,13219909.71,103.07,-59.0672,4.711314486667,6.22,0.144241772688,71.2555044707,电池,2024-04-26,2023-03-31
920765,美之高,0.1,118530276.99,-11.8050187664,9.479,6935822.59,37.81,343.1222,4.869997301081,2.06,0.144460459163,25.306100991,家居用品,2024-04-26,2023-03-31
920751,惠同新材,0.11,44469943.58,2.1588129652,-10.4178,7191861.05,4.3553173292,-2.1638,3.55303731976,3.16,-0.029270195759,36.3049698747,金属新材料,2024-04-26,2023-03-31
920726,朱老六,0.11,67883945.37,16.5383931412,-19.1936,11535575.41,4.45,-16.2954,4.612518954479,2.48,-0.163108598629,33.6026389534,调味发酵品Ⅱ,2024-04-26,2023-03-31
920725,惠丰钻石,0.19,108762814.62,46.4795631963,-4.0468,17571012.23,28.64,19.3478,6.556965843337,2.95,-0.760514921452,23.5110703041,通用设备,2024-04-26,2023-03-31
920720,吉冈精密,0.0971,83316713.41,-11.6996889927,-25.0318,8890858.0,-36.28,-40.4464,4.554593147056,2.08,-0.025151721222,20.020328992,通用设备,2024-04-26,2023-03-31
920719,宁新新材,0.36,182025761.6,101.4766163804,-0.2986,24924978.78,116.5,-17.7885,8.758267085076,4.16,-1.404664274993,30.5098762735,非金属材料Ⅱ,2024-04-26,2023-03-31
920718,合肥高科,0.15,203127296.64,-5.5929110202,-21.9259,13792540.45,90.77,-3.8142,5.196666042329,2.97,0.165158267148,12.6328269733,家电零部件Ⅱ,2024-04-26,2023-03-31
920717,瑞星股份,0.03,31939558.33,35.122543896,-52.5532,2621224.38,181.21,-86.344,5.096511637442,0.6,-0.163340181395,38.332228998,专用设备,2024-04-26,2023-03-31
920706,铁拓机械,0.21,90421992.36,19.9432438529,3.6863,14205705.71,155.79,2.4643,5.105525038249,4.28,0.300177241126,35.0174226132,工程机械,2024-04-26,2023-03-31
920701,豪声电子,0.13,127717277.65,-28.672541456,-16.875,9561481.85,-20.4154082528,-17.553,4.507524486259,2.93,-0.09024829483,14.4147185477,消费电子,2024-04-26,2023-03-31
920694,中裕科技,0.37,161493693.07,30.8097481062,-4.0948,28384470.31,105.38,4.013,4.908327937574,7.87,0.067565111255,45.5766559057,橡胶,2024-04-26,2023-03-31
920689,克莱特,0.15,95467499.23,7.9772826224,-19.8582,11367972.29,40.59,-31.3239,5.748383802725,2.73,-0.045086510899,31.8111422473,通用设备,2024-04-26,2023-03-31
920685,新芝生物,0.17,48355904.46,40.8841859098,-7.4508,15653951.35,122.85,95.6242,6.237348246903,2.78,-0.056517217039,70.0469416471,通用设备,2024-04-26,2023-03-31
920682,球冠电缆,0.1,594172996.34,15.509451375,-18.0049,20516096.26,41.03,-49.2202,4.934595691875,2.02,-0.438130390192,14.2443933453,电网设备,2024-04-26,2023-03-31
920670,数字人,-0.04,9678948.1,178.5386259532,-78.8416,-4370271.15,19.12,-154.1,2.22193532139,-1.84,-0.093752656749,53.8028595277,医疗服务,2024-04-26,2023-03-31
920665,科强股份,0.14,75506079.94,32.3035760523,-5.6655,13541000.84,45.9654520418,-11.8266,4.537860527653,3.03,-0.067222208221,38.0218597533,橡胶,2024-04-26,2023-03-31
920662,方盛股份,0.18,83828402.56,16.5612394151,-15.3355,16158140.74,93.43,-3.8071,4.761691254901,3.95,-0.060853415514,34.4985909392,通用设备,2024-04-26,2023-03-31
920656,海昇药业,0.35,57808751.06,-10.4540350883,-12.7653,21172619.7,-14.7408630139,-27.7679,4.659491049167,7.88,0.224047933,51.9743295073,化学制药,2024-04-26,2023-03-31
920641,格利尔,0.24,150548425.84,-12.4502756534,-23.4478,17569898.98,3.67,94.6062,5.367942592474,4.51,-0.46921482291,25.3189097709,照明设备Ⅱ,2024-04-26,2023-03-31
920640,富士达,0.2236,208279009.24,25.5592420595,17.1075,41977891.23,22.89,55.5036,4.25973452559,5.41,-0.36907128292,45.4851894032,通信设备,2024-04-26,2023-03-31
920634,新威凌,0.05,114424720.16,2.3011767097,-13.4391,3039686.8,-2.69,-4.7131,3.932389057636,1.25,-0.448371200539,9.5651074302,工业金属,2024-04-26,2023-03-31
920627,力王股份,0.12,131692248.38,38.732978416,-23.6469,8057691.53,27.76,-38.8133,4.166587914265,2.88,0.481686271176,16.2479386017,电池,2024-04-26,2023-03-31
920608,丰安股份,0.14,32532319.86,-29.1835257084,27.0716,8616278.92,-4.08,254.8011,7.192505799807,1.94,0.076645580013,25.3304273272,专用设备,2024-04-26,2023-03-31
920593,鼎智科技,1.08,132630565.82,81.4456654458,116.87,37652461.72,51.67,128.2861,8.817889026172,13.11,1.258972366354,51.7370458354,自动化设备,2024-04-26,2023-03-31
920579,机科股份,0.08,81479836.03,-3.6141105184,-69.4616,7701862.49,-5.6951763479,-75.6673,2.474742123397,3.38,-0.322285605235,27.9765680329,自动化设备,2024-04-26,2023-03-31
920576,天力复合,0.1281,151029493.13,11.4128055267,-4.7077,12043231.47,17.75,-29.52,3.498915326809,3.73,-0.093436549043,20.1543435386,金属新材料,2024-04-26,2023-03-31
920575,*ST康乐,-0.28,254035.4,55.2515154928,-74.9161,-72601501.99,2.17,11.6754,8.034766848791,-7.89,-0.416099035064,96.0969455438,生物制品,2024-04-26,2023-03-31
920566,梓橦宫,0.11,90389582.56,-11.3661828495,-25.4877,16169467.62,-43.07,-35.4183,4.939956066508,2.26,0.19702002039,80.1612864424,化学制药,2024-04-26,2023-03-31
920564,天润科技,-0.09,8719055.53,-75.2745647103,-92.0334,-6474531.77,-192.44,-128.5572,4.202773723565,-2.06,-0.255611715026,26.2210571103,IT服务Ⅱ,2024-04-26,2023-03-31
920553,凯腾精工,0.02,83228294.42,1.1135866649,-14.7639,3071153.84,-29.08,37.3498,2.345510703633,0.92,-0.11760963748,34.4111897517,专用设备,2024-04-26,2023-03-31
920547,无锡晶海,0.41,113826553.83,16.4924829749,14.9789,19317763.05,18.17,-8.3006,7.852488298291,5.45,-0.013056458974,32.6414815962,生物制品,2024-04-26,2023-03-31
920541,铁大科技,0.0836,54423189.62,2.4751880031,-44.0823,8923221.17,39.09,-60.0696,2.747105655962,3.13,0.020537268837,40.7361713174,轨交设备Ⅱ,2024-04-26,2023-03-31
920533,骏创科技,0.36,160410731.68,29.0503775164,-16.7359,19698968.54,153.78,22.0887,5.184542990217,7.15,0.706454479891,27.9065355049,汽车零部件,2024-04-26,2023-03-31
920523,德瑞锂电,0.06,61321663.43,49.2153709183,-23.1322,5016056.32,-26.78,-55.2711,5.374293039396,1.21,0.23159615218,21.3705598919,电池,2024-04-26,2023-03-31
920522,纳科诺尔,0.67,268918479.01,156.6668962079,-29.1766,42503479.78,126.9116489494,-36.1565,6.838119735744,12.34,-0.435039229241,26.1879858273,电池,2024-04-26,2023-03-31
920510,丰光精密,-0.02,42207745.04,-33.8759837081,-29.257,-2455191.92,-158.22,-105.3779,2.968600835294,-0.63,0.116195304019,22.669651058,通用设备,2024-04-26,2023-03-31
920508,殷图网联,-0.03,8764117.29,-13.2332573864,-77.6763,-1729542.11,-330.79,-115.8351,4.4057087646,-0.78,-0.133136866,24.5359814211,电网设备,2024-04-26,2023-03-31
920504,博迅生物,0.1,29845357.86,9.0839579914,-37.8634,3349806.12,24.6,-74.4518,3.663963669143,2.65,-0.378756111429,42.1304205799,医疗器械,2024-04-26,2023-03-31
920496,许昌智能,-0.03,57004118.06,54.8848987095,-77.8006,-3369215.27,-33.4267470777,-110.562,2.893840029095,-0.9,-0.488061525819,21.7950311185,电网设备,2024-04-26,2023-03-31
920489,佳先股份,0.08,123896832.71,-10.205575476,-17.0483,10918247.7,-32.27,-54.6095,3.887176548888,2.08,-0.041988327793,18.3118921152,化学原料,2024-04-26,2023-03-31
920478,峆一药业,0.42,66663253.61,-5.9135743939,20.5463,13875693.85,-24.51,15.4724,10.783485067796,3.99,-0.15896790089,38.0188662832,化学制药,2024-04-26,2023-03-31
920476,海能技术,-0.02,51992826.56,50.2223716887,-55.9263,-1531212.96,42.1,-106.8528,5.991982659113,-0.31,-0.398560447757,66.3301000191,通用设备,2024-04-26,2023-03-31
920475,三友科技,0.16,117397928.42,53.723618656,-8.4195,16569402.94,89.75,-9.8762,3.456980952409,4.76,-0.067869573912,23.1363477666,专用设备,2024-04-26,2023-03-31
920469,富恒新材,0.11,115534277.73,22.7152221018,-7.5457,9026425.54,50.8676569723,-33.2712,3.449258137713,3.18,-0.311575656083,21.0841877654,塑料,2024-04-26,2023-03-31
920445,龙竹科技,0.0085,71807057.4,-25.8672330749,-1.6181,1266754.63,-92.37,-70.625,2.590054081361,0.33,0.013331307288,18.1903657425,家居用品,2024-04-26,2023-03-31
920438,戈碧迦,0.13,156752643.83,,18.764,15663965.3,,-31.6015,,2.83,,22.1871503729,光学光电子,2024-04-26,2023-03-31
920429,康比特,0.09,130890335.62,3.9336838592,-27.7793,10740687.38,4.88,-19.8535,6.026016262811,1.44,-0.341463092289,44.3065857806,食品加工,2024-04-26,2023-03-31
920427,华维设计,0.13,30335503.63,-12.2090790885,-46.1225,13061447.67,44.07,55.3143,3.606280951162,3.58,0.019982923517,50.5532868584,工程咨询服务Ⅱ,2024-04-26,2023-03-31
920414,欧普泰,0.0934,37477133.46,41.8586566146,-22.3491,6225968.61,8.23,-41.641,8.958922645409,2.09,-0.391823982976,42.874480534,光伏设备,2024-04-26,2023-03-31
920403,康农种业,0.11,22261186.0,,-85.7063,4186216.91,,-86.8098,,1.83,,37.2257736852,种植业,2024-04-26,2023-03-31
920402,硅烷科技,0.18,261085134.5,-1.3395485011,22.103,57686439.75,8.21,36.3597,4.300465015834,4.22,-0.048468274981,35.1196582431,化学制品,2024-04-26,2023-03-31
920375,派诺科技,-0.05,74195345.12,30.9014175146,-74.28,-3264824.36,67.3309259777,-106.6405,8.479003932169,-0.56,-0.156722373367,42.0929669368,电网设备,2024-04-26,2023-03-31
920374,云里物里,0.08,38025218.45,25.5342697096,8.1433,6818147.63,223.24,22.8599,3.006898134522,2.82,0.160540517064,41.8725286771,通信设备,2024-04-26,2023-03-31
920370,新安洁,0.005,135777931.58,-3.5068016666,-9.415,1535007.29,-83.38,102.0566,2.477410492784,0.2,-0.039085005942,13.0214039971,环境治理,2024-04-26,2023-03-31
920368,连城数控,0.44,647555317.43,101.1436145237,-60.6656,102263336.39,11.81,-47.7885,14.067703692605,3.16,-0.950612864071,24.6395226995,光伏设备,2024-04-26,2023-03-31
920367,新赣江,0.29,69223571.97,25.3900653304,9.069,16679264.59,27.35,29.8124,6.481877481981,4.9,-0.038263297783,50.4693188834,化学制药,2024-04-26,2023-03-31
920351,华光源海,0.11,318487437.87,-46.0218707109,-17.861,10248188.29,7.54,628.8664,5.103069080844,2.23,-0.255308524163,8.5424024169,物流,2024-04-26,2023-03-31
920346,威贸电子,0.07,52342534.12,0.326191041,-4.0057,5797355.62,-11.89,-29.7176,5.230913825004,1.38,0.137915891236,27.9852130514,消费电子,2024-04-26,2023-03-31
920344,三元基因,0.01,34376162.8,15.7941605471,-49.9262,1755211.84,-47.64,-92.6144,4.742932880387,0.3,-0.093738411214,81.0769148731,生物制品,2024-04-26,2023-03-31
920339,恒太照明,0.04,95862255.68,-56.9194963465,-17.5436,8856475.22,-78.01,-65.0684,2.621590912418,1.55,0.12786988299,23.1774495524,照明设备Ⅱ,2024-04-26,2023-03-31
920305,云创退,-0.08,38705206.73,-29.74790564,-66.3969,-11137050.33,-431.43,77.8249,6.455692403596,-1.29,-0.120657239287,20.1398607024,IT服务Ⅱ,2024-04-26,2023-03-31
920304,迪尔化工,0.15,211225378.17,46.4933023369,-1.9132,19528674.39,72.69,18.0786,2.155417887047,7.37,0.11596316086,15.0654881604,化学原料,2024-04-26,2023-03-31
920300,辰光医疗,-0.06,19549204.28,10.4100399544,-72.4906,-4732374.92,-276.97,-130.7439,3.539376823401,-1.57,-0.121268607757,45.794762292,医疗器械,2024-04-26,2023-03-31
920284,灵鸽科技,-0.0585,20784613.17,30.0543416009,-87.6128,-5118440.28,-17.4566607918,-116.3707,2.901052754224,-2.0,-0.534754388341,12.1217410658,专用设备,2024-04-26,2023-03-31
920278,鹿得医疗,0.07,79581657.02,4.3488612658,-20.5756,12301975.66,48.39,78.5875,2.282343233409,3.11,0.113702065114,29.0766279649,医疗器械,2024-04-26,2023-03-31
920273,一致魔芋,0.2,109205034.8,11.7239832673,0.4091,14808575.31,-19.3,60.0314,7.523022913605,3.42,0.07108576606,21.648672127,农产品加工,2024-04-26,2023-03-31
920270,天铭科技,0.13,43162177.91,18.3487663484,-22.6503,11755985.14,71.75,-3.6751,8.770998704749,3.12,0.615576628585,42.7163618769,汽车零部件,2024-04-26,2023-03-31
920249,利尔达,0.02,493237548.64,-13.4692752471,-24.6353,7651584.21,-79.28,-41.6283,2.031133573251,1.01,-0.022612414155,14.8788876764,通信设备,2024-04-26,2023-03-31
920239,长虹能源,-0.25,510871806.36,-46.7905672244,-32.3136,-32209623.73,-157.17,-13.5733,7.57285801259,-3.23,-0.848077830852,5.9280701329,电池,2024-04-26,2023-03-31
920237,力佳科技,0.04,79508330.85,31.3819609256,0.7132,1895813.17,-76.58,-32.4052,8.02469433275,0.45,-0.467897487359,16.9454484907,电池,2024-04-26,2023-03-31
920230,欧康医药,0.07,58924811.64,-32.7881027256,-1.8991,5623307.5,-63.17,17.8972,5.235418596619,1.43,-0.263018172848,18.1986946951,化学制药,2024-04-26,2023-03-31
920227,美登科技,0.25,25823817.71,-6.5439276335,-10.9826,9803266.97,-17.54,-2.555,10.650923538641,2.39,0.073788131942,71.0066823036,IT服务Ⅱ,2024-04-26,2023-03-31
920225,利通科技,0.25,105379822.94,28.9438166444,3.4961,26060193.48,44.57,-0.2518,4.767124828743,5.31,0.142018523956,47.0742976559,橡胶,2024-04-26,2023-03-31
920212,智新电子,0.02,75376840.18,-27.7298153176,-30.954,1853603.31,-81.54,-85.2755,3.76091047672,0.47,0.18464189868,18.1867549068,消费电子,2024-04-26,2023-03-31
920207,众诚科技,-0.05,57047564.65,-28.6574353874,-9.1778,-4768939.86,-706.73,-548.6575,3.733641289875,-1.38,-0.27476941743,30.4724611938,软件开发,2024-04-26,2023-03-31
920204,沪江材料,0.1,64918294.26,-8.5154248547,-5.0524,7100978.5,17.28,-29.784,9.147443204484,1.62,0.148771142892,31.0558167152,包装印刷,2024-04-26,2023-03-31
920199,倍益康,0.0292,65702572.6,-20.1050443525,-44.1207,1422490.77,-91.14,-91.0249,10.681010220966,0.27,-0.319820968962,34.998728756,小家电,2024-04-26,2023-03-31
920184,国源科技,-0.06,38576109.42,-39.311173048,-16.9457,-7750641.84,-2942.54,82.0397,4.302064514538,-1.34,-0.12072984969,29.7624407765,IT服务Ⅱ,2024-04-26,2023-03-31
920179,凯德石英,0.17,60639424.02,64.0908497727,1.0543,12637617.14,44.3,-2.1541,9.014713874,1.82,-0.292500437467,45.6042170204,半导体,2024-04-26,2023-03-31
920174,五新智能,0.36,176966300.43,24.2102350333,53.1957,32740256.88,18.07,107.5477,6.758375041515,5.53,0.695471135696,33.611110158,基础建设,2024-04-26,2023-03-31
920163,方大新材,0.08,118378458.59,31.4337055387,26.6101,10731012.38,6.86,64.137,3.340186261685,2.53,-0.03536207653,17.4985077916,包装印刷,2024-04-26,2023-03-31
920145,恒合股份,-0.04,6595658.87,53.9505962204,-72.885,-2610651.65,-67.96,-192.7013,4.001347362721,-0.92,0.076020753933,28.142189834,环保设备Ⅱ,2024-04-26,2023-03-31
920123,芭薇股份,0.09,97139976.83,44.8881569888,-35.7198,7166822.91,185.35,-69.4257,4.199026656136,2.26,-0.372609925065,34.1568295492,化妆品,2024-04-26,2023-03-31
920099,瑞华技术,1.26,111555678.56,38.5035706269,-16.5942,75560959.27,662.4982019938,149.339,8.185081889503,16.68,-0.606375217546,89.2432621495,化学制品,2024-04-26,2023-03-31
920087,秋乐种业,0.06,55634525.9,123.3756983152,-77.8375,9763469.66,447.62,-81.6476,3.018444931114,1.98,0.375125896671,33.0653924383,种植业,2024-04-26,2023-03-31
920061,西磁科技,0.31,53087811.92,34.4349118817,18.2685,16231197.87,205.52,70.5852,2.747678498022,12.4,0.077650638915,38.4605251781,专用设备,2024-04-26,2023-03-31
920039,国义招标,0.13,57724721.31,18.1815430393,-10.8312,19473646.73,16.16,21.2576,3.906253021259,3.29,-0.344253232349,55.2789426364,专业服务,2024-04-26,2023-03-31
920033,康普化学,0.38,114443176.1,74.2797037764,32.533,34351394.45,135.52,33.0741,6.263135502523,6.27,0.373929159397,42.8230186719,化学制品,2024-04-26,2023-03-31
920026,卓兆点胶,0.23,56286552.05,-34.6702056479,-72.5916,15706687.09,-21.65,-80.9618,4.311232069856,5.43,-0.365834554162,74.7283842376,专用设备,2024-04-26,2023-03-31
920023,*ST田野,0.03,100571560.5,46.9059027682,-10.1492,7053013.48,133.94,-38.5727,3.603658942146,0.72,0.018466382751,21.633137352,农产品加工,2024-04-26,2023-03-31
920021,流金科技,0.02,102661947.79,-33.5063213102,-62.9341,7750392.36,-43.64,174.3514,2.074847723277,1.19,-0.332574218964,25.8908376202,电视广播Ⅱ,2024-04-26,2023-03-31
920017,星昊医药,0.26,146509388.39,36.6144025544,-28.1607,21127289.78,39.41,-23.2618,12.13033700504,2.92,0.308229100799,75.6904017132,化学制药,2024-04-26,2023-03-31
920006,晟楠科技,-0.11,19159031.73,,-68.4545,-7411158.81,,-146.0263,,-4.22,,53.0769543749,航空装备Ⅱ,2024-04-26,2023-03-31
920001,纬达光电,0.06,46294863.28,-26.5480074409,-30.6382,8728211.12,-44.04,-35.0157,4.913202671921,1.16,-0.053699407217,35.7443817253,光学光电子,2024-04-26,2023-03-31
920000,安徽凤凰,0.16,98046133.07,-8.2888168424,10.1474,14793659.94,75.04,13.0742,5.550877936838,2.86,0.142097336689,21.8629514687,汽车零部件,2024-04-26,2023-03-31
900937,华电B股,0.02,5788182082.71,2.8975355446,-51.7294,162227162.24,156.5110500732,-84.4393,0.456512182969,4.61,0.035750265604,19.7436829295,电力,2024-04-26,2023-03-31
900913,国新B股,0.08,5680399459.56,23.2797327916,25.4914,115948604.61,-32.66,23.6868,2.735559929056,3.12,0.460065796696,8.6702092315,燃气Ⅱ,2024-04-26,2023-03-31
872595,海通期货,0.0511,2096916946.82,,-43.5892,66566578.43,,383.0194,,1.9,-3.216892342121,,,2024-04-26,2023-03-31
837831,爱迪生,0.1,52193013.63,,,4301568.35,,,,3.32,0.077754106233,22.7492618345,,2024-04-26,2023-03-31
834565,特美股份,0.31,80194647.82,46.1401539766,-8.1576,16162409.28,177.26,-8.3662,2.808457315858,11.33,0.287227407836,31.8085380801,,2024-04-26,2023-03-31
833689,架桥资本,0.06,13897433.64,-54.7100646851,-42.9062,6405031.66,-52.33,-2.5581,2.371374532064,2.48,-0.290026228411,,,2024-04-26,2023-03-31
832792,鹿城银行,0.04,61951051.0,2.8737831002,-3.6242,20092651.0,5.8,372.5128,1.639163846536,2.53,1.30786906533,,,2024-04-26,2023-03-31
832088,鑫鑫农贷,0.02,14025701.48,2.6835991997,-26.8396,8756306.15,0.02,0.0224,1.419228992025,1.55,0.061773486925,,,2024-04-26,2023-03-31
831866,蔚林股份,-0.22,245997300.68,,,-18443674.78,,,,-3.42,0.461192370305,3.3632113959,,2024-04-26,2023-03-31
688798,艾为电子,-0.31,384478021.22,-35.4063388538,-8.3335,-70602742.93,-222.77,34.5528,21.016251006988,-2.01,-0.894896807349,28.8034923891,半导体,2024-04-26,2023-03-31
688788,科思科技,-0.5096,11405040.34,-57.6466723396,-79.0402,-53889041.62,-106.28,57.3401,24.855639119444,-2.03,-0.483640756072,53.2150837618,军工电子Ⅱ,2024-04-26,2023-03-31
688787,海天瑞声,-0.32,28817417.72,-39.8087547729,-69.8967,-13616264.02,-244.27,-225.8047,19.060540845327,-1.66,-0.530009814252,47.7936801757,IT服务Ⅱ,2024-04-26,2023-03-31
688776,国光电气,0.19,165564649.45,-15.2747319854,-17.785,20445069.52,-50.89,-44.6202,22.799926242943,1.17,-0.144062669763,30.6495628134,军工电子Ⅱ,2024-04-26,2023-03-31
688768,容知日新,-0.24,57165206.65,44.2241957096,-74.5275,-19753907.42,-45.99,-127.687,13.62834040326,-2.62,-0.649075271194,64.2230847249,通用设备,2024-04-26,2023-03-31
688716,中研股份,0.09,57716676.71,14.5296445242,-16.5708,7823786.65,-27.2438667304,-51.7411,,,,39.0635372915,塑料,2024-04-26,2023-03-31
688711,宏微科技,0.22,331154973.71,136.5510710369,6.3706,30886612.28,152.78,76.9266,7.261528518377,3.15,-0.505064755941,19.4436938055,半导体,2024-04-26,2023-03-31
688710,益诺思,,252731700.0,,,65837400.0,,,,,,,医疗服务,2024-04-26,2023-03-31
688697,纽威数控,0.2196,527636830.93,23.4914875255,5.887,71726654.17,35.63,-1.2023,4.571211662774,4.92,0.01354066068,26.1505803143,通用设备,2024-04-26,2023-03-31
688695,中创股份,0.01,17879797.56,,-71.5909,176246.75,,-99.5112,,,,90.6969203962,软件开发,2024-04-26,2023-03-31
688683,莱尔科技,0.05,91318030.77,-18.3635622363,-28.1258,8040416.4,-21.72,-5.4316,6.43770280128,0.83,0.083142830978,23.1096033522,电子化学品Ⅱ,2024-04-26,2023-03-31
688663,新风光,0.15,214242177.16,48.1593449628,-63.3122,20602918.7,19.52,-57.9666,8.35284046288,1.78,-0.085091903108,30.3415553939,电网设备,2024-04-26,2023-03-31
688633,星球石墨,0.29,108030988.56,-13.6655643964,-46.703,21796090.33,-42.94,-36.5232,18.758438296007,1.59,-0.105452942384,39.6215559448,专用设备,2024-04-26,2023-03-31
688629,华丰科技,0.03,178300067.19,20.1060739464,-35.6641,11662055.06,417.8727873605,-48.0848,2.214794053235,1.35,-0.179949129871,28.6900675845,军工电子Ⅱ,2024-04-26,2023-03-31
688627,精智达,-0.05,51184560.4,548.2801587621,-74.9285,-3421543.14,80.1239841349,-105.723,8.510138244275,-0.57,0.210471222641,36.6855392784,通用设备,2024-04-26,2023-03-31
688621,阳光诺和,0.43,232434204.44,57.092934252,28.1575,47937215.67,43.52,77.2491,11.807944618125,5.21,-1.040057509625,49.2865300552,医疗服务,2024-04-26,2023-03-31
688618,三旺通信,0.16,71707945.27,31.4997665672,-38.2247,11629062.83,36.04,-66.1811,15.892090636411,1.45,-0.09409254138,58.706982736,通信设备,2024-04-26,2023-03-31
688617,惠泰医疗,1.54,349712760.42,31.7132343026,6.3955,102686545.4,53.71,5.3813,28.054768747563,5.65,1.745118526774,70.6659116708,医疗器械,2024-04-26,2023-03-31
688613,奥精医疗,0.14,47808816.25,4.1753203988,-31.0476,18513101.38,40.8,-38.5729,9.910806660546,1.48,0.093435049708,80.9943861557,医疗器械,2024-04-26,2023-03-31
688612,威迈斯,0.23,1043888847.58,54.4016573196,-18.2204,88157426.02,53.89,10.4695,2.960879515847,8.19,0.072920065712,17.6395196009,汽车零部件,2024-04-26,2023-03-31
688599,天合光能,0.81,21318993761.96,39.5906496793,-20.6096,1767852537.51,225.43,38.3579,12.889345777704,6.46,-0.411078112794,17.9539580063,光伏设备,2024-04-26,2023-03-31
688597,煜邦电力,-0.03,70140209.12,2.6783953452,-72.5743,-5102789.38,-189.02,-123.5763,4.889648422722,-0.59,-0.003852775989,38.0284162175,电网设备,2024-04-26,2023-03-31
688592,司南导航,-0.28,29619254.19,,-80.3108,-12979775.75,,-192.2818,6.126207365294,-4.44,-0.526080441012,59.445618033,通信设备,2024-04-26,2023-03-31
688584,上海合晶,0.1,345935973.2,-7.9876028382,-9.9208,59345537.87,-20.0033189054,-37.204,,,,41.2825376728,半导体,2024-04-26,2023-03-31
688580,伟思医疗,0.4406,95539491.61,76.5741328708,-9.0464,30081694.57,76.85,-4.9764,22.643201223271,1.95,0.162552369134,71.394233024,医疗器械,2024-04-26,2023-03-31
688578,艾力斯,0.08,276505592.07,148.7520657413,1.1785,34877411.06,253.8252155146,-54.4612,7.192430794044,1.06,-0.045655301689,96.9747120963,化学制药,2024-04-26,2023-03-31
688570,天玛智控,0.26,467505987.73,10.5934969749,-17.775,93444203.16,9.3036697777,-23.9456,4.727240365361,5.67,-0.076542350139,49.4281095034,自动化设备,2024-04-26,2023-03-31
688568,中科星图,0.014,267588326.78,85.0142589657,-64.2895,5116051.87,629.0224141298,-97.0171,13.124926455743,0.16,-0.873036530312,51.4496697695,IT服务Ⅱ,2024-04-26,2023-03-31
688566,吉贝尔,0.2,165341239.75,19.1029653104,-27.5331,38010611.11,32.98,-49.5955,9.264113564718,2.22,0.549134306222,88.0570150134,化学制药,2024-04-26,2023-03-31
688552,航天南湖,-0.07,50887456.71,337.81,-92.8982,-17074624.25,36.1053060522,-108.7083,3.717869605499,-1.8,2.213250132517,25.4525415837,军工电子Ⅱ,2024-04-26,2023-03-31
688528,秦川物联,-0.089,50234319.06,-5.9173401346,-56.2233,-14871528.58,-88.3341465611,-435.5579,4.375383799881,-2.0,-0.142817979464,31.1403151525,通用设备,2024-04-26,2023-03-31
688520,神州细胞,-0.34,328779509.01,111.0204411776,-11.8162,-153011423.0,-6.7730347951,-31.4814,-0.858723286383,,-0.273932205738,96.8210654911,生物制品,2024-04-26,2023-03-31
688507,索辰科技,-0.43,7140963.43,0.0432515207,-96.8912,-19511565.1,-31.8309571333,-119.1302,16.352499676452,-3.78,-2.292253060323,33.9816592507,软件开发,2024-04-26,2023-03-31
688498,源杰科技,0.2,34853815.01,-40.6012324918,-61.0402,11845367.73,-49.68,-55.1194,35.413776468589,0.56,-0.411914752719,42.7544276164,半导体,2024-04-26,2023-03-31
688488,艾迪药业,0.0012,112621308.59,220.8490011897,2.2537,486169.74,102.1798646397,101.0298,2.862921013643,0.04,-0.134340240833,44.3197166548,生物制品,2024-04-26,2023-03-31
688466,金科环境,0.07,87679798.63,-9.8133410724,-75.4938,7458993.68,33.27,-81.4679,10.535409791553,0.69,0.515423474504,33.2042112948,环境治理,2024-04-26,2023-03-31
688455,科捷智能,-0.14,10161568.06,-92.6068288722,-98.9725,-25660625.37,-89.69,-124.3327,7.206865989104,-1.95,-0.188998591572,44.5945795299,自动化设备,2024-04-26,2023-03-31
688450,光格科技,-0.22,16792960.49,46.3287980939,-88.5094,-10953386.79,30.96,-125.7031,5.053350752525,-4.29,-0.828423834949,45.9584135543,电网设备,2024-04-26,2023-03-31
688433,华曙高科,0.0549,100716202.49,29.4690920685,-44.629,20460115.75,10.15,-53.8034,2.113227087308,2.64,-0.110843641233,56.9709964449,通用设备,2024-04-26,2023-03-31
688432,有研硅,0.06,258092770.62,-8.1651856868,2.9863,77232418.34,28.03,21.9135,3.249287164565,1.92,0.042164383266,37.4519092293,半导体,2024-04-26,2023-03-31
688420,美腾科技,0.06,88149447.15,92.8171834162,-49.908,5021857.78,49.17,-87.9958,16.397161465001,0.35,-0.970108642429,45.0842278368,专用设备,2024-04-26,2023-03-31
688410,山外山,0.3459,193032111.71,187.1417334407,57.2602,74586123.06,866.83,197.8191,10.983290657277,4.8,0.342853728466,56.8389729864,医疗器械,2024-04-26,2023-03-31
688396,华润微,0.2881,2346333968.99,-6.6712299806,-3.3803,380362091.29,-38.59,-32.0723,15.449967390285,1.8847,0.374809284435,34.8023176318,半导体,2024-04-26,2023-03-31
688390,固德威,1.95,1719259184.63,164.589379553,-4.199,336407103.33,3473.72,-10.0858,21.21714379724,13.81,0.872394446753,39.0457505163,光伏设备,2024-04-26,2023-03-31
688389,普门科技,0.21,277799957.78,32.2945062046,-10.2732,88108225.27,31.23,-10.485,3.759330615922,5.8,0.054471811792,65.9930545581,医疗器械,2024-04-26,2023-03-31
688388,嘉元科技,0.09,983837667.02,2.1971034307,-27.6407,36834887.49,-78.83,-55.5216,23.502148200631,0.5,0.179544462447,10.750625002,电池,2024-04-26,2023-03-31
688387,信科移动,0.01,1359174276.83,41.3853006737,-47.0506,37374415.7,568.5308195014,109.4622,2.032520441457,0.54,-0.20317913213,31.4130112016,通信设备,2024-04-26,2023-03-31
688378,奥来德,0.9235,241360439.17,17.5142043955,267.3823,94807042.01,10.12,8489.1386,17.210793526058,5.52,-2.131351129525,63.0340154058,光学光电子,2024-04-26,2023-03-31
688376,美埃科技,0.25,267669665.75,0.3169558373,-31.1629,33566572.07,24.73,-9.4281,11.220286220908,2.25,0.052732164955,29.5786681685,环保设备Ⅱ,2024-04-26,2023-03-31
688373,盟科药业,-0.09,17276928.37,61.6630847436,29.4104,-56162215.81,-10.0411380225,-20.716,1.772862534408,-4.73,-0.07953287439,80.4533569412,化学制药,2024-04-26,2023-03-31
688369,致远互联,-0.53,163348478.03,15.1739559847,-57.9197,-40633116.77,-45.6569473832,-161.27,18.243982761978,-2.84,-2.072108442931,63.0873130701,软件开发,2024-04-26,2023-03-31
688368,晶丰明源,-0.95,265086171.19,-12.1771355785,-2.8348,-60015308.07,-422.8181835727,-1073.6741,23.707610098789,-3.98,0.898813750779,23.2000547723,半导体,2024-04-26,2023-03-31
688367,工大高科,0.0018,18019449.05,27.1898860287,-89.0725,153103.44,49.39,-99.4344,6.517555384376,0.03,-0.211315449399,35.3453146227,轨交设备Ⅱ,2024-04-26,2023-03-31
688365,光云科技,-0.04,109986467.16,-11.0301783636,-11.2468,-17235536.99,43.9364253954,74.3115,2.411548511312,-2.0,-0.026580949497,62.5905116216,IT服务Ⅱ,2024-04-26,2023-03-31
688351,微电生理,-0.0198,52132729.4,-6.3339544885,-23.8017,-9326097.49,-5675.5556158331,-3637.4528,3.543965223077,-0.5579,-0.029297727476,68.3256150598,医疗器械,2024-04-26,2023-03-31
688343,云天励飞,-0.34,55132171.11,8.4227726231,-80.9759,-90273958.0,38.0725880389,17.1983,12.984089163907,-8.52,-0.290571578024,50.6394254532,IT服务Ⅱ,2024-04-26,2023-03-31
688336,三生国健,0.05,207340700.0,29.1742875231,-30.4547,33514700.0,9494.39,-30.3522,7.517948487912,0.73,0.089133213871,72.4770872289,生物制品,2024-04-26,2023-03-31
688332,中科蓝讯,0.41,307076441.03,33.8933338254,1.176,49416774.84,23.05,117.0673,29.967819919,1.38,-0.015245102167,19.5752086934,半导体,2024-04-26,2023-03-31
688330,宏力达,0.3888,217085705.3,-26.0810980923,-11.2831,54431083.75,-51.73,70.8142,35.8691458497,1.53,-0.2308138946,44.244207092,电网设备,2024-04-26,2023-03-31
688320,禾川科技,0.14,275522161.5,44.3768905832,13.5395,21494818.33,8.47,3828.0435,10.319057709465,1.39,-0.628489481561,28.9928260744,自动化设备,2024-04-26,2023-03-31
688319,欧林生物,0.0095,66871073.79,24.9105153952,-62.1566,3853633.15,156.6275869144,128.3367,2.181185135973,0.44,-0.082113968835,89.2999952379,生物制品,2024-04-26,2023-03-31
688314,康拓医疗,0.24,64642702.97,20.8242115546,5.164,19419917.13,7.7,79.8234,9.693721548811,3.51,0.238461008121,81.4604932663,医疗器械,2024-04-26,2023-03-31
688300,联瑞新材,0.15,145048684.15,-18.2588352865,-16.7024,28718391.27,-32.72,-49.5915,10.097493455193,2.31,0.344321043486,36.5803572855,非金属材料Ⅱ,2024-04-26,2023-03-31
688299,长阳科技,0.09,250822683.97,-12.0031052195,-18.1275,24927039.85,-29.49,1115.8936,7.310256199866,1.2,-0.088197172766,27.6853219816,光学光电子,2024-04-26,2023-03-31
688281,华秦科技,0.64,186718396.29,31.3391727233,-22.7,88410026.25,49.11,-33.8419,41.70681381902,2.3,0.410924745259,59.2002481685,航空装备Ⅱ,2024-04-26,2023-03-31
688273,麦澜德,0.3239,109123102.86,46.3364825076,38.8869,32386135.75,53.6,35.6893,13.8678769,2.37,0.21662232,63.1242880148,医疗器械,2024-04-26,2023-03-31
688268,华特气体,0.33,358851243.85,-6.4186724726,-10.3401,40021231.35,2.16,98.2238,13.181662557784,2.43,0.568084254807,30.2479469753,电子化学品Ⅱ,2024-04-26,2023-03-31
688251,井松智能,-0.17,51825118.65,-35.2732126651,-84.6306,-9851281.03,-160.92,-120.8113,12.820580156337,-1.28,-0.486239809765,22.4209467198,IT服务Ⅱ,2024-04-26,2023-03-31
688233,神工股份,-0.08,52135489.56,-63.1804675569,-64.8809,-12083269.44,-124.22,-152.4627,9.763021231313,-0.77,0.228543966313,32.8828131944,半导体,2024-04-26,2023-03-31
688232,新点软件,-0.26,345567437.06,4.0293603207,-71.8134,-86355494.38,-137.8463333504,-121.9216,16.754642022606,-1.55,-1.073762063333,63.1420400332,软件开发,2024-04-26,2023-03-31
688231,隆达股份,0.1,242482698.39,24.5905780448,3.3322,25809325.59,61.78,14.3273,11.449199820845,0.92,-0.276949268792,15.0036320247,金属新材料,2024-04-26,2023-03-31
688230,芯导科技,0.14,54098967.0,-37.5063777995,-27.2219,15922616.68,-46.76,-12.1979,26.035995194762,0.73,0.131631909881,34.2612948783,半导体,2024-04-26,2023-03-31
688221,前沿生物,-0.2,11911271.0,110.0627691931,-56.018,-75708310.01,-27.7958611608,41.877,4.260571125339,-4.63,-0.183266618133,-7.216283384,化学制药,2024-04-26,2023-03-31
688208,道通科技,0.15,706281737.5,37.5619254303,-2.1068,71969288.54,13.69,36581.898,6.647160983529,2.22,0.309680369412,58.3852785943,计算机设备,2024-04-26,2023-03-31
688205,德科立,0.22,165554014.36,-19.3215490912,13.7363,21841167.37,-32.97,12.4939,19.723776402961,1.15,-0.038854583059,27.9971175868,通信设备,2024-04-26,2023-03-31
688200,华峰测控,0.55,200058962.53,-22.9045911818,-31.5895,74690932.45,-38.88,-48.4022,35.696450462681,2.34,0.588257946478,69.6777477086,半导体,2024-04-26,2023-03-31
688191,智洋创新,-0.03,89712098.53,-27.6027609416,-56.8511,-4745981.72,-129.9165143484,-315.2043,5.385580755559,-0.57,-0.048876046334,33.8057644475,电网设备,2024-04-26,2023-03-31
688187,时代电气,0.31,3085430376.0,21.2549105117,-56.8964,435102884.0,27.61,-56.1914,24.700613631514,1.26,-0.898277857483,32.4151171836,轨交设备Ⅱ,2024-04-26,2023-03-31
688171,纬德信息,,20524331.16,14.4455511679,-65.8009,3334914.43,-65.59,-76.4015,9.94857992155,0.4,-0.021677053814,25.7558539608,软件开发,2024-04-26,2023-03-31
688170,德龙激光,0.05,97845753.33,-28.3982641452,-53.679,4792158.23,-79.79,-85.3638,12.717791841622,0.37,-0.029461843653,51.3528531796,自动化设备,2024-04-26,2023-03-31
688162,巨一科技,0.16,667950719.14,21.6251583674,-49.2835,21897424.08,-39.57,-57.3452,18.850157837165,0.85,-0.71451140778,17.8737833584,专用设备,2024-04-26,2023-03-31
688156,路德科技,0.04,55746772.69,-2.3941428222,-50.2828,3680564.88,-4.21,38.6215,8.413969875644,0.47,0.228158692469,36.164645265,环境治理,2024-04-26,2023-03-31
688153,唯捷创芯,-0.2,318006441.23,-62.865394348,-37.6921,-82594172.74,-324.7,-1811.8067,9.229751193576,-2.17,0.390910571131,30.7965505828,半导体,2024-04-26,2023-03-31
688150,莱特光电,0.06,70438382.09,-5.3934107359,22.9051,23520075.6,-27.03,60.7948,4.24837511305,1.39,0.038606373185,70.9774985975,电子化学品Ⅱ,2024-04-26,2023-03-31
688139,海尔生物,0.43,686668622.18,21.867931192,-12.9444,137535031.82,21.15,-1.2988,13.075509192964,3.36,0.33417500374,51.0168986094,医疗器械,2024-04-26,2023-03-31
688125,安达智能,0.36,140422487.37,0.8458863507,11.762,29190245.52,12.12,72.6799,23.905018304358,1.52,0.404391783594,58.5314060514,自动化设备,2024-04-26,2023-03-31
688119,中钢洛耐,0.0262,690962300.91,5.3359225435,34.1357,29443109.25,-24.29,-38.4669,2.813242999182,0.93,-0.076450240356,18.3856975877,装修建材,2024-04-26,2023-03-31
688118,普元信息,-0.239,66799724.0,35.2535351933,-62.1329,-21898829.4,-6.2108439584,-174.0574,8.909462418239,-2.55,-0.823064721488,41.2315674688,软件开发,2024-04-26,2023-03-31
688114,华大智造,-0.36,619002726.63,-49.2534463711,-34.2238,-149816707.55,-143.78,-3435.763,22.315945881582,-1.6,-1.090112322638,55.9094370495,医疗器械,2024-04-26,2023-03-31
688106,金宏气体,0.12,518193692.87,16.2530815111,-2.2509,60373529.9,55.46,0.2677,5.925813078144,2.01,0.219851239362,38.1073859383,电子化学品Ⅱ,2024-04-26,2023-03-31
688100,威胜信息,0.19,423047075.24,12.2699138666,-18.2708,91177203.97,40.07,-21.3346,5.24350148708,3.32,0.07654952868,38.8281512942,通信设备,2024-04-26,2023-03-31
688087,英科再生,0.06,516660915.18,2.4837526642,8.2155,11675116.22,-76.19,-43.4264,15.48681740117,0.56,0.413172976434,23.323889973,家居用品,2024-04-26,2023-03-31
688085,三友医疗,0.14,160838817.82,24.1925875328,-4.0451,34653466.77,4.48,-47.6563,8.298780108458,1.83,0.177233219306,85.4839044974,医疗器械,2024-04-26,2023-03-31
688083,中望软件,-0.2,115609098.28,34.0202744132,-54.0009,-17669708.67,10.3705628567,-169.7444,31.068972724787,-0.65,-1.491873223008,95.965628874,软件开发,2024-04-26,2023-03-31
688081,兴图新科,0.0006,43066976.38,63.0361265026,-46.2707,59603.23,103.1850192806,100.1509,8.106154425,0.01,-0.311102674728,63.5983124014,军工电子Ⅱ,2024-04-26,2023-03-31
688078,龙软科技,0.18,53340171.71,24.8158131103,-64.8665,12915072.49,40.23,-55.574,9.250878525417,1.96,-0.049989072539,55.3215002577,软件开发,2024-04-26,2023-03-31
688073,毕得医药,0.41,252455900.29,42.5757724879,2.9138,36928240.19,45.22,-22.9872,32.472281102437,1.77,-0.330542342218,43.5816636742,医疗服务,2024-04-26,2023-03-31
688066,*ST航图,-0.34,275013688.33,40.7764219728,-74.1666,-89042301.2,-79.6607257751,-149.1993,13.606025500371,-3.35,-3.579198732063,50.0282083359,IT服务Ⅱ,2024-04-26,2023-03-31
688060,云涌科技,0.0699,44536027.34,15.3659392823,-65.9819,4205702.1,-30.7,-43.1488,16.185853744059,0.43,-0.539447396088,45.5968975072,计算机设备,2024-04-26,2023-03-31
688056,莱伯泰科,0.19,96598763.37,24.675011878,-8.8477,12867741.35,7.99,27.3786,12.466461849385,1.55,-0.14819035567,46.2771960535,通用设备,2024-04-26,2023-03-31
688052,纳芯微,0.02,471008735.92,38.8729097351,19.4685,1566512.47,-98.14,-81.7141,65.280878441582,0.02,-0.871787968713,45.3059694685,半导体,2024-04-26,2023-03-31
688049,炬芯科技,0.07,81429197.36,-6.2252702513,-23.9903,8008801.59,-23.68,57.1698,14.55892106041,0.45,0.250271780328,41.0026159197,半导体,2024-04-26,2023-03-31
688041,海光信息,0.1,1161313136.1,20.0396760163,-11.0373,239394274.52,66.87,58.0832,7.466597474515,1.39,-0.164836618504,63.7393246826,半导体,2024-04-26,2023-03-31
688031,星环科技,-0.71,42967723.42,76.3753700778,-78.6572,-85449369.85,2.3580780771,-86.5485,13.468223743903,-5.12,-1.178039098189,51.56953312,软件开发,2024-04-26,2023-03-31
688030,山石网科,-0.4853,144591323.56,-0.1044213869,47.75,-87456433.3,-21.9656684547,39.2004,6.730562779864,-6.86,-0.070066995315,67.4266827702,软件开发,2024-04-26,2023-03-31
688029,南微医学,0.5403,550099785.64,24.2629161043,17.5322,101486862.0,133.98,-2.0695,17.723617927692,3.05,0.351092369423,62.8739507429,医疗器械,2024-04-26,2023-03-31
688023,安恒信息,-2.4,336150372.63,43.9883503281,-64.2548,-189466496.36,0.3610542469,-193.1079,36.7561372898,-6.55,-5.30943154536,56.402992978,软件开发,2024-04-26,2023-03-31
688012,中微公司,0.45,1223068402.75,28.8602098359,-27.918,275369120.77,134.98,-26.9238,25.662804332754,1.76,-0.564131622729,45.8746437418,半导体,2024-04-26,2023-03-31
688008,澜起科技,0.02,419527893.03,-53.4076960451,-46.9913,19720699.27,-93.56,-93.4357,8.772690090866,0.2,-0.056450825401,53.291623638,半导体,2024-04-26,2023-03-31
688006,杭可科技,0.36,950517680.93,19.2991725346,38.6035,210285985.3,124.5,89.681,10.989177319221,5.47,-0.456573151065,42.5235338363,电池,2024-04-26,2023-03-31
605598,上海港湾,0.12,202040319.97,-17.0088662725,-30.8485,28527981.37,-72.88,51.812,9.001057407803,1.81,0.225745598414,32.5612973291,专业工程,2024-04-26,2023-03-31
605555,德昌股份,0.11,564236059.28,-1.0394709828,39.6262,42154364.23,-29.83,18.2388,9.691657838945,1.65,-0.01258609004,18.1016926799,小家电,2024-04-26,2023-03-31
605388,均瑶健康,0.06,445358945.57,102.8424610321,215.2701,23916582.84,30.88,1149.0403,4.523566623791,1.24,-0.214447271907,22.5494094929,饮料乳品,2024-04-26,2023-03-31
605368,蓝天燃气,0.29,1458370428.44,1.5053611524,13.8552,198824647.53,3.73,91.0382,7.804526595335,5.29,0.156787414465,22.1075334252,燃气Ⅱ,2024-04-26,2023-03-31
605333,沪光股份,-0.06,654751347.03,-12.7183093766,-31.1219,-24911602.0,-453.29,-202.4318,3.34701656346,-1.69,-0.176075546156,10.7305164195,汽车零部件,2024-04-26,2023-03-31
605299,舒华体育,0.0353,253079858.86,-8.8304806415,-40.0078,14464305.83,8.9,-68.5276,3.165471000464,1.12,0.028015746502,29.7533197146,文娱用品,2024-04-26,2023-03-31
605296,神农集团,-0.2,895885115.06,61.9700136079,-27.2993,-105869095.59,29.42,-147.3686,8.741507545092,-2.29,-0.411221324155,1.0980699974,养殖业,2024-04-26,2023-03-31
605289,罗曼股份,0.12,105973865.9,288.9630559277,-45.1603,12631352.38,402.36,154.125,11.563273863621,1.01,-0.263557806946,29.8486228952,专业工程,2024-04-26,2023-03-31
605286,同力天启,0.1,409895501.51,-9.9771782634,-38.2192,17211719.54,-25.11,-49.9549,9.261547579213,1.06,-0.019682683034,15.2826210849,专用设备,2024-04-26,2023-03-31
605268,王力安防,0.03,394675625.98,11.574827219,-35.7633,15410030.6,325.66,128.2895,3.767122270262,0.93,0.109505114314,27.3151609761,家居用品,2024-04-26,2023-03-31
605258,协和电子,0.09,144277058.98,-9.0176992832,-16.5134,7891481.89,-16.18,-51.3517,13.163894894318,0.68,0.076696810341,19.340166439,元件,2024-04-26,2023-03-31
605188,国光连锁,0.06,673846043.87,9.3296245555,26.0076,27297550.31,72.95,1882.1802,2.283879410428,2.44,0.247699248658,26.4872999632,一般零售,2024-04-26,2023-03-31
605180,华生科技,0.06,56979881.7,-28.9792106573,-13.049,9313893.73,-56.0,46.6664,8.555704695385,0.84,0.034680338077,25.8413051602,纺织制造,2024-04-26,2023-03-31
605169,洪通燃气,0.0487,329063401.02,-0.1687861344,31.2666,13767792.21,-74.15,-17.6251,6.187136744485,0.79,-0.001751805995,18.1690980324,燃气Ⅱ,2024-04-26,2023-03-31
605167,利柏特,0.08,576528232.41,125.1433894798,-18.3163,34155488.61,168.81,-50.5474,3.317620935845,2.31,-0.101500883782,15.8308869851,专业工程,2024-04-26,2023-03-31
605158,华达新材,0.14,1687531208.39,-16.5347047999,-4.9672,70956820.17,140.94,274.4341,4.373736032869,3.22,-0.317819734993,11.0491843904,金属新材料,2024-04-26,2023-03-31
605128,上海沿浦,0.14,279555600.82,18.4618243945,-25.8509,11162608.96,-4.4,12.5317,13.460658838625,0.99,0.103629447625,13.2259955592,汽车零部件,2024-04-26,2023-03-31
605108,同庆楼,0.28,539794636.79,27.2717615867,27.5575,72289459.45,217.05,1150.6439,7.916794439538,3.57,0.926729412654,24.9408384827,酒店餐饮,2024-04-26,2023-03-31
605089,味知香,0.26,202175207.68,8.6051289688,5.8516,35629223.6,-0.17,8.7536,12.4939219706,2.89,0.0863023064,26.2030102988,食品加工,2024-04-26,2023-03-31
605086,龙高股份,0.17,64682842.46,-9.0417067439,22.7185,22226519.99,-18.12,16.6512,8.837935453906,1.98,0.294178858828,60.9033110355,非金属材料Ⅱ,2024-04-26,2023-03-31
605077,华康股份,0.39,650334163.57,60.4196365727,6.3296,90033156.75,79.03,39.246,12.019055096132,3.33,0.226171215447,23.2174999605,化学制品,2024-04-26,2023-03-31
605020,永和股份,0.08,938911957.7,28.1736529235,-13.3171,29219527.47,-59.75,-59.6275,8.692688441607,1.16,-0.64011759027,16.7260025759,化学制品,2024-04-26,2023-03-31
605018,长华集团,0.0,382884479.4,-14.3630919122,-31.5108,405598.35,-98.87,-99.0569,5.561828628783,0.02,0.044987479241,12.813276484,汽车零部件,2024-04-26,2023-03-31
605005,合兴股份,0.09,308977792.79,-10.133122998,-29.5834,37758792.66,13.84,-45.5746,4.062843684621,2.33,0.165363296634,33.0020266017,汽车零部件,2024-04-26,2023-03-31
605003,众望布艺,0.16,104983359.67,-31.0591616207,5.5751,17319860.78,-54.77,63.5189,10.439649261182,1.52,0.385327547182,31.4950158996,服装家纺,2024-04-26,2023-03-31
603979,金诚信,0.31,1475739342.21,29.1788360488,-0.2851,184909424.14,16.52,10.1208,10.118015546128,3.0,0.051350019014,25.4895914923,工业金属,2024-04-26,2023-03-31
603970,中农立华,0.1996,2343089117.74,15.1669964349,16.3214,53639248.87,20.48,30.8558,7.212572658245,3.97,-4.017912265002,6.9480778907,农化制品,2024-04-26,2023-03-31
603969,银龙股份,0.04,481245387.38,11.9373555755,-18.7542,33520485.74,18.22,328.1537,2.520801800936,1.58,0.013687284273,21.1190106929,通用设备,2024-04-26,2023-03-31
603931,格林达,0.14,161378448.92,-33.2266132117,-21.2068,27878442.37,-29.36,15.4391,6.863422604603,2.06,0.198154479155,32.1916560964,电子化学品Ⅱ,2024-04-26,2023-03-31
603929,亚翔集成,0.15,322763271.49,-16.7604626508,-73.7639,32623272.18,544.09,-61.0316,5.388856534121,2.75,2.817729529762,13.9625559352,专业工程,2024-04-26,2023-03-31
603927,中科软,0.04,1275792207.65,2.3874484147,-54.6446,23033082.87,219.4,-93.0962,4.68467731779,0.83,-1.564591683423,31.8692232295,软件开发,2024-04-26,2023-03-31
603918,金桥信息,0.0124,172812128.17,55.0726946391,-54.8785,4519566.75,166.0146233486,-59.9075,2.953587683439,0.42,-0.180490849908,32.2115965005,IT服务Ⅱ,2024-04-26,2023-03-31
603916,苏博特,0.1,665619985.63,-7.0580415797,-33.465,40421563.15,-49.63,-22.9272,9.816802811298,0.96,0.289305733801,36.5710722222,水泥,2024-04-26,2023-03-31
603909,建发合诚,0.0265,288073178.26,79.6957561061,-53.5879,6915280.8,14.29,-77.3836,4.699817105963,0.74,-0.302571688548,14.9629590788,工程咨询服务Ⅱ,2024-04-26,2023-03-31
603897,长城科技,0.15,2357151499.87,-1.0055654117,-7.7708,30619576.11,-37.4,-25.895,13.447428295693,1.11,-0.036087314673,3.3748557267,电网设备,2024-04-26,2023-03-31
603896,寿仙谷,0.32,206156004.83,1.1956868044,-35.8622,62610490.08,6.13,-57.5944,9.559833337877,3.23,0.399433288063,83.5316720422,中药Ⅱ,2024-04-26,2023-03-31
603893,瑞芯微,-0.04,329365990.64,-39.3354978645,-28.3033,-18378664.3,-121.84,-185.7272,6.987496371263,-0.63,0.140241722168,33.4373762349,半导体,2024-04-26,2023-03-31
603888,新华网,0.0497,324830768.2,7.062094239,-59.124,25817570.0,27.23,-76.4045,6.356566985517,0.78,-0.319085847167,30.9166851793,数字媒体,2024-04-26,2023-03-31
603882,金域医学,0.32,2117566265.14,-50.1907870682,-35.2062,149613208.46,-82.4,-50.8566,18.801625445953,1.72,0.470405902563,37.9171003348,医疗服务,2024-04-26,2023-03-31
603867,新化股份,0.42,662063164.17,-7.2541873924,-0.2908,78334236.9,-22.01,-3.4083,10.967197353867,3.76,0.260003412838,24.7642619335,化学制品,2024-04-26,2023-03-31
603858,步长制药,0.4116,3514950369.96,9.8251033088,-3.6084,455269033.72,5.91,116.2794,11.586869002036,3.62,-0.078672016041,69.7884529672,中药Ⅱ,2024-04-26,2023-03-31
603856,东宏股份,0.19,641661000.93,26.0828062738,-16.6921,47937059.87,10.74,2566.7008,8.42433905821,2.24,0.249072315381,20.3897781649,装修建材,2024-04-26,2023-03-31
603829,洛凯股份,0.11,377228677.08,39.1239156868,-13.1043,17636962.81,4756.32,-41.7882,5.415917809813,2.06,-0.133736524937,24.0710734913,电网设备,2024-04-26,2023-03-31
603826,坤彩科技,0.0288,241946886.46,21.7161929891,45.2951,13484082.07,-49.47,78.0708,3.84890790812,0.75,-0.114636917244,27.943384087,非金属材料Ⅱ,2024-04-26,2023-03-31
603813,原尚股份,-0.06,115158848.95,-13.1170746399,-13.3381,-6073627.82,-150.37,-194.3209,6.500864529921,-0.88,0.293542105476,16.1584237596,物流,2024-04-26,2023-03-31
603811,诚意药业,0.12,147830388.05,-7.4030369049,-17.2983,39749555.71,37.44,-32.6863,4.823311481559,3.59,0.202178619592,64.8181616134,化学制药,2024-04-26,2023-03-31
603810,丰山集团,0.06,395516977.68,-10.3963012585,21.4881,10385354.62,-65.99,45.5957,9.472160006179,0.64,-0.211548853193,13.5506625643,农化制品,2024-04-26,2023-03-31
603801,志邦家居,0.1181,805743630.15,6.1954175626,-56.954,51540162.47,0.49,-76.7626,9.392394520176,1.77,-0.339369812821,36.8912061737,家居用品,2024-04-26,2023-03-31
603790,雅运股份,0.09,191526178.43,-25.311842638,34.1497,17556893.93,-39.88,200.8691,6.248380984793,1.48,0.104213837479,29.2663577112,化学制品,2024-04-26,2023-03-31
603787,新日股份,0.2,1153190059.34,15.9226751264,43.5348,41701436.13,94.18,283.7318,5.877649556127,3.54,2.210010492206,13.4723379552,摩托车及其他,2024-04-26,2023-03-31
603739,蔚蓝生物,0.04,232557094.68,-9.1435780613,-30.3197,10562755.37,-41.59,-32.4179,6.574089817261,0.64,0.053129346396,43.8034444961,化学制品,2024-04-26,2023-03-31
603727,博迈科,-0.06,309810615.5,-29.9126661849,-65.901,-18040348.65,-225.42,-6909.2516,11.749917012956,-0.54,-0.566495445784,-7.0274901991,油服工程,2024-04-26,2023-03-31
603719,良品铺子,0.37,2384725480.36,-18.9374025441,-2.1313,148689677.18,59.78,209.201,6.352847745312,6.01,0.754820454115,29.1616400759,休闲食品,2024-04-26,2023-03-31
603703,盛洋科技,0.02,197856784.78,-2.2077935402,-12.6278,5311842.33,2.05,176.1213,2.82558672727,0.62,0.05246531516,22.7438418349,光学光电子,2024-04-26,2023-03-31
603699,纽威股份,0.13,1091695749.64,17.1671597294,-1.2566,98152660.23,44.01,-17.7999,4.472646755222,2.97,0.029517838497,28.6442078393,通用设备,2024-04-26,2023-03-31
603676,卫信康,0.14,350378358.4,11.131849593,5.7312,60246349.21,54.82,131.9775,2.956025385311,4.81,0.116096864107,50.5503830256,化学制药,2024-04-26,2023-03-31
603661,恒林股份,0.57,1693575299.18,20.8417806748,-10.1471,78264756.76,7.47,34.8097,24.145149021482,2.36,0.461041915535,24.8986224117,家居用品,2024-04-26,2023-03-31
603656,泰禾智能,-0.02,93993090.67,-0.4906288439,-41.5397,-3154291.0,-139.99,-204.5291,7.169917336092,-0.32,-0.13291622731,40.5496654151,专用设备,2024-04-26,2023-03-31
603655,朗博科技,0.025,39236579.49,-6.5125320228,-26.4727,2601929.51,26.86,-62.2197,4.996872066038,0.49,0.000407934623,34.9823895416,汽车零部件,2024-04-26,2023-03-31
603648,畅联股份,0.1282,404105719.27,1.0047104262,-3.0534,46456619.24,-8.24,0.351,5.14636542738,2.52,0.160567199806,22.4437593172,物流,2024-04-26,2023-03-31
603637,镇海股份,0.08,134568812.84,-13.3479840135,30.3144,19700643.72,46.2,-57.1693,3.736956951777,2.19,0.004536350216,7.4889171698,专业工程,2024-04-26,2023-03-31
603617,君禾股份,0.03,173180769.95,-27.2623861586,-8.2332,9554399.71,-57.04,568.0788,3.814654533631,0.73,0.11366895355,17.4064069577,通用设备,2024-04-26,2023-03-31
603599,广信股份,0.8,1925991278.96,-6.3549106617,-21.2924,521213182.36,-8.43,12.0091,14.165207463617,5.74,0.247881459157,38.3757421772,农化制品,2024-04-26,2023-03-31
603590,康辰药业,0.16,165105876.86,5.7071493656,-40.7662,25668714.68,-44.72,1277.5399,18.95572479875,0.86,0.093121403625,89.3464662709,生物制品,2024-04-26,2023-03-31
603588,高能环境,0.135,1735188864.57,10.8002806532,-32.8504,206270529.78,21.12,129.4636,5.962540057239,2.296,-0.569228654693,27.1407982045,环境治理,2024-04-26,2023-03-31
603587,地素时尚,0.34,610485270.86,2.2738281846,-10.3887,164407912.7,9.34,1703.2689,7.769772402062,4.46,0.309665331019,76.6544361063,服装家纺,2024-04-26,2023-03-31
603579,荣泰健康,0.28,385718637.33,-31.7067168461,-12.8485,37501251.13,-35.7,-2.748,13.293457425016,1.99,0.150585687122,29.2785661672,其他家电Ⅱ,2024-04-26,2023-03-31
603566,普莱柯,0.19,306910740.92,25.1206297826,-24.0269,64039214.39,74.45,58.6464,8.115116788635,2.31,0.091152763687,58.7577250244,动物保健Ⅱ,2024-04-26,2023-03-31
603536,惠发食品,-0.07,389032917.76,24.5052473866,-14.8533,-16544043.26,44.66,62.2287,1.957721892371,-3.4,0.158013056573,14.0813318152,食品加工,2024-04-26,2023-03-31
603528,多伦科技,0.0049,153623869.89,-5.5848806993,-22.0717,3050369.99,-27.8,-56.8533,2.398530409944,0.19,-0.012626789422,36.6300347012,软件开发,2024-04-26,2023-03-31
603527,众源新材,0.11,1566439770.5,-9.2327801594,-11.0456,26657448.99,2.04,5.6384,4.839019246014,2.29,-0.539456073151,4.7692169719,工业金属,2024-04-26,2023-03-31
603518,锦泓集团,0.3,1167274847.21,8.054159661,-2.1421,102585354.29,149.32,28904.115,9.108793597358,3.25,0.593487881871,69.3819202783,服装家纺,2024-04-26,2023-03-31
603506,南都物业,0.21,465085326.94,12.157855093,-0.8678,40328044.07,7.18,1394.3301,5.687623262175,3.85,-0.173364765008,21.5510223359,房地产服务,2024-04-26,2023-03-31
603499,翔港科技,0.0205,154438822.89,10.051964441,-25.7207,4132140.2,143.87,-58.6136,2.863817687376,0.69,0.15185076325,20.694446022,包装印刷,2024-04-26,2023-03-31
603466,风语筑,0.07,422485472.5,74.7752531466,4.451,44116883.27,379.49,-17.9022,3.705157615283,1.99,-0.343502419541,37.5990359574,数字媒体,2024-04-26,2023-03-31
603416,信捷电气,0.29,328725261.41,2.3057552476,-0.2831,40945374.14,-45.25,4.4575,14.246475322851,2.07,-0.14984541854,31.4025508801,自动化设备,2024-04-26,2023-03-31
603392,万泰生物,0.99,2886602037.7,-8.9751302494,13.8848,1244917930.85,-6.46,57.1889,14.994608178608,9.6,-0.346201852062,91.6074745564,医疗器械,2024-04-26,2023-03-31
603389,亚振家居,-0.1,46296863.67,-11.2520475358,-43.1905,-26814762.94,-24.6096384544,-20.3119,1.822049172604,-5.51,-0.090946563147,35.2947732842,家居用品,2024-04-26,2023-03-31
603386,骏亚科技,0.04,570115248.31,-9.7018030223,-11.7884,12558989.57,-58.32,-72.787,4.656541579626,0.83,0.222701286482,19.5647540687,元件,2024-04-26,2023-03-31
603385,惠达卫浴,0.0012,645801383.26,-4.9691518975,-17.8599,466916.72,133.8433267804,-98.6046,10.145226258827,0.01,0.28741761501,25.5222960747,家居用品,2024-04-26,2023-03-31
603380,易德龙,0.14,417684589.73,-14.6573184274,-22.8197,22224185.57,-59.96,-47.4911,7.89120850074,1.76,0.121000160405,22.6304561514,消费电子,2024-04-26,2023-03-31
603375,盛景微,0.47,151854823.32,80.6425642935,-48.5334,35539366.62,149.2958467722,-52.3402,,,,47.4544536779,半导体,2024-04-26,2023-03-31
603368,柳药集团,0.72,5334761606.27,10.8290840141,10.4396,261072142.03,18.16,106.8127,16.741958550766,4.28,-1.497470830559,12.0745360132,医药商业,2024-04-26,2023-03-31
603366,日出东方,-0.0134,872183956.06,35.5112739292,-27.3795,-10763907.06,82.3558615126,-104.3907,4.572829652143,-0.29,-0.06305595915,27.8696976929,厨卫电器,2024-04-26,2023-03-31
603360,百傲化学,0.21,257856883.15,-12.313950414,2.0576,72655074.26,-26.21,9.169,5.932617505406,4.85,0.437664277472,51.2388123776,农化制品,2024-04-26,2023-03-31
603357,设计总院,0.23,680473314.51,28.5313226867,-37.0973,123651178.14,10.99,14.3643,6.987486642685,3.87,-0.587341694901,33.5547310014,工程咨询服务Ⅱ,2024-04-26,2023-03-31
603351,威尔药业,0.2,246445272.15,-15.1903273752,-5.2261,26310732.19,-4.43,59.6801,11.154178681888,1.76,-0.091767338657,30.2621662974,化学制药,2024-04-26,2023-03-31
603348,文灿股份,0.01,1272177745.85,2.3111091526,-5.1506,2539123.47,-96.8,112.0518,11.664637235548,0.08,0.450096578828,14.3250142289,汽车零部件,2024-04-26,2023-03-31
603339,四方科技,0.25,531373473.63,17.327305441,0.6474,76475713.67,59.13,13.2544,7.372717634038,3.41,0.177804448616,25.61700459,通用设备,2024-04-26,2023-03-31
603332,苏州龙杰,-0.06,195757069.48,-1.702370298,-25.0807,-12489179.56,7.010783886,-50.5424,7.548410391729,-0.99,-0.679681406819,1.0785393782,化学纤维,2024-04-26,2023-03-31
603317,天味食品,0.122,766321461.31,21.7886761692,-2.0125,128262536.22,27.74,31.6643,5.13739070951,3.13,0.157071506108,40.6170426296,调味发酵品Ⅱ,2024-04-26,2023-03-31
603315,福鞍股份,0.034,200844290.0,28.6404127418,-43.0187,10434572.72,-9.23,73.5226,4.717124891016,0.72,0.116122938851,18.5791532386,环境治理,2024-04-26,2023-03-31
603305,旭升集团,0.21,1173083773.16,18.2821546494,-1.3482,192838083.14,60.79,-10.7452,8.713227649597,3.38,0.529722368075,25.775747111,汽车零部件,2024-04-26,2023-03-31
603300,海南华铁,0.07,843489056.95,31.2078976728,-11.6201,140338147.73,30.85,-32.3389,3.406252978691,3.02,0.235449963472,46.209526478,多元金融,2024-04-26,2023-03-31
603278,大业股份,0.12,1265768514.11,9.7167061332,-3.4058,33512353.46,143.6426633352,138.4518,5.676789574856,1.89,0.665364463481,7.0857041142,通用设备,2024-04-26,2023-03-31
603275,众辰科技,0.37,137720423.95,9.7855902871,14.2134,40829398.01,17.0523977317,14.4475,,,,41.8527475714,自动化设备,2024-04-26,2023-03-31
603230,内蒙新华,0.4,517715144.1,11.9741412656,99.1173,141934616.32,25.73,604.1107,6.936473189184,5.96,-0.34028400667,46.6306090948,出版,2024-04-26,2023-03-31
603225,新凤鸣,0.13,12509466548.5,17.9867381575,-2.6048,189458791.04,-33.47,138.7374,10.216389530333,1.2,-1.583638814717,5.4236169007,化学纤维,2024-04-26,2023-03-31
603223,恒通股份,0.06,883915206.86,-25.7127194534,-44.8984,28503116.4,184.97,-40.4507,7.260718886792,0.77,0.197796168374,5.0509112892,炼化及贸易,2024-04-26,2023-03-31
603222,济民健康,0.06,222593735.45,-22.031741488,12.7751,33728551.42,-52.28,171.4784,3.241557427232,1.96,0.062549313026,47.0285009407,医疗器械,2024-04-26,2023-03-31
603220,中贝通信,0.0679,558704560.57,38.0042861893,-43.8636,22856189.47,124.68,-45.2294,5.283114201994,1.28,-1.177845447727,15.5725443768,通信服务,2024-04-26,2023-03-31
603198,迎驾贡酒,0.87,1916008484.95,21.1146180103,18.783,699934316.98,26.55,39.3732,9.535785579375,9.62,0.611283961538,71.1803394986,白酒Ⅱ,2024-04-26,2023-03-31
603195,公牛集团,0.83,3334141811.9,8.3067896144,-7.5617,735953763.11,14.74,-11.0306,21.889246320413,5.76,2.394306246886,37.1509394513,家居用品,2024-04-26,2023-03-31
603191,望变电气,0.24,571650584.29,47.8710084479,-26.9719,80339010.37,119.25,-16.2025,7.049091919637,3.48,-0.200503262193,24.449593948,电网设备,2024-04-26,2023-03-31
603189,*ST网达,-0.05,62863294.27,-35.2365227704,-15.9084,-14052315.8,-157.59,-35.1335,6.358422170191,-0.82,-0.172618159943,21.7315849235,软件开发,2024-04-26,2023-03-31
603187,海容冷链,0.3,890257268.47,5.953446862,51.5026,116600429.1,48.81,388.2913,13.66187007657,3.04,0.056274853447,27.123369589,通用设备,2024-04-26,2023-03-31
603180,金牌家居,0.21,574845316.06,1.0804844871,-46.0008,32754634.5,8.18,-70.8836,17.060786630771,1.25,-1.546079174348,29.1117562542,家居用品,2024-04-26,2023-03-31
603177,德创环保,0.01,210712594.71,5.1153781745,-16.5309,1161055.49,-88.52,112.3928,1.860510236847,0.3,-0.125364274812,22.8293428431,环境治理,2024-04-26,2023-03-31
603171,税友股份,0.08,330757745.06,10.6540180579,-46.5605,32005971.62,5.12,-38.8755,6.119507142132,1.3,-0.690047915864,63.0557989268,IT服务Ⅱ,2024-04-26,2023-03-31
603170,宝立食品,0.19,539300670.64,27.2047088211,-3.9521,76334346.09,82.36,23.3371,3.01071779073,6.55,0.149605534562,35.0939321057,调味发酵品Ⅱ,2024-04-26,2023-03-31
603167,渤海轮渡,0.06,322265281.69,28.1679097288,4.5721,28449818.15,-25.76,-44.5436,7.814999275756,0.78,0.145766978389,9.5371470916,航运港口,2024-04-26,2023-03-31
603160,汇顶科技,-0.3,843912227.92,-3.4665126879,-2.2325,-138835793.05,-174.86,78.5793,16.733126079419,-1.8,0.039580689633,42.0408031039,半导体,2024-04-26,2023-03-31
603159,上海亚虹,0.03,94968515.04,-23.9480364086,-43.0909,4579657.5,-37.37,-63.841,3.458956865643,0.95,0.109156196857,19.9566807084,专用设备,2024-04-26,2023-03-31
603153,上海建科,0.04,766394872.74,15.6584105594,-45.1945,19725146.66,276.48,-88.941,7.920132914564,0.75,-1.137365705371,25.713494774,工程咨询服务Ⅱ,2024-04-26,2023-03-31
603136,天目湖,0.1,120262712.55,114.2571544655,-4.349,19143856.28,189.0815598682,7.4163,6.478141741419,1.6,0.235453111677,42.4177233977,旅游及景区,2024-04-26,2023-03-31
603125,常青科技,0.32,237104283.89,10.2643686901,-10.9668,46278194.85,0.36,-5.693,6.124773583755,5.36,0.396482920989,31.7122068089,化学制品,2024-04-26,2023-03-31
603112,华翔股份,0.18,761361809.87,-14.0283720644,4.5491,76572896.58,-23.61,472.8241,5.390887816703,2.97,0.337856590047,21.6607817009,家电零部件Ⅱ,2024-04-26,2023-03-31
603110,东方材料,0.02,83580618.23,0.723299449,-30.4764,4474102.33,234.12,2.1321,3.337372295993,0.67,0.069631138123,27.9881703742,化学制品,2024-04-26,2023-03-31
603106,恒银科技,-0.06,118686151.97,5.3066941002,-37.7883,-29676560.16,-62.0850396338,59.1385,2.77406666155,-2.03,-0.111336820372,-10.8043431834,计算机设备,2024-04-26,2023-03-31
603105,芯能科技,0.06,127352218.72,9.134640805,-3.0526,30206538.27,180.05,-2.0914,3.59060652446,1.69,0.07587716534,53.0049877799,电力,2024-04-26,2023-03-31
603100,川仪股份,0.35,1559953292.71,16.2690593466,-9.4313,139337976.12,28.75,-20.4572,8.993911482456,4.01,-0.251377308709,34.9387394172,通用设备,2024-04-26,2023-03-31
603099,长白山,-0.02,69609047.88,235.4927043798,105.546,-4136309.72,88.0363396093,87.0026,3.381641889789,-0.46,0.022257379908,13.1427762031,旅游及景区,2024-04-26,2023-03-31
603080,新疆火炬,0.18,273030039.33,4.2091774594,17.714,25508739.0,-29.35,495.089,9.52167467576,1.91,-0.029000427703,22.7485628477,燃气Ⅱ,2024-04-26,2023-03-31
603073,彩蝶实业,0.2,162306073.13,3.4644449793,-14.0877,17745150.04,-16.55,-29.7474,10.659706188362,2.43,0.448878635603,22.7239150629,化学纤维,2024-04-26,2023-03-31
603043,广州酒家,0.1218,919946654.32,23.0882871897,19.1563,69245540.45,31.87,38.1983,5.990953725253,2.06,0.266239559712,32.3902931611,休闲食品,2024-04-26,2023-03-31
603039,泛微网络,0.0,332916645.62,13.6176530864,-66.2705,575500.14,-96.2,-99.4223,7.343897755035,0.03,-0.54737968182,94.2057779496,软件开发,2024-04-26,2023-03-31
603038,华立股份,0.04,150072701.5,-17.6156127162,-19.2626,7975416.87,635.8239567866,114.1684,6.490908432298,0.6,-0.094851491666,21.6680648679,装修建材,2024-04-26,2023-03-31
603032,德新科技,0.45,243971636.29,80.8940979705,74.8746,101653519.54,96.01,380.6144,6.817003357593,9.27,-0.226959725299,62.7763318798,电池,2024-04-26,2023-03-31
603028,赛福天,0.02,329781821.24,93.3510912257,52.4619,5626895.62,-39.32,105.6304,2.398033015224,0.82,-0.041476690531,12.0186221608,通用设备,2024-04-26,2023-03-31
603026,石大胜华,0.04,1460760178.24,-17.4963096483,-21.065,7992633.65,-98.22,-72.0938,19.496709822775,0.2,-1.305998648313,5.5491664154,电池,2024-04-26,2023-03-31
603022,新通联,0.05,193456346.98,11.8442838873,-21.4403,10778100.2,34.73,87.1862,3.692977243,1.46,0.1840871038,20.7294836308,包装印刷,2024-04-26,2023-03-31
603019,中科曙光,0.09,2297997842.11,5.385543775,-59.1204,130967541.52,19.92,-85.2939,11.732949627003,0.77,-0.154279979858,24.0371756038,计算机设备,2024-04-26,2023-03-31
603016,新宏泰,0.1,145512370.21,-0.5162714484,-8.5218,14799741.58,34.38,-14.8826,5.557724580454,1.82,0.147074640186,30.0505992768,电网设备,2024-04-26,2023-03-31
603012,创力集团,0.13,465284093.96,19.0650627086,-50.6898,82524993.69,3.15,-47.4161,5.096234098042,2.52,-0.043273246317,47.187954467,专用设备,2024-04-26,2023-03-31
603009,北特科技,0.0162,388668243.0,-9.2493232804,-20.0705,5806355.58,-75.76,-30.8932,4.739344126915,0.37,0.09239271192,17.2838148498,汽车零部件,2024-04-26,2023-03-31
603006,联明股份,0.11,238923953.26,2.3588659861,-41.1137,27250788.14,67.95,-46.0189,5.763181404834,1.88,0.184585761182,22.2862120158,汽车零部件,2024-04-26,2023-03-31
603004,鼎龙科技,0.27,191936212.53,0.2483080244,-11.0184,48320350.24,106.9766306573,-13.5731,,,,41.3600687716,化学制品,2024-04-26,2023-03-31
603000,人民网,0.02,332214863.3,3.7848531523,-60.4713,27499352.72,303.712931579,-83.966,3.258221705331,0.77,-0.170475379598,37.9955064461,数字媒体,2024-04-26,2023-03-31
601996,丰林集团,-0.009,424975219.19,12.9295017173,-35.9442,-10134381.64,-131.82,-349.0818,2.443927238101,-0.36,0.032204088457,4.5854253189,家居用品,2024-04-26,2023-03-31
601990,南京证券,0.06,642689658.07,63.3507293663,34.496,216621076.59,73.02,96.8252,4.569963537684,1.3,-0.292610814087,,证券Ⅱ,2024-04-26,2023-03-31
601965,中国汽研,0.15,707045125.22,26.0010800131,-37.7859,142261110.39,9.52,-29.0241,6.072007264181,2.43,-0.097303968069,42.4639832651,专业服务,2024-04-26,2023-03-31
601958,金钼股份,0.258,2644158700.97,17.5684080631,7.2581,832652619.14,202.9,130.3214,4.344373757201,6.12,0.034653498805,57.4499782075,小金属,2024-04-26,2023-03-31
601929,吉视传媒,0.0006,468718657.4,7.1858955611,-16.6374,2085425.25,-82.53,100.6196,2.034443139284,0.03,-0.01352222923,42.4856623235,电视广播Ⅱ,2024-04-26,2023-03-31
601918,新集能源,0.229,2896074161.77,0.5529452312,-6.4316,593930961.99,12.5,165.9611,4.69821494758,5.31,0.269055859724,40.0009257329,煤炭开采,2024-04-26,2023-03-31
601860,紫金银行,0.11,1091012000.0,1.5448421186,-3.5413,384605000.0,5.5,18.2869,4.687735912512,2.24,5.549466505723,,银行Ⅱ,2024-04-26,2023-03-31
601825,沪农商行,0.36,6832482000.0,7.4881314384,12.1878,3500275000.0,12.44,75.4827,10.93252717679,3.38,-0.165922154368,,银行Ⅱ,2024-04-26,2023-03-31
601808,中海油服,0.0847,8456256979.0,24.3880483057,-25.9079,404088646.0,33.0,39.6239,8.34524287701,1.0,-0.020164569393,13.7823060001,油服工程,2024-04-26,2023-03-31
601799,星宇股份,0.71,1922611040.51,-9.8367957703,-15.8136,203624728.73,-24.46,8.6191,30.435373596234,2.36,0.103539504223,21.5431179798,汽车零部件,2024-04-26,2023-03-31
601789,宁波建工,0.0813,5696192514.78,-4.6012934879,-19.0412,97246425.83,-5.23,-20.5473,3.858374128678,2.12,-1.029676846314,6.6848689805,房屋建设Ⅱ,2024-04-26,2023-03-31
601702,华峰铝业,0.17,1997013563.87,0.576838934,-10.0401,169580601.82,65.03,13.6524,3.907061996978,4.44,0.376504929483,17.0886175149,工业金属,2024-04-26,2023-03-31
601686,友发集团,0.152,14372193145.63,-5.4771983614,-4.189,214479658.28,63.98,-4.6284,4.372769974405,3.35,-0.594715358966,3.402229917,普钢,2024-04-26,2023-03-31
601666,平煤股份,0.4951,8629943812.34,-10.8599572986,9.997,1146238959.2,-29.69,14.9284,9.701097562136,4.97,1.583267173321,27.8708874731,煤炭开采,2024-04-26,2023-03-31
601600,中国铝业,0.105,66279365000.0,-17.6011836204,-21.9473,1813030000.0,-9.78,583.4953,3.16860661878,3.27,0.230267098763,9.1186615925,工业金属,2024-04-26,2023-03-31
601567,三星电气,0.19,2248372445.81,13.4156545788,2.3504,269516681.64,63.84,9.332,6.928244960292,2.79,0.174445646803,30.4510827077,电网设备,2024-04-26,2023-03-31
601566,九牧王,0.17,772263509.2,0.8441565605,15.4385,97217538.98,269.1940101552,341.9251,6.692726361792,2.56,0.296746984545,60.5344049707,服装家纺,2024-04-26,2023-03-31
601519,大智慧,0.152,168169175.21,9.0652655649,-33.8387,304965690.59,749.6644050669,31269.3872,0.939612307062,17.28,-0.039279954591,54.890764758,软件开发,2024-04-26,2023-03-31
601500,通用股份,0.01,1049134554.62,-7.5700537325,23.9384,11148617.5,50.29,289.8546,3.360052545977,0.22,-0.016466325142,10.4959615032,汽车零部件,2024-04-26,2023-03-31
601311,骆驼股份,0.14,3295036707.55,5.8453534692,-14.4381,163780724.57,16.88,-3.9858,7.748365647918,1.81,-0.055629709061,15.2159330584,电池,2024-04-26,2023-03-31
601229,上海银行,0.43,13214928000.0,-7.1247478509,15.5234,6043234000.0,3.25,18.1879,14.498846316067,2.94,0.267741040402,,银行Ⅱ,2024-04-26,2023-03-31
601228,广州港,0.045,2974167885.49,5.9163117932,-20.6485,340277453.54,9.81,94.5431,2.62232653058,1.74,0.109762630406,26.6944031843,航运港口,2024-04-26,2023-03-31
601226,华电科工,-0.0941,900593681.2,-32.1820843703,-66.9926,-109784235.53,-0.7,-169.0131,3.508773850111,-2.65,-0.60041752532,9.137941712,专业工程,2024-04-26,2023-03-31
601225,陕西煤业,0.71,44809129101.91,13.0913657143,24.0958,6911193456.8,10.58,1.3953,11.403964158506,6.48,0.868505193915,39.3813992705,煤炭开采,2024-04-26,2023-03-31
601216,君正集团,0.0984,5096285120.02,6.1559907871,-9.7657,830218296.76,-5.43,-41.8281,3.139329503354,3.18,0.018351740076,24.4205239662,化学原料,2024-04-26,2023-03-31
601177,杭齿前进,0.164,544890501.64,-5.253535875,13.9019,65590971.11,32.51,1.4797,5.457300213418,3.03,-0.103536754812,22.256891993,通用设备,2024-04-26,2023-03-31
601166,兴业银行,1.21,55410000000.0,-6.7218827332,7.5505,25115000000.0,-8.93,28.3407,32.893135650332,3.73,27.27,,银行Ⅱ,2024-04-26,2023-03-31
601121,宝地矿业,0.052,146716855.91,-27.6904905639,67.1945,31283009.58,-17.07,193.8018,3.7170184886,1.46,0.105816295638,33.4971240592,冶钢原料,2024-04-26,2023-03-31
601108,财通证券,0.11,1785587642.32,174.2325437179,39.2825,494248295.06,214.54,12.8047,7.104684608396,1.49,0.592789878109,,证券Ⅱ,2024-04-26,2023-03-31
601069,西部黄金,-0.0625,953146481.94,148.8232836075,-21.0689,-57361672.43,-27360.5668852358,-156.1508,5.09061785628,-1.2,-0.240660931697,4.8716814005,贵金属,2024-04-26,2023-03-31
601065,江盐集团,0.29,760206474.98,12.4363237969,-5.7338,139773604.32,68.96,75.1256,4.679683512157,6.4,0.298478513535,37.404409503,化学原料,2024-04-26,2023-03-31
601038,一拖股份,0.4323,4194351167.11,-1.2771460706,86.9678,485733620.69,1.06,523.2881,5.735533369248,7.83,0.137555374805,15.7517089536,专用设备,2024-04-26,2023-03-31
601022,宁波远洋,0.12,1118214547.33,14.0485764963,-12.9029,156912947.02,18.71,23.7028,4.062029464466,2.99,0.29090458962,19.9901268181,航运港口,2024-04-26,2023-03-31
601015,陕西黑猫,0.03,5011470612.99,-11.2503474852,-4.5583,55986627.0,-76.38,47.0415,4.317748347179,0.64,0.139423675211,2.6246998877,焦炭Ⅱ,2024-04-26,2023-03-31
600989,宝丰能源,0.16,6733039464.58,3.3537768207,-3.0493,1185215468.67,-32.13,27.4595,4.782431696167,3.44,0.26302438247,27.7522199117,化学原料,2024-04-26,2023-03-31
600971,恒源煤电,0.5068,2237634381.2,-5.0753657333,36.695,608118974.62,57.9,-32.844,10.338557973527,4.52,0.910777359078,46.8684142526,煤炭开采,2024-04-26,2023-03-31
600967,内蒙一机,0.125,2592985473.87,-7.5185596119,-31.5713,213748680.26,3.75,-5.8945,6.551188599387,1.93,0.286068720339,12.543689884,地面兵装Ⅱ,2024-04-26,2023-03-31
600960,渤海汽车,-0.0013,1216434704.56,15.723359224,11.8234,-1277289.34,93.6924402811,87.137,4.819762990624,-0.03,0.035696870559,10.9940250051,汽车零部件,2024-04-26,2023-03-31
600956,新天绿能,0.2,6558823651.29,3.5530250797,18.9663,839592338.86,-10.41,33.7899,4.843590542094,4.02,0.267750740897,23.9087057354,电力,2024-04-26,2023-03-31
600938,中国海油,0.68,97711000000.0,7.4952144162,-12.0394,32113000000.0,-6.38,-2.4869,13.154983597591,5.25,1.092527547543,49.2104266664,油气开采Ⅱ,2024-04-26,2023-03-31
600936,北投科技,-0.07,441591994.63,42.6413096538,-17.4706,-119073965.99,11.9703462686,81.1793,1.26371440195,-5.48,-0.022055153534,5.7413084925,IT服务Ⅱ,2024-04-26,2023-03-31
600935,华塑股份,0.001,1280402666.41,-26.9482865832,-11.0822,3494869.79,-98.5,109.7007,1.851165952249,0.05,-0.114884719838,15.043047782,化学原料,2024-04-26,2023-03-31
600927,永安期货,0.14,5363285537.14,-30.406754878,-12.407,208366335.36,539.29,4.2026,8.339221134023,1.73,-3.430721398861,,多元金融,2024-04-26,2023-03-31
600919,江苏银行,0.51,18795415000.0,10.3468801907,11.7846,8218847000.0,24.83,67.8207,11.753002456068,4.3225,7.533668602443,,银行Ⅱ,2024-04-26,2023-03-31
600906,财达证券,0.06,626377273.01,79.1191333419,199.6063,202418736.31,162.74,382.1554,3.494809377784,1.73,0.325957777812,,证券Ⅱ,2024-04-26,2023-03-31
600889,*ST京化,-0.12,104227297.86,-21.9863718868,-29.2392,-44212938.83,-40.1172618721,49.7725,2.757859493215,-4.29,-0.244594805714,-11.8341308978,通用设备,2024-04-26,2023-03-31
600884,杉杉股份,0.293,4449437921.75,-11.533210923,-24.0846,572600345.88,-29.05,18.703,10.407986657695,2.433,-0.585519563777,16.3876165988,电池,2024-04-26,2023-03-31
600877,电科芯片,0.0155,217334991.97,-20.9028552944,-59.1981,18407360.51,-41.62,-82.2555,1.839562229071,0.85,-0.039634385727,33.0502466487,半导体,2024-04-26,2023-03-31
600871,石化油服,0.008,17941753000.0,16.9025556676,-21.3689,145114000.0,95.6,-22.5811,0.409221389129,1.9,-0.027474434144,7.1540166672,油服工程,2024-04-26,2023-03-31
600863,华能蒙电,0.128,6019045622.49,9.7181029509,3.2722,862852053.36,73.24,313.1286,2.370534129853,5.616,0.201650452423,24.4663517299,电力,2024-04-26,2023-03-31
600862,中航高科,0.24,1251992127.83,8.3580674961,15.6732,334479536.95,14.91,254.7256,4.142220655686,5.76,0.141984987669,40.504764668,航空装备Ⅱ,2024-04-26,2023-03-31
600861,北京人力,0.6629,9347269923.76,4869.5933116711,41.4243,259850016.56,-55.65,60.9358,6.163833496111,4.84,0.597711156526,7.2581534371,专业服务,2024-04-26,2023-03-31
600839,四川长虹,0.018,22942813964.52,14.2163365913,-9.5666,82950246.79,64.9,-65.6808,2.972781978213,0.6063,-0.67270584703,10.2134505935,黑色家电,2024-04-26,2023-03-31
600825,新华传媒,0.004,165820787.78,-8.506129339,-67.0096,4128322.89,343.2669507902,-67.9738,2.395648783513,0.17,-0.053366091337,33.820345652,出版,2024-04-26,2023-03-31
600812,华北制药,0.003,2660096706.22,4.5881572966,1.2719,5420341.81,-60.38,100.7454,3.092152526979,0.1,0.10949199575,33.3987886738,化学制药,2024-04-26,2023-03-31
600809,山西汾酒,3.95,12682473811.08,20.4379056864,211.6199,4819017582.42,29.89,387.9597,21.428902969546,19.95,2.813838589248,75.5572800035,白酒Ⅱ,2024-04-26,2023-03-31
600802,福建水泥,-0.22,446542089.22,-13.1647356374,-35.7562,-100823164.09,-107.48,-127.8239,3.100623718228,-6.82,-0.302136947669,-11.2761160718,水泥,2024-04-26,2023-03-31
600796,钱江生化,0.04,357819300.48,-7.7201555473,-46.1547,30338975.13,-14.67,-60.1202,3.515028930189,1.0,-0.009934489485,22.5720473914,环境治理,2024-04-26,2023-03-31
600785,新华百货,0.37,1841562258.84,6.956509032,40.4382,83818160.97,96.32,405.3862,9.436953070736,4.02,1.516509187113,29.148491314,一般零售,2024-04-26,2023-03-31
600769,祥龙电业,0.0092,16258533.13,28.4472913587,13.9578,3453264.63,37.06,10.086,0.217200936537,4.33,0.030905557591,32.9287998935,环境治理,2024-04-26,2023-03-31
600763,通策医疗,0.53,674535941.41,3.0404302686,16.459,168971152.17,1.49,410.4868,10.852413897362,4.98,0.488922944081,45.0879499296,医疗服务,2024-04-26,2023-03-31
600737,中粮糖业,0.1281,4797018528.13,-1.5163267481,-32.1942,274008030.3,19.42,2067.5879,4.704075644978,2.68,-1.458608974624,12.5753052204,农产品加工,2024-04-26,2023-03-31
600728,佳都科技,0.6743,1087697192.38,4.996714167,-33.9155,1349687968.63,3542.11,1903.1307,4.027932337319,18.35,-0.048495954034,13.7234246889,IT服务Ⅱ,2024-04-26,2023-03-31
600726,华电能源,0.02,5788182082.71,2.8975355446,-51.7294,162227162.24,156.5110500732,-84.4393,0.456512182969,4.61,0.035750265604,19.7436829295,电力,2024-04-26,2023-03-31
600722,金牛化工,0.0147,156890259.8,4.0520345349,-20.8626,10030783.77,-17.45,-15.4599,1.646836005946,0.8993,0.003708569146,20.0690202822,化学原料,2024-04-26,2023-03-31
600721,百花医药,0.0177,75710434.22,28.7669440611,-19.0493,6686853.2,387.32,114.6159,1.791110821331,1.0,-0.030042141083,48.9487871808,医疗服务,2024-04-26,2023-03-31
600710,苏美达,0.19,31001766685.33,1.0324900298,18.4291,253000712.82,17.54,95.6877,4.97559214864,3.96,-0.791065867445,4.5987079458,贸易Ⅱ,2024-04-26,2023-03-31
600702,舍得酒业,1.7216,2021850375.46,7.3292803523,40.4508,569383085.17,7.34,17.3219,20.744959407238,8.55,0.681271183198,78.3953093131,白酒Ⅱ,2024-04-26,2023-03-31
600699,均胜电子,0.15,13222050685.79,12.7197944134,-5.8946,200186408.63,226.7244522254,-23.9427,9.067007263916,1.62,0.463881605477,12.9642277987,汽车零部件,2024-04-26,2023-03-31
600685,中船防务,-0.0189,1898863467.22,68.2718667638,-65.4483,-26665452.21,-116.4615508198,-104.012,10.872706442602,-0.18,0.153362901904,5.0389226925,航海装备Ⅱ,2024-04-26,2023-03-31
600667,太极实业,0.08,8659342748.42,26.8631944061,-25.242,166974351.77,-4.95,155.5049,3.448948385296,2.32,-1.061381073723,7.4293311038,工程咨询服务Ⅱ,2024-04-26,2023-03-31
600664,哈药股份,0.05,3931549972.98,17.9286452521,2.9686,122293236.02,21.75,-60.2872,1.765321102372,2.78,0.072360898202,25.0643678911,化学制药,2024-04-26,2023-03-31
600662,外服控股,0.0807,4639049759.55,31.613540683,9.1034,182744962.46,5.56,71.4669,1.792775374499,4.57,-0.0371063033,9.524253711,专业服务,2024-04-26,2023-03-31
600660,福耀玻璃,0.35,7052428277.0,7.7075039028,-7.9159,914508612.0,4.97,6.9892,11.421506289607,3.1,0.539373186576,33.1963275917,汽车零部件,2024-04-26,2023-03-31
600645,中源协和,0.08,377745248.8,-4.1679191852,-0.2445,37373824.55,4.33,2490.1305,7.644436846383,1.05,0.057763291799,68.6237218267,生物制品,2024-04-26,2023-03-31
600640,国脉文化,0.0307,480114252.64,-44.2837751125,-29.2214,24418915.34,337.7958729583,124.4502,4.998919217383,0.6158,0.242253052466,11.5930630874,广告营销,2024-04-26,2023-03-31
600629,华建集团,0.09,1686306393.06,7.4090543461,-45.3852,88105960.2,0.86,-33.4221,4.756731047134,1.93,-0.737720513746,23.5280019783,工程咨询服务Ⅱ,2024-04-26,2023-03-31
600617,国新能源,0.08,5680399459.56,23.2797327916,25.4914,115948604.61,-32.66,23.6868,2.735559929056,3.12,0.460065796696,8.6702092315,燃气Ⅱ,2024-04-26,2023-03-31
600601,方正科技,-0.0049,680842807.78,-30.5109977291,-54.9252,-20523383.96,84.1345265739,-240.0301,0.822410749297,-0.6,0.012341059239,14.98386338,元件,2024-04-26,2023-03-31
600596,新安股份,0.0927,3880412782.06,-40.3226553621,5.6187,106197648.83,-91.33,21.5989,10.179340552527,0.92,-0.357771605708,12.6560208592,农化制品,2024-04-26,2023-03-31
600589,大位科技,-0.028,90205805.26,-54.5704436432,-23.0685,-41403036.08,204.24,93.0769,-1.014358183402,,-0.021922833844,14.2037741397,IT服务Ⅱ,2024-04-26,2023-03-31
600582,天地科技,0.151,6650881831.52,11.063497711,-11.918,624815580.18,48.94,77.3715,5.078241783245,3.02,-0.18514534658,31.9497654152,专用设备,2024-04-26,2023-03-31
600575,淮河能源,0.05,6081909203.9,4.0856638485,39.1491,184814811.1,-22.03,146.6725,2.676812400865,1.79,-0.036717937728,5.9098902751,电力,2024-04-26,2023-03-31
600556,天下秀,0.0105,954586640.81,-17.6472570511,-6.6537,19030808.15,-79.58,179.0001,2.093640698202,0.5,0.043485884342,20.1838277023,广告营销,2024-04-26,2023-03-31
600535,天士力,0.18,2084691377.59,11.157941798,-16.5352,264585229.9,147.71,241.2722,8.374504629989,2.13,0.100265906065,65.5026101657,中药Ⅱ,2024-04-26,2023-03-31
600523,贵航股份,0.08,482277153.08,-15.9392482773,-16.097,33251304.29,-3.17,7.1696,7.056342596715,1.17,-0.028195451292,23.6786335908,汽车零部件,2024-04-26,2023-03-31
600522,中天科技,0.225,8275054175.86,-10.9207117209,-25.2858,768141942.02,-24.36,3.293,9.123468812229,2.51,-0.152759715704,18.3735334914,通信设备,2024-04-26,2023-03-31
600520,三佳科技,0.02,81364937.79,-32.4178967601,-13.36,2616281.83,-30.94,155.9104,2.742770935429,0.6,0.019834841318,29.9637398887,半导体,2024-04-26,2023-03-31
600511,国药股份,0.5493,11226301799.68,1.5027175968,2.4667,414409175.82,10.86,-22.1624,19.39464349695,2.87,-1.516783031842,7.7005838681,医药商业,2024-04-26,2023-03-31
600502,安徽建工,0.2,16165293896.12,11.2531526781,-38.3129,347596110.72,11.35,-22.8806,5.36521037654,2.61,-0.911543623066,10.8391106452,基础建设,2024-04-26,2023-03-31
600487,亨通光电,0.1602,10866810879.68,16.2026666136,-7.9981,395053122.56,14.82,140.9599,9.648367307348,1.66,-0.110704936019,15.8305911147,通信设备,2024-04-26,2023-03-31
600481,双良节能,0.2696,5463075775.8,215.0187325789,-4.673,501668472.53,315.06,298.998,3.925027720035,7.09,-0.321937456372,14.6640003871,光伏设备,2024-04-26,2023-03-31
600463,空港股份,-0.13,128412269.43,-26.8578018226,30.7797,-40345374.97,-688.13,33.6349,3.824741563233,-3.46,-0.060318981633,-6.2828522507,房地产开发,2024-04-26,2023-03-31
600461,洪城环境,0.27,2070322762.15,2.3802015634,-12.4228,297505783.83,9.05,59.7341,6.531799684427,4.07,0.308320663458,27.6560015384,环境治理,2024-04-26,2023-03-31
600444,国机通用,0.066,128697490.99,-32.0597761768,-54.6408,9713108.01,5.77,12.9576,4.577518150013,1.46,-0.1877506604,15.0771129575,专用设备,2024-04-26,2023-03-31
600429,三元股份,0.028,2152053908.57,-0.1887488816,27.4808,42271038.51,0.38,158.5851,3.301260639725,0.84,-0.119427975284,24.4956297995,饮料乳品,2024-04-26,2023-03-31
600409,三友化工,-0.0471,5458613209.57,-7.0364393279,-1.9284,-97317622.44,-140.49,-353.6609,6.386742371527,-0.74,0.026506588888,15.4985495715,化学原料,2024-04-26,2023-03-31
600406,国电南瑞,0.07,6196045549.78,7.667584442,-70.7956,523952814.46,38.68,-81.1621,6.440590355666,1.23,-0.304373028739,27.1085796364,电网设备,2024-04-26,2023-03-31
600380,健康元,0.2404,4559049786.82,-2.1105110939,10.3676,462746183.03,0.48,23.0597,6.927816684149,3.49,0.128595333384,62.4161637372,化学制药,2024-04-26,2023-03-31
600379,宝光股份,0.0282,360197624.65,33.6537835936,8.9342,9321096.19,38.04,-47.0863,1.996760396477,1.6647,-0.329270201852,14.4010140518,电网设备,2024-04-26,2023-03-31
600368,五洲交通,0.1759,367125289.54,8.5849039398,-6.775,198033120.33,9.85,61.4598,5.241862066575,3.41,0.320912996635,62.8984593024,铁路公路,2024-04-26,2023-03-31
600367,红星发展,-0.02,479883071.21,-30.726220002,-52.394,-6414060.22,-107.06,-14.8124,5.90008903036,-0.37,0.027690669719,10.2279205591,化学原料,2024-04-26,2023-03-31
600361,创新新材,0.066,16495569072.09,3.7633370075,-74.147,265789556.2,-31.32,-78.869,2.046411871662,3.299,-0.031600751925,3.3614203983,工业金属,2024-04-26,2023-03-31
600351,亚宝药业,0.1395,800499169.06,15.2965867313,7.385,107419836.15,50.47,4998.3126,3.996439005275,3.55,0.122630100584,58.6786129199,中药Ⅱ,2024-04-26,2023-03-31
600335,国机汽车,0.0658,10216614711.12,15.6516094775,-11.1973,98458783.06,1296.32,38.04,7.58362677592,0.87,0.967703991962,6.2221761987,汽车服务,2024-04-26,2023-03-31
600330,天通股份,0.07,907172069.63,-5.8922053932,-17.5007,86860257.09,-20.75,411.7526,6.459873821463,1.1,0.02247866887,22.6993833214,电子化学品Ⅱ,2024-04-26,2023-03-31
600303,曙光股份,-0.11,299400948.27,-46.4399857117,-11.9871,-71701390.12,-119.6712347986,51.5783,3.078938715304,-3.39,0.008224442062,4.0511051118,商用车,2024-04-26,2023-03-31
600299,安迪苏,0.0,3151977858.0,-8.8334751823,-15.4705,1487743.0,-99.65,-98.5555,5.591883324334,0.01,0.19598917018,21.1573216261,化学制品,2024-04-26,2023-03-31
600285,羚锐制药,0.26,788648249.06,15.6167908764,8.8034,144246384.9,10.3,140.4687,4.756269168645,5.5,0.143660827812,76.5338648592,中药Ⅱ,2024-04-26,2023-03-31
600280,中央商场,-0.026,637840637.27,-7.0071763297,26.348,-29099792.28,-374.11,56.6534,0.790759420643,-3.21,0.146717402965,56.3561263811,一般零售,2024-04-26,2023-03-31
600268,国电南自,-0.04,1121811163.23,20.0358863665,-58.3774,-32314472.69,52.0804913439,-124.2238,3.904207918248,-1.17,-0.750461989495,23.8586160035,电网设备,2024-04-26,2023-03-31
600262,北方股份,0.12,384648548.86,-27.1816569942,-44.1016,20679814.19,-28.24,-52.8876,8.262735836294,1.48,1.787413062353,22.8903495492,专用设备,2024-04-26,2023-03-31
600256,广汇能源,0.458,19861531725.11,111.3471486394,-10.2502,3007169621.76,35.86,2.5006,4.860224666228,9.9,0.328047407237,23.5294491618,煤炭开采,2024-04-26,2023-03-31
600249,两面针,0.0083,187956246.08,23.9371042642,-2.8767,4587640.3,115.5224805823,-7.7857,3.8211592402,0.22,-0.032196702836,18.0471188734,个护用品,2024-04-26,2023-03-31
600233,圆通速递,0.2632,12914015802.33,9.1850125989,-12.2371,905785278.1,4.08,-21.1165,8.014902411019,3.34,0.386980960594,11.5548186754,物流,2024-04-26,2023-03-31
600222,太龙药业,0.0065,560317916.01,32.6879586392,-15.5447,3682566.68,58.07,124.1291,2.706772089167,0.23,-0.160778090178,27.3912970181,中药Ⅱ,2024-04-26,2023-03-31
600216,浙江医药,0.12,2007935140.53,-8.0696632211,0.8034,113551849.15,-56.42,106.0242,9.741299659973,1.22,0.020654912789,33.7518501873,化学制药,2024-04-26,2023-03-31
600215,派斯林,0.1037,390747516.94,10.2757032968,-14.7757,46451456.65,109.08,-55.6943,3.646148616158,2.81,-0.16761286875,23.246260102,自动化设备,2024-04-26,2023-03-31
600201,生物股份,0.1,364004443.89,6.5400832099,-13.3888,106706586.04,31.78,17557.5211,4.622713654141,2.08,-0.031545476937,59.6945180498,动物保健Ⅱ,2024-04-26,2023-03-31
600197,伊力特,0.3145,739755247.68,18.5309640245,133.6561,148447617.67,36.97,477.3589,7.96216717613,3.97,0.516142428017,51.4511093816,白酒Ⅱ,2024-04-26,2023-03-31
600191,华资实业,0.0916,130428802.8,9643.7639823699,-44.1597,44397530.6,229.407597018,140.7196,3.162978629107,2.95,0.04511070845,16.601171877,农产品加工,2024-04-26,2023-03-31
600184,光电股份,0.01,317489584.96,-36.8483503751,-67.5609,6510338.8,-67.68,-67.5157,4.918885028679,0.26,-0.504558237076,20.2557701753,地面兵装Ⅱ,2024-04-26,2023-03-31
600180,*ST瑞茂,0.195,10763133979.38,6.309703928,-40.9174,203513908.92,-26.26,157.6707,7.291153710122,2.67,1.908398311148,2.0071107085,物流,2024-04-26,2023-03-31
600176,中国巨石,0.2301,3671172468.58,-28.4758157276,-10.2377,921110923.14,-49.84,-15.7044,7.109462256826,3.29,-0.277653757928,29.9180937518,玻璃玻纤,2024-04-26,2023-03-31
600168,武汉控股,-0.03,660420685.37,3.523845352,-24.1046,-24647674.06,-161.16,73.6889,7.140615842524,-0.49,-0.143599784854,19.9307761228,环境治理,2024-04-26,2023-03-31
600161,天坛生物,0.16,1291975871.24,83.3010778239,-4.2051,261909016.67,109.23,-6.5181,5.496781731136,2.93,0.376679144274,45.9987789779,生物制品,2024-04-26,2023-03-31
600160,巨化股份,0.057,4576422409.87,-0.6803410228,-10.4799,152603797.97,-34.89,-77.6188,5.789172335419,0.98,0.095117886414,13.5869067215,化学制品,2024-04-26,2023-03-31
600157,永泰能源,0.0189,7068365450.19,-8.6683225163,-18.7607,418808840.35,28.44,13.8248,2.002275760338,0.9464,0.049214720552,24.2230802065,电力,2024-04-26,2023-03-31
600156,华升股份,0.0395,161094791.97,-22.6872238154,-28.7516,15868996.19,139.9858465591,158.1454,1.140475440915,3.52,-0.031304431609,5.3904260925,纺织制造,2024-04-26,2023-03-31
600148,长春一东,-0.072,137488524.95,-23.2991174879,56.4766,-10145780.55,-1157.2852751594,-275.9722,3.272635838166,-2.17,0.016481284119,16.1701714802,汽车零部件,2024-04-26,2023-03-31
600131,国网信通,0.06,1322586676.82,10.3561928238,-55.6301,72103276.08,46.93,-81.154,4.827748247123,1.25,-0.510444464595,17.9369301829,IT服务Ⅱ,2024-04-26,2023-03-31
600129,太极集团,0.42,4427245377.14,25.2670570032,26.2401,234964030.36,991.16,133.0957,5.908748779617,7.4,-0.300904446438,50.9958213233,中药Ⅱ,2024-04-26,2023-03-31
600081,东风科技,0.0227,1497954068.19,-22.3194036278,-14.512,10666801.15,-77.71,-72.0645,6.821176984288,0.34,0.299019777851,12.4800293233,汽车零部件,2024-04-26,2023-03-31
600066,宇通客车,0.05,3576006338.08,1.4171590403,-58.8277,120541384.97,204.2268462293,-80.8157,6.61991575748,0.83,0.185844757013,21.4790316902,商用车,2024-04-26,2023-03-31
600062,华润双鹤,0.3671,2772824864.81,10.1124779384,19.6601,374875780.1,12.19,101.354,9.978111737179,3.55,0.115405558244,55.6541391465,化学制药,2024-04-26,2023-03-31
600059,古越龙山,0.06,512208575.09,-9.1709760791,2.7279,58862647.77,-14.71,-17.5719,6.090978764539,1.07,-0.094464690191,36.6118483251,非白酒,2024-04-26,2023-03-31
600052,东望时代,-0.02,59985523.63,133.9422441308,-50.2317,-13382810.58,47.6525471048,94.289,3.441135025727,-0.46,0.02796718216,12.6786008853,电力,2024-04-26,2023-03-31
600017,日照港,0.08,2116632866.15,15.507328843,-3.2892,257562228.68,-11.25,1318.8165,4.492858529714,1.65,0.155459853622,27.0576431633,航运港口,2024-04-26,2023-03-31
430558,均信担保,0.0152,27868333.91,-5.4206218219,-29.8354,9922099.77,-2.27,9332.3253,1.686714040857,0.91,-0.031596992547,,,2024-04-26,2023-03-31
420273,凌云B5,0.025,30541232.85,4.2141956474,20.2326,8721153.37,12.14,-14.5246,1.646966151948,1.53,-0.01364118659,56.161597026,,2024-04-26,2023-03-31
420223,凯马B3,-0.0028,741095193.12,-25.8491720515,8.5835,-1765618.22,-209.24,97.0013,0.668363598141,-0.41,0.030578045453,4.3597069634,,2024-04-26,2023-03-31
400288,奥维3,0.0064,42815504.94,-20.4379657062,57.8095,2230221.52,-28.51,104.5743,1.015052906974,0.64,-0.050630674699,14.3637078171,,2024-04-26,2023-03-31
400260,大药5,-0.0116,36887280.13,-7.357271668,15.6761,-2551643.71,20.4476671296,59.0057,1.814313671962,-0.64,-0.023699471643,55.8298955559,,2024-04-26,2023-03-31
400236,中银5,0.0018,152449340.98,72.125813112,-19.887,7459374.49,247.88,157.0808,0.286398237842,0.61,-0.009870100657,18.6928008195,,2024-04-26,2023-03-31
400101,秋林3,-0.02,45410799.92,25.4675668697,160.6149,-10155607.2,20.14,73.2568,-3.825772693628,,0.024506215568,52.3556494091,,2024-04-26,2023-03-31
400089,盛运5,0.0072,82921935.3,47.1131673088,-39.7817,25368251.06,113.73,-44.9751,0.396795792733,1.84,-0.005498040302,37.0896100516,,2024-04-26,2023-03-31
400070,烯碳3,-0.02,116603.77,,101.6749,-28092836.76,7.23,79.2211,-0.305316361948,,0.000282788723,,,2024-04-26,2023-03-31
400057,海国油3,-0.8,11327544.28,-99.3357011218,-87.5873,-519815210.88,37.51,32.5699,-8.942280053093,,-0.144355139436,3.3633148596,,2024-04-26,2023-03-31
400028,R金马1,-0.0009,0.0,,,-264531.43,51.45,69.9212,0.012905246242,-6.46,-0.001481623854,,,2024-04-26,2023-03-31
302132,中航成飞,0.0387,357808505.03,-12.5736281843,-20.6742,22882850.05,-9.61,1373.4434,3.921842419664,0.99,-0.250822586498,37.7365524497,军工电子Ⅱ,2024-04-26,2023-03-31
301587,中瑞股份,0.3,175178089.65,,-1.2716,33396887.05,,-37.2852,,3.04,,38.5006606904,电池,2024-04-26,2023-03-31
301578,辰奕智能,0.36,149158572.33,-9.4812708123,-29.6147,17384525.3,7.0746019623,-39.7236,,5.59,,27.2403824234,黑色家电,2024-04-26,2023-03-31
301577,美信科技,0.26,98312402.9,-0.7724211402,-27.099,8784648.51,-5.6408460977,-44.3777,,2.37,,28.6264467553,通信设备,2024-04-26,2023-03-31
301548,崇德科技,0.51,114617376.86,38.902373295,-11.2398,22816373.55,103.7740227206,-23.9418,,5.08,,39.1500748746,通用设备,2024-04-26,2023-03-31
301526,国际复材,0.04,1736201763.01,-3.3559604207,-9.3153,113555188.32,-58.6906504643,-38.33,,1.76,,22.3735064159,玻璃玻纤,2024-04-26,2023-03-31
301511,德福科技,0.11,1277630061.95,-11.6198692134,-22.9479,40711248.24,-66.89,-67.4553,6.284962320452,1.69,0.013038719204,12.3876340635,电池,2024-04-26,2023-03-31
301499,维科精密,0.09,167878535.3,-3.1825764515,-5.9259,9783978.2,10.85,-55.459,5.630489938346,1.69,0.282237095376,23.0838200671,汽车零部件,2024-04-26,2023-03-31
301489,思泉新材,0.3,99144893.91,-5.5772807047,-24.9323,12803737.97,2.0673604955,-49.1111,,3.08,,24.8716562473,电子化学品Ⅱ,2024-04-26,2023-03-31
301456,盘古智能,0.26,87766755.08,41.4147241961,-23.5051,29073131.07,41.97,-13.458,6.446220681522,4.13,-0.03421775576,48.9055277717,风电设备,2024-04-26,2023-03-31
301439,泓淋电力,0.13,611095996.35,16.0251791926,35.3212,41101987.24,32.58,62.4473,6.92175095223,3.27,-0.67790656211,16.0547686773,电网设备,2024-04-26,2023-03-31
301398,星源卓镁,0.2117,80419766.15,57.2265516738,14.8027,16939985.89,85.74,41.4986,12.699439080125,1.68,0.13662753875,35.9657569584,汽车零部件,2024-04-26,2023-03-31
301395,仁信新材,0.142,471911479.62,-16.2834526178,-28.9073,15435888.62,-45.74,-44.3607,6.703573916276,2.14,-0.192822853252,4.1274604944,塑料,2024-04-26,2023-03-31
301393,昊帆生物,0.45,125210000.82,3.4075768843,44.1961,36288001.96,9.64,38.4358,6.408640231358,7.25,-0.148080453704,42.9163025222,生物制品,2024-04-26,2023-03-31
301390,经纬股份,-0.0128,40877119.01,21.8406221992,-79.5608,-575335.08,-69.43,-101.0836,8.953525540889,-0.14,-1.875399936222,42.6114712872,工程咨询服务Ⅱ,2024-04-26,2023-03-31
301389,隆扬电子,0.07,47651944.85,-52.3538962955,-37.4526,19250395.97,-55.35,-45.3609,8.283468148148,0.82,0.10505205866,46.5894231177,消费电子,2024-04-26,2023-03-31
301377,鼎泰高科,0.17,276259014.61,-5.9000489347,-10.5357,68258019.82,17.52,26.4288,5.505301252293,3.07,0.10007977661,39.0643316065,通用设备,2024-04-26,2023-03-31
301373,凌玮科技,0.28,99118247.53,12.0055727044,-6.456,25027962.05,29.11,10.5859,13.487228801185,2.77,0.004454257824,39.5648630472,化学制品,2024-04-26,2023-03-31
301371,敷尔佳,0.44,373019508.51,5.3756574309,-17.8786,159332579.64,-1.42,-19.7857,8.165519355167,5.57,0.498616044278,82.6461294723,化妆品,2024-04-26,2023-03-31
301369,联动科技,0.02,42586071.86,-36.8273115907,-46.4548,1215937.89,-94.51,-94.922,34.249434974809,0.08,-0.295289372698,66.907297047,半导体,2024-04-26,2023-03-31
301366,一博科技,0.1496,176820803.03,7.1236469888,-13.8567,22443030.53,-14.95,-43.1474,25.373033019056,1.07,0.304129710567,35.9129927655,元件,2024-04-26,2023-03-31
301365,矩阵股份,0.09,106072804.16,-18.9790886871,-42.1968,15747280.63,-43.7,-48.9333,14.895323370667,0.88,0.056633382167,39.8988475841,工程咨询服务Ⅱ,2024-04-26,2023-03-31
301362,民爆光电,0.57,349434953.84,11.2981058569,1.5113,44839432.32,21.7382923172,-5.1627,15.088269171338,3.86,1.029782580892,32.5489245824,照明设备Ⅱ,2024-04-26,2023-03-31
301359,东南电子,0.1,48431682.04,-16.0182763964,-21.6103,8232163.57,-1.33,-5.9013,9.834313919152,0.98,0.206240220177,29.7729581394,其他电子Ⅱ,2024-04-26,2023-03-31
301358,湖南裕能,0.5,13175600429.77,115.8089521569,-19.0174,281135250.41,-72.0,-68.3976,13.580150876853,4.8,-1.520391802347,5.2738416579,电池,2024-04-26,2023-03-31
301355,南王科技,0.12,245800460.43,-3.4299459406,-9.1887,17369818.74,1.2,-32.6298,5.074218178923,2.37,0.49626324636,18.1740221527,包装印刷,2024-04-26,2023-03-31
301353,普莱得,0.27,158454181.56,-2.0061924297,6.7977,15325754.49,-39.66,142.4985,10.330985382456,2.64,0.61963753614,33.1688242258,通用设备,2024-04-26,2023-03-31
301348,蓝箭电子,0.11,174770168.39,11.8345059868,-10.2262,15762853.0,33.1,-1.5317,4.939861142067,2.15,0.483615224,22.0122414794,半导体,2024-04-26,2023-03-31
301339,通行宝,0.1009,133302433.13,16.8383520467,-43.2821,41077930.91,33.2,-6.7887,6.142509151106,1.66,-0.352541085405,53.4911467298,计算机设备,2024-04-26,2023-03-31
301330,熵基科技,0.2098,403022827.48,-6.7953184159,-21.7464,31690542.22,7.88,-45.4051,20.842100190602,1.03,0.433490534453,48.6538926458,计算机设备,2024-04-26,2023-03-31
301326,捷邦科技,-0.16,143011877.59,-43.5740710132,-32.6954,-11880613.24,-147.6,-292.4076,19.312670018412,-0.85,1.210845945805,14.6458081265,消费电子,2024-04-26,2023-03-31
301323,新莱福,0.36,164294321.64,-11.3009427983,2.9315,28267503.72,-19.8,4.9235,11.923800029551,3.06,0.121976092868,37.7186685647,金属新材料,2024-04-26,2023-03-31
301322,绿通科技,0.69,270763390.61,-12.5560146589,7.4593,60231210.43,32.15,33.8267,40.863659181593,4.22,1.109189886996,33.6110007616,摩托车及其他,2024-04-26,2023-03-31
301321,翰博高新,0.0244,464101770.77,-35.6558144121,24.5228,3035225.29,-88.34,103.5613,10.446690712125,0.24,-0.528209707297,13.9686988745,光学光电子,2024-04-26,2023-03-31
301317,鑫磊股份,0.12,117121368.11,-35.8915451642,-35.6423,17819874.74,7.17,-6.3208,7.131541182645,1.69,0.168090013614,29.3547301101,通用设备,2024-04-26,2023-03-31
301316,慧博云通,0.0324,301920906.87,11.6580252234,-6.388,12969986.06,-4.64,-55.1845,2.443037171346,1.34,-0.091146117972,21.9601416435,IT服务Ⅱ,2024-04-26,2023-03-31
301313,凡拓数创,-0.0041,101547044.14,0.7004969236,-40.2631,-418866.21,88.49,93.4146,10.213653751072,-0.04,-0.197759455955,34.1464075332,数字媒体,2024-04-26,2023-03-31
301299,卓创资讯,0.28,73061784.33,2.0475677952,4.9385,16971325.42,-10.46,456.7701,11.831997048667,2.42,-0.048960025167,66.4065889917,数字媒体,2024-04-26,2023-03-31
301297,富乐德,0.0519,136058161.62,-9.1954171931,-15.4947,17567119.73,-11.69,-29.6186,4.080088803836,1.28,0.071906866604,36.6330625422,半导体,2024-04-26,2023-03-31
301292,海科新源,0.19,773151542.84,-18.1578272764,-9.495,31228429.15,-89.3032483098,172.3051,12.734927985986,1.37,-1.082420298663,11.9872241371,电池,2024-04-26,2023-03-31
301268,铭利达,0.23,971384140.29,68.4629940763,-14.6753,92514803.07,63.55,-49.41,5.764438154946,4.1,-0.485085772856,21.1280895485,通用设备,2024-04-26,2023-03-31
301267,华厦眼科,0.18,930792120.15,15.1019874613,31.0518,150279161.27,34.01,31.6479,9.391992154714,2.9,0.484084657929,48.1707197433,医疗服务,2024-04-26,2023-03-31
301262,海看股份,0.29,242181995.51,-4.0723388354,-8.3757,107246562.37,6.1,-1.5166,6.159476129097,4.75,0.166587465574,57.6883952153,广告营销,2024-04-26,2023-03-31
301238,瑞泰新材,0.18,1122168665.84,-44.1095706133,-15.8659,130359681.64,-54.7,13.0138,9.37723798907,1.91,0.614146484048,22.0665361222,电池,2024-04-26,2023-03-31
301232,飞沃科技,0.52,277644789.74,3.1536998736,-31.4599,20736950.47,-14.122727134,-30.8531,17.295274114872,3.03,-1.255545935588,22.7650190732,风电设备,2024-04-26,2023-03-31
301231,荣信文化,0.04,65932157.77,-9.3681687771,-10.9271,3417338.98,3.65,-44.9836,10.996526589692,0.37,-0.2805830109,37.988691933,出版,2024-04-26,2023-03-31
301230,泓博医药,0.14,121392447.24,16.3716052026,-17.2822,15275796.35,47.03,-47.3296,14.713369215304,1.36,0.176350454975,35.813423799,医疗服务,2024-04-26,2023-03-31
301229,纽泰格,0.1827,182468935.46,23.9956054831,-18.8923,14614750.0,180.34,-23.2872,9.949198826625,1.85,0.547518984875,21.4280643066,汽车零部件,2024-04-26,2023-03-31
301226,祥明智能,0.23,153960174.37,3.6039634445,2.13,15717976.82,4.23,16.7437,13.522970090294,1.72,0.285429231471,21.9680260486,电机Ⅱ,2024-04-26,2023-03-31
301217,铜冠铜箔,0.03,853949796.89,-9.4685518004,-23.3998,25949917.14,-73.62,-30.385,6.841875527246,0.46,-0.671167231323,5.4545045411,电池,2024-04-26,2023-03-31
301216,万凯新材,0.39,4389618028.44,-2.9529545094,-4.8557,203973753.48,-29.15,187.3159,16.35460518318,3.49,-1.029164589246,7.4190769773,塑料,2024-04-26,2023-03-31
301212,联盛化学,0.31,233350600.29,6.2508144715,-12.3838,33794308.43,85.09,-16.4529,12.484351838611,2.54,0.399053644074,23.8689108024,化学制品,2024-04-26,2023-03-31
301210,金杨精密,0.22,225187966.48,-27.9112894307,-21.4207,13614985.34,-44.44,-54.2169,11.204048968321,1.99,-0.926590805929,17.0358377136,电池,2024-04-26,2023-03-31
301207,华兰疫苗,0.2349,144762101.26,892.957271956,-45.5312,93967811.66,11156.09,529.5251,13.994014960351,1.7,0.481353463063,100.2212804713,生物制品,2024-04-26,2023-03-31
301191,菲菱科思,0.8,505025965.36,-15.1655297197,-3.1296,55253163.88,-17.46,44.4097,30.64272928384,3.44,0.765811566367,19.5955615647,通信设备,2024-04-26,2023-03-31
301185,鸥玛软件,0.09,37330532.1,76.1791641899,-18.1352,14399368.96,195.59,2.7871,6.426694707452,1.47,-0.098111652249,74.1081334868,IT服务Ⅱ,2024-04-26,2023-03-31
301179,泽宇智能,0.17,185121735.39,145.7670446155,-63.8838,39596768.24,42.18,-63.796,16.896070595455,1.8,0.264842537652,36.4467672518,电网设备,2024-04-26,2023-03-31
301167,建研设计,0.14,91588595.89,19.0696620556,-56.4153,15676760.59,4.38,-43.598,11.498052067375,1.72,-0.123797969875,33.3132454576,工程咨询服务Ⅱ,2024-04-26,2023-03-31
301165,锐捷网络,0.2101,2151730891.99,6.3677858171,-43.6641,119387987.51,7.43,239.5534,7.78411219975,2.74,-0.813660897153,42.3425121288,通信设备,2024-04-26,2023-03-31
301158,德石股份,0.0892,88939116.2,57.655672449,-57.9475,13406918.9,684.36,-58.8514,8.475720748237,1.06,0.044512802278,34.5092258517,专用设备,2024-04-26,2023-03-31
301153,中科江南,0.03,110184469.15,43.13556484,-69.4297,12205783.34,1159.36,-90.7755,14.422328815926,0.79,-0.822886438611,59.9059615109,软件开发,2024-04-26,2023-03-31
301151,冠龙节能,0.0339,147505202.12,-11.7794782619,-50.471,5677420.3,-75.77,-74.7454,12.012579700859,0.28,0.155868529815,33.3726493524,通用设备,2024-04-26,2023-03-31
301148,嘉戎技术,0.16,134038371.26,-20.5921471299,-34.0597,19174806.08,-7.98,-41.3856,15.046385225192,1.1,-0.162324269415,34.3654592763,环境治理,2024-04-26,2023-03-31
301137,哈焊华通,0.0314,332299461.57,-2.1719852738,-24.6662,5709132.68,-33.13,-82.453,7.160965273572,0.44,0.131537181803,8.9182837703,通用设备,2024-04-26,2023-03-31
301125,腾亚精工,0.1237,101238605.36,0.3645446718,3.3401,8955999.29,-27.92,-24.4154,8.801120464641,1.42,-0.306135633011,29.2996432384,通用设备,2024-04-26,2023-03-31
301116,益客食品,0.26,5161637070.11,42.7576882194,-4.4684,117018996.47,239.19,36.4588,4.616008884284,5.81,0.635623189471,5.3207659,养殖业,2024-04-26,2023-03-31
301108,洁雅股份,0.46,127803768.87,-29.2379417347,-9.308,37270675.22,-21.45,209.7266,22.40851507351,2.07,0.254857942053,37.5974128344,个护用品,2024-04-26,2023-03-31
301103,何氏眼科,0.3596,306811212.93,26.9107051299,66.9547,56826297.0,117.82,274.6976,14.117169886114,2.58,0.565476135134,47.1862748162,医疗服务,2024-04-26,2023-03-31
301098,金埔园林,0.21,161963916.47,9.147934662,-59.5436,21871509.78,1.35,9.1776,10.65495667803,1.92,-1.376868270455,30.7416749268,基础建设,2024-04-26,2023-03-31
301093,华兰股份,0.246,156340882.84,19.4185421497,-11.6153,33252865.25,6.7,94.4993,18.056594640621,1.37,0.274649853877,44.1749399296,医疗器械,2024-04-26,2023-03-31
301091,深城交,-0.09,234140958.73,19.4385484993,-48.452,-28253059.37,25.6,-123.7793,9.847116524279,-1.37,-0.832560353894,14.0686831423,工程咨询服务Ⅱ,2024-04-26,2023-03-31
301090,华润材料,0.111,4434546336.67,26.4813914219,2.683,164203542.16,-19.65,21.2107,4.795337677711,2.34,-0.429985392701,6.3585096473,塑料,2024-04-26,2023-03-31
301086,鸿富瀚,0.39,133522052.82,-3.5865318733,-31.6837,35699756.07,12.98,-14.9244,32.011887174167,1.88,0.973881640833,47.1573844696,消费电子,2024-04-26,2023-03-31
301083,百胜智能,0.0355,76692744.67,-6.6568088368,-27.6342,6316199.97,-33.74,-58.7759,4.444736433837,0.8,-0.039581317617,22.5648617799,专用设备,2024-04-26,2023-03-31
301082,久盛电气,0.03,367308522.54,-31.5116870725,-18.1326,5601952.64,-79.28,-65.5827,6.660640778336,0.26,-0.203370213971,12.9402551025,电网设备,2024-04-26,2023-03-31
301073,君亭酒店,0.02,95720135.25,55.6274563269,1.37,4089836.34,4.21,6.9755,7.539958399735,0.42,0.150693802232,33.0562433571,酒店餐饮,2024-04-26,2023-03-31
301066,万事利,0.05,135109514.96,-9.4722904951,-2.4355,8674991.13,206.16,152.1401,3.390006730052,1.37,0.048730626506,48.4200541756,纺织制造,2024-04-26,2023-03-31
301056,森赫股份,0.0395,128523199.55,25.4775404902,-43.2357,10531673.77,22.38,-12.9509,2.836162669928,1.4,0.116289066237,27.9603446194,专用设备,2024-04-26,2023-03-31
301051,信濠光电,-0.08,294688962.81,-12.8192985399,-31.6171,-9624752.15,-220.52,77.3166,32.218977000375,-0.37,0.868133772375,10.2684816701,消费电子,2024-04-26,2023-03-31
301048,金鹰重工,0.1221,614794269.0,-18.3351878339,-56.7689,65139867.96,-9.83,-50.4821,4.266279940878,2.9,0.224299060344,20.7303249244,轨交设备Ⅱ,2024-04-26,2023-03-31
301041,金百泽,0.04,148729396.69,5.5666040977,-10.6362,3981293.51,437.44,-56.3656,5.976413424728,0.63,0.120149632358,26.1875349371,元件,2024-04-26,2023-03-31
301035,润丰股份,0.66,2233266009.68,-28.3990725362,-12.2321,182814094.72,-52.83,70.2987,22.960514035969,2.91,-1.583612187007,18.7495724479,农化制品,2024-04-26,2023-03-31
301030,*ST仕净,0.26,575226664.07,99.4942286742,47.2332,35699037.19,179.41,-7.8623,11.190373704044,3.08,-0.744923676734,25.8006953659,环保设备Ⅱ,2024-04-26,2023-03-31
301026,浩通科技,0.4309,442138863.24,-53.0355130994,22.4911,48836118.52,5.37,192.6695,12.655697045319,3.28,0.714748085943,13.2760412554,小金属,2024-04-26,2023-03-31
301019,宁波色母,0.16,98669730.44,-15.2691668865,-12.6237,19567566.59,-24.25,-26.4082,8.861383577583,1.86,0.006431372667,33.9246619513,塑料,2024-04-26,2023-03-31
301011,华立科技,0.04,156424931.75,21.8954288694,11.6887,5748310.58,265.16,106.3413,5.688791847217,0.9,0.218569302375,24.9364229817,文娱用品,2024-04-26,2023-03-31
301005,超捷股份,0.07,85115986.9,-17.5923780469,-36.9835,7223637.53,-55.72,-62.656,7.85640603917,0.89,0.08698720591,29.4149875739,汽车零部件,2024-04-26,2023-03-31
301004,嘉益股份,0.53,242461618.88,32.4568746933,-42.7198,53149578.58,61.03,-49.0876,8.997533353167,5.85,0.173228723061,36.9977394296,家居用品,2024-04-26,2023-03-31
300997,欢乐家,0.1904,516872987.84,43.7451457536,-3.1264,85272222.16,66.02,-0.5509,3.046011154067,6.17,-0.117620316222,36.8684661538,饮料乳品,2024-04-26,2023-03-31
300988,津荣天宇,0.13,323819322.71,-12.3101592216,-4.9782,16933705.52,-8.66,-7.6411,7.811862751912,1.79,-0.587856634106,21.5444280336,专用设备,2024-04-26,2023-03-31
300983,尤安设计,-0.0668,63081570.43,-35.3899696723,-67.6741,-8552624.5,60.49,-123.2324,24.096276822734,-0.28,0.105130537422,28.3149028286,工程咨询服务Ⅱ,2024-04-26,2023-03-31
300980,祥源新材,0.02,66650548.75,-33.2164667362,-24.5175,2461207.68,-76.16,-51.2874,8.836723784319,0.26,-0.093812356234,30.4867425116,塑料,2024-04-26,2023-03-31
300979,华利集团,0.41,3661009920.32,-11.2297642676,-29.5323,481148592.99,-25.77,-38.51,11.647304532665,3.59,0.633432143153,23.3422466054,纺织制造,2024-04-26,2023-03-31
300977,深圳瑞捷,0.05,89777613.03,18.5038464702,-40.8246,6928549.88,128.32,412.2494,13.621573872868,0.5,-0.268283942883,35.5827198138,工程咨询服务Ⅱ,2024-04-26,2023-03-31
300975,商络电子,0.0321,1278420686.59,-4.7280707711,1.5391,20234134.21,-71.04,40.6358,2.693217602952,1.18,0.063828590778,11.1056721406,元件,2024-04-26,2023-03-31
300966,共同药业,0.03,119423435.11,-0.8532996884,-24.2946,4024418.08,-69.15,1388.9294,7.248520305265,0.43,-0.497886946399,20.1316338187,化学制药,2024-04-26,2023-03-31
300960,通业科技,-0.06,39545257.73,16.9015545272,-65.4503,-6650877.52,38.64,-129.5417,6.182951038861,-1.05,-0.161281837273,42.3768508083,轨交设备Ⅱ,2024-04-26,2023-03-31
300957,贝泰妮,0.37,863307083.8,6.776186086,-59.2474,158265044.32,8.41,-70.3581,13.47981081924,2.81,-0.464519824433,76.105832791,化妆品,2024-04-26,2023-03-31
300953,震裕科技,0.15,1069602613.73,-14.9020721504,-38.5891,15773600.06,-71.88,151.0313,23.496501849871,0.66,-2.372686580787,14.8599639146,电池,2024-04-26,2023-03-31
300948,冠中生态,0.0479,69422467.28,119.8591392543,-60.4694,6713220.38,99.56,-54.4965,6.057964296407,0.79,0.115473488108,29.2590960619,基础建设,2024-04-26,2023-03-31
300942,易瑞生物,-0.07,60707585.25,-79.351246858,-47.1202,-28061115.03,-124.59,57.0926,2.347285256399,-2.94,-0.134687220227,25.0132162191,医疗器械,2024-04-26,2023-03-31
300941,创识科技,0.08,50768368.74,-17.7963875022,-72.0389,15354179.5,-8.56,-73.0459,6.199417470232,1.21,-0.354029530403,49.1869062366,计算机设备,2024-04-26,2023-03-31
300935,盈建科,-0.21,22426076.81,-18.9151952928,-58.7534,-16359199.43,-117.91,-263.5731,11.475139304739,-1.79,-0.274510464308,95.2519420181,软件开发,2024-04-26,2023-03-31
300931,通用电梯,-0.01,63582438.72,-5.6094985637,-44.4701,-2748519.06,83.75,96.6726,2.877762990889,-0.4,-0.08610854322,23.0452938814,专用设备,2024-04-26,2023-03-31
300929,华骐环保,0.03,83942009.48,-34.3091524538,-22.5076,4431858.81,-72.79,159.9672,6.406649868864,0.52,-0.051722545207,29.1876455207,环境治理,2024-04-26,2023-03-31
300928,华安鑫创,0.072,302017510.06,84.2661870902,16.3042,5761383.74,5.16,-11.8542,16.25496796225,0.44,-0.4063934475,8.1139392498,汽车零部件,2024-04-26,2023-03-31
300922,天秦装备,0.05,27350041.69,-10.3636990677,-43.616,7943294.05,-19.79,124.0806,5.57307516708,0.91,0.063827572457,36.9577971565,地面兵装Ⅱ,2024-04-26,2023-03-31
300919,中伟新材,0.51,7902791580.39,24.8841540935,-1.9253,340969264.18,33.84,-25.6873,25.219440203841,2.04,-1.323224790448,11.2230473727,电池,2024-04-26,2023-03-31
300918,南山智尚,0.09,325739813.36,1.2573065031,-27.3758,32058145.72,13.4,-60.229,5.105498237639,1.76,-0.280118687139,32.7656533934,纺织制造,2024-04-26,2023-03-31
300910,瑞丰新材,0.34,624001541.41,57.4583257219,-37.8739,96837012.4,87.93,-56.8707,19.069309864067,3.46,0.001213303667,31.136317574,化学制品,2024-04-26,2023-03-31
300907,康平科技,0.0716,225060001.78,-21.0717546414,13.5895,6875577.59,33.41,694.9848,7.842220417708,0.92,0.181313635938,15.7848467471,电机Ⅱ,2024-04-26,2023-03-31
300906,日月明,0.1385,18000754.36,-30.9226336639,-51.2041,11079076.81,4.11,838.4038,10.44140036175,1.34,-0.0555284005,61.4834429639,通用设备,2024-04-26,2023-03-31
300902,国安达,-0.04,39871817.39,-41.5291061208,-51.2508,-5746400.94,-166.9,-246.7466,6.288880670495,-0.71,-0.347356178544,33.8713996854,专用设备,2024-04-26,2023-03-31
300894,火星人,0.12,411892970.44,-8.610573191,-35.1482,48864650.15,-18.69,-48.8937,3.913891017938,2.92,0.095484086043,46.8758229216,厨卫电器,2024-04-26,2023-03-31
300893,松原安全,0.14,225700446.54,2.1576034409,-22.3076,32477040.56,42.12,-17.1973,4.040046330311,3.64,0.187094252089,31.9342515467,汽车零部件,2024-04-26,2023-03-31
300880,迦南智能,0.1003,128539806.87,8.2822843758,-38.1226,19370900.74,21.16,-40.1141,4.502117838574,2.26,0.578316791286,32.3031523783,电网设备,2024-04-26,2023-03-31
300875,捷强装备,0.02,48857234.54,240.1080612595,-68.5771,2474586.19,135.53,136.8215,13.363729035895,0.18,-0.558880737931,45.2185698966,地面兵装Ⅱ,2024-04-26,2023-03-31
300873,海晨股份,0.2569,448495529.92,24.8203805918,-8.5801,59234962.74,-34.81,103.8528,11.703512253346,2.22,0.139271785453,23.3887627684,物流,2024-04-26,2023-03-31
300870,欧陆通,0.02,519050617.7,-16.3576940185,-28.475,1728427.51,105.88,-96.4954,16.048756833379,0.11,1.41477690984,19.478594151,其他电源设备Ⅱ,2024-04-26,2023-03-31
300863,卡倍亿,0.42,739013421.44,20.2898781497,-16.7658,36495612.64,30.84,-6.3637,18.410870836497,3.6,0.097753982558,11.4029620241,汽车零部件,2024-04-26,2023-03-31
300850,新强联,0.13,506027928.8,-21.4099255927,-27.7702,44330604.65,-54.63,351.7663,11.356625452116,1.14,-0.217587444771,27.0055786514,风电设备,2024-04-26,2023-03-31
300846,首都在线,-0.1227,270894514.52,-11.7770322493,-16.9349,-57290467.71,-257.47,51.9658,2.457278764486,-4.98,0.150186686283,5.6394307235,IT服务Ⅱ,2024-04-26,2023-03-31
300845,捷安高科,-0.06,23078962.05,294.0766860695,-85.7547,-6225726.47,36.2,-117.7964,6.952297484823,-0.81,-0.417274742843,55.4484921907,计算机设备,2024-04-26,2023-03-31
300843,胜蓝股份,0.13,279171294.72,-10.8047388997,-8.2809,18989555.99,-18.83,1646.6619,6.846107191621,1.78,-0.225535383503,22.1925175051,消费电子,2024-04-26,2023-03-31
300835,龙磁科技,0.13,259485487.13,15.5963691413,3.1561,15303470.45,-45.16,-14.3569,8.446557419572,2.13,-0.116505300027,27.1854773229,金属新材料,2024-04-26,2023-03-31
300832,新产业,0.4522,875859175.3,17.9076479569,16.7378,355067920.04,15.1,-11.9697,8.592258791686,5.4,0.228474912954,68.6812512667,医疗器械,2024-04-26,2023-03-31
300828,锐新科技,0.11,174115801.75,6.4625173218,-8.3158,18203822.82,-16.68,-3.7498,5.156052120012,2.15,0.261148049849,20.9312067335,通用设备,2024-04-26,2023-03-31
300826,测绘股份,0.07,94614898.29,-2.4689097042,-78.8906,10490567.52,-2.65,-74.9108,7.49466991717,0.97,-0.445512391003,39.7438035654,工程咨询服务Ⅱ,2024-04-26,2023-03-31
300821,东岳硅材,-0.06,1403520632.44,4.0527508329,-9.7128,-69454415.73,-128.71,-1.581,4.306553715625,-1.33,-0.34637902295,2.6416890378,化学制品,2024-04-26,2023-03-31
300815,玉禾田,0.3509,1417440466.98,11.2073585441,-2.1168,139861867.65,8.54,23.6346,10.384218080232,4.14,0.124519672206,23.2791286785,环境治理,2024-04-26,2023-03-31
300805,电声股份,0.01,560656435.43,-1.99206036,7.3062,4818997.29,187.15,103.9026,3.524737655081,0.32,-0.088208094039,10.7277904594,广告营销,2024-04-26,2023-03-31
300804,广康生化,0.39,156157878.04,0.0003191908,-23.3146,21734165.63,-14.9673885988,-31.3468,11.339913311171,3.51,0.038240155676,30.1466755958,农化制品,2024-04-26,2023-03-31
300802,矩子科技,0.09,134878398.02,-4.491783872,-25.7816,23054333.99,1.95,-48.3975,4.758615827857,1.88,0.054577860885,35.8339249424,自动化设备,2024-04-26,2023-03-31
300795,米奥会展,0.0071,67850076.65,129.7600183937,-67.521,1071342.77,106.14,-98.3041,4.465371804397,0.24,1.139873975879,58.1886078827,专业服务,2024-04-26,2023-03-31
300789,唐源电气,0.0533,70769796.04,28.0453515948,-66.5189,5780337.66,37.19,-91.0622,10.801462421399,0.64,-0.507987397826,43.8559423182,计算机设备,2024-04-26,2023-03-31
300787,海能实业,0.0297,378935421.88,-26.822378857,-23.8409,6551213.07,-88.76,-71.3721,10.211246116583,0.42,0.396051540526,24.8857902838,消费电子,2024-04-26,2023-03-31
300786,国林科技,0.01,66122429.84,4.6218941005,-29.9403,1499878.4,-64.48,-74.6636,6.801890864973,0.13,-0.152645441647,35.8027518004,环保设备Ⅱ,2024-04-26,2023-03-31
300785,值得买,-0.01,253560154.41,1.1919585337,-38.6287,-687624.45,96.84,-101.1736,13.606637295622,-0.04,0.121675860543,49.4206670096,数字媒体,2024-04-26,2023-03-31
300778,新城市,-0.077,60289177.78,-30.2308346204,-38.3506,-11401347.26,-45.84,56.5564,7.245585065304,-0.95,-0.343450197026,5.2463247576,工程咨询服务Ⅱ,2024-04-26,2023-03-31
300776,帝尔激光,0.34,347593442.07,11.9141283382,28.0053,93489202.42,0.54,24.9663,15.388021728777,3.43,-0.098100279944,47.0527742054,光伏设备,2024-04-26,2023-03-31
300759,康龙化成,0.1968,2723970949.97,29.5340261331,-4.8725,348255328.87,39.81,-15.778,9.050243553593,3.24,0.445037799599,35.7920951301,医疗服务,2024-04-26,2023-03-31
300757,罗博特科,0.04,259047714.77,30.5129803903,-24.1955,4236096.83,44.71,-83.1137,7.923976086659,0.48,-0.242135501142,20.242704861,自动化设备,2024-04-26,2023-03-31
300755,华致酒行,0.24,3743007723.0,5.3170549333,204.7362,101189173.85,-59.35,691.98,8.975657458834,2.74,1.167478714818,10.2702082971,专业连锁Ⅱ,2024-04-26,2023-03-31
300753,爱朋医疗,0.0096,94068177.53,29.2245451687,-14.0355,1215574.66,111.06,105.0346,5.448685706001,0.18,-0.482875266803,61.0307908556,医疗器械,2024-04-26,2023-03-31
300752,隆利科技,-0.06,156003305.58,-50.5537898744,-35.0022,-13139015.63,29.92,95.3462,3.649614948462,-1.72,-0.457267861007,6.4368073501,光学光电子,2024-04-26,2023-03-31
300747,锐科激光,0.0785,785872577.22,12.0640888857,-9.4371,44063071.61,110.79,457.2257,5.485724209883,1.43,-0.247850019636,23.7715921124,自动化设备,2024-04-26,2023-03-31
300745,欣锐科技,0.28,406137502.63,34.6820163264,-10.2514,36708337.91,419.98,203.3437,9.869385037658,2.96,0.067737034212,23.3972163626,汽车零部件,2024-04-26,2023-03-31
300717,华信新材,0.07,75116267.86,-2.1296451897,-21.1121,7198331.06,59.37,30.0495,6.424994943517,1.1,0.057017073802,27.0539019695,塑料,2024-04-26,2023-03-31
300713,英可瑞,0.004,57973655.84,-1.9073961013,-42.4681,633246.44,-61.95,101.2346,4.267492932652,0.09,-0.049107825803,22.7703308145,其他电源设备Ⅱ,2024-04-26,2023-03-31
300711,广哈通信,-0.0032,46792245.69,13.5909324431,-77.3727,-799767.0,79.66,-102.092,3.178414628893,-0.12,-0.159414146467,59.5672140522,通信设备,2024-04-26,2023-03-31
300702,天宇股份,0.2901,777213687.73,3.6426214148,33.4767,100237944.26,18.31,163.5554,10.344662059357,2.83,-0.181103374805,38.750608433,化学制药,2024-04-26,2023-03-31
300700,岱勒新材,0.0956,153226754.96,24.9015308904,-23.6604,21184042.65,56.82,13.6757,6.519134703155,2.77,0.046687192769,33.6289587242,通用设备,2024-04-26,2023-03-31
300694,蠡湖股份,0.05,372151701.81,1.5394409787,-7.6408,10531988.69,10.05,16.4924,5.928215929207,0.83,0.191153613818,15.3936825658,汽车零部件,2024-04-26,2023-03-31
300682,朗新科技,0.019,652692873.73,-22.3084074244,-66.5138,20069422.58,-60.95,-91.1579,6.527163327273,0.29,-0.129405273556,43.179140961,IT服务Ⅱ,2024-04-26,2023-03-31
300677,英科医疗,-0.23,1572919050.0,-31.2494867322,12.2267,-153056715.0,-283.32,-1515.0435,23.729866884744,-0.97,-0.264614828665,7.6833502017,医疗器械,2024-04-26,2023-03-31
300671,富满微,-0.25,137150818.97,-50.2452360902,-18.5706,-53408112.22,-196.12,78.347,9.783742225753,-2.48,-0.075531124423,11.5859427449,半导体,2024-04-26,2023-03-31
300668,杰恩股份,0.0488,109605093.27,97.2628631278,-32.4399,5872068.27,136.76,858.5528,5.9870747627,0.82,-0.010319748239,25.1033687022,工程咨询服务Ⅱ,2024-04-26,2023-03-31
300650,太龙股份,0.02,536364642.12,-36.7454807737,-35.64,5125373.53,-78.33,65.8955,5.086045911461,0.48,0.503636074788,8.5767088987,其他电子Ⅱ,2024-04-26,2023-03-31
300648,星云股份,-0.2258,157004837.54,26.7660113242,-59.9478,-33373935.16,-4.29,-246.3081,6.946969740194,-3.21,-1.062561761939,29.0059279469,电池,2024-04-26,2023-03-31
300634,彩讯股份,0.14,383562571.16,42.5779800905,48.4762,60643488.61,45.52,-6.8186,5.271098819444,2.63,-0.078387862668,39.0629802373,IT服务Ⅱ,2024-04-26,2023-03-31
300622,博士眼镜,0.22,309760123.09,40.062747243,34.0064,37280702.91,440.97,39.8718,4.183452408412,5.3,0.516362813981,59.4639629054,专业连锁Ⅱ,2024-04-26,2023-03-31
300614,百川畅银,0.07,96461537.86,-17.3752039464,-8.3649,11279619.11,-58.96,182.6629,9.387759732106,0.75,0.265429035826,23.1329721618,环境治理,2024-04-26,2023-03-31
300612,宣亚国际,0.0082,228350628.34,19.7194579169,-44.2658,1300199.49,-85.22,-90.0147,2.136437136135,0.38,0.121789046873,15.7602946012,广告营销,2024-04-26,2023-03-31
300597,吉大通信,0.02,93373756.35,0.6967516242,-50.1399,5131684.06,13.35,86.8421,3.94163294765,0.48,-0.194877609362,20.1837753633,通信服务,2024-04-26,2023-03-31
300594,ST朗进,-0.21,112937806.97,-8.6772016752,-58.103,-19405134.21,-1677.86,-131.1569,9.735496093215,-2.0,-0.809476247412,26.8999500389,轨交设备Ⅱ,2024-04-26,2023-03-31
300576,容大感光,0.0715,165080920.46,-3.595054576,-14.9382,17852807.5,72.66,-7.447,3.679607346156,2.3,0.042929417431,33.3158878729,电子化学品Ⅱ,2024-04-26,2023-03-31
300573,兴齐眼药,0.16,286560377.99,-5.0995702728,16.6857,19349332.43,-73.91,118.7268,17.832314278925,1.24,0.658775322121,75.9685412467,化学制药,2024-04-26,2023-03-31
300563,神宇股份,0.05,139545638.25,-34.6115187471,-14.5858,9260036.07,-47.37,551.5199,5.450322771081,0.95,0.122303265585,14.4285402557,通信设备,2024-04-26,2023-03-31
300561,汇金科技,0.006,40709819.83,0.9946639574,9.3084,2091171.15,-64.41,131.1744,1.987000536546,0.32,-0.012178894585,41.2855114569,软件开发,2024-04-26,2023-03-31
300559,佳发教育,0.0087,67598483.83,-26.1491807375,8.9012,3483768.99,-76.97,116.9377,2.59880869638,0.34,-0.076604711612,50.7571890758,软件开发,2024-04-26,2023-03-31
300546,雄帝科技,0.03,112663942.44,194.9690032409,-50.7383,3699575.92,121.68,-27.4895,7.658069498224,0.34,0.069580869633,40.5159769767,计算机设备,2024-04-26,2023-03-31
300545,联得装备,0.23,267158486.54,32.0527502799,-16.5511,41108590.38,306.11,44.5604,8.453161671966,2.7,0.336432608122,36.1320990286,光学光电子,2024-04-26,2023-03-31
300543,朗科智能,0.01,293334289.06,-47.373569245,-24.0792,3120849.76,-85.76,-81.2336,3.735431762909,0.29,0.171031879439,19.7978568398,家电零部件Ⅱ,2024-04-26,2023-03-31
300529,健帆生物,0.246,572557659.76,-17.8958602625,22.9357,196529798.71,-41.37,1121.6816,4.523146770674,5.35,0.296225728977,80.4198147682,医疗器械,2024-04-26,2023-03-31
300522,世名科技,0.0343,144961012.58,-5.873283248,7.0062,11172769.28,-70.45,142.3147,3.014768713167,1.37,-0.141083077607,26.862660861,化学制品,2024-04-26,2023-03-31
300519,新光药业,0.19,92296717.31,-9.4201512501,3.6607,30445257.47,-28.9,56.7379,5.55921078575,3.48,0.1751725875,51.150999782,中药Ⅱ,2024-04-26,2023-03-31
300517,海波重科,0.033,85746332.11,-38.777781182,-62.2058,6647952.99,-77.97,-24.8392,5.281220107043,0.64,-0.43131090231,23.8647196521,专业工程,2024-04-26,2023-03-31
300511,雪榕生物,0.45,842411282.63,46.2732877259,25.5292,222710908.61,288.02,175.8919,3.787419475287,12.0,0.587001136607,38.0129838991,种植业,2024-04-26,2023-03-31
300510,金冠股份,0.0148,209660743.12,15.2762499678,-47.6302,12246764.85,217.49,-64.996,3.208600744651,0.46,-0.056660727985,27.7959141243,电网设备,2024-04-26,2023-03-31
300506,名家汇,0.02,28389824.72,-77.9270835554,177.9702,15860545.22,25.18,103.766,0.77118622592,3.0,0.017755056207,21.0700886286,装修装饰Ⅱ,2024-04-26,2023-03-31
300505,川金诺,0.0177,520173669.13,17.3681362076,-26.7953,3977701.01,-93.35,-93.7871,8.118776287573,0.22,-0.322652400708,9.2960423335,农化制品,2024-04-26,2023-03-31
300504,天邑股份,0.23,757808620.89,-2.4860459224,16.2766,61714754.42,-12.27,445.9445,8.32960827372,2.75,-0.5309612771,20.472454227,通信设备,2024-04-26,2023-03-31
300499,高澜股份,-0.02,150713384.07,-64.3985027213,-68.736,-5780113.78,-169.73,-102.0255,4.724382740252,-0.4,-0.103879200405,22.7312262221,专用设备,2024-04-26,2023-03-31
300492,华图山鼎,-0.02,15137778.71,-25.0719502191,-61.7164,-2575953.4,-289.29,-151.227,2.151467990761,-0.85,-0.03024076646,15.3958341223,教育,2024-04-26,2023-03-31
300488,恒锋工具,0.12,106170163.28,-8.9965290998,-26.9024,19555213.99,-33.06,341.628,7.803500221189,1.52,0.017790290266,38.5287148821,通用设备,2024-04-26,2023-03-31
300485,赛升药业,0.0017,132698154.36,-30.9212406957,-1.9323,823935.6,-99.23,101.7206,7.005388165959,0.02,0.009901380541,71.3068653414,生物制品,2024-04-26,2023-03-31
300481,濮阳惠成,0.24,349510603.42,-6.9739812349,-11.9381,70267520.49,-16.23,-30.638,8.07069572666,2.98,0.167403705929,29.258198435,电子化学品Ⅱ,2024-04-26,2023-03-31
300480,光力科技,0.06,143090166.46,19.1617111172,-20.6577,21895343.19,8.62,1626.1193,4.034836923224,1.56,-0.087995150612,52.6750163723,专用设备,2024-04-26,2023-03-31
300479,神思电子,0.0019,96243822.24,16.7223972755,-17.0868,377272.66,108.04,100.3813,3.195847399168,0.06,-0.121815110688,31.6408120347,计算机设备,2024-04-26,2023-03-31
300473,德尔股份,-0.1613,1048709008.1,16.7914853975,-6.0889,-24260954.55,-798.67,97.227,9.509409411925,-1.66,0.673203436374,18.626153158,汽车零部件,2024-04-26,2023-03-31
300472,*ST新元,-0.05,59348822.32,-75.6259940921,197.8069,-12903879.35,-130.83,94.5656,3.002201806466,-1.6,-0.187035097385,18.4730523394,专用设备,2024-04-26,2023-03-31
300471,厚普股份,-0.0281,156284637.98,10.1933905266,-39.9358,-10860215.15,39.92,87.6163,2.750293810747,-1.02,-0.035457251201,21.1367982144,专用设备,2024-04-26,2023-03-31
300456,赛微电子,0.021,190688121.01,10.0734438583,-17.3221,15429627.46,-34.63,120.5816,6.846400579561,0.31,0.036861442919,36.1555339131,半导体,2024-04-26,2023-03-31
300454,深信服,-0.99,1212825722.82,6.0168219993,-54.4958,-411972943.06,20.43,-146.2431,18.635537849686,-5.33,-1.116858459245,62.1119825525,软件开发,2024-04-26,2023-03-31
300452,山河药辅,0.21,247713230.6,29.4191774659,38.1288,49388285.35,45.95,36.8812,3.294381085751,6.61,-0.005368764769,32.5100047038,化学制药,2024-04-26,2023-03-31
300451,创业慧康,0.01,348436396.1,-24.7422784711,-10.3268,10383267.51,-88.74,108.0935,2.980828150328,0.23,-0.120445262567,51.8964137914,软件开发,2024-04-26,2023-03-31
300440,运达科技,-0.0592,38159773.28,56.4243048234,-91.793,-26338643.13,14.19,-15.3724,3.027354719336,-1.96,-0.232323580849,47.1575542076,IT服务Ⅱ,2024-04-26,2023-03-31
300434,金石亚药,0.3571,419787729.7,33.2721522599,-20.9684,143460482.45,115.49,28.3434,6.017989203529,6.12,-0.143602439317,68.5772924939,化学制药,2024-04-26,2023-03-31
300428,立中集团,0.19,5122339108.08,-7.5002146585,-4.9884,117995888.97,-12.11,26.7766,9.577043357781,2.03,-0.542327113464,9.8310633993,汽车零部件,2024-04-26,2023-03-31
300422,博世科,0.0,408224644.67,58.7264255782,-20.5557,910894.22,100.9845516678,100.2462,4.259739557247,0.04,0.106993701993,23.965811547,环境治理,2024-04-26,2023-03-31
300410,正业科技,-0.08,152501350.47,-43.5001309212,130.0758,-31014019.07,-474.83,80.3735,1.710489102986,-4.81,-0.100015706422,32.4577332971,电池,2024-04-26,2023-03-31
300402,宝色股份,0.086,461795291.35,42.5957913023,21.5982,17367289.21,22.61,2.4346,3.424247700396,2.84,0.258492088614,15.4907970501,通用设备,2024-04-26,2023-03-31
300399,天利科技,0.04,87339607.7,-37.8684087297,-2.8012,7012905.41,557.82,-47.6093,2.501433504555,1.43,-0.070444013512,4.0909656731,IT服务Ⅱ,2024-04-26,2023-03-31
300381,溢多利,-0.0279,180859695.19,-57.2965431948,-17.4954,-13677120.84,56.97,-62.299,5.46608729974,-0.51,-0.007400346352,43.803840959,化学制药,2024-04-26,2023-03-31
300380,安硕信息,-0.0954,124989395.75,21.4914802358,-57.7451,-13331044.52,-70.72,82.2792,2.79674481431,-3.35,-1.126590370851,28.8366963723,软件开发,2024-04-26,2023-03-31
300374,中铁装配,-0.14,162267932.28,168.2639729599,-56.5088,-34354859.58,9.7,72.816,3.648711282265,-3.76,0.029245178822,0.4936083296,基础建设,2024-04-26,2023-03-31
300365,恒华科技,0.0053,110842853.62,46.4014561916,-61.2086,3155129.21,117.43,101.318,3.282961602839,0.16,-0.253126500027,37.6478400882,软件开发,2024-04-26,2023-03-31
300348,长亮科技,-0.008,296022779.74,7.0918537688,-64.3873,-5742914.33,41.8,-134.9917,2.035872851308,-0.38,-0.24506624237,35.9820449168,软件开发,2024-04-26,2023-03-31
300347,泰格医药,0.66,1804571375.28,-0.7309468838,7.45,568455092.87,9.65,41.4443,23.091004901468,2.86,0.032677239822,39.6505499789,医疗服务,2024-04-26,2023-03-31
300346,南大光电,0.14,398231644.07,-3.1166724213,23.6369,74970381.2,-7.06,406.4987,4.00298038295,3.48,0.0155467189,39.3361858412,电子化学品Ⅱ,2024-04-26,2023-03-31
300342,天银机电,0.0418,218120335.96,9.7821334112,15.9539,17778881.37,1383.77,154.619,3.54874091513,1.19,-0.053121462814,26.4078219101,家电零部件Ⅱ,2024-04-26,2023-03-31
300341,麦克奥迪,0.0759,348643873.82,-3.0240414561,-34.5184,38942232.67,-14.62,-50.7252,3.100916008134,2.47,0.115502703,38.2621216568,电网设备,2024-04-26,2023-03-31
300340,科恒股份,-0.1042,798885507.74,1.7474066038,-36.3568,-22098507.33,-240.18,94.5098,0.99188143821,-9.95,0.205264641989,5.6450436506,电池,2024-04-26,2023-03-31
300335,迪森股份,0.03,238988458.01,14.2737059798,-29.6989,13040720.22,937.81,-78.4891,3.943092785047,0.68,-0.069202963691,25.5163484202,电力,2024-04-26,2023-03-31
300331,苏大维格,0.0041,393402264.41,-1.0505183401,-0.523,1061061.77,104.56,100.377,6.656843210454,0.06,-0.185693953453,18.3464015893,光学光电子,2024-04-26,2023-03-31
300329,海伦钢琴,0.0137,75631302.81,-22.2011196815,-11.9594,3453550.07,-45.25,1309.0816,3.653712943809,0.37,0.007686345278,27.1356682584,文娱用品,2024-04-26,2023-03-31
300319,麦捷科技,0.0545,671924106.69,-15.9136003534,-9.9927,46833472.73,6.95,33.4019,4.713430076025,1.17,0.032657997667,17.7198428832,元件,2024-04-26,2023-03-31
300317,珈伟新能,-0.0145,99950447.57,-59.9313405938,-19.8719,-11979999.28,-142.09,-524.1087,2.206725528395,-0.66,-0.122279735258,27.0740087492,电力,2024-04-26,2023-03-31
300316,晶盛机电,0.68,3599637395.06,84.37123992,13.3499,886566012.09,100.43,-3.1185,8.923660310725,7.9,0.329534640088,40.6072364438,光伏设备,2024-04-26,2023-03-31
300315,掌趣科技,0.03,245831843.11,-25.2875530613,-7.6972,79145679.08,149.69,258.8627,1.670586206824,1.73,0.00956135701,80.0466873008,游戏Ⅱ,2024-04-26,2023-03-31
300307,慈星股份,0.05,529988717.99,12.0094157541,47.6281,38139069.29,29.36,314.251,3.573285704057,1.38,0.245211459854,25.704522739,专用设备,2024-04-26,2023-03-31
300298,三诺生物,0.1072,881968113.12,42.30903345,-21.0202,59727501.69,3.63,0.2732,5.423076300714,2.13,0.081649467989,47.2180084682,医疗器械,2024-04-26,2023-03-31
300296,利亚德,0.0482,1782132359.48,1.1705283656,-25.1406,121969147.89,6.07,180.9974,3.221242320412,1.51,-0.022697485906,30.2137284521,光学光电子,2024-04-26,2023-03-31
300293,蓝英装备,-0.002,291344924.67,10.2043675087,-37.0532,-675013.64,87.16,98.64,2.626403227567,-0.14,-0.025253810456,27.1461744664,专用设备,2024-04-26,2023-03-31
300289,利德曼,0.0153,108150382.74,-43.5476388783,-34.0631,8296310.96,-31.49,109.1428,3.190375655009,0.48,0.050565957792,56.4746788616,医疗器械,2024-04-26,2023-03-31
300285,国瓷材料,0.12,785594173.64,-6.0891573526,8.5257,123491288.49,-40.68,208.5001,5.968984837173,2.08,-0.030280926585,37.302849637,电子化学品Ⅱ,2024-04-26,2023-03-31
300283,温州宏丰,0.01,546734726.06,14.8656505811,-4.2424,3886800.67,-44.59,-71.5981,1.917224269408,0.41,-0.06753133997,11.7307827531,电网设备,2024-04-26,2023-03-31
300276,三丰智能,0.0072,401417808.95,29.3440443215,18.2165,10103770.93,5.85,101.8681,1.363952451752,0.42,-0.106770993208,18.415942303,自动化设备,2024-04-26,2023-03-31
300271,华宇软件,-0.1,204204023.56,-28.5785322583,-77.9095,-80066094.8,-14.0,90.1768,6.768785406268,-1.42,-0.254898015244,36.6859786913,IT服务Ⅱ,2024-04-26,2023-03-31
300268,佳沃食品,-0.8715,1457226353.84,19.1326577004,-5.463,-151806993.54,-237.86,87.3157,-10.036821349369,,0.705166890184,3.2769714358,农产品加工,2024-04-26,2023-03-31
300266,兴源环境,-0.051,158832039.69,-36.7877727601,-61.0791,-79489614.43,-217.42,80.3712,0.792888789761,-6.25,-0.076827102965,-9.917609955,环境治理,2024-04-26,2023-03-31
300260,新莱应材,0.2374,638721927.11,1.6078019409,1.4436,53781570.59,-32.6,-22.8286,7.327263780781,3.3,0.11197015826,24.8172411345,通用设备,2024-04-26,2023-03-31
300257,开山股份,0.0768,937460521.11,5.2035357585,-11.115,76304442.03,-27.48,-2.6247,5.782857267939,1.32,0.126401490925,31.9456572662,通用设备,2024-04-26,2023-03-31
300256,星星科技,-0.03,152477172.6,29.4036747475,2.3738,-72655085.19,-107.0,90.0408,0.858625158181,-3.7,0.004305603971,-14.9622620757,消费电子,2024-04-26,2023-03-31
300248,新开普,-0.0319,157522448.27,-7.0819066068,-67.1857,-15186092.74,15.76,-112.3259,4.164731496653,-0.7,-0.250220126631,56.4648818736,计算机设备,2024-04-26,2023-03-31
300245,ST天玑,-0.01,84293452.36,22.843558788,-75.112,-4035136.46,32.62,-124.4074,4.620069728306,-0.28,-0.149693895274,37.9690609103,IT服务Ⅱ,2024-04-26,2023-03-31
300242,佳云科技,-0.0386,183906294.57,-66.8776315902,-63.4738,-24475956.02,-42.22,-55.8567,0.739625809006,-5.09,0.202035339685,6.8143020332,广告营销,2024-04-26,2023-03-31
300241,瑞丰光电,-0.023,305489258.64,-1.2756607757,1.0005,-15752836.65,-333.97,-5.1423,3.090579824619,-0.74,0.046170110774,12.5153344508,光学光电子,2024-04-26,2023-03-31
300238,冠昊生物,0.08,112684910.79,-8.3325612571,35.2746,22115265.7,1.54,129.0028,1.920216797074,4.45,0.032083154003,77.277143736,医疗器械,2024-04-26,2023-03-31
300235,方直科技,0.05,27615390.63,-22.8391298574,8.2401,11659495.61,-10.03,370.4998,4.138172042796,1.69,0.008971246567,83.5714145754,软件开发,2024-04-26,2023-03-31
300229,拓尔思,0.0408,210572417.17,10.6153374234,-22.1229,30192747.63,43.76,26.068,4.245165385787,1.04,-0.030588799446,50.7806800848,软件开发,2024-04-26,2023-03-31
300228,富瑞特装,0.0047,764176745.4,180.6700441236,48.6694,2715775.47,112.47,102.1997,3.015804207993,0.16,0.094566584058,10.2735410339,通用设备,2024-04-26,2023-03-31
300217,东方电热,0.05,906753804.64,21.5968089961,-21.2488,67443643.62,16.77,2.8272,2.259903479795,2.03,0.053433354047,19.2774681943,家电零部件Ⅱ,2024-04-26,2023-03-31
300209,行云科技,-0.05,120748286.11,-47.5645795648,-19.0465,-21121834.93,21.77,90.9459,0.182647932861,-26.63,0.024266789326,29.5749775839,软件开发,2024-04-26,2023-03-31
300207,欣旺达,-0.09,10477926968.89,-1.3441633846,-32.741,-164727844.31,-273.54,-143.7864,10.741144389579,-0.82,0.141743652002,13.6790393138,电池,2024-04-26,2023-03-31
300206,理邦仪器,0.2422,639691149.3,64.2076132522,27.7516,140387548.35,183.36,224.6518,3.425197366509,7.3,0.062963511379,57.928630547,医疗器械,2024-04-26,2023-03-31
300201,海伦哲,0.0211,245216480.98,15.2954481178,-26.1014,22010244.72,10.18,164.6582,1.326027423213,2.09,-0.021903885591,31.4892191183,工程机械,2024-04-26,2023-03-31
300192,科德教育,0.1086,169838623.73,-9.2066864076,-17.3821,35759129.09,123.22,69.9738,2.355818821775,4.72,0.299784485956,37.3184364769,教育,2024-04-26,2023-03-31
300190,维尔利,0.01,423235071.5,-2.4848819182,-32.5116,10732186.21,-65.21,102.1905,4.888300447143,0.28,-0.081084064444,19.1284412119,环境治理,2024-04-26,2023-03-31
300189,神农种业,-0.0033,39227142.88,-16.9580477182,-59.4427,-3349075.91,17.39,91.9227,0.785031090723,-0.42,-0.004979999609,27.1071436238,种植业,2024-04-26,2023-03-31
300188,国投智能,-0.195,147370949.92,-53.9181929766,-87.4662,-167372053.17,-189.73,-147.1018,4.727793106464,-4.04,-0.377493562547,55.8432677096,软件开发,2024-04-26,2023-03-31
300185,通裕重工,0.0221,1427147924.89,5.9841407576,-8.0618,86030255.89,65.28,16.3603,1.726329511818,1.24,0.008716285472,19.0611356535,风电设备,2024-04-26,2023-03-31
300183,东软载波,0.0296,143889568.79,-16.6248015821,-51.418,13692271.89,-37.21,-81.0246,6.827922642112,0.43,-0.064020519941,44.0604830379,通信设备,2024-04-26,2023-03-31
300176,鸿特科技,-0.0253,407229396.61,3.7549617293,0.9165,-9803585.94,43.11,-259.6002,2.289955889215,-1.1,0.180120906045,10.1383235699,汽车零部件,2024-04-26,2023-03-31
300165,天瑞仪器,0.02,192666024.74,-1.9145856677,-72.4684,8881056.49,-127.41,118.5455,3.046473340384,0.58,-0.162359224638,39.1641595148,通用设备,2024-04-26,2023-03-31
300161,华中数控,-0.194,357541015.75,44.7504984656,-48.2863,-38545343.06,8.32,-154.5234,8.090834192255,-2.37,0.009384276522,31.1460952239,通用设备,2024-04-26,2023-03-31
300155,安居宝,0.0036,65479133.14,-28.7401252843,-46.0646,2030934.28,-4.75,103.7406,2.40590565079,0.15,-0.048412185304,42.6210197535,计算机设备,2024-04-26,2023-03-31
300153,科泰电源,0.024,230824791.96,0.2831073678,-13.1397,7668609.34,63.41,-29.9868,2.516452226563,0.96,-0.223424192906,14.7108364321,其他电源设备Ⅱ,2024-04-26,2023-03-31
300150,世纪瑞尔,0.002,114594726.29,73.6665533374,-59.728,972717.85,106.63,100.2483,2.593327652209,0.06,-0.031523698799,44.9819702606,IT服务Ⅱ,2024-04-26,2023-03-31
300146,汤臣倍健,0.61,3108119772.05,36.3048038055,82.6655,1029519641.37,55.27,1171.8599,6.865123941864,9.21,0.391572995742,70.31963466,食品加工,2024-04-26,2023-03-31
300145,南方泵业,0.02,979117163.9,3.5863916014,-42.1329,39933917.31,-26.93,314.4799,1.142213623707,1.84,-0.016160912712,35.1092871399,通用设备,2024-04-26,2023-03-31
300144,宋城演艺,0.0231,234433328.31,174.8208588468,236.5583,60308414.97,256.29,148.8297,2.892471630187,0.8,0.063390040163,51.0172624994,旅游及景区,2024-04-26,2023-03-31
300143,盈康生命,0.0616,361417574.6,35.0855409114,23.3596,39550000.16,64.07,106.0713,2.051045525852,3.04,0.060216759858,33.5539117223,医疗服务,2024-04-26,2023-03-31
300127,银河磁体,0.15,204804213.4,-4.5914557754,-18.6907,50079198.58,36.77,77.3169,4.488477958842,3.51,0.07157432304,37.3478146812,金属新材料,2024-04-26,2023-03-31
300119,瑞普生物,0.1742,442780482.14,13.2991379018,-27.1131,80823461.46,11.93,-28.9013,9.196883179279,1.9,0.062416665151,50.9751571228,动物保健Ⅱ,2024-04-26,2023-03-31
300113,顺网科技,0.06,364445020.46,35.6497426506,22.7494,40987994.62,30.82,108.6857,2.711986611464,2.16,0.112483991583,45.0046149219,游戏Ⅱ,2024-04-26,2023-03-31
300109,新开源,0.39,363003583.47,16.7702670229,1.0088,119979801.13,267.98,761.7728,10.054559598967,3.75,0.323589120206,58.4643396165,化学制品,2024-04-26,2023-03-31
300099,尤洛卡,0.0266,105012466.35,-13.8775541809,-66.8606,19578924.22,-28.68,54.4763,3.283746879256,0.81,0.023729367228,49.3949302811,专用设备,2024-04-26,2023-03-31
300096,ST易联众,-0.1016,136296251.75,88.1950934608,-43.6727,-43683967.28,37.08,68.4932,0.640877835023,-14.69,-0.175220135512,41.82055862,IT服务Ⅱ,2024-04-26,2023-03-31
300088,长信科技,0.0425,1471825241.49,-14.2759786389,-18.6624,104214237.72,-42.54,8.037,3.394204338516,1.25,0.107252336964,14.7469471484,光学光电子,2024-04-26,2023-03-31
300083,创世纪,0.07,1130742420.97,-12.5096519859,75.0259,121575408.0,-27.52,219.3284,2.846236946492,2.59,-0.129909526342,24.6709700155,自动化设备,2024-04-26,2023-03-31
300078,思创智联,-0.09,235156485.53,-39.0874193608,120.0102,-76663823.76,-347.67,91.3142,1.175819156692,-6.03,0.05595733329,22.5494100452,IT服务Ⅱ,2024-04-26,2023-03-31
300077,国民技术,-0.15,216549275.18,-36.2892991685,-17.0175,-84214948.36,-442.09,-137.1768,2.674178996656,-5.2,-0.272684094618,14.7833615159,半导体,2024-04-26,2023-03-31
300074,华平股份,-0.0049,97491736.92,24.8585143738,-22.8773,-2606665.38,10.07,96.2578,1.958008529777,-0.25,-0.018551703671,49.7229337495,软件开发,2024-04-26,2023-03-31
300066,三川智慧,0.0169,412772002.87,162.0676344536,-29.5592,17528353.64,-48.5,-80.6333,2.173735601698,0.78,-0.17850592814,16.0979078203,通用设备,2024-04-26,2023-03-31
300056,中创环保,-0.0387,62718255.34,-79.4490744988,-74.3412,-14927335.59,-454.54,77.7291,1.003058743482,-3.79,0.027139768313,20.1393677192,环境治理,2024-04-26,2023-03-31
300055,万邦达,0.0281,754915822.24,15.9489540519,-7.7064,23486516.56,-9.27,198.3606,6.39313294662,0.45,0.010544782234,9.9316213214,炼化及贸易,2024-04-26,2023-03-31
300054,鼎龙股份,0.0366,546703779.03,-4.0364049203,-28.6364,34733243.74,-51.33,-63.5353,4.521508111329,0.83,0.086299121169,34.6449205228,电子化学品Ⅱ,2024-04-26,2023-03-31
300039,上海凯宝,0.0767,459387490.4,33.6136426655,44.082,80178876.36,39.11,11.0632,3.934646354216,8.98,0.075823113623,80.5135453771,中药Ⅱ,2024-04-26,2023-03-31
300037,新宙邦,0.33,1647158586.45,-39.2682840858,-29.3693,245548408.06,-52.01,-22.3247,11.265293055673,2.88,0.978527071691,31.5342908068,电池,2024-04-26,2023-03-31
300026,红日药业,0.06,1659065577.58,-4.234736279,-5.1854,175453588.33,-26.35,14.1618,2.816975196961,2.09,0.119357988371,57.074870988,中药Ⅱ,2024-04-26,2023-03-31
300025,华星创业,-0.011,153399400.36,5.5831055675,-23.4073,-5549757.6,-228.64,-312.5406,1.334157083478,-0.83,-0.072861980366,11.1185974586,通信服务,2024-04-26,2023-03-31
300021,大禹节水,0.0164,457389932.8,-15.6793402687,-65.7864,10172352.01,-37.45,-80.0926,2.187756986105,0.5,-0.366057280072,25.1388278063,农业综合Ⅱ,2024-04-26,2023-03-31
300018,中元股份,0.03,69700682.43,8.2772906361,-60.1038,12876321.8,155.77,238.9621,2.499517944472,1.08,-0.085233349773,52.7605011571,电网设备,2024-04-26,2023-03-31
300017,网宿科技,0.0392,1168315109.87,-5.156762876,-13.2673,94870887.69,83.99,520.1399,3.749471780992,1.04,0.021996634484,28.8567477525,IT服务Ⅱ,2024-04-26,2023-03-31
300015,爱尔眼科,0.0845,5020539960.94,20.4360891313,64.1552,781064898.92,27.92,367.2215,2.439618924276,4.57,0.230365382283,47.4910441014,医疗服务,2024-04-26,2023-03-31
300009,安科生物,0.11,594174209.84,11.4030856183,-4.8382,185618139.71,7.36,70.2417,2.043656977109,5.61,0.129078988417,75.3138920958,生物制品,2024-04-26,2023-03-31
300005,探路者,0.0208,242508020.16,14.6307731125,-37.9028,18413401.31,123.97,-68.5674,2.383007563976,0.88,0.019440133126,48.8613369413,服装家纺,2024-04-26,2023-03-31
200992,中鲁B,-0.0113,225222371.08,37.1947584177,-38.053,-3004775.96,42.07,-859.9733,3.690584903589,-0.31,-0.099561516175,5.8787650163,渔业,2024-04-26,2023-03-31
200869,张裕B,0.4,1131459036.0,-2.9615111806,2.1248,276778987.0,-4.75,4982.7183,15.840199057864,2.58,0.486645673588,58.7452032156,非白酒,2024-04-26,2023-03-31
200553,安道麦B,0.036,8610576000.0,-4.4966216138,-7.454,83273000.0,-80.53,152.4544,9.847670672292,0.36,-1.246953956709,24.5946844903,农化制品,2024-04-26,2023-03-31
200058,深赛格B,0.0267,445269320.85,-5.7175894792,-13.7437,32905373.52,-2.41,1054.8652,1.594211255336,1.69,-0.014929304083,24.0522886386,一般零售,2024-04-26,2023-03-31
200037,深南电B,-0.0517,111067616.64,47.9114688809,-33.9593,-31147959.3,19.79,-77.1424,2.363605033714,-2.16,-0.061160439939,-14.2032752185,电力,2024-04-26,2023-03-31
200028,一致B,0.65,18686817786.5,8.9555923925,-0.7413,362205346.22,43.53,-17.505,38.512151975107,2.22,0.490474734525,11.4160795675,医药商业,2024-04-26,2023-03-31
200019,深粮B,0.0915,1338942951.54,-38.7050717868,-31.2554,105444874.99,-23.28,3.1696,4.224194715713,2.19,-0.162095172405,18.5208491926,农产品加工,2024-04-26,2023-03-31
003039,顺控发展,0.0472,300702007.7,0.7546991171,-10.536,29151357.76,-41.24,-50.3536,3.933305077483,1.21,0.242556382136,38.5915810365,环境治理,2024-04-26,2023-03-31
003038,鑫铂股份,0.18,1243963172.52,28.366459974,9.3362,26202711.53,-42.95,-54.7681,13.001447341058,1.34,-2.09860463597,11.8238190012,工业金属,2024-04-26,2023-03-31
003037,三和管桩,0.0403,1503543481.29,18.0391132143,-22.6086,20323736.88,276.57,-17.3908,3.470320135011,1.13,-0.55328489833,9.6138447726,水泥,2024-04-26,2023-03-31
003036,泰坦股份,0.09,314948220.19,-22.8973572758,1.989,20040174.29,-1.62,-11.8433,5.942436938056,1.57,0.561251243102,24.3262334659,专用设备,2024-04-26,2023-03-31
003032,传智教育,0.044,139948833.81,-10.7386278316,-22.2627,17540356.41,-11.14,16.1317,3.371032626964,1.3,0.098794895707,52.3557549965,教育,2024-04-26,2023-03-31
003031,中瓷电子,0.41,586927415.05,100.9050386167,157.641,86357799.45,1.39,117.4584,6.17889073359,3.39,1.167747664613,32.2673883403,通信设备,2024-04-26,2023-03-31
003021,兆威机电,0.17,222081970.48,3.2024413808,-40.2666,28244575.01,24.47,-41.0831,17.395451562572,0.95,0.460807698692,27.1161120373,电机Ⅱ,2024-04-26,2023-03-31
003017,大洋生物,0.34,251292978.42,29.4996754007,-22.1838,19396982.24,130.06,-36.6651,16.752913572667,1.95,-0.370174401333,18.2507847169,化学原料,2024-04-26,2023-03-31
003007,直真科技,-0.25,45993566.95,-3.443161202,-83.67,-25843733.38,7.88,-127.6931,7.642648870096,-3.2,-0.210066104231,51.3538171233,软件开发,2024-04-26,2023-03-31
003002,壶化股份,0.0536,206025983.22,45.0005404185,-15.4408,10720206.18,238.84,-69.8112,5.7336605268,0.94,-0.02644346975,40.4772425432,化学制品,2024-04-26,2023-03-31
002989,中天精装,0.17,204359677.98,-40.661363338,-57.7391,31490983.47,-11.11,45.4448,9.25825261486,1.77,0.258625373277,14.1352685253,装修装饰Ⅱ,2024-04-26,2023-03-31
002987,京北方,0.14,999936450.12,20.0487404323,3.4723,61291630.99,152.59,-30.8927,7.25492062419,2.72,-1.428557497142,21.8000990597,软件开发,2024-04-26,2023-03-31
002986,宇新股份,0.3444,1479179856.68,9.94462366,-3.4034,107112702.91,35.29,12.7151,11.259859279189,4.08,0.043945638116,13.1648843506,炼化及贸易,2024-04-26,2023-03-31
002979,雷赛智能,0.11,314732759.14,4.0748431167,-20.9371,35527795.23,-35.6,219.8195,4.126893828179,2.86,-0.274619954966,38.1684995068,自动化设备,2024-04-26,2023-03-31
002977,*ST天箭,0.1334,23614159.29,-72.6347287965,-10.6663,16021744.25,-14.91,139.0384,10.802444858242,1.49,0.567929421778,63.451554832,军工电子Ⅱ,2024-04-26,2023-03-31
002969,嘉美包装,0.0248,797076101.17,13.4253245661,-14.6091,23817415.69,306.13,46.513,2.396122868789,1.0,0.125119375344,10.913049886,包装印刷,2024-04-26,2023-03-31
002967,广电计量,-0.0046,545072846.91,50.8710187695,-42.2648,-2617821.41,96.7063157291,-102.4048,6.055560710636,-0.08,0.075019869309,35.710494585,专业服务,2024-04-26,2023-03-31
002963,豪尔赛,0.01,183938992.32,25.3993415995,264.6955,1799411.2,108.27,101.52,10.049876536056,0.12,0.020304337798,29.1407482742,装修装饰Ⅱ,2024-04-26,2023-03-31
002962,五方光电,0.04,159246572.53,-37.4674772251,-33.9916,12236285.22,-35.62,-51.3923,6.242462598987,0.67,0.200307879826,18.9587946669,光学光电子,2024-04-26,2023-03-31
002956,西麦食品,0.1769,387216955.86,10.6276754552,6.3204,39274078.36,39.01,60.9184,6.490954310885,2.75,0.184743574916,42.4267540132,休闲食品,2024-04-26,2023-03-31
002955,鸿合科技,0.1,652958187.49,-27.8979113005,-27.1982,22929025.45,-44.57,87.8654,15.266023954488,0.64,-0.286439683345,32.5191478318,光学光电子,2024-04-26,2023-03-31
002953,日丰股份,0.09,884757223.79,11.9763324744,10.3213,28890946.69,-0.19,565.6908,4.705357523029,2.1,0.051034352636,11.4193826016,电网设备,2024-04-26,2023-03-31
002946,新乳业,0.07,2521491501.18,8.8393898117,-0.2022,61081473.28,40.56,19.0911,2.782756504986,2.43,0.245179274914,27.0569567358,饮料乳品,2024-04-26,2023-03-31
002937,兴瑞科技,0.17,480035850.37,35.2494956439,-4.3529,51795967.74,52.28,-31.2013,4.388860329189,4.04,0.003545258534,26.0230129507,汽车零部件,2024-04-26,2023-03-31
002935,天奥电子,-0.0308,125286230.65,77.1460913021,-80.865,-10854292.45,10.37,-115.9073,5.435372542979,-0.73,-0.461334905992,26.0129869347,军工电子Ⅱ,2024-04-26,2023-03-31
002927,泰永长征,0.06,215924896.28,1.3218195518,-4.8757,14463815.96,8.0,242.2215,4.411354285196,1.48,-0.140780549217,31.5193494972,电网设备,2024-04-26,2023-03-31
002917,金奥博,0.0151,244975986.71,16.5790664269,-17.6112,5245788.22,3276.2,124.2693,4.149754039562,0.36,0.01379963713,30.2947818342,化学制品,2024-04-26,2023-03-31
002915,中欣氟材,0.0835,292124448.8,-26.0825147465,-31.4339,27400008.09,-34.9,-56.114,5.371656142658,1.39,-0.344441913165,23.139822212,化学制品,2024-04-26,2023-03-31
002911,佛燃能源,0.08,4480094967.45,35.6872031568,-17.271,77891132.31,4.01,-69.1588,4.302014526803,1.4,0.64222864503,7.6783156565,燃气Ⅱ,2024-04-26,2023-03-31
002900,哈三联,0.13,342147502.19,33.2898140751,28.3733,39163800.7,3445.73,341.3915,6.569280745344,1.9,0.082770306322,62.7621581439,化学制药,2024-04-26,2023-03-31
002897,意华股份,0.09,936883646.22,-10.4161625884,-13.1437,15586447.99,-65.3,54.0018,9.725585562131,0.95,-0.191524396562,19.0300635452,通信设备,2024-04-26,2023-03-31
002896,中大力德,0.1,218864440.12,6.8943299453,-4.2404,15075160.48,-13.36,-36.5303,7.044406235219,1.43,-0.046952990775,22.5196677555,通用设备,2024-04-26,2023-03-31
002892,科力尔,0.1021,297383591.23,0.8231665219,1.6102,45384675.07,184.59,134.1214,4.181757263374,3.51,0.075347493061,18.144725224,电机Ⅱ,2024-04-26,2023-03-31
002889,东方嘉盛,0.31,653569899.22,-5.4685879683,48.8228,59858565.5,21.93,2405.3327,15.405742242392,2.85,-0.253858240743,12.7581709627,物流,2024-04-26,2023-03-31
002888,惠威科技,-0.0074,45424536.54,-11.5438118252,-21.32,-1086576.24,-317.01,93.4499,2.655984049908,-0.27,-0.031331802437,32.9477361356,消费电子,2024-04-26,2023-03-31
002886,沃特股份,0.023,343665446.44,-0.7198472231,-14.6855,5138448.11,0.92,177.6327,5.177021668626,0.44,0.018499993395,19.3474893181,塑料,2024-04-26,2023-03-31
002880,卫光生物,0.2017,208518007.07,51.3376079422,-18.7056,45736044.33,80.54,2.3781,8.318100134259,2.45,0.226138461111,41.7426328081,生物制品,2024-04-26,2023-03-31
002876,三利谱,0.07,425645217.76,-22.9245504076,-16.7974,12222586.87,-81.98,-36.9838,13.446963337456,0.52,-0.630324131765,14.2197247695,光学光电子,2024-04-26,2023-03-31
002872,ST天圣,-0.05,157406569.47,16.2934768923,-22.1685,-15891842.97,-0.86,43.2057,6.817774313962,-0.73,-0.130007042579,46.9275210105,化学制药,2024-04-26,2023-03-31
002871,伟隆股份,0.14,119422828.95,24.7564330421,-11.9777,31254837.21,233.02,93.0895,4.539055542731,4.17,0.031900083663,36.0133885524,通用设备,2024-04-26,2023-03-31
002870,香山股份,0.27,1215473228.3,11.0628843008,-14.6046,35437255.86,35.72,8094.6944,12.004626549669,2.27,0.720439203109,24.6615162021,汽车零部件,2024-04-26,2023-03-31
002867,周大生,0.34,4121905067.55,49.6463880851,88.9425,365398208.83,26.06,128.3276,5.846780200372,5.87,0.630610781876,17.9147663286,饰品,2024-04-26,2023-03-31
002864,盘龙药业,0.24,225625209.86,13.4772917721,-19.6621,21561607.43,7.37,-7.0411,12.21067210932,2.29,0.015709148791,49.3656813878,中药Ⅱ,2024-04-26,2023-03-31
002861,瀛通通讯,-0.12,120679839.79,-34.0778220807,-12.0703,-19132032.58,-77.34,79.9347,5.710264433406,-2.11,0.094256081938,16.1515715665,消费电子,2024-04-26,2023-03-31
002858,力盛体育,0.0628,92469140.11,71.2973731855,-18.575,10050339.94,166.88,126.9399,4.535916910387,1.49,0.125507274845,42.8209573517,体育Ⅱ,2024-04-26,2023-03-31
002838,道恩股份,0.08,1051872209.31,-11.8723829033,-13.2736,34621567.72,-32.51,21.4739,6.565100706134,1.15,0.018557259404,11.2295152086,塑料,2024-04-26,2023-03-31
002835,同为股份,0.039,202784170.12,41.4421508278,-41.8736,8656011.1,1894.21,-81.8651,4.24638097242,0.93,0.117668369655,36.1743936357,计算机设备,2024-04-26,2023-03-31
002833,弘亚数控,0.29,588765617.06,8.3765831784,10.0258,122672067.5,15.95,76.3366,5.930295134678,4.75,0.451745094919,32.1096538813,专用设备,2024-04-26,2023-03-31
002831,裕同科技,0.2,2911809936.11,-14.3722273018,-32.6818,181380598.88,-18.49,-61.3083,11.166305040148,1.76,1.115625709538,23.7231563954,包装印刷,2024-04-26,2023-03-31
002828,贝肯能源,-0.03,127735360.36,6.1396152497,42.3115,-6176021.45,97.0,94.684,2.873079249367,-1.05,0.028710643144,15.1918703993,油服工程,2024-04-26,2023-03-31
002827,高争民爆,0.0169,261714653.86,41.987587735,-11.5967,4664825.06,205.54,-64.8423,2.81725713413,0.6,0.07238202471,27.5657996891,化学制品,2024-04-26,2023-03-31
002826,易明医药,0.04,171430742.25,-8.0478896301,-35.3011,8363504.12,-1.93,-63.4619,3.951968489831,1.12,0.166918197315,44.3118035149,化学制药,2024-04-26,2023-03-31
002821,凯莱英,1.72,2249034497.62,9.0859405741,-7.9679,630346004.43,26.22,8.5496,44.13114674302,3.95,3.52383321084,48.4048072042,医疗服务,2024-04-26,2023-03-31
002818,富森美,0.3,389662308.58,-0.2288036913,-0.7518,224340529.79,-0.86,26.3734,8.2257458632,3.71,0.212063974398,70.1116933931,一般零售,2024-04-26,2023-03-31
002806,华锋股份,-0.0719,142715534.44,-7.6718811508,-18.033,-13608557.52,-296.11,-421.8264,6.002927020347,-1.15,0.064627871484,15.9796879502,汽车零部件,2024-04-26,2023-03-31
002799,环球印务,0.09,404959881.53,-24.9501005919,-23.5149,28729049.41,4.84,699.0956,5.034529534402,1.8,-0.033429884202,19.4296236908,包装印刷,2024-04-26,2023-03-31
002792,通宇通讯,0.0853,243133262.34,-39.84154548,-14.3387,34295117.5,70.88,155.7128,6.944915524135,1.24,-0.129856599599,15.9576422891,通信设备,2024-04-26,2023-03-31
002790,瑞尔特,0.0952,395610746.12,-2.7577868567,-31.0264,39793016.78,8.74,-29.9214,4.728655150174,2.04,0.07527204694,25.2242297912,家居用品,2024-04-26,2023-03-31
002779,中坚科技,0.1738,192360154.13,43.3048413959,45.7439,22936136.81,232.19,927.8635,5.13600532303,3.44,-0.184106473788,25.6693786472,专用设备,2024-04-26,2023-03-31
002772,众兴菌业,0.5042,622909683.16,27.5953374552,18.5618,198103761.13,1298.75,395.5582,8.573731830455,5.69,0.642276190023,43.2287659334,种植业,2024-04-26,2023-03-31
002771,真视通,-0.073,67026001.66,-55.0463907246,-75.5536,-15372288.95,-156.15,-204.1893,3.382595207712,-2.15,-0.450389020094,14.4591958493,IT服务Ⅱ,2024-04-26,2023-03-31
002768,国恩股份,0.38,3614686083.53,32.3301381803,18.3555,102846682.36,-13.08,-19.9929,15.393118178691,2.49,0.670033254083,10.2796873953,塑料,2024-04-26,2023-03-31
002749,国光股份,0.13,335091093.27,40.2687174505,-17.7828,54535846.94,33.41,208.8423,3.430452145231,3.62,0.01641433829,39.3291109453,农化制品,2024-04-26,2023-03-31
002745,木林森,0.09,4079732454.84,2.1309528231,-5.4732,140781842.33,-22.62,170.2141,9.124468516242,1.04,0.245020979511,29.9724310247,光学光电子,2024-04-26,2023-03-31
002738,中矿资源,1.6957,2072197719.21,12.1302943217,-18.8035,1095883953.8,41.41,-11.8745,24.953605899575,13.64,0.952123023696,71.6637291579,能源金属,2024-04-26,2023-03-31
002737,葵花药业,0.7,1765521894.46,47.3144635803,-5.3352,406135072.45,85.3,13.409,7.908284024743,9.21,0.426418925753,59.557160021,中药Ⅱ,2024-04-26,2023-03-31
002716,湖南白银,-0.0023,1092965974.03,16.7759286443,-6.5341,-5083987.78,47.92,92.7408,0.831525948469,-0.28,-0.057120227608,3.6699290365,贵金属,2024-04-26,2023-03-31
002703,浙江世宝,0.0115,345001524.92,32.3701302667,-24.9441,9070150.47,324.93,-4.7538,1.775141578224,0.65,-0.021034050447,22.6877146349,汽车零部件,2024-04-26,2023-03-31
002702,海欣食品,0.0288,400856642.59,5.9935595533,-23.8927,13840071.75,-28.46,43.2439,1.774990119831,1.64,0.241802107996,20.7685182094,食品加工,2024-04-26,2023-03-31
002694,*ST顾地,-0.02,184501508.59,-23.1772175024,-18.7784,-11240306.43,37.95,74.5791,0.018434180475,-67.59,-0.051016237964,14.8044327164,装修建材,2024-04-26,2023-03-31
002690,美亚光电,0.1423,406964645.2,1.262024631,-34.1073,125032072.76,10.05,-27.8022,3.159079898863,4.6,0.00095816617,53.7884719427,专用设备,2024-04-26,2023-03-31
002682,龙洲股份,-0.07,720790817.18,-15.5159828707,-51.7949,-38745319.41,-105.26,3.3919,3.237907948857,-1.7,0.027422037174,2.5603694109,物流,2024-04-26,2023-03-31
002668,TCL智家,0.1626,3368825392.77,69.3400041603,-58.5289,176280979.99,660.11,25.0454,0.915998722901,16.67,0.487978081825,22.1585949928,白色家电,2024-04-26,2023-03-31
002667,*ST威领,0.004,313604595.99,122.4938275115,-45.8734,886742.84,-96.95,145.8446,3.307283023863,0.11,-0.878181013642,27.3834449616,专用设备,2024-04-26,2023-03-31
002657,中科金财,-0.04,265017608.66,73.4912859326,-46.6769,-14001881.36,27.15,91.0628,5.862149266789,-0.71,-0.219476543472,14.1382162753,IT服务Ⅱ,2024-04-26,2023-03-31
002645,华宏科技,-0.1028,1764103722.33,-24.9506789907,-8.5352,-59088586.31,-123.25,-1355.2474,6.547934715773,-1.49,0.349533199225,8.021965127,环保设备Ⅱ,2024-04-26,2023-03-31
002634,*ST棒杰,0.01,100823094.74,-36.4796655714,-9.3412,3814507.08,-68.48,-66.5711,2.008114820654,0.41,0.03240704413,28.1900098418,服装家纺,2024-04-26,2023-03-31
002611,东方精工,0.07,907101141.8,42.6244900867,-37.9476,84973342.92,128.98,-69.0849,3.301319034699,2.08,0.084151014474,27.9623519663,专用设备,2024-04-26,2023-03-31
002582,好想你,0.03,414803269.13,11.3815245931,-2.4423,12270704.18,43.22,109.0026,9.536805363459,0.29,0.263761876866,26.7096099947,休闲食品,2024-04-26,2023-03-31
002578,闽发铝业,0.0103,559556412.64,35.5926506816,-35.6443,9671343.33,-39.57,-9.0315,1.626372287146,0.64,-0.027538438278,6.001896549,工业金属,2024-04-26,2023-03-31
002576,通达动力,0.1542,501169765.55,12.2260093571,27.0069,25460215.67,151.82,35.3582,6.926508181769,2.25,0.026729118716,15.3771990765,电机Ⅱ,2024-04-26,2023-03-31
002574,明牌珠宝,0.09,1230169761.56,4.6396471637,76.8877,45762007.63,28.17,120.2518,5.63896993197,1.55,0.229623194413,10.8335259079,饰品,2024-04-26,2023-03-31
002568,百润股份,0.18,760062438.72,41.1104498474,-19.8494,187852562.01,104.73,-13.1869,3.599715420638,4.87,0.058727212627,65.4542497506,非白酒,2024-04-26,2023-03-31
002566,益盛药业,0.0867,250973766.69,11.2765273724,21.1803,28702562.15,5.41,26.0923,6.598187613989,1.32,0.242713680339,71.8621944551,中药Ⅱ,2024-04-26,2023-03-31
002559,亚威股份,0.0909,509631582.98,-1.400142469,64.7956,49980960.34,20.24,150.6348,3.210899269751,2.84,0.15240319941,24.1700878446,通用设备,2024-04-26,2023-03-31
002550,千红制药,0.0672,608218905.42,10.1405812455,-7.1023,85946847.7,-32.98,56.2215,1.981759845906,3.45,-0.021941171089,39.2489408604,化学制药,2024-04-26,2023-03-31
002549,凯美特气,-0.0143,139404388.57,-30.768057667,-54.6245,-8925036.13,-115.86,-117.8439,1.948180187507,-0.72,0.137984655249,23.4531864422,化学制品,2024-04-26,2023-03-31
002533,金杯电工,0.157,2959331924.98,8.4456598137,-17.8107,114898262.24,54.19,8.0454,5.097718915242,3.12,-1.073715173631,11.6113070788,电网设备,2024-04-26,2023-03-31
002530,金财互联,-0.011,301149597.35,22.8479891215,-5.4423,-8925726.14,77.54,96.2872,1.745851981545,-0.65,-0.097795934558,25.8390067444,通用设备,2024-04-26,2023-03-31
002524,光正眼科,-0.02,216369656.47,16.2251140268,10.8549,-7849394.18,78.24,96.27,0.515341074628,-2.96,0.004646697373,34.7563634601,医疗服务,2024-04-26,2023-03-31
002516,旷达科技,0.0225,314514365.29,-27.4147410137,-32.3586,33138414.12,-36.56,-32.337,2.563327764431,0.89,0.028825446243,25.122881229,汽车零部件,2024-04-26,2023-03-31
002498,汉缆股份,0.0519,1579466544.93,-8.6311538021,-41.155,175207706.16,29.65,47.1151,2.172797883949,2.45,0.030950961457,24.8975008019,电网设备,2024-04-26,2023-03-31
002495,佳隆股份,-0.0017,68283570.46,23.8527258966,72.9046,-1549438.04,29.0,97.0721,1.242064646724,-0.13,-0.010228100343,20.1972568615,调味发酵品Ⅱ,2024-04-26,2023-03-31
002484,江海股份,0.1836,1182598365.6,20.4902611108,-6.4444,154383125.06,31.35,-11.9913,6.015945452969,3.1,0.13288021371,25.7887650314,元件,2024-04-26,2023-03-31
002481,双塔食品,-0.0508,523909959.95,16.6312917201,-1.571,-60610480.14,-217.73,47.158,1.860911781504,-2.0,0.03838909128,-4.9049857942,农产品加工,2024-04-26,2023-03-31
002479,富春环保,0.02,939199160.54,-9.5502001258,-27.871,16588271.99,-17.94,-86.9207,4.640082841965,0.41,0.023507633491,13.8526783505,电力,2024-04-26,2023-03-31
002478,常宝股份,0.22,1821589303.91,68.1515678006,5.0325,198581019.29,410.18,59.1038,5.339660481161,4.24,0.359147405148,18.9270080462,特钢Ⅱ,2024-04-26,2023-03-31
002452,长高电气,0.0329,227434508.89,0.5423911015,-46.4304,20404980.9,-28.22,178.7198,3.416707049273,0.97,0.031901956047,27.478429507,电网设备,2024-04-26,2023-03-31
002446,盛路通信,0.08,345397467.73,-9.1168113931,2.4619,73255076.15,17.99,42.1905,3.512619443972,2.31,-0.063741995254,38.5442372884,军工电子Ⅱ,2024-04-26,2023-03-31
002430,杭氧股份,0.28,3288159440.36,20.2352326183,8.2655,276256501.77,-14.2,598.5408,8.873651048518,3.31,0.399564395167,24.6348901591,化学制品,2024-04-26,2023-03-31
002429,兆驰股份,0.0846,3694655075.8,-1.0203175702,-9.3528,382994527.02,10.82,44.4543,3.09170807715,2.77,0.031747265817,18.329623034,黑色家电,2024-04-26,2023-03-31
002418,康盛股份,0.0061,506324874.29,-51.0901623376,-50.2172,6912801.67,164.07,-56.696,1.323632072061,0.45,0.039062862399,9.7666386881,家电零部件Ⅱ,2024-04-26,2023-03-31
002416,爱施德,0.141,24998840472.9,3.9598458504,6.3568,174705638.63,-12.87,76.0395,4.926248286413,2.91,1.33153860875,2.9178443662,专业连锁Ⅱ,2024-04-26,2023-03-31
002409,雅克科技,0.3656,1071037362.75,10.9754243506,-1.9524,172905265.22,16.39,183.7357,13.964225775224,2.6,0.243765728813,32.4737256408,半导体,2024-04-26,2023-03-31
002407,多氟多,0.14,2471916465.23,-6.8626595375,-19.2726,109665753.95,-85.02,-49.8566,8.385598895428,1.68,-0.092400018676,15.8679418062,化学制品,2024-04-26,2023-03-31
002396,星网锐捷,0.1387,3352629155.06,13.6300116542,-31.8774,80885930.41,-31.35,217.3878,10.391387234238,1.32,-1.39091491305,34.5974071644,通信设备,2024-04-26,2023-03-31
002395,双象股份,0.0246,288465430.26,-9.4973826118,-24.4609,6592846.24,210.78,110.0261,3.228622811837,0.76,-0.020186988766,12.1244883272,塑料,2024-04-26,2023-03-31
002380,科远智慧,0.0422,282187257.28,13.7690087553,10.9251,10138108.81,121.41,102.0439,7.233575445494,0.57,-0.153085593241,37.8541088388,IT服务Ⅱ,2024-04-26,2023-03-31
002358,森源电气,0.0145,513727157.11,12.1716215083,-32.3223,13451245.78,60.36,171.4284,3.338127444297,0.43,-0.022378271693,23.811790953,电网设备,2024-04-26,2023-03-31
002357,富临运业,0.159,197964098.87,9.2828276279,-1.0431,49858340.28,8.58,627.3152,4.330129695987,3.74,0.069686038494,17.7772938835,铁路公路,2024-04-26,2023-03-31
002353,杰瑞股份,0.35,2279760202.42,24.9168891147,-46.9345,351380194.73,61.13,-53.1275,17.125576289508,2.02,0.119960381505,36.0867958203,专用设备,2024-04-26,2023-03-31
002351,漫步者,0.0857,542904191.62,13.496153034,-20.446,76205152.4,38.18,1.8236,2.670281952296,3.26,-0.055005728512,34.5246381375,消费电子,2024-04-26,2023-03-31
002348,高乐股份,-0.0172,40770723.55,-36.6260512958,-32.4768,-16288883.65,67.35,40.4707,0.588661363672,-2.88,-0.004208171738,16.6797085945,文娱用品,2024-04-26,2023-03-31
002346,柘中股份,0.08,151841709.81,1.5679236536,-33.4323,33937004.71,-7.76,-76.9229,6.214115659306,1.24,0.08958946297,24.2673065761,电网设备,2024-04-26,2023-03-31
002338,奥普光电,0.09,189742084.4,63.5709220506,-20.4041,21104494.68,23.04,71.2125,4.824396728667,1.84,-0.442910868708,38.3984129722,军工电子Ⅱ,2024-04-26,2023-03-31
002335,科华数据,0.31,1490074914.39,50.0168461667,-25.7124,143530149.14,46.32,458.9471,8.347893171639,3.78,0.412677732427,29.7198476851,其他电源设备Ⅱ,2024-04-26,2023-03-31
002333,罗普斯金,0.0354,387620217.22,34.4843435408,-8.4244,23601462.08,957.56,170.5389,2.743083113719,1.22,-0.061036555021,13.5686838621,装修建材,2024-04-26,2023-03-31
002327,富安娜,0.14,619871651.98,-7.5667241066,-43.5163,111009009.72,5.28,-46.1658,4.677538950348,2.9,0.137875832316,54.337536723,服装家纺,2024-04-26,2023-03-31
002326,永太科技,0.029,1005914813.82,-42.0989886544,-30.8644,25302343.08,-93.51,1059.6115,3.940254628305,0.74,0.172371021327,24.808076889,化学制品,2024-04-26,2023-03-31
002324,普利特,0.1,1908487697.52,47.0537597592,-22.965,103569593.95,324.03,110.2569,2.885279921949,3.59,0.040087646523,13.8854990427,塑料,2024-04-26,2023-03-31
002323,*ST雅博,0.0025,129064029.69,55.4898581379,-29.1308,5373393.12,17.63,126.2067,0.316366986586,0.8,0.040422571472,25.6262812958,专业工程,2024-04-26,2023-03-31
002322,理工能科,0.05,142874189.21,-1.0859619147,-66.176,16885082.47,-12.28,-81.4763,8.181943637256,0.55,-0.140938786828,64.8278826747,软件开发,2024-04-26,2023-03-31
002315,焦点科技,0.1561,346067683.77,-0.5148704751,-4.5884,48584409.56,19.79,-21.2329,6.488217435347,2.13,-0.099999587147,78.5552990119,互联网电商,2024-04-26,2023-03-31
002314,南山控股,0.0338,5134991470.03,392.8814012045,-28.9705,91647024.44,172.82,-90.3638,3.811422665259,0.89,0.220213742373,20.8905817077,房地产开发,2024-04-26,2023-03-31
002307,北新路桥,0.0057,1725058169.61,-4.8607123912,-42.6385,7292380.5,-14.84,58.056,2.705455391566,0.21,-0.354985545792,17.5327561515,基础建设,2024-04-26,2023-03-31
002303,美盈森,0.0249,787784630.04,-14.7263511373,-29.761,38200775.7,-7.17,57.2554,3.28989429532,0.77,0.052366648721,23.1109946574,包装印刷,2024-04-26,2023-03-31
002299,圣农发展,0.0726,4537238745.36,34.2732667542,1.6307,89448233.24,236.91,-59.0944,8.073880659922,0.9,0.299734847579,8.6134236745,养殖业,2024-04-26,2023-03-31
002298,中电鑫龙,-0.0368,493478971.64,-36.892459724,195.7445,-26367370.36,-139.47,97.3385,5.648058991973,-0.63,-0.060000306143,32.3375818912,电网设备,2024-04-26,2023-03-31
002284,亚太股份,0.052,879622873.55,-8.4053996042,-20.3136,38200205.66,60.38,39.9725,3.415025474768,1.42,0.27654300451,15.9587766668,汽车零部件,2024-04-26,2023-03-31
002281,光迅科技,0.13,1268270914.24,-25.9162413275,-22.2434,102167953.22,-28.62,-12.1263,9.923817509534,1.42,0.26894079397,22.0437703696,通信设备,2024-04-26,2023-03-31
002268,电科网安,-0.0437,413167921.24,-36.5656577134,-70.0423,-36954112.11,-2.49,-114.3759,6.145717801891,-0.71,-0.384254578525,52.3865577948,计算机设备,2024-04-26,2023-03-31
002261,拓维信息,0.0335,696215270.03,42.7150657519,9.3478,41816374.29,3.38,103.7478,2.013445560135,1.67,-0.156720107675,27.2227728576,软件开发,2024-04-26,2023-03-31
002243,力合科创,0.0414,561737009.32,19.6869774687,-38.71,50179113.31,44.09,-78.3163,5.706418198019,0.73,-0.024190778869,24.6972492783,化妆品,2024-04-26,2023-03-31
002239,奥特佳,0.011,1400376052.38,2.9462770171,-17.0976,35087114.92,154.2,-52.6456,1.711669633026,0.63,0.027350959064,14.9544154511,汽车零部件,2024-04-26,2023-03-31
002237,恒邦股份,0.11,16648867518.59,46.1884755058,7.3471,123204039.4,1.77,30.4786,7.328018446406,1.48,-0.417811873849,2.6330173017,贵金属,2024-04-26,2023-03-31
002219,新里程,0.0066,785496041.53,3.212414214,-5.7978,21753552.69,1707.56,-50.2886,0.593338650692,1.19,0.011274709648,29.8317736463,医疗服务,2024-04-26,2023-03-31
002216,三全食品,0.32,2372685088.36,1.2884158122,13.0266,279299453.25,7.03,1.5003,4.736492375189,6.94,-0.310194683241,28.2815880144,食品加工,2024-04-26,2023-03-31
002213,大为股份,0.0034,106302822.88,-34.0207901202,-46.4069,813713.53,-60.8,-73.8892,2.84919501,0.12,-0.144478344364,9.884080512,半导体,2024-04-26,2023-03-31
002207,*ST准油,-0.04,29073986.92,16.926465131,-51.7181,-11465535.44,-162.28,7.4109,0.358011016015,-11.53,0.038877642,-33.0968023631,油服工程,2024-04-26,2023-03-31
002200,交投生态,0.0082,119875605.77,2714.2698914361,-68.2844,1502922.42,106.94,-94.2708,0.287029092195,2.9,-0.438937093476,19.590474942,基础建设,2024-04-26,2023-03-31
002190,成飞集成,0.0071,340205015.47,12.6742079786,-30.567,2530519.16,-78.35,-79.1111,9.047877527404,0.08,-0.029568722595,12.7638825283,汽车零部件,2024-04-26,2023-03-31
002189,中光学,-0.2496,575865452.27,-32.1870055168,-24.0208,-65323479.5,-126.11,59.4623,4.89190164721,-4.19,-0.154010836438,5.2018806688,军工电子Ⅱ,2024-04-26,2023-03-31
002171,楚江新材,0.07,9579626978.11,1.4385709534,-11.1017,94691700.78,-16.94,181.8774,4.550908109538,1.52,-0.892424418453,4.1672171284,工业金属,2024-04-26,2023-03-31
002164,宁波东力,0.02,330417447.12,-7.1687450269,-18.6755,8943952.15,-76.7,111.1962,2.436222744639,0.69,-0.160211399609,21.7208805363,通用设备,2024-04-26,2023-03-31
002163,海南发展,-0.04,747013684.04,41.5908473355,-40.4197,-34062183.02,19.97,53.4409,1.550594835991,-2.57,-0.31710526622,4.240617256,装修装饰Ⅱ,2024-04-26,2023-03-31
002162,悦心健康,-0.0083,221065012.52,18.5211166706,-29.3608,-7672898.23,49.83,96.0215,1.078705964933,-0.77,-0.047139097701,24.0955691825,家居用品,2024-04-26,2023-03-31
002161,远望谷,-0.013,105788832.26,27.6013963994,-41.3241,-9639283.89,75.95,-113.8533,1.941984856049,-0.67,0.028353373227,39.181204362,其他电子Ⅱ,2024-04-26,2023-03-31
002152,广电运通,0.1,1474962867.0,5.1442931766,-46.2475,235944942.5,4.91,47.4157,4.756957640191,2.01,-0.281360128445,39.4749426238,计算机设备,2024-04-26,2023-03-31
002134,天津普林,0.03,144703025.7,-7.6372798472,-1.2131,7016643.82,111.76,754.0574,1.827155159691,1.57,0.114590857779,15.5624136407,元件,2024-04-26,2023-03-31
002129,TCL中环,0.56,17618702733.57,31.7991809935,2.6416,2253144621.35,71.9,23.9346,12.331890634136,5.82,0.321234538438,23.0113094581,光伏设备,2024-04-26,2023-03-31
002127,南极电商,0.0151,610811531.76,-35.445588781,-16.6816,35651427.83,-74.37,106.5162,1.804396417203,0.81,-0.081812610399,15.0525819863,互联网电商,2024-04-26,2023-03-31
002123,梦网科技,0.01,1035238617.77,49.428663297,-38.2247,11009438.57,128.16,101.4861,4.283848880189,0.32,0.107463030419,9.5538211358,通信服务,2024-04-26,2023-03-31
002122,ST汇洲,0.0282,198989809.2,20.1612909109,62.076,56054674.86,138.04,-85.3561,1.090438419772,2.62,-0.027679744096,23.268382771,通用设备,2024-04-26,2023-03-31
002121,科陆电子,-0.0296,638649818.3,10.0685119292,-55.7743,-41620023.29,11.44,-3017.9319,0.43704006197,-6.59,0.011528640689,32.8593734903,电网设备,2024-04-26,2023-03-31
002116,中国海诚,0.12,1211284915.65,9.7787041187,-36.8989,51834850.93,31.9,59.3284,3.978221023418,3.09,-0.803036251592,13.5776879333,专业工程,2024-04-26,2023-03-31
002109,ST兴化,-0.1055,671134393.84,-28.5495101504,-10.2784,-111100451.62,-149.84,-25.7144,4.256946162777,-1.85,-0.057238641959,-9.4992066813,化学原料,2024-04-26,2023-03-31
002108,沧州明珠,0.0495,625439435.65,22.7031412988,-15.3763,82763445.15,41.69,271.0689,3.106787443064,1.6,-0.056279316039,15.8049901678,塑料,2024-04-26,2023-03-31
002080,中材科技,0.2462,5043464284.15,8.1882804176,-42.5594,413114388.11,-43.01,-61.7212,10.54430361779,2.23,-0.74044598884,25.1750528937,玻璃玻纤,2024-04-26,2023-03-31
002075,沙钢股份,0.0235,3884224183.72,-16.2576623479,-8.801,51489574.57,-73.88,87.8998,2.926590448657,0.8,0.044515470443,5.1764852269,特钢Ⅱ,2024-04-26,2023-03-31
002063,远光软件,0.0041,456423800.06,24.5823998198,-41.5281,7852060.32,4.99,-95.5799,1.993035227107,0.25,-0.188277314737,53.9296362564,软件开发,2024-04-26,2023-03-31
002053,云南能投,0.1988,672996370.82,7.9837416136,-24.2338,183085764.3,38.16,145.5534,7.309509422281,2.75,0.107802400673,51.5578173159,电力,2024-04-26,2023-03-31
002049,紫光国微,0.6868,1544659186.58,15.1618531609,-29.443,583480730.05,10.03,-1.233,11.897677365585,5.84,0.209739602546,66.5770102845,半导体,2024-04-26,2023-03-31
002048,宁波华翔,0.2453,4636619344.07,10.5047849902,-17.8457,199659342.29,1.59,4.3982,13.868661572077,1.27,-0.125395129376,16.3122066341,汽车零部件,2024-04-26,2023-03-31
002039,黔源电力,-0.0363,219611699.28,-60.6825777948,16.1566,-15516124.28,-117.7,88.925,8.570426586864,-0.42,1.020185637426,35.416000903,电力,2024-04-26,2023-03-31
002035,华帝股份,0.1087,1194945843.39,6.2442314784,-23.3707,92165833.34,15.86,167.0175,4.003050113791,2.75,0.039150553216,39.6286944525,厨卫电器,2024-04-26,2023-03-31
002032,苏泊尔,0.545,4962675878.22,-11.5633208884,-4.3755,437905012.74,-18.63,-42.2867,9.155379208722,6.07,0.931213661742,25.2203688601,小家电,2024-04-26,2023-03-31
002025,航天电器,0.49,1782508589.39,16.309319949,35.6632,219621738.62,38.07,93.5797,13.040171081527,3.79,-0.64117871217,35.9445327307,军工电子Ⅱ,2024-04-26,2023-03-31
002015,协鑫能科,0.1917,2715330074.0,4.2104840796,2.4625,310601033.38,91.07,1502.4568,6.500914938095,2.75,0.344897708395,19.8347519904,电力,2024-04-26,2023-03-31
002014,永新股份,0.13,785193517.97,8.4540144419,-14.1994,77955186.87,19.6,-30.8775,3.447674146239,3.49,-0.185419421554,24.4153087019,包装印刷,2024-04-26,2023-03-31
002012,凯恩股份,0.11,285349443.12,-9.498713834,-13.2558,49389936.9,249.07,542.1053,3.299259737456,3.25,0.206085090617,12.7721716578,造纸,2024-04-26,2023-03-31
002009,天奇股份,-0.81,748660079.22,-20.6603502571,-32.1282,-298843871.04,-435.31,-10888.1404,4.996831167331,-15.78,0.087410357754,-1.3798228698,专用设备,2024-04-26,2023-03-31
002007,华兰生物,0.1928,880663132.35,37.4630235489,-3.7149,351676291.89,50.37,100.1999,5.895250843481,3.33,0.202386824561,63.0605566658,生物制品,2024-04-26,2023-03-31
001914,招商积余,0.174,3305810768.0,30.2849388475,-14.0623,184527761.81,27.24,52.4503,8.803132081191,2.0,-0.871416449833,12.2482557731,房地产服务,2024-04-26,2023-03-31
001339,智微智能,0.15,796325723.39,25.1374743735,-13.9414,35921790.86,-7.62,82.2305,7.605376122324,1.91,-0.031477006426,13.150285218,计算机设备,2024-04-26,2023-03-31
001338,永顺泰,0.07,1075033560.18,23.3142638831,-5.6338,35051361.12,215.15,-5.1748,6.505684925455,1.08,1.958364851103,4.5692852772,农产品加工,2024-04-26,2023-03-31
001337,四川黄金,0.16,177727902.63,60.0612504563,48.0297,61855940.09,49.62,62.0676,3.081869107976,6.17,0.199559958548,54.511331539,贵金属,2024-04-26,2023-03-31
001319,铭科精技,0.1274,184439643.22,-19.4562656531,-7.189,18017256.29,-25.06,33.7576,8.386751421429,1.53,0.049937027723,26.369602587,汽车零部件,2024-04-26,2023-03-31
001298,好上好,0.0309,1226361659.27,-36.5691101741,3.6555,4303526.43,-75.95,129.3461,15.616478331979,0.29,-0.687946747708,5.4471463875,其他电子Ⅱ,2024-04-26,2023-03-31
001289,龙源电力,0.2728,9866566688.12,-5.3328810664,2.2015,2335513557.41,3.59,1069.6833,7.897150169879,3.45,0.462574921954,40.0211147338,电力,2024-04-26,2023-03-31
001287,中电港,0.1249,8248067064.69,-37.2513489584,-5.8757,71164831.66,-46.87,-44.5133,4.943886284768,2.55,-0.208606454642,3.770984068,其他电子Ⅱ,2024-04-26,2023-03-31
001286,陕西能源,0.2854,5109420883.7,0.203024175,-4.8754,856238005.28,13.33,88.1826,5.327986978037,5.53,0.783726051377,47.1933551973,电力,2024-04-26,2023-03-31
001268,联合精密,0.15,168679116.01,-3.6762639615,17.2137,16079162.04,-31.99,58.8068,8.819335153401,1.62,0.315754537519,20.5767192946,家电零部件Ⅱ,2024-04-26,2023-03-31
001234,泰慕士,0.13,193924254.27,-9.0366985512,41.5288,13870903.6,-46.78,174.5725,8.412072944883,1.56,-0.148132995208,18.0521251154,服装家纺,2024-04-26,2023-03-31
001231,农心科技,0.17,160315364.24,-3.2084400519,-3.3021,16857684.91,-43.94,-50.4053,9.2538438662,1.84,-0.324188844,33.6786490839,农化制品,2024-04-26,2023-03-31
001230,劲旅环境,0.29,337936451.51,18.2758089946,-0.1843,32012278.46,5.61,-23.0338,15.106248890733,1.96,-0.203780600436,24.0511437896,环境治理,2024-04-26,2023-03-31
001226,拓山重工,0.16,167013625.02,-22.9559011656,-3.5736,11663779.21,-54.71,5.6014,10.331860530464,1.52,-1.11772522048,13.1732341163,工程机械,2024-04-26,2023-03-31
001218,丽臣实业,0.31,719828585.52,11.8488474636,-17.4535,38657288.87,27.5,-8.9067,16.67069076184,1.86,0.545006374366,12.9505587601,化学制品,2024-04-26,2023-03-31
001213,中铁特货,0.03,2376899235.76,13.2541739919,-3.7804,138207231.79,18.58,300.4716,4.151145776835,0.75,-0.017229630217,7.3552793711,铁路公路,2024-04-26,2023-03-31
001209,洪兴股份,0.23,348144590.51,14.221336325,-24.9839,30597283.23,29.79,267.594,9.609939196133,2.45,-0.044469539407,37.4236133812,服装家纺,2024-04-26,2023-03-31
001208,华菱线缆,0.03,817656964.12,16.0694760495,-6.974,18531444.53,-36.38,-29.47,2.807173365904,1.24,-0.43857800836,12.7475865398,电网设备,2024-04-26,2023-03-31
001206,依依股份,-0.01,283766177.08,-19.5136422788,-24.4929,-2254684.67,-112.31,-109.4883,13.687617921012,-0.12,0.548996337814,7.0019553332,个护用品,2024-04-26,2023-03-31
001205,盛航股份,0.264,292315804.3,61.8410897884,15.4422,45429346.33,15.81,32.1057,8.842316765823,3.02,0.184516226703,32.4056998857,航运港口,2024-04-26,2023-03-31
001202,炬申股份,0.08,238673138.06,-15.1262009327,-12.0696,10612714.82,0.43,9.4499,5.48563764472,1.51,-0.029641974146,12.2697340924,物流,2024-04-26,2023-03-31
000988,华工科技,0.31,2664844769.27,-6.7621040937,-15.6817,308100357.33,36.34,67.5756,8.399236001142,3.67,0.226028927727,21.1644220723,自动化设备,2024-04-26,2023-03-31
000970,中科三环,0.0832,2215361632.91,2.6135415082,0.3143,101140668.66,-39.12,-56.3287,5.381409231965,1.56,0.407919907773,17.2190073202,金属新材料,2024-04-26,2023-03-31
000966,长源电力,0.0806,3923397781.52,6.9240139991,6.3677,221492612.67,176.94,261.655,3.581159877959,2.28,0.159704308548,11.6713724855,电力,2024-04-26,2023-03-31
000963,华东医药,0.4316,10114531331.77,13.2319238006,2.6222,755284976.47,7.23,45.8799,11.011473766446,3.99,-0.14033832555,32.8617018226,化学制药,2024-04-26,2023-03-31
000962,东方钽业,0.1331,292021451.57,14.9443819514,11.5739,58664385.1,16.7,59.8716,3.53262894036,3.85,0.103170269146,13.372781657,小金属,2024-04-26,2023-03-31
000960,锡业股份,0.1624,11120939959.77,-26.0916955055,13.1287,267233238.52,-77.93,28029.8285,10.210058431259,1.61,0.525290822538,7.662478992,小金属,2024-04-26,2023-03-31
000953,中哲精化,-0.0043,57808350.06,41.1014000457,101.2569,-1569616.07,-9.65,98.3708,0.208551191358,-2.04,-0.013558875364,11.8275250425,化学制药,2024-04-26,2023-03-31
000952,广济药业,-0.1244,115290588.81,-13.4921994952,-55.8885,-44038541.85,-627.02,-244.5828,4.131824649554,-2.97,-0.178030885178,18.2839526345,化学制药,2024-04-26,2023-03-31
000948,南天信息,-0.0296,1860353451.17,20.7607571025,-42.1304,-11685200.15,29.71,-112.3124,6.149505658699,-0.48,-3.111991850243,11.4172372033,软件开发,2024-04-26,2023-03-31
000922,佳电股份,0.1849,1208117195.02,52.1173762101,12.2118,110278166.76,30.94,-11.4485,5.204876855838,3.33,-0.414078473654,21.5317007532,电机Ⅱ,2024-04-26,2023-03-31
000911,*ST广糖,0.0235,1169981826.3,45.0269846316,63.7959,9401870.18,118.06,106.4079,0.124037347484,20.81,-0.561494977099,10.9542448283,农产品加工,2024-04-26,2023-03-31
000910,大亚圣象,-0.08,1022171488.79,-22.7339209788,-50.8862,-43610565.65,-98.82,-145.054,11.720133447303,-0.68,0.20828589641,23.8325891469,家居用品,2024-04-26,2023-03-31
000905,厦门港务,0.1036,6036002235.71,-2.2515851008,123.4462,76827322.79,16.61,46.82,6.492273428838,1.61,0.264820379238,2.8456152331,航运港口,2024-04-26,2023-03-31
000899,赣能股份,0.0057,1700632669.37,129.0776623496,31.6394,5552397.67,647.05,103.725,4.794932357052,0.12,-0.071639719778,4.0474207834,电力,2024-04-26,2023-03-31
000869,张裕A,0.4,1131459036.0,-2.9615111806,2.1248,276778987.0,-4.75,4982.7183,15.840199057864,2.58,0.486645673588,58.7452032156,非白酒,2024-04-26,2023-03-31
000852,石化机械,0.0274,1932304047.17,19.3747412692,-15.7986,25743372.89,126.52,752.4372,3.107444579784,0.88,-0.068316079577,13.011595674,专用设备,2024-04-26,2023-03-31
000833,粤桂股份,0.0598,926066609.99,109.8953440432,1678.789,39948013.13,12.23,220.6917,4.995525548836,1.2,0.032053127034,13.7062066433,综合Ⅱ,2024-04-26,2023-03-31
000816,智慧农业,0.0034,267873988.82,-26.6483739119,0.071,4861473.68,-28.65,109.116,1.497830864753,0.23,-0.052405437073,13.8262467824,汽车零部件,2024-04-26,2023-03-31
000812,陕西金叶,0.0249,288215371.69,-2.5002046383,-18.9661,19164349.94,194.8,156.3374,2.295684291107,1.09,-0.040215429194,29.1268011549,包装印刷,2024-04-26,2023-03-31
000809,和展能源,-0.037,5981664.67,48.9905725102,-97.0028,-30431746.85,6.07,-154.3628,3.453020018205,-1.06,-0.013813595472,-16.4159777282,风电设备,2024-04-26,2023-03-31
000807,云铝股份,0.255,9442838701.91,-13.3472974222,-13.4802,884659246.11,-21.32,9.8473,6.700470179659,3.88,0.408792892495,15.7506693962,工业金属,2024-04-26,2023-03-31
000801,四川九洲,0.039,923704974.11,11.0483189152,-17.6569,39867632.25,22.97,-36.5303,2.833460200375,1.38,0.10174285164,23.3364661999,黑色家电,2024-04-26,2023-03-31
000798,中水渔业,-0.077,884929131.98,1101.8635284079,-96.6581,-28177430.62,-120.3372346175,-116.2518,2.474108352817,-1.14,-0.66561559898,0.7558315461,渔业,2024-04-26,2023-03-31
000796,凯撒旅业,-0.053,76798122.39,-36.8170011048,263.4506,-42494159.14,32.61,94.5216,-1.230454265421,,0.010466727683,25.5870884319,旅游及景区,2024-04-26,2023-03-31
000789,万年青,0.1153,1953814351.04,-28.5963817541,-32.514,92042558.2,-55.97,151.4553,8.655786573391,1.29,-0.005324835848,18.3744260978,水泥,2024-04-26,2023-03-31
000788,北大医药,0.028,498709845.17,3.4589420388,-4.1626,16705869.02,40.71,63.6374,2.348170026507,1.2,-0.219084543067,36.1222738221,化学制药,2024-04-26,2023-03-31
000785,居然智家,0.07,3246421972.27,4.5382208989,-8.6052,452678822.95,-10.25,297.9452,3.100884096668,2.26,0.211354372961,39.1987135794,一般零售,2024-04-26,2023-03-31
000778,新兴铸管,0.0855,11850911365.16,-8.8090355621,27.6712,341176665.91,-40.02,14.5166,6.278513635615,1.37,-0.688559318496,5.250418903,普钢,2024-04-26,2023-03-31
000767,晋控电力,-0.0984,5482884068.5,19.4449139836,0.3187,-141126555.17,-4942.13,80.7898,2.153790168986,-4.44,-0.144714179646,7.1135187689,电力,2024-04-26,2023-03-31
000762,西藏矿业,0.033,90036967.69,-74.4798358086,-89.8068,17397653.72,-86.82,-94.5167,5.714026998036,0.59,0.668900196853,75.7586766747,能源金属,2024-04-26,2023-03-31
000757,浩物股份,-0.028,700234314.48,-4.0343923962,-34.0633,-18208617.6,-126.34,74.3492,2.661344972324,-1.06,-0.004067939239,11.4415235905,汽车服务,2024-04-26,2023-03-31
000756,新华制药,0.23,2639665769.78,44.1452442864,28.785,151603818.36,39.72,28.7502,6.416444446891,3.59,-0.272660931872,31.3805904423,化学制药,2024-04-26,2023-03-31
000755,山西高速,0.0884,396846690.04,14.9267116031,-5.7197,129756293.38,33.16,64.9794,3.181601076198,2.66,0.191782981565,62.0126503903,铁路公路,2024-04-26,2023-03-31
000751,锌业股份,0.02,4625072595.78,-13.6194087204,2.1726,22488014.64,38.26,-66.1388,2.141104757926,0.75,0.161025197117,3.6935567793,工业金属,2024-04-26,2023-03-31
000738,航发控制,0.1852,1340923411.93,10.8085737758,12.7333,243566323.97,13.98,66.5303,8.680711135453,2.16,-0.232841684226,33.1153231593,航空装备Ⅱ,2024-04-26,2023-03-31
000737,北方铜业,0.1081,2589882048.74,-18.2252650309,1.3192,191539749.52,-24.05,569.2484,2.553669833467,4.09,0.072140608321,14.6342990907,工业金属,2024-04-26,2023-03-31
000716,黑芝麻,0.014,617885303.67,-9.2225441502,-37.3764,10354260.62,62.26,106.952,3.340710226572,0.42,0.167352118533,18.9651585131,休闲食品,2024-04-26,2023-03-31
000713,国投丰乐,0.013,614803976.65,10.9621686827,-42.9847,8010303.74,9.72,-85.2091,3.148410039931,0.42,-0.240631997838,12.709906822,种植业,2024-04-26,2023-03-31
000701,厦门信达,-0.0454,21014693716.12,-9.1892985309,10.1156,7175758.32,-4.52,-83.4704,0.849200398066,-4.78,-4.543976207762,1.2940622731,贸易Ⅱ,2024-04-26,2023-03-31
000681,视觉中国,0.0809,131982558.13,-14.8737241896,-22.2506,56649741.92,85.73,200.4886,4.87823013138,1.67,0.023630653443,56.5817119687,数字媒体,2024-04-26,2023-03-31
000678,襄阳轴承,-0.05,325408968.59,10.0099181184,58.4408,-21773136.12,22.14,46.7459,1.848368345014,-2.53,0.058055065654,5.7104072011,汽车零部件,2024-04-26,2023-03-31
000677,ST海龙,0.0106,239294388.05,0.4323759124,-3.7098,9157174.07,-41.03,28.6766,0.491045587335,2.18,0.059770201565,23.2988803057,化学纤维,2024-04-26,2023-03-31
000659,珠海中富,-0.0185,279083137.31,-11.346819826,28.0995,-23783060.49,-22.22,85.0408,0.294894494117,-6.09,0.020160945932,14.505346758,包装印刷,2024-04-26,2023-03-31
000657,中钨高新,0.07,3056863359.74,0.9841876406,-1.6668,99730022.76,-7.4,-26.6369,5.110438743583,1.83,-0.333975718944,17.2348335038,小金属,2024-04-26,2023-03-31
000628,高新发展,0.089,908824375.56,2.0577942918,-62.7306,31451902.84,173.36,-72.8944,5.028892282701,1.79,-3.829318183774,14.8362097613,房屋建设Ⅱ,2024-04-26,2023-03-31
000615,*ST美谷,-0.0295,325695325.87,4.3153571036,22.9378,-22505594.98,41.97,98.4905,-0.239126768637,,0.060447323686,27.935529439,医疗美容,2024-04-26,2023-03-31
000609,*ST中迪,-0.09,762086.25,-97.3118591323,-92.0469,-25646434.11,33.78,86.9127,1.826409764771,-4.59,-0.085819797377,-9.8772166536,房地产开发,2024-04-26,2023-03-31
000600,建投能源,-0.079,5351108359.4,-1.4135077875,19.6645,-141043175.46,-302.57,22.6484,5.379397874164,-1.46,-0.418237543657,6.1999661378,电力,2024-04-26,2023-03-31
000598,兴蓉环境,0.1276,1581689623.38,9.7236564009,-41.1578,378860193.62,7.37,56.1063,5.078279383079,2.53,-0.023616223326,42.1756970191,环境治理,2024-04-26,2023-03-31
000597,东北制药,0.049,2354060515.14,0.0247102978,5.1145,70050130.06,2.51,-68.4466,3.256800871027,1.51,0.079725167169,43.9505133681,化学制药,2024-04-26,2023-03-31
000590,古汉医药,0.0275,101199883.45,10.7570016535,575.2611,6584800.39,-47.33,169.1271,2.944208001246,0.94,-0.298207295157,53.2805690104,中药Ⅱ,2024-04-26,2023-03-31
000586,汇源通信,0.026,103317071.67,36.8653527777,-24.6213,5076775.73,32.63,782.8037,1.645759443807,1.61,-0.050430424524,33.1731987909,通信设备,2024-04-26,2023-03-31
000572,海马汽车,-0.0317,1036025330.99,44.5187742272,57.8721,-52101004.43,14.4838923516,96.223,1.245445680898,-2.51,-0.060681030277,7.8042926635,乘用车,2024-04-26,2023-03-31
000564,供销大集,-0.0047,367897182.44,1.5801932905,-4.4594,-90007119.05,-846.03,92.4738,0.587071628721,-0.8,-0.00131327276,42.1675798872,一般零售,2024-04-26,2023-03-31
000563,陕国投A,0.0653,603817495.84,85.1397021584,-7.7693,334076443.11,89.83,48.9922,3.236583585061,2.04,-0.165370966714,,多元金融,2024-04-26,2023-03-31
000560,我爱我家,0.022,3149475668.28,-9.4776451632,12.9533,51762988.23,121.45,159.5197,4.39577111991,0.5,0.46096101019,14.4792632079,房地产服务,2024-04-26,2023-03-31
000558,天府文旅,0.029,171808441.39,627.8330488041,38.3592,37407486.35,176.27,135.4469,0.847448870646,2.51,0.080679963633,58.8767926253,旅游及景区,2024-04-26,2023-03-31
000557,西部创业,0.0544,377687367.46,-9.5784767441,-34.5573,79342022.17,11.84,655.8759,3.897891328047,1.41,0.219709989065,28.5306366016,铁路公路,2024-04-26,2023-03-31
000553,安道麦A,0.036,8610576000.0,-4.4966216138,-7.454,83273000.0,-80.53,152.4544,9.847670672292,0.36,-1.246953956709,24.5946844903,农化制品,2024-04-26,2023-03-31
000532,华金资本,0.0426,83186031.83,-28.0674805585,-36.0961,14669520.92,4.77,-24.7708,3.805209281156,1.12,0.292636474969,33.7126076374,多元金融,2024-04-26,2023-03-31
000520,凤凰航运,-0.0084,230047629.18,3.3336326242,-22.3703,-8463970.5,-179.69,-400.5475,0.538236976831,-1.54,-0.012867239935,1.2595597835,航运港口,2024-04-26,2023-03-31
000519,中兵红箭,-0.0246,776168384.52,-43.8306969272,-58.5846,-34282587.36,-112.18,44.6735,6.981851723549,-0.35,-0.510152465858,24.8520945992,地面兵装Ⅱ,2024-04-26,2023-03-31
000516,国际医学,-0.0328,1059092457.42,247.396663907,32.8741,-74740547.17,82.55,78.6207,1.839263968307,-1.75,0.097980819943,8.1869204206,医疗服务,2024-04-26,2023-03-31
000423,东阿阿胶,0.3577,1069042839.05,20.0568304175,7.4068,230335474.7,100.86,-13.7643,16.145613139189,2.21,1.037271040709,70.7826060649,中药Ⅱ,2024-04-26,2023-03-31
000421,南京公用,-0.0038,1366402000.34,-3.5562495828,-62.9303,-2174821.01,83.37,-102.5764,4.957972130083,-0.08,2.779363173108,10.5085568628,综合Ⅱ,2024-04-26,2023-03-31
000419,通程控股,0.0554,533228812.19,0.3905324462,-7.3947,30092991.97,-38.8,344.7362,5.857403254285,0.95,-0.180436408516,26.2797198861,一般零售,2024-04-26,2023-03-31
000153,丰原药业,0.1386,1206114496.19,22.0306131425,5.9348,46024429.74,23.74,64.7936,5.368136614411,2.63,0.060358333773,28.1693967682,化学制药,2024-04-26,2023-03-31
000151,中成股份,-0.0995,1180654178.64,96.6358098723,-41.8296,-33579516.53,-2480.7,89.2494,1.987607151501,-4.37,0.304505521919,5.3370857479,贸易Ⅱ,2024-04-26,2023-03-31
000099,中信海直,0.0885,404919016.51,12.1941643729,-17.9697,68654095.99,-3.43,150.4784,6.430099627346,1.39,0.266975246393,15.211948251,航空机场,2024-04-26,2023-03-31
000090,天健集团,0.1152,3228740728.41,-16.3675562568,-76.2176,215286049.37,-76.3,-59.4588,5.783356013954,1.97,0.517341601339,18.9324235799,房地产开发,2024-04-26,2023-03-31
000063,中兴通讯,0.56,29142882000.0,4.3415654649,-4.1208,2642269000.0,19.2,109.6533,12.913552118107,4.41,0.49098296073,44.4947174408,通信设备,2024-04-26,2023-03-31
000058,深赛格,0.0267,445269320.85,-5.7175894792,-13.7437,32905373.52,-2.41,1054.8652,1.594211255336,1.69,-0.014929304083,24.0522886386,一般零售,2024-04-26,2023-03-31
000037,深南电A,-0.0517,111067616.64,47.9114688809,-33.9593,-31147959.3,19.79,-77.1424,2.363605033714,-2.16,-0.061160439939,-14.2032752185,电力,2024-04-26,2023-03-31
000028,国药一致,0.65,18686817786.5,8.9555923925,-0.7413,362205346.22,43.53,-17.505,38.512151975107,2.22,0.490474734525,11.4160795675,医药商业,2024-04-26,2023-03-31
000019,深粮控股,0.0915,1338942951.54,-38.7050717868,-31.2554,105444874.99,-23.28,3.1696,4.224194715713,2.19,-0.162095172405,18.5208491926,农产品加工,2024-04-26,2023-03-31
000014,沙河股份,0.6675,389370140.21,172.883968438,-0.8574,161573954.98,929.34,153.8056,5.487533117889,12.95,1.67540215868,67.2050781755,房地产开发,2024-04-26,2023-03-31
920964,润农节水,0.04,122111110.88,61.2279000301,-47.1293,10834918.16,6.26,15.0558,3.398080155891,1.23,-0.195085081276,20.1777504295,农业综合Ⅱ,2024-04-25,2023-03-31
920950,迅安科技,0.22,51141172.12,14.0481028574,17.0681,10256109.83,49.99,29.199,5.356138356596,4.17,0.022389113191,40.3572638921,通用设备,2024-04-25,2023-03-31
920931,无锡鼎邦,0.12,83381299.53,25.3894021145,-32.8417,8114880.47,106.36,-48.7251,2.786563223075,4.57,0.358025797791,22.4743339521,专用设备,2024-04-25,2023-03-31
920924,广脉科技,0.06,55011742.41,5.211528863,-54.9059,4632150.27,512.28,390.475,3.10507015241,1.81,-0.371026153133,23.6715495811,通信服务,2024-04-25,2023-03-31
920914,远航精密,0.14,202365485.56,-6.7338306594,-5.5858,13574106.56,-29.34,45.7835,8.6819930457,1.56,-0.6194431602,12.5392249473,电池,2024-04-25,2023-03-31
920873,中设咨询,-0.07,18993911.61,-19.0025349621,-63.8988,-10512509.41,38.05,-2.8837,2.72866428467,-2.48,-0.15434612217,-23.665359839,工程咨询服务Ⅱ,2024-04-25,2023-03-31
920870,恒进感应,0.08,11634968.5,-57.0417327493,-77.6477,5103781.32,-51.45,-75.8718,6.916655932537,1.11,0.01054876806,45.0799278056,通用设备,2024-04-25,2023-03-31
920826,盖世食品,-0.05,96456344.74,28.6862790946,5.2611,-5000119.96,-216.31,-191.9991,3.123845350057,-1.62,0.315221142189,15.7516363812,食品加工,2024-04-25,2023-03-31
920819,颖泰生物,0.06,1642558394.27,-27.1014223809,10.8412,70545123.01,-72.89,-48.4167,4.886378366365,1.18,-0.153015852072,19.7372830422,农化制品,2024-04-25,2023-03-31
920810,春光智能,0.11,51045814.36,27.8477719464,-16.2672,7684095.67,33.17,-6.7265,4.229751181606,7.61,-0.041144339562,41.6001345384,专用设备,2024-04-25,2023-03-31
920808,曙光数创,0.31,204758201.62,7099.030771166,-42.8956,61798835.21,1194.072330439,-41.6782,8.118066004647,10.04,0.292220170937,43.2133697502,计算机设备,2024-04-25,2023-03-31
920770,艾能聚,0.1,93769396.23,-5.5639778688,-18.7685,11119896.17,-31.98,59.5382,4.188276558968,2.45,-0.005421590932,17.6923534405,光伏设备,2024-04-25,2023-03-31
920699,海达尔,0.12,43370102.2,-38.6623344438,-27.3123,4124306.58,-49.3064369447,-21.9639,,3.82,,17.7871724268,家电零部件Ⅱ,2024-04-25,2023-03-31
920693,阿为特,0.11,53604100.62,-3.2989456059,-12.9053,6579108.78,-12.26,-36.0313,4.803656015033,7.84,0.170139574673,34.3621498112,通用设备,2024-04-25,2023-03-31
920675,秉扬科技,0.09,102003787.85,36.1801354147,-40.5221,16111225.97,-3.65,3.8514,3.24297473333,2.94,0.172033490517,27.5973648169,非金属材料Ⅱ,2024-04-25,2023-03-31
920642,通易航天,0.03,42664837.59,0.0690947303,-13.1099,2700550.95,-24.78,-69.3009,2.549774965396,1.03,-0.121728946748,35.3487344893,航空装备Ⅱ,2024-04-25,2023-03-31
920599,同力股份,0.3576,1621351135.32,23.1617442513,36.465,158260442.35,20.87,38.2502,4.828722190244,7.52,-0.080089491652,18.5782911455,工程机械,2024-04-25,2023-03-31
920556,雅达股份,0.06,72138072.7,11.864495178,-15.5551,7937835.09,89.31,-48.2571,3.123442533686,2.06,-0.045427364005,33.0159336791,电网设备,2024-04-25,2023-03-31
920527,夜光明,0.02,74522920.38,-3.1117926775,-17.0827,1481581.82,-64.73,-76.6742,6.332093930986,0.39,-0.511027779397,20.0747497062,纺织制造,2024-04-25,2023-03-31
920526,凯华材料,0.05,23940033.11,-14.3978369706,-17.134,3963105.3,7.89,1.3245,2.413065849214,2.04,0.123997272068,29.6758095002,电子化学品Ⅱ,2024-04-25,2023-03-31
920519,万德股份,0.17,131589291.44,-1.3171386565,-12.4916,11997404.18,38.6412057432,-25.2199,4.478701610573,3.95,-0.33200260189,20.4350222771,化学制品,2024-04-25,2023-03-31
920505,九菱科技,0.25,30858777.61,-5.1690397726,-8.9986,11277845.1,176.18,158.0741,6.912900664227,3.69,-0.057923492046,22.5561450553,通用设备,2024-04-25,2023-03-31
920493,并行科技,-0.51,98357528.33,97.4733215527,-16.66,-23647078.14,9.91,28.3234,2.12804182431,-21.35,-1.10336017355,19.3339006916,IT服务Ⅱ,2024-04-25,2023-03-31
920425,乐创技术,0.18,20158181.34,13.0511827133,14.5232,5608481.78,5.47,-29.6259,6.464843379292,3.04,-0.074566029945,57.6152389648,自动化设备,2024-04-25,2023-03-31
920419,路斯股份,0.13,145961354.62,23.7528883193,-18.5909,13393542.52,165.1,-6.9808,4.150447776916,3.14,0.171188926246,17.9470010594,饲料,2024-04-25,2023-03-31
920396,常辅股份,0.0624,39477947.31,4.2572590031,-45.3876,3653230.94,25.39,-71.3551,4.634226333446,1.36,-0.070170244279,36.9816264644,自动化设备,2024-04-25,2023-03-31
920395,朗鸿科技,0.08,26368619.44,-26.9623101407,-22.7055,7013560.17,-49.95,-43.4699,4.91316049585,3.17,0.062616693534,49.0561365544,专用设备,2024-04-25,2023-03-31
920371,欧福蛋业,0.07,234034475.01,5.0835479121,-4.4225,12318895.1,-26.68,75.8037,2.503016327451,2.42,0.033776606906,14.5726722606,农产品加工,2024-04-25,2023-03-31
920357,雅葆轩,0.28,73652693.45,23.6630410336,17.4122,17103902.9,-8.32,62.9918,6.04343639789,4.7,-0.084470709091,19.2855208339,消费电子,2024-04-25,2023-03-31
920271,邦德股份,0.18,88494125.42,28.9922649029,12.7951,21840346.87,99.49,13.1637,3.909740383839,4.81,0.257030571933,38.8520786174,汽车零部件,2024-04-25,2023-03-31
920267,鑫汇科,0.08,145978447.98,-3.0423588419,-13.1379,4063741.28,52.18,-35.5593,5.19198853905,1.56,0.08607969267,15.492449778,消费电子,2024-04-25,2023-03-31
920245,威博液压,0.03,57312887.66,-11.7836405178,16.3935,1255490.52,-83.7,12.9789,6.360503124923,0.41,-0.149027990359,12.2061830692,工程机械,2024-04-25,2023-03-31
920221,易实精密,0.1,50325123.28,6.5040017013,-35.061,7658656.01,2.33,-42.4474,2.868798618158,3.58,0.385522155132,32.395435813,汽车零部件,2024-04-25,2023-03-31
920171,志晟信息,-0.11,7083416.29,15.1040304029,-94.6985,-10758838.08,-41.7396251485,-177.2967,3.491112419947,-2.82,-0.182604021012,28.333881814,IT服务Ⅱ,2024-04-25,2023-03-31
920077,吉林碳谷,0.5436,706293147.3,21.6942956013,25.1332,173199549.08,4.12,18.6682,5.212640678428,11.01,-0.226531932641,36.2086939053,化学纤维,2024-04-25,2023-03-31
920075,柏星龙,0.123,101931621.51,-4.4067197758,-21.8703,7983843.2,-29.18,162.5125,6.088707383013,2.05,-0.15520658721,33.2723224722,包装印刷,2024-04-25,2023-03-31
920047,诺思兰德,-0.06,12385343.25,-15.8444466636,46.254,-15653304.13,-42.5595215148,-19.5342,0.721777704969,-8.21,-0.02437963119,53.5607729725,生物制品,2024-04-25,2023-03-31
920046,亿能电力,0.09,60046910.72,55.1347532745,-1.7966,6340021.71,35.29,874.8177,3.240173879308,2.73,-0.205073168997,21.3192981396,电网设备,2024-04-25,2023-03-31
874127,顶立科技,0.596,106076061.97,,,23774874.7,,,,2.52,,42.1741877471,,2024-04-25,2023-03-31
873636,博达软件,-0.2946,9332556.2,93.3499900127,-90.9766,-9711809.6,10.05,-121.0652,4.375777964817,-6.51,-0.48969688444,79.0676580121,,2024-04-25,2023-03-31
835319,康安租赁,0.064,19187565.34,-1.3654890521,2.1065,12787850.13,12.93,-26.1825,1.800101581297,3.57,0.030377586207,84.5041251075,,2024-04-25,2023-03-31
834777,中投保,0.0158,340362050.67,-26.5693097895,-47.8298,108037842.14,-28.47,-58.4861,1.68259391356,0.95,0.042909899036,,,2024-04-25,2023-03-31
833118,棒杰小贷,0.02,5501731.28,9.810835948,-13.244,3787988.92,-13.21,-33.2641,1.245654657972,1.25,0.006409598351,,,2024-04-25,2023-03-31
832743,福能租赁,-0.01,17275381.14,-6.3141339359,-23.1354,-4425498.98,45.15,96.9952,0.672215937367,-2.17,-0.027864688167,2.8121963045,,2024-04-25,2023-03-31
831668,天元小贷,0.03,6888719.62,-13.3983130305,-11.3142,4322981.97,-16.99,0.5808,1.481444477267,1.96,0.1381169598,,,2024-04-25,2023-03-31
689009,九号公司,0.024,1661970955.33,-13.3180090554,-33.3121,17498902.02,-54.49,-69.2641,6.98975879731,0.35,-0.027784245182,28.2178622662,摩托车及其他,2024-04-25,2023-03-31
688800,瑞可达,0.36,328723655.39,-9.1890856451,-28.6648,41009922.1,-26.46,-26.2263,17.091306147407,2.15,0.052054900653,27.416893303,其他电子Ⅱ,2024-04-25,2023-03-31
688793,倍轻松,-0.03,228090792.84,-7.9328793759,-7.6069,-1823492.23,81.56,97.2744,7.478136618916,-0.39,-0.256979033258,59.0536052038,小家电,2024-04-25,2023-03-31
688722,同益中,0.24,239343994.78,106.6961804887,51.1431,53870709.9,76.27,45.0703,5.471328541346,4.48,0.005456895793,33.8774574163,化学纤维,2024-04-25,2023-03-31
688702,盛科通信,0.04,294348855.6,106.3014568367,37.042,15668688.19,-0.2178693744,154.7766,,,,30.6363583531,半导体,2024-04-25,2023-03-31
688690,纳微科技,0.0307,132113888.95,-6.2128580157,-43.9385,12358420.56,-79.71,-80.4332,3.950442780348,0.79,-0.061451012711,80.4566407853,化学制药,2024-04-25,2023-03-31
688677,海泰新光,0.4,148428523.74,58.7646879746,8.2248,48464088.23,35.4,13.5197,14.66209262934,3.88,0.206872012417,64.5447026124,医疗器械,2024-04-25,2023-03-31
688631,莱斯信息,-0.26,176598793.8,233.4969971268,-75.9264,-31894879.15,15.92,-136.0398,5.962291755628,-4.27,-2.634606767129,25.2196571685,软件开发,2024-04-25,2023-03-31
688582,芯动联科,-0.02,11205475.75,-0.0178392545,-88.1451,-5819746.84,-123.31,-110.9521,1.766454137123,-0.01,-0.002514583585,75.7687118282,半导体,2024-04-25,2023-03-31
688573,信宇人,-0.24,69844216.51,75.5628269224,-81.8031,-17894311.13,31.27,-116.1426,4.812775156719,-1.36,-0.532043927617,12.8835882191,电池,2024-04-25,2023-03-31
688549,中巨芯,-0.001,204867819.4,19.0826806589,-7.8333,-1252261.2,-40.1053031998,93.6394,,,,22.9616292582,电子化学品Ⅱ,2024-04-25,2023-03-31
688499,利元亨,-0.76,1265988170.92,57.3502407551,-0.234,-66863556.34,-184.16,-1209.3699,26.791200810895,-2.57,-7.646599970565,26.8636551582,电池,2024-04-25,2023-03-31
688439,振华风光,0.6438,323711558.36,74.8567360301,59.0076,128754745.53,48.7,68.8538,21.455543885,3.03,-0.15701354445,72.1746785514,军工电子Ⅱ,2024-04-25,2023-03-31
688435,英方软件,-0.05,32901463.26,84.8850668845,-60.3036,-3703449.61,58.2257982959,-112.0123,13.441196050419,-0.94,-0.413732175569,84.1173015659,软件开发,2024-04-25,2023-03-31
688408,中信博,0.29,815476038.51,41.5485185385,-43.5185,38772088.06,534.0652853978,-31.9598,18.694973392645,1.54,-0.188475394627,13.5366507128,光伏设备,2024-04-25,2023-03-31
688370,丛麟科技,0.26,164590546.78,-6.4386590992,-18.4805,36170242.34,-21.41,-16.8572,27.221848461278,1.26,0.312117646711,44.5645019079,环境治理,2024-04-25,2023-03-31
688361,中科飞测,0.13,161763960.23,254.8112828436,-35.6575,31367069.83,258.9333556661,-7.9692,2.507044697958,5.36,0.163851178833,55.261968737,半导体,2024-04-25,2023-03-31
688353,华盛锂电,0.07,113217630.1,-67.8213303974,-28.7558,11005332.88,-92.81,-68.6471,35.311285226455,0.28,-0.358192803364,19.5602586721,电池,2024-04-25,2023-03-31
688338,赛科希德,0.25,66763522.45,35.2166300216,3.4018,26579755.16,45.68,2.6822,18.752983404003,1.75,0.238653185994,61.6703318655,医疗器械,2024-04-25,2023-03-31
688316,青云科技,-0.97,68493171.89,-13.9862449787,-5.0347,-46215031.97,35.9121895463,-31.2771,6.010734377849,-15.04,-0.80951373636,16.8138804675,IT服务Ⅱ,2024-04-25,2023-03-31
688312,燕麦科技,0.01,52515369.13,-19.1583319416,-33.7839,1369064.24,-86.11,-91.3106,9.248098649475,0.1,0.299247509274,57.592472739,专用设备,2024-04-25,2023-03-31
688305,科德数控,0.2885,85245890.98,40.3578303067,-21.6611,26884941.41,257.09,-0.8298,11.357876901244,2.57,-0.380903555878,45.8704813106,通用设备,2024-04-25,2023-03-31
688279,峰岹科技,0.43,88599872.29,1.8610841322,-0.755,39851763.25,4.54,52.7755,24.874494907614,1.75,0.008428336317,54.6062793428,半导体,2024-04-25,2023-03-31
688272,富吉瑞,-0.25,30906365.17,107.4489604078,-50.8107,-19130116.53,-14.5406908912,18.7443,7.429909770658,-3.33,-0.148661753289,20.3043965393,军工电子Ⅱ,2024-04-25,2023-03-31
688259,创耀科技,0.19,142300197.23,-38.2312758466,-44.4149,15088256.54,-40.73,-23.8642,18.7720870625,1.01,0.5880253325,28.8627815137,半导体,2024-04-25,2023-03-31
688222,成都先导,-0.02,69572588.38,-3.9925942115,-37.5967,-9393596.88,-32.5199163664,-163.309,3.221079468279,-0.72,0.049364324423,38.7066273328,医疗服务,2024-04-25,2023-03-31
688127,蓝特光学,0.01,85535139.71,-4.621819448,0.7483,4796744.15,-77.72,-84.6834,3.755316712897,0.32,0.062846900876,30.439830166,光学光电子,2024-04-25,2023-03-31
688109,品茗科技,-0.25,59397139.55,-12.6124779791,-64.3567,-13726180.19,45.4898363852,-348.5122,14.859508449994,-1.69,-1.223375146393,74.1875759908,软件开发,2024-04-25,2023-03-31
688036,传音控股,0.65,9273466017.15,-16.1172809234,-12.2145,524163229.11,-34.12,132.2299,20.337934883242,3.26,2.479715475029,23.3614775496,消费电子,2024-04-25,2023-03-31
688004,博汇科技,-0.05,40164395.23,29.7456872747,-41.956,-2570623.01,57.4957857902,-1697.8374,12.483107830282,-0.36,-0.828803236092,41.9247116347,IT服务Ⅱ,2024-04-25,2023-03-31
605389,长龄液压,0.19,203928062.71,-26.5115343072,-16.5752,26444758.91,-37.34,-19.025,13.774491496826,1.42,0.162196352361,26.0068961894,工程机械,2024-04-25,2023-03-31
605183,确成股份,0.2,415148117.97,-5.8470323282,-0.2836,83998261.95,0.33,21.3412,6.569765320013,3.11,0.277012875584,27.2973866253,橡胶,2024-04-25,2023-03-31
605155,西大门,0.12,119163721.28,4.9793652287,-10.3685,16617094.23,-14.93,0.0892,8.54914944308,1.46,0.145886405878,36.5110840805,家居用品,2024-04-25,2023-03-31
605151,西上海,0.22,265806610.59,-12.5581836933,-12.3349,29382440.33,-1.07,30.805,9.75852606214,2.25,-0.480120359169,25.9489086245,汽车零部件,2024-04-25,2023-03-31
605117,德业股份,1.37,2084721951.3,147.8783709424,10.7693,588816014.5,345.64,-0.2254,19.249305831908,13.43,3.117118460427,43.0526153922,光伏设备,2024-04-25,2023-03-31
605098,行动教育,0.15,109936682.91,12.0233039351,-0.3139,17845691.38,123.97,6.5383,9.188152654249,1.74,0.297305329755,77.6785313142,教育,2024-04-25,2023-03-31
605088,冠盛股份,0.17,628016282.07,3.5320430849,-18.3121,28023861.27,17.17,-54.4707,10.459286762206,1.63,-0.273793219096,23.3517803514,汽车零部件,2024-04-25,2023-03-31
605058,澳弘电子,0.21,254831714.52,-8.0534529963,-4.6253,30526157.98,-8.54,370.7252,10.893574666597,1.98,0.168215278615,27.470168912,元件,2024-04-25,2023-03-31
605055,迎丰股份,-0.02,297870183.19,-3.9969914042,-16.0509,-9784246.95,-222.62,72.8507,2.497308620068,-0.86,-0.211922384364,11.5983506003,纺织制造,2024-04-25,2023-03-31
605007,五洲特纸,-0.07,1258385503.7,-5.4532243037,-10.8512,-29821102.06,-128.93,-58.6973,5.046314275234,-1.36,-0.142325696328,3.4203904514,造纸,2024-04-25,2023-03-31
603982,泉峰汽车,-0.3808,446317975.1,9.5814016066,-14.9233,-99405169.76,-661.7,-1.168,9.848465291373,-3.54,-0.798050436644,-5.7950453517,汽车零部件,2024-04-25,2023-03-31
603920,世运电路,0.14,1015156041.4,3.8437355247,-6.8086,75030022.28,58.87,-44.8019,5.510383512988,2.48,0.746396108053,19.0293013726,元件,2024-04-25,2023-03-31
603817,海峡环保,0.0891,255553633.46,1.1844637476,5.3862,40130275.95,0.82,13.9585,4.720574646133,1.56,0.097055774558,37.035923324,环境治理,2024-04-25,2023-03-31
603759,海天股份,0.07,278590147.55,9.2849355234,-20.6864,32357892.24,-22.07,-38.368,5.080373256129,1.37,0.09128211062,42.8164245143,环境治理,2024-04-25,2023-03-31
603693,江苏新能,0.2,554494834.23,3.5822699461,22.0064,176449632.49,37.92,86.592,7.014556566668,2.86,0.303873724873,57.1602951487,电力,2024-04-25,2023-03-31
603601,再升科技,0.0326,377379426.59,2.5019656631,-10.2462,33278463.78,-43.87,387.3173,2.092883991542,1.5,0.003226131363,22.8437686068,专业工程,2024-04-25,2023-03-31
603600,永艺股份,0.17,696709360.2,-30.8993134631,-19.6664,51727076.08,9.46,2.8588,5.975494643761,2.9,0.133758099662,22.4463165121,家居用品,2024-04-25,2023-03-31
603516,淳中科技,-0.07,72091506.45,8.2291764038,-34.4542,-12043965.99,-43.87,-255.3591,5.074755445981,-1.18,0.043647072223,40.8749206128,计算机设备,2024-04-25,2023-03-31
603456,九洲药业,0.32,1751242194.31,27.4858835483,63.2997,280694039.23,35.07,57.9654,8.961065432796,3.95,0.507905321507,36.8958905341,医疗服务,2024-04-25,2023-03-31
603383,顶点软件,0.13,130639138.61,32.1486551752,-44.7252,22136760.02,948.63,-76.0916,8.109687927598,1.61,-0.691770882923,73.7570200824,软件开发,2024-04-25,2023-03-31
603338,浙江鼎力,0.63,1301761039.06,3.8772616534,1.9405,319461689.36,63.24,-16.1011,14.582945428611,4.42,0.471262376296,37.5878401034,工程机械,2024-04-25,2023-03-31
603327,福蓉科技,0.1237,416969081.99,-32.4951671491,-29.9489,83801983.87,-12.61,30.7922,3.753672114694,4.38,0.401559837637,22.894050416,消费电子,2024-04-25,2023-03-31
603320,迪贝电气,0.04,199893927.57,-27.0739571566,-11.7878,5580240.23,-54.12,260.9325,5.813052803799,0.7,0.253164723691,13.2340425453,电机Ⅱ,2024-04-25,2023-03-31
603296,华勤技术,0.9055,16820510079.77,-24.0626022981,-21.4117,590251529.18,205.64,-33.9866,19.759429534227,4.67,1.478586282325,13.0120916239,消费电子,2024-04-25,2023-03-31
603281,江瀚新材,0.45,580955839.17,-39.5323349838,-10.5104,154388156.99,-49.07,-26.2632,17.261377172611,4.02,0.209976695813,39.3208416076,化学制品,2024-04-25,2023-03-31
603280,南方路机,0.07,166016305.7,14.6304008346,-54.3109,7796781.41,33.57,-65.0374,10.847086490169,0.67,0.06577049371,24.2391725622,工程机械,2024-04-25,2023-03-31
603279,景津装备,0.37,1467772513.01,28.2390512651,-5.0298,214186365.43,39.72,-13.0923,7.359851943722,5.2,-0.05145628195,30.0864213089,通用设备,2024-04-25,2023-03-31
603237,五芳斋,-0.45,216066125.77,-28.7379173451,8.8436,-63936694.36,-100.574216388,29.6916,15.756042789192,-3.85,1.547186680844,34.6746378235,食品加工,2024-04-25,2023-03-31
603215,比依股份,0.2484,378325446.21,2.9172780723,-15.2323,46369330.93,82.03,-0.6513,5.589535236901,4.55,0.67143386237,21.0866679387,小家电,2024-04-25,2023-03-31
603208,江山欧派,0.33,682215079.79,38.9790600551,-31.4899,58500872.44,5.64,117.7586,10.540710057821,4.05,-0.24550850358,21.6682776018,家居用品,2024-04-25,2023-03-31
603206,嘉环科技,0.11,838192352.94,17.3630672951,-43.5144,33001648.12,15.36,-67.5425,6.936970120228,1.57,-1.635503658113,13.7051540529,通信服务,2024-04-25,2023-03-31
603193,润本股份,0.06,151500747.3,,-13.3941,21123429.8,,-26.061,,,,52.8412559454,个护用品,2024-04-25,2023-03-31
603121,华培动力,0.12,292654203.33,36.831402233,5.3348,42730903.78,966.29,319.525,3.415284022568,3.75,-0.172593977885,21.9098562093,汽车零部件,2024-04-25,2023-03-31
603119,浙江荣泰,0.15,153444519.55,11.7297582573,-21.3173,30997237.34,24.87,-20.5512,2.683717307524,5.66,0.103401107,36.4704104546,汽车零部件,2024-04-25,2023-03-31
603097,江苏华辰,0.08,215423296.37,19.04192077,-36.3748,12536305.61,-56.26,-56.0053,5.2782831955,1.5,0.035347055938,21.471816832,电网设备,2024-04-25,2023-03-31
603087,甘李药业,0.09,557999537.96,-19.1294342101,17.3794,49223261.29,-56.55,291.4524,17.051897211065,0.51,-0.028745741684,72.9693997935,生物制品,2024-04-25,2023-03-31
603081,大丰实业,0.05,333388070.26,-27.747613986,-68.0317,21344083.14,-69.39,-60.7585,6.73080957774,0.75,-0.621052443314,26.2427476969,专用设备,2024-04-25,2023-03-31
603025,大豪科技,0.07,426461316.2,7.2633284765,-7.3137,72843698.02,-8.44,-30.0733,2.283773486878,3.51,0.037105954304,40.3047401747,自动化设备,2024-04-25,2023-03-31
601966,玲珑轮胎,0.15,4385207455.0,0.7800102365,3.6833,213779031.0,332.66,183.3745,13.14690851796,1.1,0.010360827182,16.9575843932,汽车零部件,2024-04-25,2023-03-31
601921,浙版传媒,0.0656,2686496354.71,2.6669495215,-35.1819,145732868.22,17.03,-76.5706,5.782658029714,1.14,0.092221678142,24.6792865495,出版,2024-04-25,2023-03-31
601900,南方传媒,0.26,2194664471.22,6.3991178853,-20.8663,230606548.23,37.03,-44.0692,8.329013784071,3.11,0.205998671183,30.5585626616,出版,2024-04-25,2023-03-31
601898,中煤能源,0.54,59158383000.0,-4.1654206427,30.789,7155268000.0,5.3,757.8498,10.43011403186,5.32,0.837052423762,25.8318064576,煤炭开采,2024-04-25,2023-03-31
601838,成都银行,0.68,5305353000.0,9.7104560446,6.2141,2526873000.0,17.5,-23.214,15.357975511901,4.46,-5.51,,银行Ⅱ,2024-04-25,2023-03-31
601636,旗滨集团,0.042,3130753381.06,2.2131446409,-9.8784,112644894.02,-78.42,65.2861,4.656876866929,0.89,-0.036742683731,13.4137001937,玻璃玻纤,2024-04-25,2023-03-31
601633,长城汽车,0.02,29038525580.9,-13.63,-23.2995,174233291.21,-89.34,64.9063,7.422167606742,0.27,-0.966735484542,16.0696896121,乘用车,2024-04-25,2023-03-31
601231,环旭电子,0.13,12998168439.83,-6.8478890271,-31.5383,277457152.84,-36.79,-68.7873,7.063340231859,1.75,1.153490036057,9.0838358672,消费电子,2024-04-25,2023-03-31
601136,首创证券,0.06,434312309.16,40.9273626324,10.3599,175900260.74,110.73,69.1571,4.497970349037,1.44,-0.836755818923,,证券Ⅱ,2024-04-25,2023-03-31
600980,北矿科技,0.1207,211272869.34,2.2371342804,-1.8742,22841861.31,-15.98,21.0572,6.550236030898,1.86,-0.258586657791,24.7545490736,专用设备,2024-04-25,2023-03-31
600968,海油发展,0.0406,9538225577.04,16.3665042184,-41.9239,412831603.12,37.25,-28.2285,2.236994400404,1.832,0.166499228955,10.8884753682,油服工程,2024-04-25,2023-03-31
600892,大晟文化,0.0003,43868833.9,-21.8018965526,-8.3311,143793.6,-90.06,-96.4808,0.319621050776,0.08,-0.010497754362,87.4861810494,游戏Ⅱ,2024-04-25,2023-03-31
600888,新疆众和,0.3199,1449334855.84,-31.5203291734,-18.7364,426197735.36,12.29,44.6406,6.55731016379,4.9469,0.153792413437,21.188982867,工业金属,2024-04-25,2023-03-31
600885,宏发股份,0.32,3263705851.98,13.5289125403,18.2205,330395391.78,16.35,16.4881,7.172821527883,4.24,0.187248604287,34.5795684634,电网设备,2024-04-25,2023-03-31
600816,建元信托,-0.004,11023972.68,-33.1,-25.9548,-21792882.44,95.42,-110.1401,0.319558635106,-15.39,-0.05790708502,,多元金融,2024-04-25,2023-03-31
600780,通宝能源,0.2071,3010823355.58,8.4890159796,2.6396,237476968.68,-11.35,67.3161,6.008406731827,3.52,0.328609828668,11.600500332,电力,2024-04-25,2023-03-31
600727,鲁北化工,0.003,1106173830.37,-18.2967627845,31.7362,1564078.67,-97.09,101.2818,5.46715715665,0.06,0.097622963718,8.0763687693,化学原料,2024-04-25,2023-03-31
600717,天津港,0.1,2663442113.3,10.7951166545,-2.8207,279965285.57,115.15,3302.6873,6.302819393007,1.55,0.11393172011,29.8272993035,航运港口,2024-04-25,2023-03-31
600688,上海石化,-0.015,21978009000.0,-15.4889262391,-11.1632,-163142000.0,-176.27,81.2327,2.416599875983,-0.623,-0.002729717628,15.3146902433,炼化及贸易,2024-04-25,2023-03-31
600584,长电科技,0.06,5860195186.42,-27.9927652689,-34.7708,109928612.98,-87.24,-85.8808,13.849204983982,0.45,0.693286393954,11.841889301,半导体,2024-04-25,2023-03-31
600583,海油工程,0.1,6396707100.0,46.9143912439,-35.2744,448310000.0,279.56,-27.9852,5.465747942237,1.87,-0.01974691106,11.5867959626,油服工程,2024-04-25,2023-03-31
600562,国睿科技,0.09,572418854.61,-2.6024617217,-52.5075,112482858.97,30.48,-39.8462,4.203193424829,2.18,-0.239364762725,35.2086443636,军工电子Ⅱ,2024-04-25,2023-03-31
600508,上海能源,1.16,3142104755.87,0.5061091348,16.9577,835440214.36,7.05,318.6833,18.039115481557,6.63,0.880782199143,44.5962372659,煤炭开采,2024-04-25,2023-03-31
600483,福能股份,0.22,3071746485.01,21.2074841115,-40.0972,532464928.17,-17.26,-45.8964,10.393920372308,2.66,0.423209268669,24.5006062607,电力,2024-04-25,2023-03-31
600469,风神股份,0.07,1270988865.08,20.7121046146,2.0434,51000849.58,223.6239253295,141.0797,4.098695248443,1.72,0.137183403158,17.7920721442,汽车零部件,2024-04-25,2023-03-31
600426,华鲁恒升,0.368,6053331079.78,-25.4097783939,-16.3501,781651348.05,-67.82,3.5172,13.066636482691,2.86,0.376959957005,20.1822839679,农化制品,2024-04-25,2023-03-31
600410,华胜天成,0.056,937406921.63,12.3058355181,-37.9694,61368462.66,154.7773046629,264.7783,4.139175326991,1.36,0.270833010104,13.5690011301,IT服务Ⅱ,2024-04-25,2023-03-31
600396,华电辽能,-0.172,2026773048.34,-7.2124690073,-2.5381,-253342397.75,46.98,64.8196,-1.3850007359,,-0.471033968759,-2.092995776,电力,2024-04-25,2023-03-31
600390,五矿资本,0.19,2346162820.06,-18.37,10.2264,953517471.23,34.91,78.6513,9.218029260974,2.11,-0.507847640367,-1.5130136551,多元金融,2024-04-25,2023-03-31
600382,广东明珠,0.1,170910413.15,-14.6542945724,-29.4644,77538199.65,32.37,676.2039,4.736919601424,2.1,-0.026115140799,74.4035321993,冶钢原料,2024-04-25,2023-03-31
600363,联创光电,0.2073,789247442.36,-34.9184277733,134.3836,94389635.96,50.32,25787.0058,8.27604641429,2.63,-0.3800070248,16.9477893802,消费电子,2024-04-25,2023-03-31
600310,广西能源,0.0228,5928790478.64,75.5779100878,89.069,33408840.44,136.5094638615,139.724,2.125299347936,1.03,-0.269169105062,2.974719463,电力,2024-04-25,2023-03-31
600301,华锡有色,0.117,596230114.42,-18.9558838134,140.613,69201354.72,-19.41,150.9916,4.501790807541,4.24,0.085169955502,41.7374219519,小金属,2024-04-25,2023-03-31
600293,三峡新材,-0.07,407329402.06,-0.504964009,-8.2517,-80234200.88,-244.8,63.4368,1.375432468364,-4.98,-0.071929410575,-13.1075509624,玻璃玻纤,2024-04-25,2023-03-31
600292,电投水电,0.04,804664290.08,-10.7150817347,-35.869,29892734.07,17.86,143.1884,6.537043946501,0.59,-0.019970205524,17.7541538417,电力,2024-04-25,2023-03-31
600269,赣粤高速,0.18,1555995831.31,-17.2950431121,-33.6758,423144746.54,27.4,7029.1482,7.369705365949,2.49,0.260276834417,44.894151969,铁路公路,2024-04-25,2023-03-31
600236,桂冠电力,0.03,1995115655.68,-22.7889614883,-0.5726,294441251.05,-61.26,3656.9466,2.182368379258,1.61,0.167361191621,31.7567723308,电力,2024-04-25,2023-03-31
600232,金鹰股份,0.023,258563562.94,0.5340713287,-31.0974,8379408.05,-35.08,185.6552,2.926079816304,0.791,-0.229914398677,16.0558765388,专用设备,2024-04-25,2023-03-31
600179,安通控股,0.0195,1686687487.99,-15.3238179921,-33.1855,82565287.0,-84.29,-88.0493,2.283117094142,0.86,0.023660663849,8.9223395858,航运港口,2024-04-25,2023-03-31
600135,乐凯胶片,0.01,551614846.45,4.4364568874,11.2027,5560296.91,-87.47,-73.6041,4.83060688549,0.1929,-0.100015670954,14.9742942891,塑料,2024-04-25,2023-03-31
600116,三峡水利,-0.02,2943993623.55,27.8942537447,3.5523,-38401837.35,-489.51,-236.4496,5.76325325389,-0.35,-0.242693610017,3.6763551841,电力,2024-04-25,2023-03-31
600109,国金证券,0.16,1952112102.74,106.5867219461,17.6731,597442678.22,380.09,59.0106,8.51689517219,1.9,-0.300503191613,,证券Ⅱ,2024-04-25,2023-03-31
600108,亚盛集团,0.0136,621304972.23,5.1832112353,-57.8857,26406452.89,5.24,-21.4395,2.110664993664,0.65,0.007359073005,22.0006743901,种植业,2024-04-25,2023-03-31
600051,宁波联合,0.04,748898370.9,94.0717981999,7.1001,11216057.02,301.4757115501,-65.8388,10.505323066971,0.34,-0.688155922671,5.1421701564,综合Ⅱ,2024-04-25,2023-03-31
400286,苏药发3,0.04,611782589.11,37.6852320475,184.4013,28152696.06,269.61,195.8556,2.575994636018,1.55,-0.112746712467,25.16748511,,2024-04-25,2023-03-31
400285,R广道1,-0.11,12740402.72,58.5063494678,-86.8197,-7559401.75,24.8,-138.7892,9.088370343687,-1.23,0.398567019354,42.3629818352,,2024-04-25,2023-03-31
400257,R美讯1,-0.0571,11812650.07,-77.0434066593,118.5001,-16289119.16,-59.2015848625,60.4421,0.056575871877,-67.18,-0.101856015663,-59.5566907367,,2024-04-25,2023-03-31
400245,R汇车1,0.07,31398575860.18,-10.6449947295,-2.0097,529981574.14,-20.52,115.3888,4.760333032574,1.36,-0.274164323847,10.4456106061,,2024-04-25,2023-03-31
400084,乐视网3,-0.0273,42991185.29,-71.6823258889,-65.846,-109089248.4,-0.93,-559.1288,-4.876145843231,,-0.002085860602,26.5792613135,,2024-04-25,2023-03-31
301589,诺瓦星云,2.2,555294568.47,47.6401980015,-14.0325,84792995.81,88.6506488961,0.5206,,5.18,,49.7738054185,计算机设备,2024-04-25,2023-03-31
301588,美新科技,0.2,189952050.92,-1.6422065929,32.2675,18146200.37,-3.1393380494,284.6217,,3.96,,32.3139227151,家居用品,2024-04-25,2023-03-31
301558,三态股份,0.0555,391327676.44,-3.970105861,6.1005,37173693.01,11.0166195109,6.2891,,7.05,,33.5853412198,互联网电商,2024-04-25,2023-03-31
301555,惠柏新材,0.17,265775953.02,-46.8027516515,-29.1422,11707987.44,-5.7229223671,-47.0094,,2.09,,14.6588169198,塑料,2024-04-25,2023-03-31
301529,福赛科技,0.268,179653004.64,18.3537116856,-8.8233,17053505.39,25.9360582362,-26.45,,3.74,,27.8224779264,汽车零部件,2024-04-25,2023-03-31
301519,舜禹股份,0.03,103477741.25,40.7631973778,-63.9897,3987363.01,92.3,-91.7291,5.807630917236,0.56,-1.610697600732,36.3831701632,环境治理,2024-04-25,2023-03-31
301518,长华化学,0.19,536480043.48,-7.7862899051,-4.3581,19812100.86,-33.12,-6.9501,4.981240092811,3.86,-0.104356312698,6.7924756387,化学制品,2024-04-25,2023-03-31
301517,陕西华达,0.14,229094588.95,27.1262458084,36.8556,11418431.5,34.6100429114,-14.9755,,1.88,,36.6478284122,军工电子Ⅱ,2024-04-25,2023-03-31
301516,中远通,0.0692,280968100.2,-6.3643791653,-14.0982,14569719.25,17.38792138,-15.0592,,1.47,,18.2140463717,其他电源设备Ⅱ,2024-04-25,2023-03-31
301510,固高科技,0.01,74540087.09,6.2781538943,-4.1185,1909268.57,-38.28,-84.0884,2.066867553472,0.26,0.022642853806,48.3463912062,自动化设备,2024-04-25,2023-03-31
301487,盟固利,0.035,610998315.65,-37.5288854935,-9.2601,14041515.28,-47.62,154.4164,4.219220998594,0.83,0.178232527275,3.1962160385,电池,2024-04-25,2023-03-31
301446,福事特,0.37,117600599.72,-0.4310966089,-17.8527,22250254.19,-7.5565612676,-75.4647,7.734898497667,4.91,-0.443640509333,38.6674733192,工程机械,2024-04-25,2023-03-31
301419,阿莱德,0.1231,92939378.59,10.484621633,-26.8732,10255221.7,19.96,-61.0985,9.5511983589,1.74,0.3106487515,39.6378543185,通信设备,2024-04-25,2023-03-31
301418,协昌科技,0.4067,117637084.1,16.8497954575,-7.6662,22365868.16,3.13,-13.0833,12.596331458,3.28,0.01481592,30.6834933781,自动化设备,2024-04-25,2023-03-31
301386,未来电器,0.15,116594449.88,23.7366550014,8.9045,15979131.65,14.99,-10.5052,11.029068533286,2.62,-0.154953819643,28.1290115128,电网设备,2024-04-25,2023-03-31
301376,致欧科技,0.24,1267468108.1,-11.1803490223,-5.1905,87379117.83,69.87,10.9737,5.238395388266,4.72,0.715384046852,36.7812630772,家居用品,2024-04-25,2023-03-31
301370,国科恒泰,0.07,1767509157.33,14.9843365828,20.5009,26337206.3,4.01,-10.3116,3.701766138575,1.79,0.72681597105,12.0075834849,医疗器械,2024-04-25,2023-03-31
301367,瑞迈特,2.43,480444800.79,131.8530123552,19.8308,155448543.29,192.03,40.4972,43.207542318438,5.78,1.191278309219,47.0198386929,医疗器械,2024-04-25,2023-03-31
301360,荣旗科技,-0.16,29290555.92,27.98,-79.6516,-6491544.29,55.63,-119.6799,5.75668857775,-2.78,-1.4439088045,42.4298878927,通用设备,2024-04-25,2023-03-31
301328,维峰电子,0.43,114374016.38,12.2039636716,-7.5773,47541657.98,105.06,57.2725,25.661141072563,2.56,0.036249814161,41.8591794669,其他电子Ⅱ,2024-04-25,2023-03-31
301325,曼恩斯特,0.75,150782239.08,87.38,-6.089,67257429.22,124.1,0.231,6.783830340778,11.66,0.170470907556,69.9600525922,电池,2024-04-25,2023-03-31
301320,豪江智能,0.09,160581543.23,-13.8728200346,-18.0932,12889020.51,-20.45,-52.99,3.637448305372,2.64,0.0555067039,25.8329411934,自动化设备,2024-04-25,2023-03-31
301298,东利机械,0.0646,131797242.77,-4.6208345236,6.3831,9486710.72,-23.09,-34.829,5.861034719959,1.11,0.044595242779,25.0553039396,汽车零部件,2024-04-25,2023-03-31
301291,明阳电气,0.19,706813628.03,84.0157507334,-43.2468,43955617.19,229.86,-53.8986,4.340977312962,4.4,-0.47883418407,20.0410675902,电网设备,2024-04-25,2023-03-31
301288,清研环境,0.0554,41870316.36,52.2246302395,26.9018,5979148.58,-6.29,27.7809,7.63101589001,1.64,-0.167125338395,36.080317235,环保设备Ⅱ,2024-04-25,2023-03-31
301286,侨源股份,0.12,243897698.49,29.0590974618,0.3609,47350490.52,119.48,265.2885,4.022101344964,2.99,-0.026764263684,32.6594930633,化学制品,2024-04-25,2023-03-31
301282,金禄电子,0.12,315388505.23,-2.4881480868,-14.7237,18374230.5,5.87,-57.0061,11.293889301869,1.08,0.142014894961,17.2924609381,元件,2024-04-25,2023-03-31
301279,金道科技,0.1,148983112.34,-5.17418563,-11.0904,10281710.32,-29.51,-56.3385,13.2952626938,0.78,-0.1207592918,14.1962093742,工程机械,2024-04-25,2023-03-31
301252,同星科技,0.43,215609635.84,3.2498850753,12.327,25719392.16,11.02,38.2064,8.228212039833,5.35,0.055794020667,23.404568392,家电零部件Ⅱ,2024-04-25,2023-03-31
301233,盛帮股份,0.2645,69811974.33,-2.4042895661,-21.7038,13615969.43,-7.48,28.486,16.987340723917,1.57,-0.07507245716,38.7163476601,汽车零部件,2024-04-25,2023-03-31
301195,北路智控,0.32,180608645.37,31.2204878543,-15.3442,42359565.32,29.16,-27.9844,24.812972537772,1.97,-0.183608179454,47.3384241019,软件开发,2024-04-25,2023-03-31
301187,欧圣电气,0.0894,243592581.29,-24.9675848208,-3.0347,18873315.19,-49.53,-29.6167,7.982480263848,1.29,0.174285236259,34.9110811584,小家电,2024-04-25,2023-03-31
301183,东田微,-0.06,59879609.12,-41.0623887927,-13.4561,-4405028.15,-130.45,33.9718,10.458950403125,-0.53,-0.167326826,7.6643482104,光学光电子,2024-04-25,2023-03-31
301181,标榜股份,0.27,126392660.89,-0.0076767947,0.1207,31130079.81,24.54,-5.7325,14.930327649889,2.34,0.292354257778,35.2066481682,汽车零部件,2024-04-25,2023-03-31
301171,易点天下,0.09,473089504.43,-40.1160218461,8.0982,41323216.78,-55.68,252.0399,6.80799404871,1.29,-0.200533295437,22.3080034331,广告营销,2024-04-25,2023-03-31
301170,锡南科技,0.2777,242007772.05,22.2421966965,-1.697,20824844.05,50.09,-34.1543,10.648051140667,2.64,0.189527307467,20.6203803321,汽车零部件,2024-04-25,2023-03-31
301160,翔楼新材,0.53,258841792.01,-12.7898125866,-20.9466,39905911.85,21.48,-5.4171,17.164025750741,3.17,1.051713995617,25.5572809307,通用设备,2024-04-25,2023-03-31
301156,美农生物,0.0852,91015564.31,-14.2352507941,-45.4077,9539039.25,-35.38,-40.0067,9.889984483,1.21,-0.139092339125,27.770748994,化学制品,2024-04-25,2023-03-31
301136,招标股份,0.0492,107016964.9,8.347628992,-67.9179,13527177.9,55.93,-5.3827,5.511201710384,0.89,-0.373838581279,40.5374112511,工程咨询服务Ⅱ,2024-04-25,2023-03-31
301122,采纳股份,0.17,66839280.56,-52.7937286649,-24.1368,15878407.77,-59.62,-42.7245,18.633693553989,0.91,0.406367554348,31.7800775862,医疗器械,2024-04-25,2023-03-31
301120,新特电气,0.08,92103887.75,2.7145247901,-19.0773,19592866.8,27.57,-15.8772,6.384463262724,1.25,0.00871246046,34.0332133917,电网设备,2024-04-25,2023-03-31
301118,恒光股份,0.1367,208095204.02,-21.6001623311,-26.4527,14585582.16,-79.21,-61.2301,13.995572629512,0.98,-0.112963654823,17.5831466238,化学原料,2024-04-25,2023-03-31
301113,雅艺科技,0.05,17650172.26,-72.9593124756,-57.1666,3525541.14,-82.04,-28.4004,10.128844055429,0.5,0.099947204857,36.5077695848,家居用品,2024-04-25,2023-03-31
301112,信邦智能,0.16,127722871.24,-27.1513366571,-7.3157,17693710.25,-22.41,5.3806,11.063720878308,1.46,-0.150677916613,24.4325092265,自动化设备,2024-04-25,2023-03-31
301106,骏成科技,0.1596,117288827.26,-18.777858472,-25.7984,11582513.7,-45.6,-42.678,15.10717910278,1.02,0.223761362624,22.2556883207,光学光电子,2024-04-25,2023-03-31
301097,天益医疗,0.2345,88592971.85,8.8727105699,-26.4748,13821869.81,53.12,932.5319,21.182928520235,1.11,-0.146121772053,41.0031306676,医疗器械,2024-04-25,2023-03-31
301085,亚康股份,0.26,427332866.38,45.6919826145,8.3293,20960888.75,22.23,291.1555,10.0058852085,2.67,-0.96664273,10.8436553506,IT服务Ⅱ,2024-04-25,2023-03-31
301079,邵阳液压,0.08,72341281.03,-4.5423807425,3.6954,8562885.77,11.85,-52.5683,5.828212162602,1.77,0.028351879781,31.1233368133,工程机械,2024-04-25,2023-03-31
301078,孩子王,0.007,2096296501.44,-0.6226653973,-1.8534,7592642.67,123.41,125.5614,2.693893438707,0.26,0.076873300187,26.8439606823,专业连锁Ⅱ,2024-04-25,2023-03-31
301075,多瑞医药,-0.03,78085173.39,7.1316600634,-20.7751,-2417228.83,-127.12,-21.727,9.462624539,-0.32,0.220914612125,64.7334926921,化学制药,2024-04-25,2023-03-31
301072,中捷精工,0.07,163237757.17,1.5915462492,-13.134,7252694.97,-19.43,-64.0209,7.696239018874,0.9,0.233774478272,14.8638310405,汽车零部件,2024-04-25,2023-03-31
301068,大地海洋,0.0525,186121832.36,24.6210623441,-17.0211,4410272.62,-22.55,-77.3559,9.412927715833,0.56,-0.458628155952,21.3409033999,环境治理,2024-04-25,2023-03-31
301052,果麦文化,0.1895,114992530.58,9.3568087207,-12.1767,13649235.05,225.42,28.4954,8.620868318527,2.15,0.067553472737,50.0592642406,出版,2024-04-25,2023-03-31
301046,能辉科技,0.03,70730649.37,-39.1617812203,-45.3058,4229904.54,-63.52,-63.167,5.151268990787,0.55,-0.269530153281,28.927531024,专业工程,2024-04-25,2023-03-31
301045,天禄科技,0.04,136018051.51,-31.8917803987,15.6574,4227721.85,-79.18,133.0874,8.33455078014,0.49,-0.07108980093,17.8887888482,光学光电子,2024-04-25,2023-03-31
301040,中环海陆,0.0412,165102020.65,-38.4595014914,-36.3271,4124445.41,-75.82,-78.9577,9.907042467574,0.38,-0.548154417028,12.7129537769,风电设备,2024-04-25,2023-03-31
301033,迈普医学,0.12,44485769.6,19.3530421189,-20.5618,7816548.85,9.19,35.5135,9.239654437931,1.29,0.294183033846,80.5563558015,医疗器械,2024-04-25,2023-03-31
301028,鼎熔岩,0.1,227299226.7,2.9537654515,41.7249,38466064.68,-17.14,108.9791,3.22265858355,3.2,0.099889849701,30.6851653534,通用设备,2024-04-25,2023-03-31
301020,密封科技,0.13,121532531.54,9.664918622,19.05,18578775.12,-9.26,19.7705,5.987704892896,2.14,0.144722348224,31.4369946514,汽车零部件,2024-04-25,2023-03-31
301016,雷尔伟,0.04,47368187.42,-57.4332541825,-63.0636,4806142.42,-76.49,-80.6926,8.173936525333,1.97,-0.499385992,33.1716424584,轨交设备Ⅱ,2024-04-25,2023-03-31
301000,肇民科技,0.12,131506239.04,-5.2525123491,-1.3389,20285572.04,-25.31,16.3835,11.853388819306,1.8,-0.016757485758,29.8966249716,汽车零部件,2024-04-25,2023-03-31
300991,创益通,-0.06,95642491.52,6.6272924705,-26.2142,-8563060.9,-260.4,-677.8649,4.349681938403,-1.36,0.142683664028,24.438122103,其他电子Ⅱ,2024-04-25,2023-03-31
300989,蕾奥规划,0.02,86410919.84,2.58452198,-48.2952,3800445.05,-72.35,182.0942,9.357601558241,3.46,-0.797306762222,42.1456529539,工程咨询服务Ⅱ,2024-04-25,2023-03-31
300982,苏文电能,0.56,580761418.87,42.792326847,-35.6401,96085728.16,127.64,85.7197,18.289044546973,3.11,-1.516701245182,28.9428939576,基础建设,2024-04-25,2023-03-31
300981,中红医疗,-0.0154,431749545.61,-24.618296577,22.6988,-6174718.09,-110.04,-121.9214,20.378583481697,-0.1,-0.217657490517,7.762871262,医疗器械,2024-04-25,2023-03-31
300969,恒帅股份,0.51,183399748.68,12.0327288088,-14.4995,40850475.59,28.5,8.0104,11.93516151775,4.37,0.59064727725,34.1865015853,汽车零部件,2024-04-25,2023-03-31
300968,格林精密,-0.03,286639002.05,-14.673874472,-34.6563,-10981876.75,-210.14,-143.3949,4.635913099956,-0.57,0.237793734143,20.6241056615,消费电子,2024-04-25,2023-03-31
300965,恒宇信通,-0.0405,21632470.79,-35.5026261032,-74.8965,-2427051.08,-453.07,-106.9872,22.967344212167,-0.18,-0.475519730833,62.0917086651,航空装备Ⅱ,2024-04-25,2023-03-31
300946,恒而达,0.23,139612719.84,8.7512396541,31.0751,27857305.99,4.94,15.4071,9.068284726514,2.59,0.084702453711,29.8098632329,通用设备,2024-04-25,2023-03-31
300937,药易购,0.33,1121966149.54,23.2912590304,-12.7927,31632639.16,246.22,25.3411,8.820941029501,3.81,-1.224494670569,10.5709764531,医药商业,2024-04-25,2023-03-31
300936,中英科技,0.0934,63501347.19,59.7381882091,-19.1337,7026188.83,-3.49,-8.4758,11.921408530053,0.79,-0.174884317553,27.8742104432,元件,2024-04-25,2023-03-31
300921,南凌科技,0.07,139542627.15,9.0048020437,-14.3317,9002062.78,-33.02,-4.3406,6.389800640357,1.08,0.15608223604,36.8252812058,通信服务,2024-04-25,2023-03-31
300920,润阳科技,-0.0309,65630295.66,-44.8085424679,-21.8151,-3088314.14,-117.85,-124.2594,11.3151681559,-0.27,-0.0418624118,12.4229835597,塑料,2024-04-25,2023-03-31
300917,特发服务,0.2,549000398.18,21.205368858,0.7943,33236749.22,5.04,9.5065,5.773442477101,3.47,0.047945820769,13.6820468599,房地产服务,2024-04-25,2023-03-31
300912,凯龙高科,0.0,316598101.62,26.223955715,142.7322,156915.24,-98.21,100.0807,6.899084091565,0.02,-0.501558758585,15.3041490338,汽车零部件,2024-04-25,2023-03-31
300904,威力传动,0.07,96127660.99,87.4993563684,-50.6767,4047646.02,273.0572898285,-82.1793,5.203710976091,1.44,-0.774305633966,20.6899652245,风电设备,2024-04-25,2023-03-31
300901,中胤时尚,0.03,102064575.56,-21.8164647713,12.2799,7311862.48,-31.57,-47.069,4.355495907375,0.7,-0.025438552,20.7074203307,服装家纺,2024-04-25,2023-03-31
300900,广联航空,0.12,157745435.57,51.3575915845,-39.3255,25257525.16,50.13,-65.9568,7.587968095238,1.57,-0.193433939519,50.0432015765,航空装备Ⅱ,2024-04-25,2023-03-31
300898,熊猫乳品,0.15,215222362.78,11.2968054014,-12.8963,19165749.58,62.94,41.8889,6.990779476451,2.21,0.145720176247,20.8622070495,饮料乳品,2024-04-25,2023-03-31
300897,山科智能,0.23,115874820.62,19.541586182,-33.6879,15476486.24,27.42,-42.2027,13.904757966471,1.65,-0.392189373088,45.2703876384,通用设备,2024-04-25,2023-03-31
300896,爱美客,1.91,630121089.65,46.2973491719,40.2158,414065833.05,51.17,52.5856,28.89686866052,6.85,1.973603276946,95.2924254279,医疗美容,2024-04-25,2023-03-31
300889,爱克股份,-0.1094,170522864.36,21.698576173,-35.3998,-17070924.6,-77.75,-291.6435,10.088765577564,-1.08,-1.130836126474,27.3897273983,光学光电子,2024-04-25,2023-03-31
300888,稳健医疗,0.64,2352114690.56,1.2822101005,-36.5838,376938135.34,5.56,-5.8336,28.387164264824,3.17,-0.52344980951,50.9657155581,个护用品,2024-04-25,2023-03-31
300879,大叶股份,0.1,427269392.54,-46.5997915223,197.4772,16329078.76,-73.04,129.9558,6.061961635,1.7,0.595719014,22.0100142163,专用设备,2024-04-25,2023-03-31
300872,天阳科技,0.07,481170268.77,8.0760084177,-22.7207,27937549.01,316.72,17.42,5.88312281536,1.2,-0.336293603404,29.2463384281,IT服务Ⅱ,2024-04-25,2023-03-31
300871,回盛生物,0.0895,230412076.04,12.0323004075,-34.4344,14855718.0,634.03,-43.5154,8.607850460656,0.96,-0.103461373548,24.1785433504,动物保健Ⅱ,2024-04-25,2023-03-31
300868,杰美特,-0.0732,91749654.0,-50.0964205598,-44.8096,-9367188.8,-3.16,90.6364,12.634249399453,-0.58,-0.226496366172,25.1874641838,消费电子,2024-04-25,2023-03-31
300865,大宏立,0.0334,94287030.23,-27.8984140724,-0.8234,3196998.11,-66.6,-16.8128,9.495429321175,0.35,0.323380049018,28.8323445692,专用设备,2024-04-25,2023-03-31
300861,美畅股份,0.7901,994270877.05,49.3001374283,-16.931,379272540.0,33.25,-14.6933,11.394431515045,7.18,-0.283463440081,51.9051625027,通用设备,2024-04-25,2023-03-31
300860,锋尚文化,-0.02,16494467.2,-88.0388826365,-80.0534,-3363267.97,-103.77,90.1022,23.146549656689,-0.11,-0.011672659886,19.9122039541,专业服务,2024-04-25,2023-03-31
300858,科拓生物,0.08,72147839.92,-16.1735208506,-31.3313,20051536.52,-14.48,-13.6977,9.772208605398,1.17,0.130245248225,52.5288127711,化学制品,2024-04-25,2023-03-31
300851,交大思诺,-0.0015,38235451.54,-23.3960187679,-67.726,-132263.05,96.65,-100.8845,14.223486795064,-0.01,-0.312989403842,75.0419808172,轨交设备Ⅱ,2024-04-25,2023-03-31
300849,锦盛新材,-0.05,50969623.03,-23.8615775813,-10.1799,-6960798.93,-413.9,62.0381,4.255438357267,-1.09,0.025888824467,7.0717577956,化妆品,2024-04-25,2023-03-31
300847,中船汉光,0.07,251738461.62,-10.5212987405,-10.0091,21855863.2,-20.51,-13.653,4.315868800784,1.73,0.155210758555,18.561903604,计算机设备,2024-04-25,2023-03-31
300840,酷特智能,0.12,164676111.73,20.0874775016,0.2795,29177748.42,61.65,19.1791,4.625224430375,2.66,0.175756561708,41.5689684866,服装家纺,2024-04-25,2023-03-31
300837,浙矿股份,0.54,204096852.94,22.7224135305,18.2079,53630140.22,15.1,12.6067,12.8056076056,4.28,-0.0448547566,42.6932837204,专用设备,2024-04-25,2023-03-31
300833,浩洋股份,1.1818,330210859.33,42.4697877514,12.5162,99655432.0,62.65,84.0273,26.640825284547,4.54,1.06683527008,51.6505564342,专用设备,2024-04-25,2023-03-31
300829,金丹科技,0.09,324258192.62,-14.1230092799,-13.7197,15543631.08,-64.01,-36.0142,8.535249975967,1.01,-0.136667962086,15.2749411202,化学制品,2024-04-25,2023-03-31
300825,阿尔特,0.0542,237954785.83,12.4952956461,-11.5845,26452551.73,1.89,297.7509,4.772690042528,1.08,-0.099926317266,36.6623535079,汽车服务,2024-04-25,2023-03-31
300824,北鼎股份,0.054,170468595.72,-6.6259360002,-36.7809,17616837.56,7.04,-13.0408,2.254617458796,2.43,0.134136417609,51.7026965217,小家电,2024-04-25,2023-03-31
300820,英杰电气,0.26,232595638.64,15.2414765678,-54.4882,55243505.49,2.33,-57.7702,10.898516175018,3.59,-0.458076539653,41.3014822512,其他电源设备Ⅱ,2024-04-25,2023-03-31
300818,耐普矿机,-0.185,168786201.28,-24.6396898224,-2.84,-12948965.37,-121.7,12.7553,10.718562979733,-1.03,-0.431162585704,35.51047615,通用设备,2024-04-25,2023-03-31
300817,双飞集团,0.0655,180562292.97,-6.7643585625,-3.8684,11438482.52,-31.82,-22.9099,6.889060878365,1.15,0.005582428241,25.337228503,通用设备,2024-04-25,2023-03-31
300811,铂科新材,0.3311,290653757.98,43.525843061,-9.7538,65626580.15,103.2,6.536,15.448566803117,3.95,0.094921926288,40.8838178305,金属新材料,2024-04-25,2023-03-31
300810,中科海讯,-0.0446,48071677.99,32.6009716229,-39.9294,-5259982.1,-307.25,-175.3478,8.669745263871,-0.51,-0.481900030919,40.2286193838,航海装备Ⅱ,2024-04-25,2023-03-31
300797,钢研纳克,0.0265,176961219.88,21.6691164045,-39.4465,9847337.32,-33.81,-75.1239,3.751958631191,1.04,-0.316008003372,42.9236853089,专业服务,2024-04-25,2023-03-31
300790,宇瞳光学,0.03,410671618.86,-4.6001753113,-15.6665,10217773.62,-76.17,-79.2254,5.38356218511,0.56,0.352802113168,19.9587135063,计算机设备,2024-04-25,2023-03-31
300780,德恩精工,0.05,105696510.78,-32.4670683591,-39.4192,7503119.73,-71.89,-60.3386,8.35408771337,2.38,0.241436328288,31.9878434969,通用设备,2024-04-25,2023-03-31
300779,惠城环保,0.35,241061638.28,369.6134820451,98.7146,36142617.27,759.08,196.6645,7.60680630138,4.49,0.051332112002,36.4046430349,环境治理,2024-04-25,2023-03-31
300756,金马游乐,0.2,157834115.52,50.4837327627,235.8719,27919050.68,862.48,171.4518,7.773517944986,2.57,-0.287166000809,41.8290049984,专用设备,2024-04-25,2023-03-31
300751,迈为股份,0.79,1156563397.92,38.6403758177,2.1029,220832821.52,22.8,26.1969,38.357705604114,3.37,1.66620745765,34.0327885352,光伏设备,2024-04-25,2023-03-31
300741,华宝股份,0.17,341849030.0,-17.894524295,-35.1882,102868142.0,-52.41,-45.9748,12.386668901409,1.34,0.239385709879,56.6308984408,化学制品,2024-04-25,2023-03-31
300716,*ST泉为,-0.1692,366976170.44,-1.6967037703,35.3206,-26934665.68,-263.73,80.4353,1.639175027059,-9.81,0.052091071679,7.2946232252,塑料,2024-04-25,2023-03-31
300710,万隆光电,-0.0081,84756187.76,-45.1998119238,-22.744,-806977.12,-417.53,96.8352,6.52377029228,-0.12,-0.039645748581,25.4168799345,通信设备,2024-04-25,2023-03-31
300705,九典制药,0.22,501873303.51,11.7601314785,-30.9704,76890546.67,37.39,25.411,4.787728438005,4.65,0.286434419278,74.9063048185,化学制药,2024-04-25,2023-03-31
300697,电工合金,0.147,575245459.45,22.3388406581,30.8773,48762166.09,39.79,55.6049,3.091509318419,4.86,0.20149241866,14.8727490021,工业金属,2024-04-25,2023-03-31
300695,兆丰股份,0.35,136028010.67,10.5462901213,-14.4389,24853450.81,-35.75,-39.2718,33.29459566683,1.06,0.119789116777,30.4072910471,汽车零部件,2024-04-25,2023-03-31
300693,盛弘股份,0.2037,447840327.59,88.5156609121,-21.2393,62602245.33,172.53,-32.3383,5.657792898931,5.71,0.439845654883,42.5270203166,其他电源设备Ⅱ,2024-04-25,2023-03-31
300687,赛意信息,-0.3722,517060406.55,5.1617655884,-14.598,-17504830.23,-225.57,-118.0834,5.957409621751,-0.73,-0.129188406883,25.7553852148,IT服务Ⅱ,2024-04-25,2023-03-31
300686,智动力,-0.1722,294842876.79,-39.469979684,-29.516,-44888672.68,-521.62,80.9076,5.132566577094,-2.63,0.106326534995,1.8387422342,消费电子,2024-04-25,2023-03-31
300684,中石科技,0.0754,313734867.66,15.8971042148,-32.8075,21109335.47,-12.69,-57.5043,6.153920617166,1.22,0.306652175941,23.6560897593,电子化学品Ⅱ,2024-04-25,2023-03-31
300681,英搏尔,-0.0311,257809678.4,-26.8626715796,-58.9823,-7841665.39,-142.51,1.3487,10.3029314337,-0.45,1.364513950717,16.9797758725,汽车零部件,2024-04-25,2023-03-31
300678,中科信息,0.0474,74535937.15,9.0117980372,-80.1439,9369849.59,17.13,-67.9474,4.288043164719,1.12,-0.625858026977,34.706976821,IT服务Ⅱ,2024-04-25,2023-03-31
300672,国科微,0.2074,1723015060.77,238.7591990893,149.6675,45067142.19,297.11,33.0611,18.758580162941,1.11,-0.400775275458,9.4448328883,半导体,2024-04-25,2023-03-31
300669,沪宁股份,0.04,74731617.75,-7.1743524654,-26.9821,7706819.17,-12.63,-42.5738,4.511517063294,0.89,0.095053233606,23.6169058042,专用设备,2024-04-25,2023-03-31
300666,江丰电子,0.21,565231077.04,15.4339320572,-11.5364,55661563.1,67.38,33.4115,15.348619674748,1.37,0.118550066094,31.8213275625,半导体,2024-04-25,2023-03-31
300665,飞鹿股份,0.0191,106123018.1,115.8183172729,-62.7056,3651541.08,135.04,104.9788,2.637980275868,0.68,-0.136233008458,20.690610664,化学制品,2024-04-25,2023-03-31
300664,鹏鹞环保,0.0867,353377539.88,-17.690783316,8.6676,66671414.06,-7.22,219.6755,5.436059159803,1.55,0.020152908851,37.5884427559,环境治理,2024-04-25,2023-03-31
300663,科蓝软件,-0.02,247080376.9,1.627832236,-47.5858,-8467740.11,-242.14,-122.1185,2.446605500657,-0.69,-0.346947807013,32.2641217567,软件开发,2024-04-25,2023-03-31
300651,金陵体育,0.02,73625240.83,-13.0358265227,-53.3193,2481548.9,-2.98,-84.2133,5.685039079943,0.32,-0.081093234898,31.6730628207,文娱用品,2024-04-25,2023-03-31
300644,南京聚隆,0.1129,321457107.97,-21.5505806191,-33.9685,12189796.67,-13.78,-54.2144,7.344490688044,1.56,-0.291221292713,13.9078344394,塑料,2024-04-25,2023-03-31
300643,万通智控,0.07,242332306.09,-9.4551910667,-0.2931,14954390.74,-54.87,-27.1854,4.197702508087,1.57,-0.052816600565,29.4409500372,汽车零部件,2024-04-25,2023-03-31
300636,同和药业,0.0945,220746478.69,22.7928687294,15.192,33096474.74,23.36,26.4135,3.885953271485,2.47,0.243429006498,35.8894441851,化学制药,2024-04-25,2023-03-31
300629,新劲刚,0.15,117776324.77,21.1914011249,4.1943,35857639.91,4.2,40.4749,7.00040928518,2.86,-0.30561174389,61.2241435117,军工电子Ⅱ,2024-04-25,2023-03-31
300627,华测导航,0.1483,511847531.56,21.1922039633,-34.9547,79066810.39,18.49,-43.6983,4.895406782081,3.07,-0.281845576702,59.1710756164,通信设备,2024-04-25,2023-03-31
300625,三雄极光,0.04,389675959.96,-6.9827639324,-32.9747,11712337.95,-49.57,134.4133,7.789199819068,0.54,-0.343816068464,32.6068789881,照明设备Ⅱ,2024-04-25,2023-03-31
300623,捷捷微电,0.04,403374881.98,7.81802118,-25.1117,31761034.28,-68.36,-51.8458,4.490958826373,0.88,0.046741577859,34.8111008873,半导体,2024-04-25,2023-03-31
300618,寒锐钴业,0.06,1130528379.86,-28.1259166482,0.3053,17741671.24,-89.78,142.9689,16.29162199435,0.35,0.295672920775,15.7627251252,能源金属,2024-04-25,2023-03-31
300617,安靠智电,0.49,277590245.32,17.8168068573,10.6721,80522543.33,18.63,4716.1998,15.482671846655,3.14,-0.553403054094,46.9938977393,电网设备,2024-04-25,2023-03-31
300613,富瀚微,0.25,415692262.91,-19.2249394996,6.9227,58502092.14,-42.42,15.404,9.785886670139,2.03,-0.081618396014,38.9291418409,半导体,2024-04-25,2023-03-31
300608,思特奇,-0.14,74608371.88,-14.5023718825,-81.4329,-45204598.6,16.38,-158.72,4.502056514579,-2.96,-0.251744095201,33.4194325137,软件开发,2024-04-25,2023-03-31
300603,立昂技术,0.06,165519319.16,-25.6836151325,49.4306,22998600.11,232.7,106.1481,3.221353971344,2.62,-0.003152101931,17.4504874758,通信服务,2024-04-25,2023-03-31
300602,飞荣达,-0.0495,773186472.96,2.6186749377,-41.7189,-25123973.77,-40.37,-126.429,4.994764360552,-0.99,0.327451267364,15.8551202132,消费电子,2024-04-25,2023-03-31
300598,诚迈科技,-0.4063,415753212.82,-1.8909672353,-7.8193,-65056774.24,-41.45,-22.4428,7.812889022295,-6.24,-0.39679431373,14.5763943179,软件开发,2024-04-25,2023-03-31
300592,华凯易佰,0.2646,1378940104.95,47.444128032,1.5148,76108527.59,119.2,4.9556,7.406640577077,3.45,0.563304845743,37.9939057693,互联网电商,2024-04-25,2023-03-31
300588,熙菱信息,-0.0129,33600898.91,98.6470637553,-47.7744,-2475463.17,83.91,80.5806,2.170901027873,-0.59,-0.073432589044,28.2478735031,计算机设备,2024-04-25,2023-03-31
300584,海辰药业,0.1018,117201090.18,-22.1798676428,-20.4077,12213813.89,-3.23,-1.2336,8.0237029095,1.28,0.24588423975,82.2482641774,化学制药,2024-04-25,2023-03-31
300579,数字认证,0.0117,164596954.15,16.115387811,-68.9251,3162347.85,51.21,-96.0087,3.484102995593,0.34,-0.379270461593,67.671875944,软件开发,2024-04-25,2023-03-31
300562,乐心医疗,-0.06,162605363.38,-37.5494998253,-27.7664,-12098183.9,-1040.75,70.6503,4.649802055171,-1.2,-0.062027784541,26.8515506699,医疗器械,2024-04-25,2023-03-31
300557,理工光科,0.05,88576896.27,16.3518178808,-52.7033,3912447.62,161.82,-7.2159,13.065083552033,0.42,-0.149064355956,30.4301578911,通用设备,2024-04-25,2023-03-31
300556,丝路视觉,-0.3,154687895.81,-18.946164912,-69.5771,-35616551.59,-23.23,-214.3081,7.086740422224,-4.11,-1.15648651884,4.0121662574,软件开发,2024-04-25,2023-03-31
300554,三超新材,0.0094,104545999.96,35.2560091609,-12.665,982814.36,117.41,-89.0859,6.388572057008,0.15,-0.321264822485,25.6536514551,通用设备,2024-04-25,2023-03-31
300550,和仁科技,0.0036,99613612.14,3.2399750912,73.5177,956609.42,-82.96,100.885,3.962537036245,0.09,-0.256042042578,27.5666537535,软件开发,2024-04-25,2023-03-31
300549,优德精密,0.0558,96030809.85,6.9618675132,-3.1832,7434960.82,32.02,-16.7569,4.165853422604,1.35,-0.113391544773,27.7874425632,专用设备,2024-04-25,2023-03-31
300541,先进数通,0.02,370340921.5,-24.466532324,-67.7596,7644887.04,168.4,-88.6604,4.10585268759,0.61,-0.726165095067,16.4174410145,IT服务Ⅱ,2024-04-25,2023-03-31
300540,蜀道装备,0.1008,17160499.7,-66.6592714771,-79.4961,16198116.52,6.05,148.8647,6.121288041527,1.66,-0.285457385546,12.8882042403,专用设备,2024-04-25,2023-03-31
300535,达威股份,0.0353,122423622.98,8.4086049715,-5.3671,3685680.84,-17.63,130.4649,8.62778559738,0.41,0.017018337593,30.9137975734,化学制品,2024-04-25,2023-03-31
300516,久之洋,0.0262,72557185.68,-19.8403527329,-79.029,4711540.12,-45.23,-83.8654,6.986149257944,0.38,-0.335026308444,37.6905791945,其他电子Ⅱ,2024-04-25,2023-03-31
300509,新美星,0.05,247311504.01,43.8780954682,10.9878,15639069.68,23.18,639.1348,2.146152892982,2.49,0.313464744062,26.343847825,专用设备,2024-04-25,2023-03-31
300507,苏奥传感,0.03,190508694.58,-10.8853373159,-29.9739,22906579.15,-7.26,-88.9795,2.425249787915,1.2,0.026423228305,18.5799396757,汽车零部件,2024-04-25,2023-03-31
300501,海顺新材,0.14,260137982.34,12.1907956116,-12.8822,26685502.18,4.72,39.0859,8.387879237182,1.66,0.113216929874,28.2390373175,包装印刷,2024-04-25,2023-03-31
300496,中科创达,0.3681,1166266981.09,1.183457789,-26.7055,168384182.28,8.06,29.8274,20.010128178679,1.84,0.720565435618,40.826922751,IT服务Ⅱ,2024-04-25,2023-03-31
300478,杭州高新,-0.0561,71542269.82,6.5530947812,-27.7094,-7112266.91,-662.07,47.0134,0.485593195551,-10.93,-0.033753905963,5.7557029856,塑料,2024-04-25,2023-03-31
300475,香农芯创,0.2,1567916740.17,-58.3352338332,-47.8151,85417370.94,55.54,-46.0599,5.151999128313,4.12,-0.352114085231,6.1251278999,其他电子Ⅱ,2024-04-25,2023-03-31
300474,景嘉微,-0.16,65181995.44,-81.9816223889,-84.6512,-70678727.09,-191.44,-161.0119,7.144155911541,-2.13,-0.19333018633,57.720015176,军工电子Ⅱ,2024-04-25,2023-03-31
300470,中密控股,0.3954,287347512.72,8.4828602764,-7.1983,80564010.35,30.52,14.4388,11.968193242289,3.32,0.123405725613,53.9955755529,通用设备,2024-04-25,2023-03-31
300465,高伟达,0.0235,258682393.02,18.1860710351,-53.814,10500164.73,434.66,115.1382,1.405481047205,1.69,-0.245516199928,23.5942744991,软件开发,2024-04-25,2023-03-31
300463,迈克生物,0.19,676400369.15,-26.8538899454,-24.0103,116873753.42,-42.1,8.905,10.452066179057,1.84,0.272742781499,55.326258797,医疗器械,2024-04-25,2023-03-31
300462,ST华铭,0.0125,184041759.82,103.3587867537,-6.1703,2356945.32,118.57,-97.4077,8.118715323837,0.15,-0.088783869548,26.7261937661,计算机设备,2024-04-25,2023-03-31
300450,先导智能,0.3597,3273527121.48,11.8783549284,-16.746,563328825.89,62.64,-13.6467,7.478160316214,4.93,-1.090751673117,41.4630451782,电池,2024-04-25,2023-03-31
300425,中建环能,0.0105,200210556.05,-28.5979293794,-77.8015,7112292.24,-70.84,-94.8197,3.218393370277,0.33,0.02684846636,34.1760572369,环境治理,2024-04-25,2023-03-31
300420,五洋自控,0.0076,218074095.69,-0.2026403641,-57.5253,8515785.52,10.54,-28.5039,2.170279449806,0.35,-0.013615491038,28.8842733983,通用设备,2024-04-25,2023-03-31
300416,苏试试验,0.0872,437935386.08,27.4522543091,-19.7134,44328613.53,53.7,-51.3884,6.11753866151,1.87,-0.214268495318,43.4601954032,专业服务,2024-04-25,2023-03-31
300411,金盾股份,0.0181,70720126.01,-7.7617421315,-37.7838,7267894.16,-74.09,132.4898,2.253163627861,0.8,0.009853937742,23.0021962881,专用设备,2024-04-25,2023-03-31
300409,道氏技术,-0.06,1589426370.73,-14.2945403992,0.865,-36473479.07,-121.27,43.6252,9.72149923633,-0.67,0.05803111238,16.3009188517,电池,2024-04-25,2023-03-31
300405,科隆股份,-0.0206,148622174.15,-14.9565948612,55.9899,-5969724.87,-183.43,93.1718,2.189864359105,-0.94,-0.036860870033,9.4165910748,化学制品,2024-04-25,2023-03-31
300404,博济医药,0.0319,103299782.23,39.2474900041,-28.8834,11738526.83,-6.03,86.8846,2.359379517581,1.36,-7.7799415e-05,39.2010378007,医疗服务,2024-04-25,2023-03-31
300397,天和防务,-0.04,80774720.2,-13.7058703787,-49.7026,-21779680.91,-202.63,81.5663,3.503361445795,-1.19,-0.058732323552,26.9591547901,军工电子Ⅱ,2024-04-25,2023-03-31
300393,中来股份,0.09,2708413913.81,34.7827121386,38.688,102599713.94,15.68,76.0009,3.680491717509,2.6,-0.297756589542,17.1167783014,光伏设备,2024-04-25,2023-03-31
300388,节能国祯,0.0805,712710770.75,-14.6518008129,-44.2395,54787565.15,0.73,-60.4682,5.618329683672,1.39,-0.234335086629,29.4589320418,环境治理,2024-04-25,2023-03-31
300386,飞天诚信,-0.09,148686515.57,-10.7561343502,-38.707,-35835028.4,-455.09,51.5263,4.005018523218,-2.12,-0.178665314034,27.9597757071,计算机设备,2024-04-25,2023-03-31
300385,ST雪浪,0.0322,295923690.8,-32.580380503,-41.2693,10733324.68,378.66,110.4159,2.258324374647,1.42,-0.259268801998,12.5893467871,环境治理,2024-04-25,2023-03-31
300384,三联虹普,0.2136,296520930.17,38.3701340253,0.1438,68137736.78,15.01,3.7984,7.470601261354,2.9,-0.199516638845,38.2268297098,专业工程,2024-04-25,2023-03-31
300383,光环新网,0.1,1879585916.57,2.5647557128,9.3332,173547294.29,-10.26,113.4227,6.831229427956,1.42,0.255721551361,18.2614045101,通信服务,2024-04-25,2023-03-31
300382,斯莱克,0.06,295618512.72,1.221349127,-34.5286,37645812.2,-13.65,1.6584,3.700121763688,1.56,-0.09911338087,36.3689605095,专用设备,2024-04-25,2023-03-31
300375,鹏翎股份,0.0276,370407779.06,-16.372741866,-25.7908,19172060.56,-44.49,10.4866,2.950800969865,0.94,0.003533076195,22.42234756,汽车零部件,2024-04-25,2023-03-31
300369,绿盟科技,-0.2296,329074219.09,0.7718783709,-73.4858,-181466054.62,-57.14,-164.2716,4.366274489895,-5.09,-0.190567597104,62.5231243696,软件开发,2024-04-25,2023-03-31
300364,中文在线,-0.0509,288456458.0,24.7886335202,6.5963,-37219440.22,-130.32,84.4206,1.529470635926,-3.28,-0.068453567689,48.7907732577,数字媒体,2024-04-25,2023-03-31
300360,炬华科技,0.24,377465850.13,28.517241,-19.5555,120213365.72,68.55,-32.2044,6.322530228359,3.96,0.094327664699,38.7635468029,电网设备,2024-04-25,2023-03-31
300358,楚天科技,0.2319,1553392936.78,13.4897051416,-20.3759,133378983.03,3.86,27.3047,7.591956018213,3.12,-0.576286730685,34.7241610148,医疗器械,2024-04-25,2023-03-31
300339,润和软件,0.05,737056046.14,5.1157707822,-3.0685,36304973.61,15.38,331.0921,4.055126180308,1.13,-0.370203924748,24.4576533676,IT服务Ⅱ,2024-04-25,2023-03-31
300337,银邦股份,0.015,1003259647.74,16.86311782,-3.2343,12365725.59,-69.49,649.283,2.058272190043,0.78,0.217495006205,9.4407307643,工业金属,2024-04-25,2023-03-31
300333,兆日科技,-0.0606,33896827.8,-7.8124893309,-12.4099,-20376140.49,-14.91,67.1993,2.031964605,-2.94,-0.068930078571,52.8757311916,计算机设备,2024-04-25,2023-03-31
300328,宜安科技,-0.0007,381585071.17,17.4864550163,-19.9739,-474132.82,-105.58,-106.5687,1.574481253176,-0.04,0.015566676762,15.0264993791,工业金属,2024-04-25,2023-03-31
300303,聚飞光电,0.04,536915072.07,5.7945186081,-10.9199,58204827.76,11.11,81.2668,2.171517254188,1.98,0.047569066,24.472932554,光学光电子,2024-04-25,2023-03-31
300290,ST荣科,-0.0076,147900652.84,25.4293158563,-3.3468,-4885716.14,79.02,98.0837,1.257835211623,-0.6,-0.129766788924,36.7084218883,IT服务Ⅱ,2024-04-25,2023-03-31
300279,和晶科技,0.0199,402775066.27,-19.2837097995,-24.0141,9567409.62,125.32,104.0418,1.750089555959,1.14,0.011138077566,17.1147345113,家电零部件Ⅱ,2024-04-25,2023-03-31
300275,梅安森,0.0303,82634110.0,7.1821053347,-41.3155,9130033.84,13.75,-27.2209,4.194101095149,1.17,0.051362851869,38.9379037543,计算机设备,2024-04-25,2023-03-31
300269,联建光电,-0.04,224805017.9,13.0246556309,-16.8983,-19346760.88,-63.01,64.1492,0.077310249328,-42.11,-0.085683875688,26.3723747111,光学光电子,2024-04-25,2023-03-31
300264,佳创视讯,-0.0283,35749510.24,68.4071856365,72.479,-12035824.47,2.99,74.1577,0.345618624044,-9.7,-0.142183253444,28.5704144796,IT服务Ⅱ,2024-04-25,2023-03-31
300247,融捷健康,0.0139,158259198.06,28.4279101207,19.3006,11189537.8,116.73,194.3653,1.242010602384,1.13,0.058338558219,29.6791357695,其他家电Ⅱ,2024-04-25,2023-03-31
300246,宝莱特,0.1545,344565792.16,18.085194055,9.185,27162153.53,94.75,130.419,7.911560224194,1.61,-0.363967505264,38.3575082748,医疗器械,2024-04-25,2023-03-31
300233,金城医药,0.13,829526542.0,-12.9619721813,-9.288,50154655.33,-55.41,235.0307,9.476428829056,1.38,0.06892767161,42.6873896893,化学制药,2024-04-25,2023-03-31
300224,正海磁材,0.14,1375982471.21,29.2178381728,-21.9006,117605886.94,40.47,18.7758,4.130994026156,3.19,-0.368551019007,18.1765429047,金属新材料,2024-04-25,2023-03-31
300223,北京君正,0.2381,1069146900.89,-24.3646196454,-10.3573,114665230.84,-50.5,99.3777,23.427978767718,1.02,-0.079449047409,37.0806622813,半导体,2024-04-25,2023-03-31
300219,鸿利智汇,0.064,715645238.07,-14.4765569587,-23.2007,45315009.37,-15.3,48.0049,3.406275218944,1.9,-0.119454631709,21.3190527197,光学光电子,2024-04-25,2023-03-31
300212,*ST易录,-0.0783,369426243.44,-37.4721626679,27.583,-51856503.58,-251.24,-313.1062,5.803509769644,-1.33,-0.198694218496,33.4168346002,IT服务Ⅱ,2024-04-25,2023-03-31
300204,舒泰神,-0.1,65017235.12,-47.2864971176,-60.8495,-48725047.5,-99.62,-15.6439,2.682893602459,-3.71,-0.102456449483,83.9866647193,化学制药,2024-04-25,2023-03-31
300194,福安药业,0.07,691025769.13,25.0288558652,8.311,86023255.31,130.86,25.45,3.390501187429,2.16,-0.056676450191,58.1847613391,化学制药,2024-04-25,2023-03-31
300164,通源石油,0.0296,202386632.39,44.8101138171,-24.2362,16562300.33,829.08,164.3178,2.137603527685,1.44,0.015018049703,31.6639253656,油服工程,2024-04-25,2023-03-31
300142,沃森生物,0.1074,833267364.92,27.0438163879,-39.6265,171990894.69,345.34,-12.8095,5.760148293715,1.88,0.126419616855,85.017158244,生物制品,2024-04-25,2023-03-31
300139,晓程科技,-0.07,58120370.99,46.2204836412,-12.1215,-17965715.95,64.21,73.7143,3.675976394781,-1.77,-0.116222979197,40.554543198,贵金属,2024-04-25,2023-03-31
300138,晨光生物,0.2535,1817862277.48,14.7099745248,21.2251,135043557.83,26.3,38.8312,6.213078351717,4.17,-0.254978634834,12.7565167957,农产品加工,2024-04-25,2023-03-31
300137,先河环保,0.01,200167410.84,15.2726978722,-46.6186,7213290.68,29.54,104.5746,3.499107202963,0.38,-0.198307082969,38.0820980799,环保设备Ⅱ,2024-04-25,2023-03-31
300133,华策影视,0.08,964289990.83,104.829121779,-4.5512,146976784.69,28.95,44.5532,3.641274491351,2.14,0.089935308384,23.0409064828,影视院线,2024-04-25,2023-03-31
300110,华仁药业,0.0348,403241817.91,4.6060530588,-21.7167,41102886.41,64.15,-28.6467,2.17557113093,1.61,0.056672228076,41.6650669965,化学制药,2024-04-25,2023-03-31
300107,建新股份,0.0065,126497669.98,-23.2791565612,-32.6647,3613439.28,-66.76,-71.2981,2.659138572381,0.25,0.017975438588,12.1516456805,化学制品,2024-04-25,2023-03-31
300092,科新机电,0.1845,387525367.75,44.0559032658,44.6006,45338108.55,34.28,59.2648,5.325137081106,4.28,-0.261026258262,21.8833668057,专用设备,2024-04-25,2023-03-31
300091,*ST金灵,-0.0188,342112525.5,-9.5427242466,13.3519,-28034092.46,-2.55,92.3492,1.65978989389,-1.13,-0.081138532731,13.0779134481,通用设备,2024-04-25,2023-03-31
300080,易成新能,0.0217,2146160926.54,1.6392741168,-43.1635,47275760.88,74.84,-84.7173,2.681272624332,0.81,-0.094433229444,11.7090378831,光伏设备,2024-04-25,2023-03-31
300079,数码视讯,0.0069,186634866.43,4.2232793302,-56.9976,9878174.61,202.16,-72.4876,2.926628698528,0.24,-0.01878840095,47.5018253748,IT服务Ⅱ,2024-04-25,2023-03-31
300073,当升科技,0.8502,4692020945.03,22.1155087254,-34.6233,430606841.47,11.26,-44.8304,23.535482635334,3.68,-0.169406065291,16.4317826903,电池,2024-04-25,2023-03-31
300072,海新能科,-0.0592,1968257058.42,-0.3684290806,-2.5204,-139184521.22,20.95,73.859,2.92089412393,-2.0,0.002394980618,3.6132663773,化学制品,2024-04-25,2023-03-31
300070,碧水源,0.0133,1715800906.77,-4.8363044377,-49.0239,48159161.36,28.08,-92.9873,7.452462390617,0.18,-0.078081026234,21.0885480776,环境治理,2024-04-25,2023-03-31
300067,安诺其,-0.0072,170662503.24,-35.5178152913,12.489,-7533189.19,-124.19,14.4696,2.210733828987,-0.32,0.077824425756,11.7449812815,化学制品,2024-04-25,2023-03-31
300059,东方财富,0.128,2809949248.02,-12.09,-3.9087,2028957637.67,-6.54,5.9366,5.084554258688,3.07,0.002562874019,60.6699894983,证券Ⅱ,2024-04-25,2023-03-31
300051,琏升科技,-0.01,47980060.9,12.4919698584,150.088,-2777463.58,-97.02,75.9388,0.685047365305,-1.2,0.009206415013,54.7814877826,光伏设备,2024-04-25,2023-03-31
300047,天源迪科,0.013,1198278484.63,30.3580374218,-44.9923,8292893.06,21.71,182.7054,5.176004650683,0.25,0.933324522357,13.2594002928,软件开发,2024-04-25,2023-03-31
300014,亿纬锂能,0.56,11185548136.17,66.1072119907,-6.947,1139709769.51,118.68,35.1298,15.576384798918,3.67,0.479006385379,16.8309565217,电池,2024-04-25,2023-03-31
300010,ST豆神,-0.0288,156428837.49,-6.761372337,-61.2121,-53604198.34,-24.75,89.1292,-0.809815731535,,-0.081727847937,38.2028160273,教育,2024-04-25,2023-03-31
300004,南风股份,-0.0023,50676189.45,-23.0742129976,-57.7088,-1117263.54,-106.79,-115.952,3.547810371546,-0.07,-0.061216713832,23.893481182,专用设备,2024-04-25,2023-03-31
300002,神州泰岳,0.0914,1211957955.63,22.3562499895,-22.8455,178131184.75,182.44,12.3256,2.568585686662,3.61,0.024307911398,63.9728186591,游戏Ⅱ,2024-04-25,2023-03-31
200581,苏威孚B,0.43,3144363323.69,-27.2479012198,5.3508,414774676.43,-42.45,136.1344,17.905784028183,2.32,0.541030707595,14.38239189,汽车零部件,2024-04-25,2023-03-31
200505,京粮B,0.05,3206922214.64,6.0335467792,-6.0436,37265080.42,0.74,-25.2755,4.262600018856,1.21,-0.130515802381,3.1559078632,农产品加工,2024-04-25,2023-03-31
200026,飞亚达B,0.2505,1200095568.76,2.2488567442,23.892,103189489.23,19.5,179.7974,7.788741768894,3.23,0.191965030311,36.0281878423,饰品,2024-04-25,2023-03-31
200025,特力B,0.0586,339838493.18,142.6206037397,105.4178,25274084.85,-25.24,18.2218,3.551521632061,1.66,-0.10067778476,14.0853562827,综合Ⅱ,2024-04-25,2023-03-31
003816,中国广核,0.069,18288822249.36,6.4683310553,-25.0685,3486250765.27,22.25,196.7572,2.187820751112,3.21,0.088327553965,41.2297423971,电力,2024-04-25,2023-03-31
003000,劲仔食品,0.0904,436896311.15,68.3957483562,-3.3312,39199530.4,95.71,14.3117,2.737458324501,3.56,0.0982397634,25.9801133114,休闲食品,2024-04-25,2023-03-31
002996,顺博合金,0.12,2235263850.82,-20.2364193216,-20.6668,50607584.06,-60.03,219.9568,5.467649477934,2.04,1.392703604814,2.4304384008,工业金属,2024-04-25,2023-03-31
002985,北摩高科,0.41,314660585.53,-14.5460036446,126.6208,135016606.2,-12.57,1269.9288,9.331048011292,4.46,0.023604885799,69.8457797121,航空装备Ⅱ,2024-04-25,2023-03-31
002972,科安达,0.1486,55745581.92,-24.5637390514,-12.1524,25887883.79,0.72,17.7871,7.298680671563,2.03,-0.090222104412,66.9224127816,轨交设备Ⅱ,2024-04-25,2023-03-31
002971,和远气体,0.19,405599521.59,33.9933319595,8.4526,30621481.91,18.52,24.8842,7.733490781313,2.51,-0.053734917937,21.7885004015,化学制品,2024-04-25,2023-03-31
002943,宇晶股份,0.1139,204987126.99,11.3799537204,-7.6609,17776573.97,-3.2,13.6006,10.253807263,1.46,-0.63281120075,25.6128147903,通用设备,2024-04-25,2023-03-31
002942,新农股份,0.07,275296537.41,-11.1566880169,19.6236,10792398.23,-70.41,159.0787,7.589604428974,0.92,-0.348007262949,22.7659265567,农化制品,2024-04-25,2023-03-31
002938,鹏鼎控股,0.18,6667007237.88,-5.7852326411,-41.6166,418531593.32,-29.45,-76.0462,12.230708167112,1.49,1.202235603795,20.9050622372,元件,2024-04-25,2023-03-31
002913,奥士康,0.41,1006206559.11,-4.8587061208,-16.3939,131335060.27,-12.06,221.7389,12.171628904313,3.41,0.168685793192,25.948557828,元件,2024-04-25,2023-03-31
002908,德生科技,0.0515,172073401.07,9.6567484199,-41.0681,15546280.64,55.7,-69.6032,3.708275874077,1.37,-0.293031408273,48.9736574601,IT服务Ⅱ,2024-04-25,2023-03-31
002890,弘宇股份,0.046,122340339.51,10.0002514884,39.3231,6010681.06,43.5,-11.6727,6.288194161113,1.03,-0.011388666567,18.6720543375,专用设备,2024-04-25,2023-03-31
002883,*ST中设,0.07,150751029.76,1.6806696641,-10.9332,11049003.06,-1.81,-8.3993,4.175669108037,1.71,-0.061368791016,32.0290500217,工程咨询服务Ⅱ,2024-04-25,2023-03-31
002881,美格智能,0.07,443094401.12,10.6211805407,-12.4692,18131965.85,-26.31,234.1123,5.49742967988,1.77,-0.154711059123,22.5865926938,通信设备,2024-04-25,2023-03-31
002853,皮阿诺,-0.02,178884123.92,-24.2043386094,-62.0326,-3863014.7,-120.7,-109.1519,6.759227387333,-0.31,-0.370988655158,24.4276746882,家居用品,2024-04-25,2023-03-31
002842,翔鹭钨业,0.01,388453977.62,-13.4478684188,-0.2562,1698411.37,-84.92,102.683,3.205432264273,0.18,-0.116702093702,9.525193246,小金属,2024-04-25,2023-03-31
002841,视源股份,0.41,3756870270.55,-10.2652643289,-23.9977,284015040.78,-7.8,-40.8131,17.467592726971,2.35,-0.364179188639,29.0647513935,消费电子,2024-04-25,2023-03-31
002820,桂发祥,0.13,142651899.09,108.1923721513,236.8571,25536569.67,239.16,205.404,4.863410881792,2.65,0.2460396294,44.516096887,休闲食品,2024-04-25,2023-03-31
002812,恩捷股份,0.73,2568465530.97,-0.9201593672,-22.4329,649239029.72,-29.1,-16.169,20.578065387976,3.59,0.813611985539,46.0268502289,电池,2024-04-25,2023-03-31
002809,红墙股份,0.1,163275344.73,-15.200195783,-33.1028,20719882.33,130.31,-23.4468,7.370785330632,1.35,0.047292922556,31.3124920021,化学制品,2024-04-25,2023-03-31
002791,坚朗五金,-0.17,1354479238.41,4.8292182823,-39.5299,-56051476.64,37.33,-191.6322,14.785702159762,-1.17,-1.117841326149,30.1334303587,装修建材,2024-04-25,2023-03-31
002782,可立克,0.0613,1073700790.11,131.0464191602,-16.5586,29614657.25,44.06,-22.0323,3.752093152882,1.69,0.194892954773,12.3728201622,其他电子Ⅱ,2024-04-25,2023-03-31
002777,久远银海,0.04,187669914.94,25.9659450973,-69.8514,16749089.72,6.24,-71.6524,3.820587627955,1.08,-0.305021603918,49.4705759789,IT服务Ⅱ,2024-04-25,2023-03-31
002773,康弘药业,0.3,884838651.01,-1.1587917052,16.8169,279331041.04,-6.03,96.7529,7.810385239724,3.97,0.204125537106,88.2532564766,生物制品,2024-04-25,2023-03-31
002766,索菱股份,0.0007,211287309.14,11.8793967359,-21.0062,595728.62,115.23,-90.3305,0.785041216913,0.09,-0.021461073679,24.0511391843,汽车零部件,2024-04-25,2023-03-31
002761,浙江建投,0.2625,21971583288.62,-2.549516395,-24.454,336833603.66,2.54,613.0463,6.175505342196,4.36,-2.64107121324,4.6339870663,房屋建设Ⅱ,2024-04-25,2023-03-31
002700,万憬能源,0.04,161645609.46,-1.180124832,44.2296,17853174.46,19.94,279.4689,1.705337544808,2.51,0.108937442049,19.8644029908,燃气Ⅱ,2024-04-25,2023-03-31
002687,乔治白,0.06,246450523.56,-0.3807612584,-37.2201,29239081.4,111.07,-31.4166,2.733933645773,2.0,-0.060273603133,48.382473556,服装家纺,2024-04-25,2023-03-31
002683,广东宏大,0.0685,1976281805.33,10.4742820419,-40.1573,51311936.26,24.74,-69.7426,7.996200751906,0.86,-0.529165702886,15.7417078754,化学制品,2024-04-25,2023-03-31
002681,奋达科技,0.01,583107915.48,-15.2356084679,21.9824,18312127.59,-31.32,155.7279,1.236237931865,0.46,0.032826717526,21.2725538116,消费电子,2024-04-25,2023-03-31
002670,国盛证券,0.0233,409262313.99,-21.71,-1.9505,45174191.25,216.58,115.5291,5.683740932537,0.41,-0.014824569507,,证券Ⅱ,2024-04-25,2023-03-31
002660,茂硕电源,0.0519,329712548.97,-2.4145072943,-17.9247,18525747.8,92.22,1.2605,3.51376426236,1.49,0.045669799881,25.2713098304,消费电子,2024-04-25,2023-03-31
002655,共达电声,0.03,206989366.08,-12.0451379558,-0.0689,10695858.44,-44.7,425.3572,1.611363259232,1.63,0.092000421965,29.001227878,消费电子,2024-04-25,2023-03-31
002635,安洁科技,0.1,880114933.23,-16.5412447426,-20.9532,68206561.69,-19.68,888.1165,8.597030016148,1.16,0.176696427602,24.0336802131,消费电子,2024-04-25,2023-03-31
002606,大连电瓷,0.0474,170390164.77,-39.953222937,-23.8434,20734320.16,-64.26,76.4137,3.505540991511,1.36,0.226885567559,33.0393987446,电网设备,2024-04-25,2023-03-31
002591,恒大高新,-0.0073,60250298.47,-43.8578012211,-45.0631,-2197751.31,19.48,96.2414,2.366682589368,-0.31,0.15358884461,27.2541977334,化学制品,2024-04-25,2023-03-31
002556,辉隆股份,0.16,4325235519.54,2.0423648702,9.0399,157294090.03,-24.87,5070.1509,4.404405335614,3.8,-0.378183585995,7.2129149273,农业综合Ⅱ,2024-04-25,2023-03-31
002544,普天科技,0.032,1222418477.63,4.1603531533,-58.2036,21817508.9,13.79,-76.3522,5.562335847716,0.58,-0.784413343667,20.8222577855,通信服务,2024-04-25,2023-03-31
002537,海联金汇,0.03,2150604185.12,14.877143604,1.8292,32187380.4,-28.59,12430.869,3.779165195851,0.73,-0.05047700697,8.954183975,汽车零部件,2024-04-25,2023-03-31
002511,中顺洁柔,0.07,2060542849.81,9.3509459176,-16.0931,89436714.84,-32.93,18.5192,3.94608765889,1.71,0.141521696077,27.4617284859,个护用品,2024-04-25,2023-03-31
002508,老板电器,0.41,2177271694.59,4.3671593911,-28.2503,388734141.35,5.72,14.7131,10.66706419517,3.92,0.191525657269,54.7903292636,厨卫电器,2024-04-25,2023-03-31
002496,辉丰股份,0.01,62614374.69,-2.3339541787,-2.9063,10711121.07,-46.33,102.7557,1.306121285951,0.55,0.003454721646,32.4942474803,农化制品,2024-04-25,2023-03-31
002494,华斯股份,-0.0136,75892526.12,36.7118044446,-23.0879,-5148226.21,-32.12,97.8718,3.293310961498,-0.41,0.022828511646,27.518733145,服装家纺,2024-04-25,2023-03-31
002475,立讯精密,0.25,49942325179.17,20.0545007727,-27.3842,2017931635.56,11.9,-26.9614,6.575888057871,4.34,0.506603561149,10.0281447603,消费电子,2024-04-25,2023-03-31
002468,申通快递,0.09,8743896520.64,22.2526424957,-8.8557,132883937.1,24.91,73.1484,5.400241689709,1.62,0.256927978367,4.8774848253,物流,2024-04-25,2023-03-31
002461,珠江啤酒,0.0392,1035313645.94,18.754455684,26.6812,86785547.1,22.15,212.8715,4.384530702835,0.9,0.036125337157,40.7876815645,非白酒,2024-04-25,2023-03-31
002457,青龙管业,-0.0053,201676206.03,-32.4303534614,-80.7177,-1791523.87,11.96,-102.1928,6.896447030496,-0.08,-0.47236990546,27.7201570229,装修建材,2024-04-25,2023-03-31
002436,兴森科技,0.0044,1251755215.11,-1.6284511896,4.1058,7503469.11,-96.27,4.0605,3.874988474016,0.11,-0.016532249295,24.1498795077,元件,2024-04-25,2023-03-31
002422,科伦药业,0.57,5637862831.0,25.7880836876,10.8354,814451530.0,178.1,172.1499,11.083858179973,5.09,1.023850860989,54.7571182475,化学制药,2024-04-25,2023-03-31
002410,广联达,0.0728,1312025958.19,16.0353684521,-38.3902,119763441.45,10.1,-63.5344,5.407248072696,1.88,-0.775930594648,86.6051490115,软件开发,2024-04-25,2023-03-31
002393,力生制药,0.25,335604291.0,9.5096190233,37.2227,46500336.4,10.84,344.5187,23.990633697396,1.06,0.312669944407,60.8066666823,化学制药,2024-04-25,2023-03-31
002384,东山精密,0.28,6511602610.15,-10.9505143619,-25.6793,471650134.12,29.49,-40.0573,9.814964717944,2.85,1.052352411989,14.8027952713,元件,2024-04-25,2023-03-31
002373,千方科技,0.1,1568174454.94,19.4962227816,-27.3804,157572475.65,161.58,153.2793,7.707891154542,1.3,-0.171608808239,30.2280155627,IT服务Ⅱ,2024-04-25,2023-03-31
002367,康力电梯,0.1112,911620179.83,-3.1699857624,-28.7491,87420483.25,136.97,25.4656,4.147756019323,2.68,-0.030133290801,27.321801791,专用设备,2024-04-25,2023-03-31
002366,融发核电,-0.01,76075506.64,-6.9362891138,-64.4851,-10933525.98,64.6,-102.1302,2.192322603588,-0.24,0.148523361065,-1.9157767386,其他电源设备Ⅱ,2024-04-25,2023-03-31
002332,仙琚制药,0.13,957286011.96,-8.7454245119,3.2859,133111920.61,4.23,-39.5472,5.666166556423,2.41,0.069918844556,52.3460782827,化学制药,2024-04-25,2023-03-31
002305,*ST南置,-0.0944,194525002.97,-58.5955144262,-97.2849,-163775278.33,-179.68,51.3006,1.115181659183,-8.12,0.175282139834,5.5790412206,房地产开发,2024-04-25,2023-03-31
002290,禾盛新材,0.07,483743009.03,-11.7436154873,-6.1866,17746643.41,-27.2,506.6751,2.554009128688,2.84,0.265434816117,11.6541951093,家电零部件Ⅱ,2024-04-25,2023-03-31
002285,世联行,-0.01,788163836.16,-16.1718289292,-23.0144,-13035904.51,46.57,95.9706,1.635100158702,-0.39,0.024254243919,7.808511965,房地产服务,2024-04-25,2023-03-31
002283,天润工业,0.09,984952152.63,5.8974281477,24.0051,104904685.84,11.85,150.007,5.029089503643,1.85,0.050967622269,24.1199582534,汽车零部件,2024-04-25,2023-03-31
002282,博深股份,0.05,280728628.49,-18.6016304728,-21.1674,25298056.47,24.23,-48.7922,6.387903224327,0.73,-0.047909680005,28.643449025,通用设备,2024-04-25,2023-03-31
002264,新华都,0.09,677416896.38,-47.9451255309,-11.6918,63710310.13,45.57,223.257,2.113739295437,4.28,0.57626493836,26.9383826732,广告营销,2024-04-25,2023-03-31
002248,华东数控,0.02,70118725.26,16.209500811,23.0191,4752436.05,16.0,1207.993,0.266104807126,6.01,0.028077935944,23.2619408575,通用设备,2024-04-25,2023-03-31
002241,歌尔股份,0.03,24122252634.31,19.9408129136,-21.5321,106175127.83,-88.22,105.0779,8.81346541349,0.36,0.039260382527,6.97642636,消费电子,2024-04-25,2023-03-31
002225,濮耐股份,0.04,1218243801.22,6.9900192165,0.8176,43897628.26,-41.28,213.3062,3.179774664427,1.36,0.082103870413,20.098764847,装修建材,2024-04-25,2023-03-31
002182,宝武镁业,0.0783,1693750533.06,-32.300720162,-15.1513,50623824.59,-83.33,56.7004,6.165174716804,1.28,0.291338009134,10.0862603019,小金属,2024-04-25,2023-03-31
002177,御银股份,0.0145,18033834.39,-0.143550308,31.3625,11069230.46,139.2,480.0088,2.224754537642,0.66,0.006447831312,62.6509853959,一般零售,2024-04-25,2023-03-31
002151,北斗星通,0.04,989820164.97,30.2029356468,-27.016,20173278.95,-55.98,-29.7596,8.511473038267,0.46,-0.467784956701,23.9608771011,军工电子Ⅱ,2024-04-25,2023-03-31
002150,正泰电源,0.04,317868444.46,-25.7244228573,-17.782,14722465.25,-51.79,-40.9389,4.453022492784,0.93,0.016551598978,21.1303042471,光伏设备,2024-04-25,2023-03-31
002119,康强电子,0.05,387418655.47,-12.2203911105,-1.4284,19328616.47,-35.89,259.1323,3.318218360095,1.56,0.04334834997,15.9923175008,半导体,2024-04-25,2023-03-31
002090,金智科技,0.0236,387613556.37,7.9992557901,-30.6878,9132934.17,10.22,-33.8589,3.513320380301,0.68,-0.210977455834,23.8844988516,电网设备,2024-04-25,2023-03-31
002085,万丰奥威,0.11,3613758367.13,3.493996187,-23.2133,223993563.31,26.94,4.0851,2.940961521152,3.63,0.311058513998,21.3967259851,汽车零部件,2024-04-25,2023-03-31
002072,凯瑞德,-0.0022,71562882.03,-29.4631806836,-25.1512,-801460.48,-152.78,72.3166,0.137629285901,-1.58,0.052537753237,3.6302947231,贸易Ⅱ,2024-04-25,2023-03-31
002043,兔宝宝,0.1,1111734656.89,-31.6511614587,-63.477,74532065.5,-21.47,32.8679,3.765566838493,3.13,-0.101918491171,22.7476526321,装修建材,2024-04-25,2023-03-31
002023,海特高新,0.0168,228562244.72,2.0169405091,4.7444,12725496.58,-38.92,907.5853,5.541965767529,0.3,0.116959939322,41.4981677338,航空装备Ⅱ,2024-04-25,2023-03-31
002008,大族激光,0.14,2425072389.45,-28.5457000271,-44.8727,142440396.14,-57.15,-41.257,13.151570659127,1.0,-0.22390628604,32.8199045555,自动化设备,2024-04-25,2023-03-31
001387,雪祺电气,0.18,440090946.04,-1.4578876534,-15.7083,18438618.77,10.3983305492,-35.1777,,3.19,,12.5384917678,白色家电,2024-04-25,2023-03-31
001378,德冠新材,0.3331,273567360.97,-5.7802057756,-10.7717,33310442.56,-18.1959573475,-11.3743,,4.03,,21.6218578928,塑料,2024-04-25,2023-03-31
001373,翔腾新材,0.2,145372332.1,-50.1147005319,-2.647,10110682.7,-37.12,-11.5715,8.421715156853,2.36,-0.570793424989,17.5034734825,光学光电子,2024-04-25,2023-03-31
001367,海森药业,0.49,106949889.42,14.8657600435,0.3239,24997456.97,2.57,0.6216,9.693396002941,5.19,0.064402972157,37.0033812327,化学制药,2024-04-25,2023-03-31
001359,平安电工,0.2321,198316955.54,7.6953246087,,32287017.36,98.6917830373,,,4.08,,32.0425312889,塑料,2024-04-25,2023-03-31
001358,兴欣新材,0.76,198158313.35,9.8579824844,-0.9749,50274830.86,-13.5764417269,52.9502,,8.51,,35.0212582842,化学制品,2024-04-25,2023-03-31
001333,光华股份,0.19,300860911.02,-1.2266936258,-7.3934,24512480.04,-7.17,-3.6133,12.217088401719,1.58,-0.350413283594,13.4831512916,塑料,2024-04-25,2023-03-31
001332,锡装股份,0.5028,328066698.42,16.7743435962,-10.9954,54302704.31,-23.5,4.5128,27.2309264215,2.52,-1.016516744125,24.2890026491,专用设备,2024-04-25,2023-03-31
001326,联域股份,0.558,304754106.91,-11.5758731428,18.7602,30635931.69,-14.2364753621,10.5322,,7.54,,25.4268282405,照明设备Ⅱ,2024-04-25,2023-03-31
001301,尚太科技,0.89,952487645.69,-11.5396635059,-23.5344,230485170.89,-33.89,-5.1509,20.892012285189,4.34,-2.485331326234,34.993302861,电池,2024-04-25,2023-03-31
001299,美能能源,0.11,186629206.73,5.8002907091,7.4204,21286080.44,-35.94,-35.1027,6.66130308367,1.72,-0.252767841874,14.2586315005,燃气Ⅱ,2024-04-25,2023-03-31
001255,博菲电气,0.3015,94936766.98,10.2428816323,27.7989,18760666.86,3.44,40.0824,9.410495839625,2.52,-0.129550718375,36.7970624778,塑料,2024-04-25,2023-03-31
001223,欧克科技,0.44,94596106.39,-24.8978660934,11.9942,29459510.64,-29.34,109.2261,26.991706618476,1.65,0.163870427415,32.6495156182,自动化设备,2024-04-25,2023-03-31
001216,华瓷股份,0.1645,259213431.15,-20.8444155847,-10.1504,41425488.27,18.59,210.574,5.958947964618,2.8,0.089341843682,32.9517075373,家居用品,2024-04-25,2023-03-31
000989,九芝堂,0.1891,1089123621.24,-8.9689621064,91.1134,161848803.83,30.72,585.5097,4.845270704168,3.98,-0.150882463916,63.9728348373,中药Ⅱ,2024-04-25,2023-03-31
000972,中基健康,0.0219,149986679.55,502.5095925274,-65.5295,16882477.46,438.5463286325,-66.6649,0.145467461262,17.04,0.08220198667,21.7192374601,农产品加工,2024-04-25,2023-03-31
000968,蓝焰控股,0.24,571227958.1,9.9765905503,-13.7868,236376486.76,-13.12,127.3476,5.604571338936,4.46,0.133269951537,42.4231476215,油气开采Ⅱ,2024-04-25,2023-03-31
000930,中粮科技,0.0008,4522104000.26,-15.9481346231,-9.9493,1450089.28,-99.58,-98.4481,6.490122275467,0.01,-1.437437579779,5.7461637363,农产品加工,2024-04-25,2023-03-31
000921,海信家电,0.45,19430480828.07,6.1555326773,13.6996,615296643.26,131.11,68.5524,8.803372768609,5.21,0.650507887382,21.1195511389,白色家电,2024-04-25,2023-03-31
000902,新洋丰,0.326,4418261498.82,-2.780053256,20.1648,408606670.23,0.45,277.1044,6.82320617718,4.56,-0.197702887806,15.7294298637,农化制品,2024-04-25,2023-03-31
000888,峨眉山A,0.1331,237708317.24,59.5663556966,218.2454,70155772.86,1486.05,206.3173,4.426918563927,3.05,0.190920838499,44.5315400273,旅游及景区,2024-04-25,2023-03-31
000859,国风新材,0.01,522095425.2,-6.169803096,-18.6061,9643497.53,-90.32,-80.8368,3.256017247426,3.63,-0.072924245792,6.8289004881,塑料,2024-04-25,2023-03-31
000856,冀东装备,-0.0027,738950792.44,4.5963520566,-19.1402,-603810.75,74.22,-116.9405,1.696300216608,-0.16,-0.527425575815,6.2191524578,专用设备,2024-04-25,2023-03-31
000839,国安股份,0.0187,722002484.42,7.2384139541,3.2429,73356110.63,150.0471822381,107.3665,0.763136490285,3.63,-0.00497995923,15.3732685462,通信服务,2024-04-25,2023-03-31
000828,东莞控股,0.2305,582457200.29,21.6183405806,-62.9652,252723032.47,48.54,122.4047,8.856888031639,2.64,0.607430831078,47.4090121922,铁路公路,2024-04-25,2023-03-31
000822,山东海化,0.27,2364623197.04,9.3767641481,-7.167,239456309.4,7.33,288.6341,4.912972858231,5.6,-0.089658704496,20.2256418658,化学原料,2024-04-25,2023-03-31
000821,ST京机,0.09,1327086873.98,28.0143137045,-24.5937,53370391.48,61.49,-47.074,5.389838117895,1.61,0.123106473144,19.600131656,光伏设备,2024-04-25,2023-03-31
000819,岳阳兴长,0.055,751835252.2,-4.0387793625,-12.3226,16492230.31,39.8,-44.5315,3.318617790394,1.65,0.147326541098,9.2900345688,炼化及贸易,2024-04-25,2023-03-31
000813,德展健康,0.0008,135160087.88,-29.9022647855,-12.3668,1859373.76,-93.89,101.645,2.35177850131,0.04,0.022395687115,56.9255735379,化学制药,2024-04-25,2023-03-31
000777,中核科技,-0.022,245666035.46,24.3533627198,-63.921,-8466957.27,42.26,-106.5256,4.637376332046,-0.48,-0.282328783947,14.825364956,通用设备,2024-04-25,2023-03-31
000729,燕京啤酒,0.0229,3526175264.83,13.7394073933,87.554,64563848.91,7373.28,120.1632,4.786285043005,0.48,0.173629643919,36.7801084003,非白酒,2024-04-25,2023-03-31
000710,贝瑞基因,-0.06,280207812.4,-10.6178574429,-10.9507,-20738437.15,-73.86,91.0892,6.422722416083,-0.91,-0.117110770376,47.4231141137,医疗服务,2024-04-25,2023-03-31
000702,正虹科技,-0.1094,288683523.27,31.4288116773,-10.8417,-29169011.8,34.79,16.3575,0.754161108385,-13.57,0.041922017983,-0.5985239789,饲料,2024-04-25,2023-03-31
000697,炼石航空,-0.131,363176940.87,24.3284412183,11.6003,-87996994.9,-3.72,82.7608,-0.730195075249,,-0.227134139656,3.9033887713,航空装备Ⅱ,2024-04-25,2023-03-31
000670,盈方微,-0.0127,622438964.06,-20.8808971462,-41.2495,-10365705.14,-372.41,-208.4654,0.08973407385,-13.32,0.054966553019,4.7351854739,其他电子Ⅱ,2024-04-25,2023-03-31
000636,风华高科,0.05,933960245.68,-15.2538263593,-2.207,58309822.09,-67.66,310.0799,10.333234078872,0.49,0.102875663068,11.0752594287,元件,2024-04-25,2023-03-31
000635,英力特,-0.5,389968590.23,-8.4432552099,0.6198,-153264949.0,-267.51,38.0167,6.951455719179,-6.99,-0.145356461315,-32.6707300593,化学原料,2024-04-25,2023-03-31
000631,顺发恒能,0.01,59153652.31,-14.4796898321,-40.0805,18366634.47,-55.91,-62.8521,2.537142882662,0.3,-0.011795673752,45.9134900372,电力,2024-04-25,2023-03-31
000581,威孚高科,0.43,3144363323.69,-27.2479012198,5.3508,414774676.43,-42.45,136.1344,17.905784028183,2.32,0.541030707595,14.38239189,汽车零部件,2024-04-25,2023-03-31
000567,海德股份,0.1425,304687257.49,51.6516242838,10.2147,192024091.31,50.84,22.3768,5.751624900067,3.66,0.379626860462,92.821125176,多元金融,2024-04-25,2023-03-31
000554,泰山石油,0.016,816303567.33,9.2202843962,45.5241,7588347.97,167.13,309.1032,1.9588178437,0.81,-0.31191577675,7.6948733748,炼化及贸易,2024-04-25,2023-03-31
000529,广弘控股,0.0349,582238470.99,-26.8492787648,-22.1478,20384327.36,-59.34,-88.6195,5.195779606233,0.67,-0.126181169582,5.6290004737,食品加工,2024-04-25,2023-03-31
000523,红棉股份,0.0057,684308678.11,6.2309302482,19.6933,9600565.07,129.56,111.594,0.851706287973,0.83,0.116037377027,12.9441405441,综合Ⅱ,2024-04-25,2023-03-31
000505,京粮控股,0.05,3206922214.64,6.0335467792,-6.0436,37265080.42,0.74,-25.2755,4.262600018856,1.21,-0.130515802381,3.1559078632,农产品加工,2024-04-25,2023-03-31
000409,云鼎科技,0.0353,255163998.18,75.1600085753,-52.0429,23465283.19,801.18,183.2629,2.125214378957,1.68,-0.145133412697,36.9439152241,IT服务Ⅱ,2024-04-25,2023-03-31
000407,胜利股份,0.0258,1251644916.93,10.3492495169,0.5279,22715927.41,-26.37,122.2258,3.127479280357,0.83,-0.166548935311,13.328172156,燃气Ⅱ,2024-04-25,2023-03-31
000068,华控赛格,-0.0267,105671217.89,-58.833267537,-58.8428,-26919587.25,-176.73,84.8541,0.018533178119,-83.82,0.012726084217,9.3312740753,环境治理,2024-04-25,2023-03-31
000065,北方国际,0.1936,4792486384.26,95.34610443,13.0142,193932616.87,84.87,41.2865,7.711891003503,2.48,0.700833548239,12.8477422931,专业工程,2024-04-25,2023-03-31
000026,飞亚达,0.2505,1200095568.76,2.2488567442,23.892,103189489.23,19.5,179.7974,7.788741768894,3.23,0.191965030311,36.0281878423,饰品,2024-04-25,2023-03-31
000025,特力A,0.0586,339838493.18,142.6206037397,105.4178,25274084.85,-25.24,18.2218,3.551521632061,1.66,-0.10067778476,14.0853562827,综合Ⅱ,2024-04-25,2023-03-31
920978,开特股份,0.15,131074449.66,40.1896312263,-20.1468,23050473.46,120.27,-8.3516,2.696643579517,5.59,0.015772095431,34.3699895875,汽车零部件,2024-04-24,2023-03-31
920735,德源药业,0.5,183580539.38,25.4092420917,11.4725,32098671.81,52.83,-36.3396,13.054007925598,3.85,0.258904378569,81.9334370015,化学制药,2024-04-24,2023-03-31
920491,奥迪威,0.13,100744573.22,7.8712004953,-7.6786,18037415.26,25.4,75.3326,6.23731439118,2.03,0.119147737633,38.5803766672,元件,2024-04-24,2023-03-31
920422,润普食品,0.08,136211806.67,-19.5331025113,-13.301,6149022.37,-67.75,-54.7359,5.056283093374,1.81,0.060895046746,14.2074023634,化学制品,2024-04-24,2023-03-31
920260,中寰股份,0.04,32981459.74,41.483311224,-78.7489,4619565.04,893.25,-85.042,3.921740408402,1.14,0.002646774891,36.2608614181,通用设备,2024-04-24,2023-03-31
920242,建邦科技,0.15,110189282.99,17.0255027445,3.6779,9398081.05,57.25,-23.0713,7.685257952717,1.99,0.129743700914,28.2244934408,汽车零部件,2024-04-24,2023-03-31
920132,泰鹏智能,0.49,133374870.66,-16.3406827889,,22411634.17,27.2287230154,,2.905393615079,18.59,1.496386546296,31.936069148,家居用品,2024-04-24,2023-03-31
920110,雷特科技,0.25,34701363.78,3.9084167038,-31.0672,9829930.66,23.89,-7.8851,8.528837148462,3.0,-0.089521427179,47.672051666,其他电源设备Ⅱ,2024-04-24,2023-03-31
920089,禾昌聚合,0.26,288025184.82,14.0332241701,-13.4133,28186304.34,20.55,13.6355,8.743703764914,3.04,-0.629768131295,16.4617071801,塑料,2024-04-24,2023-03-31
900926,宝信B,0.213,2522490740.15,0.9869624675,-54.1101,498913812.01,9.66,-23.99,5.245617516301,4.88,0.188379822834,40.264454995,IT服务Ⅱ,2024-04-24,2023-03-31
873902,晶阳机电,0.2229,77256807.41,,19.9837,11403870.14,,63.6289,,6.21,0.369249270186,26.8749886982,,2024-04-24,2023-03-31
832944,银信农贷,0.0313,6800766.5,79.143202112,-24.4961,4789703.89,1610.11,631.7587,1.173958886021,2.7,-0.00238619417,,,2024-04-24,2023-03-31
688652,京仪装备,0.19,181034898.78,11.9394053268,44.7478,24171417.81,-10.8868111,858.3765,,,,40.7547531262,半导体,2024-04-24,2023-03-31
688630,芯碁微装,0.28,156864520.04,50.2930384958,-34.854,33508163.07,70.32,-31.3376,8.971492597268,3.14,-0.579588246026,44.1800703004,专用设备,2024-04-24,2023-03-31
688608,恒玄科技,-0.0063,383609680.76,33.5694248624,21.6379,-761660.81,-103.39,97.254,49.733300438833,-0.01,0.045244995917,35.6860090884,半导体,2024-04-24,2023-03-31
688562,航天软件,0.001,330050778.12,-3.9,-29.298,424306.17,115.5391171608,-102.914,1.967325986233,-0.1,-1.307470462733,16.0960590012,IT服务Ⅱ,2024-04-24,2023-03-31
688556,高测股份,1.05,1259326677.36,126.4540255992,-8.7593,334439351.12,245.4,-7.2214,10.004147293633,14.97,-0.821090191199,43.1175431794,光伏设备,2024-04-24,2023-03-31
688517,金冠电气,0.07,85917020.68,20.7913216591,-63.7147,8946507.35,306.21,-80.0302,5.498014024682,1.21,0.316222999177,32.9381449753,电网设备,2024-04-24,2023-03-31
688252,天德钰,0.03,236386676.1,-18.4708627579,-7.3655,10628781.17,-81.36,139.8186,4.476018324335,0.58,0.087781086342,20.4172014203,半导体,2024-04-24,2023-03-31
688188,柏楚电子,0.9,271585610.4,42.3906614196,10.4807,132067437.33,28.52,42.1456,30.345272294477,3.03,0.923907525872,78.5358623367,计算机设备,2024-04-24,2023-03-31
688111,金山办公,0.58,1051441001.94,21.1134795126,-3.5031,267286859.36,6.58,-12.1916,19.588496706785,3.01,0.272702138374,86.8198258928,软件开发,2024-04-24,2023-03-31
688097,博众精工,0.117,883213974.56,13.3337047285,-50.0098,52083383.23,405.19,-68.9239,8.581865005585,1.38,-0.011669247884,34.7517068186,自动化设备,2024-04-24,2023-03-31
688022,ST瀚川,-0.39,181887414.51,83.5362069781,-23.0608,-42850120.93,-2798.8,-8.7477,17.861089468897,-4.23,-0.784790990385,27.1811227474,专用设备,2024-04-24,2023-03-31
605006,山东玻纤,0.15,628288309.97,-24.5958301468,0.1185,88494831.82,-51.41,-7.0911,4.705338141472,3.07,0.229166960176,14.7494777667,玻璃玻纤,2024-04-24,2023-03-31
603978,深圳新星,-0.08,267259648.41,-29.4460957016,-36.8918,-13473296.56,-144.76,80.6468,9.665996359486,-0.78,-0.550963896272,8.1323024629,金属新材料,2024-04-24,2023-03-31
603871,嘉友国际,0.29,1583762936.31,143.5509798986,55.0375,202242163.87,87.07,-5.3785,8.563741376781,4.79,0.494613627923,16.8064232928,物流,2024-04-24,2023-03-31
603677,奇精机械,0.0894,401408458.18,-9.5727949012,-14.4867,17171961.24,-21.56,154.2355,5.492153657146,1.53,-0.049587618491,15.8696981022,家电零部件Ⅱ,2024-04-24,2023-03-31
603585,苏利股份,0.12,552072654.56,-30.5340903747,-22.8406,22139452.33,-77.45,-55.9141,13.740407892374,0.84,0.46268775978,20.0922201442,农化制品,2024-04-24,2023-03-31
603583,捷昌驱动,0.04,535383949.02,-24.3922584803,-38.6264,13320596.39,-82.39,-67.71,10.409442705749,0.33,0.458994807822,26.3502270545,自动化设备,2024-04-24,2023-03-31
603558,健盛集团,0.1,496777060.08,-6.5700884262,-7.3721,38775241.28,-52.99,665.0891,6.567479518892,1.55,0.23128766913,22.3839840153,纺织制造,2024-04-24,2023-03-31
603551,奥普科技,0.12,346592163.12,-7.8532085219,-42.798,47385321.39,115.24,-22.139,3.965057150037,3.97,-0.26155179405,46.3620671003,厨卫电器,2024-04-24,2023-03-31
603444,吉比特,4.27,1144370036.56,-6.9036274053,-14.4446,306552774.63,-12.33,-31.7478,59.595445984196,7.42,3.414297109466,88.2783926113,游戏Ⅱ,2024-04-24,2023-03-31
603308,应流股份,0.12,607344403.39,16.1186050412,11.8631,81484948.87,23.02,-53.2004,6.37806063169,1.89,0.03629780388,37.2345477768,通用设备,2024-04-24,2023-03-31
603238,诺邦股份,0.06,397524531.12,18.6589625273,-18.7497,10309364.09,35.58,41.517,7.283320190124,0.79,0.301926726596,16.3325537841,个护用品,2024-04-24,2023-03-31
603015,弘讯科技,0.02,159901504.28,-23.6118597609,7.0478,9144772.26,-40.28,110.1551,3.278073556958,0.69,-0.019497764677,35.2670260945,自动化设备,2024-04-24,2023-03-31
601888,中国中免,1.1121,20769431440.61,23.7580628412,37.8341,2300772308.42,-10.25,471.9242,24.443468141119,4.64,3.588759035413,29.0030081172,旅游零售Ⅱ,2024-04-24,2023-03-31
601728,中国电信,0.09,129753222753.19,9.4260797634,10.7825,7984014705.06,10.5,161.7307,4.808202819464,1.83,0.316072882607,29.4751877613,通信服务,2024-04-24,2023-03-31
601399,国机重装,0.0113,2573163251.08,23.5557256654,-10.1156,81350570.58,4.14,-6.9672,1.86643696866,0.6,-0.01191304565,10.4094262856,专用设备,2024-04-24,2023-03-31
601318,中国平安,2.17,253778000000.0,30.772282942,5.5798,38352000000.0,48.9,424.5794,50.018161925602,4.3,11.487199124726,,保险Ⅱ,2024-04-24,2023-03-31
601089,福元医药,0.24,819176868.99,9.5578725991,-6.3248,113705518.99,32.85,6.1879,6.849005769792,3.52,0.172860494354,67.9566061291,化学制药,2024-04-24,2023-03-31
600987,航民股份,0.118,2371916265.27,2.1560851121,16.3763,123587718.64,6.37,-42.1042,5.643185910913,2.11,0.144618370958,12.0471615151,纺织制造,2024-04-24,2023-03-31
600874,创业环保,0.132,976635000.0,-8.85789957,-24.1831,207939000.0,6.42,75.7236,5.531908702014,2.42,-0.062741257423,38.2847225422,环境治理,2024-04-24,2023-03-31
600872,中炬高新,0.1941,1366547956.05,1.4628523186,-1.3416,149670237.55,-5.53,114.8044,4.021909186931,4.85,0.248455489438,31.405136602,调味发酵品Ⅱ,2024-04-24,2023-03-31
600845,宝信软件,0.213,2522490740.15,0.9869624675,-54.1101,498913812.01,9.66,-23.99,5.245617516301,4.88,0.188379822834,40.264454995,IT服务Ⅱ,2024-04-24,2023-03-31
600789,鲁抗医药,0.05,1669812908.04,25.4150346454,6.4531,45688589.04,1.59,-1.5602,3.844351944005,1.35,0.147253050048,24.6381721676,化学制药,2024-04-24,2023-03-31
600758,辽宁能源,0.22,1974534002.88,-0.0562150072,0.2841,287105612.04,24.73,1563.418,4.296014113949,5.23,-0.026651328303,32.3218548194,煤炭开采,2024-04-24,2023-03-31
600724,宁波富达,0.043,822588810.94,11.7472809682,-16.439,62105512.08,-14.74,-8.746,2.034726516632,2.1345,-0.067518149261,16.9136155245,房地产服务,2024-04-24,2023-03-31
600673,东阳光,0.022,2687053493.39,-5.4640789591,-9.9518,65642499.06,-77.2,-87.571,3.422136921466,0.65,0.052484959893,14.449640368,综合Ⅱ,2024-04-24,2023-03-31
600593,大连圣亚,0.0143,69446473.08,162.7374739192,358.8985,1838039.99,106.1307694192,106.4755,1.46537866941,0.9786,0.351659195652,48.1549567557,旅游及景区,2024-04-24,2023-03-31
600567,山鹰国际,-0.079,6351495622.66,-20.2201388496,-25.8438,-341273040.96,-270.67,85.2349,2.75837108216,-2.54,0.078758018573,7.7214688578,造纸,2024-04-24,2023-03-31
600497,驰宏锌锗,0.1237,5810957962.15,6.6148459043,2.7884,629856048.52,5.86,177.2384,3.042339415589,3.84,0.257478651207,17.5842478198,工业金属,2024-04-24,2023-03-31
600449,宁夏建材,0.01,1140007215.15,16.1603326614,-47.8801,6462680.17,-56.08,109.3513,14.739354146562,0.09,-0.974164834038,4.6191618536,水泥,2024-04-24,2023-03-31
600288,大恒科技,0.0369,497846008.79,-0.9337273997,-22.1658,16113147.29,275.04,223.4983,4.213756689904,0.88,-0.275169934272,32.1646946491,软件开发,2024-04-24,2023-03-31
600265,*ST景谷,-0.002,66612012.86,123.5285626317,42.4431,-291131.27,89.1839870416,96.2173,1.176814278659,-0.19,-0.105632146764,13.4054471808,林业Ⅱ,2024-04-24,2023-03-31
600011,华能国际,0.1,65269368192.0,0.0291011748,3.9785,2250283365.0,335.3,165.3237,3.064804048156,3.34,0.391029951958,10.0790070415,电力,2024-04-24,2023-03-31
301567,贝隆精密,0.1,61874747.67,-29.9486484195,-11.5366,5439477.45,-69.3831723544,-30.0764,,1.58,,23.6318344407,消费电子,2024-04-24,2023-03-31
301559,中集环科,0.44,1418654555.14,16.2493240812,4.2863,223215634.42,72.7124434159,50.1103,,8.46,,23.1716734274,通用设备,2024-04-24,2023-03-31
301550,斯菱智驱,0.28,145815419.53,-24.6249248371,-15.1136,23349990.23,-12.951125,-21.425,,4.42,,32.1107696161,汽车零部件,2024-04-24,2023-03-31
301525,儒竞科技,0.62,359694820.33,13.9936313278,-19.3818,43946476.81,39.5498380838,-8.76,,5.91,,25.0755649045,通用设备,2024-04-24,2023-03-31
301515,港通医疗,0.0813,70874328.77,23.8514113081,-82.0982,6098289.41,235.31,-86.8898,7.4799139392,1.09,-0.720319600667,30.3794633595,医疗器械,2024-04-24,2023-03-31
301509,金凯生科,0.63,213889447.06,38.4802197767,42.7673,40666713.67,22.46,543.7886,14.239961980008,4.52,-0.379112414103,41.8908954096,医疗服务,2024-04-24,2023-03-31
301507,民生健康,0.21,221797622.6,6.7147911269,141.7607,55273336.61,9.0064126098,1235.4366,,8.89,,63.8670918964,化学制药,2024-04-24,2023-03-31
301505,苏州规划,0.06,63399780.52,5.3109898013,-64.972,3898401.56,2.04,-92.6725,7.029493989848,0.84,-0.063384264242,28.1997898311,工程咨询服务Ⅱ,2024-04-24,2023-03-31
301488,豪恩汽电,0.2202,244297503.34,4.2266073672,-21.0229,15190838.77,-4.33,-58.0811,5.281698423913,4.08,0.347081892029,21.7220209067,汽车零部件,2024-04-24,2023-03-31
301486,致尚科技,0.17,123998664.81,9.5601495837,-18.4523,16717052.66,-22.54,-22.5871,7.970965558791,2.2,0.317951620491,35.491366909,消费电子,2024-04-24,2023-03-31
301413,安培龙,0.34,160740845.89,33.0006370245,-2.9687,19191919.52,-12.6230074894,-20.2384,,3.6,,32.5301956267,通用设备,2024-04-24,2023-03-31
301388,欣灵电气,0.19,87189398.88,-17.6893311275,-18.276,19660758.68,56.77,48.5366,10.033880132575,1.93,-0.069223154276,22.7756788498,电网设备,2024-04-24,2023-03-31
301361,众智科技,0.1344,45809116.68,16.5894172651,-19.3736,15640655.57,79.21,-10.613,8.850955208878,1.53,-0.045002449285,51.2987678941,电网设备,2024-04-24,2023-03-31
301349,信德新材,0.4188,157260395.32,5.600231346,-24.6283,28476980.67,1.48,1.8644,41.625866837206,1.01,-4.409889236176,23.8896381149,电池,2024-04-24,2023-03-31
301318,维海德,0.29,100994582.74,-21.1257669154,-35.6766,20048178.88,-33.27,6.9359,24.657495812107,1.18,0.022388644183,44.1682521179,计算机设备,2024-04-24,2023-03-31
301315,威士顿,0.13,71550795.21,13.8681713217,-42.1661,8855740.56,94.6276072721,-70.4382,5.231919285,2.6,-0.558645693333,30.7237119385,软件开发,2024-04-24,2023-03-31
301314,科瑞思,0.5431,70762595.41,-25.8932163471,5.9685,17312262.21,-52.42,-35.9387,25.521175072,3.63,-0.086462948706,40.5736677317,通信设备,2024-04-24,2023-03-31
301312,智立方,0.69,138668222.79,21.6872309323,16.3609,28725104.56,1.77,29.1361,27.664181151184,2.48,0.883546964959,44.9338822741,自动化设备,2024-04-24,2023-03-31
301296,新巨丰,0.1,432674121.54,23.8890467773,-10.9356,41820855.45,19.24,-12.3502,5.767484369286,1.75,-0.445622393786,18.9734271714,包装印刷,2024-04-24,2023-03-31
301285,鸿日达,-0.05,115870438.22,-31.5622551891,-18.73,-8096494.33,-152.07,-215.2492,5.021959342091,-0.78,0.123244790681,8.8104257883,消费电子,2024-04-24,2023-03-31
301283,聚胶股份,0.1904,385036134.3,24.1028686188,4.2023,15228818.51,24.65,-1.4365,17.903937028375,1.07,-0.5498447965,13.8116679664,化学制品,2024-04-24,2023-03-31
301278,快可电子,0.4626,304175666.88,22.4946778014,9.6369,38486319.42,84.59,23.6686,16.293586046406,3.76,-0.418083824375,20.6750494164,光伏设备,2024-04-24,2023-03-31
301277,新天地,0.23,172543768.63,7.5378819439,-3.6456,46718321.32,37.19,8.6158,10.521304191362,3.39,0.278213619451,38.3593248864,化学制药,2024-04-24,2023-03-31
301239,普瑞眼科,1.09,649826753.5,38.726720123,121.8738,162393315.01,334.85,321.1362,14.903955286629,7.56,0.805028401999,44.6383596917,医疗服务,2024-04-24,2023-03-31
301223,中荣股份,0.26,567095084.67,-1.1298318294,-16.1175,50797667.32,-6.63,-13.6166,14.206438069636,1.87,0.203578364165,22.49799714,包装印刷,2024-04-24,2023-03-31
301203,国泰环保,0.51,79446340.62,-3.4999110647,-10.9732,30853174.84,25.59,-21.428,18.09371833375,5.36,0.396760403875,56.4826092427,环境治理,2024-04-24,2023-03-31
301202,朗威股份,0.07,155900697.93,-27.0994041853,-33.0177,7578036.6,-6.43,-70.724,4.293948613783,1.74,-0.100073453763,21.5345606952,通信设备,2024-04-24,2023-03-31
301198,喜悦智行,0.08,89031680.38,-6.0710598856,-21.2022,14310874.37,7.02,24.9283,7.398345534692,1.5,0.034855472692,32.2403586987,包装印刷,2024-04-24,2023-03-31
301197,工大科雅,0.01,43906609.62,74.8767539373,-73.7885,1179334.61,114.05,-96.1428,10.836887528372,0.09,-0.197342289365,32.4799800154,通用设备,2024-04-24,2023-03-31
301193,家联科技,0.0957,328451376.57,-20.8230830388,-16.9851,18376669.2,-18.93,-47.0,12.761038249167,1.21,0.46285577075,19.1739678146,家居用品,2024-04-24,2023-03-31
301176,逸豪新材,-0.0164,295388250.03,-22.8663489327,0.5399,-2776984.67,-108.33,-179.6256,9.84588473528,-0.17,-0.379898932709,4.923328744,元件,2024-04-24,2023-03-31
301163,宏德股份,0.2053,200457341.15,9.2975953552,-7.7055,16749069.79,7.8,17.4892,13.475623453799,1.53,-0.408472145956,15.5359268617,风电设备,2024-04-24,2023-03-31
301157,华塑科技,0.1,43874259.73,33.8333526823,-46.9218,4483883.74,1.59,-81.6882,17.313790165167,1.56,-0.482449458333,41.8550189405,其他电源设备Ⅱ,2024-04-24,2023-03-31
301150,中一科技,0.44,745808623.57,6.6953802636,-6.1213,44686281.51,-57.88,-58.297,39.383348953456,1.13,-1.855960389806,13.3294336708,电池,2024-04-24,2023-03-31
301121,紫建电子,-0.02,160575182.62,1.948075967,-36.7791,-1332837.4,-105.69,88.5623,22.960737603552,-0.02,0.046026100888,9.2231634044,电池,2024-04-24,2023-03-31
301110,青木科技,0.15,212812693.3,22.2892796832,-21.8726,9766643.71,-39.07,-64.5116,21.230278870699,0.69,0.119187098254,37.5189007535,互联网电商,2024-04-24,2023-03-31
301107,瑜欣电子,0.22,130085460.27,-23.7060006905,0.0803,15998093.8,-11.83,64.7527,12.53848188406,1.75,0.075362958719,24.5451842379,通用设备,2024-04-24,2023-03-31
301102,兆讯传媒,0.2172,150980579.04,-9.9409273862,-4.6539,62981504.5,5.25,2.3141,14.8644394287,2.14,0.42975009535,50.8163185675,广告营销,2024-04-24,2023-03-31
301100,风光股份,0.08,176966179.37,-3.9702393601,-18.6577,16874441.63,-2.1,-40.9118,10.66924399455,0.79,0.0550636329,24.8586614327,化学制品,2024-04-24,2023-03-31
301088,戎美股份,0.1594,206902477.8,1.5734769436,-38.1477,36343813.96,-24.02,-34.3957,11.424574865088,1.41,0.187422235789,39.2506886933,服装家纺,2024-04-24,2023-03-31
301080,百普赛斯,0.3754,136865462.92,19.7861898844,12.3205,45049524.12,-15.8,18.6143,32.661528391625,2.03,0.545989482625,91.0508838251,生物制品,2024-04-24,2023-03-31
301076,新瀚新材,0.2,112533633.36,13.6020974276,-6.8396,26324897.35,1.89,-25.005,7.787290285377,2.4,0.082931750022,34.5716807752,化学制品,2024-04-24,2023-03-31
301065,本立科技,0.12,170479038.0,-14.5636503155,5.5128,12394500.46,-21.87,60.4109,17.816951331777,0.99,0.068356180956,15.1630069088,化学制药,2024-04-24,2023-03-31
301062,上海艾录,0.0175,223066471.69,-17.7382682244,-20.3389,7014107.64,-77.92,-69.3949,2.768922755886,0.66,0.146487140646,18.4582932424,包装印刷,2024-04-24,2023-03-31
301036,双乐股份,0.0,313995716.04,-3.9748061395,-1.4124,-125052.85,-100.47,-101.053,15.4001223733,-0.01,-0.2375939413,11.0662379087,化学制品,2024-04-24,2023-03-31
301032,新柴股份,0.0069,778126632.85,9.3696174958,62.8791,1675379.08,-75.95,-88.4266,4.451813907945,0.16,-0.264767027297,8.9475518625,通用设备,2024-04-24,2023-03-31
301031,中熔电气,0.4909,231713359.74,58.676182032,-14.4558,32538675.69,-2.12,-44.8921,13.125369515778,3.85,-0.243408524293,40.8677088133,其他电子Ⅱ,2024-04-24,2023-03-31
301027,华蓝集团,-0.01,128852775.61,-30.5580850468,-62.2491,-1872364.86,-111.25,-113.2907,6.485310023171,-0.2,0.059184654943,34.6130485035,工程咨询服务Ⅱ,2024-04-24,2023-03-31
301025,读客文化,0.0151,104353601.14,-7.8504472208,-27.8731,6047221.49,-20.59,-54.8012,1.654302357626,0.92,-0.014539203526,29.1378373893,出版,2024-04-24,2023-03-31
301013,利和兴,0.017,83170644.04,88.9501238827,-16.6074,3972647.08,140.15,117.7076,3.762901863318,0.45,0.028108023581,18.0528757512,专用设备,2024-04-24,2023-03-31
301003,江苏博云,0.23,105222740.6,-35.6173587201,-5.9285,22692227.67,-32.82,34.873,11.352982225646,2.04,0.412066147436,32.7228770736,塑料,2024-04-24,2023-03-31
301002,崧盛股份,0.04,166921937.29,-11.9934026341,-14.7506,4372843.65,-77.46,105.4768,6.57406832742,0.51,0.713191929506,27.3256369178,电网设备,2024-04-24,2023-03-31
300978,东箭科技,0.0828,405462081.62,-10.7482860843,-11.6825,35014569.65,143.94,229.3752,3.777889898367,2.22,0.116204900011,30.3964989346,汽车零部件,2024-04-24,2023-03-31
300976,达瑞电子,0.03,274086555.49,8.4250156553,-50.3921,2519633.01,-88.57,-97.1357,33.642755968572,0.08,1.272352296843,25.892398448,消费电子,2024-04-24,2023-03-31
300950,德固特,0.14,91451476.54,74.7331214008,-26.1698,20438330.68,278.03,33.4794,4.360090873267,3.18,0.2185780746,41.8559877415,专用设备,2024-04-24,2023-03-31
300949,奥雅股份,-0.52,100493642.67,36.6660854115,-37.7117,-31161343.26,21.29,-1392.1519,18.598253116167,-2.75,-0.831766621167,20.5174830091,基础建设,2024-04-24,2023-03-31
300932,三友联众,0.04,396421864.79,-9.3537015565,-7.9841,6661462.55,-59.77,-60.7643,9.646317743764,0.39,-0.073462305758,19.1570478032,电网设备,2024-04-24,2023-03-31
300915,海融科技,0.2612,240198971.84,11.7433287002,8.775,23510870.5,-27.01,58.6789,16.405923389778,1.6,-0.196938746778,34.3378123637,饮料乳品,2024-04-24,2023-03-31
300905,宝丽迪,0.09,184687318.91,-2.9775809942,-8.8546,12907980.85,-33.77,38.2586,8.956711255139,1.01,0.153812929306,14.0630406534,化学纤维,2024-04-24,2023-03-31
300903,科翔股份,-0.0865,627933553.5,-1.0143110815,-11.2424,-35865068.38,-293.61,-136.0006,5.618572917385,-1.53,-0.001047688507,7.5256523444,元件,2024-04-24,2023-03-31
300886,华业香料,0.0226,66247446.22,16.7305449231,-8.503,1685931.63,-75.72,215.2725,7.273927502113,0.31,-0.084538715043,20.3338866909,化学制品,2024-04-24,2023-03-31
300885,海昌新材,0.0244,47862454.28,-42.1834656936,28.4269,6119319.57,-71.88,-8.6032,3.171113966707,0.77,0.007425649402,27.9451541531,通用设备,2024-04-24,2023-03-31
300867,圣元环保,0.1519,385507041.41,-22.1571859971,-5.6266,41280712.14,-43.36,96.1915,12.529133166088,1.22,0.116789654377,35.5587710509,环境治理,2024-04-24,2023-03-31
300852,四会富仕,0.4624,314983883.52,22.6365792398,-6.5896,47136647.23,35.7,-29.7261,12.547056203054,3.75,0.360987093984,29.0034050946,元件,2024-04-24,2023-03-31
300844,山水比德,-0.14,63494550.01,20.849946313,-38.5189,-9049536.47,85.65,70.3688,12.956929177599,-1.07,0.09417382039,23.9798634648,工程咨询服务Ⅱ,2024-04-24,2023-03-31
300841,康华生物,0.7865,278114028.88,4.2656224982,-29.0844,105190616.53,-22.24,-8.3331,23.627570434986,3.36,0.125451401874,93.5424474766,生物制品,2024-04-24,2023-03-31
300838,浙江力诺,0.19,229370146.64,37.0971994531,-23.082,25739718.17,42.57,-23.1127,6.944972260305,2.76,-0.350551082881,26.2466678345,通用设备,2024-04-24,2023-03-31
300823,建科智能,0.14,95304172.27,0.7683590938,-26.6648,13206003.62,6.6,283.3588,10.450928484865,1.36,0.361362497205,37.4988309943,专用设备,2024-04-24,2023-03-31
300816,艾可蓝,0.1052,246425268.07,7.0608100496,23.2157,8353341.48,-35.75,128.3941,10.059576787946,1.04,-1.656407147918,14.9421732878,汽车零部件,2024-04-24,2023-03-31
300813,泰林生物,0.21,78946553.19,10.3611100528,-43.6751,17575025.59,26.21,-45.7999,7.198959226483,2.68,-0.214101894048,52.2229340663,专用设备,2024-04-24,2023-03-31
300806,斯迪克,0.04,482965583.71,0.9747529636,85.8662,20202112.1,13.77,13040.1196,6.730320358662,0.93,-0.245048023693,24.965597779,塑料,2024-04-24,2023-03-31
300798,锦鸡股份,0.0114,207885328.28,-16.938834688,13.9346,4778787.81,-42.86,142.3099,3.00243589333,0.36,-0.113925195391,10.3764574626,化学制品,2024-04-24,2023-03-31
300740,水羊股份,0.134,1046084375.79,0.0518985605,-24.1897,52138257.36,25.38,797.0586,4.627910362361,2.95,0.151424860208,53.7098846329,化妆品,2024-04-24,2023-03-31
300727,润禾材料,0.12,268028531.99,-12.4373550578,4.8811,15457410.12,-39.53,-17.6577,6.204953865466,1.86,-0.24102732472,25.5606627553,化学制品,2024-04-24,2023-03-31
300725,药石科技,0.29,383440937.44,14.2405097728,-6.4773,57755969.84,-18.47,-10.601,12.993985547114,2.15,0.375707311917,45.2355455701,医疗服务,2024-04-24,2023-03-31
300722,新余国科,0.0572,64843584.28,-10.9688499007,-23.6665,13188602.55,18.93,8.4026,2.878824635052,2.42,0.034262953089,48.8251984704,航天装备Ⅱ,2024-04-24,2023-03-31
300718,长盛轴承,0.17,258339678.21,-0.7540618044,-4.2603,51566253.84,70.45,280.8266,4.757181624064,3.71,0.130123164768,37.4707152423,通用设备,2024-04-24,2023-03-31
300708,聚灿光电,-0.01,543166227.87,12.8939431218,11.5103,-7593660.44,-130.67,91.8499,2.937107126914,-0.47,-0.211792252642,8.6141559746,光学光电子,2024-04-24,2023-03-31
300696,爱乐达,0.19,150101533.58,-15.1046173869,189.9991,56397833.21,-14.53,707.974,6.598843191271,2.96,0.141388587358,47.9512158692,航空装备Ⅱ,2024-04-24,2023-03-31
300689,澄天伟业,0.0588,127923950.66,19.1446732454,-14.1257,6797393.5,68.01,-32.5912,5.882325319204,1.01,0.156206794031,17.9317476373,通信设备,2024-04-24,2023-03-31
300673,佩蒂股份,-0.15,158582024.06,-53.8107174231,-57.9569,-38073427.83,-233.36,-23.7052,6.809579450061,-2.03,-0.218004933261,14.0421574967,饲料,2024-04-24,2023-03-31
300647,超频三,-0.03,144735517.71,-56.7360246248,-56.0721,-14351673.82,-153.23,11.5708,2.659416647768,-1.17,-0.032160486831,2.0169710837,消费电子,2024-04-24,2023-03-31
300632,光莆股份,0.0994,227799815.36,-15.5116288362,120.5129,29338099.99,-18.36,146.8906,6.158164852621,1.58,0.096397949916,35.2045486355,光学光电子,2024-04-24,2023-03-31
300621,维业股份,-0.05,3511262907.7,71.418064599,-32.2256,-9785519.9,-105.31,-289.2343,3.730778847977,-0.33,-0.269866797128,4.4310176475,装修装饰Ⅱ,2024-04-24,2023-03-31
300620,光库科技,0.0617,154989138.0,9.9406811667,4.3434,15499678.21,-32.46,-44.2876,10.159074993929,0.93,0.040580575479,33.643239154,通信设备,2024-04-24,2023-03-31
300604,长川科技,-0.1,319997394.77,-40.4816590989,-61.1164,-57231822.65,-180.5,-142.2084,3.732786827253,-2.52,-0.55783719446,55.9958138593,半导体,2024-04-24,2023-03-31
300585,奥联电子,0.0046,102238373.1,16.2630938711,-19.856,793727.49,-61.46,169.8975,4.208133179031,0.11,-0.105660075166,27.6764552898,汽车零部件,2024-04-24,2023-03-31
300581,晨曦航空,-0.0259,30157271.66,26.2171557774,-74.0399,-8394277.73,-231.12,-126.0577,3.151156512056,-0.82,-0.186999350862,39.2895480519,航空装备Ⅱ,2024-04-24,2023-03-31
300575,中旗股份,0.2,742208239.27,6.4843072694,-7.7708,92697364.92,-14.55,-23.1499,6.904523066803,4.43,-0.04132515647,26.869194591,农化制品,2024-04-24,2023-03-31
300530,领湃科技,-0.26,35596357.57,-7.9081843576,-80.0941,-44768290.62,50.55,-1833.4508,2.003038105581,-26.89,-0.362185511094,12.4902104977,电池,2024-04-24,2023-03-31
300525,博思软件,-0.0794,224553829.18,19.1687587778,-76.655,-58415015.82,-35.91,-123.9723,3.396917857254,-2.8,-0.533962408296,58.7974867016,软件开发,2024-04-24,2023-03-31
300515,三德科技,0.0763,78496390.34,5.3706565955,-43.1959,15851237.18,6.66,-47.5119,3.517885021999,2.22,-0.075116429309,67.4926478664,通用设备,2024-04-24,2023-03-31
300486,东杰智能,0.05,160572676.3,-29.3293197168,-57.9292,18732221.14,7.96,272.9158,3.908278841516,1.13,-0.442600504956,20.7263094176,自动化设备,2024-04-24,2023-03-31
300467,迅游科技,0.06,106645146.28,14.8599449947,15.6441,12345489.0,164.6,153.4179,2.853862241125,2.15,0.072907628205,69.5466294596,游戏Ⅱ,2024-04-24,2023-03-31
300458,全志科技,-0.07,238547790.02,-42.6190302114,-30.4558,-41462137.06,-153.97,-278.1169,4.638243923345,-1.41,-0.342757865103,31.8767788264,半导体,2024-04-24,2023-03-31
300445,康斯特,0.08,107154691.45,44.2296835667,-12.6608,16405161.63,34.85,33.4036,4.749886707864,1.64,-0.042834520233,56.3986985471,通用设备,2024-04-24,2023-03-31
300443,金雷股份,0.3826,437202384.74,50.7868798981,-27.0922,100150017.48,117.42,-14.5579,14.158433252411,2.74,-0.292387278673,34.455392749,风电设备,2024-04-24,2023-03-31
300441,鲍斯股份,0.05,457162417.28,-3.4723153287,-15.589,34314712.33,-9.33,227.2008,2.517607813983,2.25,0.010276707209,31.413087389,通用设备,2024-04-24,2023-03-31
300439,美康生物,0.19,490894873.63,-14.9889353944,-16.4955,71413144.4,2.66,1553.888,6.740620619673,2.81,0.157577097655,39.4365455232,医疗器械,2024-04-24,2023-03-31
300435,中泰股份,0.18,951692643.06,7.339463686,9.8218,69816806.9,11.9,15.3715,7.608892079512,2.44,0.018628615404,12.8638245995,专用设备,2024-04-24,2023-03-31
300433,蓝思科技,0.0131,9838823197.11,5.4061083647,-34.9377,64548639.71,115.69,-96.1777,8.893910521793,0.15,0.633411473022,15.9456111584,消费电子,2024-04-24,2023-03-31
300407,凯发电气,0.04,325112518.7,11.5395095298,-58.8677,11954480.49,143.21,-81.5037,5.063315385225,0.76,-0.186829376542,26.8836843163,电网设备,2024-04-24,2023-03-31
300394,天孚通信,0.2339,286990129.38,1.4990785574,-6.4445,92136784.6,11.14,-26.746,6.899169873783,3.45,0.353038991044,51.424872956,通信设备,2024-04-24,2023-03-31
300390,天华新能,1.38,3537673022.96,4.4211476578,-20.6316,881368716.7,-41.95,-38.4017,19.630356092565,7.25,0.251513803933,40.6204444994,电池,2024-04-24,2023-03-31
300355,蒙草生态,0.03,292562165.33,-3.932914112,-66.9273,45540046.59,45.25,37.9711,2.653165371667,1.08,-0.142687979683,46.1559105935,基础建设,2024-04-24,2023-03-31
300332,天壕能源,0.2356,1298288710.03,52.7277883639,0.7326,203703518.85,53.86,100.4506,4.702820420967,4.71,-0.110245255349,27.8488507923,燃气Ⅱ,2024-04-24,2023-03-31
300327,中颖电子,0.101,288962361.45,-37.7283369221,-16.421,34183949.98,-73.37,175.7133,4.394351516882,2.28,-0.149714308428,38.8549065064,半导体,2024-04-24,2023-03-31
300326,ST凯利,0.1045,294401832.83,-7.2886926528,23.8777,74900497.03,-0.78,134.3427,3.906374432137,2.68,0.106711285986,54.0829977278,医疗器械,2024-04-24,2023-03-31
300324,旋极信息,-0.0254,559337181.74,12.0973653364,-38.6459,-43832332.83,-1.54,90.0164,1.947596822209,-1.29,-0.0679255083,25.5492884177,计算机设备,2024-04-24,2023-03-31
300313,天山生物,-0.0128,23156538.66,85.0510013261,-22.5834,-4015972.23,14.63,-12.6801,0.256393941497,-4.88,0.017051623626,9.6480669361,养殖业,2024-04-24,2023-03-31
300304,云意电气,0.09,335126815.96,24.4397448089,-2.1911,79838343.9,795.64,132.699,2.960869768917,3.14,0.010847008214,28.720226904,汽车零部件,2024-04-24,2023-03-31
300300,海峡创新,-0.03,21901242.03,-34.5178958716,-51.2428,-18568258.84,56.2,81.4582,0.522975754029,-5.16,0.041178049315,-9.1265581982,IT服务Ⅱ,2024-04-24,2023-03-31
300299,富春股份,0.0122,79072636.36,0.0942961139,-39.0128,8448169.06,-30.81,-47.7842,0.836428103468,1.47,-0.04420121293,52.1263420159,游戏Ⅱ,2024-04-24,2023-03-31
300294,博雅生物,0.34,805928136.64,23.1109172112,19.2277,170317490.97,64.47,1123.6801,14.587943257897,2.34,0.441605143333,47.38226834,生物制品,2024-04-24,2023-03-31
300292,吴通控股,0.02,788994886.15,-18.0184162918,21.0615,20375244.53,278.03,3483.1848,0.956216946814,1.6,0.004997294675,12.1363614937,通信服务,2024-04-24,2023-03-31
300288,朗玛信息,0.0629,106621778.87,3.9606173288,10.6823,21263432.84,39.96,118.119,4.600947404544,1.38,0.031123431186,37.3836991489,IT服务Ⅱ,2024-04-24,2023-03-31
300263,隆华科技,0.09,596973966.11,4.533895673,-2.3309,79481567.14,20.98,189.0063,3.341562452483,2.54,-0.194682123887,25.5861966637,通用设备,2024-04-24,2023-03-31
300239,东宝生物,0.0525,261319537.08,14.5285061305,10.0973,31137429.27,31.25,43.8035,2.627423917039,2.02,-0.037068712389,25.6097012178,生物制品,2024-04-24,2023-03-31
300231,银信科技,0.0494,466561315.33,-29.1816973881,-34.8091,21069815.37,-10.91,-32.1747,3.677127921664,1.32,-0.461561296234,23.531499602,IT服务Ⅱ,2024-04-24,2023-03-31
300196,长海股份,0.2,603084667.07,-20.0147479698,-16.3136,81350922.64,-64.32,-62.1464,10.354729713571,1.9,0.259082475387,27.7948311792,玻璃玻纤,2024-04-24,2023-03-31
300195,长荣股份,0.02,346054546.78,-6.1136946177,19.7801,6740785.83,-47.99,109.5786,6.188300127177,0.26,0.05373209806,30.2340842545,专用设备,2024-04-24,2023-03-31
300170,汉得信息,0.0363,720481173.53,1.141405727,-7.2344,31620906.58,-90.91,808.4861,4.436820599127,0.79,-0.041994274775,29.3159616726,IT服务Ⅱ,2024-04-24,2023-03-31
300160,秀强股份,0.0813,341941098.25,-16.8448787272,-0.0636,62811942.6,5.05,148.7375,2.999787718459,2.76,0.090850751141,34.1903338787,家电零部件Ⅱ,2024-04-24,2023-03-31
300136,信维通信,0.15,1736977255.6,-9.2359450457,-27.9968,145140855.48,19.92,208.4823,6.948688495668,2.18,0.817166441902,20.5395705954,消费电子,2024-04-24,2023-03-31
300131,英唐智控,0.02,1044982532.59,-13.4196146059,-14.4991,23388088.69,-18.84,46.3821,1.681913362498,1.22,-0.006463134168,8.2335274272,其他电子Ⅱ,2024-04-24,2023-03-31
300130,新国都,0.26,1013068269.44,-0.2658041232,-1.2548,132674507.57,45.48,150.7662,5.826823799274,4.55,0.232443727329,34.1272852294,计算机设备,2024-04-24,2023-03-31
300101,振芯科技,0.0904,192162143.56,-4.4843903099,-59.6757,50887686.67,-24.76,-41.5731,2.972671725652,3.15,-0.181811714953,68.5331362048,军工电子Ⅱ,2024-04-24,2023-03-31
300085,银之杰,0.0017,271904407.81,9.8965568604,-19.5818,1221583.03,103.65,102.1986,1.118560659813,0.16,-0.005084900684,27.0028844443,软件开发,2024-04-24,2023-03-31
300075,数字政通,0.0822,272095500.38,8.6221879558,-32.9507,50239488.89,32.23,-34.1516,7.608833322905,1.31,-0.164689872073,46.0036408743,软件开发,2024-04-24,2023-03-31
300069,金利华电,-0.0414,11056118.82,-61.6999257194,-82.0183,-4838658.09,-180.17,83.2717,1.967350185726,-2.08,0.080601989316,14.3164278149,电网设备,2024-04-24,2023-03-31
300068,ST南都,0.12,4196736479.83,44.827405296,28.6399,101137364.26,-78.88,136.5476,6.098294999217,1.94,0.08261823428,7.3419852638,电池,2024-04-24,2023-03-31
300061,旗天科技,0.0024,226582368.37,-5.8683874977,-35.424,1596521.82,-83.84,181.1022,1.862627718293,0.13,-0.314951846116,38.3337114687,广告营销,2024-04-24,2023-03-31
300033,同花顺,0.23,609828431.36,18.4176125184,-52.4861,122235551.26,9.26,-84.8858,11.192429374554,1.67,0.140563426488,82.3977092933,软件开发,2024-04-24,2023-03-31
300006,莱美药业,-0.0034,226654528.42,14.064832408,6.0455,-3634060.91,86.2364488284,88.403,2.010528144391,-0.17,0.009083421745,70.7812200305,化学制药,2024-04-24,2023-03-31
200550,江铃B,0.21,7525930457.0,4.0638716722,-6.7265,182746938.0,-5.79,-7.6403,10.920309762122,1.96,-0.835861726061,13.3814344253,商用车,2024-04-24,2023-03-31
002991,甘源食品,0.6,391337732.22,22.1542072675,-18.7533,55229849.29,145.02,-19.8188,16.766409287817,3.6,-0.06456560678,36.3452853302,休闲食品,2024-04-24,2023-03-31
002970,锐明技术,0.14,365925139.07,46.3149267329,-10.0962,24067490.69,141.2,138.7955,7.630131538764,1.77,0.54083998526,42.8305445093,计算机设备,2024-04-24,2023-03-31
002928,华夏航空,-0.2166,1044672107.02,74.1759376683,69.5968,-275862413.08,39.46,40.4877,2.954549101701,-7.05,0.120516776786,-17.3298518696,航空机场,2024-04-24,2023-03-31
002847,盐津铺子,0.59,892881008.2,55.3659664701,-3.3431,111547330.31,81.67,34.5905,9.78634286259,9.34,0.611711280721,34.5725454394,休闲食品,2024-04-24,2023-03-31
002813,路畅科技,-0.0396,60700459.91,-1.5786804513,-41.0667,-4757788.93,-931.73,-1526.3538,3.224564561333,-1.22,-0.057351623,13.0566180582,汽车零部件,2024-04-24,2023-03-31
002686,亿利达,0.0111,283250235.55,-32.0483761854,-45.2614,6295351.54,20.7,139.6745,2.831471964231,0.39,0.076973581019,25.117438431,通用设备,2024-04-24,2023-03-31
002673,西部证券,0.0802,1812965376.11,81.6,92.1874,358320234.46,2227.1227342734,617.1477,6.125785513164,1.32,-0.124863919292,,证券Ⅱ,2024-04-24,2023-03-31
002652,扬子新材,-0.0119,103920240.2,-10.0673089683,-11.421,-6110167.07,10.21,52.2452,0.432185095867,-2.72,0.006353359502,5.310849676,装修建材,2024-04-24,2023-03-31
002642,荣联科技,0.0033,442674578.66,-30.4158130488,-67.1926,2158075.64,-31.81,329.8738,2.276080929358,0.14,-0.282393974489,14.9030899131,IT服务Ⅱ,2024-04-24,2023-03-31
002601,龙佰集团,0.24,6977004052.05,14.7801532976,14.5438,579423850.87,-45.55,135.433,8.97735349418,2.74,0.116184008969,23.0426409995,化学原料,2024-04-24,2023-03-31
002546,新联电子,0.1012,113250245.83,20.2899745554,-51.3159,84445556.41,1130.67,1599.3519,3.9262615777,2.61,0.020268237902,33.9918905234,电网设备,2024-04-24,2023-03-31
002465,海格通信,0.02,1034003874.15,10.2583492273,-45.7589,42262143.45,-19.06,-84.5085,4.644804712059,0.4,-0.201720835977,32.0531022065,军工电子Ⅱ,2024-04-24,2023-03-31
002448,中原内配,0.14,692816947.23,22.3012249048,10.4918,82116022.62,85.8,232.2425,5.378940418645,2.62,0.115934434154,29.1459777186,汽车零部件,2024-04-24,2023-03-31
002271,东方雨虹,0.15,7494548302.46,18.7991647238,-4.3473,385537995.41,21.53,-17.1736,10.790096524386,1.43,-1.511280201816,28.6605508441,装修建材,2024-04-24,2023-03-31
002204,大连重工,0.0591,2632930746.11,22.2911238366,-9.4504,114174252.42,63.41,115.2965,3.514667276219,1.7,-0.133828820582,18.4064127093,专用设备,2024-04-24,2023-03-31
002194,武汉凡谷,0.0655,500922459.81,13.5776311067,11.5285,44683419.83,-58.55,74.1788,4.027597053398,1.64,0.058067942873,25.8627479369,通信设备,2024-04-24,2023-03-31
002093,国脉科技,0.0425,103425163.31,-10.9991011433,-53.2809,42837107.82,198.44,69.1174,3.570278755752,1.2,-0.060751959623,70.9962001993,教育,2024-04-24,2023-03-31
002065,东华软件,0.043,2793633901.08,22.0662313763,-38.0977,137749343.41,15.68,266.4634,3.519995796109,1.23,-0.110081062857,24.1349156681,IT服务Ⅱ,2024-04-24,2023-03-31
002038,双鹭药业,0.2,296576777.05,8.0223051505,32.8785,201929706.82,219.02,5797.6061,5.519065590578,3.63,0.109569533324,86.1080009771,化学制药,2024-04-24,2023-03-31
002033,丽江股份,0.1005,180011667.44,331.7292957475,199.5487,55203027.44,295.22,339.9777,4.496355115182,2.26,0.197584257343,61.4223172544,旅游及景区,2024-04-24,2023-03-31
002020,京新药业,0.18,960425636.79,10.321423656,-1.9761,151198043.53,10.15,-20.6314,6.15246530661,2.9,0.23098583401,49.9811894572,化学制药,2024-04-24,2023-03-31
002019,亿帆医药,0.0531,938532039.13,3.5998130118,-15.2777,64774428.2,-46.59,640.7458,7.226182576464,0.73,0.001666259357,48.7762316952,化学制药,2024-04-24,2023-03-31
001203,大中矿业,0.13,643522914.19,-50.6837594831,64.835,201131382.17,-56.63,337.8274,4.05613401337,3.21,-0.14411579775,52.3408986382,冶钢原料,2024-04-24,2023-03-31
000975,山金国际,0.1067,2191765411.03,-1.9023482042,12.4484,296409885.67,8.3,52.4812,3.755589395276,2.68,0.171454666482,24.9282985702,贵金属,2024-04-24,2023-03-31
000920,沃顿科技,0.0603,325935494.5,4.0858015506,-35.746,28499083.4,40.1,-25.2482,3.691239134198,1.59,0.023871143312,36.4772398423,塑料,2024-04-24,2023-03-31
000862,银星能源,0.1067,350815521.27,23.535898034,5.5837,75307820.92,108.81,2024.0477,4.156207257047,2.28,0.317566311277,37.3757445495,电力,2024-04-24,2023-03-31
000815,美利云,-0.01,208821781.23,-18.452319399,-41.1071,-6842186.76,-398.45,96.2492,2.69943067793,-0.36,0.01855807798,6.8989887622,IT服务Ⅱ,2024-04-24,2023-03-31
000810,创维数字,0.1028,2342266376.99,-15.4541817729,-21.3784,117354536.34,-43.62,1.0353,5.336509621429,1.93,-0.276613522533,16.9263105894,黑色家电,2024-04-24,2023-03-31
000779,甘咨询,0.1224,524746019.82,7.0884620731,-29.4866,46022138.83,14.03,-36.3992,7.044481541366,1.73,-0.486868496921,27.5633755506,工程咨询服务Ⅱ,2024-04-24,2023-03-31
000719,中原传媒,0.1,1868962398.85,6.008142287,-40.3743,101195511.47,4.89,-72.7844,9.722675737293,1.02,-0.049054086236,33.0814560496,出版,2024-04-24,2023-03-31
000715,中兴商业,0.06,222301382.94,6.0586708206,45.8151,24419288.24,25.82,-35.0786,4.233300843257,1.4,0.324717861664,53.7545364899,一般零售,2024-04-24,2023-03-31
000607,华媒控股,0.0036,335895893.03,-10.8700805804,-42.9811,3640512.08,195.57,-87.6085,1.540800144239,0.23,-0.035397766584,15.8286130594,广告营销,2024-04-24,2023-03-31
000550,江铃汽车,0.21,7525930457.0,4.0638716722,-6.7265,182746938.0,-5.79,-7.6403,10.920309762122,1.96,-0.835861726061,13.3814344253,商用车,2024-04-24,2023-03-31
000513,丽珠集团,0.62,3413055191.98,-1.8962849413,8.6502,581909331.89,5.17,44.5409,15.268944472745,4.12,0.320435821537,63.0717552118,化学制药,2024-04-24,2023-03-31
000049,德赛电池,0.2275,4288354313.24,-12.5255327666,-31.2451,73554204.39,-52.31,-71.7472,13.896785951416,1.78,3.597626336088,8.6789176443,电池,2024-04-24,2023-03-31
920471,美邦科技,-0.0319,92305375.87,-37.8797256397,-36.63,-2230549.84,-109.41,-116.7078,6.113507546857,-0.52,-0.204707025429,12.555718625,化学制品,2024-04-23,2023-03-31
920363,莱赛激光,0.06,47286544.24,-2.1678268285,-22.9219,3692262.85,21.35,-61.1483,3.739093856696,1.73,-0.193054654609,29.926973344,通用设备,2024-04-23,2023-03-31
920130,立方控股,-0.17,54470417.53,39.1302444799,,-12622310.45,29.7863932052,,6.384446516258,-2.58,-0.033080052047,54.4949254954,IT服务Ⅱ,2024-04-23,2023-03-31
920010,凯添燃气,0.04,150917463.41,21.2332820361,5.7158,9552272.11,-23.91,37.3114,2.71659002,1.49,0.012170271301,13.0820784844,燃气Ⅱ,2024-04-23,2023-03-31
688772,珠海冠宇,-0.12,2376942403.33,-20.8894811262,-9.8512,-139841497.1,-374.67,-2368.4736,5.436753429173,-2.13,0.286939712829,18.6597018976,电池,2024-04-23,2023-03-31
688682,霍莱沃,0.0576,76183025.71,40.2026963157,-46.656,4190076.75,49.14,-86.4872,12.542915757693,0.65,-1.099911671666,31.0847390075,军工电子Ⅱ,2024-04-23,2023-03-31
688676,金盘科技,0.2,1297006511.64,41.0592963248,-16.7575,87170282.53,107.73,-24.3452,6.571480928784,2.98,-0.442710200047,22.6856577573,电网设备,2024-04-23,2023-03-31
688653,康希通信,-0.0324,59981883.75,-40.8976187849,-47.1802,-11706591.3,-266.0438747287,-497.8397,,,,27.6622397342,半导体,2024-04-23,2023-03-31
688625,呈和科技,0.38,170388735.02,10.2577612039,-15.663,51261195.11,11.06,-1.1358,8.316637532831,4.73,0.21519931255,44.731987083,化学制品,2024-04-23,2023-03-31
688619,罗普特,-0.09,24265314.8,122.4548857146,-62.9774,-17196764.48,-34.9797396969,82.9391,6.344315884676,-1.43,-0.328463587624,29.0156599988,计算机设备,2024-04-23,2023-03-31
688602,康鹏科技,0.05,218947761.31,-28.7656641137,-17.9131,21518648.39,-58.7,-45.0955,4.476186770229,,-0.165267872298,33.2894309921,化学制药,2024-04-23,2023-03-31
688581,安杰思,0.79,90446286.16,16.7,-16.4533,34224989.5,24.62,-28.6084,9.580504221668,8.58,0.247287744783,70.4982469012,医疗器械,2024-04-23,2023-03-31
688576,西山科技,0.6,67453654.71,53.84,-31.1642,23949631.82,106.09,-24.861,10.855908640916,5.72,-0.027556527431,69.3932338748,医疗器械,2024-04-23,2023-03-31
688516,奥特维,1.43,1039021240.36,66.2656553023,-8.9508,221241685.03,107.42,-7.2165,17.182361450614,8.39,0.484134428165,36.6014998171,光伏设备,2024-04-23,2023-03-31
688513,苑东生物,0.51,277853183.77,3.3086416361,1.8065,60985871.41,13.35,19.5139,20.865953146973,2.46,0.274241773503,81.8864844314,化学制药,2024-04-23,2023-03-31
688448,磁谷科技,-0.02,36439420.77,51.5401648121,-77.8352,-1222846.81,64.465302312,-104.5697,13.173654520208,-0.13,-0.471222567432,38.9204324611,通用设备,2024-04-23,2023-03-31
688403,汇成股份,0.03,241377743.44,4.7847254499,-0.0615,26301595.47,-45.93,-24.6566,3.513553431253,0.9,0.057259842308,20.4494189964,半导体,2024-04-23,2023-03-31
688290,景业智能,0.07,51986198.23,39.8006430478,-78.3228,5818441.56,157.6,-91.9312,12.904159835922,0.55,-0.753498014442,54.2764973795,自动化设备,2024-04-23,2023-03-31
688278,特宝生物,0.21,419307024.7,21.5347624415,9.2773,84173127.64,46.51,-2.819,3.66709306561,5.81,0.0537056397,91.0013489383,生物制品,2024-04-23,2023-03-31
688267,中触媒,0.01,123407936.5,-30.8052044313,-54.669,2050387.68,-93.85,-96.8633,15.044916062543,0.08,0.601512503802,31.6365994662,化学制品,2024-04-23,2023-03-31
688219,会通股份,0.04,1116505570.75,-12.223854543,-20.7699,17785911.08,-42.37,19.4809,3.631755122007,0.99,0.081980349476,11.7244549198,塑料,2024-04-23,2023-03-31
688216,气派科技,-0.32,95927426.22,-24.1248334179,-27.7416,-33632281.61,-450.5937566648,3.3339,8.036514580408,-3.85,-0.120106459114,-14.2201259405,半导体,2024-04-23,2023-03-31
688198,佰仁医疗,0.09,64891611.97,-1.6876906113,-12.8113,11698274.57,-14.03,-66.8466,8.289996436273,1.06,0.143858160132,88.386734878,医疗器械,2024-04-23,2023-03-31
688143,长盈通,-0.07,23019843.95,-55.1040561758,-77.1875,-8443974.19,-192.6,-128.4986,13.187818950533,-0.68,-0.061030152875,43.6345090862,通信设备,2024-04-23,2023-03-31
688128,中国电研,0.15,855926665.53,15.6939947999,-32.5887,62425610.08,27.08,-41.4049,6.741442420321,2.32,-0.583695071644,27.7614197582,专用设备,2024-04-23,2023-03-31
688117,圣诺生物,0.13,81516580.85,0.9558268226,-39.7445,14032925.44,-1.82,-44.9227,10.510046996875,1.68,0.215378935375,64.3913909939,生物制品,2024-04-23,2023-03-31
688076,ST诺泰,0.1,208058681.69,54.9829386991,-22.67,21012921.56,30.56,-71.9263,9.060123980762,1.09,0.678851666449,55.9349047512,化学制药,2024-04-23,2023-03-31
688020,方邦股份,-0.27,76150695.23,-20.7018699469,3.8516,-21767609.43,-72.77,-54.0162,19.000719358313,-1.42,-0.408138807513,26.3510053577,元件,2024-04-23,2023-03-31
688002,睿创微纳,0.1828,789897764.27,77.4506739946,-15.608,81596916.2,471.33,-37.702,9.231423999016,1.96,0.177257143573,46.5190123762,军工电子Ⅱ,2024-04-23,2023-03-31
605500,森林包装,0.04,451926729.61,-26.9382738951,-32.3335,15573546.13,-55.47,-44.1285,7.965795121216,0.66,0.022970336588,11.8483339714,造纸,2024-04-23,2023-03-31
605499,东鹏饮料,1.2431,2490866047.01,24.1371956874,33.8426,497251730.0,44.28,80.8093,13.882973683208,9.37,1.80994720482,43.5278222521,饮料乳品,2024-04-23,2023-03-31
605365,立达信,0.068,1481181603.9,-17.4005235705,-2.1821,34358898.49,-63.95,81.9376,6.686089835197,1.03,-0.058243782958,27.5196574976,照明设备Ⅱ,2024-04-23,2023-03-31
605358,立昂微,0.05,632236521.47,-16.4041196247,-0.5506,34437067.2,-85.53,-25.7705,11.803930175858,0.42,0.143282141473,29.6707295039,半导体,2024-04-23,2023-03-31
605338,巴比食品,0.16,319516702.75,3.2351475651,-24.7195,41031961.37,2724.36,-53.5851,8.43239762568,1.97,-0.045549825549,24.1954759594,食品加工,2024-04-23,2023-03-31
605166,聚合顺,0.16,1275244294.18,-32.5533237642,4.6689,50140509.06,-19.96,31.9927,5.080173329855,3.12,-0.724879842817,7.5949345064,化学纤维,2024-04-23,2023-03-31
605138,盛泰集团,0.1,1309148387.48,-4.6591180849,-18.9867,56468031.24,-8.21,-9.7256,4.440848335049,2.21,0.241677453794,16.5566434549,服装家纺,2024-04-23,2023-03-31
605090,九丰能源,0.73,6473534627.83,-7.7460376338,72.8314,451576208.7,14.98,202.7854,11.368925329583,6.32,1.104380192025,10.2135221373,燃气Ⅱ,2024-04-23,2023-03-31
605068,明新旭腾,-0.03,149164967.75,10.3772077443,-53.6611,-5691506.0,-133.26,-112.539,10.130972009436,-0.3,-0.22251323106,21.0365523912,汽车零部件,2024-04-23,2023-03-31
605066,天正电气,0.14,618639256.62,21.1976883813,6.2598,54285608.16,337.64,209.1763,4.54463966202,3.02,0.168164719426,25.0539989988,电网设备,2024-04-23,2023-03-31
605028,世茂能源,0.25,86769229.5,-8.656812574,-40.6906,40562664.09,-9.87,-34.1199,7.499658400625,3.44,0.296615018125,60.5191785067,电力,2024-04-23,2023-03-31
603967,中创物流,0.15,1591631703.08,-48.4890751688,-23.9576,53419359.92,-2.56,7.1012,6.492403125584,2.4,0.068328781151,7.6578168086,物流,2024-04-23,2023-03-31
603889,新澳股份,0.13,977655408.39,9.4408506021,18.516,90114766.3,21.23,73.4551,5.957688179462,3.0,-0.525361775587,19.266475912,纺织制造,2024-04-23,2023-03-31
603859,能科科技,0.26,309861274.7,15.7615649133,-28.1685,42789031.63,36.53,-52.4799,15.183612300424,1.71,0.283213296431,45.5782082955,IT服务Ⅱ,2024-04-23,2023-03-31
603779,威龙股份,-0.05,63377320.42,-55.4615628475,-62.5014,-17735810.99,-295.8915745545,-324.4717,2.054778628378,-2.53,-0.021184220922,43.5533714223,非白酒,2024-04-23,2023-03-31
603679,华体科技,0.0646,128437289.71,73.3505963083,1.2508,10538960.0,250.8856210666,117.4836,5.083275330151,1.24,0.028889291776,28.0413808414,光学光电子,2024-04-23,2023-03-31
603629,利通电子,0.08,429597560.26,11.8853284867,-42.5518,14571611.6,-13.7,15.7989,9.042582747967,0.89,0.249793472692,13.8919185095,消费电子,2024-04-23,2023-03-31
603618,杭电股份,0.03,1481305038.39,-14.6700701601,-20.892,22354366.97,-12.67,-40.4202,3.847658561252,0.8,0.213113711206,13.8220399468,电网设备,2024-04-23,2023-03-31
603556,海兴电力,0.36,793322190.36,18.8408893821,-14.0521,175952752.95,25.38,-9.6023,12.601729035493,2.9,0.04396959561,38.6437569521,电网设备,2024-04-23,2023-03-31
603505,金石资源,0.06,168155782.19,14.2156814303,-57.6534,34604551.27,6.2,-50.3238,3.191610905808,2.52,0.031812327198,44.7471124811,化学制品,2024-04-23,2023-03-31
603373,安邦护卫,0.22,548331995.69,0.6068157443,-22.0312,17803399.76,-22.5356474218,-58.1938,,,,24.3445106868,专业服务,2024-04-23,2023-03-31
603367,辰欣药业,0.34,1134403107.24,30.4255340295,-1.7197,155850307.28,61.09,169.9044,12.114048379815,2.88,0.220429831202,62.8926616902,化学制药,2024-04-23,2023-03-31
603325,博隆技术,2.2783,431255928.93,41.3663378331,0.7184,113917154.37,33.4362859157,25.5547,,,,32.4984442319,专用设备,2024-04-23,2023-03-31
603298,杭叉集团,0.33,3929226032.62,9.043092144,28.9325,288760589.96,53.55,20.9865,8.046666238907,4.15,0.390549058884,18.1533940122,工程机械,2024-04-23,2023-03-31
603236,移远通信,-0.51,3136793163.68,2.5843438246,-23.3808,-134907489.28,-209.14,-172.0272,19.054878432122,-3.69,1.47350921862,17.5935266061,通信设备,2024-04-23,2023-03-31
603178,圣龙股份,0.02,321835241.28,-9.3096281866,-18.5877,5838306.16,-75.92,-57.1977,5.345108406459,0.46,-0.066166601035,10.2879326075,汽车零部件,2024-04-23,2023-03-31
603172,万丰股份,0.15,136602999.06,3.17,-3.5083,15382225.75,0.76,-3.0016,5.8874969472,2.65,-0.1550801117,27.6381805523,化学制品,2024-04-23,2023-03-31
603135,中重科技,0.14,303881724.45,4.1782563491,7.8181,49502166.34,18.98,10.5678,6.739987877156,3.28,-0.023146347111,25.6251527962,专用设备,2024-04-23,2023-03-31
603132,金徽股份,0.04,205134196.19,-26.915242374,-44.111,41223122.94,-63.08,-74.7077,3.25464129408,1.3,0.148737627188,53.4323432981,工业金属,2024-04-23,2023-03-31
603083,剑桥科技,0.27,1074143110.71,124.9813115409,13.27,71472455.19,166.6424214785,-26.7714,7.684474419081,3.63,0.444724757603,22.562855968,通信设备,2024-04-23,2023-03-31
603063,禾望电气,0.18,609736151.79,32.510958566,-42.1778,78472838.45,17.17,-18.7895,7.936300770705,2.27,-0.078161819612,32.7147024618,风电设备,2024-04-23,2023-03-31
603062,麦加芯彩,0.7,230473248.01,-42.4702406795,-4.994,56358474.31,-28.4629341273,27.8821,,,,37.2943724802,化学制品,2024-04-23,2023-03-31
603059,倍加洁,0.07,222819255.87,4.8471985888,-24.2273,7160934.94,19080.4657664669,-86.7942,11.728545412431,0.61,0.011853993393,21.6392785766,个护用品,2024-04-23,2023-03-31
603051,鹿山新材,-0.38,706985643.26,41.1700989835,11.2191,-35057253.17,-206.99,-114.4092,13.922537854885,-2.7,-2.084910117982,2.9849287183,化学制品,2024-04-23,2023-03-31
603050,科林电气,0.25,526544940.23,64.7650915713,-53.8968,40697631.2,149.65,4232.2119,8.63702069193,2.95,-0.443081070106,25.2540930356,电网设备,2024-04-23,2023-03-31
603017,中衡设计,0.11,320826665.63,14.9420157153,-58.6362,29290650.49,36.31,552.0424,5.225975879237,2.06,-0.467698711986,22.4590581735,工程咨询服务Ⅱ,2024-04-23,2023-03-31
601901,方正证券,0.07,1772663423.59,6.2963659835,-5.2842,556003687.26,16.55,168.0391,5.301751730672,1.28,0.117024746656,,证券Ⅱ,2024-04-23,2023-03-31
601899,紫金矿业,0.207,74944985235.0,15.7080787063,13.3163,5441834217.0,-11.14,61.2433,3.638411299265,5.89,0.297364122683,15.5292701139,工业金属,2024-04-23,2023-03-31
601890,亚星锚链,0.0615,489114052.6,38.1749574328,9.4658,58956227.08,122.02,11.798,3.455401504128,1.38,-0.049194049552,26.34994176,航海装备Ⅱ,2024-04-23,2023-03-31
601100,恒立液压,0.47,2427015613.46,10.2994063767,6.5819,625523317.19,18.44,5.3964,9.905390188723,4.83,0.261496715969,40.8562477176,工程机械,2024-04-23,2023-03-31
601061,中信金属,0.1234,27733429201.74,8.2775011645,-1.1153,542817634.29,4.57,63.6694,3.576473699267,3.84,-0.50806643831,3.3648216096,贸易Ⅱ,2024-04-23,2023-03-31
600955,维远股份,0.05,1692870706.42,-14.367459389,-11.0859,26087304.88,-91.41,-77.6377,15.601233539091,0.3,0.065477612545,2.6969191372,化学原料,2024-04-23,2023-03-31
600941,中国移动,1.31,250746000000.0,10.3052964983,17.296,28067000000.0,9.5,4.2337,60.363349906275,2.2,3.519553530079,24.4586154914,通信服务,2024-04-23,2023-03-31
600869,远东股份,0.0542,4310459345.99,2.8328821893,-24.9369,120395502.32,39.01,90.8029,1.998513644239,2.76,0.100774123745,14.1399008191,电网设备,2024-04-23,2023-03-31
600866,星湖科技,0.0725,4163243647.49,-0.1774672679,-74.7737,120523283.71,-34.16,-75.4574,4.220233426562,1.74,-0.40946845015,11.8206812781,化学制品,2024-04-23,2023-03-31
600757,长江传媒,0.32,2022658981.0,21.3489496012,33.5121,385809038.37,31.5,2024.7961,7.271424957196,4.47,0.161374825201,38.4056845404,出版,2024-04-23,2023-03-31
600745,*ST闻泰,0.37,14427197916.8,-2.5359167203,-9.7939,459969376.7,-8.42,195.1655,27.959239145142,1.25,1.405506447996,17.9355501793,半导体,2024-04-23,2023-03-31
600742,富维股份,0.0929,4152816450.39,-2.7778452092,-20.6409,68723509.61,-8.8,-42.9461,10.705057278243,0.87,0.765749762872,8.3517625552,汽车零部件,2024-04-23,2023-03-31
600740,山西焦化,0.2977,2467160352.14,-20.848752687,-7.7602,762639114.58,-32.03,712.9778,5.935023257792,5.14,-0.076344159996,-7.377228012,焦炭Ⅱ,2024-04-23,2023-03-31
600573,惠泉啤酒,0.004,136894674.72,7.037331259,112.077,898096.0,152.38,109.7848,4.85051581504,0.07,0.13069982596,26.4471380892,非白酒,2024-04-23,2023-03-31
600529,山东药玻,0.25,1236596013.53,18.65785011,3.1689,166520090.53,8.69,34.8493,10.741299688393,2.36,0.317295721753,23.648006822,医疗器械,2024-04-23,2023-03-31
600510,黑牡丹,0.1,1804144182.86,86.3320705904,-72.0822,106008130.53,262.5,-71.5344,9.631623978595,1.07,-0.8633873269,17.3286087127,房地产开发,2024-04-23,2023-03-31
600493,凤竹纺织,-0.0218,214161290.21,-19.0105221396,1.5982,-5928290.33,-226.1,-292.3176,3.076260618051,-0.706,-0.068190537831,5.1775837263,纺织制造,2024-04-23,2023-03-31
600486,扬农化工,1.872,4500001753.05,-14.5749592851,66.1449,754275388.01,-16.59,383.8783,29.986946573419,8.46,4.908299798037,27.4913736698,农化制品,2024-04-23,2023-03-31
600433,冠豪高新,0.004,1625328301.03,-5.4033106485,-26.0176,7302834.83,-79.24,-94.1343,2.869000696228,0.55,-0.316019827358,10.0009053492,造纸,2024-04-23,2023-03-31
600395,盘江股份,0.163,2862826802.52,-0.1796046001,2.7242,350468143.57,-26.89,-34.5845,5.6343471837,2.997,0.280123570178,29.0404493408,煤炭开采,2024-04-23,2023-03-31
600389,江山股份,0.2871,1352672296.69,-50.2525641687,8.2777,123637564.73,-80.86,-20.5388,11.340755344698,3.66,0.317040449118,18.4891182744,农化制品,2024-04-23,2023-03-31
600346,恒力石化,0.14,56154078279.9,5.1455285746,8.0243,1019697867.45,-75.85,127.0593,7.653938127194,1.91,1.693643478672,9.2613288,炼化及贸易,2024-04-23,2023-03-31
600315,上海家化,0.34,1979746030.61,-6.4913339153,12.9767,230444636.94,15.59,45.0929,11.028665901794,3.13,0.671645432107,61.2011891281,化妆品,2024-04-23,2023-03-31
600312,平高电气,0.1109,1956327532.53,20.8202076579,-37.8021,150526232.46,276.1,347.2039,6.986812581598,1.6,0.027807624023,20.775750249,电网设备,2024-04-23,2023-03-31
600282,南钢股份,0.061,17897431299.15,3.3754211502,-0.6934,376199434.72,-49.8,344.8413,4.271260093524,1.43,0.055416711541,9.4128810441,普钢,2024-04-23,2023-03-31
600251,冠农股份,0.3757,1525467763.77,181.6322030389,168.6215,292884498.79,33.03,39.0693,4.456285422173,8.83,0.73125465949,14.3875725533,农产品加工,2024-04-23,2023-03-31
600226,亨通股份,0.01,129246950.88,-18.4797287458,-24.9907,42993520.28,-87.11,170.9445,1.006773616042,1.35,-0.007757900299,13.4825829092,电力,2024-04-23,2023-03-31
600173,卧龙新能,0.0945,1522692723.68,244.5627731821,29.8138,66181637.87,23.18,232.7,5.374873422513,1.84,-0.058068884308,7.7623828171,房地产开发,2024-04-23,2023-03-31
600169,ST太重,0.0108,1945457283.02,4.2947843891,1.4442,36091197.98,4.08,-70.4123,1.521256614022,0.71,0.023622273235,16.0942876065,专用设备,2024-04-23,2023-03-31
600123,兰花科创,0.5207,3017371418.26,-7.7418053771,11.2707,773251951.96,-11.62,66.1189,14.319585855804,5.64,0.903245598346,49.6397527482,煤炭开采,2024-04-23,2023-03-31
600060,海信视像,0.475,11483183305.77,12.7524980848,-13.1827,620696108.85,107.9,8.5063,13.914789542399,3.12,1.436252399524,18.1714756464,黑色家电,2024-04-23,2023-03-31
301533,威马农机,0.19,172111765.87,27.3987697798,1.3302,13911798.78,25.81,-48.9162,5.466398411095,3.51,-0.083762227316,18.0789279005,专用设备,2024-04-23,2023-03-31
301428,世纪恒通,0.24,247743259.44,18.66,2.4773,17778100.82,66.75,-32.6321,8.250460659324,2.95,-1.987800853108,26.0642591956,通信服务,2024-04-23,2023-03-31
301399,英特科技,0.2,98509926.18,9.1094180418,-45.1299,12959084.2,-8.33,-67.0057,5.983793202879,3.33,-0.419363502424,27.1831023618,通用设备,2024-04-23,2023-03-31
301387,光大同创,0.4458,204557170.03,-13.4163290485,-11.4296,25412684.45,-8.54,21.2106,10.514469479474,4.34,0.496471137544,32.4926758423,消费电子,2024-04-23,2023-03-31
301383,天键股份,0.22,272035120.73,20.3660214094,-16.982,19099819.36,43.52,-52.6836,6.007919704175,3.72,0.139167330236,19.3324546547,消费电子,2024-04-23,2023-03-31
301368,丰立智能,0.07,83594822.37,-36.4306554018,6.3697,8016167.27,-39.37,233.9271,8.070715074438,0.83,0.001755962948,16.3515648966,通用设备,2024-04-23,2023-03-31
301357,北方长龙,0.35,50134214.35,-9.1222537079,-13.6911,17763133.33,-21.81,79.2972,8.054055248627,4.42,-0.565783533333,65.1018716124,地面兵装Ⅱ,2024-04-23,2023-03-31
301319,唯特偶,0.46,192609071.51,-30.1657822602,-8.945,27092222.04,18.99,39.8482,18.768880800136,2.49,0.491651807299,24.033598302,电子化学品Ⅱ,2024-04-23,2023-03-31
301311,昆船智能,0.03,304656157.2,1.3990999055,-69.7062,6417557.8,-73.27,-86.906,7.471662143375,0.36,-2.021320481708,25.0997893109,通用设备,2024-04-23,2023-03-31
301303,真兰仪表,0.2,267620795.15,6.1858862015,-24.0561,49509495.93,23.85,-38.3925,9.862110154144,3.06,-0.16086614726,38.4247537724,通用设备,2024-04-23,2023-03-31
301302,华如科技,-0.51,19244561.65,24.9622997459,-95.6019,-53990806.12,-67.23,-145.8014,21.910226442211,-2.31,-1.045502029487,48.0779676268,军工电子Ⅱ,2024-04-23,2023-03-31
301276,嘉曼服饰,0.6,294038044.9,-0.3106226786,-30.5451,64433212.42,24.11,4.0111,17.853388112778,3.4,0.627765175556,61.4131338077,服装家纺,2024-04-23,2023-03-31
301270,汉仪股份,0.0675,43404229.38,-17.4589203096,-21.307,6745574.58,-47.03,-45.8014,10.9932602628,0.62,0.0660078603,83.1631574287,软件开发,2024-04-23,2023-03-31
301265,华新科技,0.09,160357897.05,3.6937035737,-14.7332,27957211.34,4.89,89.4575,6.764250066067,1.35,-0.040008120884,30.4779876695,环境治理,2024-04-23,2023-03-31
301263,泰恩康,0.12,193788912.58,5.7277956653,-7.7406,51985920.77,-3.51,9.5453,8.063079983163,2.77,0.185013204844,65.0162797255,化学制药,2024-04-23,2023-03-31
301259,艾布鲁,0.0884,60800389.63,-15.4486734948,-55.2885,10611259.67,-6.7,-63.5356,7.598144730083,1.17,0.364689412833,30.9543432773,环境治理,2024-04-23,2023-03-31
301258,富士莱,0.563,156494544.37,10.3791183491,-8.072,51606248.85,29.28,2.8632,21.143409003491,2.7,0.675143134831,46.3575720815,化学制药,2024-04-23,2023-03-31
301251,威尔高,0.23,184202333.55,-23.6118712988,-13.1477,23649885.65,4.0145209811,-2.6073,,4.91,,27.2023900915,元件,2024-04-23,2023-03-31
301248,杰创智能,0.1173,187789762.16,-3.0713684464,14.9807,12021542.29,5.27,56.1532,15.995060749976,0.74,0.127700410559,23.7947985322,IT服务Ⅱ,2024-04-23,2023-03-31
301246,宏源药业,0.1793,503909819.72,11.6918373782,-30.8979,64744366.06,-63.38,3.9161,10.937477270886,2.0,0.035909787809,19.278710503,化学制药,2024-04-23,2023-03-31
301205,联特科技,0.2041,179590371.83,1.0804258804,-13.2202,26482722.43,4.0,8.5463,19.922794893868,1.86,1.273076565067,32.3199005763,通信设备,2024-04-23,2023-03-31
301199,迈赫股份,0.0973,130355542.26,24.4079559804,-53.5771,12975348.12,305.7,57.8635,13.188048229939,0.74,-0.751354487101,26.4014631701,自动化设备,2024-04-23,2023-03-31
301196,唯科科技,0.2598,239598724.07,-4.7553702468,-5.5093,32422105.14,-27.57,-31.3935,24.063993058814,1.09,0.502676990545,31.2738883777,塑料,2024-04-23,2023-03-31
301190,善水科技,0.124,83015944.33,-19.8260303251,37.5058,26617504.33,9.89,472.9891,9.646714735611,1.29,0.068964955821,35.6838877147,化学原料,2024-04-23,2023-03-31
301130,西点药业,0.1185,55440064.1,4.3941911211,-22.1936,9575298.6,21.11,11.2973,11.817058542923,1.01,-0.007829746996,80.9871232274,化学制药,2024-04-23,2023-03-31
301126,达嘉维康,0.07,876697159.06,39.7168111445,-16.7029,15287632.67,-19.64,971.2504,8.418802015199,0.88,-0.453470252879,14.9133635462,医药商业,2024-04-23,2023-03-31
301117,佳缘科技,0.09,50688817.05,253.54005375,-53.0331,8369424.33,294.58,-66.5916,14.385780247184,0.63,-0.277896494923,54.2098720372,计算机设备,2024-04-23,2023-03-31
301109,军信股份,0.2715,360288717.83,-0.3316584929,-2.2728,111336302.44,19.67,-19.3178,12.455066457623,2.2,0.298195320212,57.9931047795,环境治理,2024-04-23,2023-03-31
301105,鸿铭股份,0.0268,44642193.72,-38.584857973,142.4026,1338169.45,-92.92,125.6572,18.360166241,0.15,-0.1466004032,29.3470035818,专用设备,2024-04-23,2023-03-31
301101,明月镜片,0.1739,171613712.0,26.0016865834,1.9478,35050749.84,58.5,-28.4027,11.198194568465,2.36,0.233955030765,56.1264917106,文娱用品,2024-04-23,2023-03-31
301096,百诚医药,0.32,160921094.3,67.9720176563,-13.7925,35068583.71,79.56,-28.347,23.418567687308,1.4,-0.031131731368,65.6947936688,医疗服务,2024-04-23,2023-03-31
301089,拓新药业,2.42,551007175.69,325.3257231014,52.2954,304306229.57,970.02,71.8754,13.434763629921,19.91,0.841747299127,82.7356679791,化学制药,2024-04-23,2023-03-31
301081,严牌股份,0.05,172341757.07,-3.3370906853,-10.6775,9832407.24,-56.08,-33.3565,5.685669530322,1.02,-0.042880382903,27.6818841766,环保设备Ⅱ,2024-04-23,2023-03-31
301059,金三江,0.06,82429982.6,34.9950244906,-3.4289,14741458.04,4.4,-29.461,2.378224996453,2.55,0.092191901719,37.8868933426,化学制品,2024-04-23,2023-03-31
301049,超越科技,-0.0913,48850133.5,-5.9799532405,-18.3135,-10269172.91,-221.55,64.9076,9.331521700124,-1.19,-0.217930678505,3.5770688119,环境治理,2024-04-23,2023-03-31
301022,海泰科,0.1065,104244353.72,15.5958608516,-21.9203,8864286.21,-28.86,354.5857,14.190779572969,0.98,-0.12970438625,22.5771288421,汽车零部件,2024-04-23,2023-03-31
301015,百洋医药,0.2331,1686422354.66,-9.3479380654,-15.2591,122413769.52,39.78,-22.718,4.616573301314,5.18,0.293948238526,28.912966714,医药商业,2024-04-23,2023-03-31
301012,扬电科技,0.0059,78063635.1,-59.2841278976,-17.7932,495220.41,-97.95,-88.8869,7.412053894643,0.08,0.041433793452,12.9642746421,电网设备,2024-04-23,2023-03-31
301010,晶雪节能,0.0377,101989914.82,11.1856519017,-78.8498,4072393.87,2.03,-80.4795,7.475899133056,0.51,-0.663203957963,19.2424846463,装修建材,2024-04-23,2023-03-31
301001,凯淳股份,0.017,141529564.63,-2.0757205045,-48.2634,1340049.85,114.43,-90.0454,10.24885519875,0.16,0.604990926375,25.3881577492,互联网电商,2024-04-23,2023-03-31
300993,玉马科技,0.08,130417402.86,14.3772867876,-9.9981,27019091.96,0.31,-28.6547,5.474913260682,2.1,0.110732157925,39.1977001374,家居用品,2024-04-23,2023-03-31
300986,志特新材,0.0075,380038416.74,44.8510108433,-39.483,1845667.37,-64.51,-96.3008,8.546208778547,0.13,0.089204982548,24.0872623208,专业工程,2024-04-23,2023-03-31
300985,致远新能,-0.267,216090082.14,370.5495087639,661.775,-35596760.29,-782.37,10.6247,8.76528921043,-3.08,-1.970861548719,-2.6812035021,通用设备,2024-04-23,2023-03-31
300970,华绿生物,1.11,332570440.03,94.807962039,48.5525,130078277.07,386.55,1048.3342,14.056979870351,8.66,1.215917817738,43.3591508665,种植业,2024-04-23,2023-03-31
300956,英力股份,-0.17,254842392.87,-38.5997795395,11.9389,-21894902.61,-269.25,57.0972,7.760343243378,-1.91,0.430306324714,-0.4215713594,消费电子,2024-04-23,2023-03-31
300947,德必集团,0.016,239024456.85,9.6611084024,25.6595,2479590.04,-90.33,109.4002,8.420492984031,0.19,1.030444853778,30.8001209166,一般零售,2024-04-23,2023-03-31
300943,春晖智控,0.18,100668053.42,-22.1422062806,-19.2991,36097877.0,199.69,39.4476,4.621862743205,3.91,-0.233608028653,23.9727829536,通用设备,2024-04-23,2023-03-31
300930,屹通新材,0.14,96558827.28,-9.0043929164,2.3114,14263703.03,-47.49,-32.3136,8.1422488039,1.77,-0.0275884984,22.3222818329,金属新材料,2024-04-23,2023-03-31
300923,研奥股份,0.09,77831120.34,-21.0207702064,-29.8957,6732474.72,-38.71,-14.3106,14.753925455598,0.58,-0.608285616285,30.8750833793,轨交设备Ⅱ,2024-04-23,2023-03-31
300899,上海凯鑫,0.036,20126886.75,44.0038073112,-69.2847,2298755.27,301.46,-82.9802,10.394701277601,0.35,-0.019899804598,35.5850849114,环境治理,2024-04-23,2023-03-31
300887,谱尼测试,0.017,525497117.51,-1.5007285046,-51.3484,9263189.46,68.08,-93.3875,12.392233123558,0.26,0.115849494945,40.6742795475,专业服务,2024-04-23,2023-03-31
300883,龙利得,0.0154,144406264.86,-10.3427846443,-17.2111,5330712.32,-52.14,-16.3338,4.150618927659,0.37,-0.002673913092,17.3199272928,包装印刷,2024-04-23,2023-03-31
300882,万胜智能,0.18,207604357.27,93.3724019044,-21.9755,37361807.43,384.51,-25.4918,4.855614067975,3.84,0.093131820655,32.1510500491,电网设备,2024-04-23,2023-03-31
300881,盛德鑫泰,0.18,304720757.99,15.4742520854,-4.6728,20115823.75,53.71,-23.6146,8.5917397674,2.37,-0.3042305365,15.0090405923,特钢Ⅱ,2024-04-23,2023-03-31
300853,申昊科技,0.39,206793942.72,149.5428941918,28.2732,56998346.17,4093.68,445.1577,8.537492541411,4.22,-0.432697290128,58.9259485879,电网设备,2024-04-23,2023-03-31
300848,美瑞新材,0.07,317659602.6,-18.77686229,2.8616,23665397.95,4.68,-21.981,4.985350349783,2.4,0.235165525174,18.1467324545,化学制品,2024-04-23,2023-03-31
300827,上能电气,0.11,620146996.73,184.3868417797,-51.2699,36516585.64,126.59,1.0013,4.318753122632,3.47,-2.054030161076,19.1439168981,光伏设备,2024-04-23,2023-03-31
300814,中富电路,0.08,313017806.64,-16.2032405945,-21.0378,14566889.46,-28.74,-48.9829,6.494090499727,1.28,0.241849942661,14.8207331135,元件,2024-04-23,2023-03-31
300800,力合科技,0.05,131273249.2,2.1934580245,-3.4965,11356530.68,-68.48,171.4869,8.628483980117,0.55,-0.31311001401,38.0128996,环保设备Ⅱ,2024-04-23,2023-03-31
300777,中简科技,0.34,206616521.34,19.5824691116,-25.6575,148396075.95,63.68,-46.082,9.187435599485,3.74,0.468747907668,79.4237523145,航空装备Ⅱ,2024-04-23,2023-03-31
300770,新媒股份,0.74,356743477.72,-8.1486814102,10.3575,170442727.1,-0.63,-4.5863,15.750369209359,4.8,1.63476392583,52.7536175441,电视广播Ⅱ,2024-04-23,2023-03-31
300767,震安科技,0.0165,127294181.1,-44.2864483145,-47.8065,4067844.63,-87.5,-81.0318,6.220844474311,0.25,-0.147801579987,37.3659489845,橡胶,2024-04-23,2023-03-31
300765,石药创新,0.1135,718720405.0,32.8433829138,-36.514,129302283.05,47.33,-30.9812,7.081128866814,3.09,0.4554126163,48.8914944832,化学制药,2024-04-23,2023-03-31
300749,顶固集创,0.02,223955157.55,22.1879370924,-29.5757,4733619.34,22.32,124.4094,3.548403765055,0.65,0.177365225602,29.190553464,家居用品,2024-04-23,2023-03-31
300743,天地数码,0.08,141218398.68,-2.5051946956,-8.6578,10849647.86,46.89,17.8209,3.09739719769,2.4,0.069438689715,32.8468152688,计算机设备,2024-04-23,2023-03-31
300735,光弘科技,0.0486,688898454.7,-35.7274539754,-40.5832,37026029.01,-20.38,-63.3675,5.989272899136,0.81,-0.079462905611,15.6470713361,消费电子,2024-04-23,2023-03-31
300715,凯伦股份,0.09,507036038.28,55.7223801945,-14.7385,34367138.27,300.26,118.9451,6.23337290173,1.47,0.042346032482,22.6784445836,装修建材,2024-04-23,2023-03-31
300685,艾德生物,0.14,195164302.8,-5.2829657227,-19.6595,57317259.24,6.91,44.7947,3.879696549826,3.75,0.169679513009,83.8695127089,医疗器械,2024-04-23,2023-03-31
300679,电连技术,0.1115,616360334.85,-18.695145173,-18.4115,46973395.58,-46.67,53.0999,9.861641258963,1.13,0.153377663618,31.7914564648,消费电子,2024-04-23,2023-03-31
300642,透景生命,0.0683,121844833.48,-16.026857587,-38.3069,11129200.78,111.17,-69.7259,9.046933704699,0.75,-0.012273848773,57.7416709684,医疗器械,2024-04-23,2023-03-31
300628,亿联网络,0.3346,888626177.44,-14.6739279013,-28.9221,422908982.16,-13.12,6.6107,9.173697786792,5.23,0.30636839352,64.4592567665,通信设备,2024-04-23,2023-03-31
300567,精测电子,0.04,601491334.56,-0.3927291044,-33.9198,11875740.73,-58.2,-90.7348,11.473570335702,0.37,-1.277238898296,45.3452794145,通用设备,2024-04-23,2023-03-31
300565,科信技术,-0.19,108004253.91,-39.1016414682,-26.2403,-39301386.56,-210.15,-3.3848,2.411370381779,-7.54,-0.113306470385,19.7246187615,通信设备,2024-04-23,2023-03-31
300532,今天国际,0.3,724381594.35,38.4661163632,-0.3645,92311296.87,106.63,31.2718,4.894452265905,6.34,-0.239141032715,30.8859559816,IT服务Ⅱ,2024-04-23,2023-03-31
300520,科大国创,0.01,537867814.62,56.8293605669,-49.1427,2383027.4,-89.88,102.1161,5.929630588644,0.16,-0.696370938867,21.6469446833,软件开发,2024-04-23,2023-03-31
300502,新易盛,0.21,600222891.1,-18.7255140885,-33.0158,107834813.02,-18.57,-23.601,9.738334281335,2.21,0.502657972588,34.0442968354,通信设备,2024-04-23,2023-03-31
300464,星徽股份,0.0122,466738622.25,-20.6774901645,-9.354,4859127.28,118.09,102.1931,0.465243594265,3.07,-0.08719914107,31.3662980073,互联网电商,2024-04-23,2023-03-31
300447,全信股份,0.2044,321810416.66,5.7142305827,45.551,63458276.06,15.74,194.346,6.216434712376,3.33,-0.037046915222,47.3266994309,军工电子Ⅱ,2024-04-23,2023-03-31
300444,双杰电气,0.1071,755483117.4,109.1421665045,79.5831,77643233.47,1122.42,185.6439,1.716092811303,6.44,-0.026609792707,13.4593388162,电网设备,2024-04-23,2023-03-31
300414,中光防雷,0.02,119787756.99,-1.4194250905,-27.5931,7289716.34,-9.31,144.2585,2.959225850459,0.76,0.110667117803,27.3830614031,通信设备,2024-04-23,2023-03-31
300371,汇中股份,0.0345,69955587.11,40.5242886614,-54.6459,6888449.81,34.39,-58.7313,6.007660835617,0.69,-0.215696589562,47.0086691121,通用设备,2024-04-23,2023-03-31
300353,东土科技,-0.114,174353539.75,72.9481302966,-66.6804,-60801296.7,6.93,-178.3533,1.784740041721,-6.21,-0.196644987774,40.6375560379,通信设备,2024-04-23,2023-03-31
300345,华民股份,0.0095,194233495.83,391.2615702129,251.8436,5491519.36,1421.03,113.8186,1.732292756971,0.55,-0.460968649854,17.0961647723,光伏设备,2024-04-23,2023-03-31
300310,宜通世纪,0.0014,557245776.37,-9.226082319,-24.3031,1273497.56,-8.27,-24.572,2.074829637439,0.07,-0.339319070367,10.8235254438,通信服务,2024-04-23,2023-03-31
300284,苏交科,0.0399,879169765.54,0.7525843853,-56.3096,50398382.17,14.34,-83.9242,6.521820079846,0.61,-0.264231711457,24.6858490142,工程咨询服务Ⅱ,2024-04-23,2023-03-31
300274,阳光电源,1.02,12580349961.26,175.420416264,-30.2382,1507649034.35,266.9,-1.6437,13.587347643635,7.46,-0.534565146936,28.0011452506,光伏设备,2024-04-23,2023-03-31
300272,开能健康,0.0296,372040366.05,10.7858301327,-10.8432,16605727.28,4.28,433.6793,1.916598301921,1.51,0.091888311017,37.4555996382,小家电,2024-04-23,2023-03-31
300249,依米康,-0.0507,96055703.14,-64.6167461809,-34.6521,-22274599.78,-1150.82,65.3685,1.411872316797,-3.55,-0.174901263711,23.1370119353,计算机设备,2024-04-23,2023-03-31
300240,飞力达,-0.04,1071878909.62,-47.623086223,-21.4858,-13757232.94,-128.86,-271.5109,3.954961579304,-0.94,-0.026116422517,7.7921732707,物流,2024-04-23,2023-03-31
300215,电科院,-0.02,132009790.1,-20.8866773599,-9.5456,-11349358.02,-177.81,-48.3001,2.588149409013,-0.58,0.121173545787,23.2321190927,专业服务,2024-04-23,2023-03-31
300180,华峰超纤,-0.0149,987449350.03,-14.8960374264,7.6651,-26222417.8,-277.98,93.1113,2.686701316242,-0.55,-0.013821595038,11.7050992475,塑料,2024-04-23,2023-03-31
300172,中电环保,0.0433,264415980.72,-10.3395994396,37.2563,29271962.47,21.85,289.4551,2.670885920631,1.63,0.050612222932,23.4436271027,环境治理,2024-04-23,2023-03-31
300158,振东制药,-0.0004,951417159.09,7.040710872,2.3697,-394728.53,-104.31,99.4809,5.113184549397,-0.01,-0.215582437664,46.9856088572,中药Ⅱ,2024-04-23,2023-03-31
300134,大富科技,-0.03,519194095.97,2.7991175379,-7.2113,-20283197.25,29.56,-216.4412,5.937306820495,-0.44,-0.038519939933,20.9148869263,通信设备,2024-04-23,2023-03-31
300124,汇川技术,0.28,4781730120.48,0.0743816242,-29.3414,747152094.99,4.15,-39.4993,7.838606746232,3.69,0.103675541782,36.5133479765,自动化设备,2024-04-23,2023-03-31
300120,经纬辉开,0.0433,799839401.36,42.8605575788,46.1317,20127392.05,-26.15,153.2006,5.539889677606,0.79,-0.161153248431,10.6646626454,光学光电子,2024-04-23,2023-03-31
300115,长盈精密,-0.07,3008825107.29,-16.593649032,-28.1851,-81387907.89,58.32,-152.7334,4.666899615412,-1.44,0.507153374352,18.2281490078,消费电子,2024-04-23,2023-03-31
300082,奥克股份,-0.09,937379889.1,-30.027547981,-25.9014,-60293953.02,-160.46,-1788.5202,4.687076753725,-1.87,-0.09053121955,-0.1866495911,化学原料,2024-04-23,2023-03-31
300071,福石控股,-0.0289,237619756.72,-8.2668991541,-33.1575,-26029340.21,-213.96,-499.2489,0.231105984696,-13.57,0.005043775464,27.8727613327,广告营销,2024-04-23,2023-03-31
300034,钢研高纳,0.0768,620967240.43,18.8795259939,-36.709,60070985.57,-2.13,-49.7383,6.561887933975,1.9,-0.897328538424,28.55489405,航空装备Ⅱ,2024-04-23,2023-03-31
200020,深华发B,0.0227,175868641.87,2.3794765057,19.8079,6432411.78,8.91,301.2683,1.271432256719,1.8,0.118616622324,13.8346517385,光学光电子,2024-04-23,2023-03-31
003023,彩虹集团,0.27,275675619.79,14.0132401378,-45.613,28614703.68,14.12,-17.0357,13.661521468442,2.01,2.181383469873,44.7999846682,小家电,2024-04-23,2023-03-31
003015,日久光电,-0.02,93490043.22,-16.5052953524,-13.3765,-6206678.36,-147.54,-230.6788,3.719329547854,-0.59,0.094114763278,15.8527203428,光学光电子,2024-04-23,2023-03-31
003013,地铁设计,0.25,604813176.24,5.3326636864,-22.2202,100658867.97,6.89,-28.7568,5.653616022774,4.55,-1.153223668058,35.5559790326,工程咨询服务Ⅱ,2024-04-23,2023-03-31
002997,瑞鹄模具,0.23,383990170.78,184.3733768229,13.2954,42902599.41,185.84,27.712,7.116340740847,3.18,-0.083079284709,23.4384060788,汽车零部件,2024-04-23,2023-03-31
002983,芯瑞达,0.21,300153366.25,40.8230955995,20.4606,38684571.82,34.25,88.8286,6.386613250608,3.34,-0.196807844167,17.3175307142,光学光电子,2024-04-23,2023-03-31
002947,恒铭达,0.18,347980243.14,11.9646732581,-40.4976,41624110.79,19.6,0.8921,8.253172475738,2.22,0.57773078466,26.3425438447,消费电子,2024-04-23,2023-03-31
002912,中新赛克,0.35,215368368.98,143.251905192,23.8556,59043855.43,207.92,378.4234,9.409282524953,3.72,-0.399680787571,87.235060854,计算机设备,2024-04-23,2023-03-31
002903,宇环数控,0.13,92424217.26,-25.63717474,77.0617,19645967.89,-24.94,677.4035,5.151666536612,2.54,-0.142140746236,51.2669145974,通用设备,2024-04-23,2023-03-31
002902,铭普光磁,0.0269,528647411.31,1.6468488468,-12.1499,5675189.54,-72.7,-54.1869,5.190808977512,0.52,0.643533225547,14.4660961113,通信设备,2024-04-23,2023-03-31
002891,中宠股份,0.0532,705704475.31,-10.99630304,-12.4151,15661481.13,-33.06,280.0027,7.042680595586,0.76,-0.090064194712,24.3527904134,饲料,2024-04-23,2023-03-31
002860,星帅尔,0.15,575201874.47,99.4684066416,-17.6605,45065213.07,19.71,316.5859,4.654598424987,3.22,-0.174760348027,16.3285587406,家电零部件Ⅱ,2024-04-23,2023-03-31
002859,洁美科技,0.07,308195598.58,-6.0546760895,-0.155,31509756.7,-1.71,95.8362,6.23467511128,1.13,0.22826181418,32.410003738,其他电子Ⅱ,2024-04-23,2023-03-31
002848,高斯贝尔,-0.1201,45472170.83,-61.7800532528,-58.2856,-20082407.35,-141.44,42.7019,1.203145023811,-9.51,0.029552033622,1.4700072545,黑色家电,2024-04-23,2023-03-31
002837,英维克,0.04,527465864.45,31.8093352805,-63.3225,25097874.3,97.84,-84.6425,4.980427349088,1.17,-0.131702667042,32.730105642,专用设备,2024-04-23,2023-03-31
002825,纳尔股份,0.06,328858845.36,-35.0735038483,15.139,20345478.21,-10.6,158.3764,5.713918258721,1.47,0.072374817025,19.1762232763,塑料,2024-04-23,2023-03-31
002796,世嘉科技,-0.02,235274593.62,-4.179710723,-13.3411,-5102945.84,68.58,31.5457,3.281960457843,-0.61,0.008885058659,10.1082890142,通信设备,2024-04-23,2023-03-31
002787,华源控股,0.01,533530893.37,1.4047957024,-2.5126,2049517.38,-36.06,105.8689,4.527173094536,0.14,-0.114828615115,13.0862135891,包装印刷,2024-04-23,2023-03-31
002746,仙坛股份,0.11,1221841018.01,42.8793835565,-22.5763,92046658.22,310.44,254.1363,5.272801656189,2.05,0.012981337817,6.9610138567,养殖业,2024-04-23,2023-03-31
002724,海洋王,0.0125,316336565.77,3.9386400922,-39.554,9781713.33,-41.93,-80.793,3.739371569288,0.34,-0.033551263805,56.2942759578,照明设备Ⅱ,2024-04-23,2023-03-31
002719,ST麦趣,-0.0465,174963756.21,-49.3964241403,24.9306,-8099307.09,-310.17,77.0845,3.147025760164,-2.18,-0.190414101957,24.1791893569,休闲食品,2024-04-23,2023-03-31
002692,远程股份,0.0077,581626500.12,9.1798707207,-23.9041,5497629.92,-65.75,-82.8428,1.494049797938,0.51,-0.187687383387,12.7922455948,电网设备,2024-04-23,2023-03-31
002674,兴业科技,0.0972,464129650.5,78.9911057575,-20.9516,28377569.44,629.59,50.7279,8.149337023031,1.2,-0.781230440785,17.7626003297,纺织制造,2024-04-23,2023-03-31
002648,卫星化学,0.21,9461882305.47,16.2737543871,1.5203,697789302.76,-53.83,1445.6487,6.486938859685,3.1,0.259719796601,16.1996714191,化学原料,2024-04-23,2023-03-31
002540,亚太科技,0.0843,1489607891.15,-3.669704357,-21.6939,104397956.04,25.21,-72.4293,4.470973721948,1.88,0.155038863265,14.6661474384,工业金属,2024-04-23,2023-03-31
002515,金字火腿,0.02,119918800.56,-12.5751233815,11.3753,20855676.0,-5.77,679.8471,1.579329200755,1.36,0.041806446878,30.1263093537,食品加工,2024-04-23,2023-03-31
002463,沪电股份,0.1056,1867912147.0,-2.5731386083,-27.3875,200292766.0,-19.74,-54.4747,4.521404800451,2.39,0.331487301005,25.7325889107,元件,2024-04-23,2023-03-31
002317,众生药业,0.17,746765187.01,10.501828691,9.0248,139376205.22,86.86,90.0961,4.66084347237,3.73,-0.179137305733,61.4859419905,中药Ⅱ,2024-04-23,2023-03-31
002313,日海智能,-0.1941,634652184.06,-26.3023244627,-28.9445,-72653545.73,-48.84,83.2307,1.603122608841,-11.79,-0.090923151309,15.4679371025,通信设备,2024-04-23,2023-03-31
002312,川发龙蟒,0.08,1995331898.0,-14.3416933716,-18.62,150210735.81,-47.56,402.8911,4.905374206158,1.6,-0.248560228572,16.3103326738,农化制品,2024-04-23,2023-03-31
002311,海大集团,0.25,23358349660.13,17.0655681545,-9.3249,407909413.3,103.24,-52.1455,10.99182769012,2.26,0.120616779366,8.393696136,饲料,2024-04-23,2023-03-31
002301,齐心集团,0.06,1910731292.08,-11.0396382765,1.1569,44545471.35,-18.9,377.3066,4.304497764438,1.44,0.011204968447,10.1585427064,文娱用品,2024-04-23,2023-03-31
002294,信立泰,0.19,887511571.76,-5.1034214654,-4.9448,210947894.8,-11.15,116.4328,7.311574188752,2.62,0.112469102604,70.9432419919,化学制药,2024-04-23,2023-03-31
002267,陕天然气,0.3768,2706548034.38,-20.538546595,35.6077,419000911.99,-16.35,3454.0637,6.080330224394,6.41,0.452450914821,20.0252629126,燃气Ⅱ,2024-04-23,2023-03-31
002249,大洋电机,0.07,2699831811.26,0.6151594168,-2.8612,169977060.56,15.76,893.7695,3.558145043785,2.02,0.225087988904,21.0119091683,电机Ⅱ,2024-04-23,2023-03-31
002233,塔牌集团,0.2,1313528450.1,4.6846882786,-31.6845,232839267.8,342.39,44.0952,9.705063006831,2.04,0.207385464748,23.252135663,水泥,2024-04-23,2023-03-31
002230,科大讯飞,-0.03,2887584461.77,-17.6384253813,-53.1193,-57895269.0,-152.26,-141.0672,7.037835821662,-0.35,-0.718192547774,41.8835715198,软件开发,2024-04-23,2023-03-31
002167,东方锆业,0.0136,344389456.03,-6.5633313418,-1.8255,9838927.05,-83.62,133.6545,1.884174143838,0.68,-0.070041047341,19.0432492231,小金属,2024-04-23,2023-03-31
002139,拓邦股份,0.08,1995012860.06,6.8158135545,-14.7308,96349704.8,2.11,-22.2373,4.606988319535,1.66,0.138363334685,21.8833372932,消费电子,2024-04-23,2023-03-31
002137,实益达,0.0299,142965033.95,-30.6624317878,24.058,17289034.13,-1.25,353.3409,2.629550002293,1.15,0.007806495112,28.6341811273,光学光电子,2024-04-23,2023-03-31
002117,东港股份,0.085,304514735.42,1.2256249896,-5.6048,46399690.27,2.29,200.7489,2.875372793647,2.97,-0.220975973323,37.1229988736,包装印刷,2024-04-23,2023-03-31
002083,孚日股份,0.03,1330798088.33,-5.8361673527,5.3662,24906725.61,-53.17,196.9518,4.584558843422,0.66,0.033431749845,11.5281138533,纺织制造,2024-04-23,2023-03-31
002026,山东威达,0.04,451704057.5,-41.1522990085,-18.5345,16125293.84,-74.89,371.7576,7.423959964519,0.49,0.139536501376,19.4451625708,通用设备,2024-04-23,2023-03-31
000933,神火股份,0.693,9514523824.46,-11.4933755888,-9.9867,1546251982.58,-20.65,-9.9044,7.83449776147,9.17,1.185732962124,28.6849278271,工业金属,2024-04-23,2023-03-31
000895,双汇发展,0.4295,15708743890.94,13.9041900688,-13.1682,1488153816.4,1.9,-4.3096,6.736920524959,6.59,-0.001603394314,17.2523175957,食品加工,2024-04-23,2023-03-31
000868,安凯客车,-0.04,231354666.06,-29.4340073016,-53.7991,-30946662.78,22.62,77.0144,0.00169370477,-191.09,-0.141976208779,7.7370369895,商用车,2024-04-23,2023-03-31
000863,三湘印象,-0.04,73588468.84,-49.4066363787,-92.7211,-46301393.53,-67.59,-137.5668,3.672453886624,-1.04,0.056241427675,33.3316804068,房地产开发,2024-04-23,2023-03-31
000850,华茂股份,0.052,757104963.24,-7.3443722039,-16.2879,48737962.42,131.17,1960.4132,4.753301134587,1.08,0.120732610718,9.0484645507,纺织制造,2024-04-23,2023-03-31
000766,通化金马,0.0072,308557426.09,-13.7023988099,-32.4813,6962447.85,20.29,-60.6342,2.42507469999,0.3,0.006986814238,73.0967171778,化学制药,2024-04-23,2023-03-31
000708,中信特钢,0.293,27969029472.76,13.7974526839,22.4875,1480315647.99,-24.01,-5.2275,7.42331747526,3.99,-0.232264485469,13.5600220076,特钢Ⅱ,2024-04-23,2023-03-31
000610,*ST西旅,-0.1242,139199726.8,73.5344923519,868.1973,-29412333.92,13.77,66.034,2.624868505761,-4.62,-0.144170338262,-1.1339863635,旅游及景区,2024-04-23,2023-03-31
000565,渝三峡A,-0.04,113124065.23,13.7667132222,-4.16,-17329018.1,-134.29,48.7045,2.957145982232,-1.34,-0.069214568103,25.7103826501,化学制品,2024-04-23,2023-03-31
000020,深华发A,0.0227,175868641.87,2.3794765057,19.8079,6432411.78,8.91,301.2683,1.271432256719,1.8,0.118616622324,13.8346517385,光学光电子,2024-04-23,2023-03-31
920982,锦波生物,0.69,128061724.54,98.2814815277,-7.7179,43004346.12,180.94,10.4455,7.751836918795,9.31,0.194386226418,89.9350762249,医疗美容,2024-04-22,2023-03-31
920932,科达自控,0.07,62320479.99,16.3164243973,-60.5815,5320150.49,-21.91,-86.9258,8.177184776174,0.85,-0.572610541627,42.8433039095,软件开发,2024-04-22,2023-03-31
920856,浩淼科技,0.07,79116090.45,29.3614542088,-52.4971,5973578.24,89.78,-17.8114,5.612912309766,1.33,-0.168375733106,19.6520828337,专用设备,2024-04-22,2023-03-31
920855,浙江大农,0.1,54088077.49,-22.4505304301,0.1961,7566061.91,-4.94,-6.9663,6.98221835001,1.46,0.09097895219,31.9951176915,专用设备,2024-04-22,2023-03-31
920839,万通液压,0.1343,151009228.57,55.3661939443,14.0817,15350544.29,107.45,-36.2259,3.976969583342,3.29,-0.109573584264,20.760971079,工程机械,2024-04-22,2023-03-31
920781,瑞奇智造,0.02,39559343.29,49.0648378216,-68.5265,1850003.71,251.4,-84.1739,3.254678529767,0.49,-0.511531230026,24.7585319812,专用设备,2024-04-22,2023-03-31
920748,路桥信息,-0.16,24465183.73,13.6602910375,-85.629,-9550705.32,-30.43,-123.1349,2.864363139607,-5.31,-0.868054960556,20.5353749861,IT服务Ⅱ,2024-04-22,2023-03-31
920592,华信永道,-0.32,13574744.22,-5.0975040812,-91.7067,-16080637.11,-19.64,-125.0956,4.800486852121,-6.71,-0.70942610404,19.6481106883,软件开发,2024-04-22,2023-03-31
920509,同惠电子,0.03,28553021.21,-8.2247950005,-58.4892,3637730.15,-52.44,-81.9302,3.061622271261,1.11,-0.092632558207,55.7563413795,通用设备,2024-04-22,2023-03-31
920454,同心传动,0.03,34466145.53,25.0016609998,-49.726,3366487.85,-15.55,-55.1129,2.842855528259,1.13,0.058570728449,22.938404421,汽车零部件,2024-04-22,2023-03-31
920433,大唐药业,0.03,54218554.17,90.3425018823,56.929,7507383.78,35.01,245.674,1.876497016494,1.54,-0.10096485263,71.0972046933,中药Ⅱ,2024-04-22,2023-03-31
920247,华密新材,0.11,89667329.25,13.5868602794,6.5848,10528236.88,67.78,-0.1792,4.364461233472,2.62,0.039593351312,26.3659557809,汽车零部件,2024-04-22,2023-03-31
920175,东方碳素,0.17,82759239.22,41.4055101832,-17.7768,14374548.99,-18.64,-37.9033,4.965846227126,3.38,-0.71499962069,32.3255378277,非金属材料Ⅱ,2024-04-22,2023-03-31
835272,凯基生物,-0.13,10987810.98,,,-7572612.81,,,,-7.85,-0.360737578819,-0.1003401862,,2024-04-22,2023-03-31
688717,艾罗能源,4.2,1972429142.15,,2.9421,503421142.55,,-16.0883,,,,40.051746701,光伏设备,2024-04-22,2023-03-31
688678,福立旺,0.04,157131309.33,-26.0406936627,-39.4416,7305625.55,-80.87,-86.4674,8.55010488405,0.49,0.405877027747,24.8797013954,消费电子,2024-04-22,2023-03-31
688639,华恒生物,0.52,400254753.8,48.0194357012,-7.961,81198285.24,47.03,-21.1632,14.45505082583,6.72,0.846824085701,38.8353985191,化学制品,2024-04-22,2023-03-31
688480,赛恩斯,0.14,101572152.18,26.6453725549,-53.3303,13400071.2,58.32,-19.6961,9.41846171742,1.51,0.204091149276,30.5296185957,环境治理,2024-04-22,2023-03-31
688291,金橙子,0.12,47987369.57,-5.444580018,-11.6671,12263554.47,13.63,60.2633,8.973333682781,1.34,-0.060076491404,58.2932081518,软件开发,2024-04-22,2023-03-31
688283,坤恒顺维,0.03,19271238.97,60.9171241654,-80.0493,2738870.73,547.3583467834,-93.8475,10.605906551667,0.31,-0.524745555833,69.054250693,通信设备,2024-04-22,2023-03-31
601975,招商南油,0.0837,1617832744.14,47.7562530881,-13.7806,406012330.67,292.67,-15.4451,1.602965873542,5.35,0.122872525937,33.3370459946,航运港口,2024-04-22,2023-03-31
400145,网力3,-0.0496,4492529.54,-34.6613437103,-59.087,-59251576.08,37.34,90.2175,-2.259250104499,,-0.010001315718,60.1232834632,,2024-04-22,2023-03-31
301508,中机认检,0.1383,149074267.5,23.3645928845,-11.7754,23469543.28,4.0335080409,21.2998,,2.64,,43.5505928949,专业服务,2024-04-22,2023-03-31
301469,恒达新材,0.26,198608319.68,-1.5929191094,-23.1504,17145460.81,-36.7708810535,46.7034,,2.95,,16.0917671986,造纸,2024-04-22,2023-03-31
301459,丰茂股份,0.54,176574498.77,45.5072465575,2.3337,32694215.05,67.4625450103,4.6067,,8.61,,31.567582838,橡胶,2024-04-22,2023-03-31
301382,蜂助手,0.2311,210937887.99,25.3,-17.3875,29393407.76,19.07,-36.4965,5.302075431973,4.46,-0.623175347685,29.7177877134,通信服务,2024-04-22,2023-03-31
301378,通达海,0.16,84883093.52,8.0445568419,-50.4037,5548395.32,-27.28,-90.862,31.261298250652,1.23,-2.111823700435,53.1889646781,软件开发,2024-04-22,2023-03-31
301345,涛涛车业,0.43,348779858.82,-4.9728361977,-37.8597,34870998.77,21.73,-50.163,26.093415874169,3.61,1.45295225036,41.3541180698,摩托车及其他,2024-04-22,2023-03-31
301333,诺思格,0.3,160932583.88,-5.4684279122,-4.9616,28792801.97,7.63,-3.2098,26.949044852833,1.8,0.296518799667,36.4249177368,医疗服务,2024-04-22,2023-03-31
301331,恩威医药,0.3945,200800387.47,27.4076899685,-3.614,27669629.76,36.58,50.7972,16.833484033181,2.37,0.007209395361,53.111026096,中药Ⅱ,2024-04-22,2023-03-31
301308,江波龙,-0.68,1481610393.41,-36.4203613269,-12.9665,-280514422.73,-273.01,-105.4745,15.30311757743,-4.33,-1.104092975121,1.2704250729,半导体,2024-04-22,2023-03-31
301301,川宁生物,0.08,1269733317.68,27.3439608738,44.1097,175446682.72,74.41,121.4501,2.870223116304,2.79,-0.02031735121,26.1570269414,化学制药,2024-04-22,2023-03-31
301300,远翔新材,0.1287,81711297.43,-14.1895385424,-10.1,8257710.3,-40.84,-5.4748,13.022642461574,0.99,-0.144015667654,18.6764209234,橡胶,2024-04-22,2023-03-31
301290,东星医疗,0.18,84021879.9,-8.9840845366,-32.4486,17991124.69,-18.42,-29.5341,22.053986252968,0.82,0.126595704701,48.8226008259,医疗器械,2024-04-22,2023-03-31
301287,康力源,0.42,167321394.7,-9.5292339002,23.2048,21160476.41,2.89,66.8193,8.3230356198,5.22,0.6978409124,31.2245250607,文娱用品,2024-04-22,2023-03-31
301281,科源制药,0.5533,124226061.67,9.5193123025,14.5782,32088662.63,16.91,43.1724,17.028623748028,5.99,0.182976840983,54.068521836,化学制药,2024-04-22,2023-03-31
301201,诚达药业,0.127,102199584.64,-5.9101974752,-3.4177,19644988.66,-25.1,36.0729,23.105766933199,0.88,0.705052806865,36.4618911528,医疗服务,2024-04-22,2023-03-31
301141,中科磁业,0.1479,113636300.13,-26.0747691462,-2.0919,13100179.28,-53.91,13.5,14.118166970406,1.57,0.816807435856,18.4088563303,金属新材料,2024-04-22,2023-03-31
301132,满坤科技,0.1647,279514588.84,7.7074003767,19.5183,24292783.56,-6.36,20.1844,11.253345651387,1.47,0.133456849936,19.8875739727,元件,2024-04-22,2023-03-31
301092,争光股份,0.15,117831217.78,-8.7111195876,-9.4656,20642891.6,4.36,-18.9841,13.020604487622,1.2,0.097557586537,33.1742706529,塑料,2024-04-22,2023-03-31
301071,力量钻石,0.5149,164365705.83,-14.2159405339,-29.1384,74609840.82,-26.22,-32.3669,36.766990767627,1.41,0.258363308539,52.9771441435,非金属材料Ⅱ,2024-04-22,2023-03-31
301070,开勒股份,-0.0767,38752834.65,39.0111717485,-19.0095,-4950660.26,4.42,44.2991,12.040659797662,-0.63,-0.223290265695,32.4441108723,通用设备,2024-04-22,2023-03-31
301050,雷电微力,0.51,245625000.0,9.0695418732,22.9856,89552884.14,-16.37,199.9366,14.017241771407,3.74,-0.41043108494,53.2775188112,军工电子Ⅱ,2024-04-22,2023-03-31
301023,奕帆传动,0.26,38620812.57,-3.9266614062,-13.2828,14358094.78,-29.37,-4.41,15.407739176343,1.67,-0.10919044165,42.4235067046,电机Ⅱ,2024-04-22,2023-03-31
300994,久祺股份,0.0682,487050850.69,-37.0926922052,-3.6232,13861194.91,-67.37,-1.4026,5.863235301122,1.22,-0.491529050299,12.7564613555,摩托车及其他,2024-04-22,2023-03-31
300963,中洲特材,0.09,222766924.55,42.8988551881,-19.2145,21022138.77,69.33,-5.8953,6.06851186391,2.25,-0.123736618782,22.4031150499,金属新材料,2024-04-22,2023-03-31
300952,恒辉安防,0.0874,186141191.46,-2.8173754859,-10.4058,12666319.16,2.88,-37.2011,7.206625096937,1.22,0.214887169531,22.2838396943,服装家纺,2024-04-22,2023-03-31
300951,博硕科技,0.61,262994078.81,29.7261062263,-8.3224,73347999.44,18.08,36.0129,18.02259940243,3.48,1.692297800898,42.3665464387,消费电子,2024-04-22,2023-03-31
300862,蓝盾光电,0.06,112146454.02,-4.3136276885,-61.6199,7985799.89,-47.63,-78.3558,14.994822750873,0.4,-0.974616322311,29.1347564,通用设备,2024-04-22,2023-03-31
300836,佰奥智能,0.0634,65814315.28,39.5707170894,-69.912,4059314.05,-4.71,106.8102,8.52213360132,0.75,-0.578073122035,28.2532064352,专用设备,2024-04-22,2023-03-31
300791,仙乐健康,0.1629,702158705.58,66.6851095398,-2.3423,29399867.21,100.84,-18.597,13.594986136692,1.13,0.209864374662,27.6690567981,食品加工,2024-04-22,2023-03-31
300773,拉卡拉,0.33,1521960204.95,-4.1723790196,49.9549,257946147.55,1.31,113.932,4.507836711282,7.42,0.452085671558,30.8875220871,多元金融,2024-04-22,2023-03-31
300761,立华股份,-0.8502,3411082828.85,25.8264263616,-21.1355,-390925728.42,-120.15,-262.3273,17.492071401217,-4.75,-0.215773293739,-4.8039467138,养殖业,2024-04-22,2023-03-31
300738,奥飞数据,0.0533,320111122.64,18.7780131387,18.2149,44161822.79,4.49,-19.013,2.434269296452,2.5,0.024537003245,28.7669707227,通信服务,2024-04-22,2023-03-31
300692,中赋科技,0.1053,200757141.95,-16.5876082366,-57.679,44603925.82,-1.75,-9.2832,5.252248659522,1.98,0.091682784945,44.9164792217,环境治理,2024-04-22,2023-03-31
300688,创业黑马,-0.06,48356539.63,-51.3385563088,16.0102,-10815713.39,44.47,43.4353,3.205294791182,-1.92,-0.067266932579,44.7586336731,教育,2024-04-22,2023-03-31
300683,海特生物,-0.02,138635351.99,-16.5876195513,-2.3607,-1472018.93,-119.14,95.5192,19.844288603933,-0.06,-0.15298616684,43.7757716837,医疗服务,2024-04-22,2023-03-31
300680,隆盛科技,0.1751,339259839.68,18.5954345135,-0.5653,40453821.33,39.3,376.9516,7.355844562622,2.41,0.16978214623,20.8472170466,汽车零部件,2024-04-22,2023-03-31
300607,拓斯达,0.03,799058889.37,-13.9773860177,-52.8575,12050075.3,-77.62,-38.6138,5.348785880428,0.51,-0.406484066892,20.6292681319,自动化设备,2024-04-22,2023-03-31
300590,移为通信,0.04,176156732.91,-16.0131691064,-35.4731,19357341.22,2.2,-26.2186,3.733466509105,1.14,0.182837857175,40.3933400129,通信设备,2024-04-22,2023-03-31
300547,川环科技,0.1038,205042922.3,6.4788425853,-26.0786,22519735.92,6.98,-40.2561,4.700769501333,2.23,-0.164271844332,23.2139294817,汽车零部件,2024-04-22,2023-03-31
300527,ST应急,-0.021,102475247.71,7.999114741,-87.2924,-19919498.0,67.43,-562.0367,2.736703574572,-0.69,-0.178973708253,36.0030994552,地面兵装Ⅱ,2024-04-22,2023-03-31
300508,维宏股份,0.2066,103822128.08,5.9803785775,21.4901,22535086.74,428.95,42.0353,6.187092837029,3.4,0.330932871531,60.1179464284,计算机设备,2024-04-22,2023-03-31
300487,蓝晓科技,0.27,500784017.65,50.9015682966,-32.5746,133874457.07,66.28,-40.1985,8.568398067628,4.79,0.385910307769,47.6476903895,塑料,2024-04-22,2023-03-31
300482,万孚生物,0.46,831629122.23,-68.3223176293,-15.494,203678161.27,-77.46,574.8338,10.003317794753,4.58,-0.498749109175,65.2986160831,医疗器械,2024-04-22,2023-03-31
300461,田中精机,0.01,54462395.74,59.4193558606,9.2735,2199895.3,120.03,108.3659,4.163117901076,0.33,-0.235600230185,31.1461604462,自动化设备,2024-04-22,2023-03-31
300446,航天智造,0.0635,1114313489.03,2545.8804596067,-13.525,42273116.44,-12.99,-42.7076,3.22963275728,2.45,0.706221702497,19.473803012,汽车零部件,2024-04-22,2023-03-31
300413,芒果超媒,0.29,3100968397.41,-0.7362765953,-11.8026,548278325.03,7.39,271.664,10.359867848987,2.84,-0.135072083934,32.9718976225,数字媒体,2024-04-22,2023-03-31
300308,中际旭创,0.31,1837163216.03,-12.0394861159,-33.839,249920270.47,14.95,-32.7235,15.455188701599,2.05,0.624430649518,29.5494021801,通信设备,2024-04-22,2023-03-31
300232,洲明科技,0.13,1627563132.29,5.206615239,-24.6662,144573099.99,86.24,176.011,4.364378485481,3.08,0.121300292874,32.1360906286,光学光电子,2024-04-22,2023-03-31
300102,乾照光电,-0.11,459173055.49,13.798368873,-4.2486,-102055747.38,-1317.5,-256.5739,4.417412702317,-2.53,0.117611412002,4.3762278687,光学光电子,2024-04-22,2023-03-31
300058,蓝色光标,0.0597,9773604139.46,25.5982963393,-3.331,148732537.14,355.1,106.7436,3.00653746552,1.99,-0.128968350318,4.9834621825,广告营销,2024-04-22,2023-03-31
300016,北陆药业,0.0256,188036687.69,2.2327222755,-9.8461,12576111.47,-67.97,128.5637,3.367783236302,0.71,0.072868970906,47.6420059035,化学制药,2024-04-22,2023-03-31
200030,富奥B,0.05,2803266645.3,3.2885569193,-15.4785,81870997.61,243.12,-60.9446,4.340598796515,1.09,-0.356405261466,8.2889309756,汽车零部件,2024-04-22,2023-03-31
003008,开普检测,0.2,38868240.99,27.4002333174,-13.3083,16057163.75,19.15,-5.4342,13.316563017875,1.52,0.239781501875,67.5646898113,专业服务,2024-04-22,2023-03-31
002877,智能自控,0.041,175286019.76,13.2471882035,-28.2298,13693760.68,34.27,-61.4684,2.613096645921,1.5,-0.053863482387,37.966229498,通用设备,2024-04-22,2023-03-31
002302,西部建设,-0.0484,4062854170.33,-13.0920885449,-38.9223,-61128131.75,-273.37,-121.7018,6.948825581506,-0.67,-1.621767057088,6.5928045172,水泥,2024-04-22,2023-03-31
000959,首钢股份,-0.0075,28714734639.43,-9.8831304343,8.5281,-58476560.35,-105.48,91.0724,6.197448261203,-0.12,-0.223468637495,4.3733034702,普钢,2024-04-22,2023-03-31
000536,华映科技,-0.1287,245116919.28,-65.8826050647,-22.788,-356044931.27,-151.69,21.8695,1.331175265422,-9.22,-0.067113227554,-64.2493138795,光学光电子,2024-04-22,2023-03-31
000030,富奥股份,0.05,2803266645.3,3.2885569193,-15.4785,81870997.61,243.12,-60.9446,4.340598796515,1.09,-0.356405261466,8.2889309756,汽车零部件,2024-04-22,2023-03-31
688799,华纳药厂,0.53,357267198.0,22.3638106158,-2.2979,49262935.42,44.5,-16.0239,17.546620653731,3.04,0.707568397015,61.5998192115,化学制药,2024-04-20,2023-03-31
688707,振华新材,0.16,2006164565.53,-22.2139475238,-50.2382,70641478.89,-79.37,-73.4545,9.390860575307,1.71,-1.755669273476,9.9623871234,电池,2024-04-20,2023-03-31
688691,灿芯股份,0.64,350696986.13,,4.4277,57717302.18,,44.5604,,,,28.5111743997,半导体,2024-04-20,2023-03-31
688575,亚辉龙,0.14,659996418.37,-51.8223237482,-22.5143,81238403.85,-84.11,-41.6267,4.408068818977,3.31,-0.637927415097,44.3200879305,医疗器械,2024-04-20,2023-03-31
688548,广钢气体,0.08,414069188.05,45.2020518931,-19.6227,74762459.51,155.6,-36.2947,2.436651168406,3.15,0.094149030369,41.6882494524,电子化学品Ⅱ,2024-04-20,2023-03-31
688522,纳睿雷达,0.07,35120483.57,29.5779343142,-69.4297,8480337.32,17.51,-87.8681,14.457853157821,0.76,-0.468444787311,80.7516619567,军工电子Ⅱ,2024-04-20,2023-03-31
688489,三未信安,-0.0332,36216238.08,32.7148269403,-78.4155,-3783403.23,58.9407181638,-104.8875,24.440029551826,-0.2,-0.442947097284,68.9355872768,计算机设备,2024-04-20,2023-03-31
688377,迪威尔,0.16,270722117.25,35.1455482831,-4.833,30465615.4,0.11,32.7688,8.503721403525,1.86,0.284535390128,22.8734961587,专用设备,2024-04-20,2023-03-31
688345,博力威,-0.05,492182985.1,-9.7659841019,-15.2762,-5411965.66,-121.31,53.6389,12.1242623739,-0.45,-0.6593351223,14.502421315,电池,2024-04-20,2023-03-31
688276,百克生物,0.04,179431529.21,30.211098808,-12.7839,18381036.97,6.15,160.6947,8.688430126189,0.51,-0.011107284195,85.8801851818,生物制品,2024-04-20,2023-03-31
688266,泽璟制药,-0.24,108110475.27,147.2494082118,3.542,-57227635.33,52.086268286,39.1368,2.954117412042,-7.12,-0.127522623792,93.075343919,化学制药,2024-04-20,2023-03-31
688228,开普云,-0.09,46489471.75,-8.2403155099,-86.889,-5731932.47,-23.4002638459,-106.7844,19.007125146723,-0.47,-0.737357583047,55.5259757926,IT服务Ⅱ,2024-04-20,2023-03-31
688196,卓越新能,0.59,896150775.92,-8.3006336441,24.4766,71201402.37,-28.87,230.4143,23.7917257165,2.53,-1.174522753667,10.5068008721,化学制品,2024-04-20,2023-03-31
688146,中船特气,0.19,401484257.67,-6.1030145219,-20.3869,85303598.3,-7.36,-21.6018,5.285909620733,3.66,0.060920434244,36.8551348411,半导体,2024-04-20,2023-03-31
688096,京源环保,0.04,82829496.16,92.1378393172,-57.2739,4600888.2,-13.83,-77.1411,7.608981272504,0.53,-0.32622523157,27.2932764994,环境治理,2024-04-20,2023-03-31
603998,方盛制药,0.15,436759573.82,3.3009557128,0.5511,63786808.29,86.45,141.7398,3.313456948798,4.49,-0.145254918525,67.7679311163,中药Ⅱ,2024-04-20,2023-03-31
603986,兆易创新,0.23,1341311243.71,-39.8464139053,-1.4401,150080061.73,-78.13,481.4426,23.030745257749,0.98,0.341718338826,38.2524968657,半导体,2024-04-20,2023-03-31
603919,金徽酒,0.36,893255321.04,26.6080218236,98.3009,181808188.72,10.41,173.2877,6.566970525235,5.61,0.461358597847,64.9711134219,白酒Ⅱ,2024-04-20,2023-03-31
603800,洪田股份,0.0853,389543210.76,33.4988827244,-46.6114,17732260.85,184.9297852539,-58.9758,4.877563977212,1.76,-1.275960383606,20.7015676779,专用设备,2024-04-20,2023-03-31
603799,华友钴业,0.64,19110269458.36,44.6434918679,33.4347,1024101139.05,-15.1,13.5222,16.060159273105,3.08,0.508206769056,16.2174601483,能源金属,2024-04-20,2023-03-31
603786,科博达,0.3261,913016605.4,24.0344127695,-5.2478,131773356.98,43.78,48.6013,10.661319760801,3.11,0.386677640597,31.3212406695,汽车零部件,2024-04-20,2023-03-31
603773,沃格光电,0.0062,345600633.45,-2.9559108247,6.0479,1063455.83,-54.48,100.3621,8.037835785717,0.08,0.500548183167,19.8215687356,光学光电子,2024-04-20,2023-03-31
603737,三棵树,0.05,2053207278.54,20.9193450927,-39.4606,26421275.94,168.2037495941,-8.4101,6.106057724442,1.16,-1.229371675115,29.570086841,装修建材,2024-04-20,2023-03-31
603708,家家悦,0.23,4907711200.99,-3.9128158885,16.2787,137414157.4,5.23,203.0439,4.104091445761,6.7,0.944911111025,24.6563074485,一般零售,2024-04-20,2023-03-31
603669,灵康药业,-0.03,73303587.38,-41.8225791011,92.6262,-22991377.51,-211.83,81.7925,1.411545038691,-2.05,-0.023387352631,62.4153534435,化学制药,2024-04-20,2023-03-31
603663,三祥新材,0.12,298011918.57,63.8915057072,23.8769,36034504.78,18.19,53.7827,4.11939454642,2.94,0.086524912012,30.5845194673,化学原料,2024-04-20,2023-03-31
603429,*ST集友,0.07,141292398.03,-14.7174783046,-53.8982,34475720.93,-4.46,-32.5069,2.781417343758,2.39,0.080984542803,39.496823154,包装印刷,2024-04-20,2023-03-31
603326,我乐家居,0.0211,264871069.74,-16.8860954086,-46.366,6645449.78,-50.66,-85.757,3.258859554963,0.65,0.041230927898,40.2319049433,家居用品,2024-04-20,2023-03-31
603303,得邦照明,0.1383,1105713983.05,-11.9450652073,3.299,65978806.22,9.77,-45.2192,6.997597340467,2.0,0.15698956905,18.7565356927,照明设备Ⅱ,2024-04-20,2023-03-31
603186,华正新材,-0.05,757885679.32,-9.4502577056,-16.502,-7797472.38,-125.3,68.1575,11.435952380641,-0.46,-0.712873804493,11.4322979592,元件,2024-04-20,2023-03-31
603162,海通发展,0.19,334054241.04,-12.2839913432,-33.5687,76754898.21,-40.66,-51.6482,8.59355810865,2.63,0.060350775699,24.4713698457,航运港口,2024-04-20,2023-03-31
603128,华贸物流,0.17,2948914948.33,-53.1553177781,-28.7018,221022974.92,-12.24,43.7439,4.600901360081,3.73,0.159571633019,21.0559971457,物流,2024-04-20,2023-03-31
603103,横店影视,0.24,742204655.37,9.1836546296,268.7172,149348209.79,97.84,170.7883,2.087127543393,11.96,0.497832039972,30.7399447362,影视院线,2024-04-20,2023-03-31
603093,南华期货,0.1,1383698321.71,-10.0934839316,-14.1876,62327523.45,121.74,-45.3903,5.517547405293,1.87,-1.95890030302,,多元金融,2024-04-20,2023-03-31
603079,圣达生物,0.02,169278694.33,-8.5800846879,-16.2437,3491046.45,-83.22,124.0645,7.777887088839,0.26,-0.290765295914,18.7411542814,化学制品,2024-04-20,2023-03-31
603077,和邦生物,0.0455,2394468174.84,-22.412109465,-5.9378,396561190.75,-61.97,4.5488,2.212775320335,2.05,0.039340987206,26.1008171492,农化制品,2024-04-20,2023-03-31
603057,紫燕食品,,755101128.51,13.835521239,-12.216,44646909.31,60.29,874.4841,5.040981264515,2.18,0.114345080073,18.6922560517,休闲食品,2024-04-20,2023-03-31
601360,三六零,-0.03,1965765000.0,-22.1701446834,-23.9926,-186292000.0,-183.99,22.0796,4.423390963985,-0.59,0.000769030188,60.6516546993,软件开发,2024-04-20,2023-03-31
601168,西部矿业,0.29,11573875801.0,31.0202709398,-9.4785,679946535.0,-10.0,-35.367,7.066537108267,4.11,0.010947706672,15.9100022815,工业金属,2024-04-20,2023-03-31
600993,马应龙,0.44,832651815.62,-12.2681222935,11.4219,187605800.02,36.39,198.0208,8.454397412596,5.24,-0.210479950824,43.1483229232,中药Ⅱ,2024-04-20,2023-03-31
600976,健民集团,0.65,1013386110.35,10.3975633534,19.8098,99560117.11,12.23,22.2165,12.804166460124,5.21,-0.435719584599,49.6564308905,中药Ⅱ,2024-04-20,2023-03-31
600926,杭州银行,0.67,9430545000.0,7.5477875745,37.2875,4238616000.0,28.11,76.282,14.249596520099,4.72,1.13,,银行Ⅱ,2024-04-20,2023-03-31
600829,人民同泰,0.1238,2653397225.81,13.9449771569,11.2544,71786436.01,55.62,0.2365,4.372364216933,2.87,-0.067049839316,9.1659888529,医药商业,2024-04-20,2023-03-31
600566,济川药业,0.739,2388296884.09,9.8744228945,-23.0251,676756832.78,16.44,16.9562,13.036903533443,5.8,1.411904041263,82.0222154013,中药Ⅱ,2024-04-20,2023-03-31
600436,片仔癀,1.28,2629517630.49,11.9828674637,26.5267,769681318.05,11.66,83.3206,20.075793180639,6.57,1.051559531444,48.2989276761,中药Ⅱ,2024-04-20,2023-03-31
600422,昆药集团,0.17,1910049890.78,-19.1901222904,-8.5811,131027307.13,14.47,1147.8086,6.745493257575,2.6,-0.734558463931,44.1606915962,中药Ⅱ,2024-04-20,2023-03-31
600388,龙净环保,0.17,2417982327.67,24.3934000279,-45.076,184902099.85,4.0,9.9279,6.854690572724,2.46,-0.181092648643,21.6189873668,环保设备Ⅱ,2024-04-20,2023-03-31
600298,安琪酵母,0.41,3396815398.88,12.0410791016,-12.0114,352321475.54,12.76,-16.9346,11.08738730801,3.58,0.144997969887,25.40807877,调味发酵品Ⅱ,2024-04-20,2023-03-31
600237,铜峰电子,0.03951,261148260.75,4.661524394,1.3818,22296180.31,6.06,4.4079,2.208620540691,1.8,-0.045876965158,25.0790300506,元件,2024-04-20,2023-03-31
600076,康欣新材,-0.03,25200835.36,-82.9533689026,-87.7123,-34061059.99,7.7062320265,38.0865,3.426778772387,-0.73,-0.024499090203,14.013678672,包装印刷,2024-04-20,2023-03-31
600075,新疆天业,-0.07,2839043374.75,-4.1974661658,11.6471,-119443493.42,-114.16,-1720.675,5.996727538077,-1.0,0.248129032842,5.7835900751,化学原料,2024-04-20,2023-03-31
600050,中国联通,0.071,97221822562.0,9.2115986677,6.8771,2265797028.0,11.6,384.6346,4.929920570565,1.42,0.545891692927,24.4105127281,通信服务,2024-04-20,2023-03-31
400276,海越3,0.04,618494686.88,-53.2669481481,-59.909,16790635.6,-1.81,216.9427,6.685908183184,0.54,-0.418426773087,8.5980391535,,2024-04-20,2023-03-31
301538,骏鼎达,0.7213,119122430.73,2.455044148,,21638139.9,-3.8475830963,,,4.18,,44.3116144092,塑料,2024-04-20,2023-03-31
301520,万邦医药,0.5,72058423.64,73.6050546533,-10.3961,24987178.21,104.9456468533,-16.1722,,7.26,,52.7910149548,医疗服务,2024-04-20,2023-03-31
301468,博盈特焊,0.31,126698338.46,-37.8238061611,60.2513,30413867.05,-24.89,65.6084,7.895971930303,3.97,0.19174799,41.9671159672,通用设备,2024-04-20,2023-03-31
301180,万祥科技,0.0237,197155766.75,-37.9514321056,-21.9362,9466130.66,-82.08,-39.1199,3.309970376491,0.72,0.102116481463,24.3428332588,消费电子,2024-04-20,2023-03-31
301168,通灵股份,0.31,328954250.75,4.4484333067,24.2845,37177144.9,145.5,73.9906,16.530480742333,1.89,-0.47543097075,21.554757158,光伏设备,2024-04-20,2023-03-31
301149,隆华新材,0.1,828723668.9,-6.9351582108,8.5795,40891814.53,18.33,60.4707,3.90197454608,2.47,0.163509962597,8.0692450294,化学制品,2024-04-20,2023-03-31
301138,华研精机,0.1553,105819984.87,4.2196521739,-42.6257,18630988.96,38.75,-31.4625,9.47435529275,1.65,0.07744129175,48.0736394477,专用设备,2024-04-20,2023-03-31
301128,强瑞技术,0.0119,86393247.47,39.4093790545,4.0982,881725.74,129.91,219.3489,11.130323620831,0.11,0.356383414984,36.5035907129,专用设备,2024-04-20,2023-03-31
301069,凯盛新材,0.1205,248028189.67,-3.8240160123,-0.7252,50672203.78,-26.39,10.8974,3.485830285303,3.51,-0.127614509509,38.402490385,化学原料,2024-04-20,2023-03-31
301058,中粮科工,0.07,427010896.99,10.6837527684,-60.4883,33732193.52,18.1,-53.6856,3.707784177379,1.79,-0.449704758259,23.5516503511,工程咨询服务Ⅱ,2024-04-20,2023-03-31
300958,建工修复,0.12,293033886.88,29.8608771843,-42.3172,17020082.62,9.34,-50.1488,8.006881148735,1.5,0.550427534385,17.73762138,环境治理,2024-04-20,2023-03-31
300939,秋田微,0.26,242473661.64,-4.5544813865,-2.3951,31759628.59,22.39,18.201,10.981075541083,2.44,0.138217791583,29.9162621372,光学光电子,2024-04-20,2023-03-31
300876,蒙泰高新,0.0968,81933518.27,-14.8819173226,-16.3854,9294680.88,-38.82,0.6682,8.733754145625,1.04,-0.193102611771,18.3009494485,化学纤维,2024-04-20,2023-03-31
300822,贝仕达克,0.0741,236000344.09,-12.55751556,19.1202,11854215.41,-33.1,170.7784,7.786990346614,0.96,0.378616777663,19.9484033684,消费电子,2024-04-20,2023-03-31
300801,泰和科技,0.1478,517370173.67,-28.50436524,-18.6533,32139647.56,-74.25,-54.3165,11.12477432901,1.34,-0.031430007451,17.8965803079,化学制品,2024-04-20,2023-03-31
300796,贝斯美,0.14,218122163.1,21.7574070904,-1.5657,49529822.72,60.07,30.2178,8.261803517123,3.03,0.451753564705,42.1621639282,农化制品,2024-04-20,2023-03-31
300736,百邦科技,0.0032,138933494.71,142.5379324786,43.4527,418348.97,104.84,106.011,0.968656453654,0.33,-0.072022171391,12.0955354827,其他电子Ⅱ,2024-04-20,2023-03-31
300690,双一科技,0.04,121287392.71,-25.5155380493,-62.219,6892448.44,-37.1,-82.937,8.252169074719,0.51,0.44906902506,24.1072925031,风电设备,2024-04-20,2023-03-31
300599,雄塑科技,0.04,317920796.63,-33.4675023046,-23.7724,15344149.55,108.1,154.2426,6.278947494623,0.53,-0.024562843911,18.5997866817,装修建材,2024-04-20,2023-03-31
300593,新雷能,0.27,497453627.29,5.5877372842,31.8856,113779924.44,31.01,4197.3463,7.473439299939,3.75,-0.2500749594,49.1860001309,其他电源设备Ⅱ,2024-04-20,2023-03-31
300580,贝斯特,0.1779,308525576.67,20.8674275672,1.8598,53494803.66,41.69,-28.9749,10.292665721989,2.47,0.241314519048,30.6171570084,汽车零部件,2024-04-20,2023-03-31
300566,激智科技,0.11,414872794.69,-19.5388133263,-8.1153,28190178.61,-24.89,23.0626,6.405316563734,1.66,-0.067026617004,19.8777030853,光学光电子,2024-04-20,2023-03-31
300558,贝达药业,0.12,531618547.85,-9.0792838791,-25.5344,51396813.71,-38.58,20.6107,11.722413957154,1.05,0.33062359042,85.2792604271,化学制药,2024-04-20,2023-03-31
300523,辰安科技,0.03,265955551.15,39.0003757954,-77.4938,7528353.37,8.97,157.9559,6.177499065607,0.53,-0.519001333482,36.5841816083,IT服务Ⅱ,2024-04-20,2023-03-31
300484,蓝海华腾,0.0518,68085285.18,-29.2697891404,-44.4219,10803575.68,-18.34,-48.9377,3.299698848918,1.59,-0.031517315351,40.1858011429,自动化设备,2024-04-20,2023-03-31
300455,航天智装,0.0126,209697715.84,50.0982847689,-70.2865,9056976.16,4.88,-85.4698,2.393387045517,0.53,-0.151885662443,22.3485747245,计算机设备,2024-04-20,2023-03-31
300436,广生堂,-0.3975,88231089.07,-8.5909516606,-0.0766,-63308377.66,-593.29,-13.231,5.057728244269,-7.06,-0.744121658912,57.8601808819,化学制药,2024-04-20,2023-03-31
300321,同大股份,-0.1201,73698000.47,-41.8149966574,-23.1699,-10668635.57,-647.72,-565.9261,6.965183565315,-1.72,-0.056883858559,-0.335332802,化学制品,2024-04-20,2023-03-31
300314,戴维医疗,0.1737,157862759.12,61.5534441757,1.0324,50019287.49,421.75,131.7894,3.851136244583,4.61,0.023969703194,59.2558342395,医疗器械,2024-04-20,2023-03-31
300259,新天科技,0.0399,180720002.63,-1.7548747285,-47.6254,46322734.09,477.88,-43.7631,2.491710547835,1.6,-0.020153457264,41.7437743759,通用设备,2024-04-20,2023-03-31
300258,精锻科技,0.0976,448140020.05,10.8367791563,-16.8445,46115939.83,9.06,-37.2703,7.040481608729,1.37,0.100023815124,28.0433212562,汽车零部件,2024-04-20,2023-03-31
300251,光线传媒,0.04,412780189.29,-6.4280251592,493.9689,121998241.53,63.38,114.9798,2.863309703849,1.47,0.006451637715,25.2840861403,影视院线,2024-04-20,2023-03-31
300222,科大智能,-0.03,571443590.37,12.0428023423,-45.4093,-21389789.47,36.23,89.4866,2.276370270723,-1.2,-0.215252480052,25.6119652904,电网设备,2024-04-20,2023-03-31
300213,佳讯飞鸿,-0.0111,174536513.98,3.2620043891,-66.4875,-6598480.17,-118.05,-117.6463,3.749458465307,-0.3,-0.159786494414,36.9306236788,通信设备,2024-04-20,2023-03-31
300200,高盟新材,0.09,243216379.29,-10.387715198,-11.8679,37448389.73,-7.7,15.3782,4.670354210804,1.91,0.052616876707,29.7484398589,化学制品,2024-04-20,2023-03-31
300193,佳士科技,0.06,233614336.05,-31.3264109543,-35.5037,27104006.79,-44.05,-16.7552,4.346643787612,1.29,0.180100996054,25.7312051762,通用设备,2024-04-20,2023-03-31
300184,力源信息,0.0288,1184790951.42,-49.9775304558,-32.5115,33529011.58,-67.03,316.9522,3.087949472675,0.94,0.172659503686,11.1298766489,其他电子Ⅱ,2024-04-20,2023-03-31
300179,四方达,0.0701,134048060.26,6.2429784769,11.6274,34078423.0,-13.98,37.6007,2.248068840136,3.17,0.035225031391,52.2097726474,通用设备,2024-04-20,2023-03-31
300162,雷曼光电,-0.0051,268646441.13,-7.5347967312,31.3706,-1799007.63,-122.45,83.1245,1.918632853598,-0.27,-0.033919454701,25.6220914152,光学光电子,2024-04-20,2023-03-31
300140,节能环境,0.0681,1510432969.73,664.2383319388,1.5119,171426652.26,97.67,99.928,3.107077922948,1.67,0.445737530057,32.8994933194,环境治理,2024-04-20,2023-03-31
300126,锐奇股份,-0.01,115573893.86,-6.1099626688,17.9292,-1524160.76,-209.7,83.9905,3.593119309601,-0.14,0.065057371028,14.2321119161,通用设备,2024-04-20,2023-03-31
300022,吉峰科技,0.0036,486565560.52,3.9229720537,-30.5295,1358874.79,165.2,-82.9012,0.248065489809,1.46,0.148355195153,16.8047575609,专业连锁Ⅱ,2024-04-20,2023-03-31
300019,硅宝科技,0.1406,530703493.4,-20.7455506949,-21.4183,54990560.62,28.89,-34.9099,5.832217471085,2.44,0.09065301736,23.8541282796,化学制品,2024-04-20,2023-03-31
300003,乐普医疗,0.3205,2437202386.92,-4.3901127063,-14.4133,596924222.49,9.45,52.0026,8.299905095406,3.86,-0.071361654845,66.9508614027,医疗器械,2024-04-20,2023-03-31
200521,虹美菱B,0.119,5025237527.25,25.2262932252,3.8305,122540351.1,2280.51,48.8219,5.142406271983,2.34,-0.361200223921,14.6575037597,白色家电,2024-04-20,2023-03-31
003030,祖名股份,0.07,324913851.05,-3.6470171823,-13.1393,9339344.14,20.33,732.2927,8.376361239942,0.9,0.228169895736,25.6805240098,农产品加工,2024-04-20,2023-03-31
003006,百亚股份,0.19,522657181.0,20.986202686,8.2741,80129282.0,44.6,31.0551,3.145619186007,6.07,0.255493838105,46.8550378532,个护用品,2024-04-20,2023-03-31
002980,华盛昌,0.16,151231759.11,1.6218978365,16.4422,21062048.07,-17.03,809.7804,7.601387451863,2.05,0.148989877591,37.9534332324,电网设备,2024-04-20,2023-03-31
002817,黄山胶囊,0.07,143226804.73,41.3744079964,12.6523,20099932.36,43.88,57.6328,2.921517439007,2.33,-0.053991020306,28.7578859332,化学制药,2024-04-20,2023-03-31
002800,天顺股份,0.0055,318177959.13,-13.7719515354,22.3728,601381.35,-91.84,103.5407,5.12531879629,0.11,-0.483999781577,6.2281269181,物流,2024-04-20,2023-03-31
002767,先锋电子,0.015,82637713.04,11.0900668594,-54.9693,2251236.43,405.08,-77.5287,5.360233923733,0.28,-0.193517230867,33.7645169301,通用设备,2024-04-20,2023-03-31
002728,特一药业,0.33,304157421.18,56.5013687031,0.2103,105470920.94,130.96,31.1201,6.416412872561,7.24,0.117409052591,62.8282222504,中药Ⅱ,2024-04-20,2023-03-31
002691,*ST冀凯,-0.007,69164611.34,6.6271270081,-53.7434,-2230226.75,-349.57,-131.431,2.639636961265,-0.24,0.021514054353,27.4965808259,专用设备,2024-04-20,2023-03-31
002676,顺威股份,0.0168,531113359.45,8.7707509961,-18.9136,12112442.68,-29.24,102.9507,1.604947782917,1.05,-0.034793232028,17.2396314385,家电零部件Ⅱ,2024-04-20,2023-03-31
002653,海思科,0.03,623643966.44,10.9666696094,-32.1036,28749239.94,9.72,-83.4728,3.515539758891,0.8,0.05570691732,72.8082968544,化学制药,2024-04-20,2023-03-31
002643,万润股份,0.19,1032782095.17,-24.6634108985,-16.4829,176556654.88,-24.15,127.8573,6.949435772195,2.77,0.247424091927,40.6346326357,电子化学品Ⅱ,2024-04-20,2023-03-31
002580,圣阳股份,0.1,586922515.63,39.9883433643,-32.0822,45572538.74,111.82,1.9567,4.198704716297,2.42,-0.283746570654,18.4406327987,电池,2024-04-20,2023-03-31
002532,天山铝业,0.11,6943733101.44,-24.9555509781,-16.1292,501448270.72,-54.57,103.1233,5.017012251055,2.17,0.021507418806,12.4896631386,工业金属,2024-04-20,2023-03-31
002519,银河电子,0.0554,315974381.52,17.0114033737,-22.4982,62788967.04,33.53,12.6712,2.800739134901,2.01,-0.020183150507,45.8518069956,地面兵装Ⅱ,2024-04-20,2023-03-31
002443,金洲管道,0.12,1243375334.15,-8.7406455592,-19.9237,62889741.56,30.36,-20.6046,6.071147771683,2.01,-0.437179215244,12.2421056691,特钢Ⅱ,2024-04-20,2023-03-31
002415,海康威视,0.196,16201189412.53,-1.9390429555,-30.8964,1811255388.03,-20.69,-54.6856,7.520128518662,2.61,-0.350870043781,45.1653121934,计算机设备,2024-04-20,2023-03-31
002402,和而泰,0.0878,1644596407.87,32.5790345385,6.4528,81801521.94,14.44,-22.7693,4.724023799294,1.89,0.073730382455,17.2627045524,家电零部件Ⅱ,2024-04-20,2023-03-31
002262,恩华药业,0.23,1178806488.43,18.7602838746,0.0356,227429413.46,20.53,42.9913,5.805624425571,3.96,0.361651593874,73.3286456882,化学制药,2024-04-20,2023-03-31
002245,蔚蓝锂芯,-0.0109,973788617.84,-47.0754075553,-14.5687,-12549581.57,-106.27,50.4822,5.498023045427,-0.2,0.086709455037,9.1620645842,电池,2024-04-20,2023-03-31
002168,ST惠程,-0.03,45465569.6,8.6990617711,-44.8252,-20952924.26,27.1,32.7036,0.003309569015,-174.16,-0.033775623085,48.981599078,电网设备,2024-04-20,2023-03-31
002165,红宝丽,-0.03,561826047.69,-21.2843418824,-10.3936,-20111801.39,34.5,73.2473,2.738466097366,-0.99,0.153168007258,17.7264871804,化学制品,2024-04-20,2023-03-31
002074,国轩高科,0.04,7177001038.7,83.264238129,-16.7932,75609494.88,134.78,-53.1531,13.312191233117,0.42,0.034430539347,18.9423035651,电池,2024-04-20,2023-03-31
002064,华峰化学,0.13,6191508828.17,-15.1004322594,4.177,631434595.14,-53.65,47.4877,4.792924319839,2.69,0.016301082745,18.0656650587,化学纤维,2024-04-20,2023-03-31
002017,东信和平,0.0613,350336674.99,28.4213903165,-12.6116,35576135.05,321.48,14.3251,3.481410823613,2.32,0.07758165269,32.3697444532,通信设备,2024-04-20,2023-03-31
001322,箭牌家居,0.0032,1109563041.65,-1.6673853485,-50.6101,3111061.91,-88.15,-98.174,4.914920566971,0.07,-0.60144827988,30.4434467056,家居用品,2024-04-20,2023-03-31
001318,阳光乳业,0.0776,116279377.63,-2.8363740859,-19.9994,21935327.82,-10.65,19.8577,4.5494872947,1.72,0.027298004776,32.1791140206,饮料乳品,2024-04-20,2023-03-31
001270,铖昌科技,0.078,40127638.94,98.3874018397,-73.5313,12206646.1,15.36,-83.1604,12.311069426612,0.89,-0.588645318137,72.0096547001,军工电子Ⅱ,2024-04-20,2023-03-31
000999,华润三九,1.16,6352408318.71,49.4604622738,6.4279,1151030150.88,36.9,131.8448,18.391917345322,6.54,0.304718036194,54.0750287023,中药Ⅱ,2024-04-20,2023-03-31
000823,超声电子,0.0274,1270281825.87,-25.996600891,-21.1587,14715672.25,-80.4,-87.7316,8.158504580749,0.33,0.372662227226,18.5081426761,元件,2024-04-20,2023-03-31
000795,英洛华,0.0346,842948133.96,-18.3139400219,-28.4474,38759976.38,-32.0,-18.4555,2.417725149411,1.42,-0.039588097638,18.7912394806,金属新材料,2024-04-20,2023-03-31
000661,长春高新,2.13,2777673498.1,-6.6250280279,-6.8195,856993773.27,-24.71,26.8685,46.777333016431,4.63,2.31441351016,87.9066322122,生物制品,2024-04-20,2023-03-31
000655,金岭矿业,0.028,263164114.62,-19.7702962976,7.5126,16430688.23,-59.74,349.6647,5.18033112627,0.53,0.024453487328,19.9545446558,冶钢原料,2024-04-20,2023-03-31
000521,长虹美菱,0.119,5025237527.25,25.2262932252,3.8305,122540351.1,2280.51,48.8219,5.142406271983,2.34,-0.361200223921,14.6575037597,白色家电,2024-04-20,2023-03-31
000498,山东路桥,0.1386,11245019943.8,6.8330675775,-61.9336,251497602.99,0.52,-80.0878,8.321788069423,1.53,-1.164004475902,10.4976939524,基础建设,2024-04-20,2023-03-31
000404,长虹华意,0.0904,4237222935.89,13.594639422,33.1612,62948669.75,92.47,-46.6013,5.265837947147,1.73,-0.584124210565,8.8669680839,家电零部件Ⅱ,2024-04-20,2023-03-31
000001,平安银行,0.65,45098000000.0,-2.4000692536,8.3305,14602000000.0,13.6,64.8639,19.41672678553,3.39,5.62,,银行Ⅱ,2024-04-20,2023-03-31
920879,基康技术,0.0912,57532537.1,30.979568335,-49.2255,12938468.97,27.65,-43.61,4.050791932843,2.24,-0.251954661052,55.258889339,通用设备,2024-04-19,2023-03-31
920580,科创新材,0.06,19823532.42,-14.1691891604,-38.666,4930072.6,-9.06,603.5046,3.847395200698,1.5,0.021266923953,38.9472498968,装修建材,2024-04-19,2023-03-31
920274,宏裕包材,0.26,173780432.6,10.8972400247,-4.8485,15750415.65,33.6482017428,8.7598,5.956241897541,4.43,-0.322508935082,17.75129444,包装印刷,2024-04-19,2023-03-31
920146,华阳变速,-0.03,50695689.93,46.0021910352,-13.3429,-3575963.44,-250.0,51.021,2.049634150545,-1.28,0.020216600297,-1.8766589257,汽车零部件,2024-04-19,2023-03-31
688628,优利德,0.37,237744224.15,-24.538989226,21.5081,40872178.83,-22.97,64.445,9.983295677298,3.77,1.06354125163,41.2774045556,通用设备,2024-04-19,2023-03-31
688610,埃科光电,0.06,57357502.17,-8.2150237569,4.7417,2920037.72,-83.04,-57.556,6.852046266078,0.85,-0.431680766275,40.8274335075,通用设备,2024-04-19,2023-03-31
688362,甬矽电子,-0.12,424645413.14,-26.8549993333,-8.18,-49869944.15,-170.04,26.4892,6.142317287985,-1.97,-0.002494865452,8.3888846712,半导体,2024-04-19,2023-03-31
688358,祥生医疗,0.47,165154528.52,64.5498612422,519.0612,52513874.14,111.31,365.7969,12.195312264612,3.92,0.029413387455,60.4591557282,医疗器械,2024-04-19,2023-03-31
688357,建龙微纳,0.73,325977322.88,65.5761622248,38.1816,60546221.78,38.05,-3.2578,27.11274066559,3.62,0.783867558818,31.4740245007,化学制品,2024-04-19,2023-03-31
688352,颀中科技,0.03,308474908.6,-12.27,-8.1455,30612641.92,-60.39,-45.6668,3.291681451064,0.94,0.043847556898,28.4906802498,半导体,2024-04-19,2023-03-31
688292,浩瀚深度,-0.01,76071148.63,30.2300407048,-61.0545,-1722695.59,40.7,-107.0764,6.271543280902,-0.17,-0.199008571782,51.0356747981,计算机设备,2024-04-19,2023-03-31
688088,虹软科技,0.07,161433392.43,18.3124193879,14.5907,28186177.99,14.11,521.9359,6.423778709433,1.09,0.251910694655,91.4086768783,IT服务Ⅱ,2024-04-19,2023-03-31
688080,映翰通,0.1774,94303668.23,53.8339847814,-7.1111,9327141.68,374.6,-52.9828,15.801217618346,1.13,0.545225371751,47.8631448884,通信设备,2024-04-19,2023-03-31
688018,乐鑫科技,0.3884,318117441.53,10.0950241786,-1.1492,31087429.91,11.62,130.706,23.056135207254,1.69,0.413621064436,40.7139090353,半导体,2024-04-19,2023-03-31
605300,佳禾食品,0.16,641056381.07,22.7661013696,-19.881,63246258.31,267.18,15.1505,5.212278081748,3.08,0.061782326892,16.9659024622,饮料乳品,2024-04-19,2023-03-31
605255,天普股份,0.07,84015749.74,9.7745352168,-14.6955,8809769.32,-11.4,200.1967,6.345215356951,1.04,0.227043626865,37.3747421372,汽车零部件,2024-04-19,2023-03-31
603938,三孚股份,0.26,573946676.41,7.6118234377,-3.567,101154987.8,-32.77,-19.1201,8.707738668874,4.06,0.357445635216,28.677359679,化学原料,2024-04-19,2023-03-31
603866,桃李面包,0.0867,1476034116.95,1.6562741794,-11.0125,138743455.14,-12.15,-7.6031,3.87855359082,2.72,0.116849920315,23.9373122642,休闲食品,2024-04-19,2023-03-31
603658,安图生物,0.42,1036466641.85,0.5158908233,-10.6607,242069910.75,0.78,-9.8607,13.687397787283,3.06,0.34747029433,61.0559246143,医疗器械,2024-04-19,2023-03-31
603605,珀莱雅,0.52,1621514039.25,29.2705030244,-33.0887,208032832.0,31.32,-35.4106,13.086679722841,5.69,1.445307497776,70.0330503543,化妆品,2024-04-19,2023-03-31
603309,维力医疗,0.18,361577520.44,20.158951115,0.7441,52097979.79,34.92,79.2273,6.054662040773,2.98,0.230720996696,45.0601554106,医疗器械,2024-04-19,2023-03-31
603199,九华旅游,0.5589,192039330.03,136.9550493246,156.3408,61854357.96,1214.6926308905,521.114,11.795754730575,4.85,0.571819383809,57.9507386599,旅游及景区,2024-04-19,2023-03-31
603138,海量数据,-0.1,56043659.6,-28.9289172581,-45.4544,-29408804.65,-173.4729395446,-485.2432,3.034528980357,-3.37,-0.110514486868,39.8128930895,IT服务Ⅱ,2024-04-19,2023-03-31
603082,北自科技,0.26,431912447.28,6.6178019395,0.8492,31760470.01,-16.2697623636,-20.5556,,,,13.7901853941,自动化设备,2024-04-19,2023-03-31
603071,物产环能,0.55,11926516478.94,-4.5039380672,-7.471,308181721.35,27.51,10.6581,8.710177076841,6.55,1.660894843956,6.743993637,贸易Ⅱ,2024-04-19,2023-03-31
601699,潞安环能,1.13,11892459071.4,-14.1679122897,-16.9831,3380423993.4,37.1,-31.0131,17.605799975674,6.66,0.013309143537,56.9804954043,煤炭开采,2024-04-19,2023-03-31
601568,北元化工,0.03,2538721334.75,-19.2656754997,-3.2052,137503782.97,-73.31,105.1298,3.472128609389,1.0,-0.138743061242,12.3788939912,化学原料,2024-04-19,2023-03-31
601068,中铝国际,0.0012,4306083000.0,-10.6415211072,-43.3127,3019000.0,-94.68,-88.4336,1.717268575396,0.07,-0.562073176163,10.2483161611,专业工程,2024-04-19,2023-03-31
600963,岳阳林纸,0.05,2522471506.14,51.1082331041,-24.8805,87491757.29,-29.57,-38.2164,5.149172687454,0.95,0.007931232363,11.8104984399,造纸,2024-04-19,2023-03-31
600865,百大集团,0.01,56509140.29,-3.2601544546,-8.9461,3487667.02,-93.51,-93.37,6.322495654187,0.15,0.028161990434,88.2876577735,一般零售,2024-04-19,2023-03-31
600594,益佰制药,0.056,683797926.88,-0.5925849962,7.5067,43999942.75,-12.96,106.9416,3.900157605091,1.435,0.074242493302,68.0084528498,中药Ⅱ,2024-04-19,2023-03-31
600549,厦门钨业,0.3119,8561654015.2,-18.5051981103,-24.2773,440077968.76,16.05,214.3691,7.372013544598,4.3,0.002269043939,17.631198614,小金属,2024-04-19,2023-03-31
600309,万华化学,1.29,41939325956.05,0.3707162022,19.3321,4053161512.31,-24.58,54.384,25.77819263865,5.14,1.327140415782,17.5302423827,化学制品,2024-04-19,2023-03-31
400069,吉恩5,0.12,1277387095.94,10.5206952395,45.5294,95728124.78,-6.08,45.6295,3.412493728147,3.64,-0.180913488163,12.5687913492,,2024-04-19,2023-03-31
301391,卡莱特,0.43,132710272.7,22.5318885256,-47.9984,29232753.08,42.51,-46.1165,30.21576917,1.4,-0.236847404706,45.8145556806,计算机设备,2024-04-19,2023-03-31
301266,宇邦新材,0.35,554472832.59,18.6982185913,-2.5752,36126893.2,79.49,45.3076,13.63485235125,2.58,-0.846649893846,13.0637166481,光伏设备,2024-04-19,2023-03-31
301256,华融化学,0.08,271112684.09,67.8041932533,-18.6562,36919134.34,486.13,-20.5607,3.440975018208,2.21,0.014647854875,19.8301563538,化学原料,2024-04-19,2023-03-31
301172,君逸数码,-0.05,17038093.72,-6.394752151,-89.2632,-4299076.66,-341.86,-114.0072,5.634714494913,-0.82,-0.893029357468,41.2979070055,IT服务Ⅱ,2024-04-19,2023-03-31
301129,瑞纳智能,0.05,33552489.12,6.9068506899,-92.9252,6766786.24,-36.67,-95.918,22.302735592418,0.41,-0.680684583008,54.0509836845,通用设备,2024-04-19,2023-03-31
301095,广立微,0.02,21881595.72,59.4120163675,-87.7904,4031966.79,132.03,-95.4438,15.96889954145,0.13,-0.22595629585,88.5910403796,软件开发,2024-04-19,2023-03-31
300971,博亚精工,0.19,83717542.12,33.8815493617,-43.1108,15794334.25,16.66,-32.1201,11.241573631071,1.69,0.013856641548,43.34539252,专用设备,2024-04-19,2023-03-31
300967,晓鸣股份,-0.058,211447555.87,12.3616488006,-5.092,-11101307.26,-181.36,-5.1591,4.14236439658,-1.4,0.208595418574,11.0997743168,养殖业,2024-04-19,2023-03-31
300927,江天化学,0.1581,191495027.31,-0.6890610479,2.9844,22822001.97,-3.95,75.7183,4.571668882308,3.52,0.133090274245,22.9898289571,化学原料,2024-04-19,2023-03-31
300908,仲景食品,0.3909,223170245.29,12.2647286816,-1.811,39092178.11,132.55,65.0039,16.438621503,2.41,-0.571144401,40.0927928603,调味发酵品Ⅱ,2024-04-19,2023-03-31
300855,图南股份,0.21,331011783.62,56.1003812223,9.0878,83504121.6,106.69,19.5853,5.219709053475,5.45,-0.351874139896,37.2160187389,金属新材料,2024-04-19,2023-03-31
300703,创源股份,-0.0531,250489770.92,-19.3489364033,-8.903,-9656091.99,-339.3,31.8712,4.141836132863,-1.27,0.021335272202,29.7816743279,文娱用品,2024-04-19,2023-03-31
300476,胜宏科技,0.14,1757770078.83,-13.3464365148,-8.3964,124976888.18,-38.16,-17.1617,8.164918587922,1.79,0.122454278472,20.1059250591,元件,2024-04-19,2023-03-31
300415,伊之密,0.19,854592600.33,-4.8884036225,2.2258,89972645.75,-18.76,14.9848,5.251295809783,3.8,-0.332378866107,32.2922960196,专用设备,2024-04-19,2023-03-31
300396,ST迪瑞,0.2865,331932094.69,46.5388792517,-20.5244,77711739.74,27.79,15.8857,7.281506006178,3.97,-0.021537820771,51.4011480057,医疗器械,2024-04-19,2023-03-31
300387,富邦科技,0.0658,246970635.49,25.733705104,-2.4236,19021304.5,41.02,134.3132,4.407539860907,1.5,0.053543077615,23.3429358578,农化制品,2024-04-19,2023-03-31
300370,安控科技,-0.0426,54063735.48,-27.3267856873,-76.9976,-67173948.38,0.33,63.4147,0.465875035021,-8.63,-0.016028865511,21.5956876941,通用设备,2024-04-19,2023-03-31
300357,我武生物,0.1346,183139637.81,-7.3121480951,-6.4829,70478103.64,-23.17,226.9338,3.915346758113,3.5,0.160273841523,94.7455913121,生物制品,2024-04-19,2023-03-31
300306,远方信息,0.06,83889978.16,-7.8948640001,-43.5837,15664738.62,27.81,-38.0262,5.651095992338,1.04,-0.084885396304,62.519051191,通用设备,2024-04-19,2023-03-31
300278,华昌达,0.0158,613572148.27,-26.0018050987,-32.4225,22410444.08,26.14,25.2969,1.166361094395,1.36,-0.012015574451,14.2315284659,自动化设备,2024-04-19,2023-03-31
300221,银禧科技,0.0039,377991835.41,-19.732392731,-15.5752,1759465.86,229.08,-40.3533,2.652880629274,0.14,0.1187737548,16.2627616396,塑料,2024-04-19,2023-03-31
300181,佐力药业,0.1389,495697829.83,12.8081287629,7.5843,97454603.35,41.76,41.1432,3.930236860037,3.54,0.017127808075,69.8822355383,中药Ⅱ,2024-04-19,2023-03-31
300100,双林股份,0.105,888588554.81,-16.205004554,-28.4406,42235398.16,35.15,495.4203,5.351424400833,0.02,0.011514871301,19.5442517822,汽车零部件,2024-04-19,2023-03-31
300065,海兰信,0.0065,152105998.01,14.4903775875,39.9715,4699112.15,116.17,100.5908,2.696542800985,0.24,0.031352170765,30.1334928403,航海装备Ⅱ,2024-04-19,2023-03-31
300050,世纪鼎利,-0.023,69506052.72,-48.6024596666,-15.2819,-12827747.14,-286.31,96.3985,1.204913103769,-1.88,-0.012273728077,21.5765018486,通信服务,2024-04-19,2023-03-31
300012,华测检测,0.0862,1117097334.31,23.074475326,-26.3131,144260702.3,20.37,-39.751,3.324457855696,2.6,-0.014368368345,47.1419915799,专业服务,2024-04-19,2023-03-31
002984,森麒麟,0.39,1657704459.58,14.5281157486,7.4908,250186589.84,7.33,80.1709,11.471278705594,3.25,0.596369502768,22.3397641413,汽车零部件,2024-04-19,2023-03-31
002920,德赛西威,0.6,3983427024.66,26.7980205668,-17.3905,330525213.28,3.92,-32.7614,12.339327113102,4.96,0.3469173249,21.0855869941,汽车零部件,2024-04-19,2023-03-31
002869,金溢科技,-0.0779,82529684.28,-1.240524102,-39.6685,-13535328.35,17.4,-318.7975,11.439929480129,-0.84,0.190622019024,22.7677380253,计算机设备,2024-04-19,2023-03-31
002857,三晖电气,-0.02,31745289.71,63.7986583616,-66.7669,-2975645.68,4.36,-123.1672,4.096461257813,-0.57,-0.214879064766,32.6325360223,电网设备,2024-04-19,2023-03-31
002677,浙江美大,0.16,338683221.76,-18.0496009136,-22.3641,100650582.55,-17.2,26.6487,3.198415165901,4.99,0.180066694095,46.9464245479,厨卫电器,2024-04-19,2023-03-31
002664,信质集团,0.0982,987223635.67,19.1723854705,1.0149,39658340.18,24.44,-47.4496,7.819659258171,1.26,-0.131165701347,12.3330638237,汽车零部件,2024-04-19,2023-03-31
002588,史丹利,0.19,3051379055.39,8.4909507968,41.3867,214341836.19,43.27,1431.3433,4.886745431642,3.87,0.031487676146,15.7060399302,农化制品,2024-04-19,2023-03-31
002296,辉煌科技,0.0616,130987407.19,23.496583363,-27.7088,23831829.39,23.72,711.3156,4.691090043665,1.32,0.071815826935,45.4091497847,通信设备,2024-04-19,2023-03-31
002270,华明装备,0.1316,412451580.55,28.6620479623,-19.4177,117967890.06,78.48,63.0123,3.846446246078,3.48,-0.025827466974,51.446576281,电网设备,2024-04-19,2023-03-31
002186,全聚德,0.0299,319634209.69,49.3944678363,106.9381,9174028.5,119.4,108.9586,2.458646883264,1.22,0.064049144705,17.547552962,酒店餐饮,2024-04-19,2023-03-31
002056,横店东磁,0.3615,4631588993.98,5.3642855854,-13.0334,582885087.87,59.33,26.3424,4.77869403799,7.24,0.306492392101,24.6135037496,光伏设备,2024-04-19,2023-03-31
002011,盾安环境,0.15,2447264565.84,21.6817835118,-15.4811,161740553.99,95.2,16.9872,3.601548342999,4.34,-0.162967934525,19.441116686,家电零部件Ⅱ,2024-04-19,2023-03-31
001360,南矿集团,0.1,159755441.76,20.975531686,-44.7967,14749045.69,7.3,-60.426,3.771345670065,2.59,-0.190680770131,37.8966068154,专用设备,2024-04-19,2023-03-31
001306,夏厦精密,0.39,123054699.18,27.0213209919,-27.7076,18315295.71,9.9680921159,-54.6749,,3.69,,29.5299046539,通用设备,2024-04-19,2023-03-31
001288,运机集团,0.17,197880339.21,37.5092392918,-54.2612,27303423.83,29.31,-12.2822,11.62863206575,1.47,-0.142955731625,21.1604266483,专用设备,2024-04-19,2023-03-31
000958,电投产融,0.0558,1584065789.41,-12.56,-7.5184,300279012.98,-1.32,1122.8669,3.484818387312,1.61,-0.121237120624,29.0528620403,电力,2024-04-19,2023-03-31
000595,新能股份,-0.02,51924685.71,14.0194456279,-33.2714,-17838772.65,-35.44,62.0558,0.569648020112,-2.71,-0.027540404714,-6.5647105098,电力,2024-04-19,2023-03-31
920992,中科美菱,0.0547,76810113.89,-41.4427804192,3.4078,5290570.22,-79.12,54.6624,6.275619220838,0.88,0.112541465898,40.0779699065,医疗器械,2024-04-18,2023-03-31
920299,灿能电力,0.03,15747015.01,10.4649830361,-61.4831,2550149.86,-3.46,-80.1957,3.085926203646,0.92,-0.091888317691,57.5681459263,电网设备,2024-04-18,2023-03-31
920261,一诺威,0.11,1401154174.46,-11.1924425644,-5.2429,39974785.82,-41.42,57.9639,5.306057562477,3.25,-0.05310309227,8.0358150746,化学制品,2024-04-18,2023-03-31
920208,青矩技术,0.25,127863628.09,20.6418723729,-63.9989,14913611.5,61.25,-80.0458,9.649137879015,2.63,-1.314715346264,35.1104027006,工程咨询服务Ⅱ,2024-04-18,2023-03-31
688778,厦钨新能,0.27,3586248672.17,-40.6656202326,-46.6459,115573100.93,-46.17,-55.8193,27.656338982657,1.4,2.251903151586,7.3568686047,电池,2024-04-18,2023-03-31
688626,翔宇医疗,0.24,143153527.8,68.2492176927,8.4475,37812580.6,298.99,16.1325,12.263863643625,1.94,0.227813148188,68.18589784,医疗器械,2024-04-18,2023-03-31
688510,航亚科技,0.05,113264044.32,83.2357886224,0.3127,12494950.46,547.92,10.662,3.75431986084,1.2964,-0.061679521441,31.0248409555,航空装备Ⅱ,2024-04-18,2023-03-31
688486,龙迅股份,0.13,51647363.64,-22.1688795748,-24.3461,7299075.9,-69.63,-62.3652,19.546123374363,1.1,0.096998845,54.9089671598,半导体,2024-04-18,2023-03-31
688093,世华科技,0.12,81512553.24,0.9230200614,-24.6934,30049584.42,5.47,-31.3761,5.995359756636,1.54,0.257164256935,57.2062250862,其他电子Ⅱ,2024-04-18,2023-03-31
688050,爱博医疗,0.75,189790100.0,44.5545148777,37.3486,78398200.0,33.58,132.6351,18.469857375557,4.13,0.258252035869,83.1556018992,医疗器械,2024-04-18,2023-03-31
603725,天安新材,0.039,536596037.53,8.1810147966,-29.9534,8123876.58,473.09,104.4129,2.562486963662,1.54,0.189544499928,21.0047845412,家居用品,2024-04-18,2023-03-31
603711,香飘飘,0.01,679020636.27,37.0343242958,-57.4983,5846326.71,109.7966755897,-97.9766,7.61455637382,0.19,-0.750783712165,31.0149220673,饮料乳品,2024-04-18,2023-03-31
603239,浙江仙通,0.11,223798021.5,0.9014396229,-22.676,30371276.15,-15.97,-13.68,3.82792166626,2.97,0.06477190625,29.9306218442,汽车零部件,2024-04-18,2023-03-31
603130,云中马,0.14,454318521.35,3.8107752813,1.8796,19189408.75,-47.36,14.2141,9.033841154571,1.53,-1.526258063857,9.4781805796,纺织制造,2024-04-18,2023-03-31
603115,海星股份,0.05,434798550.92,-7.7787319679,-2.8223,12714400.64,-80.08,-68.7224,8.53127741459,0.62,-0.099628900042,16.0129564882,元件,2024-04-18,2023-03-31
600961,株冶集团,0.13,4500485186.31,-15.1208462151,4.3975,140331512.55,16.58,101.6993,0.612950206716,16.99,0.045494597563,7.737364833,工业金属,2024-04-18,2023-03-31
600328,中盐化工,0.4478,4723402742.81,1.6956231218,17.3295,507207166.2,-16.28,405.2325,10.345576826476,4.37,0.207067884829,28.4818863612,化学原料,2024-04-18,2023-03-31
600276,恒瑞医药,0.19,5492320140.43,0.2515460719,3.0461,1239107494.38,0.17,69.0658,6.09684844658,3.23,0.033542750341,84.3505645173,化学制药,2024-04-18,2023-03-31
301429,森泰股份,0.19,177031419.32,-33.4561088091,17.3398,16784577.2,-9.31,-11.5491,6.683007548725,3.72,-0.007549561809,26.7176610862,装修建材,2024-04-18,2023-03-31
301363,美好医疗,0.27,367275121.57,29.2442507869,5.6208,108394751.9,61.74,44.1113,7.684061191192,3.53,0.154491799316,43.3939398723,医疗器械,2024-04-18,2023-03-31
301219,腾远钴业,0.04,1097143472.45,-30.7121588315,-4.2678,7975421.97,-98.25,105.3981,37.37869654081,0.09,-1.579808734966,16.6233941303,能源金属,2024-04-18,2023-03-31
301042,安联锐视,0.0313,124325966.33,-32.4324892441,-24.1449,2156627.77,-83.79,-80.7943,17.137037867102,0.18,-0.12167060581,30.8805149506,计算机设备,2024-04-18,2023-03-31
300890,翔丰华,0.5083,558158170.96,23.6844042228,-25.5312,54811629.14,49.43,31.4191,15.565001916787,3.3,-2.216298402547,21.5137712082,电池,2024-04-18,2023-03-31
300610,晨化股份,0.07,235688156.25,-13.6861518282,-0.453,15027445.87,-63.63,437.9526,5.285213032831,1.35,0.106978488376,16.9003546482,化学制品,2024-04-18,2023-03-31
300600,国瑞科技,-0.0198,44677813.42,-9.4151986225,-70.2074,-5812177.77,24.54,-118.1922,2.920355372049,-0.67,0.094090010525,33.961340895,航海装备Ⅱ,2024-04-18,2023-03-31
300568,星源材质,0.14,664728704.86,0.0421949567,-15.6122,182926962.4,9.16,39.2151,6.729645662498,2.15,0.125961015841,46.2880408459,电池,2024-04-18,2023-03-31
300349,金卡智能,0.2,638917528.07,15.8459090608,-20.2525,81089959.86,390.0,-8.3371,9.285951746437,2.05,-0.413941976439,40.1691428447,通用设备,2024-04-18,2023-03-31
002978,安宁股份,0.5775,445312856.46,-25.1210088525,-8.4066,231594948.96,-34.58,3.4471,14.199354635387,4.15,0.701203740623,65.5464959962,小金属,2024-04-18,2023-03-31
002762,金发拉比,0.02,51095758.87,-17.4910675383,-23.0359,5423361.79,-12.12,105.5033,2.48780995941,0.62,0.014835521813,55.2150368522,服装家纺,2024-04-18,2023-03-31
002627,三峡旅游,0.0274,467427243.61,-9.3023787424,41.9823,20242173.45,42.15,995.36,4.166829978867,0.67,0.077276317417,8.071533948,旅游及景区,2024-04-18,2023-03-31
002458,益生股份,0.32,913509081.99,185.2675971143,32.6554,313826804.93,208.96,787.5607,3.077029852475,10.83,0.378925970217,46.1964103171,养殖业,2024-04-18,2023-03-31
002391,长青股份,0.1387,1021723217.16,11.8092442719,7.236,90412091.7,12.94,333.053,7.279568984897,1.93,-0.041299659995,23.8247304937,农化制品,2024-04-18,2023-03-31
002334,英威腾,0.1203,1013004802.29,41.9315218531,-15.4007,95344128.74,3016.7,-15.6065,3.047047344816,4.05,0.184354135859,31.1098494506,自动化设备,2024-04-18,2023-03-31
002265,建设工业,0.12,807351033.95,-8.2496950683,-78.2394,111777383.14,85.45,-52.812,2.322017071174,5.08,-0.266130162649,12.469468709,汽车零部件,2024-04-18,2023-03-31
002242,九阳股份,0.16,1892190788.93,-18.7387411621,-41.8083,121389403.14,-26.98,387.4083,4.483686962649,3.64,0.400122187774,27.870723727,小家电,2024-04-18,2023-03-31
002195,岩山科技,0.0197,143161104.99,-22.806341967,-10.5919,110312676.06,3.27,197.3767,1.661720291375,1.17,0.00660496208,60.9103350984,IT服务Ⅱ,2024-04-18,2023-03-31
002145,钛能化学,0.0319,1232538930.88,-17.2509569877,-11.63,104502947.65,-65.22,296.8102,3.172798220239,1.2,0.001710922169,11.166350061,化学原料,2024-04-18,2023-03-31
001217,华尔泰,0.1,452222654.41,-9.0694243956,-6.2537,32937047.84,-43.61,-15.7308,6.346626740199,1.57,-0.540608553771,10.1327749159,化学原料,2024-04-18,2023-03-31
000929,兰州黄河,-0.016,73639016.5,1.4217838625,52.3693,-2979794.77,9.19,70.0279,3.43583833371,-0.47,0.043503144278,15.3210091555,非白酒,2024-04-18,2023-03-31
000915,华特达因,0.7,561439253.57,-7.2792895868,7.4848,163725554.07,4.94,154.0287,11.726182773433,7.31,1.431584084358,85.8599291152,化学制药,2024-04-18,2023-03-31
000802,北京文化,-0.0164,100570078.95,1950.9667749537,13.6312,-11760259.5,43.52,46.9873,2.128697323875,-0.77,-0.128168652433,5.0449363299,影视院线,2024-04-18,2023-03-31
000739,普洛药业,0.2047,3085538744.52,46.8305139511,3.0539,239309926.36,57.35,-27.8961,4.880244181047,4.24,0.189172363159,27.9592791542,化学制药,2024-04-18,2023-03-31
000695,滨海能源,-0.1064,95740380.67,-26.9678346932,0.0682,-23643961.69,-64.56,20.8029,0.799911353688,-12.48,0.031420313236,-8.3479049217,电池,2024-04-18,2023-03-31
000633,合金投资,0.0031,46718284.47,-1.1563826295,-28.4863,1197519.12,-49.33,259.4368,0.454436473192,0.69,-0.013789111405,9.0867039279,金属新材料,2024-04-18,2023-03-31
000620,盈新发展,-0.51,490848737.55,-19.3801998831,-77.0103,-968291803.4,-116.05,49.9904,-0.848900022825,,0.164402115085,-3.5151640129,房地产开发,2024-04-18,2023-03-31
831199,海博小贷,0.02,39006189.52,39.950818803,-3.9255,12674407.96,31.35,-61.9941,1.590757144991,1.26,-0.060513489974,,,2024-04-17,2023-03-31
688777,中控技术,0.13,1445707760.34,47.2976849888,-39.688,92396527.94,54.29,-71.4405,10.750850423588,1.74,-1.447542962211,33.3291835783,自动化设备,2024-04-17,2023-03-31
688668,鼎通科技,0.34,161984478.66,-8.1772885059,-10.6428,33217709.99,3.06,3.6557,17.862956149623,1.9,0.060334998282,37.5709385019,通信设备,2024-04-17,2023-03-31
688636,智明达,-0.0259,68407933.45,-32.1782513479,-64.9943,-1306334.49,-114.83,-104.2442,19.378663425635,-0.13,-1.079529326322,51.5375576807,军工电子Ⅱ,2024-04-17,2023-03-31
600415,小商品城,0.22,2120334936.46,32.6896266686,63.1986,1222157366.22,81.8,337.2394,3.014630024975,7.69,-0.056603642779,31.0315112733,一般零售,2024-04-17,2023-03-31
400267,R鑫升1,0.1828,462106346.22,-83.4048613283,-82.8297,143149551.38,89.19,-5.9881,3.70562970171,5.01,0.300137193149,51.6074239687,,2024-04-17,2023-03-31
301208,中亦科技,0.26,211063933.27,-15.5083999876,-64.3972,26457085.65,11.41,-61.1717,20.803361426019,1.93,-2.531447751576,32.9796900359,IT服务Ⅱ,2024-04-17,2023-03-31
300856,科思股份,0.9463,587793946.66,42.3272136434,13.9471,160229516.9,176.13,19.5816,12.440313353532,7.91,1.015580206178,49.0365917168,化妆品,2024-04-17,2023-03-31
300783,三只松鼠,0.48,1900471120.86,-38.4767125728,-3.0599,191701980.19,18.73,439.1283,6.342193540399,7.86,0.761610830224,28.2674516294,休闲食品,2024-04-17,2023-03-31
300453,三鑫医疗,0.0867,272919002.98,-15.1101061537,-22.3442,44785584.88,-5.61,6.3626,2.828430793984,4.08,-0.087801173703,33.2597234853,医疗器械,2024-04-17,2023-03-31
300046,台基股份,0.0505,78792441.69,12.1908868297,-3.8053,11973957.56,17.39,201.7497,4.499884746798,1.13,0.044047843953,24.1785544544,半导体,2024-04-17,2023-03-31
002988,豪美新材,0.0909,1308664953.71,0.8897746216,6.3668,21150498.98,-38.89,115.5273,8.98050474631,0.96,-0.28067956404,10.5089744208,工业金属,2024-04-17,2023-03-31
000990,诚志股份,-0.0469,3365397917.36,0.1752764861,40.3576,-56979827.62,-138.93,-365.9031,14.454204213352,-0.32,-0.165902885299,8.638915352,化学原料,2024-04-17,2023-03-31
000848,承德露露,0.22,1141079365.17,2.0819778376,58.2835,239052857.48,1.6,31.8626,2.784806388042,8.31,0.070506960561,47.6455558899,饮料乳品,2024-04-17,2023-03-31
920703,广厦环能,0.4,93974325.4,-1.3694245942,-50.3296,23564732.89,-39.29,-55.1649,9.109514253814,4.44,-0.324851945683,42.3029993786,专用设备,2024-04-16,2023-03-31
688670,金迪克,0.3,106219935.77,751.9376672267,8.2487,36346153.06,1475.8356364458,358.3011,17.000205128182,2.46,0.073150394773,84.8435956741,生物制品,2024-04-16,2023-03-31
688589,力合微,0.21,110909656.78,13.9037312155,-28.1071,21329572.52,58.29,-9.9032,8.37725272347,2.58,0.578240385302,41.3840122516,半导体,2024-04-16,2023-03-31
688253,英诺特,0.4,134510760.91,93.5529528455,-1.1567,53818215.08,104.21,134.0744,12.811586133072,3.14,-0.211455848979,65.788413939,医疗器械,2024-04-16,2023-03-31
688090,瑞松科技,0.15,254592050.11,-10.1463584292,39.3198,10329915.84,44.59,113.1222,13.033669548876,1.13,-0.929385197024,17.2750419312,自动化设备,2024-04-16,2023-03-31
605507,国邦医药,0.35,1410162706.26,19.9017690749,-12.2802,194629337.8,-2.88,-2.6072,13.152427401156,2.68,0.376470917347,26.6112024573,化学制药,2024-04-16,2023-03-31
603877,太平鸟,0.46,2073612337.43,-15.8270197752,-12.8082,217247884.5,14.2,575.1035,9.061481497778,5.1,0.303940384305,60.0032482326,服装家纺,2024-04-16,2023-03-31
603129,春风动力,1.4,2879303603.33,27.2982289324,4.7538,210305287.64,99.57,60.4368,30.163176956027,4.78,0.810707156571,34.1563254036,摩托车及其他,2024-04-16,2023-03-31
601101,昊华能源,0.3,2242618658.57,28.6139062689,-9.3933,429833299.67,36.9,332.6074,7.649890955899,4.0,0.861847579751,55.0103046376,煤炭开采,2024-04-16,2023-03-31
600746,江苏索普,-0.094,1324537176.92,-36.0988886535,13.743,-109746220.4,-126.93,46.3072,4.600283416789,-2.02,-0.176520653038,-4.3982712373,化学原料,2024-04-16,2023-03-31
301498,乖宝宠物,0.24,904546382.53,24.5416665076,-0.5768,84984024.15,93.69,69.7819,5.109351458199,4.73,0.120651674675,34.1979541773,饲料,2024-04-16,2023-03-31
301234,五洲医疗,0.1907,117355998.88,-2.5956723157,-22.3369,12967646.49,1.44,-40.9217,10.829081348529,1.78,0.219765237794,20.6041195685,医疗器械,2024-04-16,2023-03-31
300990,同飞股份,0.17,272889044.92,45.3442071277,-19.1921,28356125.41,35.23,-32.3881,17.781958419765,1.72,-0.375960803739,28.1610271686,通用设备,2024-04-16,2023-03-31
300768,迪普科技,0.05,231162886.35,8.1437498012,-19.3812,32646854.02,-28.12,-59.9907,5.011660030125,1.02,0.026342972035,69.6966618967,软件开发,2024-04-16,2023-03-31
300758,七彩化学,-0.04,263577712.77,-18.4451018592,-5.4833,-14804949.27,-160.06,42.7462,3.838545265952,-0.94,-0.079601670199,21.5542488107,化学制品,2024-04-16,2023-03-31
300750,宁德时代,2.2407,89038465300.0,82.9115795998,-24.7056,9822265100.0,557.97,-25.2353,76.931767468991,5.8,8.583891024592,21.2688454773,电池,2024-04-16,2023-03-31
300657,弘信电子,-0.15,639656223.45,-17.6655194705,5.1803,-74492224.46,-107.53,63.7847,3.380296184708,-4.42,-0.195199308488,2.7410603489,元件,2024-04-16,2023-03-31
300401,花园生物,0.09,317120309.15,-17.9704739588,-6.5217,51859513.29,-65.69,73.2543,4.775269611538,1.99,0.253638740566,61.4679518012,化学制药,2024-04-16,2023-03-31
300354,东华测试,0.0744,71868895.8,54.515124,-50.1131,10288726.35,116.2,-84.438,4.429390218281,1.7,-0.137440970318,65.482548808,通用设备,2024-04-16,2023-03-31
300174,元力股份,0.1247,457401405.4,-6.6777624181,-8.7716,45330906.83,-10.92,-22.0363,8.091230260916,1.55,-0.136442942524,21.6450353718,化学制品,2024-04-16,2023-03-31
200488,ST晨鸣B,-0.101,6155915692.16,-27.7048979549,-7.4066,-275409967.37,-341.76,-437.0108,5.982656412065,-1.66,0.307695398971,10.5161844711,造纸,2024-04-16,2023-03-31
002916,深南电路,0.4,2784716084.29,-16.0101412938,-20.5966,206418890.89,-40.69,-54.9254,24.360511411754,1.67,1.344521675179,23.0497571983,元件,2024-04-16,2023-03-31
002788,鹭燕医药,0.21,4841503352.57,4.4042087394,-5.7841,79861688.2,11.37,-15.3072,7.211066723906,2.89,0.29188296218,7.4846721012,医药商业,2024-04-16,2023-03-31
002722,物产金轮,0.1,603076331.46,-2.5100558463,-16.3724,18271564.78,-49.9,-37.1483,11.485539550164,0.8,-0.467076011319,15.3776809124,专用设备,2024-04-16,2023-03-31
002236,大华股份,0.17,6015629882.58,2.8669953655,-35.9597,495351177.84,39.31,-21.5291,10.409958441747,1.9,-0.441588908254,42.5274039978,计算机设备,2024-04-16,2023-03-31
002138,顺络电子,0.1,1024675233.07,1.6613927422,-3.0589,80545761.9,-50.52,214.0069,6.761116637648,1.44,0.136200424181,32.1815625476,元件,2024-04-16,2023-03-31
001368,通达创智,0.37,206640227.28,-18.584819508,38.8734,30972221.01,-8.0,41.2445,12.140562175179,4.3,-0.034363537411,28.624353592,文娱用品,2024-04-16,2023-03-31
000721,西安饮食,-0.0542,176383545.76,53.5116732653,66.9916,-31125948.51,38.47,61.5643,0.883399147282,-5.96,0.017232771325,23.090197413,酒店餐饮,2024-04-16,2023-03-31
000683,博源化工,0.18,2503651821.45,-6.4620075204,-4.8801,651889778.81,-17.5,107.063,3.660148733426,5.06,0.16715816033,41.5500457595,化学原料,2024-04-16,2023-03-31
000488,ST晨鸣,-0.101,6155915692.16,-27.7048979549,-7.4066,-275409967.37,-341.76,-437.0108,5.982656412065,-1.66,0.307695398971,10.5161844711,造纸,2024-04-16,2023-03-31
920262,太湖雪,0.183,87208991.96,72.0134092632,-28.1029,6471211.63,0.22,-34.2478,8.540539724548,2.17,0.445388628873,43.4581816029,服装家纺,2024-04-15,2023-03-31
600189,泉阳泉,-0.03,219936708.59,-13.4784308206,-34.852,-21021917.25,-78.74,28.2068,2.277407330337,-1.28,0.081421300042,43.0677892414,饮料乳品,2024-04-15,2023-03-31
300670,大烨智能,-0.0627,49936043.57,36.0340397264,-43.8343,-19868324.18,-165.68,84.1699,2.418048695458,-2.56,-0.084692612338,30.9683199037,电网设备,2024-04-15,2023-03-31
002420,毅昌科技,0.0268,508919970.52,-20.9934418324,-25.1505,10762667.04,22.48,5516.0258,1.734032668653,1.46,0.023318795561,10.2634878145,综合Ⅱ,2024-04-15,2023-03-31
001207,联科科技,0.1,463002060.39,28.6605585429,-12.4795,17531681.88,-26.2,-55.1076,7.214933069129,1.3,-0.139154389209,9.8745309257,橡胶,2024-04-15,2023-03-31
688750,金天钛业,,201498400.0,,6.4224,38192800.0,,12.4528,,,,,小金属,2024-04-13,2023-03-31
688475,萤石网络,0.16,1079187249.83,4.2677701996,-7.7134,91170866.24,33.7,-20.0398,8.808568773049,1.86,0.116536361938,41.1247748238,计算机设备,2024-04-13,2023-03-31
688315,诺禾致源,0.06,440608070.5,13.9617524097,-21.4337,22501126.2,19.27,-65.0554,4.959448205322,1.14,-0.063254377011,40.938871981,医疗服务,2024-04-13,2023-03-31
688313,仕佳光子,-0.007,148861021.64,-23.9364698065,-31.9092,-3193203.96,-113.98,-5.5505,2.623705443448,-0.27,0.088086011652,20.3340651949,通信设备,2024-04-13,2023-03-31
603659,璞泰来,0.34,3698994031.12,18.1567922191,-8.6708,701974570.75,10.26,-15.5407,10.192961256999,5.09,-0.355742645669,34.3001194337,电池,2024-04-13,2023-03-31
601208,东材科技,0.08,858320668.73,-5.0952907345,-7.9797,70660358.04,-30.56,-1.3022,4.448976376804,1.66,-0.291988390875,21.5827223879,塑料,2024-04-13,2023-03-31
600557,康缘药业,0.25,1352493841.95,25.390576193,10.3734,141438358.86,28.6,-7.6349,8.374358545067,2.93,-0.103785344376,75.1002892187,中药Ⅱ,2024-04-13,2023-03-31
600509,天富能源,0.1108,2187938306.61,10.7599636282,-19.9393,127594432.5,158.11,-71.2143,5.060440364693,2.14,0.066209892032,20.7932348346,电力,2024-04-13,2023-03-31
600333,长春燃气,-0.09,657409237.42,-1.376803235,1.2098,-54582126.23,-367.6170247493,-344.1274,3.224578389091,-2.74,-0.159347737182,8.7453577251,燃气Ⅱ,2024-04-13,2023-03-31
600318,新力金融,0.0203,79456767.8,-9.9797831134,25.1786,10414665.23,353.71,107.6472,1.993269940618,1.02,0.02471498273,80.2648312734,多元金融,2024-04-13,2023-03-31
600096,云天化,0.857,15885450261.8,6.1722531568,-15.7465,1572315738.41,-4.45,76.5003,9.794065085216,9.16,0.836040518603,17.63113953,农化制品,2024-04-13,2023-03-31
301200,大族数控,0.12,301315092.89,-67.4328233409,-52.904,52352410.03,-71.36,51.8181,13.761635029452,0.91,0.012515203976,36.4216984909,专用设备,2024-04-13,2023-03-31
300996,普联软件,-0.0938,54175632.36,10.6602841719,-87.6218,-18651093.81,-58.76,-112.8345,8.080145354087,-1.74,-1.196825812176,41.0572446708,软件开发,2024-04-13,2023-03-31
300809,华辰装备,0.06,102763487.96,19.2516653209,8.2222,14980967.64,-37.02,-40.6309,5.88257786994,1.02,-0.046372125698,32.7417086535,通用设备,2024-04-13,2023-03-31
300254,仟源医药,-0.0089,183185038.02,-4.4593995727,-6.1275,-2156812.13,-40.0,97.6859,2.370531813237,-0.38,-0.027169694822,66.5395842791,化学制药,2024-04-13,2023-03-31
002521,齐峰新材,0.0,796099694.54,-5.0177490654,20.5924,-1832218.97,-108.91,-138.5015,7.162924038156,-0.05,0.228267759885,6.0081173549,造纸,2024-04-13,2023-03-31
002490,山东墨龙,-0.1092,408037331.85,-27.2544409323,-25.0961,-87097310.59,-29.4,45.2291,1.129462589961,-9.22,0.043836667755,5.8389672979,专用设备,2024-04-13,2023-03-31
002469,三维化学,0.07,598406356.58,-14.6469443712,-12.1999,45398315.42,-27.97,-42.1259,4.071327256171,1.8,-0.096926679165,18.8939602691,化学原料,2024-04-13,2023-03-31
603713,密尔克卫,0.6535,2349421608.82,-23.2093899909,-5.3534,107427424.73,-19.61,-16.6531,23.405300445192,2.8,1.873720844195,11.238849793,物流,2024-04-12,2023-03-31
603102,百合股份,0.7,231965285.09,58.7297276505,12.5487,44783221.82,43.99,43.5618,22.919255993281,3.1,0.160328427031,39.2612287285,食品加工,2024-04-12,2023-03-31
600674,川投能源,0.2547,250526581.62,44.0587466398,-53.3481,1135979029.85,103.65,90.5595,7.690158033736,3.31,0.02913392962,40.4306161865,电力,2024-04-12,2023-03-31
300916,朗特智能,0.0133,179675656.91,-9.1086879993,-51.8303,1811483.0,-90.93,-95.8879,12.040989477585,0.16,-0.828520664997,15.8204922185,消费电子,2024-04-12,2023-03-31
002697,红旗连锁,0.1,2554774328.66,4.6751979484,4.4053,140900057.01,15.39,9.6559,3.155471478831,3.34,0.06331878364,30.0308953066,一般零售,2024-04-12,2023-03-31
002536,飞龙股份,0.12,945772256.79,16.4948926631,12.8121,67815767.34,678.11,160.5329,4.728728589476,2.91,0.178519417818,22.2960706382,汽车零部件,2024-04-12,2023-03-31
002383,合众思壮,-0.024,392742208.84,-15.2801468146,-15.5939,-17772859.8,-222.93,93.0983,1.824663540801,-1.2,0.263987016659,35.6804138429,军工电子Ⅱ,2024-04-12,2023-03-31
920394,民士达,0.16,86161422.39,38.2400831667,15.1206,16834144.12,26.84,-7.3766,3.100100803774,5.28,0.229162514811,35.9585096678,造纸,2024-04-11,2023-03-31
688687,凯因科技,0.12,192744105.3,12.339880062,-50.7081,21139765.72,-51.21,-19.0847,9.874924182964,0.72,-0.535613317055,81.7695136693,生物制品,2024-04-10,2023-03-31
002644,佛慈制药,0.0468,318446773.3,34.4344346928,-10.6345,23915085.46,27.72,-50.7769,3.412944975492,1.38,-0.007746962619,27.7624999726,中药Ⅱ,2024-04-10,2023-03-31
688726,拉普拉斯,,30366300.0,,-97.3591,-73857900.0,,-132.2353,,,,,光伏设备,2024-04-09,2023-03-31
603058,永吉股份,0.072,173862414.52,47.2508778992,-36.3885,30906162.14,227.7045600246,-39.6303,2.544137822927,2.9,0.017165315357,38.8324168892,包装印刷,2024-04-09,2023-03-31
600873,梅花生物,0.26,6950072385.57,3.542482978,-2.3316,800793127.47,-30.89,-16.8275,4.249025375193,5.77,0.109613342445,19.8447167115,化学制品,2024-04-09,2023-03-31
000818,航锦科技,0.02,822841812.08,-21.5086208312,-29.4532,12497289.91,-86.16,-73.6184,5.334907716946,0.35,-0.084471878052,9.4095944024,化学原料,2024-04-03,2023-03-31
301626,苏州天脉,,233254100.0,,2.7399,36552200.0,,13.9987,,,,,消费电子,2024-03-30,2023-03-31
301617,博苑新材,,263106800.0,,35.4108,49351200.0,,135.3932,,,,,化学制品,2024-03-04,2023-03-31
874365,昊普康,0.11,28446232.23,,,2883351.88,,,4.157819274993,2.8,0.013365975452,34.5824694478,,2024-01-12,2023-03-31
873848,晟源生物,0.3952,976062602.37,22.9893694457,18.5047,61603907.96,218.2060322891,371.4368,3.654074344002,11.44,-0.884566240485,5.8284933878,,2024-01-08,2023-03-31
874315,矩一建管,0.08,16350027.81,,,1423214.86,,,3.235764240363,2.52,-0.223844202381,41.1885709202,,2023-12-29,2023-03-31
874209,赛柯瑞思,-0.01,29699088.47,,,-822995.66,,,1.234133149833,-1.11,-0.019557706667,7.6589670161,,2023-12-29,2023-03-31
874150,佛光发电,0.08,135688472.59,,,8531915.39,,,1.634165654744,5.08,-0.833550175142,19.7027433058,,2023-12-28,2023-03-31
872834,群旺科技,0.22,27688187.79,,,6519904.8,,,1.916386651333,12.02,0.343612678333,46.5816293136,,2023-12-27,2023-03-31
874144,同威信达,-0.02,80310455.28,,,-1011774.9,,,1.857883732703,-1.55,-0.478062022015,30.2434072442,,2023-12-25,2023-03-31
874169,高飞股份,0.07,32962699.47,,,2228933.42,,,1.495769975625,4.81,-0.191873195938,22.4892383488,,2023-12-20,2023-03-31
874253,思科赛德,0.06,54174767.04,,,1860079.76,,,3.198335143585,1.95,-0.160366008914,26.6579127868,,2023-12-18,2023-03-31
874170,金凤凰,0.2151,25426350.4,,,6453611.15,,,1.357649875333,17.21,-0.323579142667,25.4929209188,,2023-12-14,2023-03-31
874350,华慧能源,0.03,31293369.9,,,1580327.26,,,5.809336789914,0.59,0.042197891845,37.384678791,,2023-12-11,2023-03-31
874184,瑞林精科,0.022,65198638.64,,,1737653.6,,,2.141660726129,1.03,0.126369499386,14.4756239193,,2023-12-11,2023-03-31
874102,博源科技,0.06,42859571.65,,,1946627.93,,,1.3878242,4.8,0.018595888667,17.2143338255,,2023-12-04,2023-03-31
874330,鑫昇腾,0.1,20785199.18,,,2294185.32,,,5.108630406416,1.92,0.148138412786,37.876146636,,2023-11-30,2023-03-31
874213,红壹佰,0.08,111484508.23,,,6169549.59,,,1.508403500708,5.41,0.186162632737,21.697573227,,2023-11-30,2023-03-31
874292,鸿华飞机,0.1,14320388.29,,,2364375.51,,,2.3979690748,4.05,0.01241791,41.6173378774,,2023-11-27,2023-03-31
872774,威沃敦,0.08,25142457.87,,,4175326.76,,,4.1622717184,2.03,-0.0562010764,49.041041229,,2023-11-27,2023-03-31
873164,中特科技,0.19,23703830.05,,,3896056.96,,,7.1109802235,2.78,0.0399682805,35.4564140996,,2023-11-24,2023-03-31
874310,厚威包装,0.03,110139980.55,,,1956061.21,,,5.260219419624,0.58,0.641322433276,16.2866286342,,2023-11-23,2023-03-31
873873,鸿普森,,16164092.15,-19.4496459732,-76.6101,-67389.64,-71.62,-100.5455,2.3062306407,0.69,0.438727395516,21.6303317103,,2023-11-22,2023-03-31
874338,高裕电子,0.13,21336971.44,,,4559576.02,,,1.881375781714,6.92,-0.075168238857,42.716331442,,2023-11-13,2023-03-31
874290,申达检验,0.13,15452485.85,,,3244901.29,,,2.714280479346,5.01,0.359873711656,43.673062739,,2023-11-10,2023-03-31
874128,赛米垦拓,0.1,12526801.69,,,779388.06,,,9.788573918239,1.25,-0.333883477987,49.4417593834,,2023-11-10,2023-03-31
874231,皓志科技,0.07,12779108.77,,,1991033.14,,,3.541169005333,1.89,0.063857665667,51.1792222581,,2023-10-30,2023-03-31
874233,华茂精密,0.17,26684460.84,,,5081790.74,,,3.792547854109,4.24,-0.208976220882,46.7868048557,,2023-10-26,2023-03-31
873662,和特能源,0.33,107464969.9,23.484489625,-19.5527,18399031.4,106.4149568738,21.5818,6.599679845407,5.19,0.875909621696,30.3783150178,,2023-09-28,2023-03-31
838849,东岳机械,0.06,119144729.23,26.3607332953,-43.1025,11986562.58,1268.2118624797,-25.9266,1.606895546895,3.62,-0.006629316441,25.5649070898,,2023-09-28,2023-03-31
873825,梦天门,-0.02,8573883.53,-24.2455215536,-83.4886,-1237393.75,-14.5933062187,-104.2314,2.641832331572,-0.88,0.022719177933,75.0293795978,,2023-09-27,2023-03-31
873778,华亿创新,0.02,11130851.28,2.1944143281,-81.7899,695180.41,239.0330872273,-96.234,2.51927775872,0.89,0.27512953408,40.537109575,,2023-09-27,2023-03-31
301667,纳百川,0.15,202602429.35,,,12811405.94,,,5.313111917896,2.92,0.688358307125,17.6504914648,汽车零部件,2023-09-27,2023-03-31
874051,森鹏电子,-0.25,20933983.74,,,-6828158.34,,,6.079604284881,-4.0,-0.487252317091,38.5526326008,,2023-09-26,2023-03-31
873774,乘风科技,0.34,137526005.6,,,6931374.55,,,15.54997012269,2.22,-1.534496504334,33.4098816871,,2023-09-22,2023-03-31
873876,商信政通,-0.06,10927842.5,120.8871377357,-81.5266,-2925751.66,-1407.5033736093,-127.623,3.547392711769,-1.59,-0.151542463717,46.319456654,,2023-09-21,2023-03-31
832246,润天智,0.0403,81383463.9,52.6273586284,,4599315.39,476.81,,2.71177136621,1.47,-0.263360836834,34.0081892238,,2023-09-19,2023-03-31
301613,新铝时代,,484353500.0,104.0083228561,,42900200.0,105.0629765063,,,,,,汽车零部件,2023-09-15,2023-03-31
873762,智达科技,0.14,126281169.73,42.3479023675,-46.6097,11657609.65,-31.7795946195,-79.3411,5.234759625952,2.69,-0.015118059643,32.7402583049,,2023-09-05,2023-03-31
600930,华电新能,0.08,7256278500.0,26.4166250158,,2826209800.0,31.8594752942,,1.945934638889,,0.114105097222,57.7720549177,电力,2023-09-04,2023-03-31
873777,红东方,1.52,417783816.74,-35.5981516617,96.667,116322120.82,-57.3442321387,101.3396,14.164213172585,11.34,0.764541607833,36.8051008126,,2023-09-01,2023-03-31
871951,左岸环境,0.42,82760180.75,1.7691217619,-7.1766,12742566.92,-11.43,-41.3294,8.083473174503,5.36,-0.005985900331,28.6326729537,,2023-08-17,2023-03-31
838758,思迅软件,0.21,84950824.15,1.1273803961,-7.5564,22165930.13,-14.35,0.7886,3.267174875277,6.68,0.224150000754,60.7410888903,,2023-08-15,2023-03-31
001356,富岭股份,,355682500.0,-17.0275457841,-28.6895,42553700.0,-0.7000562379,-28.7656,,,,,家居用品,2023-08-08,2023-03-31
001220,世盟股份,,208919600.0,13.7774321389,-9.1044,32799500.0,29.4964170796,-17.7626,,,,,物流,2023-08-02,2023-03-31
873957,驭腾能环,0.12,25078643.92,,-54.0634,5546572.62,,-55.0169,2.226911713585,,-0.038039823556,37.8949096303,,2023-08-01,2023-03-31
688615,合合信息,,266023100.0,22.3791289019,-7.7628,79690200.0,56.8102795187,-4.9841,,,,,软件开发,2023-07-28,2023-03-31
874865,森峰激光,,314475100.0,38.154418348,11.3696,32209600.0,24.0543673765,64.8264,,,,,,2023-07-27,2023-03-31
001335,信凯科技,,275831500.0,-18.845630251,10.6924,15081200.0,-27.5934812737,-7.7275,,,,,化学制品,2023-07-27,2023-03-31
873749,金苑种业,0.03,36906217.54,44.615307886,-80.9437,2987401.15,231.9099913399,-94.3445,3.987780238053,0.74,0.053561349785,38.7716682548,,2023-07-24,2023-03-31
873710,博生医材,0.06,87024678.35,9.1581285985,,13385682.39,36.8674194697,,1.840325160094,3.47,0.133580315691,28.7427158758,,2023-07-24,2023-03-31
873854,迪柯尼,,239675000.0,7.023281443,,47195100.0,1.4392107554,,,,,,,2023-07-19,2023-03-31
603361,浙江国祥,,343106000.0,12.1585084846,,43128100.0,43.0114301441,,,,,,,2023-07-13,2023-03-31
603207,小方制药,,123438200.0,3.0527226218,,55441900.0,41.972697312,,,,,,化学制药,2023-07-06,2023-03-31
874846,一通密封,,55969000.0,45.3702501234,-31.9363,6379000.0,51.4662234358,-60.0059,,,,,,2023-07-03,2023-03-31
874493,苏环院,,59818400.0,5.8041739112,,10475100.0,52.6559699209,,,,,,,2023-07-03,2023-03-31
001391,国货航,,2795149100.0,-57.3792711793,,155156200.0,-86.6668900937,,,,,,物流,2023-07-03,2023-03-31
836027,金晟环保,-0.04,121679837.76,-22.1060327401,-15.212,-3566024.18,-134.922106471,-46.7781,4.77647054,-0.8,0.016057096237,9.4875782484,,2023-06-30,2023-03-31
301563,云汉芯城,,701768300.0,-38.8500679363,,20555500.0,-57.6119322962,,,,,,其他电子Ⅱ,2023-06-30,2023-03-31
839335,互邦电力,0.004,78973797.61,-3.3108943019,,490922.4,-87.52,,2.265771431968,0.18,-0.218004154439,16.8437247575,,2023-06-29,2023-03-31
874639,阿宽食品,0.17,339150600.0,23.033954264,6.1744,16695900.0,83.0610499539,-15.9534,,,,,,2023-06-28,2023-03-31
835287,鹏业软件,-0.1,9906716.47,5.2829008173,-86.5693,-4739147.96,-4.43,-122.4843,2.496450906485,-3.89,-0.40869696569,73.5844292312,,2023-06-28,2023-03-31
001386,马可波罗,,1562690500.0,-2.1232929565,,234283900.0,-13.1565876163,,,,,,家居用品,2023-06-28,2023-03-31
833478,侨益股份,,380490000.0,-5.9576702001,-19.4673,4482900.0,-11.581625609,-79.3295,4.457326329217,,-0.395714878509,,,2023-06-27,2023-03-31
833453,永创医药,0.64,111279078.19,40.9903747461,104.7379,19216157.14,26.99,125.6723,4.59566007,15.01,0.988169779667,24.4032359916,,2023-06-27,2023-03-31
831828,利特尔,0.06,72831793.81,11.4440610965,-22.4881,3769097.29,41.88,-62.187,3.031918309211,2.07,0.169379455921,20.3671499959,,2023-06-27,2023-03-31
831718,环球青鸟,0.1,55494054.57,118.5334607583,,5683068.67,245.18,,3.732283877173,2.58,-0.443260539881,28.7267954442,,2023-06-27,2023-03-31
873017,渝欧数智,0.28,792202702.19,-21.7421600184,,30810220.74,-20.5236328532,,4.717432921528,6.04,0.812298269837,10.5782628547,,2023-06-26,2023-03-31
839583,图南电子,0.15,37390572.54,21.854560177,-42.1181,4619844.85,41.2497106271,-79.4514,4.88623424494,2.79,-0.210780100698,46.316481839,,2023-06-21,2023-03-31
836249,恒丰特导,0.08,169638550.12,-21.6880680649,-11.1805,13405408.12,-14.55,0.2872,2.833327387937,2.79,-0.195384728186,14.7079317539,,2023-06-21,2023-03-31
831892,新玻电力,0.08,21775755.22,1468.1803992905,-66.0538,2942894.48,0.0,-77.9053,5.444590176005,1.48,-0.57573577697,37.8246472592,,2023-06-20,2023-03-31
831860,盛安传动,0.13,47155537.7,-21.3188232651,-43.4976,13693212.71,36.0117310913,-33.5961,4.429261016026,2.87,0.055021394963,28.1949890903,,2023-06-20,2023-03-31
001390,古麒绒材,,95255300.0,4.0290019996,-55.8699,15708300.0,158.3134630248,-51.13,,,,,纺织制造,2023-06-20,2023-03-31
873751,知鱼智联,0.2,68252136.53,5.8455116907,38.3434,10105451.59,18.61,62.8702,2.687368896545,8.01,-0.195998158545,28.4876681354,,2023-06-19,2023-03-31
838693,佳鹏股份,0.06,33353199.66,-36.5286104016,,2961518.85,-67.2,,2.266223189295,2.65,-0.003404082632,32.6621627042,,2023-06-19,2023-03-31
603120,肯特催化,,155616000.0,-18.6444931226,,15165900.0,-46.0242155914,,,,,,化学制品,2023-06-19,2023-03-31
836679,科睿特,-0.18,6702920.84,22.3497889038,,-9316984.37,-18.4432426898,,1.819515105253,-9.23,-0.097626504157,30.2275767291,,2023-06-16,2023-03-31
834489,安瑞升,0.46,157628988.08,-10.6378448698,1.5366,46659223.59,129.63,46.1221,6.577692388733,7.36,0.212389225026,22.8160984969,,2023-06-16,2023-03-31
870536,快达农化,0.1669,314958433.88,23.3339704649,27.6251,42711591.41,18.297049703,25.7849,3.667435440896,4.4,0.076417410841,25.4880777603,,2023-06-15,2023-03-31
832586,圣兆药物,-0.47,5190198.41,-2.5568680504,-5.4901,-60274202.26,-149.36,-7.3454,2.894111486659,-15.04,-0.349622080772,39.9920144864,,2023-06-14,2023-03-31
832063,鸿辉光通,0.15,208759960.49,-10.3520100128,-11.2473,19460786.9,154.76,36.518,4.168083490455,3.5,0.29562690447,19.2499155373,,2023-06-14,2023-03-31
831255,佳和电气,-0.05,15620654.74,19.3752849712,-85.2072,-3113258.09,-32.88,-113.0795,2.509146058738,-2.1,-0.497331784913,37.799050669,,2023-06-14,2023-03-31
870757,森罗股份,-0.07,420258.29,-28.0909071107,-99.5509,-3002473.66,47.85,-109.538,2.634052886886,-2.62,0.337293263858,44.598473001,,2023-06-13,2023-03-31
836266,亿维股份,0.03,18696765.09,-4.8909056444,-82.5815,1728442.65,-2099.11,-93.7374,1.973757172833,1.22,0.278491153167,63.6627412427,,2023-06-13,2023-03-31
836193,瑞一科技,0.42,107014971.76,46.5644254422,-8.2156,32226861.46,118.02,17.9735,4.790842660394,11.96,0.15002278032,49.1021202135,,2023-06-13,2023-03-31
301618,长联科技,,130670000.0,10.0151968646,-15.4596,18979700.0,59.6341309559,-25.3017,,,,,化学制品,2023-06-13,2023-03-31
838381,德孚转向,0.26,64410420.49,13.5898248362,6.4184,10306973.0,86.77,-1.9269,5.523598417866,4.74,0.123920367246,33.7789294721,,2023-06-12,2023-03-31
688708,佳驰科技,,126232000.0,,,65236100.0,,,,,,,航空装备Ⅱ,2023-06-12,2023-03-31
873575,西诺稀贵,0.1,73378737.06,68.7801501412,-37.02,7870446.03,589.9781643492,-42.3321,3.470963139009,2.92,-0.784677504574,29.4998245368,,2023-06-09,2023-03-31
837601,天瑞电子,0.15,21938916.8,4.8942448952,-32.7344,5934901.35,29.22,-10.4751,3.02669926525,5.03,0.052029642,35.5330826999,,2023-06-09,2023-03-31
832214,太川股份,0.11,28590851.96,18.0795298145,-68.3702,4646518.57,135.2266760984,-89.5541,3.857072008005,2.93,-0.055695767354,44.1760383275,,2023-06-09,2023-03-31
833179,南京试剂,0.3183,120437284.81,-7.6734549825,5.1301,25464393.07,0.1495577467,-11.0418,5.442151867,6.03,0.19268316575,36.8693582225,,2023-06-08,2023-03-31
603072,天和磁材,,634666300.0,,,36406100.0,,,,,,,金属新材料,2023-06-08,2023-03-31
301584,建发致新,,3122893600.0,17.1063391412,,33251200.0,25.2536058553,,,,,,医药商业,2023-06-08,2023-03-31
872320,康亚药业,0.01,24338455.5,57.1516400953,,457613.4,115.5600978497,,4.719978433908,0.15,0.022747513557,58.2249206405,,2023-06-07,2023-03-31
871643,祥生科技,0.05,40804919.72,-75.7650824144,,3157850.9,-90.45,,3.674392318702,1.38,-0.200249454994,30.1574315167,,2023-06-07,2023-03-31
870488,国都证券,0.04,421436600.0,504.0542942323,162.8636,238232200.0,796.7442867087,300.4909,1.79432542024,,0.094031200686,,,2023-06-07,2023-03-31
870790,蓝色星际,-0.02,76113746.95,-9.3105060456,-33.2364,-3634263.41,36.9971126746,-115.3341,3.469747872026,-0.54,-0.20920231709,43.2515492919,,2023-06-06,2023-03-31
831287,启奥科技,-0.06,15615128.09,-12.6720259803,,-5646323.44,-34.7830740441,,4.937780656568,-1.26,-0.3385080673,59.9474820574,,2023-06-06,2023-03-31
873709,英普环境,0.11,59238649.37,21.678024775,-18.3043,7250825.48,36.16,-18.7009,3.164304917598,3.42,-0.221603166585,31.4887803965,,2023-06-05,2023-03-31
874951,正恒动力,,149553700.0,-14.1762124498,,13918800.0,-17.1391491743,,,,,,,2023-06-02,2023-03-31
831406,森达电气,,64583083.38,-24.5342031669,-67.3046,8488248.59,-4.25,-79.3171,2.79819223295,1.98,-0.312751170097,27.4705451668,,2023-06-02,2023-03-31
838812,欧曼科技,0.09,72368287.1,-10.7864851163,-17.9838,5030917.77,-4.9301320102,-54.416,3.79874620404,2.51,0.14947985188,26.6518839576,,2023-06-01,2023-03-31
832093,科伦股份,,68150375.75,15.3573954862,-24.3259,4798097.94,2.0507962933,-75.3339,2.301089845961,,-0.066894305543,25.095084263,,2023-06-01,2023-03-31
688759,必贝特,,,,,-31770800.0,-5.0941423978,35.106,,,,,化学制药,2023-06-01,2023-03-31
301631,壹连科技,,591047200.0,31.7210420152,,55799200.0,12.5185769221,,,,,,汽车零部件,2023-06-01,2023-03-31
834218,和创科技,-0.0931,42496593.46,4.7731390263,-3.9481,-14819439.41,-103.85,-3.8074,1.04293611093,-8.55,-0.05967641399,60.9296586193,,2023-05-30,2023-03-31
838194,金泰美林,0.22,40426217.35,30.4325807419,-14.2446,11253590.56,35.76,-11.6418,2.648345251694,9.35,0.008916475289,50.6542964748,,2023-05-29,2023-03-31
837934,神州能源,0.17,73492320.95,37.2573058515,,8891770.52,324.17,,3.301026024466,5.39,0.125239258202,20.9250338419,,2023-05-29,2023-03-31
837654,文昌新材,0.25,51111809.98,12.3037366641,-25.1996,7274936.76,24.02,-42.3818,4.490894704219,5.65,0.657230597173,23.4632137752,,2023-05-29,2023-03-31
833444,华恒股份,0.0429,148521798.72,-29.8537329842,-56.3531,11354733.43,9.0118336261,-73.0175,2.64301907109,1.64,-0.112630876126,32.5843475484,,2023-05-29,2023-03-31
874781,泰丰智能,,143073100.0,0.3236680709,,15498700.0,-3.8999471432,,,,,,,2023-05-26,2023-03-31
836935,小棉袄,0.12,23960818.95,-5.6942343646,,4465855.43,-28.7623143315,,3.457685285528,3.43,0.125794693872,53.1966959335,,2023-05-26,2023-03-31
833746,宏中药业,0.22,21926690.52,-0.2859174663,-33.1152,8734794.63,-10.8582239675,-45.7656,3.046772247669,7.64,0.173443251614,65.4189018033,,2023-05-26,2023-03-31
920161,龙辰科技,0.15,90679045.71,22.920760106,-0.0596,13264193.44,-0.06144617,-8.7877,5.102600429335,2.91,-0.241649275153,35.6110779697,塑料,2023-05-25,2023-03-31
874881,侨龙应急,,23986900.0,-59.7174313899,,-746700.0,-104.6926552749,,,,,,,2023-05-25,2023-03-31
837078,阿泰可,-0.1,18512781.75,215.3230570325,-79.1962,-3320139.37,14.390683294,-124.2502,4.005796464721,-2.45,-0.525509046854,32.1111885846,,2023-05-25,2023-03-31
872495,凯鸿集团,0.0668,220976813.5,-7.3756792009,,4544451.67,-22.4075850466,,2.589878740072,2.61,-0.066689715553,8.872271253,,2023-05-24,2023-03-31
834684,聚合科技,0.08,76131604.25,-55.8698487807,-24.0067,3458939.24,-62.4771837689,-58.0811,4.233696298955,1.79,-0.250452547052,16.7567776296,,2023-05-24,2023-03-31
836312,集美新材,0.2,51168619.91,13.3726102896,-12.0386,10551991.0,-14.6857091733,-22.3592,3.544905386202,5.74,0.258664140795,39.5259720422,,2023-05-22,2023-03-31
833640,中崎股份,0.06,42277727.64,23.2684418345,-41.2382,2962762.47,1064.28,-72.8543,5.019277789553,1.18,-0.105728853298,32.50166451,,2023-05-22,2023-03-31
831934,宇迪光学,0.03,92960192.82,-30.2352310325,,2449991.23,-81.1,,5.481143426187,0.55,0.198347342606,23.3097360307,,2023-05-19,2023-03-31
831237,飞宇科技,0.0275,77519357.16,-21.2710250137,-42.9558,4264110.38,-15.6438812035,-77.3577,1.952177389793,1.42,-0.159840838372,20.5907278966,,2023-05-19,2023-03-31
837305,万和科技,0.19,104474190.62,72.6385743673,16.972,5230234.25,-36.4770550959,-34.7772,4.415351013175,4.5,-0.513961094434,12.1377139605,,2023-05-18,2023-03-31
001400,江顺科技,,218895300.0,7.7789091496,-0.7181,33152700.0,18.905726019,-16.5681,,,,,专用设备,2023-05-18,2023-03-31
873642,牦牛控股,0.18,62650946.3,14.3778215485,,7169340.69,-11.8,,6.915719334428,2.69,0.370225230115,31.8031560363,,2023-05-17,2023-03-31
839483,用友金融,-0.06,70180319.0,26.5224020975,-75.6195,-6654384.0,14.88,-108.4986,4.106541274097,-1.51,-0.910558955083,52.1158788121,,2023-05-15,2023-03-31
836831,蜜思肤,0.04,27762370.74,6.4318854587,,3109728.49,47.808652589,,1.761602528453,2.48,-0.074631549448,51.231722547,,2023-05-15,2023-03-31
832075,东方水利,0.069,47398458.44,22.9133432993,-15.2387,5248984.45,351.9877302147,-25.5334,2.36676485176,2.97,-0.200450989211,24.5591852206,,2023-05-15,2023-03-31
839255,思亿欧,0.15,43899382.83,0.4794681666,-11.63,5008791.8,-15.57,-11.7971,2.491148451157,6.04,-0.033194176893,69.5296556633,,2023-05-12,2023-03-31
831288,安美勤,,35726012.49,36.4890506051,1.2226,16035683.35,10.64,42.3308,2.847607618617,,-0.089371588,73.2167444585,,2023-05-12,2023-03-31
430566,虹越花卉,,91220562.6,-18.6172801167,-50.6585,6312601.23,-39.0643961016,-57.4808,5.575549954483,1.91,0.378149097759,32.3752942738,,2023-05-12,2023-03-31
831275,睿泽科技,0.15,68985873.0,-1.6583721532,11.299,11997730.25,-21.4539219676,5.0746,5.347242531137,2.82,0.220668167178,35.4640686362,,2023-05-11,2023-03-31
301560,众捷汽车,,178696100.0,8.9411083338,,18588100.0,5.1499912319,,,,,,汽车零部件,2023-05-11,2023-03-31
871757,太重向明,0.07,112046085.7,368.3708616519,-17.7163,9502327.83,781.3501250588,30.8707,2.366990270228,3.17,-0.083186927252,22.0314643531,,2023-05-10,2023-03-31
831378,富耐克,0.0852,75188339.62,24.063476326,-26.2468,10996143.68,-6.1241242045,-43.4602,3.888458428095,2.22,0.176058220518,41.8348261831,,2023-05-10,2023-03-31
430547,畅想高科,0.09,23694433.13,329.5410172729,-77.8469,2805217.26,456.73,-91.8589,4.995630437375,1.76,-0.354667427301,54.5652185856,,2023-05-09,2023-03-31
837341,睿恒数控,0.1449,30204992.13,50.111817405,-30.3771,5187061.45,6.35,-47.8883,3.671266067598,4.03,-0.157440415642,47.4519264508,,2023-05-08,2023-03-31
833334,摩尔股份,0.0993,21862770.02,67.0250397478,-61.5914,4931450.05,647.86,-69.5653,3.681309047331,2.73,-0.019500816314,48.743479853,,2023-05-08,2023-03-31
870804,科志股份,0.18,52761737.66,2.3027171574,-58.2007,17033755.87,40.05,-66.6425,3.579198343415,5.08,0.530465869556,49.1915542988,,2023-05-05,2023-03-31
831006,久易股份,2.43,504590057.82,19.6124594988,,127935547.09,84.334145217,,11.735692861899,22.58,-1.275361559565,35.2326962382,,2023-05-04,2023-03-31
420178,山航B3,-1.18,3883885718.08,91.0612425817,161.395,-471073161.57,64.63,70.3816,-20.74250965145,,4.52980231445,-5.1830670095,,2023-04-29,2023-03-31
400248,R通达1,0.011,267748796.93,-5.5957790035,124.6828,17188378.83,-65.32,101.1338,1.944790424827,0.55,-0.437548000281,26.7464596148,,2023-04-29,2023-03-31
400207,R鸿达1,0.0006,834175354.74,-8.2681108968,-15.9451,1957029.92,-98.09,-84.7854,3.264357617563,0.02,-0.000180428088,19.2538981663,,2023-04-29,2023-03-31
400206,R爱迪1,-0.1,68802870.07,-30.0088111121,-57.3619,-45629684.51,-43.55,91.2964,-1.353839391369,,-0.00942366934,-11.1792577289,,2023-04-29,2023-03-31
400205,泛海3,-0.2517,1712167214.05,-25.0300701555,-59.2119,-1307800923.63,-63.97,85.9317,-1.262374745078,,-0.018628451813,52.0840481251,,2023-04-29,2023-03-31
400203,R华仪1,-0.08,46591270.7,-23.1034116656,-53.3295,-59327589.35,-27.8995250792,82.8683,-0.269038879687,,-0.055727581156,35.1500169108,,2023-04-29,2023-03-31
400202,R经纬1,0.1384,2518482016.82,-11.7911938316,-13.3337,97480550.03,-28.32,80.1282,14.191307627881,0.98,-2.868131005127,18.6960122472,,2023-04-29,2023-03-31
400199,阳光城3,-0.11,1964749678.84,5.8178473529,-90.719,-470808672.48,68.54,92.8841,1.130488452379,-9.51,0.056921214087,9.7657668433,,2023-04-29,2023-03-31
400197,天润3,-0.0109,47748068.03,-31.8062517782,-4.2492,-16506529.92,7.9,90.3109,-0.054778232375,,-0.01761575133,29.6959155732,,2023-04-29,2023-03-31
400196,R紫鑫1,-0.16,13394698.97,91.9241086506,-84.5524,-207040423.63,-0.12,67.0249,1.061390959323,-14.15,0.001694181162,32.9220424429,,2023-04-29,2023-03-31
400195,泰禾3,-0.244,969247187.01,294.2340494655,-72.6127,-607336266.74,-50.0,73.0105,1.555503350776,,0.01299823355,9.3210126117,,2023-04-29,2023-03-31
400192,宋都5,-0.05,439860282.99,-74.6214882588,-62.6928,-61364255.31,-427.4744027164,98.2045,0.531660602019,-8.26,0.140000623809,23.4803079123,,2023-04-29,2023-03-31
400191,粤泰3,-0.037,168704203.02,-3.6070293075,-1.2462,-93973666.72,-30.52,85.7308,1.10494530328,-3.3,0.005207128363,20.3648766747,,2023-04-29,2023-03-31
400189,广文城3,-0.0428,8161368.51,-49.875403132,-59.9205,-20601515.14,2.49,69.7153,-0.904474552998,,-0.002788328332,38.0122177573,,2023-04-29,2023-03-31
400188,R易尚1,-0.1983,47942453.15,-35.8648172798,112.3783,-30639621.54,37.44,37.8655,3.821926745199,-5.06,-0.078409857404,40.2988086353,,2023-04-29,2023-03-31
400186,美置3,0.043,2589704842.86,5.092632236,170.292,105979490.01,177.96,113.5301,0.701989679922,4.54,0.07241050587,18.9570343506,,2023-04-29,2023-03-31
400184,R必康1,-0.097,1210896634.7,-46.4072251357,-37.4493,-148573875.27,-155.09,89.9132,3.162994374804,-2.74,-0.452240797654,7.0970198725,,2023-04-29,2023-03-31
400182,R腾信1,-0.1125,694469.36,-98.062785443,-99.1597,-43211346.61,-110.38,94.6305,-1.790906380964,,-0.010756107031,-215.5282631908,,2023-04-29,2023-03-31
400179,顺利3,-0.009,3969683.7,-69.2308912557,-88.2283,-6964637.75,65.72,-104.7768,0.065413153894,-13.0,-0.026003376174,74.3387061292,,2023-04-29,2023-03-31
400176,奇信3,-0.26,122175587.29,-44.9441614755,-65.4688,-59012269.0,-104.31,29.9625,-2.365828083333,,-0.066363770311,5.898397724,,2023-04-29,2023-03-31
400175,R和佳1,-0.1052,79933332.32,-50.5312847746,29.2631,-83112638.78,-182.62,89.5248,0.879793447936,-11.29,0.037624875496,50.4118183372,,2023-04-29,2023-03-31
400174,中天3,-0.242,5487881623.75,1.0183523907,346.7801,-1690532799.5,-74.61,85.3002,-0.857717991527,,0.567991388728,-13.2156451263,,2023-04-29,2023-03-31
400173,银河3,-0.0663,246294394.96,-23.5101657321,-37.1952,-72875903.87,-396.57,74.7743,-1.205017990279,,-0.033493574751,31.6240647428,,2023-04-29,2023-03-31
400172,R中昌1,-0.03,33743670.71,903.9794143652,962.4608,-13571246.57,59.42,97.3529,-0.554838536191,,-0.044479751335,2.546413333,,2023-04-29,2023-03-31
400171,R庞大1,-0.01,5556332974.0,-14.9646742737,-5.2143,-123201675.0,-35.0513698501,90.4145,0.994685857539,-1.2,-0.02752020935,7.0533467277,,2023-04-29,2023-03-31
400170,运盛5,-0.0171,6685060.49,-24.7424964828,-39.1919,-5820106.94,-36.47,84.1388,0.573531676834,-2.932,-0.039830913113,34.7140974038,,2023-04-29,2023-03-31
400169,江科宏3,2.24,221830096.09,-9.6382883363,-43.2758,2590583008.42,15195.6278249742,150.213,-2.364649860016,,-0.010369615397,12.3167145539,,2023-04-29,2023-03-31
400168,R辅仁1,-0.2,462467659.07,32.3912630262,28.8106,-122897067.88,30.67,94.4816,-3.399150653783,,0.010349442135,51.8125142765,,2023-04-29,2023-03-31
400167,未来3,-0.04,12271180.53,-27.6434995581,101.4637,-22323191.11,-87.7116956485,-175.0748,2.85177517346,-1.51,1.60443214622,2.8041557954,,2023-04-29,2023-03-31
400166,宜康3,-0.0889,208337905.44,-19.571478881,-15.0241,-78034861.33,9.39,45.6612,-0.977473257055,,-0.010966780724,18.505464149,,2023-04-29,2023-03-31
400164,R吉艾1,-0.1,515094.33,-71.9701178686,-72.7186,-84564409.42,24.2,87.1176,-2.161320034002,,-0.014721001992,-9160.4482794443,,2023-04-29,2023-03-31
874839,广州医药,0.06,12926038298.46,6.5188878312,3.9443,148829863.82,9.8553241812,-10.9891,2.516738036733,,-0.608407342122,6.6505272975,,2023-04-28,2023-03-31
873821,先声祥瑞,0.12,163867396.31,24.9726913972,,45604440.12,28.21,,1.986405218902,6.2,0.045396421869,95.8856347621,,2023-04-28,2023-03-31
873759,贺祥智能,0.07,63941936.01,62.2022979816,-19.5578,3694937.32,823.97,-38.4293,4.351712680364,0.76,-0.550151872909,26.1542568517,,2023-04-28,2023-03-31
872538,喜跃发,0.0082,29915745.24,218.9000666527,,989664.99,134.92,,2.231277746,0.37,-0.269857551417,22.722319419,,2023-04-28,2023-03-31
872230,青岛积成,0.02,72010863.04,9.0319650889,-62.2775,2585857.07,8.8468367409,-89.9493,4.62157636081,0.51,-0.318350914197,29.4373650517,,2023-04-28,2023-03-31
870801,皖创环保,0.1,92448908.63,62.4508285278,-36.3785,10339020.04,110.61,-46.54,2.338206321256,4.37,-0.016644287246,38.2176049275,,2023-04-28,2023-03-31
870029,宏灿股份,0.15,24221579.73,-82.1166142505,,5019250.82,390.28,,1.488013152926,9.78,-0.061873666081,46.9394421286,,2023-04-28,2023-03-31
839934,颐丰智农,-0.03,19904231.45,74.3061098426,,-2087020.55,-143.92,,4.269472290246,-0.68,-0.147600982877,24.8079080692,,2023-04-28,2023-03-31
838593,大唐科技,0.22,67620731.05,7.5144065291,,6549936.28,-7.66,,2.450918322485,18.82,-0.003169949629,32.5749582088,,2023-04-28,2023-03-31
837667,益生康健,0.15,36723789.2,-4.502976401,,4692344.59,-20.09,,2.71362643676,5.52,0.161168429907,63.7358950421,,2023-04-28,2023-03-31
836744,沛尔膜业,-0.04,5282204.86,21.1176746712,-76.7956,-2017286.31,27.72,-127.8599,1.36737933875,-3.03,-0.017172320625,40.5904438928,,2023-04-28,2023-03-31
834743,迈新科技,0.34,76192519.01,22.9592729828,,11025962.82,68.33,,4.606677718057,7.66,-0.874493800515,24.3372617823,,2023-04-28,2023-03-31
833042,海控能源,0.02,109827121.59,74.0254496163,-42.8106,8825531.44,676.5,-35.0507,1.868175093158,0.96,0.021633026578,23.7271278012,,2023-04-28,2023-03-31
832888,天地人,0.38,64826519.9,28.4766805894,232.5137,18787211.54,204.92,178.3444,2.194054469358,22.3,0.396462305767,50.119166909,,2023-04-28,2023-03-31
831244,星展测控,-0.04,21095134.28,209.250230645,,-4320149.22,-53.59,,2.428757565386,-1.46,-0.322689278916,61.6812310711,,2023-04-28,2023-03-31
831099,维泰股份,,290428905.83,70.0724887733,-83.5489,-50698396.64,39.73,-218.3117,8.105856142086,-1.7,-1.754340449518,16.1914998563,,2023-04-28,2023-03-31
830983,保得威尔,0.0,23394827.83,51.7892284873,,66897.35,102.04,,1.535463419706,0.11,-0.150781120227,27.4687023418,,2023-04-28,2023-03-31
430623,箭鹿股份,0.1,136519262.4,41.3869481425,-33.5058,15822068.58,58.5923776453,-23.4778,4.520376470194,2.26,-0.072224765127,20.0637986307,,2023-04-28,2023-03-31
420073,上普B5,0.003,15658230.31,-2.5723508311,10.2598,1321024.37,291.11,103.7508,0.634740166532,0.55,0.010754144407,42.9073157502,,2023-04-28,2023-03-31
400229,R越博1,-0.1356,69354437.3,-34.4891966359,1887.551,-19161981.47,-16.08,80.2525,-0.752665053219,,-0.082933252443,10.8753304239,,2023-04-28,2023-03-31
400228,R三盛1,-0.04,66687615.18,14.2009519065,38.0378,-13429234.93,-56.19,85.5251,3.57994792131,-1.0,-0.680996614739,26.252669574,,2023-04-28,2023-03-31
400204,柏龙3,-0.0293,15740726.54,56.9651171111,-62.7357,-15750514.55,50.13,97.9131,-1.245985843122,,-0.006726590724,14.209167819,,2023-04-28,2023-03-31
400201,海投5,-0.0063,7570437.6,-46.1964458769,-71.0904,-8962947.13,-76.34,98.9603,2.800410359588,-0.22,0.000268297772,32.6780790056,,2023-04-28,2023-03-31
400193,嘉凯城3,-0.08,218537002.49,-17.9080716908,-61.4159,-146762628.46,17.67,54.502,-0.135139887285,,0.009060552901,1.3240922896,,2023-04-28,2023-03-31
400185,R中潜1,-0.055,20230985.16,261.9081585971,-72.4058,-11228094.8,-32.03,70.418,1.080381391694,-4.92,-0.09312953121,12.1055324821,,2023-04-28,2023-03-31
400177,阳竹5,-0.02,4224277.71,-27.8801752778,-80.532,-4205315.2,-3.98,88.7873,0.268797496899,-5.63,-0.037361893909,10.5671293567,,2023-04-28,2023-03-31
400099,宜生3,-0.03,19601129.64,68.7873935477,-66.0874,-50783699.49,33.0347869005,96.5055,0.032202202608,-69.43,-0.001287612134,4.3239342097,,2023-04-28,2023-03-31
400073,上普A5,0.003,15658230.31,-2.5723508311,10.2598,1321024.37,291.11,103.7508,0.634740166532,0.55,0.010754144407,42.9073157502,,2023-04-28,2023-03-31
873901,利盈环保,0.28,45818906.94,23.0822761203,-9.695,16664182.26,-3.06,-48.3446,5.05601670109,6.14,-0.345050754829,62.8914350745,,2023-04-27,2023-03-31
873797,帮安迪,0.007,47705425.79,105.4168343959,,1500435.33,157.41,,3.418718881001,0.39,-0.186392345761,27.2605672723,,2023-04-27,2023-03-31
873553,华成工控,-0.01,40996679.55,-16.2583014129,-8.3603,-285409.63,-106.62,-123.4286,5.601968949399,-0.17,0.240846978028,22.1777383432,,2023-04-27,2023-03-31
873476,网智股份,0.09,25443101.64,67.6069848228,,1379982.9,127.73,,3.260167168384,2.8,-1.180734784792,43.4660825024,,2023-04-27,2023-03-31
872733,ST育达,0.21,10148522.22,16136.1158515563,,1067540.73,-206.71,,1.065086768,22.28,-0.189290642,22.6633776834,,2023-04-27,2023-03-31
870507,泰德网聚,0.15,26515878.0,158.9825071572,125.0538,7109090.77,726.57,823.6769,1.647970709387,9.74,0.033913741158,60.4583970027,,2023-04-27,2023-03-31
839222,三英精密,-0.09,22232911.42,21.7914741233,-64.4654,-2853219.6,-225.13,-244.7811,3.983818831362,-2.16,-0.381206303506,46.4296004468,,2023-04-27,2023-03-31
837506,贺鸿电子,0.26,86609310.92,8.1786274962,-27.1928,11746894.82,779.0276324328,-34.1049,7.131074911835,3.67,0.24924829255,28.7745128962,,2023-04-27,2023-03-31
837090,泛谷药业,0.31,98533774.91,-19.2830411695,,14385449.51,-59.07,,7.668097725227,4.08,-0.55551768704,66.2461706147,,2023-04-27,2023-03-31
836660,钢研功能,0.04,52675967.22,40.1995218921,-19.0936,6010892.23,135.97,432.5523,1.574065164986,2.4,0.318464907252,26.0379138417,,2023-04-27,2023-03-31
834443,华路时代,0.08,52057393.28,-9.7381366521,,3192753.85,224.86,,4.986534042163,1.6,-0.243489329117,19.7279579574,,2023-04-27,2023-03-31
833572,励福环保,-0.13,298506455.67,89.0734552943,-42.4219,-9381610.59,-6.73,-131.2865,4.967377594748,-2.53,-0.074486414185,8.0572275317,,2023-04-27,2023-03-31
833355,臻木科技,0.11,12049525.97,2963.4308877422,,7051974.27,386.05,,1.06916632716,11.0,0.109769084667,77.8542479875,,2023-04-27,2023-03-31
833105,华通科技,0.05,21973909.81,85.9096805541,-80.56,5475867.63,119.42,321.0065,1.843652861334,2.62,-0.1237111211,51.1842056659,,2023-04-27,2023-03-31
831394,南麟电子,-0.05,67391172.16,-8.7870697617,-9.066,-6854601.35,7.38,72.046,2.967778056362,-1.62,-0.190261956531,14.2690000215,,2023-04-27,2023-03-31
400208,金鹤5,0.005,493731328.5,33.7599261575,-55.9526,7837306.5,207.81,45.4984,1.087672495603,0.46,0.028256146334,18.3570269311,,2023-04-27,2023-03-31
400200,R弘高1,-0.0142,27970888.42,-19.8676732605,2.9211,-14575210.45,-84.16,96.5941,-4.267084678213,,0.014557874448,7.876633187,,2023-04-27,2023-03-31
400180,R新文化1,-0.0129,11532171.53,-54.9367991952,-67.6382,-10369321.5,49.22,87.8148,0.073203967025,-16.15,-0.076635796604,-11.5139110318,,2023-04-27,2023-03-31
400163,计通5,-0.0472,42874723.12,12.7190344527,-73.0001,-7926819.03,-36.54,-305.2545,2.074906640649,-2.22,-0.159961841246,13.3295268497,,2023-04-27,2023-03-31
873871,斯普兰蒂,0.15,32925044.24,-30.1750074487,-19.1611,4672359.48,-31.54,-26.5648,4.634975559333,3.59,-0.102167636333,32.1734607334,,2023-04-26,2023-03-31
873359,威宁能源,0.02,731688179.77,11.2657584328,,78710834.24,332.89,,1.430213826172,1.12,0.049473432583,43.9357645959,,2023-04-26,2023-03-31
873126,智信恒瑞,0.57,14987800.0,2272.9892336922,,6668038.37,39646.73,,3.277249906341,19.16,-0.282820146073,60.3677657828,,2023-04-26,2023-03-31
872971,鸿荣重工,-0.01,5245783.91,29.1452516793,,-556358.55,41.194476101,,1.476112738034,-0.74,-0.007615610006,39.9682727305,,2023-04-26,2023-03-31
871841,广正股份,-0.14,8679413.27,-9.5260834874,-79.3966,-3254884.63,-110.75,-131.7887,3.164435538696,-4.47,-0.168583031739,35.9354397927,,2023-04-26,2023-03-31
839044,青藤科技,0.03,52676231.78,12.2521773081,,1216898.36,253.7371661698,,1.878801504032,1.41,-0.18033165554,30.645183766,,2023-04-26,2023-03-31
838961,吉邦士,0.0065,11868873.56,26.138282167,,130355.59,1754.21,,0.409506074619,0.8,0.006189204642,12.1456741679,,2023-04-26,2023-03-31
836708,中裕广恒,0.06,26867438.25,1067.4011697537,,2975862.04,27.68,,2.396883602813,2.45,-0.051928850166,38.7567575781,,2023-04-26,2023-03-31
834372,容川机电,0.15,52398047.04,8.5282650551,,5450362.05,72.46,,2.629137632464,5.98,-0.169551950378,22.2355013367,,2023-04-26,2023-03-31
832774,森泰环保,0.0048,26515162.75,156.778071479,,507345.99,108.12,,1.616265973947,0.29,0.077222224316,34.9445710266,,2023-04-26,2023-03-31
830978,先临三维,0.03,201768215.48,31.4439331158,-8.3673,10334004.96,166.92,-49.4316,2.936389015334,0.97,0.087422154458,64.9745212734,,2023-04-26,2023-03-31
430592,凯德股份,0.1,144685127.2,36.2546053194,,5103784.65,45.06,,3.450720529149,2.79,-0.137433981933,15.2849267565,,2023-04-26,2023-03-31
430165,光宝联合,0.0,40577026.87,26.4360223626,-32.7034,357732.18,130.56,-96.324,2.132618138475,0.13,-0.11803493242,25.5188733595,,2023-04-26,2023-03-31
400253,威创3,0.02,112161846.92,-13.0221860483,34.333,14427818.27,-2.42,141.9098,2.195502870236,0.73,-0.002457920657,56.3218278717,,2023-04-26,2023-03-31
400209,新海宜3,0.007,37619028.95,-22.7965759071,19.6589,9569495.39,306.96,103.1171,0.723131267717,0.99,-0.000769483815,48.5285182514,,2023-04-26,2023-03-31
400194,R蓝盾1,-0.19,13354965.06,-71.838114885,153.8628,-236151042.09,11.7,73.6185,-0.734242704655,,-0.002387046754,40.1091072566,,2023-04-26,2023-03-31
873139,格林斯达,0.2,58932850.76,502.4826400106,-65.9378,4086021.46,301.78,-87.1428,4.091900394545,5.63,-1.12594543531,21.3487448812,,2023-04-25,2023-03-31
832281,和氏技术,0.11,31226358.98,21.8709302881,2298.3072,6136947.55,17.57,198.9396,2.590359734594,3.61,-0.118525474984,34.6980773741,,2023-04-25,2023-03-31
400198,R搜特1,-0.04,79305808.93,-84.9359763919,-64.8083,-123326411.88,2.83,74.7913,-0.593051845118,,0.004067238736,1.9447805789,,2023-04-25,2023-03-31
400121,R天源1,-0.02,952381.0,0.0,0.0,-21159982.57,-194.88,99.2156,-1.398258139332,,0.000134843668,,,2023-04-25,2023-03-31
873917,朗诺宠物,0.009,34877814.4,16.0839207193,,353917.93,-74.97,,2.9524594928,0.26,0.039910440533,43.3374113603,,2023-04-24,2023-03-31
836161,一万节能,0.0922,21862260.42,21.3453061363,,1028383.45,245.14,,3.910176513901,2.39,-0.334161747982,15.0767274137,,2023-04-21,2023-03-31
834701,鑫考股份,0.08,31803843.98,147.5502814886,34.9626,1626580.61,199.6399045901,413.3566,2.316380551932,3.51,-0.332865317077,37.3058672954,,2023-04-20,2023-03-31
400066,R鹍鹏1,-0.0197,4047969.28,-64.9893952696,-64.4942,-8458277.28,-223.74,-72.9188,-0.096947598452,,-0.001599162324,-109.743796277,,2023-04-20,2023-03-31
400210,博天5,0.01,194145630.04,11.7197556808,142.6492,10327105.75,111.88,-99.4416,1.739838111575,0.62,0.069444826824,31.3386918199,,2023-04-18,2023-03-31
301598,博科测试,,52221000.0,14.3126704697,,-1541100.0,56.7094581308,,,,,,专用设备,2023-04-14,2023-03-31
301557,常友科技,,132228200.0,51.5045825518,,7125000.0,77.0406261647,,,,,,风电设备,2023-04-13,2023-03-31
871484,聚合电力,0.0,15845508.42,83.7832698096,,197923.39,106.56,,1.467739575,0.27,-0.1822084664,31.5773196882,,2023-04-04,2023-03-31
