code,name,eps,revenue,rev_yoy,rev_qoq,net_profit,profit_yoy,profit_qoq,bps,roe,cps,gross_margin,industry,pub_date,report_date
874103,钜芯科技,,116526436.85,,,11668525.44,,,,,,14.6203037187,,2026-07-17,2024-03-31
600448,华纺股份,0.0015,661414927.29,3.9307403551,16.0816,945438.85,-14.7,-84.5148,1.991668395849,0.07,0.047380015361,8.4420417617,纺织制造,2026-07-14,2024-03-31
603843,*ST正平,-0.02,238161929.1,-16.0657660586,-69.7784,-16561239.2,48.01,96.6281,1.22128776619,-1.92,0.0677728433,2.5423746368,基础建设,2026-06-30,2024-03-31
603389,亚振家居,-0.11,32071525.22,-30.7263544922,-33.7415,-28266633.51,-5.4144449207,49.4574,1.326010795693,-7.8,-0.081015847149,16.668460054,家居用品,2026-06-30,2024-03-31
874226,博韬合纤,0.47,202691603.15,,,18827826.14,,,9.75617352975,4.93,-0.335474231,16.658308339,,2026-06-23,2024-03-31
002816,*ST和科,-0.0959,2284763.44,-91.4523066752,-97.0536,-9589801.69,26.82,78.7155,2.6591861799,-3.54,-0.3915875399,29.7276815669,专用设备,2026-05-30,2024-03-31
300513,恒实科技,-0.0304,112088457.36,-37.5336558863,-71.7551,-9547324.51,-145.73,-237.2722,7.647208391164,-0.4,-0.821812638453,26.0898746033,通信服务,2026-05-29,2024-03-31
601118,海南橡胶,-0.0377,7532600730.63,28.6345657255,-5.6193,-161185737.7,-196.5390651488,-119.367,2.232121691233,-1.6636,0.11368652171,4.2993629247,种植业,2026-05-21,2024-03-31
002496,辉丰股份,0.0321,57219935.86,-8.6153361057,-18.4739,48376333.09,351.65,113.2411,1.017870411692,3.2,-0.004737837847,32.6501068713,农化制品,2026-05-09,2024-03-31
688159,有方科技,0.64,862350045.17,358.73533905,286.1152,58730402.96,400.36,1022.4345,8.762266565447,7.58,-0.203399993455,12.990240681,通信设备,2026-05-01,2024-03-31
688439,振华风光,0.699,348416333.21,7.6317246672,8.2003,139793081.93,8.57,-34.6641,24.3437428658,2.91,-0.4794562326,71.5711937734,军工电子Ⅱ,2026-04-30,2024-03-31
603927,中科软,0.03,1287449540.62,0.9137328869,-43.4067,25878436.87,12.35,-90.9091,5.542588091712,0.79,-1.064173080761,30.9531199171,软件开发,2026-04-30,2024-03-31
603690,至纯科技,0.076,811384104.3,3.4812110534,-14.8045,28938501.6,1.45,85.0824,12.806415099748,1.29,-0.676564118833,33.8223660552,半导体,2026-04-30,2024-03-31
603189,*ST网达,0.01,67022296.8,6.6159474751,-17.9522,3417374.86,124.32,110.7306,5.681622356107,0.22,0.019595317165,24.7771860304,软件开发,2026-04-30,2024-03-31
600398,海澜之家,0.2,6177088464.4,8.7179767723,3.6696,886796520.93,10.41,77.2362,4.057102854905,5.16,0.287635346615,46.6935274575,服装家纺,2026-04-30,2024-03-31
300534,陇神戎发,0.0731,254961825.33,-13.958232616,-4.7917,22174114.55,10.68,49.3997,2.162049880829,3.44,0.43621203046,73.6993501819,中药Ⅱ,2026-04-30,2024-03-31
002883,*ST中设,0.06,141770175.18,-5.9574084464,24.5578,9959464.3,-9.86,124.6584,4.404117386326,1.46,-0.135629176826,36.1132754791,工程咨询服务Ⅱ,2026-04-30,2024-03-31
002726,ST龙大,-0.03,2523176556.28,-27.4287322509,-21.4541,-29540757.17,43.24,96.7023,1.141432595739,2.29,-0.131488883114,3.642189672,食品加工,2026-04-30,2024-03-31
002368,太极股份,0.0262,1661500116.22,-9.9450124265,-55.0057,16329727.56,-40.48,-92.5204,8.309028564558,0.32,-2.47960072842,25.0992392609,IT服务Ⅱ,2026-04-30,2024-03-31
002109,ST兴化,-0.1166,907900700.66,35.2785237939,2.9633,-148824482.48,-33.95,24.4177,3.712617361898,-2.73,0.045666313307,-6.9948797015,化学原料,2026-04-30,2024-03-31
000858,五粮液,3.618,34832906762.77,11.8631317207,67.9854,14045140540.62,11.98,90.374,36.995848472115,10.28,0.132984853681,78.4264150719,白酒Ⅱ,2026-04-30,2024-03-31
874411,友邦股份,1.68,72264989.52,,,16763487.78,,,,10.05,,32.8694386836,,2026-04-29,2024-03-31
688119,中钢洛耐,0.008,532936336.46,-22.8704177119,3.1063,9030816.5,-69.33,187.6258,2.743188780836,0.29,-0.025624406098,15.6551570595,装修建材,2026-04-29,2024-03-31
603329,上海雅仕,0.0267,487730557.7,-17.0413406372,-30.9526,4242553.36,154.1514816909,-75.5625,6.936887291548,0.39,-0.842770185378,10.4750675949,物流,2026-04-29,2024-03-31
601010,ST文峰,0.06,557902068.67,-11.7425707592,2.793,80949245.85,-38.53,11.8859,2.435588799205,1.18,0.001551579194,51.3217326031,一般零售,2026-04-29,2024-03-31
600525,ST长园,0.0127,1649392915.75,-7.9744056623,-37.1014,16763661.34,-2.46,95.4104,3.819404771706,0.32,-0.112683814728,35.0434461989,电网设备,2026-04-29,2024-03-31
600370,*ST三房,-0.0067,5415666045.58,9.358647781,-8.1661,-26283944.94,-130.8,89.5926,1.503225257824,-0.5,0.005876578983,0.8911239289,化学纤维,2026-04-29,2024-03-31
300781,因赛集团,0.1066,144890385.07,88.0837969044,18.0238,11724881.84,0.69,33.7855,6.366034692873,1.69,0.517018004817,35.1679600033,广告营销,2026-04-29,2024-03-31
300555,ST路通,-0.0186,35587640.86,-27.8134300277,-28.7672,-3711622.5,-646.84,73.9823,2.8294340129,-0.65,0.0140467656,18.514002729,通信设备,2026-04-29,2024-03-31
002875,安奈儿,0.06,197619021.2,-9.9595766648,-18.2812,12075644.32,273.9,146.9022,3.908842754076,1.46,-0.122324509742,65.6386876741,服装家纺,2026-04-29,2024-03-31
002785,万里石,0.0183,236422122.63,8.5015069134,172.807,4124235.48,220.54,111.3425,4.261487837128,0.45,-0.098358747558,16.1939480511,装修建材,2026-04-29,2024-03-31
002657,中科金财,-0.0808,78166442.19,-70.5051892268,-63.4348,-27465352.68,-96.15,61.802,5.483324924516,-1.46,-0.398939549541,35.7256072396,IT服务Ⅱ,2026-04-29,2024-03-31
002535,林州重机,0.0339,339090026.01,0.9164493122,-49.0127,27170144.12,-4.94,0.8972,0.709916566331,4.89,0.04883477243,22.7947664134,专用设备,2026-04-29,2024-03-31
002102,ST能特,0.021,2540331949.74,-14.2693529851,76.8146,55255524.83,-34.72,160.5672,1.574108076262,1.35,-0.139875632828,3.2125257716,化学制药,2026-04-29,2024-03-31
002042,华孚时尚,0.01,3924089988.79,-13.4298982637,50.3119,13494498.49,-74.04,174.3265,3.553480320263,0.22,0.045620925385,5.2758209455,纺织制造,2026-04-29,2024-03-31
000911,*ST广糖,0.0121,950871799.26,-18.7276436364,-24.3316,4830937.43,-48.62,168.8375,0.254407069824,4.33,-1.658353759918,11.790585657,农产品加工,2026-04-29,2024-03-31
000820,*ST节能,-0.0049,38021789.94,81.7751988622,-45.5701,-3099260.92,57.7,-148.8854,0.127368977087,-3.85,-0.031466629074,14.5610507257,环保设备Ⅱ,2026-04-29,2024-03-31
920152,昆工科技,0.0,110128162.49,-20.1557791381,-10.9016,-7878.83,-100.07,99.9351,4.076701260594,,0.190732363984,8.0872837053,电池,2026-04-28,2024-03-31
603360,百傲化学,,338254118.94,31.1790148116,57.4921,98313016.16,35.31,116.3658,4.82644841373,5.83,-0.149082080372,45.9111203928,农化制品,2026-04-28,2024-03-31
600476,*ST湘邮,-0.006,80289556.01,-17.4633511308,-55.174,-916849.39,61.7475527721,106.4691,0.827852806668,1.546,-0.865565503135,22.1796927334,IT服务Ⅱ,2026-04-28,2024-03-31
300271,华宇软件,-0.11,242900580.11,18.9499481329,-70.7619,-86975313.85,-8.63,91.6739,5.17963672809,-2.04,-0.324522895814,32.6455406422,IT服务Ⅱ,2026-04-28,2024-03-31
300245,ST天玑,0.01,60652449.38,-28.046072759,-67.6914,3299969.4,181.78,111.1898,4.321761123892,0.24,-0.233265194047,35.2483924863,IT服务Ⅱ,2026-04-28,2024-03-31
300226,上海钢联,0.1527,16425961238.84,-6.1916059005,32.0325,49155080.18,-10.04,-33.0448,6.338767142561,2.44,1.148735986782,1.6562182434,软件开发,2026-04-28,2024-03-31
300122,智飞生物,0.609,11415861674.54,2.1757225924,-16.6214,1474532913.89,-28.26,-6.5236,13.632698548271,4.52,-1.780698583229,25.8934943485,生物制品,2026-04-28,2024-03-31
001287,中电港,0.0674,11724651409.13,42.1502919069,12.4712,51249210.23,-27.99,-59.0314,6.718755064378,1.01,-0.486831015828,2.7954973516,其他电子Ⅱ,2026-04-28,2024-03-31
000981,山子高科,-0.0042,1134793484.4,-1.8204360124,4.0035,-41804275.31,332.46,95.0365,0.339414990172,-1.44,0.066009894109,20.5335740417,汽车零部件,2026-04-28,2024-03-31
300749,顶固集创,-0.05,220294710.35,-1.6344554151,-41.0927,-9291107.53,-296.28,32.3859,3.495118092504,-1.28,-0.722132826205,19.3908337028,家居用品,2026-04-27,2024-03-31
300469,信息发展,-0.0954,23555083.94,-34.0081204362,-79.5871,-23685027.13,-29.96,80.0576,2.229868031561,-4.19,-0.285191870511,29.3207213678,软件开发,2026-04-27,2024-03-31
603789,ST星农,-0.089,34857185.7,-34.1426870759,-49.6877,-23145748.96,-1999.7479032344,45.0421,1.425959260216,-0.06,-0.101938131346,-13.5145488811,专用设备,2026-04-25,2024-03-31
600739,辽宁成大,0.0578,2339940215.83,13.1788975226,-2.8999,87921268.95,-71.03,124.085,18.974761130525,0.3,-0.233347073449,14.543435077,生物制品,2026-04-25,2024-03-31
600653,申华控股,-0.014,1102344226.33,-17.9317579284,-16.8732,-27226242.31,-11.73,78.8887,0.388817178863,-3.534,0.022111735211,6.4986517286,汽车服务,2026-04-25,2024-03-31
600546,山煤国际,0.29,6355858003.39,-40.3102286617,-24.9782,583216922.91,-65.81,109.9936,8.230503467835,3.65,0.000275079407,32.5075114688,煤炭开采,2026-04-24,2024-03-31
200530,冰山B,0.03,1114169794.98,5.5979503123,-11.7122,27011778.2,15.23,234.7652,3.647755208154,0.96,-0.187601133506,16.996196177,通用设备,2026-04-24,2024-03-31
001317,三羊马,0.08,267650489.33,21.3190824354,-6.6572,6314197.69,-19.7,163.7814,10.179609625562,0.74,-0.953155583208,8.8430989868,铁路公路,2026-04-24,2024-03-31
000530,冰山冷热,0.03,1114169794.98,5.5979503123,-11.7122,27011778.2,15.23,234.7652,3.647755208154,0.96,-0.187601133506,16.996196177,通用设备,2026-04-24,2024-03-31
603569,长久物流,0.02,886557400.52,0.3432089451,-0.8062,14908077.49,15.77,176.5504,4.726395317149,0.51,0.068778990274,11.9699171659,物流,2026-04-23,2024-03-31
603169,兰石重装,0.0254,927255084.99,-0.9273768427,-54.805,33114671.21,9.16,104.7971,2.429248037053,1.05,0.011670972338,14.7763550212,专用设备,2026-04-23,2024-03-31
688719,爱科赛博,0.04,136540642.99,45.469429769,-55.8789,5343018.98,-62.79,-88.8824,22.186113941077,0.29,-0.484218955504,41.0853510658,其他电源设备Ⅱ,2026-04-22,2024-03-31
600810,神马股份,0.03,3449234764.57,15.4520534788,-3.8227,47434749.6,320.0517259792,-41.8352,7.320683802354,0.47,0.087603096155,11.7655663815,化学纤维,2026-04-22,2024-03-31
300377,赢时胜,,241988943.5,-10.8627014864,-51.6149,-88709008.25,1.86,-250.6502,3.88740961345,-2.99,-0.297398664618,20.6594611584,软件开发,2026-04-21,2024-03-31
688646,ST逸飞,0.17,119447852.63,4.6863127066,-42.185,15838058.7,82.55,-65.9662,17.313997180699,0.48,-0.582002526875,34.8382480419,自动化设备,2026-04-18,2024-03-31
688201,ST信安,-0.1384,70611358.39,36.6676899049,-65.818,-29766280.6,8.61,-226.8069,6.200579068457,-2.18,-0.184884427973,74.2419448164,软件开发,2026-04-18,2024-03-31
300746,汉嘉数智,0.01,176000266.01,-24.4866490596,-66.7327,2595423.46,-72.25,132.068,5.449200068054,0.21,-0.000712790076,24.1343265399,工程咨询服务Ⅱ,2026-04-17,2024-03-31
600757,长江传媒,0.22,1921635043.58,-4.994610479,12.0148,262005857.3,-32.09,50.3053,7.686307879618,2.85,-0.155081347475,35.4122045902,出版,2026-04-16,2024-03-31
900928,临港B股,0.05,1907766649.55,90.34607563,-49.4637,123272303.82,-20.57,-34.4159,7.440897442963,1.07,-1.635766431548,68.9192131989,房地产开发,2026-04-14,2024-03-31
600848,上海临港,0.05,1907766649.55,90.34607563,-49.4637,123272303.82,-20.57,-34.4159,7.440897442963,1.07,-1.635766431548,68.9192131989,房地产开发,2026-04-14,2024-03-31
601069,西部黄金,0.035,1427943273.59,49.8136226327,14.7013,32113671.53,155.984545376,115.2899,4.78549905414,0.73,0.251462951319,11.0692056403,贵金属,2026-04-08,2024-03-31
002306,ST云网,-0.0174,30188676.85,-27.2821298192,-34.0055,-14249475.21,51.02,-128.8288,0.019623433501,-105.35,-0.022522308124,18.8423289244,酒店餐饮,2026-04-08,2024-03-31
603226,菲林格尔,-0.03,51299454.14,-33.4011086348,-59.291,-11996310.36,8.9824252197,-456.6625,2.734577601614,-1.23,-0.140151588038,10.6781444985,家居用品,2026-04-07,2024-03-31
600368,五洲交通,0.1325,402884972.31,9.740457492,-7.6437,213263642.65,7.69,92.7086,5.263931083245,3.33,0.271506143843,66.6561509232,铁路公路,2026-04-07,2024-03-31
600455,博通股份,0.2368,71126348.65,12.0221735376,1.4288,14788963.47,-448.14,-129.9544,4.28018010423,-0.6099,-1.219736322969,63.6144789502,软件开发,2026-04-03,2024-03-31
600252,中恒集团,0.016,760378594.13,13.5421911372,0.3729,54711195.13,419.6336391819,251.3209,1.909796927257,0.83,0.010390209302,41.6084232542,中药Ⅱ,2026-03-21,2024-03-31
688132,邦彦技术,0.23,104765645.8,84.6756588306,585.2333,35307651.5,199.9,150.4408,10.182637120197,2.29,-0.173705706448,65.6005775702,军工电子Ⅱ,2026-03-20,2024-03-31
600529,山东药玻,0.33,1227288728.92,-0.7526536159,15.5282,220789398.54,32.59,36.6543,11.68520770647,2.89,0.446308482366,31.5868068577,医疗器械,2026-03-07,2024-03-31
688511,天微电子,0.1218,37055637.21,-10.306688376,-13.6845,9570428.87,-45.36,-22.9134,10.8169484665,1.12,-0.189794176625,63.5284440437,军工电子Ⅱ,2026-02-28,2024-03-31
688316,青云科技,-0.16,74649631.96,8.9884289194,-5.6151,-7592333.24,83.5717234926,83.7353,3.601005162455,-4.32,0.112073627777,40.1014948286,IT服务Ⅱ,2026-02-28,2024-03-31
301152,天力锂能,-0.38,437532900.3,-24.5031119818,-12.0138,-46229257.86,-9355.11,88.1238,15.288836053576,-2.42,-1.434473825864,-0.1255239274,电池,2026-02-13,2024-03-31
001266,宏英智能,-0.03,90217147.43,-20.0878376928,-16.9389,-3412606.98,-158.17,81.9989,9.640362799277,-0.34,-0.724339418465,33.1278387218,自动化设备,2026-01-24,2024-03-31
301487,盟固利,0.0065,349691014.28,-42.7672703307,-40.268,2965268.62,-78.88,2107.7409,4.28919780541,0.15,-0.05051829839,8.5564121433,电池,2026-01-21,2024-03-31
300189,神农种业,-0.0081,50061370.58,27.6192118634,-0.7594,-8247926.13,-151.82,65.4142,0.744887770801,-1.07,-0.005520753242,30.7925926746,种植业,2026-01-13,2024-03-31
301379,天山电子,0.1781,300032335.71,1.4895939888,-5.2103,25270891.13,-4.14,23.385,13.048625907046,1.93,-0.218967806986,19.6714578315,光学光电子,2026-01-12,2024-03-31
300831,ST派瑞,0.0229,34209165.21,109.3102083877,-26.6913,7331566.42,423.95,-63.3642,2.72347215675,0.84,-0.087054157156,58.0066630629,半导体,2025-12-26,2024-03-31
688270,ST臻镭,,53865591.29,29.299151056,-51.1728,-5677219.22,-178.41,-117.3287,13.889297446532,-0.27,-0.286534590174,87.5619441474,半导体,2025-12-25,2024-03-31
874158,天元重工,0.08,108580337.09,,,14442287.69,,,3.050371419685,2.81,-0.049660034404,28.1493380562,,2025-12-18,2024-03-31
874181,睿信电器,0.26,92561335.23,,,15386283.97,,,2.531420118167,10.18,0.047159985167,26.1769827324,,2025-12-12,2024-03-31
874236,华晟智能,0.08,75540563.19,,,2938258.79,,,4.2371169052,1.4,2.0122065726,27.1588853639,,2025-11-19,2024-03-31
874684,科建股份,0.26,88612321.84,,,13814456.96,,,,4.75,,31.6141668882,,2025-09-19,2024-03-31
832010,亘古电缆,0.15,305837751.41,,,26598804.83,,,,2.8,-0.322408216045,15.2665402308,,2025-09-19,2024-03-31
874161,申兰华,0.1252,156011156.59,,,9386450.92,,,,1.34,,18.5323345855,,2025-09-09,2024-03-31
874543,百利食品,0.4,473740032.75,,,70570325.45,,,,,,30.1066409571,,2025-09-08,2024-03-31
920179,凯德石英,0.16,84633111.64,39.5678026429,12.9431,11542541.29,-8.67,75.9726,9.462931441467,1.65,-0.168730711733,44.2125868055,半导体,2025-08-28,2024-03-31
874352,福建三星,0.2,81478987.61,,,14982955.56,,,,3.1,,28.8699439941,,2025-08-27,2024-03-31
400290,R长药1,-0.1356,59091762.31,-56.8020192981,-66.3668,-47505902.27,-106.92,90.301,0.421352986357,-27.72,-0.093672107459,7.5934840062,,2025-08-26,2024-03-31
002878,元隆雅图,-0.04,547014415.08,33.1215791647,-18.8033,-10198060.79,439.71,68.4931,5.753478653133,1.84,-0.558941959671,15.8708779653,广告营销,2025-08-23,2024-03-31
874382,九目化学,0.42,276995937.41,,,78358345.03,,,,7.13,,46.2105414747,,2025-08-21,2024-03-31
600463,空港股份,-0.02,162812992.27,26.7892803333,17.3165,-6077921.81,84.9352699919,85.5342,3.5631707858,-0.53,-0.028091955767,25.4707614557,房地产开发,2025-08-21,2024-03-31
874718,百诺医药,0.18,103279422.61,,,14121217.4,,,,,,74.8355518135,,2025-08-20,2024-03-31
920174,五新智能,0.41,193397297.02,9.2848166855,-22.9732,36191392.42,10.54,-23.9159,7.723285597957,5.23,0.01856647575,35.3667301374,基础建设,2025-08-18,2024-03-31
874386,杰锋动力,0.7,481739322.93,,,34695914.82,,,,,,19.6451564104,,2025-08-13,2024-03-31
600173,卧龙新能,0.0516,559290087.41,-63.2696683505,27.4219,46395123.61,-23.82,163.1248,5.435334947007,0.81,-0.104112030199,20.5911790326,房地产开发,2025-08-09,2024-03-31
920086,科马材料,0.27,61169381.97,85.2844837455,4.4317,16848783.34,157.1482829165,-5.5183,8.029285284895,3.4,-0.232860286329,45.9001817016,汽车零部件,2025-08-01,2024-03-31
688712,北芯生命,,62229100.0,,,-19105500.0,,,,,,,医疗器械,2025-07-25,2024-03-31
601026,道生天合,,501025100.0,,-33.7345,15129400.0,,-69.7182,,,,,风电设备,2025-07-25,2024-03-31
874022,海图科技,0.13,27989850.02,,,6577983.86,,,,,-0.430845517783,60.8765634608,,2025-07-24,2024-03-31
301632,广东建科,-0.03,198918591.38,,,-10475120.93,,,,,,38.75087754,专业服务,2025-07-24,2024-03-31
300500,启迪设计,0.0536,325222305.26,2.6631313652,35.5179,9323905.65,-55.4,102.5833,7.027857000082,0.77,-0.276801232079,20.1212639667,工程咨询服务Ⅱ,2025-07-22,2024-03-31
920078,族兴新材,0.14,156834572.37,,,13183035.02,,,,,,22.2077442962,金属新材料,2025-07-18,2024-03-31
603406,天富龙,0.33,829143550.23,,,118236500.24,,,,3.84,,18.2188418083,化学纤维,2025-07-18,2024-03-31
603376,大明电子,,537433000.0,,-21.5586,64707300.0,,-10.8502,,,,,汽车零部件,2025-07-18,2024-03-31
874311,东盛金材,0.27,176573305.57,12.5814632047,5.833,13782181.57,-23.50424749,-2.8467,,,0.644383198431,16.5103150818,,2025-07-17,2024-03-31
301491,汉桑科技,0.46,290217075.27,,,44366433.51,,,,,,34.9597837535,消费电子,2025-07-17,2024-03-31
920124,南特科技,0.2421,254308366.69,,,27004630.62,,,,,,23.7846191996,通用设备,2025-07-16,2024-03-31
001221,悍高集团,0.23,493974913.52,41.4232636822,-30.0974,82381889.13,89.5998405768,-36.0131,,6.56,,34.7766371223,家居用品,2025-07-11,2024-03-31
920168,通宝光电,0.27,104707828.7,22.6508467994,,15479098.69,137.6678012034,,7.326193132849,3.82,0.714654757893,22.0849436161,汽车零部件,2025-07-08,2024-03-31
920158,长江能科,-0.05,13147987.02,,-87.0319,-5415119.88,,-155.2577,,,,62.1218184014,专用设备,2025-07-07,2024-03-31
600777,新潮能源,0.0901,2134733792.9,6.6395831405,-9.7504,612848039.55,-3.47,-15.1173,3.007417825954,3.0019,0.236787788151,53.4551629264,油气开采Ⅱ,2025-07-05,2024-03-31
688765,禾元生物,,6670000.0,,,-29319100.0,,,,,,,生物制品,2025-07-04,2024-03-31
603262,技源集团,0.11,227295548.44,,,38995565.43,,,,4.99,,43.2522288777,食品加工,2025-07-04,2024-03-31
301668,昊创瑞通,,211037600.0,,,31789900.0,,,,,,,电网设备,2025-07-04,2024-03-31
301609,山大电力,0.12,99125712.28,11.3524320207,-41.3428,14938855.28,4.4930946735,-42.8113,,,,45.2781318365,电网设备,2025-07-04,2024-03-31
603175,超颖电子,,981181500.0,,,77825200.0,,,,,,,元件,2025-07-03,2024-03-31
920045,蘅东光,0.33,201057939.81,,,19146182.58,,,,,,26.7965141048,通信设备,2025-07-02,2024-03-31
300225,金力泰,0.0055,158315317.73,-0.8597314614,-20.9763,2634558.62,176.2,-67.726,1.739157175472,0.32,-0.145423790009,30.2260595918,化学制品,2025-07-02,2024-03-31
688813,泰金新能,,469621900.0,,-11.0144,24394500.0,,-37.4505,,,,,专用设备,2025-06-30,2024-03-31
300551,古鳌科技,-0.12,70169269.47,-49.9273801979,-48.1744,-41505418.1,-174.74,-29.0285,2.578627764665,-4.52,-0.075209588312,73.0829428001,计算机设备,2025-06-30,2024-03-31
920126,永大股份,0.2562,191308121.67,,,35761059.77,,,,,,28.7132029526,专用设备,2025-06-27,2024-03-31
874058,九州风神,0.7409,360466209.2,,11.9796,57471305.13,,441.8991,,7.25,-0.053008722057,39.0014445742,,2025-06-27,2024-03-31
874031,翰林航宇,-0.03,61356906.12,6.9147925079,-43.2314,-1765049.09,30.86,-121.6834,6.251311695355,1.79,-0.311507185972,38.7686500416,,2025-06-27,2024-03-31
872709,巍特环境,0.13,56100579.45,51.5215355492,-50.8294,7417258.41,30.2036208887,-51.2221,5.597410461982,2.32,-0.003781396888,30.1835352255,,2025-06-27,2024-03-31
833070,三耐环保,0.81,131171853.1,852.2854127012,-8.9142,29378128.96,2093.8498484616,-20.7719,5.822255098898,15.0,0.071336581267,29.8572669551,,2025-06-27,2024-03-31
603418,友升股份,,710238300.0,,,59774600.0,,,,,,,汽车零部件,2025-06-27,2024-03-31
600930,华电新能,0.08,8286280017.0,14.1946249307,6.3111,2758979142.0,-2.3788275732,91.083,,,,52.4960746448,电力,2025-06-27,2024-03-31
301680,固德电材,,177494500.0,,,30645200.0,,,,,,,汽车零部件,2025-06-27,2024-03-31
301630,同宇新材,1.16,220075381.24,,,34686809.17,,,,5.27,,26.9406968176,电子化学品Ⅱ,2025-06-27,2024-03-31
870355,建院股份,0.31,272367069.51,0.674775606,-39.3988,32839250.58,32.7627244223,17.9687,4.317932055844,7.7,-1.160252306776,10.8193961638,,2025-06-26,2024-03-31
603356,华菱精工,-0.1,239557380.33,-20.7600301236,-42.1921,-13578146.04,-191.4058370142,76.7049,4.843953245463,-2.04,-0.557583032923,6.7528749387,专用设备,2025-06-26,2024-03-31
874774,里得科技,0.0,44630334.79,,,-77428.17,,,,-0.01,,32.0562999075,,2025-06-25,2024-03-31
873024,玫瑰岛,0.13,151732370.25,,,8017669.48,,,,,,30.7153211495,,2025-06-25,2024-03-31
001235,里得电科,0.0,44630334.79,,,-77428.17,,,,-0.01,,32.0562999075,,2025-06-25,2024-03-31
874569,菊乐股份,0.5316,358352426.63,,5.1863,49166790.75,,244.7844,,,,31.6315749124,,2025-06-24,2024-03-31
873864,旭辉电气,0.03,27989665.28,-2.5111032648,-68.0554,3242165.24,28.1738839895,-80.01,2.128030529569,1.21,0.21481497302,40.2077946893,,2025-06-24,2024-03-31
920176,维琪科技,0.22,46361478.4,,,10758651.91,,,,1.66,,64.4057698341,化妆品,2025-06-23,2024-03-31
874747,维琪科技,0.22,46361478.4,,,10758651.91,,,,1.66,,64.4057698341,,2025-06-23,2024-03-31
874118,华来科技,0.21,199441213.0,,,12640112.31,,,,,1.955910506333,24.5901526933,,2025-06-23,2024-03-31
874114,海雷股份,0.34,147870448.28,,,20459630.34,,,3.769892354801,9.44,-0.741034957052,25.1252094196,,2025-06-23,2024-03-31
301656,联合动力,,2568200000.0,,,171650800.0,,,,,,,汽车零部件,2025-06-23,2024-03-31
920220,朗信电气,0.28,256552597.16,,,12973945.98,,,,,,16.765262545,汽车零部件,2025-06-20,2024-03-31
920211,新睿电子,0.38,62180480.1,,,10680256.75,,,,,,37.1155147932,自动化设备,2025-06-20,2024-03-31
920091,大鹏工业,0.05,25150162.79,-59.6691681804,-73.3672,2387950.01,-70.1266417588,-89.2694,5.969409266505,0.86,0.406863670876,23.9494503884,专用设备,2025-06-20,2024-03-31
920079,乔路铭,0.24,606127162.65,,,88836126.37,,,,,,21.7546887989,汽车零部件,2025-06-20,2024-03-31
874508,天健新材,0.31,199616150.85,,,13222240.79,,,,3.48,,17.8585270622,,2025-06-20,2024-03-31
874343,新纳科技,0.03,274365157.98,,-5.7029,11442168.06,,-57.687,,,,22.6122872696,,2025-06-20,2024-03-31
874239,中健康桥,0.38,107857799.72,,,28792000.17,,,,6.89,0.164271757915,94.092554728,,2025-06-20,2024-03-31
603370,华新精科,,301314800.0,,,48070500.0,,,,,,,电机Ⅱ,2025-06-20,2024-03-31
300964,本川智能,0.09,122425040.49,-4.3904871388,-1.9714,7196212.51,-1.93,172.429,12.963367257286,0.72,0.140089845979,19.3583735608,元件,2025-06-20,2024-03-31
920193,吉和昌,0.19,128514998.05,,,16348998.19,,,,3.82,,28.1554853045,电池,2025-06-19,2024-03-31
920125,鸿仕达,-0.2,74623882.84,,,-8580539.73,,,,,,23.3890940216,自动化设备,2025-06-19,2024-03-31
920080,奥美森,0.2,64995498.56,57.544424143,,11951488.01,521.8993887386,,5.287390296167,3.84,0.171785409667,48.451472083,专用设备,2025-06-19,2024-03-31
874251,衡美健康,0.53,241363330.04,,,26282279.39,,,,5.77,,22.9959125526,,2025-06-19,2024-03-31
874242,美亚科技,0.24,86699590.88,23.5532878884,-10.6025,16533099.45,24.008198215,58.114,7.762120871608,3.16,0.045460354776,54.0851569356,,2025-06-19,2024-03-31
688729,屹唐股份,0.04,1011894418.78,,-18.6412,102100719.41,,0.3533,,1.9,,36.546179939,半导体,2025-06-19,2024-03-31
920011,晨光电机,0.15,141674038.92,,-31.4859,8788012.05,,-76.6516,,,,18.5639570457,电机Ⅱ,2025-06-18,2024-03-31
874685,苏州双祺,0.12,63811371.53,,,7203718.58,,,5.583959156833,2.17,0.840251348667,21.859085247,,2025-06-18,2024-03-31
874669,德硕科技,0.39,186249024.17,,,19704502.48,,,,,,20.6492753728,,2025-06-18,2024-03-31
872824,先歌国际,0.05,112454203.55,,,10873493.72,,,,,,41.2278949443,,2025-06-18,2024-03-31
430428,陕西瑞科,0.13,284003638.4,,,14933585.32,,,,,-2.194440345983,11.160128595,,2025-06-18,2024-03-31
400251,海印5,,206560169.33,-2.7449131959,-10.3013,-20173309.94,260.93,65.5519,1.281860369204,4.48,0.042595894339,42.586648111,,2025-06-18,2024-03-31
920189,康美特,0.09,78844714.7,,,10234171.32,,,,2.28,,41.8959840564,电子化学品Ⅱ,2025-06-17,2024-03-31
920081,欧伦电气,0.63,339360827.54,,,33774290.68,,,,,,26.2084759059,小家电,2025-06-17,2024-03-31
874670,高腾机电,0.51,142916642.86,,,29447649.04,,,,,,38.5623303326,,2025-06-17,2024-03-31
874668,江锅股份,0.29,214089581.83,,,28168098.98,,,,,,21.353394177,,2025-06-17,2024-03-31
874339,天康制药,0.2737,307534242.2,6.1821020896,76.4728,69663718.83,27.55,1350.3282,10.815773212687,2.59,-0.177599508215,65.52311432,,2025-06-17,2024-03-31
874200,广泰真空,0.09,41971059.94,,,5970992.16,,,,,,27.6698918888,,2025-06-17,2024-03-31
873808,永超新材,0.23,57213436.17,,-7.2195,8771300.99,,-30.8158,,,0.442752683929,30.8422435729,,2025-06-17,2024-03-31
837291,汉盛海装,0.56,84615971.83,,23.3177,27042693.09,,71.9178,,,-0.010856030625,53.2920433752,,2025-06-17,2024-03-31
920069,普昂医疗,0.14,56283095.64,,,5970294.4,,,,,,50.1729716692,医疗器械,2025-06-16,2024-03-31
874772,腾信精密,0.769,170070580.32,,,46140995.14,,,,,,48.9016718962,,2025-06-16,2024-03-31
874617,双英集团,0.04,415270013.8,,-51.682,4311466.94,,-94.953,,,,15.4613988529,,2025-06-16,2024-03-31
874387,百英生物,0.4661,85017853.5,,,26566447.03,,,,3.52,,70.1130921048,,2025-06-16,2024-03-31
873994,立洲精密,0.08,49305614.02,,-16.5382,11322305.88,,-30.5779,,5.16,0.124635628313,41.6391187455,,2025-06-16,2024-03-31
603629,利通电子,0.13,427850250.45,-0.4067317815,-5.088,33095293.45,127.12,245.6549,6.385940815671,1.99,1.997948359541,25.2002992534,消费电子,2025-06-14,2024-03-31
874649,弥富科技,0.22,47846269.42,,,11281444.84,,,,,,42.018486987,,2025-06-13,2024-03-31
874573,信胜科技,0.14,204608970.46,,7.036,15017083.24,,86.9995,,,,20.989662493,,2025-06-13,2024-03-31
874391,金钛股份,0.2282,432917682.54,,3.0199,47931115.82,,101.2339,,,,15.5635081258,,2025-06-13,2024-03-31
873254,科蓝环保,0.14,41977009.98,,,7768816.18,,,,,,50.6997144631,,2025-06-13,2024-03-31
301584,建发致新,,3987999400.0,27.7020581169,,31777100.0,-4.4332234626,,,,,,医药商业,2025-06-13,2024-03-31
920238,长鹰硬科,0.15,202131807.4,,,11283850.15,,,,,,19.0987781026,通用设备,2025-06-12,2024-03-31
874568,志达精密,0.16,212113877.4,,,18433931.7,,,,,,15.2476377861,,2025-06-12,2024-03-31
874396,长鹰硬科,0.15,202131807.4,,,11283850.15,,,,,,19.0987781026,,2025-06-12,2024-03-31
874178,孕婴世界,0.09,264852718.33,,102.2542,32933548.41,,23.2416,,,0.005888701539,21.3498782329,,2025-06-12,2024-03-31
001388,信通电子,0.05,146390058.58,,-46.9889,6305751.14,,-85.7987,,,,31.6263040189,电网设备,2025-06-12,2024-03-31
920206,彩客科技,0.36,105613500.54,,,22664322.62,,,,,,30.9616399635,化学制品,2025-06-11,2024-03-31
920180,爱得科技,0.18,64545817.0,-16.1223199538,18.7226,16317002.6,-29.4505166312,199.2493,5.129661648073,3.66,0.096847866909,57.5278557246,医疗器械,2025-06-11,2024-03-31
920156,海昌智能,0.3,182114403.32,,,23910952.79,,,,,,38.6385629073,自动化设备,2025-06-11,2024-03-31
874839,广州医药,,14234106824.44,10.1196398756,3.8355,180127333.58,21.0290253291,-23.1864,2.792588103036,,-0.750760453851,6.3211159593,,2025-06-11,2024-03-31
874709,华大海天,0.18,105911209.61,,,10144125.85,,,,,,25.1939260049,,2025-06-11,2024-03-31
874687,珈凯生物,0.24,50938266.05,,,9793208.47,,,8.631136116962,2.88,0.166152187609,64.7136951376,,2025-06-11,2024-03-31
874565,耀泰股份,0.6,159656058.99,,,36697019.2,,,,,,47.0370262207,,2025-06-11,2024-03-31
874456,石羊农科,0.06,722541954.75,,-27.5964,5317719.96,,-60.4203,,,,10.3005632767,,2025-06-11,2024-03-31
874380,卓海科技,-0.12,17649505.25,,-90.6108,-8697368.86,,-113.7161,,,,48.8930139841,,2025-06-11,2024-03-31
874175,中环洁,0.05,528322852.7,5.7692535221,,47339425.43,8.0941832122,,1.581268948117,3.27,-0.0027411704,27.5730017007,,2025-06-11,2024-03-31
688333,铂力特,0.005,211564738.3,59.1270668601,-48.4977,957500.3,103.3602782739,-98.6659,24.566362057847,0.02,-1.013308838691,40.0524301596,通用设备,2025-06-11,2024-03-31
920178,锐翔智能,0.22,65953191.39,,,11696684.71,,,,,,49.7872170216,自动化设备,2025-06-10,2024-03-31
920065,千岸科技,0.37,330650859.46,,,26639227.15,,,,,,42.2531258253,互联网电商,2025-06-10,2024-03-31
874627,恒兴股份,0.71,212956636.96,,,44797148.46,,,,,,37.4392321311,,2025-06-10,2024-03-31
874600,千岸科技,0.37,330650859.46,,,26639227.15,,,,,,42.2531258253,,2025-06-10,2024-03-31
920117,龙鑫智能,0.18,85818348.12,,,12304175.57,,,,,,39.5377217615,通用设备,2025-06-09,2024-03-31
874070,天广实,-0.95,925226.8,,-97.0503,-68697687.79,,-35.851,,,-0.127000286707,-84.1830392289,,2025-06-09,2024-03-31
873902,晶阳机电,0.3733,96641826.37,25.0916645534,-17.1245,19091823.78,67.42,9.2268,4.567082247703,8.54,-0.627761738221,32.7616823163,,2025-06-09,2024-03-31
873855,新富科技,0.27,269758499.06,,27.1154,8739273.8,,-47.1491,,,-0.396084093951,20.5584147796,,2025-06-09,2024-03-31
920076,国亮新材,0.25,217898762.44,-5.568748304,-11.8347,16255931.36,-30.6513815341,28.9936,10.194192138856,2.46,0.311116115323,22.5939629343,装修建材,2025-06-06,2024-03-31
874522,中德科技,0.02,84041918.55,,,1402436.14,,,,,,25.5274416269,,2025-06-06,2024-03-31
874433,安达股份,0.25,224730107.38,,-15.9152,21100254.58,,-16.3445,,,0.183411439167,19.6825763916,,2025-06-06,2024-03-31
874142,南方乳业,0.22,389778717.57,,,33269241.5,,,,,0.3673783042,23.6772384638,,2025-06-06,2024-03-31
920181,赛英电子,0.48,80657468.69,,,14267813.53,,,,,,27.746517568,半导体,2025-06-05,2024-03-31
874588,固力发,,169992866.12,,,14950938.27,,,,,,24.5957571893,,2025-06-04,2024-03-31
920200,振宏股份,0.11,182696870.25,,,8778067.67,,,,,,19.7737837493,风电设备,2025-06-03,2024-03-31
874378,华汇智能,0.49,146832406.91,,5.0015,25114130.02,,-4.4526,,,,29.7775073229,,2025-06-03,2024-03-31
874250,新吴光电,0.21,73458608.91,,,11901184.28,,,,,,33.0210488055,,2025-06-03,2024-03-31
873827,岷山环能,0.06,641262979.88,,-21.1481,11067990.46,,31.2986,,1.65,-0.178671293239,5.4950607061,,2025-06-03,2024-03-31
920177,恒道科技,0.31,44507982.31,,,12299513.8,,,6.652094127931,4.82,-0.331883033129,46.9413703467,通用设备,2025-05-30,2024-03-31
920020,泰凯英,0.1632,470715304.19,,-0.4376,28881805.34,,35.3883,,,,18.8005608639,工程机械,2025-05-30,2024-03-31
920005,鼎佳精密,0.2,83185968.53,-1.8435543373,-9.2173,12431659.95,49.5366040971,-1.7375,6.224502713,3.29,0.505208753667,34.086649637,消费电子,2025-05-30,2024-03-31
874677,唐兴科技,0.13,60163955.15,,,11398891.31,,,,,,45.5515758924,,2025-05-30,2024-03-31
874611,北方实验,-0.04,32726494.47,,,-3090287.98,,,,,,64.6225843082,,2025-05-30,2024-03-31
874548,艾克姆,0.53,109194178.59,,-9.7338,20768881.9,,-4.4677,,,,28.1711549986,,2025-05-30,2024-03-31
874360,世纪数码,0.36,150635316.16,-8.5938618345,,12049200.99,-17.4149431352,,,,-0.058430822436,20.3540314925,,2025-05-30,2024-03-31
873384,瑞克科技,0.81,108002055.37,27.6178848213,76.6995,25465101.32,-1.2426706884,249.6284,12.368126383118,6.76,0.174239585069,39.0067656265,,2025-05-30,2024-03-31
603400,华之杰,0.51,258770491.57,,,37669361.3,,,,,,27.5411890852,通用设备,2025-05-30,2024-03-31
301678,新恒汇,0.29,192948325.85,,,52501742.98,,,,,,36.2475830624,半导体,2025-05-30,2024-03-31
920003,中诚咨询,0.78,129557809.43,,14.3971,38170377.8,,25.389,,,,44.8452048206,工程咨询服务Ⅱ,2025-05-29,2024-03-31
874662,建工资源,-0.05,72525289.64,,,-6179694.67,,,,,,9.3186656317,,2025-05-29,2024-03-31
874549,莱恩精工,0.28,211316962.89,,,14119019.78,,,,,,16.5525980412,,2025-05-29,2024-03-31
874287,森合高科,0.31,119342806.83,,,26849196.15,,,4.908252282884,6.62,0.527303713228,33.1157418698,,2025-05-29,2024-03-31
920112,巴兰仕,0.4,199713763.14,27.2191166099,-5.7155,25115197.12,247.8995656204,6.0151,6.597492148413,6.23,-0.186729609048,28.3740442416,专用设备,2025-05-28,2024-03-31
874688,华达通,0.3,75174809.35,,,15637717.32,,,6.131866848343,5.1,0.095238335867,44.1256277027,,2025-05-28,2024-03-31
600918,中泰证券,0.04,2539079317.87,-28.8816104617,-27.1693,331384466.85,-71.25,454.6112,5.346372595303,0.82,0.653343251638,,证券Ⅱ,2025-05-28,2024-03-31
920161,龙辰科技,0.06,109770573.61,21.0539576707,-1.6777,5537979.46,-58.248652773,-39.5665,,,,27.3511957191,塑料,2025-05-27,2024-03-31
920100,三协电机,0.27,94408939.91,37.6017257996,-14.3012,14187036.58,77.3672849306,-9.4188,4.490570201076,6.14,0.280263744015,30.3547171987,电机Ⅱ,2025-05-27,2024-03-31
920037,广信科技,0.29,113375450.29,37.7306031915,-13.601,19132280.29,457.9051722945,-14.6743,6.081885868915,4.7,0.36923749631,30.7583947061,电网设备,2025-05-27,2024-03-31
874127,顶立科技,0.469,89835154.85,-15.310624111,-61.5742,18706694.7,-24.94,-52.4984,23.891672625895,1.89,-0.82460126065,39.3704996435,,2025-05-27,2024-03-31
834948,晨泰科技,-0.001,44387747.18,,,-70321.99,,,,,0.089741059788,31.8333588607,,2025-05-27,2024-03-31
920096,嘉晨智能,0.24,89220085.62,,-5.8449,12359882.49,,-16.2722,,,,31.0193836149,自动化设备,2025-05-26,2024-03-31
920055,隆源股份,0.54,187451967.17,,-13.761,27423201.14,,-16.0122,,,,27.0508938186,汽车零部件,2025-05-26,2024-03-31
301575,艾芬达,,210096000.0,,,20868000.0,,,,,,,家居用品,2025-05-26,2024-03-31
874652,睿健医疗,0.1,100795561.06,,,31269046.4,,,,4.27,,52.3738326419,,2025-05-23,2024-03-31
874431,英氏控股,0.51,480959481.01,22.7706696085,,77041667.64,11.2821879244,,5.706230921682,9.39,0.5339994087,57.7448409701,,2025-05-23,2024-03-31
833839,天波科技,0.05,205684582.45,,-19.4908,4465779.14,,-87.3166,,,-0.214901221322,22.1850887687,,2025-05-23,2024-03-31
603382,海阳科技,0.17,1276782451.97,,0.2873,23694083.55,,-62.3344,,,,6.7240045418,化学纤维,2025-05-23,2024-03-31
001233,海安集团,,517945900.0,13.4647178782,-13.2939,126472000.0,15.6709899696,-31.2702,,,,,汽车零部件,2025-05-23,2024-03-31
874249,邦泽创科,0.67,345933834.68,31.6134505379,,33470580.01,57.9173261525,,,,0.9616701114,42.3922036206,,2025-05-22,2024-03-31
688775,影石创新,0.5,963073951.17,,-0.4382,180879053.31,,0.6469,,,,54.4728707845,消费电子,2025-05-22,2024-03-31
872893,威易发,0.52,31840734.77,,4.3836,15708621.55,,17.4741,,,0.467608651333,70.6961417587,,2025-05-21,2024-03-31
874603,艾科维,0.88,215075884.87,,,70651661.11,,,,,,43.658518851,,2025-05-20,2024-03-31
834044,富泰和,0.29,204889015.25,40.1368949442,,25472070.14,2135.8883918059,,6.127255050663,4.77,0.46400607983,31.6007865824,,2025-05-20,2024-03-31
920035,精创电气,0.21,103524643.98,17.7444518495,-10.44,8960910.36,39.8346397724,-44.3107,7.506635321733,2.79,-0.066866504955,44.5368528472,自动化设备,2025-05-19,2024-03-31
920007,酉立智能,0.92,184814279.73,54.1909733038,8.0237,28280800.02,178.6186011972,44.9308,7.59052373413,12.92,0.045236399325,21.5958276321,光伏设备,2025-05-19,2024-03-31
874023,传美讯,0.09,44337114.26,,,7746038.68,,,,,0.161206154787,41.4566147274,,2025-05-19,2024-03-31
873981,正导技术,0.08,249810663.34,25.6843875591,-21.9141,6389252.95,-2.6471670938,-51.8333,,,-0.1623568437,10.7277288174,,2025-05-19,2024-03-31
688300,联瑞新材,0.28,202281462.28,39.4576334597,0.723,51675319.33,79.94,5.1156,7.530313078003,3.76,-0.080876393306,40.7128113035,非金属材料Ⅱ,2025-05-17,2024-03-31
920258,聚仁新材,0.0569,96671236.79,,,20500525.17,,,,,,31.5416375672,,2025-05-16,2024-03-31
874637,百瑞吉,0.27,58626752.9,,1.8739,16096465.71,,-12.2834,,,,83.3687457386,,2025-05-16,2024-03-31
874570,斯瑞达,0.39,67116705.94,,,19532645.4,,,,,,46.3061856876,,2025-05-16,2024-03-31
874500,杰理科技,0.41,652267735.6,,-19.7324,162375082.13,,-26.2074,,5.45,,39.7698884847,,2025-05-16,2024-03-31
873124,聚仁新材,0.0569,96671236.79,,,20500525.17,,,,,,31.5416375672,,2025-05-16,2024-03-31
603014,威高血净,0.28,841780102.14,,,104122177.34,,,,2.01,,43.6044805617,医疗器械,2025-05-16,2024-03-31
301595,太力科技,0.25,250650814.42,,,20100732.8,,,,4.95,,59.9621451771,家居用品,2025-05-16,2024-03-31
300022,吉峰科技,0.0053,636940104.26,30.9052994995,9.042,2618251.41,92.68,-76.6407,1.099633574651,0.48,0.016401407002,13.2931544793,专业连锁Ⅱ,2025-05-16,2024-03-31
920027,交大铁发,-0.03,19297581.88,43.5334632057,,-1788205.24,57.1771093339,,3.66393726131,-0.85,-0.003637158253,53.5974838937,轨交设备Ⅱ,2025-05-15,2024-03-31
874553,沛城科技,0.26,126977851.71,,,12999754.48,,,,,,27.7759455724,,2025-05-15,2024-03-31
874552,原力数字,0.6,89027144.35,,-52.7834,14323809.26,,-53.3708,25.610519573347,2.35,0.509987482419,37.843977661,,2025-05-15,2024-03-31
874550,奥立思特,0.26,184167795.83,,24.0682,24530362.44,,139.2344,,3.45,,23.3391127185,,2025-05-15,2024-03-31
833755,扬德环能,0.06,81379178.74,-1.0720834966,8.0269,20684208.14,1.4087837201,15.6066,2.472668098413,2.36,0.078079637445,38.1767596221,,2025-05-15,2024-03-31
688755,汉邦科技,0.09,137835437.16,,,5729773.44,,,,0.77,,38.4932704123,专用设备,2025-05-15,2024-03-31
603380,易德龙,0.19,451313806.78,8.0513425386,-18.5227,31128501.46,40.07,3.7867,8.605710368719,2.28,0.146034733556,23.9692205589,消费电子,2025-05-15,2024-03-31
603049,中策橡胶,1.81,9089936848.58,,7.2901,1424086761.69,,503.2529,,,,22.164571968,汽车零部件,2025-05-15,2024-03-31
301636,泽润新能,0.6,186047851.65,,,28680918.21,,,,6.2,,25.9581995125,光伏设备,2025-05-15,2024-03-31
301590,优优绿能,2.28,338653444.13,,,71918611.93,,,,8.99,,35.0173513914,其他电源设备Ⅱ,2025-05-15,2024-03-31
874392,祺龙海洋,0.19,84944290.78,9.1156301338,112.8606,26812037.79,14.36,174.306,1.967795598197,9.82,-0.08757624042,47.2138463241,,2025-05-14,2024-03-31
872924,雅图高新,0.4,157639376.14,,-13.1877,33390209.53,,-16.5451,7.097531523078,5.75,-0.151326591524,44.5353293188,,2025-05-14,2024-03-31
688428,诺诚健华,-0.08,165824020.34,-12.4419996486,-17.5724,-142403395.72,-1047.8158854464,-42.2648,3.985328020899,-2.01,-0.047682049532,85.3516893209,化学制药,2025-05-14,2024-03-31
688235,百济神州,-1.41,5359338000.0,74.7768466427,17.8366,-1908056000.0,22.0112974029,32.7618,17.75521429371,-7.75,-1.763673883477,83.5747810644,化学制药,2025-05-14,2024-03-31
920012,创达新材,0.31,82383447.11,,,11354688.89,,,,,,33.109324369,半导体,2025-05-13,2024-03-31
920218,新天力,0.28,256671488.56,,7.3736,19785781.66,,65.0201,,,,19.9207487582,包装印刷,2025-05-12,2024-03-31
920166,海圣医疗,0.15,52307679.24,,,9602360.03,,,,,,49.9615997683,医疗器械,2025-05-12,2024-03-31
920160,北矿检测,0.153,29633714.41,,9.5368,13007578.23,,40.4883,,,,65.9285683181,专业服务,2025-05-12,2024-03-31
874222,欣战江,0.2,70298050.55,,,11850201.3,,,,,,31.608627204,,2025-05-12,2024-03-31
874087,东实环境,0.037,293515169.5,58.3408332754,-9.0179,18485113.77,1594.9849303609,-26.4692,1.57955004792,2.37,0.03485729638,38.8119598738,,2025-05-12,2024-03-31
920121,江天科技,0.54,131003785.32,,1.0207,28483991.72,,28.4329,,,,30.7712817241,包装印刷,2025-05-09,2024-03-31
920028,新恒泰,0.14,149933536.35,,,16790003.44,,,,,,25.3952758849,塑料,2025-05-09,2024-03-31
874475,拓普泰克,0.54,242030193.29,,3.221,24795878.8,,10.6759,,,,21.6602460616,,2025-05-09,2024-03-31
873788,锐思环保,,25005287.24,-62.8817497196,-88.6482,1365831.22,-75.577737235,-95.7272,7.003258209662,0.38,0.832057121739,35.8149817438,,2025-05-09,2024-03-31
688981,中芯国际,0.06,12593782000.0,23.3608367916,3.6339,508959000.0,-68.0,-55.6668,17.944794019462,0.4,0.448698001407,14.185595717,半导体,2025-05-09,2024-03-31
688347,华虹宏力,0.13,3297290706.1,-24.6213020594,0.5497,221743445.57,-78.76,-11.8939,25.390329663601,0.51,0.258362429396,14.8943661158,半导体,2025-05-09,2024-03-31
601236,红塔证券,0.03,387780236.71,-20.886380239,19.2779,119567040.11,-46.95,22.3894,4.958948167916,0.51,0.071139307441,,证券Ⅱ,2025-05-09,2024-03-31
001390,古麒绒材,0.2277,162967266.15,71.0847230023,,34158527.24,117.4552767645,,,,,27.0581868259,纺织制造,2025-05-09,2024-03-31
920191,瑞尔竞达,0.0868,79915459.5,-12.0039869568,-31.6049,11547307.62,-31.4093605431,-75.6511,3.866023048523,2.29,0.543643446823,33.1780919435,装修建材,2025-05-08,2024-03-31
603130,云中马,0.17,547284025.34,20.4626269063,-10.972,24118671.72,25.69,-15.5841,9.534369641857,1.79,-0.388565280214,10.1511635271,纺织制造,2025-05-07,2024-03-31
920015,锦华新材,0.6233,313348780.65,26.0859991323,-7.2198,61081412.83,246.5833051077,-12.3714,7.50765750102,8.68,0.641195707347,30.4604434815,化学制品,2025-05-06,2024-03-31
873688,宇星股份,0.14,83626398.78,-6.4568436747,-10.6972,5516413.37,35.7857713442,-56.4439,10.414217095165,1.33,-0.408187179645,15.6625345837,,2025-05-06,2024-03-31
600425,青松建化,-0.009,491447052.38,-20.7449512297,-46.3786,-14014999.14,-297.87,68.8438,3.873935225128,-0.225,-0.026416172011,13.2635161416,水泥,2025-05-06,2024-03-31
002333,罗普斯金,0.0289,328103665.1,-15.3543467229,-30.7154,19530645.6,-17.25,18723.5236,2.813756072173,1.02,0.034241632831,13.9976297631,装修建材,2025-05-06,2024-03-31
688303,大全能源,0.15,2981638964.33,-38.6035470715,-13.6011,330613498.0,-88.64,-48.9502,20.621184088005,0.75,-0.777658114744,16.7143684394,光伏设备,2025-05-01,2024-03-31
603322,超讯科技,0.14,467426311.41,81.1200125856,-50.0368,22202184.93,211.3051391382,-54.687,2.014846414643,7.24,-0.467628897021,14.66044678,通信服务,2025-05-01,2024-03-31
600507,方大特钢,0.042,5175064694.24,-18.7209814885,-24.0857,93414973.81,-27.95,-8.4867,3.996559708788,1.01,0.760313657006,6.506950883,特钢Ⅱ,2025-05-01,2024-03-31
600061,国投资本,0.05,3194516708.45,-13.9,-31.0527,349537201.71,-59.62,592.6429,7.845732830259,0.66,-2.23934362367,-1.8467121968,多元金融,2025-05-01,2024-03-31
920101,志高机械,0.39,210266734.21,6.6220109444,-5.3496,25346057.53,21.2942432472,-41.3967,7.585477397492,5.32,-0.193270760282,27.6418027742,工程机械,2025-04-30,2024-03-31
900948,伊泰B股,0.62,12427138112.32,-9.4086403284,-16.3961,1801992962.56,-44.07,65.5559,16.52753765949,3.8,0.551099953821,33.4585958932,煤炭开采,2025-04-30,2024-03-31
900945,海控B股,0.0159,17549904000.0,33.4819008961,47.4448,686528000.0,334.51,219.5072,0.063935961085,26.98,0.093287515733,14.5914986202,航空机场,2025-04-30,2024-03-31
900943,开开B股,0.096,234368620.36,17.4218179467,-24.3862,23260067.14,137.46,19.2097,2.547684816543,3.83,-0.287641092428,18.2013917966,医药商业,2025-04-30,2024-03-31
900942,黄山B股,0.035,336454018.04,-0.4327539603,-32.0185,25499904.98,-60.51,69.6023,6.183274370196,0.57,-0.032816298359,39.4714800803,旅游及景区,2025-04-30,2024-03-31
900936,鄂资B股,0.12,6700908686.25,-11.0028978025,-21.3986,346585130.24,-65.36,-6.5558,7.740808723297,1.61,0.173983187196,15.9839255635,冶钢原料,2025-04-30,2024-03-31
900934,锦江B股,0.1775,3206217975.61,6.7683226358,-13.0432,189885897.98,34.56,610.3675,15.78214452808,1.13,0.952278222173,35.3782799837,酒店餐饮,2025-04-30,2024-03-31
900929,锦旅B股,-0.0675,117742367.3,84.4146621265,-57.6282,-8953943.37,-101.9978332448,-75.7636,6.389923059241,-1.07,-0.261405321755,13.7765592216,旅游及景区,2025-04-30,2024-03-31
900927,物贸B股,0.0104,862171419.26,-58.0169903961,137.1792,5163335.4,-96.31,-54.1264,2.337885728897,0.4463,0.502293588597,8.9980493608,汽车服务,2025-04-30,2024-03-31
900924,上工B股,0.0227,1088208650.63,27.8896333661,-0.8287,16161295.18,-54.04,701.0672,4.658453574795,0.4778,-0.161549181462,20.2896130059,专用设备,2025-04-30,2024-03-31
900923,百联B股,0.11,8829222655.06,-6.9936289691,26.8592,192591999.31,-7.73,249.9597,10.047269515135,1.08,0.490441131714,24.6307885123,一般零售,2025-04-30,2024-03-31
900922,三毛B股,0.026,243658191.93,-13.9037423665,-17.6441,5124733.31,92.39,287.1176,2.23048568261,1.15,-0.152025569877,5.0634521385,综合Ⅱ,2025-04-30,2024-03-31
900921,金煤B股,-0.0495,201621728.5,-13.6583144533,-4.6408,-50274436.85,-23.1819122189,76.8375,0.479024798504,-9.7893,-0.047867656555,-10.5662040637,化学原料,2025-04-30,2024-03-31
900918,耀皮B股,0.01,1333836462.38,28.149555059,-17.7784,12121240.18,118.4269708994,135.3749,3.61677388755,0.36,-0.06803529922,13.9286436366,玻璃玻纤,2025-04-30,2024-03-31
900917,海欣B股,0.0267,208748232.76,-26.1311170999,-11.4992,32194759.85,21.37,-19.6954,3.273033959875,0.8087,0.030111178954,57.2751375182,化学制药,2025-04-30,2024-03-31
900916,凤凰B股,0.0551,589106639.09,67.5625913814,28.8028,28415584.17,87.54,130.5722,4.254168412962,1.3078,0.04940745666,13.9864832006,摩托车及其他,2025-04-30,2024-03-31
900914,锦在线B,0.071,464716431.81,-1.933349327,7.1168,39330665.99,168.07,18.3584,7.080865689812,1.01,0.087574430158,20.9668974304,铁路公路,2025-04-30,2024-03-31
900911,金桥B股,0.2032,909616180.52,-78.7320263914,-25.26,228094378.96,-83.38,15.2066,12.739585738713,1.61,-0.135994614604,65.0990268864,房地产开发,2025-04-30,2024-03-31
900910,海立B股,-0.01,5579797885.5,29.7150453771,53.026,-6525171.85,76.1126216436,-105.4879,5.635610444211,-0.11,0.018534055859,10.2421283505,家电零部件Ⅱ,2025-04-30,2024-03-31
900903,大众B股,0.01,733759573.7,-5.1034263581,-43.8209,18342620.91,-81.5,-58.3936,4.016797737738,0.19,-0.05632054671,22.9803758981,铁路公路,2025-04-30,2024-03-31
874191,华益泰康,0.18,65365773.35,,,10322312.73,,,,4.69,,64.9155274777,,2025-04-30,2024-03-31
874150,佛光发电,0.05,174178673.18,28.3665958171,,5470047.22,-35.8872308273,,,2.26,-0.528061504554,14.6010219252,,2025-04-30,2024-03-31
874111,兢强科技,0.3,347820830.59,,5.1599,17773215.53,,-24.5183,,3.36,-1.045686394489,10.3119356018,,2025-04-30,2024-03-31
874090,普瑞金,-0.3089,174768.33,,-25.7455,-24714686.98,,1.1512,,-18.84,-0.068323858375,-0.9023717283,,2025-04-30,2024-03-31
874044,兰州助剂,0.1088,89824697.08,-8.5577883127,-12.4408,12452200.53,-11.01,4.0322,3.978211600507,2.78,0.066472498821,24.0996780994,,2025-04-30,2024-03-31
874042,华脉泰科,-0.02,35158304.38,,,-1597095.79,,,,-0.38,,75.1204326424,,2025-04-30,2024-03-31
873750,斯贝科技,-0.03,162915795.3,,,-9411629.43,,,,-1.74,-0.280479607078,10.3960217478,,2025-04-30,2024-03-31
873534,金万众,0.43,220259656.58,,,25797247.06,,,,3.56,,24.7234895421,,2025-04-30,2024-03-31
839205,盛昌电气,0.02,30237263.74,,,991426.53,,,,0.9,-0.017234399705,19.1453196287,,2025-04-30,2024-03-31
838192,铂联科技,0.06,67358742.47,,-9.1613,6934628.31,,-49.7738,,3.19,-0.13186840085,26.2675761619,,2025-04-30,2024-03-31
834960,金雨茂物,0.0482,21978287.21,-0.1371063081,7.2128,24099094.94,244.43,-76.4767,3.76286277584,1.27,-0.00241438162,,,2025-04-30,2024-03-31
834777,中投保,0.0171,370137045.63,8.7480360696,-37.3531,105821444.68,-2.05,-41.532,1.716117414367,1.01,-0.043889176658,,,2025-04-30,2024-03-31
834418,好买财富,0.08,171138099.35,-5.7579111202,-17.8198,29345106.37,-30.7,-37.1452,4.861042137354,1.75,0.925711421653,95.2173144606,,2025-04-30,2024-03-31
831896,思考股份,-0.0106,353076.03,-44.4024145824,15.1713,-3817936.58,-18.49,54.7958,0.3278329605,-3.18,-0.058866388722,-337.6783663281,,2025-04-30,2024-03-31
689009,九号公司,0.189,2562403834.85,54.178617059,-4.9572,135676093.42,675.34,-38.0889,7.464670309182,2.52,1.321799401562,29.2834767894,摩托车及其他,2025-04-30,2024-03-31
688819,天能股份,0.52,9328480253.19,-13.2369225705,-26.4549,502489763.96,-18.64,-15.2539,16.402403283561,3.2,2.108330282502,14.4454180051,电池,2025-04-30,2024-03-31
688789,宏华数科,0.48,368493182.74,30.2324316358,-1.9496,86524846.42,34.95,0.7456,24.020665563651,3.02,0.299249029801,45.6279043264,专用设备,2025-04-30,2024-03-31
688777,中控技术,0.18,1738464204.72,20.2500430869,-40.884,145425147.05,57.39,-64.3877,12.603699432172,1.47,-0.856569483137,31.0322108661,自动化设备,2025-04-30,2024-03-31
688750,金天钛业,0.0982,202252296.8,0.3741453034,-14.7593,36348044.76,-4.8301125867,-30.6817,,2.11,,38.6242035547,小金属,2025-04-30,2024-03-31
688739,成大生物,0.2,364709258.37,3.1643601729,-12.2048,81463701.09,-35.88,3285.8481,23.204653793589,0.85,0.079847966695,82.896581513,生物制品,2025-04-30,2024-03-31
688737,中自科技,0.12,374665999.81,41.2416966112,-10.8731,14506176.77,134.52,53.1401,15.771109289908,0.78,0.537391544311,10.5514909173,汽车零部件,2025-04-30,2024-03-31
688733,壹石通,-0.09,113729714.98,6.8698449628,-2.8986,-17919119.6,-241.04,-297.1682,11.106285460071,-0.8,-0.171598989945,14.9376885038,电池,2025-04-30,2024-03-31
688710,益诺思,0.54,296077168.18,17.1507840845,23.5819,57052588.68,-13.3431929572,311.4323,,3.46,,40.6143615292,医疗服务,2025-04-30,2024-03-31
688709,成都华微,0.1,139163637.74,-36.3817293049,-53.1733,58627178.26,-21.79,-49.3173,4.386827811111,3.23,-0.072457807332,79.2839020895,半导体,2025-04-30,2024-03-31
688699,明微电子,0.01,125188118.31,-12.1178439398,-9.8575,1155098.72,123.8,153.069,11.9807126544,0.09,-0.136781715817,26.6259770336,半导体,2025-04-30,2024-03-31
688696,极米科技,0.2,825497244.54,-6.5855984752,-27.2549,14319148.32,-72.57,-58.2985,43.243027104143,0.46,2.086256981857,28.0526126467,黑色家电,2025-04-30,2024-03-31
688693,锴威特,-0.22,22313007.48,-63.5350611365,-55.7306,-15950956.55,-229.22,-298.7313,13.657839474185,-1.57,-0.325936068312,32.342779773,半导体,2025-04-30,2024-03-31
688681,科汇股份,-0.05,62934793.37,12.8156295095,-46.2942,-4823123.8,3.3159295248,-161.3677,5.373641247731,-0.85,-0.090138968281,35.9780355627,电网设备,2025-04-30,2024-03-31
688679,通源环境,-0.02,268602288.8,18.6370509181,-39.5766,-2866612.04,-354.8795657218,-176.1638,8.581683586659,-0.25,-0.180770401552,17.4754942408,环境治理,2025-04-30,2024-03-31
688667,菱电电控,0.01,256456534.17,10.3927430577,-17.0475,378174.2,-97.22,-94.726,30.993934607411,0.02,0.054117983353,21.8102711171,汽车零部件,2025-04-30,2024-03-31
688663,新风光,0.29,353730388.66,65.1077268487,-58.3826,40404237.68,91.58,-15.4673,9.412160282958,3.06,-1.161015713612,28.7411998684,电网设备,2025-04-30,2024-03-31
688661,和林微纳,-0.0464,96677557.38,124.9307261703,-6.5541,-5417989.56,24.3510256342,-479.7454,13.558839427596,-0.44,0.022474579178,19.933772431,半导体,2025-04-30,2024-03-31
688653,康希通信,-0.0567,82267476.97,37.1538735144,-38.2663,-24069746.72,-105.6084995467,-380.4433,3.749540664743,-1.5,-0.073675122385,11.3772043397,半导体,2025-04-30,2024-03-31
688652,京仪装备,0.17,219014289.15,20.9790436131,58.5755,28042771.41,16.02,1093.0155,11.676087283929,1.44,-0.520994601905,35.0304207811,半导体,2025-04-30,2024-03-31
688651,盛邦安全,-0.13,42211542.03,18.9833621619,-73.2304,-10088621.92,-42.8151136028,-115.3525,13.074162198703,-1.01,-0.269534758816,73.1878802439,软件开发,2025-04-30,2024-03-31
688625,呈和科技,0.46,191508760.41,12.3952005322,-10.8706,61700617.25,20.37,5.4913,9.34192896483,4.86,0.311917574479,45.5413240331,化学制品,2025-04-30,2024-03-31
688622,*ST禾信,-0.21,46603068.17,-18.1195603994,-60.0727,-15019069.2,8.2061976897,63.4642,6.0126207172,-3.51,-0.209147603848,48.942234955,通用设备,2025-04-30,2024-03-31
688620,安凯微,-0.01,110823663.81,0.0207963635,-45.2596,-4908141.11,-226.88,-137.4709,3.894305052092,-0.32,-0.083093205434,20.0387260144,半导体,2025-04-30,2024-03-31
688618,三旺通信,0.21,75496059.07,5.2826974553,-41.9733,15462591.56,32.97,-52.4691,11.677330228365,1.72,0.212203174369,64.2226810476,通信设备,2025-04-30,2024-03-31
688615,合合信息,1.31,326613772.99,22.7764705358,2.2156,98297491.14,23.3495349993,108.3674,,9.39,,84.4771355825,软件开发,2025-04-30,2024-03-31
688611,杭州柯林,0.04,31430905.16,-15.6991137604,-69.8209,4490859.15,-65.54,-83.4702,10.832829009967,0.53,0.091717512267,75.9333531392,电网设备,2025-04-30,2024-03-31
688601,力芯微,0.4,220477849.18,23.5738977442,-12.3709,53477035.7,93.35,-34.7215,9.826065687431,4.16,0.222954307378,46.7254759302,半导体,2025-04-30,2024-03-31
688599,天合光能,0.24,18255937037.92,-14.3677359177,-43.4317,515738782.58,-70.83,13.5318,14.416914289752,1.62,-2.014824526724,13.9861348246,光伏设备,2025-04-30,2024-03-31
688595,芯海科技,-0.25,151325096.99,145.4214429012,1.5063,-35428358.02,27.6305001003,35.9859,5.53130330924,-4.0,-0.296822559951,34.1812573452,半导体,2025-04-30,2024-03-31
688590,新致软件,0.06,433247095.27,36.759267407,-22.9022,15117189.97,107.78,-39.7784,5.214672835698,1.01,-0.809341318572,27.071628198,软件开发,2025-04-30,2024-03-31
688588,凌志软件,-0.0246,268014443.88,60.3659269511,30.6338,-9828319.91,-124.69,-123.3837,3.015114497749,-0.82,-0.051034855246,30.0125373415,软件开发,2025-04-30,2024-03-31
688586,江航装备,0.08,308921731.5,1.2277300776,1.7823,60868475.85,1.1,818.073,3.208686596395,2.43,-0.102292074057,36.2142879191,航空装备Ⅱ,2025-04-30,2024-03-31
688585,上纬新材,0.05,333557856.93,3.9371317968,-12.0745,18444464.55,3.99,112.278,3.024314213207,1.52,0.025965775357,14.8802442361,塑料,2025-04-30,2024-03-31
688573,信宇人,-0.29,52838542.99,-24.3480052748,-75.5321,-28507969.28,-59.3130301183,-147.1497,9.19429852172,-3.1,0.93485602457,3.8751066251,电池,2025-04-30,2024-03-31
688570,天玛智控,0.23,468995234.9,0.3185514644,-29.3637,100449681.46,7.5,-9.5942,9.880032874873,2.38,-0.22445779582,46.6163202674,自动化设备,2025-04-30,2024-03-31
688569,铁科轨道,0.26,333030265.38,-41.837190723,40.2037,54959026.9,-60.4,853.3797,13.205387406885,2.0,-0.119006593496,39.9753278964,轨交设备Ⅱ,2025-04-30,2024-03-31
688568,中科星图,0.0024,418601682.06,56.4349562992,-62.5023,1939924.21,-62.08,-99.1898,9.596233640683,0.05,-1.104460877139,48.0578429594,IT服务Ⅱ,2025-04-30,2024-03-31
688567,孚能科技,-0.18,2924212373.69,-21.702707904,-43.8166,-217296159.17,38.1975860573,28.655,8.309710479768,-2.11,-0.913139202589,11.8873225686,电池,2025-04-30,2024-03-31
688565,力源科技,0.0034,49621810.11,16.035730223,-12.7756,520987.59,114.47,101.0719,3.192945735286,0.11,-0.004375223334,4.3364162557,环境治理,2025-04-30,2024-03-31
688563,航材股份,0.33,678614155.44,16.5243088636,11.6445,148119541.27,22.47,102.071,22.5822456438,1.47,-0.399435638844,30.3542813304,航空装备Ⅱ,2025-04-30,2024-03-31
688562,航天软件,-0.05,78982735.08,-76.0695201115,-86.2817,-21313695.43,-5123.1877207913,-142.2057,4.49217594625,-1.18,-0.844914556025,23.7311193655,IT服务Ⅱ,2025-04-30,2024-03-31
688561,奇安信,-0.7,704746571.12,-23.8172250496,-74.4304,-480282024.12,9.970389354,-137.0969,14.140576230702,-4.84,-0.842852512996,61.8477525087,软件开发,2025-04-30,2024-03-31
688559,海目星,0.2,1047962891.87,17.0436549329,-27.3852,41361785.72,31.01,336.0275,11.695093687403,1.75,-4.318025142919,24.5057218096,自动化设备,2025-04-30,2024-03-31
688557,兰剑智能,-0.11,71748898.94,-53.5259348516,-73.4836,-10837428.95,-1382.8067042102,-125.6095,14.801477168769,-1.0,-0.62591990461,37.274741808,通用设备,2025-04-30,2024-03-31
688539,高华科技,0.1,75011959.64,17.9810226954,-36.4269,18780658.79,30.7,-47.3412,13.471792964006,1.06,-0.331124145934,60.2735710772,元件,2025-04-30,2024-03-31
688538,和辉光电,-0.05,1124074385.7,32.736093824,10.8785,-641514068.86,-50.6648473851,24.8987,0.86025657888,-5.24,-0.00751115607,-29.5334820509,光学光电子,2025-04-30,2024-03-31
688535,华海诚科,0.16,72402604.63,33.1927429587,-7.951,12771702.45,207.3,58.4749,12.88830500431,1.24,-0.040191404447,28.9109614453,半导体,2025-04-30,2024-03-31
688533,上声电子,0.37,597800414.49,31.9841136621,-18.4516,58475460.53,95.38,12.9288,8.288692617702,4.38,0.623569637108,24.0881232749,汽车零部件,2025-04-30,2024-03-31
688530,欧莱新材,0.09,111416076.93,5.38,20.4389,10601285.52,2.4,86.4065,4.339149147033,2.06,-0.191602552961,22.4571221223,半导体,2025-04-30,2024-03-31
688529,豪森智能,0.05,439740134.87,7.1781353452,-8.8828,7831077.18,-72.06,151.8557,12.764181378756,0.37,-1.708177481832,24.0778552409,专用设备,2025-04-30,2024-03-31
688525,佰维存储,0.39,1726642291.89,305.7998655038,17.5948,167562304.96,232.97,219.3916,5.021336905294,8.18,1.176221741421,24.7407876221,半导体,2025-04-30,2024-03-31
688506,百利天恒,12.48,5462123134.28,4325.4544784359,2865.7906,5005155365.45,3100.1570450142,1985.9401,12.85681237005,188.56,13.413869658978,98.9212787042,生物制品,2025-04-30,2024-03-31
688502,茂莱光学,0.0811,110910882.85,-11.3184544311,12.9086,4280819.84,-69.36,-58.9132,22.661169098864,0.36,-0.626589216856,49.4835675091,光学光电子,2025-04-30,2024-03-31
688500,慧辰股份,-0.26,71026151.43,-25.3454579304,-65.0045,-18854432.04,-335.4879241774,86.847,10.402668240423,-2.41,-0.593438515313,31.2281077229,IT服务Ⅱ,2025-04-30,2024-03-31
688499,利元亨,-1.53,760368146.77,-39.9387637076,0.2103,-187855150.85,-180.9529751824,7.9667,16.648738249499,-8.04,-2.178895913975,17.3801191675,电池,2025-04-30,2024-03-31
688488,艾迪药业,-0.03,92893957.0,-17.5165355802,-15.4022,-13606889.35,-2898.7939664859,68.7996,2.647023436352,-1.22,-0.167122665382,42.0412469995,生物制品,2025-04-30,2024-03-31
688485,九州一轨,-0.04,46924218.52,92.4350592175,-47.8223,-6683969.36,54.4450944674,-187.902,8.676396760263,-0.51,-0.365489290246,20.4591109725,轨交设备Ⅱ,2025-04-30,2024-03-31
688459,哈铁科技,0.0076,100908023.23,8.5195509116,-82.1403,3628518.64,526.9957908446,-95.5338,6.943819251354,0.11,-0.046932956292,45.0991087758,轨交设备Ⅱ,2025-04-30,2024-03-31
688458,美芯晟,-0.12,94674919.77,18.2646701561,-40.5268,-13263857.09,-193.9014247767,-154.9148,25.480310618923,-0.64,-0.244232578178,21.9878000537,半导体,2025-04-30,2024-03-31
688426,康为世纪,-0.26,28803048.98,-62.565775992,44.8358,-28967442.68,-826.09,40.7183,14.489464656852,-1.76,-0.262037092099,57.8999047343,医疗器械,2025-04-30,2024-03-31
688418,震有科技,0.0363,179943616.32,32.6368737843,-50.95,6993000.48,46.84,115.7269,4.312639379474,0.84,-0.370458421982,59.4724804795,通信设备,2025-04-30,2024-03-31
688409,富创精密,0.29,701476021.12,105.4731294308,3.8113,60429613.63,53.42,64.7881,21.82799744624,1.32,-0.384901553878,25.3935095266,半导体,2025-04-30,2024-03-31
688408,中信博,1.14,1814204889.13,122.4718818771,-39.4669,153995532.83,297.18,-17.9364,21.656102194472,5.36,-6.232717888038,20.7945795478,光伏设备,2025-04-30,2024-03-31
688403,汇成股份,0.03,315302067.12,30.6259900463,-8.065,26327629.49,0.1,-51.1638,3.691850608898,0.85,0.137869913899,19.1869484975,半导体,2025-04-30,2024-03-31
688399,硕世生物,0.68,91119399.55,-3.1198093836,-28.1092,40067958.01,306.28,120.2571,58.771270268168,1.17,0.900549490447,70.9274908737,医疗器械,2025-04-30,2024-03-31
688396,华润微,0.0251,2115859042.71,-9.8227673181,-10.7466,33196086.59,-91.27,-92.1543,16.418127374879,0.1538,0.215468875585,26.4753888653,半导体,2025-04-30,2024-03-31
688393,安必平,0.09,101468637.22,11.8177387321,-28.9356,7989313.63,2.17,224.4005,13.608073894496,0.63,-0.261583387553,72.1224768411,医疗器械,2025-04-30,2024-03-31
688386,泛亚微透,0.24,103675064.16,33.9224372507,-14.9924,16814241.84,45.71,-39.3024,10.012757578429,2.43,0.217036503,50.1815202349,塑料,2025-04-30,2024-03-31
688379,华光新材,0.09,360369825.01,24.8772994077,-1.0147,7690827.34,-6.25,81.1508,10.379669888639,0.82,-0.700268707853,11.4013693124,通用设备,2025-04-30,2024-03-31
688371,菲沃泰,0.02,92913492.03,60.7303953449,-3.9573,5259774.4,149.2948445384,164.7885,5.843231998466,0.27,-0.041127300725,54.9461514518,电子化学品Ⅱ,2025-04-30,2024-03-31
688368,晶丰明源,-0.47,318671912.6,20.214461271,-17.7101,-29400166.71,51.0122206226,47.7784,21.12606748001,-2.17,1.137420012876,33.7058051347,半导体,2025-04-30,2024-03-31
688367,工大高科,0.016,30921237.27,71.5992380466,-69.9574,1396293.54,811.99,-85.3757,6.588542271842,0.24,-0.349695957287,33.7813934119,轨交设备Ⅱ,2025-04-30,2024-03-31
688360,德马科技,0.11,279559928.41,-5.7797483763,-38.3411,21214731.43,-0.55,42.4322,10.017406845373,1.59,-0.419068897387,30.2884545119,通用设备,2025-04-30,2024-03-31
688352,颀中科技,0.06,443405252.67,43.7411083716,-8.0324,76687049.55,150.51,-39.4751,4.967760071936,1.31,0.117175366278,33.7682772426,半导体,2025-04-30,2024-03-31
688351,微电生理,0.0089,89152510.16,71.0106322574,-4.2642,4169185.75,144.7045053354,171.4991,3.593003223842,0.25,0.013304228644,60.544195596,医疗器械,2025-04-30,2024-03-31
688348,昱能科技,0.26,427748061.08,-1.8337406976,-5.288,39930858.95,-66.06,0.217,32.775723389732,1.09,1.135736757232,34.5089028802,光伏设备,2025-04-30,2024-03-31
688337,普源精电,0.03,150984688.88,-3.5353883799,-23.6621,6307156.02,-72.75,-84.189,15.587665674503,0.22,-0.142742733907,54.8055817075,通用设备,2025-04-30,2024-03-31
688332,中科蓝讯,0.46,362943937.7,18.1933516237,-8.6517,54886835.17,11.07,0.8134,31.848082706083,1.44,0.088741759667,20.4310523052,半导体,2025-04-30,2024-03-31
688330,宏力达,0.2614,217434467.16,0.1606562991,-37.8218,36458013.28,-33.02,-55.8169,26.071684566643,1.0,-0.167472994,49.0107494234,电网设备,2025-04-30,2024-03-31
688327,云从科技,-0.15,54403525.48,19.9897152716,-80.7246,-160668732.04,-11.6180199598,33.6819,1.465819348351,-10.29,-0.060217067201,58.0524471555,IT服务Ⅱ,2025-04-30,2024-03-31
688323,瑞华泰,-0.09,54703500.18,22.3587078335,-18.8331,-16574890.9,-117.981208752,-38.9313,4.774814962531,-1.67,0.182793066576,22.1356689794,塑料,2025-04-30,2024-03-31
688318,财富趋势,0.27,71046221.35,9.1608576483,-61.8101,50192583.1,-10.64,-55.3978,26.650258833946,1.45,0.083059307953,81.1739760738,软件开发,2025-04-30,2024-03-31
688317,之江生物,0.14,51227345.41,-39.2668274717,-25.8986,26906914.34,346.47,115.6893,19.716169884597,0.7,0.083619803153,75.6731870835,医疗器械,2025-04-30,2024-03-31
688310,迈得医疗,0.06,74220852.42,2.0798158872,-50.6183,10513161.2,-21.61,-62.5371,7.671135887672,1.17,0.087629244677,51.6895873317,自动化设备,2025-04-30,2024-03-31
688298,东方生物,-0.33,182922481.69,-51.3562618858,8.8918,-67353495.4,-33.82,79.2886,36.511482405952,-0.91,-1.050917544196,32.3506567007,医疗器械,2025-04-30,2024-03-31
688296,和达科技,-0.01,78427697.42,9.6352596389,-44.5948,-941201.09,77.96,92.2914,6.516582001255,-0.13,-0.772306577768,28.9468364071,软件开发,2025-04-30,2024-03-31
688286,敏芯股份,-0.26,88183289.62,34.4443620589,-22.3666,-14446483.54,29.7158612957,26.0087,18.721273839726,-1.36,-0.556872998796,22.0832055415,半导体,2025-04-30,2024-03-31
688282,理工导航,-0.21,11316871.06,36.8539974518,53.763,-17764082.04,-261.8,34.2882,15.148159705227,-1.39,-0.586920973977,21.0265750788,航天装备Ⅱ,2025-04-30,2024-03-31
688275,万润新能,-1.04,1154685836.57,-62.733887925,-46.8611,-130059834.7,-284.9474528389,76.5648,50.929334974293,-2.0,5.142291552903,-0.8536926381,电池,2025-04-30,2024-03-31
688261,东微半导,0.04,173108475.5,-42.7117083402,-14.6745,4294058.13,-93.96,-48.7594,30.334753834733,0.15,-0.146625950998,12.4739266911,半导体,2025-04-30,2024-03-31
688260,昀冢科技,-0.2535,141354613.98,56.7201347106,0.7021,-30419309.12,-1.9956886094,50.6419,2.584921613667,-9.39,-0.237473509833,22.2613573579,消费电子,2025-04-30,2024-03-31
688257,新锐股份,0.241,394420245.84,5.9793855231,0.9578,42984391.78,12.62,20.4656,16.369750936653,2.03,-0.065147670797,32.9862224549,通用设备,2025-04-30,2024-03-31
688252,天德钰,0.08,345288588.23,46.0693952496,-9.7424,32525834.62,206.02,-14.4067,4.746799661048,1.65,-0.094723598689,19.5679971112,半导体,2025-04-30,2024-03-31
688247,宣泰医药,0.05,111411602.18,162.6500674997,28.7892,22895905.48,196.71,34.6705,2.648829115322,1.88,0.063477286518,45.4510489475,化学制药,2025-04-30,2024-03-31
688246,嘉和美康,-0.09,122559648.25,14.0038542116,-22.1657,-11850583.19,47.7031435273,-183.1479,13.010396896356,-0.65,-0.699731672399,47.1488926944,软件开发,2025-04-30,2024-03-31
688236,春立医疗,0.14,221850180.79,-9.9469631673,-46.7178,55199616.28,-1.18,-43.2109,7.645743770982,1.9,-0.337914450926,73.8374251563,医疗器械,2025-04-30,2024-03-31
688234,天岳先进,0.11,426068533.52,120.6638737894,0.036,46099895.98,263.7296767314,104.5889,12.144125536997,0.88,-0.09089836055,21.9237649489,半导体,2025-04-30,2024-03-31
688223,晶科能源,0.12,23083671879.45,-0.2983470059,-31.2682,1175724471.33,-29.09,8.2407,3.449495758061,3.36,0.117185860161,9.5765112316,光伏设备,2025-04-30,2024-03-31
688221,前沿生物,-0.15,24648130.0,106.931149497,-41.3569,-55706177.98,26.4199954105,35.5983,3.435796762262,-4.24,-0.116796347281,31.0893811823,化学制药,2025-04-30,2024-03-31
688220,翱捷科技,-0.31,830133907.19,103.3390138086,9.8319,-125285669.54,35.9874765398,-57.599,14.863231427103,-1.99,-0.546301138437,23.7321362654,半导体,2025-04-30,2024-03-31
688218,江苏北人,0.04,134141876.04,19.5418594027,-58.7545,4276331.11,606.54,-90.2774,7.988457083377,0.45,-0.67724453821,22.1044245133,自动化设备,2025-04-30,2024-03-31
688211,中科微至,-0.33,344577070.46,18.3482511433,-64.8941,-41764489.21,-231.89,-204.8538,27.319112924132,-1.15,0.711842902511,10.6621553143,专用设备,2025-04-30,2024-03-31
688210,统联精密,0.09,129883899.51,88.0256207554,-32.9836,14672292.08,603.5277567033,-58.7432,7.647250162605,1.22,0.411980861851,40.39437991,消费电子,2025-04-30,2024-03-31
688206,概伦电子,-0.084,81812580.71,27.9699829506,-23.4636,-36471708.61,-7285.8968562766,-31.9573,4.640611723262,-1.77,-0.122780763715,94.2783249601,软件开发,2025-04-30,2024-03-31
688202,美迪西,-0.28,259506479.47,-42.5108374545,42.2414,-37555731.42,-136.98,74.6436,18.25481745877,-1.51,-0.434789181256,8.3348621407,医疗服务,2025-04-30,2024-03-31
688200,华峰测控,0.17,136823208.53,-31.6085583971,-20.5112,23438331.42,-68.62,-57.0697,24.69825379908,0.7,-0.059308169574,73.8110101605,半导体,2025-04-30,2024-03-31
688195,腾景科技,0.09,93886682.13,20.6353413652,0.5754,11254674.78,72.07,7.5057,6.97768538477,1.24,-0.016398224353,32.1045301913,光学光电子,2025-04-30,2024-03-31
688193,仁度生物,0.09,44815148.38,15.6027703996,-5.2814,3703907.82,157.9429494477,-77.6907,23.9017046155,0.38,0.2033807435,80.5577347059,医疗器械,2025-04-30,2024-03-31
688192,迪哲医药,-0.54,81318560.0,,58.868,-224234890.87,6.3829888427,19.5609,1.675899043823,-28.78,-0.303310339112,97.4708498404,化学制药,2025-04-30,2024-03-31
688190,云路股份,0.63,442628552.95,15.0821533795,-5.6565,75627498.03,2.96,-19.3421,19.649816123083,3.26,0.112074795083,30.2488850544,金属新材料,2025-04-30,2024-03-31
688189,ST南新,0.067,136374970.14,-55.0255713899,46.136,18386651.64,46.71,183.8899,4.788211190889,1.4,0.134342409147,64.6530686529,化学制药,2025-04-30,2024-03-31
688187,时代电气,0.39,3951483100.0,28.069106039,-49.0549,556568395.0,30.44,-46.0817,26.389060453326,1.5,-0.359194200977,29.6647479272,轨交设备Ⅱ,2025-04-30,2024-03-31
688185,康希诺,-0.69,114282281.78,13.6535036589,-37.0177,-170095866.61,-21.8909096089,65.8238,20.636510588351,-3.28,-0.437242750097,59.5451851679,生物制品,2025-04-30,2024-03-31
688184,ST帕瓦,-3.73,291922468.85,18.6962723747,59.183,-103733061.28,-745.56,61.1924,16.788881865499,-0.64,-0.697572254295,3.2234783904,电池,2025-04-30,2024-03-31
688178,万德斯,0.09,153326988.59,10.8429251076,-24.1999,7581160.86,212.51,107.094,13.113480350975,0.68,0.570541240891,22.5999893878,环境治理,2025-04-30,2024-03-31
688176,亚虹医药,-0.15,24319537.45,106217.706475361,126.0753,-82848207.86,-31.6412924568,37.4216,4.032598917526,-3.54,-0.226508833474,78.9664123731,化学制药,2025-04-30,2024-03-31
688175,高凌信息,-0.04,40639863.21,106.6677344569,-75.5127,-4532618.51,56.89,-116.3256,20.127881316632,-0.24,-0.784760723588,42.9994398104,军工电子Ⅱ,2025-04-30,2024-03-31
688173,希荻微,-0.12,122908664.18,205.9401241314,-7.1957,-48891400.92,-191.09,30.4712,4.244294121397,-2.74,-0.178982642406,32.4518278155,半导体,2025-04-30,2024-03-31
688171,纬德信息,0.05,21082826.62,2.7211384169,-43.0394,3874982.03,16.19,24.5717,10.029929740586,0.46,-0.024017877274,40.0014845353,软件开发,2025-04-30,2024-03-31
688169,石头科技,2.18,1840829247.0,58.6855431362,-37.9181,398756539.0,95.23,-42.2804,89.639798735099,3.44,1.773692595393,54.9367514476,小家电,2025-04-30,2024-03-31
688168,安博通,-0.46,56544466.22,8.9948763551,-79.2787,-35071604.36,24.5201469271,-142.9533,15.642837002392,-2.95,-1.165173066575,62.9912849852,软件开发,2025-04-30,2024-03-31
688165,埃夫特,-0.04,335060672.99,-14.0614521178,-27.2631,-19376428.27,52.2429911681,-379.988,3.387668683161,-1.09,-0.014107667657,15.917176201,自动化设备,2025-04-30,2024-03-31
688161,威高骨科,0.09,347912613.72,-10.7417060977,73.0717,34905665.79,-62.92,460.1008,9.70715324655,0.9,0.037390235,59.4562536547,医疗器械,2025-04-30,2024-03-31
688155,先惠技术,0.45,488922961.14,-17.4803783682,-28.0519,48382271.21,184.59,241.3174,16.001602138898,4.02,3.882745547715,25.1937387892,电池,2025-04-30,2024-03-31
688152,麒麟信安,-0.09,44139392.99,29.8124507003,-45.5546,-7273734.39,-449.6543682036,-193.4594,15.782373739277,-0.58,-0.24871760839,65.6164762088,软件开发,2025-04-30,2024-03-31
688141,杰华特,-0.47,329235593.08,9.1766289769,12.6662,-209131930.45,-266.0347013569,-24.8795,5.533634542092,-8.16,-0.093202232859,27.6832638286,半导体,2025-04-30,2024-03-31
688139,海尔生物,0.44,686909061.52,0.0350153381,51.1164,137614697.49,0.06,181.5798,13.658776099543,3.21,0.242819272934,47.518605892,医疗器械,2025-04-30,2024-03-31
688138,清溢光电,0.19,271823375.62,48.5383198996,6.017,49590830.56,155.22,26.3931,5.259359866154,3.56,0.215593470952,30.6778788174,半导体,2025-04-30,2024-03-31
688135,利扬芯片,0.0,116944746.57,11.0109612917,-8.2,338496.61,-94.63,104.6427,5.62147398177,0.03,0.277778655707,26.3368958105,半导体,2025-04-30,2024-03-31
688133,泰坦科技,0.02,664242611.8,1.3601122116,-7.2006,2307914.1,-90.81,234.3638,23.694685644283,0.08,-1.147134801628,20.7968721497,化学制品,2025-04-30,2024-03-31
688131,皓元医药,0.08,504874103.59,20.6778900172,0.1868,16757351.46,-63.76,80.4904,16.915379872238,0.66,0.188350204202,40.8002001004,医疗服务,2025-04-30,2024-03-31
688116,天奈科技,0.16,307096749.41,10.1898114538,-11.2202,53786754.01,35.38,-60.3438,7.792678085588,1.97,0.197533009075,34.4539130236,电池,2025-04-30,2024-03-31
688114,华大智造,-0.49,530735953.6,-14.259512799,-24.9742,-200985602.32,-34.1543313872,50.9461,19.968939146881,-2.12,-0.526083880679,61.5489425663,医疗器械,2025-04-30,2024-03-31
688110,东芯股份,-0.1,106242243.58,-14.2072406479,-33.3719,-44504563.57,-29.4969428684,72.176,7.74542265918,-1.28,-0.157585745836,12.0881364486,半导体,2025-04-30,2024-03-31
688098,申联生物,-0.01,88058162.67,7.582397853,41.8896,-2209184.73,-113.92,60.5898,3.619979920856,-0.15,-0.059429534,61.0231647592,动物保健Ⅱ,2025-04-30,2024-03-31
688082,盛美上海,0.18,921388511.56,49.6282957223,-19.0733,80183413.97,-38.76,-66.2952,15.203525903481,1.23,-0.355799202005,46.3152929135,半导体,2025-04-30,2024-03-31
688081,兴图新科,-0.13,17712605.28,-58.8719553383,-76.5362,-12937677.27,-21806.34,52.8626,4.887242712539,-2.49,-0.245940535908,53.2216453818,军工电子Ⅱ,2025-04-30,2024-03-31
688079,美迪凯,-0.06,115874580.9,22.3029995542,45.0024,-23558978.49,-355.1076102048,-21.9594,3.587958349729,-1.62,0.062117719232,24.6133179067,光学光电子,2025-04-30,2024-03-31
688075,安旭生物,0.55,129406701.97,6.52726818,-30.8787,70190798.47,38.09,254.9942,40.754426515845,1.0,0.007936701429,42.1101494053,医疗器械,2025-04-30,2024-03-31
688072,拓荆科技,0.04,471789687.75,17.2511246797,-52.9371,10471659.86,-80.51,-97.3257,24.551482586148,0.23,-3.833134101382,43.5053664354,半导体,2025-04-30,2024-03-31
688071,华依科技,-0.12,101813147.41,-1.2429966518,-7.1323,-9692729.53,-180.73,56.3244,12.056435705346,-0.94,-0.175549476845,28.6511998127,专用设备,2025-04-30,2024-03-31
688068,热景生物,0.06,116124860.44,-42.7784888254,-13.5554,5054819.8,-91.42,118.7229,35.513920058712,0.15,-0.151806577862,59.0378327175,医疗器械,2025-04-30,2024-03-31
688065,凯赛生物,0.18,684521536.95,35.4291568377,24.7568,105258699.94,83.25,99.9627,19.289788629599,0.94,0.369017195658,28.6829576225,化学制品,2025-04-30,2024-03-31
688061,灿瑞科技,-0.04,115176549.91,61.0871464021,-23.9076,-4175139.18,-206.5591590112,-116.5813,21.724809778912,-0.16,-0.264446309581,27.4876892169,半导体,2025-04-30,2024-03-31
688052,纳芯微,-1.05,362481635.24,-23.0414199151,16.8877,-150029219.93,-9677.28,-175.4221,42.978577967036,-2.43,0.089494119114,31.9949641264,半导体,2025-04-30,2024-03-31
688051,佳华科技,-0.12,100062407.41,60.3860983918,-5.0917,-9378386.84,67.9806344869,92.0944,10.515796019215,-1.15,-0.19584276683,23.8662872882,IT服务Ⅱ,2025-04-30,2024-03-31
688048,长光华芯,-0.1103,52487248.31,-41.91448236,-25.9307,-19450089.89,-1420.47,72.047,17.502034534922,-0.63,0.052784544921,25.9564335694,半导体,2025-04-30,2024-03-31
688045,必易微,0.0041,135612257.58,2.4764874914,-12.9752,284973.32,112.3268172536,106.0166,19.238946483595,0.02,0.183574695043,26.5871492912,半导体,2025-04-30,2024-03-31
688032,禾迈股份,0.54,331313681.76,-42.910308215,-46.3886,67302017.75,-61.83,-30.1955,77.242705036157,1.05,0.939919695622,47.7414274864,光伏设备,2025-04-30,2024-03-31
688025,杰普特,0.28,255732511.52,-13.7605089815,-20.5809,26290136.3,-13.19,12.0003,20.707878328192,1.33,0.312433161603,40.7161800981,自动化设备,2025-04-30,2024-03-31
688023,安恒信息,-1.95,280802086.21,-16.4653354351,-70.8349,-200369144.75,-5.7543938371,-214.0273,30.694225418858,-8.06,-4.537272639552,49.8976384083,软件开发,2025-04-30,2024-03-31
688018,乐鑫科技,0.4892,387191411.51,21.7133551835,-4.6581,53915482.37,73.43,9.9519,23.301098548375,2.85,-0.14864096367,41.9346960891,半导体,2025-04-30,2024-03-31
688017,绿的谐波,0.1193,81927118.72,-7.4528225293,-19.8029,20115815.39,-18.39,72.5838,12.052785111946,0.99,0.042872478404,42.553004188,自动化设备,2025-04-30,2024-03-31
688016,心脉医疗,1.5,358081405.15,25.3824191101,19.862,184296095.55,47.62,77.1982,48.868594708744,4.51,2.562048395689,76.5154801421,医疗器械,2025-04-30,2024-03-31
688009,中国通号,0.06,6547480136.78,-12.7367297842,-47.2112,604490948.26,-10.84,-33.663,4.217410532437,1.28,0.196634269077,27.4105054849,轨交设备Ⅱ,2025-04-30,2024-03-31
688007,光峰科技,0.1,445039193.21,-3.0442918668,-20.9139,44543331.11,226.21,275.5579,6.109440049571,1.57,0.026425963773,31.2636959133,消费电子,2025-04-30,2024-03-31
688005,容百科技,-0.05,3691640761.48,-55.8840925125,-9.586,-37241586.34,-111.98,-6.4131,17.589917318505,-0.43,-2.06818119672,5.1527847667,电池,2025-04-30,2024-03-31
688001,华兴源创,-0.08,281197418.43,-21.6044735921,-46.2852,-34358925.98,-228.19,-170.4057,8.630182521505,-0.88,-0.530441643572,54.6933862404,通用设备,2025-04-30,2024-03-31
605598,上海港湾,0.12,287747787.53,42.4209719984,-23.5454,30101424.38,5.52,0.5503,7.277894167647,1.7,-0.009587772244,37.3303845642,专业工程,2025-04-30,2024-03-31
605577,龙版传媒,0.3074,631799944.73,2.267269998,218.6508,136618294.85,-2.9,1160.5922,8.510057454852,3.75,-0.025382555136,50.3240235666,出版,2025-04-30,2024-03-31
605388,均瑶健康,0.04,395905330.07,-11.1042151487,42.2325,26150321.8,9.34,204.8565,4.505483092721,1.34,-0.301136824093,29.4962580093,饮料乳品,2025-04-30,2024-03-31
605377,华旺科技,0.32,951861538.46,4.1461823742,-4.032,146844095.97,36.59,-13.2358,12.513732748588,3.6,-0.627286793547,20.1619205678,造纸,2025-04-30,2024-03-31
605376,博迁新材,0.06,199887471.13,60.3317115654,1.1561,15578818.6,764.9,134.5007,6.092727334939,0.98,0.009157150459,18.788659363,金属新材料,2025-04-30,2024-03-31
605368,蓝天燃气,0.29,1581736259.77,8.4591561187,13.2604,202678791.66,1.94,90.6009,5.736070157437,5.17,0.079488270439,20.0133903402,燃气Ⅱ,2025-04-30,2024-03-31
605366,宏柏新材,0.01,377270519.57,18.0204354169,5.2571,7075145.3,71.95,-47.2443,3.263433790973,0.35,-0.054200722301,12.0451144955,化学制品,2025-04-30,2024-03-31
605336,*ST帅电,0.12,117418731.61,-32.9643786681,-43.3151,22233383.94,-44.5,-55.9017,10.855602968465,1.12,-0.11550920222,44.5886776855,厨卫电器,2025-04-30,2024-03-31
605319,无锡振华,0.31,490245147.13,15.94539041,-30.0695,77368318.44,103.54,-30.0541,9.009747649197,3.48,-0.018525670227,25.5264464855,汽车零部件,2025-04-30,2024-03-31
605303,园林股份,-0.11,136686698.9,57.5075028473,-21.2524,-17824902.45,22.2556068335,66.8157,7.451415057292,-1.47,-0.387162258091,12.2988391813,基础建设,2025-04-30,2024-03-31
605288,凯迪股份,0.28,240100202.89,5.9555906542,-28.4464,19597627.96,0.32,2.6281,31.151642615629,0.9,0.721373845937,24.2100587631,自动化设备,2025-04-30,2024-03-31
605287,德才股份,0.2671,654250580.6,-26.6429518438,-69.9392,37398515.38,-21.14,293.6743,13.469374070786,1.98,-0.377682851071,10.6022869703,装修装饰Ⅱ,2025-04-30,2024-03-31
605259,绿田机械,0.21,425432839.83,0.2818275145,7.9427,36724201.68,-28.45,21.0587,13.057649511039,2.31,0.300921701299,19.0257783678,专用设备,2025-04-30,2024-03-31
605218,伟时电子,0.053,407311653.81,41.6271441263,-8.2409,11170580.85,1.85,-78.6033,6.020111262863,0.88,0.069135178463,13.2150650654,光学光电子,2025-04-30,2024-03-31
605208,永茂泰,0.03,823390813.82,21.3491944726,-19.8759,10217565.23,167.6856389764,280.8148,6.336657386858,0.49,-0.211500082045,8.2576523698,工业金属,2025-04-30,2024-03-31
605189,富春染织,0.19,537141297.73,13.5479800181,-23.1341,29514436.74,30.06,-9.6973,11.587933576895,1.63,-2.561787890926,11.7757078067,纺织制造,2025-04-30,2024-03-31
605186,健麾信息,0.04,35633143.76,-41.847397527,-46.2794,5242315.57,-47.28,137.3195,7.779181880956,0.5,-0.475280590147,78.1516203498,自动化设备,2025-04-30,2024-03-31
605179,一鸣食品,0.03,642866354.89,11.1362053091,-6.894,10365134.43,126.42,178.4832,2.766432567032,0.93,0.272252541247,30.6029996396,饮料乳品,2025-04-30,2024-03-31
605177,东亚药业,0.21,352582674.1,-4.6305422265,0.1784,24039198.04,3.53,-32.6387,16.709673622538,1.19,-0.854656563345,25.4011868815,化学制药,2025-04-30,2024-03-31
605167,利柏特,0.09,658452180.59,14.2098762167,-23.4567,39016474.8,14.23,16.9034,3.656420962634,2.38,-0.453885216358,13.0328960264,专业工程,2025-04-30,2024-03-31
605162,新中港,0.06,218790810.69,12.6050323678,-19.7407,25416045.17,148.94,-60.2466,3.070927966498,2.0,0.062881603099,25.5601134955,电力,2025-04-30,2024-03-31
605155,西大门,0.12,164837387.96,38.3284998063,-11.3326,23300094.57,40.22,52.3828,8.952474743016,1.89,0.240453211482,39.9547817186,家居用品,2025-04-30,2024-03-31
605117,德业股份,0.72,1883732255.41,-9.6410792703,63.2633,432908176.82,-26.48,94.3739,13.308011784301,7.9,0.303332000995,36.316603474,光伏设备,2025-04-30,2024-03-31
605100,华丰股份,0.18,306726978.13,-20.3314513566,-10.9963,30041022.38,-17.49,-39.9342,11.198429190147,1.59,-0.356633573488,16.9959791336,通用设备,2025-04-30,2024-03-31
605098,行动教育,0.2,140844295.74,28.1140125497,-33.2931,23988686.54,34.42,-59.1926,8.332891583742,2.47,0.10811662994,71.7754122159,教育,2025-04-30,2024-03-31
605069,正和生态,0.16,76719163.39,-13.6572650891,201.5264,34719199.09,272.5440392181,113.8563,5.102105930843,3.27,0.232144751987,26.8749234467,环境治理,2025-04-30,2024-03-31
605058,澳弘电子,0.22,274464946.4,7.704391079,1.0381,31230751.5,2.31,48.247,11.549493825003,1.91,0.614706373914,24.1912927282,元件,2025-04-30,2024-03-31
605056,咸亨国际,0.02,438076846.68,17.374770796,-65.0601,8825269.52,-31.82,-75.2776,3.845345453444,0.56,-0.317413246953,26.7539088218,通用设备,2025-04-30,2024-03-31
605055,迎丰股份,-0.01,318675386.6,6.9846545858,-27.8132,-4624717.29,52.7330277574,-140.5871,2.593754022818,-0.01,-0.092852907159,11.3160887054,纺织制造,2025-04-30,2024-03-31
605050,福然德,0.16,2392262801.54,12.226880047,-14.4752,76706571.71,-10.08,-37.7321,8.699111556322,1.81,-0.840872613061,6.0646202155,物流,2025-04-30,2024-03-31
605016,百龙创园,0.22,252106894.27,29.6336726546,17.5501,53543202.6,20.47,3.653,6.282474207011,3.49,0.11561860567,33.7528930759,化学制品,2025-04-30,2024-03-31
605008,长鸿高科,0.1,771102071.99,105.3599735248,147.5377,64520522.67,-15.71,991.1436,3.348965743942,3.07,-0.096746962727,11.0910551128,塑料,2025-04-30,2024-03-31
605006,山东玻纤,-0.14,514607850.91,-18.0936772587,-5.122,-85199301.16,-196.28,-17334.2894,4.25620689651,-3.1,0.149353346306,-3.0598323407,玻璃玻纤,2025-04-30,2024-03-31
603997,继峰股份,0.02,5287006550.08,3.450065287,-6.1335,19073408.11,-68.23,-61.6222,3.525660245598,0.47,0.172461776742,14.679582403,汽车零部件,2025-04-30,2024-03-31
603990,麦迪科技,0.03,111382482.48,57.3757388459,-58.453,9891496.09,191.8069641497,105.5772,3.562440537563,0.9,-0.162521654706,32.7610730588,软件开发,2025-04-30,2024-03-31
603989,艾华集团,0.0877,812887212.12,15.2686772259,1.1114,35166574.64,-61.11,26.9623,9.036123175922,0.98,-0.211640242268,21.6711637019,元件,2025-04-30,2024-03-31
603988,中电电机,-0.08,110321130.81,-39.158273005,-51.911,-18424110.23,-615.41,-156.358,2.786095753656,-2.74,-0.156629019728,15.7815945886,电机Ⅱ,2025-04-30,2024-03-31
603982,泉峰汽车,-0.5403,503573554.75,12.8284279021,-19.7333,-141209636.28,-42.0546201178,23.876,7.673463945367,-6.52,-0.428176964623,0.6474980922,汽车零部件,2025-04-30,2024-03-31
603980,吉华集团,0.15,363589732.65,-11.6284976417,-11.806,106580828.49,717.22,159.5636,5.686635810171,2.73,-0.062425604757,11.9994368273,化学制品,2025-04-30,2024-03-31
603976,正川股份,0.14,245711123.16,8.9363079694,5.559,21047590.27,61.97,361.907,8.017203686188,1.72,0.030541776953,21.1585452182,医疗器械,2025-04-30,2024-03-31
603968,醋化股份,-0.1292,718063398.05,-9.567115799,23.1578,-27033611.23,-155.19,18.2865,9.429210482622,-1.36,-0.730440433939,9.9580023775,化学制品,2025-04-30,2024-03-31
603959,ST百利,-0.17,269704873.73,-43.5379120585,-53.5706,-84085454.62,-220.76,36.4372,0.930689826036,-17.08,-0.043689877074,5.9740627291,专业工程,2025-04-30,2024-03-31
603955,大千生态,0.0655,25035267.98,-18.4761966955,-28.9293,8885445.56,741.93,108.9094,11.365695305408,0.58,0.176238277188,34.7954254652,基础建设,2025-04-30,2024-03-31
603950,长源东谷,0.15,415834708.0,3.0905593071,1.0838,46851469.23,-28.62,143.7938,7.715597073805,1.88,0.300222789226,19.5950632745,汽车零部件,2025-04-30,2024-03-31
603928,兴业股份,0.06,335339287.03,-8.0484365003,-9.3033,15770766.94,-20.98,36.5255,7.665308346081,1.03,0.188761568254,12.8119278002,塑料,2025-04-30,2024-03-31
603922,ST金鸿顺,-0.09,179202955.04,122.399821514,3.8649,-16799914.74,-24.92,-130.5314,7.927939596406,-1.64,-0.507677094531,3.3242999864,汽车零部件,2025-04-30,2024-03-31
603912,佳力图,0.0,114227527.72,2.6382905816,-54.3952,2335202.08,-45.57,-84.5772,3.410502616948,0.12,-0.086296027883,24.9047670188,通用设备,2025-04-30,2024-03-31
603906,龙蟠科技,-0.14,1474473563.26,-29.2359352637,-34.0884,-78577453.32,64.96,84.596,5.881254877003,-2.27,0.165372353779,5.1353550031,电池,2025-04-30,2024-03-31
603903,中持股份,0.07,207335443.47,14.3193184647,-71.3968,18876079.02,542.97,-75.263,7.030885130778,1.06,-0.48736564899,34.4739346509,环境治理,2025-04-30,2024-03-31
603900,莱绅通灵,-0.06,242381338.72,-3.0823293298,45.6952,-18760264.49,-218.62,67.0385,6.105709326571,-0.89,-0.448477724286,41.246979057,饰品,2025-04-30,2024-03-31
603897,长城科技,0.27,2634293851.61,11.757511206,-8.6512,56232285.31,83.65,-47.608,13.720236466825,2.01,2.79633436959,4.7870864001,电网设备,2025-04-30,2024-03-31
603895,天永智能,0.04,171646888.71,-11.6869037464,112.5128,4528825.64,-40.5,103.8818,3.403431932828,1.24,-0.523543586695,28.1339142253,专用设备,2025-04-30,2024-03-31
603887,城地香江,-0.1,243476890.88,-54.9876228652,-81.3193,-45873205.87,-184.033767245,97.3398,5.332229898192,-1.64,0.058752524565,21.3198136843,IT服务Ⅱ,2025-04-30,2024-03-31
603885,吉祥航空,0.17,5719329813.85,28.7658315215,35.661,374465679.54,124.61,197.0363,3.749195454877,4.33,0.53438835837,17.744280278,航空机场,2025-04-30,2024-03-31
603883,老百姓,0.42,5539130441.0,1.8126025685,-13.3964,321257612.0,10.27,51.2066,12.027894058305,4.68,0.713024811438,35.1995194872,医药商业,2025-04-30,2024-03-31
603880,南卫股份,0.006,139180514.2,-38.4513521126,7.2386,1745086.17,-74.82,101.1282,1.610444564201,0.37,-0.028356608519,12.5019262574,医疗器械,2025-04-30,2024-03-31
603879,永悦科技,-0.0338,64758238.61,7.9003754109,-35.7743,-12182096.45,-103.006584197,69.0932,1.161360192175,-2.8743,-0.001584309815,5.8024063666,塑料,2025-04-30,2024-03-31
603876,鼎胜新材,0.03,5120850993.85,13.5802083743,6.1014,30463258.17,-80.31,-54.3302,7.322439929851,0.46,-0.614530745018,9.6300929473,工业金属,2025-04-30,2024-03-31
603868,飞科电器,0.41,1174404536.54,-14.5214321885,10.2046,180055871.68,-43.78,-6.518,8.623511507713,4.91,0.545925182117,56.7822915437,小家电,2025-04-30,2024-03-31
603863,松炀资源,-0.11,142862664.59,19.0193748536,-11.9452,-22491397.62,-13.54,64.7947,3.112858446128,-3.47,-0.143548528219,-3.0051983297,造纸,2025-04-30,2024-03-31
603861,白云电器,0.08,932274542.15,20.1429996409,-32.2906,32871852.91,-5.99,-32.0751,6.439684844814,1.13,-0.214830837186,17.4824693544,电网设备,2025-04-30,2024-03-31
603860,中公高科,-0.07,24062617.68,-16.638520516,-84.2209,-4387242.52,-208.92,-111.0473,11.487047871476,-0.57,-0.737691717606,43.3448500438,工程咨询服务Ⅱ,2025-04-30,2024-03-31
603839,安正时尚,-0.04,509059504.38,-15.6621236196,-9.7252,-13714459.9,-150.04,-183.3312,5.067775353386,-0.67,0.006280314257,48.7265366417,服装家纺,2025-04-30,2024-03-31
603833,欧派家居,0.36,3621317004.11,1.428019483,-41.7564,217941310.15,43.0,-69.9763,29.372508065817,1.2,-0.74135396478,29.9784403588,家居用品,2025-04-30,2024-03-31
603828,*ST利达,0.03,608664798.64,68.0323537598,-27.6585,19581385.18,225.77,113.6009,1.26546639398,2.63,0.239159891491,12.5823063484,装修装饰Ⅱ,2025-04-30,2024-03-31
603818,曲美家居,-0.12,887272891.21,-8.2676359294,-19.0524,-79428144.23,17.36,19.184,3.194415496698,3.65,0.14174309331,30.9416347157,家居用品,2025-04-30,2024-03-31
603815,交建股份,0.05,776873263.88,-14.0812184703,-49.4675,32666644.93,-9.24,-25.3886,3.741601815253,1.42,-0.51186573935,7.7405450394,基础建设,2025-04-30,2024-03-31
603813,原尚股份,-0.09,78151460.74,-32.1359483422,-36.2379,-8969892.16,-47.69,-258.3016,6.2617412343,-1.33,0.319925219921,18.4263810729,物流,2025-04-30,2024-03-31
603811,诚意药业,0.1,153058271.42,3.5364064445,-27.8501,32684974.03,-17.77,-33.2271,3.742730217096,2.7,0.024591467934,70.4483723353,化学制药,2025-04-30,2024-03-31
603809,豪能股份,0.1372,546141427.38,44.2059544892,-10.7436,79785993.27,84.19,146.8429,5.696095968436,3.49,0.335720302294,34.2541751937,汽车零部件,2025-04-30,2024-03-31
603798,康普顿,0.16,342713197.34,-7.6120155225,15.0662,42165807.88,22.47,13242.7088,4.478762769885,3.71,0.441760894156,24.7350390291,炼化及贸易,2025-04-30,2024-03-31
603768,常青股份,0.16,739370114.51,-6.1183223434,-19.5141,32051736.42,-39.56,97.2494,9.948127432941,1.59,0.119991782353,16.8675123463,汽车零部件,2025-04-30,2024-03-31
603767,中马传动,0.05,236291119.74,6.2294661034,-19.9024,14991448.88,86.66,124.6137,4.764486885007,1.02,0.090340800631,19.1157056176,汽车零部件,2025-04-30,2024-03-31
603759,海天股份,0.06,288147713.92,3.4306907312,-18.357,29099530.45,-10.07,-57.2252,5.613933822895,1.13,0.024643555938,41.1062622808,环境治理,2025-04-30,2024-03-31
603758,秦安股份,0.12,416417220.05,25.9829802453,-20.905,48753926.16,-19.7,-11.5821,5.951597750832,1.87,0.10091248321,26.9814403272,汽车零部件,2025-04-30,2024-03-31
603730,岱美股份,0.12,1589268589.07,15.8302430482,9.3939,195127615.85,26.85,69.9505,3.653480303045,4.24,0.124034718847,27.8454047732,汽车零部件,2025-04-30,2024-03-31
603728,鸣志电器,0.0154,608465650.49,-6.3367429945,-2.9031,6487479.2,-80.03,-88.5168,6.817111475959,0.23,0.057856884966,38.0788091231,电机Ⅱ,2025-04-30,2024-03-31
603722,阿科力,0.01,103123475.9,-28.1251683941,-16.3231,1191019.86,-81.01,-52.5589,8.670482930263,0.16,0.012488961137,12.2190776058,化学制品,2025-04-30,2024-03-31
603721,中广天择,-0.04,83157847.58,156.2635468305,9.5581,-4959497.21,-3172.22,13.8235,3.920977775538,-0.97,-0.008560255385,7.2747560886,影视院线,2025-04-30,2024-03-31
603717,天域生物,0.0311,211157093.9,11.7576247306,173.4567,9028099.06,119.2308092038,102.6065,2.256400962184,1.39,-0.050963883213,17.5507660176,基础建设,2025-04-30,2024-03-31
603700,宁水集团,0.06,251316414.2,-19.4850265841,-52.6388,11682794.82,14.16,-76.3805,7.867228740073,0.73,-0.894933941557,20.8426620707,通用设备,2025-04-30,2024-03-31
603699,纽威股份,0.26,1359630107.92,24.5429514925,4.194,196750299.59,100.45,47.5197,5.201388923122,5.11,-0.135477052761,33.1986061982,通用设备,2025-04-30,2024-03-31
603689,皖天然气,0.22,1568036490.6,-13.0690603284,5.7467,106677127.35,2.42,148.0826,6.45419058835,3.44,0.420543844166,12.7166940556,燃气Ⅱ,2025-04-30,2024-03-31
603687,大胜达,0.03,467396820.63,4.5565503791,-14.1102,17783515.06,-10.07,41.3037,5.83097769523,0.55,0.017081174937,15.1680311613,包装印刷,2025-04-30,2024-03-31
603668,天马科技,0.01,1361432056.46,-11.0899028968,-19.8374,6589596.36,17.4,106.4893,4.854152858324,0.3,0.001861083866,9.5104550283,饲料,2025-04-30,2024-03-31
603667,五洲新春,0.1,772830560.09,-4.598389527,31.2174,37827452.17,-5.84,145.4308,7.973986981097,1.3,0.100775429636,16.2944380428,通用设备,2025-04-30,2024-03-31
603665,康隆达,-0.4,267169315.55,-24.3472653082,7.8771,-64578547.45,-172.4710071143,65.9754,6.734396776544,-5.66,-0.174399056022,21.956576132,服装家纺,2025-04-30,2024-03-31
603657,春光科技,-0.03,364023793.31,-11.2163006424,-22.2328,-4044937.51,-124.28,72.7138,6.841525443287,-0.43,0.539656913802,10.1994930942,家电零部件Ⅱ,2025-04-30,2024-03-31
603638,艾迪精密,0.11,632019899.09,0.3597883552,1.1427,88267742.55,13.76,32.6172,3.803623331006,2.62,0.067212845388,29.1465220502,工程机械,2025-04-30,2024-03-31
603628,清源股份,0.04,347620350.97,-3.9736006126,-46.7293,10960989.93,-78.33,-54.5579,4.58102727195,0.88,-0.031901346421,22.1142126045,光伏设备,2025-04-30,2024-03-31
603626,科森科技,-0.13,764358427.34,46.1274044816,11.7218,-70990258.37,15.1483306015,41.4675,4.921954867514,-2.55,-0.066966760362,7.4739859831,消费电子,2025-04-30,2024-03-31
603619,中曼石油,0.43,806904659.21,-10.7775394564,9.799,172812935.12,-19.85,43.2232,6.929968744708,6.3,0.36804187984,45.9761770843,油服工程,2025-04-30,2024-03-31
603616,韩建河山,-0.0305,40155592.72,-25.0515276254,-81.3652,-11627143.68,45.78,95.3382,1.06328571852,-2.75,0.107513600908,12.2417624969,水泥,2025-04-30,2024-03-31
603608,天创时尚,-0.01,284730246.0,-11.2406393215,-13.4644,-4628470.0,65.5930401521,58.7408,2.596373505268,-0.38,0.037341699727,61.2378865433,服装家纺,2025-04-30,2024-03-31
603596,伯特利,0.35,1859952289.55,24.0352557436,-21.4702,209917928.44,21.85,-29.2292,13.651340082864,3.62,-0.073205831871,20.2497513913,汽车零部件,2025-04-30,2024-03-31
603577,汇金通,0.0431,819353705.09,-5.8860740889,-35.9413,14613971.03,191.3,333.2503,5.357819866273,0.8079,-0.256878092942,14.2726325326,电网设备,2025-04-30,2024-03-31
603567,珍宝岛,0.3123,1118140673.81,-11.6175103159,2.4114,293365824.9,24.0,14.75,8.324965260059,3.81,-0.109661253033,58.6399689762,中药Ⅱ,2025-04-30,2024-03-31
603565,中谷物流,0.19,2785276984.52,-8.2425465971,-11.559,388593324.94,-36.34,-26.0162,5.28962543047,3.56,0.136231125613,16.5252724741,航运港口,2025-04-30,2024-03-31
603557,*ST起步,-0.01,71284773.36,-14.8910243678,30.1749,-3642245.81,88.7036665732,99.0246,0.047415042586,-6.1243,0.003314486894,40.1921887516,服装家纺,2025-04-30,2024-03-31
603556,海兴电力,0.44,901652426.83,13.6552636226,-32.0879,213811040.47,21.52,-31.8425,14.023681848419,3.19,0.629776695531,44.2503510641,电网设备,2025-04-30,2024-03-31
603538,美诺华,0.07,262766361.43,6.6775515519,-8.7508,14043259.71,-67.68,132.6946,9.576471928115,0.67,-0.255086006641,36.2426675476,化学制药,2025-04-30,2024-03-31
603536,惠发食品,-0.02,421698974.76,8.3967334148,-39.1301,-4054817.52,75.49,-110.8213,2.039494747229,-0.81,0.464804300319,17.1029869236,食品加工,2025-04-30,2024-03-31
603520,司太立,0.04,642300553.98,13.4991762143,13.6645,12282528.03,28.37,149.9203,5.151954643579,0.7,0.268865552148,22.2257560678,化学制药,2025-04-30,2024-03-31
603518,锦泓集团,0.33,1152852132.7,-1.2355885629,-20.429,116119649.86,13.19,8.4109,9.998747884587,3.36,0.772236727248,70.1975220894,服装家纺,2025-04-30,2024-03-31
603507,振江股份,0.45,998567669.33,4.6488737824,-11.2252,63325205.83,34.17,10.7939,17.34973500815,2.6,-0.328083481166,23.6467984286,风电设备,2025-04-30,2024-03-31
603501,豪威集团,0.46,5643808881.3,30.1802329891,-4.9741,557792077.38,180.5,197.9447,17.119832241498,2.63,0.913284213958,27.8876200038,半导体,2025-04-30,2024-03-31
603500,祥和实业,0.05,156049009.15,3.0659685653,-18.8935,18379812.22,14.23,41.3842,3.984943719841,1.9,-0.127888498607,26.9976336149,轨交设备Ⅱ,2025-04-30,2024-03-31
603489,八方股份,0.07,295775274.91,-34.5030835338,-1.1021,16535627.48,-64.5,125.1976,16.458521546067,0.6,0.005648365862,26.6395939093,电机Ⅱ,2025-04-30,2024-03-31
603488,展鹏科技,0.03,73156159.83,-18.1895682779,-49.2674,8057481.58,-49.04,-68.1201,3.553724311248,0.78,-0.153943028306,22.6198362085,专用设备,2025-04-30,2024-03-31
603458,勘设股份,-0.09,262476852.2,-22.4845660568,-64.1682,-29132245.9,-191.36,-45.3293,10.684837032346,-0.8,-0.620244804598,23.6082256399,工程咨询服务Ⅱ,2025-04-30,2024-03-31
603399,永杉锂业,0.14,1451319861.64,-30.7744034571,12.1456,71467219.68,108.56,150.5092,3.550967555967,3.91,0.056788541992,4.9575439813,能源金属,2025-04-30,2024-03-31
603398,*ST沐邦,-0.22,148015803.35,-57.1290040913,18.1172,-83913183.28,-349.35,-179.9116,4.748377878406,-11.94,-0.553689834786,-31.2107909523,光伏设备,2025-04-30,2024-03-31
603393,新天然气,0.78,1131146576.85,11.1096858592,15.8175,331878544.74,126.85,-10.4958,18.060983451276,4.43,1.014688295737,37.7097967514,燃气Ⅱ,2025-04-30,2024-03-31
603391,力聚热能,1.05,316529703.48,17.3300227919,-54.5992,71770652.32,33.28,-62.7161,17.178315232527,6.34,0.926848548425,39.411041848,专用设备,2025-04-30,2024-03-31
603387,基蛋生物,0.17,321582715.19,-16.3234268096,-12.6609,86013453.6,-29.22,69.6458,5.217526830224,3.3,0.132335681052,71.4746011595,医疗器械,2025-04-30,2024-03-31
603381,永臻股份,0.378,1478832096.46,22.0209959385,-0.8587,67266929.29,7.72,-43.1576,12.685206470048,3.02,-3.343682386495,6.6198667553,光伏设备,2025-04-30,2024-03-31
603378,*ST亚士,-0.19,294864068.23,-40.0041984957,-59.1656,-81734642.9,-412.0943662738,-292.9176,3.854648619897,-4.81,-0.627344182729,19.7973081055,装修建材,2025-04-30,2024-03-31
603377,ST东时,-0.05,187379132.5,-7.9632953156,-16.8268,-35106036.04,-45.8287544954,90.7676,2.455964677221,-1.14,0.109571509448,33.2243611492,教育,2025-04-30,2024-03-31
603369,今世缘,1.2292,4670781679.09,22.8206150905,169.1751,1532586659.57,22.12,206.2294,11.815029957114,10.91,0.798441167055,74.2272074976,白酒Ⅱ,2025-04-30,2024-03-31
603366,日出东方,-0.065,730441975.92,-16.2513858636,-46.0341,-52383625.02,-386.659952822,-235.1531,4.833986870804,-1.32,-0.33262056074,26.8340415436,厨卫电器,2025-04-30,2024-03-31
603363,傲农生物,-0.34,2407845116.9,-50.0225329284,-43.7549,-292019915.86,-62.4927629407,87.6312,-1.494137758051,,-0.032973935201,-1.8147751981,饲料,2025-04-30,2024-03-31
603358,华达科技,0.36,1382344288.26,29.0663332029,-20.5898,160127886.45,33.43,156.0708,8.004995203649,4.66,0.368574185222,18.4188541142,汽车零部件,2025-04-30,2024-03-31
603350,安乃达,0.39,312616886.25,-10.3333149534,15.7791,33968295.78,-4.47,-17.9578,8.758711690345,4.47,-1.465998015747,23.3444075736,电机Ⅱ,2025-04-30,2024-03-31
603344,星德胜,0.27,471651971.67,30.6371592388,-17.8323,39792351.74,26.99,-19.5701,9.869537372094,3.73,0.00770388845,16.772397041,电机Ⅱ,2025-04-30,2024-03-31
603336,宏辉果蔬,0.01,216472925.87,-12.0963019284,-33.9309,8099072.31,-19.25,187.3055,1.953647306829,0.7,-0.019874998181,10.0155380784,种植业,2025-04-30,2024-03-31
603335,迪生力,-0.03,341693889.88,-35.6902172519,15.1909,-12139094.0,58.07,79.4416,0.936429493961,-3.07,0.022327298324,18.6366867088,汽车零部件,2025-04-30,2024-03-31
603324,盛剑科技,0.13,265059414.95,0.5341700264,-64.8277,19015799.15,1.47,-71.23,12.943345184778,1.19,-2.007099508354,29.3768393644,环保设备Ⅱ,2025-04-30,2024-03-31
603323,苏农银行,0.23,1095689000.0,10.563975782,12.286,414204000.0,15.83,41.7187,8.857796827068,2.59,-1.328727452931,,银行Ⅱ,2025-04-30,2024-03-31
603319,美湖股份,0.22,465097127.38,14.5894964113,-15.1654,44793635.91,25.76,-29.5897,8.519534985509,2.58,0.045376983533,23.8393466682,汽车零部件,2025-04-30,2024-03-31
603318,水发燃气,0.06,665647957.77,-20.7680957272,-28.0939,28908451.69,34.64,-6.0412,3.639239158588,1.66,-0.071824320331,16.6815331834,燃气Ⅱ,2025-04-30,2024-03-31
603316,诚邦股份,-0.01,50784765.77,-53.2405760618,-52.2403,-2889934.37,7.88,96.0226,2.821379296121,-0.37,-0.024730545704,0.7139926994,半导体,2025-04-30,2024-03-31
603315,福鞍股份,0.0454,232546245.74,15.7843450466,-19.8216,13938255.88,33.58,-11.5184,4.829409943999,0.91,0.043956095465,21.6627466849,环境治理,2025-04-30,2024-03-31
603308,应流股份,0.13,662403655.72,9.0655733424,9.5151,90549512.46,11.12,51.7801,6.623503713061,2.01,-0.103496738486,34.3120408602,通用设备,2025-04-30,2024-03-31
603289,泰瑞机器,0.08,256089259.34,-11.6054071642,13.6397,24955119.79,-26.35,726.4346,4.802567992655,1.77,0.074427383243,29.4327505395,专用设备,2025-04-30,2024-03-31
603283,赛腾股份,0.48,774026553.33,8.2604184781,-57.544,94451588.38,30.08,-67.1474,11.208330893823,4.26,0.438238928346,45.5573051561,自动化设备,2025-04-30,2024-03-31
603282,亚光股份,0.32,215860038.13,-14.3748866307,-0.0451,42872319.36,4.56,38.0674,9.413178480272,3.46,-0.351716770363,37.6335313862,环保设备Ⅱ,2025-04-30,2024-03-31
603268,松发股份,-0.09,46652693.88,24.8214446855,-7.7707,-10563995.53,51.7610401416,80.2677,0.52062372617,-15.11,-0.033845982405,20.4542937746,航海装备Ⅱ,2025-04-30,2024-03-31
603266,天龙股份,0.17,331830949.53,11.539421262,-9.5713,32940985.55,14.57,33.8741,7.309156630293,2.29,0.311184501129,22.3870055898,汽车零部件,2025-04-30,2024-03-31
603237,五芳斋,-0.36,207137579.4,-4.1323212226,-5.7977,-69759577.11,-9.1072627515,7.6932,11.681086399915,-4.03,1.338422620329,34.2787251718,食品加工,2025-04-30,2024-03-31
603235,天新药业,0.34,494498107.04,-14.4638179363,25.2996,147549004.33,35.87,134.3896,9.946920099091,3.43,0.214522638266,40.0735435442,化学制品,2025-04-30,2024-03-31
603229,奥翔药业,0.14,300914417.1,14.6123678721,107.3798,112480834.45,20.08,293.7807,3.817125754302,5.12,0.045498097981,58.285583559,化学制药,2025-04-30,2024-03-31
603221,爱丽家居,0.15,330993309.25,106.0608893617,-14.4698,35648225.76,339.5241130014,-23.1204,6.181491876359,2.39,0.310641651811,24.075888256,家居用品,2025-04-30,2024-03-31
603212,赛伍技术,0.06,885342522.82,-14.9278745392,7.3072,28550377.85,-13.98,55.5369,6.911330607405,0.93,-0.057598562018,10.1738879019,光伏设备,2025-04-30,2024-03-31
603210,泰鸿万立,0.1477,368013778.18,,-20.9544,37711414.35,,-26.2364,,4.22,,20.9588957841,汽车零部件,2025-04-30,2024-03-31
603208,江山欧派,0.16,626490759.87,-8.1681454384,-39.3502,28788734.07,-50.79,-70.7884,8.628766915602,1.86,-1.170390705397,17.1042796325,家居用品,2025-04-30,2024-03-31
603207,小方制药,0.44,124911943.02,1.1939116254,19.1255,52202813.76,-5.8423074245,48.7299,,8.61,,64.4739586647,化学制药,2025-04-30,2024-03-31
603197,保隆科技,0.32,1482927680.2,24.9445066286,-14.8855,68007725.6,-27.16,69.804,14.384583161294,2.29,-0.048313678252,29.2223425192,汽车零部件,2025-04-30,2024-03-31
603188,亚邦股份,0.0124,179926962.92,-17.8730032809,1351.8232,7094346.47,177.36,102.1998,1.616587108459,0.77,-0.031105740691,14.0951141554,化学制品,2025-04-30,2024-03-31
603185,弘元绿能,-0.192,2190704034.64,-37.6351437904,-3.9595,-141374420.08,-120.89,75.523,21.462215556405,-1.03,0.294907957786,3.112210442,光伏设备,2025-04-30,2024-03-31
603183,建研院,0.01,176458274.01,7.4902927898,-50.0336,3402587.46,-35.8,-95.8118,3.157622164366,0.22,-0.052493581986,46.3708325206,专业服务,2025-04-30,2024-03-31
603171,税友股份,0.08,362700556.68,9.6574644425,-42.7285,32775309.18,2.4,263.2561,6.067321235618,1.34,-0.884205386275,63.7675937575,IT服务Ⅱ,2025-04-30,2024-03-31
603168,莎普爱思,0.01,137834311.82,-15.0230849954,-5.7073,4296554.68,-80.93,107.951,4.557250491476,0.25,0.013904303554,51.3316363145,化学制药,2025-04-30,2024-03-31
603165,荣晟环保,0.34,547526891.72,1.1892792347,-10.612,91214909.11,11.88,87.5539,8.018669983599,4.0,0.010336628184,15.8999298512,造纸,2025-04-30,2024-03-31
603161,科华控股,0.32,619603873.18,5.7328790633,-12.3149,43267321.89,63.81,13.2728,10.612484597976,3.06,0.85640226994,18.7683186538,汽车零部件,2025-04-30,2024-03-31
603159,上海亚虹,0.0405,113503266.94,19.516733406,-29.3018,5663973.03,23.68,-48.5935,3.618641191714,1.12,-0.080150743643,19.8332050759,专用设备,2025-04-30,2024-03-31
603155,新亚强,0.11,188550966.65,-16.8337327998,35.466,33261190.33,-39.41,1369.5976,10.115648187017,1.47,0.094511159903,22.3909277635,化学制品,2025-04-30,2024-03-31
603123,翠微股份,-0.138,627456032.62,-37.259442264,-26.259,-109955496.99,-673.05,54.6956,3.404059754763,-3.964,-0.070765026556,21.7233655227,多元金融,2025-04-30,2024-03-31
603122,合富中国,0.02,238622168.7,-10.6921927424,-8.0209,7133561.76,-22.65,129.0253,2.947878002932,0.61,-0.132425164413,21.9257578058,医疗服务,2025-04-30,2024-03-31
603119,浙江荣泰,0.13,215401061.32,40.3771616945,-1.0272,46833582.91,51.09,-13.4732,6.063037805429,2.84,0.047180646464,36.8969045245,汽车零部件,2025-04-30,2024-03-31
603117,万林物流,0.0067,68622842.35,-44.5396201919,-15.63,4233991.54,3108.7070336378,101.8975,1.830517772134,0.37,0.020357087962,31.7449633008,物流,2025-04-30,2024-03-31
603098,森特股份,0.04,617618185.76,-37.2713403129,-20.0082,21422389.22,-5.99,192.2802,5.047292511285,0.79,-0.010731214723,18.0063357676,专业工程,2025-04-30,2024-03-31
603083,剑桥科技,0.1,849534829.54,-20.9104614581,12.3056,25954695.51,-63.69,202.7422,8.071201001141,1.21,0.212594436333,20.8554019729,通信设备,2025-04-30,2024-03-31
603075,热威股份,0.14,418152540.13,11.6355485403,3.0895,57090849.58,37.62,3.6022,5.109098877328,2.83,0.027536873978,30.0291319672,家电零部件Ⅱ,2025-04-30,2024-03-31
603069,海汽集团,-0.03,244496750.76,27.6302180496,5.1846,-9067538.56,71.51,66.1354,2.846836711962,-1.0,0.019649741234,15.0441231205,铁路公路,2025-04-30,2024-03-31
603060,国检集团,-0.034,458601757.75,-2.0908040313,-56.7607,-27334264.78,-13.11,-114.9187,2.337555901202,-1.44,-0.151155290792,29.9777510196,专业服务,2025-04-30,2024-03-31
603059,倍加洁,0.19,285856920.93,28.2909413793,-4.9954,18942786.54,164.53,-43.3175,12.636941581922,1.52,0.477909500571,25.3816398791,个护用品,2025-04-30,2024-03-31
603052,可川科技,0.16,158124830.93,15.5620705953,-19.6718,21040471.09,12.91,6.3609,12.139167811669,1.82,0.483001072674,20.2496292908,消费电子,2025-04-30,2024-03-31
603050,科林电气,0.1665,752199793.92,42.855763383,-52.5899,67171538.25,65.05,-43.773,7.247212301823,4.17,-0.058951943806,23.8761658633,电网设备,2025-04-30,2024-03-31
603045,福达合金,0.0509,653828268.85,25.5010085439,-22.7122,6889541.28,-3.64,-5.7951,6.945831069779,0.74,-0.19334658689,9.148953941,金属新材料,2025-04-30,2024-03-31
603031,安孚科技,0.44,1302151006.25,11.8597217016,35.2199,64698264.78,44.3,404.5837,12.347714511538,3.42,1.29189074842,50.86470207,电池,2025-04-30,2024-03-31
603030,全筑股份,-0.02,199709951.67,-29.2504306088,-22.0212,-26432126.9,38.5,-130.2935,0.763905586191,-2.59,-0.06289255611,8.0214175188,装修装饰Ⅱ,2025-04-30,2024-03-31
603029,天鹅股份,0.06,105899247.72,8.7208133096,-61.9967,6981188.13,17.22,-74.2764,7.040843717097,0.82,-0.583834316395,31.5718545786,专用设备,2025-04-30,2024-03-31
603020,爱普股份,0.0922,747265503.1,2.9190799309,9.1077,34635394.95,-12.27,6500.5275,8.281285869174,1.1,0.309865430228,16.3676430576,化学制品,2025-04-30,2024-03-31
603019,中科曙光,0.098,2478641535.71,7.8609165896,-62.4136,142577605.46,8.86,-86.8668,12.842671853258,0.76,-0.337222077017,26.8511494015,计算机设备,2025-04-30,2024-03-31
603018,华设集团,0.14,790020283.07,-9.4757430052,-63.4485,92891541.13,-2.28,-73.2621,7.324081650568,1.86,-0.338691939799,33.0079833212,工程咨询服务Ⅱ,2025-04-30,2024-03-31
603010,万盛股份,0.08,668855622.52,-5.8761763296,-2.7098,45607078.78,-20.88,138.0923,6.813656417288,1.13,0.177318591281,18.4565428149,化学制品,2025-04-30,2024-03-31
603007,顺景科技,-0.06,29898283.53,92.9226887298,-34.0749,-21780926.14,11.04,85.3075,1.038679464218,-6.9,-0.004734704554,-25.6696923163,汽车零部件,2025-04-30,2024-03-31
603001,奥康国际,0.0564,759003474.91,-15.3351733313,-0.3022,22599428.87,-44.66,859.1833,7.316660492967,0.77,0.213145400444,45.2834306379,服装家纺,2025-04-30,2024-03-31
603000,人民网,-0.02,322865463.97,-2.8142628048,-65.2903,-18064890.34,-165.69,-107.7218,3.352953938672,-0.49,-0.193584863411,37.8908033816,数字媒体,2025-04-30,2024-03-31
601998,中信银行,0.39,53770000000.0,4.68625275,8.2588,19191000000.0,0.25,23.1534,12.217495731147,3.1425,-6.251083631997,,银行Ⅱ,2025-04-30,2024-03-31
601992,金隅集团,-0.12,12833613657.82,-45.3431540407,-63.7061,-1308584185.55,-294.57,-9033.4452,4.116759731603,-1.82,-0.460718808308,3.9489411779,水泥,2025-04-30,2024-03-31
601990,南京证券,0.07,881820091.85,37.2077612853,25.4391,262572246.67,21.21,140.8048,4.721933556963,1.52,0.226093947459,,证券Ⅱ,2025-04-30,2024-03-31
601988,中国银行,0.18,160818000000.0,-3.0124296647,5.6186,55989000000.0,-2.9,-1.8529,7.792348872916,2.465,0.011005883392,,银行Ⅱ,2025-04-30,2024-03-31
601969,海南矿业,0.12,1109777280.0,-9.2521450107,13.4368,247449960.0,53.21,70.43,3.30754997207,3.67,-0.003948103042,37.0301976267,油气开采Ⅱ,2025-04-30,2024-03-31
601939,建设银行,0.35,200928000000.0,-2.9689582569,10.8287,86817000000.0,-2.17,12.4587,12.168184599878,2.8975,0.837303158661,,银行Ⅱ,2025-04-30,2024-03-31
601928,凤凰传媒,0.1399,3343534073.54,3.30909924,-16.2847,356110791.77,-26.26,-69.7685,7.654747917179,1.75,0.089582915061,35.8897385891,出版,2025-04-30,2024-03-31
601919,中远海控,0.42,48280064086.6,1.9569167303,18.0444,6755000227.75,-5.23,277.5499,12.7120497671,3.39,0.55691589813,19.40080364,航运港口,2025-04-30,2024-03-31
601916,浙商银行,0.22,18407000000.0,16.6476552598,31.3472,5913000000.0,5.0,157.6471,6.096344305272,3.5975,-3.28,,银行Ⅱ,2025-04-30,2024-03-31
601901,方正证券,0.1,1984787239.23,11.96638983,36.8146,784306322.29,41.06,262.3988,5.611473302486,1.72,-0.707453921837,,证券Ⅱ,2025-04-30,2024-03-31
601888,中国中免,1.1148,18807168696.39,-9.4478404468,12.5969,2306454931.34,0.25,53.003,27.141627130712,4.19,2.562695415251,33.3113372309,旅游零售Ⅱ,2025-04-30,2024-03-31
601886,江河集团,0.16,4085889015.3,19.4959821804,-40.2553,181719387.86,11.1,-33.3868,6.401535354208,2.54,-0.854201845547,15.7737679647,装修装饰Ⅱ,2025-04-30,2024-03-31
601882,海天精工,0.2499,756464418.12,-3.4099649002,-7.3174,130453587.65,-3.67,-10.606,4.685796851571,5.48,-0.363811760057,26.384665462,通用设备,2025-04-30,2024-03-31
601881,中国银河,0.12,7214073753.02,-17.0551368967,-11.6011,1631459082.73,-27.46,27.9111,9.43601656265,1.3,7.530768919801,,证券Ⅱ,2025-04-30,2024-03-31
601880,辽港股份,0.02,2888591436.36,0.4399141956,-19.2832,371916738.99,-4.58,38.1231,1.667289254974,0.93,0.008244882388,27.9283692206,航运港口,2025-04-30,2024-03-31
601878,浙商证券,0.12,3882423873.09,-21.2583718902,-22.6038,447423004.8,-8.31,5.7342,6.917196545501,1.64,0.84899567112,,证券Ⅱ,2025-04-30,2024-03-31
601877,正泰电器,0.51,15916617791.63,1.1170452572,8.7854,1080597222.13,-10.06,55.49,18.829200088019,2.73,-0.544860345569,22.9439456247,电网设备,2025-04-30,2024-03-31
601872,招商轮船,0.17,6253796627.12,6.2999578784,-8.8166,1375236215.25,22.62,27.4852,4.710421304652,3.66,0.221397537351,28.6160655514,航运港口,2025-04-30,2024-03-31
601869,长飞光纤,0.08,2386939536.0,-25.2943474298,-28.1785,57920130.0,-75.97,-86.1052,14.963120305293,0.51,0.137281699123,26.7975407149,通信设备,2025-04-30,2024-03-31
601868,中国能建,0.034,97403938000.0,10.0414900651,-19.3134,1480915000.0,31.71,-69.8561,2.46513081285,1.372,-0.388414748986,10.7104191208,基础建设,2025-04-30,2024-03-31
601866,中远海发,0.033,4939574415.59,38.5790571379,-3.4942,446665771.23,12.22,118.2348,2.187402187573,1.51,0.026183594163,18.3357141356,航运港口,2025-04-30,2024-03-31
601865,福莱特,0.32,5725831610.97,6.7268000123,1.5407,759878695.37,48.57,-3.9492,9.519944422472,3.37,0.255592876642,21.4684024259,光伏设备,2025-04-30,2024-03-31
601857,中国石油,0.25,812801000000.0,10.9669870889,11.4295,45766000000.0,4.7,54.8876,8.148655072369,3.1,0.607891990537,20.3971205744,炼化及贸易,2025-04-30,2024-03-31
601828,美凯龙,-0.09,2111539269.77,-19.3008790715,-25.6395,-371506929.54,-322.16,77.7509,11.295238568905,-0.75,-0.041718820883,60.5142018708,一般零售,2025-04-30,2024-03-31
601827,三峰环境,0.23,1552379862.78,0.4180171265,4.3372,390068679.26,11.46,115.3152,6.459017896385,3.66,0.434010171159,37.2184392746,环境治理,2025-04-30,2024-03-31
601816,京沪高铁,0.0603,10106273422.03,13.0614849961,3.1122,2963088021.75,33.11,12.605,4.033545446949,1.51,0.092281963727,46.2029384116,铁路公路,2025-04-30,2024-03-31
601811,新华文轩,0.17,2473841215.39,7.0384288724,-36.2212,206287043.02,3.33,-67.7008,10.947301807583,1.55,0.105865612522,34.1932125505,出版,2025-04-30,2024-03-31
601788,光大证券,0.13,2204205085.9,-19.8523164595,-3.17,682436814.38,-28.75,886.9268,12.655038404509,1.01,0.961392020701,,证券Ⅱ,2025-04-30,2024-03-31
601778,晶科科技,-0.03,777734696.76,-4.9300994235,-10.3172,-98644070.26,-506.73,-1534.6109,4.21382757492,-0.64,-0.047891884533,40.0180700458,电力,2025-04-30,2024-03-31
601777,千里科技,0.0034,1406240217.29,28.5531475691,-42.3202,15440351.7,-62.05,141.1024,2.290525594633,0.15,0.011424235499,6.4787485559,摩托车及其他,2025-04-30,2024-03-31
601766,中国中车,0.04,32182793000.0,-0.6049231378,-64.7219,1008287000.0,63.86,-81.8653,5.644413974017,0.62,0.504821027062,23.3227799713,轨交设备Ⅱ,2025-04-30,2024-03-31
601698,中国卫通,0.0256,544403891.04,-8.7416693687,-27.793,108215323.57,-23.47,288.8873,3.645438452714,0.7052,0.019014810209,29.2046659175,航天装备Ⅱ,2025-04-30,2024-03-31
601696,中银证券,0.07,615486984.34,-10.0657804551,-16.3752,202311003.28,-19.92,123.9301,6.274756108826,1.17,0.697288729942,,证券Ⅱ,2025-04-30,2024-03-31
601689,拓普集团,0.38,5688211871.16,27.2937905001,2.5115,645401996.29,43.36,16.5852,15.295566140122,3.67,0.394274658202,22.4273233061,汽车零部件,2025-04-30,2024-03-31
601688,华泰证券,0.24,6105433969.17,-32.1118530296,-34.6895,2291192821.36,-29.39,-27.6096,17.255792585115,1.37,3.495473822078,,证券Ⅱ,2025-04-30,2024-03-31
601678,滨化股份,0.01,1948341450.07,10.9767273597,4.1322,29470302.97,-58.92,-71.5189,5.534047642948,0.26,0.005297692352,16.087075618,化学原料,2025-04-30,2024-03-31
601669,中国电建,0.168,140473543944.72,5.2432590081,-25.3583,2996171101.82,0.79,-12.9582,7.716841560132,2.21,-2.268786371669,11.7625871651,基础建设,2025-04-30,2024-03-31
601658,邮储银行,0.25,89430000000.0,1.4371108061,8.5513,25926000000.0,-1.35,144.2393,8.137685178649,3.09,2.270509575337,,银行Ⅱ,2025-04-30,2024-03-31
601628,中国人寿,0.73,120970000000.0,14.4324728274,-5.879,20644000000.0,-9.3,321.2202,16.99649743499,4.31,6.501291349726,,保险Ⅱ,2025-04-30,2024-03-31
601618,中国中冶,0.12,149949264000.0,3.805141335,-9.965,2678657000.0,-20.56,450.5161,4.860422448415,2.52,-1.48368713978,8.1858374443,专业工程,2025-04-30,2024-03-31
601616,广电电气,0.015,180722461.13,4.0416185223,-9.3421,12810608.13,694.72,955.4617,2.903955433963,0.52,0.015828759552,32.6246720089,电网设备,2025-04-30,2024-03-31
601611,中国核建,0.18,29035578409.61,0.3698350858,-5.704,557004358.29,9.6,-14.4798,6.429812215497,2.8,-3.502242467434,8.529288426,基础建设,2025-04-30,2024-03-31
601598,中国外运,0.11,24302992315.37,8.1623310069,-16.0549,803823146.14,-16.05,-24.1341,5.301719789269,2.1,-0.371790900706,5.1560990672,物流,2025-04-30,2024-03-31
601588,北辰实业,-0.05,1723183957.0,-58.8247572956,-67.2493,-173760528.0,-631.88,-525.7718,3.763512777471,-1.36,-0.09151470707,31.4624856968,房地产开发,2025-04-30,2024-03-31
601515,衢州东峰,0.01,354984405.88,-61.2521415207,-30.6132,12212702.9,-94.57,114.0714,3.074579795723,0.21,-0.302141964583,26.7107726338,包装印刷,2025-04-30,2024-03-31
601500,通用股份,0.1,1443377707.08,37.5779399052,4.226,152799925.14,1270.57,164.6472,3.506706458556,2.75,0.16537245163,18.0507443168,汽车零部件,2025-04-30,2024-03-31
601456,国联民生,-0.08,173420445.95,-74.4358918056,-61.3112,-218754276.47,-205.5,-294.4269,6.324897003876,-1.23,-0.359805012836,,证券Ⅱ,2025-04-30,2024-03-31
601398,工商银行,0.24,219843000000.0,-3.4064746305,14.6198,87653000000.0,-2.78,-8.0434,9.829327145651,2.515,3.836209726521,,银行Ⅱ,2025-04-30,2024-03-31
601390,中国中铁,0.289,265645522000.0,-2.5599836675,-29.9004,7481215000.0,-5.04,-21.0099,11.712232173484,2.5,-2.750049150264,8.5847614134,基础建设,2025-04-30,2024-03-31
601375,中原证券,0.0282,643976990.46,38.9329739288,31.1783,130790222.34,85.53,3362.4976,3.023063267391,0.94,0.161971867929,,证券Ⅱ,2025-04-30,2024-03-31
601369,陕鼓动力,0.14,2492149868.09,-6.4174250359,-13.2738,234630037.74,-10.57,-20.2518,5.218398932802,2.64,0.133632700563,23.3270883928,专用设备,2025-04-30,2024-03-31
601339,百隆东方,0.05,1834155668.58,23.4535766358,0.6663,80326874.88,-4.51,264.2363,6.519759066767,0.82,0.188835085227,5.8925202191,纺织制造,2025-04-30,2024-03-31
601336,新华保险,1.58,26479000000.0,-8.7088433029,173.2047,4942000000.0,-28.6,695.4217,30.128846153846,4.97,12.069871794872,,保险Ⅱ,2025-04-30,2024-03-31
601333,广深铁路,0.077,6600382306.0,7.3905012095,-5.9258,546940436.0,34.99,1290.6661,3.811547115657,2.05,0.127055642965,12.1959261703,铁路公路,2025-04-30,2024-03-31
601328,交通银行,0.34,67059000000.0,-0.0298155906,14.2285,24988000000.0,1.44,6.0521,12.654673255861,2.6975,-1.693440879038,,银行Ⅱ,2025-04-30,2024-03-31
601319,中国人保,0.2,138778000000.0,0.7,3.2321,8963000000.0,-23.5,294.8458,5.558588096961,3.7,0.749683429812,,保险Ⅱ,2025-04-30,2024-03-31
601298,青岛港,0.2,4430060683.0,-2.6701879442,-1.873,1316828018.0,4.6,16.0072,6.41008544484,3.22,0.08643614734,38.1601502545,航运港口,2025-04-30,2024-03-31
601288,农业银行,0.19,186021000000.0,-1.7633079848,15.2047,70386000000.0,-1.63,13.5258,7.062891626165,2.8475,2.238860173208,,银行Ⅱ,2025-04-30,2024-03-31
601279,英利汽车,0.0126,1160905023.05,-0.3122946615,-17.9669,20048603.28,154.12,-46.0586,2.698366052491,0.47,0.07798477951,11.5852113997,汽车零部件,2025-04-30,2024-03-31
601233,桐昆股份,0.24,21111384064.63,32.6637411608,1.0206,579923332.09,218.0113526893,644.2954,14.95507638204,1.62,-2.206940859405,6.7065027482,炼化及贸易,2025-04-30,2024-03-31
601212,白银有色,-0.011,22197199671.92,5.6647131375,27.5109,-84472058.29,-23.7004149317,-153.0371,2.014873197644,-0.56,0.042953531272,3.8287367117,工业金属,2025-04-30,2024-03-31
601211,国泰海通,0.26,7983091405.0,-14.0498259364,-12.3876,2489358737.0,-18.13,233.4009,16.79155330723,1.55,-1.461733006973,,证券Ⅱ,2025-04-30,2024-03-31
601198,东兴证券,0.112,1979949953.11,112.5596520922,14.6145,360482486.3,64.28,2.9981,8.540317650433,1.32,-1.634844591948,,证券Ⅱ,2025-04-30,2024-03-31
601186,中国铁建,0.399,274948792000.0,0.5155569574,-17.0668,6025004000.0,1.98,-9.7706,18.858290066042,2.14,-3.431184203414,7.7882182512,基础建设,2025-04-30,2024-03-31
601169,北京银行,0.37,17690000000.0,7.8461257087,4.2305,7864000000.0,4.95,45.8728,12.22830251147,3.0975,-0.572198836494,,银行Ⅱ,2025-04-30,2024-03-31
601166,兴业银行,1.17,57751000000.0,4.2248691572,16.5863,24336000000.0,-3.1,100.2798,35.273322422259,3.37,-0.59,,银行Ⅱ,2025-04-30,2024-03-31
601162,天风证券,-0.04,184766305.37,-86.7979567375,-77.7294,-376122215.78,-168.72,-221.2301,2.68518663837,-1.6,0.297940370709,,证券Ⅱ,2025-04-30,2024-03-31
601155,新城控股,0.1,14356904271.0,-11.6613251378,-70.0239,227174545.0,-65.5,113.0478,26.768931220654,0.38,0.458022270102,24.7073118553,房地产开发,2025-04-30,2024-03-31
601138,工业富联,0.21,118687964000.0,12.0876332752,-19.5454,4184884000.0,33.77,-44.6113,7.321798452428,2.93,0.262040015033,7.6382033144,消费电子,2025-04-30,2024-03-31
601136,首创证券,0.08,563953403.09,29.849739737,-10.3168,220262674.0,25.22,-8.7405,4.623708390461,1.76,-1.079306581183,,证券Ⅱ,2025-04-30,2024-03-31
601127,赛力斯,0.15,26560677504.81,421.7591476411,38.6124,219551774.68,135.1245317985,241.0594,7.703368866412,1.91,0.786169652108,21.5147167358,乘用车,2025-04-30,2024-03-31
601117,中国化学,0.2,45170548456.29,5.5401732236,-4.9704,1216457284.75,9.5,-28.5865,9.619432367808,2.09,-1.108131674366,8.0119608971,专业工程,2025-04-30,2024-03-31
601111,中国国航,-0.11,40065742000.0,59.830077824,12.4703,-1674456000.0,42.7811647525,8.8882,2.250480663769,-4.47,0.566921943964,3.3370254319,航空机场,2025-04-30,2024-03-31
601107,四川成渝,0.128,2012495619.91,-8.5240969612,-45.0125,391428528.81,-13.2,476.9467,5.254737351076,2.47,0.26128512092,41.3459669531,铁路公路,2025-04-30,2024-03-31
601106,中国一重,-0.0188,3582416393.37,-20.3339657333,60.5147,-129062103.36,-446.16,95.3221,1.295442833025,-1.1043,-0.009032901446,5.8694215675,专用设备,2025-04-30,2024-03-31
601089,福元医药,0.28,802722388.57,-2.0086602836,-8.444,132577291.6,16.6,21.5725,7.192053876417,3.74,0.29975634275,66.0418157845,化学制药,2025-04-30,2024-03-31
601086,国芳集团,0.03,246124862.01,-14.6238716079,6.7994,17041044.83,-76.73,-41.65,2.465678491622,1.04,0.136391105511,47.4759752045,一般零售,2025-04-30,2024-03-31
601083,锦江航运,0.1,1250307807.12,-9.2672908448,-4.5546,124262023.59,-57.27,180.5147,6.362683380637,1.52,0.216517475767,22.2780370589,航运港口,2025-04-30,2024-03-31
601066,中信建投,0.12,4294338313.98,-35.9090158625,-11.6306,1227846471.91,-49.39,-8.5968,9.497708120254,1.31,0.07446816403,,证券Ⅱ,2025-04-30,2024-03-31
601021,春秋航空,0.83,5168038809.0,33.7929508754,34.7548,809908774.0,127.78,292.8674,16.904502663002,5.02,1.047771283109,17.6163122153,航空机场,2025-04-30,2024-03-31
601019,山东出版,0.1,2470026547.23,13.3789107131,-39.7952,210659967.2,-1.1,-81.228,7.213411734932,1.41,-0.259528564292,38.5975758487,出版,2025-04-30,2024-03-31
601012,隆基绿能,-0.31,17673585331.96,-37.5905674385,-50.0711,-2350256332.45,-164.61,-149.4194,8.920376900834,-3.39,-0.645213620044,8.8883617049,光伏设备,2025-04-30,2024-03-31
601007,金陵饭店,0.02,561690825.86,16.7245844396,20.8936,7886253.27,-26.24,72.6421,4.095136040538,0.49,0.243249718769,20.2034740707,酒店餐饮,2025-04-30,2024-03-31
601006,大秦铁路,0.18,18268456774.0,-7.9184363914,-9.665,3046457038.0,-16.65,272.1769,8.563564852213,2.11,0.088512983707,21.2285234378,铁路公路,2025-04-30,2024-03-31
601002,晋亿实业,-0.022,424066092.18,-12.8543245882,-33.1843,-20608945.66,-207.79,-8.3141,4.318733443557,-0.5,0.1371631333,8.0675881073,通用设备,2025-04-30,2024-03-31
600992,贵绳股份,0.0291,472600188.73,10.3128512298,-29.747,7139494.21,-9.91,-35.3361,6.154875016973,0.4745,-0.143706492758,11.4800463677,通用设备,2025-04-30,2024-03-31
600990,四创电子,-0.0274,339165426.68,60.8376238248,-60.069,-7574596.39,89.1556284159,98.3734,7.823285241596,-0.3488,-0.777069501681,16.9609390801,军工电子Ⅱ,2025-04-30,2024-03-31
600986,浙文互联,0.02,2037221416.29,-27.1448397248,-20.9683,25433192.42,-33.7,-67.2652,3.415266820977,0.5,-0.147791636849,6.959129011,广告营销,2025-04-30,2024-03-31
600985,淮北矿业,0.64,17362960008.32,-8.824507579,-2.9824,1589742321.64,-24.7,36.3331,15.586606679439,4.16,0.602679278967,18.7229164582,煤炭开采,2025-04-30,2024-03-31
600984,建设机械,-0.1897,507918735.17,-21.684075191,-35.6507,-238508551.7,-78.82,39.4723,3.997775239326,-4.64,-0.003176085688,-13.2759587215,工程机械,2025-04-30,2024-03-31
600982,宁波能源,0.0258,1110553905.61,-35.4605541043,102.8116,28540225.92,262.87,-81.491,3.780869860578,0.68,0.250536159712,15.4425381284,电力,2025-04-30,2024-03-31
600979,广安爱众,0.0231,710225969.4,11.8275726878,-12.5143,28407490.65,1320.49,-62.7395,3.513620543976,0.64,0.104811821929,23.4536825612,电力,2025-04-30,2024-03-31
600977,中国电影,0.052,1026234586.68,-28.987190484,-8.6373,96907298.59,-46.66,146.6137,5.992826297381,0.87,1.347944591575,27.620326397,影视院线,2025-04-30,2024-03-31
600973,宝胜股份,0.015,10043079939.25,-3.4312883193,-1.1285,20528226.26,-47.27,133.3739,2.776292639193,0.54,-0.789344209017,4.8091982397,电网设备,2025-04-30,2024-03-31
600966,博汇纸业,0.0813,4398343825.09,5.6905485895,-12.3019,100528281.66,120.2251538292,-63.4106,5.06368060767,1.5,0.336726181284,13.2970612046,造纸,2025-04-30,2024-03-31
600962,国投中鲁,0.0324,362374003.29,11.7222131298,-27.3146,8506383.09,33.36,-60.0782,3.287777049807,1.01,0.690648876854,18.3894753031,农产品加工,2025-04-30,2024-03-31
600960,渤海汽车,-0.0476,1156910899.09,-4.8933004991,-0.2549,-45230033.74,-3441.0953746784,50.8803,4.844946200952,-1.0,0.048900699052,8.209769509,汽车零部件,2025-04-30,2024-03-31
600959,江苏有线,0.014,1862000340.8,3.8085136921,-15.0974,69808877.14,-25.63,-9.7929,4.465601651083,0.3131,-0.000879317211,23.8403516634,电视广播Ⅱ,2025-04-30,2024-03-31
600958,东方证券,0.1,3610537317.89,-18.6259382471,6.3475,886228868.51,-37.94,956.9047,8.840359709661,1.11,-2.683192519338,,证券Ⅱ,2025-04-30,2024-03-31
600956,新天绿能,0.2,7906827273.59,20.5525212137,10.4573,832099109.39,-0.89,18.7055,5.18054246873,3.82,0.231827780454,20.2450403988,电力,2025-04-30,2024-03-31
600939,重庆建工,0.02,7418287826.14,-32.6,-40.0205,44636018.06,-22.99,129.8399,4.234962893246,0.53,-0.813627332363,7.2344629152,房屋建设Ⅱ,2025-04-30,2024-03-31
600938,中国海油,0.84,111468000000.0,14.0792745955,1.5265,39719000000.0,23.7,51.6108,14.852450341958,5.79,1.26092243778,53.4269925001,油气开采Ⅱ,2025-04-30,2024-03-31
600935,华塑股份,-0.01,1071809744.44,-16.2911970931,-33.5984,-40401115.38,-1256.01,-152.4172,1.80307311484,-0.64,-0.099601462933,9.4096817605,化学原料,2025-04-30,2024-03-31
600933,爱柯迪,0.25,1642316571.66,30.6896989205,-4.658,231882725.65,36.92,-26.5715,8.511704395016,3.43,0.397534683245,29.0924381088,汽车零部件,2025-04-30,2024-03-31
600928,西安银行,0.15,1885441000.0,4.4426201266,-12.8795,682628000.0,3.7856016688,22.579,7.106543360654,2.19,-2.441877769188,,银行Ⅱ,2025-04-30,2024-03-31
600916,中国黄金,0.22,18250656107.52,13.0813170744,21.2619,363255253.39,21.09,56.1396,4.611210336714,4.8,0.651407654863,4.0933187929,饰品,2025-04-30,2024-03-31
600905,三峡能源,0.0845,7902142296.56,15.3070630535,9.7644,2419080979.78,0.1,38.7942,2.972725818849,2.89,0.154377958857,58.9176027165,电力,2025-04-30,2024-03-31
600900,长江电力,0.1622,15656758358.43,1.6839899144,-22.7855,3968173348.74,9.8,-30.5903,8.401397061242,1.95,0.495102363686,48.1207046746,电力,2025-04-30,2024-03-31
600897,厦门空港,0.29,456238555.78,20.3244962376,1.8816,121265751.5,64.04,41.3195,10.236731900804,2.88,0.271272791905,34.7486370302,航空机场,2025-04-30,2024-03-31
600894,广日股份,-0.0084,1385895990.38,3.1675208803,-31.4246,-7240271.69,-144.37,-102.771,10.761310448513,-0.08,-0.017048777425,13.1627066011,专用设备,2025-04-30,2024-03-31
600893,航发动力,0.0581,6272295886.18,1.9813654297,-64.0068,154854528.8,76.03,-60.3476,14.866756236967,0.3917,-1.1291636619,10.5459203377,航空装备Ⅱ,2025-04-30,2024-03-31
600892,大晟文化,-0.0155,40592181.93,-7.4692023441,-35.4451,-8647038.09,-6113.51,70.5177,0.235907721389,-6.34,-0.000601430203,92.8495775245,游戏Ⅱ,2025-04-30,2024-03-31
600887,伊利股份,0.93,32577279421.31,-2.5820182326,13.2139,5922814507.71,63.84,464.9139,9.283098758166,10.52,0.356199347497,35.7918799228,饮料乳品,2025-04-30,2024-03-31
600886,国投电力,0.2671,14107816667.34,6.4275880006,-0.3907,2035488978.93,26.14,211.7344,7.432127648603,3.66,0.866243293571,40.2827265048,电力,2025-04-30,2024-03-31
600883,博闻科技,0.1034,7079013.49,326.6660743539,-44.0347,24411349.14,-9.8,74.2784,3.943999762123,2.6659,-0.02130008878,5.9006808023,种植业,2025-04-30,2024-03-31
600876,凯盛新能,-0.01,1437775429.95,0.7956578646,-22.8658,-6353117.41,-151.04,-103.2272,7.156539457052,-0.14,-0.115209128807,8.1559417651,玻璃玻纤,2025-04-30,2024-03-31
600875,东方电气,0.29,15052868276.63,2.28,-5.3902,905751281.62,-11.12,41.8407,12.234029183103,2.4,0.397829242461,17.3435818105,其他电源设备Ⅱ,2025-04-30,2024-03-31
600872,中炬高新,0.3117,1484645097.64,8.6420049196,25.1644,239018826.73,59.7,-91.9507,6.166685609599,4.91,0.512876736778,36.9779387251,调味发酵品Ⅱ,2025-04-30,2024-03-31
600867,通化东宝,0.11,591386056.41,-11.1175962533,-39.895,214676914.76,-14.28,-47.3419,3.724824785856,2.93,0.076883270268,78.681970472,生物制品,2025-04-30,2024-03-31
600860,京城股份,-0.01,320532749.36,16.6767537659,-17.7578,-6523098.03,58.6000435255,-250.2421,1.939583260975,-0.61,-0.097063874962,14.2569752486,通用设备,2025-04-30,2024-03-31
600859,王府井,0.178,3308281586.14,-1.7402740425,11.8093,201839334.73,-10.86,228.3366,17.559658590241,1.0178,0.487939341235,41.2214710671,一般零售,2025-04-30,2024-03-31
600854,春兰股份,0.0014,18928851.75,-79.1493992295,-24.8846,711819.67,-96.98,-94.9574,4.555918960042,0.0302,0.015843044224,42.8922316432,白色家电,2025-04-30,2024-03-31
600853,龙建股份,0.0064,1896323896.66,0.2037440657,-71.8465,6536286.07,29.82,-95.995,2.708676026608,0.24,-0.763215102584,12.0053599599,基础建设,2025-04-30,2024-03-31
600851,海欣股份,0.0267,208748232.76,-26.1311170999,-11.4992,32194759.85,21.37,-19.6954,3.273033959875,0.8087,0.030111178954,57.2751375182,化学制药,2025-04-30,2024-03-31
600850,电科数字,0.0688,1994277143.09,1.1913272136,-35.115,47389486.18,1.96,-78.3791,6.637542637852,1.04,-1.342545156401,18.1359379309,IT服务Ⅱ,2025-04-30,2024-03-31
600847,万里股份,-0.04,123528340.3,-7.6694425205,-6.4692,-6854982.89,-106.4254569194,41.8876,4.282088275488,-1.04,-0.216478718538,7.4113324018,电池,2025-04-30,2024-03-31
600846,同济科技,0.12,996317448.34,-1.3291734723,-14.0591,74816494.87,-8.92,-23.636,6.24766745977,1.94,-0.450138410526,12.732606992,工程咨询服务Ⅱ,2025-04-30,2024-03-31
600844,金煤科技,-0.0495,201621728.5,-13.6583144533,-4.6408,-50274436.85,-23.1819122189,76.8375,0.479024798504,-9.7893,-0.047867656555,-10.5662040637,化学原料,2025-04-30,2024-03-31
600843,上工申贝,0.0227,1088208650.63,27.8896333661,-0.8287,16161295.18,-54.04,701.0672,4.658453574795,0.4778,-0.161549181462,20.2896130059,专用设备,2025-04-30,2024-03-31
600834,申通地铁,0.03,139754164.12,75.6241829527,-29.4843,13582262.18,-23.37,74.6035,3.549180499751,0.81,0.046764678251,23.3804648797,铁路公路,2025-04-30,2024-03-31
600833,第一医药,0.1616,462073365.11,0.6477812443,-4.4728,36053836.02,21.75,13.468,4.65497570239,3.51,0.046478518652,17.5573376558,医药商业,2025-04-30,2024-03-31
600831,广电网络,-0.131,410266221.6,-33.4915803975,-23.5626,-93166659.67,-1415.4665319373,83.7568,4.256838315478,-3.02,0.00296545556,17.1766301318,电视广播Ⅱ,2025-04-30,2024-03-31
600827,百联股份,0.11,8829222655.06,-6.9936289691,26.8592,192591999.31,-7.73,249.9597,10.047269515135,1.08,0.490441131714,24.6307885123,一般零售,2025-04-30,2024-03-31
600822,上海物贸,0.0104,862171419.26,-58.0169903961,137.1792,5163335.4,-96.31,-54.1264,2.337885728897,0.4463,0.502293588597,8.9980493608,汽车服务,2025-04-30,2024-03-31
600821,金开新能,0.11,843170720.04,8.4820007739,13.9766,218027080.74,28.75,236.4967,4.515089599664,2.43,0.02240559753,53.8772750954,电力,2025-04-30,2024-03-31
600820,隧道股份,0.14,14128835941.9,5.3700564087,-48.2335,442748214.43,3.06,-69.2518,9.337353579276,1.52,-1.242462470255,12.5312849899,基础建设,2025-04-30,2024-03-31
600819,耀皮玻璃,0.01,1333836462.38,28.149555059,-17.7784,12121240.18,118.4269708994,135.3749,3.61677388755,0.36,-0.06803529922,13.9286436366,玻璃玻纤,2025-04-30,2024-03-31
600817,宇通重工,0.0586,701539732.4,11.8229384111,-21.4692,31726930.78,8.29,-66.0679,4.592027448006,1.28,-0.191172831043,23.4342274767,环保设备Ⅱ,2025-04-30,2024-03-31
600814,杭州解百,0.17,511759496.42,-11.7120730267,7.2321,123223552.86,9.46,1545.6821,4.896688380205,3.48,-0.03376010264,79.3055833705,一般零售,2025-04-30,2024-03-31
600809,山西汾酒,5.13,15338104001.25,20.9393705812,195.8729,6262425159.98,29.95,521.945,27.949326828693,20.22,5.771597550268,77.4608930935,白酒Ⅱ,2025-04-30,2024-03-31
600808,马钢股份,-0.04,20391635931.0,-10.3134438806,-18.5019,-310998961.0,38.9327129735,-214.8981,3.544259701397,-1.13,-0.168800140309,1.587205951,普钢,2025-04-30,2024-03-31
600807,济高发展,-0.02,55568814.91,-71.3612721642,-73.7634,-17721944.34,-356.52,54.7972,0.22013781193,-8.68,-0.07476197754,19.0212861784,医疗器械,2025-04-30,2024-03-31
600801,华新建材,0.09,7083601678.0,6.8668757699,-26.1526,177469351.0,-28.43,-80.0101,14.028137270709,0.61,0.051464326812,21.8885274961,水泥,2025-04-30,2024-03-31
600793,宜宾纸业,0.0453,559207546.06,10.7719247109,-13.9635,8021654.2,-399.5,-3.4207,3.169132814192,1.35,0.346869223343,15.0172443669,造纸,2025-04-30,2024-03-31
600791,京能置业,-0.13,170054960.73,-90.0064072562,-92.8549,-57755604.23,-34.8378406,66.0068,1.610066148317,-5.63,-4.408765347288,18.7348292418,房地产开发,2025-04-30,2024-03-31
600790,轻纺城,0.04,225483493.91,1.5926572134,5.0914,55644981.81,-21.6,308.4593,4.263277806349,0.91,-0.0873538759,50.4709148978,一般零售,2025-04-30,2024-03-31
600789,鲁抗医药,0.08,1798732648.44,7.7206098827,27.1318,67307574.42,47.32,25.5262,4.106157447732,2.09,0.18174015418,23.9843255269,化学制药,2025-04-30,2024-03-31
600783,鲁信创投,-0.2,16659948.01,9.8612218559,544.4741,-151753889.21,-266.17,-167.515,5.984946244535,-3.35,-0.007771835976,34.400832503,通用设备,2025-04-30,2024-03-31
600779,水井坊,0.3825,933356003.28,9.3779352473,-31.613,186295507.5,16.82,-24.3652,9.230553813715,4.15,-0.209290996132,80.4697057554,白酒Ⅱ,2025-04-30,2024-03-31
600778,友好集团,0.0434,516864237.98,-4.6213270834,64.6055,13506281.28,-70.79,143.838,0.719856602439,6.24,0.112496046536,29.5563127732,一般零售,2025-04-30,2024-03-31
600774,汉商集团,0.043,336558236.01,-6.8781641724,-9.8592,12671739.22,-47.76,265.202,5.720646134013,0.52,0.18555903575,55.947042055,化学制药,2025-04-30,2024-03-31
600765,中航重机,0.22,2924787019.96,24.9741955384,1.4951,324117166.38,18.8,6.7466,8.078284617459,2.7,-0.254835165799,29.6580568749,航空装备Ⅱ,2025-04-30,2024-03-31
600764,中国海防,0.0055,358290921.88,-17.9661991991,-78.3088,3910201.56,-74.85,-97.8965,11.360716768276,0.05,-0.425662313661,43.2866880066,航海装备Ⅱ,2025-04-30,2024-03-31
600759,ST洲际,0.0267,637008119.57,17.7259882721,-6.5912,96872753.89,485.2,-91.9994,1.947090209514,1.19,0.005019785285,58.4321791081,油气开采Ⅱ,2025-04-30,2024-03-31
600758,辽宁能源,0.06,1574431997.23,-20.2631104385,1.8329,82533784.37,-71.25,309.3272,4.074000834758,1.55,-0.299330452471,19.3750390786,煤炭开采,2025-04-30,2024-03-31
600756,浪潮软件,-0.09,265571198.91,-39.5789106191,-77.851,-28589466.15,-749.9,-126.6232,7.072679829595,-1.24,-0.838077989705,46.6897545249,IT服务Ⅱ,2025-04-30,2024-03-31
600755,厦门国贸,0.13,96879845009.41,-21.5980131253,43.4591,410365025.39,-44.5,733.6406,9.756546285541,1.31,-9.833465100841,1.6895658507,物流,2025-04-30,2024-03-31
600754,锦江酒店,0.1775,3206217975.61,6.7683226358,-13.0432,189885897.98,34.56,610.3675,15.78214452808,1.13,0.952278222173,35.3782799837,酒店餐饮,2025-04-30,2024-03-31
600748,上实发展,-0.08,540100024.36,-80.6233666063,-88.6881,-148399807.64,-151.86,47.0693,5.365862865239,-1.49,-0.747139977643,3.9866225327,房地产开发,2025-04-30,2024-03-31
600743,华远控股,-0.081,1008788171.47,-31.0447896082,-89.6016,-132272749.43,-55.4043865838,84.1508,0.233350360497,-28.87,-0.364036021466,15.7997617416,房地产服务,2025-04-30,2024-03-31
600738,丽尚国潮,0.08,193929462.77,-19.5429583981,4.4326,63823597.6,160.15,1275.5808,2.560695422351,3.26,0.035241474545,68.0307059101,一般零售,2025-04-30,2024-03-31
600735,ST新华锦,0.0172,470350786.65,-16.2833117845,-26.653,7355008.97,-28.64,179.446,3.138614999331,0.7222,0.179209913949,22.6816480376,饰品,2025-04-30,2024-03-31
600732,爱旭股份,-0.05,2513586246.97,-67.5477297606,-44.7925,-91216910.42,-113.0,91.9323,4.680991505512,-1.06,-1.316935142977,8.698579542,光伏设备,2025-04-30,2024-03-31
600730,*ST高科,0.009,27196736.41,-5.1254523038,-10.0336,5484067.54,162.0673547816,169.3728,3.013566967921,0.31,-0.011536354963,76.6222664582,教育,2025-04-30,2024-03-31
600722,金牛化工,0.0185,128341718.02,-18.1965036047,-11.6063,12603618.88,25.65,186.8013,1.70257751037,1.0942,-0.031642329039,23.2670031465,化学原料,2025-04-30,2024-03-31
600717,天津港,0.11,2787586925.81,4.661066666,-18.8131,305542817.43,9.14,446.9558,6.550604734586,1.63,0.094918624805,29.9279507931,航运港口,2025-04-30,2024-03-31
600715,文投控股,-0.04,136245928.81,-15.7568060592,-14.6706,-80527485.29,-47.6389443789,94.6675,-0.602747585888,,0.007005495329,29.9479018319,游戏Ⅱ,2025-04-30,2024-03-31
600713,南京医药,0.123,13952545044.79,-0.9178198858,6.9744,159082706.83,6.65,15.6711,5.037397722983,2.44,-2.971331891677,6.025405924,医药商业,2025-04-30,2024-03-31
600706,曲江文旅,0.01,401028718.85,22.7366220079,4.6913,2115126.23,-76.82,100.8207,3.016437248506,0.28,0.106128258871,21.6877147725,旅游及景区,2025-04-30,2024-03-31
600691,潞化科技,-0.0158,2756572168.13,-29.3257153142,4.5558,-37439035.86,-327.98,96.703,1.941517982983,-0.809,-0.032718281763,6.9683110466,农化制品,2025-04-30,2024-03-31
600690,海尔智家,0.52,71887760027.53,10.4812785144,9.8885,4767413630.08,20.16,38.4514,11.366972654139,4.6,0.210282846224,25.3402062536,白色家电,2025-04-30,2024-03-31
600689,上海三毛,0.026,243658191.93,-13.9037423665,-17.6441,5124733.31,92.39,287.1176,2.23048568261,1.15,-0.152025569877,5.0634521385,综合Ⅱ,2025-04-30,2024-03-31
600685,中船防务,0.0109,2806869058.01,47.8183716979,-55.961,15373901.72,157.6547571702,-35.5883,12.497045319381,0.09,-2.407616567104,8.3908408769,航海装备Ⅱ,2025-04-30,2024-03-31
600684,珠江股份,0.0,322410928.05,-84.7436047449,-29.5558,-2538446.58,95.0344727137,-119.6448,0.517855193402,-0.57,-0.106898405622,19.7503796336,房地产服务,2025-04-30,2024-03-31
600683,京投发展,-0.21,256357336.04,-91.9591743313,-48.6471,-75392507.6,-161.05,89.6794,2.246872668424,-8.86,-11.211371809439,-2.592484359,房地产开发,2025-04-30,2024-03-31
600682,南京新百,0.1,1580283271.46,-0.9575041973,-12.8478,129782239.87,-27.96,347.9114,12.964839864791,0.75,0.055356342763,44.2181151126,综合Ⅱ,2025-04-30,2024-03-31
600679,上海凤凰,0.0551,589106639.09,67.5625913814,28.8028,28415584.17,87.54,130.5722,4.254168412962,1.3078,0.04940745666,13.9864832006,摩托车及其他,2025-04-30,2024-03-31
600676,交运股份,-0.07,953396964.24,-7.6550674647,-30.7595,-70609031.67,-129.88,-171.882,5.328000757991,-1.28,0.028675205087,4.0131441839,体育Ⅱ,2025-04-30,2024-03-31
600675,中华企业,-0.04,457776327.89,18.042220978,-87.6873,-214354750.94,24.7082118682,5.1777,2.397638819292,-1.46,-0.168571789294,19.2184385234,房地产开发,2025-04-30,2024-03-31
600668,尖峰集团,0.01,601668855.29,-0.9332352052,-27.3993,2428299.46,-89.51,107.0027,14.861999446426,0.05,-0.029423581163,20.4642541005,水泥,2025-04-30,2024-03-31
600665,天地源,-0.0937,350412650.24,-89.0180518027,-94.4499,-80934255.09,-614.72,79.4635,4.414306032651,-2.1,0.219100462665,4.7541094959,房地产开发,2025-04-30,2024-03-31
600654,中安科,0.007,611841813.03,-6.4377741452,-32.4107,19790411.59,377.2856244163,-66.6522,0.560636760589,1.24,0.048495675562,15.1202642121,软件开发,2025-04-30,2024-03-31
600651,飞乐音响,0.005,428813740.26,5.5842227215,-26.5129,11375212.15,173.9614515773,-51.2795,0.968854296333,0.47,-0.01579799191,13.9161966857,汽车零部件,2025-04-30,2024-03-31
600650,锦江在线,0.071,464716431.81,-1.933349327,7.1168,39330665.99,168.07,18.3584,7.080865689812,1.01,0.087574430158,20.9668974304,铁路公路,2025-04-30,2024-03-31
600649,城投控股,-0.002,421091165.92,-13.0888104082,-64.1505,-5174938.5,-108.86,-104.2839,8.221774798405,-0.02,-0.038784081413,53.995058781,房地产开发,2025-04-30,2024-03-31
600644,乐山电力,-0.0096,827637318.11,8.7168946392,5.0858,-5179957.23,48.06,89.0055,3.369661875748,-0.29,-0.411043560071,10.485329853,电力,2025-04-30,2024-03-31
600643,爱建集团,0.072,614653733.66,23.24,-16.2155,115298242.05,-45.71,130.7139,7.718176539022,0.92,0.114259318158,24.3868449595,多元金融,2025-04-30,2024-03-31
600642,申能股份,0.238,8070802677.09,10.8682188445,11.2824,1159333342.09,57.96,21.3529,7.100341477231,3.4,0.463852778858,18.0802008512,电力,2025-04-30,2024-03-31
600639,浦东金桥,0.2032,909616180.52,-78.7320263914,-25.26,228094378.96,-83.38,15.2066,12.739585738713,1.61,-0.135994614604,65.0990268864,房地产开发,2025-04-30,2024-03-31
600638,新黄浦,0.0052,217271911.03,-60.4649211072,-69.2677,3489940.07,-14.05,117.5261,6.58483832085,0.08,-0.506165677066,56.6637657402,房地产开发,2025-04-30,2024-03-31
600637,东方明珠,0.0353,1594904179.66,-6.5414476113,-32.6187,118615608.4,-53.32,164.3477,8.864362818385,0.3991,-0.176136798469,32.8212346739,电视广播Ⅱ,2025-04-30,2024-03-31
600635,大众公用,0.0094,2190965555.63,0.9341950166,45.4156,27680914.58,-89.34,145.6377,2.823408026757,0.33,0.044150934415,13.989297337,燃气Ⅱ,2025-04-30,2024-03-31
600629,华建集团,0.08,1674883800.46,-0.6773734979,-52.5719,79817474.11,-9.41,-50.4449,5.212995982299,1.59,-0.721096324188,24.136344169,工程咨询服务Ⅱ,2025-04-30,2024-03-31
600628,新世界,0.04,275815428.5,4.2386014704,-15.73,25845762.58,8.1,229.5673,6.498455170757,0.62,0.062344113546,40.8212481196,一般零售,2025-04-30,2024-03-31
600624,ST复华,-0.0162,155481059.5,-8.5411328586,-4.1523,-11103708.12,-7050.69,61.4064,1.153192653317,-1.39,-0.06537016161,39.7018865246,化学制药,2025-04-30,2024-03-31
600622,光大嘉宝,-0.09,341627878.39,-30.7518855558,-62.6676,-133170804.49,-1701.64,94.0264,3.290279041817,-2.77,-0.016117506263,43.5842977838,房地产开发,2025-04-30,2024-03-31
600620,天宸股份,-0.029,3978948.18,-93.9729156561,-93.7555,-19881535.37,-365.71,-71.701,2.120404211244,-1.28,-0.080125422733,9.5653678506,综合Ⅱ,2025-04-30,2024-03-31
600619,海立股份,-0.01,5579797885.5,29.7150453771,53.026,-6525171.85,76.1126216436,-105.4879,5.635610444211,-0.11,0.018534055859,10.2421283505,家电零部件Ⅱ,2025-04-30,2024-03-31
600611,大众交通,0.01,733759573.7,-5.1034263581,-43.8209,18342620.91,-81.5,-58.3936,4.016797737738,0.19,-0.05632054671,22.9803758981,铁路公路,2025-04-30,2024-03-31
600609,金杯汽车,0.056,1003293300.68,-32.3342442154,-15.7503,74017716.2,29.27,206.8742,0.863469336085,6.76,0.135805883878,13.6802576083,汽车零部件,2025-04-30,2024-03-31
600597,光明乳业,0.13,6417076216.0,-9.2469846091,10.2424,172327245.0,-8.07,-73.2679,6.48858001877,1.63,-0.285484143088,19.6432243216,饮料乳品,2025-04-30,2024-03-31
600596,新安股份,0.0808,3974376631.26,2.4214910752,69.8074,109035213.13,4.18,408.6576,9.447495632024,0.85,-0.151684692569,10.8685835809,农化制品,2025-04-30,2024-03-31
600592,龙溪股份,0.0882,473861731.94,-2.8450344052,47.7887,35244872.72,-48.69,1459.2583,6.098327539938,1.43,-0.131030893577,29.074682272,通用设备,2025-04-30,2024-03-31
600587,新华医疗,0.35,2528538840.43,3.6757931798,-6.1783,211036820.12,7.39,180.1151,16.151235295841,2.87,-0.458347988056,24.6826856598,医疗器械,2025-04-30,2024-03-31
600586,金晶科技,0.1203,1774927287.15,-6.7902111659,-18.0262,170473366.75,94.02,334.8673,4.181956183368,2.88,0.239931811894,22.0053299748,玻璃玻纤,2025-04-30,2024-03-31
600585,海螺水泥,0.28,21327718918.0,-32.0846615361,-49.1665,1502318719.0,-41.14,-14.5426,35.192299862446,0.81,0.030114379698,17.7471945807,水泥,2025-04-30,2024-03-31
600582,天地科技,0.167,7364870102.76,10.7352421728,-8.1949,692191072.2,10.78,79.036,5.718985645325,2.97,-0.550313181245,30.4150497658,专用设备,2025-04-30,2024-03-31
600580,卧龙电驱,0.17,3741492144.59,-2.4624011426,6.9019,222580921.72,-13.6,156.481,7.342153879746,2.34,-0.026100317769,24.9302089331,电机Ⅱ,2025-04-30,2024-03-31
600579,中化装备,0.08,2282042186.6,-11.8875591064,-32.5336,37579075.4,111.1103617365,102.4689,1.25593543997,5.12,0.106374133099,21.2959169744,专用设备,2025-04-30,2024-03-31
600577,精达股份,0.05,4530499857.49,13.6834306341,-4.8507,109110954.36,8.0,-5.734,2.54533432997,2.05,-0.244640011172,6.3750517189,电网设备,2025-04-30,2024-03-31
600575,淮河能源,0.08,7314730746.19,20.270304948,-8.5674,309900537.31,67.68,12.823,2.910168970272,2.8,0.245262996756,8.310922485,电力,2025-04-30,2024-03-31
600571,信雅达,-0.11,380869662.58,5.7168152244,-47.7949,-49001541.01,-595.66,-166.2412,2.483134564068,-4.16,-0.549686223404,17.2203870205,IT服务Ⅱ,2025-04-30,2024-03-31
600570,恒生电子,-0.02,1187570167.18,5.1290173554,-59.2404,-36142433.43,-116.28,-104.4207,4.190575687906,-0.45,-0.603401430904,68.8005983116,软件开发,2025-04-30,2024-03-31
600569,安阳钢铁,-0.168,8507632906.16,-13.8105677956,-11.6825,-483950766.71,-30.0346628266,26.7075,1.889605756855,-8.54,-0.103284205843,-3.1342118327,普钢,2025-04-30,2024-03-31
600568,ST中珠,-0.0115,130001333.73,10.3385821871,-49.5547,-22893608.42,17.73,73.7562,1.222620553883,-0.94,-0.011541930654,24.2120877355,医疗服务,2025-04-30,2024-03-31
600567,山鹰国际,0.009,6669120056.42,5.000781747,-16.858,39063252.05,111.45,-85.6715,2.956847154135,0.28,0.102867597209,9.8812241889,造纸,2025-04-30,2024-03-31
600557,康缘药业,0.23,1358009437.31,0.4078092771,-0.9298,135334123.86,4.67,-20.919,9.109424452944,2.71,0.32814700238,74.6130966164,中药Ⅱ,2025-04-30,2024-03-31
600552,凯盛科技,0.0146,1263190450.52,-0.48048271,91.4056,13783609.29,-54.83,23.922,4.340352002714,0.34,-0.031256197692,14.3335912906,光学光电子,2025-04-30,2024-03-31
600548,深高速,0.195,2037983716.92,7.0572820028,-30.3019,470958969.66,6.42,-40.2562,8.599814800979,2.29,0.348788056868,35.5244826143,铁路公路,2025-04-30,2024-03-31
600533,栖霞建设,-0.02,515085103.71,-72.4256483966,-44.8816,-26024798.53,-362.28,78.7112,3.974685027495,-0.63,-0.280411143162,19.4663768591,房地产开发,2025-04-30,2024-03-31
600531,豫光金铅,0.155,8570528202.12,2.6958839243,30.9044,169003039.91,11.29,80.5943,4.583001636084,3.44,-0.275792564951,5.1916589345,工业金属,2025-04-30,2024-03-31
600527,江南高纤,0.0038,120239928.88,-23.7056960135,-58.3394,6578909.98,-17.28,-35.8195,1.285566068843,0.3,0.090145024853,11.9944910849,纺织制造,2025-04-30,2024-03-31
600521,华海药业,0.19,2498671124.15,21.3587454396,18.9189,270842789.22,56.62,148.6865,5.449755348167,3.31,0.575542617725,59.7362321149,化学制药,2025-04-30,2024-03-31
600519,贵州茅台,19.16,46484738134.23,18.0435812731,2.7414,24065262374.15,15.73,10.0989,190.839202162709,10.57,7.313674976258,92.6133169925,白酒Ⅱ,2025-04-30,2024-03-31
600518,康美药业,0.001,1201239538.91,5.0083979845,-10.3482,7471308.45,114.8215030824,-97.0178,0.508872313386,0.11,-0.023987385185,14.4299383907,中药Ⅱ,2025-04-30,2024-03-31
600516,方大炭素,0.0425,1388029229.24,3.148472345,10.6386,171285330.47,-22.65,436.2588,4.280444037463,1.0,-0.004617713903,26.0319828602,冶钢原料,2025-04-30,2024-03-31
600513,联环药业,0.11,528459397.27,16.9984411115,-23.4887,32545358.4,4.58,-29.5047,4.857672514182,2.37,-0.062649020811,49.141088434,化学制药,2025-04-30,2024-03-31
600506,统一股份,0.2055,756230175.03,10.540661655,62.5552,39459366.93,16842.4,292.8592,2.296572077418,9.37,0.788274672799,19.9793336723,炼化及贸易,2025-04-30,2024-03-31
600505,西昌电力,-0.0335,360590752.72,10.469886138,-3.0402,-12230106.71,64.9869616906,-1.3699,3.29115602721,-1.014,0.033185226878,14.2716674878,电力,2025-04-30,2024-03-31
600503,华丽家族,0.0092,114111880.67,991.2700919741,356.8792,14802494.5,218.73,-65.5591,2.284405865973,0.4052,-0.198503513041,47.349592087,房地产开发,2025-04-30,2024-03-31
600500,中化国际,-0.08,11616731782.74,-21.3288678612,3.1817,-285805682.91,-353.01,78.1506,4.229855405794,-1.86,0.06903501557,3.6537173304,化学制品,2025-04-30,2024-03-31
600498,烽火通信,0.03,5058809265.97,0.8484127965,-40.973,41476510.66,10.93,-76.6508,10.520547538269,0.31,-1.570484905231,24.8324673059,通信设备,2025-04-30,2024-03-31
600495,晋西车轴,-0.02,244235443.39,45.3108372228,-48.1945,-23615339.88,-37.5003506601,-230.0755,2.672379406419,-0.73,0.003953229895,3.415282878,轨交设备Ⅱ,2025-04-30,2024-03-31
600491,ST龙元,-0.002,2752181526.02,-16.141343061,53.1632,-3676413.68,-104.4521328864,99.4985,7.06521953376,-0.11,0.107161500971,17.7172061061,房屋建设Ⅱ,2025-04-30,2024-03-31
600489,中金黄金,0.16,13164077845.22,-1.3737346935,-16.1993,782849375.09,43.73,-13.5637,5.498731646571,2.98,0.22204450366,14.7073454764,贵金属,2025-04-30,2024-03-31
600481,双良节能,-0.1575,4247775168.79,-22.245721218,-2.6052,-294661296.94,-158.74,-399.1379,3.531522403893,-4.25,0.124763783781,1.2315965855,光伏设备,2025-04-30,2024-03-31
600477,杭萧钢构,0.027,1823785394.31,-7.6508569914,-41.7493,64001944.77,0.41,40.8017,2.218018786626,1.21,-0.093792299353,16.6918853781,专业工程,2025-04-30,2024-03-31
600470,六国化工,0.01,1167447145.87,-22.7673502808,-30.0741,4646118.87,-65.38,-86.4022,3.477832265127,0.26,-0.718176103777,11.6486461277,农化制品,2025-04-30,2024-03-31
600469,风神股份,0.1,1468870875.99,15.5691380426,-1.2251,74441280.62,45.96,10.6534,4.542879377342,2.27,-0.087889847321,17.5951485365,汽车零部件,2025-04-30,2024-03-31
600467,好当家,0.005,225285572.71,-7.2321523255,-54.4875,7450943.6,-1.06,-40.7669,2.314441814826,0.22,0.023037376852,19.5398100289,渔业,2025-04-30,2024-03-31
600461,洪城环境,0.27,2151040982.85,3.8988230326,-7.8939,323244885.34,8.65,65.7574,7.032103761337,3.87,0.193899305106,29.020006393,环境治理,2025-04-30,2024-03-31
600460,士兰微,-0.009,2464973745.58,19.2995653858,1.0099,-15277738.16,-107.15,-109.9551,7.217149587036,-0.13,-0.067568994282,22.1049042866,半导体,2025-04-30,2024-03-31
600459,贵研铂业,0.26,10443699985.16,3.5507424829,4.4207,194711610.74,23.45,190.6091,8.831504323,2.94,-1.780789497824,2.8409703342,小金属,2025-04-30,2024-03-31
600458,时代新材,0.15,4205183853.78,4.7594404387,-14.8008,119980933.26,10.73,7.1312,7.168360220923,2.07,-1.100527964496,16.1931434075,综合Ⅱ,2025-04-30,2024-03-31
600452,涪陵电力,0.07,738785806.64,-10.5925094591,4.613,107339258.12,-7.08,36.1053,4.64666004322,2.13,0.244318726082,18.3335866245,电力,2025-04-30,2024-03-31
600438,通威股份,-0.1748,19570420152.69,-41.1320201207,-29.3066,-786737334.37,-109.15,71.1572,13.061152703476,-1.29,-0.309621126932,9.2022761436,光伏设备,2025-04-30,2024-03-31
600436,片仔癀,1.62,3170691528.78,20.5807290286,28.9622,974507153.85,26.61,148.1537,23.757164220908,7.03,0.88093416755,47.2557414807,中药Ⅱ,2025-04-30,2024-03-31
600428,中远海特,0.158,3430372592.47,14.5248432479,10.8707,340051551.2,-12.54,127.9622,5.537270272799,2.9,0.310298569716,20.2506933721,航运港口,2025-04-30,2024-03-31
600418,江淮汽车,0.05,11282425169.16,4.606512524,2.2114,105493716.26,-28.72,425.3604,6.127015513668,0.79,-0.561250783083,10.4309183053,商用车,2025-04-30,2024-03-31
600416,湘电股份,0.046,1260735338.11,9.5103460715,11.9364,60459240.84,-40.85,54.6449,5.505211464533,0.83,-0.099804321964,17.7062570281,电机Ⅱ,2025-04-30,2024-03-31
600409,三友化工,0.0378,5215908562.37,-4.4462693707,-5.2588,77937277.16,180.0854718867,-64.2343,6.605256063541,0.57,-0.000539559986,17.6283852009,化学原料,2025-04-30,2024-03-31
600408,安泰集团,-0.12,1805710852.45,-31.5698981056,-18.9192,-124371758.53,-0.9949836625,48.4382,1.712189367054,-6.98,0.050180581655,-3.5987237072,焦炭Ⅱ,2025-04-30,2024-03-31
600405,动力源,-0.103,123939013.72,-27.751043487,-32.8082,-57089616.25,-24.0832910062,67.8361,0.987659461007,-9.77,0.036142201163,20.5281810355,其他电源设备Ⅱ,2025-04-30,2024-03-31
600400,红豆股份,0.02,650334848.99,-0.7270629706,-15.9928,41233806.83,31.08,548.4573,1.302621026867,1.39,-0.04671322299,40.7882790538,服装家纺,2025-04-30,2024-03-31
600399,抚顺特钢,0.0581,2071424997.25,3.1288230216,-9.9347,114548291.12,90.21,43.2064,3.312475749764,1.77,-0.198434090061,12.1700754116,特钢Ⅱ,2025-04-30,2024-03-31
600392,盛和资源,-0.123,2885986957.22,-39.9178636072,-39.503,-215570282.47,-378.59,-223.5028,4.749967609283,-2.0,-0.229793449628,0.0972333726,小金属,2025-04-30,2024-03-31
600391,航发科技,-0.007,811100035.01,9.4006458299,-45.1205,-2157504.47,80.0735872448,-114.4089,4.82655186977,-0.14,-2.935577573958,10.7200750311,航空装备Ⅱ,2025-04-30,2024-03-31
600386,北巴传媒,-0.01,1060315290.27,0.4701153837,-16.1616,-6514087.62,8.6710963113,-234.7004,2.190039966716,-0.37,0.016329518242,16.518350331,汽车服务,2025-04-30,2024-03-31
600381,*ST春天,-0.0458,84499399.27,49.9642695431,58.9409,-26905064.87,6.3145310061,86.3795,2.109085404623,-2.14,0.023615560302,54.2619235238,食品加工,2025-04-30,2024-03-31
600378,昊华科技,0.1518,2845099846.77,38.2649453416,2.1713,167134125.97,-39.87,-35.7592,9.522678849465,1.4,-0.379650516463,22.8269123974,化学制品,2025-04-30,2024-03-31
600376,首开股份,-0.3341,3458988364.89,-4.8464415922,-77.1304,-807035803.9,14.5723755341,75.343,6.641105436623,-4.91,-1.104835547059,13.5247315767,房地产开发,2025-04-30,2024-03-31
600373,中文传媒,0.21,2272576860.91,-8.7802131539,-28.5413,278873192.35,-38.32,-63.0623,13.801765697462,1.4,-0.423742427082,44.7529789766,出版,2025-04-30,2024-03-31
600366,宁波韵升,-0.0004,1026082261.87,-28.2492686869,-23.7614,-431534.5,-102.2801630229,-102.2133,5.315623919633,-0.01,0.004707361206,10.2408576139,金属新材料,2025-04-30,2024-03-31
600360,华微电子,0.02,496240420.51,20.099626226,4.0917,15553047.61,198.27,1.793,3.413279641134,0.48,-0.051408414791,26.2634000967,半导体,2025-04-30,2024-03-31
600359,新农开发,0.13,159549276.64,-12.3409544441,182.0713,51344684.17,6.82,656.8618,1.819909863003,7.91,0.031158993058,51.322725226,种植业,2025-04-30,2024-03-31
600354,敦煌种业,0.0748,443210480.45,26.1964853019,-29.908,39469161.14,59.92,-27.3584,1.208500548634,6.39,-0.005695870467,37.9674850015,种植业,2025-04-30,2024-03-31
600350,山东高速,0.129,4531518433.04,-11.8668354915,-59.317,769351693.51,-6.7,7.8686,6.134456195255,2.12,0.213222394306,35.6486380001,铁路公路,2025-04-30,2024-03-31
600345,长江通信,-0.08,64952084.41,37.7266346297,-89.6274,-27314881.71,-1415.5967600279,-123.8823,10.373794803099,-0.8,-0.375794819713,28.6846901362,通信设备,2025-04-30,2024-03-31
600340,*ST华幸,-0.49,1332987461.49,-77.3132211783,-92.6435,-1925047255.88,-360.79,53.5832,1.395132227211,-30.58,-0.140586177177,9.3674239014,房地产开发,2025-04-30,2024-03-31
600337,ST美克,-0.1067,821950550.79,-26.396460102,0.692,-156105357.73,-218.4014761715,20.6132,2.352336369725,-4.35,0.004472069829,40.5767515369,家居用品,2025-04-30,2024-03-31
600336,澳柯玛,0.0401,2558017665.26,2.9500488098,22.2731,31968192.8,5.38,161.1039,3.16970898605,1.27,-0.282600134334,12.628376888,白色家电,2025-04-30,2024-03-31
600332,白云山,1.204,22946211891.84,6.0923762122,32.4009,1958118123.91,2.59,640.5095,22.683179635902,5.45,-1.93025223735,22.1341509017,中药Ⅱ,2025-04-30,2024-03-31
600331,宏达股份,-0.0027,714179463.78,-14.6869508919,-8.8649,-5474070.24,-160.52,79.6066,0.155612085827,-1.72,0.026425618081,8.1997430912,农化制品,2025-04-30,2024-03-31
600329,达仁堂,0.5,2085588390.55,-3.1942629861,-14.1476,387326165.82,-3.36,201.385,9.072324604975,5.7,-0.115949416156,51.5428461637,中药Ⅱ,2025-04-30,2024-03-31
600326,西藏天路,-0.0598,305726063.06,-42.5205768012,-76.2595,-73514988.93,13.0517323071,72.0572,2.76034122867,-2.1,-0.093236843168,6.1483075508,水泥,2025-04-30,2024-03-31
600325,华发股份,0.13,7000110720.18,-41.4625043815,-71.8802,348976942.54,-35.34,195.9682,8.152061257522,1.56,0.209495730213,15.094133811,房地产开发,2025-04-30,2024-03-31
600322,津投城开,-0.1758,131374981.12,-92.346902267,119.6084,-194420340.21,-38.37,-446.2344,0.033904772515,-144.34,-0.179877276422,4.7860398277,房地产开发,2025-04-30,2024-03-31
600308,华泰股份,0.07,3433978275.34,-2.7730822145,10.1769,112981232.7,5.82,732.8446,6.154344765745,1.21,0.193455006772,9.8095714894,造纸,2025-04-30,2024-03-31
600307,酒钢宏兴,-0.0829,8206867298.88,-21.2644206161,-12.1069,-519092875.05,-1788.730181226,25.0872,1.539527021709,-5.25,-0.136684678154,6.3829709584,普钢,2025-04-30,2024-03-31
600305,恒顺醋业,0.0501,460382267.91,-24.8873651858,-1.7389,55216144.98,-24.23,207.583,3.00532804968,1.66,-0.033929859684,41.3765744247,调味发酵品Ⅱ,2025-04-30,2024-03-31
600303,曙光股份,-0.09,356840759.79,19.1849130245,-11.1537,-63747131.89,11.0935899802,71.2347,2.3947620616,-3.86,-0.102370576432,2.0639129017,商用车,2025-04-30,2024-03-31
600302,ST标准,-0.0493,118578980.86,-21.8336773557,9.6804,-17062167.88,-241.4830807716,86.2467,2.268382188413,-2.15,-0.044771015303,17.2564189636,专用设备,2025-04-30,2024-03-31
600301,华锡有色,0.216,1035842150.6,73.7319409986,0.6476,136920130.03,81.06,53.0376,5.735997040309,3.4,0.196084374344,36.8441441535,小金属,2025-04-30,2024-03-31
600295,鄂尔多斯,0.12,6700908686.25,-11.0028978025,-21.3986,346585130.24,-65.36,-6.5558,7.740808723297,1.61,0.173983187196,15.9839255635,冶钢原料,2025-04-30,2024-03-31
600284,浦东建设,0.1509,6011036507.87,45.4312766163,42.5776,146399930.86,20.58,90.421,7.902997605395,1.93,-1.025111811738,6.1864023357,基础建设,2025-04-30,2024-03-31
600272,开开实业,0.096,234368620.36,17.4218179467,-24.3862,23260067.14,137.46,19.2097,2.547684816543,3.83,-0.287641092428,18.2013917966,医药商业,2025-04-30,2024-03-31
600271,航天信息,-0.16,1517926558.89,-56.7039432357,-40.1062,-297873894.45,-221.24,-15.0519,7.419833231609,-2.14,-0.669556603664,19.3974170229,IT服务Ⅱ,2025-04-30,2024-03-31
600261,阳光照明,0.04,828650673.2,8.7263237768,7.5574,51787691.73,-11.06,-27.8947,2.622895230374,1.43,-0.006054074572,34.9014691502,照明设备Ⅱ,2025-04-30,2024-03-31
600259,中稀有色,-0.9,1752590421.48,-71.7296300851,-66.572,-303953720.68,-5470.56,-922.3669,9.954673241777,-8.87,-0.891370281638,-1.565067106,小金属,2025-04-30,2024-03-31
600257,大湖股份,-0.016,208442460.81,-16.6518437162,-34.9885,-7910466.66,13.43,24.7004,1.803968561798,-0.907,-0.050612743939,25.2960748905,渔业,2025-04-30,2024-03-31
600255,鑫科材料,0.005,900147026.42,9.5732672955,-4.6562,8472747.3,197.8439486202,132.3755,0.762282859425,0.62,0.061904515782,8.0232667831,金属新材料,2025-04-30,2024-03-31
600248,陕建股份,0.1465,27769418872.69,-21.8388241431,-50.5546,552227850.92,-32.44,-40.5092,6.025590750613,2.47,-2.312370447059,9.3781614594,房屋建设Ⅱ,2025-04-30,2024-03-31
600246,万通发展,-0.0341,76243597.84,-39.9200137506,-39.4251,-63839975.75,-134.73,71.1227,2.802124696868,-1.19,-0.10770142863,32.2673909377,房地产开发,2025-04-30,2024-03-31
600238,*ST椰岛,-0.02,54298102.77,-28.76518753,-11.6229,-7481622.29,47.5625506657,90.8584,0.529090333936,-3.11,-0.012064084092,29.8560104368,非白酒,2025-04-30,2024-03-31
600234,科新发展,-0.03,3760514.75,-67.1963153559,210.0715,-7348741.69,-46.3383486158,95.11,1.605929253317,-1.73,-0.044422609732,2.3888998175,装修装饰Ⅱ,2025-04-30,2024-03-31
600231,凌钢股份,-0.11,5184547532.62,-6.2687633592,8.0238,-319584884.42,-794.92,33.4191,2.47776035222,-4.4,-0.221674936949,-5.3514771612,普钢,2025-04-30,2024-03-31
600230,沧州大化,0.0487,1244627495.24,8.2844525173,8.573,20285500.86,-71.71,211.7602,9.664131715639,0.5,0.244539435631,9.1248198625,化学制品,2025-04-30,2024-03-31
600222,太龙药业,0.0381,499111557.06,-10.923505603,-20.4018,21258639.34,477.28,-64.8519,2.763811299058,1.34,-0.201823596958,27.3483182946,中药Ⅱ,2025-04-30,2024-03-31
600221,海航控股,0.0159,17549904000.0,33.4819008961,47.4448,686528000.0,334.51,219.5072,0.063935961085,26.98,0.093287515733,14.5914986202,航空机场,2025-04-30,2024-03-31
600218,全柴动力,0.06,1221918108.7,-25.1976885815,24.9312,25362048.76,-20.8,9.3527,7.313327414255,0.8,-0.580453273868,9.2159850098,汽车零部件,2025-04-30,2024-03-31
600217,中再资环,0.0026,516002998.07,-29.9504146877,-46.5745,3593071.68,147.5794134524,-70.7043,1.877666821512,0.14,-0.078905045635,21.0528691706,环境治理,2025-04-30,2024-03-31
600215,派斯林,0.1122,634049375.7,62.2657466042,-3.9884,51952643.12,11.84,2455.7854,4.373920720724,2.59,0.231561218983,16.748439273,自动化设备,2025-04-30,2024-03-31
600210,紫江企业,0.104,2243063433.79,0.0326703447,25.8783,157089453.1,32.37,44.669,3.907588941649,2.69,-0.098172393461,22.1330877175,包装印刷,2025-04-30,2024-03-31
600208,衢州发展,0.044,2243238332.12,610.2364187977,-83.3676,371883655.45,-47.45,214.939,4.947332794835,0.86,-0.059008156318,41.5662537823,房地产开发,2025-04-30,2024-03-31
600206,有研新材,0.001,2262259127.37,-25.2119684608,-9.5873,455359.85,-98.83,-99.4751,4.587566438141,0.01,-0.665576045267,4.6627907225,半导体,2025-04-30,2024-03-31
600196,复星医药,0.23,10157255262.4,-6.5631855224,-5.0672,609733627.26,-38.22,490.8278,17.34241675011,1.33,0.343254208758,50.0090697055,化学制药,2025-04-30,2024-03-31
600192,长城电工,-0.0631,386603846.9,-19.6375338267,-20.1176,-27869538.55,-110.37,51.9579,3.152801872719,-0.4948,-0.063214775324,17.8665007769,电网设备,2025-04-30,2024-03-31
600191,华资实业,0.0034,121950083.81,-6.5006492492,-42.0905,1642848.4,-96.3,117.7131,3.269808607207,0.11,0.182679550844,7.6380268951,农产品加工,2025-04-30,2024-03-31
600187,*ST国中,0.0012,42874594.13,-35.2333576006,-22.8675,1967267.58,111.6814605493,105.3227,1.957540550826,0.06,-0.016783870507,27.8859773547,环境治理,2025-04-30,2024-03-31
600186,莲花控股,0.0274,576333115.25,26.4499700433,18.4936,49223278.93,134.54,39.3059,0.885051885092,3.15,0.097512466614,24.492584475,调味发酵品Ⅱ,2025-04-30,2024-03-31
600177,雅戈尔,0.2,3311464552.55,1.4004444052,-47.3678,926972854.76,6.86,25.1236,8.690063750048,2.33,-0.059524546767,45.1810498801,服装家纺,2025-04-30,2024-03-31
600172,黄河旋风,-0.076,328476335.51,-34.5094877298,-2.4629,-105861600.54,-568.5917713762,75.5053,1.655489599605,-4.34,0.054902493403,21.7348425752,通用设备,2025-04-30,2024-03-31
600170,上海建工,0.02,74737002255.38,12.8871143849,-8.3953,290347123.09,13.35,10.7339,3.444179034857,0.56,-2.848962626302,6.170316491,房屋建设Ⅱ,2025-04-30,2024-03-31
600167,联美控股,0.2495,1716669395.59,3.6944259303,39.8912,564173567.7,-18.1,174.0234,5.062982645502,4.99,-0.113826320066,44.7214465745,电力,2025-04-30,2024-03-31
600163,中闽能源,0.1118,465302225.71,-16.0714480033,-25.7158,212703632.88,-22.18,-27.5907,3.398741456593,3.3449,0.091827556883,63.1388166888,电力,2025-04-30,2024-03-31
600162,香江控股,0.0076,378717561.48,-68.2175446627,-53.4333,24946283.16,-71.87,371.5931,1.94074338677,0.39,-0.005822359711,38.088928487,房地产开发,2025-04-30,2024-03-31
600159,大龙地产,-0.012,94584170.71,-10.3282203136,-46.7418,-10135266.65,-218.63,96.971,2.309033384704,-0.53,-0.076809944169,8.5097210343,房地产开发,2025-04-30,2024-03-31
600155,华创云信,0.01,610472398.28,-17.6898721318,-33.335,18500680.54,-86.28,-85.6724,8.741100880273,0.09,-0.015695918677,,证券Ⅱ,2025-04-30,2024-03-31
600153,建发股份,0.17,131337299273.15,-21.5731594782,-20.3891,603889906.92,-23.94,-11.6151,18.982309350511,0.86,-15.483992460897,3.9491993171,物流,2025-04-30,2024-03-31
600152,维科技术,0.0111,341005289.71,10.4864587817,-31.2918,5866239.27,121.4037129801,113.8556,3.414542480439,0.33,0.111742041705,14.7082653007,电池,2025-04-30,2024-03-31
600151,航天机电,-0.0333,1393094855.85,-39.4595801337,-9.5425,-47717202.26,-103.5923870992,89.0913,3.42475340154,-0.9683,-0.284535556094,5.8575253772,汽车零部件,2025-04-30,2024-03-31
600150,中国船舶,0.09,15270371448.37,68.8376400431,-39.3672,401051784.71,821.12,1.2588,10.852734216796,0.83,-0.692800445337,6.6761785562,航海装备Ⅱ,2025-04-30,2024-03-31
600138,中青旅,-0.0401,1922317820.37,15.9590265413,-33.7211,-28998995.53,-503.9529634553,-137.6231,8.544256249655,-0.4677,0.04079582941,20.6490697758,旅游及景区,2025-04-30,2024-03-31
600132,重庆啤酒,0.93,4292542727.03,7.1578744106,140.3231,451938986.11,16.78,6132.3076,5.35577621832,19.1,2.233098543232,47.8969247221,非白酒,2025-04-30,2024-03-31
600125,铁龙物流,0.168,3464867467.87,3.52959102,-14.2333,219262667.87,27.45,1330.0279,5.555981788896,3.07,0.141457121882,9.2616530452,铁路公路,2025-04-30,2024-03-31
600118,中国卫星,-0.02,330692031.09,-75.2696435592,-89.6923,-21336209.99,-142.81,-149.9262,5.343913994592,-0.34,-0.250586434724,21.6410110592,航天装备Ⅱ,2025-04-30,2024-03-31
600117,西宁特钢,-0.06,1162241100.01,-11.841670931,-28.9374,-191214844.93,22.4737558053,-106.7041,1.591123390857,-3.63,-0.123344945837,-4.5229088611,特钢Ⅱ,2025-04-30,2024-03-31
600115,中国东航,-0.04,33189000000.0,48.9631956912,17.679,-803000000.0,79.0885416667,85.5602,0.874568211386,-1.99,0.212552151092,4.5406610624,航空机场,2025-04-30,2024-03-31
600111,北方稀土,0.0144,5761706995.82,-37.5854347685,-32.7991,52052040.2,-94.35,-94.7439,5.998635992749,0.24,-0.041841044988,7.6563144587,小金属,2025-04-30,2024-03-31
600107,*ST尔雅,-0.04,129720721.33,6.8296415186,-1.0447,-13551576.48,-183.6857571935,71.5838,1.518731257028,-2.0,-0.12189178425,33.8760593986,服装家纺,2025-04-30,2024-03-31
600106,重庆路桥,0.0,28230250.69,-2.3138390878,-5.4424,3904939.67,-88.16,-91.5266,3.54050391374,0.08,0.02044251243,92.9132161029,铁路公路,2025-04-30,2024-03-31
600104,上汽集团,0.236,143071708275.23,-1.95,-35.3679,2713786027.03,-2.48,0.5506,24.99625773057,0.94,-0.392745129363,8.2612356315,乘用车,2025-04-30,2024-03-31
600098,广州发展,0.1282,10694408930.43,6.0873396385,-23.3319,447465656.13,10.71,305.8066,7.402151545138,1.7448,0.20194169001,10.653261413,电力,2025-04-30,2024-03-31
600096,云天化,0.7956,13857152945.35,-12.7682708581,-12.061,1459344889.14,-7.18,78.4589,11.035330953073,7.49,1.357898180822,19.1213397497,农化制品,2025-04-30,2024-03-31
600085,同仁堂,0.42,5267289154.73,2.4152779313,27.2442,575877577.58,10.04,107.0443,9.902296245378,4.316,-0.183573955919,42.93161156,中药Ⅱ,2025-04-30,2024-03-31
600084,*ST尼雅,0.001,37378521.03,-55.424315048,-25.5728,1104560.23,-90.59,127.6304,1.137755512895,0.0864,-0.038927110782,59.8854593044,非白酒,2025-04-30,2024-03-31
600082,ST海泰,-0.023,12003596.37,-45.8800612713,-85.8976,-14866661.07,-467.5244584492,-130.8692,2.716940447625,-0.84,0.105332970733,26.0660613999,房地产开发,2025-04-30,2024-03-31
600072,中船科技,-0.065,805799636.19,-74.8712035063,-87.4882,-97780877.72,-155.0141840195,-461.2829,7.183710903418,-0.9,-1.32787901227,16.885844458,风电设备,2025-04-30,2024-03-31
600071,凤凰光学,-0.08,394747818.37,8.645048443,-16.9563,-22421290.61,-5.2227046377,54.8782,1.474819807528,-5.26,0.086510704478,14.0481600428,光学光电子,2025-04-30,2024-03-31
600067,冠城新材,0.01,2410652876.89,23.7743368426,-38.0942,18676259.35,267.0456582412,106.1173,4.716634247915,0.28,-0.243279870189,13.2487669076,电网设备,2025-04-30,2024-03-31
600058,五矿发展,-0.13,14475860382.15,-19.6438924843,-28.7618,-107651645.05,-409.68,-638.3354,4.48341504216,-2.78,-5.471791512092,2.9009147774,贸易Ⅱ,2025-04-30,2024-03-31
600056,中国医药,0.0973,8774845924.57,-29.9730127202,-2.8005,145599951.99,-45.83,-67.9245,7.826504501791,1.34,-0.806662373204,10.2966114728,医药商业,2025-04-30,2024-03-31
600054,黄山旅游,0.035,336454018.04,-0.4327539603,-32.0185,25499904.98,-60.51,69.6023,6.183274370196,0.57,-0.032816298359,39.4714800803,旅游及景区,2025-04-30,2024-03-31
600039,四川路桥,0.2,22106017697.22,-28.4443629571,-13.2711,1756748353.24,-35.73,40.5557,5.389886706502,3.81,-0.341733977072,15.7973218651,基础建设,2025-04-30,2024-03-31
600036,招商银行,1.51,86417000000.0,-4.6548832693,9.605,38077000000.0,-1.96,16.4007,38.402815226011,4.02,-0.047898493259,,银行Ⅱ,2025-04-30,2024-03-31
600035,楚天高速,0.17,981408510.12,28.4693925677,5.3998,280757622.83,-20.77,104.2614,5.26173871869,3.37,0.232672340399,48.1006591783,铁路公路,2025-04-30,2024-03-31
600033,福建高速,0.0889,747222345.68,4.9920731153,-2.7535,243944283.54,5.35,127.3592,4.139278211347,2.17,0.13929507993,60.7957012295,铁路公路,2025-04-30,2024-03-31
600031,三一重工,0.1867,17830224000.0,-0.9515310768,-0.2921,1580100000.0,4.21,229.2131,8.189618937182,2.35,0.515841164118,26.8385334151,工程机械,2025-04-30,2024-03-31
600030,中信证券,0.32,13754570045.36,-10.3832116757,-3.5529,4958574616.76,-8.47,49.9599,17.350179013259,1.88,4.756584265784,,证券Ⅱ,2025-04-30,2024-03-31
600029,南方航空,0.04,44601000000.0,30.9675524886,10.2948,756000000.0,139.8314014752,113.6734,2.071629601015,2.03,0.539539760499,10.9324903029,航空机场,2025-04-30,2024-03-31
600027,华电国际,0.16,30951954000.0,-3.2099556551,17.0161,1862213000.0,64.21,7782.7167,3.996082545976,4.03,0.427222873567,8.4009138809,电力,2025-04-30,2024-03-31
600026,中远海能,0.2617,5993141250.7,6.4357521316,5.0766,1248404587.85,12.76,440.1436,7.489009924109,3.4884,0.30794454219,31.1881163709,航运港口,2025-04-30,2024-03-31
600022,山东钢铁,-0.0596,22829820833.43,-7.7601403407,3.3336,-637556720.33,-106.0993921791,-955.7411,1.915367457643,-3.06,0.141361320773,0.1421638841,普钢,2025-04-30,2024-03-31
600018,上港集团,0.1595,8951113976.05,17.0280824306,-11.5317,3696452941.08,4.1,100.4498,5.446583356144,2.9572,0.093506780859,40.0332553864,航运港口,2025-04-30,2024-03-31
600016,民生银行,0.31,34273000000.0,-6.798466266,-0.6954,13431000000.0,-5.63,497.9964,12.430633593714,2.5025,-2.91,,银行Ⅱ,2025-04-30,2024-03-31
600015,华夏银行,0.37,22114000000.0,-4.338798287,0.0724,5890000000.0,0.61,-29.9477,17.974677976751,2.09,1.68,,银行Ⅱ,2025-04-30,2024-03-31
600008,首创环保,0.0497,4357479023.95,0.3476187549,-39.4367,364586175.32,11.89,9.7125,2.641879789086,1.25,0.008861415193,33.7744046046,环境治理,2025-04-30,2024-03-31
600007,中国国贸,0.33,982378453.0,2.4976730906,-2.1332,336556539.0,5.33,30.9965,9.964150600471,3.41,0.537053200805,60.5287480791,房地产开发,2025-04-30,2024-03-31
600006,东风股份,0.0701,3286487650.67,24.6139302582,13.221,140115603.25,46.51,-13.9003,4.224876510325,1.67,-0.862569823265,10.4792017204,商用车,2025-04-30,2024-03-31
600004,白云机场,0.08,1663169168.77,22.3574494875,-8.7923,187599319.75,319.44,11.7765,7.516142433468,1.06,0.459266298147,25.5633545711,航空机场,2025-04-30,2024-03-31
600000,浦发银行,0.57,45328000000.0,-5.7218328168,11.5931,17421000000.0,10.04,99.8738,21.474243663123,2.68,-15.42,,银行Ⅱ,2025-04-30,2024-03-31
420280,锦州港B3,0.0,484642595.26,-43.6379801787,-10.5768,6624879.39,-14.19,120.9976,3.232645240256,0.1,0.048403926446,36.902809336,,2025-04-30,2024-03-31
420079,神州城B3,-0.0008,12000.0,-85.8815224425,-54.5455,-1404400.88,-29.53,99.9274,-4.85901444907,,-6.6940606e-05,-35.32675,,2025-04-30,2024-03-31
400292,精伦5,-0.02,29586540.1,12.2269445451,-21.9834,-9219474.23,23.2830658034,35.6605,0.335995449666,-5.46,-0.000661963339,27.1128471693,,2025-04-30,2024-03-31
400287,R东方通1,-0.1296,75697977.39,102.0051496187,-73.0568,-72937985.93,17.66,46.0264,6.370501987755,-1.96,0.190877012757,77.9834665804,,2025-04-30,2024-03-31
400286,苏药发3,0.007,425437783.19,-30.4593182671,95.4095,5059107.81,-82.03,106.1027,2.457213832424,0.29,0.009157218306,34.5798497907,,2025-04-30,2024-03-31
400284,R元成1,-0.07,28731635.26,-67.9811683311,415.9553,-22457883.7,-683.87,86.2044,3.529417576061,-1.97,-0.166619982849,-6.1554486683,,2025-04-30,2024-03-31
400280,锦州港A3,0.0,484642595.26,-43.6379801787,-10.5768,6624879.39,-14.19,120.9976,3.232645240256,0.1,0.048403926446,36.902809336,,2025-04-30,2024-03-31
400279,中程3,-0.06,22837859.71,-79.4669089739,-76.0916,-42680387.24,10.33,96.033,-0.563225764488,,-0.151570870689,56.2721207818,,2025-04-30,2024-03-31
400278,R九有1,-0.009,131360364.43,228.5871740826,-17.3805,-5532351.37,43.2793341231,89.4956,-0.011499089778,,-0.029930775896,41.2142914074,,2025-04-30,2024-03-31
400276,海越3,0.02,464650042.3,-24.8740446512,507.3064,9836130.4,-41.42,103.4423,6.149719745613,0.34,-0.014040546723,7.3005448406,,2025-04-30,2024-03-31
400274,人人乐3,-0.2994,583323794.49,-38.940610768,-7.2899,-131741870.19,-33.63,-575.5003,-1.178773495568,,-0.477713444455,28.1804414191,,2025-04-30,2024-03-31
400272,鹏博士3,-0.08,463651026.27,-50.3750368066,682.7292,-127530194.5,-451.26,33.1483,0.490294988059,-13.74,-0.041880291365,6.4847912064,,2025-04-30,2024-03-31
400271,龙宇5,0.0463,535882736.9,-70.2208851099,121.0471,17990402.29,-38.07,54.3653,9.246483975388,0.49,-0.532653062643,4.6671187366,,2025-04-30,2024-03-31
400265,富润3,-0.1,23706994.5,-19.8245764301,1135.2702,-50112733.91,-6.479088686,87.3282,1.201333771892,-7.9,-0.021029006517,3.9156286977,,2025-04-30,2024-03-31
400145,网力3,-0.0707,958961.48,-78.6543088596,-93.8011,-84404373.87,-44.97,73.9966,-3.218944981062,,-0.005774160493,-10.6492139809,,2025-04-30,2024-03-31
400082,华锐5,0.0017,379722448.11,-15.092689793,-66.5771,10139604.37,20.86,-63.9411,0.288769188966,0.58,-0.010955230672,27.5494136311,,2025-04-30,2024-03-31
400079,神州城A3,-0.0008,12000.0,-85.8815224425,-54.5455,-1404400.88,-29.53,99.9274,-4.85901444907,,-6.6940606e-05,-35.32675,,2025-04-30,2024-03-31
400059,天珑5,0.03,3613083851.43,41.6907258476,-4.2307,59082647.18,63.72,126.5658,0.838107441528,3.81,0.035831178476,8.8397875597,,2025-04-30,2024-03-31
301329,信音电子,0.1,185909410.92,0.5639710821,3.5761,17360904.21,-4.21,-8.8448,9.259707130259,1.11,0.110160400353,26.4345597659,消费电子,2025-04-30,2024-03-31
301297,富乐德,0.0778,166916083.8,22.679949378,3.293,26311916.77,38.31,-4.3978,4.287403877301,1.78,0.140932947073,39.4272816506,半导体,2025-04-30,2024-03-31
301238,瑞泰新材,0.06,556252592.79,-50.4305716491,-13.5562,42750557.95,-67.21,-25.7279,9.857058239548,0.59,-0.082156677557,16.0982109011,电池,2025-04-30,2024-03-31
301236,软通动力,-0.29,5449386077.01,29.6539061797,14.7412,-277477788.94,-557.51,-252.8073,10.788814003469,-2.66,-1.450865947563,10.6967951181,IT服务Ⅱ,2025-04-30,2024-03-31
300999,金龙鱼,0.16,57273605000.0,-6.1719628443,-9.0917,882288000.0,3.3,22.7656,17.036397242729,0.96,0.906489643632,5.1269201581,农产品加工,2025-04-30,2024-03-31
300638,广和通,0.2467,2122951636.25,17.112980575,17.8118,187879452.71,33.78,73.3626,4.343196018548,5.82,0.142412927989,21.5171404572,通信设备,2025-04-30,2024-03-31
300626,华瑞股份,0.03,160956030.23,19.9124644642,-9.1981,5166913.59,4605.3,105.1319,2.927416264833,0.99,0.086523548833,18.7184711669,电机Ⅱ,2025-04-30,2024-03-31
300472,*ST新元,-0.05,72430778.91,22.0424872451,280.7525,-14152746.41,6.97,92.666,2.19581687852,-3.02,-0.157253810118,17.4602535142,专用设备,2025-04-30,2024-03-31
300437,清水源,0.0131,285843137.73,6.3308505576,7.1709,3402793.17,-53.4,107.1756,5.947276213833,0.23,-0.053608231395,10.7724257243,环境治理,2025-04-30,2024-03-31
300400,劲拓股份,0.04,127512544.71,-10.374463209,-21.9421,10432130.79,293.67,1124.1054,3.492997701893,1.29,-0.003827652624,37.4485045755,自动化设备,2025-04-30,2024-03-31
300326,ST凯利,0.0152,246205033.77,-16.3710934123,12.0555,10876455.41,-85.48,165.4044,4.005475102084,0.37,-0.027192380771,48.5122626378,医疗器械,2025-04-30,2024-03-31
300211,*ST亿通,-0.0353,17509527.41,-57.8191495085,-50.1762,-10742833.57,-137.53,-166.8411,1.67694029365,-2.09,-0.093427948503,35.2709490975,通信服务,2025-04-30,2024-03-31
300167,ST迪威迅,-0.0249,107421722.87,107.0650735435,-59.6127,-8986154.63,82.26,91.4591,-0.097670139953,,0.028553464984,13.1222685165,IT服务Ⅱ,2025-04-30,2024-03-31
300087,ST荃银,0.0187,672962046.88,8.989162686,-73.5989,17744469.19,-43.34,-102.5058,2.043957001342,0.91,-0.668439311035,19.7442676739,种植业,2025-04-30,2024-03-31
300078,思创智联,-0.07,198888851.7,-15.4227657163,-2.8105,-67764977.31,11.61,91.1153,0.428591739876,-7.81,0.028031116124,18.7893654222,IT服务Ⅱ,2025-04-30,2024-03-31
300045,华力创通,0.002,173861840.76,91.534126904,-40.4206,1317938.52,-35.98,-87.9866,2.626678103435,0.08,0.057532537175,36.1286552158,军工电子Ⅱ,2025-04-30,2024-03-31
201872,招港B,0.41,3866684797.87,4.6865193213,-3.216,1036713969.25,21.96,145.3861,23.960548634337,1.75,0.569584711497,43.9662841604,航运港口,2025-04-30,2024-03-31
200726,鲁泰B,0.08,1382655063.47,0.3158890832,-14.5506,68241726.33,-28.74,-0.1311,11.253119311927,0.74,0.114254373548,23.5123688995,纺织制造,2025-04-30,2024-03-31
200570,苏常柴B,0.0459,836479520.73,18.9698175452,141.3219,32382777.7,35.3,166.9433,4.897301376051,0.95,-0.023916644449,15.5101183406,汽车零部件,2025-04-30,2024-03-31
200539,粤电力B,0.0241,12789410415.0,-1.9688215058,-11.9985,126281663.0,42.8,116.7888,4.183974099035,0.57,0.517973129501,11.1599018304,电力,2025-04-30,2024-03-31
200488,ST晨鸣B,0.02,6761777174.0,9.841939236,-1.8142,58196200.97,121.13,111.3444,5.640857724756,0.35,0.160000844328,12.3724245963,造纸,2025-04-30,2024-03-31
200468,宁通信B,-0.03,146027739.45,-18.2097752647,-38.5374,-5472992.17,44.91,-3858.7383,0.002307993814,-195.2,-0.62887706786,27.3328357546,通信设备,2025-04-30,2024-03-31
200429,粤高速B,0.2,1124466320.26,-2.6076208579,-5.6053,420705862.42,2.65,51.5716,4.932053180372,4.17,0.386500494102,68.3170872003,铁路公路,2025-04-30,2024-03-31
200056,*ST皇庭B,-0.07,185242609.27,-5.2994934017,16.9402,-81351440.41,20.11,86.7826,0.754500352222,-8.53,0.051720686984,60.6274744847,房地产服务,2025-04-30,2024-03-31
200037,深南电B,-0.0482,80580975.91,-27.4487214656,-40.6068,-29071219.61,6.67,-188.3157,2.374289171935,-2.01,-0.11920852841,-9.0505730511,电力,2025-04-30,2024-03-31
200016,*ST康佳B,-0.2119,2462543024.65,-46.4739944443,-17.1597,-510139620.27,-434.49,66.9472,2.132318411498,-9.47,-0.237149980134,5.1542059066,白色家电,2025-04-30,2024-03-31
003032,传智教育,-0.04,50924867.57,-63.6117956945,-42.5856,-16006587.45,-191.26,81.4313,3.325824637673,-1.19,-0.104280740022,30.8096131589,教育,2025-04-30,2024-03-31
003027,同兴科技,0.06,102552527.53,-28.4906980775,-57.5979,8424195.37,-68.75,428.6357,12.908615313736,0.5,0.064127152706,16.7422455921,环境治理,2025-04-30,2024-03-31
003004,声迅股份,-0.1367,19596876.55,-15.5051004225,-88.1786,-10599836.79,-20.28,-124.7771,8.828071580514,-1.31,-0.215086565813,39.8016019548,计算机设备,2025-04-30,2024-03-31
002998,优彩资源,0.11,525588135.65,2.1923099907,-7.8104,35494906.52,15.8,37.011,5.061814615013,2.02,-0.369763058932,10.9931016724,化学纤维,2025-04-30,2024-03-31
002995,天地在线,-0.0546,414424207.46,-16.756509978,-20.3518,-9692588.71,25.92,-259.96,5.580882202185,-0.97,0.046912841254,4.9963880312,广告营销,2025-04-30,2024-03-31
002981,朝阳科技,0.06,284857334.83,29.1561505751,-29.2198,8629867.96,256.54,-78.4882,9.459779076875,0.95,-0.518970808229,24.8942279027,消费电子,2025-04-30,2024-03-31
002961,瑞达期货,0.16,279573289.32,-27.07,152.5687,72364658.93,32.25,12.612,5.890876696569,2.69,-0.354939300129,,多元金融,2025-04-30,2024-03-31
002959,小熊电器,0.9615,1193849343.62,-4.5841855598,-14.3412,150796555.64,-8.53,16.2624,17.89797418478,5.36,0.823890305572,38.5130438608,小家电,2025-04-30,2024-03-31
002940,昂利康,0.14,407993014.11,-3.8901962396,-7.0387,28218693.81,-40.05,-1.2593,7.943823825789,1.77,0.799383458095,39.7390516045,化学制药,2025-04-30,2024-03-31
002938,鹏鼎控股,0.22,6686545684.69,0.2930617309,-42.4085,497266035.17,18.81,-65.5311,12.974339116657,1.66,0.857889062031,20.3743866213,元件,2025-04-30,2024-03-31
002936,郑州银行,0.11,3400099000.0,2.4662609523,6.6037,967445000.0,-18.57,207.4309,4.807932300722,2.25,-0.01,,银行Ⅱ,2025-04-30,2024-03-31
002933,新兴装备,-0.05,91603851.4,107.6980243261,-42.728,-5674240.53,52.33,-1065.1344,12.565518709928,-0.38,-0.125802977248,24.3368483195,航空装备Ⅱ,2025-04-30,2024-03-31
002932,*ST明德,0.14,60963422.3,-83.629684092,-50.6804,32052081.48,-57.52,145.5454,25.999821408098,0.53,0.196490171335,40.2767540332,医疗器械,2025-04-30,2024-03-31
002929,润建股份,0.46,2138565885.69,-6.7518245963,3.0919,127477634.3,-8.71,233.3627,21.568886236031,2.13,-5.116742424554,17.0698055787,通信服务,2025-04-30,2024-03-31
002905,金逸影视,0.05,368298488.63,-3.2139584325,57.159,17946942.0,-12.18,124.6429,0.463442773597,10.89,0.247746075813,22.5971365344,影视院线,2025-04-30,2024-03-31
002901,大博医疗,0.15,427279900.69,9.1741651098,4.8067,61721780.54,6.05,259.327,7.531820962368,2.0,0.127191083238,68.1382917825,医疗器械,2025-04-30,2024-03-31
002886,沃特股份,0.021,363989897.19,5.9140221866,-15.248,5444695.62,5.96,157.393,6.586888290096,0.31,0.009139169107,18.8483885541,塑料,2025-04-30,2024-03-31
002884,凌霄泵业,0.26,324787387.89,20.3720959904,-12.3934,94554935.34,22.42,-8.916,6.518179332331,4.14,0.145433813986,36.4635008303,通用设备,2025-04-30,2024-03-31
002863,今飞凯达,0.04,947251088.18,1.6742209885,-23.3954,25440443.79,2.16,57.5542,4.445941456041,0.95,0.035486420355,15.5087787571,汽车零部件,2025-04-30,2024-03-31
002862,实丰文化,0.0348,66095360.56,23.2579760557,-29.4151,4175021.4,39.13,107.8107,3.4390468495,0.96,-0.243373542417,41.0562178799,文娱用品,2025-04-30,2024-03-31
002860,星帅尔,0.17,464186185.61,-19.3003002576,-21.8676,52820520.25,17.21,156.9418,5.318301091617,3.08,-0.402294849588,20.226408017,家电零部件Ⅱ,2025-04-30,2024-03-31
002858,力盛体育,0.0735,104876484.3,13.4178215297,-19.039,11564982.33,15.07,105.8924,3.514889244034,1.98,0.277107174484,35.1495119674,体育Ⅱ,2025-04-30,2024-03-31
002848,高斯贝尔,-0.0953,41690864.97,-8.3156484306,-39.2253,-15928331.33,20.69,73.5936,0.735466837392,-12.17,-0.12141434155,3.467061216,黑色家电,2025-04-30,2024-03-31
002840,华统股份,-0.26,1996427252.33,0.518000125,-17.3143,-157297084.34,-50.41,36.2086,3.116414700551,-7.89,0.032911369691,-0.0212803797,食品加工,2025-04-30,2024-03-31
002839,张家港行,0.25,1282147542.38,7.5860032016,26.9473,544849690.84,7.08,40.1057,6.973331456891,3.15,0.801923171624,,银行Ⅱ,2025-04-30,2024-03-31
002829,星网宇达,-0.06,45071564.59,-63.4050160212,-42.6161,-12441023.74,-158.84,79.1158,9.219658396627,-0.65,-0.483542044784,39.0746320662,航天装备Ⅱ,2025-04-30,2024-03-31
002824,和胜股份,0.06,710209287.53,33.7440205859,-22.4713,17056203.21,-30.64,-53.851,6.048309194454,1.01,0.465392826148,12.0695490703,工业金属,2025-04-30,2024-03-31
002822,ST中装,-0.12,461142866.49,-32.2923311136,-63.115,-87978120.27,-470.21,85.5898,3.502981249968,-3.18,-0.317861466493,3.8271813298,房地产服务,2025-04-30,2024-03-31
002819,东方中科,-0.0948,653527795.8,3.3040680249,-23.9527,-28348354.5,15.18,-222.6819,14.006008726087,-0.95,-0.410962728434,20.1525795102,通用设备,2025-04-30,2024-03-31
002812,恩捷股份,0.16,2327574815.97,-9.3787793566,-21.0676,158141200.24,-75.64,-57.6174,27.536068618397,0.59,0.466203613929,18.8706565472,电池,2025-04-30,2024-03-31
002798,帝欧水华,-0.12,564121831.18,-7.4998254347,-44.4891,-44632764.2,44.43,92.4724,4.786045267714,-2.07,-0.138934290489,22.6808819918,家居用品,2025-04-30,2024-03-31
002789,*ST建艺,0.0371,851122452.21,1.8854416376,-67.5983,5921697.83,-43.24,101.0002,0.233499801539,17.19,-1.153635052853,16.8367064349,装修装饰Ⅱ,2025-04-30,2024-03-31
002775,文科股份,-0.0471,108388716.66,-61.9117027939,-50.2061,-28890349.21,-724.54,76.5474,0.282803892803,-9.71,-0.217738887995,17.1914582386,基础建设,2025-04-30,2024-03-31
002763,汇洁股份,0.23,765847257.44,4.1472919257,-0.8551,95781414.18,-8.09,427.6039,5.158290207599,4.63,0.004177265615,69.0757584128,服装家纺,2025-04-30,2024-03-31
002756,永兴材料,0.88,2300216008.45,-31.0690352256,-7.4378,468256875.45,-49.7,32.1876,24.578932346474,3.56,-0.322184580126,18.9077528698,能源金属,2025-04-30,2024-03-31
002749,国光股份,0.16,366074383.57,9.2462291366,-28.4044,67756313.0,24.24,-14.4555,3.750602882424,3.94,-0.015610618058,43.8313729672,农化制品,2025-04-30,2024-03-31
002736,国信证券,0.09,3362365524.96,-19.24,-31.0187,1228850032.08,-30.51,-20.9046,8.650612631088,1.12,0.950215619655,,证券Ⅱ,2025-04-30,2024-03-31
002732,燕塘乳业,0.1,379049415.17,-11.5513515899,-19.1878,16158906.6,-42.91,-56.8001,8.971949597204,1.15,-0.123551143629,24.3111305708,饮料乳品,2025-04-30,2024-03-31
002731,*ST萃华,0.24,1182362816.67,-33.950634345,-6.9112,60200897.41,65.28,-25.0159,6.154006836693,3.89,-0.187229361678,7.8798786605,饰品,2025-04-30,2024-03-31
002730,电光科技,0.06,252167738.79,-11.5501536326,-37.9275,22334098.95,13.29,-38.7368,4.371629788902,1.42,-0.164330268034,43.1041549254,专用设备,2025-04-30,2024-03-31
002725,跃岭股份,0.0086,156751718.06,12.5123997839,4.5107,2206169.85,118.14,112.9588,3.776147492578,0.23,0.062159380078,12.7864057045,汽车零部件,2025-04-30,2024-03-31
002723,小崧股份,0.0062,371499566.76,-10.9000381319,-0.7086,1968847.43,-66.34,110.842,3.900229680411,0.16,0.126760255681,14.9971356645,照明设备Ⅱ,2025-04-30,2024-03-31
002717,*ST岭南,-0.05,305229669.75,-39.0855541101,-37.2658,-90161322.13,-78.45,89.8302,1.127010834174,-4.38,-0.190860171585,5.3583098764,基础建设,2025-04-30,2024-03-31
002712,思美传媒,0.0071,1329791446.96,9.8706636853,-6.4134,3858560.61,112.31,102.9685,2.609940432596,0.27,-0.218561842273,4.0370156525,广告营销,2025-04-30,2024-03-31
002682,龙洲股份,0.01,603257898.13,-16.3061066052,-32.2402,4157947.23,110.73,101.7839,2.691625622981,0.11,0.020080586524,3.7046026947,物流,2025-04-30,2024-03-31
002678,珠江钢琴,-0.01,213344138.2,-42.8781023261,-5.4752,-19687705.72,-164.07,-3199.8903,2.701931600417,-0.53,-0.129852280775,16.0500317791,文娱用品,2025-04-30,2024-03-31
002675,东诚药业,0.078,647229057.46,-23.9002129488,-6.24,64327510.75,28.38,184.5572,6.072831299976,1.34,-0.200484715986,43.7941514728,化学制药,2025-04-30,2024-03-31
002671,龙泉股份,-0.0148,131203078.44,-31.5638547512,-69.004,-8297021.02,7.31,-133.3991,2.827441250026,-0.52,-0.068558063618,23.5289176573,水泥,2025-04-30,2024-03-31
002667,*ST威领,-0.068,107363412.31,-65.7647197513,3.2426,-15743812.65,-1875.47,89.4376,2.723253401933,-2.36,-0.423560058217,2.0107226881,专用设备,2025-04-30,2024-03-31
002666,德联集团,0.03,978861113.06,-2.6267765007,-41.5957,22067444.45,-25.05,399.1649,4.516116066585,0.65,0.22900243762,14.7913977058,化学制品,2025-04-30,2024-03-31
002663,普邦股份,-0.0082,342118999.1,-7.4631599342,-35.9639,-14654613.41,1.13,-134.2471,1.659157711135,-0.49,-0.101573785682,5.9247668803,基础建设,2025-04-30,2024-03-31
002656,摩登大道,-0.0754,63173640.27,-30.1884754103,-15.4622,-53718014.28,-0.31,-58.4632,0.448335187378,-15.55,-0.002466442436,73.0468584093,服装家纺,2025-04-30,2024-03-31
002647,仁东控股,-0.052,372573732.56,-19.6996463706,-19.5166,-29101524.6,7.6,66.0962,0.056033935285,-63.37,0.05308266228,20.0777108429,多元金融,2025-04-30,2024-03-31
002645,华宏科技,-0.0479,1209427249.71,-31.4423956822,-20.1953,-27725877.35,53.08,-394.9073,6.115427203654,-0.75,0.300608299318,0.408722853,环保设备Ⅱ,2025-04-30,2024-03-31
002640,跨境通,-0.0112,1276360999.18,-19.5534558746,-19.7266,-17408333.6,-1516.29,-453.9881,0.854111257954,-1.3,-0.090557946489,12.534184962,互联网电商,2025-04-30,2024-03-31
002639,雪人集团,0.0113,342629334.64,-11.895189945,-42.5616,8768992.23,60.76,125.3795,3.153210733273,0.36,-0.168713068901,26.7787854961,通用设备,2025-04-30,2024-03-31
002638,勤上股份,-0.0039,115262683.44,29.6110459165,37.1541,-5638169.08,-104.34,95.332,1.737944824175,-0.22,-0.006453439762,13.2163495985,照明设备Ⅱ,2025-04-30,2024-03-31
002633,申科股份,0.005,69416192.99,13.1235438373,16.258,745396.73,112.93,106.5151,2.754800851,0.18,0.017183974333,23.8225869321,通用设备,2025-04-30,2024-03-31
002631,德尔未来,-0.0327,255260613.03,-2.3801974999,-65.1413,-21512730.42,-23.94,-174.3025,2.566698010646,-1.2,-0.101108279452,20.4251883952,家居用品,2025-04-30,2024-03-31
002630,*ST华西,0.0394,820463804.25,419.3287646657,79.058,46558126.67,135.39,153.4166,0.505034685349,5.96,-0.281041979497,17.6636900701,其他电源设备Ⅱ,2025-04-30,2024-03-31
002629,仁智股份,-0.018,36687940.79,12.406808346,-30.9609,-7778112.6,37.79,54.1035,0.101546182531,-16.78,-0.007646392266,6.8744835106,油服工程,2025-04-30,2024-03-31
002628,成都路桥,0.005,162400115.55,-14.3817241411,-47.8965,3562550.78,-14.31,133.1014,3.94800484686,0.12,-0.05248525472,7.657075808,基础建设,2025-04-30,2024-03-31
002616,长青集团,0.0755,993649730.58,4.9566036031,-3.6012,55993847.24,247.78,21.5925,3.469798957882,2.09,0.302275099976,20.0162081042,电力,2025-04-30,2024-03-31
002605,姚记科技,0.3695,981625837.24,-17.3810006173,425.5883,150839071.52,-23.94,3036.8113,8.18993946709,4.46,0.087827143452,37.8016634437,游戏Ⅱ,2025-04-30,2024-03-31
002599,盛通股份,-0.015,483353632.52,-18.8985305119,-19.2104,-8085552.03,66.84,-130.5967,2.687752842096,-0.56,-0.14044913314,14.7654418997,包装印刷,2025-04-30,2024-03-31
002597,金禾实业,0.24,1213451757.31,-12.2977273283,-0.3554,129171599.75,-47.34,-8.1399,12.714088610051,1.8,0.01529253464,21.056771903,化学制品,2025-04-30,2024-03-31
002596,海南瑞泽,-0.0144,351661269.16,-2.2498804148,-27.9814,-16511232.42,36.72,95.9013,0.849156645094,-1.68,0.034661722054,19.9939033002,水泥,2025-04-30,2024-03-31
002589,瑞康医药,0.0101,2018758765.18,-2.6178571944,4.6366,15168972.69,-28.31,1282.0502,3.630573981917,0.28,-0.035943488041,12.0437316481,医药商业,2025-04-30,2024-03-31
002586,ST围海,-0.0545,308752325.44,46.1153503994,-64.6095,-62321614.87,-419.73,-24.4865,2.635218702494,-2.05,-0.150580113322,5.7526080863,基础建设,2025-04-30,2024-03-31
002573,清新环境,0.0841,2146169957.46,4.4410802678,-18.5366,118076415.15,0.62,187.5314,4.550349898229,1.83,-0.092494319419,19.3926159041,环境治理,2025-04-30,2024-03-31
002558,巨人网络,0.19,696402216.01,37.211100418,6.0104,352409048.46,43.97,21671.6805,6.115657241033,2.97,0.134937800435,86.8457964659,游戏Ⅱ,2025-04-30,2024-03-31
002555,三七互娱,0.28,4750141063.6,26.174871114,5.4671,616151756.28,-20.45,32.1459,5.971909332855,4.76,0.527589224081,81.7194701944,游戏Ⅱ,2025-04-30,2024-03-31
002553,南方精工,-0.0419,164006414.28,23.111553841,-9.9148,-14575437.41,46.21,-169.4931,3.34239872908,-1.25,0.051113572069,33.9852721094,汽车零部件,2025-04-30,2024-03-31
002548,金新农,-0.06,1050632449.52,-3.5515114175,22.2981,-52055103.26,47.45,85.1868,1.779903098342,-3.58,-0.175927352256,6.9741696959,饲料,2025-04-30,2024-03-31
002547,*ST春兴,-0.0414,470539191.09,-20.5028964435,-6.3471,-46671017.96,-557.98,77.5624,0.17412241625,-21.23,0.05416333344,6.5592227139,汽车零部件,2025-04-30,2024-03-31
002546,新联电子,-0.02,158906086.12,40.3141202524,-5.3266,-16703422.82,-119.78,67.0361,3.768298065885,-0.53,0.021455569625,35.2394154291,电网设备,2025-04-30,2024-03-31
002545,东方铁塔,0.1349,896420220.37,13.8534824061,-31.1333,167777790.26,-0.96,33.6043,7.044772447912,1.94,0.165070512795,31.7447807293,农化制品,2025-04-30,2024-03-31
002541,鸿路钢构,0.2945,4427021699.83,-11.7719465805,-32.6266,203176365.95,1.12,-29.9444,13.198736457474,2.19,0.122043503235,10.5923172619,专业工程,2025-04-30,2024-03-31
002538,ST司特,0.09,808374451.81,-8.5081635204,-7.958,77053293.84,-18.8,833.528,6.233744100255,0.71,0.02879000237,22.4209830437,农化制品,2025-04-30,2024-03-31
002528,*ST英飞,-0.0354,268029824.1,-21.0233406337,-34.5708,-42409334.1,12.45,89.2934,0.304417800945,-10.95,0.034682453956,23.9933457092,计算机设备,2025-04-30,2024-03-31
002520,日发精机,-0.04,457684536.83,22.5241043136,-28.229,-30785561.8,7.33,96.3705,1.52390616244,-1.23,0.117645638401,12.1121417831,通用设备,2025-04-30,2024-03-31
002516,旷达科技,0.0208,433493032.38,37.8293268037,-21.0484,30610728.1,-7.63,-37.9684,2.494747273998,0.84,0.013274734652,22.8503381003,汽车零部件,2025-04-30,2024-03-31
002514,*ST宝馨,-0.0533,121552291.01,-41.931972515,89.1404,-38382142.63,-475.53,77.3429,1.266389470363,-4.13,0.034510825043,16.5196288553,通用设备,2025-04-30,2024-03-31
002510,天汽模,0.0257,449226843.22,-2.8204391495,-60.4835,24196596.33,700.6,683.2303,2.205963608497,1.14,0.0656354569,18.0985219399,汽车零部件,2025-04-30,2024-03-31
002493,荣盛石化,0.06,81088312171.89,16.3048030665,-5.7817,552356783.62,137.63,-47.4218,4.400112242126,1.24,0.407808087369,14.0572407065,炼化及贸易,2025-04-30,2024-03-31
002491,通鼎互联,-0.0222,779010791.95,4.7537892046,-0.7556,-27257216.7,-122.87,-189.0906,1.982542271124,-1.11,-0.068004867428,20.3974515118,通信设备,2025-04-30,2024-03-31
002489,浙江永强,0.12,2273956692.16,-6.7041672707,30.9593,257077662.79,-36.64,929.1342,1.777511272867,6.84,0.246044469353,24.121676846,家居用品,2025-04-30,2024-03-31
002480,新筑股份,-0.0947,462882673.9,30.5511196598,-64.3854,-72806984.82,9.11,44.2804,1.754027002049,-5.25,-0.215466662182,29.8054041789,电力,2025-04-30,2024-03-31
002471,中超控股,-0.0207,1026938489.21,-3.0396350904,-45.0795,-26309319.27,40.4,-14828.1432,1.212292254405,-1.59,-0.163050353433,9.7201531162,电网设备,2025-04-30,2024-03-31
002467,二六三,0.02,257979355.5,23.2257844078,12.0944,27348128.72,37.89,107.8899,1.328628185291,1.49,0.030136995479,40.6876665951,通信服务,2025-04-30,2024-03-31
002466,天齐锂业,-2.38,2584634945.21,-77.4241557745,-63.6187,-3896784834.74,-179.93,-386.3693,29.135754467421,-7.85,1.915870765971,48.391203856,能源金属,2025-04-30,2024-03-31
002460,赣锋锂业,-0.22,5057894510.44,-46.410559369,-30.6161,-438901866.58,-118.31,58.7125,23.784975210012,-0.93,0.058922066993,5.9727995556,能源金属,2025-04-30,2024-03-31
002459,晶澳科技,-0.15,15971496835.21,-22.0153858581,-25.9724,-482832185.16,-118.7,-275.7899,10.322824248567,-1.38,-1.068124384712,4.5822895751,光伏设备,2025-04-30,2024-03-31
002455,百川股份,0.06,1178260156.42,52.2375097964,27.3497,35811766.47,174.75,108.8706,2.832480172061,1.9,0.160297799004,10.6047170355,化学制品,2025-04-30,2024-03-31
002453,华软科技,-0.0303,126944021.88,-1.9111701536,-17.0962,-24593709.34,-14.25,92.3227,1.526190171339,-1.97,-0.007746422755,8.1559335813,化学制品,2025-04-30,2024-03-31
002445,中南文化,-0.01,180007247.91,43.7000501111,1.911,-19595795.94,-131.96,-7929.9112,0.893103281155,-0.91,0.008383253903,23.2405855185,通用设备,2025-04-30,2024-03-31
002444,巨星科技,0.3461,3306076731.31,29.381558401,42.5171,413430234.37,36.7,122.9604,12.691380481297,2.76,0.140030970402,31.3819404572,通用设备,2025-04-30,2024-03-31
002441,众业达,0.25,2302305877.66,-9.5800609941,-22.3897,136265870.21,-19.21,1566.4714,8.621632519628,2.95,0.08526688385,15.5260987182,电网设备,2025-04-30,2024-03-31
002428,云南锗业,-0.018,130646765.98,-10.3157383543,-34.9968,-11495332.48,-21.21,-197.1043,2.150904332542,-0.82,-0.091206999326,14.1841200132,小金属,2025-04-30,2024-03-31
002424,ST百灵,0.04,1332744270.05,22.087975466,-8.2913,51695103.14,-44.0,131.427,2.465577931243,1.47,-0.180459331335,63.8406543799,中药Ⅱ,2025-04-30,2024-03-31
002423,中粮资本,0.4078,2575180211.17,12.75,25.8089,939571113.41,67.27,720.9296,8.80833876995,5.1,1.434103927087,4.7342702452,多元金融,2025-04-30,2024-03-31
002422,科伦药业,0.67,6219417413.0,10.3151601845,8.9056,1026188176.0,26.0,108.2427,13.898920603679,4.9,0.798432420911,55.8379233036,化学制药,2025-04-30,2024-03-31
002421,达实智能,0.0018,589979389.73,-4.516550599,-46.6115,3835624.1,-79.22,-55.0891,1.611439342567,0.11,-0.095687447881,25.9284492887,IT服务Ⅱ,2025-04-30,2024-03-31
002409,雅克科技,0.5167,1618200158.07,51.0871809285,35.2972,245896563.91,42.21,148.6817,14.82536148694,3.58,-0.473841415859,30.4973325864,半导体,2025-04-30,2024-03-31
002408,齐翔腾达,0.01,5479652158.91,-10.7868267979,-18.0225,32101763.0,140.55,105.6002,4.108894468838,0.27,0.124885537517,8.5531749866,炼化及贸易,2025-04-30,2024-03-31
002406,远东传动,0.03,315143112.49,6.2780150357,-16.4727,25431095.91,48.53,-20.6812,5.486412374096,0.64,-0.068392880827,24.7449316769,汽车零部件,2025-04-30,2024-03-31
002403,爱仕达,0.06,683575024.56,16.1717078183,4.6149,20512013.3,152.68,108.7786,4.987664169654,1.22,-0.031756362746,31.2802738862,小家电,2025-04-30,2024-03-31
002401,中远海科,0.1492,430370895.15,2.3491015328,-2.1599,55094905.99,3.18,1330.4252,4.473637516679,3.38,-0.683353686978,22.0284731306,IT服务Ⅱ,2025-04-30,2024-03-31
002392,北京利尔,0.07,1510240928.11,22.4745182685,-4.3684,84684475.89,5.55,-10.9806,4.465483573973,1.54,-0.126184881184,15.8685414644,装修建材,2025-04-30,2024-03-31
002390,信邦制药,0.03,1582449461.55,-1.4128273924,-3.3698,58824843.56,11.11,44.6828,3.536193774139,0.86,0.001310452526,17.3937508418,医药商业,2025-04-30,2024-03-31
002387,维信诺,-0.4551,1796777127.67,133.6935255175,-0.5533,-630343194.05,17.68,46.9156,5.27972631625,-8.04,0.685366403247,-12.5158653117,光学光电子,2025-04-30,2024-03-31
002385,大北农,-0.05,6706917768.69,-13.7630990946,-29.0926,-209459753.17,32.16,83.4483,1.839546083216,-2.77,-0.202537597991,11.8934049572,饲料,2025-04-30,2024-03-31
002384,东山精密,0.17,7744804604.28,18.9385327693,-30.5433,289348487.81,-38.65,-54.2052,10.745729226026,1.57,0.911086991693,13.6037981012,元件,2025-04-30,2024-03-31
002379,宏桥控股,-0.0189,809706030.19,28.981721241,19.0869,-21532356.0,39.75,66.3781,1.766451114442,-1.07,-0.018843743613,1.4752072103,工业金属,2025-04-30,2024-03-31
002374,中锐股份,-0.0417,165874935.79,11.5834885192,-28.2911,-45203466.89,-206.58,62.319,1.056174430307,-3.86,0.004677515175,17.6718511271,包装印刷,2025-04-30,2024-03-31
002370,亚太药业,-0.0049,112712517.95,-8.7970653222,-5.1126,-2998386.71,-14.49,77.1766,0.719854950456,-0.52,0.012619999455,32.6817315769,化学制药,2025-04-30,2024-03-31
002367,康力电梯,0.0674,765416363.3,-16.0377994876,-49.9572,53770074.62,-38.49,265.542,4.385745190521,1.55,-0.381251279236,28.4520356216,专用设备,2025-04-30,2024-03-31
002362,汉王科技,-0.0621,339271711.32,10.0750001726,-28.9636,-15186585.7,49.23,66.1834,5.064688091917,-1.22,-0.410767507524,43.0780960845,软件开发,2025-04-30,2024-03-31
002355,兴民智通,0.0113,209258053.74,11.5085073079,10.2253,7012978.95,176.4,104.57,1.729944685631,0.66,0.03284249289,12.7010287561,汽车零部件,2025-04-30,2024-03-31
002349,精华制药,0.0873,367129069.92,-11.8236848328,-6.3666,71080090.21,-18.92,35.7839,3.091013890724,2.87,0.03797676721,50.7574461893,中药Ⅱ,2025-04-30,2024-03-31
002347,泰尔股份,0.0031,245729731.42,-12.2921034725,-18.5465,1584714.72,-40.62,104.1661,2.366524681612,0.13,-0.159704796853,16.9242487548,通用设备,2025-04-30,2024-03-31
002343,慈文传媒,-0.0089,4047230.11,-98.2992045241,-77.9736,-4219995.12,-133.72,-217.5933,2.026950896921,-0.44,-0.121988344824,73.3995619043,影视院线,2025-04-30,2024-03-31
002340,格林美,0.09,8354162360.57,36.3143761075,-18.8946,456098177.39,164.48,17.8949,3.738331823613,2.37,0.069379386274,13.2884529878,电池,2025-04-30,2024-03-31
002330,得利斯,0.0212,783551901.37,-0.5133190173,0.6714,13473805.05,-39.45,121.6563,3.732404404913,0.57,0.089805317536,10.3877018112,食品加工,2025-04-30,2024-03-31
002329,皇氏集团,0.0062,479590062.08,-41.7795853139,-25.8041,5164539.65,5.84,104.8014,2.021770694376,0.31,-0.079045076894,23.368931419,饮料乳品,2025-04-30,2024-03-31
002328,新朋股份,0.064,1410716600.77,10.5572221888,-5.3934,48726272.76,-9.97,4580.843,4.264311918914,1.49,0.240665157858,9.8108516852,汽车零部件,2025-04-30,2024-03-31
002321,华英农业,0.0005,741662532.89,22.6400503853,-29.2381,1116864.63,-76.71,102.3342,0.463176797854,0.11,-0.000462405125,10.3179268045,养殖业,2025-04-30,2024-03-31
002320,海峡股份,0.0764,1389194246.17,17.0364466315,51.6392,170314946.54,8.05,165.2028,2.000139873277,3.9,0.239681381033,51.8004541679,航运港口,2025-04-30,2024-03-31
002315,焦点科技,0.2424,384246060.36,11.0320548206,-4.3885,76726553.95,57.92,-5.5052,7.017720535678,3.5,-0.155075203939,79.0305240433,互联网电商,2025-04-30,2024-03-31
002307,北新路桥,0.0047,1559989642.36,-9.5688673088,-29.8894,5931717.14,-18.66,-43.4531,2.712961335314,0.17,-0.739626744499,19.7898333942,基础建设,2025-04-30,2024-03-31
002300,太阳电缆,0.0387,2802763187.57,26.2983121398,-27.0309,27980048.8,-18.59,59.7068,2.668060429716,1.46,-0.230099416669,3.7438821901,电网设备,2025-04-30,2024-03-31
002291,遥望科技,-0.1013,1580616226.52,43.4363983418,18.5422,-94238573.18,-147.77,84.2955,4.686317494947,-2.15,0.187040023887,8.1488597604,广告营销,2025-04-30,2024-03-31
002289,宇顺电子,-0.0322,23604175.92,-11.1810538083,-18.7435,-9018145.8,-10.45,-176.1835,0.852466175714,-3.7,-0.218992681785,6.6200502203,光学光电子,2025-04-30,2024-03-31
002286,保龄宝,0.06,551221292.75,-9.6753308201,-1.3736,23168151.36,35.89,190.2939,5.274856343915,1.17,-0.038954433008,9.9790627636,农产品加工,2025-04-30,2024-03-31
002279,久其软件,-0.1375,720696290.41,73.3774308694,-53.7643,-118948820.27,-45.1570564522,-93.3145,1.698003702338,-7.47,-0.474537398432,10.0408880111,软件开发,2025-04-30,2024-03-31
002274,华昌化工,0.2546,1976257608.35,-3.2305445535,-10.9072,242515475.25,18.0,-6.8142,6.019053855775,4.33,0.028065579158,21.860965722,化学原料,2025-04-30,2024-03-31
002263,大东南,-0.0047,311273795.28,-3.6473478682,-9.0336,-8917189.28,-226.83,-135.76,1.452233172526,-0.33,0.000278495726,6.5610809454,塑料,2025-04-30,2024-03-31
002246,北化股份,-0.0203,296775535.84,-23.913272726,-56.2246,-11121640.79,-225.3,-125.2104,5.227692112679,-0.39,-0.223589726829,22.2966506194,化学制品,2025-04-30,2024-03-31
002244,滨江集团,0.21,13701341078.3,35.8455255427,-43.0297,659941352.5,17.84,1066.8108,8.32800874107,2.58,-0.764102277483,12.0815858703,房地产开发,2025-04-30,2024-03-31
002242,九阳股份,0.17,2065327130.9,9.1500467597,-27.0619,129962893.25,7.06,409.0147,4.698156997068,3.67,0.408478023707,26.0024084347,小家电,2025-04-30,2024-03-31
002235,安妮股份,0.0058,70090062.74,-7.3181383799,-26.1811,3352475.21,-37.3,101.2511,1.252041205925,0.46,-0.021831554233,20.6655894199,造纸,2025-04-30,2024-03-31
002227,*ST特迅,-0.0589,52842060.73,-4.5935126945,-24.1394,-14598690.13,-26.1,0.8994,4.206734925365,-1.39,-0.091182174197,24.9419131804,其他电源设备Ⅱ,2025-04-30,2024-03-31
002225,濮耐股份,0.06,1298571081.04,6.5936949352,-8.6783,65256262.98,48.66,62.9446,3.343974957592,1.9,-0.008068837649,19.7017081726,装修建材,2025-04-30,2024-03-31
002221,东华能源,0.0354,7112866512.39,-0.6631002814,5.0041,55752510.72,7.53,64.0414,6.780959836025,0.52,-0.138582679668,4.9392743969,炼化及贸易,2025-04-30,2024-03-31
002218,拓日新能,0.0018,283472465.38,19.247102691,-14.7238,2538060.88,-79.03,106.8682,2.976038722498,0.06,0.002875226127,23.86699596,电力,2025-04-30,2024-03-31
002217,ST合力泰,-0.1239,336550919.81,-81.7451256213,-30.5623,-386089733.04,12.72,95.5613,-2.217422501847,,-0.000569285684,-29.5825858079,光学光电子,2025-04-30,2024-03-31
002214,*ST大立,-0.1297,30196702.32,-25.7829266102,-59.7213,-77068194.87,-66.95,39.7289,3.138064476843,-4.01,-0.083230541838,31.3906966382,军工电子Ⅱ,2025-04-30,2024-03-31
002208,合肥城建,-0.0738,397119445.0,-60.594923709,-89.3269,-59281474.89,-303.2,-22.2714,8.133630717105,-0.9,-1.023882746737,16.1308299446,房地产开发,2025-04-30,2024-03-31
002206,海利得,0.06,1380851228.6,2.2082280886,1.496,74718810.19,11.07,-3.0094,3.230801177416,2.01,0.11074768079,15.033557807,化学纤维,2025-04-30,2024-03-31
002205,国统股份,-0.1122,53085388.74,37.1471304064,-58.1952,-20856782.74,60.49,84.3686,3.25596444246,-3.39,-0.181922400207,41.7133908512,水泥,2025-04-30,2024-03-31
002201,九鼎新材,0.0136,273813752.28,-17.3999072299,-43.0397,8889745.44,6.69,-34.4502,1.669223837276,0.82,0.003747349528,25.9731574429,玻璃玻纤,2025-04-30,2024-03-31
002197,证通电子,0.0,236259257.21,-21.7286333336,-5.7284,2739564.1,-82.11,102.8475,4.060374086032,0.11,0.024438015733,33.1106373709,计算机设备,2025-04-30,2024-03-31
002193,ST如意,-0.12,90187806.29,27.2443306724,19.9931,-30343579.45,4.69,94.5993,4.639691811893,-2.47,-0.005558219525,11.7126071744,服装家纺,2025-04-30,2024-03-31
002188,中天服务,0.02,86081060.06,17.3887891658,-4.841,6708312.71,-16.66,955.0774,0.474062458293,4.96,-0.138068076287,24.8017780974,房地产服务,2025-04-30,2024-03-31
002186,全聚德,0.0499,357946698.78,11.986354379,4.562,15307127.61,66.85,230.7533,2.672020781836,1.88,0.076877037434,19.3815655254,酒店餐饮,2025-04-30,2024-03-31
002185,华天科技,0.0178,3106029786.01,38.723982004,-3.8328,57034044.42,153.62,-60.2415,4.959870725566,0.36,0.172839240848,8.5199178218,半导体,2025-04-30,2024-03-31
002181,粤传媒,-0.0115,110636374.49,8.8208448188,-39.0329,-13382753.08,-48.5,-560.5368,3.652940864675,-0.32,-0.044127846293,26.26433878,出版,2025-04-30,2024-03-31
002180,奔图科技,0.1965,6291993266.32,-3.4866315223,2.8689,277902855.05,31.34,104.3439,6.795352443783,2.9,0.138952315191,31.1004694241,计算机设备,2025-04-30,2024-03-31
002172,澳洋健康,0.04,581691001.68,6.9540552307,5.7578,30739368.29,-15.39,206.9519,0.162741697804,28.14,-0.276879781024,13.7632494639,医疗服务,2025-04-30,2024-03-31
002160,常铝股份,-0.0261,1592988842.88,1.1191925025,-14.3144,-26964984.67,-1058.89,-168.1859,3.472807411795,-0.75,0.019852405055,9.2779608351,工业金属,2025-04-30,2024-03-31
002159,三特索道,0.19,141533972.82,-11.3698365755,1.1694,33791653.9,17.67,634.1747,7.272470153621,2.65,0.234796115539,61.8635506271,旅游及景区,2025-04-30,2024-03-31
002156,通富微电,0.065,5282023999.11,13.7929985908,-16.9832,98492388.55,2064.01,-57.7476,9.245456949999,0.7,0.520921249964,12.1381028094,半导体,2025-04-30,2024-03-31
002154,报喜鸟,0.17,1352909154.08,4.8380017996,-14.707,250232447.93,-2.09,75.3109,3.146441076269,5.6,0.012008634819,67.7964245799,服装家纺,2025-04-30,2024-03-31
002153,石基信息,0.0042,631294308.93,12.5561811414,-29.1439,11389735.65,10.96,109.5679,2.696778543489,0.15,-0.053210920917,49.3260926711,软件开发,2025-04-30,2024-03-31
002145,钛能化学,0.0341,1442006320.7,16.994788933,6.6394,131664773.69,25.99,54.9908,3.0942798733,1.11,-0.039901227109,17.565348185,化学原料,2025-04-30,2024-03-31
002144,宏达高科,0.1,120997467.59,0.7024185478,-19.9003,17877888.35,3.8,54.0758,11.32877047555,0.89,0.108257459466,30.5165683013,纺织制造,2025-04-30,2024-03-31
002140,东华科技,0.1726,1825481985.97,109.9974452464,14.3378,121729827.7,69.89,47.0759,5.840430082675,2.99,0.200541822473,9.1953265214,专业工程,2025-04-30,2024-03-31
002135,东南网架,0.08,3006987657.55,-5.7020674359,-5.3018,89237326.61,-37.6,63.2697,5.604159855778,1.39,0.37400979553,7.6679552176,专业工程,2025-04-30,2024-03-31
002133,广宇集团,0.0043,1342549712.13,-20.1912852246,-24.3791,3367456.76,-95.97,102.8073,5.123034312349,0.08,-0.29817877263,5.9754060541,房地产开发,2025-04-30,2024-03-31
002126,银轮股份,0.24,2969367795.11,16.2158153792,-1.8616,191504960.6,50.85,13.6224,6.940484008992,3.45,-0.776030642041,20.7496078123,汽车零部件,2025-04-30,2024-03-31
002125,湘潭电化,0.08,359704613.62,-22.5141170497,-36.8554,48562556.94,20.07,-57.2846,4.500548451612,1.73,0.00371308024,29.3105715934,电池,2025-04-30,2024-03-31
002114,罗平锌电,-0.09,398567867.77,14.2628021658,2.787,-29525964.37,-326.62,68.8923,3.09178918775,-2.9,-0.256946829806,0.4229409911,工业金属,2025-04-30,2024-03-31
002100,天康生物,0.04,3776851559.41,-2.9297607581,-12.569,54063760.85,478.5380747972,106.2943,4.69643332803,0.84,-0.24453418708,12.3864290415,养殖业,2025-04-30,2024-03-31
002096,易普力,0.1087,1775834657.02,4.4641738966,-17.1347,134781668.64,4.2,-15.923,5.746706135618,1.91,-0.200313709384,21.2767863019,化学制品,2025-04-30,2024-03-31
002094,青岛金王,0.0133,331433693.21,-58.0199186407,75.333,9217774.06,-54.43,128.7835,2.094606790666,0.64,-0.122340771569,17.6299045321,家居用品,2025-04-30,2024-03-31
002093,国脉科技,0.0585,115056599.2,11.246234009,-46.4557,58645031.11,36.9,271.9536,3.578847809677,1.61,-0.045346216467,64.7111888477,教育,2025-04-30,2024-03-31
002091,江苏国泰,0.13,8095532343.82,-0.5814363577,-7.5783,213021086.2,-31.93,-47.2037,9.231968804179,1.39,-1.100259034555,15.3960268325,贸易Ⅱ,2025-04-30,2024-03-31
002090,金智科技,0.0476,402180923.28,3.7582191517,-10.1065,19075097.92,108.86,-48.6949,3.662791518506,1.3,-0.472004602917,24.195950175,电网设备,2025-04-30,2024-03-31
002082,ST万邦,0.0466,429172675.52,11.4071763981,-18.1014,28838483.33,5.49,-48.6608,4.359211414949,1.08,0.164357325735,36.1717134489,化学制药,2025-04-30,2024-03-31
002078,太阳纸业,0.34,10184934449.35,3.874596542,-1.5169,956100372.56,69.04,0.7373,9.675389183048,3.6,0.209746417875,17.9925045793,造纸,2025-04-30,2024-03-31
002076,星光股份,0.0005,30417260.02,-0.1541755772,-35.4181,567044.44,31.06,109.4139,0.289472057497,0.18,-0.000280712411,41.0378516401,照明设备Ⅱ,2025-04-30,2024-03-31
002067,景兴纸业,0.02,1265318360.73,-0.7019859767,-8.1932,21604006.71,103.8,-47.6796,4.593386542169,0.39,-0.10533497111,8.3771321305,造纸,2025-04-30,2024-03-31
002066,瑞泰科技,0.0971,1136321320.76,6.5163415576,-11.2066,22420700.72,1.38,-7.9913,3.051276238442,3.23,-0.227638525238,17.1282435808,装修建材,2025-04-30,2024-03-31
002065,东华软件,0.0221,3210004505.34,14.9042651616,-21.5199,70756091.25,-48.63,171.0336,3.603669265647,0.61,-0.42992941,21.2344231273,IT服务Ⅱ,2025-04-30,2024-03-31
002062,宏润建设,0.11,1775501650.83,13.9773200734,-6.1958,118611316.08,-19.0,66.4086,4.033283667492,2.7,-0.122657762685,16.7021205951,基础建设,2025-04-30,2024-03-31
002054,德美化工,0.0369,679885047.14,-4.7636795097,-6.6197,17718598.47,449.8,394.9084,5.123682998051,0.71,0.326540051116,22.5558924196,化学制品,2025-04-30,2024-03-31
002050,三花智控,0.17,6439558590.31,13.3973555557,15.3624,647742424.05,7.73,-14.9232,4.889140370022,3.58,0.028885170449,27.0518011961,家电零部件Ⅱ,2025-04-30,2024-03-31
002047,宝鹰股份,-0.05,775547466.06,15.7008574608,-54.1373,-72552561.93,16.02,89.4552,0.014409227557,-117.03,-0.15979271194,7.4518767902,装修装饰Ⅱ,2025-04-30,2024-03-31
002046,国机精工,0.1631,636442027.56,3.0390927574,-14.0821,85523701.41,14.88,378.7801,6.349151080644,2.58,-0.269373884667,36.2594451194,通用设备,2025-04-30,2024-03-31
002044,美年健康,-0.07,1801337075.22,-14.9073596258,-51.0001,-286618131.63,-66.67,-202.3543,1.896816389191,-3.79,-0.138848586584,28.0410825197,医疗服务,2025-04-30,2024-03-31
002034,旺能环境,0.42,786404663.64,-9.0833642978,1.1574,181384417.2,10.69,109.4758,14.961458378036,2.79,0.581488211127,40.3945335293,环境治理,2025-04-30,2024-03-31
002031,巨轮智能,-0.0064,158978326.31,-22.7257402887,-39.9308,-14137350.18,-356.07,19.9965,1.0980400776,-0.58,-0.108534903895,18.5356160767,专用设备,2025-04-30,2024-03-31
002030,达安基因,-0.26,198307676.45,-41.8517509777,-41.4263,-363290638.81,-1093.65,-46.5267,6.068753313359,-4.18,-0.063984412106,55.8356936767,医疗器械,2025-04-30,2024-03-31
002024,ST易购,-0.0106,12579798000.0,-20.6790311841,-9.9551,-96871000.0,3.75,93.4645,1.221583733415,-0.85,0.151118582964,22.1106888998,互联网电商,2025-04-30,2024-03-31
002022,科华生物,-0.0568,443303887.87,-46.7916803674,-15.3762,-28821454.12,-152.63,86.5359,7.62962984042,-0.7,-0.279228827895,42.0492283579,医疗器械,2025-04-30,2024-03-31
002019,亿帆医药,0.1201,1325969392.93,41.2812069963,16.5354,146099164.96,125.55,120.9336,6.857521083502,1.72,0.14750086662,47.3662892257,化学制药,2025-04-30,2024-03-31
002010,传化智联,0.0616,6400886875.67,-22.1837803858,-18.7116,170145720.07,-3.48,94.1457,6.317564501877,0.97,-0.122167388379,13.0964542236,物流,2025-04-30,2024-03-31
001979,招商蛇口,0.01,23747478779.97,58.2236109114,-76.0559,332380304.87,22.22,-86.9672,10.88741516349,0.1,-1.171109474206,14.5018713679,房地产开发,2025-04-30,2024-03-31
001896,豫能控股,0.004,3433492698.4,10.6823514682,7.2088,6128928.03,101.46,-74.2837,2.117994785885,0.19,0.840931007302,8.648672434,电力,2025-04-30,2024-03-31
001872,招商港口,0.41,3866684797.87,4.6865193213,-3.216,1036713969.25,21.96,145.3861,23.960548634337,1.75,0.569584711497,43.9662841604,航运港口,2025-04-30,2024-03-31
001400,江顺科技,0.7024,275248967.15,25.7445761284,-1.4012,31609809.77,-4.6538901206,-20.8588,,5.63,,32.0543983702,专用设备,2025-04-30,2024-03-31
001389,广合科技,0.3818,784357516.96,49.5341926046,9.3755,145086124.36,134.44,16.2067,6.227981170921,7.76,0.464800607317,34.450950111,元件,2025-04-30,2024-03-31
001378,德冠新材,0.196,366104083.2,33.8259366548,6.4917,26129920.14,-21.56,30.0729,14.324467142341,1.38,-0.236444450686,14.3476967836,塑料,2025-04-30,2024-03-31
001336,楚环科技,0.11,93374661.6,2.5888694585,-46.7063,9102183.78,-24.88,-21.4505,9.640774565,1.17,0.141938781688,27.4178041144,环保设备Ⅱ,2025-04-30,2024-03-31
001333,光华股份,0.21,356335396.53,18.4385819088,-3.9373,26498838.16,8.1,95.9406,12.55482562125,1.66,-0.514157843672,14.8701730914,塑料,2025-04-30,2024-03-31
001316,润贝航科,0.2466,196458825.74,21.0606234603,-11.5443,20274496.98,-19.62,44.2735,14.284430874801,1.75,0.039836677046,27.318083353,炼化及贸易,2025-04-30,2024-03-31
001311,多利科技,0.63,780410297.23,-5.5258011146,-33.0971,114929425.83,7.83,4.8312,23.954115194415,2.65,0.610138788642,23.1537712113,汽车零部件,2025-04-30,2024-03-31
001309,德明利,1.33,810869692.86,168.523809712,1.4019,195492337.08,546.49,43.5438,11.583843044721,15.95,-0.724718409717,37.2858610751,半导体,2025-04-30,2024-03-31
001296,长江材料,0.188,192998122.1,8.8348431864,-45.3194,28115657.14,51.3,-35.8966,16.11902752203,1.65,0.589390995722,27.060035938,非金属材料Ⅱ,2025-04-30,2024-03-31
001278,一彬科技,0.1527,476295433.22,16.9093074264,-26.9042,18894194.12,0.12,-49.7617,10.593452588792,1.45,0.497391730042,22.0205700884,汽车零部件,2025-04-30,2024-03-31
001228,永泰运,0.33,670648160.17,39.5067146973,9.3712,34546140.85,-9.21,323.8025,16.88364893474,1.94,-3.423558086855,12.6034675826,物流,2025-04-30,2024-03-31
001218,丽臣实业,0.26,838351240.61,16.4653998847,-4.2411,32498857.74,-15.93,13.824,16.583080086131,1.51,0.594658826979,12.0055672306,化学制品,2025-04-30,2024-03-31
001209,洪兴股份,0.49,419947071.7,20.6243276924,-25.6514,64704123.78,111.47,524.8944,9.882798550167,5.04,-0.228276541954,34.5627700635,服装家纺,2025-04-30,2024-03-31
001207,联科科技,0.28,520106556.0,12.3335294797,5.4502,55145925.84,214.55,0.29,8.768828665509,3.13,0.140974186854,17.2896258743,橡胶,2025-04-30,2024-03-31
000993,闽东电力,-0.05,86052018.25,-59.680566834,-20.4493,-20960580.1,-197.53,75.866,5.323650263039,-0.86,-0.081357452375,18.1221610104,电力,2025-04-30,2024-03-31
000987,越秀资本,0.0931,3027697091.44,-21.92,177.2247,467233189.55,-34.41,36.1269,5.804397526672,1.62,0.400773411619,5.0474061213,多元金融,2025-04-30,2024-03-31
000980,众泰汽车,-0.03,113287396.7,-30.4157842277,-43.9781,-126516082.41,33.81,74.6145,0.272497280522,,-0.005833167528,10.5538396753,汽车零部件,2025-04-30,2024-03-31
000977,浪潮信息,0.2057,17661624883.15,85.899382863,-0.9209,302836926.84,64.39,-69.2359,12.421154563148,1.66,-2.382173387016,8.1267962748,计算机设备,2025-04-30,2024-03-31
000951,中国重汽,0.23,11426630084.51,24.0188759243,1.0651,274032048.36,22.36,-35.5081,12.767268410464,1.84,2.506662309833,7.7876891454,商用车,2025-04-30,2024-03-31
000932,华菱钢铁,0.0567,37048248754.01,-7.1339129074,-16.1685,391534073.51,-43.13,-59.7846,7.759473784184,0.73,0.026575861379,5.8636642496,普钢,2025-04-30,2024-03-31
000931,中关村,0.0154,606418745.97,3.0620194585,1.4334,11631055.35,22.88,57.0465,2.053913292872,0.75,0.100546333832,61.9093263055,化学制药,2025-04-30,2024-03-31
000925,众合科技,-0.05,252532214.98,-26.8535897242,-74.0776,-26766681.48,0.83,-131.4948,4.83865832815,-0.97,-0.576536448165,26.6514125437,轨交设备Ⅱ,2025-04-30,2024-03-31
000912,泸天化,0.02,1287943525.81,-41.0964390234,7.4544,33401138.82,-80.73,138.754,4.100862026301,0.52,0.0077236047,8.115328752,农化制品,2025-04-30,2024-03-31
000905,厦门港务,0.1043,6331945081.84,4.9029611749,7.1245,77374446.09,0.71,585.2454,6.677520289738,1.57,-0.997514790807,2.5394952491,航运港口,2025-04-30,2024-03-31
000903,ST云动,-0.005,1740573333.15,3.0517837971,72.9136,-8676243.7,82.81,99.0565,1.497641785493,-0.29,-0.244996625394,10.9072390197,汽车零部件,2025-04-30,2024-03-31
000901,航天科技,0.0094,1646601019.71,7.7006629494,-21.2012,7481235.73,282.18,104.4067,5.21414114793,0.18,-0.009437454662,17.9441749873,汽车零部件,2025-04-30,2024-03-31
000898,鞍钢股份,-0.176,27831000000.0,-9.7685125146,-6.4045,-1656000000.0,-1012.08,-45.0963,5.653132992327,-3.07,0.074914748508,-3.3667493083,普钢,2025-04-30,2024-03-31
000895,双汇发展,0.3671,14307929362.72,-8.9174191008,4.0403,1271715274.34,-14.54,75.2834,6.382976335395,5.92,0.417420782235,19.3787241278,食品加工,2025-04-30,2024-03-31
000889,中嘉博创,-0.0066,363688244.25,2.2100460652,-1.4172,-6226320.21,9.19,93.7612,0.138335812747,-4.69,-0.092398955134,9.5956209836,通信服务,2025-04-30,2024-03-31
000888,峨眉山A,0.1412,253497799.59,6.6423768984,13.9195,74417768.12,6.08,321.6006,4.867500198164,2.94,0.088930003035,51.3827684543,旅游及景区,2025-04-30,2024-03-31
000886,海南高速,0.035,18476777.07,-11.4993693496,-70.8702,34416694.94,3418.41,-21.5288,3.121321440244,1.12,-0.239082343163,46.361572787,铁路公路,2025-04-30,2024-03-31
000880,潍柴重机,0.07,878424002.91,0.4281062656,-8.6742,23880441.97,12.09,-24.8367,5.937232788091,1.22,0.190372306069,12.2412234017,通用设备,2025-04-30,2024-03-31
000876,新希望,-0.43,23908453072.71,-29.4871860505,-31.6031,-1934417731.62,-14.75,-147.1039,4.282243326783,-8.63,0.029003471206,-2.9332278552,饲料,2025-04-30,2024-03-31
000859,国风新材,-0.03,495015341.33,-5.1868073465,-17.3526,-24694790.16,-356.08,-101.3512,3.165733635316,-0.87,-0.139532931693,3.3249236793,塑料,2025-04-30,2024-03-31
000850,华茂股份,-0.021,794034958.22,4.8777906331,-30.3306,-19860725.34,-140.75,-334.9999,4.566550400143,-0.46,-0.123813940387,11.8342320105,纺织制造,2025-04-30,2024-03-31
000838,*ST发展,-0.0078,383831199.39,-79.8484134712,-45.3841,-8573749.74,-73.45,97.2012,0.610739552301,-1.27,-0.002093095722,6.6053544397,房地产开发,2025-04-30,2024-03-31
000837,秦川机床,0.0252,980971659.88,-2.623066518,5.251,25495179.8,-56.12,176.6702,4.745471829852,0.53,-0.116713649916,16.5978712158,通用设备,2025-04-30,2024-03-31
000829,天音控股,0.0155,26169862278.84,14.7193687687,2.554,15930781.56,-73.61,135.2538,2.94488437295,0.53,-0.793155967825,2.6591826828,专业连锁Ⅱ,2025-04-30,2024-03-31
000811,冰轮环境,0.16,1635346970.92,4.4627337986,-14.8221,120855565.98,13.78,36.5603,7.2918560923,2.26,-0.498662289464,23.6556961702,通用设备,2025-04-30,2024-03-31
000801,四川九洲,0.0357,885249870.87,-4.1631369667,-11.7679,36492017.76,-8.47,-38.3877,2.930531727607,1.23,0.010865437875,20.9849763499,黑色家电,2025-04-30,2024-03-31
000800,一汽解放,0.0378,19020185491.25,35.4939378385,20.2729,175243814.25,174.0,-51.7157,5.31717384131,0.65,0.252214009438,5.3410498673,商用车,2025-04-30,2024-03-31
000797,中国武夷,0.0312,897446088.41,45.4146142822,-82.4173,49068029.1,151.48,96.196,3.301627762907,0.96,-0.163081265228,20.6664253447,房地产开发,2025-04-30,2024-03-31
000793,*ST华闻,-0.0173,87718998.55,-26.9717169799,-31.6481,-34464866.53,-56.98,96.4541,0.460888848896,-3.68,-0.006618331034,18.6147750201,出版,2025-04-30,2024-03-31
000791,甘肃能源,0.1175,2218262794.47,523.1305582296,-30.7696,364484786.37,221.02,236.6971,5.468292904947,2.85,0.4209625833,34.7489852249,电力,2025-04-30,2024-03-31
000785,居然智家,0.06,3136687198.95,-3.3801759062,-16.7607,349125033.99,-22.88,133.8507,3.225373986094,1.74,0.050670853643,36.7294002375,一般零售,2025-04-30,2024-03-31
000776,广发证券,0.17,4949345961.54,-23.59,-6.3666,1538328759.88,-28.67,31.7298,15.153353791681,1.16,-1.556441403055,,证券Ⅱ,2025-04-30,2024-03-31
000768,中航西飞,0.0984,8455007581.63,6.4507819211,-28.8798,272476715.96,15.67,375.7873,7.135654282916,1.6,-3.285401478915,7.090994999,航空装备Ⅱ,2025-04-30,2024-03-31
000737,北方铜业,0.133,5533539296.54,113.6598961807,134.9782,235905456.61,23.01,137.4939,2.907761193047,4.65,0.244793409737,8.5222850765,工业金属,2025-04-30,2024-03-31
000726,鲁泰A,0.08,1382655063.47,0.3158890832,-14.5506,68241726.33,-28.74,-0.1311,11.253119311927,0.74,0.114254373548,23.5123688995,纺织制造,2025-04-30,2024-03-31
000722,湖南发展,0.06,84954395.71,44.8151780872,80.7477,25759297.06,571.42,486.8297,6.61179482147,0.83,0.082602803412,54.9865376001,电力,2025-04-30,2024-03-31
000718,苏宁环球,0.0299,454797549.91,4.8880895331,-29.8594,90817591.76,-28.38,145.2606,3.123772347389,0.96,0.001684334715,58.894764768,房地产开发,2025-04-30,2024-03-31
000716,黑芝麻,0.004,459069539.65,-25.7031140046,-39.1679,3197882.52,-69.12,421.8084,3.348088028932,0.13,0.085404588239,20.3169936217,休闲食品,2025-04-30,2024-03-31
000713,国投丰乐,-0.0224,580162902.85,-5.6344908484,-51.4598,-13731834.52,-271.43,-120.9654,3.159069872106,-0.71,-0.321789824525,12.1044524727,种植业,2025-04-30,2024-03-31
000712,锦龙股份,-0.113,24442544.39,-87.75,-30.7067,-101036648.65,-3965.21,17.2269,2.660248104453,-4.18,0.223928272143,,证券Ⅱ,2025-04-30,2024-03-31
000707,双环科技,0.3564,832130461.53,-26.0161302801,-11.6391,165441946.23,-26.5,2.8013,4.893294844476,7.58,0.233356415694,24.160547798,化学原料,2025-04-30,2024-03-31
000700,模塑科技,0.157,1809847349.85,2.3845075286,-30.4729,144411457.3,116.66,300.5462,3.977838181142,4.06,0.163937541509,17.1931841382,汽车零部件,2025-04-30,2024-03-31
000697,炼石航空,-0.0853,424278335.94,16.8241394742,-10.2157,-74435849.86,15.41,-1229.5245,0.397386199484,-19.21,-0.110153058076,9.5320665102,航空装备Ⅱ,2025-04-30,2024-03-31
000695,滨海能源,-0.0027,112486378.84,17.4910503309,-42.2551,-599496.32,97.46,92.2968,0.824274114736,-0.33,0.45291711996,11.4335612121,电池,2025-04-30,2024-03-31
000692,惠天热电,-0.3007,1194215327.28,10.1624823117,37.761,-160241400.15,37.7,-110.6587,0.029044414436,-169.72,-1.373780545163,-6.4447391012,电力,2025-04-30,2024-03-31
000685,中山公用,0.13,902656913.99,3.1901957509,-57.9625,187802342.36,-35.08,35.2856,11.273988231604,1.14,-0.258984743322,24.9875564685,环境治理,2025-04-30,2024-03-31
000680,山推股份,0.1599,3209053581.96,35.2875301808,-19.9705,239947751.61,22.81,-26.0985,3.853221086596,3.79,-0.082799541506,19.4902886894,工程机械,2025-04-30,2024-03-31
000679,大连友谊,-0.0355,38993786.38,-6.0634755516,-0.4479,-12639147.42,-43.56,46.0485,0.896468101543,-3.88,-0.008948537458,23.5806097166,一般零售,2025-04-30,2024-03-31
000670,盈方微,-0.004,970218416.49,55.8736635254,-12.5504,-3276270.44,68.39,86.848,0.044603906197,-8.73,0.11092837422,7.0004239701,其他电子Ⅱ,2025-04-30,2024-03-31
000669,ST金鸿,0.0082,392280451.31,14.1132487132,12.2171,5551221.6,156.86,102.6881,0.388291530393,2.11,0.139458523594,13.297230098,燃气Ⅱ,2025-04-30,2024-03-31
000665,湖北广电,-0.09,451143419.42,-8.093400946,-9.4223,-100574100.54,-4.58,65.8975,4.482325570835,-1.93,-0.130904503934,4.3767468104,电视广播Ⅱ,2025-04-30,2024-03-31
000663,永安林业,-0.03,56696993.11,-58.9143331533,-79.1048,-8947059.87,-116.51,-116.6159,3.246383204439,-0.81,-0.031534785166,8.3211576156,林业Ⅱ,2025-04-30,2024-03-31
000659,珠海中富,-0.0075,235820275.72,-15.5017827329,29.1896,-9651351.09,59.42,90.7592,0.24728558194,-3.0,0.004618597909,15.7312131184,包装印刷,2025-04-30,2024-03-31
000628,高新发展,0.098,1156524789.21,27.2550363207,-66.9775,34497946.45,9.68,-69.2176,6.054218017571,1.63,-3.683654401925,10.4869794259,房屋建设Ⅱ,2025-04-30,2024-03-31
000623,吉林敖东,0.1277,861336047.6,9.3533919116,-21.3606,143665579.44,-70.43,-22.5963,22.981736093879,0.52,-0.010274251081,38.5630482476,中药Ⅱ,2025-04-30,2024-03-31
000617,中油资本,0.14,9701139108.17,6.04,-9.9892,1728026223.71,-21.07,608.5509,8.039365290815,1.71,-1.092779420455,-19.2129959694,多元金融,2025-04-30,2024-03-31
000607,华媒控股,-0.0102,297505125.1,-11.429365088,-44.4247,-10420842.91,-386.25,-125.991,1.607464413902,-0.63,-0.114042280041,18.5317608802,广告营销,2025-04-30,2024-03-31
000603,盛达资源,-0.0128,263277619.24,-6.2653553909,-64.8989,-8778349.46,-153.98,-162.4478,4.483490442588,-0.28,-0.016414014442,15.824609741,贵金属,2025-04-30,2024-03-31
000599,青岛双星,-0.03,1180623058.62,9.8724807081,-0.2828,-21601923.79,78.6,-352.6186,2.587080046663,-1.02,0.147998081275,8.9517560544,汽车零部件,2025-04-30,2024-03-31
000592,平潭发展,-0.0004,602851432.78,131.7313271368,75.7616,-802349.47,73.88,99.7554,1.065859614746,-0.04,-0.017237719566,2.5953144721,林业Ⅱ,2025-04-30,2024-03-31
000591,太阳能,0.0897,1410503282.93,-17.3899172938,-54.4461,350698365.27,-9.83,171.583,5.965297894433,1.52,-0.01773953897,43.9246516699,电力,2025-04-30,2024-03-31
000586,汇源通信,-0.01,60263577.18,-41.6712299275,-59.5467,-1999726.46,-139.3896946872,-457.0413,1.712253331059,-0.6,0.10069395456,29.4577006058,通信设备,2025-04-30,2024-03-31
000573,粤宏远A,-0.0284,109446552.37,20.50545188,36.5144,-18158807.89,-315.95,-113.5112,2.588829879045,-1.09,-0.041532903904,8.5785320932,房地产开发,2025-04-30,2024-03-31
000571,新大洲A,-0.0201,205112941.21,-32.6890004506,-49.389,-16740138.12,14.7,65.2088,0.425947299668,-4.66,-0.02588490732,34.0340784146,煤炭开采,2025-04-30,2024-03-31
000570,苏常柴A,0.0459,836479520.73,18.9698175452,141.3219,32382777.7,35.3,166.9433,4.897301376051,0.95,-0.023916644449,15.5101183406,汽车零部件,2025-04-30,2024-03-31
000566,海南海药,-0.0122,363023438.22,-26.6663535746,60.6804,-15842321.07,-439.2563148193,80.6665,1.577530795375,-0.77,0.016956646012,38.9639638321,化学制药,2025-04-30,2024-03-31
000561,烽火电子,-0.096,296560734.22,23.2529278957,-80.1013,-57850544.96,-206.4383088642,-181.2179,3.037325561499,-2.16,-0.740566022586,34.5958974474,航空装备Ⅱ,2025-04-30,2024-03-31
000560,我爱我家,0.0108,2752745220.69,-12.5967141637,-8.8225,25378707.81,-50.97,103.2522,4.033653765999,0.27,0.414546875589,8.5323592058,房地产服务,2025-04-30,2024-03-31
000547,航天发展,-0.11,433050400.17,-20.170499882,44.9951,-175204535.79,-52.02,87.4878,4.183218806153,-2.45,-0.207280045657,17.5353874538,军工电子Ⅱ,2025-04-30,2024-03-31
000546,金圆股份,0.0296,944161665.59,22.5692536457,-27.5573,23070341.96,255.11,103.829,5.329965327214,0.55,-0.074776498881,3.8811533952,环境治理,2025-04-30,2024-03-31
000539,粤电力A,0.0241,12789410415.0,-1.9688215058,-11.9985,126281663.0,42.8,116.7888,4.183974099035,0.57,0.517973129501,11.1599018304,电力,2025-04-30,2024-03-31
000533,顺钠股份,0.0203,452795597.38,12.4078156064,-16.1665,14020757.51,35.87,-13.141,1.142706501065,1.79,0.060865499265,22.1792972991,电网设备,2025-04-30,2024-03-31
000531,穗恒运A,0.0302,1106366984.18,14.8194970442,-14.4773,31401651.3,-56.18,2004.5844,6.328396472927,0.48,0.175706666534,11.3005252152,电力,2025-04-30,2024-03-31
000518,四环生物,-0.0029,56398850.85,-1.0780462834,1.6499,-2967209.29,84.35,90.7137,0.464996214058,-0.62,0.005257532182,71.5449002628,生物制品,2025-04-30,2024-03-31
000509,华塑控股,0.0003,229860130.28,70.5347383001,-13.0098,307173.01,107.7,101.7943,0.138255809354,0.21,0.000727270952,4.950287658,光学光电子,2025-04-30,2024-03-31
000507,珠海港,0.047,1338325462.46,6.2937965376,-4.3728,57144813.69,-6.19,15.6935,5.583684032299,0.96,0.484632400633,25.175139462,电力,2025-04-30,2024-03-31
000501,武商集团,0.18,1956019373.24,-4.7919723505,12.4232,138606060.91,5.12,53.0381,14.518765112423,1.25,0.747885659156,46.475826416,一般零售,2025-04-30,2024-03-31
000488,ST晨鸣,0.02,6761777174.0,9.841939236,-1.8142,58196200.97,121.13,111.3444,5.640857724756,0.35,0.160000844328,12.3724245963,造纸,2025-04-30,2024-03-31
000429,粤高速A,0.2,1124466320.26,-2.6076208579,-5.6053,420705862.42,2.65,51.5716,4.932053180372,4.17,0.386500494102,68.3170872003,铁路公路,2025-04-30,2024-03-31
000417,合百集团,0.1349,2001806934.69,1.6813650084,28.3831,105202043.73,8.9,5257.2861,6.027115761802,2.26,-0.060586511203,27.7115526431,一般零售,2025-04-30,2024-03-31
000415,渤海租赁,0.0629,8566160000.0,31.584699655,-18.2205,388706000.0,58.21,-10.1108,4.911450862565,1.3,0.909435185037,42.4177928033,多元金融,2025-04-30,2024-03-31
000401,金隅冀东,-0.41,3340720156.82,-35.5607294805,-43.2886,-1090162484.95,-38.68,6.5848,10.272052223208,-3.87,-0.317569416425,-2.2524395926,水泥,2025-04-30,2024-03-31
000338,潍柴动力,0.3,56380162567.06,5.5133646057,5.2351,2599658963.24,40.07,3.4401,9.491873592144,3.21,0.184701527457,21.6741330347,汽车零部件,2025-04-30,2024-03-31
000333,美的集团,1.31,106483190000.0,10.1897711524,30.9271,9000007000.0,11.91,49.9388,24.749530293437,5.37,1.998472547974,26.5750740903,白色家电,2025-04-30,2024-03-31
000166,申万宏源,0.06,5680365003.03,-1.4700352517,8.8648,1387612479.52,-31.0,435.8778,4.075735608056,1.37,-0.502365660729,,证券Ⅱ,2025-04-30,2024-03-31
000158,常山北明,-0.09,900818361.24,-30.4764701553,-79.8023,-137917119.89,-60.39,-485.1297,3.580466955368,-2.19,-0.968171694759,6.8917540573,IT服务Ⅱ,2025-04-30,2024-03-31
000157,中联重科,0.11,11773145944.65,12.9263598867,1.8375,915819266.53,13.06,40.6885,6.591306413446,1.62,0.035380357624,28.4680962397,工程机械,2025-04-30,2024-03-31
000156,华数传媒,0.06,2045111314.76,-3.8988886249,-32.7128,111452191.16,-27.82,-29.4603,8.053780202015,0.75,-0.242680926394,30.6233688709,电视广播Ⅱ,2025-04-30,2024-03-31
000155,川能动力,0.28,1003093278.09,7.8451570801,16.0885,415718640.2,50.45,77.9929,5.288824470719,5.47,0.061352102713,70.3111441643,电力,2025-04-30,2024-03-31
000096,广聚能源,0.013,525895325.48,2.2256892975,-19.0837,6871176.35,-31.59,-75.4077,5.147847745076,0.25,-0.036303502557,7.1467930117,炼化及贸易,2025-04-30,2024-03-31
000060,中金岭南,0.06,18022947939.86,7.3339930876,40.8236,239349144.22,-25.23,947.8915,3.409793635837,1.8,0.085413399584,4.6483529178,工业金属,2025-04-30,2024-03-31
000056,*ST皇庭,-0.07,185242609.27,-5.2994934017,16.9402,-81351440.41,20.11,86.7826,0.754500352222,-8.53,0.051720686984,60.6274744847,房地产服务,2025-04-30,2024-03-31
000037,深南电A,-0.0482,80580975.91,-27.4487214656,-40.6068,-29071219.61,6.67,-188.3157,2.374289171935,-2.01,-0.11920852841,-9.0505730511,电力,2025-04-30,2024-03-31
000036,华联控股,0.0138,104871644.97,-38.0606735536,-30.2418,20432428.16,-31.23,-34.5226,3.465086736494,0.4,-0.221436308713,41.8748823884,房地产开发,2025-04-30,2024-03-31
000031,大悦城,-0.02,3867446379.18,-36.4480925404,-75.9561,-93763064.3,-154.71,90.2601,3.203478359065,-0.68,-0.33422171672,40.9518259735,房地产开发,2025-04-30,2024-03-31
000027,深圳能源,0.2074,9609694719.03,18.7443706048,-13.8161,1105080780.0,74.29,212.6012,6.322792222125,3.33,0.458322282659,24.0039572862,电力,2025-04-30,2024-03-31
000021,深科技,0.078,3126379017.67,-20.5247227121,-5.0669,121793821.59,20.57,-38.5129,7.054919782144,1.1,0.289817055215,16.5999594328,消费电子,2025-04-30,2024-03-31
000016,*ST康佳A,-0.2119,2462543024.65,-46.4739944443,-17.1597,-510139620.27,-434.49,66.9472,2.132318411498,-9.47,-0.237149980134,5.1542059066,白色家电,2025-04-30,2024-03-31
000009,中国宝安,0.0274,5000063408.45,-39.2618384132,-19.2207,70773244.88,-70.43,-9.1932,3.894476147302,0.71,0.36652770525,26.5045076747,综合Ⅱ,2025-04-30,2024-03-31
000007,全新好,0.0018,43283050.18,-12.6146447546,-31.3911,640801.15,375.97,-97.4493,0.364847772037,0.51,0.076460153662,22.8270632705,一般零售,2025-04-30,2024-03-31
000002,万科A,-0.0305,61594149065.84,-10.0474013347,-64.8897,-361967511.52,-125.04,75.1872,21.007406720073,-0.14,-0.789678053171,10.8215793851,房地产开发,2025-04-30,2024-03-31
920978,开特股份,0.14,161847088.49,23.4772214645,-17.3364,28341011.88,22.95,-18.4795,3.478660294837,4.48,0.172380680866,31.1302936742,汽车零部件,2025-04-29,2024-03-31
920974,凯大催化,0.05,284309844.38,-47.8243836357,2.344,9931547.83,24.6,-38.3477,3.86682043315,1.31,-0.433146715751,4.1455092368,化学制品,2025-04-29,2024-03-31
920950,迅安科技,0.19,50608237.4,-1.0420854625,-0.0971,11628208.75,13.38,-14.4417,6.029517904681,4.72,0.078011038936,39.6974109989,通用设备,2025-04-29,2024-03-31
920946,森萱医药,0.0817,137674996.19,-21.3970999643,-4.708,34861755.22,-23.21,11.7201,2.74416030342,3.02,0.046457713248,43.8272370654,化学制药,2025-04-29,2024-03-31
920932,科达自控,0.08,66759467.06,7.1228383843,-58.9378,6411807.78,20.52,-80.7329,8.782493718685,0.93,0.525003606884,47.1574338838,软件开发,2025-04-29,2024-03-31
920925,锦好医疗,0.01,36133021.41,-39.1359643634,6.8726,867778.34,-92.26,111.693,3.694894938489,0.24,0.059504095899,48.6530827038,医疗器械,2025-04-29,2024-03-31
920906,舜宇精工,-0.01,118570311.6,-30.1643610274,-50.3266,-570668.98,-103.25,-105.6318,8.321141035555,-0.11,-0.574133917962,16.1611044885,汽车零部件,2025-04-29,2024-03-31
920895,花溪科技,0.04,15830778.83,-3.1862897014,22.148,2019820.67,21.62,172.448,3.860559914019,0.93,0.029623581134,36.6974009452,专用设备,2025-04-29,2024-03-31
920885,星辰科技,0.0318,24923688.36,-28.9802698881,-43.442,5437108.5,-16.02,11.8877,2.196448094603,1.46,0.001557020204,44.3143049314,自动化设备,2025-04-29,2024-03-31
920832,齐鲁华信,0.03,113653207.9,4.6978118213,31.0416,4042607.26,167.32,336.954,5.441307997222,0.53,0.220100859038,17.5185064794,非金属材料Ⅱ,2025-04-29,2024-03-31
920808,曙光数创,-0.04,11831202.16,-94.22186654,-97.0607,-7301765.13,-111.82,-109.0752,3.365109842574,-1.08,0.105181037524,10.5989193071,计算机设备,2025-04-29,2024-03-31
920802,保丽洁,0.0594,44416671.25,48.6436864162,-17.8116,3749122.82,455.44,-51.9988,6.6266239114,0.9,-0.19550981052,32.0529732403,环境治理,2025-04-29,2024-03-31
920792,东和新材,0.1,166806527.34,2.8373606708,-6.2779,16962514.08,-3.74,86.825,5.743451634529,1.8,-0.032837695844,29.3913716278,装修建材,2025-04-29,2024-03-31
920753,天纺标,0.02,33991989.13,15.328420567,8.3778,1796660.38,301.59,-90.3312,4.962526977299,0.42,0.015118931947,35.8909461089,专业服务,2025-04-29,2024-03-31
920725,惠丰钻石,0.02,61912516.0,-43.0756585177,-46.4289,2157299.76,-87.72,-89.2379,6.965666326396,0.34,-0.161535380054,19.5035886443,通用设备,2025-04-29,2024-03-31
920701,豪声电子,1.31,163917730.24,28.3442093788,-6.2982,128406468.41,1242.96,-11.3259,8.275002507041,17.2,-0.344781808571,3.036166187,消费电子,2025-04-29,2024-03-31
920679,前进科技,0.25,57327589.07,13.939990266,40.5987,13846585.76,-18.78,95.7127,10.134958829722,2.47,-0.382694712623,41.6373280426,通用设备,2025-04-29,2024-03-31
920670,数字人,0.01,4196008.07,-56.6480982577,-85.3865,808056.28,118.49,158.3972,2.380310350585,0.32,-0.012316563856,59.0153893579,医疗服务,2025-04-29,2024-03-31
920642,通易航天,-0.07,28354495.48,-33.5413022019,-41.132,-7272768.01,-369.31,-195.0457,2.324225227601,-2.94,-0.361366132056,10.6598749822,航空装备Ⅱ,2025-04-29,2024-03-31
920641,格利尔,-0.09,117246458.93,-22.1204351518,-4.0549,-6479894.69,-136.88,-23.8203,4.427378922872,-1.76,-0.233797388543,17.5289416137,照明设备Ⅱ,2025-04-29,2024-03-31
920639,晨光电缆,0.1,389956177.64,-11.486873055,-37.9047,19033104.45,-25.46,638.4506,4.209724370585,2.27,-0.931385459871,14.3143951092,电网设备,2025-04-29,2024-03-31
920575,*ST康乐,-0.31,142234.08,-44.0101340207,-20.3545,-85911743.21,-18.33,-12.9767,2.923883627109,-9.94,-0.158470889799,95.4831570605,生物制品,2025-04-29,2024-03-31
920547,无锡晶海,0.25,92158215.06,-19.0362776004,3.3746,14673681.53,-24.04,331.2205,9.899820145042,2.38,0.237513604109,30.7981024606,生物制品,2025-04-29,2024-03-31
920491,奥迪威,0.14,124311775.7,23.3930242858,-4.7115,20381445.3,13.0,58.8503,6.705575729211,2.18,0.060278890421,34.213051065,元件,2025-04-29,2024-03-31
920489,佳先股份,0.08,146736534.13,18.4344514064,0.4171,10910255.62,-0.07,277.175,3.838227392657,2.1,-0.147168068844,14.4800517989,化学原料,2025-04-29,2024-03-31
920471,美邦科技,0.0296,120656773.92,30.7147853338,-12.235,2464084.47,210.47,-51.7385,6.669448763582,0.44,0.153852510216,19.6485078042,化学制品,2025-04-29,2024-03-31
920469,富恒新材,0.14,173807246.13,50.4378177152,457.6082,19162345.53,112.29,211.312,4.404452039292,4.08,-0.547708535971,15.6533978161,塑料,2025-04-29,2024-03-31
920455,汇隆活塞,0.08,31332389.25,-1.6105035659,-20.3456,13538589.85,67.01,83.8629,1.975372675514,3.94,0.00082129304,40.078581623,专用设备,2025-04-29,2024-03-31
920415,恒拓开源,0.02,33424805.97,9.7904245932,-50.864,3085008.48,-30.56,-65.6406,3.721683314618,0.59,0.03724675357,49.2862039193,软件开发,2025-04-29,2024-03-31
920403,康农种业,0.16,34275554.02,53.9700266643,-85.3342,10180355.88,143.19,-77.5116,7.802759911346,2.78,-0.265165065575,28.7121372108,种植业,2025-04-29,2024-03-31
920402,硅烷科技,0.14,209976797.08,-19.5753532724,-24.7428,46793297.33,-18.88,-47.1245,5.21483180237,2.8,-0.094580297318,35.0357372019,化学制品,2025-04-29,2024-03-31
920344,三元基因,0.02,47952373.12,39.4930940925,-48.063,1928398.18,9.87,-90.7013,5.03804002274,0.32,0.125249010508,80.8449020302,生物制品,2025-04-29,2024-03-31
920305,云创退,-0.01,43040490.24,11.2007760099,-60.9531,-855140.23,92.32,97.8386,6.081192860193,-0.11,0.527228173434,21.3681530083,IT服务Ⅱ,2025-04-29,2024-03-31
920300,辰光医疗,-0.11,20859112.75,6.7005718046,-68.475,-9055465.07,-91.35,-85.8108,3.26073843765,-3.18,-0.194637994754,51.1640995373,医疗器械,2025-04-29,2024-03-31
920271,邦德股份,0.19,85946560.76,-2.8787952284,2.2682,23100954.35,5.77,29.9783,4.44258013571,4.47,0.200727443202,41.9171874609,汽车零部件,2025-04-29,2024-03-31
920270,天铭科技,0.12,47584244.82,10.2452358155,2.3514,12992227.1,10.52,22.2713,4.813979463983,3.14,0.116894756251,42.4577835299,汽车零部件,2025-04-29,2024-03-31
920266,生物谷,0.08,154441052.85,13.7111724694,0.8751,10529264.31,510.18,157.7123,8.145221431479,1.05,0.436975107429,79.1777534622,中药Ⅱ,2025-04-29,2024-03-31
920207,众诚科技,0.01,114989795.46,101.5682810747,-15.9259,839934.8,117.61,-91.6419,3.575490778746,0.25,-0.219812232684,17.6194930332,软件开发,2025-04-29,2024-03-31
920185,贝特瑞,0.2,3528385983.84,-47.8433959562,-26.63,218422809.51,-25.52,-24.4584,10.72320079453,1.85,0.922933378066,20.9940186471,电池,2025-04-29,2024-03-31
920175,东方碳素,0.13,102474937.4,23.8229572502,-5.2045,15773179.03,9.73,40.3217,7.319351682605,1.79,0.059304848739,28.6569525828,非金属材料Ⅱ,2025-04-29,2024-03-31
920159,农大科技,0.57,619560062.74,,49.7208,34361163.21,,365.8227,,7.85,,14.7657757483,农化制品,2025-04-29,2024-03-31
920149,旭杰科技,0.14,180567174.74,140.2447750522,-36.0156,10347984.52,1214.27,130.7607,2.618423161827,5.51,0.000483021774,12.7574670608,工程咨询服务Ⅱ,2025-04-29,2024-03-31
920132,泰鹏智能,0.29,135599739.38,1.668131867,28.8152,17335650.25,-22.65,183.899,4.393297739858,6.9,0.829569454699,24.3980578364,家居用品,2025-04-29,2024-03-31
920122,中纺标,-0.0134,37990900.45,5.847682061,-26.7416,-1229962.87,-261.11,-117.6167,3.69430248049,-0.36,0.02530149376,32.2461382986,专业服务,2025-04-29,2024-03-31
920116,星图测控,0.15,32381736.6,27.852182685,-69.97,12145312.0,596.4568642875,-65.3547,2.858197930424,5.29,-0.325239898545,52.6154376477,IT服务Ⅱ,2025-04-29,2024-03-31
920062,科润智控,0.02,204145441.17,7.4838536799,-23.8702,3673912.5,-78.79,-82.7942,3.669850227891,0.55,-0.68184226997,17.1822249466,电网设备,2025-04-29,2024-03-31
920057,百甲科技,0.03,154043374.81,-24.2763195976,-40.0048,5339055.72,-60.89,-43.835,4.015359641561,0.74,-0.173159508403,19.4739135435,专业工程,2025-04-29,2024-03-31
920056,能之光,0.24,137916386.05,17.1466757508,-7.7531,15486137.29,128.9597202805,8.0772,5.236163435181,4.69,0.245366284719,18.8856477725,塑料,2025-04-29,2024-03-31
920046,亿能电力,0.08,43975693.12,-26.7644370165,-37.1606,5548143.05,-12.49,-10.2409,3.377686348374,2.3,0.081861420623,23.9851163033,电网设备,2025-04-29,2024-03-31
920029,开发科技,1.26,597893853.93,,-11.7085,126613526.84,,2.8815,16.328851018626,8.04,0.897706971315,37.9701111088,通用设备,2025-04-29,2024-03-31
920023,*ST田野,0.03,88468472.11,-12.0343050559,-33.5816,8706458.8,23.44,-13.4385,3.670640061808,0.73,0.098213467785,24.485875254,农产品加工,2025-04-29,2024-03-31
920022,世昌股份,0.39,124344161.09,77.7120924772,-15.0512,16474402.41,122.5029850145,-25.7323,4.282224557564,9.54,-0.179772658165,25.5627947958,汽车零部件,2025-04-29,2024-03-31
920019,铜冠矿建,0.11,296280977.01,21.1162607677,-17.3027,17183622.86,488.2421056632,-6.0415,4.146563938026,2.76,0.227254235526,13.4753388297,专业工程,2025-04-29,2024-03-31
920009,丹娜生物,0.41,56563136.48,2.3292442315,-8.6541,19428837.85,-2.1142684833,-3.2039,8.25973101245,5.1,0.273279254695,86.5702465374,医疗器械,2025-04-29,2024-03-31
920008,成电光信,0.3557,77686012.17,591.3109914101,-13.956,18912846.16,1461.8724557079,3.2937,3.474004383299,10.79,-0.679840638518,46.99789307,军工电子Ⅱ,2025-04-29,2024-03-31
920006,晟楠科技,-0.01,19263608.62,0.5458359873,-71.5402,-556159.26,-92.5,-102.7588,4.080977531145,-0.15,-0.139499501812,47.1033044171,航空装备Ⅱ,2025-04-29,2024-03-31
900941,东信B股,0.108,567702225.08,-5.5619663686,-44.0847,135379659.88,903.59,254.8069,2.83655505125,3.87,-0.129277857481,9.689666163,通信设备,2025-04-29,2024-03-31
900938,海科B,0.0192,295187980.86,314.7438629603,-12.809,55582138.47,180.45,220.066,2.554624589966,0.75,-0.002465719901,6.55149888,航运港口,2025-04-29,2024-03-31
900915,ST中路B,-0.018,200484260.2,6.2196230506,-17.0746,-5668882.23,-407.7141980392,-138.6692,1.877282302473,-0.935,-0.096994953335,13.8137992092,摩托车及其他,2025-04-29,2024-03-31
900913,国新B股,0.06,5852193446.28,3.0243293265,10.2315,121837224.55,5.08,1.3448,2.760163256813,3.25,-0.104545191051,7.8055945271,燃气Ⅱ,2025-04-29,2024-03-31
900909,华谊B股,0.07,10711615809.71,10.2264224715,7.5048,144080614.64,1345.29,-37.223,10.505745828164,0.63,-0.876319558836,7.8443929172,化学原料,2025-04-29,2024-03-31
900908,氯碱B股,0.183,2073847141.93,25.5970397776,6.8616,211574868.71,12.37,-32.7752,7.209295172988,2.57,0.028669320458,17.4246150791,化学原料,2025-04-29,2024-03-31
900905,老凤祥B,1.5329,25629817893.74,4.3624978972,173.5423,801894481.24,12.0,220.85,23.661863696355,6.7,7.801952365185,8.36826981,饰品,2025-04-29,2024-03-31
835319,康安租赁,0.03,19058443.94,-0.6729431156,4.4288,8936890.6,-30.11,10.6725,1.897668130986,2.32,0.021258553853,83.296431335,,2025-04-29,2024-03-31
835312,上瑞控股,0.034,38045496.11,-0.5972373489,-4.9626,10626633.53,24.13,446.6493,1.780924784387,1.97,0.284934226613,,,2025-04-29,2024-03-31
835072,东海租赁,-0.0011,3096850.34,81.6202476072,22.5524,-532437.73,-30.8,-345.5397,0.19270063704,-0.55,-0.00235377128,42.5091242866,,2025-04-29,2024-03-31
834670,宏达小贷,0.02,18187031.81,-29.2464592247,-64.7169,8121067.47,-45.11,-30.2929,1.38677616224,1.18,0.00744932758,,,2025-04-29,2024-03-31
834089,浙商创投,-0.01,11225761.93,-38.8581632025,-30.5885,-9276353.13,-1034.12,-73.1148,1.637713006095,-0.78,0.00769044405,,,2025-04-29,2024-03-31
834038,诚信小贷,0.01,2262403.41,-10.1776654831,-19.3835,1406041.51,-16.71,169.8051,1.0802143943,1.31,0.1168608486,,,2025-04-29,2024-03-31
833786,超纯科技,0.04,104037675.32,,,2500408.01,,,,1.24,-0.928502617742,18.441767082,,2025-04-29,2024-03-31
833748,奥图股份,0.18,67856964.19,,,13462193.19,,,,7.88,-0.203589592532,33.2980778903,,2025-04-29,2024-03-31
833689,架桥资本,0.04,23477044.42,68.9307898721,99.3574,4609061.99,-28.04,-88.072,2.795299262741,1.51,0.279851515917,,,2025-04-29,2024-03-31
833499,中国康富,0.03,594443469.92,20.5768679986,-20.0667,82754447.38,-7.33,-24.6662,2.081000992103,1.6,0.098502781071,35.7233670341,,2025-04-29,2024-03-31
833233,鸿丰小贷,0.03,16687193.37,1.6492122194,-33.3127,11152851.78,-4.41,1.3369,1.615664142277,2.15,0.025366031662,,,2025-04-29,2024-03-31
832944,银信农贷,0.0343,7845506.64,15.362093964,-30.8609,5244014.49,9.49,35.8319,1.256775286452,2.76,-0.107937695706,,,2025-04-29,2024-03-31
832793,同创伟业,0.04,71712982.39,-54.9370220542,-58.2237,17185462.7,-80.77,541.9531,5.228315536166,0.78,0.127317220398,,,2025-04-29,2024-03-31
832567,伟志股份,0.05,24095636.95,,,2816591.56,,,,1.35,-0.01629441526,39.104117146,,2025-04-29,2024-03-31
832088,鑫鑫农贷,0.02,11901395.89,-15.1458063829,-3.0319,6316154.66,-27.87,386.3412,1.4242695019,1.11,0.131289275475,,,2025-04-29,2024-03-31
688800,瑞可达,0.26,462392407.13,40.662954901,-10.1141,41690342.36,1.66,1.6904,12.558487934528,2.12,-0.404184758247,24.8796749614,其他电子Ⅱ,2025-04-29,2024-03-31
688793,倍轻松,0.18,293298831.57,28.5886325871,-11.9514,15610139.93,956.0573866553,145.2021,4.580429986268,3.78,0.481053454984,61.9844015835,小家电,2025-04-29,2024-03-31
688786,悦安新材,0.14,88121091.97,11.3107328788,-11.7251,16782908.05,2.42,-19.3151,8.393339410696,2.36,0.08400243343,35.0079229278,金属新材料,2025-04-29,2024-03-31
688772,珠海冠宇,0.01,2548830423.39,7.2314760265,-12.2742,9996303.22,107.1483096415,-81.687,5.867664278578,0.14,0.5507306411,24.6561647948,电池,2025-04-29,2024-03-31
688766,普冉股份,0.47,404926271.71,98.5169717571,12.509,49923908.78,277.4058820916,-6.3435,26.296179394145,2.55,-0.669658724853,31.7991198314,半导体,2025-04-29,2024-03-31
688758,赛分科技,0.0654,76776735.66,,7.6032,23957060.85,,25.655,,2.37,,76.5417498997,化学制药,2025-04-29,2024-03-31
688728,格科微,0.01,1289489531.0,51.1348575351,-11.2112,30163398.0,123.3474197517,2137.148,3.034054933113,0.38,-0.142588463098,25.25645468,半导体,2025-04-29,2024-03-31
688726,拉普拉斯,0.48,1063041975.97,3400.7293478955,-29.6502,174640307.33,336.4544718033,-35.9063,,7.97,,30.1001344202,光伏设备,2025-04-29,2024-03-31
688722,同益中,0.08,111499399.27,-53.4145824831,-8.2449,17546549.49,-67.43,-16.9071,5.552505322596,1.42,0.178909968856,32.0214288631,化学纤维,2025-04-29,2024-03-31
688718,唯赛勃,0.02,76064884.24,-14.7465211943,-20.8376,3702592.07,-46.78,-63.617,4.36888904556,0.48,-0.015622965012,34.6811900834,塑料,2025-04-29,2024-03-31
688717,艾罗能源,0.21,684282382.05,-65.3076317203,46.9093,33960597.38,-93.25,-26.8033,27.329993597188,0.78,1.410285784125,38.7137417504,光伏设备,2025-04-29,2024-03-31
688711,宏微科技,-0.0081,246424021.52,-25.5864954226,-33.2749,-1716177.99,-105.56,-105.6023,7.30364705594,-0.15,0.256901065974,15.8755571185,半导体,2025-04-29,2024-03-31
688708,佳驰科技,0.21,138291966.98,9.5538112206,-49.2869,75841933.1,16.2576136526,-56.987,,4.39,,78.3477310621,航空装备Ⅱ,2025-04-29,2024-03-31
688701,卓锦股份,-0.04,53281926.49,-19.1218644945,-27.724,-5766277.52,51.22,90.8203,2.050165000325,-2.07,-0.141689183491,16.1136081324,环境治理,2025-04-29,2024-03-31
688698,伟创电气,0.26,327631550.08,15.2090763461,-8.8384,53652023.63,25.29,58.4729,9.43583051043,2.74,-0.102621849964,39.6565623666,自动化设备,2025-04-29,2024-03-31
688697,纽威数控,0.2129,548524235.93,3.9586707704,-5.7493,69551421.7,-3.03,-14.9015,5.135247163577,4.23,-0.123662866983,23.9814050836,通用设备,2025-04-29,2024-03-31
688687,凯因科技,0.13,212673809.18,10.3399810069,-49.9699,22144168.59,4.75,-31.781,10.387265522065,1.25,-0.125195148924,78.7152742622,生物制品,2025-04-29,2024-03-31
688686,奥普特,0.4688,226715956.09,-9.5284507439,131.5349,57301927.62,-12.67,616.7401,24.024159875218,1.97,-0.023914955117,66.8197230326,自动化设备,2025-04-29,2024-03-31
688669,聚石化学,-0.08,1196736315.94,44.1929646716,92.4551,-9677859.37,-166.68,40.4043,12.845028121538,-0.62,0.501064943868,10.6286747754,塑料,2025-04-29,2024-03-31
688659,元琛科技,0.01,124798135.94,33.7424965857,-29.8695,1616814.12,-48.95,106.3497,3.845046316938,0.26,-0.045578846563,25.4307439297,化学制品,2025-04-29,2024-03-31
688658,悦康药业,0.15,967900022.68,-14.2353984351,-21.8543,69305423.83,-18.72,113.1099,8.078548648244,1.92,0.324735327267,52.8959929428,化学制药,2025-04-29,2024-03-31
688656,浩欧博,0.06,85599780.93,5.9735448394,-9.1797,3809568.53,-31.5,-56.1994,12.973172882097,0.47,0.128926428719,62.0830548777,医疗器械,2025-04-29,2024-03-31
688648,中邮科技,-0.15,208488428.35,-34.9656055573,-73.2422,-19820444.88,-376.3107750677,-138.9929,12.550197972353,-1.16,-0.909685323309,10.7193133676,专用设备,2025-04-29,2024-03-31
688638,誉辰智能,-0.46,131124420.61,-16.8363934964,-55.7636,-18322447.98,-403.9093695531,-220.2013,27.548025094,-1.65,-2.615304323,12.1084414148,电池,2025-04-29,2024-03-31
688629,华丰科技,0.02,225512280.15,26.4790774923,-20.7453,10356052.71,-11.2,-68.2991,3.283479162716,0.69,-0.144620584913,15.6813159073,军工电子Ⅱ,2025-04-29,2024-03-31
688623,双元科技,0.41,85518685.79,-17.7288638851,10.3288,24311743.79,-6.25,-8.2019,37.219936236087,1.11,-0.284702562954,44.6352015438,自动化设备,2025-04-29,2024-03-31
688606,奥泰生物,0.56,199920896.28,-15.3363065565,2.6508,44788913.62,10.5,-43.3127,48.417939080374,1.17,0.492949559134,50.1291130166,医疗器械,2025-04-29,2024-03-31
688605,先锋精科,0.31,216466127.34,,17.0109,46784796.48,,55.3626,5.22752446331,6.09,0.072278562955,36.5553142482,半导体,2025-04-29,2024-03-31
688603,天承科技,0.21,80088379.16,6.164551941,-12.7823,17940505.85,57.69,6.0149,18.679164021847,1.64,0.580267453425,38.8033782004,电子化学品Ⅱ,2025-04-29,2024-03-31
688600,皖仪科技,-0.25,114906354.26,-14.7717685618,-59.2232,-33616386.19,-2357.25,-230.3338,5.963694733214,-4.05,-0.111364035067,46.0674912549,通用设备,2025-04-29,2024-03-31
688598,金博股份,-0.26,202033850.39,-33.0928146977,4.2131,-54699604.84,-146.35,50.0229,43.250399496561,-0.91,-0.700540760594,5.5560724148,非金属材料Ⅱ,2025-04-29,2024-03-31
688596,正帆科技,0.09,588734677.73,43.3101294462,-58.6516,24902873.99,123.36,-80.959,10.814621135506,0.82,-0.743093412884,27.4094038153,专用设备,2025-04-29,2024-03-31
688592,司南导航,-0.11,38673594.47,30.569102861,-84.5315,-7099273.57,45.31,-116.5833,16.360571352799,-0.7,-1.049306890283,57.1209302956,通信设备,2025-04-29,2024-03-31
688591,泰凌微,-0.02,161474766.1,10.4516121243,0.9415,-4405915.19,-152.76,-136.1515,9.582287879,-0.19,0.0372536965,44.1429758727,半导体,2025-04-29,2024-03-31
688584,上海合晶,0.03,249074351.22,-27.999869769,-9.3607,18266763.15,-69.22,-44.5023,6.349488554104,0.42,0.080070101932,29.7167213234,半导体,2025-04-29,2024-03-31
688576,西山科技,0.49,74188129.92,9.983855195,-49.4888,25882628.53,8.07,-50.6994,40.144917848499,1.21,-0.920963521839,68.2003463554,医疗器械,2025-04-29,2024-03-31
688560,明冠新材,0.04,327216637.61,-18.4258084464,42.0169,7929437.16,-59.18,112.5649,14.055594015602,0.28,-0.274948576099,9.256208783,光伏设备,2025-04-29,2024-03-31
688558,国盛智科,0.2,245638452.99,-6.7106072801,-4.3494,26553249.01,-27.06,-3.348,12.218789777045,1.66,0.094456814848,22.2234758709,通用设备,2025-04-29,2024-03-31
688556,高测股份,0.39,1419996947.52,12.7584266298,-28.0393,211652080.92,-36.71,-26.6177,12.271204101243,5.07,-1.155174478209,31.2809659708,光伏设备,2025-04-29,2024-03-31
688549,中巨芯,0.005,233646551.88,14.0474636594,-4.7617,7583040.24,705.5478074383,152.1577,2.060110862858,0.25,0.009183318385,14.6177787924,电子化学品Ⅱ,2025-04-29,2024-03-31
688545,兴福电子,0.17,235734173.81,,-3.5248,43770968.4,,126.3976,,2.77,,30.0737848629,电子化学品Ⅱ,2025-04-29,2024-03-31
688543,国科军工,0.19,183394671.6,25.9679582035,-49.3908,32963227.31,248.98,-31.4757,15.218888071453,1.46,-1.413248370969,43.1638241828,地面兵装Ⅱ,2025-04-29,2024-03-31
688536,思瑞浦,-0.37,200011709.23,-34.9045960078,-28.6501,-49167639.09,-3098.3,3.6259,41.538088335599,-0.88,0.091820143301,47.6349472572,半导体,2025-04-29,2024-03-31
688528,秦川物联,-0.037,101390072.23,101.8342721216,-2.7725,-6133831.55,58.7545320778,58.552,3.765478721548,-0.9,-0.085380495476,28.4954731608,通用设备,2025-04-29,2024-03-31
688526,科前生物,0.18,204929240.4,-26.6839482773,-13.3987,87228395.78,-35.64,126.5274,8.369947034783,2.24,0.285490585309,66.6383315838,动物保健Ⅱ,2025-04-29,2024-03-31
688523,航天环宇,0.01,43605579.7,71.7899685371,-82.5181,4052850.9,-27.27,-95.139,4.070228716772,0.24,-0.170981602241,35.9704622388,航天装备Ⅱ,2025-04-29,2024-03-31
688518,联赢激光,0.08,728003189.86,-5.0074414663,-23.9763,28415224.81,-67.72,-16.1558,8.971694055509,0.94,-0.616727038616,27.3892833421,自动化设备,2025-04-29,2024-03-31
688515,裕太微,-0.68,72531492.83,35.8114135432,-33.2872,-54146684.59,-101.053677081,-426.4135,22.157916764625,-3.0,-1.262401315125,41.1146105043,半导体,2025-04-29,2024-03-31
688509,正元地信,-0.04,117557434.41,-35.7201412481,-69.3773,-31837896.32,-167.7548487457,-224.4617,1.878015850519,-2.18,-0.154439442909,28.1742363094,IT服务Ⅱ,2025-04-29,2024-03-31
688505,复旦张江,0.0,147647109.0,-21.9407772193,3.4142,2347396.0,-73.29,-87.471,2.27666953799,0.1,0.042388163833,92.6341354913,化学制药,2025-04-29,2024-03-31
688484,南芯科技,0.24,601849810.78,110.6814163536,4.7522,100550733.49,224.79,23.9058,9.036886569216,2.67,0.177752316766,42.5685509393,半导体,2025-04-29,2024-03-31
688478,晶升股份,0.11,81107784.99,111.2897642657,-51.0889,14817697.06,507.43,-46.3381,11.50652027582,0.93,0.514469261169,32.698007908,半导体,2025-04-29,2024-03-31
688472,阿特斯,0.16,9597025639.08,-18.8803075185,-21.2761,578756053.09,-36.98,815.433,5.952650282305,2.66,-0.228204823385,16.92465328,光伏设备,2025-04-29,2024-03-31
688469,芯联集成,-0.03,1352995972.16,17.1892547239,-9.3735,-242117693.08,51.5370215307,59.4661,1.738766617552,-1.96,0.043447097911,-6.6753141804,半导体,2025-04-29,2024-03-31
688468,科美诊断,0.1,111390688.04,10.3603006723,11.3094,38392507.4,10.21,41.4862,3.448885786721,2.77,0.09415839183,77.7547681624,医疗器械,2025-04-29,2024-03-31
688448,磁谷科技,0.01,43665100.08,19.8292924457,-77.4641,718968.71,158.7946670115,-97.5295,13.536539719987,0.07,-0.291216083108,28.0794463256,通用设备,2025-04-29,2024-03-31
688433,华曙高科,0.0635,124375418.71,23.4909732844,-47.0314,26279077.9,28.44,-54.9546,4.72683512633,1.35,-0.132236246622,53.3877301148,通用设备,2025-04-29,2024-03-31
688429,时创能源,-0.15,144126501.08,-69.665492733,-62.2495,-58449865.1,-190.97,-506.2172,5.6547999935,-2.55,-0.610525651599,24.7213198635,光伏设备,2025-04-29,2024-03-31
688425,铁建重工,0.07,2395087859.57,1.2528895854,-9.0012,368748474.03,-11.45,-2.4351,3.168894848813,2.21,0.037230836142,31.4192254803,工程机械,2025-04-29,2024-03-31
688420,美腾科技,0.09,109277963.91,23.9689725156,-52.1754,7472865.11,48.81,-81.7685,16.365658446568,0.51,-0.491830546308,35.1702765451,专用设备,2025-04-29,2024-03-31
688411,海博思创,1.19,1347824560.78,,-49.4209,158061649.46,,-60.6231,,6.39,,24.8221125312,其他电源设备Ⅱ,2025-04-29,2024-03-31
688401,路维光电,0.21,176819171.71,30.1009161238,-7.2436,41074574.23,44.56,1.5336,7.516367985885,2.82,0.136923131619,35.5819639418,半导体,2025-04-29,2024-03-31
688400,凌云光,-0.01,443427489.5,-19.4527094766,-38.0891,-6675129.96,-165.62,-125.5546,8.426614704617,-0.17,-0.085784746235,35.2380283293,专用设备,2025-04-29,2024-03-31
688395,正弦电气,0.09,82530192.27,-16.3992657337,4.054,8081167.93,-52.37,29.5847,8.595579740349,1.11,0.135917924767,34.6555978768,自动化设备,2025-04-29,2024-03-31
688390,固德威,-0.12,1126132578.17,-34.4989639586,-33.8477,-28821465.63,-108.57,29.2474,17.15011507053,-0.97,-4.125632879729,27.466158468,光伏设备,2025-04-29,2024-03-31
688388,嘉元科技,-0.11,929971824.42,-5.4750742328,-26.3526,-47795282.0,-229.76,-288.913,16.200461404728,-0.67,-0.206686580468,0.0914644151,电池,2025-04-29,2024-03-31
688385,复旦微电,0.2,892743914.7,10.3028709866,11.8416,161246753.47,-14.35,132.5045,6.689568830479,2.99,0.012917991481,56.647620273,半导体,2025-04-29,2024-03-31
688383,新益昌,0.28,262899154.42,-26.5992447878,21.9127,28937664.29,-50.39,599.9625,13.82220460818,2.06,-0.174369221099,37.6096805896,专用设备,2025-04-29,2024-03-31
688382,益方生物,-0.14,8606045.1,,-85.2528,-83177667.08,29.4329178936,-94.7344,3.35490611448,-4.23,-0.155587048877,53.0026533326,化学制药,2025-04-29,2024-03-31
688372,伟测科技,-0.0027,183553105.5,30.9912852836,-16.9459,-305728.12,-101.12,-101.078,21.832554767671,-0.0124,0.781337837603,26.5389875793,半导体,2025-04-29,2024-03-31
688359,三孚新科,0.16,186066748.64,122.0517470689,12.6637,15245888.99,224.3797291079,438.4936,5.371412985471,3.12,-0.247140721804,41.3546388231,电子化学品Ⅱ,2025-04-29,2024-03-31
688357,建龙微纳,0.32,191727092.7,-41.1839170265,11.347,31638902.18,-47.74,86.0065,20.096914624295,1.77,-0.354916470329,33.2663669499,化学制品,2025-04-29,2024-03-31
688356,键凯科技,0.24,64788995.56,-30.2021065008,35.4134,14452078.78,-69.3,-5.3412,21.236804388374,1.13,0.6945593135,66.0007297079,化学制药,2025-04-29,2024-03-31
688355,明志科技,0.13,122087464.59,12.3867132661,-34.6365,16456220.62,63.88,8.5093,8.695232139899,1.54,0.030855948146,28.7334890833,通用设备,2025-04-29,2024-03-31
688350,富淼科技,0.11,359316221.44,-3.2758834394,-18.1313,13737901.17,1.99,183.4317,11.505846433002,0.91,0.314836176023,16.5181792384,化学制品,2025-04-29,2024-03-31
688349,三一重能,0.222,1727911000.0,10.5034882658,-76.8021,265775000.0,-44.92,-72.7675,10.629452195821,2.08,-1.212527182697,15.884209314,风电设备,2025-04-29,2024-03-31
688345,博力威,-0.21,357720738.5,-27.3195642008,-22.7754,-20652607.93,-281.6101067057,66.3804,11.2772022639,-1.81,-2.3703029425,16.9702189268,电池,2025-04-29,2024-03-31
688339,亿华通,-0.39,13143998.29,-72.8279888506,-97.4093,-91204404.13,-136.0746149615,-81.8445,17.854703646806,-3.04,-0.482820857476,-65.1133859817,电池,2025-04-29,2024-03-31
688335,复洁科技,-0.01,14476981.71,-91.6109075752,-93.5797,-1148691.7,-103.73,-101.4898,8.505042044143,-0.09,0.029082857808,17.5567533407,环境治理,2025-04-29,2024-03-31
688331,荣昌生物,-0.65,330434802.62,96.4079781455,5.4075,-348921696.49,-7.7668421859,27.4053,5.655650827658,-10.72,-0.78314312741,77.4964217055,生物制品,2025-04-29,2024-03-31
688329,艾隆科技,-0.18,55820624.2,9.341756062,-43.9124,-13968038.1,-647.48,9.7137,10.150898183808,-1.68,-0.059595071503,42.1337746703,自动化设备,2025-04-29,2024-03-31
688326,经纬恒润,-1.64,889351090.14,20.3471939517,-51.1088,-191700101.57,-119.0794690741,-148.8141,37.837545867667,-4.02,-3.93491852925,22.3889668971,软件开发,2025-04-29,2024-03-31
688322,奥比中光,-0.07,92911484.67,51.6644525224,-7.6726,-28780669.45,57.7505318202,65.7154,7.451322886843,-0.96,-0.084075311237,37.4774893585,光学光电子,2025-04-29,2024-03-31
688314,康拓医疗,0.25,69917918.34,8.1605736265,2.1824,19935123.47,2.65,78.5637,7.460379434197,3.34,0.413147144582,81.2194215993,医疗器械,2025-04-29,2024-03-31
688309,恒誉环保,0.0413,16395884.93,-66.6432922786,-7.3652,3303209.31,-72.11,-45.1026,9.113302380694,0.45,0.070284153252,56.2331645981,环保设备Ⅱ,2025-04-29,2024-03-31
688308,欧科亿,0.19,263887915.53,-7.0269959016,18.9758,29849198.35,-49.66,364.1621,16.28655118019,1.16,-0.839309868489,25.0855586915,通用设备,2025-04-29,2024-03-31
688305,科德数控,0.1617,101123850.44,18.6260701571,-36.6531,15063703.28,-43.97,-59.5,12.328299326952,1.32,-0.194267540696,41.776339742,通用设备,2025-04-29,2024-03-31
688299,长阳科技,0.03,313736379.9,25.0829370511,-3.843,8232833.25,-66.97,-59.9679,7.363746772892,0.38,-0.204321843919,23.3970100418,光学光电子,2025-04-29,2024-03-31
688293,奥浦迈,0.17,79706760.24,17.3578777407,11.5801,19578569.83,-19.07,80.3531,18.762139569371,0.91,0.049284540385,66.009381816,生物制品,2025-04-29,2024-03-31
688289,圣湘生物,0.14,390946762.39,100.3067995721,4.3706,81024703.84,35.01,26.6059,12.420991804686,1.12,-0.213516909124,81.0961224367,医疗器械,2025-04-29,2024-03-31
688288,鸿泉技术,-0.13,128182372.06,50.7918431533,8.8127,-10105853.34,6.3230302688,71.7609,7.159697482119,-1.4,-0.446091845625,33.9488118613,计算机设备,2025-04-29,2024-03-31
688283,坤恒顺维,0.02,24810530.98,28.7438291779,-71.4377,3035110.99,10.82,-91.002,11.549695306905,0.31,-0.308139572857,67.9291879468,通信设备,2025-04-29,2024-03-31
688280,精进电动,-0.2,274814582.51,54.4224462672,13.0101,-119946572.83,1.41,50.8244,1.518153201465,-12.55,-0.087398298782,-1.682455144,汽车零部件,2025-04-29,2024-03-31
688279,峰岹科技,0.55,116193287.3,31.1438541578,-10.4769,50560982.39,26.87,-0.549,26.369945043804,2.09,0.284261016541,54.512783485,半导体,2025-04-29,2024-03-31
688277,天智航,-0.02,28944718.96,-26.7285857096,-62.0991,-10063239.85,-216.49,88.0633,2.745562625279,-0.81,-0.11115523612,64.9159780268,医疗器械,2025-04-29,2024-03-31
688271,联影医疗,0.44,2350478362.11,6.2185248073,-40.9179,363297720.56,10.2,-60.0774,23.326874773857,1.91,-0.797238716966,49.5684340814,医疗器械,2025-04-29,2024-03-31
688268,华特气体,0.38,332664711.18,-7.2973225309,-10.3555,45095211.35,12.68,-8.8972,14.183918440056,2.44,0.660479101607,33.0102557468,电子化学品Ⅱ,2025-04-29,2024-03-31
688265,南模生物,-0.17,82932302.56,-5.0082789343,-15.8549,-12897060.7,9.3774207869,-115.9999,21.924017289344,-0.75,-0.364200620616,43.3075491592,医疗服务,2025-04-29,2024-03-31
688262,国芯科技,-0.14,178567059.77,9.1680273612,283.4112,-46347609.13,-85.3864639847,58.4198,7.031689121539,-1.93,-0.65594849901,11.376590154,半导体,2025-04-29,2024-03-31
688249,晶合集成,0.04,2227893274.41,104.4377176297,0.0554,79258819.88,123.98,-55.8788,10.705139987789,0.36,0.196838615744,24.9867647178,半导体,2025-04-29,2024-03-31
688244,永信至诚,-0.2,29447347.19,10.6600001537,-86.92,-19965979.74,-21.2395969416,-132.4142,14.702751852365,-1.9,-0.698604279149,56.1135044301,软件开发,2025-04-29,2024-03-31
688239,航宇科技,0.38,577885209.57,3.2093379244,47.2172,55778219.4,10.36,201.5597,11.803414259113,3.24,-0.318863345707,26.2476913422,航空装备Ⅱ,2025-04-29,2024-03-31
688225,亚信安全,-0.3648,288288068.83,22.0460324852,-53.2176,-145908760.07,-53.7536334129,-82.7279,4.976957709632,-7.1,-0.511021373391,49.3572417886,软件开发,2025-04-29,2024-03-31
688209,英集芯,0.01,261185656.84,18.4065196816,-29.95,3962487.41,126.4263709378,-70.939,4.275512307159,0.22,-0.314267148536,32.0906332469,半导体,2025-04-29,2024-03-31
688183,生益电子,0.03,884612737.75,19.1229190129,0.3055,26448680.58,759.8912714891,460.0056,4.748042911314,0.67,0.054952826153,18.7200057939,元件,2025-04-29,2024-03-31
688177,百奥泰,-0.29,161591937.51,4.301495568,-33.7044,-118958055.48,16.570318809,-863.1302,2.641328335418,-10.32,-0.1564991186,69.9052313876,生物制品,2025-04-29,2024-03-31
688170,德龙激光,-0.07,115657779.36,18.204189169,-54.4476,-7263464.76,-251.57,-115.7002,12.4814447381,-0.56,-0.330907731037,47.0432822427,自动化设备,2025-04-29,2024-03-31
688157,松井股份,0.11,135215546.47,43.5319801998,-22.5739,12087705.83,298.31,-56.0489,11.54406317709,0.93,-0.201636287363,48.88251382,化学制品,2025-04-29,2024-03-31
688148,芳源股份,0.01,420508561.47,-47.6558873667,107.8702,7035156.43,559.06,101.8886,1.70559134559,0.34,0.223770190563,12.6628933294,电池,2025-04-29,2024-03-31
688147,微导纳米,0.0079,170694733.82,125.2687638408,-74.0648,3573416.51,428.1211952926,-96.9013,5.181296455105,0.15,-0.992196638416,42.2050827039,半导体,2025-04-29,2024-03-31
688143,长盈通,0.05,57046912.99,147.8162454702,-33.7833,6529122.87,177.3228662604,-49.9601,9.578372701514,0.53,-0.29272212083,47.1359339018,通信设备,2025-04-29,2024-03-31
688137,近岸蛋白,-0.04,26087054.66,-39.3360055292,-38.5963,-2630474.68,-123.61,13.2744,31.194212828081,-0.12,0.107703619923,68.2780728685,生物制品,2025-04-29,2024-03-31
688128,中国电研,0.17,874834465.34,2.2090443693,-28.7111,70182073.07,12.43,-42.8537,7.401062588603,2.37,-0.603419052534,33.5832086252,专用设备,2025-04-29,2024-03-31
688121,*ST卓然,-0.17,51351882.75,-6.6206335464,-95.7653,-40199670.04,48.4122852692,-141.8031,10.653822197764,-1.61,0.285738459265,23.7456600751,专用设备,2025-04-29,2024-03-31
688120,华海清科,0.85,680248921.74,10.4008474395,1.8767,202145758.93,4.27,26.4855,36.142806338301,3.59,1.056431439832,45.1861859029,半导体,2025-04-29,2024-03-31
688105,诺唯赞,0.01,301571120.22,-0.206221725,-27.6275,5216369.89,110.3042842113,-3.9856,9.995126865228,0.13,-0.203737074798,71.0663498327,生物制品,2025-04-29,2024-03-31
688103,国力电子,0.04,144377694.53,11.9300251097,-29.9533,4160603.65,-63.59,-65.8539,11.474559258162,0.37,-0.363430308399,28.3388814409,其他电子Ⅱ,2025-04-29,2024-03-31
688102,斯瑞新材,0.0338,287217967.31,14.2600178678,-7.5379,24562633.21,13.49,-17.8556,1.890934461138,2.34,-0.058613357987,23.1729912489,金属新材料,2025-04-29,2024-03-31
688101,三达膜,0.2,284327519.11,39.9871942341,-42.2226,66745405.55,35.91,-7.4748,11.598035508296,1.74,0.168841278154,40.0298087418,环境治理,2025-04-29,2024-03-31
688096,京源环保,-0.04,50160122.79,-39.4417144671,-48.1768,-6198750.12,-234.7294228971,87.3069,5.002866034126,-0.77,0.185302783262,30.305226372,环境治理,2025-04-29,2024-03-31
688095,福昕软件,-0.1193,168790139.13,16.8709840606,0.328,-10608960.93,6.4679237352,64.1817,27.88924434168,-0.41,-0.503453653011,94.6558310714,软件开发,2025-04-29,2024-03-31
688090,瑞松科技,0.01,165601879.26,-34.9540257881,-54.2721,1058342.39,-89.75,-96.4487,13.399534184589,0.11,-0.9780708044,21.0113012035,自动化设备,2025-04-29,2024-03-31
688089,嘉必优,0.14,117020437.16,33.3379314656,-1.6425,24312520.44,69.93,-21.4709,8.916120251951,1.62,0.257779258486,40.4949135724,化学制品,2025-04-29,2024-03-31
688085,三友医疗,-0.01,86429306.35,-46.2634036227,-14.8185,-2095834.44,-106.05,-107.1544,7.709992493405,-0.11,-0.199609467219,58.2989377191,医疗器械,2025-04-29,2024-03-31
688084,晶品特装,-0.12,8442518.45,-37.9285285002,-94.0329,-9283701.1,10.7847445666,-129.7469,22.009061387171,-0.54,-0.546484187896,37.6407384695,军工电子Ⅱ,2025-04-29,2024-03-31
688077,大地熊,0.07,297725749.78,-15.1230808309,-24.434,8178088.63,119.6571627034,196.8162,9.608553445529,0.75,-0.198233050063,15.0232420182,金属新材料,2025-04-29,2024-03-31
688070,纵横股份,-0.33,27268690.79,-65.8560135201,-72.9647,-29043327.74,-2064.66,28.909,6.582482442795,-4.91,-0.441069026148,49.9081006302,航空装备Ⅱ,2025-04-29,2024-03-31
688067,爱威科技,0.07,46813824.02,14.4628150444,-5.5164,5071817.72,136.42,297.2904,7.277928941029,1.03,-0.114252062353,57.4741330862,医疗器械,2025-04-29,2024-03-31
688066,*ST航图,-0.58,221407985.11,-19.4920127596,-4.678,-150679354.92,-69.2222156091,54.8471,7.830378627466,-6.81,-1.501175163,38.0376707453,IT服务Ⅱ,2025-04-29,2024-03-31
688062,迈威生物,-0.51,67555138.51,1572.4243947821,138.5072,-205658524.39,14.7018247422,45.9001,6.022796357758,-8.24,-0.82731966474,98.6907503715,化学制药,2025-04-29,2024-03-31
688059,华锐精密,0.28,170222225.35,13.2390085918,-17.655,17190764.97,-28.69,-67.1074,18.972771555827,1.36,-0.567680855257,37.2389294874,通用设备,2025-04-29,2024-03-31
688057,金达莱,0.1418,83413608.58,-26.8821063165,-38.3105,39126868.84,-21.39,-48.0427,11.547386644928,1.24,0.118164819638,63.6873500432,环境治理,2025-04-29,2024-03-31
688053,ST思科瑞,0.05,28670179.99,-55.0055929392,-34.2172,4571726.52,-80.47,269.4743,16.7627219012,0.27,0.2359624496,39.2481304754,军工电子Ⅱ,2025-04-29,2024-03-31
688049,炬芯科技,0.06,118466547.5,45.4841154534,-17.6727,8534610.54,6.57,-52.9315,14.653274093934,0.47,0.082482478115,45.4166668105,半导体,2025-04-29,2024-03-31
688047,龙芯中科,-0.19,119997881.69,1.619198921,7.7303,-74808468.7,-3.6427545325,38.9525,8.662023801297,-2.13,-0.021766328928,30.7423265231,半导体,2025-04-29,2024-03-31
688039,当虹科技,-0.21,62215555.7,19.6727466897,-47.5307,-23063825.21,-22.0225960546,45.1289,10.987049378875,-1.86,-0.295445851805,34.0189385948,IT服务Ⅱ,2025-04-29,2024-03-31
688037,芯源微,0.12,244210948.51,-15.2684649968,-52.1614,16010992.51,-75.73,-47.329,17.505022470246,0.67,0.173919458229,33.3709000097,半导体,2025-04-29,2024-03-31
688036,传音控股,1.44,17443281887.51,88.0988387217,-9.4918,1626469483.28,210.3,-1.5952,24.6284697953,8.58,-0.134237553257,21.3736152386,消费电子,2025-04-29,2024-03-31
688033,*ST天宜,-0.23,347417123.65,11.6660733358,1.0311,-129609219.28,-386.18,-40.2519,9.06555781557,-2.51,-0.212319928455,-10.3740031439,轨交设备Ⅱ,2025-04-29,2024-03-31
688029,南微医学,0.76,620078643.58,12.7211207433,-6.9152,143464442.08,41.36,44.3334,19.810360922813,3.91,0.296653406987,68.3128925751,医疗器械,2025-04-29,2024-03-31
688028,沃尔德,0.156,148151579.73,37.4182770765,-17.7995,23716312.53,131.55,3.7184,12.634669769795,1.23,0.202684673571,46.5842952844,通用设备,2025-04-29,2024-03-31
688019,安集科技,1.06,378450569.05,40.5105238528,11.4128,105080291.47,37.93,20.3543,22.62568386387,4.81,1.086684490011,58.4524813994,电子化学品Ⅱ,2025-04-29,2024-03-31
688006,杭可科技,0.29,883915482.34,-7.0069394737,41.8566,172974407.05,-17.74,81.4227,8.763494923549,3.32,0.058825587966,33.9662712169,电池,2025-04-29,2024-03-31
605599,菜百股份,0.35,6316196819.56,25.0118778756,51.0087,272464185.66,16.15,136.16,5.244881056158,6.93,0.854132569958,10.004836172,饰品,2025-04-29,2024-03-31
605588,冠石科技,0.14,275572992.1,22.6694987785,13.1337,10457103.76,-37.46,126.8329,14.485468014184,0.99,0.548797911994,12.1359520413,光学光电子,2025-04-29,2024-03-31
605580,恒盛能源,0.09,184254544.98,-4.3513221169,-20.0871,24973334.41,-7.11,-30.9443,3.309074745643,2.73,0.012742959536,20.6560200858,电力,2025-04-29,2024-03-31
605567,春雪食品,-0.03,528708548.11,-23.2378616974,-24.4584,-5975250.95,-170.88,89.268,5.3066673717,-0.56,0.12820034535,7.1619366862,食品加工,2025-04-29,2024-03-31
605555,德昌股份,0.23,824559684.09,46.1373605122,27.5095,85290883.51,102.33,45.051,7.556905515564,3.07,0.134285875527,17.432011879,小家电,2025-04-29,2024-03-31
605500,森林包装,0.09,487253642.75,7.8169558969,-24.7948,36013452.27,131.25,-43.0033,6.010317702558,1.46,-0.261888413803,13.8155386731,造纸,2025-04-29,2024-03-31
605389,长龄液压,0.23,225261208.29,10.4611132458,-2.3108,33370170.26,26.19,34.8323,14.876596426105,1.57,0.241527465789,27.375560332,工程机械,2025-04-29,2024-03-31
605358,立昂微,-0.09,679064423.92,7.406706329,0.3242,-63151363.9,-283.38,47.212,11.267000183556,-0.8,0.534773564118,9.8847286245,半导体,2025-04-29,2024-03-31
605339,南侨食品,0.18,774757134.09,4.4966492952,-2.2666,76632573.83,96.74,-28.5229,8.029183416143,2.26,0.308334848875,27.0022278008,休闲食品,2025-04-29,2024-03-31
605337,李子园,0.15,334364152.28,-3.1734706109,-2.462,56954192.75,-3.79,18.8939,4.366166746126,3.31,0.204234379144,38.1857302314,饮料乳品,2025-04-29,2024-03-31
605305,中际联合,0.27,240544062.67,37.2420805384,-40.6369,58382930.78,285.87,-33.8765,15.596475813966,2.5,0.11354833498,44.7140579094,工程机械,2025-04-29,2024-03-31
605298,必得科技,-0.02,73816745.01,40.146294403,-50.7625,-2143692.89,-357.15,-112.82,6.817840300623,-0.22,-0.268043186367,37.1841200073,轨交设备Ⅱ,2025-04-29,2024-03-31
605296,神农集团,-0.01,1082373038.18,20.816053307,5.9287,-3565859.52,96.63,98.0637,7.992794826475,-0.09,-0.086948683878,6.0005780345,养殖业,2025-04-29,2024-03-31
605277,新亚电子,0.12,692022011.99,5.1512305438,-29.2817,39782135.25,33.27,14.6323,5.227330283817,2.84,0.173895926351,16.7509657643,消费电子,2025-04-29,2024-03-31
605268,王力安防,0.04,435162534.65,10.2582743917,-61.6286,16115169.77,4.58,139.4685,3.730602893324,0.99,-0.297687862823,23.0874790659,家居用品,2025-04-29,2024-03-31
605266,健之佳,0.34,2313981509.9,6.7889101474,-10.3494,52259604.68,-31.51,-61.5664,22.610904821277,1.81,0.785372146729,34.3648460374,医药商业,2025-04-29,2024-03-31
605199,ST葫芦娃,0.07,470529089.59,-10.7598470453,-9.0257,27426051.99,-28.42,140.8526,2.628747445994,2.64,-0.475979341712,49.1907559152,中药Ⅱ,2025-04-29,2024-03-31
605188,国光连锁,0.05,756772904.66,12.3064996143,26.9748,26547381.84,-2.75,851.0753,2.301966778542,2.35,0.234907810041,23.8693128305,一般零售,2025-04-29,2024-03-31
605178,时空科技,-0.36,60091483.2,48.8598034075,86.3179,-35599743.11,21.8721772403,57.6139,15.692878505838,-2.26,-0.213252031403,2.0509697787,专业工程,2025-04-29,2024-03-31
605169,洪通燃气,0.0076,462481039.18,40.5446603136,-24.4728,2144191.86,-84.43,-95.213,6.382343239253,0.12,-0.086584124788,10.7325421704,燃气Ⅱ,2025-04-29,2024-03-31
605158,华达新材,0.14,1589403425.3,-5.8148721992,-22.6674,71083805.34,0.18,-33.7747,4.9077316506,2.87,-0.443689025693,7.3861215152,金属新材料,2025-04-29,2024-03-31
605138,盛泰集团,0.01,1003908859.16,-23.3158846804,-4.6149,6788170.36,-87.98,129.2611,4.527227446629,0.26,0.209485764641,14.0661886566,服装家纺,2025-04-29,2024-03-31
605136,丽人丽妆,-0.02,472339124.63,-23.1111282928,-43.2352,-9546080.31,60.6999703481,-111.7189,6.29583128941,-0.38,0.004295529474,31.7799650511,互联网电商,2025-04-29,2024-03-31
605133,嵘泰股份,0.23,510350593.94,16.77630252,-12.6945,42391821.13,18.78,37.1366,14.598915022304,1.57,0.366335909962,21.2153976395,汽车零部件,2025-04-29,2024-03-31
605128,上海沿浦,0.4,568733118.66,103.4418616518,13.9887,32049158.03,187.11,16.311,14.681920012652,2.63,-0.196526261806,12.9306605888,汽车零部件,2025-04-29,2024-03-31
605123,派克新材,0.5991,749446253.93,-20.5578761615,-9.0007,72590899.43,-49.37,5.4942,36.015390275414,1.68,1.139397762294,21.0121173525,航空装备Ⅱ,2025-04-29,2024-03-31
605122,四方新材,0.09,324331939.64,-22.691240125,-38.5064,15400374.91,18.06,95.1285,12.928219126333,0.69,0.150612581663,15.5069298527,水泥,2025-04-29,2024-03-31
605118,力鼎光电,0.0844,145116299.01,10.8098681484,3.0063,34303243.05,14.4,-4.0015,3.668817994426,2.32,0.095893295136,37.7277116654,计算机设备,2025-04-29,2024-03-31
605108,同庆楼,0.25,690989631.35,28.0097252279,-3.7883,65899122.6,-8.84,-34.8046,8.871949004962,2.9,0.726041771808,24.6561722883,酒店餐饮,2025-04-29,2024-03-31
605089,味知香,0.137,165947228.72,-17.9191006532,-7.8946,18905845.76,-46.94,-32.9692,9.19967569913,1.48,0.017154356449,24.9963936728,食品加工,2025-04-29,2024-03-31
605088,冠盛股份,0.41,752967761.57,19.896216558,-15.8037,66215037.8,136.28,-2.911,11.702305960979,3.3,-0.905470584838,25.4067786622,汽车零部件,2025-04-29,2024-03-31
605080,浙江自然,0.28,273494046.8,13.8348077952,80.0466,38669185.24,-42.46,1398.3404,13.449612496489,2.05,0.242554378221,38.3676110825,文娱用品,2025-04-29,2024-03-31
605033,美邦股份,0.33,312087364.29,-9.4633764471,114.6534,44438201.38,-35.85,451.7399,8.569555609246,3.91,-0.160130637426,31.783889638,农化制品,2025-04-29,2024-03-31
603998,方盛制药,0.16,438354992.77,0.3652853986,5.9777,70192886.65,10.04,56.5934,3.484320744402,4.7,0.106679902457,73.1864936094,中药Ⅱ,2025-04-29,2024-03-31
603992,松霖科技,0.27,681036666.55,12.6072546279,-13.7701,111332113.46,154.72,129.7471,6.52109927587,4.23,0.3211165713,35.4665249484,家居用品,2025-04-29,2024-03-31
603991,领先股份,-0.07,36916123.52,33.2768228402,-57.3994,-5521774.96,-24.2225604414,81.794,3.365131328775,-2.18,-0.449242701529,19.7850979019,半导体,2025-04-29,2024-03-31
603985,恒润股份,-0.0288,339770235.62,-21.4926903884,-43.5311,-12701731.9,-143.4,86.3492,7.560499439816,-0.38,-0.11268712325,4.6503927194,风电设备,2025-04-29,2024-03-31
603977,国泰集团,0.08,489244892.03,5.2753726447,-32.9921,46948392.19,18.41,-40.5342,5.103233906056,1.49,-0.057785309379,33.2159334962,化学制品,2025-04-29,2024-03-31
603970,中农立华,0.2114,2397490584.1,2.3217839197,14.4899,56835448.06,5.96,32.1539,5.56699884041,3.87,-2.600437446173,6.9414605039,农化制品,2025-04-29,2024-03-31
603969,银龙股份,0.05,472746618.92,-1.7659947883,-35.3135,39345865.46,17.38,-26.4,2.660123858562,1.74,0.156693651464,21.898205042,通用设备,2025-04-29,2024-03-31
603958,哈森股份,0.022,226696881.41,23.3606999898,-5.1445,4929273.19,140.491319711,201.7662,3.655926479828,0.61,0.072689592175,51.7598850325,服装家纺,2025-04-29,2024-03-31
603949,雪龙集团,0.09,100914776.07,2.0682534028,-2.4648,18913769.11,2.08,7.7722,4.953639266801,1.83,-0.155844823552,35.631041043,汽车零部件,2025-04-29,2024-03-31
603939,益丰药房,0.33,5970923210.35,13.3851668666,-10.8841,406753106.09,20.89,-1.4651,10.065782148453,4.06,0.643301209058,39.2458292634,医药商业,2025-04-29,2024-03-31
603938,三孚股份,0.03,456874154.06,-20.3978047372,-6.0346,10467003.91,-89.65,-49.9839,6.299548374682,0.44,-0.054528592768,12.6316336495,化学原料,2025-04-29,2024-03-31
603937,丽岛新材,0.01,308829494.28,-16.5854760446,17.4426,1157750.24,-92.1,-89.8882,7.721585755936,0.07,-0.199198660379,6.2422015148,工业金属,2025-04-29,2024-03-31
603926,铁流股份,0.12,562431817.37,11.8875926382,-4.262,26817917.62,17.46,41.5547,7.367229532096,1.6,-0.20678988496,18.5987814664,汽车零部件,2025-04-29,2024-03-31
603917,合力科技,0.0519,148109932.2,17.350399644,-24.751,8134785.6,-38.53,342.647,11.116504270727,0.71,-0.173904594707,23.6561245621,汽车零部件,2025-04-29,2024-03-31
603916,苏博特,0.05,578605127.86,-13.0727531698,-42.4892,21089352.18,-47.83,11.087,9.584957738023,0.5,0.105292395144,35.0394472773,水泥,2025-04-29,2024-03-31
603915,国茂股份,0.1,585210882.65,-6.4751148409,-9.9116,64645049.14,-19.59,-49.9554,5.523744179409,1.78,0.01067108138,22.8438183744,通用设备,2025-04-29,2024-03-31
603908,牧高笛,0.34,356001355.91,3.7471241605,18.425,31558117.02,9.28,1078.7233,9.00191694152,5.28,-1.130842181886,27.6735388432,服装家纺,2025-04-29,2024-03-31
603899,晨光股份,0.4112,5485380847.38,12.3685691924,-26.779,379859509.37,13.87,-12.2018,8.85544726698,4.74,0.073545576917,20.1684171506,文娱用品,2025-04-29,2024-03-31
603898,好莱客,0.04,402935176.37,15.8648871377,-36.8337,12649806.52,5.35,-67.631,9.703935734923,0.41,-0.451738162326,32.6416770347,家居用品,2025-04-29,2024-03-31
603890,春秋电子,0.03,909055301.71,30.8764206426,-1.4817,14458992.89,149.78,-12.082,5.94103435072,0.54,0.281069869534,14.0687558809,消费电子,2025-04-29,2024-03-31
603888,新华网,0.0527,331693895.5,2.1128316563,-61.4122,27332249.59,5.87,-78.4161,6.6643728717,0.79,-0.363471241145,35.5710180292,数字媒体,2025-04-29,2024-03-31
603869,ST智知,0.0114,168945639.89,-8.9112990646,-35.5346,8068043.31,4.62,109.7092,7.543810527382,0.1452,-0.000188438006,46.7478439878,IT服务Ⅱ,2025-04-29,2024-03-31
603867,新化股份,0.41,743795208.21,12.3450523248,7.2923,76119767.38,-2.83,57.5899,11.438708682922,3.44,-0.035093802908,22.2811466155,化学制品,2025-04-29,2024-03-31
603855,华荣股份,0.26,643591241.22,5.4194934446,-44.0187,84985229.24,-1.22,-46.7728,6.019801962294,4.28,-0.212045011687,53.2166193112,专用设备,2025-04-29,2024-03-31
603838,*ST四通,-0.0192,38259338.72,6.0692647497,-18.6467,-6137643.71,31.4312622414,51.6193,3.090876543267,-0.6186,-0.012273696221,9.5986731419,家居用品,2025-04-29,2024-03-31
603825,ST华扬,-0.19,628423171.84,-67.3793363433,-43.824,-47716558.87,-1558.9,91.5415,3.591860780635,-5.12,-0.075613415154,19.6630396979,广告营销,2025-04-29,2024-03-31
603822,ST嘉澳,-0.4231,499993933.92,-23.0390660971,3.8892,-32646442.01,-420.2427849064,26.6936,13.019183035429,-3.1676,3.215406788117,0.5623117721,化学制品,2025-04-29,2024-03-31
603819,神力股份,0.04,268517921.09,-25.0779842714,-8.5229,9187450.66,1929.13,-94.5669,4.14940562105,1.02,-0.180947591571,10.3279873304,电机Ⅱ,2025-04-29,2024-03-31
603816,顾家家居,0.51,4350447164.38,10.0394139357,-14.2977,420192211.99,5.02,-16.7724,12.138815424363,4.29,-0.194276113135,33.0030383121,家居用品,2025-04-29,2024-03-31
603810,丰山集团,-0.07,262803224.93,-33.5545021426,37.7546,-10909451.92,-205.05,81.8708,8.976910292725,-0.7,-0.400744572915,7.2664563934,农化制品,2025-04-29,2024-03-31
603808,歌力思,0.08,748548486.02,12.4686840221,-11.8932,29194964.4,-38.25,194.9981,7.94406271486,1.0,0.296249284875,67.2598677912,服装家纺,2025-04-29,2024-03-31
603801,志邦家居,0.1082,820023907.44,1.7723102927,-62.5162,47221342.54,-8.38,-80.7847,7.668621498786,1.42,-1.314932140091,37.2202786151,家居用品,2025-04-29,2024-03-31
603797,联泰环保,0.1,265721073.87,-23.9689914994,-23.062,55567318.18,-11.74,102.2545,5.243356311472,1.81,0.078702110725,62.0124725187,环境治理,2025-04-29,2024-03-31
603788,宁波高发,0.18,348513835.8,40.5577885861,-9.7792,40688994.39,41.69,-20.8123,9.216638796174,2.0,-0.63712860339,20.6627793513,汽车零部件,2025-04-29,2024-03-31
603779,威龙股份,0.06,136192892.63,114.8921597307,16.602,18467062.86,204.123024712,112.1233,1.702297841665,3.25,-0.033885147579,55.7994291203,非白酒,2025-04-29,2024-03-31
603778,国晟科技,-0.08,110136923.31,-35.4340305635,34.7251,-48780806.38,-520.18,43.8175,1.401948436749,-5.29,-0.074078263923,-3.0559432467,光伏设备,2025-04-29,2024-03-31
603777,来伊份,0.18,1061228453.17,-12.4737142858,8.8652,61311791.78,-13.9,16.7787,5.604488303669,3.28,0.164655307904,41.511058673,休闲食品,2025-04-29,2024-03-31
603766,隆鑫通用,0.1254,3295770719.47,20.4145907799,-10.9842,257572215.47,39.25,224.2455,4.143006639738,3.07,-0.02461154536,17.7099365145,摩托车及其他,2025-04-29,2024-03-31
603738,泰晶科技,0.08,182113806.3,3.821052958,-7.6897,30505603.95,59.56,16.8826,4.482894203476,1.74,0.068818493361,24.8462535924,元件,2025-04-29,2024-03-31
603733,仙鹤股份,0.38,2209002230.13,20.2194444848,-5.6375,268850594.03,120.14,-4.6492,10.373662817241,3.6,-0.58593211502,18.0128877858,造纸,2025-04-29,2024-03-31
603726,朗迪集团,0.21,417106794.81,15.2754219387,19.5845,38480240.66,160.47,71.6908,6.614654139537,3.14,0.081218803272,21.0082926436,家电零部件Ⅱ,2025-04-29,2024-03-31
603719,良品铺子,0.16,2451351507.26,2.793865686,19.7887,62482768.52,-57.98,667.0701,6.368495709751,2.48,-0.135867312793,26.4250190183,休闲食品,2025-04-29,2024-03-31
603716,塞力医疗,0.02,485121921.87,9.2446299241,1.7764,3156780.84,121.1753421663,102.0398,5.498947812535,0.28,-0.134852733547,22.697240365,医药商业,2025-04-29,2024-03-31
603712,七一二,0.021,489820385.61,3.6819127671,-51.1187,15877411.35,-36.43,-87.9588,6.069637331347,0.34,0.055272362267,35.4994973767,军工电子Ⅱ,2025-04-29,2024-03-31
603709,中源家居,0.06,347273030.12,67.5019192664,-1.6837,6058005.92,1.61,168.9287,6.248412810938,1.01,-0.155915255,25.5672051726,家居用品,2025-04-29,2024-03-31
603707,健友股份,0.11,1004271789.41,-23.1904298265,27.2085,177190306.66,-46.68,117.2238,3.669775022988,3.01,0.124324794125,38.4942455485,化学制药,2025-04-29,2024-03-31
603706,东方环宇,0.38,487597467.11,12.4342999155,6.8357,72719121.72,10.09,-21.1612,9.099825104682,4.31,-0.199889499366,22.5095996315,燃气Ⅱ,2025-04-29,2024-03-31
603698,航天工程,0.02,237515952.25,-53.9101842736,-82.0283,12827669.21,-61.33,-85.0905,6.126717159257,0.39,-0.689693875707,33.2973181089,专用设备,2025-04-29,2024-03-31
603696,安记食品,0.03,140192347.8,-3.4759657359,102.1625,6721265.07,-49.48,8957.7386,2.402867830825,1.2,-0.145522741156,15.7994189395,调味发酵品Ⅱ,2025-04-29,2024-03-31
603686,福龙马,0.16,1184952049.59,-1.7198432878,-11.8751,65030827.77,-15.64,40.9267,8.140153185062,1.94,-0.316852901419,21.2741800444,环境治理,2025-04-29,2024-03-31
603685,晨丰科技,0.02,296062582.27,18.4919601815,-16.1945,3209708.1,-17.66,-95.2828,6.776741890712,0.27,0.334201125154,16.0040364968,光学光电子,2025-04-29,2024-03-31
603683,晶华新材,0.094,388751633.43,32.7025859302,-15.7195,21579719.61,161.08,21.7747,4.992292274645,1.68,-0.013066605151,17.143659483,化学制品,2025-04-29,2024-03-31
603682,锦和商管,0.03,253679194.86,3.0856471282,-4.056,13126359.9,-43.38,291.308,2.398445567196,1.17,0.328134376783,25.7008823707,一般零售,2025-04-29,2024-03-31
603681,永冠新材,0.26,1319207637.93,11.8990241055,-7.3504,51244400.16,432.2427293079,51.2282,12.712533184445,2.05,0.006459810199,9.8308611663,化学制品,2025-04-29,2024-03-31
603680,今创集团,0.06,889806522.02,13.2984097957,-14.341,43388263.97,59.86,-33.5929,6.539832591874,0.85,0.14185492317,23.2649423147,轨交设备Ⅱ,2025-04-29,2024-03-31
603678,火炬电子,0.16,651580225.2,1.5707581202,-17.4817,74280771.31,-41.22,181.9541,11.780512661985,1.37,0.31235415383,32.5559165527,军工电子Ⅱ,2025-04-29,2024-03-31
603662,柯力传感,0.15,248326603.28,12.8929288994,-6.8024,43021686.12,-23.13,-56.4893,9.126809842567,1.69,0.028380827515,43.3549597337,通用设备,2025-04-29,2024-03-31
603660,苏州科达,-0.3027,201075290.78,-49.7889184621,-70.5427,-152236936.81,-122.2131250945,-356.3647,1.656832148722,-15.19,-0.352353441684,61.9571221689,计算机设备,2025-04-29,2024-03-31
603655,朗博科技,0.048,47491125.78,21.0378845386,-21.5717,5125091.51,96.97,-40.3294,5.159708713868,0.94,0.004650988491,35.3781448724,汽车零部件,2025-04-29,2024-03-31
603650,彤程新材,0.24,782426842.55,17.570977079,4.6055,144383762.86,74.29,155.0744,5.674636333253,4.21,0.07552865082,24.8106864109,橡胶,2025-04-29,2024-03-31
603639,海利尔,0.27,1147462366.23,-6.7006877087,66.0177,90735881.42,-40.37,192.8732,10.307061738887,2.65,-0.521759472807,25.7847751079,农化制品,2025-04-29,2024-03-31
603633,徕木股份,0.06,331474140.74,42.0433012452,6.1179,25192458.12,25.2,302.8933,4.544565795635,1.31,0.062365069692,22.7796299257,消费电子,2025-04-29,2024-03-31
603630,拉芳家化,0.12,224259188.49,15.6272077516,-7.9063,27939762.64,-23.21,368.1259,8.751577847085,1.42,0.459364265194,45.560921498,化妆品,2025-04-29,2024-03-31
603615,茶花股份,-0.0039,141792333.96,-15.1016533939,-14.7242,-931338.1,-146.1075589055,-164.052,4.908998814986,-0.08,0.049919504301,23.4714172625,家居用品,2025-04-29,2024-03-31
603611,诺力股份,0.45,1751369744.05,3.6559124922,7.7669,115437019.77,10.53,17.0532,10.762029331463,4.24,-0.562701684678,19.2206741445,工程机械,2025-04-29,2024-03-31
603610,麒盛科技,0.13,755962301.99,8.4840978493,5.4548,44932777.38,87.95,135.8908,9.255464155102,1.36,0.23073079332,32.599290437,家居用品,2025-04-29,2024-03-31
603607,京华激光,0.13,188205735.87,-4.8781974609,-30.9525,22764922.77,-16.73,-35.2105,5.784234249606,2.23,0.144147734331,26.507737232,包装印刷,2025-04-29,2024-03-31
603598,引力传媒,0.03,1267678119.38,32.4521805718,-1.4601,8044454.67,-7.29,-37.3179,0.765848114987,4.0,-0.933822910788,4.6325422662,广告营销,2025-04-29,2024-03-31
603589,口子窖,0.98,1767501835.5,11.0524347299,16.5629,589320448.31,10.02,58.0885,17.210285057867,5.87,-0.173266509067,76.4818069825,白酒Ⅱ,2025-04-29,2024-03-31
603587,地素时尚,0.23,537364351.89,-11.9775074781,-33.0784,110104699.5,-33.03,37.5776,8.077115012974,2.9,0.1476438085,75.5501394691,服装家纺,2025-04-29,2024-03-31
603580,艾艾精工,0.0094,36596637.78,14.6408033719,-1.5942,1232476.88,158.72,185.3403,3.369687538531,0.28,0.085980243386,39.4437019782,塑料,2025-04-29,2024-03-31
603578,三星新材,0.11,253745442.12,-15.1684877092,60.5657,20601476.23,-49.67,590.3023,6.142835565125,1.88,0.372997740615,24.4019157675,家电零部件Ⅱ,2025-04-29,2024-03-31
603559,中通国脉,-0.08,26125636.63,-41.396461846,-83.1753,-10746321.12,50.7844975877,95.0009,0.81737750534,-8.77,-0.001182777593,7.6764787722,通信服务,2025-04-29,2024-03-31
603558,健盛集团,0.22,548536755.66,10.4190993786,-11.9088,82224877.64,112.06,17.705,6.674276581965,3.34,0.40581171078,29.3408040481,纺织制造,2025-04-29,2024-03-31
603530,神马电力,0.15,231147541.98,18.8903055521,-19.2882,63738048.75,329.69,1.8331,3.821207242015,3.87,-0.032385557635,48.3663454053,电网设备,2025-04-29,2024-03-31
603515,欧普照明,0.16,1583098802.98,5.3483711893,-30.6033,120892584.24,23.48,-54.4285,8.861664152912,1.8,-0.23042159277,37.6367772124,照明设备Ⅱ,2025-04-29,2024-03-31
603508,思维列控,0.26,298965205.89,8.4152335682,-33.3813,100323202.62,10.23,-40.1002,12.206005292719,2.18,-0.059104278151,59.1544592567,计算机设备,2025-04-29,2024-03-31
603421,鼎信通讯,-0.16,468418887.72,0.8268896482,-67.8098,-104694271.93,-79.9559709006,-235.2553,5.082039375761,-3.11,-0.161290480336,36.0890949131,通信设备,2025-04-29,2024-03-31
603390,通达电气,0.03,122571536.87,9.7025581323,-38.6764,11769428.02,34.64,-42.7719,4.548841186542,0.74,-0.086248913238,27.0578894717,汽车零部件,2025-04-29,2024-03-31
603385,惠达卫浴,0.0744,688589341.98,6.6255600916,-29.1024,28384235.23,5979.08,116.7155,9.628022958651,0.78,0.130564284993,28.0312443618,家居用品,2025-04-29,2024-03-31
603379,三美股份,0.25,958608904.06,23.2772502008,32.2522,154292124.48,672.53,270.7891,9.951810312874,2.58,0.224620959032,22.7709543481,化学制品,2025-04-29,2024-03-31
603375,盛景微,-0.02,88658767.69,-41.6161003308,-68.561,-2284185.88,-106.43,-103.0392,15.771872858371,-0.18,-0.309859641226,40.4654307123,半导体,2025-04-29,2024-03-31
603368,柳药集团,0.83,5774668302.52,8.2460422549,11.1516,300349057.76,15.04,71.6174,18.678165201531,4.44,-1.47267200093,12.2515979983,医药商业,2025-04-29,2024-03-31
603365,水星家纺,0.36,914801168.2,11.837495156,-37.2206,93321484.89,11.55,-26.536,11.382935084258,3.14,-0.033454287253,41.4366555998,服装家纺,2025-04-29,2024-03-31
603359,*ST东珠,0.01,124393260.88,-22.1361482666,-29.4406,3111688.47,-49.11,100.8291,7.426951301132,0.09,0.243722926657,25.7431123627,基础建设,2025-04-29,2024-03-31
603355,莱克电气,0.47,2312530133.42,11.6828012397,-23.0667,271959280.24,36.0,-15.4974,7.896188358133,6.03,0.575264128373,25.9581201678,小家电,2025-04-29,2024-03-31
603345,安井食品,1.5,3754752131.26,17.6711195339,-0.515,438407731.56,21.24,23.0173,44.461111633999,3.42,3.229384736417,26.5514887888,食品加工,2025-04-29,2024-03-31
603338,浙江鼎力,0.6,1451856439.94,11.530180761,-7.5179,302213574.31,-5.4,-47.3169,18.118876927279,3.33,0.232252452034,39.5319854065,工程机械,2025-04-29,2024-03-31
603337,杰克科技,0.41,1628830616.29,12.5641975223,36.4242,187916127.03,67.56,49.09,8.969138238398,4.39,0.603693520662,30.0610981193,专用设备,2025-04-29,2024-03-31
603332,苏州龙杰,0.06,302154216.34,54.3516242569,-40.3022,12833548.78,202.7573406111,-54.5252,5.777184161685,1.03,-0.655061383743,9.4490707215,化学纤维,2025-04-29,2024-03-31
603326,我乐家居,0.0587,281616824.84,6.3222288174,-40.6092,18989428.84,185.75,548.084,3.64657138577,1.64,-0.26277984033,44.0609494303,家居用品,2025-04-29,2024-03-31
603321,梅轮电梯,0.24,145463850.03,1.4301548952,-39.9615,73310045.73,682.49,288.8217,3.976787207459,5.96,0.061489324788,23.0995112827,专用设备,2025-04-29,2024-03-31
603317,天味食品,0.1672,853185781.05,11.3352325526,-6.7201,175982005.77,37.2,29.1247,4.210473947312,3.9,0.176777963931,44.0522738339,调味发酵品Ⅱ,2025-04-29,2024-03-31
603313,梦百合,0.03,1818967738.44,7.0751027301,-19.5309,19822857.37,18.18,413.1449,6.776163187224,0.51,0.231472733798,38.5246379175,家居用品,2025-04-29,2024-03-31
603310,巍华新材,0.35,310266374.74,-32.6450272859,5.5035,90918722.7,-47.9,28.7824,9.758383473707,3.66,0.106190648031,38.6100601815,化学制品,2025-04-29,2024-03-31
603306,华懋科技,0.179,469285488.68,11.8092294912,-21.4934,53900315.6,87.76,-42.3005,10.251823970478,1.59,0.42153478577,30.6416002217,汽车零部件,2025-04-29,2024-03-31
603299,苏盐井神,0.2946,1388280493.01,-10.1040856472,-7.277,226846968.38,10.23,16.4387,7.405597982497,4.0105,0.553642937629,35.3269251833,化学原料,2025-04-29,2024-03-31
603288,海天味业,0.35,7693850351.12,10.2115275487,30.2024,1918879886.71,11.85,47.8397,5.429621818609,6.54,-0.099707105951,37.310374577,调味发酵品Ⅱ,2025-04-29,2024-03-31
603286,日盈电子,0.05,196165058.25,20.8149362156,18.8274,5700941.57,94.06,209.3734,7.547284476157,0.66,0.051469588391,20.3443587487,汽车零部件,2025-04-29,2024-03-31
603285,键邦股份,0.37,168023655.87,6.6424096099,6.9417,44229650.98,5.66,8.2477,8.177624990167,4.61,0.345629379583,35.5850160922,化学制品,2025-04-29,2024-03-31
603281,江瀚新材,0.41,586677653.53,0.984896609,11.5113,154291020.51,-0.06,28.3849,13.192313585666,3.18,0.071638769872,34.0255247458,化学制品,2025-04-29,2024-03-31
603279,景津装备,0.4,1506824330.95,2.6606178814,-5.9051,228531883.32,6.7,-14.8729,7.22100584743,5.13,0.137690865787,29.9551748302,通用设备,2025-04-29,2024-03-31
603278,大业股份,0.02,1238969008.81,-2.1172516934,-10.4593,7022010.82,-0.79,173.243,6.761673034373,0.26,-0.659130376935,6.763971362,通用设备,2025-04-29,2024-03-31
603277,银都股份,0.39,631389991.41,5.5986484622,5.9453,164559370.17,68.81,57.9539,7.045687789969,5.69,-0.135854628492,46.4249336524,通用设备,2025-04-29,2024-03-31
603276,恒兴新材,0.08,153837088.72,9.8312543292,-15.5545,16790012.84,0.64,11.6576,11.040461215438,0.75,-0.102143795188,17.802213288,化学制品,2025-04-29,2024-03-31
603273,天元智能,0.04,173002698.13,-10.1527245845,-18.3779,9224226.84,-23.99,-38.5051,4.054785162524,1.07,-0.188126038176,11.1073163354,工程机械,2025-04-29,2024-03-31
603272,*ST联翔,-0.03,27149182.14,-24.757032703,-8.2934,-3388639.13,15.6412973059,80.5755,5.800018310961,-0.57,-0.14630630521,29.0252544234,家居用品,2025-04-29,2024-03-31
603270,金帝股份,0.13,272791397.35,13.6576144834,5.5502,28721610.43,-17.15,267.0207,9.863525417691,1.34,-0.229426526761,33.6776313412,通用设备,2025-04-29,2024-03-31
603269,海鸥股份,0.08,268536530.7,29.5071894865,-46.0797,12886713.87,483.0,-73.0098,6.397624756412,1.28,0.065090629373,25.625603824,通用设备,2025-04-29,2024-03-31
603259,药明康德,0.67,7981934236.96,-10.9530976411,-26.0896,1942210693.65,-10.42,26.9135,18.968042383881,3.51,0.76947340785,38.1305038647,医疗服务,2025-04-29,2024-03-31
603257,中国瑞林,0.09,376841491.66,,,8513574.28,,,,0.48,,14.7303549711,工程咨询服务Ⅱ,2025-04-29,2024-03-31
603256,宏和科技,-0.01,189921943.83,55.3402311932,15.5724,-8069491.72,-114.1222133579,58.7276,1.608211957938,-0.57,-0.009272083092,12.1681759064,玻璃玻纤,2025-04-29,2024-03-31
603255,鼎际得,0.03,182636629.03,-5.5670532456,7.4028,4206249.42,-77.88,-67.8539,11.9254707499,0.26,-0.117731670845,17.0133260261,化学制品,2025-04-29,2024-03-31
603236,移远通信,0.21,3954236158.15,26.0598309106,1.537,54765968.89,140.5952028181,-49.6316,13.688359824117,1.51,-2.679620403418,16.9270841017,通信设备,2025-04-29,2024-03-31
603228,景旺电子,0.38,2742603633.02,17.1585911185,-8.7445,317892747.81,50.3,34.7401,10.223730967996,3.56,0.468738937211,24.6057313038,元件,2025-04-29,2024-03-31
603225,新凤鸣,0.18,14452258268.83,15.5305720895,-16.3112,275181070.96,45.25,37.9547,10.98505039681,1.62,-1.119486291984,5.899655504,化学纤维,2025-04-29,2024-03-31
603222,济民健康,0.03,233537436.4,4.9164460661,7.6796,14866868.4,-55.92,113.4473,2.938938313148,0.94,0.023567149414,43.826845596,医疗器械,2025-04-29,2024-03-31
603220,中贝通信,0.107,729407538.22,30.5533531847,-16.3362,46454227.23,103.25,7.8108,5.660139983321,2.37,-1.030215061396,17.196403179,通信服务,2025-04-29,2024-03-31
603218,日月股份,0.08,697687177.34,-34.9550086721,-38.0122,86803384.79,-33.98,-32.5115,9.599751097063,0.88,-0.41186999934,21.7743593754,风电设备,2025-04-29,2024-03-31
603216,梦天家居,0.03,217454422.93,33.7443082104,-54.2344,6602556.74,35.58,-87.1754,7.999261762198,0.37,-0.627383508504,26.5436719209,家居用品,2025-04-29,2024-03-31
603213,镇洋发展,0.1,393327060.44,-20.3681369657,-31.8958,45183001.36,-22.96,-52.0452,4.186380206808,2.51,-0.331765844618,20.6538972424,化学原料,2025-04-29,2024-03-31
603203,快克智能,0.24,225175949.16,4.079769705,13.0182,59806994.81,8.63,71.5455,5.677687029195,4.27,0.230207924808,49.5081901357,自动化设备,2025-04-29,2024-03-31
603202,天有为,1.92,935789072.38,,-7.1482,230595609.01,,-16.9589,,12.44,,36.960970818,汽车零部件,2025-04-29,2024-03-31
603201,常润股份,0.3,631176909.61,4.8922272578,3.9336,47234231.52,73.25,-43.5166,13.431831308638,3.15,0.710862937111,21.2518686675,汽车零部件,2025-04-29,2024-03-31
603200,上海洗霸,0.1155,124946060.54,6.402871856,-22.2493,20220249.9,84.66,1036.3934,5.407562709321,2.16,0.094284411149,41.8416577794,环境治理,2025-04-29,2024-03-31
603198,迎驾贡酒,1.14,2335775405.73,21.9084061515,23.9263,915938651.05,30.43,47.5746,11.561822066837,10.22,0.809990441,74.9922456142,白酒Ⅱ,2025-04-29,2024-03-31
603196,璞源材料,-0.0332,201584658.28,-18.5249344979,-38.5517,-7922490.18,-164.96,-114.7438,3.308716305752,-0.99,-0.027052970259,62.0226561668,服装家纺,2025-04-29,2024-03-31
603192,汇得科技,0.11,670520698.01,14.4267802097,-1.9914,14731908.85,16.78,29.5061,10.522587215066,1.02,-1.004468817297,10.2200690662,化学制品,2025-04-29,2024-03-31
603190,亚通精工,0.45,411439400.28,21.394399827,-22.5975,54409908.61,-0.33,175.6217,17.634003927833,2.61,-1.07939881675,29.1896391323,汽车零部件,2025-04-29,2024-03-31
603180,金牌家居,0.24,640650285.74,11.4474220876,-41.6696,36409883.67,11.16,-71.0529,17.772973538642,1.31,-2.791638670424,28.0058844527,家居用品,2025-04-29,2024-03-31
603179,新泉股份,0.42,3046997609.24,40.2360456584,-6.3364,204175896.46,34.74,-16.5225,10.056522907406,4.04,0.21992431442,19.1742614677,汽车零部件,2025-04-29,2024-03-31
603178,圣龙股份,0.0,370769500.02,15.2047546271,-6.9867,848719.5,-85.46,-95.2937,5.436029824956,0.07,0.017494165067,11.4313588059,汽车零部件,2025-04-29,2024-03-31
603177,德创环保,0.07,224512594.23,6.5492048726,23.0373,14946072.37,1187.28,132.2164,1.853883657311,3.94,-0.123576602567,28.133852351,环境治理,2025-04-29,2024-03-31
603176,汇通集团,-0.09,321032995.2,-29.1449941144,-59.6624,-40098114.33,-82.9560561817,-230.5117,2.132832387317,-3.7,-0.174045362525,11.8293387184,基础建设,2025-04-29,2024-03-31
603172,万丰股份,0.04,99198591.67,-27.3818346943,-17.3312,5823533.04,-62.14,-21.1036,7.78903331519,0.56,-0.118793552332,24.3147277234,化学制品,2025-04-29,2024-03-31
603150,万朗磁塑,0.41,735782246.91,67.0971394222,-14.4048,34517729.23,19.57,0.5344,16.665080800328,2.43,-2.155839549538,21.8245153718,塑料,2025-04-29,2024-03-31
603139,康惠股份,0.01,127367068.27,2.8879218686,-36.5487,1086299.01,-86.76,103.0704,9.509940960252,0.11,0.085312817982,32.4846281083,中药Ⅱ,2025-04-29,2024-03-31
603137,恒尚节能,0.38,428797601.75,-9.032565507,-27.6797,50102069.73,-23.2,18.2,9.131655321016,4.29,-0.312067847877,16.6210347817,装修装饰Ⅱ,2025-04-29,2024-03-31
603135,中重科技,0.02,116440899.47,-61.6821644405,-57.1466,15245741.31,-69.2,-51.4223,6.867155004689,0.49,-0.167520036311,22.1099703602,专用设备,2025-04-29,2024-03-31
603127,昭衍新药,-0.36,324809103.67,-12.06783851,-58.854,-272222474.99,-244.98,-492.2842,10.65910795994,-3.35,0.159961764286,32.8353216505,医疗服务,2025-04-29,2024-03-31
603126,中材节能,0.0438,548627998.84,-9.0499624607,-35.9199,26716716.29,-23.05,-42.3573,3.489969583997,1.26,-0.507201391679,19.7584155711,环保设备Ⅱ,2025-04-29,2024-03-31
603124,江南新材,0.3,1804783164.33,,-3.96,32962163.55,,-5.0266,,2.76,,3.5212823494,金属新材料,2025-04-29,2024-03-31
603120,肯特催化,0.22,134953897.43,-13.2776209194,,14596433.6,-3.7549133253,,,1.89,,25.3909141289,化学制品,2025-04-29,2024-03-31
603118,共进股份,0.01,1921223558.57,-9.5030933317,2.7642,6065669.55,-92.06,105.2789,6.492026908836,0.12,-0.393667343609,10.769518522,通信设备,2025-04-29,2024-03-31
603116,红蜻蜓,0.04,600639831.07,-0.6126343518,0.2332,21601121.77,2.09,442.9257,5.275689885106,0.71,0.000632945286,37.4140262093,服装家纺,2025-04-29,2024-03-31
603111,康尼机电,0.05,725267200.33,19.4217747326,-39.4209,44598572.59,34.05,-72.1626,4.169124000559,1.15,-0.164026107417,30.8209308526,轨交设备Ⅱ,2025-04-29,2024-03-31
603109,神驰机电,0.086,527481416.17,-28.0414878477,-11.04,18083360.81,-72.15,-56.2292,8.730673719191,1.0,-0.171219948732,26.3737598473,通用设备,2025-04-29,2024-03-31
603100,川仪股份,0.29,1567486344.12,0.4829023693,-18.7042,148369991.01,6.48,-29.1795,10.405164709528,3.68,-0.962108421702,33.3983199856,通用设备,2025-04-29,2024-03-31
603097,江苏华辰,0.14,250762587.16,16.4045817632,-57.1135,23109894.96,84.34,-60.8522,5.953571355438,2.46,-0.294844118438,24.2683243618,电网设备,2025-04-29,2024-03-31
603091,众鑫股份,0.82,338414837.63,,-7.1341,63072180.32,,-13.6699,,5.62,,33.0232381218,包装印刷,2025-04-29,2024-03-31
603089,正裕工业,0.07,421461355.73,41.9790468334,-12.8069,15482233.22,287.0662937783,327.5866,5.192131293452,1.33,0.125948685039,26.7728770707,汽车零部件,2025-04-29,2024-03-31
603085,天成自控,0.03,367499926.73,31.893578545,-16.5888,10020129.53,427.77,437.0708,2.244846416646,1.21,0.061637065626,22.1405601041,汽车零部件,2025-04-29,2024-03-31
603081,大丰实业,0.08,289574544.58,-13.1418996624,24.4977,33887050.67,58.77,246.4482,6.835006622507,1.17,0.02137597855,37.0095552064,专用设备,2025-04-29,2024-03-31
603077,和邦生物,0.0036,1999261196.4,-16.5050002582,-16.3365,29792564.09,-92.49,-88.7235,2.15528037825,0.1545,-0.049072705153,10.1099230838,农化制品,2025-04-29,2024-03-31
603073,彩蝶实业,0.24,164933101.2,1.6185642468,-14.8223,27823318.83,56.79,30.6414,11.335095115431,2.14,0.110413616207,26.2556388469,化学纤维,2025-04-29,2024-03-31
603068,博通集成,0.01,168010710.05,5.6126284545,-8.9679,1216195.21,103.31,133.0291,11.350089261313,0.05,-0.00840840097,34.6367592058,半导体,2025-04-29,2024-03-31
603065,宿迁联盛,0.03,314353104.05,-32.5092910418,-5.4523,10917687.98,-75.68,-35.4547,5.020467488114,0.52,-0.037970073755,12.7933436482,化学制品,2025-04-29,2024-03-31
603062,麦加芯彩,0.26,301961984.3,31.0182361325,-17.9807,28269903.38,-49.84,142.546,19.892617769722,1.32,-1.180722559907,20.3726119441,化学制品,2025-04-29,2024-03-31
603058,永吉股份,0.097,224351811.57,29.0398572857,-24.892,40493153.35,31.02,2.1936,2.597005452196,3.72,-0.053076055606,40.4404183746,包装印刷,2025-04-29,2024-03-31
603055,台华新材,0.17,1472423298.45,51.7185095836,-6.6875,149800220.36,101.13,22.6438,5.092347113237,3.31,-0.174048871126,23.3986265826,纺织制造,2025-04-29,2024-03-31
603043,广州酒家,0.1244,1012348645.31,10.0442770846,-1.2105,70781639.21,2.22,20.2724,6.554351653633,1.92,0.215356591325,29.8111417038,休闲食品,2025-04-29,2024-03-31
603042,华脉科技,-0.0238,173587705.34,-19.8517217972,-27.6805,-3827000.47,80.607800223,90.323,5.485157575286,-0.43,-0.019519924797,20.0242415221,通信设备,2025-04-29,2024-03-31
603040,新坐标,0.36,141883707.71,7.5980758057,-11.8064,48561477.78,1.22,-1.9666,9.46816378874,3.81,0.429449538982,51.5118106086,汽车零部件,2025-04-29,2024-03-31
603037,凯众股份,0.06,132908717.21,6.4512333218,-47.4522,12030458.27,47.34,-68.1712,6.855654774626,1.3,0.087387971598,36.5783533319,汽车零部件,2025-04-29,2024-03-31
603036,如通股份,0.1,88054638.12,19.5570597902,-28.0751,20177149.22,41.21,-42.1187,6.258726627583,1.58,0.06451513838,43.7370346438,专用设备,2025-04-29,2024-03-31
603033,三维股份,0.03,1175640679.17,41.7650155688,13.5636,26187441.84,-34.2,377.3395,3.403120077069,0.73,-0.008272959827,10.3856801583,橡胶,2025-04-29,2024-03-31
603032,德新科技,-0.0597,52962047.69,-78.2917192771,1.8589,-13570516.45,-113.35,72.5747,5.192244363057,-1.11,0.050795318474,20.6639315837,电池,2025-04-29,2024-03-31
603026,石大胜华,0.14,1220807037.27,-16.4265938067,-1.1823,27689999.38,246.44,153.8037,19.357767238405,0.71,-1.272737405072,7.0050534482,电池,2025-04-29,2024-03-31
603023,威帝股份,0.008,20533677.14,52.4102835812,156.0394,4382814.76,876.0606185091,124.9362,1.385011390562,0.56,0.023259833492,34.6248425527,汽车零部件,2025-04-29,2024-03-31
603021,*ST华鹏,-0.1,101921734.62,-25.2320188168,-27.5028,-30447732.57,34.09,77.7728,0.550998104317,-16.29,-0.031229817326,11.5806597916,家居用品,2025-04-29,2024-03-31
603017,中衡设计,0.11,329221596.26,2.6166561353,-41.5403,29936228.77,2.2,136.5154,5.36330932399,2.03,-0.058835737358,20.9010114499,工程咨询服务Ⅱ,2025-04-29,2024-03-31
603013,亚普股份,0.25,1858855373.25,-3.0546165612,-21.6211,127958758.03,1.64,120.238,8.07789860701,3.13,0.68058330271,16.138321674,汽车零部件,2025-04-29,2024-03-31
603011,合锻智能,0.01,317073767.84,7.9547630906,-40.7937,5456572.34,-71.61,109.4966,4.509522121418,0.25,-0.151051690629,29.8705852695,专用设备,2025-04-29,2024-03-31
603008,ST喜临门,0.19,1761132019.31,20.0158414049,-32.5031,74079494.92,20.2,91.9194,9.934938982598,1.98,-0.865327562744,33.4556749988,家居用品,2025-04-29,2024-03-31
603005,晶方科技,0.08,240846492.73,7.8995914908,4.0031,49240151.47,72.37,24.8993,6.334046460632,1.19,0.063524553869,42.4444701109,半导体,2025-04-29,2024-03-31
603004,鼎龙科技,0.18,147138139.34,-23.3400839787,-31.8816,42335033.97,-12.39,-19.9885,8.174070994565,2.2,0.268357048616,45.9672052286,化学制品,2025-04-29,2024-03-31
603002,宏昌电子,0.01,485687906.87,-10.7651578185,-8.6563,11877276.32,-35.64,-51.7776,3.051509725011,0.34,-0.032231586711,6.8186774185,电子化学品Ⅱ,2025-04-29,2024-03-31
601997,贵阳银行,0.42,3645357000.0,-2.5115851428,-0.2258,1548500000.0,-3.65,18.9734,15.980002997649,2.69,5.21,,银行Ⅱ,2025-04-29,2024-03-31
601995,中金公司,0.22,3873747046.0,-37.6100780759,-29.8825,1238666240.0,-45.13,-20.0053,18.547888542359,1.21,2.654688960712,,证券Ⅱ,2025-04-29,2024-03-31
601991,大唐发电,0.0505,30741060000.0,9.5957112976,-3.2971,1331488000.0,872.26,190.5583,1.538580788342,3.35,0.333240141914,13.407172687,电力,2025-04-29,2024-03-31
601985,中国核电,0.162,17988347736.71,0.5301005702,-4.6617,3058910909.24,1.18,135.9064,4.929043265175,3.34,0.502200424104,49.1713937268,电力,2025-04-29,2024-03-31
601968,宝钢包装,0.05,1981683408.35,12.6473853069,1.932,55863936.38,-8.92,239.9966,3.408198453384,1.45,0.235976184527,8.3752496105,包装印刷,2025-04-29,2024-03-31
601956,东贝集团,0.0781,1458127930.52,12.8289992195,-4.1778,48058026.87,25.16,-10.1961,4.067769053274,1.92,-0.350888059768,12.1166185464,家电零部件Ⅱ,2025-04-29,2024-03-31
601952,苏垦农发,0.09,2336480262.82,-4.7742127248,-34.1411,129153511.39,8.55,-54.7714,4.904808544753,1.93,-0.007391755051,13.9308743412,种植业,2025-04-29,2024-03-31
601908,京运通,-0.19,1469099916.43,-46.0511997167,-41.741,-463734739.96,-252.91,-257.6553,4.532634621537,-4.15,-0.204523158013,-6.5683537444,电力,2025-04-29,2024-03-31
601890,亚星锚链,0.0709,449287304.29,-8.142630149,1.8989,67977348.85,15.3,11.8984,3.661322516594,1.95,-0.105818689368,27.4478353789,航海装备Ⅱ,2025-04-29,2024-03-31
601858,中国科传,0.04,465106033.34,3.2600009175,-54.1326,31400007.39,-26.54,-85.6303,6.542864784187,0.61,-0.365329903403,33.6258283809,出版,2025-04-29,2024-03-31
601838,成都银行,0.75,5638180000.0,6.2734185642,12.7679,2850954000.0,12.83,-18.8823,17.845473003624,4.26,-0.26,,银行Ⅱ,2025-04-29,2024-03-31
601801,皖新传媒,0.15,2928840441.68,-5.4418874521,100.0487,293062520.99,-13.28,713.3195,5.968929935939,2.48,0.30898768007,27.4799355986,出版,2025-04-29,2024-03-31
601799,星宇股份,0.8555,2412298653.63,25.4699261994,-19.902,242777827.55,19.23,-24.2546,32.832548580897,2.62,0.507756040207,18.5647670336,汽车零部件,2025-04-29,2024-03-31
601789,宁波建工,0.0735,5671539643.37,-0.4327956147,-24.5079,84313082.73,-13.03,-8.8368,4.032953439395,1.84,-1.98020332704,7.1306756609,房屋建设Ⅱ,2025-04-29,2024-03-31
601727,上海电气,0.0076,20586986000.0,-3.3,-43.4823,118972000.0,-91.27,105.9706,3.382585928287,0.21,-0.445299679799,19.281271495,其他电源设备Ⅱ,2025-04-29,2024-03-31
601718,ST际华,-0.006,2604050812.22,-5.2313935978,-25.9603,-26395575.09,-210.22,-135.92,3.888718167299,-0.15,-0.279641058843,13.5131503214,服装家纺,2025-04-29,2024-03-31
601717,中创智领,0.588,9670188798.74,4.9239570004,5.5403,1042121391.17,33.08,29.1897,11.982729591261,4.99,0.153578930916,23.8927880382,专用设备,2025-04-29,2024-03-31
601700,风范股份,0.056,995073030.55,100.3774211863,-16.6038,64473600.87,471.62,123.9687,2.381535092761,2.4,-0.204426991752,18.3347137164,电网设备,2025-04-29,2024-03-31
601699,潞安环能,0.43,8659034728.96,-27.1888624802,-14.4703,1287852801.45,-61.9,97.483,16.664423907107,2.63,-0.523125800295,42.451942537,煤炭开采,2025-04-29,2024-03-31
601686,友发集团,0.001,10750765962.97,-25.197456964,-26.6902,1356188.49,-99.37,-98.9713,4.220435009812,0.02,-0.227478262746,2.2963506359,普钢,2025-04-29,2024-03-31
601668,中国建筑,0.35,549319265000.0,4.6665231263,-7.5667,14921852000.0,1.2,40.6224,10.41508550995,3.38,-2.320882518077,8.0863446506,房屋建设Ⅱ,2025-04-29,2024-03-31
601666,平煤股份,0.3157,8268256866.63,-4.1910695316,-2.6127,740455395.26,-35.4,-14.407,10.268924483452,2.74,1.14360550148,26.942189742,煤炭开采,2025-04-29,2024-03-31
601619,嘉泽新能,0.08,595333422.55,-7.3003348806,3.75,197104082.9,-19.85,28.1047,2.745593449352,2.97,0.093369473734,61.7105296216,电力,2025-04-29,2024-03-31
601607,上海医药,0.42,70152787484.98,5.9286362278,11.7318,1542277554.18,1.62,5460.5134,18.918773879441,2.23,-1.478032607348,11.4436185464,医药商业,2025-04-29,2024-03-31
601599,浙文影业,0.03,615785705.89,-10.1104807316,21.9568,35479692.97,2.75,306.3468,1.232272056557,2.51,-0.261401481821,18.429610068,纺织制造,2025-04-29,2024-03-31
601579,会稽山,0.2,437144435.35,18.1866531266,-8.1833,92179385.79,16.11,45.7607,7.726909654997,2.51,-0.130390639654,53.6008578703,非白酒,2025-04-29,2024-03-31
601528,瑞丰银行,0.2,1054624000.0,15.3238584608,16.3503,397694000.0,14.69,-15.1684,8.735539540333,2.355,-2.08706981741,,银行Ⅱ,2025-04-29,2024-03-31
601512,中新集团,0.31,1033676732.19,11.100716302,-1.0592,471450266.59,13.08,42.3338,9.800104829721,3.26,-0.094542096732,71.381175955,房地产开发,2025-04-29,2024-03-31
601388,怡球资源,0.013,1577793633.72,-9.9549701402,-4.9936,28654578.27,-61.27,224.9379,1.928380381837,0.67,-0.050182562744,7.4184893334,工业金属,2025-04-29,2024-03-31
601368,绿城水务,0.0237,542581457.6,7.5322901386,-9.745,20937714.48,-31.67,133.4111,5.319949416431,0.45,0.06512586655,33.0544673206,环境治理,2025-04-29,2024-03-31
601366,利群股份,0.01,2259710269.41,-0.6239043152,29.0253,12222496.0,-36.04,647.3446,4.686043010975,0.29,0.504082326283,31.4273834856,一般零售,2025-04-29,2024-03-31
601326,秦港股份,0.08,1713687914.24,-0.7138784932,1.2379,433950677.22,3.84,81.8262,3.379172096724,2.33,0.129838431166,38.6656535571,航运港口,2025-04-29,2024-03-31
601228,广州港,0.042,3237749999.69,8.8623818274,-7.1058,317886674.67,-6.58,60.2534,2.713911940853,1.56,0.107046155545,25.6205526393,航运港口,2025-04-29,2024-03-31
601216,君正集团,0.0844,5197619612.68,1.988399202,4.379,712369536.6,-14.19,30.2253,3.280836139095,2.61,-0.017280186296,21.4113622997,化学原料,2025-04-29,2024-03-31
601200,上海环境,0.09436,1323129487.03,-3.2489793556,-36.2086,127024016.83,-6.92,73.8002,9.65712791101,1.18,0.006397220028,29.3105064509,环境治理,2025-04-29,2024-03-31
601188,龙江交通,0.036,112800447.26,-11.1826944487,-35.1797,46750635.76,-18.88,215.1515,3.471259336467,1.05,-0.024595244191,46.9781032852,铁路公路,2025-04-29,2024-03-31
601187,厦门银行,0.26,1488662000.0,3.6849601777,13.6911,752440000.0,4.35,25.3249,9.392812721473,2.8,-0.830891526694,,银行Ⅱ,2025-04-29,2024-03-31
601158,重庆水务,0.04,1519947433.67,-8.5561012669,4.4534,183912500.86,-35.8,151.772,3.5822391957,1.08,-0.019869688513,25.4846045942,环境治理,2025-04-29,2024-03-31
601156,东航物流,0.37,5223948184.7,14.1725055891,-18.2431,588881387.28,-22.64,-28.464,10.104946462844,3.74,-0.070116262501,15.837554846,物流,2025-04-29,2024-03-31
601137,博威合金,0.34,4489041580.9,32.6675639725,-14.1921,262585735.77,38.51,-21.1184,9.188572379186,3.65,-0.001356111285,15.2798970528,金属新材料,2025-04-29,2024-03-31
601133,柏诚股份,0.11,1144747485.88,111.114361653,-20.8716,55672172.95,37.77,-13.2578,5.413580833148,1.99,-1.027898940708,9.5210381953,专业工程,2025-04-29,2024-03-31
601126,四方股份,0.22,1544819376.34,31.2061393848,2.0042,181055147.35,27.55,71.1605,5.326254552593,4.18,0.102577604184,33.9590599267,电网设备,2025-04-29,2024-03-31
601101,昊华能源,0.31,2412701599.3,7.5841222528,4.1373,451845572.59,5.12,1445.9172,8.155628462169,3.94,0.907465495169,50.9331806273,煤炭开采,2025-04-29,2024-03-31
601100,恒立液压,0.45,2361599627.05,-2.6953261465,-10.5548,601941673.95,-3.77,-19.2239,11.201683089528,4.1,0.070195407658,40.0960498208,工程机械,2025-04-29,2024-03-31
601065,江盐集团,0.22,693076141.24,-8.8305395902,1.8457,140110719.77,0.24,0.1663,6.631647446015,3.35,0.13258885163,38.8425997118,化学原料,2025-04-29,2024-03-31
601058,赛轮轮胎,0.33,7295783650.36,35.8355228226,4.724,1033697939.04,191.19,-3.0601,5.242761841335,6.56,-0.031758300652,27.6844099231,汽车零部件,2025-04-29,2024-03-31
601038,一拖股份,0.5334,4655884153.4,11.0036801379,263.179,599396148.31,23.4,779.8017,6.490527339698,8.57,0.219853107138,17.0533948739,专用设备,2025-04-29,2024-03-31
601020,华钰矿业,0.048,247322834.05,61.532232833,47.6479,38164041.42,146.72,175.0426,3.63460944523,1.31,0.021347430451,48.1678988022,工业金属,2025-04-29,2024-03-31
601018,宁波港,0.06,6926840000.0,18.9522208705,2.0247,1123678000.0,13.04,74.7263,3.908842622035,1.49,0.195523035728,29.5198676453,航运港口,2025-04-29,2024-03-31
601016,节能风电,0.067,1325092372.82,4.1694017472,2.6888,436394920.35,7.7,36.5527,2.609889655676,2.54,0.11912365453,54.9120074438,电力,2025-04-29,2024-03-31
601008,连云港,0.04,635519417.24,5.8641877564,-27.2428,43843212.11,25.72,-22.3602,3.22864783184,1.1,0.772898002006,23.5265255245,航运港口,2025-04-29,2024-03-31
601003,柳钢股份,0.01,19988333072.03,16.4503575101,-11.7899,37494961.84,-86.04,107.5526,3.454144622442,0.42,-1.474698562986,4.9884099541,普钢,2025-04-29,2024-03-31
601000,唐山港,0.0913,1484163918.68,1.769011175,6.3691,541214428.39,4.81,73.8057,3.465290970766,2.67,0.109938548288,51.6787391889,航运港口,2025-04-29,2024-03-31
600999,招商证券,0.23,4298673959.4,-9.6623393758,-13.1595,2157223258.83,-4.54,-8.6866,12.568562052227,1.87,0.763696720856,,证券Ⅱ,2025-04-29,2024-03-31
600998,九州通,0.11,40472147237.18,-3.8495991631,13.1278,537675138.46,-4.19,53.4622,6.282522695215,2.22,-0.93469511038,7.2041410945,医药商业,2025-04-29,2024-03-31
600995,南网储能,0.09,1324702887.93,-5.9620567613,-15.2371,285270229.18,-24.95,46.6044,6.612961906566,1.36,0.24456653408,49.2172255455,电力,2025-04-29,2024-03-31
600981,苏豪汇鸿,-0.06,10198575490.23,-7.2981926961,-29.0427,-137613943.07,-242.27,-6.6308,2.082359625285,-2.67,-0.124469095581,4.1146421119,贸易Ⅱ,2025-04-29,2024-03-31
600975,新五丰,-0.2,1429922405.05,16.9789492731,-18.6563,-254311686.94,-11.7792748168,43.9858,2.170717070533,-8.88,0.040982009691,-8.5991652866,养殖业,2025-04-29,2024-03-31
600969,郴电国际,0.0021,1000492856.87,-1.4727163111,11.3167,770474.77,-96.05,103.2943,9.694880453582,0.02,0.112285262705,7.1746181631,电力,2025-04-29,2024-03-31
600936,北投科技,-0.1,278346755.36,-36.9674362885,-10.8651,-174671379.21,-46.6914936088,43.6049,0.814503931569,-12.07,-0.059493282206,-0.0276879642,IT服务Ⅱ,2025-04-29,2024-03-31
600926,杭州银行,0.82,9760688000.0,3.5007838889,28.7165,5133233000.0,21.11,90.6968,16.579341535973,4.99,-1.93,,银行Ⅱ,2025-04-29,2024-03-31
600919,江苏银行,0.45,20999172000.0,11.724971223,34.4757,9042302000.0,10.02,192.0132,12.003071549497,3.845,4.445680976479,,银行Ⅱ,2025-04-29,2024-03-31
600909,华安证券,0.06,832043812.48,-19.5723554689,-10.6864,279381443.93,-23.29,-11.3216,4.473600249688,1.31,0.462564291033,,证券Ⅱ,2025-04-29,2024-03-31
600885,宏发股份,0.3414,3452812881.7,5.7942424439,15.1198,356020974.11,7.76,9.6676,8.012811509507,4.18,-0.232467473015,34.8072043232,电网设备,2025-04-29,2024-03-31
600881,亚泰集团,-0.16,1000650375.76,-37.7881153898,-24.9968,-515915343.05,-50.65,80.2352,1.616286505177,-9.38,-0.086934410313,25.945662565,综合Ⅱ,2025-04-29,2024-03-31
600879,航天电子,0.043,3813786521.08,-14.5048535979,-33.8898,143003007.95,-21.43,1078.9424,6.178714410873,0.704,-0.380517026752,19.154538027,航天装备Ⅱ,2025-04-29,2024-03-31
600868,梅雁吉祥,-0.0051,23193475.8,-70.2055868486,-69.3579,-9630081.39,-195.93,92.766,1.20063879889,-0.42,0.001828577254,23.6672242114,电力,2025-04-29,2024-03-31
600865,百大集团,0.1,58934468.32,4.2919216565,-9.2301,36301160.4,940.84,601.5669,6.196139769402,1.57,0.024186930302,90.8319133709,一般零售,2025-04-29,2024-03-31
600858,银座股份,0.1752,1671923111.75,1.7970459238,61.6698,91127480.94,-2.37,573.6814,5.165115761493,3.451,1.01247907929,39.695325829,一般零售,2025-04-29,2024-03-31
600857,宁波中百,-0.021,279729693.97,-5.7601074959,24.4363,-4634952.96,-130.88,52.1151,3.795277127039,-0.54,-0.081280809485,6.757393179,一般零售,2025-04-29,2024-03-31
600855,航天长峰,-0.0913,150972476.99,-27.1678476518,-71.1039,-43285783.09,2.7785161133,73.1748,3.820869859721,-2.56,-0.15285672607,26.6646618262,军工电子Ⅱ,2025-04-29,2024-03-31
600826,兰生股份,-0.01,176855498.59,228.722131399,-61.4395,-5236807.38,41.2526472787,-115.9222,7.196826087686,-0.14,0.116498311509,26.1989039354,专业服务,2025-04-29,2024-03-31
600824,益民集团,0.031,260903093.06,-22.7528431884,37.5745,32448039.62,-14.42,271.619,2.302367968142,1.35,0.03925652071,41.2239200266,一般零售,2025-04-29,2024-03-31
600818,ST中路,-0.018,200484260.2,6.2196230506,-17.0746,-5668882.23,-407.7141980392,-138.6692,1.877282302473,-0.935,-0.096994953335,13.8137992092,摩托车及其他,2025-04-29,2024-03-31
600815,厦工股份,0.0005,142376135.88,-18.8200467331,-23.7836,892156.5,109.6653439111,100.5123,0.851915483892,0.06,-0.005426761375,20.9447287677,工程机械,2025-04-29,2024-03-31
600802,福建水泥,-0.19,341838345.62,-23.4476762947,-38.5319,-84910796.95,15.78,10.6123,2.379463572813,-7.45,-0.283559964792,-12.473744788,水泥,2025-04-29,2024-03-31
600800,渤海化学,-0.16,1305748830.21,150.8734529658,68.9277,-177380295.57,-62.2747882349,-40.163,1.995922743493,-7.7,-0.002106380899,-8.233867002,炼化及贸易,2025-04-29,2024-03-31
600797,浙大网新,-0.03,680179583.01,-21.7969640397,-40.7066,-29947898.65,-1576.09,-126.5626,3.227229921202,-0.89,-0.213633046041,20.8239661933,IT服务Ⅱ,2025-04-29,2024-03-31
600796,钱江生化,0.03,373985726.46,4.5180419162,-47.0278,28777812.43,-5.15,-59.5157,3.655057016192,0.91,-0.110552492077,20.6124392927,环境治理,2025-04-29,2024-03-31
600784,鲁银投资,0.12,812919017.41,-18.8996945442,38.4778,80279500.15,-3.02,684.6879,4.37116098589,2.75,-0.048760488644,24.2940866606,化学原料,2025-04-29,2024-03-31
600776,东方通信,0.108,567702225.08,-5.5619663686,-44.0847,135379659.88,903.59,254.8069,2.83655505125,3.87,-0.129277857481,9.689666163,通信设备,2025-04-29,2024-03-31
600775,南京熊猫,-0.0503,484002973.06,-13.2797531925,-49.8955,-45922679.29,-51.0989919892,77.7234,3.564429072885,-1.1,-0.025154677506,11.3320331946,通信设备,2025-04-29,2024-03-31
600768,宁波富邦,0.005,181684044.3,170.120090703,-38.3396,704081.12,-295.27,-109.6685,3.041423194729,0.16,0.013702707795,9.9703865465,工业金属,2025-04-29,2024-03-31
600761,安徽合力,0.53,4188367537.91,-0.2667073164,-0.7768,402560222.08,48.27,33.8008,10.694081364108,4.58,0.43748037675,22.2476906085,工程机械,2025-04-29,2024-03-31
600760,中航沈飞,0.26,9493083937.56,3.4653742923,-18.2784,716118940.49,11.58,11.3965,5.742530586759,4.63,-2.63985226133,12.0937621925,航空装备Ⅱ,2025-04-29,2024-03-31
600751,海航科技,0.0192,295187980.86,314.7438629603,-12.809,55582138.47,180.45,220.066,2.554624589966,0.75,-0.002465719901,6.55149888,航运港口,2025-04-29,2024-03-31
600749,西藏旅游,-0.0872,22894481.28,-9.8189905126,-39.0936,-19798962.81,-129.1700109734,-97.3568,4.410076662835,-1.9608,-0.068705907779,-20.2094484405,旅游及景区,2025-04-29,2024-03-31
600742,富维股份,0.1266,4503924165.93,8.454688998,-20.522,94045819.4,36.85,7.5333,11.190128791999,1.19,0.33785430139,9.4634608199,汽车零部件,2025-04-29,2024-03-31
600741,华域汽车,0.401,37021118059.79,0.5589724015,-21.2899,1262788615.21,-11.93,-48.9529,18.681038049105,2.16,0.388116010567,12.3406414269,汽车零部件,2025-04-29,2024-03-31
600736,苏州高新,0.07,4220251442.49,43.7845755618,132.6609,111538137.11,9.47,257.5231,6.449559707076,1.06,-1.596969674834,17.348923416,房地产开发,2025-04-29,2024-03-31
600733,北汽蓝谷,-0.1823,1504636539.45,-39.7500545685,-69.972,-1015922029.41,-13.9213173698,52.7104,0.945193907216,-17.5677,-0.177765797983,-7.8823112865,乘用车,2025-04-29,2024-03-31
600731,湖南海利,0.0174,343665585.56,-41.822678308,-48.157,9697183.57,-88.63,-67.0134,5.397504344327,0.32,-0.293292710697,21.4004157414,农化制品,2025-04-29,2024-03-31
600729,重百集团,0.99,4850120851.84,-4.6330671604,15.2807,434831225.99,-15.07,132.8156,16.034401919715,6.24,1.515259693846,28.1993589795,一般零售,2025-04-29,2024-03-31
600727,鲁北化工,0.1,1538453696.06,39.0788367815,21.0531,50541439.47,3131.39,-18.6765,5.746281697164,1.68,0.026382732624,9.3210375904,化学原料,2025-04-29,2024-03-31
600718,东软集团,0.004,1830426473.0,10.5011318116,-57.2433,5252539.0,3.83,108.6323,7.671832351863,0.06,-0.424981392077,30.1281179624,IT服务Ⅱ,2025-04-29,2024-03-31
600712,南宁百货,0.004,154589812.36,0.053715785,-9.5768,2168654.01,149.21,-91.5257,1.524836278725,0.26,-0.038070243557,31.3695678969,一般零售,2025-04-29,2024-03-31
600708,光明地产,0.0037,1951585051.08,-3.1112739104,-0.4432,8235699.92,7.26,-60.7953,4.856072986382,0.08,-1.058482641381,10.1433712305,房地产开发,2025-04-29,2024-03-31
600707,彩虹股份,0.077,2914335499.71,28.852613924,1.9218,277644801.17,160.3238378671,-21.8413,5.728060428563,1.36,0.368488002139,18.5203736085,光学光电子,2025-04-29,2024-03-31
600704,物产中大,0.16,132938112687.98,3.7809223899,-6.0812,827656682.93,-14.5,-6.8643,6.956689113877,2.27,-2.701327846541,2.6470150934,物流,2025-04-29,2024-03-31
600699,均胜电子,0.22,13277538158.73,0.4196586011,-7.9128,306501980.99,53.11,0.6672,9.700907619812,2.24,0.492064762309,15.3444169547,汽车零部件,2025-04-29,2024-03-31
600697,欧亚集团,0.08,1943638013.01,0.1950506195,26.5776,13444001.06,40.81,583.7025,14.780493863164,0.57,-0.990990325328,37.4868656295,一般零售,2025-04-29,2024-03-31
600692,亚通股份,0.0001,129167154.57,-54.2450998777,-72.0668,21751.72,100.1114928761,-99.8989,2.638684846585,0.0023,1.905446550163,2.2599630376,房地产开发,2025-04-29,2024-03-31
600681,百川能源,0.0674,2025111096.09,9.1093129401,12.5856,90431152.01,-47.6,-12.0731,2.782533955999,2.45,-0.392527382685,10.297533094,燃气Ⅱ,2025-04-29,2024-03-31
600661,昂立教育,0.04,279032431.56,47.4192397417,10.5137,10836168.09,136.4101917606,110.6768,0.359671883567,9.36,-0.02950131208,48.2959753053,教育,2025-04-29,2024-03-31
600655,豫园股份,0.047,17221105954.76,12.5558106367,-7.4101,180231363.36,-43.48,185.455,9.36300603891,0.495,0.152897638928,13.7366368717,一般零售,2025-04-29,2024-03-31
600630,龙头股份,0.04,463011984.77,2.2135116706,-16.1021,18724475.06,48.87,2.7423,1.722421234814,2.59,0.093478413677,31.562346824,服装家纺,2025-04-29,2024-03-31
600626,申达股份,-0.0078,2897175306.7,10.3005370425,-6.1422,-10330133.55,89.1457918165,90.5934,2.425258791501,-0.32,-0.043795431634,7.7056857099,汽车零部件,2025-04-29,2024-03-31
600623,华谊集团,0.07,10711615809.71,10.2264224715,7.5048,144080614.64,1345.29,-37.223,10.505745828164,0.63,-0.876319558836,7.8443929172,化学原料,2025-04-29,2024-03-31
600621,华鑫股份,0.06,411858831.61,2.47,11.5121,59608941.82,-31.29,431.6271,7.427089704835,0.76,1.162011627811,99.4116209283,证券Ⅱ,2025-04-29,2024-03-31
600618,氯碱化工,0.183,2073847141.93,25.5970397776,6.8616,211574868.71,12.37,-32.7752,7.209295172988,2.57,0.028669320458,17.4246150791,化学原料,2025-04-29,2024-03-31
600617,国新能源,0.06,5852193446.28,3.0243293265,10.2315,121837224.55,5.08,1.3448,2.760163256813,3.25,-0.104545191051,7.8055945271,燃气Ⅱ,2025-04-29,2024-03-31
600615,鑫源智造,0.004,27232748.44,17.5689542706,-57.6714,703201.33,121.9806242976,-83.6507,3.398423344968,0.11,0.021307204584,5.4267349961,工业金属,2025-04-29,2024-03-31
600612,老凤祥,1.5329,25629817893.74,4.3624978972,173.5423,801894481.24,12.0,220.85,23.661863696355,6.7,7.801952365185,8.36826981,饰品,2025-04-29,2024-03-31
600606,绿地控股,0.01,51611565783.36,-34.5207321309,-51.608,82032393.66,-95.88,100.6825,5.690283320996,0.1,-0.172063470722,10.334568069,房地产开发,2025-04-29,2024-03-31
600605,汇通能源,0.055,32729335.56,34.9978436534,-22.7627,11370582.65,59.05,-13.2522,6.329671077026,0.875,0.016103975148,46.0564892079,一般零售,2025-04-29,2024-03-31
600600,青岛啤酒,1.175,10150014997.0,-5.1948182091,243.0827,1597244544.0,10.06,349.6256,21.30743568867,5.65,2.091462237778,40.4405963066,非白酒,2025-04-29,2024-03-31
600598,北大荒,0.312,956190486.3,10.2772342611,-10.1706,554734945.42,3.61,340.9557,4.529311481564,7.13,2.870873602858,68.0581268099,种植业,2025-04-29,2024-03-31
600590,泰豪科技,0.005,883032681.62,7.02480228,-50.9756,4077937.59,-93.51,104.5514,4.087237062588,0.12,0.037411695104,20.2149412514,其他电源设备Ⅱ,2025-04-29,2024-03-31
600584,长电科技,0.08,6842026206.64,16.7542375123,-25.8809,135226452.63,23.01,-72.7938,14.656316152109,0.52,0.767258619918,12.2017113476,半导体,2025-04-29,2024-03-31
600572,康恩贝,0.084,1824245153.97,-14.3764983212,17.8049,216062983.71,-23.98,782.3519,2.779933040653,3.04,0.06276233483,57.0094260613,中药Ⅱ,2025-04-29,2024-03-31
600561,江西长运,-0.09,324046570.74,-10.1139499875,-19.432,-24687171.06,39.7483794368,-50.187,3.077522650986,-2.79,0.116403836622,-8.1763487327,铁路公路,2025-04-29,2024-03-31
600556,天下秀,0.0081,965091939.19,1.1005075842,-6.5178,14618685.98,-23.18,173.626,2.124694884935,0.38,-0.017517443743,17.0930210585,广告营销,2025-04-29,2024-03-31
600551,时代出版,0.0906,1642786831.29,-3.2258918988,-32.2664,61403669.95,-29.22,-79.0309,11.886393169683,1.07,-0.181635065277,9.9193530016,出版,2025-04-29,2024-03-31
600547,山东黄金,0.13,18957270097.61,44.7325631548,5.5988,699890621.07,59.48,-28.7665,5.326068782351,2.56,0.387712497507,14.5637323902,贵金属,2025-04-29,2024-03-31
600545,卓郎智能,-0.0189,841760000.0,-29.8525734029,-51.3102,-33772000.0,30.6657907163,-153.4484,1.801822796645,-1.0,-0.135879153915,20.0112858772,专用设备,2025-04-29,2024-03-31
600543,*ST莫高,0.0025,81037098.66,56.4927774071,36.1037,806849.51,122.4711486332,104.0101,2.68591831742,0.09,-0.103689321313,30.7930575658,非白酒,2025-04-29,2024-03-31
600538,国发股份,-0.02,87573304.73,-13.7885000716,1.9611,-12357990.8,-366.8946951629,81.4391,1.634646843698,-1.43,-0.043473893836,21.7451823575,医疗器械,2025-04-29,2024-03-31
600537,*ST亿晶,-0.18,1005160200.16,-50.1241929706,-17.6326,-210970455.49,-266.67,9.8766,1.934447651372,-8.72,-0.175250461985,-6.9029747237,光伏设备,2025-04-29,2024-03-31
600536,中国软件,-0.13,702706014.87,-42.3230815159,-72.6003,-110749176.65,44.2991344051,-158.463,2.54618140465,-4.96,-1.019776160877,57.7482825254,IT服务Ⅱ,2025-04-29,2024-03-31
600535,天士力,0.1976,2048654962.31,-1.7286211123,-2.5667,295211183.76,11.58,663.9519,8.473156922651,2.36,-0.225513027539,67.165067381,中药Ⅱ,2025-04-29,2024-03-31
600530,交大昂立,-0.004,75550297.09,-17.2848545713,65.2808,-3319302.29,-328.4,37.6309,0.376129421902,-1.13,-0.029317524893,28.3785699273,食品加工,2025-04-29,2024-03-31
600528,中铁工业,0.2,7118395585.71,-4.2610740903,-14.4387,467755393.09,-10.87,81.2265,10.402626643145,1.79,-0.720088662222,17.8904461343,基础建设,2025-04-29,2024-03-31
600526,菲达环保,0.04,599151323.7,-4.190360537,-68.2053,37931509.91,24.06,-61.2839,4.65421304031,0.92,0.025917938576,21.9011072945,环保设备Ⅱ,2025-04-29,2024-03-31
600520,三佳科技,0.01,75711227.33,-6.9485832762,3.8585,1426903.21,-45.46,-82.9437,2.248790832544,0.4,0.096428888342,20.7212865162,半导体,2025-04-29,2024-03-31
600515,海南机场,0.0191,1192917614.79,-5.2752633777,-46.3886,218693347.6,-5.97,34.1835,2.050531365142,0.94,-0.042933659201,45.9821259171,航空机场,2025-04-29,2024-03-31
600512,腾达建设,0.07,755826600.84,-7.5265996283,-48.1673,115658977.23,-11.85,215.6438,3.940606041618,1.85,0.003811234397,11.5822994378,基础建设,2025-04-29,2024-03-31
600499,科达制造,0.165,2561711400.0,2.8333869077,-3.9669,311468900.0,-22.6,328.7732,6.03009503865,2.69,0.053325209034,26.8480906944,专用设备,2025-04-29,2024-03-31
600488,津药药业,0.053,863769688.7,-12.798119473,-8.6004,58012016.03,-14.03,267.1976,2.754299917916,1.94,0.047122640188,44.9489959777,化学制药,2025-04-29,2024-03-31
600486,扬农化工,1.056,3175722146.35,-29.4284242401,44.0888,429124709.66,-43.11,110.0984,24.908610218919,4.34,2.788007028012,24.3407334675,农化制品,2025-04-29,2024-03-31
600480,凌云股份,0.24,4299448627.36,8.480070023,-18.8379,221591978.97,163.38,17.013,7.725460516307,3.1,0.080840272401,17.9541560575,汽车零部件,2025-04-29,2024-03-31
600479,千金药业,0.1077,1000740881.98,4.2223046887,-1.8473,46198047.86,5.22,-62.592,5.682609329462,1.91,-0.396834946319,45.7401823152,中药Ⅱ,2025-04-29,2024-03-31
600478,科力远,0.02,636869427.09,-28.3175138231,-51.4772,33741569.94,15.05,135.9274,1.641624540378,1.24,-0.071246929907,15.8264394352,电池,2025-04-29,2024-03-31
600475,华光环能,0.2,2899668071.95,31.4440664458,3.2417,186385475.94,-15.61,-17.5291,9.028142423152,2.21,-0.179000570435,16.0837988183,电力,2025-04-29,2024-03-31
600456,宝钛股份,0.3331,1826615752.82,-2.5696117789,38.8023,159136852.24,16.36,3185.5323,14.018438730959,2.4,0.228827853542,17.6463632651,小金属,2025-04-29,2024-03-31
600439,瑞贝卡,0.0047,274286199.06,-9.3028372362,-25.5658,5363698.46,35.55,278.7999,2.431929836138,0.19,0.064808228593,33.4483455764,饰品,2025-04-29,2024-03-31
600429,三元股份,0.048,2044842070.22,-4.9818379513,20.6948,72668247.11,73.34,529.7234,3.428284691274,1.429,0.024734830477,23.8947098906,饮料乳品,2025-04-29,2024-03-31
600422,昆药集团,0.17,1926961403.42,0.8853963827,-11.4527,131245487.46,-9.41,102.2988,7.153524183796,1.98,-0.137782392418,42.6627408629,中药Ⅱ,2025-04-29,2024-03-31
600420,国药现代,0.247,3123407807.27,-8.5966289502,7.4056,331257150.18,84.83,158.8813,9.48395252619,2.64,0.53043497813,40.7740659678,化学制药,2025-04-29,2024-03-31
600419,天润乳业,0.0144,640555253.1,1.4718064311,1.4936,4543539.22,-91.74,1059.6735,7.481219444892,0.19,-0.019564724061,16.4328494054,饮料乳品,2025-04-29,2024-03-31
600406,国电南瑞,0.07,7750913272.32,25.0945173022,-66.5364,595930749.38,13.69,-80.2948,5.929451034562,1.26,-0.111033934002,24.6528041247,电网设备,2025-04-29,2024-03-31
600383,金地集团,-0.06,6964090146.28,-51.50034385,-84.8045,-275993649.48,-154.35,-133.2479,14.354366294888,-0.43,-0.203487520589,14.9246830609,房地产开发,2025-04-29,2024-03-31
600382,广东明珠,0.05,117920779.86,-31.0043328042,-38.098,34182955.46,-55.91,163.7,4.027665716213,1.08,-0.029558241224,71.1811657959,冶钢原料,2025-04-29,2024-03-31
600377,宁沪高速,0.2475,3473393457.3,-4.3011453966,-3.0563,1246836155.3,1.61,231.1617,7.128413059009,3.58,0.325477325666,47.2497728788,铁路公路,2025-04-29,2024-03-31
600375,汉马科技,-0.1,917380821.2,49.5151795202,-24.9424,-65709917.39,-45.0335166555,92.1267,-1.339203291909,,0.061259327505,4.2440654241,商用车,2025-04-29,2024-03-31
600372,中航机载,0.0936,5642632200.72,-10.0338162502,-31.8214,454135887.82,35.19,92.1936,7.535702580685,1.25,-0.262468708349,24.8356295973,航空装备Ⅱ,2025-04-29,2024-03-31
600371,万向德农,0.118,93525228.84,9.4620845497,-1.4258,34578742.51,0.15,147.389,2.099633755956,5.79,-0.188226570761,31.1158107828,种植业,2025-04-29,2024-03-31
600365,ST通葡,0.01,244654798.55,8.2200583028,-10.8146,2464331.26,127.28567602,303.1398,0.73511316095,0.79,-0.236228666635,17.8142365604,互联网电商,2025-04-29,2024-03-31
600363,联创光电,0.2307,718096240.24,-9.0150690774,-6.8165,105012037.57,11.25,599.9666,9.018282010651,2.59,-0.324362233353,20.5185636358,消费电子,2025-04-29,2024-03-31
600362,江西铜业,0.5,122516634600.0,-4.0840418208,0.1468,1714868346.0,-2.29,9.7755,20.784132389634,2.46,-1.752534981578,3.2820890797,工业金属,2025-04-29,2024-03-31
600358,国旅联合,-0.0087,122885649.47,-9.812437326,-19.7838,-4378126.01,-76.4382171185,69.3034,0.313584624258,-2.46,-0.016487060397,9.8366480481,广告营销,2025-04-29,2024-03-31
600356,恒丰纸业,0.07,531727580.77,-16.112500676,-35.0667,22148763.71,-11.87,-53.678,8.437036225401,0.88,0.090768807822,16.0239954671,造纸,2025-04-29,2024-03-31
600353,旭光电子,0.0303,386846475.69,51.1246120801,-7.0362,25257072.81,38.59,36.6695,2.127145118371,1.44,-0.022031976594,20.2376541263,其他电子Ⅱ,2025-04-29,2024-03-31
600343,航天动力,-0.0358,159898143.01,8.9836873847,-55.0765,-22874289.18,-87.4636025954,83.3866,2.54506115602,-1.3993,-0.167327084594,12.7249388873,通用设备,2025-04-29,2024-03-31
600338,西藏珠峰,-0.027,307035488.29,-38.9792700644,95.9633,-24673907.33,-130.28,91.4787,3.509850811285,-0.77,-0.079946271818,24.1481727187,工业金属,2025-04-29,2024-03-31
600330,天通股份,0.036,844391736.07,-6.9204438344,6.3815,44334770.25,-48.96,-3.2244,6.558857140719,0.55,-0.061548633122,20.0982289346,电子化学品Ⅱ,2025-04-29,2024-03-31
600328,中盐化工,0.0441,2680511440.17,-43.2504153018,-32.2777,64973785.12,-88.9,-83.1198,8.28469064463,0.53,-0.020830789306,14.5186355946,化学原料,2025-04-29,2024-03-31
600327,大东方,0.025,1007017588.99,10.7316073436,18.5715,22416387.03,5.48,-10.6105,3.685770104118,0.68,0.027928590657,17.6033521518,一般零售,2025-04-29,2024-03-31
600323,瀚蓝环境,0.47,2715795083.23,-3.0779152028,-24.12,380978900.98,22.84,44.4597,15.323323796978,3.1,0.419091432939,29.8417630529,环境治理,2025-04-29,2024-03-31
600316,洪都航空,-0.0129,267495150.78,95.098336832,-85.2639,-9282163.86,-2.3386520437,-139.3162,7.369742499954,-0.18,-0.501574829921,3.6210994486,航空装备Ⅱ,2025-04-29,2024-03-31
600310,广西能源,-0.0391,969660264.44,-83.6448889882,-50.5113,-57302152.03,-271.52,-188.4765,1.998702899105,-1.94,0.17370137568,19.6509290427,电力,2025-04-29,2024-03-31
600299,安迪苏,0.1,3495509970.0,10.8989379836,-2.0702,276900085.0,18512.09,219.8513,5.629933449456,1.84,0.238961224431,31.9605621952,化学制品,2025-04-29,2024-03-31
600289,ST信通,-0.0229,49060459.41,1.8832066335,-10.9375,-14473580.27,70.6289261222,92.4778,0.648456818719,-3.48,-0.027591915478,65.2778773683,通信服务,2025-04-29,2024-03-31
600288,大恒科技,-0.0496,295633368.5,-40.6175075665,-61.8688,-21648533.09,-234.35,39.0736,4.238113068201,-1.16,-0.163275683768,35.8801589239,软件开发,2025-04-29,2024-03-31
600287,苏豪时尚,0.0263,797710332.17,-19.3145766789,-2.8818,11494141.14,-22.79,-28.9745,4.052540114085,0.64,-0.075532581472,15.525785596,贸易Ⅱ,2025-04-29,2024-03-31
600283,钱江水利,0.09,455788865.61,13.1545147015,-38.8038,30348535.78,-49.33,-31.1418,6.752749494457,1.28,0.063576591875,38.7293545957,环境治理,2025-04-29,2024-03-31
600279,重庆港,0.0064,1392701388.79,-11.4298952471,60.4434,7647697.97,1891.0957409396,-99.9228,5.269760204739,0.1223,-0.232811806079,8.9692788049,航运港口,2025-04-29,2024-03-31
600278,东方创业,0.07,8745377334.44,-10.5106132827,55.7359,60303863.17,-27.56,29.6207,8.262832871671,0.83,-0.260569873688,4.0861422844,贸易Ⅱ,2025-04-29,2024-03-31
600266,城建发展,-0.1823,1234277798.5,-8.8574809462,-71.3812,-330099784.37,-627.43,-741.3387,9.246574724628,-1.88,1.075482689296,26.7037798703,房地产开发,2025-04-29,2024-03-31
600265,*ST景谷,-0.05,104749672.17,57.2534257299,-37.9372,-5896781.37,-1925.4716609452,-279.4694,1.229152619183,-3.64,0.00989351225,6.6255583776,林业Ⅱ,2025-04-29,2024-03-31
600262,北方股份,0.31,827937082.88,115.2450816034,27.9316,51938833.38,151.16,7.5291,9.054747036647,3.43,0.412037321588,17.1574876965,专用设备,2025-04-29,2024-03-31
600258,首旅酒店,0.108,1845458817.94,11.471817036,-1.9558,120562905.79,49.83,9.1908,10.080919242331,1.08,0.533973088985,36.5883403312,酒店餐饮,2025-04-29,2024-03-31
600251,冠农股份,0.31,1059634429.9,-30.5370814732,7.6311,243303635.7,-17.42,171.015,5.110079579203,6.28,0.459261286898,12.5855027977,农产品加工,2025-04-29,2024-03-31
600250,南京商旅,0.06,207132105.1,3.0784532806,-17.574,17593934.33,170.22,715.0782,1.881776675966,3.05,0.005505027065,23.686498646,旅游及景区,2025-04-29,2024-03-31
600235,民丰特纸,0.092,378162190.96,-0.9434418269,-12.1416,32435831.81,861.45,66.9019,4.218854306348,2.21,0.112049854483,14.8702833214,造纸,2025-04-29,2024-03-31
600233,圆通速递,0.274,15427432423.42,19.4627036203,-8.8507,943275037.73,4.14,-11.3214,8.639971720336,3.22,0.168481442471,10.5629918548,物流,2025-04-29,2024-03-31
600232,金鹰股份,0.024,234374674.34,-9.3551033738,-41.5228,8630016.1,2.99,36.0346,2.863393041704,0.83,-0.255123908698,20.5655494757,专用设备,2025-04-29,2024-03-31
600227,赤天化,-0.0237,437342800.21,-11.7670203141,-24.0711,-40180722.94,-15.7678776178,-131.7207,1.554314392359,-1.52,-0.011249362838,9.0327615731,农化制品,2025-04-29,2024-03-31
600212,绿能慧充,-0.0108,153342762.29,55.3157685987,10.7038,-7525677.84,-981.6866548189,-0.2315,0.765269717328,-1.33,-0.090564199587,26.4113748149,其他电源设备Ⅱ,2025-04-29,2024-03-31
600211,西藏药业,0.97,704221182.53,-22.3516675263,-8.1033,312919132.01,3.21,674.9239,14.759036597088,8.94,1.759222273342,94.8320366821,生物制品,2025-04-29,2024-03-31
600203,福日电子,-0.16,2337247645.79,22.1992647057,-20.9896,-93424830.46,-24.6375695792,38.7018,3.283310495488,-4.69,-0.750691455195,3.9274965956,消费电子,2025-04-29,2024-03-31
600202,哈空调,0.0161,265332820.94,2.7857061243,-26.8695,6177520.21,-9.34,384.9015,2.182597765233,0.74,0.057861071522,14.1594391967,通用设备,2025-04-29,2024-03-31
600199,金种子酒,0.0268,419417781.39,-3.0180418783,5.8133,17644862.01,142.8674249453,37.9606,3.855143434441,-1.63,-0.158960952767,44.5240006661,白酒Ⅱ,2025-04-29,2024-03-31
600197,伊力特,0.34,831414344.57,12.3904625452,41.4002,158961213.54,6.12,43.3727,8.328504140932,4.08,0.338160960108,51.8900000003,白酒Ⅱ,2025-04-29,2024-03-31
600195,中牧股份,0.0749,1125058490.55,5.9730405512,-9.803,76527351.22,-45.53,1155.764,5.484092465124,1.16,-0.308195119571,21.1037986935,动物保健Ⅱ,2025-04-29,2024-03-31
600185,珠免集团,0.01,2216629508.97,124.2279687387,-26.8547,20803474.5,-1124.4,75.595,2.891112537354,-1.63,0.234216613594,18.8971428362,旅游零售Ⅱ,2025-04-29,2024-03-31
600184,光电股份,-0.0183,229686978.37,-27.6552714638,-67.1153,-9335395.94,-243.39,-136.954,4.997977491156,-0.3683,0.379390957176,12.5571866262,地面兵装Ⅱ,2025-04-29,2024-03-31
600183,生益科技,0.17,4423260330.56,17.7693105816,4.3576,392086387.33,58.25,47.9186,6.104103548048,2.76,0.056493814007,21.2691321087,元件,2025-04-29,2024-03-31
600182,S佳通,0.1362,1074104257.45,12.2229847798,-2.163,46308990.73,73.58,-11.8191,3.717610495118,3.73,-0.135029038794,19.5936083253,汽车零部件,2025-04-29,2024-03-31
600180,*ST瑞茂,0.096,6970809310.89,-35.234390613,47.1086,103473197.59,-49.16,197.0781,7.364919291524,1.3,-0.284813074057,3.9747433809,物流,2025-04-29,2024-03-31
600178,东安动力,-0.0158,1028512768.99,-17.4278908193,-33.9194,-7514998.09,35.7973300004,70.983,5.305794762174,-0.2975,-0.14680880446,6.2448546733,汽车零部件,2025-04-29,2024-03-31
600169,ST太重,0.006,1728144034.78,-11.1702914341,0.129,20418614.9,-28.61,-68.1984,1.551333090866,0.37,0.06332079552,18.8985003349,专用设备,2025-04-29,2024-03-31
600166,福田汽车,0.032,12869741480.0,-14.0519859075,-2.1662,256154462.01,-13.96,112.124,1.813667193691,1.78,-0.105648416667,11.5249120719,商用车,2025-04-29,2024-03-31
600160,巨化股份,0.115,5469669751.07,19.518463577,17.8158,310313858.05,103.35,57.7417,6.079196081218,1.81,0.17216945078,14.746068047,化学制品,2025-04-29,2024-03-31
600158,中体产业,0.0206,700112439.81,195.8000756198,-75.1643,19805956.05,138.9980265141,-82.176,2.72766535218,0.76,-0.433492632748,36.6327982045,体育Ⅱ,2025-04-29,2024-03-31
600157,永泰能源,0.021,7321380690.17,3.5795438389,-10.0656,466615132.37,11.41,-27.2947,2.103558243124,1.0021,0.050193194954,25.6356194134,电力,2025-04-29,2024-03-31
600156,华升股份,-0.0316,187115167.55,16.1522140237,100.938,-12697684.87,-180.0,-129.4206,1.121715582715,-2.78,-0.059443745345,4.6619831488,纺织制造,2025-04-29,2024-03-31
600141,兴发集团,0.34,6888151462.82,4.824043317,11.4984,381593323.41,-15.07,-14.2651,19.059156412562,1.87,-0.452270903969,14.4463550763,农化制品,2025-04-29,2024-03-31
600137,浪莎股份,0.049,71502065.56,13.8759832975,-54.7265,4744286.3,64.69,-59.14,5.55466252732,0.88,-0.022079465806,20.1059703484,服装家纺,2025-04-29,2024-03-31
600133,东湖高新,0.027,375374985.92,-87.567537622,-90.3191,34722519.97,-43.8,-95.8726,8.035633661365,0.34,-0.600362320411,33.5759244589,环境治理,2025-04-29,2024-03-31
600130,波导股份,0.004,75519844.22,-30.0828001785,-28.3186,3305147.59,-27.35,601.0706,1.323069920208,0.33,-0.030881165469,12.8741425388,消费电子,2025-04-29,2024-03-31
600128,苏豪弘业,0.0123,1673162352.21,49.077454168,-31.1754,3037349.36,-46.34,-73.6183,8.568107804837,0.1438,-0.394942821968,4.6277145525,贸易Ⅱ,2025-04-29,2024-03-31
600127,金健米业,-0.0066,916178158.58,-21.5648714545,-30.3059,-4262542.71,-80.47,-69.424,1.08337457191,-0.62,-0.058661743396,7.0151547041,农产品加工,2025-04-29,2024-03-31
600123,兰花科创,0.0908,2262082891.3,-25.0313409343,-38.53,134909191.17,-82.55,-54.8961,10.546219541431,0.84,0.362105329186,29.0486896337,煤炭开采,2025-04-29,2024-03-31
600120,浙江东方,0.01,2775411034.96,-6.0174723998,-13.7062,47647257.83,-79.72,-37.8791,4.494882856787,0.31,0.11329199381,3.2723367644,多元金融,2025-04-29,2024-03-31
600119,*ST长投,-0.01,268327142.75,39.2291736036,17.9374,-3478268.31,12.7935620077,-122.9733,0.555099111461,-1.701,-0.079243275632,3.9185931443,物流,2025-04-29,2024-03-31
600114,东睦股份,0.13,1102132227.35,37.4220741306,2.1012,81171485.47,320.81,-10.7762,4.231407173525,3.16,0.132797458099,24.0273027735,通用设备,2025-04-29,2024-03-31
600103,青山纸业,0.0098,666845843.31,-5.1894233136,-12.9337,21667479.93,-63.66,-30.2676,1.689889323133,0.56,-0.009524261918,15.3347681921,造纸,2025-04-29,2024-03-31
600101,明星电力,0.1274,697580833.03,7.0610275881,6.6771,69801509.69,20.46,1504.3694,6.873371423103,2.45,0.395563324481,14.2022392817,电力,2025-04-29,2024-03-31
600100,同方股份,-0.05,2934505223.48,-32.6825392255,-72.7032,-159070393.55,-157.55,-10.9174,4.338752817759,-1.11,-0.399364469614,19.476974804,计算机设备,2025-04-29,2024-03-31
600097,开创国际,0.03,555344901.5,74.3772325417,-30.6859,7584729.34,1910.72,-94.2524,9.299886671744,0.34,0.495986465425,24.7066450812,渔业,2025-04-29,2024-03-31
600088,中视传媒,0.026,108613659.07,-28.1386748362,-83.6526,10383981.15,173.4,114.6385,3.160106835294,0.83,-0.34965760732,16.3381430862,影视院线,2025-04-29,2024-03-31
600081,东风科技,0.0332,1666252545.93,11.2352228492,-10.2384,19220221.65,37.76,-81.3813,7.913225658863,0.42,0.128117878518,12.1169574818,汽车零部件,2025-04-29,2024-03-31
600079,ST人福,0.3,6367371531.88,2.2750155543,-0.7119,486392045.37,-26.89,32.9763,10.723006151978,2.82,-0.109960910358,46.4005566659,化学制药,2025-04-29,2024-03-31
600073,光明肉业,0.11,5674289456.59,-1.2447612245,-4.1503,99320346.69,-50.46,207.0925,5.274615212382,2.01,-0.347337497013,10.0350218854,食品加工,2025-04-29,2024-03-31
600057,厦门象屿,0.15,104568011386.73,-19.0338008922,15.6716,407653314.49,-25.39,3.7976,6.723598629227,2.19,-4.989775018151,1.8444824443,物流,2025-04-29,2024-03-31
600053,*ST九鼎,0.012,49899613.49,309.5296906057,-36.4747,5219543.13,122.5784212503,103.8292,6.682319826462,0.1804,-0.054728242163,,多元金融,2025-04-29,2024-03-31
600052,东望时代,0.08,67386637.69,12.3381669645,-61.9831,71365854.77,633.2650742039,26.5608,3.58676896471,2.39,0.024399059553,12.5875580097,电力,2025-04-29,2024-03-31
600051,宁波联合,0.02,199522591.21,-73.3578548221,-55.9445,7196554.33,-35.84,-86.1427,10.714534548347,0.22,-0.117929707379,17.7482167183,综合Ⅱ,2025-04-29,2024-03-31
600048,保利发展,0.19,49748497474.88,24.4064706908,-67.7666,2223606555.8,-18.28,281.4473,16.284225026276,1.12,-2.782342007353,18.6360841,房地产开发,2025-04-29,2024-03-31
600038,中直股份,0.178,3372649700.69,2.7632908784,-55.5021,130202113.47,942.2118582297,-13.1979,17.766875654104,1.07,-7.168259308146,11.2262617788,航空装备Ⅱ,2025-04-29,2024-03-31
600028,中国石化,0.153,789967000000.0,-0.1723678208,6.4253,18316000000.0,-8.9,144.3111,6.852094627896,2.23,-0.112986692952,16.037252189,炼化及贸易,2025-04-29,2024-03-31
600023,浙能电力,0.14,20023654859.74,13.4532513679,-24.3505,1815129771.68,79.62,225.7101,5.188980147191,2.65,0.133925714638,9.3339798201,电力,2025-04-29,2024-03-31
600021,上海电力,0.1978,10608421419.6,2.5733869791,-3.1611,633874951.26,89.2,413.7116,6.681139698224,3.03,0.657922725932,25.6959604607,电力,2025-04-29,2024-03-31
600020,中原高速,0.1123,1094550345.73,-9.0699506772,-40.8399,283987271.23,-26.41,439.2952,5.003994527101,2.27,0.172591427799,56.9134115841,铁路公路,2025-04-29,2024-03-31
600017,日照港,0.06,1986431470.22,-6.1513452811,-5.7729,184391680.18,-28.41,562.2307,4.387353333191,1.38,0.116827669196,26.237023961,航运港口,2025-04-29,2024-03-31
600012,皖通高速,0.3159,1444388625.27,26.1379152588,-43.7381,523935494.59,0.05,48.6803,7.9081778925,3.3,0.476303322728,50.0371658573,铁路公路,2025-04-29,2024-03-31
600011,华能国际,0.25,65366884717.0,0.1494062647,3.6336,4596138134.0,104.25,211.6094,3.620506357507,7.07,0.773506585438,16.073488638,电力,2025-04-29,2024-03-31
600010,包钢股份,0.0014,17747820440.4,3.4874639733,4.5041,63626145.36,-78.12,57.6365,1.143771782057,0.12,-0.006569185431,7.4290633628,普钢,2025-04-29,2024-03-31
600009,上海机场,0.16,3029379846.52,40.6129030759,-3.0975,385764035.91,488.3016889493,-11.7747,16.44674329779,0.95,0.196964174355,23.4584121383,航空机场,2025-04-29,2024-03-31
420244,建车B3,-0.1215,136794165.72,42.6849106436,4.8194,-14505736.12,45.71,0.8239,0.248622739267,-39.55,0.187333231581,5.9015168136,,2025-04-29,2024-03-31
400291,立方3,-0.0244,17348577.99,-61.3568438956,128.9842,-15663230.22,-19.89,76.549,0.5669478967,-4.22,0.00600119574,20.1511306115,,2025-04-29,2024-03-31
400288,奥维3,-0.0116,101892137.58,137.9795303659,39.5961,-4025451.27,-207.32,87.4916,0.89840173247,-1.28,-0.117131854372,4.1982022083,,2025-04-29,2024-03-31
400285,R广道1,-0.11,3504006.65,-72.4968925472,-82.2059,-7134891.94,-53.22,-327.0285,9.78410417523,-6.99,-1.236054089334,1.938530853,,2025-04-29,2024-03-31
400283,高鸿3,0.094,363893361.18,-70.3184369596,-75.3071,106519196.15,1240.42,112.9529,2.596298620545,2.9,-0.134576889502,8.109495654,,2025-04-29,2024-03-31
400270,龙津5,-0.0112,26388422.34,22.430254605,69.4931,-4491776.72,44.66,89.8603,1.266904299825,-0.88,-0.011895887141,69.1230055931,,2025-04-29,2024-03-31
400269,R吉药1,-0.0613,75460849.87,5.3611051801,-30.1974,-40853954.75,-101.93,80.0911,-0.482760903884,,0.00161199672,31.7108585064,,2025-04-29,2024-03-31
400195,泰禾3,-0.23,462546697.85,-52.277736366,-89.6947,-569998006.05,6.1478727247,75.7419,-0.919668710289,,-0.074996775642,,,2025-04-29,2024-03-31
400093,千山3,-0.01,30617810.28,0.582814994,2.8591,-4314677.46,73.6,98.2003,-13.15458372896,,0.005254775881,11.5903516207,,2025-04-29,2024-03-31
400080,R华业1,-0.22,2878120.21,277.6386295429,-98.8659,-308743704.54,-45.4118372952,9.9493,-9.163603747493,,9.2643628e-05,3.8602241009,,2025-04-29,2024-03-31
400057,海国油3,-0.84,4590103.27,-59.4783904036,-18.9406,-541469294.81,-4.17,11.214,-12.32059044116,,-0.110771419338,-2.2391509287,,2025-04-29,2024-03-31
302132,中航成飞,0.558,17509777210.05,4793.6168268504,-27.8566,1490964349.53,-11.84,2091.948,4.077530126739,8.78,-16.841625583399,11.7463865245,军工电子Ⅱ,2025-04-29,2024-03-31
301662,宏工科技,0.78,467186480.32,,,46708675.07,,,,8.19,,29.7923936957,电池,2025-04-29,2024-03-31
301658,首航新能,0.13,719824916.74,,-0.2269,49047461.75,,168.9627,,2.44,,36.5020315787,光伏设备,2025-04-29,2024-03-31
301629,矽电股份,0.45,92837934.28,,-51.6767,14006531.0,,-49.5874,,2.22,,42.0029113556,半导体,2025-04-29,2024-03-31
301618,长联科技,0.4,132164924.49,1.14404568,-8.985,19315345.02,1.7684421777,-16.7251,,3.25,,34.966913308,化学制品,2025-04-29,2024-03-31
301616,浙江华业,0.2163,175545792.02,,-6.0286,12980173.05,,-33.717,,1.56,,22.8963232997,通用设备,2025-04-29,2024-03-31
301606,绿联科技,0.2734,1284435195.37,27.0627085825,-11.487,102097456.05,10.4427079945,-25.9973,4.976362229143,5.66,0.313192281405,39.617070937,消费电子,2025-04-29,2024-03-31
301602,超研股份,0.07,76490637.69,,-15.6814,26623641.96,,-15.5705,,3.61,,69.7613075292,医疗器械,2025-04-29,2024-03-31
301588,美新科技,0.18,214360297.73,12.8496884828,10.5062,17873426.37,-1.5,0.5578,7.625759883711,2.49,0.14684909635,34.1231989667,家居用品,2025-04-29,2024-03-31
301580,爱迪特,0.4081,173961209.07,18.8913964791,-20.3583,23299888.83,40.75,-51.8449,19.238027126648,2.15,-0.226997020485,51.5373086617,医疗器械,2025-04-29,2024-03-31
301571,国科天成,0.08,105600889.82,26.7752768924,-59.6064,10761627.45,31.034816993,-79.0317,,0.87,,33.8623173829,军工电子Ⅱ,2025-04-29,2024-03-31
301568,思泰克,0.1409,63046005.07,-35.2595167343,-34.4212,14553838.55,-54.43,-9.1484,9.853629430148,1.44,-0.01647366713,48.9034631707,自动化设备,2025-04-29,2024-03-31
301567,贝隆精密,0.13,93623303.2,51.3110060656,-15.7295,8330437.47,53.15,-45.9807,10.189912374444,1.34,0.463857185,23.737736237,消费电子,2025-04-29,2024-03-31
301558,三态股份,0.0382,389327565.8,-0.5111089147,-4.7777,30098097.32,-19.03,83.3552,1.825618438307,2.11,0.0096068986,31.7422297664,互联网电商,2025-04-29,2024-03-31
301555,惠柏新材,-0.05,198712627.26,-25.2330299254,-41.843,-4815010.64,-141.13,-142.4544,11.597687661421,-0.45,-0.347549381304,9.7162720941,塑料,2025-04-29,2024-03-31
301548,崇德科技,0.331,114748576.2,0.1144672331,-14.9859,28794123.22,26.2,43.0348,24.3675661195,1.99,0.356009884167,38.7188269008,通用设备,2025-04-29,2024-03-31
301529,福赛科技,0.2807,260355337.44,44.9212263172,-15.6531,23810232.01,39.62,-0.6632,14.765236684705,1.92,0.199118404295,25.5392957616,汽车零部件,2025-04-29,2024-03-31
301526,国际复材,-0.02,1535770393.18,-11.5442441138,-18.0386,-68443385.07,-160.27,-154.1438,2.243579507088,-0.8,-0.012352659017,15.4897817386,玻璃玻纤,2025-04-29,2024-03-31
301517,陕西华达,0.09,182574954.3,-20.3058635576,-3.5232,10101384.58,-11.53,-40.5615,12.38292494948,0.76,-1.007479179407,33.7173592599,军工电子Ⅱ,2025-04-29,2024-03-31
301512,智信精密,-0.19,42702226.96,33.7634205927,-87.4169,-10035667.08,16.36,-122.18,19.581488584452,-0.96,0.178170833474,29.7284545649,自动化设备,2025-04-29,2024-03-31
301510,固高科技,0.01,85120141.01,14.1937772453,-37.5137,4723754.69,147.41,-78.7262,3.148201771781,0.38,-0.008572831429,49.3368091167,自动化设备,2025-04-29,2024-03-31
301503,智迪科技,0.25,229329500.63,22.7284898954,-9.329,19843262.03,100.76,11.2526,12.67933787025,1.98,-0.011778607125,20.4820946328,计算机设备,2025-04-29,2024-03-31
301499,维科精密,0.07,197135943.18,17.4277240552,-11.0272,9813293.72,0.3,-63.2296,9.04101561344,0.79,0.136341753714,22.6323160811,汽车零部件,2025-04-29,2024-03-31
301489,思泉新材,0.17,94696664.84,-4.4865942103,-15.2033,9869197.22,-22.92,-41.8379,17.459629320293,0.98,0.251564001623,24.182558867,电子化学品Ⅱ,2025-04-29,2024-03-31
301456,盘古智能,0.09,82021766.45,-6.545745738,-31.9263,13227538.35,-54.5,-61.9532,14.08518941014,0.64,-0.145394287502,38.7786925796,风电设备,2025-04-29,2024-03-31
301448,开创电气,0.18,164530616.88,24.3050230041,2.4597,18288365.72,53.61,58.8639,8.550597649875,2.71,0.08260709675,24.8558986744,通用设备,2025-04-29,2024-03-31
301446,福事特,0.228,109999875.73,-6.4631677118,3.8369,18242096.44,-18.01,39.9873,13.802603106375,1.67,0.298346048625,34.0825490222,工程机械,2025-04-29,2024-03-31
301419,阿莱德,0.0441,63731803.57,-31.4264797797,-16.4841,4405352.91,-57.04,886.6147,9.5643893254,0.46,0.2143217033,36.2024484128,通信设备,2025-04-29,2024-03-31
301413,安培龙,0.13,183796118.81,14.3431327565,-7.6979,12771887.81,-33.45,-32.5573,15.337970403798,1.11,0.899048517227,30.2586781212,通用设备,2025-04-29,2024-03-31
301408,华人健康,0.1194,1104366687.97,30.5992573779,-1.2957,47772301.04,62.03,79.2562,4.978139116722,2.43,0.393839792155,32.8464428945,医药商业,2025-04-29,2024-03-31
301399,英特科技,0.12,86838998.82,-11.8474633091,-46.082,10585707.42,-18.31,-62.0674,15.02568414625,0.8,-0.2866493175,24.8421842181,通用设备,2025-04-29,2024-03-31
301398,星源卓镁,0.2208,82346341.21,2.3956486723,-16.4512,17660753.93,4.25,-19.1126,13.38963643825,1.66,-0.049386170875,35.8944572833,汽车零部件,2025-04-29,2024-03-31
301396,宏景科技,-0.0843,46173505.58,-27.9115946241,-87.7363,-9247081.48,-491.49,-124.3432,11.650832824352,-0.72,-1.911703701371,23.5439734615,IT服务Ⅱ,2025-04-29,2024-03-31
301391,卡莱特,0.2,142734076.02,7.5531480089,-68.4413,18886027.78,-35.39,-79.6458,32.583354085588,0.84,-1.126928883676,48.3240659717,计算机设备,2025-04-29,2024-03-31
301387,光大同创,0.1071,229777520.78,12.3292430895,-23.7569,11394326.11,-55.16,-58.2845,21.799072292119,0.69,0.440396266746,26.5582613708,消费电子,2025-04-29,2024-03-31
301376,致欧科技,0.25,1841609961.04,45.2983273718,-4.9813,100538681.31,15.06,-20.4867,8.018246288568,3.17,1.091803268842,35.9971821773,家居用品,2025-04-29,2024-03-31
301372,科净源,-0.29,30764726.66,-24.6168582187,-31.3998,-19742802.92,-513.75,31.0333,13.136901070606,-2.17,-0.635986908396,34.3077697931,环境治理,2025-04-29,2024-03-31
301361,众智科技,0.1107,43432734.64,-5.187574466,-27.2054,12881102.43,-17.64,-32.7063,9.418735602737,1.18,-0.059412239462,56.1432853633,电网设备,2025-04-29,2024-03-31
301359,东南电子,0.12,60321185.5,24.549020309,-24.0919,10140548.81,23.18,-2.4659,10.06410554753,1.18,0.091924423462,28.5818327128,其他电子Ⅱ,2025-04-29,2024-03-31
301358,湖南裕能,0.21,4520109354.29,-65.6933330789,-35.6971,158663275.86,-43.56,307.7476,15.115127761621,1.4,-0.12813042715,7.5093353471,电池,2025-04-29,2024-03-31
301357,北方长龙,0.04,24741109.48,-50.6502499326,-64.8643,3517308.66,-80.2,-28.3349,16.825683584265,0.31,-0.562734152206,57.8531774881,地面兵装Ⅱ,2025-04-29,2024-03-31
301356,天振股份,-0.05,153404077.42,-13.4661460564,323.4963,-9984221.49,-120.93,94.9385,13.800695645556,-0.29,-0.282705552546,6.5858557673,家居用品,2025-04-29,2024-03-31
301348,蓝箭电子,-0.04,137776393.01,-21.167099466,-33.435,-8305957.5,-152.69,-186.5542,7.7964237205,-0.53,0.05007320855,-0.4845340667,半导体,2025-04-29,2024-03-31
301345,涛涛车业,0.47,519895243.01,49.0611426844,-34.8168,50873633.37,45.89,-33.0851,27.236750654876,1.71,2.290640090421,37.4744062135,摩托车及其他,2025-04-29,2024-03-31
301338,凯格精机,0.1,154491401.12,45.126008695,-48.7029,10770359.97,-6.7,-0.2133,13.373009140789,0.76,-0.732490283835,32.7813943319,专用设备,2025-04-29,2024-03-31
301336,趣睡科技,0.19,59769016.8,0.4543490999,-44.9019,7715413.62,20.16,70.3327,19.8727929755,0.97,0.56288669,27.1903329854,家居用品,2025-04-29,2024-03-31
301335,天元宠物,0.11,503596442.11,17.9001917517,-0.8745,13968381.18,2.8,-43.1169,15.374344731667,0.72,0.073320108968,16.7395436347,文娱用品,2025-04-29,2024-03-31
301330,熵基科技,0.1363,399677922.33,-0.8299542661,-24.6175,26334496.73,-16.9,-31.8115,16.60802766211,0.81,0.315986638152,49.4566714262,计算机设备,2025-04-29,2024-03-31
301325,曼恩斯特,0.4,183150164.1,21.466669561,-21.7044,57352557.45,-14.73,-36.6192,25.204222098917,1.9,-0.820681440917,54.6319579901,电池,2025-04-29,2024-03-31
301322,绿通科技,0.26,164825172.95,-39.1257538256,-30.4281,38287362.12,-36.43,-29.8983,28.013698741261,1.31,0.496053692893,30.6988744161,摩托车及其他,2025-04-29,2024-03-31
301321,翰博高新,-0.0807,469312398.15,1.1227337856,-16.1415,-15044864.43,-595.68,36.226,6.453892052619,-1.17,-0.719828257248,12.7124668398,光学光电子,2025-04-29,2024-03-31
301309,万得凯,0.41,232087779.78,76.5526120666,12.7642,41078880.85,175.71,35.2134,14.7796144085,2.82,-0.032630535,24.0546292411,通用设备,2025-04-29,2024-03-31
301306,西测测试,-0.43,109482283.18,120.8828449854,3.9598,-35983163.1,-512.48,-0.7981,13.504605762559,-3.11,-0.854313215877,7.8430707696,军工电子Ⅱ,2025-04-29,2024-03-31
301301,川宁生物,0.16,1523218164.0,19.9636288022,22.6422,352614874.42,100.98,17.3762,3.29329259107,4.94,0.121724569071,34.419443284,化学制药,2025-04-29,2024-03-31
301300,远翔新材,0.1074,100101295.48,22.5060654137,-10.3898,6822665.66,-17.38,18.7222,12.721033872019,0.82,0.058708405924,17.3254796123,橡胶,2025-04-29,2024-03-31
301299,卓创资讯,0.41,75492458.65,3.326875113,5.2669,24812242.97,46.2,112.5112,11.642771252167,3.62,-0.0480693435,72.3648977354,数字媒体,2025-04-29,2024-03-31
301296,新巨丰,0.13,437161393.08,1.0371019011,-12.6413,52526403.16,25.6,-10.5668,5.69454376081,2.33,0.519950649048,22.5440250992,包装印刷,2025-04-29,2024-03-31
301295,美硕科技,0.09,125154435.12,6.1206836547,-3.8505,8722582.61,-28.06,54.5094,13.545596973056,0.9,-0.530635722083,18.5657476762,电网设备,2025-04-29,2024-03-31
301288,清研环境,-0.0447,9362916.42,-77.6382954944,-78.5505,-4778903.87,-179.93,-158.0616,7.599564989908,-0.57,-0.038548837978,28.4583945907,环保设备Ⅱ,2025-04-29,2024-03-31
301287,康力源,0.26,164708377.05,-1.5616757526,-1.1962,17359149.69,-17.96,68.5748,16.495327780861,1.59,0.175826730913,33.2159379139,文娱用品,2025-04-29,2024-03-31
301286,侨源股份,0.068,232331862.14,-4.7420850716,-14.7791,27222986.63,-42.51,-44.4032,4.317050144064,1.57,-0.007634877081,23.1412748492,化学制品,2025-04-29,2024-03-31
301283,聚胶股份,0.3918,479977988.34,24.6579075527,3.5298,31259833.35,105.27,9.0336,19.225725475125,2.02,-0.812140713,15.6504925778,化学制品,2025-04-29,2024-03-31
301279,金道科技,0.09,160339210.95,7.6224066148,6.1905,8810612.22,-14.31,-11.3642,13.2715938113,0.67,-0.0169474483,15.3936511436,工程机械,2025-04-29,2024-03-31
301278,快可电子,0.4785,257532514.1,-15.3342814231,-12.661,39872200.49,3.6,-15.2936,14.735940287892,3.3,1.622705237942,19.9527560742,光伏设备,2025-04-29,2024-03-31
301273,瑞晨环保,-0.27,35670707.51,14.6852999887,-74.8895,-19633756.85,-503.57,-234.3341,13.827633601907,-1.96,-0.119477759574,37.449829489,通用设备,2025-04-29,2024-03-31
301269,华大九天,0.01,213459772.37,33.5927429439,-42.4348,7665401.36,-63.75,-73.8564,8.915623827802,0.16,0.116031696865,96.5831913531,软件开发,2025-04-29,2024-03-31
301268,铭利达,-0.05,555277255.61,-42.8364914992,-40.19,-19316543.23,-120.88,-168.726,6.046987724568,-0.75,-0.023114263423,10.7923883762,通用设备,2025-04-29,2024-03-31
301266,宇邦新材,0.33,699699335.8,26.1918158427,-2.2843,34618032.24,-4.18,2.797,14.919380542715,2.11,-1.531230849038,7.8548454769,光伏设备,2025-04-29,2024-03-31
301261,恒工精密,0.35,242736598.76,10.0389848948,-3.9989,31172603.56,3.3,-31.1248,17.244945493238,2.08,-0.039965396482,25.5388261213,通用设备,2025-04-29,2024-03-31
301260,格力博,0.2654,1635891968.96,5.4546705369,42.3385,129875271.69,48.46,143.3653,9.436140917603,2.85,-0.426089020363,30.2874162812,专用设备,2025-04-29,2024-03-31
301259,艾布鲁,-0.0252,24358183.47,-59.9374549765,-15.4124,-3938394.33,-137.12,84.0034,5.526141211731,-0.46,-0.073641070641,21.3940633398,环境治理,2025-04-29,2024-03-31
301257,普蕊斯,0.38,184532679.41,17.4227389706,-14.6591,22737202.98,-10.22,-32.77,18.087259044474,2.08,-0.139810595651,25.3270182872,医疗服务,2025-04-29,2024-03-31
301255,通力科技,0.14,90306337.76,-5.94054222,-29.1216,15180129.54,-12.7,-15.9309,9.716405836489,1.45,-0.185472809191,27.5909282981,通用设备,2025-04-29,2024-03-31
301252,同星科技,0.49,278074035.41,28.9710612082,22.4841,39397276.95,53.18,84.1485,14.873109494625,3.37,0.462696436875,23.5608913013,家电零部件Ⅱ,2025-04-29,2024-03-31
301239,普瑞眼科,0.11,675882973.16,4.0097179009,22.4985,16924936.43,-89.58,134.3103,15.230320629563,0.74,0.840179288402,40.5372224098,医疗服务,2025-04-29,2024-03-31
301231,荣信文化,-0.0663,53812930.6,-18.38135984,-19.5044,-5570992.74,-263.02,-421.6869,10.724804828199,-0.61,-0.391748721919,37.3295237892,出版,2025-04-29,2024-03-31
301230,泓博医药,0.03,130725745.26,7.6885327153,6.7109,3667660.56,-75.99,144.1102,10.252056197623,0.33,0.086188617833,20.6139204457,医疗服务,2025-04-29,2024-03-31
301227,森鹰窗业,-0.0186,88569630.37,3.2247977105,-66.1121,-1760572.88,68.59,-106.9216,18.940060778586,-0.1,-0.184991516034,14.1700885253,家居用品,2025-04-29,2024-03-31
301225,恒勃股份,0.29,184515506.88,5.6928335216,-14.7597,29583222.01,3.69,-17.7977,13.646258057651,2.06,0.272923168601,30.3091005605,汽车零部件,2025-04-29,2024-03-31
301222,浙江恒威,0.35,146292379.37,11.8451213403,-3.9573,35371413.86,33.01,8.2869,13.475649404441,2.62,-0.134114130385,28.6044008445,电池,2025-04-29,2024-03-31
301220,亚香股份,0.22,174061189.54,39.4121769367,11.692,17796689.08,-13.55,59.5128,19.422118782797,1.13,0.09638834703,26.6409278097,化学制品,2025-04-29,2024-03-31
301218,华是科技,-0.01,39938487.01,37.4025268158,-89.1662,-1178346.07,46.15,-104.0643,8.193172239828,-0.13,0.003779613206,12.673140419,IT服务Ⅱ,2025-04-29,2024-03-31
301216,万凯新材,0.09,4247946950.07,-3.2274124412,-8.2283,45281863.09,-77.8,203.0367,11.138084497463,0.79,-0.315774356461,3.8057601072,塑料,2025-04-29,2024-03-31
301213,观想科技,0.0113,15011122.33,57.8750651114,-75.2493,905928.72,-36.56,112.1545,10.017520487969,0.11,-0.424625868308,54.6576429772,军工电子Ⅱ,2025-04-29,2024-03-31
301206,三元生物,0.12,191894599.16,65.0330620614,29.3891,24247672.28,210.54,69.4573,22.534841827459,0.53,0.10951997161,8.7647529392,化学制品,2025-04-29,2024-03-31
301199,迈赫股份,0.2159,374366136.04,187.1885073312,103.8201,28782163.44,121.82,1748.049,13.43747770339,1.62,-0.146986385031,15.0219230737,自动化设备,2025-04-29,2024-03-31
301196,唯科科技,0.3023,328208395.63,36.9825306474,-22.088,37729915.99,16.37,-35.7135,24.743620641987,1.23,0.128070203205,29.66785357,塑料,2025-04-29,2024-03-31
301191,菲菱科思,0.49,406808451.89,-19.4480126185,-30.4555,34192414.53,-38.12,49.3261,24.588689163133,2.03,2.604787855989,16.4938169766,通信设备,2025-04-29,2024-03-31
301185,鸥玛软件,0.06,34941488.8,-6.3997033142,-55.6709,9096136.97,-36.75,-67.9146,6.791553305097,0.88,-0.151491647634,65.0401392742,IT服务Ⅱ,2025-04-29,2024-03-31
301178,天亿马,-0.13,39708508.13,-19.2993817208,-83.066,-8868715.54,-164.38,-180.4669,12.004396806362,-1.08,-0.976251030537,17.0525775933,IT服务Ⅱ,2025-04-29,2024-03-31
301175,中科环保,0.0493,361058367.39,15.970015144,6.5866,72518090.18,19.83,15.1888,2.362975316031,2.11,0.040236619616,39.6459241465,环境治理,2025-04-29,2024-03-31
301166,优宁维,0.06,271631039.66,-0.9130206272,-20.0157,5202522.95,-70.97,13789.7363,24.478270269488,0.02,-0.680759337258,19.2530641621,生物制品,2025-04-29,2024-03-31
301165,锐捷网络,0.0041,2146609987.29,-0.2379900163,-40.2169,2310150.47,-98.07,-98.1139,7.552177173205,0.05,-2.716657321741,38.5154782595,通信设备,2025-04-29,2024-03-31
301163,宏德股份,0.1299,130906696.0,-34.695983071,-10.0046,10600895.51,-36.71,-14.6678,13.747963598284,0.95,0.320330248162,19.7578913534,风电设备,2025-04-29,2024-03-31
301161,唯万密封,0.15,142828765.81,42.1043913749,47.8162,18560265.14,7.53,221.651,7.926049490083,1.96,-0.159349347583,36.2990866413,工程机械,2025-04-29,2024-03-31
301159,三维天地,-0.39,20277492.0,9.0053341875,-90.4603,-30288279.85,3.73,-145.2661,10.624622901228,-3.62,-0.736855584745,36.9683669953,软件开发,2025-04-29,2024-03-31
301155,海力风电,0.34,124179576.68,-75.2190440544,-5.0368,73655367.64,-10.28,148.1089,25.088708016466,1.36,-0.795326353777,5.0461171696,风电设备,2025-04-29,2024-03-31
301139,*ST元道,0.17,418880113.91,-4.60665428,-33.5067,20323398.05,-5.11,219.5069,15.826635879761,1.06,-1.04106557565,11.8490518938,通信服务,2025-04-29,2024-03-31
301135,瑞德智能,0.03,242636216.18,7.3556321736,-24.0668,2892518.05,-59.76,-79.3713,12.165228625566,0.23,-0.402108286576,18.3269493813,家电零部件Ⅱ,2025-04-29,2024-03-31
301133,金钟股份,0.25,266926052.1,35.4760032484,-4.6452,27022619.81,53.7,-7.6613,8.982485717396,2.56,-0.176663715796,25.7655485513,汽车零部件,2025-04-29,2024-03-31
301132,满坤科技,0.0462,238044506.97,-14.8364641868,-27.5438,6812718.24,-71.96,-67.1603,11.646668124432,0.4,0.240088388486,17.3678547706,元件,2025-04-29,2024-03-31
301131,聚赛龙,0.3025,340667514.24,17.6623179861,-22.6731,14454518.96,118.09,273.2681,17.162042584554,1.78,-1.526784969862,10.7471940146,塑料,2025-04-29,2024-03-31
301129,瑞纳智能,-0.07,28961710.07,-13.6823799676,-88.4541,-9022480.05,-233.33,-115.2609,12.349974186569,-0.54,0.000669143553,54.3655202056,通用设备,2025-04-29,2024-03-31
301123,奕东电子,0.0844,389493617.59,12.9454575074,0.8327,19714994.91,-5.75,243.6019,12.850326011986,0.62,0.018109720805,18.5905597987,消费电子,2025-04-29,2024-03-31
301121,紫建电子,0.1555,223702624.57,39.3133240891,-29.3311,10980520.66,923.85,-60.1943,23.226133394086,0.67,0.553996534252,25.500938051,电池,2025-04-29,2024-03-31
301119,正强股份,0.18,98218086.29,9.3719777924,-12.7149,19003092.9,-5.7,-10.2774,9.353626174423,1.97,0.023230003558,33.7654495854,汽车零部件,2025-04-29,2024-03-31
301115,联检科技,0.02,224940073.21,11.8796137154,-55.8091,3428661.12,-86.76,-85.2327,14.216691990521,0.13,-0.084576773514,35.72370155,专业服务,2025-04-29,2024-03-31
301112,信邦智能,-0.06,73997519.6,-42.0640024127,-42.0624,-7050512.4,-139.85,-1360.2189,11.015630918519,-0.58,-0.3965205287,27.8179458464,自动化设备,2025-04-29,2024-03-31
301110,青木科技,0.2596,226323527.36,6.3486974628,-27.7694,24169441.26,147.47,-4.4924,21.426822574766,1.69,0.473094546335,48.7615780327,互联网电商,2025-04-29,2024-03-31
301091,深城交,-0.08,228863547.05,-2.2539463871,-57.347,-31966702.68,-13.14,-129.138,7.06184098234,-1.44,-0.723266607756,9.4959051497,工程咨询服务Ⅱ,2025-04-29,2024-03-31
301088,戎美股份,0.114,180300098.7,-12.857448293,-26.5138,25999608.03,-28.46,21.8042,11.384781847456,1.01,0.202293145921,43.5688478689,服装家纺,2025-04-29,2024-03-31
301087,可孚医疗,0.5,807154893.3,-5.636513839,10.6098,101221564.63,-24.75,721.3732,23.769193894472,2.05,1.091636485729,49.8299593224,医疗器械,2025-04-29,2024-03-31
301086,鸿富瀚,0.31,129578095.91,-2.9537869039,-38.0097,27792224.33,-22.15,596.3133,21.585201436778,1.44,0.354876458222,38.8987799489,消费电子,2025-04-29,2024-03-31
301080,百普赛斯,0.2561,145998736.93,6.6731765744,11.387,30672071.4,-31.91,20.5768,21.864005892417,1.18,0.267190688833,92.5835229347,生物制品,2025-04-29,2024-03-31
301077,星华新材,0.26,180910560.7,8.5902006084,-0.5882,31477380.38,100.18,-7.4568,10.52954136125,2.52,0.161772845917,31.4071128961,化学制品,2025-04-29,2024-03-31
301073,君亭酒店,0.02,160119133.47,67.278423763,5.0268,4659965.54,13.94,-28.8877,5.053191593168,0.48,0.261933232799,30.1248241948,酒店餐饮,2025-04-29,2024-03-31
301072,中捷精工,0.02,169847601.62,4.049212979,-7.4427,2159344.56,-70.23,-60.8657,7.878004010193,0.27,0.115791742595,15.3754300567,汽车零部件,2025-04-29,2024-03-31
301070,开勒股份,-0.1444,47468456.47,22.4902820625,-26.758,-9319390.73,-88.25,39.4719,12.479236390097,-1.15,-0.585213783708,38.6473702839,通用设备,2025-04-29,2024-03-31
301068,大地海洋,0.0877,160961681.68,-13.5181081988,-35.9439,7343045.39,66.5,-64.6438,9.665703872738,0.89,-0.716241311429,20.0606375586,环境治理,2025-04-29,2024-03-31
301067,显盈科技,0.0065,172451068.18,41.2958155952,-19.4749,629025.41,19.88,-88.8468,8.766908652865,0.07,0.083256820108,19.7808190057,消费电子,2025-04-29,2024-03-31
301061,匠心家居,0.73,559160866.38,30.6558957276,19.8045,120999957.28,57.97,42.6393,24.389021126641,3.95,0.600645739297,33.2139750717,家居用品,2025-04-29,2024-03-31
301055,张小泉,0.05,213183081.43,11.3808565663,-13.2251,7662205.28,-9.58,-51.6474,4.125316182372,1.15,0.006774089295,36.2105951946,家居用品,2025-04-29,2024-03-31
301053,远信工业,0.16,138951565.48,32.3917141841,29.3133,12978828.66,41.64,1063.6051,7.353696844011,2.18,-0.045864514235,28.3194373335,专用设备,2025-04-29,2024-03-31
301051,信濠光电,-0.17,436683605.59,48.1845812704,-15.0244,-28423015.18,-195.31,-311.5056,22.006577465417,-1.1,0.010580657083,18.9114014936,消费电子,2025-04-29,2024-03-31
301048,金鹰重工,0.0827,593994671.25,-3.3831801627,-47.6578,44107000.58,-32.29,-63.6895,4.736090956426,1.76,0.16982672514,12.4608617101,轨交设备Ⅱ,2025-04-29,2024-03-31
301041,金百泽,0.05,152655929.13,2.6400513465,-10.0966,5828958.9,46.41,-53.8658,6.317290191882,0.87,0.050527646607,24.510909575,元件,2025-04-29,2024-03-31
301038,深水规院,-0.0762,108941629.47,9.2091076381,-70.9504,-13079707.67,2.11,-137.6176,4.82375039697,-1.56,-0.127602769755,-2.2560199273,工程咨询服务Ⅱ,2025-04-29,2024-03-31
301030,*ST仕净,0.55,860077905.82,49.5198257561,-31.4995,79425409.0,122.49,57.8343,13.431311099609,4.19,-2.734189516131,28.2814539943,环保设备Ⅱ,2025-04-29,2024-03-31
301029,怡合达,0.15,540223174.4,-23.2154681973,-20.3081,96286775.88,-40.22,2.4562,5.485930141855,3.09,0.434438904052,35.0295121438,自动化设备,2025-04-29,2024-03-31
301025,读客文化,0.0102,94310720.05,-9.6238950839,-14.1198,4064223.97,-32.79,119.8374,1.53314886258,0.66,0.075831521768,40.6583257552,出版,2025-04-29,2024-03-31
301024,霍普股份,0.0581,26014280.52,-38.389455751,339.9126,3693117.6,155.4,104.5703,8.340464317842,0.7,-0.269567971534,28.1769347969,工程咨询服务Ⅱ,2025-04-29,2024-03-31
301021,英诺激光,-0.0948,78486799.12,35.7389664677,-45.6981,-14364688.75,-189.78,-910.944,6.38693469192,-1.48,-0.219732457372,44.5910728968,自动化设备,2025-04-29,2024-03-31
301019,宁波色母,0.12,114337025.5,15.8785222075,2.7862,19814503.18,1.26,-25.8912,8.908792572583,1.79,0.087334372667,32.310002371,塑料,2025-04-29,2024-03-31
301018,申菱环境,0.19,494171420.48,6.7794920127,-23.9201,50434076.41,21.92,214.3802,9.402230843714,2.04,0.054084653061,24.5593539125,通用设备,2025-04-29,2024-03-31
301017,漱玉平民,0.03,2439083820.11,17.6889762505,-8.1874,10508208.55,-83.72,136.4654,5.244934107661,0.49,0.185483987508,27.2723747686,医药商业,2025-04-29,2024-03-31
301011,华立科技,0.14,215233546.05,37.5954227003,-2.7295,19976197.44,247.51,174.9931,4.844352452349,2.85,0.121604161986,29.3043142426,文娱用品,2025-04-29,2024-03-31
301010,晶雪节能,0.0394,106692186.35,4.61052599,-83.1842,4250504.2,4.37,-75.9637,7.741131554722,0.51,-0.737724695556,22.3292466815,装修建材,2025-04-29,2024-03-31
301007,德迈仕,0.08,168776265.85,25.4410396298,-4.3221,13002650.94,64.63,13.3495,4.336554614712,1.97,0.163599981023,18.8715120752,汽车零部件,2025-04-29,2024-03-31
301004,嘉益股份,1.06,432075101.82,78.2035044622,-21.0007,107479947.57,102.22,-32.0648,13.725495610192,7.86,0.880961541827,38.6992122378,家居用品,2025-04-29,2024-03-31
301003,江苏博云,0.33,141524237.51,34.4996687056,-0.4124,32994805.64,45.4,3.6724,11.935890315776,2.74,0.110101538229,33.0805436607,塑料,2025-04-29,2024-03-31
301000,肇民科技,0.15,158097044.97,20.2201858437,-1.7229,35483275.67,74.92,5.7843,6.840791094982,3.05,-0.031462648901,35.0488950002,汽车零部件,2025-04-29,2024-03-31
300996,普联软件,0.0162,77522697.83,43.0951415848,-83.5656,3270817.47,117.54,-96.484,5.995110476742,0.27,-0.6307306308,42.0072313291,软件开发,2025-04-29,2024-03-31
300995,奇德新材,0.0412,70499193.61,17.1593376589,-13.2697,3464004.24,9.63,7.1488,7.548196005703,0.54,-0.016796881654,24.9378321506,塑料,2025-04-29,2024-03-31
300992,泰福泵业,0.1117,171618941.07,24.5813248464,-24.0617,10141633.98,-0.83,-33.4616,8.328210661486,1.2,-1.074877961559,26.9492284253,通用设备,2025-04-29,2024-03-31
300986,志特新材,-0.0732,449697827.65,18.3295708648,-30.4103,-18037966.61,-1077.31,60.4664,5.367259261935,-1.21,-0.438991884308,21.7231194334,专业工程,2025-04-29,2024-03-31
300985,致远新能,0.1149,424126179.5,96.2728577359,-33.1365,21428536.94,160.2,-51.233,9.365223524713,1.71,-2.102935826132,17.5368938102,通用设备,2025-04-29,2024-03-31
300983,尤安设计,-0.1024,40116572.87,-36.4052407121,-74.9509,-13109592.56,-53.28,-137.2642,23.969743641172,-0.43,-0.060639328828,0.4842817721,工程咨询服务Ⅱ,2025-04-29,2024-03-31
300980,祥源新材,0.05,93370902.23,40.090222783,-19.4569,5491591.69,123.13,-31.8356,8.496090618773,0.54,0.0014539236,33.7823777929,塑料,2025-04-29,2024-03-31
300979,华利集团,0.67,4764940411.98,30.1537148406,-17.9232,787491329.11,63.67,-13.7696,13.513198186213,5.1,0.91918143138,28.3734153676,纺织制造,2025-04-29,2024-03-31
300973,立高食品,0.4534,916148663.51,15.3128273925,-0.0431,76771771.42,53.96,189.9106,13.324505813451,3.06,0.119897238826,32.5876157005,休闲食品,2025-04-29,2024-03-31
300972,万辰集团,0.0388,4830392702.55,534.0295506985,9.9503,6238216.19,-88.15,123.6557,4.998360369998,0.73,1.600844341542,9.7733415809,休闲食品,2025-04-29,2024-03-31
300969,恒帅股份,0.81,241589293.91,31.7282578896,-7.4425,64788926.45,58.6,24.5339,14.4875832955,5.74,0.81530724475,36.7882593353,汽车零部件,2025-04-29,2024-03-31
300966,共同药业,0.03,122227974.51,2.3483995394,-32.6052,3547307.04,-11.86,1508.4853,7.463050622568,0.37,-0.210117134964,21.5676650584,化学制药,2025-04-29,2024-03-31
300965,恒宇信通,0.1124,34650054.16,60.1761282674,115.4975,6743198.02,377.84,103.9542,20.2587601435,0.56,-0.502713000667,42.3941873285,航空装备Ⅱ,2025-04-29,2024-03-31
300963,中洲特材,0.05,245620508.07,10.2589662115,-14.9258,15290471.93,-27.26,198.5174,4.296278536111,1.53,-0.154603153333,17.9291324841,金属新材料,2025-04-29,2024-03-31
300962,中金辐照,0.113,83621422.72,4.0916200255,-2.795,29836447.36,1.82,157.8583,3.583281305892,3.2,0.160531029252,64.6148602744,专业服务,2025-04-29,2024-03-31
300961,深水海纳,0.0044,102017192.28,0.0031927991,-24.0789,774276.86,111.26,108.6418,5.679308051952,0.8,0.0081104353,38.8218082608,环境治理,2025-04-29,2024-03-31
300959,线上线下,-0.05,341386852.46,-23.0553686087,339.7012,-3974567.87,-131.38,-51.0948,14.615558757366,-0.33,0.691480343874,3.6856173515,通信服务,2025-04-29,2024-03-31
300956,英力股份,0.06,362883561.58,42.3952889051,-15.4592,3617059.5,116.52,150.2548,7.685565042709,0.32,0.773962059518,12.7018651325,消费电子,2025-04-29,2024-03-31
300955,嘉亨家化,-0.03,203383105.98,-5.4293408455,-29.1921,-2911790.81,-153.52,-120.8409,9.835327372619,-0.29,0.147503610615,19.1804821458,化妆品,2025-04-29,2024-03-31
300950,德固特,0.34,181214612.61,98.1538401195,123.1013,50629801.07,147.72,5215.3975,4.763749399588,7.34,-0.04373416886,41.5341834171,专用设备,2025-04-29,2024-03-31
300949,奥雅股份,-0.64,158886862.77,58.1063822035,62.5836,-38590634.02,-23.84,67.6724,15.447496984952,-4.01,-0.458426763571,40.5854465472,基础建设,2025-04-29,2024-03-31
300948,冠中生态,-0.0154,33510417.38,-51.7297228218,-60.544,-2150590.16,-132.04,70.6067,6.15142895563,-0.25,-0.495464283916,40.6030896772,基础建设,2025-04-29,2024-03-31
300946,恒而达,0.24,147303062.81,5.5083397693,8.3638,28543221.12,2.46,88.3741,9.571349613103,2.52,-0.104619293369,33.2548867454,通用设备,2025-04-29,2024-03-31
300940,南极光,-0.05,50861057.75,-46.0416537771,-41.4692,-11134195.17,63.18,94.5431,4.705448083817,-1.06,-0.161677829521,-2.7964150234,光学光电子,2025-04-29,2024-03-31
300936,中英科技,0.1061,57207835.74,-9.9108313894,-30.6741,7975025.46,13.5,-22.4237,13.875680072473,0.77,0.255640356782,27.2241816152,元件,2025-04-29,2024-03-31
300926,博俊科技,0.362,798185778.97,93.3088192972,-11.2976,100912025.28,193.03,-20.4789,5.986353691725,5.64,0.230623885043,25.7123224627,汽车零部件,2025-04-29,2024-03-31
300925,法本信息,0.07,1000116228.5,13.3628716052,-7.4269,31591306.17,10.24,10.6222,4.807879874678,1.54,-0.471775239936,19.7753771766,软件开发,2025-04-29,2024-03-31
300920,润阳科技,0.1338,95712720.69,45.8361869735,-19.7348,13381190.82,533.28,-40.7631,11.7851394521,1.14,0.0524857114,26.9964703059,塑料,2025-04-29,2024-03-31
300913,兆龙互连,0.0682,368698213.2,12.4284997817,-10.3512,17606218.45,11.91,-37.0919,4.233482611783,1.63,-0.06702861253,13.9472221912,通信设备,2025-04-29,2024-03-31
300911,亿田智能,0.0326,126798495.76,-44.4874792908,-55.2714,4527079.27,-88.88,14.1726,13.405781337691,0.3,0.003513835325,44.6430531535,厨卫电器,2025-04-29,2024-03-31
300909,汇创达,0.07,287506826.77,39.2557939827,-38.9948,12815947.38,26.58,-64.8994,11.243328895781,0.66,0.93561303919,28.7264317783,光学光电子,2025-04-29,2024-03-31
300899,上海凯鑫,0.0766,31260880.54,55.3190065026,-42.7422,4887678.76,112.62,-38.4592,10.439334952102,0.74,-0.067713960543,29.3214733931,环境治理,2025-04-29,2024-03-31
300894,火星人,0.09,348304564.22,-15.438089694,-38.7585,36882282.81,-24.52,49.7221,3.876667414474,2.92,-0.116082528195,44.9639566655,厨卫电器,2025-04-29,2024-03-31
300893,松原安全,0.2705,368492661.14,63.2662525879,-20.863,61016641.95,87.88,-24.3819,5.002357800532,5.56,0.202997878723,30.6781261478,汽车零部件,2025-04-29,2024-03-31
300892,品渥食品,-0.04,207897567.0,-23.8398461629,-20.1639,-4493570.16,79.32,-46.8884,10.403908286,-0.42,0.4621922942,21.5451832825,饮料乳品,2025-04-29,2024-03-31
300888,稳健医疗,0.31,1909017281.07,-18.8382569638,-12.2121,182424811.95,-51.6,111.6389,19.671705625629,1.57,-0.277859573673,47.6236205217,个护用品,2025-04-29,2024-03-31
300884,狄耐克,0.0043,125796157.1,-8.3208434322,-51.5326,1077064.16,-92.19,-96.974,5.552741085437,0.08,-0.231448694206,42.4994431805,计算机设备,2025-04-29,2024-03-31
300879,大叶股份,0.28,635829510.1,48.8123233729,431.4008,45486573.81,178.56,129.9805,5.083556499973,5.4,0.121765322743,18.364542662,专用设备,2025-04-29,2024-03-31
300878,维康药业,0.17,199953044.93,2.1530001393,128.2065,24334978.24,-11.59,131.4449,9.420369684446,1.77,-0.113539885559,48.9241374515,中药Ⅱ,2025-04-29,2024-03-31
300875,捷强装备,-0.06,21374416.83,-56.2512757195,-76.0571,-5655354.43,-328.54,88.8243,12.618273528723,-0.45,-0.148481614082,32.3878796557,地面兵装Ⅱ,2025-04-29,2024-03-31
300872,天阳科技,0.23,487726342.03,1.3625266741,-3.3304,91023218.21,225.81,64.8406,6.184667602321,3.47,-0.662960564878,31.6872122873,IT服务Ⅱ,2025-04-29,2024-03-31
300871,回盛生物,-0.0989,206809092.09,-10.24381376,-37.02,-16405616.8,-210.43,-961.8838,8.336258002439,-1.08,-0.278981653078,22.6657538971,动物保健Ⅱ,2025-04-29,2024-03-31
300869,康泰医学,0.0108,99175164.46,-73.1013843251,-23.5202,4351935.11,-97.44,114.8269,5.025852520781,0.21,-0.001359969385,49.3902451352,医疗器械,2025-04-29,2024-03-31
300867,圣元环保,0.1639,376573281.77,-2.3174050485,-30.0672,44541965.7,7.9,208.3245,13.037273852692,1.27,0.230574057023,42.0083515449,环境治理,2025-04-29,2024-03-31
300866,安克创新,0.588,4377729053.27,30.0919455628,-23.4761,310694250.33,1.6,-22.6423,20.572489238473,3.8,0.445113498516,45.1210902898,消费电子,2025-04-29,2024-03-31
300857,协创数据,0.67,1758870895.53,118.3812742496,23.0317,162245470.4,253.42,77.3783,10.633183413044,6.47,-0.994402381481,16.3323062074,消费电子,2025-04-29,2024-03-31
300853,申昊科技,-0.23,7931983.8,-96.1643055422,-90.2115,-33028699.73,-157.95,69.0864,6.626610313232,-2.87,0.616804037387,-22.5897941193,电网设备,2025-04-29,2024-03-31
300849,锦盛新材,-0.01,67076964.31,31.6018450255,-16.3371,-983439.4,85.87,85.5985,4.1361213742,-0.16,0.021059377267,20.4378171419,化妆品,2025-04-29,2024-03-31
300842,帝科股份,1.25,3644461187.45,135.3789138354,3.9493,175728979.22,103.71,89.0086,14.229495809254,12.4,3.844337728259,10.6497047527,光伏设备,2025-04-29,2024-03-31
300840,酷特智能,0.48,167640473.83,1.8001166465,-14.0535,114271230.06,291.64,554.4416,5.412315377542,9.2,0.1351835065,39.1040133521,服装家纺,2025-04-29,2024-03-31
300838,浙江力诺,0.0487,181732404.03,-20.7689375919,-41.7753,6676402.43,-74.06,-75.4279,7.398436366175,0.65,-0.495949721986,20.4506626864,通用设备,2025-04-29,2024-03-31
300837,浙矿股份,0.62,278437188.82,36.4240480973,1119.4841,61557241.93,14.78,379.8401,13.666271949452,4.45,-0.424030464536,36.1623019349,专用设备,2025-04-29,2024-03-31
300834,星辉环材,0.11,363469303.48,11.0466416783,-17.3875,22031141.25,9.23,-16.9541,15.175273849262,0.72,0.230951529302,4.6340671712,塑料,2025-04-29,2024-03-31
300816,艾可蓝,0.1723,240096540.34,-2.5682137954,-18.6908,13723430.32,64.29,356.9019,10.076969820125,1.91,0.2638881895,19.4445828848,汽车零部件,2025-04-29,2024-03-31
300810,中科海讯,-0.1167,49888439.35,3.7792759395,110.386,-13718958.86,-160.82,87.7206,7.054804857772,-1.61,-0.458551929183,40.4931995733,航海装备Ⅱ,2025-04-29,2024-03-31
300802,矩子科技,0.11,163689206.99,21.3605806363,57.197,31792405.24,37.9,84.833,5.730445478466,1.9,0.244131164926,32.5148361329,自动化设备,2025-04-29,2024-03-31
300793,佳禾智能,0.04,447255741.92,-6.535645848,-21.4995,14656739.13,-54.44,165.2109,7.213950524811,0.59,0.237581956791,17.163020828,消费电子,2025-04-29,2024-03-31
300790,宇瞳光学,0.13,568652493.05,38.4689048219,-13.005,40261642.91,294.04,478.9063,5.208463228738,2.13,0.293275616427,21.1019656744,计算机设备,2025-04-29,2024-03-31
300785,值得买,-0.11,296289264.84,16.8516660393,-39.8501,-22711945.66,-3202.96,-137.4087,9.215534681326,-1.23,-0.17781127868,42.2756788531,数字媒体,2025-04-29,2024-03-31
300783,三只松鼠,0.77,3645604895.39,91.8263769112,43.9564,308255630.86,60.8,514.5103,7.052093894738,11.55,0.726852539102,27.3981379615,休闲食品,2025-04-29,2024-03-31
300775,三角防务,0.3,510782253.68,-22.4324272562,57.9537,166845834.68,-23.55,27.5951,9.896479926319,3.02,-0.358589263947,42.3133385005,航空装备Ⅱ,2025-04-29,2024-03-31
300769,德方纳米,-0.66,1892057814.82,-61.7359953476,-29.0242,-184679966.25,74.25,71.1482,24.545171569048,-2.64,-2.5703236018,0.0294353923,电池,2025-04-29,2024-03-31
300763,锦浪科技,0.05,1396839830.94,-15.563403302,-4.2901,20286204.8,-93.74,-27.1622,19.445647672137,0.26,-0.018140031952,24.1726358149,光伏设备,2025-04-29,2024-03-31
300762,上海瀚讯,-0.016,68072712.97,-11.8034623758,-29.5858,-10036550.06,-21.23,92.0946,3.959233959076,-0.4,-0.127025059051,65.1065620663,军工电子Ⅱ,2025-04-29,2024-03-31
300760,迈瑞医疗,2.6107,9372811209.0,12.0575727501,22.8721,3159898674.0,22.9,80.7803,29.835987726925,9.12,2.362748563499,64.1839793404,医疗器械,2025-04-29,2024-03-31
300757,罗博特科,0.04,262995118.29,1.5238132957,-46.431,5898082.48,39.23,-86.8254,8.970915789461,0.6,-1.0836889837,23.4459604349,自动化设备,2025-04-29,2024-03-31
300753,爱朋医疗,0.0108,87752962.0,-6.7134451797,-30.5508,1356953.49,11.63,-8.2871,5.534085740353,0.19,-0.508163739607,65.9132102686,医疗器械,2025-04-29,2024-03-31
300751,迈为股份,0.93,2218244410.32,91.7961794666,-25.605,260127571.88,17.79,29.8516,26.453396677357,3.35,0.024572371743,26.2493923655,光伏设备,2025-04-29,2024-03-31
300745,欣锐科技,-0.0041,417466951.27,2.789559833,29.258,-687574.61,-101.87,99.5453,14.368530980076,-0.03,-0.517544457146,12.1125924307,汽车零部件,2025-04-29,2024-03-31
300740,水羊股份,0.1027,1031873547.91,-1.3584781695,-7.5223,40014816.82,-23.25,-64.9367,5.214993696531,1.91,-0.038295221095,61.3375828445,化妆品,2025-04-29,2024-03-31
300739,明阳电路,0.03,375946764.95,-12.7047939336,-1.7918,8791176.34,-63.96,-60.9593,6.18913971647,0.46,0.153548064193,23.6410199837,元件,2025-04-29,2024-03-31
300735,光弘科技,0.0777,1662465137.73,141.3222335437,-14.6687,59413808.31,60.46,-62.6782,6.389278668813,1.22,0.73082032973,12.8072111365,消费电子,2025-04-29,2024-03-31
300731,科创新源,0.01,135364616.53,57.5780909722,-32.8064,1072404.17,119.15,-92.616,4.723703750205,1.92,-0.038275497991,25.2274930668,橡胶,2025-04-29,2024-03-31
300730,科创信息,-0.07,78981256.45,159.8250803405,-27.5691,-16901457.83,19.13,58.3435,1.475511188723,-4.65,-0.42103228626,18.9972340456,软件开发,2025-04-29,2024-03-31
300720,海川智能,0.0284,43049034.79,4.120307447,-40.5259,5527549.49,6.15,-31.357,3.061483515962,0.93,-0.001937936154,51.0996777217,通用设备,2025-04-29,2024-03-31
300716,*ST泉为,-0.1202,60121195.34,-83.6171391543,-78.1312,-19233769.68,28.59,37.1102,0.796334174166,-14.03,-0.039822652231,-3.2267196935,塑料,2025-04-29,2024-03-31
300713,英可瑞,-0.09,48431245.73,-16.459907473,-34.1418,-14291254.92,-2356.82,30.08,3.992590309802,-2.23,0.002535456315,23.9555603725,其他电源设备Ⅱ,2025-04-29,2024-03-31
300710,万隆光电,0.0631,86645735.54,2.2293921305,-17.7326,6277509.38,877.9,359.129,6.686759592443,0.95,0.357476141594,29.7963548917,通信设备,2025-04-29,2024-03-31
300701,森霸传感,0.04,94538537.76,58.9304087704,4.288,12290250.39,57.39,-34.1882,3.303653529366,1.38,0.018498690465,34.8656612964,光学光电子,2025-04-29,2024-03-31
300695,兆丰股份,0.37,151866994.47,11.6439134278,-35.9728,26148370.7,5.21,-52.4811,35.901782030285,1.03,0.450269791267,28.6084403077,汽车零部件,2025-04-29,2024-03-31
300687,赛意信息,0.0497,540366230.23,4.5073696196,-5.5116,20384487.61,216.45,-83.8154,6.623360361217,0.76,-0.208215393172,27.579650828,IT服务Ⅱ,2025-04-29,2024-03-31
300677,英科医疗,0.36,2203087168.0,40.0636077235,17.3898,238197783.0,255.63,356.7887,25.127504477036,1.48,0.249996075747,20.6472215719,医疗器械,2025-04-29,2024-03-31
300675,建科院,-0.152,57946050.39,-2.3111711685,-61.6356,-22292019.69,43.78,-132.3994,4.000654302442,-3.71,-0.323208654248,9.4178035488,工程咨询服务Ⅱ,2025-04-29,2024-03-31
300674,宇信科技,0.05,600631525.41,-24.2539832842,-72.0481,32112877.23,-23.29,-80.6794,5.718931024937,0.78,-0.42512844689,26.40751704,IT服务Ⅱ,2025-04-29,2024-03-31
300664,鹏鹞环保,0.1271,522804241.52,47.9449547635,-20.7012,97280335.19,45.91,280.7234,5.429150389494,2.26,-0.048864804833,22.9056118313,环境治理,2025-04-29,2024-03-31
300663,科蓝软件,-0.012,248822347.21,0.7050217147,-43.7995,-5558262.01,34.36,95.1301,2.155695012018,-0.51,-0.354440845296,35.7149495359,软件开发,2025-04-29,2024-03-31
300661,圣邦股份,0.1158,729044755.89,42.0342109871,-0.7485,54383429.78,80.04,-60.7978,8.385143492589,1.4,-0.015396886435,52.4858281976,半导体,2025-04-29,2024-03-31
300659,中孚信息,-0.33,131477069.8,-4.2761809101,-70.4006,-74005003.41,35.82,-192.6656,6.208780729152,-7.83,-0.727893319299,58.6881311679,计算机设备,2025-04-29,2024-03-31
300656,民德电子,0.0012,65685171.43,-10.5686380937,-43.5174,204097.12,-96.56,104.5173,6.632568218394,0.02,-0.132269424534,38.3772307375,其他电子Ⅱ,2025-04-29,2024-03-31
300647,超频三,0.01,232252925.77,60.4671261379,116.635,3165797.93,122.06,101.7295,2.166052891109,0.32,-0.146040943178,16.0136621387,消费电子,2025-04-29,2024-03-31
300640,德艺文创,0.0053,191014825.52,7.092757486,10.9622,1648739.18,-76.61,-61.06,2.620495616826,0.2,-0.142554147963,16.178907635,家居用品,2025-04-29,2024-03-31
300639,凯普生物,-0.02,183101224.63,-39.3928517326,-27.8632,-14354781.93,-121.96,54.6176,7.455803512743,-0.3,-0.09907395962,50.3057165872,医疗器械,2025-04-29,2024-03-31
300635,中达安,0.0039,162237489.94,23.8566142423,-31.2406,525190.94,-95.01,144.9868,3.119530293863,0.12,-0.207097632444,23.182474306,工程咨询服务Ⅱ,2025-04-29,2024-03-31
300622,博士眼镜,0.14,295927317.03,-4.4656510083,9.4237,25035454.54,-32.85,-17.8375,4.691553359847,3.12,0.339795614065,58.9649133582,专业连锁Ⅱ,2025-04-29,2024-03-31
300616,尚品宅配,-0.4,776454179.83,-3.9816583844,-44.0445,-86524547.6,9.22,-242.3675,17.307215647145,-2.26,-1.511684628061,27.8069923569,家居用品,2025-04-29,2024-03-31
300606,金太阳,0.0408,94265373.74,45.9555614387,-44.5497,5716543.34,1310.98,-71.8968,5.035228921758,0.81,0.106719302726,25.0234082083,通用设备,2025-04-29,2024-03-31
300604,长川科技,0.01,559387242.18,74.809936369,-1.1841,4075180.68,107.12,-90.7031,4.631260859511,0.14,-0.383374097457,54.5961459292,半导体,2025-04-29,2024-03-31
300598,诚迈科技,-0.2097,419169922.15,0.8218118886,-18.9116,-45501080.83,30.06,-113.3413,9.433335745072,-2.99,-0.326217446639,14.3215682538,软件开发,2025-04-29,2024-03-31
300596,利安隆,0.4666,1354264127.02,14.1712218352,-4.7114,107137289.03,29.19,34.7457,18.36370751204,2.57,-0.107724512117,21.3831668751,化学制品,2025-04-29,2024-03-31
300583,赛托生物,0.02,244395524.04,-26.9994607027,-31.457,3070728.65,-80.0,119.743,10.627817467739,0.15,0.112011737338,28.4678832206,化学制药,2025-04-29,2024-03-31
300582,英飞特,0.01,636277056.53,135.4112513068,-14.418,1840009.78,112.36,101.9879,4.881609309413,0.13,0.123746275492,29.3350601211,光学光电子,2025-04-29,2024-03-31
300581,晨曦航空,-0.0274,1321990.13,-95.6163470459,-99.0301,-15056638.68,-79.37,-139.2251,1.85062645379,-1.47,-0.088124539908,48.0343260959,航空装备Ⅱ,2025-04-29,2024-03-31
300576,容大感光,0.1226,204805728.27,24.0638395396,-7.4512,36241609.29,103.0,484.3833,5.198030756073,2.87,0.017704178599,38.5565756862,电子化学品Ⅱ,2025-04-29,2024-03-31
300573,兴齐眼药,0.2,349876258.51,22.0951273739,-3.5373,34748964.87,79.59,-39.7812,13.939149780197,2.03,0.669704073132,76.1020858586,化学制药,2025-04-29,2024-03-31
300571,平治信息,0.02,709713894.2,83.7916377024,83.1548,2716290.45,-84.33,104.4964,11.339207903596,0.17,1.307484715036,6.6796056323,通信服务,2025-04-29,2024-03-31
300570,太辰光,0.14,223282260.29,17.5265296274,-14.6893,31749073.02,10.8,-36.8363,6.152169322311,2.3,0.194382577513,30.9023384842,通信设备,2025-04-29,2024-03-31
300568,星源材质,0.08,714664270.19,7.5121722539,-10.966,107110892.18,-41.45,217.3961,7.382240978092,1.09,0.097146426224,35.9851595423,电池,2025-04-29,2024-03-31
300560,中富通,0.0475,367068064.3,26.5986419338,262.1811,10919621.9,-28.12,114.7493,4.734744341891,1.0,-0.129458468188,17.2643472705,通信服务,2025-04-29,2024-03-31
300548,长芯博创,0.0001,312848868.39,-38.4562741772,-63.6697,27792.84,-99.93,100.0683,5.747434372823,,0.166311917605,17.8951964852,通信设备,2025-04-29,2024-03-31
300542,新晨科技,-0.04,191344315.18,17.371839511,-78.3944,-13206694.69,-108.19,-123.6809,2.131686050979,-2.05,-1.255522348097,21.0984101158,软件开发,2025-04-29,2024-03-31
300539,横河精密,0.04,166402784.57,-9.2142983465,-6.619,8118338.7,-11.3,28.1103,2.447064768898,1.48,-0.063407204158,20.2451717122,塑料,2025-04-29,2024-03-31
300538,同益股份,0.0189,556502646.85,2.9797550913,-44.4232,3447354.32,-33.72,-16.5829,5.889257334764,0.32,-0.396488038635,6.1850411413,塑料,2025-04-29,2024-03-31
300537,广信材料,0.0746,116744027.13,11.6305119088,1.1803,14935968.73,14.23,152.7355,3.952346978312,1.91,-0.107833411278,43.1055562217,电子化学品Ⅱ,2025-04-29,2024-03-31
300533,冰川网络,-1.93,560281693.89,-18.7626003897,-16.3377,-445500833.49,-332.94,-891.8576,5.138554612702,-31.57,-0.55376059472,93.3762102752,游戏Ⅱ,2025-04-29,2024-03-31
300532,今天国际,0.22,768761706.03,6.1266205583,3.3957,98032891.24,6.2,58.5929,5.620610565437,5.78,-1.180781185068,26.927942116,IT服务Ⅱ,2025-04-29,2024-03-31
300525,博思软件,-0.0749,259881431.52,15.7323535604,-72.4414,-56289440.2,3.64,-118.2414,3.373812793544,-2.21,-0.400448998691,61.4910536914,软件开发,2025-04-29,2024-03-31
300523,辰安科技,-0.25,128718945.53,-51.6013315107,-86.3729,-57770513.18,-867.37,-184.2707,6.27318100023,-3.88,-0.625615034486,44.6560528004,IT服务Ⅱ,2025-04-29,2024-03-31
300521,爱司凯,-0.0068,33942174.38,35.6680361243,-36.3402,-976852.12,79.06,74.631,3.432968962847,-0.2,-0.0812723725,42.9682669022,专用设备,2025-04-29,2024-03-31
300520,科大国创,0.02,307844614.27,-42.7657491483,-58.3862,5885253.09,146.97,101.3223,6.448162418571,0.31,-0.837948238116,45.0240562235,软件开发,2025-04-29,2024-03-31
300518,新迅达,-0.31,43385520.53,-63.3308249949,27.0885,-62460264.63,-306.22,74.7897,5.290755098591,-5.75,-0.259435425705,13.4021286341,互联网电商,2025-04-29,2024-03-31
300512,中亚股份,0.0513,234578228.78,0.6098713911,-21.3931,20755522.6,-34.81,208.156,3.998941744886,1.27,-0.04532114444,31.9795009197,专用设备,2025-04-29,2024-03-31
300496,中科创达,0.1975,1178033342.21,1.0088908724,-13.7502,90759094.88,-46.1,164.9232,20.917106655125,0.95,0.356774120468,39.8196016473,IT服务Ⅱ,2025-04-29,2024-03-31
300492,华图山鼎,0.52,695465400.35,4494.2368010082,243.0253,72558354.23,2916.76,182.2051,2.008541288496,28.99,2.396994059713,55.7371667181,教育,2025-04-29,2024-03-31
300491,通合科技,0.04,178453352.86,50.173484488,-56.1885,7693335.13,-51.21,-78.7098,6.481497004541,0.69,-0.175748832393,30.7729028286,其他电源设备Ⅱ,2025-04-29,2024-03-31
300490,华自科技,0.01,772161883.3,95.3905528617,164.1686,3385412.25,110.59,101.6648,7.013833626383,0.12,-0.447271155725,15.3323464626,电网设备,2025-04-29,2024-03-31
300488,恒锋工具,0.16,124761260.53,17.5106608822,-24.6474,26133571.13,33.64,-32.3437,8.331187782074,1.79,0.18086703545,44.3392347953,通用设备,2025-04-29,2024-03-31
300480,光力科技,0.04,145598596.24,1.7530413459,-17.991,14983071.44,-31.57,379.7828,4.033693270983,1.03,-0.075751461267,54.7486417785,专用设备,2025-04-29,2024-03-31
300477,ST合纵,-0.0564,702062090.87,40.0219013506,-19.2119,-58867320.54,-314.33,87.3667,1.659496211105,-3.25,-0.067703024472,8.3616054283,电池,2025-04-29,2024-03-31
300473,德尔股份,0.0402,1059385411.28,1.0180520142,-1.3853,6047321.8,124.93,213.5473,10.106477245408,0.39,0.714673667151,21.953782704,汽车零部件,2025-04-29,2024-03-31
300468,四方精创,0.031,167401998.8,4.6227073332,-21.32,16433008.3,12.31,208.359,3.06607592872,1.02,-0.087730992038,31.4684185898,软件开发,2025-04-29,2024-03-31
300463,迈克生物,0.1967,616367154.02,-8.8753965651,-21.0483,120442248.9,3.05,174.0989,10.583455451331,1.87,0.007974743138,57.412518784,医疗器械,2025-04-29,2024-03-31
300462,ST华铭,-0.1029,161425310.2,-12.2887597044,4.7428,-18645235.12,-891.08,-345.2741,7.792997513083,-1.45,0.030702461365,21.0675091953,计算机设备,2025-04-29,2024-03-31
300460,ST惠伦,0.02,132298289.01,124.0780641549,55.1218,-9196623.46,77.74,93.5278,2.903062886965,-2.37,0.020217986052,17.6026276184,元件,2025-04-29,2024-03-31
300459,汤姆猫,0.0177,297236403.87,-12.938916988,-7.0769,62118906.61,-39.22,105.8327,0.870674207061,2.05,0.016882339673,89.612187475,游戏Ⅱ,2025-04-29,2024-03-31
300450,先导智能,0.3597,3310928547.41,1.1425421126,-3.8159,564502405.41,0.21,202.8158,7.931245667665,4.64,-0.453494691696,36.7781749836,电池,2025-04-29,2024-03-31
300448,浩云科技,0.0046,82094730.52,-17.8957235278,-9.9386,3126301.08,24.43,107.6587,1.970810978181,0.23,-0.007702771344,43.6697528001,IT服务Ⅱ,2025-04-29,2024-03-31
300445,康斯特,0.12,107289043.48,0.1253813792,-35.6864,25318155.81,54.33,-20.2665,5.232107122406,2.31,0.099235578214,63.9537520742,通用设备,2025-04-29,2024-03-31
300442,润泽科技,0.28,986822300.97,22.0560512437,-40.9044,474234549.39,43.81,-26.0908,5.23494486298,5.41,-0.914624932449,59.5904011971,通信服务,2025-04-29,2024-03-31
300432,富临精工,0.0325,1495753720.17,106.3385634859,-5.516,39684488.72,107.6,128.2185,3.317856751028,0.98,0.092222441846,12.9928351338,电池,2025-04-29,2024-03-31
300429,强力新材,0.0246,214612534.59,15.3029868145,7.2374,12661385.65,1256.25,150.1111,3.203472970273,0.67,0.001576680665,24.0327947706,电子化学品Ⅱ,2025-04-29,2024-03-31
300426,华智数媒,0.04,48971966.94,35.4435281289,-56.6216,16652612.6,207.24,13.4957,0.380577908899,11.43,-0.075745119837,93.7219428949,影视院线,2025-04-29,2024-03-31
300425,中建环能,0.0045,212230917.98,6.0038602195,-73.7683,3071469.78,-56.81,-97.4858,3.407689485808,0.13,0.051235684169,29.2941086585,环境治理,2025-04-29,2024-03-31
300424,航新科技,0.0586,412941295.0,-2.064398755,101.4542,14055069.33,753.74,-16.3101,3.113024983209,1.79,-0.158573320003,24.0360094333,航空装备Ⅱ,2025-04-29,2024-03-31
300418,昆仑万维,-0.15,1207545098.58,-0.7951293537,-2.1484,-187413702.97,-188.38,-120.152,12.344165258785,-1.24,0.087860290975,78.4280804322,数字媒体,2025-04-29,2024-03-31
300408,三环集团,0.23,1563615326.25,31.4944589932,-3.5329,432978973.88,35.31,-1.3453,9.724693077948,2.5,0.096771338749,40.1421800428,元件,2025-04-29,2024-03-31
300403,汉宇集团,0.0942,266120434.97,3.9976822706,-9.0723,56780429.98,20.97,-14.5236,3.315202958441,2.86,0.102755549254,36.6671364982,家电零部件Ⅱ,2025-04-29,2024-03-31
300376,易事特,0.02,668887806.03,-51.9706938854,-38.1156,46030084.74,-57.56,391.6363,3.019966881381,0.66,-0.014213330513,31.3180232606,其他电源设备Ⅱ,2025-04-29,2024-03-31
300369,绿盟科技,-0.1878,356985933.63,8.4818903824,-24.6944,-150109796.26,17.28,66.8499,3.256229478495,-5.62,0.033688396058,60.4905782517,软件开发,2025-04-29,2024-03-31
300366,ST创意,-0.1027,95185661.0,-73.2343915845,-86.6483,-61518306.61,-462.68,85.6946,3.050982591153,-3.65,0.009351289316,12.1787667472,软件开发,2025-04-29,2024-03-31
300365,恒华科技,0.0037,112352802.19,1.362242599,-77.1087,2248608.71,-28.73,-37.16,3.287997663367,0.11,-0.571794610078,42.9456731559,软件开发,2025-04-29,2024-03-31
300364,中文在线,-0.0938,222668960.22,-22.806734242,-42.7804,-68461252.74,-83.94,-178.6909,1.616003728969,-5.65,-0.077531086044,23.1828515384,数字媒体,2025-04-29,2024-03-31
300360,炬华科技,0.22,467586401.06,23.8751534474,-10.5863,112047493.22,-6.79,-32.09,7.325336603037,3.05,-0.084010913737,41.3930008467,电网设备,2025-04-29,2024-03-31
300359,全通教育,-0.01,75608313.83,-27.6908023237,-67.3207,-4540603.31,-34.39,-197.7709,1.100421628373,-0.65,-0.090611950856,32.0057200911,教育,2025-04-29,2024-03-31
300358,楚天科技,-0.0354,1392029678.89,-10.3877939747,-19.047,-20871739.14,-115.65,-170.0452,7.913033034456,-0.44,-0.778411144709,27.505603414,医疗器械,2025-04-29,2024-03-31
300352,ST信源,0.002,130350758.76,-15.0531734589,-36.5889,2932843.83,36.86,-36.7615,1.066540826991,0.19,-0.066634268154,78.2456369033,软件开发,2025-04-29,2024-03-31
300350,华鹏飞,0.0742,63965306.35,-33.8856297341,15.7346,41717099.83,4171.25,277.111,1.677375249678,4.52,0.035570461023,14.9147916181,物流,2025-04-29,2024-03-31
300347,泰格医药,0.27,1660204321.44,-8.0000744674,-4.2316,235072002.7,-58.65,61.8445,24.222132347316,1.12,0.165292811136,37.834117354,医疗服务,2025-04-29,2024-03-31
300340,科恒股份,-0.049,434239654.59,-45.6443194447,-29.0566,-13494795.04,38.93,96.8097,0.901342789947,-5.27,-1.264345871247,8.7146941671,电池,2025-04-29,2024-03-31
300335,迪森股份,0.02,194380873.39,-18.6651627411,-54.6973,8762308.02,-32.81,253.8119,4.036253979844,0.46,0.064487228579,28.2175381165,电力,2025-04-29,2024-03-31
300332,天壕能源,0.0837,1154734437.71,-11.0571917641,-13.624,68663216.65,-66.29,202.1659,4.787520948241,1.63,-0.01344984592,16.2503149263,燃气Ⅱ,2025-04-29,2024-03-31
300329,海伦钢琴,-0.015,46230439.97,-38.8739341353,-32.6599,-3804495.7,-210.16,95.5209,3.290954526452,-0.46,-0.173856475997,21.7156711606,文娱用品,2025-04-29,2024-03-31
300318,博晖创新,0.0243,262051377.78,3.5976860399,9.4964,19863584.33,283.9,150.8455,1.700687931619,1.44,0.039062415588,49.5460881564,生物制品,2025-04-29,2024-03-31
300316,晶盛机电,0.82,4509536327.64,25.2775163918,-0.2607,1069677533.41,20.65,2.4866,12.234598484051,6.91,0.093112927814,43.5186921891,光伏设备,2025-04-29,2024-03-31
300315,掌趣科技,0.02,255671629.12,4.0026490814,-7.7181,55769708.52,-29.54,385.5395,1.755189997788,1.17,-0.002349598711,77.6378733938,游戏Ⅱ,2025-04-29,2024-03-31
300313,天山生物,-0.023,17543154.91,-24.2410311507,-58.1742,-7206692.62,-79.45,19.6052,0.175609945358,-12.31,0.017332744439,2.661205766,养殖业,2025-04-29,2024-03-31
300307,慈星股份,0.29,592117608.28,11.7226816687,89.7806,226931047.87,495.01,7025.5081,4.034803293145,7.47,0.134714323416,27.1435606343,专用设备,2025-04-29,2024-03-31
300302,同有科技,0.006,93719196.17,-36.9739278514,-8.9282,2897347.99,-68.96,102.519,2.766390641476,0.22,-0.137633523129,44.4495296721,计算机设备,2025-04-29,2024-03-31
300298,三诺生物,0.1457,1013580318.64,14.9225582606,-0.9653,80937582.74,35.51,340.6608,5.294873074074,2.59,-0.056034305724,49.9400067159,医疗器械,2025-04-29,2024-03-31
300287,飞利信,-0.0189,158594681.65,-48.3358700042,-1.8609,-27135996.09,-588.67,80.1254,0.944563877877,-1.98,-0.043929771134,18.7521098189,IT服务Ⅱ,2025-04-29,2024-03-31
300276,三丰智能,0.0075,424858921.48,5.8395796119,-17.7514,10560781.29,4.52,158.8739,1.373833092438,0.54,-0.017600940582,13.0606318979,自动化设备,2025-04-29,2024-03-31
300272,开能健康,0.0391,381392081.33,2.5136292009,-11.3326,22291406.17,34.24,612.6181,2.051149103306,1.74,0.09546230653,40.0256535893,小家电,2025-04-29,2024-03-31
300270,中威电子,-0.0096,28427962.97,-21.528797453,-37.0954,-2882043.57,-168573.72,87.0751,2.220792490399,-0.43,0.035237763827,25.1360262342,计算机设备,2025-04-29,2024-03-31
300260,新莱应材,0.168,688810542.01,7.8420064779,-6.2606,68498767.04,27.36,1.3955,4.486412963952,3.77,0.028242928969,25.3208913718,通用设备,2025-04-29,2024-03-31
300257,开山股份,0.08,1033957883.6,10.293485466,-0.7787,81819898.49,7.23,-4.9818,6.311633037897,1.31,-0.026685991757,31.3594690986,通用设备,2025-04-29,2024-03-31
300255,常山药业,-0.0671,294318791.37,-41.3619184888,8.6752,-61665097.94,-1457.82,92.7613,1.904156424837,-3.46,0.12397750744,11.8909847676,化学制药,2025-04-29,2024-03-31
300250,初灵信息,0.007,82673675.95,53.7317968059,-26.3692,1498564.71,123.03,-78.5917,2.786226294832,0.24,-0.022706647281,54.0095201972,IT服务Ⅱ,2025-04-29,2024-03-31
300249,依米康,0.0119,251754005.76,162.0916796508,0.0447,5223148.54,123.45,103.8703,0.938690288775,1.27,-0.120974157607,19.2738778926,计算机设备,2025-04-29,2024-03-31
300244,迪安诊断,0.0371,2973005617.76,-8.0080079715,-4.5929,23170466.54,-85.54,110.3709,11.95982914834,0.31,-0.425820178451,25.5281910063,医疗服务,2025-04-29,2024-03-31
300242,佳云科技,-0.0245,157210576.69,-14.5159348365,-2.6921,-15555421.2,36.45,53.7695,0.609541316896,-3.91,-0.07902448823,14.5343689662,广告营销,2025-04-29,2024-03-31
300233,金城医药,0.22,931696552.76,12.3166656625,-3.9052,82971349.76,65.43,96.4795,9.754791589343,2.22,0.107777899452,44.498668088,化学制药,2025-04-29,2024-03-31
300227,光韵达,0.0123,209557991.27,-0.8175754206,-17.438,6124686.18,-8.8,147.0622,3.148990432477,0.39,0.1010126964,33.7710592858,自动化设备,2025-04-29,2024-03-31
300209,行云科技,-0.0071,117593927.2,-2.6123425944,-1.883,-2980445.78,85.89,99.1286,-0.974623334662,,-0.088163713291,37.161144636,软件开发,2025-04-29,2024-03-31
300207,欣旺达,0.17,10974999651.78,4.7439983535,-18.9647,318662277.75,293.45,16.9269,12.50875905005,1.37,0.379040894952,15.9604892829,电池,2025-04-29,2024-03-31
300205,*ST天喻,0.011,336199796.77,-28.3913678758,-20.4845,4739876.73,-74.03,128.2541,3.451842904645,0.32,0.15255782805,27.9937531147,通信设备,2025-04-29,2024-03-31
300203,聚光科技,-0.06,539861545.13,3.9274196967,-52.197,-25270589.85,71.06,82.7413,6.42073321128,-0.87,-0.297496950334,47.4438215632,通用设备,2025-04-29,2024-03-31
300198,*ST纳川,-0.0295,47655835.52,-30.3713554213,-51.1608,-30462279.95,-85.42,93.3461,0.703281159789,-7.27,0.044854846966,13.353252819,装修建材,2025-04-29,2024-03-31
300197,节能铁汉,-0.0681,256534857.49,-49.927805137,361.8604,-201965411.59,-1124.92,82.9095,1.399921648632,-5.45,0.032795116075,-14.7604483229,基础建设,2025-04-29,2024-03-31
300192,科德教育,0.1238,187597629.52,10.4563999637,-10.8551,40743286.4,13.94,4.5855,2.815381144152,4.5,0.23577201469,36.8470498145,教育,2025-04-29,2024-03-31
300191,潜能恒信,-0.0384,115964169.79,5.9031868357,-17.044,-12295914.01,-685.62,59.742,3.49338616875,-1.09,0.194932315344,30.9671484003,油服工程,2025-04-29,2024-03-31
300185,通裕重工,0.0027,1396565080.6,-2.1429344328,-1.8404,10496142.25,-87.8,122.4887,1.729512534139,0.15,0.010782680727,11.5623477812,风电设备,2025-04-29,2024-03-31
300169,天晟新材,-0.0124,125857021.17,19.3102581994,-32.0097,-4035417.08,71.13,96.7594,0.334730704794,-3.65,-0.344875870724,23.2006611141,化学制品,2025-04-29,2024-03-31
300168,万达信息,-0.1469,349734530.09,-47.2797409078,-36.8209,-211699810.07,-392.41,62.2576,1.466720238098,-9.53,-0.269293435568,10.3806114857,IT服务Ⅱ,2025-04-29,2024-03-31
300163,先锋新材,-0.012,63123049.11,-8.3115949759,0.5918,-5670189.11,-8.46,94.116,1.030836221287,-1.15,-0.050408064262,14.7711163061,化学制品,2025-04-29,2024-03-31
300161,华中数控,-0.3458,243269192.82,-31.9604794684,-70.2908,-68702122.44,-78.24,-213.1647,7.995442601758,-4.23,-0.420268780179,34.7685475458,通用设备,2025-04-29,2024-03-31
300152,*ST动力,-0.0228,31491782.08,-45.3257379982,-48.6523,-16225616.81,-2497.45,66.7696,0.432510653774,-5.14,0.015424490222,29.6200664869,环境治理,2025-04-29,2024-03-31
300149,睿智医药,-0.05,234594741.64,-12.6792507576,-19.7109,-25460550.66,-1.25,97.1245,2.827385602494,-1.79,0.050489906004,17.6722908494,医疗服务,2025-04-29,2024-03-31
300147,*ST香雪,-0.05,568856745.84,-3.3747699867,-0.3939,-35659979.04,-886.0,85.3185,2.856654518668,-1.87,0.039036366486,35.8274673387,中药Ⅱ,2025-04-29,2024-03-31
300145,南方泵业,0.0465,1033588176.38,5.5632782764,-39.1622,89282180.28,123.57,680.2507,1.285706706224,3.68,-0.039721262965,35.2437899634,通用设备,2025-04-29,2024-03-31
300143,盈康生命,0.041,416230884.39,15.1661993335,13.296,26225857.82,-33.69,310.9769,2.129730503752,1.91,0.159287548889,26.4020057596,医疗服务,2025-04-29,2024-03-31
300136,信维通信,0.1567,1857992631.84,6.9670098356,-4.908,151660614.4,4.49,3611.4542,7.402376996173,2.14,0.557861991782,20.2904927818,消费电子,2025-04-29,2024-03-31
300132,青松股份,-0.0116,380141658.07,-4.263764695,-28.0553,-5999668.12,87.48,-30.5403,2.446733001248,-0.46,0.059651023519,13.8188476519,化妆品,2025-04-29,2024-03-31
300128,锦富技术,-0.0451,386981257.71,18.3124581229,-42.8324,-58548382.23,-60.7,53.0795,0.819822602936,-5.16,-0.080461102189,7.8565905181,消费电子,2025-04-29,2024-03-31
300124,汇川技术,0.3,6492396169.32,35.7750438803,-36.9592,811139196.61,8.56,-42.9777,9.459117625697,3.26,0.010159704612,33.8373888897,自动化设备,2025-04-29,2024-03-31
300123,ST亚光,-0.0123,221910808.89,-30.3187265125,-56.6804,-12524123.56,-363.91,95.6601,2.421600941819,-0.51,-0.058272872269,35.3156188795,军工电子Ⅱ,2025-04-29,2024-03-31
300115,长盈精密,0.26,3939925853.67,30.9456586268,0.2092,309206630.92,479.917163294,267.448,5.076252492967,5.19,0.358933749079,17.6303293049,消费电子,2025-04-29,2024-03-31
300113,顺网科技,0.08,412125843.97,13.0831321141,27.0412,53439479.77,30.38,336.8265,3.016103894247,2.6,0.196004281153,41.479069503,游戏Ⅱ,2025-04-29,2024-03-31
300103,达刚控股,-0.0146,42964193.33,26.7237405913,-47.5067,-4636837.45,71.91,93.8351,1.968708433034,-0.74,-0.035685454328,19.2853350611,专用设备,2025-04-29,2024-03-31
300099,尤洛卡,0.0145,86976687.89,-17.1748927407,-68.3975,10674020.92,-45.48,-81.6461,3.18201975955,0.46,0.053979966261,57.1864494345,专用设备,2025-04-29,2024-03-31
300098,高新兴,0.0045,305213418.8,-12.6443598325,-49.9211,7804517.42,134.95,121.4341,1.650801763598,0.27,-0.064163380013,33.2860458428,通信设备,2025-04-29,2024-03-31
300096,ST易联众,-0.0934,48863469.88,-64.1490728816,-84.7511,-40150465.42,8.09,55.8792,0.730753605465,-12.07,-0.333654405279,46.7569829079,IT服务Ⅱ,2025-04-29,2024-03-31
300095,华伍股份,0.041,241937940.43,-18.1042743575,-39.3265,16741980.42,-60.42,194.2597,5.026353638977,0.79,0.087837471958,30.1398235516,专用设备,2025-04-29,2024-03-31
300094,国联水产,0.0031,1042631414.68,-26.3260704475,61.5563,3512687.73,-66.26,101.1843,2.287111094413,0.14,0.049742900444,16.2279856052,渔业,2025-04-29,2024-03-31
300093,金刚光伏,-0.3894,44231203.23,-75.6836197882,-75.3953,-84119176.12,-94.8,55.4256,-0.267250795093,,-0.170384825833,-95.6653834172,光伏设备,2025-04-29,2024-03-31
300086,康芝药业,-0.1033,104742326.3,-40.010840522,-55.9079,-46504959.09,-401.69,-782.5751,2.898051636333,-3.52,-0.069974873911,52.5061480996,化学制药,2025-04-29,2024-03-31
300084,海默科技,-0.0538,65467445.11,4.0039070806,-83.2927,-21174829.07,30.69,-169.2026,2.678932819278,-1.99,0.10907990251,33.5889791683,专用设备,2025-04-29,2024-03-31
300081,ST恒信,-0.0508,88274069.9,-9.1918322678,-30.0137,-30745585.26,-42.79,83.0095,2.532335965039,-1.99,-0.021755157778,25.8792821673,通信服务,2025-04-29,2024-03-31
300071,福石控股,-0.0017,363053156.67,52.7874456575,-13.4316,-1552491.25,94.04,68.1326,0.27240773124,-0.62,-0.058501041747,28.5447476564,广告营销,2025-04-29,2024-03-31
300063,天龙集团,0.0174,1871586537.04,-21.8040935638,-8.0306,13204417.23,-37.08,134.4089,2.074440955423,0.84,-0.042349455468,5.6252043599,广告营销,2025-04-29,2024-03-31
300062,中能电气,0.02,386400794.76,14.3524988504,-26.8303,12369210.57,13.38,-48.8791,2.338562459263,0.93,-0.152844923109,13.9921607831,电网设备,2025-04-29,2024-03-31
300054,鼎龙股份,0.0863,707994878.1,29.5024664648,-10.9001,81575829.89,134.86,78.3087,4.623010050113,1.83,0.175608238746,44.258764507,电子化学品Ⅱ,2025-04-29,2024-03-31
300051,琏升科技,-0.08,55136244.36,14.9149111647,-21.7385,-28487742.29,-925.67,-39.9558,0.813767316886,-9.14,0.105412073721,8.6277942853,光伏设备,2025-04-29,2024-03-31
300044,*ST赛为,0.0084,79201748.77,7.7986455452,-35.0978,6391240.57,132.67,103.5887,0.839383662553,1.0,0.017296787808,26.8583939122,IT服务Ⅱ,2025-04-29,2024-03-31
300037,新宙邦,0.22,1515396628.01,-7.9993486677,-20.2997,165018629.25,-32.8,-22.8566,12.15416625882,1.76,-0.533337546836,27.2108756373,电池,2025-04-29,2024-03-31
300036,超图软件,0.01,298230398.01,1.1076388314,-57.8849,4860352.55,-60.12,-70.8486,6.112547082283,0.16,-0.671965319152,60.4831953529,软件开发,2025-04-29,2024-03-31
300032,金龙机电,-0.0111,277627095.44,-68.1132447126,-30.7509,-8880193.5,-136.85,97.6843,0.963057146928,-1.12,-0.023615368387,12.2930618591,消费电子,2025-04-29,2024-03-31
300031,宝通科技,0.208,839461597.57,11.1516041067,-32.1655,85863062.34,3.16,3148.9095,8.90615359025,2.36,0.388146292931,44.7851279711,游戏Ⅱ,2025-04-29,2024-03-31
300025,华星创业,-0.0257,159062456.41,3.6917067712,-14.8143,-13052268.66,-135.19,-65.8671,1.297635165569,-1.96,-0.112293094282,10.0527261686,通信服务,2025-04-29,2024-03-31
300020,ST银江,0.01,463584237.18,-20.8800000001,152.5847,10470883.58,-82.59,105.7406,5.310223156141,0.25,-0.201574960476,18.035000001,IT服务Ⅱ,2025-04-29,2024-03-31
300011,鼎汉技术,0.0086,275132125.9,2.9179219107,-51.3055,4830283.82,217.45,-59.9608,2.358176433144,0.37,-0.003607866685,33.7039160064,轨交设备Ⅱ,2025-04-29,2024-03-31
300010,ST豆神,0.0119,190859212.57,22.0102480032,-45.9443,22236170.7,141.48,-83.2252,0.476434913738,2.28,-0.048719224094,41.2556582099,教育,2025-04-29,2024-03-31
300009,安科生物,0.13,656092096.17,10.4208303398,-22.2978,217749931.36,17.31,12.9322,2.365421482903,5.66,0.09227570428,77.4370470496,生物制品,2025-04-29,2024-03-31
300007,汉威科技,0.04,593403367.36,1.5255794786,-20.455,14486040.16,2.87,-5.5166,8.691193157542,0.51,-0.469821520379,23.5894824818,通用设备,2025-04-29,2024-03-31
300005,探路者,0.0818,382424534.01,57.6956233273,-16.9068,71177670.32,286.55,176.8136,2.349703590628,3.38,-0.071892291698,47.5389421577,服装家纺,2025-04-29,2024-03-31
200725,京东方B,0.03,45887570444.0,20.8410508512,-4.4574,983812692.0,297.8,-35.4994,3.4093126023,0.76,0.431065466703,13.2599521878,光学光电子,2025-04-29,2024-03-31
200706,瓦轴B,-0.0636,526788096.65,-12.9498795902,25.1787,-25592430.55,-12.56,56.4556,0.861483239493,-7.13,-0.042532564034,9.6388085765,通用设备,2025-04-29,2024-03-31
200553,安道麦B,-0.098,7508899000.0,-12.7944634598,-7.5185,-227605000.0,-373.32,59.6025,9.29809923537,-1.04,-0.315545663701,24.2451922712,农化制品,2025-04-29,2024-03-31
200505,京粮B,0.03,3636199231.97,13.3859504097,2.086,22774154.56,-38.89,0.4132,4.388627236501,0.72,0.01463509256,4.0386537272,农产品加工,2025-04-29,2024-03-31
200030,富奥B,0.09,3764222432.58,34.2798566412,-22.6052,162854830.26,98.92,-26.6262,4.501626141386,2.1,-0.335607647551,10.2063663615,汽车零部件,2025-04-29,2024-03-31
200019,深粮B,0.0554,1072962661.16,-19.8649457077,-37.2757,63876058.76,-39.4,-13.189,4.24152006762,1.31,0.219646290794,19.0719018059,农产品加工,2025-04-29,2024-03-31
200017,深中华B,0.0047,112547686.5,-25.7247852113,-48.8371,3215826.19,12.89,-74.9702,0.452675410346,1.04,-0.042363340973,5.3000056025,饰品,2025-04-29,2024-03-31
200011,深物业B,0.0008,406582462.31,-1.1877321223,-24.3977,463582.22,-96.49,-99.8007,7.822755699406,0.01,-1.087052248588,17.7116718195,房地产开发,2025-04-29,2024-03-31
003043,华亚智能,0.3,114474724.21,-2.5486759316,22.9563,23634205.8,3.28,42.8844,13.326287019564,2.05,-0.085245546277,34.1183172613,半导体,2025-04-29,2024-03-31
003040,楚天龙,0.04,256384274.77,-21.3703561309,-33.1496,19062471.95,-55.91,739.1775,3.309571485675,1.26,-0.103706897648,36.5228268247,通信设备,2025-04-29,2024-03-31
003037,三和管桩,-0.0181,1264966343.54,-15.8676580171,-27.5847,-10848529.23,-153.38,-156.8696,4.625142631984,-0.39,-0.487175931262,7.8947982948,水泥,2025-04-29,2024-03-31
003035,南网能源,0.02,575766774.58,5.0971789738,-27.3424,89865532.23,9.59,348.521,1.802627316158,1.32,0.052230271092,28.7865621338,电力,2025-04-29,2024-03-31
003028,振邦智能,0.36,258107495.63,21.1478783122,-27.4257,39735509.35,74.04,-25.1044,14.657188068493,2.48,0.036166896769,26.9942615769,家电零部件Ⅱ,2025-04-29,2024-03-31
003026,中晶科技,0.01,106512445.31,37.6357876386,15.1477,1227425.51,117.29,108.641,6.81330787061,0.18,0.120529469128,33.3449343564,半导体,2025-04-29,2024-03-31
003021,兆威机电,0.23,312366530.08,40.6537097113,-20.4106,55371497.12,96.04,6.9216,18.376091753848,1.78,0.259835664506,32.6314742952,电机Ⅱ,2025-04-29,2024-03-31
003019,宸展光电,0.4,640958629.98,44.3653817672,92.628,65284868.98,94.1,21.9721,8.764468807485,4.43,-0.041280613408,23.8444423979,光学光电子,2025-04-29,2024-03-31
003018,金富科技,0.08,190929342.49,16.5483967304,43.0307,20039891.22,2.84,16.6624,5.802730980923,1.34,-0.167550002615,22.988080982,包装印刷,2025-04-29,2024-03-31
003011,海象新材,0.11,301382508.21,-30.454459036,-12.0253,10981594.77,-83.67,111.7938,14.030474356714,0.77,0.393713486112,23.2824291983,家居用品,2025-04-29,2024-03-31
003003,天元股份,0.0976,309550689.84,1.3995330975,4.1417,17164437.88,148.44,-12.9045,7.163940952652,1.36,0.253661359866,16.0468882966,包装印刷,2025-04-29,2024-03-31
003000,劲仔食品,0.1655,539923932.66,23.5817100947,-5.568,73590036.25,87.73,-3.6629,3.019311635536,5.5,0.285460945003,30.0152326109,休闲食品,2025-04-29,2024-03-31
002999,天禾股份,0.02,3235500068.83,-16.9681002117,-10.0017,6880223.91,-40.58,-83.1304,3.55454398214,0.38,-3.899276718768,5.4717874441,农化制品,2025-04-29,2024-03-31
002992,宝明科技,-0.05,362716626.9,87.0605107721,-22.7653,-9792070.04,73.65,62.9209,4.314644175204,-1.23,-0.101479227008,11.8380170099,光学光电子,2025-04-29,2024-03-31
002990,盛视科技,0.21,296553487.95,-28.7272567883,-30.8789,54893722.16,-21.92,93.8015,9.201162212217,2.36,-0.147129010256,46.6623691856,计算机设备,2025-04-29,2024-03-31
002989,中天精装,-0.04,88580524.06,-56.6545979444,-41.707,-7424102.53,-123.58,76.6264,8.512017659644,-0.45,-0.333423115255,12.5339637554,装修装饰Ⅱ,2025-04-29,2024-03-31
002973,侨银股份,0.24,977927619.99,-0.5997109397,0.9182,96198365.35,-9.45,103.1635,5.526532187334,4.3,-0.163357732343,25.5126488883,环境治理,2025-04-29,2024-03-31
002972,科安达,0.1085,69713777.76,25.0570455252,-9.1313,26495187.18,2.35,137.196,5.170309528968,2.21,0.035025818345,67.358915481,轨交设备Ⅱ,2025-04-29,2024-03-31
002968,新大正,0.17,866795193.71,19.5449450336,3.8689,39404831.73,-16.85,16.197,5.364510957631,3.25,-1.230711550736,12.1829555155,房地产服务,2025-04-29,2024-03-31
002966,苏州银行,0.37,3225008986.0,2.1071227491,20.4383,1455406827.0,12.29,73.5946,11.075239504592,3.33,5.042172431637,,银行Ⅱ,2025-04-29,2024-03-31
002965,祥鑫科技,0.6802,1571388228.3,36.8088629244,-12.5486,121242623.69,47.76,-6.2645,18.134476043534,3.82,-0.503862543188,15.9844011554,汽车零部件,2025-04-29,2024-03-31
002960,青鸟智控,0.1067,916533569.39,10.2746641055,-30.9306,78680724.0,1.68,-48.7112,8.079027085694,1.27,-0.304688376951,41.2329204965,专用设备,2025-04-29,2024-03-31
002948,青岛银行,0.19,3689255000.0,19.2755183956,32.9254,1080635000.0,18.74,93.0184,5.898687559099,3.225,-0.719954057563,,银行Ⅱ,2025-04-29,2024-03-31
002939,长城证券,0.09,905601837.5,-19.12,7.2853,352803504.74,-21.73,56.2937,7.210239894426,1.22,1.176289343879,,证券Ⅱ,2025-04-29,2024-03-31
002931,锋龙股份,-0.02,101741957.4,-9.1405736658,-11.7361,-3852866.01,-554.33,67.623,3.525535000285,-0.5,-0.066397805015,18.0880489134,通用设备,2025-04-29,2024-03-31
002923,润都股份,0.09,306093972.6,-14.8222376669,-11.6669,29055820.54,-28.14,2067.2273,3.607763540742,2.43,0.068063577871,49.6978071041,化学制药,2025-04-29,2024-03-31
002922,伊戈尔,0.15,773849998.8,21.0529650574,-30.3982,58367502.41,206.73,32.956,7.863175144412,1.88,0.107142098377,24.200123179,其他电子Ⅱ,2025-04-29,2024-03-31
002921,联诚精密,-0.05,261144839.5,-18.0721659343,2.4707,-6551333.18,-280.18,-91.5463,8.037345577603,-0.55,0.281870527317,14.4778093384,汽车零部件,2025-04-29,2024-03-31
002919,名臣健康,0.17,361783077.71,-11.0601028904,8.2122,44792608.81,31.34,146.8995,3.846958160316,5.38,-0.13932714087,65.7200681151,游戏Ⅱ,2025-04-29,2024-03-31
002896,中大力德,0.11,222776494.29,1.7874325166,-15.6083,16378928.05,8.65,3.5111,7.466905320213,1.46,0.206996824628,25.6316166443,通用设备,2025-04-29,2024-03-31
002889,东方嘉盛,0.19,820542180.61,25.547731251,28.1559,50743690.68,-15.23,913.1563,11.720786451921,2.27,-0.019320871869,10.2022892543,物流,2025-04-29,2024-03-31
002879,长缆科技,0.09,197870455.78,4.8471799948,-41.8912,16252172.69,220.9,-58.5806,8.75593022244,0.93,0.05258658777,43.7133511716,电网设备,2025-04-29,2024-03-31
002876,三利谱,0.18,542463954.08,27.4450954564,2.6145,30746351.44,151.55,297.2902,13.536395986571,1.31,-1.06606410215,17.2655743272,光学光电子,2025-04-29,2024-03-31
002872,ST天圣,-0.0643,147987552.62,-5.9838778532,-14.4289,-20461696.1,-28.76,-81.9048,6.51471532761,-0.98,0.010733856164,45.4729947814,化学制药,2025-04-29,2024-03-31
002869,金溢科技,-0.0047,69863694.13,-15.3471932681,-56.9641,-817300.9,93.96,-103.579,11.816403855545,-0.04,-0.295797001678,26.3388934112,计算机设备,2025-04-29,2024-03-31
002868,绿康生化,-0.2,160395845.1,60.0905606455,46.7055,-31342797.54,-208.94,76.9093,2.453402534067,-11.54,-0.098082517935,8.1604237827,动物保健Ⅱ,2025-04-29,2024-03-31
002867,周大生,0.31,5070358885.54,23.010083989,33.5686,341259179.37,-6.61,54.5088,6.134115010356,5.21,0.366536110356,15.5713415141,饰品,2025-04-29,2024-03-31
002866,传艺科技,0.05,428103151.65,17.7016697976,-15.7823,13472606.36,-47.78,154.3195,7.2517717125,0.64,0.223856125037,24.6341641036,消费电子,2025-04-29,2024-03-31
002859,洁美科技,0.12,363262862.18,17.8676346624,-18.4839,53310482.93,69.19,-35.8949,6.672864256453,1.79,0.192813984875,39.2229431341,其他电子Ⅱ,2025-04-29,2024-03-31
002856,*ST美芝,0.0254,195663035.7,47.4105140426,-19.4898,3433307.19,165.33,102.2046,2.666167249371,0.86,-0.348317294694,2.7136507164,装修装饰Ⅱ,2025-04-29,2024-03-31
002853,皮阿诺,-0.04,174221100.73,-2.6067283601,-55.0478,-8200115.45,-112.27,-133.6702,7.206688803523,-0.65,-0.583523581308,21.7743347281,家居用品,2025-04-29,2024-03-31
002852,道道全,0.22,1517980955.6,-13.1354769865,-13.1038,74120005.94,-31.51,167.6736,5.996650031723,3.65,3.518747289434,12.9151846633,农产品加工,2025-04-29,2024-03-31
002851,麦格米特,0.2781,1830953062.17,17.3216946185,-2.5106,138513744.72,-13.96,-5.5593,8.712724382312,3.08,0.095481167613,25.9053755828,其他电源设备Ⅱ,2025-04-29,2024-03-31
002849,威星智能,0.12,323287428.64,-5.937660274,21.4096,27029802.02,221.03,192.6628,5.896055248072,2.1,-0.267298601953,35.3075149628,通用设备,2025-04-29,2024-03-31
002845,同兴达,0.02,2304551592.66,44.8953746916,-6.9796,7470515.13,111.58,-75.2993,8.272090058026,0.28,0.705658764164,7.5415281695,光学光电子,2025-04-29,2024-03-31
002842,翔鹭钨业,-0.08,461742142.82,18.8666275601,6.7468,-20739140.36,-1321.09,76.5983,2.672666639623,-2.1,0.019506915259,4.1356157949,小金属,2025-04-29,2024-03-31
002833,弘亚数控,0.33,690498751.32,17.2790549095,8.6649,141511065.36,15.36,26.9179,6.375158994947,5.12,0.339214085687,30.6619595409,专用设备,2025-04-29,2024-03-31
002832,比音勒芬,0.63,1268238226.85,17.5519408745,71.34,362078897.8,20.43,137.0284,9.21687274998,7.13,0.953525998304,76.029334687,服装家纺,2025-04-29,2024-03-31
002831,裕同科技,0.24,3475806093.37,19.3692641221,-21.2927,218655387.28,20.55,-51.6948,12.12130730687,1.96,0.857491961528,22.090647237,包装印刷,2025-04-29,2024-03-31
002820,桂发祥,0.09,160391947.85,12.43590087,63.9997,18698588.31,-26.78,1180.1809,4.73429613902,1.89,0.1388936939,45.5864233835,休闲食品,2025-04-29,2024-03-31
002818,富森美,0.25,380073822.19,-2.4607169282,3.8,187306455.55,-16.51,-1.4689,8.173505769335,3.11,0.360131604414,68.7137722391,一般零售,2025-04-29,2024-03-31
002815,崇达技术,0.11,1400535532.26,-1.8519744301,-4.4877,118678260.08,-24.42,1132.7581,6.461041884651,1.66,0.122524225202,25.7868548638,元件,2025-04-29,2024-03-31
002813,路畅科技,-0.1315,60024033.67,-1.1143675699,-14.6398,-15783997.46,-231.75,-71.9822,2.931714296667,-4.42,-0.269599034333,15.3448281911,汽车零部件,2025-04-29,2024-03-31
002811,郑中设计,0.15,225930005.69,-6.7767669112,-13.8148,40983053.78,555.43,164.1736,3.783888019374,3.53,-0.021673479233,32.8920106442,装修装饰Ⅱ,2025-04-29,2024-03-31
002806,华锋股份,0.014,209986586.67,47.1364609984,6.1903,2669258.65,119.61,100.9776,4.381585538372,0.31,-0.00582291296,16.7994095715,汽车零部件,2025-04-29,2024-03-31
002805,丰元股份,-0.14,175288013.83,-79.7218125407,-61.569,-39119239.27,70.68,83.6636,7.25432825839,-1.91,0.655287965178,-12.7783293111,电池,2025-04-29,2024-03-31
002801,微光股份,0.32,315564131.48,4.5594744456,0.5544,72826885.08,-4.0,174.898,6.804641086869,4.76,0.022607731065,32.0639213701,电机Ⅱ,2025-04-29,2024-03-31
002795,永和智控,-0.05,220292138.44,-8.405556306,5.9064,-23150361.37,-46.88,81.2083,1.732564316529,-2.96,-0.044333216083,15.2329339384,通用设备,2025-04-29,2024-03-31
002791,坚朗五金,-0.14,1366001270.5,0.8506614028,-39.3597,-45870198.63,18.16,-125.5206,15.604662322168,-0.9,-1.898246254121,30.362686692,装修建材,2025-04-29,2024-03-31
002786,银宝山新,-0.06,531214200.42,-11.9690362066,-11.5455,-28298189.13,43.59,-107.2942,0.938065978003,-5.9,-0.056355439053,12.569197696,专用设备,2025-04-29,2024-03-31
002783,凯龙股份,0.07,675101157.66,-13.9238474547,-36.6016,26783703.63,-8.75,373.6437,4.08304465709,1.69,0.266856450145,27.2258303507,化学制品,2025-04-29,2024-03-31
002782,可立克,0.1056,951074908.64,-11.4208616217,-21.3855,51768977.25,74.81,332.7542,3.812603005049,2.79,0.095393694154,14.2739958805,其他电子Ⅱ,2025-04-29,2024-03-31
002778,中晟高科,-0.02,109785485.94,-31.9439599032,15.2839,-2396743.84,-280.53,98.1988,3.372316529022,-0.57,-0.11037051052,7.9917170151,环境治理,2025-04-29,2024-03-31
002777,久远银海,0.03,195517542.81,4.1816120994,-64.0229,12717469.25,-19.8,-74.9808,4.12381124715,0.77,-0.263988988608,39.3498303243,IT服务Ⅱ,2025-04-29,2024-03-31
002771,真视通,0.032,81365116.88,21.3933620757,-64.0051,6734522.0,143.81,-50.3226,3.211980259635,1.0,-0.477100989445,15.0354270099,IT服务Ⅱ,2025-04-29,2024-03-31
002765,蓝黛科技,0.0545,752454703.38,24.5134354621,3.0529,35745954.24,15.06,108.3672,3.675771249755,1.49,-0.117677241018,10.9771520118,汽车零部件,2025-04-29,2024-03-31
002761,浙江建投,0.1877,19161465340.81,-12.7897835622,-8.0666,202935478.88,-39.75,243.0351,6.152393707988,3.1,-3.52532159489,4.6362929256,房屋建设Ⅱ,2025-04-29,2024-03-31
002752,昇兴股份,0.12,1676401026.07,9.1057722312,-12.8266,121669797.23,128.0,111.2402,3.283458664495,3.87,0.061390162081,14.0255080815,包装印刷,2025-04-29,2024-03-31
002747,埃斯顿,0.0075,1003067001.06,1.7323163131,-29.6788,6529406.97,-84.83,224.9079,3.096963823194,0.26,-0.422114173908,32.6220688732,自动化设备,2025-04-29,2024-03-31
002743,富煌钢构,0.04,918132833.54,-27.2535474221,-9.2561,16740305.74,-12.06,121.5218,7.379261335414,0.52,-0.154743876881,13.8817331212,专业工程,2025-04-29,2024-03-31
002739,儒意电影,0.1495,3821260847.51,1.6964497835,16.7957,325869861.77,3.25,260.76,3.776494776242,4.01,-0.020942979646,30.5892791457,影视院线,2025-04-29,2024-03-31
002733,雄韬股份,0.05,670598542.04,-25.9169033416,8.0884,18102263.82,-48.38,149.8055,6.993772695986,0.67,0.182917893559,18.9091382415,电池,2025-04-29,2024-03-31
002724,海洋王,0.0004,261898879.05,-17.2087872888,-53.1445,336270.6,-96.56,100.7417,3.626502506603,0.01,-0.069403263944,63.7204377527,照明设备Ⅱ,2025-04-29,2024-03-31
002721,金一文化,0.001,125612459.85,-77.7411416673,-37.0035,2640625.69,101.61,-99.7775,0.769924466037,0.13,-0.008625839265,20.1632140237,饰品,2025-04-29,2024-03-31
002716,湖南白银,0.0017,1588402787.77,45.3295734279,-4.2661,4704007.25,192.53,103.3215,1.161290427161,0.2,0.006441588218,1.2324870298,贵金属,2025-04-29,2024-03-31
002713,东易日盛,-0.28,439587627.86,-20.6771254822,-47.3678,-116004253.57,-28.47,-860.6103,-0.122886828951,,-0.085135640439,31.8834119883,装修装饰Ⅱ,2025-04-29,2024-03-31
002707,众信旅游,0.029,1024679095.26,643.3833392977,-17.7279,28045335.44,174.79,54.5919,0.793956673735,3.67,0.123816344763,14.8904947398,旅游及景区,2025-04-29,2024-03-31
002705,新宝股份,0.211,3474157547.22,22.7924992519,-10.7375,172612968.2,24.74,-28.4373,9.453268524863,2.25,-0.262106054897,21.9213794032,小家电,2025-04-29,2024-03-31
002701,奥瑞金,0.11,3551440217.0,5.951888754,13.2529,279335738.0,32.68,310.1506,3.481775966652,3.15,0.236589649646,18.2551591576,包装印刷,2025-04-29,2024-03-31
002695,煌上煌,0.058,457512213.32,-10.5569137984,34.5867,32573316.77,-10.08,207.5349,5.078508359863,1.53,0.176538012918,35.5960318935,休闲食品,2025-04-29,2024-03-31
002694,*ST顾地,-0.0298,145507511.72,-21.1347848416,-41.0845,-21448333.19,-90.82,51.0169,0.723268784059,-3.81,0.010389374497,8.0641468755,装修建材,2025-04-29,2024-03-31
002693,双成药业,-0.0211,42761740.63,-47.5220478233,-20.3411,-8742676.77,-294.04,82.2018,1.110968260207,-1.87,-0.056727829263,60.0553790413,化学制药,2025-04-29,2024-03-31
002692,远程股份,0.023,810114263.98,39.2842767331,-13.1171,16505155.39,200.22,-13.6763,1.5805674044,1.46,-0.131937120168,9.9969411515,电网设备,2025-04-29,2024-03-31
002685,华东重机,0.0207,152300027.71,-43.8089801427,-1.7134,20874844.61,-16.93,102.8606,1.439765730106,1.45,-0.059508400327,-1.6975002033,工程机械,2025-04-29,2024-03-31
002683,广东宏大,0.0999,2199248471.62,11.2821291826,-39.1462,75425053.98,46.99,-65.6,8.518401239203,1.15,-0.561185303497,17.2120181446,化学制品,2025-04-29,2024-03-31
002669,康达新材,-0.083,535607900.26,-15.1099334873,-33.6666,-24793535.64,-66.99,-1154.6596,9.678421028108,-0.84,0.240338887598,18.4607005726,化学制品,2025-04-29,2024-03-31
002661,克明食品,0.151,1296790504.52,-11.1761234302,3.4714,48819527.48,40.42,163.4778,7.339927115941,2.03,0.552485706629,17.1881212072,食品加工,2025-04-29,2024-03-31
002652,扬子新材,-0.0086,87305552.35,-15.9879228705,-13.4591,-4384022.13,28.2503722112,-108.9817,0.497930320214,-1.7,0.054473508233,7.9540730149,装修建材,2025-04-29,2024-03-31
002650,ST加加,0.006,487255291.18,12.0495852279,106.764,6566306.8,-49.03,103.9528,1.796371522062,0.32,0.095222915039,24.5131622831,调味发酵品Ⅱ,2025-04-29,2024-03-31
002641,公元股份,0.01,1243037567.55,-22.0872638338,-36.2724,14734568.82,-80.73,-82.5804,4.360347280163,0.27,0.697154769573,18.2595415251,装修建材,2025-04-29,2024-03-31
002636,金安国纪,-0.029,835633372.4,-1.8699935992,-10.2235,-20819767.81,-218.03,74.5999,4.614172279588,-0.62,-0.062885086909,7.4856710869,元件,2025-04-29,2024-03-31
002626,金达威,0.12,743170048.3,-5.9863427936,-4.9513,70793791.49,-18.58,113.1425,6.56020136004,1.79,0.006476199108,38.7363802562,食品加工,2025-04-29,2024-03-31
002625,光启技术,0.06,321102103.66,3.0442307747,18.8942,135830457.33,34.88,-0.0877,4.127738323516,1.53,-0.030428427564,49.642441511,航空装备Ⅱ,2025-04-29,2024-03-31
002620,*ST瑞和,-0.05,222083523.82,-33.9963160816,-38.6669,-17621376.38,-1684.54,93.9365,0.572599409871,-7.74,-0.056381622198,12.3480216399,装修装饰Ⅱ,2025-04-29,2024-03-31
002614,奥佳华,0.01,1051117744.65,-11.1450416194,-17.8035,4996914.97,-73.92,-38.2851,7.22300121745,0.11,-0.298249779883,38.655330092,其他家电Ⅱ,2025-04-29,2024-03-31
002612,朗姿股份,0.2048,1517151298.75,20.7551059268,-3.5651,90602816.29,15.83,163.532,6.921820516013,2.6,0.512843990447,59.1119089611,服装家纺,2025-04-29,2024-03-31
002603,以岭药业,0.1819,2522632691.84,-35.8917276626,44.6767,303927918.74,-74.73,174.8029,7.035122550357,2.62,0.070033456312,51.4768576448,中药Ⅱ,2025-04-29,2024-03-31
002602,世纪华通,0.09,4261609575.14,40.9897742241,21.8588,651511695.39,50.32,171.9745,3.392498100558,2.66,0.117061263356,63.0632942041,游戏Ⅱ,2025-04-29,2024-03-31
002600,领益智造,0.07,9814838543.39,36.0473258151,3.3942,457544157.23,-28.72,154.3072,2.668496275839,2.49,0.153281494034,14.981620548,消费电子,2025-04-29,2024-03-31
002598,ST章鼓,0.0952,457642334.91,-11.2857784043,-23.1072,29688833.79,1.08,425.4214,3.776321196378,2.33,-0.022429801538,29.0797074218,通用设备,2025-04-29,2024-03-31
002595,豪迈科技,0.5044,1765653515.37,7.3218391509,-5.2724,399864260.85,28.7,-9.7967,11.237049599738,4.54,0.15988263355,35.0946562305,专用设备,2025-04-29,2024-03-31
002593,日上集团,0.02,734489751.75,-14.8313840853,-29.1527,19126406.91,17.7,549.5167,2.999271321354,0.79,0.076397847013,8.3626164332,专业工程,2025-04-29,2024-03-31
002587,奥拓电子,0.0009,179747318.03,5.2225180695,7.374,607308.47,-80.58,-92.623,2.139280437886,0.04,-0.096236679851,41.3959385962,光学光电子,2025-04-29,2024-03-31
002583,海能达,0.0617,1265591888.54,47.6825610931,-38.3888,112263011.79,299.31,120.9696,3.278896200723,1.9,0.011776456332,48.5081791033,通信设备,2025-04-29,2024-03-31
002581,*ST未名,-0.042,83804783.29,10.8492185034,-8.3538,-27704081.15,-28.82,92.3506,3.103004831302,-1.34,-0.023041012176,80.1329877766,生物制品,2025-04-29,2024-03-31
002579,中京电子,-0.0792,662177703.26,8.950971127,-5.1065,-48526366.28,21.83,-82.0711,3.9927311814,-1.97,0.066640279951,9.4005247554,元件,2025-04-29,2024-03-31
002577,雷柏科技,0.0233,96561838.62,-3.8766194811,-11.4184,6605121.39,48.16,231.2874,4.12722758721,0.57,0.033457413921,31.2318677658,计算机设备,2025-04-29,2024-03-31
002576,通达动力,0.0806,384471943.2,-23.2850882818,18.4902,13313664.02,-47.71,-7.8739,7.348011766445,1.1,-0.07403235748,10.9095101611,电机Ⅱ,2025-04-29,2024-03-31
002575,群兴玩具,-0.0051,25746961.47,194.6864421744,-9.4009,-3022775.63,-189.8,14.25,1.274153774785,-0.37,-0.012664199418,18.8009261428,综合Ⅱ,2025-04-29,2024-03-31
002572,索菲亚,0.1734,2111108168.34,16.9763753109,-39.0768,165465208.07,58.59,-46.4248,7.353537045388,2.35,-1.057977186089,32.6228447864,家居用品,2025-04-29,2024-03-31
002571,德力股份,0.0144,366396546.55,23.3502926462,-1.6636,5651811.0,113.73,118.3004,3.148560603489,0.46,-0.03448047609,18.8073460787,家居用品,2025-04-29,2024-03-31
002570,贝因美,0.02,720455358.38,2.2812865929,17.712,22074986.63,80.71,1254.8038,1.459449403694,1.4,0.076457758339,44.3375417969,饮料乳品,2025-04-29,2024-03-31
002568,百润股份,0.16,801909785.58,5.5057775162,-0.6276,169451190.32,-9.8,17.5326,3.794697607945,4.13,0.258566808228,68.3165284401,非白酒,2025-04-29,2024-03-31
002567,唐人神,-0.1379,4880079621.11,-25.1873544081,-19.7282,-197512579.11,41.94,67.8877,3.698809330225,-3.66,-0.101605386312,4.1642816308,饲料,2025-04-29,2024-03-31
002565,顺灏股份,0.0185,365447516.43,32.7981271034,-18.6499,19568422.76,159.09,622.6186,1.806489976958,0.91,0.042687812647,24.6567266458,包装印刷,2025-04-29,2024-03-31
002563,森马服饰,0.13,3139311437.98,4.5786779001,-34.0787,346443875.9,11.4,19.6751,4.394588260443,2.97,0.309561784729,46.6296025969,服装家纺,2025-04-29,2024-03-31
002554,惠博普,0.01,673596843.21,34.5454106881,-41.6899,17595327.01,43.82,1453.989,1.901371103184,0.7,-0.104164150586,12.2417569873,油服工程,2025-04-29,2024-03-31
002551,尚荣医疗,0.02,276144984.63,-10.7482841298,0.75,13883489.34,97.44,108.5487,3.105295136695,0.53,0.065093105006,17.7979518136,医疗器械,2025-04-29,2024-03-31
002542,*ST中岩,-0.03,204205480.13,-42.1002926125,-78.433,-50362351.85,-36.97,88.5109,1.187454286363,-2.37,-0.078650618723,10.0041441527,专业工程,2025-04-29,2024-03-31
002537,海联金汇,0.05,2030203547.58,-5.5984563953,-11.344,55089029.15,71.15,267.8671,3.583744264465,1.46,0.161172071298,12.1065740947,汽车零部件,2025-04-29,2024-03-31
002533,金杯电工,0.183,3521897664.14,19.0098898475,-18.2603,133951868.57,16.58,-18.2501,5.433379839811,3.41,-1.419029854089,10.4597145939,电网设备,2025-04-29,2024-03-31
002526,山东矿机,0.0164,415665316.26,-20.4364706011,-22.5601,29227518.44,-34.49,181.6618,1.715473395646,0.96,-0.007605554908,21.8089987964,专用设备,2025-04-29,2024-03-31
002522,浙江众成,0.02,377993077.84,-5.2534276483,-11.7339,16671505.95,-28.92,4.4643,2.491093584259,0.74,0.030086960336,17.5991875619,塑料,2025-04-29,2024-03-31
002513,蓝丰生化,-0.0825,378109304.42,-0.9437589242,-61.3627,-30509968.18,-107.17,84.4563,-0.008293565435,,-0.263882930931,1.2338419196,农化制品,2025-04-29,2024-03-31
002508,老板电器,0.42,2237194615.74,2.7522022768,-31.5545,398415708.31,2.49,10.73,11.512041721746,3.72,0.057835846858,50.6474333403,厨卫电器,2025-04-29,2024-03-31
002506,协鑫集成,0.004,2947152942.6,89.9650759691,-55.0472,24392617.24,-10.18,60.0083,0.418447323586,1.0,0.005721867129,9.7586612277,光伏设备,2025-04-29,2024-03-31
002501,*ST利源,-0.0106,95808711.15,-26.3485685198,-7.0712,-37554397.68,9.6,42.219,0.291946820265,-3.56,-0.024829601775,-15.8915053728,工业金属,2025-04-29,2024-03-31
002497,雅化集团,0.013,1852261462.25,-39.0240758666,-23.5844,14930491.8,-97.48,101.9466,8.990976053238,0.14,0.584742699962,9.2471077545,化学制品,2025-04-29,2024-03-31
002494,华斯股份,0.0341,151943634.23,100.2089560041,-6.2925,12868183.83,349.95,243.2206,3.275525845306,1.05,0.00588246009,26.8603133371,服装家纺,2025-04-29,2024-03-31
002492,恒基达鑫,0.0606,93486494.07,-4.81896728,-5.6781,24525475.36,-4.59,-15.7016,4.194986085802,1.45,0.520145030272,49.1545710395,物流,2025-04-29,2024-03-31
002490,山东墨龙,0.2719,193609052.43,-52.551142428,-38.6094,216912792.77,349.05,167.7955,0.804707440561,40.69,-0.003339555359,2.9317007334,专用设备,2025-04-29,2024-03-31
002486,嘉麟杰,-0.0079,234933865.7,0.6836855059,1.2224,-6555873.92,-227.67,-3696.4815,1.231509359928,-0.64,0.019617492248,19.5617635002,服装家纺,2025-04-29,2024-03-31
002485,ST雪发,-0.0119,167350041.63,-11.04185666,68.4805,-6459896.34,-110.7,84.4305,2.518419091195,-0.47,-0.050897475938,5.2759540386,服装家纺,2025-04-29,2024-03-31
002483,润邦股份,0.07,1411554873.23,21.8822954699,-36.321,62491007.82,48.45,138.5846,4.571363002756,1.55,-0.444405528412,19.9249115081,专用设备,2025-04-29,2024-03-31
002481,双塔食品,0.0418,435094146.53,-16.9524956976,-49.7389,41626198.96,168.68,-58.2857,2.115515471658,1.61,0.10067216475,23.3907634432,农产品加工,2025-04-29,2024-03-31
002478,常宝股份,0.18,1302845442.52,-28.4775421263,-15.7101,166001321.62,-16.41,2.8164,5.999605622805,3.12,-0.081201315,16.2690787351,特钢Ⅱ,2025-04-29,2024-03-31
002476,新叶股份,0.0107,134389767.07,36.5652005683,74.9081,6526072.15,266.31,19.3391,1.442828685049,0.74,0.019288833105,18.813857008,炼化及贸易,2025-04-29,2024-03-31
002474,榕基软件,-0.0346,89233848.55,83.3275883442,24.3705,-21540726.44,19.64,74.1728,2.354309659659,-1.46,0.006302730842,31.8245783987,IT服务Ⅱ,2025-04-29,2024-03-31
002472,双环传动,0.26,2074504556.05,15.7926431202,-5.7974,221329482.0,29.37,-2.4862,9.46952368951,2.74,0.200797743813,22.5891553852,汽车零部件,2025-04-29,2024-03-31
002470,金正大,0.0082,1961638767.04,-27.7322173616,9.215,26887276.49,166.79,105.314,0.622423030587,1.33,0.055516287875,14.1791333641,农化制品,2025-04-29,2024-03-31
002458,益生股份,0.1,687415520.68,-24.7500069531,21.3761,109337521.77,-65.16,176.5514,3.88615948891,2.44,0.146056128023,30.6754702311,养殖业,2025-04-29,2024-03-31
002452,长高电气,0.0482,253864579.92,11.620959,-40.8261,29721794.82,45.66,227.361,3.561477979396,1.32,0.016557506549,35.3273188754,电网设备,2025-04-29,2024-03-31
002442,龙星科技,0.0558,1000563555.74,-10.6238703,-6.8754,27195142.76,113.52,315.1965,3.573829981969,1.57,-0.269897114604,10.4173509181,橡胶,2025-04-29,2024-03-31
002440,闰土股份,0.0,1250784136.4,-6.8926739211,-9.1017,1311970.23,-85.79,102.3278,8.179357490039,0.01,0.060631089109,17.036895664,化学制品,2025-04-29,2024-03-31
002438,江苏神通,0.1649,570566604.49,14.7810116407,-3.2489,83694808.6,10.17,24.3606,6.622900331706,2.52,-0.191926814758,30.3072358545,通用设备,2025-04-29,2024-03-31
002434,万里扬,0.07,1217669977.59,3.6558342947,-32.8726,90454909.74,-31.66,544.4605,4.559009971652,1.52,-0.100810358784,16.8288733599,汽车零部件,2025-04-29,2024-03-31
002432,九安医疗,0.557,762296613.07,-49.0252309996,56.8272,247428846.59,-58.86,-30.2773,38.340770938179,1.28,0.341745075716,71.6016700877,医疗器械,2025-04-29,2024-03-31
002430,杭氧股份,0.21,3305051780.79,0.5137324006,-6.3453,204002885.59,-26.15,-44.0742,9.206442991924,2.26,0.293441338426,19.9043604059,化学制品,2025-04-29,2024-03-31
002414,高德红外,0.002,467973388.98,5.5684798744,-41.6664,8383466.62,-86.73,103.8469,1.593635934731,0.12,-0.048348639419,56.4530764443,军工电子Ⅱ,2025-04-29,2024-03-31
002410,广联达,0.0037,1299823448.49,-0.9300509356,-27.1139,6078078.9,-94.92,104.1702,3.51643486352,0.1,-0.450527367585,87.5793852078,软件开发,2025-04-29,2024-03-31
002398,垒知集团,0.06,520540890.87,-18.6056925335,79.452,41880328.65,-12.77,599.2778,5.103956792772,1.13,-0.031320632657,24.8752863802,水泥,2025-04-29,2024-03-31
002396,星网锐捷,0.0199,3139013847.42,-6.371575792,-35.3495,11551866.79,-85.72,-90.5346,10.862135278399,0.18,-3.20593737112,34.6697975781,通信设备,2025-04-29,2024-03-31
002389,航天彩虹,0.0026,463895984.61,-8.8711569993,-59.6639,2551338.79,-86.32,-78.0023,8.057113167363,0.03,-0.325355860408,20.6548778668,航空装备Ⅱ,2025-04-29,2024-03-31
002388,新亚制程,0.0085,461207228.41,0.612894724,-21.162,4320750.05,-57.18,101.7263,2.348983336313,0.36,-0.081862985331,10.3192850932,其他电子Ⅱ,2025-04-29,2024-03-31
002382,蓝帆医疗,-0.1,1454848751.06,32.9607108672,8.3525,-98919578.18,-27.97,53.4983,8.922470434918,-1.06,-0.044199578114,14.6617779363,医疗器械,2025-04-29,2024-03-31
002381,双箭股份,0.12,544121680.01,4.9299454245,-26.3187,49545155.71,-8.83,-38.0055,5.223947000981,2.31,-0.006568142983,20.3512265157,橡胶,2025-04-29,2024-03-31
002378,章源钨业,0.02,873946805.15,6.232080397,-0.9237,27206530.54,-22.42,-19.3842,1.717296218791,1.33,-0.146370254747,16.2636502923,小金属,2025-04-29,2024-03-31
002375,亚厦股份,0.05,2217526226.64,6.114704759,-45.2027,64935447.42,4.54,4347.6213,5.863715056254,0.85,-0.748672857621,13.4186786571,装修装饰Ⅱ,2025-04-29,2024-03-31
002365,永安药业,0.0973,196644532.11,-36.8041267317,15.6247,28680093.28,91.42,148.8253,6.828030954739,1.44,-0.016641772009,28.6677440075,化学制药,2025-04-29,2024-03-31
002364,中恒电气,0.02,349486588.09,29.9126043455,-39.4601,11008655.96,74.51,22.0418,4.112085056956,0.48,0.09868589353,20.1956349558,其他电源设备Ⅱ,2025-04-29,2024-03-31
002356,鹏飞绿能,-0.0042,36741986.04,-29.5827699454,-7.1826,-5553829.84,-248.97,85.2081,0.440255707549,-0.96,0.002767426584,41.9611683027,一般零售,2025-04-29,2024-03-31
002352,顺丰控股,0.39,65341051000.0,7.0321181938,-5.8457,1911636000.0,11.14,-2.9644,18.643333216083,2.06,0.967158584927,13.166288066,物流,2025-04-29,2024-03-31
002345,潮宏基,0.15,1796415182.45,17.8738487371,28.2407,130833822.64,5.47,540.9176,4.238180888582,3.54,0.139879412383,24.9224865239,饰品,2025-04-29,2024-03-31
002339,积成电子,-0.16,250782245.68,18.5077408202,-77.1932,-81175138.4,-12.14,-180.5808,3.384055672891,-4.65,-0.266674583352,23.2071475523,电网设备,2025-04-29,2024-03-31
002338,奥普光电,0.07,172180283.04,-9.2556173901,-33.316,17119725.99,-18.88,117.9958,5.207761066167,1.38,-0.265684457208,34.3222573494,军工电子Ⅱ,2025-04-29,2024-03-31
002337,赛象科技,0.01,172584464.4,-14.8746831074,-23.3522,5731388.4,-80.14,65.5703,2.115790681816,0.46,-0.046176089053,25.4929831725,专用设备,2025-04-29,2024-03-31
002323,*ST雅博,-0.0093,54067470.78,-58.1080252105,-81.4302,-19806741.08,-468.61,20.918,0.283011601223,-3.25,-0.023992292431,15.8403907127,专业工程,2025-04-29,2024-03-31
002316,亚联发展,0.0041,83293235.75,-34.3622427099,-51.8128,1601995.22,132.58,111.6683,0.15824556629,2.56,0.009297571683,19.3263832351,综合Ⅱ,2025-04-29,2024-03-31
002310,东方新能,-0.06,347269258.59,-31.7125710055,129.1752,-287998437.8,45.39,90.7982,-0.180500952431,,-0.023858946053,-9.8641343576,电力,2025-04-29,2024-03-31
002309,中利集团,-0.07,559296786.09,-54.8306009494,-1.5188,-186871532.37,-63.93,84.2587,-0.823201740382,,-0.052758715951,16.4823013189,电网设备,2025-04-29,2024-03-31
002305,*ST南置,0.1512,193805595.18,-0.3698279291,-56.2608,262161291.86,260.07,138.2914,0.430798549964,42.56,-0.470470039221,-62.2410678897,房地产开发,2025-04-29,2024-03-31
002304,洋河股份,4.0195,16254884718.38,8.0332926071,471.7144,6055230532.04,5.02,3328.7828,38.494657453186,11.02,3.21980879048,76.0349114058,白酒Ⅱ,2025-04-29,2024-03-31
002299,圣农发展,-0.0502,4214982397.45,-7.1024772113,-7.5646,-61923676.75,-169.23,17.7446,8.245393644908,-0.6,0.278977835501,7.6876023771,养殖业,2025-04-29,2024-03-31
002297,博云新材,0.0307,111548056.1,-16.3563045944,-16.4207,17578583.65,140.33,96.301,3.732805542872,0.83,0.060956154916,17.882799582,航空装备Ⅱ,2025-04-29,2024-03-31
002292,奥飞娱乐,0.0341,650410515.13,7.9800503483,-9.5381,50497505.46,202.85,313.2529,2.284458571307,1.51,0.058285533455,44.5542422053,文娱用品,2025-04-29,2024-03-31
002277,友阿股份,0.0407,337508797.86,-9.1289842127,3.2023,56772885.89,44.45,247.1009,4.836268269285,0.85,0.066498748218,64.8678575925,一般零售,2025-04-29,2024-03-31
002271,东方雨虹,0.14,7149293164.43,-4.6067504551,-4.1942,347722453.72,-9.81,533.7409,11.215879139486,1.23,-0.750108568889,29.6795121091,装修建材,2025-04-29,2024-03-31
002269,美邦服饰,0.03,279079355.93,-31.3836224982,-46.1787,68105028.85,55.37,788.4815,0.207697955057,14.04,-0.053345830229,30.2699010031,服装家纺,2025-04-29,2024-03-31
002268,电科网安,-0.2288,128337109.62,-68.9382686742,-90.5038,-193523888.81,-423.69,-170.9542,6.317908051815,-3.56,-0.610425297329,52.2655297666,计算机设备,2025-04-29,2024-03-31
002267,陕天然气,0.4622,3406837347.91,25.873891933,33.4871,514030008.14,16.66,105.7164,6.362346280157,6.48,0.400803877232,20.1604874383,燃气Ⅱ,2025-04-29,2024-03-31
002264,新华都,0.13,1401564065.16,106.8983033417,63.3373,93691153.13,47.06,125.6282,2.324381715898,5.65,0.206059179986,22.4869364672,广告营销,2025-04-29,2024-03-31
002253,川大智胜,-0.0357,26993205.37,-26.434339304,-54.6917,-8050289.03,-651.58,94.4828,5.298869337432,-0.67,-0.049754066922,34.3073831843,软件开发,2025-04-29,2024-03-31
002250,联化科技,0.003,1465597404.32,-25.1209661922,2.9288,2691631.55,-93.96,100.6904,6.904064740697,0.04,0.004360385243,25.2012602848,农化制品,2025-04-29,2024-03-31
002247,聚力文化,-0.0081,188381734.51,7.0875921387,-26.5101,-6901452.05,-499.0,-200.2356,0.468190833957,-1.72,-0.086588965855,19.9347729161,装修建材,2025-04-29,2024-03-31
002240,盛新锂能,-0.16,1213189845.06,-56.4198252438,-8.2756,-143690871.64,-131.0,63.3977,13.75706107179,-1.11,0.491436918169,3.9638872305,能源金属,2025-04-29,2024-03-31
002238,天威视讯,0.0031,268604498.11,-8.6972717633,-50.9226,2466770.0,-86.84,-94.6097,2.929888688779,0.1,0.020621927535,29.4921548028,电视广播Ⅱ,2025-04-29,2024-03-31
002232,启明信息,-0.0444,152262126.8,-20.4353773654,-65.8561,-18128413.5,-258.76,49.0839,3.347172432166,-1.32,-0.165666617513,12.2876530909,IT服务Ⅱ,2025-04-29,2024-03-31
002226,江南化工,0.0546,1981722498.77,18.4446810929,-18.1479,144517249.3,29.63,97.806,3.358779637099,1.59,-0.017280917632,26.3429856977,化学制品,2025-04-29,2024-03-31
002224,三力士,0.006,136468644.11,-29.0462912345,-60.4756,5500936.95,-4.5,157.4006,3.566054235466,0.18,-0.03299268515,29.7795606933,橡胶,2025-04-29,2024-03-31
002222,福晶科技,0.1027,207615749.73,5.21678554,11.6915,48290153.05,-8.68,6.2804,3.497885986596,3.28,0.03844314545,52.3697234634,光学光电子,2025-04-29,2024-03-31
002219,新里程,0.0083,953406293.16,21.3763332662,-20.3589,28298589.87,12.19,1023.8914,0.574947679529,1.32,0.005692515715,28.9623099995,医疗服务,2025-04-29,2024-03-31
002212,天融信,-0.08,421972881.83,-9.9326127706,-71.419,-89313612.79,2.12,27.4372,7.89158872279,-0.95,-0.140025052051,58.1337944529,软件开发,2025-04-29,2024-03-31
002194,武汉凡谷,0.0038,303202732.1,-39.47112449,-6.3457,2597917.66,-94.19,148.9409,3.766442630289,0.1,0.004651852039,24.5131752756,通信设备,2025-04-29,2024-03-31
002192,融捷股份,0.1082,82437628.79,-57.4209954337,-77.8751,28095407.25,-54.75,25.4095,12.511067943014,0.87,0.414266412216,42.6984678437,能源金属,2025-04-29,2024-03-31
002191,劲嘉股份,0.08,794189531.04,-23.6631775986,-19.8204,120606140.88,-24.53,150.8264,4.793301178695,1.74,-0.230214200483,29.315020419,包装印刷,2025-04-29,2024-03-31
002184,海得控制,-0.0349,477796542.19,-21.6081393718,-56.4591,-12294960.9,-161.41,-173.6015,3.89567240262,-0.89,-0.877563753002,20.1971878025,自动化设备,2025-04-29,2024-03-31
002183,怡亚通,0.01,20305139348.0,2.5469537771,-22.3195,20636547.0,-31.39,-17.8231,3.493693399243,0.23,0.024815759492,4.1173867496,贸易Ⅱ,2025-04-29,2024-03-31
002179,中航光电,0.3645,4013364008.24,-24.8717166559,-14.8876,750886082.59,-24.41,68.5181,10.159422345761,3.57,-0.068362306538,35.5492591968,军工电子Ⅱ,2025-04-29,2024-03-31
002178,延华智能,-0.007,149735780.12,7.1273611909,-30.363,-4993149.63,-361.81,-135.2116,0.62511902721,-1.12,-0.075940934707,17.3913298672,软件开发,2025-04-29,2024-03-31
002176,江特电机,-0.0178,298630575.04,-57.3569797097,7.4282,-30289147.99,-159.8,89.9483,2.217515807676,-0.01,0.020237439147,8.6975899827,电机Ⅱ,2025-04-29,2024-03-31
002175,*ST东智,0.0017,57874936.54,14.8264680881,-33.122,2134843.74,185.22,131.5586,0.455820024804,0.37,0.000974941299,33.4141715674,通用设备,2025-04-29,2024-03-31
002168,ST惠程,-0.048,31244678.22,-31.2783750542,-72.7266,-37631428.42,-79.6,-172.4446,-0.025620750407,,-0.019370764091,11.6057644584,电网设备,2025-04-29,2024-03-31
002164,宁波东力,0.01,305649647.68,-7.4959115071,-19.9714,7316173.66,-18.2,-27.3246,2.507966378417,0.55,-0.067405136615,18.1141047013,通用设备,2025-04-29,2024-03-31
002149,西部材料,0.0752,704879790.71,-2.0789425381,-19.501,36706098.91,4.43,-19.3459,6.06813519506,1.25,-0.012358357429,21.4564704086,小金属,2025-04-29,2024-03-31
002142,宁波银行,1.06,17509000000.0,5.7753881472,22.0139,7013000000.0,6.29,13.3689,28.068594791036,3.8775,14.452604482132,,银行Ⅱ,2025-04-29,2024-03-31
002141,贤丰控股,-0.0001,16649876.31,-20.3030858824,-18.1338,-153837.59,-112.01,99.8233,0.907119300656,-0.01,0.009526550308,56.2195262939,元件,2025-04-29,2024-03-31
002131,利欧股份,-0.04,4840876589.35,-6.805856922,1.0015,-238009143.68,-139.89,-70.1199,1.987165463223,-1.76,-0.080601914179,7.7961026375,通用设备,2025-04-29,2024-03-31
002123,梦网科技,0.01,1100146071.66,6.2698060887,-42.2279,8837322.52,-19.73,100.4835,2.039509332305,0.54,0.674739987037,8.5741704206,通信服务,2025-04-29,2024-03-31
002117,东港股份,0.0796,303805024.48,-0.2330629219,-4.604,43417783.89,-6.43,53.7899,2.728001652368,2.73,-0.124832864821,33.8308895865,包装印刷,2025-04-29,2024-03-31
002112,三变科技,0.1,324065739.84,37.0864388623,-57.0375,25662343.72,282.95,-53.8314,2.158468456235,4.64,-0.225760788156,21.2958411105,电网设备,2025-04-29,2024-03-31
002111,威海广泰,0.09,567857786.48,19.9413868595,-28.6691,49420414.7,61.51,-14.1115,5.688114015764,1.56,-0.293573135089,27.8465612685,航空装备Ⅱ,2025-04-29,2024-03-31
002110,三钢闽光,-0.04,11201834864.61,-6.4173763806,-17.4692,-105354512.42,-58.61,-38.528,8.280804877095,-0.52,-0.213395942566,3.9475381083,普钢,2025-04-29,2024-03-31
002103,广博股份,0.0427,439878194.92,-8.242295394,-51.477,22790731.43,-35.7,-54.6969,1.806860570911,2.39,-0.213696581848,19.5830626944,文娱用品,2025-04-29,2024-03-31
002101,广东鸿图,0.1003,1754959446.16,9.0761067565,-26.1474,66399053.27,-13.99,-41.78,11.520355690048,0.87,-0.774793348345,14.9195229248,汽车零部件,2025-04-29,2024-03-31
002099,海翔药业,0.02,528463890.64,-16.6523623873,6.7051,32593338.56,-22.58,108.5442,3.423437115725,0.58,0.017599902087,31.4888778774,化学制药,2025-04-29,2024-03-31
002095,生意宝,0.01,83816880.22,-50.2723491106,-28.8401,2403801.38,-43.22,-32.4073,3.71374086301,0.26,0.002796546732,19.0344680264,数字媒体,2025-04-29,2024-03-31
002085,万丰奥威,0.11,3539932746.58,-2.0429041748,-23.1799,226787591.36,1.25,18.958,3.229162451073,3.32,0.006070113721,19.8193644723,汽车零部件,2025-04-29,2024-03-31
002084,海鸥住工,0.0099,676695995.13,16.2187956324,-9.3446,6375099.59,121.94,102.6474,2.498351555237,0.39,0.123201853292,15.6371888472,家居用品,2025-04-29,2024-03-31
002081,金螳螂,0.0765,4543622411.99,-10.7844420385,22.3477,203245029.29,-25.58,17.4764,5.090132102433,1.52,-0.59699429091,13.2454379117,装修装饰Ⅱ,2025-04-29,2024-03-31
002079,苏州固锝,0.0092,1140156793.52,55.8758033199,-10.1653,7428910.41,-67.53,-89.4544,3.61130821963,0.26,-0.335241993949,11.3198743878,光伏设备,2025-04-29,2024-03-31
002060,广东建工,0.045,13573458327.08,-14.359323134,-54.358,168881325.92,-17.74,-71.1482,3.499216130269,1.29,-0.702477840623,9.0136376846,基础建设,2025-04-29,2024-03-31
002058,威尔泰,-0.04,33208353.96,34.1301273771,-40.7496,-5113090.01,15.26,25.7712,0.96261939135,-2.79,-0.05848994919,26.5198782831,电池,2025-04-29,2024-03-31
002055,ST得润,-0.0449,1300467040.12,-27.9760155345,36.9446,-27159325.9,30.61,87.1421,4.277495797189,-1.04,-0.222256215507,17.8284727669,消费电子,2025-04-29,2024-03-31
002049,紫光国微,0.3637,1140611641.09,-26.1577148539,-41.0102,306697807.03,-47.44,-38.8409,13.862806386854,2.6,-0.320115940642,57.4614233372,半导体,2025-04-29,2024-03-31
002045,国光电器,0.05,1268644408.52,16.7833494252,-21.1436,29169989.13,307.93,-39.9218,6.990967194281,0.74,0.716246744251,11.3061476894,消费电子,2025-04-29,2024-03-31
002041,登海种业,0.0342,232497977.07,-11.57493471,-74.1166,30133562.85,-32.61,-81.216,4.090553989898,0.84,-0.092985187284,26.0743364153,种植业,2025-04-29,2024-03-31
002039,黔源电力,0.027,260832140.16,18.7696926052,-40.4589,11563145.89,174.52,202.4675,8.96362901497,0.3,0.387455321502,42.006130162,电力,2025-04-29,2024-03-31
002035,华帝股份,0.1483,1381338889.51,15.5984513567,-23.3305,124063633.23,34.61,41.7448,4.327428266955,3.35,0.278668278839,41.8621558838,厨卫电器,2025-04-29,2024-03-31
002027,分众传媒,0.072,2729531149.19,6.0151366635,-15.455,1040063504.6,10.5,-15.099,1.29695429239,5.71,0.086077771718,61.6930632358,广告营销,2025-04-29,2024-03-31
002021,中捷资源,0.0084,252761218.39,23.0382544052,58.3307,10169767.93,1029.88,-98.3193,0.521018215399,1.63,-0.099225685021,15.3835413667,专用设备,2025-04-29,2024-03-31
002015,协鑫能科,0.1187,2414203798.98,-11.0898589421,55.6946,187673737.95,-39.58,1197.7189,7.169543910704,1.45,0.131307000104,22.8081159699,电力,2025-04-29,2024-03-31
002012,凯恩股份,0.01,140175219.97,-50.8759440925,-10.9857,6056980.61,-87.74,133.1452,3.29692351503,0.39,0.001518002281,18.9420034124,造纸,2025-04-29,2024-03-31
002009,天奇股份,0.01,649545126.03,-13.2389793367,-24.7402,2348217.96,100.79,103.3122,5.186665339772,0.11,-0.51645806802,15.8632001182,专用设备,2025-04-29,2024-03-31
002005,德豪润达,-0.0091,152910422.53,-13.7038242652,-22.2088,-15833968.43,62.54,35.7845,0.210246038121,-4.22,-0.018655590396,17.7090044302,小家电,2025-04-29,2024-03-31
002003,伟星股份,0.07,800526871.44,14.8270390828,-20.1125,77924672.78,45.25,202.2149,3.797045221834,1.77,0.0806542913,37.9295057733,纺织制造,2025-04-29,2024-03-31
002001,新和成,0.28,4498764263.04,24.5426570206,9.6095,869622923.96,35.21,44.209,8.310861896192,3.44,0.155583897763,35.0359990827,化学制品,2025-04-29,2024-03-31
001965,招商公路,0.1839,3021523137.67,49.1380571242,-4.2611,1293427188.45,-4.15,-46.1978,9.57979376922,2.01,0.210560483708,35.6616011232,铁路公路,2025-04-29,2024-03-31
001914,招商积余,0.1798,3724772428.89,12.6734919296,-21.9251,190689154.89,3.34,35.4302,9.384324629159,1.93,-1.118185025519,11.6793172465,房地产服务,2025-04-29,2024-03-31
001696,宗申动力,0.105,2330924337.76,8.9666676248,2.4926,120213250.48,8.0,1159.0992,4.321656151289,2.46,-0.173662016208,13.4673208879,通用设备,2025-04-29,2024-03-31
001391,国货航,0.02,4013614132.0,43.5921300942,-21.1977,258094216.0,66.3447648241,-49.1682,,1.3,,11.0112566496,物流,2025-04-29,2024-03-31
001358,兴欣新材,0.18,107192243.34,-45.9057550865,-16.3159,22262677.29,-55.72,72.83,17.480582538636,1.46,0.091486656023,33.5781496949,化学制品,2025-04-29,2024-03-31
001337,四川黄金,0.18,189875573.67,6.8349824987,45.9411,76777191.76,24.12,42.7432,3.420389167119,5.5,0.227635040167,56.703202739,贵金属,2025-04-29,2024-03-31
001335,信凯科技,0.26,317938076.43,15.2653255448,15.3817,18099314.85,20.012431703,-16.0952,,3.24,,14.6348742568,化学制品,2025-04-29,2024-03-31
001330,博纳影业,0.004,439919804.17,-16.0956765266,53.4534,5552034.61,105.13,101.7546,4.508598751401,0.09,-0.054990063164,40.2841398501,影视院线,2025-04-29,2024-03-31
001313,粤海饲料,-0.08,851078299.61,-11.0706369728,-45.2546,-56160071.15,-15.7,-199.6905,3.730257606329,-2.08,-0.676886222843,12.0665589038,饲料,2025-04-29,2024-03-31
001308,康冠科技,0.27,2834785940.87,30.7997951954,-41.9702,185389285.31,-26.69,-55.6261,10.423792982152,2.63,-0.381158030919,12.2972370303,光学光电子,2025-04-29,2024-03-31
001299,美能能源,0.11,210337761.3,12.7035607049,2.8167,20151071.66,-5.33,-37.5951,7.071176112146,1.52,-0.122371043067,12.1677272221,燃气Ⅱ,2025-04-29,2024-03-31
001289,龙源电力,0.2895,10049080867.56,1.8498246169,3.5589,2440360722.95,2.47,1593.4222,8.548869982469,3.39,0.429044206119,40.2881163729,电力,2025-04-29,2024-03-31
001288,运机集团,0.19,264276403.87,33.5536440483,-35.7972,30540242.01,11.85,-5.818,12.264802692595,1.46,-1.932796131449,29.826748887,专用设备,2025-04-29,2024-03-31
001282,三联锻造,0.18,342111615.63,40.5488607305,-7.7454,29239074.51,53.03,-29.0246,13.009193541637,2.0,0.26321916205,21.652652335,汽车零部件,2025-04-29,2024-03-31
001258,立新能源,0.02,206009051.07,2.0007078356,7.8789,14079942.2,-46.33,122.3043,3.168932512369,0.48,0.027854396573,42.621677404,电力,2025-04-29,2024-03-31
001256,炜冈科技,0.16,102222488.35,45.3479368685,-3.4757,22793918.62,22.23,33.3561,7.782557022853,2.05,-0.038004982282,31.9074781454,专用设备,2025-04-29,2024-03-31
001239,永达股份,0.0662,174031478.96,-16.5111418566,-21.948,15880588.55,-11.51,-46.1957,5.163489115542,1.29,-0.370593017625,20.6462915702,工程机械,2025-04-29,2024-03-31
001238,浙江正特,0.19,357745064.32,1.7799986746,75.1739,21244988.38,-6.08,225.4633,10.084965695182,1.93,0.296194331182,25.9518397959,文娱用品,2025-04-29,2024-03-31
001234,泰慕士,0.28,244757137.67,26.2127517733,24.9852,29447980.11,112.3,139.8141,8.669276727882,3.35,-0.065247408423,22.2660031608,服装家纺,2025-04-29,2024-03-31
001219,青岛食品,0.147,131932438.14,0.7274738742,17.0345,28664145.15,6.6,155.1679,6.691344863072,2.9,-0.002645515526,34.7033897315,休闲食品,2025-04-29,2024-03-31
001213,中铁特货,0.06,2505858827.95,5.4255388806,-17.1322,265569664.74,92.15,600.4242,4.258160025359,1.41,0.077398681688,12.5162514114,铁路公路,2025-04-29,2024-03-31
001202,炬申股份,0.11,211500068.89,-11.3850554741,-18.3511,14771668.63,39.19,18.8068,5.614402783463,2.01,0.156963204969,16.9947285165,物流,2025-04-29,2024-03-31
000999,华润三九,1.07,7294070557.82,14.8237045206,18.9712,1363825963.61,18.49,202.8491,20.588833666089,6.94,0.795983533674,53.420635416,中药Ⅱ,2025-04-29,2024-03-31
000995,皇台酒业,0.0049,36349095.7,-5.7312562894,-11.9458,870695.49,-64.64,104.7026,0.692570245479,0.71,0.007711731151,64.6623647641,白酒Ⅱ,2025-04-29,2024-03-31
000983,山西焦煤,0.1674,10551745369.8,-28.4735421895,-28.8311,950193725.85,-61.53,-16.1601,6.842442166531,2.49,-0.20649512542,28.238046376,煤炭开采,2025-04-29,2024-03-31
000978,桂林旅游,-0.029,88496184.04,3.1831743715,-11.9928,-13411376.89,0.24,45.4925,2.698068187597,-1.06,-0.045401198043,24.3516934699,旅游及景区,2025-04-29,2024-03-31
000962,东方钽业,0.0984,258456114.14,-11.4941341636,-20.9994,49727490.5,-15.23,22.235,4.849159612175,2.05,-0.196730782452,18.1998343071,小金属,2025-04-29,2024-03-31
000953,中哲精化,-0.0032,61917759.5,7.1086779604,71.1327,-1159982.77,26.1,84.9982,0.179874791338,-1.74,-0.01517430436,10.4729349097,化学制药,2025-04-29,2024-03-31
000949,新乡化纤,0.0437,1967073843.53,6.9131465237,4.7916,62231399.62,257.0,194.4239,3.756260032971,1.14,-0.032595284406,10.742459734,化学纤维,2025-04-29,2024-03-31
000948,南天信息,-0.0236,1959875443.8,5.3496281885,-43.3422,-9142831.89,21.76,-108.8557,6.672278954271,-0.35,-4.02354747625,10.4181665465,软件开发,2025-04-29,2024-03-31
000938,紫光股份,0.1446,17006236056.21,2.8901747243,-23.0242,413681056.33,-5.76,-26.4159,12.01381432876,1.21,-0.677572382931,19.9662594656,IT服务Ⅱ,2025-04-29,2024-03-31
000937,冀中能源,0.2004,5332769797.58,-32.7085209736,34.2046,708201226.21,-73.83,-31.131,6.591204545688,3.09,0.08707900444,39.8529177268,煤炭开采,2025-04-29,2024-03-31
000936,华西股份,0.05,647621703.01,-3.8116746895,-18.2696,40145777.19,81.06,309.2435,5.819772101464,0.78,-0.027722522923,5.5973448004,化学纤维,2025-04-29,2024-03-31
000935,四川双马,0.01,213059095.23,-8.6791275872,-48.5162,8723136.67,-95.88,-97.2494,9.758421726914,0.12,0.068863641083,51.8904329058,多元金融,2025-04-29,2024-03-31
000929,兰州黄河,-0.0047,53857331.57,-26.8630487888,26.243,-866577.33,70.92,98.5039,3.151298060678,-0.15,-0.004302533187,10.8119822135,非白酒,2025-04-29,2024-03-31
000927,中国铁物,0.0265,9798215203.12,-8.6528042588,-13.1207,160428048.06,-9.85,51.0896,1.498988838107,1.78,0.13381532396,4.5811043144,轨交设备Ⅱ,2025-04-29,2024-03-31
000926,福星股份,0.0478,1085069936.25,-21.385883047,1.3118,54380631.98,30.42,537.1186,10.65781360812,0.45,-0.494172955031,30.5969982504,房地产开发,2025-04-29,2024-03-31
000921,海信家电,0.72,23486119294.48,20.872558442,13.4565,981246783.99,59.48,138.5616,10.308493768107,7.06,0.112432590215,21.1377417396,白色家电,2025-04-29,2024-03-31
000909,*ST数源,-0.0305,89190308.2,-60.956575291,5.8382,-13833993.29,-196.9,96.0512,2.643106481566,-1.22,0.492310925909,48.9434492278,房地产开发,2025-04-29,2024-03-31
000908,石药景峰,-0.0013,100575702.29,-42.8729336077,-2.4106,-1122560.52,174.14,99.4405,-0.081334503908,,0.009825802264,66.3508828679,化学制药,2025-04-29,2024-03-31
000900,现代投资,0.125,1467513692.14,-32.7667198165,-28.4936,189710685.9,3.44,54.884,7.266983069964,1.74,0.486859733625,37.6239338343,铁路公路,2025-04-29,2024-03-31
000899,赣能股份,0.2086,1694000760.36,-0.3899671651,-0.625,203541065.16,3565.82,149.0867,5.507692585747,3.84,0.458647986688,15.0601474509,电力,2025-04-29,2024-03-31
000897,津滨发展,0.1097,1045807760.47,1403.9257614412,18.8397,177493691.68,1737.7,527.9188,1.778921011971,6.37,-0.135353307815,37.1264580113,房地产开发,2025-04-29,2024-03-31
000887,中鼎股份,0.27,4692198237.48,21.5784067462,4.9627,360935095.41,37.56,41.1993,9.387014217217,2.96,0.244956309272,22.4189735697,汽车零部件,2025-04-29,2024-03-31
000881,中广核技,-0.0689,1309795211.41,6.8124418573,-27.5373,-65181223.29,-153.27,89.7097,5.838472559542,-1.17,-0.040238102881,11.2042373374,化学制品,2025-04-29,2024-03-31
000875,电投绿能,0.22,3814604503.96,-5.2145847089,11.5199,618572713.91,22.94,448.9832,4.460811203802,5.11,0.228094247784,31.9346991589,电力,2025-04-29,2024-03-31
000839,国安股份,0.0039,862004486.14,19.3907922398,0.4836,15366872.62,-79.05,112.7803,0.313658114764,1.25,-0.067913023814,16.4074839927,通信服务,2025-04-29,2024-03-31
000826,*ST启环,-0.059,1226182070.39,-2.6495024163,-22.9478,-84494835.42,-9.02,93.5897,2.925396941362,-1.97,0.061260008158,24.792037403,环境治理,2025-04-29,2024-03-31
000813,德展健康,-0.0078,101250441.65,-25.0885056098,-37.862,-16805072.84,-1003.8,-176.5644,2.408354442614,-0.32,0.010495962678,51.5742533159,化学制药,2025-04-29,2024-03-31
000799,酒鬼酒,0.2258,493905318.75,-48.7968582608,-28.1299,73380342.01,-75.56,6.2021,13.394657025083,1.7,-0.814799064152,71.0791652292,白酒Ⅱ,2025-04-29,2024-03-31
000790,华神科技,0.0036,179277340.12,-18.6174727399,-45.8248,2279754.74,-28.96,-65.305,1.648653723791,0.22,-0.039856652637,44.3907473118,中药Ⅱ,2025-04-29,2024-03-31
000789,万年青,-0.0117,1274953953.46,-34.7453890498,-42.1798,-9360870.15,-110.17,88.3392,8.569656611543,-13.42,-0.060107952259,14.6406188383,水泥,2025-04-29,2024-03-31
000783,长江证券,0.07,1331701065.57,-38.09,-23.7864,401849548.44,-46.82,15.2385,5.956149046931,1.17,1.089649138447,,证券Ⅱ,2025-04-29,2024-03-31
000778,新兴铸管,0.0428,9124363531.11,-23.0070730431,31.635,170936900.84,-49.9,-34.6552,6.425205972239,0.67,-0.509667770137,4.9892593753,普钢,2025-04-29,2024-03-31
000777,中核科技,-0.004,155406894.16,-36.7405861095,-77.5594,-1534307.6,81.88,-101.6723,5.172872884135,-0.08,-0.459429001195,20.6494203063,通用设备,2025-04-29,2024-03-31
000758,中色股份,0.1524,2370388652.74,26.8315134089,-25.0579,300136230.61,293.87,566.3799,2.788413825958,5.56,0.169922821412,21.6363302987,工业金属,2025-04-29,2024-03-31
000756,新华制药,0.21,2474697457.66,-6.2495909144,54.3493,141879437.62,-6.41,35.7129,6.982510658941,3.04,0.055778045962,27.4363946105,化学制药,2025-04-29,2024-03-31
000738,航发控制,0.198,1415162841.85,5.5364407288,15.6383,260341248.02,6.89,99.6579,9.187169811025,2.18,-0.148536989746,32.505370461,航空装备Ⅱ,2025-04-29,2024-03-31
000736,中交发展,-0.31,3630443169.39,35.0180941327,-83.4642,-216510009.26,-8.39,65.8825,2.008496688589,-12.36,1.775136638168,14.6674660983,房地产服务,2025-04-29,2024-03-31
000728,国元证券,0.11,1097554984.09,-9.41,-1.2127,462800660.89,-10.98,4.8369,8.077590833337,1.33,0.791237768052,,证券Ⅱ,2025-04-29,2024-03-31
000727,冠捷科技,0.0012,12804766582.89,6.9315195975,-14.9845,5377437.02,115.680406912,-97.3587,0.67255175946,0.18,0.051917523926,11.021479885,光学光电子,2025-04-29,2024-03-31
000725,京东方A,0.03,45887570444.0,20.8410508512,-4.4574,983812692.0,297.8,-35.4994,3.4093126023,0.76,0.431065466703,13.2599521878,光学光电子,2025-04-29,2024-03-31
000711,ST京蓝,-0.0047,6081494.19,-89.5265024233,-81.5275,-13290163.75,86.21,-100.7313,0.24990263375,-1.84,-0.051342331245,17.8865496869,环境治理,2025-04-29,2024-03-31
000705,浙江震元,0.0576,1044651488.68,-4.8679654243,5.9531,19245988.18,3.67,63.697,5.917416632853,0.97,0.131467395421,18.13867013,医药商业,2025-04-29,2024-03-31
000703,恒逸石化,0.12,31655506086.59,11.5371881447,-8.5605,413692260.32,1087.19,80.5194,6.663308257403,1.64,-0.669743588734,4.950173455,炼化及贸易,2025-04-29,2024-03-31
000691,亚太实业,-0.0276,104397898.74,-12.0285483629,6.7091,-8928537.7,-746.78,53.1421,0.097758306524,-24.88,0.032900274167,7.3135643266,化学原料,2025-04-29,2024-03-31
000690,宝新能源,0.094,2126571393.91,-1.8868884377,-17.4058,204564731.87,695.7,-14.1408,5.672184808097,1.67,0.196585040645,13.6784036061,电力,2025-04-29,2024-03-31
000682,东方电子,0.0756,1277506859.47,11.064308215,-46.2886,101407763.96,32.04,-48.4723,3.494692383973,2.19,-0.102142689254,32.1496711454,电网设备,2025-04-29,2024-03-31
000676,智度股份,0.0458,755167411.58,16.0352095323,-8.3291,55234476.63,13.87,-65.2852,3.09445148269,1.41,0.131216492494,18.2512714196,广告营销,2025-04-29,2024-03-31
000668,荣丰控股,-0.04,9376954.42,-3.5269693921,-87.776,-5643083.59,22.32,66.4815,7.463162767995,-0.51,-0.160887999603,13.7975604023,房地产开发,2025-04-29,2024-03-31
000656,金科股份,-0.22,7503815256.73,-24.5923354172,-62.8098,-1161237378.19,-293.12,81.7996,0.441563350831,-39.6,-0.174067971519,17.5092049804,房地产开发,2025-04-29,2024-03-31
000652,泰达股份,0.0051,4451265213.46,-3.2130169073,-44.3601,7574193.34,17.15,-83.8028,3.845514022202,0.13,0.00118914393,2.5555168664,环境治理,2025-04-29,2024-03-31
000650,仁和药业,0.1266,1237638493.59,-8.7152718662,1.993,177296535.93,-2.74,559.5395,4.379052090158,2.92,0.080506701098,36.6619282149,中药Ⅱ,2025-04-29,2024-03-31
000637,茂化实华,-0.08,1193726277.45,-5.7169231717,137.512,-43987180.18,-45.56,43.2615,1.325484199736,-6.23,0.081372917915,2.7134951087,炼化及贸易,2025-04-29,2024-03-31
000632,ST三木,0.0113,3703022288.19,24.9131937789,3.3466,5242660.99,-22.3,101.5852,3.337673528226,0.34,0.153791411175,4.5510101888,综合Ⅱ,2025-04-29,2024-03-31
000630,铜陵有色,0.09,32720083664.56,-4.7098980509,-6.1364,1096690756.19,7.39,790.5281,2.584410158845,3.38,0.09702436432,8.3232794839,工业金属,2025-04-29,2024-03-31
000626,远大控股,-0.0096,20721849590.62,18.2909537364,-1.7963,-4870861.34,-131.11,98.5859,5.179258472284,-0.18,-1.316177923829,0.9572200965,物流,2025-04-29,2024-03-31
000620,盈新发展,0.0035,805462915.49,64.0959533706,-32.9947,20685648.35,102.14,-99.0194,0.917796137853,0.38,-0.043007931888,25.7288464564,房地产开发,2025-04-29,2024-03-31
000615,*ST美谷,-0.0354,274774671.4,-15.6344443489,-14.7146,-27011495.59,-6.46,92.6997,0.255996789044,-21.1,0.053614341773,23.9256161294,医疗美容,2025-04-29,2024-03-31
000612,焦作万方,0.118,1324394764.87,19.6024089387,-13.1183,140798597.53,496.87,-41.2547,4.990449828831,2.4,-0.013321846371,12.4606610248,工业金属,2025-04-29,2024-03-31
000609,*ST中迪,-0.11,37828832.55,4863.8518671607,-28.0898,-33480055.69,-30.54,70.1582,1.191372613147,-8.97,0.05922680592,3.3111023406,房地产开发,2025-04-29,2024-03-31
000608,阳光股份,-0.02,73779197.12,32.552501825,89.0982,-13154563.21,-27.53,94.716,3.278337496208,-0.61,0.047467258992,57.7351011705,房地产开发,2025-04-29,2024-03-31
000600,建投能源,0.141,6983462499.71,30.5049726276,16.3965,252250680.09,278.35,521.8004,5.64720779094,2.39,0.201092607473,12.2423453643,电力,2025-04-29,2024-03-31
000598,兴蓉环境,0.1539,1845886300.26,16.7034463004,-22.9549,456731468.38,20.55,29.2218,5.730241710874,2.71,0.006150313359,43.8491821758,环境治理,2025-04-29,2024-03-31
000597,东北制药,0.04,1940260731.63,-17.5781285506,5.4924,57633861.05,-17.72,-58.4407,3.540025927602,1.15,0.066396528287,38.1875447197,化学制药,2025-04-29,2024-03-31
000589,贵州轮胎,0.17,2439626181.76,22.1111756085,-4.8538,207433240.75,123.66,1.3846,5.778227620902,2.88,0.012102553057,20.1566415247,汽车零部件,2025-04-29,2024-03-31
000582,北部湾港,0.221,1539600287.15,1.6917968338,-25.041,391215871.17,64.44,40.1025,7.814359308261,2.83,0.215017874817,31.7992078097,航运港口,2025-04-29,2024-03-31
000567,海德股份,0.1194,344799199.89,13.1649556763,23.2378,233284989.7,21.49,110.2587,4.226715566915,4.43,0.052392425128,99.578460585,多元金融,2025-04-29,2024-03-31
000564,供销大集,-0.0068,390237169.59,6.0723452683,8.5315,-130701146.07,-45.21,93.8965,0.646395308664,-1.17,-0.002362621687,28.2398287844,一般零售,2025-04-29,2024-03-31
000558,天府文旅,0.0205,93879688.35,-45.3579302679,-30.3167,26469888.5,-29.24,-65.4584,0.860715941858,2.41,0.040758796973,62.1997800869,旅游及景区,2025-04-29,2024-03-31
000553,安道麦A,-0.098,7508899000.0,-12.7944634598,-7.5185,-227605000.0,-373.32,59.6025,9.29809923537,-1.04,-0.315545663701,24.2451922712,农化制品,2025-04-29,2024-03-31
000552,甘肃能化,0.1002,2822483847.22,-10.5933585327,6.3829,536497295.72,-44.01,200.8776,3.077570747169,3.22,-0.05771588086,36.594990705,煤炭开采,2025-04-29,2024-03-31
000551,创元科技,0.156,1175188185.26,8.86900844,4.868,62491517.24,62.57,241.5346,5.959663767156,2.64,0.145886216884,21.8062786381,环保设备Ⅱ,2025-04-29,2024-03-31
000545,金浦钛业,-0.0138,562790017.41,-4.7357147228,-1.3522,-13572719.27,81.08,80.2121,1.403246578234,-0.99,-0.030060514418,5.5223952395,化学原料,2025-04-29,2024-03-31
000538,云南白药,0.95,10774290921.49,2.4878352531,14.3433,1701931446.0,12.12,5831.3081,23.140399619459,4.18,0.293322271797,29.9771346229,中药Ⅱ,2025-04-29,2024-03-31
000537,绿发电力,0.09,856232102.63,-2.0023450319,-0.5815,167055934.95,-28.79,49.7253,9.306255375715,0.97,0.144779321285,54.486867161,电力,2025-04-29,2024-03-31
000524,岭南控股,0.036,911687579.53,91.1668835679,-1.9053,24415208.97,176.89,108.6083,3.160596834839,1.15,-0.020707121428,21.0255202126,旅游及景区,2025-04-29,2024-03-31
000523,红棉股份,0.0118,538465316.08,-21.3125109611,7.7201,21731571.68,126.36,-60.0696,0.776346555774,1.54,0.042041043303,11.3127628263,综合Ⅱ,2025-04-29,2024-03-31
000520,凤凰航运,-0.0075,214600849.74,-6.7146005786,-20.437,-7586282.87,10.37,-196.118,0.530651357145,-1.4,0.006557706963,0.4913833665,航运港口,2025-04-29,2024-03-31
000519,中兵红箭,-0.0098,885842801.38,14.130235017,-71.5016,-13665915.02,60.14,-102.1938,7.502310924881,-0.13,-0.159161013239,19.6031710197,地面兵装Ⅱ,2025-04-29,2024-03-31
000517,荣安地产,0.1283,7692302764.54,48.3558419914,-12.6944,408397019.4,-37.0,161.5037,2.819278097315,4.66,0.03471178061,8.7365964123,房地产开发,2025-04-29,2024-03-31
000514,渝开发,-0.031,78325587.89,66.3497472519,-92.7762,-26180243.93,-30.63,-123.6222,4.412303659679,-0.7,0.237911085623,23.454313456,房地产开发,2025-04-29,2024-03-31
000510,新金路,-0.1036,416409223.27,-42.8679380953,11.6496,-63134865.09,-159.97,29.1897,1.984189679087,-5.09,-0.182033468148,-1.1850395463,化学原料,2025-04-29,2024-03-31
000506,招金黄金,-0.03,49983508.93,-29.4782530125,-24.1147,-29895876.01,21.11,32.0457,0.680656608695,-4.58,-0.001220806552,-17.29793771,贵金属,2025-04-29,2024-03-31
000505,京粮控股,0.03,3636199231.97,13.3859504097,2.086,22774154.56,-38.89,0.4132,4.388627236501,0.72,0.01463509256,4.0386537272,农产品加工,2025-04-29,2024-03-31
000504,南华生物,-0.0084,25973854.69,-25.2326592234,-18.9104,-2770653.53,-40.21,90.3325,0.770159865719,-1.08,-0.004559512225,64.5449584595,医疗服务,2025-04-29,2024-03-31
000498,山东路桥,0.093,9577582697.03,-14.8282284523,-65.1653,244705294.74,-2.82,-72.2845,8.650975047111,1.02,-1.772269224498,12.0830314738,基础建设,2025-04-29,2024-03-31
000425,徐工机械,0.135,24174419759.02,1.1782191012,14.1483,1600471771.14,5.06,228.5383,4.893916949605,2.81,0.019570780184,21.5610016955,工程机械,2025-04-29,2024-03-31
000421,南京公用,0.0088,1500013204.96,9.7783232597,15.5165,5108879.14,334.91,104.5206,4.715823343998,0.19,-0.537137614218,10.6551152378,综合Ⅱ,2025-04-29,2024-03-31
000402,金融街,-0.09,6147864256.26,116.8399814071,40.6758,-280371433.07,-32.79,53.8181,11.939466598569,-0.78,0.062818046151,9.9990800705,房地产开发,2025-04-29,2024-03-31
000301,东方盛虹,0.04,36738885261.85,24.3404884883,-0.1587,246888251.61,-66.53,114.0144,5.255012474149,0.69,0.14838605226,10.8854919362,炼化及贸易,2025-04-29,2024-03-31
000100,TCL科技,0.0129,39946382780.0,1.2178955566,-3.2311,239970389.0,143.71,-60.2383,2.858610588118,0.45,0.351268840166,11.1831078207,光学光电子,2025-04-29,2024-03-31
000099,中信海直,0.1077,457407939.62,12.962819964,-18.505,83542174.18,21.69,86.733,6.684186098891,1.64,0.546659967358,19.5677028703,航空机场,2025-04-29,2024-03-31
000090,天健集团,0.0521,2751306069.52,-14.7870237672,-70.6226,97362102.09,-54.78,-80.139,6.108668430409,0.85,-0.708912996932,17.8595758986,房地产开发,2025-04-29,2024-03-31
000088,盐田港,0.06,198889396.76,3.1342831352,-7.739,257205555.83,34.52,-57.6917,3.164931641797,1.91,0.007127304621,27.5166242402,航运港口,2025-04-29,2024-03-31
000078,ST海王,0.0162,8087937989.71,-18.7782736416,3.9798,42641426.53,-42.79,102.3977,1.107142375631,1.41,0.020632106714,10.4198135876,医药商业,2025-04-29,2024-03-31
000070,特发信息,0.0157,1069705429.05,10.0189673684,-24.2937,14179051.17,236.88,105.5998,2.133142846203,0.74,-0.191728905992,12.4330790251,通信设备,2025-04-29,2024-03-31
000069,华侨城A,-0.0438,8705872784.51,25.8706066694,-63.7011,-351984757.23,-16.29,88.8106,7.265454962246,-0.57,-0.657582869708,20.3234604329,房地产开发,2025-04-29,2024-03-31
000062,深圳华强,0.0549,4460133666.89,15.7225726615,-28.8208,57404668.56,-54.19,0.9779,6.915724690003,0.8,0.65756107834,8.5690434219,其他电子Ⅱ,2025-04-29,2024-03-31
000061,农产品,0.0486,1049930214.56,-15.3457076296,-27.0145,82547143.08,-5.27,-47.4208,3.650751350065,1.34,0.176007289219,31.7457283615,一般零售,2025-04-29,2024-03-31
000042,中洲控股,0.1291,1702647774.9,-31.6268132342,-47.9832,85845683.73,40.98,104.9372,8.756768469189,1.49,1.359798256065,34.7893997174,房地产开发,2025-04-29,2024-03-31
000039,中集集团,0.0126,32443160000.0,21.7383610382,-0.7412,83635000.0,-47.79,212.5215,8.461564451951,0.14,-0.363853195936,10.1904099354,通用设备,2025-04-29,2024-03-31
000035,中国天楹,0.08,1251525141.72,12.0790506805,-20.227,201632023.67,339.16,1619.8803,4.257452128071,1.93,0.150977328924,36.6622185615,环境治理,2025-04-29,2024-03-31
000030,富奥股份,0.09,3764222432.58,34.2798566412,-22.6052,162854830.26,98.92,-26.6262,4.501626141386,2.1,-0.335607647551,10.2063663615,汽车零部件,2025-04-29,2024-03-31
000019,深粮控股,0.0554,1072962661.16,-19.8649457077,-37.2757,63876058.76,-39.4,-13.189,4.24152006762,1.31,0.219646290794,19.0719018059,农产品加工,2025-04-29,2024-03-31
000017,深中华A,0.0047,112547686.5,-25.7247852113,-48.8371,3215826.19,12.89,-74.9702,0.452675410346,1.04,-0.042363340973,5.3000056025,饰品,2025-04-29,2024-03-31
000011,深物业A,0.0008,406582462.31,-1.1877321223,-24.3977,463582.22,-96.49,-99.8007,7.822755699406,0.01,-1.087052248588,17.7116718195,房地产开发,2025-04-29,2024-03-31
000010,*ST美丽,-0.0233,53061522.48,-57.1956106434,-7.5522,-24628615.85,10.34,92.7033,0.183006116261,-11.06,-0.012471717823,11.8124576097,基础建设,2025-04-29,2024-03-31
000008,神州高铁,-0.0179,180319566.65,-58.1958046768,-85.0161,-48618413.77,-47.56,92.8802,1.290701220317,-1.54,-0.050312925196,41.6313703913,轨交设备Ⅱ,2025-04-29,2024-03-31
920985,海泰新能,0.06,485500882.33,-47.5118634477,-59.3614,18057322.33,378.77,-69.6739,4.303818639527,1.36,-1.084546967715,24.1164451768,光伏设备,2025-04-28,2024-03-31
920971,天马新材,0.07,49820075.11,40.9320392276,-6.0071,7462724.48,56.09,167.3908,4.190976358436,1.69,0.027156087891,26.2322947349,非金属材料Ⅱ,2025-04-28,2024-03-31
920970,大禹生物,-0.04,25100709.69,-14.1312181707,-44.7368,-4450874.05,-48.02,-205.8579,2.809439578073,-1.41,-0.006805262284,23.819146406,动物保健Ⅱ,2025-04-28,2024-03-31
920957,汉维科技,0.06,118642044.69,23.6798854291,-10.8307,6857514.54,39.13,-16.6992,3.687073682607,1.75,-0.486021049748,12.5132729201,化学制品,2025-04-28,2024-03-31
920953,国子软件,0.03,26069542.53,10.7493247537,-75.8106,2576606.04,-491.59,-93.077,5.678447304007,0.49,-0.431795560411,52.5683097976,IT服务Ⅱ,2025-04-28,2024-03-31
920943,优机股份,0.08,151482219.37,-21.1223772717,-43.0793,7758501.91,-45.92,-57.8389,5.540783392834,1.37,0.226940853285,25.9251342589,通用设备,2025-04-28,2024-03-31
920942,恒立钻具,0.0795,43319017.55,8.064004836,-23.8758,4851508.81,-60.16,-70.0061,7.544027508883,1.05,-0.004769548536,35.6736568925,工程机械,2025-04-28,2024-03-31
920931,无锡鼎邦,0.16,104765347.04,25.6460952642,-14.7998,10376422.88,27.87,-20.4457,3.937576675649,5.05,-0.312385263473,24.1455125046,专用设备,2025-04-28,2024-03-31
920896,旺成科技,0.07,75858041.45,1.4574570132,-8.4066,7582817.26,3.09,34.657,4.016479680756,1.88,0.134300485832,21.180773314,汽车零部件,2025-04-28,2024-03-31
920892,广咨国际,0.04,82695047.88,10.5027325407,-57.617,5656738.18,25.47,-85.8737,3.175648419372,1.39,-0.291807838647,30.5823383363,工程咨询服务Ⅱ,2025-04-28,2024-03-31
920871,派特尔,0.08,33417750.74,-19.1012441404,-10.7787,5682276.57,9.59,-19.9272,3.391002508001,2.3,0.172801427429,33.6187988157,汽车零部件,2025-04-28,2024-03-31
920866,绿亨科技,0.03,80785174.94,14.3075115093,-34.5045,5541687.61,-9.83,-4.0637,4.146043823926,0.73,-0.167452878457,42.0475095526,农化制品,2025-04-28,2024-03-31
920834,三维装备,0.04,51055702.53,-5.1845290705,-23.9006,4682207.72,-21.21,-52.069,2.511460859439,1.57,-0.006947726794,30.4591873569,橡胶,2025-04-28,2024-03-31
920833,美心翼申,0.06,105857286.88,1.1655929781,2.5201,4699277.82,-37.77,-57.0846,7.74598010187,0.74,0.049701684556,18.0644335441,通用设备,2025-04-28,2024-03-31
920810,春光智能,-0.05,10747829.83,-78.944738242,-43.4109,-3342147.31,-143.49,22.9961,4.086206683942,-1.19,-0.166861516204,32.1804271626,专用设备,2025-04-28,2024-03-31
920809,安达科技,-0.27,221229782.21,-75.8237727675,-49.6615,-163216371.6,-799.9,36.6765,3.714117744598,-6.99,-0.596581138308,-14.1884959504,电池,2025-04-28,2024-03-31
920790,联迪信息,0.0,46266960.82,13.6387546225,-23.4524,-139617.56,78.85,-101.6225,4.243249285588,-0.04,-0.102849065724,32.485182328,IT服务Ⅱ,2025-04-28,2024-03-31
920781,瑞奇智造,0.03,49663753.9,25.5424124105,-66.9572,3926985.92,112.27,9.8125,2.825631643253,0.99,-0.298238286289,25.0105076531,专用设备,2025-04-28,2024-03-31
920779,武汉蓝电,0.27,31080964.73,6.6839477925,-54.1842,15248728.44,15.35,-55.9394,9.311613654196,2.9,0.209047912238,64.3835409996,电池,2025-04-28,2024-03-31
920770,艾能聚,0.05,24469564.43,-73.9045302478,-54.037,6517145.82,-41.39,612.6072,4.314762588345,1.17,0.191579021714,50.9892638085,光伏设备,2025-04-28,2024-03-31
920751,惠同新材,0.1,48300960.61,8.6148457173,2.2876,8361567.59,16.26,-20.4892,4.33368951256,2.25,0.014028742798,34.5295935927,金属新材料,2025-04-28,2024-03-31
920748,路桥信息,-0.09,26494089.96,8.2930349201,-73.2887,-6865366.33,28.12,-139.2249,3.725321423899,-2.28,-0.21441917657,25.209513556,IT服务Ⅱ,2025-04-28,2024-03-31
920735,德源药业,0.46,209789353.15,14.276466263,15.7499,35454180.52,10.45,-33.7074,12.582103797378,3.67,0.178853591486,83.2139851278,化学制药,2025-04-28,2024-03-31
920729,永顺生物,0.03,66495478.87,-17.9994761438,8.3645,8374511.51,-59.92,2504.7366,2.476402695555,1.24,0.060399219206,56.9575827915,动物保健Ⅱ,2025-04-28,2024-03-31
920720,吉冈精密,0.0377,104535869.15,25.4680662157,-16.4013,10486259.56,17.94,1.6089,2.4168892697,2.31,0.02518833978,20.2415928447,通用设备,2025-04-28,2024-03-31
920719,宁新新材,-0.08,93293519.11,-48.7470793749,-49.3913,-7539961.82,-130.25,-317.2934,10.105189412461,-0.8,-0.50429041135,17.0262821271,非金属材料Ⅱ,2025-04-28,2024-03-31
920717,瑞星股份,0.01,32189657.38,0.7830385361,-27.3986,1251675.82,-52.25,-86.2139,4.889763637164,0.22,0.036729558772,29.7398489738,专用设备,2025-04-28,2024-03-31
920706,铁拓机械,0.21,99150589.84,9.6531797765,16.0412,14309271.84,0.73,37.2117,5.800656540426,3.75,-0.119110487586,35.5033751961,工程机械,2025-04-28,2024-03-31
920690,捷众科技,0.25,50547867.76,25.9366637618,-26.0091,15997770.33,184.22,29.5536,7.917677518401,3.16,0.356753566817,38.4113318927,汽车零部件,2025-04-28,2024-03-31
920685,新芝生物,0.03,27428266.45,-43.2783508937,-53.9108,2935721.18,-81.25,-85.8606,5.903448109002,0.54,-0.108699451061,62.4076997764,通用设备,2025-04-28,2024-03-31
920682,球冠电缆,0.08,607729165.58,2.281518905,-35.054,21184145.42,3.26,-54.4031,5.227132438462,1.97,0.245026347452,12.4391599518,电网设备,2025-04-28,2024-03-31
920675,秉扬科技,0.13,144621618.62,41.7806354727,-24.6249,22445672.19,39.32,25.8269,3.517558813924,3.78,0.065011410179,22.2751956156,非金属材料Ⅱ,2025-04-28,2024-03-31
920665,科强股份,0.15,79261899.12,4.9741943735,-16.3153,19803087.98,46.25,-10.4218,5.382126500269,2.87,0.008306802523,42.8298400832,橡胶,2025-04-28,2024-03-31
920663,明阳科技,0.16,59650838.68,20.5451703954,-24.5778,16735377.52,33.55,-24.1225,3.600919582849,4.61,0.272556352907,46.7961599496,汽车零部件,2025-04-28,2024-03-31
920662,方盛股份,0.1,61527274.82,-26.6033075413,-17.4711,8353568.99,-48.3,12.5061,5.156012852404,1.87,0.209389378769,25.8016590958,通用设备,2025-04-28,2024-03-31
920651,天罡股份,0.14,37934927.4,-14.4353518152,-51.9956,8293047.19,-16.25,-40.5129,7.775143399016,1.77,0.016279452787,54.7554764004,通用设备,2025-04-28,2024-03-31
920640,富士达,0.0706,191784754.75,-7.9193071593,26.1078,13255613.58,-68.42,-52.49,4.679879373189,1.53,-0.443020909188,34.5949611149,通信设备,2025-04-28,2024-03-31
920634,新威凌,0.08,150331676.84,31.3804190474,-12.2985,5294531.78,74.18,-32.6795,4.012324658387,2.14,-0.43385607089,9.3494855878,工业金属,2025-04-28,2024-03-31
920627,力王股份,0.08,135608318.84,2.9736529736,-8.3018,7224785.72,-10.34,255.4184,4.768880369508,1.62,-0.063748258126,15.9479416049,电池,2025-04-28,2024-03-31
920599,同力股份,0.2672,1196832055.3,-26.18304393,-19.9616,118244540.32,-25.28,-32.9494,5.732198502823,4.67,-0.071977622872,17.3095868424,工程机械,2025-04-28,2024-03-31
920592,华信永道,-0.15,17076796.92,25.798296036,-89.0187,-9024474.03,43.88,-117.882,5.924113663556,-2.42,-0.91113395527,10.961367631,软件开发,2025-04-28,2024-03-31
920579,机科股份,0.06,81756030.24,0.3389724666,-70.9227,7921939.01,2.86,-73.9615,4.21781723494,1.55,-0.539252626815,22.1076977159,自动化设备,2025-04-28,2024-03-31
920576,天力复合,0.1636,174762112.99,15.713897576,-9.7162,17828635.6,48.04,-1.602,4.532554614777,3.67,0.091552667462,21.786293939,金属新材料,2025-04-28,2024-03-31
920571,国航远洋,0.0287,222967318.26,16.4049191025,1.0907,15954989.25,203.12,402.2292,2.453661380486,1.18,0.125971194845,14.1417227314,航运港口,2025-04-28,2024-03-31
920570,坤博精工,0.24,44607652.56,-35.5110143468,-37.7971,7749888.77,-23.18,-35.3946,10.798733684253,2.23,-0.475630332023,25.8370389352,通用设备,2025-04-28,2024-03-31
920566,梓橦宫,0.14,93655351.66,3.6129927891,-16.2451,19886177.1,22.99,-46.465,5.230163810542,2.63,0.135065988938,80.7941329767,化学制药,2025-04-28,2024-03-31
920564,天润科技,-0.09,15235805.72,74.7414690453,-80.0923,-6393250.31,1.26,-145.5172,4.211635033887,-2.03,-0.186388239544,34.9824846677,IT服务Ⅱ,2025-04-28,2024-03-31
920553,凯腾精工,0.0,92692001.36,11.3707808215,-17.7068,310112.9,-89.9,-92.2509,2.388630622242,0.09,0.057657467309,30.5673997479,专用设备,2025-04-28,2024-03-31
920533,骏创科技,0.26,211968942.81,32.1413727062,1.3533,26226725.33,33.14,-11.3215,3.425072266705,7.96,-0.033210096344,27.1118279773,汽车零部件,2025-04-28,2024-03-31
920526,凯华材料,0.06,27187180.83,13.563672636,3.0361,4996292.67,26.07,62.4064,2.57230720399,2.38,0.047012228537,33.875357131,电子化学品Ⅱ,2025-04-28,2024-03-31
920523,德瑞锂电,0.28,109907439.75,79.2310149503,8.9954,28782633.64,473.81,32.0733,6.265887090173,6.08,0.254772392197,40.5968182968,电池,2025-04-28,2024-03-31
920522,纳科诺尔,0.45,291936080.55,8.5593231171,26.0913,48821207.48,14.86,517.7346,10.095975643247,5.32,0.174161979972,22.707763691,电池,2025-04-28,2024-03-31
920508,殷图网联,-0.03,8942151.92,2.0314040092,-76.3268,-1404281.18,18.81,-131.8288,4.1652588652,-0.67,-0.04860249,54.0488928531,电网设备,2025-04-28,2024-03-31
920505,九菱科技,0.12,34763603.62,12.6538583587,-15.2484,5243591.49,-53.51,-14.2663,7.064287143622,1.67,-0.029884273188,25.5244661831,通用设备,2025-04-28,2024-03-31
920504,博迅生物,0.03,23522483.19,-21.1854543667,-40.7192,1162697.87,-65.29,-89.7451,4.481033906183,0.6,-0.394998753147,43.9941729638,医疗器械,2025-04-28,2024-03-31
920496,许昌智能,0.01,70374480.0,23.4550807819,-68.1791,1427982.76,142.38,-93.3717,3.468505139302,0.27,0.023619616065,21.7344521196,电网设备,2025-04-28,2024-03-31
920493,并行科技,0.04,130718384.02,32.9012493903,-19.7772,2499847.66,110.57,108.7613,5.863921264984,0.74,-0.662370382792,34.2724289364,IT服务Ⅱ,2025-04-28,2024-03-31
920478,峆一药业,0.22,70024905.48,5.0427359722,17.107,12455923.58,-10.23,48.9443,11.660461652493,2.7,0.11306256266,36.1900223732,化学制药,2025-04-28,2024-03-31
920476,海能技术,-0.15,40261248.95,-22.563838872,-70.3156,-13008576.73,-749.56,-145.8674,5.747387802998,-2.63,-0.4532615874,62.884635674,通用设备,2025-04-28,2024-03-31
920436,大地电气,-0.01,190628640.95,22.1477237106,-30.0118,-1274908.32,66.81,-112.5914,4.685277628287,-0.29,0.058440367077,17.0202665761,汽车零部件,2025-04-28,2024-03-31
920427,华维设计,0.03,15910231.07,-47.5524413108,-59.4897,3010715.15,-76.95,-2.9899,3.456756252389,0.85,-0.073438386634,29.4508393334,工程咨询服务Ⅱ,2025-04-28,2024-03-31
920422,润普食品,0.05,135674672.9,-0.39433716,7.5226,4194141.88,-31.79,162.5925,4.863869120419,0.98,-0.008742898245,11.8223925713,化学制品,2025-04-28,2024-03-31
920418,苏轴股份,0.24,166964920.68,15.5497845433,-2.2386,32752436.39,51.39,-11.7076,7.681449994417,4.51,0.390194163978,38.4403663288,汽车零部件,2025-04-28,2024-03-31
920407,驰诚股份,0.08,32335551.42,-14.4377200875,-40.6349,5315244.8,27.33,-52.0444,3.985550104446,2.05,0.161538868149,47.7459262082,通用设备,2025-04-28,2024-03-31
920405,海希通讯,0.21,188191477.58,282.9206828966,206.3865,29453497.16,134.28,455.691,5.662260898688,3.78,0.327199709468,28.9774917713,自动化设备,2025-04-28,2024-03-31
920395,朗鸿科技,0.1,28107492.99,6.5944808144,-22.424,8757837.89,24.87,-44.257,2.434715084535,3.97,-0.024989472805,61.0189163655,专用设备,2025-04-28,2024-03-31
920392,佳合科技,0.06,75721628.87,38.8530685568,-1.8808,3491170.21,91.49,40.3742,5.267399558262,1.17,0.002572198126,5.7735541948,包装印刷,2025-04-28,2024-03-31
920375,派诺科技,-0.06,76291894.04,2.8257148971,-67.2823,-5094203.62,-56.03,-116.5045,9.334527090315,-0.69,-0.226485633589,46.0087807646,电网设备,2025-04-28,2024-03-31
920374,云里物里,0.1,57931488.84,52.3501802262,15.6685,8469230.19,24.22,58.7849,3.181279133934,3.33,-0.028560511421,47.894276335,通信设备,2025-04-28,2024-03-31
920367,新赣江,0.19,39850688.25,-42.4319099464,-25.4328,13583142.23,-18.56,92.6769,6.833326484785,2.85,0.253235513627,44.3386404249,化学制药,2025-04-28,2024-03-31
920357,雅葆轩,0.07,85681307.95,16.3315337655,-15.2712,5613390.44,-67.18,-49.6587,4.581443806069,1.71,0.062680248002,13.6656683822,消费电子,2025-04-28,2024-03-31
920273,一致魔芋,0.22,112639458.67,3.1449318031,-0.6404,16577357.27,11.94,1789.4828,7.807473221113,2.89,0.470539825365,21.6559335761,农产品加工,2025-04-28,2024-03-31
920267,鑫汇科,0.14,150402886.79,3.03088495,-16.8616,6885698.26,69.44,53.155,5.306114095407,2.63,0.045228834574,16.292002137,消费电子,2025-04-28,2024-03-31
920249,利尔达,-0.06,441231064.38,-10.5439021022,-41.1863,-25432607.18,-432.38,-122.7592,1.809356225577,-3.29,-0.039445377725,11.5898888402,通信设备,2025-04-28,2024-03-31
920245,威博液压,0.14,71399610.01,24.5786295633,-9.7763,6801081.08,441.71,156.1548,6.806068496821,2.07,0.276335319795,21.8106654894,工程机械,2025-04-28,2024-03-31
920239,长虹能源,0.32,803013192.01,57.1848714321,-8.581,41785172.3,229.73,159.4223,5.78686993456,5.73,0.366138400972,16.0690678651,电池,2025-04-28,2024-03-31
920237,力佳科技,0.21,81346631.83,2.3120859919,-9.0995,13825553.76,629.27,2.1917,8.897054321859,3.07,0.027598018281,32.8940479379,电池,2025-04-28,2024-03-31
920230,欧康医药,0.11,68240881.12,15.8100963257,-6.5559,8654939.61,53.91,115.8214,5.324837704851,2.18,-0.141755592426,21.6508304077,化学制药,2025-04-28,2024-03-31
920227,美登科技,0.26,34682622.07,34.3047819632,7.6657,10305975.78,5.13,1.8705,10.754656572808,2.49,0.074995807557,67.6307473889,IT服务Ⅱ,2025-04-28,2024-03-31
920225,利通科技,0.18,100909928.31,-4.2416987477,-21.74,19148596.36,-26.52,-47.1398,5.759823842965,3.19,0.220248371153,40.1837416785,橡胶,2025-04-28,2024-03-31
920221,易实精密,0.15,78882809.37,56.746380791,-12.2681,14569685.78,90.24,-22.6874,3.919193576732,3.92,0.243169188521,32.3517277894,汽车零部件,2025-04-28,2024-03-31
920212,智新电子,0.01,119492854.11,58.5272794994,8.3195,770202.8,-58.45,-53.0743,3.798968518096,0.19,-0.134592321489,12.0648138982,消费电子,2025-04-28,2024-03-31
920204,沪江材料,0.1091,77956774.63,20.0844469477,1.0962,10288428.99,44.89,22.0563,6.507812134927,2.2,0.041195350003,33.5271132163,包装印刷,2025-04-28,2024-03-31
920199,倍益康,0.0617,50165869.69,-23.6470236936,-42.0511,4204461.56,195.57,-64.1771,7.609027241161,0.82,-0.194927621429,36.363531227,小家电,2025-04-28,2024-03-31
920195,三祥科技,0.06,211060007.82,14.4066993263,-0.4806,5625346.26,-75.57,-55.9621,6.990620350199,0.82,0.138494732735,33.5151108496,汽车零部件,2025-04-28,2024-03-31
920190,雷神科技,0.0609,626239260.71,8.6213492257,1.1878,6090469.38,-48.56,-10.6744,8.444107299159,0.72,-0.013888023561,8.0551966788,计算机设备,2025-04-28,2024-03-31
920184,国源科技,0.01,61317062.46,58.9508723972,-18.1597,1694604.89,121.86,31.6425,4.444420897227,0.29,-0.242903935421,34.1369973548,IT服务Ⅱ,2025-04-28,2024-03-31
920169,七丰精工,0.02,34924857.58,11.3467288776,-17.6259,1612122.15,-70.48,34.0091,3.773377833006,0.52,0.129724053369,22.3153664182,通用设备,2025-04-28,2024-03-31
920167,同享科技,0.3,486599857.32,15.0648373425,-14.7094,32765588.96,54.73,-16.3332,5.489974499634,5.5,1.242072787596,10.6994272988,光伏设备,2025-04-28,2024-03-31
920163,方大新材,0.11,143072790.11,20.8604942268,-1.0578,13618724.85,26.91,52.9796,3.566219714746,3.0,0.211547726343,17.7148567666,包装印刷,2025-04-28,2024-03-31
920139,华岭股份,0.02,64091038.67,-7.195656758,-23.7974,5218334.69,-70.19,-59.568,4.143514845427,0.47,0.071205111507,41.2229245902,半导体,2025-04-28,2024-03-31
920130,立方控股,-0.09,55272074.3,1.471728704,-68.1394,-8752504.17,30.6584622152,-138.9891,6.82916957922,-1.38,-0.38141619186,54.0538511507,IT服务Ⅱ,2025-04-28,2024-03-31
920111,聚星科技,0.15,176082931.74,79.0731299807,-3.9498,16208105.24,20.5310916417,-24.4574,4.539527939729,3.28,-0.059663400452,20.3594779947,电网设备,2025-04-28,2024-03-31
920108,宏海科技,0.23,119264339.48,53.7692029785,72.9953,23373066.29,270.8731610278,110.6097,3.0361267859,7.87,0.4046291573,34.0004056508,家电零部件Ⅱ,2025-04-28,2024-03-31
920099,瑞华技术,0.22,100104394.24,-10.2650841874,-46.5408,13159640.06,-82.584074915,-64.0767,7.567636461921,2.94,-0.548343236111,27.5563282306,化学制品,2025-04-28,2024-03-31
920092,汉鑫科技,-0.22,26818944.78,33.7002508027,-40.3023,-10555834.25,-534.01,-265.463,7.862283328879,-2.76,-1.191180110865,15.813408599,IT服务Ⅱ,2025-04-28,2024-03-31
920088,科力股份,0.1341,63123180.47,-14.748527544,-48.0098,8570848.83,57.4323315443,-61.6249,7.06540538207,1.92,0.73770452868,34.3368303666,油服工程,2025-04-28,2024-03-31
920082,方正阀门,0.24,216450589.07,43.4035941404,27.7656,25769005.23,81.2628531104,-0.7272,3.311932960396,7.55,0.178844167383,25.9739519544,通用设备,2025-04-28,2024-03-31
920075,柏星龙,0.204,139437088.24,36.7947317765,-17.9325,13229682.72,65.71,-17.9324,6.339363576333,3.22,-0.506165793875,29.7666604014,包装印刷,2025-04-28,2024-03-31
920066,科拜尔,0.28,100317400.34,,-20.9681,9050312.24,,-46.9369,,4.26,,18.3420487848,塑料,2025-04-28,2024-03-31
920060,万源通,0.2573,215834219.54,7.8332359414,-17.6906,29952535.65,48.6063144862,19.7323,4.998372182494,5.28,0.428030190869,24.134061337,元件,2025-04-28,2024-03-31
920058,华洋赛车,0.08,49001619.16,-29.2009106146,-72.5384,4398848.96,-42.92,-73.5515,6.474069253214,1.22,0.553748107679,20.5556723485,摩托车及其他,2025-04-28,2024-03-31
920039,国义招标,0.1,70217676.55,21.6422963273,-71.3029,15075647.96,-24.12,-35.0447,3.985453461383,2.22,-0.637145514042,50.1666329203,专业服务,2025-04-28,2024-03-31
920026,卓兆点胶,-0.15,18440907.48,-67.2374540483,-42.6633,-12188179.59,-177.6,-386.8212,7.499495732837,-1.98,0.393795872854,57.6933272483,专用设备,2025-04-28,2024-03-31
920017,星昊医药,0.2,154300499.21,5.3178235918,-23.6888,24952836.79,18.11,25.163,12.27892702607,1.67,0.401829465431,73.6627597072,化学制药,2025-04-28,2024-03-31
920014,特瑞斯,0.05,101191871.68,5.8035409014,-55.8907,6883694.05,19.43,-64.8248,6.266330326882,0.88,-0.730575095835,32.096588284,燃气Ⅱ,2025-04-28,2024-03-31
900947,振华B股,0.031,8444849315.0,40.2871310552,-18.9714,169855818.0,31.13,-15.2215,2.928295434061,1.08,0.033690345184,10.6357894913,专用设备,2025-04-28,2024-03-31
874682,津移通信,0.17,111094648.16,,,25820219.26,,,,9.17,,40.2176163479,,2025-04-28,2024-03-31
874189,博威能源,-0.04,71122835.47,,-65.39,-2585639.23,,-108.4175,,-0.85,-0.714407233185,20.8827722796,,2025-04-28,2024-03-31
874159,邦特科技,0.34,199687713.82,,,18191442.05,,,5.745063230297,5.99,0.045945601301,15.4133575077,,2025-04-28,2024-03-31
873815,旭域股份,0.12,57580531.19,,-25.7686,7311325.74,,1048.6615,,3.58,0.247331181017,35.6086612372,,2025-04-28,2024-03-31
873809,温多利,0.26,54961479.74,69.4610967161,12.4449,12975639.86,747.7077293877,-2.3472,5.1869621932,5.13,0.1992960204,41.2390474515,,2025-04-28,2024-03-31
873476,网智股份,-0.24,15187177.4,-40.3092531135,,-7845812.36,-668.5441725401,,,-9.7,-0.947552153066,21.7836490802,,2025-04-28,2024-03-31
872663,丰源轮胎,0.05,450846364.28,,,62481716.91,,,,7.86,0.030439930311,16.6848301794,,2025-04-28,2024-03-31
833962,方富创投,-0.14,2099110.92,233.977400996,51.6501,-6435079.06,-126.95,-161.4536,2.641770832273,-5.04,0.206398153944,,,2025-04-28,2024-03-31
833565,方元企业,0.0113,5516153.5,12.4578533823,-37.3295,1030988.9,90.4,101.9485,1.449066386296,0.66,-0.021734608148,,,2025-04-28,2024-03-31
833502,ST联创集,-0.0047,1283342.46,94.5459358951,-81.9998,-5751203.66,-80.04,99.2049,0.204310665943,-2.28,-0.011018218165,,,2025-04-28,2024-03-31
833063,高华股份,-0.043,55461683.5,,,-4821970.12,,,,-2.34,0.01849012497,0.3199704892,,2025-04-28,2024-03-31
832905,信源小贷,0.02,6618214.4,-18.8344876577,-26.7852,4365377.14,-23.94,25.3986,1.20241420781,1.91,0.070874505786,,,2025-04-28,2024-03-31
830958,鑫庄农贷,0.0006,499900.21,-24.1070747161,791.745,2578.98,-98.09,100.0224,0.025395868046,0.01,0.001146553901,,,2025-04-28,2024-03-31
688702,盛科通信,-0.01,254278747.28,-13.61313542,58.7996,-6068799.04,-138.73,90.3698,5.783005240683,-0.26,-0.197992730317,37.9380633584,半导体,2025-04-28,2024-03-31
688695,中创股份,0.04,28528402.44,59.5566300137,-72.6426,2267336.51,1186.46,-95.9836,9.35059788708,0.57,-0.345758093655,85.2502730258,软件开发,2025-04-28,2024-03-31
688691,灿芯股份,0.62,340523987.91,-2.9007943103,1.1763,55693782.94,-3.51,87.4,9.746457212667,6.57,-0.731319268667,32.0104143967,半导体,2025-04-28,2024-03-31
688689,银河微电,0.13,194812529.92,32.5403488393,13.3878,17316318.22,46.52,21.1922,9.214155885836,1.31,-0.02030520481,27.3049246174,半导体,2025-04-28,2024-03-31
688665,四方光电,0.2,141871852.46,1.4045829265,-40.8338,19851687.19,-48.81,-36.8083,14.096438967714,2.03,-0.376935802,41.7377769891,通用设备,2025-04-28,2024-03-31
688633,星球石墨,0.2,117937954.77,9.1704855635,-45.4864,28372078.33,30.17,-15.0843,14.536808367925,1.84,-0.156074652722,41.1244482021,专用设备,2025-04-28,2024-03-31
688616,西力科技,0.1,106724363.93,99.3796879552,-49.5081,17178061.49,521.79,-31.4963,5.362464480133,2.11,0.011313265,36.7192126024,电网设备,2025-04-28,2024-03-31
688512,慧智微,-0.18,104771108.87,-12.7741124139,-32.0391,-81136545.62,-23.6885936786,17.6153,4.637706378049,-3.79,-0.180486467781,7.9737794322,半导体,2025-04-28,2024-03-31
688503,聚和材料,0.31,2953155555.36,65.5705713445,2.1428,75820998.98,-38.8,5826.513,28.390094786997,1.57,-7.740679897949,8.2478034372,光伏设备,2025-04-28,2024-03-31
688501,青达环保,0.05,148180425.93,93.2427753673,-71.3403,6302401.91,500.16,-90.4606,7.198994567607,0.71,-0.155415779672,35.3673818395,环保设备Ⅱ,2025-04-28,2024-03-31
688496,*ST清越,-0.02,163897012.75,-32.0030056122,25.1483,-8002875.66,-290.45,89.1661,2.441557460978,-0.71,-0.116923250889,12.4748640423,光学光电子,2025-04-28,2024-03-31
688328,深科达,-0.28,85854840.53,-42.5971665112,0.6289,-25823814.31,-46.05,53.8862,10.173310161488,-2.88,-0.429711324587,21.7783997321,专用设备,2025-04-28,2024-03-31
688258,卓易信息,0.14,70438700.11,8.8975523012,-19.3872,16923969.2,149.98,704.9589,11.990151771934,1.63,0.177790629925,43.5884339036,IT服务Ⅱ,2025-04-28,2024-03-31
688227,品高股份,-0.18,58212450.09,-0.5145399753,-83.3884,-20490160.27,-27.7081416511,-161.1151,12.214601651007,-1.47,-0.619929080797,37.9788792704,IT服务Ⅱ,2025-04-28,2024-03-31
688226,威腾电气,0.23,794936911.89,84.6752687227,-5.3649,35290582.0,165.64,-1.1464,6.855089197904,3.35,-1.213184701426,18.1341314429,电网设备,2025-04-28,2024-03-31
688197,首药控股,-0.36,,,,-53307597.39,-13.2094008351,-7.6456,6.506514494217,-5.36,-0.304269931383,,化学制药,2025-04-28,2024-03-31
688136,科兴制药,0.0624,360663523.23,11.7860141912,24.3506,12403443.45,241.4927600904,109.1218,8.132646904736,0.76,-0.031246653077,72.6383897639,生物制品,2025-04-28,2024-03-31
688113,联测科技,0.18,76423994.51,-1.5915917349,-49.0939,11422886.05,-1.83,-59.1129,13.823835608834,1.3,-0.22252040251,36.9772549723,专用设备,2025-04-28,2024-03-31
688092,爱科科技,0.2,91511758.19,32.2607546549,-27.5209,16283529.17,62.29,-29.4801,10.349528960409,2.69,0.054235394683,44.0713847463,专用设备,2025-04-28,2024-03-31
688087,英科再生,0.39,633138354.98,22.5442715672,0.4093,72304108.29,519.3,81.2875,12.297817354492,3.18,0.352492529368,26.5256719877,家居用品,2025-04-28,2024-03-31
688020,方邦股份,-0.18,67434073.96,-11.4465419438,-11.1119,-14203673.8,34.75,12.3992,18.184759291869,-0.97,-0.225790200104,29.0934529503,元件,2025-04-28,2024-03-31
688013,天臣医疗,0.14,60219598.04,1.2564548573,-16.2982,11352005.37,-2.97,-20.0527,6.810264691654,1.95,0.108343365214,58.5390538419,医疗器械,2025-04-28,2024-03-31
605566,福莱蒽特,0.11,219327418.16,-2.2115377347,-6.8659,15103617.9,0.89,174.2509,15.157180781386,0.62,0.369454105445,15.5526836937,化学制品,2025-04-28,2024-03-31
605378,野马电池,0.13,215233500.27,12.290934725,-7.2951,24079730.25,120.66,-17.0542,9.421322745988,1.94,-0.086577385931,21.0888148374,电池,2025-04-28,2024-03-31
605318,法狮龙,0.01,89005917.53,-5.918333183,-66.329,1732337.1,-13.85,122.7716,6.085454229982,0.22,-0.115660105671,26.7536790034,装修建材,2025-04-28,2024-03-31
605289,罗曼股份,0.17,120651371.34,13.8501179657,-41.1661,18175640.71,43.89,263.6492,12.22785334554,1.36,-0.967071191911,30.1242328921,专业工程,2025-04-28,2024-03-31
605099,共创草坪,0.3,688068012.56,23.1373989166,26.2149,121178382.38,29.35,53.4243,6.49662606621,4.76,0.05358902137,30.0773521574,家居用品,2025-04-28,2024-03-31
605077,华康股份,0.27,634815875.39,-2.3862022095,-14.2861,79998612.81,-11.15,-17.271,12.711421612215,2.55,-0.646760775695,24.0170722741,化学制品,2025-04-28,2024-03-31
603878,武进不锈,0.12,730054743.08,-15.8910742961,-8.1774,68028559.12,-6.33,-13.4991,5.072545282595,2.4,0.080220567125,18.3462108013,普钢,2025-04-28,2024-03-31
603757,大元泵业,0.25,276803997.31,-23.5128215962,-40.0966,40827155.86,-32.23,12.6077,9.900851853284,2.4,-0.172503342674,35.9143263089,通用设备,2025-04-28,2024-03-31
603656,泰禾智能,0.001,95027260.1,1.1002611177,-36.506,255968.15,108.11,102.1181,7.088653730999,0.02,-0.035095351743,43.1041783767,专用设备,2025-04-28,2024-03-31
603648,畅联股份,0.1118,422976981.5,4.6698824912,0.8873,40517503.26,-12.78,23.0341,5.199037631038,2.17,0.229072380887,20.091181638,物流,2025-04-28,2024-03-31
603602,纵横通信,-0.01,409133581.21,92.4049507367,-14.7403,-1223409.04,85.331470726,-116.3,3.474069553802,-0.16,-0.678515524382,15.0310881884,广告营销,2025-04-28,2024-03-31
603599,广信股份,0.25,1215462107.45,-36.8916089741,56.5102,225164722.64,-56.8,94.8984,10.665333425625,2.28,0.237012435578,31.9834691108,农化制品,2025-04-28,2024-03-31
603583,捷昌驱动,0.18,709126699.15,32.4519908466,-23.9634,69369220.43,420.77,295.7515,10.873669877838,1.67,0.402749069005,30.0429743677,自动化设备,2025-04-28,2024-03-31
603357,设计总院,0.21,813420464.67,19.5374524357,-39.8434,112098716.68,-9.34,-1.3087,6.291556963229,3.23,-0.969591173086,29.5064732921,工程咨询服务Ⅱ,2025-04-28,2024-03-31
603331,百达精工,0.15,373083732.25,7.8564593028,10.3101,29643087.75,-15.57,34.6605,6.494128432564,2.28,-0.293225924632,23.1893029933,通用设备,2025-04-28,2024-03-31
603194,中力股份,0.51,1393809430.53,,-3.4101,174862531.02,,-4.3199,,3.55,,28.4528671849,工程机械,2025-04-28,2024-03-31
603113,金能科技,-0.03,3386503062.85,-1.6068325789,-7.7266,-24312556.21,82.4762386562,-118.4573,10.023040765576,-0.28,-0.03402828216,2.3960237645,化学原料,2025-04-28,2024-03-31
603107,上海汽配,0.14,468711943.5,20.4312317127,-13.0276,46285190.05,17.45,28.7711,6.068506875421,2.29,0.037688230987,20.2640607941,汽车零部件,2025-04-28,2024-03-31
603096,新经典,0.2987,225398293.97,9.974686805,-7.5995,48541858.93,7.81,59.3749,12.282719403637,2.41,0.036362433358,48.4747447488,出版,2025-04-28,2024-03-31
603079,圣达生物,0.02,184829589.97,9.1865640278,0.8359,3813060.72,9.22,107.5693,7.274880490131,0.31,-0.045487845776,20.0818797932,化学制品,2025-04-28,2024-03-31
603072,天和磁材,0.16,557500626.58,-12.1584639708,-18.8265,31593624.84,-13.2188703541,-40.3094,,2.61,,14.9485620135,金属新材料,2025-04-28,2024-03-31
603067,振华股份,0.17,947844349.45,11.512661451,0.1876,85512448.06,-16.13,4.3338,5.651892205777,3.0,-0.112615629206,23.697376123,化学原料,2025-04-28,2024-03-31
603051,鹿山新材,0.27,555879052.95,-21.3733605131,-17.6604,24939392.72,171.1390381872,213.2114,13.520703836789,1.88,-2.274641940683,11.3175422416,化学制品,2025-04-28,2024-03-31
601800,中国交建,0.36,176904193700.0,0.1771997603,-16.1492,6140683103.0,10.0,-18.8346,16.862782177242,2.16,-2.434547678226,11.8965229692,基础建设,2025-04-28,2024-03-31
601022,宁波远洋,0.13,1167072448.15,4.3692778758,1.2784,166827983.5,6.32,44.9684,4.269261281533,3.03,0.280374447874,18.213734465,航运港口,2025-04-28,2024-03-31
600828,茂业商业,0.0337,822892307.59,-12.6717406324,12.9134,58435895.63,-44.95,143.1772,4.072826870768,0.83,0.23671199492,60.1055082224,一般零售,2025-04-28,2024-03-31
600798,宁波海运,-0.0204,453777457.04,1.953080286,-22.1273,-24587643.55,-705.0412242477,-129.8193,3.272495289506,-0.62,0.056777987108,-1.053731543,航运港口,2025-04-28,2024-03-31
600724,宁波富达,0.0468,556052061.25,-32.4021851678,-13.2048,67660184.12,8.94,-1.6007,2.048018942059,2.3117,-0.007381985064,21.1812183692,房地产服务,2025-04-28,2024-03-31
600716,凤凰股份,-0.0154,44346863.98,-79.4456648767,-87.9081,-14418252.15,-135.45,62.5195,5.43631470466,-0.28,0.010108436218,19.148034625,房地产开发,2025-04-28,2024-03-31
600671,天目药业,-0.0798,27735233.63,24.6364894835,-22.2479,-9722783.48,-7.3735517159,10.1169,0.225123374959,-30.1233,-0.029346004277,30.4183549796,中药Ⅱ,2025-04-28,2024-03-31
600558,大西洋,0.0335,984604630.59,10.442455216,32.6061,30034382.88,13.09,0.4391,2.544780801386,1.32,-0.041042585844,13.3776710324,通用设备,2025-04-28,2024-03-31
600540,新赛股份,0.0075,294850450.07,24.1301680873,-32.2384,4375529.24,50.01,-87.8562,1.262025355322,0.6,0.666445537298,1.7408449262,种植业,2025-04-28,2024-03-31
600468,百利电气,0.032,506187626.17,1.2069235475,0.5815,34774870.1,19.47,56.5923,1.925255674648,1.68,-0.06039248298,23.3388877982,电网设备,2025-04-28,2024-03-31
600320,振华重工,0.031,8444849315.0,40.2871310552,-18.9714,169855818.0,31.13,-15.2215,2.928295434061,1.08,0.033690345184,10.6357894913,专用设备,2025-04-28,2024-03-31
600076,康欣新材,-0.03,52505873.56,108.3497344828,-64.6849,-33648255.67,1.2119538268,78.7065,3.207370200124,-0.78,0.002435123924,-5.4944682459,包装印刷,2025-04-28,2024-03-31
430719,九鼎集团,-0.02,-94648976.48,-103.8069828497,-154.1546,-254018504.88,-114.54,76.8884,1.376483429161,-1.22,-0.009632943485,18.6293194583,,2025-04-28,2024-03-31
430558,均信担保,0.0213,32131438.75,15.2973078827,-31.0433,15244554.03,53.64,241.9951,1.586820497016,1.35,0.004843829002,,,2025-04-28,2024-03-31
400275,R工智1,0.0018,428186944.5,29.3388789369,-40.7686,1375494.49,30.94,100.3606,0.717753713811,0.25,-0.054154603447,11.8745375503,,2025-04-28,2024-03-31
400084,乐视网3,-0.019,36130074.24,-15.9593437671,-65.1555,-75608923.44,30.69,87.1949,-5.412422594162,,-0.011456610429,25.4711910606,,2025-04-28,2024-03-31
301665,泰禾股份,0.13,871289579.19,,2.9772,52029058.53,,1.5747,,1.87,,18.9540259994,农化制品,2025-04-28,2024-03-31
301601,惠通科技,0.1255,80164505.43,,-61.1679,13224827.01,,-54.2345,,1.62,,42.6228819684,专用设备,2025-04-28,2024-03-31
301591,肯特股份,0.24,97848124.48,-0.1857653692,3.9565,17049029.32,-11.11,5.7254,10.060988807061,2.87,0.137634680338,40.3191868926,塑料,2025-04-28,2024-03-31
301559,中集环科,0.09,619358847.22,-56.3418137998,-25.1343,52033709.0,-76.69,-52.3873,7.863481048517,1.11,0.134793313717,17.2920811434,通用设备,2025-04-28,2024-03-31
301550,斯菱智驱,0.43,163241809.15,11.950992341,-21.5804,47021068.43,101.38,9.4862,14.916004447455,2.9,0.226271848091,33.4740937046,汽车零部件,2025-04-28,2024-03-31
301533,威马农机,0.168,177216289.64,2.9658191839,-5.3202,16553657.39,18.99,-8.4706,11.527830195704,1.47,-0.045713771289,17.3330822648,专用设备,2025-04-28,2024-03-31
301519,舜禹股份,0.03,124062121.18,19.8925678908,-35.6452,4961835.96,24.44,-67.0564,9.270544652412,0.33,-1.086626937074,35.5015080196,环境治理,2025-04-28,2024-03-31
301502,华阳智能,0.1724,110020745.9,2.3172249792,0.391,7788852.53,-42.47,-54.9053,14.526190962362,1.1,0.124185596188,20.9906357852,电机Ⅱ,2025-04-28,2024-03-31
301479,弘景光电,0.6499,197427517.16,,8.6435,30976082.33,,17.0308,,7.05,,30.5753987126,光学光电子,2025-04-28,2024-03-31
301393,昊帆生物,0.28,91229728.71,-27.1386246206,7.1325,29828839.74,-17.8,48.5955,20.671700546019,1.34,0.215701805278,38.0341565196,生物制品,2025-04-28,2024-03-31
301388,欣灵电气,0.04,90518896.23,3.8186951542,-21.5612,3921207.28,-80.06,-48.1288,9.698109709354,0.4,-0.012939610786,19.6477109871,电网设备,2025-04-28,2024-03-31
301382,蜂助手,0.1917,345940018.63,64.0008923605,-7.0884,32510969.82,10.61,-37.6688,10.115793632182,1.91,-0.862321692082,20.9782944533,通信服务,2025-04-28,2024-03-31
301380,挖金客,0.18,186609375.11,14.8739733486,-35.9142,12491254.62,-8.77,-33.7632,10.176040850778,1.41,-0.479577335787,14.4795828688,通信服务,2025-04-28,2024-03-31
301366,一博科技,0.1101,182486204.08,3.2040353584,-11.67,16489472.09,-26.53,-32.1815,14.548804210541,0.74,0.074774284902,33.2823565793,元件,2025-04-28,2024-03-31
301355,南王科技,0.09,302454736.84,23.0488894573,1.6259,18468365.84,6.32,17.8313,7.891308707851,1.21,0.200525456631,16.9237111592,包装印刷,2025-04-28,2024-03-31
301333,诺思格,0.24,177331193.71,10.1897387307,-9.8498,23048890.81,-19.95,-37.1542,18.482316871771,1.31,0.24269121125,37.8387356709,医疗服务,2025-04-28,2024-03-31
301315,威士顿,0.0865,59597758.93,-16.705665178,-51.0763,7610935.53,-14.06,-76.3643,11.562918367614,0.75,-0.25671382125,31.836651194,软件开发,2025-04-28,2024-03-31
301308,江波龙,0.93,4452881764.98,200.5433671892,25.5675,384102977.78,236.93,598.1479,15.701696138194,6.1,-1.876338356166,24.3933712427,半导体,2025-04-28,2024-03-31
301276,嘉曼服饰,0.49,287640604.12,-2.1757187177,-33.9127,53153456.08,-17.51,1.0689,19.107023326852,2.61,0.510801005556,62.6129569958,服装家纺,2025-04-28,2024-03-31
301267,华厦眼科,0.19,978184584.19,5.0916271221,7.4579,155917808.87,3.75,43.6443,6.737405174893,2.76,0.210568663405,48.9663403924,医疗服务,2025-04-28,2024-03-31
301237,和顺科技,-0.01,100148371.4,52.3816899663,-9.243,-984997.74,-140.75,81.823,17.918364984,-0.07,0.142358668375,9.2655002975,塑料,2025-04-28,2024-03-31
301211,亨迪药业,0.13,138059120.72,-28.5729749259,14.4957,37381597.2,-6.37,18.2916,8.315749590764,1.57,0.049760681563,37.9162687166,化学制药,2025-04-28,2024-03-31
301209,联合化学,0.1753,129385035.56,26.832868061,7.7676,14022784.51,46.99,44.4273,8.78236958225,2.02,0.037450479125,18.3984872261,化学制品,2025-04-28,2024-03-31
301207,华兰疫苗,0.0643,34222695.9,-76.3593540007,-95.0557,38589463.38,-58.93,-83.2405,10.511756717299,0.61,0.160711117439,90.0499872367,生物制品,2025-04-28,2024-03-31
301197,工大科雅,0.01,48346419.56,10.111939816,-74.5263,1305294.29,10.68,-97.0447,11.048302134727,0.1,-0.556489995935,35.2419174472,通用设备,2025-04-28,2024-03-31
301176,逸豪新材,-0.0108,307552799.57,4.1181562025,-5.0204,-1822501.71,34.37,89.7972,9.334270612018,-0.11,-0.272371806738,2.4524334262,元件,2025-04-28,2024-03-31
301169,零点有数,-0.23,46021955.98,0.4886172966,-78.0153,-16199164.64,-43.96,38.5087,7.871842617891,-2.6,-0.4538052482,31.4889241481,专业服务,2025-04-28,2024-03-31
301160,翔楼新材,0.65,350432761.36,35.3849232146,-13.7446,50662761.03,26.96,-20.0065,19.770941439127,3.22,0.351517631101,25.0647111158,通用设备,2025-04-28,2024-03-31
301148,嘉戎技术,0.1098,107280932.12,-19.9625218424,-19.9029,12792693.88,-33.28,1467.7924,15.155973043101,0.73,-0.182264112543,41.4190319397,环境治理,2025-04-28,2024-03-31
301127,武汉天源,0.05,242707207.99,-7.8557702843,-68.7323,26634001.07,5.24,-75.5396,5.664018714337,1.03,-0.215970577945,32.723471708,环境治理,2025-04-28,2024-03-31
301125,腾亚精工,-0.0499,138329770.23,36.6373724115,21.1192,-5053261.9,-156.42,76.5941,5.664062678078,-0.87,-0.587941720205,21.0075116381,通用设备,2025-04-28,2024-03-31
301099,雅创电子,0.18,613047363.27,36.9146238146,-24.8473,18159321.54,70.23,15.336,12.537723330875,1.66,0.10956008225,19.059484531,其他电子Ⅱ,2025-04-28,2024-03-31
301097,天益医疗,0.0917,96914552.27,9.3930480559,-8.2701,5406482.66,-60.88,112.6836,21.549027043243,0.42,0.271293097429,35.8055354405,医疗器械,2025-04-28,2024-03-31
301093,华兰股份,0.082,126555144.11,-19.0517913094,-25.1899,10679390.41,-67.88,-62.6877,18.001416324922,0.45,0.506245135172,37.7437854746,医疗器械,2025-04-28,2024-03-31
301092,争光股份,0.2,118104468.14,0.2318998014,-12.0751,26177483.07,26.81,7.8888,13.779059789331,1.43,0.129376085375,32.2863228043,塑料,2025-04-28,2024-03-31
301083,百胜智能,0.0613,79157516.38,3.2138264455,-28.9762,10906463.03,72.67,297.4341,4.633382023401,1.33,0.074641648792,25.2204543965,专用设备,2025-04-28,2024-03-31
301082,久盛电气,0.0283,379622224.78,3.3524139747,-27.2011,6394658.61,14.15,245.027,6.779034411384,0.29,-0.072923419269,12.3273172289,电网设备,2025-04-28,2024-03-31
301081,严牌股份,0.07,171437990.94,-0.5244034559,-7.3019,14487741.24,47.35,-34.7824,4.864096734341,1.47,0.025359093426,32.0917684571,环保设备Ⅱ,2025-04-28,2024-03-31
301060,兰卫医学,0.0027,436441198.76,5.7813630047,7.8985,1071720.66,-95.0,100.7616,4.434905363967,0.06,-0.096718846815,21.9054060299,医疗服务,2025-04-28,2024-03-31
301057,汇隆新材,0.07,156646636.98,-1.1337571043,-33.1636,8526281.9,-9.78,-24.4291,6.522897831934,1.1,-0.215954541459,14.3099149156,化学纤维,2025-04-28,2024-03-31
301045,天禄科技,0.05,151949723.21,11.712909811,4.1557,5150126.57,21.82,194.5542,8.947641558352,0.52,-0.001350005953,17.4702217281,光学光电子,2025-04-28,2024-03-31
301028,鼎熔岩,0.13,282431828.56,24.2555166863,27.9831,51134402.76,32.93,62.0513,3.593223915342,3.85,0.036140303184,31.5659659198,通用设备,2025-04-28,2024-03-31
301009,可靠股份,0.0674,282967455.35,-11.2382653802,3.0036,18331987.65,65.19,361.1977,5.006139310123,1.33,0.050508344479,20.3899986833,个护用品,2025-04-28,2024-03-31
301006,迈拓股份,0.0544,50239242.13,-49.6183713566,-49.5222,7578861.61,-81.62,-67.7371,8.872885358989,0.62,-0.087514594845,48.9144493191,通用设备,2025-04-28,2024-03-31
300989,蕾奥规划,0.02,86227114.27,-0.2127110443,-54.3922,3479468.79,-8.45,-84.1159,6.45239747064,0.33,-0.586791874198,46.5596765819,工程咨询服务Ⅱ,2025-04-28,2024-03-31
300988,津荣天宇,0.14,409172769.41,26.358355019,0.0234,19280826.69,13.86,-27.4598,8.328296767059,1.66,-0.055928897791,19.9273777963,专用设备,2025-04-28,2024-03-31
300987,川网传媒,0.01,47359483.62,7.5511570999,-43.4315,2015956.5,-67.79,-83.9289,4.686886562399,0.25,-0.126232518112,29.4794348309,数字媒体,2025-04-28,2024-03-31
300982,苏文电能,0.28,497000499.23,-14.422604002,-34.518,51445315.74,-46.46,152.9779,15.1569170237,1.65,-0.372509342612,17.3696960151,基础建设,2025-04-28,2024-03-31
300977,深圳瑞捷,0.02,77063590.44,-14.1616848131,-46.0053,3158732.08,-54.41,280.3335,9.299863656009,0.22,-0.290637185333,27.2267979602,工程咨询服务Ⅱ,2025-04-28,2024-03-31
300968,格林精密,0.02,235283890.71,-17.9163027267,-15.8564,8232474.15,174.96,128.2647,4.51314193258,0.44,0.020424560695,20.3773484982,消费电子,2025-04-28,2024-03-31
300960,通业科技,-0.03,59143289.6,49.5584881601,-58.2847,-3387825.61,49.06,-117.0623,6.189030754183,-0.53,0.263950044758,35.3827351531,轨交设备Ⅱ,2025-04-28,2024-03-31
300953,震裕科技,0.51,1442965206.55,34.906664216,-17.2164,52457241.26,232.56,534.5672,23.252403027742,2.0,-1.949631699938,12.5598554599,电池,2025-04-28,2024-03-31
300947,德必集团,0.0588,313239389.74,31.0490959243,-7.5011,8832356.1,256.2,48.6661,8.257225747176,0.68,1.277318356271,35.343997826,一般零售,2025-04-28,2024-03-31
300929,华骐环保,-0.07,38595198.13,-54.0215937537,-46.3916,-8959141.19,-302.15,14.5952,6.326317791907,-1.07,-0.189121784954,28.8078731,环境治理,2025-04-28,2024-03-31
300919,中伟新材,0.4,9292228538.39,17.5815968809,14.9659,379138599.25,11.19,-32.3013,30.304829417612,1.89,1.166932722216,13.5181935803,电池,2025-04-28,2024-03-31
300915,海融科技,0.3997,254231727.87,5.8421382583,2.7777,35970313.09,52.99,53.4489,17.111368465556,2.36,-0.146699288111,38.0396110982,饮料乳品,2025-04-28,2024-03-31
300905,宝丽迪,0.15,326533513.39,76.8034293406,-12.28,25812615.7,99.97,2.1598,10.445171242097,1.42,-0.023157215657,18.331499759,化学纤维,2025-04-28,2024-03-31
300904,威力传动,-0.11,28695036.47,-70.1490328856,-79.0818,-7773412.58,-292.05,-147.3731,11.527072514667,-0.93,-0.613834964567,-8.7670646895,风电设备,2025-04-28,2024-03-31
300900,广联航空,0.14,223510292.61,41.6904976061,14.5964,30504224.56,20.77,251.7244,6.923264825355,1.99,-0.851869931596,38.6781015677,航空装备Ⅱ,2025-04-28,2024-03-31
300868,杰美特,0.0718,211011725.88,129.9863995999,0.7751,9019110.62,196.28,113.0465,11.975977727422,0.59,0.420003918438,22.1411644804,消费电子,2025-04-28,2024-03-31
300862,蓝盾光电,0.07,117655668.13,4.9125174382,-46.202,9082412.65,13.73,-60.2055,15.305851111774,0.45,-0.404947292685,32.478226436,通用设备,2025-04-28,2024-03-31
300859,西域旅游,-0.08,16359234.75,44.4193306078,-55.4435,-11978140.66,7.81,37.3689,4.551966774387,-1.68,-0.071662126516,-19.9214139891,旅游及景区,2025-04-28,2024-03-31
300854,中兰环保,-0.06,80541900.43,18.6903705273,-74.2791,-5683054.45,-991.33,-151.3214,9.696434275045,-0.58,-0.070878407175,15.0980355754,环境治理,2025-04-28,2024-03-31
300843,胜蓝股份,0.15,287335312.27,2.9243757164,-3.2785,21773870.34,14.66,350.7764,7.311400329228,1.92,0.092357975536,25.4462987484,消费电子,2025-04-28,2024-03-31
300835,龙磁科技,0.2562,253457727.32,-2.3229660651,-12.8899,30778517.19,101.12,255.7656,8.976878785573,2.64,0.214654907815,30.8209555203,金属新材料,2025-04-28,2024-03-31
300815,玉禾田,0.3705,1701833770.84,20.0638623269,1.0399,147680676.89,5.59,139.5842,9.456539650721,4.0,-0.1002093395,23.3055962442,环境治理,2025-04-28,2024-03-31
300813,泰林生物,0.05,80006616.11,1.342760231,19.8808,5873080.66,-66.58,457.4605,5.381584168501,0.9,-0.057919366462,44.8916501113,专用设备,2025-04-28,2024-03-31
300797,钢研纳克,0.0324,204384749.24,15.4969147357,-37.2296,12065700.43,22.53,-72.5062,2.784667706218,1.14,-0.349866049246,43.0480522041,专业服务,2025-04-28,2024-03-31
300792,壹网壹创,0.12,282061351.69,1.215232566,-28.3363,29278802.45,-31.29,612.1212,11.899970993142,1.04,0.073245179141,32.2978668202,互联网电商,2025-04-28,2024-03-31
300782,卓胜微,0.3705,1189624929.96,67.1625958505,-8.8013,197772186.73,69.83,-34.8122,18.760845158858,2.0,0.142480204114,42.7749872766,半导体,2025-04-28,2024-03-31
300780,德恩精工,-0.14,117823888.11,11.473772635,-8.058,-20595423.93,-374.49,21.674,7.950076120475,-1.75,-0.027175571555,4.2924503606,通用设备,2025-04-28,2024-03-31
300771,智莱科技,0.04,77131212.41,4.8331963913,-57.5935,8793819.06,198.03,-76.756,8.046381174625,0.44,0.1268679255,18.7423639255,计算机设备,2025-04-28,2024-03-31
300766,每日互动,-0.0097,100148325.59,-6.5707876988,-16.5339,-3788616.06,-329.07,92.4903,4.060604903423,-0.23,-0.12450734015,77.8708361628,软件开发,2025-04-28,2024-03-31
300759,康龙化成,0.13,2670740738.16,-1.9541402162,-10.3098,230557834.7,-33.8,-50.102,7.032049455448,1.83,0.41716066121,32.6556944917,医疗服务,2025-04-28,2024-03-31
300748,金力永磁,0.08,1536247143.43,-6.9272192893,-6.1815,101692621.31,-42.93,46.4733,5.30370980253,1.42,-0.457462229232,10.0389510288,金属新材料,2025-04-28,2024-03-31
300747,锐科激光,0.1132,801155405.81,1.944695493,-26.9464,63581496.34,44.3,40.7293,5.817025106172,1.96,-0.036645220004,24.6475423916,自动化设备,2025-04-28,2024-03-31
300732,设研院,-0.11,324158795.23,-26.9303400853,-61.8312,-34486022.12,-182.95,-283.8508,8.712460247235,-1.19,-0.312169210233,25.5273147722,工程咨询服务Ⅱ,2025-04-28,2024-03-31
300729,乐歌股份,0.26,1121581641.35,40.8301818278,-7.7921,79851037.11,-79.89,-31.6922,9.834687811817,2.6,0.386043817865,31.2940589093,家居用品,2025-04-28,2024-03-31
300719,安达维尔,0.0214,96752381.12,-3.2514870113,-77.8317,5449398.07,751.35,-94.2249,4.281869823989,0.5,-0.296145650233,43.7999741499,航空装备Ⅱ,2025-04-28,2024-03-31
300712,永福股份,0.0972,432997383.95,27.0350440516,-46.8222,18238742.78,4.5,-23.797,7.455271618832,1.3,-0.671964772702,20.2456088372,专业工程,2025-04-28,2024-03-31
300706,阿石创,-0.02,268777928.71,28.8867911833,3.5329,-3204815.3,-5.4,-108.4015,4.911526226797,-0.43,0.201726864472,7.3228169867,半导体,2025-04-28,2024-03-31
300686,智动力,-0.1376,323103556.83,9.58499671,-18.3798,-35860922.43,20.11,51.9113,4.384483587906,-3.03,0.203341724272,4.8108287487,消费电子,2025-04-28,2024-03-31
300682,朗新科技,-0.018,667505407.63,2.269449307,-68.6136,-19227215.14,-195.8,-104.8182,6.979409409481,-0.25,-0.19077567176,45.2067933564,IT服务Ⅱ,2025-04-28,2024-03-31
300667,必创科技,-0.02,157094481.31,-24.7094753202,-52.2054,-3540436.54,-124.68,-116.8673,6.28979904006,-0.28,-0.113819899509,32.3738617524,通用设备,2025-04-28,2024-03-31
300665,飞鹿股份,-0.0715,68255011.66,-35.683122397,-78.0016,-13556949.87,-471.27,-137.6896,2.683301691926,-2.47,-0.231320180597,11.0530921415,化学制品,2025-04-28,2024-03-31
300660,江苏雷利,0.2304,721648380.42,2.45568617,-13.0786,73038449.66,1.85,12.1869,10.666648837348,2.18,0.393744367655,29.8615541539,电机Ⅱ,2025-04-28,2024-03-31
300652,雷迪克,0.32,150719925.58,17.764826349,-20.3754,32892322.17,95.97,19.9815,13.203097092508,2.46,0.265953836817,35.4862123732,汽车零部件,2025-04-28,2024-03-31
300650,太龙股份,0.03,734364096.46,36.9150832832,-10.7215,7391394.75,44.21,-51.9283,5.517283043585,0.62,-0.173073823903,7.031705602,其他电子Ⅱ,2025-04-28,2024-03-31
300645,正元智慧,-0.07,191397876.35,15.8386134869,-60.298,-10501618.42,-26.49,-193.4295,7.172795918877,-0.95,-1.059055320975,41.953091712,计算机设备,2025-04-28,2024-03-31
300644,南京聚隆,0.2131,448876171.94,39.6379674958,-23.1044,22857761.18,87.52,18.7099,8.213962960238,2.6,0.321661568145,14.2344664886,塑料,2025-04-28,2024-03-31
300642,透景生命,-0.0277,93072134.17,-23.6142136587,-34.2835,-4487874.4,-140.33,-109.6531,9.269239629146,-0.3,0.17770944946,60.3249392643,医疗器械,2025-04-28,2024-03-31
300624,万兴科技,0.14,357895828.37,0.8952216949,-7.0914,25649765.62,22.99,21.3459,9.828123108412,1.92,-0.057690062432,94.5012983304,软件开发,2025-04-28,2024-03-31
300605,恒锋信息,-0.0341,65749395.16,-38.1833083422,-16.5564,-5604549.1,-233.65,-42736.8378,3.364856786058,-0.97,-0.224957756303,33.4699868895,软件开发,2025-04-28,2024-03-31
300588,熙菱信息,-0.0781,28796925.51,-14.2971573852,-39.8875,-14947213.89,-503.81,-122.6956,1.916918790848,-3.97,-0.258614612456,30.829533406,计算机设备,2025-04-28,2024-03-31
300564,筑博设计,-0.33,66868636.37,-48.9192524094,-68.9677,-53495586.49,-262.7717144084,-256.2335,7.946612637848,-4.01,-0.431308041415,-30.9607022273,工程咨询服务Ⅱ,2025-04-28,2024-03-31
300554,三超新材,0.0327,111457656.75,6.6111154828,-8.1217,3735485.59,280.08,76.5581,7.138683700427,0.46,-0.457427346354,21.4570405635,通用设备,2025-04-28,2024-03-31
300545,联得装备,0.26,348932656.38,30.6088610169,8.5274,45733397.68,11.25,-7.7411,9.424363726645,2.71,-0.52029717406,31.0187097914,光学光电子,2025-04-28,2024-03-31
300541,先进数通,-0.01,378797773.66,2.2835316513,-67.5642,-3037167.61,-139.73,-105.4681,4.958122088452,-0.19,-0.460647969047,17.1995240945,IT服务Ⅱ,2025-04-28,2024-03-31
300536,农尚环境,0.0458,37564048.11,-36.5846286786,488.4933,13443877.74,215.55,144.9703,2.096462625851,2.21,0.017684441225,67.7640290404,IT服务Ⅱ,2025-04-28,2024-03-31
300519,新光药业,0.14,100545259.3,8.936983059,85.2143,22830341.36,-25.01,303.5974,5.415899171063,2.67,0.24294689525,37.5277375708,中药Ⅱ,2025-04-28,2024-03-31
300514,友讯达,0.1498,189565187.1,0.1981390198,-25.9992,29961671.32,37.95,1.026,4.56839063315,3.33,-0.18145805745,40.8421820454,电网设备,2025-04-28,2024-03-31
300511,雪榕生物,0.01,603985503.43,-28.3027761043,-2.8429,5240339.19,-97.65,108.7267,2.986176854596,0.34,0.1596300582,12.9767593104,种植业,2025-04-28,2024-03-31
300506,名家汇,0.02,24788957.08,-12.6836557658,90.172,11252968.55,-29.05,104.1942,0.223350097131,7.52,-0.000644019738,18.2046070976,装修装饰Ⅱ,2025-04-28,2024-03-31
300494,盛天网络,0.0291,253521197.27,-40.9561345225,2.8425,14242085.07,-80.63,248.1426,3.534495027199,0.83,-0.172257160169,18.6419051105,游戏Ⅱ,2025-04-28,2024-03-31
300493,润欣科技,0.02,552953611.45,33.639656365,-9.3078,12161447.5,52.85,244.8543,2.125741100912,1.14,0.092716161311,10.2247581408,其他电子Ⅱ,2025-04-28,2024-03-31
300453,三鑫医疗,0.1032,331158893.25,21.3396244432,-10.5218,53618659.09,19.72,-17.7925,2.420563952865,4.26,0.068157738174,34.7999810903,医疗器械,2025-04-28,2024-03-31
300451,创业慧康,0.01,375491442.27,7.7647015274,-18.1845,12359662.56,19.03,122.5988,2.986143281034,0.27,-0.129521490985,51.6122886419,软件开发,2025-04-28,2024-03-31
300446,航天智造,0.1977,1895881137.92,70.138938152,15.6964,167123862.92,295.34,-7.4623,5.562891038714,3.62,-0.041163709408,18.4818409879,汽车零部件,2025-04-28,2024-03-31
300443,金雷股份,0.0899,255483145.24,-41.56410071,-58.0867,29246775.94,-70.8,-65.541,18.890956625076,0.48,-0.015591050718,23.9085371102,风电设备,2025-04-28,2024-03-31
300428,立中集团,0.44,5966821005.81,16.4862552032,-4.3397,274308729.8,132.47,43.3926,10.812837869408,4.04,-0.680323946816,9.6623307464,汽车零部件,2025-04-28,2024-03-31
300427,红相股份,-0.0906,64961424.8,-80.114457476,-80.1228,-32788141.41,-177.4,92.036,2.524904146585,-3.46,-0.032672188591,34.5625732489,电网设备,2025-04-28,2024-03-31
300423,昇辉科技,0.01,266878959.1,-56.3154257935,24.9039,5115858.22,-90.14,100.4276,2.956983676391,0.16,-0.068381335467,17.7092583879,电网设备,2025-04-28,2024-03-31
300419,ST浩丰,-0.0097,57211716.08,-47.8435263313,-55.925,-3572843.92,-53.71,97.9635,1.214220972745,-0.8,-0.150902943592,39.6833279013,IT服务Ⅱ,2025-04-28,2024-03-31
300380,安硕信息,0.0186,137529749.32,10.0331340069,-62.7404,2575047.64,119.32,121.4519,2.660016830584,0.7,-1.046533107747,33.1890364781,软件开发,2025-04-28,2024-03-31
300341,麦克奥迪,0.0615,298315173.81,-14.4355612673,-11.4747,31797928.74,-18.35,-35.2915,3.324726359216,1.87,0.153065459751,40.9263602755,电网设备,2025-04-28,2024-03-31
300338,*ST开元,-0.02,37932332.39,-64.6508981835,-22.259,-6894717.75,-259.76,97.1528,-0.29644888918,,0.023400475619,51.8556177294,教育,2025-04-28,2024-03-31
300322,硕贝德,-0.02,365400111.63,4.3759847917,-15.2086,-8250756.6,69.3,78.7517,2.20180940482,-0.8,0.068938742712,23.5138201619,消费电子,2025-04-28,2024-03-31
300314,戴维医疗,0.1323,155328964.53,-1.6050616397,-2.5152,38107228.76,-23.81,53.5616,4.171681076667,3.22,-0.035871665035,58.5259692583,医疗器械,2025-04-28,2024-03-31
300311,ST任子行,-0.1038,24405098.96,-57.5709922469,-92.6052,-69928756.03,-19.64,-309.9771,0.951670317028,-9.96,-0.159125929785,50.1280745473,软件开发,2025-04-28,2024-03-31
300305,裕兴股份,-0.1679,272904269.36,-45.572393189,8.1714,-57419577.8,-379.71,-63.2649,6.679581646665,-2.55,0.064055040954,-10.277887369,塑料,2025-04-28,2024-03-31
300301,ST长方,-0.0041,136962605.53,-8.7475527885,47.6599,-3275223.3,82.42,94.6349,0.061161128146,-6.56,-0.018268374161,29.3945601898,光学光电子,2025-04-28,2024-03-31
300300,海峡创新,-0.04,22874538.73,4.4440251318,-47.3907,-28346980.33,-52.66,85.5405,0.239514049445,-16.22,-0.031636191448,-13.2259855191,IT服务Ⅱ,2025-04-28,2024-03-31
300291,百纳千成,0.0037,49713427.96,16.0231138841,-79.9496,3523995.35,124.86,102.2824,3.823318470255,0.1,-0.117213720517,8.1909591374,影视院线,2025-04-28,2024-03-31
300275,梅安森,0.0411,92524563.14,11.9689715784,-31.7773,12398443.78,35.8,34.3828,2.772564850462,1.46,-0.022719096271,41.818008988,计算机设备,2025-04-28,2024-03-31
300266,兴源环境,-0.0129,174145119.85,9.6410523909,353.8099,-20034000.91,74.8,97.2548,0.167143067747,-7.45,0.006381796533,13.0622786671,环境治理,2025-04-28,2024-03-31
300230,永利股份,0.043,425023696.51,22.3101955028,-25.1859,35071627.62,67.13,-82.2254,3.744462461177,1.15,0.091334269211,31.2055971912,塑料,2025-04-28,2024-03-31
300220,金运激光,0.0207,70895408.54,-0.5683801637,15.4098,3125327.97,213.38,119.6227,0.41662206336,5.09,0.051545892526,29.2707424745,自动化设备,2025-04-28,2024-03-31
300218,安利股份,0.193,540861537.4,24.6144076211,-4.953,41271564.21,394.11,41.3727,6.015482895058,3.21,-0.276914353118,27.6059109764,塑料,2025-04-28,2024-03-31
300196,长海股份,0.12,580956061.58,-3.6692369576,-6.1408,50793526.07,-37.56,523.0018,10.796915849693,1.13,0.130346108765,21.5537974041,玻璃玻纤,2025-04-28,2024-03-31
300195,长荣股份,0.01,342129866.77,-1.134121787,-16.3452,2786555.55,-58.66,-92.0266,6.277129224875,0.1,0.019230783642,29.6916382627,专用设备,2025-04-28,2024-03-31
300166,东方国信,0.0,529385408.29,5.5851709398,-43.0586,4177812.64,-90.91,100.8415,5.222714483165,0.07,-0.246315855095,35.369061823,IT服务Ⅱ,2025-04-28,2024-03-31
300165,天瑞仪器,-0.02,136466186.01,-29.169563656,-63.6317,-8478825.34,-195.47,93.2564,2.778017540776,-0.61,-0.034400704988,40.3843599293,通用设备,2025-04-28,2024-03-31
300162,雷曼光电,0.0048,303928684.74,13.133337431,6.6849,2013345.99,211.91,103.2325,2.343824351804,0.19,0.015268031732,24.3601810416,光学光电子,2025-04-28,2024-03-31
300159,新研股份,-0.0437,31243770.64,-49.1678112606,-91.1566,-65433846.01,-9.48,-77.2964,-0.021144085282,,0.008206075229,10.5176901273,专用设备,2025-04-28,2024-03-31
300154,瑞凌股份,0.07,268996634.24,-8.1126124268,4.0276,30822082.17,-18.84,55150.212,3.821246975585,1.79,-0.001331168214,23.6334504443,通用设备,2025-04-28,2024-03-31
300148,天舟文化,-0.001,48934354.37,-6.8419771363,-76.0805,-534783.81,86.88,98.8141,1.111634019517,-0.06,-0.093694645902,47.2623273521,出版,2025-04-28,2024-03-31
300140,节能环境,0.0634,1424697875.97,-5.676193216,-0.1247,197504914.1,15.21,819.4245,4.298906221368,1.49,0.098086111896,36.6872279903,环境治理,2025-04-28,2024-03-31
300129,泰胜风能,0.0585,656936699.24,-18.3779185466,-64.2042,54653890.26,-39.69,-2.8968,4.655544340184,1.26,-0.897861266218,19.9999693779,风电设备,2025-04-28,2024-03-31
300126,锐奇股份,0.0,116645047.7,0.9268129715,17.553,384823.3,125.25,119.1932,3.533949546976,0.04,-0.157851883881,13.9031667266,通用设备,2025-04-28,2024-03-31
300112,万讯自控,-0.0204,191418346.78,-5.2542621419,-48.923,-5197186.96,-152.09,71.7837,3.853392720559,-0.44,-0.020083877337,46.1342528109,通用设备,2025-04-28,2024-03-31
300075,数字政通,0.091,294260848.44,8.1461648682,97.6977,56535278.46,12.53,217.8263,6.612932769463,1.38,-0.165472507262,44.107810736,软件开发,2025-04-28,2024-03-31
300055,万邦达,0.0293,704942186.69,-6.6197626381,27.0897,24525679.57,4.42,110.4889,6.166193652477,0.48,0.10704645056,4.0694889413,炼化及贸易,2025-04-28,2024-03-31
300050,世纪鼎利,-0.004,71536000.02,2.9205331343,-10.2821,-2020329.05,84.25,98.9966,0.88100405096,-0.43,-0.111049203218,33.1797112969,通信服务,2025-04-28,2024-03-31
300043,星辉娱乐,-0.08,302205055.92,-5.9998034237,13.2393,-96740009.42,-133.54,-227.2253,1.459478017638,-5.13,0.007626252857,27.6377016744,游戏Ⅱ,2025-04-28,2024-03-31
300041,回天新材,0.1404,969590616.62,-10.0320275559,19.078,79366263.18,-33.9,2577.3012,4.945726486184,2.74,0.157852704382,19.4727716619,化学制品,2025-04-28,2024-03-31
300026,红日药业,0.02,1463378271.09,-11.7950314403,23.344,58120874.65,-66.87,2378.8885,2.918545421625,0.67,0.045810931509,51.2618136042,中药Ⅱ,2025-04-28,2024-03-31
300021,大禹节水,0.0105,462851953.0,1.1941714953,-71.2355,8890538.05,-12.6,-35.8521,2.185082071566,0.44,-0.31129956536,25.8686549088,农业综合Ⅱ,2025-04-28,2024-03-31
300001,特锐德,0.06,2031837881.92,2.7637693639,-50.5887,61595699.07,203.18,-77.1234,6.231241944143,0.93,-0.522477707232,23.1115547928,电网设备,2025-04-28,2024-03-31
200761,本钢板B,-0.219,14841663989.2,-5.9716407913,3.4566,-900193069.81,-2005.49,-82.2962,3.689392356817,-5.37,0.123517226946,-2.8831746021,普钢,2025-04-28,2024-03-31
200596,古井贡B,3.91,8286316919.2,25.8539289202,92.6667,2065836404.82,31.61,166.0346,44.597829421075,9.16,4.64249211975,80.3495885435,白酒Ⅱ,2025-04-28,2024-03-31
200045,深纺织B,0.041,761350922.92,12.0777540892,-0.1236,20777352.85,58.5,63.8121,5.731071179518,0.72,0.062461766008,12.7975192249,光学光电子,2025-04-28,2024-03-31
200029,深深房B,0.0019,59214773.99,-45.7519177216,-66.464,1896582.37,105.32,100.8846,3.651757805864,0.05,-0.089235872507,18.6581853574,房地产开发,2025-04-28,2024-03-31
200012,南玻B,0.11,3947220433.0,-3.0327497989,-16.2825,325377538.0,-17.92,72.2099,4.680877220231,2.29,0.058718063458,21.1721811382,玻璃玻纤,2025-04-28,2024-03-31
003038,鑫铂股份,0.17,1767721956.13,42.1040425617,-16.1417,41065454.75,56.72,-54.8656,17.19223719696,1.33,0.14523306709,9.2572243176,工业金属,2025-04-28,2024-03-31
003036,泰坦股份,0.1,370047895.29,17.4948361565,27.6546,20525747.32,2.42,90.7473,6.3984075225,1.61,-0.16573407287,17.2237456019,专用设备,2025-04-28,2024-03-31
003001,中岩大地,0.03,136731861.94,-3.9462198498,-43.7856,4098423.39,142.46,-36.2301,9.120692735251,0.35,-0.528197828788,20.5825005677,专业工程,2025-04-28,2024-03-31
002986,宇新股份,0.1948,1817534261.32,22.8744599997,-6.4712,73069215.09,-31.78,2.0456,10.028702565852,1.92,-0.579501240715,19.4323807928,炼化及贸易,2025-04-28,2024-03-31
002951,金时科技,-0.02,5981608.39,-81.2847889511,691.853,-6090018.4,-6.83,72.3387,5.006621190025,-0.3,-0.036143859654,33.1451648241,其他电源设备Ⅱ,2025-04-28,2024-03-31
002947,恒铭达,0.31,425168713.09,22.1818541344,-30.7138,70405535.11,69.15,-18.3951,9.270840528159,3.32,0.875383160745,28.4512576363,消费电子,2025-04-28,2024-03-31
002941,新疆交建,-0.02,398091637.62,-0.1066612665,-85.0453,-13142317.71,-289.74,-111.049,4.959385982524,-0.41,-2.00468114249,8.0593726163,基础建设,2025-04-28,2024-03-31
002930,宏川智慧,0.13,379900033.65,1.0706651094,-1.7172,60042400.65,-12.75,7.6131,5.565480385043,2.24,0.402818350834,52.7052188983,物流,2025-04-28,2024-03-31
002899,英派斯,0.12,238399460.98,19.8616985435,0.6928,13884833.93,313.8,-10.481,10.327354988083,1.12,-0.264450538917,28.1343196852,文娱用品,2025-04-28,2024-03-31
002881,美格智能,0.02,574454894.09,29.6461640314,-2.2434,6466907.53,-64.33,255.7561,5.587488658355,0.44,0.065943994458,15.685647193,通信设备,2025-04-28,2024-03-31
002877,智能自控,0.04,221679462.7,26.4672807355,-14.7542,14187844.24,3.61,-46.2508,3.228260457337,1.19,-0.161113720025,28.1289286118,通用设备,2025-04-28,2024-03-31
002823,凯中精密,0.1,743975040.57,10.3863564866,-5.4943,27947714.17,6885.78,-17.9251,4.815990493058,1.88,0.044489993331,15.6824584707,电机Ⅱ,2025-04-28,2024-03-31
002809,红墙股份,0.06,124817507.81,-23.5539768626,-34.0503,13048982.99,-37.02,-33.6493,7.636778782943,0.79,0.121105220554,32.7372639199,化学制品,2025-04-28,2024-03-31
002802,洪汇新材,0.02,69513177.53,-15.6166934742,-32.5914,3787892.09,-63.85,-70.6685,3.622262198948,0.57,0.082676451091,25.4561461708,化学制品,2025-04-28,2024-03-31
002774,快意电梯,0.0866,349810239.32,30.6423023748,-24.6255,29148873.76,144.38,-40.2038,3.848124407471,2.28,-0.183459793714,26.4943421725,专用设备,2025-04-28,2024-03-31
002769,普路通,-0.06,128321899.54,-14.9507994487,0.1356,-21971977.66,-83.88,41.0933,3.276431045952,-1.74,-0.54209967654,35.0619258531,物流,2025-04-28,2024-03-31
002768,国恩股份,0.45,4422476696.87,22.3474623985,-7.3089,123108552.29,19.7,40.3061,16.961409674396,2.71,0.615891961622,8.3601722906,塑料,2025-04-28,2024-03-31
002766,索菱股份,0.0114,312297193.84,47.8068867984,-41.0804,9670494.9,1523.31,-26.8475,0.836234282209,1.36,-0.007824368628,21.7279448066,汽车零部件,2025-04-28,2024-03-31
002762,金发拉比,0.001,43502464.13,-14.860910001,-19.6669,487509.42,-91.01,101.7636,2.356902332688,0.06,0.02509654499,53.1947693373,服装家纺,2025-04-28,2024-03-31
002755,奥赛康,0.03,448492136.86,32.4714613195,38.5469,31544742.35,145.99,-12.681,3.136376221225,1.09,0.213745637557,81.7451733461,化学制药,2025-04-28,2024-03-31
002727,一心堂,0.4059,5099517768.62,14.9640080879,11.6483,241918445.99,1.03,277.2567,13.4091359757,3.08,0.874942384795,30.359476615,医药商业,2025-04-28,2024-03-31
002687,乔治白,0.05,250599561.57,1.6835176286,-52.5505,22631437.66,-22.6,-71.2368,3.016058156067,1.67,-0.319581149601,49.8263329384,服装家纺,2025-04-28,2024-03-31
002662,峰璟股份,0.07,831646658.86,7.8774611824,-15.0629,110069614.59,82.42,-29.2356,2.809154466413,2.65,0.118357694973,31.8295364107,汽车零部件,2025-04-28,2024-03-31
002623,亚玛顿,0.06,885450048.03,9.4719761117,-4.8996,12093555.81,-22.68,1258.9665,16.335559021614,0.37,-0.636876431322,6.2367925546,光伏设备,2025-04-28,2024-03-31
002591,恒大高新,-0.0137,103587466.01,71.9285524562,-21.6311,-4110135.12,-87.02,87.4255,2.22291321127,-0.61,0.191064268485,10.6320735164,化学制品,2025-04-28,2024-03-31
002569,*ST步森,-0.07,35669215.66,-14.836612638,-20.8198,-7996595.29,-289.49,77.1854,0.582409828554,-9.59,-0.149824075064,38.6095559299,服装家纺,2025-04-28,2024-03-31
002559,亚威股份,0.0757,557989003.6,9.4887016886,35.9329,41635732.36,-16.7,2520.0238,3.245245046091,2.36,-0.069368029276,22.1540048572,通用设备,2025-04-28,2024-03-31
002530,金财互联,0.003,306909469.37,1.9126281658,-10.3361,2407126.6,126.97,106.4099,1.652277085197,0.19,-0.080886466283,26.6068477286,通用设备,2025-04-28,2024-03-31
002529,海源复材,-0.0895,42998065.39,-33.6871271577,-18.7348,-23276487.87,-35.1,73.4422,1.641192355615,-5.31,-0.137656318885,-2.6499091289,专用设备,2025-04-28,2024-03-31
002524,光正眼科,-0.04,199537963.66,-7.7791373729,-19.5636,-18726197.86,-138.57,-1485.8676,0.518587474925,-6.84,-0.011845942644,33.5170467029,医疗服务,2025-04-28,2024-03-31
002498,汉缆股份,0.0605,1785978232.68,13.0747744175,-26.6957,201125677.36,14.79,271.436,2.374694301604,2.58,-0.054870325298,18.8706980288,电网设备,2025-04-28,2024-03-31
002482,广田集团,-0.02,73429941.6,-51.159697737,-73.965,-59944961.25,57.88,-102.0321,0.190882985773,-8.04,-0.04428970112,4.7618865599,装修装饰Ⅱ,2025-04-28,2024-03-31
002451,摩恩电气,0.0097,235001178.78,-5.7444184952,-12.968,4240648.01,-34.96,-35.3139,1.723966762819,0.56,0.002470797541,8.9974108725,电网设备,2025-04-28,2024-03-31
002427,尤夫股份,-0.0268,544031675.24,-18.1575625069,-8.2038,-26369205.92,-203.22,58.6764,0.942928771132,-2.8,0.079556478432,4.9998235853,化学纤维,2025-04-28,2024-03-31
002425,凯撒文化,0.0064,149437193.02,74.2756714532,-7.8812,6024801.26,126.49,100.9073,3.72628949036,0.17,-0.000936290392,26.8847066638,游戏Ⅱ,2025-04-28,2024-03-31
002400,省广集团,0.0136,3153125113.25,12.6624983164,-49.2156,23750894.38,-48.33,-63.7346,2.811450913274,0.49,-1.146441255337,9.8143091433,广告营销,2025-04-28,2024-03-31
002397,梦洁股份,0.01,408684818.38,-11.6250555852,-41.2053,8814230.51,-19.11,198.6771,1.561090942627,0.75,0.003897484437,40.8439071756,服装家纺,2025-04-28,2024-03-31
002373,千方科技,-0.04,1579763554.22,0.7390184965,-37.8581,-57848977.03,-136.71,-126.4315,7.884857523343,-0.46,-0.342550089592,29.1128209137,IT服务Ⅱ,2025-04-28,2024-03-31
002369,卓翼科技,-0.0812,421013571.1,19.7373020346,160.7075,-46064079.59,9.36,79.2071,1.125140610225,-6.97,0.002703626495,1.9289153717,消费电子,2025-04-28,2024-03-31
002360,ST同德,0.05,154612352.5,-13.2275367765,-33.3971,21255857.06,-18.87,-92.6711,5.394798710544,0.99,0.077369631216,35.7309961699,化学制品,2025-04-28,2024-03-31
002348,高乐股份,-0.0138,45739443.95,12.1869811653,-8.7273,-13098935.58,19.58,65.3049,0.528718784554,-2.58,-0.007553763809,19.8787013894,文娱用品,2025-04-28,2024-03-31
002331,皖通科技,-0.0208,147593769.04,65.2672130308,-72.6681,-8526616.75,73.34,-586.564,4.073231538113,-0.51,-0.265504584251,24.6439783174,IT服务Ⅱ,2025-04-28,2024-03-31
002326,永太科技,0.021,821748310.47,-18.3083597955,-19.1417,19505595.7,-22.91,103.7482,3.504006079534,0.62,-0.165777787785,24.10852143,化学制品,2025-04-28,2024-03-31
002319,乐通股份,-0.036,89803510.14,9.6286292373,-1.9428,-7276624.25,-2932.75,-596.8569,0.3662521551,-9.56,-0.02820318715,18.2434502999,化学制品,2025-04-28,2024-03-31
002314,南山控股,-0.0459,1330808140.42,-74.0835374667,-50.244,-124419548.1,-235.76,-198.064,3.742652339933,-1.22,-0.64444327396,24.3441543548,房地产开发,2025-04-28,2024-03-31
002312,川发龙蟒,0.05,1671591008.24,-16.2249142654,-26.0025,103508332.96,-31.09,15.8854,4.874121918878,1.13,-0.144615878903,13.7448386308,农化制品,2025-04-28,2024-03-31
002285,世联行,-0.02,533757856.13,-32.2783117365,-31.3027,-40725636.31,-212.41,85.508,1.505623454534,-1.35,-0.074743865595,3.4391683943,房地产服务,2025-04-28,2024-03-31
002283,天润工业,0.08,962638178.28,-2.265488155,-9.1315,92526108.61,-11.8,15.7036,5.35089270995,1.53,0.036549607518,23.7398129137,汽车零部件,2025-04-28,2024-03-31
002252,上海莱士,0.114,2056305681.88,-0.3263631103,1.3664,756816119.5,5.32,9411.1504,4.580944138442,2.52,0.112989803858,39.6274744806,生物制品,2025-04-28,2024-03-31
002237,恒邦股份,0.12,20807523447.39,24.978611453,39.8121,141464839.9,14.82,34.1356,7.801417574462,1.51,1.102996533633,2.7101437427,贵金属,2025-04-28,2024-03-31
002190,成飞集成,-0.0162,487427875.14,43.2747469836,-28.0824,-5816169.88,-329.84,62.4161,8.038417713769,-0.19,0.177870269704,11.2106411178,汽车零部件,2025-04-28,2024-03-31
002173,创新医疗,-0.0067,201344535.99,-1.4014837204,1.4743,-2977863.39,-37.87,85.1648,4.158118567415,-0.16,-0.039336433158,12.2783094552,医疗服务,2025-04-28,2024-03-31
002163,海南发展,-0.03,781935535.48,4.6748610081,-40.5821,-29312696.89,13.94,47.3297,1.676804266869,-2.05,-0.415361810129,5.6567143163,装修装饰Ⅱ,2025-04-28,2024-03-31
002161,远望谷,0.117,109111915.36,3.1412418769,-51.8105,86585831.4,998.26,3982.0567,2.141976540309,5.62,-0.030394557351,41.5472161408,其他电子Ⅱ,2025-04-28,2024-03-31
002148,北纬科技,0.0046,64699523.82,0.3206155107,-9.9294,2177106.99,52.09,-75.7693,2.160012406859,0.21,0.0172225747,41.899688003,通信服务,2025-04-28,2024-03-31
002146,荣盛发展,0.01,11113596446.21,81.5640025251,-55.4737,51264986.45,107.99,-79.9286,5.434096678435,0.22,-0.098138180515,15.7718796392,房地产开发,2025-04-28,2024-03-31
002128,电投能源,0.87,7344608736.13,7.3150280589,3.2239,1944336625.71,20.21,99.4617,14.72628156124,6.09,0.6012356691,44.3749026991,煤炭开采,2025-04-28,2024-03-31
002120,韵达股份,0.14,11155511857.71,6.5006855325,-8.1639,412474416.07,15.02,-10.5008,6.644383743846,2.13,0.17616824156,10.3254958495,物流,2025-04-28,2024-03-31
002115,三维通信,0.0196,2810839422.63,-17.1878542467,10.3678,15874055.18,-21.9,139.9519,2.950928310218,0.67,-0.148992097514,5.0445000703,通信服务,2025-04-28,2024-03-31
002104,恒宝股份,0.0373,237090193.44,-22.1371115418,-23.0251,26229831.64,-23.47,34.5625,3.075052695719,1.22,-0.133342271061,31.5560943683,通信设备,2025-04-28,2024-03-31
002088,鲁阳节能,0.16,700607651.5,-7.3463544638,-27.0025,82461512.61,-4.56,-35.7515,5.705952523723,2.9,0.153583135137,29.0438889975,装修建材,2025-04-28,2024-03-31
002086,东方海洋,-0.01,66643850.46,-50.8534822929,-40.5016,-14389779.83,-230.0000016171,-100.7988,0.818345479935,-0.89,-0.023430352171,24.9363494535,农产品加工,2025-04-28,2024-03-31
002061,浙江交科,0.07,7727842929.53,8.3687773557,-52.6785,186172874.44,20.77,-68.4032,5.533130102258,1.3,-0.914568512367,7.2692153917,基础建设,2025-04-28,2024-03-31
002020,京新药业,0.2,1060660180.25,10.4364710416,-1.1775,171207841.45,13.23,17.0456,6.601236062893,3.06,0.410588923065,51.884835043,化学制药,2025-04-28,2024-03-31
002007,华兰生物,0.1431,787309418.97,-10.6003884971,-44.9011,261773937.6,-25.56,-36.8143,6.360235584948,2.28,0.027442583574,55.6780562036,生物制品,2025-04-28,2024-03-31
002006,精工科技,0.1277,545584174.65,43.8212502974,29.7688,57187947.38,21.52,42.9232,3.014127705356,4.01,-0.177368329576,23.9880154467,专用设备,2025-04-28,2024-03-31
001380,华纬科技,0.2216,305363556.56,41.9578324994,-23.066,40556863.73,49.46,-25.413,12.050407550745,2.65,-0.478225402545,25.862460262,汽车零部件,2025-04-28,2024-03-31
001366,播恩集团,-0.02,240606647.15,-38.4232281671,-26.6883,-3688241.86,-119.91,-125.2955,5.330934809808,-0.43,-0.419785641337,14.6513386839,饲料,2025-04-28,2024-03-31
001356,富岭股份,0.1215,534622711.62,50.3089726427,-3.2747,53684174.31,26.1563020607,2.4752,,4.76,,20.8132188741,家居用品,2025-04-28,2024-03-31
001338,永顺泰,0.1637,922099478.12,-14.2259821204,-15.062,82114060.83,134.27,69.8525,6.887221934979,2.4,0.780506005377,13.7942358149,农产品加工,2025-04-28,2024-03-31
001301,尚太科技,0.57,861218234.14,-9.5822147366,-29.3993,148720551.22,-35.48,-3.9524,22.305118943235,2.59,-1.010631574769,26.642108912,电池,2025-04-28,2024-03-31
001300,三柏硕,0.0501,157895723.53,53.5880037137,278.7845,12223697.03,219.54,122.2081,4.303322231457,1.17,-0.125517764113,24.9036721774,文娱用品,2025-04-28,2024-03-31
001283,豪鹏科技,0.04,993585321.47,34.1882541012,-35.2552,3168922.78,116.36,150.2325,27.515288962457,0.12,-0.680287874902,19.1118549053,电池,2025-04-28,2024-03-31
001277,速达股份,0.55,279971024.63,,-31.5334,31340271.97,,-51.3278,,3.64,,22.4055705061,专用设备,2025-04-28,2024-03-31
001269,欧晶科技,0.1127,339920893.12,-46.5637780291,-57.6958,21675839.18,-87.41,-66.8827,9.088372125762,1.19,-0.867655726103,14.9351561959,光伏设备,2025-04-28,2024-03-31
001255,博菲电气,-0.0101,70284948.46,-25.9665662779,21.4533,-809492.73,-104.31,92.8494,9.34710740975,-0.11,0.41989030225,21.7539193739,塑料,2025-04-28,2024-03-31
001231,农心科技,0.15,149446049.96,-6.7799579482,-4.8458,15214215.02,-9.75,-14.0623,9.4793729393,1.6,-0.3206020394,35.8252693426,农化制品,2025-04-28,2024-03-31
001227,兰州银行,0.0853,1972917652.61,-1.33,11.1682,545701195.21,0.89,42.3684,5.067710735832,1.71,-0.244665592925,,银行Ⅱ,2025-04-28,2024-03-31
001226,拓山重工,0.07,147326871.22,-11.7875136221,22.1319,5467130.2,-53.13,166.7687,9.740004140936,0.75,-0.048200640312,12.643714908,工程机械,2025-04-28,2024-03-31
001223,欧克科技,0.4839,125362588.94,32.5240474731,207.9183,32269574.55,9.54,391.1941,28.757236961308,1.7,0.941168957558,36.1615100751,自动化设备,2025-04-28,2024-03-31
001216,华瓷股份,0.1813,279814348.69,7.9474730336,-15.9737,45667020.09,10.24,47.3815,6.478589780308,2.93,0.088008368315,32.6712040959,家居用品,2025-04-28,2024-03-31
001208,华菱线缆,0.04,902589344.74,10.3872876215,0.729,20676760.06,11.58,-14.0964,2.923617674992,1.33,-0.205380480349,12.3883635301,电网设备,2025-04-28,2024-03-31
000969,安泰科技,0.0767,1891071654.17,-10.2701135283,-11.7476,78651419.6,2.46,45.2828,5.009144908519,1.5,-0.286881744198,18.6162329964,金属新材料,2025-04-28,2024-03-31
000965,天保基建,0.0108,259222138.84,-2.6980181703,-83.1735,11985553.7,-45.55,-90.7299,4.917637850217,0.22,0.219270300349,12.8202394397,房地产开发,2025-04-28,2024-03-31
000960,锡业股份,0.1982,8399442096.28,-24.4718330765,-3.469,326255352.66,22.09,4.2072,11.003094338492,1.82,0.64936534317,11.1950851595,小金属,2025-04-28,2024-03-31
000952,广济药业,-0.1427,180161008.71,56.2668822925,-16.3308,-50508221.7,-14.69,31.0674,3.712504652824,-3.77,-0.136333361959,16.3721031877,化学制药,2025-04-28,2024-03-31
000919,金陵药业,0.088,845969077.98,19.3969827992,-22.3708,45124738.44,-0.09,425.6943,7.489902742421,1.39,-0.161243897906,21.6538925474,化学制药,2025-04-28,2024-03-31
000890,法尔胜,-0.04,111668808.48,-13.0490090219,14.1694,-18355578.04,-48.45,-153.9383,0.028883445484,-86.2,-0.02773239065,12.434606108,环保设备Ⅱ,2025-04-28,2024-03-31
000882,华联股份,0.0045,369221533.13,18.548722714,-42.0646,12255760.28,-9.4,152.7761,2.541257514827,0.18,0.074913121736,54.1988638971,一般零售,2025-04-28,2024-03-31
000833,粤桂股份,0.0931,615158693.22,-33.5729539772,-48.7275,62218792.99,55.75,249.5686,5.051979352747,1.86,-0.2422403363,26.9025355805,综合Ⅱ,2025-04-28,2024-03-31
000831,中国稀土,-0.2721,301555734.07,-81.9433736755,-65.81,-288760339.2,-364.98,-198.8454,4.30563511797,-6.13,-0.474758661229,4.3084491761,小金属,2025-04-28,2024-03-31
000828,东莞控股,0.3771,410576498.83,-29.5095848029,-68.5338,402591873.66,59.3,596.2068,9.348095872443,4.12,-0.714898748909,67.7501236146,铁路公路,2025-04-28,2024-03-31
000825,太钢不锈,0.001,24462941677.88,-5.571168916,-3.0502,3351987.77,100.5663619169,100.4273,5.87284343778,0.01,-0.156772666602,1.2046176278,特钢Ⅱ,2025-04-28,2024-03-31
000815,美利云,0.01,235552448.2,12.8007082463,-24.5963,6850077.26,200.12,537.9988,2.693894783835,0.37,-0.063633142973,15.5761699827,IT服务Ⅱ,2025-04-28,2024-03-31
000761,本钢板材,-0.219,14841663989.2,-5.9716407913,3.4566,-900193069.81,-2005.49,-82.2962,3.689392356817,-5.37,0.123517226946,-2.8831746021,普钢,2025-04-28,2024-03-31
000759,中百集团,-0.04,3260079423.91,-7.1791838546,32.9519,-24512162.86,-619.18,90.4799,3.318587210763,-1.07,0.518067841524,21.9432949993,一般零售,2025-04-28,2024-03-31
000720,新能泰山,-0.009,171346461.9,-71.4635812376,-28.7635,-11297721.66,45.31,28.2495,1.973963686257,-0.45,-0.104192542338,9.5046797345,电网设备,2025-04-28,2024-03-31
000710,贝瑞基因,0.02,279476530.07,-0.2609785658,-2.2163,8235122.95,139.71,102.8179,5.296203422499,0.44,-0.120845520229,55.0504550674,医疗服务,2025-04-28,2024-03-31
000702,正虹科技,-0.0247,148276697.65,-48.636937789,-51.913,-8568550.52,70.62,90.1386,1.209827314247,-2.02,-0.135085161181,8.1468829637,饲料,2025-04-28,2024-03-31
000688,国城矿业,0.003,298885225.91,5.3785323972,-20.724,3327689.51,-80.8,-94.916,2.522909703287,0.11,0.036818431919,38.412194156,小金属,2025-04-28,2024-03-31
000651,格力电器,0.85,36595551580.44,2.5308022758,-25.628,4675160247.24,13.77,-47.6189,21.580791360982,3.93,-0.52222621696,28.5421761337,白色家电,2025-04-28,2024-03-31
000636,风华高科,0.06,1058020658.26,13.2832648021,7.8243,72915036.0,25.05,17.5945,10.350451439106,0.61,0.074187752226,16.7947409006,元件,2025-04-28,2024-03-31
000629,钒钛股份,0.0073,3586292075.77,-9.1996697394,11.244,68146678.89,-79.31,-63.8509,1.313881081578,0.56,-0.006083093694,8.0775005744,冶钢原料,2025-04-28,2024-03-31
000601,韶能股份,0.0223,956386128.28,3.941515574,34.5067,24086140.54,174.46,107.2692,3.98576834665,0.56,0.651625002219,15.0553045598,电力,2025-04-28,2024-03-31
000596,古井贡酒,3.91,8286316919.2,25.8539289202,92.6667,2065836404.82,31.61,166.0346,44.597829421075,9.16,4.64249211975,80.3495885435,白酒Ⅱ,2025-04-28,2024-03-31
000590,古汉医药,-0.0346,77093552.53,-23.8205125324,-40.7055,-8284339.28,-225.81,-144.0267,2.987553838849,-1.15,-0.176471981793,50.7721162866,中药Ⅱ,2025-04-28,2024-03-31
000572,海马汽车,-0.0522,443997335.86,-57.1441621571,-31.0984,-85911745.16,-64.89,-63.5001,1.101156497448,-4.63,-0.064877099493,14.8490977252,乘用车,2025-04-28,2024-03-31
000568,泸州老窖,3.12,9188402377.79,20.7387208722,10.8294,4573950129.9,23.2,70.6524,31.406944030939,10.43,2.961592926429,88.3723743239,白酒Ⅱ,2025-04-28,2024-03-31
000543,皖能电力,0.1996,6985247161.67,12.4489928519,-8.7543,452572336.21,188.24,262.9262,6.285767335256,3.22,0.518888139763,10.8932175664,电力,2025-04-28,2024-03-31
000534,万泽股份,0.1317,290485885.02,3.2005354319,14.2147,65768245.08,12.41,21.5013,2.281341995661,5.53,-0.032653314839,78.6821763179,生物制品,2025-04-28,2024-03-31
000529,广弘控股,0.0234,556124443.47,-4.4851085631,-23.558,13686953.87,-32.86,-75.171,5.398913580326,0.44,-0.124502937262,3.6946755068,食品加工,2025-04-28,2024-03-31
000426,兴业银锡,0.1248,764280800.45,66.5129040811,-40.3534,229351084.27,1539.37,-46.2109,3.646226629071,3.48,0.073794757591,55.9100393204,贵金属,2025-04-28,2024-03-31
000423,东阿阿胶,0.5488,1453383433.75,35.9518422144,12.9295,353403544.67,53.43,-3.7586,17.07558066321,3.25,0.991449236844,71.7872987934,中药Ⅱ,2025-04-28,2024-03-31
000411,英特集团,0.2067,8597940087.94,8.8100206218,5.7024,106894805.02,56.48,-13.1895,8.211403391412,2.48,-3.665992943314,6.4101013814,医药商业,2025-04-28,2024-03-31
000066,中国长城,-0.077,2663126153.32,21.1297612868,-50.3754,-249815522.35,18.1537814829,-70.7123,3.815578086406,-1.998,-0.339687144942,14.8571038032,计算机设备,2025-04-28,2024-03-31
000065,北方国际,0.2634,5014375387.21,4.6299349682,-26.8806,263893107.66,36.07,15.9787,8.558569542043,3.07,0.338038117476,9.6179736298,专业工程,2025-04-28,2024-03-31
000045,深纺织A,0.041,761350922.92,12.0777540892,-0.1236,20777352.85,58.5,63.8121,5.731071179518,0.72,0.062461766008,12.7975192249,光学光电子,2025-04-28,2024-03-31
000029,深深房A,0.0019,59214773.99,-45.7519177216,-66.464,1896582.37,105.32,100.8846,3.651757805864,0.05,-0.089235872507,18.6581853574,房地产开发,2025-04-28,2024-03-31
000012,南玻A,0.11,3947220433.0,-3.0327497989,-16.2825,325377538.0,-17.92,72.2099,4.680877220231,2.29,0.058718063458,21.1721811382,玻璃玻纤,2025-04-28,2024-03-31
900946,天雁B股,0.00059,100550629.98,-6.5036721887,-22.0434,628473.01,-5.58,143.2662,0.712706456387,0.08,0.001300007236,13.0152562571,汽车零部件,2025-04-26,2024-03-31
900940,大名城B,-0.0174,345794280.11,-76.9363613367,-76.4332,-40450377.95,-139.8971658118,90.4368,5.045100906903,-0.32,-0.155606153378,27.009988997,房地产开发,2025-04-26,2024-03-31
900926,宝信B,0.208,3391127645.46,34.4356826166,-17.2368,589681019.87,18.19,-13.6034,4.979981743307,5.07,0.195485714065,32.6840463072,IT服务Ⅱ,2025-04-26,2024-03-31
900925,机电B股,0.21,4311142142.36,-5.0110766677,-14.7613,212299141.97,-8.08,13.7529,13.375670837177,1.56,-0.213284657013,16.41066582,专用设备,2025-04-26,2024-03-31
900920,动力B股,-0.2,1827778947.26,-9.1120054336,-15.1556,-284381216.32,40.7144517584,79.5119,3.772256443987,-5.28,-0.441390548096,1.1613709274,汽车零部件,2025-04-26,2024-03-31
900906,中毅达B,-0.0097,285780519.72,-12.3001110449,-5.5942,-10392198.44,11.5047709982,85.0457,0.012416074532,-56.68,-0.020239434314,6.2337974637,化学原料,2025-04-26,2024-03-31
900904,神奇B股,0.04,574528830.84,-1.4187962281,-8.8632,23944713.73,0.65,367.6017,4.417658508982,1.01,0.080151741987,49.1820160525,化学制药,2025-04-26,2024-03-31
900902,市北B股,-0.0337,220963265.9,-9.9846084466,-6.087,-63056321.86,-58.4948988704,47.3005,3.378943823405,-0.99,-0.221224909964,28.8729725233,房地产开发,2025-04-26,2024-03-31
900901,云赛B股,0.043,1440194460.08,30.0106601165,-8.5089,59352872.34,44.04,62.6893,3.414156947954,1.271,-0.31804587511,18.4916134697,软件开发,2025-04-26,2024-03-31
688798,艾为电子,0.15,775694473.64,101.7526180505,3.7085,35823072.17,150.7389241315,-77.4762,15.840421264706,0.98,0.429660043625,27.2381106015,半导体,2025-04-26,2024-03-31
688787,海天瑞声,-0.01,40645255.83,41.0440596202,-39.1505,-634142.17,95.3427594451,-136.5565,12.963729916761,-0.08,0.082649719736,71.9182927579,IT服务Ⅱ,2025-04-26,2024-03-31
688778,厦钨新能,0.26,3298786656.17,-8.0156743795,-21.2406,111288715.41,-3.71,-3.2773,20.586817715915,1.29,1.198229882482,7.5966956512,电池,2025-04-26,2024-03-31
688767,博拓生物,0.38,135626648.51,30.8054148511,4.4314,39631348.59,233.05,162.8438,22.646219238293,1.64,0.529913110907,44.831735782,医疗器械,2025-04-26,2024-03-31
688720,艾森股份,0.09,81859701.74,14.2225627723,-26.9813,7510130.0,112.28,-46.815,11.572435412122,0.74,-0.207178844613,26.5273965925,半导体,2025-04-26,2024-03-31
688716,中研股份,0.001,39175794.17,-32.1239606936,-62.187,86673.42,-98.89,-99.6915,9.510957009369,0.01,-0.081559079553,42.7158154532,塑料,2025-04-26,2024-03-31
688707,振华新材,-0.28,636344860.02,-68.2805253889,-60.0977,-136756760.78,-293.59,-310.1188,9.503450447287,-3.01,-2.590429551955,-14.0734484596,电池,2025-04-26,2024-03-31
688700,东威科技,0.13,197462421.55,-15.7291202712,10.6702,30981133.28,-38.72,1215.6233,7.629693515756,1.77,-0.144612569372,36.4330171408,专用设备,2025-04-26,2024-03-31
688685,迈信林,0.05,70000974.76,6.2272088846,-7.5387,7977639.35,8.38,477.2928,6.272018791442,1.14,-0.053177747488,34.4416254812,航空装备Ⅱ,2025-04-26,2024-03-31
688683,莱尔科技,0.05,99578777.33,9.0461286674,-11.6057,8333711.95,3.65,57.3646,6.534679297402,0.83,0.025931756635,24.0972956019,电子化学品Ⅱ,2025-04-26,2024-03-31
688671,碧兴物联,-0.02,48359013.48,-33.0054774509,-61.6372,-1881386.78,-113.74,-134.3605,14.552841960089,-0.16,-0.536678901895,29.2175078713,环保设备Ⅱ,2025-04-26,2024-03-31
688660,电气风电,-0.16,469451755.69,-66.1296820548,-88.7957,-211942690.09,-27.2451054227,65.7491,4.242029225391,-3.67,-1.342813643647,15.3822259529,风电设备,2025-04-26,2024-03-31
688657,浩辰软件,0.13,56253421.06,4.7907430634,-32.8521,6026417.45,-27.06,-49.1779,31.498393999037,0.43,-0.276176984276,90.1125713509,软件开发,2025-04-26,2024-03-31
688655,迅捷兴,-0.01,101736786.98,-4.4857301832,-19.5759,-1259405.2,-120.15,-141.6358,5.191299943324,-0.18,0.039860503186,18.1042436239,元件,2025-04-26,2024-03-31
688631,莱斯信息,-0.1,244808343.41,38.6240178329,-65.4833,-15735462.96,50.664610184,-113.1099,11.311101399033,-0.85,-1.983185870129,19.4170025449,软件开发,2025-04-26,2024-03-31
688627,精智达,-0.15,83046976.27,62.2500527913,-70.0456,-14442579.38,-322.1071834856,-123.7422,18.141806255843,-0.84,-1.120768857583,33.4440920037,通用设备,2025-04-26,2024-03-31
688613,奥精医疗,0.05,47360874.94,-0.9369429012,10.4504,6938107.45,-62.52,3002.9127,10.471712220666,0.5,-0.015676627047,80.3760882759,医疗器械,2025-04-26,2024-03-31
688612,威迈斯,0.27,1367385965.73,30.9896133961,-29.1392,114203272.88,29.54,-46.7252,8.302303521649,3.3,-0.312915004017,17.4840124933,汽车零部件,2025-04-26,2024-03-31
688607,康众医疗,0.01,52969765.8,5.6880051604,-42.6348,1168820.49,117.4533903793,-90.3518,9.698108506633,0.14,-0.025843490704,41.5048203026,医疗器械,2025-04-26,2024-03-31
688597,煜邦电力,-0.03,95369857.56,35.9703068419,-48.2864,-7900133.88,-54.82,-136.6841,3.06877242677,-0.8,-0.063544478,32.1120773623,电网设备,2025-04-26,2024-03-31
688593,新相微,-0.025,100246182.95,2.8876948247,-22.6048,-11464471.74,-157.12,-148.9508,3.439460035607,-0.72,-0.089967523689,13.4250317907,半导体,2025-04-26,2024-03-31
688583,思看科技,0.44,68927976.13,22.366332435,-21.3323,22250349.58,43.4358937366,-47.0225,,4.42,,74.3704431323,通用设备,2025-04-26,2024-03-31
688579,地纬智能,0.0369,110072843.29,7.9506759703,-53.2465,14745397.65,4.21,-70.4821,3.396815116972,1.09,-0.049164473463,50.0189333031,软件开发,2025-04-26,2024-03-31
688571,杭华股份,0.06,282438151.32,15.8087588364,-14.1588,26100616.99,89.52,-34.7157,3.551657926611,1.77,0.048145050553,25.1395075234,化学制品,2025-04-26,2024-03-31
688553,汇宇制药,0.11,242604188.27,2.0545672388,-9.4552,46435905.16,20.94,-8.6727,9.011094750118,1.21,0.031723441903,83.2092865377,化学制药,2025-04-26,2024-03-31
688551,科威尔,0.22,111112395.65,14.374854586,-36.1235,18328172.49,-17.05,-56.0824,15.872098925416,1.39,-0.457951788864,49.7054678255,其他电源设备Ⅱ,2025-04-26,2024-03-31
688531,日联科技,0.3,149792186.73,35.5053361562,-6.953,33823111.62,140.5,0.9628,41.011234733372,1.04,-0.113995404876,45.7918390054,专用设备,2025-04-26,2024-03-31
688521,芯原股份,-0.41,318132960.41,-41.017591104,-44.5132,-206983900.85,-189.109530055,-27.5725,4.987935485534,-7.97,-0.434943177012,45.6985910931,半导体,2025-04-26,2024-03-31
688520,神州细胞,0.17,612503357.24,86.2960861169,20.5483,74197374.04,148.4913953385,142.1446,-1.158929663925,,0.392095903451,96.6553405205,生物制品,2025-04-26,2024-03-31
688498,源杰科技,0.12,60063175.77,72.3288419152,17.2801,10534967.18,-11.06,635.2992,24.723452471032,0.5,0.26219340261,34.8383456615,半导体,2025-04-26,2024-03-31
688486,龙迅股份,0.3,104301247.18,101.9488311291,3.2232,31009984.93,324.85,-3.9338,20.687368417337,2.16,-0.512881380461,54.107524182,半导体,2025-04-26,2024-03-31
688479,友车科技,0.22,143201663.15,-14.3587675897,-37.6523,32014502.39,-11.81,40.3552,13.468829707644,1.66,-0.086078296727,36.2263913343,软件开发,2025-04-26,2024-03-31
688466,金科环境,0.07,110414898.98,25.929690425,-37.2224,8682356.6,16.4,3.7162,9.359828876812,0.76,0.09332861546,34.7541765328,环境治理,2025-04-26,2024-03-31
688456,有研粉材,0.09,661188774.72,8.7599595392,-1.9456,9778867.36,-8.44,-42.3212,11.302746769149,0.84,-0.734729097434,8.5833434036,金属新材料,2025-04-26,2024-03-31
688455,科捷智能,-0.18,150907101.15,1385.0769119387,-77.7916,-32967689.34,-28.48,-68.8212,6.442556157419,-2.77,-0.606696131257,10.2486379316,自动化设备,2025-04-26,2024-03-31
688450,光格科技,-0.18,8731062.51,-48.0076040481,-93.2661,-12053307.83,-10.0418351062,-135.9715,16.433128335606,-1.11,-0.212750227576,30.5758715728,电网设备,2025-04-26,2024-03-31
688443,智翔金泰,-0.45,6330.27,-93.6705952296,-99.4097,-163770017.01,-18.51,29.7354,7.250987416467,-6.04,-0.39424369742,65.5507584985,生物制品,2025-04-26,2024-03-31
688435,英方软件,-0.15,34437576.31,4.6688289754,-69.1611,-12178268.57,-228.8358112695,-130.355,13.874376925868,-1.04,-0.384331684431,86.8994899949,软件开发,2025-04-26,2024-03-31
688419,耐科装备,0.23,54586069.12,29.4863515977,-11.5681,18609242.29,39.75,-9.0549,12.065819545366,1.9,0.109147867561,44.6397724783,半导体,2025-04-26,2024-03-31
688416,恒烁股份,-0.4,80512216.44,12.2324019563,-8.3382,-33053294.05,-77.0010526636,56.8275,18.114541186309,-2.19,-0.362885566936,12.0980883532,半导体,2025-04-26,2024-03-31
688392,骄成超声,0.01,120601968.13,-25.7501703009,72.8263,1049237.34,-96.59,111.2968,14.709501999042,0.06,-0.590915274564,53.2585180291,电池,2025-04-26,2024-03-31
688389,普门科技,0.25,305741862.07,10.0582824106,-9.1641,107218856.4,21.69,-13.3008,4.455616825813,5.79,0.060923295563,67.9742872248,医疗器械,2025-04-26,2024-03-31
688381,帝奥微,0.065,128320222.29,69.8111322531,49.93,16059708.44,60.83,190.7738,11.674406557732,0.53,-0.089275349048,45.6898765866,半导体,2025-04-26,2024-03-31
688380,中微半导,0.07,205428958.59,56.1229081722,-17.7633,28827267.91,-33.28,279.9383,7.486892436102,0.97,0.174771761842,26.7476243501,半导体,2025-04-26,2024-03-31
688377,迪威尔,0.15,286364411.58,5.7779890645,4.5028,28219443.78,-7.37,54.6315,9.130541941777,1.6,-0.207615050522,19.5025116815,专用设备,2025-04-26,2024-03-31
688376,美埃科技,0.26,273249082.14,2.0844410495,-36.9552,35391966.75,5.44,-20.0108,12.400681637649,2.14,0.037112925074,30.443236178,环保设备Ⅱ,2025-04-26,2024-03-31
688366,昊海生科,0.42,645995271.22,5.6837976443,-3.9054,97541532.98,20.16,9.2066,34.112766843275,1.72,0.450305033153,69.2145948399,医疗器械,2025-04-26,2024-03-31
688365,光云科技,-0.03,111785261.4,1.6354686958,-9.6865,-14760748.38,14.3586394287,-120.1032,2.372386010154,-1.45,0.01006512436,63.575486777,IT服务Ⅱ,2025-04-26,2024-03-31
688363,华熙生物,0.51,1360531915.0,4.2428679871,-26.6357,243367321.4,21.39,211.3904,14.715189159364,3.47,0.072353835343,75.7314291109,医疗美容,2025-04-26,2024-03-31
688361,中科飞测,0.11,235529768.02,45.600891376,-22.289,34240129.57,9.16,-44.0721,7.642984790781,1.41,-0.064066049188,52.275627512,半导体,2025-04-26,2024-03-31
688343,云天励飞,-0.39,98448460.88,78.5680826601,-64.6818,-137817011.37,-52.665302844,-62.5774,12.081919945394,-3.18,-0.468184239362,16.6796828952,IT服务Ⅱ,2025-04-26,2024-03-31
688321,微芯生物,-0.0448,130604180.46,22.6036478722,-25.4207,-18304645.53,43.637841235,4.8853,3.806782439214,-1.08,0.08613986806,88.6249906261,化学制药,2025-04-26,2024-03-31
688320,禾川科技,-0.1,205331124.92,-25.4756409422,-11.2788,-15009153.56,-169.82684538,-56.6691,10.298308143538,-0.96,-0.36863244776,29.6504477652,自动化设备,2025-04-26,2024-03-31
688319,欧林生物,-0.0641,70798700.81,5.87343196,-50.7725,-25996930.16,-774.61,-104.2467,2.203894434264,-2.87,-0.161007081303,92.4340153863,生物制品,2025-04-26,2024-03-31
688307,中润光学,0.13,79483812.18,18.043948968,-44.7224,11087867.94,1270.3028010911,-52.7213,9.660893157614,1.31,-0.013768910682,33.8602979674,光学光电子,2025-04-26,2024-03-31
688306,均普智能,-0.03,478727882.83,119.4499705587,-18.2535,-38276871.39,15.923410494,67.3711,1.420104610331,-2.14,-0.060453825235,13.3754706038,自动化设备,2025-04-26,2024-03-31
688302,海创药业,-0.48,,,,-47214827.41,37.3553698208,15.8573,13.392872881503,-3.51,-0.612697511659,,化学制药,2025-04-26,2024-03-31
688301,奕瑞科技,0.98,490911525.92,11.4778728383,5.1372,139287790.89,1.88,-20.216,41.417832146615,3.17,-0.414300168653,53.3265480067,医疗器械,2025-04-26,2024-03-31
688297,中无人机,-0.04,61292020.96,-87.1402138272,-95.4463,-26996400.07,-141.86,-145.2175,8.630482398119,-0.46,-0.695155836607,27.148281945,航空装备Ⅱ,2025-04-26,2024-03-31
688285,高铁电气,-0.0002,116597315.28,-45.954002626,-73.5707,-86262.19,-100.62,97.3169,4.283276279851,-0.005,-0.149213263338,25.1951690392,轨交设备Ⅱ,2025-04-26,2024-03-31
688272,富吉瑞,0.1,76374116.71,147.1145224937,-4.056,7361176.28,138.4795161517,124.9399,6.568349873947,1.49,-0.383406730789,51.1964131886,军工电子Ⅱ,2025-04-26,2024-03-31
688253,英诺特,1.07,281611655.58,109.3599453864,41.1,146085284.93,171.44,67.1293,14.622538642646,7.62,0.911382129665,83.5483458579,医疗器械,2025-04-26,2024-03-31
688251,井松智能,-0.17,52740991.86,1.767238038,-82.538,-10162292.33,-3.16,-129.456,13.288283353243,-1.28,-0.701443365758,35.8089561534,IT服务Ⅱ,2025-04-26,2024-03-31
688248,南网科技,0.07,505339156.36,9.8476584709,-44.0172,41968925.83,38.21,-65.4316,5.029796885408,1.49,-0.419831816097,31.7150817135,电网设备,2025-04-26,2024-03-31
688237,超卓航科,0.19,85811186.55,42.8992299369,-6.3358,17229040.89,-19.82,124.7451,14.168316901016,1.36,-0.278293984899,36.1491911686,航空装备Ⅱ,2025-04-26,2024-03-31
688233,神工股份,0.01,58320271.69,11.8629021847,267.8781,1461563.89,112.0957651177,105.2377,10.298264556574,0.08,0.200947367856,13.9489328569,半导体,2025-04-26,2024-03-31
688232,新点软件,-0.16,294018546.4,-14.9171724913,-72.3451,-52644554.89,39.0373996838,-118.5575,16.783508238485,-0.94,-0.875180436,60.5049604143,软件开发,2025-04-26,2024-03-31
688231,隆达股份,0.11,316538860.9,30.5408027054,3.048,27654889.22,7.15,212.8889,11.404382683429,0.99,-0.144894002601,14.6938078938,金属新材料,2025-04-26,2024-03-31
688229,博睿数据,-0.32,37645165.47,16.7173505981,47.0594,-13997306.02,21.4924345654,55.7732,11.76822535473,-2.6,-0.757204999099,79.4377204792,IT服务Ⅱ,2025-04-26,2024-03-31
688228,开普云,0.0,87791341.28,88.8413397169,-83.4129,285176.07,104.9752168486,-99.4947,18.75040455468,0.02,-1.917112652522,43.9637314765,IT服务Ⅱ,2025-04-26,2024-03-31
688222,成都先导,0.03,107382466.51,54.3459414267,-14.5014,13940028.65,248.3992641805,-37.8562,3.42789995026,1.0,0.101990645103,54.8017151892,医疗服务,2025-04-26,2024-03-31
688216,气派科技,-0.2,123579565.45,28.8261035656,-16.9536,-21106037.11,37.2447062773,29.294,6.776506702216,-2.87,-0.178769529874,-3.9285900321,半导体,2025-04-26,2024-03-31
688215,瑞晟智能,0.03,80826746.92,8.7510684146,-34.1858,1545914.51,-56.66,-58.2102,11.353363312687,0.34,-0.413099387862,29.7823390366,自动化设备,2025-04-26,2024-03-31
688208,道通科技,0.28,863227597.54,22.221424073,-18.6833,124750747.58,73.34,242.9027,6.804224122885,3.89,0.455445425219,57.0039335295,计算机设备,2025-04-26,2024-03-31
688207,格灵深瞳,-0.1,30726615.23,-54.5085878621,-18.4812,-27099447.96,-3210.8788409665,62.905,8.724187479446,-1.19,-0.120193556863,71.5335779274,IT服务Ⅱ,2025-04-26,2024-03-31
688203,海正生材,0.03,191942300.79,34.4178605275,-5.5713,6908454.19,66.06,10.2478,7.34254841698,0.46,-0.109788553047,11.4857019215,塑料,2025-04-26,2024-03-31
688199,久日新材,-0.03,356579059.96,34.1014999041,3.9872,-4389764.71,75.4061273884,88.7385,23.435536001216,-0.17,-0.349690539241,13.3637214494,化学制品,2025-04-26,2024-03-31
688191,智洋创新,-0.02,108035872.53,20.4250868057,-54.0621,-2508846.88,47.1374516799,-129.903,5.547777378484,-0.31,-0.050683325123,33.097881021,电网设备,2025-04-26,2024-03-31
688181,八亿时空,0.14,179692305.82,-6.0834162769,3.4145,19195794.78,3.85,71.0206,15.539538467903,0.92,0.127905046541,41.8183646023,光学光电子,2025-04-26,2024-03-31
688180,君实生物,-0.29,380804271.07,49.2445705947,-26.2139,-283029082.76,47.9182446797,67.7134,6.965727251264,-4.04,-0.382044984837,71.6142356475,生物制品,2025-04-26,2024-03-31
688172,燕东微,0.02,308997801.95,-39.874173905,-48.7422,24171731.14,-72.87,-76.8435,12.413141421129,0.17,-0.038802745194,25.2372976014,半导体,2025-04-26,2024-03-31
688167,炬光科技,-0.18,136988372.14,17.3762988459,-22.4755,-16189740.19,-206.61,-134.0258,25.872794067139,-0.68,-0.339487158089,32.3551950706,半导体,2025-04-26,2024-03-31
688163,赛伦生物,0.01,26301356.47,9.7910036662,9.5416,1474787.04,-51.09,112.2659,10.047268457864,0.14,-0.201408717243,71.4635755058,生物制品,2025-04-26,2024-03-31
688146,中船特气,0.17,440509215.65,9.7201713976,4.3048,91736667.16,5.89,5.2455,10.208767551378,1.69,0.315225032919,34.4925678855,半导体,2025-04-26,2024-03-31
688130,晶华微,-0.02,26704868.92,-8.8075178548,-19.5266,-1142936.53,-138.57,95.3942,19.078162250601,-0.09,-0.169865869742,62.1080495833,半导体,2025-04-26,2024-03-31
688129,东来技术,0.17,112879873.18,35.57497122,-29.2033,19982053.35,554.75,-13.4627,6.903620246799,2.31,-0.301312174009,38.6893525123,化学制品,2025-04-26,2024-03-31
688126,沪硅产业,-0.072,724803136.62,-9.736074815,-9.4149,-197718963.06,-288.69,-660.4519,4.840416227481,-1.39,-0.12517454343,-7.6828014583,半导体,2025-04-26,2024-03-31
688123,聚辰股份,0.32,247223074.39,72.4915274697,22.5184,51090568.11,138.05,184.7592,12.614575990344,2.56,0.363195863654,54.6222375129,半导体,2025-04-26,2024-03-31
688115,思林杰,0.04,26243560.85,-15.9623201875,-54.7392,2806035.56,127.4414086994,-86.6948,19.085806093445,0.22,-0.161987928754,59.1118462112,通用设备,2025-04-26,2024-03-31
688108,赛诺医疗,-0.004,91062636.9,24.4565638873,-7.6825,-1672840.41,89.6792612189,-179.0492,1.993606065317,-0.2,-0.039556866854,54.3371264488,医疗器械,2025-04-26,2024-03-31
688107,安路科技,-0.1389,141981722.66,-24.2871657715,31.4603,-55658295.32,-9.1093584007,6.2371,3.479816196616,-3.92,-0.13278333886,38.5301307697,半导体,2025-04-26,2024-03-31
688106,金宏气体,0.16,589385657.72,13.7384854022,-8.9674,76482616.23,26.68,36.4642,6.334758084184,2.38,0.161991117435,34.1003444192,电子化学品Ⅱ,2025-04-26,2024-03-31
688100,威胜信息,0.23,448074674.15,5.9160316605,-20.4281,111200021.77,21.96,-37.8122,5.6763419286,3.72,0.11549631894,41.8868741011,通信设备,2025-04-26,2024-03-31
688097,博众精工,-0.048,742955747.03,-15.8804357234,-53.4221,-21277243.18,-140.85,-113.2228,9.343309549864,-0.51,-1.115284187172,32.6646483267,自动化设备,2025-04-26,2024-03-31
688069,德林海,-0.03,38244147.95,23.148974968,-75.791,-2879043.11,81.1499739105,-152.8065,11.884326737336,-0.2,-0.188291074723,49.6191974908,环境治理,2025-04-26,2024-03-31
688055,龙腾光电,-0.018,926819676.17,20.7200242478,-8.8418,-58779802.35,47.4847604761,-36.2437,1.330811121039,-1.32,-0.003000187974,6.9486837435,光学光电子,2025-04-26,2024-03-31
688046,药康生物,0.07,157087264.43,11.9613403103,-6.2851,29479404.17,-5.06,-28.4481,5.198117093098,1.39,-0.128304236902,65.9927762038,医疗服务,2025-04-26,2024-03-31
688038,中科通达,0.04,54314011.98,-2.2524571387,-9.8839,4252461.38,342.6058308446,105.1073,5.351550667592,0.69,-0.24800405823,26.2123682103,软件开发,2025-04-26,2024-03-31
688035,德邦科技,0.1,203143856.58,16.5329857851,-27.7673,13784585.53,-42.7,-27.2923,15.834070285082,0.61,0.534763848847,24.8280148064,电子化学品Ⅱ,2025-04-26,2024-03-31
688031,星环科技,-0.73,62734168.59,46.0030078317,-76.5944,-88669719.41,-3.7687224208,-354.5994,11.265979453612,-6.32,-1.384309005371,57.4768812123,软件开发,2025-04-26,2024-03-31
688026,洁特生物,0.07,98275342.97,32.300682915,-26.3571,8178548.18,192.97,-60.7314,7.232060820064,0.71,0.251525802343,31.9252012884,医疗器械,2025-04-26,2024-03-31
688021,奥福科技,-0.11,71659976.07,-26.9723950325,-11.187,-8777723.29,-197.1,53.1831,11.621572447649,-0.97,-0.02285950222,17.4045587565,汽车零部件,2025-04-26,2024-03-31
688015,交控科技,0.07,423058354.17,43.3051641679,-46.9301,12415122.28,22.65,-71.535,13.269558096819,0.5,-0.830524117559,30.6872775967,轨交设备Ⅱ,2025-04-26,2024-03-31
688011,新光光电,-0.047,33216631.63,18.0770947199,-54.3948,-4660899.65,30.75,71.9775,11.373825445,-0.41,-0.1140899387,38.9593389364,军工电子Ⅱ,2025-04-26,2024-03-31
605399,晨光新材,0.08,273853534.36,-3.3135657303,-6.3282,25646683.6,-36.95,2.7459,7.056260591151,1.17,-0.018615035529,14.8190391243,化学制品,2025-04-26,2024-03-31
605398,新炬网络,0.06,133304564.23,0.4128255133,-27.4488,9306431.56,-26.0,-64.6735,9.214153277501,0.87,-0.515016177772,38.74531593,IT服务Ⅱ,2025-04-26,2024-03-31
605369,拱东医疗,0.29,271918455.78,20.2175201477,3.6263,45108983.69,56.02,116.0802,14.951495539054,2.72,0.364649399832,33.138898848,医疗器械,2025-04-26,2024-03-31
605333,沪光股份,0.24,1532929743.74,134.1239541841,-6.2852,100791490.47,504.6,31.2205,3.762569039741,6.32,0.000615091558,13.9596248454,汽车零部件,2025-04-26,2024-03-31
605300,佳禾食品,0.11,540971890.96,-15.6124317713,-28.3616,45718480.23,-27.71,-11.635,5.682755685308,2.02,0.358410731257,17.9502325505,饮料乳品,2025-04-26,2024-03-31
605286,同力天启,0.23,486516509.92,18.6928151511,-24.364,41333274.95,140.15,-43.3529,10.504016268239,2.26,0.456597066648,23.0655326021,专用设备,2025-04-26,2024-03-31
605258,协和电子,0.15,182471919.22,26.4732733742,-14.248,13294519.93,68.47,20.4811,13.449401588409,1.13,-0.016644988636,20.4501442137,元件,2025-04-26,2024-03-31
605196,华通线缆,0.18,1380484308.41,7.3464859992,6.7088,90243578.81,83.26,21.3211,5.725762093587,3.13,0.060888422569,16.8759527588,电网设备,2025-04-26,2024-03-31
605168,三人行,0.33,936449161.54,0.6004490066,-33.0157,48658416.06,-65.53,-76.658,20.056255759314,1.66,-1.87470410313,17.5137035608,广告营销,2025-04-26,2024-03-31
605166,聚合顺,0.22,1638575595.91,28.4911136939,-0.1355,70224824.17,40.06,50.8461,5.557113481349,4.02,-0.993482822794,7.9444645334,化学纤维,2025-04-26,2024-03-31
605116,奥锐特,0.2,335623155.4,11.0834979802,-1.288,82184172.26,79.14,44.5055,5.065116917367,3.14,0.22015758355,53.6807961403,化学制药,2025-04-26,2024-03-31
605066,天正电气,0.07,667878226.18,7.9592378002,-14.0836,28938069.46,-46.69,120.0335,4.585198814208,1.57,-0.01322062832,25.1956985291,电网设备,2025-04-26,2024-03-31
605028,世茂能源,0.22,92146736.03,6.1974810206,-7.4095,34607359.55,-14.68,-23.981,8.338511018625,2.63,0.174045467438,57.198639269,电力,2025-04-26,2024-03-31
605018,长华集团,0.1,585771301.03,52.9890430523,-28.6937,44899863.69,10970.03,-13.8997,5.83963751918,1.64,0.372043030498,13.7714193949,汽车零部件,2025-04-26,2024-03-31
605011,杭州热电,0.11,764233968.9,-1.4813578092,-24.003,45046020.08,7.78,-8.9264,5.570670377831,2.04,0.005839969808,12.4253104866,电力,2025-04-26,2024-03-31
605009,豪悦护理,0.55,639711881.28,1.2141492025,-6.229,85748400.75,7.99,-33.2425,21.235106919998,2.63,-0.607128771113,27.7083940063,个护用品,2025-04-26,2024-03-31
605005,合兴股份,0.14,407061245.92,31.7444992549,-18.8628,55152871.69,46.07,-16.6789,4.540220633217,3.07,0.226453154364,33.8106052835,汽车零部件,2025-04-26,2024-03-31
605001,威奥股份,-0.03,315800011.95,155.9425964261,-39.7756,-12479756.69,69.0137083157,-104.0557,6.935656285029,-0.46,0.03447059488,25.1316844258,轨交设备Ⅱ,2025-04-26,2024-03-31
603999,读者传媒,0.015,251603822.99,13.7974878602,-38.3724,8696124.18,14.35,-69.4066,3.405981252344,0.44,-0.100214252448,22.2007404403,出版,2025-04-26,2024-03-31
603995,甬金股份,0.32,9305378722.42,24.2943448021,-24.3048,122481099.52,30.46,-10.9773,13.909347532424,2.35,0.202334969878,4.7940245289,特钢Ⅱ,2025-04-26,2024-03-31
603993,洛阳钼业,0.1,46121379515.86,4.1502211423,-15.5081,2071690611.96,553.28,-64.3218,2.823078534474,3.46,0.253611819541,12.791757952,工业金属,2025-04-26,2024-03-31
603987,康德莱,0.14,569931434.38,-17.0252891399,-1.3765,60535925.93,-28.88,36.9006,5.624203759881,2.49,-0.101352472432,30.9246496452,医疗器械,2025-04-26,2024-03-31
603986,兆易创新,0.31,1627269967.75,21.3193414564,19.0974,204785920.62,36.45,175.1413,22.998566956436,1.34,0.940888505548,38.159108385,半导体,2025-04-26,2024-03-31
603983,丸美生物,0.28,661391316.33,38.7301902319,-4.0286,110628781.43,40.62,29.2546,8.622782997606,3.25,-0.024753579426,74.6065355149,化妆品,2025-04-26,2024-03-31
603966,法兰泰克,0.07,344389752.89,-22.4620043252,-37.0428,24857575.09,5.66,0.5936,4.205375328771,1.6,-0.104355568692,27.2227674236,专用设备,2025-04-26,2024-03-31
603960,克来机电,0.04,97362459.71,-16.8314979275,-64.594,11219746.3,-13.43,-77.3853,4.173704537242,1.03,0.243965823305,27.3239196496,汽车零部件,2025-04-26,2024-03-31
603956,威派格,-0.08,214419201.16,37.0290778948,-66.8101,-37501986.61,15.5729941857,-145.6741,3.625909554541,-1.88,-0.430476937629,53.3758968697,专用设备,2025-04-26,2024-03-31
603948,建业股份,0.36,562483157.49,-19.9907969811,-21.5674,58845851.47,-36.18,-24.2012,12.796014255023,2.87,0.433757455429,16.8815870956,化学制品,2025-04-26,2024-03-31
603936,博敏电子,0.04,719378920.73,9.7192108763,13.7644,26142014.38,24.54,104.2001,7.067094745945,0.58,0.222113808092,11.6306994991,元件,2025-04-26,2024-03-31
603933,睿能科技,0.087,432173692.03,-7.1562710586,-4.5343,18060603.59,7.5,38.8037,6.186255305658,1.4,0.244122896457,26.2540683393,其他电子Ⅱ,2025-04-26,2024-03-31
603931,格林达,0.17,170730723.91,5.7952440692,-3.6127,34094142.2,22.3,-35.2694,7.552721825463,2.29,0.266999082624,33.3334972913,电子化学品Ⅱ,2025-04-26,2024-03-31
603909,建发合诚,0.0857,1629981228.09,465.8219338348,-14.9581,22350804.88,223.21,-38.5979,3.908488801033,2.22,-0.238364513467,4.7917775214,工程咨询服务Ⅱ,2025-04-26,2024-03-31
603901,永创智能,0.08,831672851.04,11.2037763232,13.5377,38467182.73,-48.24,140.3191,4.951493181635,1.51,-0.414040198605,28.8963573585,专用设备,2025-04-26,2024-03-31
603889,新澳股份,0.13,1099710339.59,12.4844531266,18.5447,96051022.16,6.59,80.7323,4.474051870321,2.98,-0.397828539362,19.9110146642,纺织制造,2025-04-26,2024-03-31
603886,元祖股份,-0.03,420968671.4,-5.9640677971,-16.0763,-8394514.37,4.7106657236,66.8356,6.871352412583,-0.51,-0.052356761542,61.0729731087,休闲食品,2025-04-26,2024-03-31
603882,金域医学,-0.04,1841260736.25,-13.0482589111,-17.4325,-18637084.22,-112.46,-127.6658,17.499550867041,-0.22,-0.295049689894,32.0872507618,医疗服务,2025-04-26,2024-03-31
603881,数据港,0.06,381396776.91,2.514702732,-10.6466,35753890.21,1.91,67.5777,6.904977658734,1.13,0.314252743371,27.2016337135,通信服务,2025-04-26,2024-03-31
603858,步长制药,0.1035,2640556945.44,-24.876408839,-19.0488,114015551.69,-74.96,118.8092,10.455552027752,0.98,0.067009135909,58.6633255876,中药Ⅱ,2025-04-26,2024-03-31
603848,好太太,0.14,292063615.37,5.7338690618,-48.9688,55549590.0,15.07,-37.5184,5.828482535197,2.39,-0.062451588222,51.9413010237,家居用品,2025-04-26,2024-03-31
603836,海程邦达,0.15,1968062720.11,39.3482655271,7.0732,31102078.64,2.65,-53.9374,8.760115191184,1.75,-0.391669266716,6.5847963998,物流,2025-04-26,2024-03-31
603826,坤彩科技,0.031,254965318.17,5.3806981774,43.5826,20302368.75,50.57,7.5091,4.0839101,1.07,-0.206154255833,32.5464926899,非金属材料Ⅱ,2025-04-26,2024-03-31
603823,百合花,0.1,589890529.88,6.6586926748,5.5156,40626753.88,160.21,4.4189,5.438166874472,1.83,-0.03039094292,19.415121925,化学制品,2025-04-26,2024-03-31
603806,福斯特,0.2,5321491035.96,8.3153863888,-10.3963,521500737.0,43.13,24.3959,8.333972186424,3.3,-0.017986532917,15.2789127768,光伏设备,2025-04-26,2024-03-31
603803,瑞斯康达,0.05,384417205.05,24.0316180014,-21.4196,20347202.46,173.862645509,115.8531,4.060133309318,1.16,0.141049883085,38.3056317812,通信设备,2025-04-26,2024-03-31
603800,洪田股份,0.1413,337052539.27,-13.4749291067,-53.0107,29116067.23,64.2,-79.7862,3.825376810048,3.51,-0.158380660433,24.9720054423,专用设备,2025-04-26,2024-03-31
603790,雅运股份,0.13,217124952.99,13.3656791828,19.8892,24965169.79,42.2,322.7649,6.23237859908,2.03,0.004607191994,30.7287901005,化学制品,2025-04-26,2024-03-31
603787,新日股份,0.1092,755380341.02,-34.4964574658,-4.683,25130821.51,-39.74,269.6899,6.826416196414,1.61,0.054216325802,15.2996586162,摩托车及其他,2025-04-26,2024-03-31
603755,日辰股份,0.1309,91754160.4,14.7259108691,-1.929,12904905.27,21.06,-13.0281,7.241820197139,1.82,0.16710018329,38.2755143711,调味发酵品Ⅱ,2025-04-26,2024-03-31
603739,蔚蓝生物,0.05,286784227.66,23.3177719453,-10.1728,12722943.82,20.45,-49.8778,6.808603978725,0.74,-0.053383147716,44.4552641441,化学制品,2025-04-26,2024-03-31
603737,三棵树,0.09,2065894745.9,0.6179340728,-32.6044,47083306.71,78.2,112.3578,4.729986929304,1.91,-0.500762814021,28.3839857134,装修建材,2025-04-26,2024-03-31
603729,ST龙韵,-0.16,85458809.98,37.1121155404,23.1676,-14439593.14,-239.3320255914,74.804,3.73207612173,-4.06,-0.016637726221,6.0547686321,广告营销,2025-04-26,2024-03-31
603711,香飘飘,0.06,724921172.97,6.7598146872,-55.9722,25212645.11,331.26,-90.8917,8.228516649568,0.75,-0.383536770699,33.6357802878,饮料乳品,2025-04-26,2024-03-31
603701,德宏股份,0.03,168120938.9,13.2839992322,-19.1244,7123487.4,5.78,25.2546,2.944106882854,0.93,0.015509618711,17.8966271167,汽车零部件,2025-04-26,2024-03-31
603697,有友食品,0.1,275081162.58,17.9648852687,33.0222,43287937.52,-8.77,329.5551,4.391991790622,2.33,0.146506062359,31.4308909738,休闲食品,2025-04-26,2024-03-31
603688,石英股份,0.44,393563678.21,-67.8195957648,-69.3586,158447111.85,-80.7,-80.9564,21.297796403556,2.08,1.245340564988,61.2036273483,非金属材料Ⅱ,2025-04-26,2024-03-31
603679,华体科技,0.02,117640693.2,-8.4061229682,8.544,3266102.06,-69.01,106.992,5.425854715599,0.36,-0.03989350849,19.2216839555,光学光电子,2025-04-26,2024-03-31
603676,卫信康,0.22,317837248.06,-9.287420173,21.5567,94914703.56,57.54,2413.3356,3.298290520071,6.84,0.268479065611,54.7151856529,化学制药,2025-04-26,2024-03-31
603669,灵康药业,-0.02,76861627.55,4.8538418066,66.4903,-16041506.14,30.2281643063,70.7874,1.135902967308,-1.74,-0.028665784015,57.0540270065,化学制药,2025-04-26,2024-03-31
603666,亿嘉和,-0.17,40307066.45,-73.0573469179,-88.9636,-34459571.63,-403.09,-145.0754,11.345968362874,-1.64,-0.007005290201,48.6190228314,自动化设备,2025-04-26,2024-03-31
603661,恒林股份,0.75,2353688954.37,38.9775202502,-2.6974,102685674.26,31.2,199.8251,25.144360634333,2.98,1.138616185097,24.804415277,家居用品,2025-04-26,2024-03-31
603659,璞泰来,0.21,3034281969.67,-17.970076617,-16.9262,444789571.85,-36.64,57.3452,8.531733210671,2.47,-0.636332769693,31.3524501734,电池,2025-04-26,2024-03-31
603636,南威软件,-0.12,107821887.71,-26.9670448198,-88.9909,-67483302.0,-209.87,-153.7884,4.453584853422,-2.53,-0.329597627549,29.3904776415,IT服务Ⅱ,2025-04-26,2024-03-31
603609,禾丰股份,-0.11,7221755333.0,-7.9282611653,-20.4452,-102487079.3,-627.34,79.3611,6.874413508232,-1.55,-0.374962257174,4.5614624647,饲料,2025-04-26,2024-03-31
603595,ST东尼,0.06,409366869.21,22.2717751901,-14.2369,12867632.33,132.45,104.0651,6.734134780255,0.83,0.808123907691,27.9030723689,消费电子,2025-04-26,2024-03-31
603590,康辰药业,0.27,199236548.72,20.6719909122,-0.3696,41654332.06,62.28,2192.1904,19.65615163575,1.34,0.281446585125,88.728697659,生物制品,2025-04-26,2024-03-31
603586,金麒麟,0.09,375337104.39,-18.3708658631,3.9437,17344989.75,-61.79,-47.4364,11.591108715112,0.77,-0.086977437147,20.2631298533,汽车零部件,2025-04-26,2024-03-31
603568,伟明环保,0.42,2008033045.49,50.1105720505,43.0857,712424891.49,40.29,49.1894,6.774888333285,6.28,0.291399588357,45.9292858298,环境治理,2025-04-26,2024-03-31
603551,奥普科技,0.13,381444010.0,10.0555784546,-38.9832,52037119.25,9.82,-43.7223,4.187736724,3.18,-0.251879916579,47.4232611858,厨卫电器,2025-04-26,2024-03-31
603533,掌阅科技,-0.17,678455776.21,13.4269274404,-16.7537,-73150242.74,-1196.91,-11280.2379,5.593137256139,-2.94,-0.339859659959,70.8283549245,数字媒体,2025-04-26,2024-03-31
603529,爱玛科技,0.58,4953544553.57,-8.9736754345,38.3472,483312042.34,1.16,49.3662,9.029986917645,6.08,0.790022889843,18.0351266157,摩托车及其他,2025-04-26,2024-03-31
603528,多伦科技,0.0072,167218662.95,8.8494015089,59.5014,5070630.05,66.23,102.1324,2.786046736841,0.26,-0.008124722884,29.3128262691,软件开发,2025-04-26,2024-03-31
603527,众源新材,0.06,1736284924.06,10.8427503412,-15.592,18728109.73,-29.75,-27.2633,6.150402684313,0.97,-0.664406948044,3.3301023005,工业金属,2025-04-26,2024-03-31
603506,南都物业,0.11,441946186.25,-4.9752463365,-4.5698,20825030.69,-48.36,-70.7713,6.23104068107,1.79,-0.71927285736,19.4531412748,房地产服务,2025-04-26,2024-03-31
603499,翔港科技,0.0244,171350182.43,10.9501997124,-14.4177,4918115.57,19.02,810.4339,3.163534231904,0.75,0.156879769027,22.2124640197,包装印刷,2025-04-26,2024-03-31
603486,科沃斯,0.52,3474106919.34,7.3540820165,-30.1062,297737146.51,-8.71,3449.7313,11.655265112729,4.45,0.140348753711,45.3300225696,小家电,2025-04-26,2024-03-31
603477,巨星农牧,-0.27,948632662.53,6.1594955737,-8.3315,-138047904.89,32.8496454685,54.3683,5.324891747562,-4.6,0.017079830082,2.3350362501,养殖业,2025-04-26,2024-03-31
603429,*ST集友,-0.01,187961615.52,33.030239518,19.9717,-3226171.49,-109.36,45.0832,2.850327231547,-0.21,0.011627971616,46.2379102614,包装印刷,2025-04-26,2024-03-31
603416,信捷电气,0.32,339857856.78,3.3865956399,-19.7628,44471993.97,8.61,0.195,15.320463448919,2.06,-0.439872047097,38.961530869,自动化设备,2025-04-26,2024-03-31
603396,金辰股份,0.24,652009020.86,26.4540087736,24.6614,31715417.92,21.58,107.1838,18.353069184807,1.44,-0.296579876985,23.943321708,光伏设备,2025-04-26,2024-03-31
603395,红四方,0.14,765178590.05,,-14.0549,21480044.99,,-15.3799,,2.29,,10.5272393605,农化制品,2025-04-26,2024-03-31
603386,骏亚科技,-0.05,484528006.79,-15.0122701986,-14.4681,-15968971.64,-227.15,-12.9437,4.581832142528,-1.06,0.280558556142,14.1419683547,元件,2025-04-26,2024-03-31
603383,顶点软件,0.08,137615572.95,5.340232961,-52.0004,16208369.57,-26.78,-85.6959,8.827911727796,1.08,-0.867362191173,68.9234342064,软件开发,2025-04-26,2024-03-31
603353,和顺石油,0.05,807278398.98,-7.0948410707,130.6492,9216663.3,-24.53,464.389,9.546461608187,0.56,-0.562491447686,7.7961835842,炼化及贸易,2025-04-26,2024-03-31
603348,文灿股份,0.24,1479968616.97,16.333477912,15.5031,62062508.42,2344.25,8370.7843,12.219374588241,1.91,0.239823502707,15.9671719008,汽车零部件,2025-04-26,2024-03-31
603333,福华尚纬,-0.03,252271771.72,-28.8458966763,-58.1398,-16516892.76,-1047.06,-67.4373,3.466209703989,-0.77,0.017301968122,15.9850746102,电网设备,2025-04-26,2024-03-31
603330,天洋新材,0.01,289647776.7,-14.0641999431,-10.5723,5455355.32,58.42,107.6269,4.149100658889,0.3,-0.168540742217,16.6659835059,塑料,2025-04-26,2024-03-31
603325,博隆技术,0.461,142053410.33,-67.0605316239,-69.3236,28175213.02,-75.27,-74.4365,34.22218139538,1.48,1.521906364632,28.7895690536,专用设备,2025-04-26,2024-03-31
603311,金海高科,0.08,188576543.91,-8.4469721774,29.2007,18813071.14,-6.43,211.8865,5.329446998476,1.49,0.082589137546,24.8363698151,家电零部件Ⅱ,2025-04-26,2024-03-31
603307,扬州金泉,0.63,219661698.68,-18.9604174253,23.3113,42087657.48,-28.38,55.021,20.504732649104,3.11,0.72409031,30.6365530652,服装家纺,2025-04-26,2024-03-31
603301,振德医疗,0.28,963887437.65,-25.8819966129,5.0159,73397631.01,-49.89,171.8722,20.524115774828,1.36,0.098694144716,34.8306152509,医疗器械,2025-04-26,2024-03-31
603297,永新光学,0.41,215915276.32,14.7427765149,-11.3214,45559746.67,-3.85,-26.0305,16.750548089106,2.42,-0.043718617079,37.710317643,光学光电子,2025-04-26,2024-03-31
603290,斯达半导,0.68,804774309.14,3.1676676347,-22.9344,162598954.19,-21.14,-35.5556,38.597419282812,2.5,-0.603167982012,31.7840008702,半导体,2025-04-26,2024-03-31
603267,鸿远电子,0.31,429163241.75,-1.4362113109,23.8823,72434826.38,-28.7,179.3426,18.241202822157,1.72,-0.161970577571,41.5572552329,军工电子Ⅱ,2025-04-26,2024-03-31
603261,立航科技,-0.13,12470281.0,-48.5614946993,-88.1615,-10274130.94,-84.11,85.3609,10.292672820043,-1.26,-0.602237257638,-0.4607325208,航空装备Ⅱ,2025-04-26,2024-03-31
603258,电魂网络,0.19,137499053.47,-11.6965827934,-19.9211,46373345.19,-2.03,180.6994,9.461105656824,2.02,0.008818865163,72.9378837447,游戏Ⅱ,2025-04-26,2024-03-31
603233,大参林,0.35,6751925018.36,13.5378424674,-0.8271,398450103.92,-19.79,5169.1657,6.238668798494,5.66,1.076956601775,35.4582646306,医药商业,2025-04-26,2024-03-31
603232,格尔软件,-0.22,48542795.61,-29.2361282538,-78.8849,-51501037.28,-23.6465477144,-169.2463,5.749759907579,-3.74,-0.319934984249,35.7851638986,软件开发,2025-04-26,2024-03-31
603230,内蒙新华,0.36,559135240.1,8.0005571543,50.7012,128015033.06,-9.81,979.5094,7.638373035446,4.86,-0.612937537388,41.89186013,出版,2025-04-26,2024-03-31
603219,富佳股份,0.09,425306633.65,1.9040843379,-46.3114,49288730.18,94.66,-25.7072,2.88746375041,3.03,0.17423770456,20.4669095831,小家电,2025-04-26,2024-03-31
603214,爱婴室,0.0449,806178987.85,6.4243454891,-11.4584,6306934.32,135.29,-89.0859,8.012623235537,0.55,0.576443292572,24.9195038059,专业连锁Ⅱ,2025-04-26,2024-03-31
603191,望变电气,0.07,527277666.15,-7.7622448677,-29.6121,23735100.08,-70.46,26.2291,7.254243089811,0.99,-0.40329561844,11.7398530251,电网设备,2025-04-26,2024-03-31
603182,嘉华股份,0.19,394014949.66,-15.0413821545,-10.1198,31232701.74,0.9,28.4968,6.448827802917,2.99,0.289380129748,13.9639859801,农产品加工,2025-04-26,2024-03-31
603170,宝立食品,0.15,624083305.73,15.7208473317,2.3405,60796433.2,-20.36,1.2495,3.532939195495,4.4,0.193087628009,32.0398534016,调味发酵品Ⅱ,2025-04-26,2024-03-31
603166,福达股份,0.05,320532521.26,1.6982638668,-20.4499,31595670.03,3.61,-19.902,3.573691486498,1.35,0.070060519122,24.0868021711,汽车零部件,2025-04-26,2024-03-31
603163,圣晖集成,0.18,353047565.61,-15.9106512109,-37.3157,17806679.56,-50.84,-27.2049,10.9252846113,1.64,-0.3649205985,11.7806849505,专业工程,2025-04-26,2024-03-31
603158,腾龙股份,0.12,858301007.68,26.7199649299,-8.3961,56681449.33,53.19,4.8365,4.38986303477,2.66,0.145568649194,23.464630782,汽车零部件,2025-04-26,2024-03-31
603156,养元饮品,0.6946,2315937248.05,3.9064279369,47.0656,878948803.33,19.96,393.9321,9.171483404238,7.75,-0.694194179394,47.1744300317,饮料乳品,2025-04-26,2024-03-31
603153,上海建科,0.0,926982849.76,20.9536862435,-47.9818,-231924.56,5.53,-88.7507,8.489673263069,-0.01,-1.221470251949,23.4871244755,工程咨询服务Ⅱ,2025-04-26,2024-03-31
603110,东方材料,0.01,88465424.68,5.844424884,-11.0734,2604539.55,-41.79,-92.9748,3.436574620712,0.38,-0.034814786189,27.6370287357,化学制品,2025-04-26,2024-03-31
603108,润达医疗,0.04,2072478429.77,-4.8496569078,-8.1772,22603808.03,-72.11,322.5505,7.121007725683,0.53,-0.068207164305,26.7982976451,医疗服务,2025-04-26,2024-03-31
603095,越剑智能,0.06,236129174.2,14.8257600016,54.2564,11946374.74,-54.21,162.1534,13.477575979924,0.48,-0.02518798355,12.1129298601,专用设备,2025-04-26,2024-03-31
603090,宏盛股份,0.16,138934012.43,-8.7351598101,-13.0227,15883260.48,1.59,612.2527,5.7551382762,2.8,0.195565758,29.2202702131,通用设备,2025-04-26,2024-03-31
603078,江化微,0.0658,243924823.35,7.9926837215,-5.6188,25391516.68,-5.29,277.2659,4.293307741424,1.61,0.027291362296,25.6603398008,电子化学品Ⅱ,2025-04-26,2024-03-31
603070,万控智造,0.02,433875270.35,-0.284792825,-27.2407,6825086.0,-76.31,-80.0892,5.229443174564,0.33,-0.026129099102,20.4172903629,电网设备,2025-04-26,2024-03-31
603066,音飞储存,0.1003,217152096.37,2.210566894,-64.0752,29502404.62,-37.94,-38.9391,4.672531439504,2.08,-0.039532445746,25.0305813476,物流,2025-04-26,2024-03-31
603048,浙江黎明,0.12,158109145.28,21.6188725066,-13.7072,17514131.01,164.8,7.1975,8.960063703976,1.34,0.046755856073,37.000141419,汽车零部件,2025-04-26,2024-03-31
603041,美思德,0.17,146878544.34,22.2685756548,17.9402,30888899.23,25.85,2.6234,8.131947584794,2.1,0.036879877416,38.8050751634,化学制品,2025-04-26,2024-03-31
603012,创力集团,0.09,575983220.72,23.79172815,-23.9176,60571304.42,-26.6,-60.253,5.648466063833,1.66,0.032682081044,40.5067901072,专用设备,2025-04-26,2024-03-31
601999,出版传媒,-0.01,540413035.73,1.1958269973,-10.1867,-7617050.8,-81.010806891,-115.5575,4.592382108718,-0.3,-0.483129783994,20.1971988227,出版,2025-04-26,2024-03-31
601996,丰林集团,-0.0002,398643572.94,-6.1960427481,-30.2855,-172272.21,98.3,99.3485,2.499197067735,-0.01,-0.169682015093,4.9146291148,家居用品,2025-04-26,2024-03-31
601975,招商南油,0.1388,1838695345.82,13.6517574193,18.6801,671205206.76,65.32,89.7268,1.985768010221,7.22,0.159604620898,37.0514454033,航运港口,2025-04-26,2024-03-31
601965,中国汽研,0.17,881883313.86,24.7280099111,-42.0262,167547878.96,15.24,-39.1364,6.680521150296,2.57,-0.253997166747,39.5066102153,专业服务,2025-04-26,2024-03-31
601963,重庆银行,0.44,3400912000.0,5.1734231232,14.744,1542084000.0,4.04,133.823,14.635111340588,3.0425,-5.549311798545,,银行Ⅱ,2025-04-26,2024-03-31
601958,金钼股份,0.196,2866993030.25,8.4274188686,7.0427,633203947.14,-23.95,-16.9422,4.950340770994,4.04,0.016995692221,43.3013203399,小金属,2025-04-26,2024-03-31
601949,中国出版,-0.0027,940036677.32,-7.7749206444,-61.0399,-5065564.65,-115.37,-100.9081,4.863270006273,-0.05,-0.240311682693,30.2659493618,出版,2025-04-26,2024-03-31
601933,永辉超市,0.08,21664836890.58,-8.9790810167,30.8727,736404585.02,4.57,153.3108,0.735680873086,11.68,0.218673651363,22.8527210014,一般零售,2025-04-26,2024-03-31
601918,新集能源,0.231,3057916211.41,5.5883254571,-3.0164,597626575.56,0.62,216.6482,5.466583895187,4.32,0.377619757755,41.9517260553,煤炭开采,2025-04-26,2024-03-31
601900,南方传媒,0.17,2087981661.29,-4.8610077453,-28.4552,152300514.53,-33.96,-74.7446,9.039891900421,1.9,-0.215787984826,34.0496363,出版,2025-04-26,2024-03-31
601898,中煤能源,0.37,45394500000.0,-23.2661582383,23.4878,4969520000.0,-30.5,74.6136,11.295459881588,3.38,0.256826800711,27.0504047847,煤炭开采,2025-04-26,2024-03-31
601818,光大银行,0.18,34487000000.0,-9.6205251848,3.0847,12426000000.0,0.39,300.5803,7.792573536878,2.3625,-2.68303828318,,银行Ⅱ,2025-04-26,2024-03-31
601728,中国电信,0.09,134494562936.36,3.6541213255,6.1184,8597086263.8,7.7,156.9989,4.932667073881,1.92,0.227979762747,29.4052270995,通信服务,2025-04-26,2024-03-31
601665,齐鲁银行,0.22,3022280000.0,5.5337954461,5.8806,1177668000.0,15.98,-9.1654,7.329486558211,3.0625,-0.309906454222,,银行Ⅱ,2025-04-26,2024-03-31
601633,长城汽车,0.38,42859436851.56,47.6,-20.1993,3219099770.95,1752.55,59.2613,8.363427345375,4.6,-0.308330166885,19.368405586,乘用车,2025-04-26,2024-03-31
601615,明阳智能,0.13,5075351028.23,84.6027456074,-26.4576,304183268.6,233.8299888511,135.5624,11.936211481029,1.09,-0.735067448059,16.832021457,风电设备,2025-04-26,2024-03-31
601608,中信重工,0.0207,2177168780.8,0.2203007324,-15.3346,89777996.14,12.12,-23.4676,1.866186344595,1.11,0.011754610056,17.553296523,专用设备,2025-04-26,2024-03-31
601606,长城军工,-0.05,140767239.52,-34.3393713503,-79.0943,-34971326.38,-20.61,-301.0946,3.556203773133,-1.34,-0.095966026118,21.708749283,地面兵装Ⅱ,2025-04-26,2024-03-31
601601,中国太保,1.22,95428000000.0,1.1039772848,40.2961,11759000000.0,1.1,186.2463,26.807172557173,4.6,5.185758835759,,保险Ⅱ,2025-04-26,2024-03-31
601577,长沙银行,0.52,6561015000.0,7.8873159766,8.4222,2093275000.0,5.75,29.343,15.493596505232,3.42,-5.89666730821,,银行Ⅱ,2025-04-26,2024-03-31
601555,东吴证券,0.09,2225045325.4,-1.3053175057,-31.4298,455938571.22,-21.81,77.7864,8.121605116684,1.14,3.10077165208,,证券Ⅱ,2025-04-26,2024-03-31
601519,大智慧,-0.034,159647060.21,-5.0675844663,-30.4125,-68670354.24,-122.52,46.6712,0.803468785586,-4.14,-0.064118053,54.9617984726,软件开发,2025-04-26,2024-03-31
601518,吉林高速,0.06,265581335.66,-5.7648958609,-47.8513,119714544.39,-1.43,-22.6153,2.717438731198,2.36,0.063427772657,69.3217492647,铁路公路,2025-04-26,2024-03-31
601377,兴业证券,0.035,2376916655.23,-42.9895035701,34.2303,328204971.32,-60.38,-14.3484,6.231797717621,0.56,-0.191817920067,,证券Ⅱ,2025-04-26,2024-03-31
601360,三六零,-0.02,1719444000.0,-12.5305415449,-25.8049,-109635000.0,41.1488416035,11.4519,4.433941722277,-0.34,-0.026784502722,62.297172807,软件开发,2025-04-26,2024-03-31
601330,绿色动力,0.1,804876678.42,-22.6514952177,-11.8915,138851431.42,-18.6,48.68,5.551811922818,1.76,0.160731811224,44.1702200489,环境治理,2025-04-26,2024-03-31
601318,中国平安,2.07,245569000000.0,-3.2347169573,17.581,36709000000.0,-4.3,2021.9372,49.69632070291,4.1,4.116309719934,,保险Ⅱ,2025-04-26,2024-03-31
601238,广汽集团,0.12,21566434255.0,-18.7910590025,-31.5876,1220351768.0,-20.65,1589.9591,11.159203824115,1.05,-0.585421849762,6.4698257775,乘用车,2025-04-26,2024-03-31
601231,环旭电子,0.15,13491928720.52,3.7986912,-23.9244,334683660.3,20.63,-39.732,7.604794234843,1.96,0.518533069119,9.5101847271,消费电子,2025-04-26,2024-03-31
601225,陕西煤业,0.5018,43324614499.29,-3.3129735667,-6.8848,4864491560.77,-32.69,-8.0563,9.783463566897,4.73,0.892351360457,34.0369532047,煤炭开采,2025-04-26,2024-03-31
601222,林洋能源,0.11,1554242390.29,45.9549398953,-26.7675,217877660.89,10.78,20.8097,7.641838679814,1.39,-0.157034830906,30.0107533692,电网设备,2025-04-26,2024-03-31
601177,杭齿前进,0.1309,423171700.23,-22.3382130985,-5.896,52350757.83,-20.19,35.5479,6.018232840849,2.21,-0.222745271184,20.961556182,通用设备,2025-04-26,2024-03-31
601168,西部矿业,0.31,10973912763.0,-5.1837694504,4.3689,736994982.0,8.39,24.591,6.726885439362,4.71,0.209561007973,18.4661700504,工业金属,2025-04-26,2024-03-31
601163,三角轮胎,0.37,2385423232.4,-2.9343244204,-6.531,294055844.78,26.92,-13.2211,16.457773470363,2.26,0.002383827738,20.6478458284,汽车零部件,2025-04-26,2024-03-31
601128,常熟银行,0.32,2699689000.0,12.0108555171,14.886,952266000.0,19.8,24.7612,9.342432185628,3.685,6.146636377762,,银行Ⅱ,2025-04-26,2024-03-31
601121,宝地矿业,0.05,244131602.41,66.3964245252,-23.9068,40320780.66,28.89,167.1088,3.858770410925,1.3,0.195860884638,45.1369611194,冶钢原料,2025-04-26,2024-03-31
601116,三江购物,0.0955,1061541112.56,-2.7440312468,7.5191,52293104.55,-1.41,48.9203,5.896617171135,1.6325,0.308469173643,27.0202096232,一般零售,2025-04-26,2024-03-31
601108,财通证券,0.1,1410150024.91,-21.025997745,-9.7582,456283443.0,-7.68,-39.2359,7.460362536004,1.31,1.10248644397,,证券Ⅱ,2025-04-26,2024-03-31
601099,太平洋,0.005,277587617.92,-40.4729740412,-17.3225,34831672.2,-76.61,8169.7419,1.395550003607,0.37,-0.037575808994,,证券Ⅱ,2025-04-26,2024-03-31
601098,中南传媒,0.16,2999948203.23,12.6136916145,-31.9078,284215528.1,-18.18,-54.0897,8.724219992984,1.83,0.000194793391,40.8774067445,出版,2025-04-26,2024-03-31
601088,中国神华,0.733,88162000000.0,1.2867351394,-3.2669,14564000000.0,-14.7,39.0284,21.460028274159,3.54,1.394567892463,33.5450647671,煤炭开采,2025-04-26,2024-03-31
601077,渝农商行,0.31,7127766000.0,-2.8810979265,17.6926,3524329000.0,-10.81,271.9923,10.587058466144,3.0025,6.155202430219,,银行Ⅱ,2025-04-26,2024-03-31
601033,永兴股份,0.24,928318321.71,5.4884801132,12.4975,203560550.32,-9.27,183.0838,11.493460406189,2.15,0.575772033656,46.2323759612,环境治理,2025-04-26,2024-03-31
601011,宝泰隆,-0.047,522442693.72,-37.0694890422,-54.9558,-89941930.76,-396.77,94.0576,3.184179706022,-1.46,0.073678040276,-6.0458420626,焦炭Ⅱ,2025-04-26,2024-03-31
601001,晋控煤业,0.47,3657914081.77,-1.5288204126,-10.4898,780295115.38,9.77,-31.3397,10.660701577941,4.49,0.680617532162,45.44600473,煤炭开采,2025-04-26,2024-03-31
600997,开滦股份,0.13,5371941335.88,-14.2145867202,-7.4114,209408270.68,-48.64,108.7816,9.071473049924,1.46,-0.094413267161,12.4656313411,焦炭Ⅱ,2025-04-26,2024-03-31
600996,贵广网络,-0.16,360840832.47,-42.7785789132,110.4306,-190062800.75,-9290.64,79.1187,3.104006883468,-4.9,0.073783371106,-18.4256323945,电视广播Ⅱ,2025-04-26,2024-03-31
600993,马应龙,0.46,955017184.55,14.6958628606,38.3077,197665895.38,5.36,694.8095,9.077735479553,5.17,0.137952646134,49.3154958591,中药Ⅱ,2025-04-26,2024-03-31
600988,赤峰黄金,0.12,1853842113.41,16.8324150053,-14.1207,200507242.93,166.41,-29.4148,3.819524933575,3.21,0.23299552631,33.4570556459,贵金属,2025-04-26,2024-03-31
600980,北矿科技,0.1038,201622895.21,-4.5675406218,-23.8736,19643388.65,-14.0,-2.2988,6.970133728355,1.5,0.15305441488,27.4647369647,专用设备,2025-04-26,2024-03-31
600967,内蒙一机,0.098,2283845362.64,-11.9221690343,5.3919,167773408.93,-21.51,-36.3622,6.818745795181,1.44,-0.589068405799,13.5487915255,地面兵装Ⅱ,2025-04-26,2024-03-31
600965,*ST福成,0.03,232592762.41,-23.4304666707,11.4978,23186375.4,-60.6,161.5928,2.643749994478,1.077,0.050032767166,32.8357372597,养殖业,2025-04-26,2024-03-31
600955,维远股份,0.03,2139809057.8,26.4012100679,0.817,19089087.54,-26.83,73.8372,15.679203281291,0.22,0.853597625018,2.0065530382,化学原料,2025-04-26,2024-03-31
600906,财达证券,0.03,430637780.21,-31.2494563954,-22.4662,111070608.83,-45.13,114.5734,3.603355905492,0.95,0.362384659766,,证券Ⅱ,2025-04-26,2024-03-31
600903,贵州燃气,0.09,2029912234.46,6.1357967152,23.8995,101791556.22,16.5,208.8014,2.663105266329,3.2,-0.061862947111,15.8027295311,燃气Ⅱ,2025-04-26,2024-03-31
600901,江苏金租,0.17,1281844340.69,5.8384872009,11.8164,711913100.49,4.68,14.9835,4.27211274406,3.87,-0.65513116246,,多元金融,2025-04-26,2024-03-31
600895,张江高科,0.08,980182506.88,295.4774990715,250.8389,119033432.68,-39.86,-35.3634,8.11346420844,0.95,-1.172972541792,57.9303322926,房地产开发,2025-04-26,2024-03-31
600884,杉杉股份,-0.033,3752317241.38,-15.6676122384,-13.9564,-73281825.97,-112.8,83.2247,10.080985805866,-0.32,0.143679564454,14.194467275,电池,2025-04-26,2024-03-31
600880,博瑞传播,0.01,102578621.43,-28.73,-42.6223,10026149.56,10.01,364.4543,2.782535226433,0.33,0.033690601337,55.7163788101,教育,2025-04-26,2024-03-31
600869,远东股份,0.0112,4811216986.67,11.6172686131,-31.9854,24876987.51,-79.34,138.2733,2.117141168365,0.53,-0.073748762658,10.8536206934,电网设备,2025-04-26,2024-03-31
600862,中航高科,0.252,1317318462.93,5.2177912023,13.8565,351024378.2,4.95,87.6424,4.728971355904,5.3,0.175940930336,41.2092810225,航空装备Ⅱ,2025-04-26,2024-03-31
600861,北京人力,0.3722,10550147022.62,12.8687532153,10.1846,210691942.21,-18.92,4.9101,10.996733645436,3.44,-1.29871519917,6.3490292112,专业服务,2025-04-26,2024-03-31
600845,宝信软件,0.208,3391127645.46,34.4356826166,-17.2368,589681019.87,18.19,-13.6034,4.979981743307,5.07,0.195485714065,32.6840463072,IT服务Ⅱ,2025-04-26,2024-03-31
600841,动力新科,-0.2,1827778947.26,-9.1120054336,-15.1556,-284381216.32,40.7144517584,79.5119,3.772256443987,-5.28,-0.441390548096,1.1613709274,汽车零部件,2025-04-26,2024-03-31
600839,四川长虹,0.0381,23771743153.83,3.6130231915,-13.2297,175663314.77,111.77,-15.9164,3.091521914453,1.2385,-0.667922680296,10.5036207174,黑色家电,2025-04-26,2024-03-31
600835,上海机电,0.21,4311142142.36,-5.0110766677,-14.7613,212299141.97,-8.08,13.7529,13.375670837177,1.56,-0.213284657013,16.41066582,专用设备,2025-04-26,2024-03-31
600830,香溢融通,0.047,93478183.7,15.2,36.916,21205120.62,6.7,1558.54,4.7135443342,0.995,-0.75474461982,61.0880866445,多元金融,2025-04-26,2024-03-31
600805,悦达投资,0.02,775527137.34,26.5834343663,-15.0351,15571489.24,154.38,130.3968,5.125529313144,0.36,-0.064173461381,5.7455311987,综合Ⅱ,2025-04-26,2024-03-31
600803,新奥股份,0.35,34230940000.0,-0.4064805292,-28.492,1080580000.0,-25.8,-72.9046,7.969768267493,4.47,-0.011405886909,12.2315413582,燃气Ⅱ,2025-04-26,2024-03-31
600795,国电电力,0.1,45555110121.97,-0.1267570644,5.2351,1784650485.67,88.62,11479.3926,2.851769570713,3.594,0.407905390419,13.3352532149,电力,2025-04-26,2024-03-31
600794,保税科技,0.06,285557628.06,9.3602267272,-4.558,73971935.38,12.55,39.0961,2.159661811813,2.87,-0.010622976204,41.4303884486,物流,2025-04-26,2024-03-31
600792,云煤能源,-0.12,1864298562.66,-1.1984267922,-4.8072,-122879575.2,-688.0551052849,-40.2113,3.240137246329,-3.76,0.102353400869,-0.7621592799,焦炭Ⅱ,2025-04-26,2024-03-31
600787,中储股份,0.13,13929275560.71,-6.0566437913,-19.1891,273929433.17,210.89,-38.4959,6.355928033418,1.9961,-0.248434810392,2.8216822315,物流,2025-04-26,2024-03-31
600785,新华百货,0.36,1884268933.58,2.3190459369,33.1891,81862368.1,-2.33,4031.1268,9.931477062134,3.72,0.928955537149,26.6709977723,一般零售,2025-04-26,2024-03-31
600782,新钢股份,-0.05,11294099879.88,-50.6248668469,27.468,-156119154.35,-263.1609212308,-833.8951,8.395841183662,-0.589,-0.007478387961,0.2259422141,普钢,2025-04-26,2024-03-31
600773,西藏城投,-0.06,76434296.87,-87.8797736049,-92.0508,-49384266.83,-276.95,-10270.3759,4.625277809876,-1.3,-0.479110357455,63.7398293895,房地产开发,2025-04-26,2024-03-31
600770,综艺股份,-0.033,63348483.55,-33.2001548987,29.5603,-42314941.41,-81.7886231498,34.0996,2.458268600785,-1.31,0.006107690192,20.2954775071,综合Ⅱ,2025-04-26,2024-03-31
600769,祥龙电业,0.0107,20272310.22,24.68720307,34.0963,3998510.47,15.79,107.6609,0.251081816948,4.34,0.055218530487,32.0102667115,环境治理,2025-04-26,2024-03-31
600763,通策医疗,0.39,708442365.1,5.0266296588,7.0696,173151359.78,2.51,1638.5649,12.400903787488,4.45,0.404287040762,44.6306919315,医疗服务,2025-04-26,2024-03-31
600753,ST海钦,-0.084,178582492.64,203.9868998557,-45.6254,-19279296.3,-200.8104822948,-2.2079,0.94491861719,-8.53,-0.033850225292,0.2512305677,物流,2025-04-26,2024-03-31
600750,华润江中,0.43,1273682939.01,-5.2947896397,-1.811,269018714.2,9.99,124.5336,6.51411368144,6.65,0.124073049397,67.0053411678,中药Ⅱ,2025-04-26,2024-03-31
600745,*ST闻泰,0.12,16247232003.06,12.6152985268,-3.296,143403936.06,-68.82,115.6165,28.784285318266,0.39,0.156691642772,9.1949871742,半导体,2025-04-26,2024-03-31
600721,百花医药,0.0541,90876390.38,20.0315271154,-12.2506,20663459.02,209.02,537.8363,1.909377095878,2.88,0.039563843515,52.255223399,医疗服务,2025-04-26,2024-03-31
600720,中交设计,0.0447,2140357986.76,-22.0805639204,-72.6683,92168498.04,42.38,-92.4785,6.088856247471,0.74,-0.483562737127,15.9944757474,工程咨询服务Ⅱ,2025-04-26,2024-03-31
600719,大连热电,0.062,387987572.85,3.3969024025,69.2826,25261929.89,150.2052242413,176.4293,1.417634574972,4.51,-0.140396125256,14.5072841165,电力,2025-04-26,2024-03-31
600714,金瑞矿业,0.007,73337715.33,27.9859377005,-15.9998,2130307.97,-33.26,190.8805,2.557523443785,0.29,-0.005551036223,14.9778078586,化学原料,2025-04-26,2024-03-31
600711,盛屯矿业,0.092,5961089102.3,-3.6678852062,-2.2169,288554533.7,553.39,874.7711,4.466867050981,2.069,0.361118021898,14.7083856494,工业金属,2025-04-26,2024-03-31
600703,三安光电,0.02,3557053177.25,22.3316005092,-8.7257,118744740.73,-44.39,-38.7806,7.471538556778,0.31,0.108435700484,14.6018009068,光学光电子,2025-04-26,2024-03-31
600702,舍得酒业,1.6632,2105431909.47,4.1339129257,14.6969,550283251.89,-3.35,15.5688,23.027497809503,7.01,0.325410897529,74.158475677,白酒Ⅱ,2025-04-26,2024-03-31
600698,湖南天雁,0.00059,100550629.98,-6.5036721887,-22.0434,628473.01,-5.58,143.2662,0.712706456387,0.08,0.001300007236,13.0152562571,汽车零部件,2025-04-26,2024-03-31
600694,大商股份,0.84,2093474717.93,-7.9242404763,26.4328,263194096.28,22.87,379.4629,29.477655885035,3.09,2.602283336258,43.8047110484,一般零售,2025-04-26,2024-03-31
600693,东百集团,0.0433,488578755.44,-5.3998187289,2.4088,37670791.39,17.55,155.8131,4.053544191958,1.07,0.18934110667,55.9469724065,一般零售,2025-04-26,2024-03-31
600686,金龙汽车,0.02,3979381079.69,6.2189335757,-25.1356,17659531.77,65.46,-3.9997,4.38610125708,0.56,-0.068387746302,11.1262564427,商用车,2025-04-26,2024-03-31
600678,ST金顶,-0.0204,86110167.58,11.3733605859,-3.6881,-7109329.98,-527.94,80.8522,0.632881992951,-3.23,0.002860771197,10.7974469697,水泥,2025-04-26,2024-03-31
600667,太极实业,0.07,6725519969.0,-22.3322119889,-48.1503,148339621.66,-11.16,-3.0257,3.851176603436,1.85,-0.250014636703,8.2779476065,工程咨询服务Ⅱ,2025-04-26,2024-03-31
600666,奥瑞德,-0.0058,87265864.09,95.2600434722,1.3615,-16052986.58,-31.0319413948,96.8181,0.377903209488,-1.53,-0.035254721304,9.3056886959,IT服务Ⅱ,2025-04-26,2024-03-31
600664,哈药股份,0.07,4142160958.07,5.3569453914,4.5281,176741385.26,44.52,68.7074,1.943790289536,3.67,-0.107405411344,28.4048026076,化学制药,2025-04-26,2024-03-31
600662,外服控股,0.0856,5370854215.6,15.7748783475,3.3344,193692774.05,5.99,76.3582,1.943177218779,4.46,-0.062810882547,9.3625511891,专业服务,2025-04-26,2024-03-31
600658,电子城,0.07,1049303233.98,-43.4109451111,297.7619,78203344.19,-54.25,141.5543,6.648068477565,1.06,-0.731422205157,48.79757555,房地产开发,2025-04-26,2024-03-31
600657,信达地产,-0.07,788121965.84,-38.8207026789,-89.4832,-195363033.89,-970.11,-179.1723,8.568534907991,-0.8,-0.528486838035,35.1663876459,房地产开发,2025-04-26,2024-03-31
600641,先导基电,-0.018,99125308.7,-20.2398716709,-51.1044,-16624975.16,-120.7,-33.4531,9.157114510213,-0.2,-0.059131127162,77.2699061466,半导体,2025-04-26,2024-03-31
600640,国脉文化,0.0067,510349073.15,6.2974219873,-21.5505,5310648.45,-78.25,122.7846,4.978484730876,0.1342,0.146645496758,15.8477758176,广告营销,2025-04-26,2024-03-31
600616,金枫酒业,0.004,156274945.93,42.4433368559,-26.4199,2672875.64,-97.99,119.5172,2.983908863096,0.13,0.000695953924,40.3316940249,非白酒,2025-04-26,2024-03-31
600613,神奇制药,0.04,574528830.84,-1.4187962281,-8.8632,23944713.73,0.65,367.6017,4.417658508982,1.01,0.080151741987,49.1820160525,化学制药,2025-04-26,2024-03-31
600610,中毅达,-0.0097,285780519.72,-12.3001110449,-5.5942,-10392198.44,11.5047709982,85.0457,0.012416074532,-56.68,-0.020239434314,6.2337974637,化学原料,2025-04-26,2024-03-31
600604,市北高新,-0.0337,220963265.9,-9.9846084466,-6.087,-63056321.86,-58.4948988704,47.3005,3.378943823405,-0.99,-0.221224909964,28.8729725233,房地产开发,2025-04-26,2024-03-31
600602,云赛智联,0.043,1440194460.08,30.0106601165,-8.5089,59352872.34,44.04,62.6893,3.414156947954,1.271,-0.31804587511,18.4916134697,软件开发,2025-04-26,2024-03-31
600601,方正科技,0.02,769457722.76,13.0154734643,-11.8084,76909444.45,474.7405622771,370.6479,0.940933148863,1.98,0.041402608617,19.2089825104,元件,2025-04-26,2024-03-31
600594,益佰制药,-0.086,572646100.11,-16.255069283,-16.2464,-68454808.45,-255.58,-2.9846,3.555918404882,-2.257,0.120913292014,60.5754175019,中药Ⅱ,2025-04-26,2024-03-31
600589,大位科技,0.003,98372281.52,9.0531604218,11.0121,4241240.1,110.2437900733,-97.9224,0.431394636356,0.67,0.04693837535,9.0681020326,IT服务Ⅱ,2025-04-26,2024-03-31
600588,用友网络,-0.14,1749275186.0,18.6121054706,-57.213,-453030627.0,-14.1699445359,-816.5227,2.817746315564,-4.69,-0.379485735429,50.8459431151,软件开发,2025-04-26,2024-03-31
600583,海油工程,0.11,5671670900.0,-11.3345224139,-42.059,475045700.0,5.96,91.5606,5.71539719002,1.9,0.579329349456,9.9082194632,油服工程,2025-04-26,2024-03-31
600581,*ST八钢,-0.267,3490035219.09,-12.9430716832,-32.7608,-411807941.08,11.8681518795,2.8694,0.891860150815,-26.04,0.093890324159,-1.5027287333,普钢,2025-04-26,2024-03-31
600578,京能电力,0.06,9450998242.89,10.1882474306,-1.2461,462518196.16,15.01,846.9146,3.214089436305,1.88,0.219653832875,10.3002851661,电力,2025-04-26,2024-03-31
600576,祥源文旅,0.01,136678005.46,-13.0732526913,-7.8501,12059585.89,-57.06,-39.3516,2.567686444891,0.44,-0.024880934566,46.2091921355,旅游及景区,2025-04-26,2024-03-31
600566,济川药业,0.92,2402545954.32,0.5966205594,-22.9403,845266461.66,24.9,-3.7965,15.398529533178,6.14,1.45236806281,81.1159219396,中药Ⅱ,2025-04-26,2024-03-31
600563,法拉电子,0.96,980251050.89,5.479626504,-2.7841,215553554.73,-6.76,-30.3549,21.839774589467,4.48,-0.000302263822,33.1159218575,元件,2025-04-26,2024-03-31
600559,老白干酒,0.15,1129856708.75,12.6688084405,-19.9584,136193311.74,33.04,-45.0252,5.420367767488,2.74,0.448565116002,62.7182182831,白酒Ⅱ,2025-04-26,2024-03-31
600549,厦门钨业,0.3019,8269711547.46,-3.4098839689,-16.2113,427113021.13,-2.95,-3.0557,8.193542649504,3.74,0.40151888092,16.6881140164,小金属,2025-04-26,2024-03-31
600539,狮头股份,-0.0168,107667124.12,27.4384632663,-21.9478,-3874866.96,12.91,93.5947,1.51206849,-1.108,0.115622929957,22.4230357477,互联网电商,2025-04-26,2024-03-31
600523,贵航股份,0.09,544088814.65,12.8166265342,-15.2022,36726766.7,10.45,-30.4194,7.36077096622,1.24,-0.181588212618,21.4319105889,汽车零部件,2025-04-26,2024-03-31
600509,天富能源,0.1073,2281205807.63,4.262803057,-27.3917,147094053.14,15.28,557.0961,5.490129009952,1.96,-0.036431621598,18.8239050876,电力,2025-04-26,2024-03-31
600508,上海能源,0.42,2319567984.56,-26.1778914205,-6.4573,302764646.91,-63.76,184.2539,17.92990243449,2.37,0.09662104601,27.8723043111,煤炭开采,2025-04-26,2024-03-31
600502,安徽建工,0.18,13537737170.98,-16.2543084093,-56.7673,310215751.42,-10.75,-36.6701,5.961999851004,2.46,-1.864893136147,12.9764464965,基础建设,2025-04-26,2024-03-31
600501,航天晨光,-0.18,358902622.3,-30.4009500749,-74.5995,-76818377.54,-532.2209793273,-243.9254,5.078817402783,-3.45,-1.128265569992,4.1144671402,专用设备,2025-04-26,2024-03-31
600496,精工钢构,0.049,3414175985.07,-8.2476855558,-31.0636,97487688.47,-45.93,668.7088,4.190774969395,1.14,0.133696371592,11.3671143531,专业工程,2025-04-26,2024-03-31
600490,鹏欣资源,0.0127,596314379.97,-70.2702479433,-50.8108,28096667.36,32.36,143.6531,2.783094129179,0.46,-0.074866797471,9.9537709644,工业金属,2025-04-26,2024-03-31
600483,福能股份,0.21,3087813995.95,0.5230741215,-28.7885,526374296.24,-1.14,-46.686,8.708388564576,2.41,0.342333737854,23.5964166927,电力,2025-04-26,2024-03-31
600482,中国动力,0.04,11401794980.84,24.4224221322,-9.8575,88111558.61,167.82,-76.0401,16.831033067902,0.24,0.8785745657,10.6546611156,其他电源设备Ⅱ,2025-04-26,2024-03-31
600446,金证股份,-0.0842,1088806383.44,-13.8356870345,-49.8972,-79544243.77,-36.0391397861,-124.2328,4.047655626959,-2.06,-0.222102991075,17.3170604203,IT服务Ⅱ,2025-04-26,2024-03-31
600426,华鲁恒升,0.502,7978040671.96,31.795875144,0.8105,1065362337.51,36.3,64.2365,14.114392208346,3.62,0.53253610105,21.8886751858,农化制品,2025-04-26,2024-03-31
600423,*ST柳化,0.003,32441266.52,13.5887394425,-24.4569,2537663.66,25.63,-95.9132,0.655214488027,0.5,0.039705456197,7.2176605329,化学原料,2025-04-26,2024-03-31
600410,华胜天成,-0.1535,889078410.59,-5.1555530394,-30.7837,-168331197.42,-374.3,24.8874,3.774410339188,-3.99,0.201314553771,12.7171851912,IT服务Ⅱ,2025-04-26,2024-03-31
600403,大有能源,-0.1131,1409344672.16,-29.6642086107,13.4455,-270336417.65,-185.91,60.2499,2.712151166116,-4.1,0.006093756088,7.5843826824,煤炭开采,2025-04-26,2024-03-31
600397,江钨装备,-0.0981,1146164337.09,-31.236508279,-41.771,-97134098.25,-270.79,21.3866,0.460724936407,-21.22,-0.018407120926,1.6533661445,专用设备,2025-04-26,2024-03-31
600395,盘江股份,0.01,1949172142.25,-31.9144231661,9.2369,21325156.43,-93.92,152.8619,5.362800055467,0.187,0.010765387057,27.6386327981,煤炭开采,2025-04-26,2024-03-31
600369,西南证券,0.03,584509904.72,-20.7681251529,31.5749,229529418.63,1.77,616.6478,3.856047717597,0.9,0.494057921963,,证券Ⅱ,2025-04-26,2024-03-31
600367,红星发展,0.02,492562087.27,2.6421053004,-21.7047,6337306.03,198.8033447244,-19.777,6.795805630766,0.27,0.146422649362,15.8825072396,化学原料,2025-04-26,2024-03-31
600352,浙江龙盛,0.0626,3486752064.99,-6.9834266465,-22.0512,197523991.79,-42.53,-68.8609,10.17966824639,0.6,-0.054275927421,27.1552050926,化学制品,2025-04-26,2024-03-31
600351,亚宝药业,0.1528,771213413.14,-3.6584367669,8.5725,112264323.74,4.51,888.9164,3.788020305864,3.81,0.362802292345,56.3883685022,中药Ⅱ,2025-04-26,2024-03-31
600348,华阳股份,0.24,6158063562.01,-26.5078918456,-10.3241,867321520.82,-49.78,-4.4582,8.010570932965,3.06,-0.118220001963,32.1327048533,煤炭开采,2025-04-26,2024-03-31
600339,中油工程,0.0434,14733043370.76,-1.7072123619,-46.4071,242187445.91,16.74,261.748,4.719918266372,0.92,-1.118101338253,8.9595890495,油服工程,2025-04-26,2024-03-31
600319,亚星化学,-0.09,188382789.11,-7.8280373774,-6.0886,-35116984.16,-88.0497118947,-141.34,1.570637514773,-5.61,-0.033358471509,1.1685440482,化学原料,2025-04-26,2024-03-31
600313,农发种业,0.04,847139135.06,-30.3806853174,-64.8312,45459020.02,16.24,70.4286,1.764637401118,2.41,-0.099245015534,10.9426510916,种植业,2025-04-26,2024-03-31
600300,维维股份,0.08,1108717337.53,14.2216527389,-15.3419,126686116.53,251.48,67.5499,2.034612797466,3.93,-0.127687787792,16.600453654,饮料乳品,2025-04-26,2024-03-31
600298,安琪酵母,0.37,3482528863.98,2.5233477547,-11.4185,319015411.62,-9.45,-10.943,11.704972109857,3.16,-0.758905787112,24.6616164941,调味发酵品Ⅱ,2025-04-26,2024-03-31
600285,羚锐制药,0.34,909046867.7,15.2664535531,12.9683,190378639.92,31.98,86.7789,5.173443234275,6.59,0.079180228212,75.5972485026,中药Ⅱ,2025-04-26,2024-03-31
600281,华阳新材,-0.0503,41836553.69,-51.9501482145,76.1369,-25868125.23,9.6544938368,65.4788,0.427334757537,-11.11,-0.016564613952,-8.5881563683,小金属,2025-04-26,2024-03-31
600269,赣粤高速,0.17,1559017824.85,0.1942160435,-31.2874,390760370.27,-7.65,320.1462,7.736605488588,2.19,0.314988752449,47.2201802093,铁路公路,2025-04-26,2024-03-31
600229,城市传媒,0.1324,665203708.23,4.3723956044,-10.0623,87451468.22,-9.66,-42.4777,5.007237037863,2.79,-0.280867077359,34.5744277917,出版,2025-04-26,2024-03-31
600219,南山铝业,0.07,7224130867.26,5.7012649443,0.9793,850998983.32,63.99,-36.1117,4.070584291806,1.84,0.09884418331,22.2266228355,工业金属,2025-04-26,2024-03-31
600207,安彩高科,-0.0025,1309063943.9,7.1281545715,13.8538,-2716721.81,-126.86,95.0683,2.85232728458,-0.09,-0.218343570591,8.468325234,光伏设备,2025-04-26,2024-03-31
600189,泉阳泉,-0.01,233066305.55,5.9697160352,32.4147,-5662522.02,73.0637222445,98.8555,1.660190127413,-0.48,0.045873316402,27.7992148402,饮料乳品,2025-04-26,2024-03-31
600188,兖矿能源,0.3929,39638127000.0,-20.7512579933,164.4512,3758385000.0,-41.85,-18.5846,7.987571664325,4.91,0.734467739275,29.3665944408,煤炭开采,2025-04-26,2024-03-31
600171,上海贝岭,0.052,442285470.96,12.0777302723,-37.408,36899126.57,12.41,-47.6033,5.758868159599,0.9,-0.083674212099,29.009066484,半导体,2025-04-26,2024-03-31
600165,ST宁科,-0.075,53896659.24,16.8887380181,-53.9659,-51454550.6,11.9434494363,78.9539,0.169750706768,-36.202,-0.000487286284,-3.0938971237,化学制品,2025-04-26,2024-03-31
600161,天坛生物,0.16,1221955159.91,-5.4196609154,5.4829,316673978.07,20.91,42.3329,6.153170565402,3.17,0.284512314548,56.0767790342,生物制品,2025-04-26,2024-03-31
600149,廊坊发展,0.01,88736924.48,4.5137911324,3.8401,3804166.91,210.7665792387,237.2544,0.397271323048,2.55,-0.084189688473,27.6375464709,电力,2025-04-26,2024-03-31
600126,杭钢股份,0.01,16043489318.18,28.4702901652,-1.9178,34144600.49,7.14,-64.6717,5.988987601521,0.17,-0.641047150498,1.1388124011,普钢,2025-04-26,2024-03-31
600121,郑州煤电,0.0278,1138010466.81,-3.4115084835,-4.5775,33825037.29,-49.57,-74.0243,1.365256406552,2.07,0.118189766646,27.6292483576,煤炭开采,2025-04-26,2024-03-31
600108,亚盛集团,0.0123,589889157.09,-5.0564242271,-66.9231,23917467.71,-9.43,-58.5364,2.156129896615,0.57,0.002158809506,21.7047736717,种植业,2025-04-26,2024-03-31
600099,林海股份,0.0091,201633840.13,0.1467342288,20.7219,2004097.58,-17.13,18.7387,2.329083443821,0.39,0.162212818684,13.4102438522,摩托车及其他,2025-04-26,2024-03-31
600095,湘财股份,0.0317,589077051.8,4.59,26.5301,90634579.11,-40.71,396.4503,4.192067058435,0.7603,0.715769914179,0.9405300273,证券Ⅱ,2025-04-26,2024-03-31
600094,大名城,-0.0174,345794280.11,-76.9363613367,-76.4332,-40450377.95,-139.8971658118,90.4368,5.045100906903,-0.32,-0.155606153378,27.009988997,房地产开发,2025-04-26,2024-03-31
600078,澄星股份,-0.0112,734854835.55,-9.4806187707,9.4393,-7388891.55,-137.15,-114.4072,2.792832235472,-0.4,0.079492366999,8.9785414436,农化制品,2025-04-26,2024-03-31
600075,新疆天业,-0.1,2234724572.43,-21.2860010416,-21.2648,-173076822.14,-44.9,-3084.1885,5.112443178339,-1.89,0.161669808626,6.8781140014,化学原料,2025-04-26,2024-03-31
600066,宇通客车,0.3,6615975059.24,85.0101603229,-18.2362,657054861.1,445.09,-14.2857,6.573622955118,4.62,1.493984061861,21.4778698219,商用车,2025-04-26,2024-03-31
600062,华润双鹤,0.5025,3144854002.17,13.4169720591,5.9497,513128947.95,11.0,63.0137,11.076571467039,4.11,0.361409139265,58.3788241128,化学制药,2025-04-26,2024-03-31
600055,万东医疗,0.047,308495149.5,20.9383237363,-0.767,33257419.94,9.26,-51.3457,6.748675701578,0.7,-0.107441356452,37.4563454911,医疗器械,2025-04-26,2024-03-31
600019,宝钢股份,0.09,80813621073.22,2.443789076,-9.6892,1926223623.36,4.4,-46.399,9.121837635603,0.96,-0.13609785742,5.1294535315,普钢,2025-04-26,2024-03-31
400262,嘉寓3,-0.0215,112853440.29,-75.6103031648,-63.8429,-15444347.55,-389.99,98.8796,-2.09260254152,,-0.016128118673,12.4375234232,,2025-04-26,2024-03-31
301516,中远通,-0.034,195051199.36,-30.5788809402,-29.5307,-9547752.25,-165.53,-282.1483,5.214594004017,-0.65,0.248494406492,13.5991267919,其他电源设备Ⅱ,2025-04-26,2024-03-31
301500,飞南资源,-0.1875,2285131351.49,19.2574812633,-1.7174,-75003810.29,-261.7619501988,-752.0219,10.771866930027,-1.73,-0.280490695908,3.1255953275,环境治理,2025-04-26,2024-03-31
301429,森泰股份,0.1864,190165928.89,7.4193098719,6.5532,22030343.57,31.25,107.286,11.519733761546,1.63,-0.333568369396,27.9503909981,装修建材,2025-04-26,2024-03-31
301428,世纪恒通,0.21,291112879.34,17.5058728129,-3.728,20261230.76,13.97,-6.4803,12.746468836329,1.62,-0.917750475345,23.1043160826,通信服务,2025-04-26,2024-03-31
301381,赛维时代,0.2151,1799016664.02,44.6604630983,-17.8337,86044897.9,65.58,-23.8503,6.249217120495,3.5,0.246408299425,47.1670410725,互联网电商,2025-04-26,2024-03-31
301337,亚华电子,-0.08,30438870.62,-48.2727485104,-73.2193,-8251799.97,-300.75,-141.3366,10.933995898464,-0.72,-0.272258314875,33.0091289701,软件开发,2025-04-26,2024-03-31
301328,维峰电子,0.17,100376255.32,-12.2385848666,-15.6455,18178284.66,-61.76,-37.2347,17.236989172908,0.96,0.178494817177,37.0579943647,其他电子Ⅱ,2025-04-26,2024-03-31
301327,华宝新能,0.23,582269074.27,29.8882025785,-20.7069,28999744.61,197.73,125.9629,48.321266625321,0.48,0.128308101923,45.8702534004,电池,2025-04-26,2024-03-31
301293,三博脑科,0.16,336930401.64,7.8885501838,-4.5631,33444602.02,35.29,464.7478,14.900002532005,1.43,0.179693826747,24.0448674877,医疗服务,2025-04-26,2024-03-31
301282,金禄电子,0.09,340376851.77,7.9230365488,-10.6081,12962757.41,-29.45,10.888,11.054255395965,0.78,-0.035671235685,12.3316017737,元件,2025-04-26,2024-03-31
301280,珠城科技,0.49,360131996.65,31.0114557338,12.8711,47935462.11,38.22,21.3664,18.028954069955,2.73,-0.520878211588,26.492239642,家电零部件Ⅱ,2025-04-26,2024-03-31
301272,英华特,0.14,94879222.74,17.3283518153,-37.0038,8096354.16,8.16,-66.1248,17.222737591279,0.81,-0.091256124425,25.0155059291,通用设备,2025-04-26,2024-03-31
301263,泰恩康,0.11,189109474.07,-2.4147091016,5.2417,45467802.98,-12.54,147.3898,4.313924157533,2.51,-0.078121222052,63.1723114654,化学制药,2025-04-26,2024-03-31
301234,五洲医疗,0.1454,90040221.08,-23.2759961661,-24.3532,9884675.6,-23.77,58.9429,11.170477547353,1.31,0.483011548382,16.4019251429,医疗器械,2025-04-26,2024-03-31
301215,中汽股份,0.018,67747614.61,-5.2431888034,-28.8142,23383514.84,-25.62,-44.2902,2.150213548904,0.83,0.008482991258,66.0905633619,汽车服务,2025-04-26,2024-03-31
301193,家联科技,0.2259,499346846.56,52.0306755218,1.6134,43371524.59,136.01,345.522,8.154149970052,2.55,0.275823028385,19.3270601096,家居用品,2025-04-26,2024-03-31
301189,奥尼电子,-0.06,113858637.6,-6.2193580714,-7.6042,-6874243.44,-199.51,67.483,19.62254898756,-0.3,-0.277016669225,22.7465519665,消费电子,2025-04-26,2024-03-31
301177,迪阿股份,0.07,426413685.46,-39.5165022691,-2.6994,29459842.26,-70.81,668.125,16.246358370041,0.45,0.206091529962,65.8238832385,饰品,2025-04-26,2024-03-31
301172,君逸数码,0.07,55079295.55,223.2714671909,-65.8273,9150493.26,312.85,-53.9239,11.827463117857,0.63,-0.171163402029,20.627146111,IT服务Ⅱ,2025-04-26,2024-03-31
301168,通灵股份,0.3,408557558.49,24.1988992568,5.3067,35777065.98,-3.77,80.7425,17.7954172505,1.69,0.194412423083,18.8956053182,光伏设备,2025-04-26,2024-03-31
301167,建研设计,-0.0036,69114938.65,-24.5376152147,-62.2106,-401819.44,-102.56,-101.6984,8.423136842589,-0.04,-0.159425676339,19.4945679229,工程咨询服务Ⅱ,2025-04-26,2024-03-31
301162,国能日新,0.12,103508718.23,25.7477117068,-29.818,12340591.51,18.71,-61.9412,10.964609479656,1.14,-0.451241922569,65.2530681908,软件开发,2025-04-26,2024-03-31
301156,美农生物,0.066,97906175.23,7.5708050291,-24.5596,9583923.21,0.47,-27.7714,7.172957522411,1.19,0.186205096071,28.4599034479,化学制品,2025-04-26,2024-03-31
301153,中科江南,-0.04,131515894.85,19.359739049,-69.1719,-13614215.04,-211.54,-112.1809,9.324428125463,-0.75,-1.002736260442,56.6540676965,软件开发,2025-04-26,2024-03-31
301111,粤万年青,0.07,71196522.47,-10.2233920052,-17.5519,11738167.74,-20.78,289.991,4.92445444875,1.5,-0.000427762375,65.3067273751,中药Ⅱ,2025-04-26,2024-03-31
301095,广立微,-0.1145,43904608.5,100.6462831222,-80.1855,-22898502.48,-667.92,-129.4452,16.21089933995,-0.7,-0.42063320075,68.6428054586,软件开发,2025-04-26,2024-03-31
301089,拓新药业,0.02,108322506.68,-80.3409989091,21.1904,2068381.83,-99.32,102.9499,12.685974107369,0.13,0.412072358498,26.1588552356,化学制药,2025-04-26,2024-03-31
301076,新瀚新材,0.08,102937425.64,-8.5274130351,-2.2009,10948940.01,-58.41,-52.854,8.365690047872,0.98,-0.013923310116,23.638730033,化学制品,2025-04-26,2024-03-31
301058,中粮科工,0.07,358160724.23,-16.1237507626,-64.0862,34352262.37,1.84,-69.1329,3.941073316325,1.72,-0.47082743541,26.7104066047,工程咨询服务Ⅱ,2025-04-26,2024-03-31
301052,果麦文化,-0.0933,92920442.35,-19.1943669025,-29.561,-9167836.1,-167.17,-166.4752,9.029827765102,-144.0,-0.454552080934,45.8152300649,出版,2025-04-26,2024-03-31
301050,雷电微力,0.41,361771625.68,47.2861580377,125.1287,98618143.76,10.12,140.7477,15.220065027503,3.71,0.146813025671,37.2365890323,军工电子Ⅱ,2025-04-26,2024-03-31
301039,中集车辆,0.13,5153013497.35,-21.7338921589,-6.6204,264887889.44,-44.76,48.504,7.476413745346,1.77,0.183860011895,15.2622462166,商用车,2025-04-26,2024-03-31
301026,浩通科技,0.1978,311813168.6,-29.4761907345,-57.3468,22418429.76,-54.09,1324.1825,12.95162532402,1.45,0.07297317513,7.2880021399,小金属,2025-04-26,2024-03-31
301008,宏昌科技,0.2025,219469810.07,48.0130606859,-20.4984,16133927.69,67.94,-43.9662,13.460257631597,1.42,-1.065299716653,18.9667787003,家电零部件Ⅱ,2025-04-26,2024-03-31
300998,宁波方正,-0.0432,197429556.07,-0.5350792709,-36.2645,-5910584.55,-230.29,49.9539,9.505194630968,-0.45,0.007507099296,14.5592883924,汽车零部件,2025-04-26,2024-03-31
300993,玉马科技,0.12,158650726.91,21.6484329782,-14.5791,36621725.03,35.54,-19.2859,4.446377010864,2.66,0.088738621373,39.4090498466,家居用品,2025-04-26,2024-03-31
300978,东箭科技,0.0964,513097752.47,26.5464209181,-14.9223,40747356.92,16.37,173.1415,3.918964289252,2.49,0.09953614029,28.2863227156,汽车零部件,2025-04-26,2024-03-31
300945,曼卡龙,0.12,499970523.45,45.1234024867,-29.1023,32216120.49,21.07,177.8685,6.047052930034,2.05,0.079827554638,17.1698096615,饰品,2025-04-26,2024-03-31
300939,秋田微,0.2,224203528.4,-7.5348939412,-11.0261,24081105.12,-24.18,-3.1336,11.284264050917,1.77,-0.003037442,28.3318522743,光学光电子,2025-04-26,2024-03-31
300922,天秦装备,0.06,38525023.61,40.8591037873,-42.9763,10003240.72,25.93,-28.6242,5.59336452849,1.13,0.076024462857,42.4690055109,地面兵装Ⅱ,2025-04-26,2024-03-31
300912,凯龙高科,-0.28,174756744.24,-44.8017081133,-29.914,-32254599.78,-20655.43,-261.1394,6.673812941018,-4.05,-0.308736869955,11.6020576134,汽车零部件,2025-04-26,2024-03-31
300877,金春股份,-0.04,251542614.53,26.1051526551,3.918,-4697185.52,-228.98,-137.3897,13.0362264105,-0.3,-0.751603268167,8.8429968185,纺织制造,2025-04-26,2024-03-31
300876,蒙泰高新,-0.1038,99060060.74,20.9029745477,-20.9925,-9964964.13,-207.21,-131.4235,8.513608141301,-1.2,-0.164302350558,12.2312823549,化学纤维,2025-04-26,2024-03-31
300846,首都在线,-0.0973,323886359.91,19.5618008301,-14.9488,-46498289.15,18.84,75.9353,2.33734053878,-4.83,0.158689154614,10.1101988485,IT服务Ⅱ,2025-04-26,2024-03-31
300844,山水比德,0.09,84378366.79,32.8907233404,-29.5745,5825765.26,164.38,108.0048,11.529048873453,0.78,-0.27334888815,49.9610185806,工程咨询服务Ⅱ,2025-04-26,2024-03-31
300832,新产业,0.5425,1021430174.73,16.6203658688,-0.0119,426221043.84,20.04,-8.7222,10.136589984927,5.49,0.333122082209,73.835167043,医疗器械,2025-04-26,2024-03-31
300830,金现代,-0.03,50626036.28,-15.9435608639,-82.225,-14547269.57,24.09,-123.735,2.759717400523,-1.21,-0.139882704679,41.2121072339,软件开发,2025-04-26,2024-03-31
300829,金丹科技,0.09,350081275.66,7.963741126,-0.585,17096693.19,9.99,278.1207,8.899329795706,1.0,0.348185132762,17.1248437686,化学制品,2025-04-26,2024-03-31
300821,东岳硅材,0.04,1425465566.2,1.5635633173,19.4852,45862728.17,166.03,226.2801,4.105578619583,0.93,-0.209635698408,7.9672218335,化学制品,2025-04-26,2024-03-31
300818,耐普矿机,0.373,248064050.68,46.9693901508,-13.8131,39236156.42,403.01,4869.8693,11.911095908337,2.92,-1.216632947125,40.4098364415,通用设备,2025-04-26,2024-03-31
300812,易天股份,-0.095,74066201.27,-45.3531736053,-12.7781,-13318540.76,-281.92,-67.9202,6.263102144278,-1.51,-0.030169814092,28.1975414587,消费电子,2025-04-26,2024-03-31
300807,天迈科技,-0.29,13321754.87,-30.8287683106,-88.7461,-20036186.01,-27.33,-4215.3481,7.713309168088,-3.75,-0.31046436731,37.6525812023,计算机设备,2025-04-26,2024-03-31
300805,电声股份,0.01,525422507.89,-6.2844061556,-11.9191,5130284.13,6.46,169.2396,3.610704935118,0.34,0.000886477518,11.0141813266,广告营销,2025-04-26,2024-03-31
300803,指南针,0.03,293508665.0,-13.17,-31.6611,16788949.0,-70.74,-85.1629,4.651933090732,0.89,2.537559537408,88.0423616939,软件开发,2025-04-26,2024-03-31
300795,米奥会展,0.02,76130906.6,12.204599256,-79.1869,4814524.68,349.39,-95.4785,4.331022581726,0.73,0.128321265008,53.9531160135,专业服务,2025-04-26,2024-03-31
300788,中信出版,0.2,402054934.05,-5.7850118718,-6.7815,37875378.28,-9.89,481.6224,11.273801205949,1.78,-0.322003494003,38.2837758088,出版,2025-04-26,2024-03-31
300776,帝尔激光,0.49,450485280.52,29.6012024385,-1.4608,135077415.2,44.48,11.0023,11.035043243427,4.3,-0.114714581409,46.465572908,光伏设备,2025-04-26,2024-03-31
300772,运达股份,0.1017,3752322199.47,7.769371672,-49.9343,70659552.56,-4.21,-56.6575,7.544460043466,1.34,-2.004271516147,9.6208183623,风电设备,2025-04-26,2024-03-31
300770,新媒股份,0.65,400609062.88,12.2961141267,-3.4544,147965662.62,-13.19,-28.9644,16.566366603972,3.94,0.884314070927,50.3200041659,电视广播Ⅱ,2025-04-26,2024-03-31
300755,华致酒行,0.31,4133205464.36,10.4247110943,121.2226,129767785.75,28.24,2883.8503,9.080064285108,3.36,1.022703551309,10.4783807637,专业连锁Ⅱ,2025-04-26,2024-03-31
300741,华宝股份,0.12,332365337.0,-2.774234287,-18.3666,76777132.0,-25.36,34.01,11.820503916347,1.06,0.011191977333,56.1522951474,化学制品,2025-04-26,2024-03-31
300726,宏达电子,0.1906,309518736.81,-19.9629089203,-33.928,78490001.71,-45.84,-8.7338,11.768611590071,1.63,0.084660015716,62.1631375803,军工电子Ⅱ,2025-04-26,2024-03-31
300722,新余国科,0.0293,78925998.17,21.7175130684,-33.5856,8119126.56,-38.44,-40.6799,2.58405815621,1.37,-0.09694112914,36.151571474,航天装备Ⅱ,2025-04-26,2024-03-31
300707,威唐工业,0.1274,239761183.51,52.1129730122,4.7016,22508545.21,695.08,300.0026,6.343023518718,1.89,0.155588077966,25.8338953133,汽车零部件,2025-04-26,2024-03-31
300680,隆盛科技,0.2279,565815996.15,66.7795388584,-11.6411,52661551.03,30.18,5.8624,7.727847474411,2.99,0.327825660037,18.0587498012,汽车零部件,2025-04-26,2024-03-31
300676,华大基因,0.0303,821250378.55,-13.9950130756,-31.9134,12402522.05,-69.91,-44.9949,23.917989631719,0.13,-0.183461545043,49.1951801695,医疗服务,2025-04-26,2024-03-31
300662,科锐国际,0.2066,2639370993.83,10.3025433183,1.2006,40650565.18,22.07,-16.3463,9.312470966855,2.24,-0.418488223645,6.2977698375,专业服务,2025-04-26,2024-03-31
300654,世纪天鸿,0.019,99026614.02,16.7922317491,-28.5236,7058633.78,-9.86,-35.5279,2.279991217056,0.86,-0.060998836854,38.6119549763,出版,2025-04-26,2024-03-31
300648,星云股份,-0.1868,188467749.93,20.0394541232,-13.6944,-27601202.7,17.3,75.2073,5.6464644394,-3.26,-0.186123277668,37.463054059,电池,2025-04-26,2024-03-31
300637,扬帆新材,-0.0572,132894992.92,-15.9767486519,-19.5789,-13434631.7,10.66,83.3808,2.978529427864,-1.96,0.021666577607,11.7692865746,化学制品,2025-04-26,2024-03-31
300633,开立医疗,0.2326,479333865.45,1.3325455453,-26.5297,100190827.63,-27.65,-25.1303,7.561424205628,3.13,-0.06620894076,67.379064097,医疗器械,2025-04-26,2024-03-31
300625,三雄极光,0.0508,397087289.85,1.9019212504,-41.1042,14195320.84,21.2,-76.6604,7.931553108785,0.64,-0.274874447662,33.4431960389,照明设备Ⅱ,2025-04-26,2024-03-31
300611,美力科技,0.08,302129323.8,29.0588740105,-32.4864,16115105.65,79.86,57.4686,4.778204409075,1.61,0.201231518626,20.1733320035,汽车零部件,2025-04-26,2024-03-31
300603,立昂技术,-0.05,141900959.7,-14.2692463815,-26.0071,-24222877.89,-205.32,-478.4051,3.044274805598,-1.69,-0.07944839534,11.5549026199,通信服务,2025-04-26,2024-03-31
300595,欧普康视,0.2161,464528576.94,15.7058407478,11.2352,192953174.53,11.39,50.0927,5.055178176668,4.34,0.218940610331,75.9952905342,医疗器械,2025-04-26,2024-03-31
300587,天铁科技,0.02,596323737.82,167.1104744989,117.5123,18860888.61,313.65,103.0913,2.193420943439,0.79,0.142831503318,27.4066916735,橡胶,2025-04-26,2024-03-31
300577,开润股份,0.3,909907509.6,22.9194913455,10.7263,71057521.56,102.95,1391.1611,7.69907888845,3.76,0.015585887077,24.1640709787,服装家纺,2025-04-26,2024-03-31
300563,神宇股份,0.28,185965612.0,33.2650839769,-13.111,50239368.19,442.54,387.0933,5.846691437777,4.84,0.272675320905,15.5453256595,通信设备,2025-04-26,2024-03-31
300562,乐心医疗,0.06,248679459.9,52.934352675,-9.9685,13665579.08,212.96,-28.7735,4.823689174123,1.3,-0.075262826961,36.4595405091,医疗器械,2025-04-26,2024-03-31
300556,丝路视觉,-0.54,88090160.53,-43.0529712304,-81.6423,-65169643.88,-82.98,-452.3864,7.086674939442,-7.12,-1.032505264456,-15.2967020027,软件开发,2025-04-26,2024-03-31
300553,集智股份,0.04,50772215.25,-29.9472317563,-28.0025,2839594.49,-69.74,330.1388,8.743030843935,0.4,-0.258801652367,41.8114103067,通用设备,2025-04-26,2024-03-31
300552,万集科技,-0.372,159096801.92,50.644666305,-56.7116,-79285262.81,12.78,57.9362,10.451380327239,-3.5,-0.381508846312,29.7818982771,计算机设备,2025-04-26,2024-03-31
300535,达威股份,0.0759,165193316.9,34.9358178421,-20.2312,7954255.63,115.82,258.4215,9.033384850629,0.84,-0.208162091318,35.6655342151,化学制品,2025-04-26,2024-03-31
300531,优博讯,0.0056,317787561.49,6.5709327701,-8.4548,1849798.17,-87.72,100.7411,4.60242900277,0.12,-0.173359181759,25.938434454,计算机设备,2025-04-26,2024-03-31
300497,富祥股份,0.003,340430593.83,-14.4470857624,5.3212,1468451.11,104.87,101.2323,4.52073215522,0.05,0.132064447055,15.1336335728,化学制药,2025-04-26,2024-03-31
300484,蓝海华腾,0.0359,70293381.86,3.243133482,-31.5441,7488079.01,-30.69,260.4349,3.162640354765,1.14,-0.075665283051,38.3660663442,自动化设备,2025-04-26,2024-03-31
300479,神思电子,-0.2062,20125577.38,-79.088967051,-89.5542,-40637112.63,-10871.28,-194.9017,2.506729062421,-7.9,-0.704588690879,14.6743552458,计算机设备,2025-04-26,2024-03-31
300475,香农芯创,0.03,2302667541.89,46.8615955743,-36.6212,14098215.08,-83.49,-91.2373,5.779448759068,0.53,-1.238053105074,5.2931839539,其他电子Ⅱ,2025-04-26,2024-03-31
300457,赢合科技,0.24,1865810442.46,7.3686922646,-17.1718,158525394.16,53.87,268.2275,9.755082084633,2.53,-0.564482678482,29.3858284954,电池,2025-04-26,2024-03-31
300440,运达科技,-0.0435,46931728.15,22.9874396937,-92.7633,-19346811.07,26.55,-130.8173,3.455773546669,-1.23,-0.151153544308,50.7327593689,IT服务Ⅱ,2025-04-26,2024-03-31
300439,美康生物,0.21,481512053.72,-1.9113705223,15.9615,79096771.2,10.76,197.416,7.280656252771,2.87,0.023830729441,42.2640952782,医疗器械,2025-04-26,2024-03-31
300413,芒果超媒,0.25,3324411405.72,7.205588051,-24.9867,472318688.25,-13.85,-73.6141,11.741326898771,2.17,0.092650850613,28.632272563,数字媒体,2025-04-26,2024-03-31
300412,迦南科技,-0.01,218746520.01,9.5379578444,-22.3191,-5987478.11,-172.85,87.0637,2.028486676633,-0.59,-0.165039738305,23.8472087316,专用设备,2025-04-26,2024-03-31
300406,九强生物,0.21,393894885.38,5.4898643376,-22.4527,120648449.77,8.67,-20.8473,6.238294355237,3.19,0.029825664503,76.8609910707,医疗器械,2025-04-26,2024-03-31
300404,博济医药,0.0432,167424382.67,62.0762203518,-15.0344,16513092.18,40.67,1154.0234,2.510269829991,1.72,-0.041268573809,33.8340567943,医疗服务,2025-04-26,2024-03-31
300396,ST迪瑞,0.4466,662535125.59,99.5995976854,943.1694,121800597.55,56.73,262.3065,7.865359476836,5.8,-0.670329625843,36.398667193,医疗器械,2025-04-26,2024-03-31
300395,菲利华,0.1489,410249218.63,-17.814684933,-31.1574,77426245.04,-30.77,-39.1847,7.683447944883,1.96,-0.223889917001,39.6373855417,航空装备Ⅱ,2025-04-26,2024-03-31
300393,中来股份,-0.16,1288336834.88,-52.432055222,-48.8497,-172475621.34,-268.11,-501.0196,3.903912810759,-3.98,-0.13563352565,-3.2954758376,光伏设备,2025-04-26,2024-03-31
300382,斯莱克,0.03,344097912.11,16.3993110391,-33.776,20375357.45,-45.88,-15.6181,3.524411981633,0.89,-0.014564683266,25.8731173503,专用设备,2025-04-26,2024-03-31
300378,鼎捷数智,-0.04,405903967.45,13.2722106575,-50.0914,-9693691.38,8.73,-109.5584,7.586366912651,-0.47,-0.843954569599,55.3086584865,软件开发,2025-04-26,2024-03-31
300346,南大光电,0.15,509260052.18,27.8803580186,20.4746,82110494.79,9.52,2200.0653,4.227416670461,3.63,-0.039464075054,46.1694799844,电子化学品Ⅱ,2025-04-26,2024-03-31
300345,华民股份,-0.0815,230941119.25,18.8987091352,-26.2117,-47093238.87,-957.56,42.8263,1.438403894889,-5.53,-0.21244307624,-3.0720467507,光伏设备,2025-04-26,2024-03-31
300343,联创股份,-0.0138,143116516.75,-38.1257566305,-53.9875,-15554393.97,-265.77,11.8459,1.745306550856,-0.79,-0.024909636024,7.0700605072,化学制品,2025-04-26,2024-03-31
300320,海达股份,0.0672,662144407.58,19.6943402866,-19.7155,40405667.39,23.43,3.6827,3.706425563213,1.83,0.035662744187,17.6761522577,橡胶,2025-04-26,2024-03-31
300317,珈伟新能,-0.0266,122460730.49,22.5214428422,-63.5801,-22032713.39,-83.91,-529.4839,2.223747438246,-1.19,-0.012690866315,27.3527919244,电力,2025-04-26,2024-03-31
300290,ST荣科,-0.0217,121011023.96,-18.1808723381,-56.4858,-13906799.37,-184.64,-175.6865,1.269603398604,-1.7,-0.176350170379,38.2463496345,IT服务Ⅱ,2025-04-26,2024-03-31
300285,国瓷材料,0.13,826664278.32,5.2279034211,-22.888,133363046.02,7.99,3.9688,6.409762924269,2.09,0.033639776312,38.8173856746,电子化学品Ⅱ,2025-04-26,2024-03-31
300277,汽轮科技,0.0004,28841947.57,44.7583735333,-75.3288,128742.34,26.7,-96.6292,1.461005032896,0.03,0.023798774269,19.9901968687,IT服务Ⅱ,2025-04-26,2024-03-31
300274,阳光电源,1.01,12613586133.41,0.2641911573,-51.1783,2096318765.89,39.05,-5.4258,20.064799177657,7.29,-0.328408409613,33.6404577085,光伏设备,2025-04-26,2024-03-31
300269,联建光电,-0.0041,143381834.69,-36.2194687515,-41.9088,-2274267.04,88.24,93.3975,0.151062709485,-3.02,0.032455656839,29.0345923457,光学光电子,2025-04-26,2024-03-31
300265,通光线缆,0.02,455378807.05,-26.2767280207,-17.6631,11052008.52,-68.46,57.5324,4.903778532217,0.48,-0.158567371126,15.8352963782,电网设备,2025-04-26,2024-03-31
300261,雅本化学,-0.0475,219942064.63,-54.0580122512,23.3735,-45576667.5,-185.65,71.3267,2.344406520394,-2.01,0.006584873658,16.5478541048,农化制品,2025-04-26,2024-03-31
300240,飞力达,-0.0079,1540538813.26,43.7232134557,2.9176,-2916950.31,78.8,85.3309,3.90042593682,-0.2,-0.108272296992,6.2514475319,物流,2025-04-26,2024-03-31
300237,ST美晨,-0.06,431449417.57,19.1105942553,-18.1416,-92782651.87,19.49,89.6783,0.167159575961,-32.28,0.046080817576,1.6675075842,汽车零部件,2025-04-26,2024-03-31
300234,开尔新材,0.0221,71303996.33,-4.7260474242,-75.5312,11097838.61,3.6,-70.8538,2.252904999828,0.98,0.097826229424,32.4724404546,装修建材,2025-04-26,2024-03-31
300228,富瑞特装,0.0344,653563777.85,-14.4747884852,-29.3751,19805744.38,629.29,-81.6471,3.364442416432,1.03,-0.170419010027,19.5119489363,通用设备,2025-04-26,2024-03-31
300214,日科化学,-0.0187,606662875.55,4.0349221233,-4.156,-8713724.13,-149.15,-481.4456,5.462434188797,-0.34,-0.260753551176,6.7755622268,化学制品,2025-04-26,2024-03-31
300213,佳讯飞鸿,-0.0106,172387071.67,-1.2315144041,-61.5208,-6220602.14,5.73,-118.2471,3.684409506269,-0.28,-0.051404321156,38.6174183337,通信设备,2025-04-26,2024-03-31
300210,森远股份,-0.03,47480251.93,-22.7265851465,-39.5333,-16028546.07,-234.97,79.7647,0.906167355479,-3.59,-0.006542011126,28.6465890073,环保设备Ⅱ,2025-04-26,2024-03-31
300199,翰宇药业,-0.02,150256744.79,-14.7347889425,403.7294,-14102003.37,-175.79,95.7693,0.846819196583,-1.87,0.017155665493,60.4673645945,化学制药,2025-04-26,2024-03-31
300193,佳士科技,0.11,267143959.94,14.3525540671,-7.8147,49970696.01,84.37,34.651,4.712842911881,2.17,-0.069361857095,29.9787967237,通用设备,2025-04-26,2024-03-31
300190,维尔利,0.05,383876573.19,-9.2994416012,-37.992,36953367.45,244.32,116.9008,4.560438927576,1.03,0.005935232338,23.3252349879,环境治理,2025-04-26,2024-03-31
300188,国投智能,-0.04,194202951.14,31.7783126494,-84.2526,-34115449.7,79.62,-117.8178,4.564632361883,-4.09,-0.448002897878,41.2412319174,软件开发,2025-04-26,2024-03-31
300177,中海达,-0.0532,116373138.39,-38.4857125293,-61.2185,-39590186.9,-2.63,90.2525,2.194974552664,-2.39,-0.131422794239,38.9760964923,军工电子Ⅱ,2025-04-26,2024-03-31
300175,朗源股份,0.015,70065968.82,107.1197096357,-10.2774,7061973.18,1094.83,119.2958,1.076105013105,1.4,0.063848166971,18.8619481934,农产品加工,2025-04-26,2024-03-31
300174,元力股份,0.2122,467219632.07,2.1465230658,-13.0438,77630815.17,71.25,26.6861,8.709597735795,2.38,-0.247086525222,22.5608853663,化学制品,2025-04-26,2024-03-31
300173,ST福能,0.0608,198814693.19,-30.1776292713,-58.3157,44636878.63,545.24,41.8331,1.288701116699,4.84,-0.080034056479,30.9240620618,电池,2025-04-26,2024-03-31
300164,通源石油,0.0068,227911693.64,12.6120292376,-4.6756,3989084.08,-75.91,109.865,2.244987016817,0.3,0.03724343313,26.6480520767,油服工程,2025-04-26,2024-03-31
300157,新锦动力,-0.06,198218684.38,-3.2771626462,71.1185,-36375684.61,-1.21,56.0519,-0.224115687501,-29.98,-0.050969254868,21.4955232819,通用设备,2025-04-26,2024-03-31
300153,科泰电源,0.0278,265208030.98,14.8958171815,-42.8612,8886054.24,15.88,-29.1061,2.636424773562,1.06,0.005365697063,17.1061308296,其他电源设备Ⅱ,2025-04-26,2024-03-31
300151,昌红科技,0.05,233436775.43,-18.1063091201,21.4452,24959889.53,-21.01,232.2265,2.959010240693,1.51,0.115525393342,28.4029059123,专用设备,2025-04-26,2024-03-31
300146,汤臣倍健,0.43,2646096290.74,-14.865047527,62.8837,726556175.48,-29.43,569.3597,7.415831902211,5.88,0.087844557475,69.9027134263,食品加工,2025-04-26,2024-03-31
300142,沃森生物,0.0088,599753563.65,-28.023874581,-37.2464,14127534.12,-91.79,110.544,5.825372553865,0.15,-0.047029895833,81.0724187016,生物制品,2025-04-26,2024-03-31
300138,晨光生物,0.0725,1732327232.51,-4.7052544095,1.7776,38591936.61,-71.42,-52.5703,6.310003336049,1.14,0.370572751645,8.2081436626,农产品加工,2025-04-26,2024-03-31
300127,银河磁体,0.12,186226659.56,-9.0708845934,-3.8968,40050739.95,-20.03,167.158,4.555650467113,2.76,0.135248620223,37.1693729155,金属新材料,2025-04-26,2024-03-31
300119,瑞普生物,0.196,684664200.42,54.6283605616,-19.4317,90296367.92,8.35,-51.1442,9.801982455501,1.96,0.194625113473,40.7573582479,动物保健Ⅱ,2025-04-26,2024-03-31
300118,东方日升,-0.25,4933054999.87,-27.2082671519,-32.5172,-279523892.9,-189.92,-433.0392,13.070115746838,-1.86,-2.659816917323,8.0522033602,光伏设备,2025-04-26,2024-03-31
300111,向日葵,0.0004,83692914.6,36.5660112614,-18.9585,551007.76,104.46,125.2263,0.527429185887,0.12,0.005382647809,21.633780191,化学制药,2025-04-26,2024-03-31
300107,建新股份,0.0147,154032546.54,21.767101769,-18.6517,8128490.67,124.95,99.6123,2.658607892423,0.55,0.128701616492,13.4385041051,化学制品,2025-04-26,2024-03-31
300106,西部牧业,-0.0202,236493578.79,-16.2339951518,-4.3854,-4267655.29,-296.01,90.0901,2.541136469478,-0.79,-0.220083162627,16.6549936838,饮料乳品,2025-04-26,2024-03-31
300088,长信科技,0.0202,2603187623.53,76.867983382,0.3939,49476398.96,-52.52,177.2662,3.371289708998,0.6,-0.035291528909,7.5547215964,光学光电子,2025-04-26,2024-03-31
300083,创世纪,0.04,856353971.45,-24.2662205319,15.1947,59010602.2,-51.46,82.444,2.946964790025,1.2,-0.114104234641,23.0011277482,自动化设备,2025-04-26,2024-03-31
300068,ST南都,0.12,2982559661.03,-28.9314524425,-17.9673,82585785.32,-18.34,119.566,6.307643995899,1.94,-0.2495364426,9.812232624,电池,2025-04-26,2024-03-31
300066,三川智慧,0.0005,348533208.31,-15.562778995,-54.5766,474432.04,-97.29,-99.3888,2.378426319754,0.02,-0.066758682349,17.2154929428,通用设备,2025-04-26,2024-03-31
300059,东方财富,0.1237,2455935755.21,-12.6,-5.2876,1953787436.07,-3.7,-1.55,4.634178365022,2.69,1.234001499602,57.5970174944,证券Ⅱ,2025-04-26,2024-03-31
300057,万顺新材,-0.0192,1282145275.2,12.2773924855,-15.4254,-17492155.23,-260.15,73.1469,5.958827916817,-0.32,-0.199050879234,5.2643567258,工业金属,2025-04-26,2024-03-31
300053,航宇微,0.0103,77544578.57,-35.5718276684,71.0946,7168175.93,-73.7,101.488,2.978324363861,0.32,-0.011240633643,46.3954977169,半导体,2025-04-26,2024-03-31
300047,天源迪科,0.0143,1521535016.65,26.9767450694,-40.7165,9091721.55,9.63,223.8457,5.20574048269,0.27,0.526587662296,10.4324177113,软件开发,2025-04-26,2024-03-31
300042,朗科科技,-0.0211,222349801.01,-35.1495164905,311.5392,-4226482.87,-157.98,39.311,5.614584332385,-0.37,-0.391584264471,12.2345257007,计算机设备,2025-04-26,2024-03-31
300008,天海防务,0.0178,673437767.25,6.7989747715,-44.7768,30828652.29,288.36,151.4107,1.136940896702,1.58,-0.179536868288,19.4368942738,航海装备Ⅱ,2025-04-26,2024-03-31
300004,南风股份,0.02,111872083.98,120.7586742298,-44.5901,11246776.97,1106.64,139.2507,3.529730612511,0.66,-0.069750361608,29.9847104806,专用设备,2025-04-26,2024-03-31
300002,神州泰岳,0.1514,1488183132.94,22.7916468576,-22.1337,295017224.07,65.62,-9.0549,3.107618645327,4.98,0.116175179461,63.6535254615,游戏Ⅱ,2025-04-26,2024-03-31
200992,中鲁B,-0.0223,210111612.99,-6.7092616144,-51.9426,-5935298.15,-97.53,-156.5846,3.849249236032,-0.58,-0.037679953255,4.937292424,渔业,2025-04-26,2024-03-31
200625,长安B,0.12,37023223131.54,7.1394885465,-14.0821,1158060683.94,-83.39,-19.8606,7.383241803374,1.6,0.529112416309,12.7868524914,乘用车,2025-04-26,2024-03-31
200512,闽灿坤B,0.08,372852200.16,19.5911131346,-3.8184,15205297.84,44.71,-30.9319,5.875640658847,1.4,0.115594713042,16.2388902986,小家电,2025-04-26,2024-03-31
200058,深赛格B,0.0202,414161145.61,-6.9863729171,-27.0339,24867650.31,-24.43,149.4482,1.64858287263,1.23,-0.03432512856,22.2345035757,一般零售,2025-04-26,2024-03-31
003042,中农联合,-0.15,440324905.14,-12.7805619737,34.9452,-21535377.37,-226.52,79.8458,10.207639191044,-1.47,-0.450305163812,8.8999563306,农化制品,2025-04-26,2024-03-31
003041,真爱美家,0.18,159578709.7,-3.5999711789,-36.7875,26343302.82,105.56,15.0389,9.419819890833,1.96,-0.069061818194,23.8436830524,服装家纺,2025-04-26,2024-03-31
003029,吉大正元,-0.08,126404966.23,3.680501024,49.6156,-16313817.39,-645.51,77.9419,6.504630941391,-1.25,-0.25907617811,41.5811081064,软件开发,2025-04-26,2024-03-31
003025,思进智能,0.15,147817644.81,36.2347446484,-12.1793,35061921.35,36.29,8.9755,4.554651179838,3.31,0.226502605641,38.3702205599,通用设备,2025-04-26,2024-03-31
003022,联泓新科,0.04,1487139708.13,-5.638910185,-19.2487,51436308.79,-65.05,23.1944,5.372937033412,0.72,0.01996002387,16.2892326098,光伏设备,2025-04-26,2024-03-31
003016,欣贺股份,0.0135,364678737.49,-19.0606118524,-21.0108,5636938.73,-88.49,133.6649,6.574533799135,0.2,-0.07527100325,68.9623009723,服装家纺,2025-04-26,2024-03-31
003012,东鹏控股,-0.0098,1011954877.18,-11.5787545497,-50.4406,-11515577.02,-1077.81,-112.607,6.626974892506,-0.15,-0.081546011927,26.5329157282,家居用品,2025-04-26,2024-03-31
003005,竞业达,-0.1723,28664623.4,-14.2651982855,-82.4306,-25565262.65,-85.02,-401.7256,9.86585126496,-1.73,-0.326136570553,40.0368180312,IT服务Ⅱ,2025-04-26,2024-03-31
002987,京北方,0.08,1115396933.04,11.5467820886,-0.3577,48531782.37,-20.82,-50.8952,5.888957295117,1.89,-1.116603176636,20.9327001244,软件开发,2025-04-26,2024-03-31
002982,湘佳股份,-0.14,905192052.83,-0.4385944754,-14.6184,-19412531.26,31.29,78.7692,10.671682612609,-1.18,0.357427461298,14.1531726134,养殖业,2025-04-26,2024-03-31
002975,博杰股份,0.08,275034960.27,41.5099262092,16.5241,10630098.29,200.73,120.518,11.319341727666,0.65,-0.720222934536,45.5919528255,自动化设备,2025-04-26,2024-03-31
002962,五方光电,0.07,266272922.28,67.2079455461,28.5951,21380457.67,74.73,-7.6843,6.310512951261,1.16,-0.0275800646,16.7857612473,光学光电子,2025-04-26,2024-03-31
002956,西麦食品,0.2013,565623157.32,46.0739641589,27.0861,45003373.32,14.59,96.1388,6.695280196158,3.05,0.246908390512,43.7063283426,休闲食品,2025-04-26,2024-03-31
002955,鸿合科技,0.11,550865955.34,-15.6353399201,-35.9466,25082183.25,9.39,11.1732,14.648967442245,0.73,-0.685075144924,31.7117911511,光学光电子,2025-04-26,2024-03-31
002950,奥美医疗,0.1482,746413148.74,-8.3753288521,1.0881,93879127.79,-26.59,334.6673,5.176393610681,2.9,0.296526473852,28.7841315018,医疗器械,2025-04-26,2024-03-31
002945,华林证券,0.0203,272614220.78,12.02,3.9083,54827177.26,-12.83,135.3247,2.323433370104,0.87,2.148271207633,,证券Ⅱ,2025-04-26,2024-03-31
002935,天奥电子,-0.0232,107064523.81,-14.5440618218,-77.0491,-9097894.04,16.18,-114.2742,4.324951702401,-0.59,-0.429620408161,22.7407754909,军工电子Ⅱ,2025-04-26,2024-03-31
002928,华夏航空,0.0194,1615830216.24,54.6734334517,24.33,24668456.5,108.94,109.2202,2.434734474083,0.8,0.32225748322,3.8930702371,航空机场,2025-04-26,2024-03-31
002918,蒙娜丽莎,0.02,818125953.51,-25.7241983978,-40.5303,9635007.32,39.63,114.3439,7.88592107898,0.28,0.067128590352,26.5083401449,家居用品,2025-04-26,2024-03-31
002917,金奥博,0.0419,317838039.29,29.7425284651,-31.6565,14462074.76,175.69,-30.6373,4.370301379003,0.95,-0.042121765211,32.6130070087,化学制品,2025-04-26,2024-03-31
002912,中新赛克,-0.22,84895894.66,-60.5810755488,-56.049,-38154946.07,-164.62,-195.081,9.569944097404,-2.31,0.222878151764,75.1845412262,计算机设备,2025-04-26,2024-03-31
002911,佛燃能源,0.06,6158911777.2,37.4727951516,-21.5779,80294538.41,3.09,-80.383,4.449548031452,1.87,-0.530233929575,6.1225447722,燃气Ⅱ,2025-04-26,2024-03-31
002909,集泰股份,-0.0253,227898315.51,-11.4507673452,-31.2496,-9814008.67,-1388.13,-47.7629,2.443142138609,-0.97,0.031824789067,24.0714377056,化学制品,2025-04-26,2024-03-31
002908,德生科技,0.016,151642935.07,-11.873111052,-47.9401,6867535.68,-55.83,-68.7659,2.683445738348,0.58,-0.259540500149,39.1081760866,IT服务Ⅱ,2025-04-26,2024-03-31
002906,华阳集团,0.27,1990785130.49,51.3411217522,-14.9218,142283578.15,83.52,-14.9652,11.673359509186,2.35,0.200724874296,20.9244710577,汽车零部件,2025-04-26,2024-03-31
002893,京能热力,0.67,654009183.77,0.1768608349,57.6504,177898703.25,4.53,829.4009,4.952672585723,14.53,-1.202007420649,36.6321270061,电力,2025-04-26,2024-03-31
002887,绿茵生态,0.12,86482433.31,33.210960477,-44.0762,37325607.08,13.01,1.4739,7.288368081282,1.57,-0.157153115288,48.3143982203,环境治理,2025-04-26,2024-03-31
002885,京泉华,0.0325,582488235.0,-25.4277208564,-3.0706,8872070.22,-84.06,122.8325,5.197663758426,0.63,-0.183812457912,12.1794861093,其他电子Ⅱ,2025-04-26,2024-03-31
002871,伟隆股份,0.1,99457929.13,-16.7178252228,-41.8772,21947740.28,-29.78,-2.5382,3.564924110637,2.75,0.145910513828,37.6393224225,通用设备,2025-04-26,2024-03-31
002870,香山股份,0.34,1485416004.27,22.2088623332,-9.3522,44452962.5,25.44,115.4718,11.815478273904,2.89,0.422525856472,23.4306797765,汽车零部件,2025-04-26,2024-03-31
002850,科达利,1.14,2508509695.36,7.8417836095,-8.5488,308582801.62,27.76,-23.9713,39.220088962893,2.9,0.840851010014,22.1814121886,电池,2025-04-26,2024-03-31
002843,泰嘉股份,0.13,443904192.1,-0.5912867362,2.0341,32011715.33,-12.95,5.1795,5.591552532591,2.19,0.199842465452,17.2350253729,通用设备,2025-04-26,2024-03-31
002836,新宏泽,0.05,67787101.91,87.3364192064,2.5537,10588916.36,210.39,14.3976,1.544911575998,2.8,0.0660256102,33.1044659053,包装印刷,2025-04-26,2024-03-31
002830,名雕股份,0.03,131207521.85,8.619831567,-50.6699,3684345.55,171.16,-84.736,5.094791846858,0.54,-0.50397659682,29.4216499372,装修装饰Ⅱ,2025-04-26,2024-03-31
002817,黄山胶囊,0.05,118410927.98,-17.3262796701,10.3908,15327124.06,-23.75,57.2672,3.061909207201,1.69,-0.061814198195,24.7610955764,化学制药,2025-04-26,2024-03-31
002810,山东赫达,0.1569,435373486.1,16.0957254328,15.2571,53602901.24,-26.37,675.0879,6.033619915271,2.52,0.157131924689,25.0639400225,化学制品,2025-04-26,2024-03-31
002797,第一创业,0.03,673427362.24,-2.66,16.8933,143197078.56,1.64,5332.8615,3.586944996564,0.96,-0.039984533557,,证券Ⅱ,2025-04-26,2024-03-31
002792,通宇通讯,0.0122,236319280.85,-2.8025706662,-45.7116,4898715.67,-85.72,-79.8411,6.987062782491,0.17,-0.204780590569,26.7756196712,通信设备,2025-04-26,2024-03-31
002780,三夫户外,0.0028,169415280.79,-9.9330814415,-44.5976,436078.05,-94.74,-98.2201,4.373478878266,0.06,-0.139346709992,56.5785405738,服装家纺,2025-04-26,2024-03-31
002773,康弘药业,0.41,1092784087.91,23.5009441171,13.9923,373521473.06,33.72,70.2434,8.893801355393,4.67,0.441491879952,89.4895475208,生物制品,2025-04-26,2024-03-31
002759,ST天际,-0.19,445419963.02,0.2818536349,-16.3859,-95726545.37,-1055.76,-1120.9839,8.984035726222,-2.08,-0.738619316653,-9.2109715676,电池,2025-04-26,2024-03-31
002758,浙农股份,0.11,9870220383.5,-3.340429533,-15.787,57119269.17,-37.31,-59.6414,8.820612339445,1.25,-0.887818284034,5.5848609486,综合Ⅱ,2025-04-26,2024-03-31
002753,永东股份,0.0849,960104309.36,-15.688960829,-20.7776,31612066.64,796.22,-24.8111,6.084183822236,1.37,-0.171518621198,6.5210597859,橡胶,2025-04-26,2024-03-31
002748,世龙实业,-0.0415,468135679.6,-10.715057794,-14.1273,-9966382.82,-164.71,-184.1937,5.5561538225,-0.74,-0.084813971667,8.9006909141,化学原料,2025-04-26,2024-03-31
002742,冀衡医药,-0.082,348149625.8,-30.0092894015,-16.0257,-35416918.24,-2.92,88.9489,0.715028373843,-10.84,-0.041860789861,22.4984044346,化学制药,2025-04-26,2024-03-31
002729,好利科技,0.03,65152494.28,6.8952693695,-14.1678,6057981.32,12.35,772.2695,2.702535883712,1.23,0.127742827619,30.5456606995,其他电子Ⅱ,2025-04-26,2024-03-31
002728,特一药业,0.02,164611744.46,-45.879425259,-48.8656,9154620.96,-91.32,-85.8493,5.539327703836,0.45,-0.107958024303,44.2856301227,中药Ⅱ,2025-04-26,2024-03-31
002708,光洋股份,0.0424,569816919.31,61.2779877676,8.9491,23851731.15,373.14,144.0658,3.04416702265,1.16,-0.160207554264,16.2799069256,汽车零部件,2025-04-26,2024-03-31
002706,良信股份,0.08,942217611.81,1.1002836318,-16.596,89573760.54,5.33,-7.159,3.772776989582,2.07,0.025666370793,32.3805015907,电网设备,2025-04-26,2024-03-31
002702,海欣食品,0.0187,458829708.78,14.462294005,-21.1792,10397650.33,-24.87,841.6664,2.103671599719,0.89,0.238492145638,19.1851391149,食品加工,2025-04-26,2024-03-31
002698,博实股份,0.1038,661556066.08,-9.3399148986,13.4464,105613101.5,-49.76,6.6861,3.469097222482,2.98,-0.048714349278,32.2124668107,自动化设备,2025-04-26,2024-03-31
002696,百洋股份,-0.0109,506886026.78,-8.4677637711,-32.1283,-3758943.73,-203.73,89.6043,4.030792119986,-0.27,0.147851374553,8.0922768676,饲料,2025-04-26,2024-03-31
002690,美亚光电,0.1146,331400004.8,-18.567863644,-56.8627,100900473.07,-19.3,-44.4591,3.181436247986,3.6,-0.064102738668,51.0926995104,专用设备,2025-04-26,2024-03-31
002689,ST远智,-0.0403,193880993.17,5.3873994626,-50.5752,-42011572.39,-86.6,-1267.9753,1.075980069696,-3.68,-0.001132544851,22.3463368284,专用设备,2025-04-26,2024-03-31
002688,金河生物,0.0578,519450050.36,-1.4861645683,-14.039,45143153.81,22.27,371.8092,2.892031447347,2.0,0.094038882851,34.1837152941,动物保健Ⅱ,2025-04-26,2024-03-31
002679,福建金森,-0.09,5238602.53,-53.0650224685,-93.004,-20760951.56,-17.29,-159.4891,3.141197995597,-2.76,-0.159185024305,56.3306399579,林业Ⅱ,2025-04-26,2024-03-31
002677,浙江美大,0.12,273006932.38,-19.3916572066,-33.6132,77159535.78,-23.34,-23.4844,3.258088771237,3.73,0.023570968034,46.1614811028,厨卫电器,2025-04-26,2024-03-31
002674,兴业科技,0.1186,596897058.73,28.6056725932,-21.3444,34628104.35,22.03,171.606,8.339579174258,1.43,0.153279932412,20.2430673619,纺织制造,2025-04-26,2024-03-31
002672,东江环保,-0.14,790088128.25,-4.6611465724,-23.7189,-155869080.45,-32.47,60.3938,3.927765605585,-3.53,-0.108560654257,-0.1360669401,环境治理,2025-04-26,2024-03-31
002658,雪迪龙,-0.01,231513362.82,-22.3047822158,-58.8871,-6405916.45,-122.68,-107.9539,4.089342907932,-0.24,-0.023282670028,38.6749702822,环保设备Ⅱ,2025-04-26,2024-03-31
002651,利君股份,0.05,205324390.13,-21.041956289,1.2732,56436646.94,-29.61,152.6973,2.665797927709,2.07,0.122846604039,41.748606464,航空装备Ⅱ,2025-04-26,2024-03-31
002649,博彦科技,0.03,1640030521.14,3.3828078655,-5.1571,19281260.04,-70.7,383.8085,6.845557515274,0.48,-0.326969039771,21.3566059634,IT服务Ⅱ,2025-04-26,2024-03-31
002644,佛慈制药,0.036,274329503.97,-13.8538911457,-9.3495,18387224.27,-23.11,127.8356,3.453899647004,1.05,-0.03147798066,31.0960571194,中药Ⅱ,2025-04-26,2024-03-31
002642,荣联科技,0.0079,399894050.3,-9.6641032538,-41.3139,5217021.39,141.74,101.6084,1.704963909635,0.46,-0.13573282659,13.1147393392,IT服务Ⅱ,2025-04-26,2024-03-31
002635,安洁科技,0.16,1163055074.0,32.1480899922,-19.5838,105493718.2,54.67,48.7338,8.713276309639,1.79,0.13874265491,24.7059518602,消费电子,2025-04-26,2024-03-31
002634,*ST棒杰,-0.06,382168985.79,279.049052973,24.114,-28378241.57,-843.96,72.3385,2.253496439689,-2.62,-1.389049148015,4.9186444685,服装家纺,2025-04-26,2024-03-31
002624,完美世界,-0.02,1329062879.22,-30.1863266536,-16.6801,-29764070.63,-112.33,75.8467,4.571676944935,-0.33,-0.18279302903,66.9367492215,游戏Ⅱ,2025-04-26,2024-03-31
002622,皓宸医疗,-0.0054,163503563.1,26.1177367981,-29.8478,-4572538.15,-546.69,95.8689,0.513741344357,-1.06,-0.014224111286,46.1309748056,医疗服务,2025-04-26,2024-03-31
002617,露笑科技,0.042,778118196.69,34.3413382223,13.0448,80411680.91,78.54,239.2996,3.091736037609,1.35,-0.17401790646,23.3094443969,电力,2025-04-26,2024-03-31
002613,北玻股份,0.0471,404675167.75,8.9159978457,5.6744,44101632.57,49.91,664.8671,1.871607186167,2.55,0.049506381478,28.161332563,玻璃玻纤,2025-04-26,2024-03-31
002611,东方精工,0.04,935144681.91,3.0915560369,-34.1204,44642460.24,-47.46,-72.3372,3.717452385272,0.99,0.004518158251,28.6960407113,专用设备,2025-04-26,2024-03-31
002609,捷顺科技,-0.0224,239302220.17,3.259563159,-60.7622,-14421536.31,3.58,-151.0607,3.767141749358,-0.59,-0.07503045296,40.4701259191,IT服务Ⅱ,2025-04-26,2024-03-31
002608,江苏国信,0.2061,9080758301.23,25.56,-5.7973,778631371.55,202.87,940.2253,7.790182796559,2.68,0.026115009306,12.0333363698,电力,2025-04-26,2024-03-31
002607,中公教育,0.04,763498365.59,-14.077125105,81.5819,82792824.85,240.67,118.3386,0.105375342518,13.61,0.023537336301,58.713603154,教育,2025-04-26,2024-03-31
002594,比亚迪,1.57,124944397000.0,3.969914093,-30.6021,4568793000.0,10.62,-47.3272,49.152601959824,3.24,3.513391306934,20.7053022154,乘用车,2025-04-26,2024-03-31
002592,ST八菱,0.07,121440267.62,27.0214511324,-42.0509,19635169.36,104.49,172.8951,3.034489924347,2.38,0.138494563307,25.6620154342,汽车零部件,2025-04-26,2024-03-31
002584,西陇科学,0.01,1935429780.12,8.6390605164,48.8156,7046896.18,-29.76,82.9616,3.895293479324,0.3,0.008616941033,5.5645851565,电子化学品Ⅱ,2025-04-26,2024-03-31
002580,圣阳股份,0.11,596295999.31,1.5970564138,5.8865,51759374.05,13.58,817.5441,4.564944774383,2.53,-0.214973429767,20.1334236854,电池,2025-04-26,2024-03-31
002578,闽发铝业,0.0093,408288169.25,-27.0336001827,-52.3138,8760299.49,-9.42,470.6315,1.653718520812,0.57,0.081210718865,4.6557590451,工业金属,2025-04-26,2024-03-31
002574,明牌珠宝,0.04,1356099699.98,10.2367935187,89.2577,20528611.34,-55.14,-57.9642,5.915742659811,0.65,-0.31546159964,10.2515701251,饰品,2025-04-26,2024-03-31
002562,兄弟科技,-0.0237,819723681.99,21.3052563604,23.6346,-25204721.56,-335.15,85.8489,2.844137348417,-0.83,-0.060787096121,14.4792001997,化学制品,2025-04-26,2024-03-31
002552,宝鼎科技,0.19,686246645.28,2.1009466951,-31.3448,82471738.36,565.15,-28.0063,4.410769750827,5.27,0.318790519214,11.8613696489,元件,2025-04-26,2024-03-31
002543,万和电气,0.22,1979632595.61,23.5325004181,17.0613,165995128.4,34.69,1748.5078,6.31537157695,3.59,0.42784468081,32.069828856,厨卫电器,2025-04-26,2024-03-31
002539,云图控股,0.18,4954330702.21,-12.7313890588,-11.8651,213257426.32,-39.72,20.299,7.04122872871,2.54,0.289674586679,9.5918263324,农化制品,2025-04-26,2024-03-31
002527,新时达,-0.0355,686321914.12,-24.6660155519,-14.8358,-23465044.29,-118.05,94.8789,2.281464445438,-1.54,-0.154479408385,18.063501354,专用设备,2025-04-26,2024-03-31
002523,天桥起重,0.004,226468212.78,7.3954911151,-71.1301,5011476.59,4.19,-88.0749,1.642502127321,0.21,-0.072565102,20.1114336096,专用设备,2025-04-26,2024-03-31
002517,恺英网络,0.2,1307535557.4,36.9331485673,3.2877,426189898.93,47.06,12.3289,2.639973868623,7.91,0.155069166249,82.0453730263,游戏Ⅱ,2025-04-26,2024-03-31
002512,ST达华,-0.0039,401296476.81,-40.8269557728,-6.1408,-4241211.0,-66.96,98.8645,0.332171389463,-1.11,-0.12441802147,13.2375060933,计算机设备,2025-04-26,2024-03-31
002507,涪陵榨菜,0.24,748596673.92,-1.5262812818,50.2487,271629099.47,3.93,62.4092,7.380098695036,3.24,-0.029385327521,52.1098007846,调味发酵品Ⅱ,2025-04-26,2024-03-31
002500,山西证券,0.04,631429731.0,-44.64,-36.6243,158560105.0,-36.72,-43.7998,4.989886055143,0.89,0.354541259799,,证券Ⅱ,2025-04-26,2024-03-31
002488,金固股份,0.01,817336707.63,17.7938611107,-1.2202,9908016.11,162.58,-70.9261,4.146383455697,0.24,-0.111716223955,10.3080585986,汽车零部件,2025-04-26,2024-03-31
002475,立讯精密,0.35,52406775584.57,4.934592846,-31.0715,2471024666.99,22.45,-30.9477,8.149435338872,4.29,-0.117764192617,10.744827516,消费电子,2025-04-26,2024-03-31
002465,海格通信,0.02,1144316623.42,10.6685044445,-52.593,42507168.71,0.58,-87.6575,5.201461051378,0.33,-0.210591502639,31.906337253,军工电子Ⅱ,2025-04-26,2024-03-31
002462,嘉事堂,0.26,7442979521.58,10.1671022414,-9.3269,75533309.91,11.51,607.5595,14.79586320663,1.77,0.943861492068,5.6393716178,医药商业,2025-04-26,2024-03-31
002454,松芝股份,0.1,1072669978.9,0.3308215595,-0.5656,60440603.79,28.06,911.9257,6.175790878257,1.56,-0.319706473575,17.3290942318,汽车零部件,2025-04-26,2024-03-31
002439,启明星辰,-0.09,922613266.65,17.1302054679,-53.2462,-113169016.82,-72.18,-122.6449,9.689179139246,-0.95,-0.096364368535,50.8149358466,软件开发,2025-04-26,2024-03-31
002437,誉衡药业,0.0235,593133301.68,-12.9242042772,3.3278,52282909.59,160.65,150.6179,0.796505229682,3.04,0.070133746164,53.8091294008,化学制药,2025-04-26,2024-03-31
002431,ST棕榈,-0.06,940003740.74,8.2606055735,73.7874,-102773328.45,-16.2,84.394,1.753135236791,-3.18,0.05112239474,6.4124404816,基础建设,2025-04-26,2024-03-31
002419,天虹股份,0.1276,3340255853.24,-1.2990215151,17.8252,149175955.2,-28.34,7220.0382,3.728162709155,3.48,0.355253015296,36.9477198932,一般零售,2025-04-26,2024-03-31
002412,汉森制药,0.1158,254032546.62,1.5407364361,-6.3954,58264674.17,5.81,-38.8442,4.029068904849,2.92,0.040746836149,74.2373315779,中药Ⅱ,2025-04-26,2024-03-31
002405,四维图新,-0.0735,707339912.23,0.0373018191,-11.999,-169773602.84,-65.12,79.2639,4.153529767886,-1.71,0.036133456395,37.4763021394,软件开发,2025-04-26,2024-03-31
002404,嘉欣丝绸,0.09,1170236109.53,21.2856653662,12.1865,48488014.08,-7.6,-0.1827,3.548802164404,2.35,0.408430875938,11.2974027858,服装家纺,2025-04-26,2024-03-31
002372,伟星新材,0.1,996663372.67,11.191184076,-62.137,153542014.75,-11.56,-72.4881,3.58312227985,2.72,-0.110372842265,41.4840100437,装修建材,2025-04-26,2024-03-31
002371,北方华创,2.1476,5950568399.86,53.7164564197,-20.5648,1138817830.6,90.4,12.215,48.195142990571,4.56,0.44357751645,43.9734591709,半导体,2025-04-26,2024-03-31
002350,北京科锐,-0.0379,271178586.51,13.3294141504,-59.0098,-20045966.64,42.35,85.0968,3.091898040226,-1.19,-0.07243605325,14.3467716462,电网设备,2025-04-26,2024-03-31
002344,海宁皮城,0.05,266847592.15,-16.0732774548,-42.5193,59119062.82,-51.83,36.648,6.572095488578,0.7,0.019115766058,32.9193666613,一般零售,2025-04-26,2024-03-31
002342,巨力索具,0.0038,434014702.86,-8.3443742717,-29.2641,3665681.79,80.07,117.0192,2.583655309219,0.15,-0.152688497771,20.7605604778,通用设备,2025-04-26,2024-03-31
002335,科华数据,0.16,1183984789.75,-20.5419285758,-55.1366,73545785.36,-48.76,17.941,9.24486404155,1.66,-0.476230154936,31.2185669242,其他电源设备Ⅱ,2025-04-26,2024-03-31
002327,富安娜,0.15,652075081.92,5.1951770721,-40.9849,122373670.62,10.24,-45.8134,4.758178200785,3.12,0.087813168142,54.2078151644,服装家纺,2025-04-26,2024-03-31
002322,理工能科,0.11,166116276.91,16.2675202768,-65.8568,40957400.66,142.57,-63.4577,8.439226937916,1.25,-0.061018825816,72.6537324695,软件开发,2025-04-26,2024-03-31
002317,众生药业,0.06,641123852.5,-14.1465264246,18.887,51293866.37,-63.2,416.1891,5.169093527793,1.17,-0.093101615035,56.4900848577,中药Ⅱ,2025-04-26,2024-03-31
002301,齐心集团,0.07,2190753422.2,14.6552333801,-34.3912,49428532.8,10.96,169.1918,4.339625196955,1.58,0.048043187014,10.1762029533,文娱用品,2025-04-26,2024-03-31
002295,精艺股份,0.03,726039257.11,29.4315080064,9.8333,7239796.61,3.33,272.9015,5.333173718398,0.54,-0.616654916047,3.6421557569,工业金属,2025-04-26,2024-03-31
002278,神开股份,-0.0152,142418334.8,-3.0100786537,-36.9047,-5513630.38,36.55,-143.5737,3.00565486233,-0.5,-0.064741763071,29.8330293706,专用设备,2025-04-26,2024-03-31
002275,桂林三金,0.17,482586774.29,-32.5925764182,-10.6048,100017772.21,-40.9,309.8411,4.9487968877,3.44,0.042640078775,74.2411933806,中药Ⅱ,2025-04-26,2024-03-31
002272,川润股份,-0.0412,285112055.66,-19.7257247701,-33.5683,-17910064.74,-148.33,54.0235,3.351410577217,-1.29,-0.263283850623,16.1589297279,通用设备,2025-04-26,2024-03-31
002266,浙富控股,0.06,4453940694.71,-4.0030199684,-4.9822,310843947.43,-37.1,695.7346,2.111945817461,2.83,-0.045784152891,8.8209218131,环境治理,2025-04-26,2024-03-31
002259,升达林业,0.0055,150936660.35,-28.5143496858,-14.3899,4100950.93,-11.37,115.9786,0.331038647841,1.66,0.022645296724,16.2490756342,燃气Ⅱ,2025-04-26,2024-03-31
002255,海陆重工,0.0539,465376644.65,5.6653552205,-54.4821,45419615.41,26.03,-57.1599,4.595193269701,1.23,-0.037091341267,24.7153816553,其他电源设备Ⅱ,2025-04-26,2024-03-31
002254,泰和新材,0.03,966351369.64,-4.5461181587,-4.829,25178989.47,-81.43,-53.858,8.360778210841,0.35,-0.274728611407,17.671926453,化学纤维,2025-04-26,2024-03-31
002249,大洋电机,0.09,2721806723.84,0.8139363529,-2.5216,208357199.17,22.58,112.8246,3.704942206233,2.36,0.078058167529,21.700679777,电机Ⅱ,2025-04-26,2024-03-31
002234,民和股份,-0.1,522443913.0,-9.5462528364,18.1581,-34906929.69,-161.39,86.988,6.454826318022,-1.54,-0.038053662519,12.3597757488,养殖业,2025-04-26,2024-03-31
002228,合兴包装,0.03,2735156301.84,-8.1148084709,-9.9466,33569936.89,4.72,301.1854,2.599137223772,1.02,0.171680977745,12.0751775402,包装印刷,2025-04-26,2024-03-31
002223,鱼跃医疗,0.6619,2231209294.86,-17.4410729119,70.483,659412768.43,-7.58,221.3919,12.402481754131,5.45,0.67388410021,49.9402917538,医疗器械,2025-04-26,2024-03-31
002203,海亮股份,0.1577,21852366119.78,12.2216738602,247.9553,315059210.19,-5.53,112.6738,6.860974151091,2.22,-1.124410378209,4.2266146221,工业金属,2025-04-26,2024-03-31
002202,金风科技,0.0726,6979133987.8,25.4205447157,-66.983,332623657.47,-73.06,373.5906,8.483580376213,0.86,-1.432903687883,24.8855205638,风电设备,2025-04-26,2024-03-31
002199,*ST东晶,-0.073,43491415.27,12.3100016736,-8.1895,-17763011.86,-27.57,22.4106,1.166324475293,-6.07,0.008421558782,4.0500502664,元件,2025-04-26,2024-03-31
002198,ST嘉应,0.0102,94415395.08,-26.5233195749,-39.478,5182187.84,-57.47,-44.9535,1.51359986179,0.68,0.024876237732,53.9953459039,中药Ⅱ,2025-04-26,2024-03-31
002187,广百股份,0.04,1487506534.43,-13.6342087861,45.7081,24721516.86,-24.88,318.8542,5.753225032817,0.61,0.044988145627,22.4689434671,一般零售,2025-04-26,2024-03-31
002174,游族网络,0.02,334992747.75,-29.307220717,-24.9937,17186242.41,-59.89,-78.7618,4.927322024096,0.37,0.009306778289,48.9967368047,游戏Ⅱ,2025-04-26,2024-03-31
002171,楚江新材,0.0769,10795841800.84,12.695847401,-13.1976,102569943.99,8.32,-44.2547,4.80574064648,1.58,-0.890143685948,3.5221902206,工业金属,2025-04-26,2024-03-31
002170,芭田股份,0.0593,656367561.57,-17.284850339,-9.9155,52758981.72,-26.57,-22.7284,2.790266422422,2.15,0.122555415073,26.391989023,农化制品,2025-04-26,2024-03-31
002166,莱茵生物,0.04,341215308.03,35.0679939951,-43.5963,26790064.13,34.37,-35.6167,4.193828644343,0.86,0.021262689307,26.0516856302,化学制品,2025-04-26,2024-03-31
002162,悦心健康,-0.0141,221095436.83,0.0137626075,-34.9375,-13017355.44,-69.65,77.8553,1.057150872607,-1.32,-0.058261499406,21.2230229184,家居用品,2025-04-26,2024-03-31
002158,汉钟精机,0.2737,749441243.78,8.6145005585,-20.7916,146358254.24,25.64,-20.9461,7.165456385914,3.87,-0.225000366479,35.7741409984,通用设备,2025-04-26,2024-03-31
002152,广电运通,0.1,2006260282.2,36.0210705698,-39.1988,247149999.75,4.75,10.1329,4.972878584263,2.03,-0.291064378635,33.2878523936,计算机设备,2025-04-26,2024-03-31
002134,天津普林,0.04,246605113.95,70.4215324849,20.0677,9968227.57,42.07,188.3567,1.876962380009,2.18,-0.093602664819,17.1372555472,元件,2025-04-26,2024-03-31
002130,沃尔核材,0.1463,1389476212.65,21.6193377398,-18.7729,184297192.07,77.27,-16.3729,4.023067223598,3.7,0.041646685283,33.1603108916,其他电子Ⅱ,2025-04-26,2024-03-31
002129,TCL中环,-0.2227,9932912733.39,-43.6229052525,-5.3323,-879837473.89,-139.05,68.26,10.037540639683,-2.15,0.074224571956,5.5219699947,光伏设备,2025-04-26,2024-03-31
002108,沧州明珠,0.0363,509520048.45,-18.5340707018,-18.6022,59866362.96,-27.67,101.5209,3.108770483454,1.16,-0.061800634275,14.4381996339,塑料,2025-04-26,2024-03-31
002107,沃华医药,0.02,215317031.37,-8.4852386936,11.4972,9667223.23,-62.01,607.7994,1.411852036574,1.19,0.094397824153,72.9174542632,中药Ⅱ,2025-04-26,2024-03-31
002105,信隆健康,0.007,240067340.31,-11.6016610211,6.8148,2457102.84,-80.39,671.9342,2.47540916482,0.27,-0.052166319426,17.1293997705,摩托车及其他,2025-04-26,2024-03-31
002098,浔兴股份,0.1023,478945298.5,23.0702482434,-22.0647,36619975.03,120.97,91.5774,3.305064427849,3.14,0.158641596341,33.1341606582,纺织制造,2025-04-26,2024-03-31
002097,山河智能,0.0192,1662106001.44,-6.8701231097,-15.5205,20634278.61,-44.2,545.8983,4.296354250559,0.45,-0.433353169171,26.9622381949,工程机械,2025-04-26,2024-03-31
002077,大港股份,0.03,74153527.17,-39.1866055709,-13.324,15235650.38,-80.1,156.8167,5.659268248905,0.46,0.062308936096,12.4607145643,半导体,2025-04-26,2024-03-31
002064,华峰化学,0.14,6656787137.28,7.5147806782,0.6083,683442402.36,8.24,24.2776,5.161566113014,2.7,-0.012172084806,16.126028149,化学纤维,2025-04-26,2024-03-31
002059,云南旅游,-0.0313,125789314.61,20.3627656862,-63.9828,-31678097.56,-52.75,90.0699,1.410636558148,-2.25,-0.104087870623,5.5373098117,旅游及景区,2025-04-26,2024-03-31
002057,中钢天源,0.0674,608065592.59,0.2566838626,-13.0074,51170357.53,-8.85,80.4503,4.138647164378,1.65,-0.050818234503,21.6176945254,专业服务,2025-04-26,2024-03-31
002048,宁波华翔,0.2759,5691829724.31,22.7581843998,-16.7673,224645035.7,11.9,18.3713,15.284656625313,1.62,0.063561891819,15.1416711819,汽车零部件,2025-04-26,2024-03-31
002040,南京港,0.0687,223747756.78,10.966833303,-14.2092,33248666.93,3.12,-35.2261,6.52543300006,1.04,0.044494399297,44.226771519,航运港口,2025-04-26,2024-03-31
002036,联创电子,-0.06,2465473014.92,25.9339126844,-10.6118,-68961045.42,61.14,89.6144,2.508167210177,-2.49,0.001596209565,7.1451484212,光学光电子,2025-04-26,2024-03-31
002029,七匹狼,0.15,892903323.32,-1.7990010645,-16.3278,106309535.11,19.48,55.5943,8.659725301044,1.64,0.180250591224,45.5400693558,服装家纺,2025-04-26,2024-03-31
002028,思源电气,0.47,2657548485.89,22.3561760382,-31.4912,363269779.12,66.32,-11.5872,13.930776003736,3.43,-0.141553827366,30.7041209868,电网设备,2025-04-26,2024-03-31
002011,盾安环境,0.2,2626059123.69,7.3058941132,-10.5878,208450931.85,28.88,5.3527,4.323480055739,4.62,0.063190426238,17.3929486941,家电零部件Ⅱ,2025-04-26,2024-03-31
001373,翔腾新材,0.05,170496806.34,17.2828445943,-2.6232,3588001.99,-64.51,24.7615,13.174129934523,0.4,0.137227283758,11.8266862957,光学光电子,2025-04-26,2024-03-31
001368,通达创智,0.28,236457334.78,14.4294786608,7.0675,31571986.53,1.94,56.7636,12.656813828692,2.21,-0.040886043089,28.6611118716,文娱用品,2025-04-26,2024-03-31
001367,海森药业,0.33,115797089.07,8.2722849906,1.3261,33384770.13,33.55,1.9667,18.868973669265,2.64,0.317378581618,39.1070899309,化学制药,2025-04-26,2024-03-31
001339,智微智能,0.05,713761963.34,-10.3680890401,-19.4371,12884234.64,-64.13,770.0213,7.81087961945,0.66,-0.881054759794,12.7475867409,计算机设备,2025-04-26,2024-03-31
001331,胜通能源,0.0959,1196110842.3,28.3034040315,-20.0399,19331861.87,409.63,44.0279,9.055085019167,1.28,0.25205838869,1.9414877216,燃气Ⅱ,2025-04-26,2024-03-31
001326,联域股份,0.5497,366448601.68,20.2440240742,8.109,40237153.02,31.34,104.5886,17.250761422951,3.24,-0.291247931011,22.5272505643,照明设备Ⅱ,2025-04-26,2024-03-31
001324,长青科技,0.1009,81591335.43,-20.2100990682,-42.3215,13919744.57,7.17,11.8081,7.803809278478,1.28,-0.101323391159,34.0480340389,轨交设备Ⅱ,2025-04-26,2024-03-31
001236,弘业期货,-0.0132,178976300.11,8.27,-78.9981,-13266963.32,-327.56,-292.8164,1.820128232337,-0.72,1.686172215855,,多元金融,2025-04-26,2024-03-31
001229,魅视科技,0.14,27764922.83,-28.9592701603,-61.4345,14366104.11,-10.98,-46.6982,9.871149725,1.47,0.1536984687,75.4204484854,计算机设备,2025-04-26,2024-03-31
001222,源飞宠物,0.1914,245661340.36,30.6729994622,-5.5183,36536964.44,72.51,67.628,6.454980837131,2.94,-0.139910092462,22.4747236985,文娱用品,2025-04-26,2024-03-31
001215,千味央厨,0.35,463496417.64,8.0420416904,-19.0745,34575081.72,14.16,-13.5697,18.401675361743,2.14,-0.784768674701,25.4476287369,食品加工,2025-04-26,2024-03-31
001212,中旗新材,0.12,133614451.15,-4.1337271914,-18.3968,14526305.97,-19.27,21.5005,12.691485879649,0.87,0.604480255802,19.6725347474,装修建材,2025-04-26,2024-03-31
001210,金房能源,1.13,565052652.31,9.011940841,29.3799,123212050.85,5.39,344.461,12.343767555698,9.61,-1.240600629809,31.2516552587,电力,2025-04-26,2024-03-31
001205,盛航股份,0.2803,377887020.08,29.2735509067,-1.5149,47302935.07,4.12,-27.7901,9.878758486659,2.73,0.549823817582,33.7494374888,航运港口,2025-04-26,2024-03-31
001201,东瑞股份,-0.32,279958027.16,-13.9484027935,21.7463,-83048627.61,56.49,17.3256,13.156032771444,-2.41,-0.355779072651,12.1934023526,养殖业,2025-04-26,2024-03-31
000998,隆平高科,0.0584,2072229466.76,16.5593547679,-71.1234,76881670.91,-48.95,-89.6531,4.246363041128,1.37,-0.825721187244,38.7969120634,种植业,2025-04-26,2024-03-31
000985,大庆华科,0.028,482819586.36,-23.2613080977,-13.5429,3674785.42,61.66,-80.4867,4.546324550234,0.62,0.243908136718,6.0017659678,炼化及贸易,2025-04-26,2024-03-31
000973,佛塑科技,0.0187,500927918.29,-17.7998464476,68.016,18105700.86,1.48,-5.9522,2.930193387326,0.64,-0.03505556755,22.5991106997,塑料,2025-04-26,2024-03-31
000966,长源电力,0.091,4224055747.26,7.6632037454,11.6504,250185633.66,12.95,185.3747,3.721844594536,2.48,0.352684435869,12.6488995347,电力,2025-04-26,2024-03-31
000958,电投产融,0.0615,1549080497.26,-2.21,-13.6465,330898360.8,10.2,-40.2417,3.65670977111,1.7,0.044705020696,26.6301405361,电力,2025-04-26,2024-03-31
000957,中通客车,0.0715,1281848549.35,84.7340250121,-11.9781,42384500.9,105.08,1146.4906,4.672898566556,1.54,0.792861272336,12.8916035575,商用车,2025-04-26,2024-03-31
000930,中粮科技,0.0134,4731528010.13,4.63111883,-16.371,24840311.23,1613.02,109.2425,5.587686981138,0.24,-0.758604028564,7.2883721337,农产品加工,2025-04-26,2024-03-31
000917,电广传媒,0.02,898256939.36,11.6506656321,-9.7629,27673638.27,5.94,-71.1198,7.286369068846,0.27,0.030510075579,29.5697278197,电视广播Ⅱ,2025-04-26,2024-03-31
000910,大亚圣象,-0.07,928805032.53,-9.1341284006,-55.2051,-35757055.36,18.01,-140.285,12.186771290991,-0.53,-0.093061032358,24.9259920211,家居用品,2025-04-26,2024-03-31
000830,鲁西化工,0.298,6752410775.07,2.6118211826,-8.9411,567930861.53,76.26,82.047,9.119254628558,3.3,0.730033223017,18.381645296,化学原料,2025-04-26,2024-03-31
000822,山东海化,0.17,1843160390.84,-22.0526808184,-16.9699,155627031.09,-35.01,-58.9023,5.962507119677,2.96,0.270659670692,18.240562931,化学原料,2025-04-26,2024-03-31
000821,ST京机,0.21,2031970891.02,53.1151374383,-10.0909,130129837.55,143.82,241.6357,6.062616712054,3.51,-0.692662449402,19.5912390861,光伏设备,2025-04-26,2024-03-31
000816,智慧农业,-0.008,200552349.32,-25.131831499,2.629,-11589419.75,-338.3931398761,85.6406,1.445920542813,-0.55,-0.056053240044,10.49080135,汽车零部件,2025-04-26,2024-03-31
000809,和展能源,-0.033,2833554.39,-52.6293340345,-65.7048,-27569630.61,9.41,-25.2807,3.384697778702,-0.98,-0.028309321726,-124.0781571869,风电设备,2025-04-26,2024-03-31
000753,漳州发展,0.0198,580001917.0,26.0036208153,-58.524,19587396.7,12.79,-37.016,2.737968727251,0.72,-0.248776492078,16.0403019409,综合Ⅱ,2025-04-26,2024-03-31
000750,国海证券,0.01,802418300.73,-18.8510350727,-30.8841,93564104.47,-58.66,243.3601,3.4482224433,0.43,2.039615396501,,证券Ⅱ,2025-04-26,2024-03-31
000735,罗牛山,0.0817,915189376.35,-34.007675271,-29.277,94024155.05,128.81,133.5688,3.565004558227,2.1,-0.024346260414,17.0850539724,养殖业,2025-04-26,2024-03-31
000723,美锦能源,-0.08,4193039451.62,-21.4474339681,-29.7992,-361454572.06,-189.83,-208.8264,3.241140061261,-2.44,0.032164947915,-1.3040801495,焦炭Ⅱ,2025-04-26,2024-03-31
000686,东北证券,0.01,1179067202.96,-36.05,-27.2465,21075682.06,-94.35,-77.1978,7.904598202459,0.11,0.934276449467,,证券Ⅱ,2025-04-26,2024-03-31
000678,襄阳轴承,-0.03,354723153.6,9.0084133627,77.1065,-13391521.61,38.5,-46.1028,1.761823315405,-1.62,0.07126793782,9.1971392589,汽车零部件,2025-04-26,2024-03-31
000631,顺发恒能,0.01,94329633.8,59.4654431575,-79.0246,14320176.39,-22.03,-78.8738,2.46301063797,0.24,-0.039057584736,30.1535725987,电力,2025-04-26,2024-03-31
000625,长安汽车,0.12,37023223131.54,7.1394885465,-14.0821,1158060683.94,-83.39,-19.8606,7.383241803374,1.6,0.529112416309,12.7868524914,乘用车,2025-04-26,2024-03-31
000595,新能股份,-0.01,57199793.99,10.1591530269,-50.2247,-16742426.9,5.16,84.8408,0.426496768763,-3.51,-0.017878151985,-0.992491057,电力,2025-04-26,2024-03-31
000593,德龙汇能,0.039,428041476.5,11.1626874931,-2.9579,14060666.21,273.26,104.7247,2.402973482753,1.65,0.070163251974,13.3200945143,燃气Ⅱ,2025-04-26,2024-03-31
000576,甘化科工,0.03,77848729.29,-8.3117125289,71.9545,13820019.32,-35.57,104.9362,3.703186779345,0.86,-0.013959688104,59.134513742,地面兵装Ⅱ,2025-04-26,2024-03-31
000559,万向钱潮,0.084,2746106593.48,-22.1754594756,-4.6005,278529445.84,7.07,29.3245,2.764418004459,3.1,-0.06029108278,18.8072439131,汽车零部件,2025-04-26,2024-03-31
000555,神州信息,-0.0585,1768357819.69,-9.8815054608,-67.4848,-56456904.88,-594.31,-146.9004,6.305672832409,-0.91,-1.460247386784,15.527680538,IT服务Ⅱ,2025-04-26,2024-03-31
000548,湖南投资,0.07,224750079.83,106.1911939569,-75.7867,35883419.31,86.31,-55.5702,4.078297135485,1.78,-0.034574038942,36.7974545649,铁路公路,2025-04-26,2024-03-31
000544,中原环保,0.4287,1542772481.0,-4.0317209854,-39.6531,417803311.22,50.34,1666.3013,8.129777443714,5.3,0.017308596513,47.1765490501,环境治理,2025-04-26,2024-03-31
000528,柳工,0.2552,7938822313.26,1.8814259306,23.9468,497893806.6,58.03,1099.4789,8.673704007554,2.99,-0.021185347151,21.913559252,工程机械,2025-04-26,2024-03-31
000526,学大教育,0.4262,705295542.82,35.9687406504,68.2173,50184744.28,886.44,36.5431,5.401258437881,7.97,3.639303975332,32.4221191369,教育,2025-04-26,2024-03-31
000525,红太阳,0.0346,845695858.31,13.1534062647,45.9686,20076891.0,77.41,104.8663,1.565341392796,2.26,0.063229759407,27.2283684835,农化制品,2025-04-26,2024-03-31
000422,湖北宜化,0.1293,4210806379.99,-10.7546623826,25.5613,136824017.38,-37.84,-67.0018,6.751814696954,2.06,0.284405199424,10.6480723348,农化制品,2025-04-26,2024-03-31
000419,通程控股,0.0703,480683105.69,-9.8542511767,-16.6507,38235324.36,27.06,232.8661,6.084318529792,1.18,-0.403608069246,25.3645965213,一般零售,2025-04-26,2024-03-31
000407,胜利股份,0.0227,1202753031.69,-3.9062105058,-15.1505,19950797.07,-12.17,-61.2136,3.301614651273,0.69,-0.274112765511,12.1667793615,燃气Ⅱ,2025-04-26,2024-03-31
000058,深赛格,0.0202,414161145.61,-6.9863729171,-27.0339,24867650.31,-24.43,149.4482,1.64858287263,1.23,-0.03432512856,22.2345035757,一般零售,2025-04-26,2024-03-31
000034,神州数码,0.3549,29271539087.87,7.9472085016,-17.4725,234925119.88,12.35,-26.8411,13.147051623202,2.7,-0.375866651315,4.5744664892,IT服务Ⅱ,2025-04-26,2024-03-31
000014,沙河股份,0.1916,210740560.97,-45.876547992,30.2703,46382233.53,-71.29,74.0025,7.047270302634,2.76,-0.125417659315,50.4698249309,房地产开发,2025-04-26,2024-03-31
000006,深振业A,-0.0197,252712272.21,-4.866674954,-87.2452,-26597661.42,-120.07,96.6812,5.14486585433,-0.38,-0.235976092686,29.1842785532,房地产开发,2025-04-26,2024-03-31
920981,晶赛科技,-0.01,123824223.75,68.0263553134,27.1022,-556634.62,-211.35,-153.7504,6.589383359314,-0.11,-0.069869427081,12.5893591156,元件,2025-04-25,2024-03-31
920976,视声智能,0.14,48187156.69,5.8374344007,-27.6052,9946128.01,115.78,-28.7659,5.476392406227,3.65,0.246734153628,52.9861948781,计算机设备,2025-04-25,2024-03-31
920964,润农节水,0.03,130479010.48,6.852693043,-56.2968,8803289.16,-18.75,-4.2239,3.467529483017,0.98,-0.264051954151,18.4297830828,农业综合Ⅱ,2025-04-25,2024-03-31
920961,创远信科,-0.03,47786946.7,-28.5214299173,-45.3487,-3907121.99,-177.9739511911,-128.3121,5.22382363839,-0.52,-0.077058567378,49.6855345646,通用设备,2025-04-25,2024-03-31
920926,鸿智科技,0.12,97949539.53,21.2193723533,-24.0139,7088131.99,33.95,-38.9686,6.051346294472,2.85,0.40913078447,18.4352144243,小家电,2025-04-25,2024-03-31
920924,广脉科技,0.09,73129064.26,32.9335539219,-62.8555,6984283.2,50.78,-15.5184,3.444828910361,2.47,-0.416924086627,17.8225340935,通信服务,2025-04-25,2024-03-31
920876,慧为智能,0.04,110278361.89,-30.1516704344,-12.0358,2776162.8,-66.41,182.3108,3.947397585618,1.1,-0.289616763362,14.8775484772,消费电子,2025-04-25,2024-03-31
920873,中设咨询,-0.09,13534511.51,-28.7428951555,-78.806,-13374142.46,-27.22,-422.6256,2.651397749009,-3.24,-0.080276450021,-61.904449775,工程咨询服务Ⅱ,2025-04-25,2024-03-31
920870,恒进感应,0.03,13935411.12,19.7717992962,-53.178,4129493.76,-19.09,-57.8707,3.382731834925,0.92,0.044946390821,37.7604453481,通用设备,2025-04-25,2024-03-31
920857,泓禧科技,0.09,116872464.9,15.2274175393,4.7511,6727697.19,36.35,33.399,5.412957866694,1.69,0.071459657034,17.303535745,消费电子,2025-04-25,2024-03-31
920837,华原股份,0.09,135450323.9,2.1651472228,1.5794,13623033.64,27.59,-25.3505,3.336045708988,2.72,-0.294648771036,24.7861003823,汽车零部件,2025-04-25,2024-03-31
920826,盖世食品,0.06,106264290.92,10.1682747842,-18.6486,7546110.18,250.92,-7.8483,2.789291081559,2.33,-0.106372534129,18.0910314119,食品加工,2025-04-25,2024-03-31
920807,奔朗新材,0.05,114173207.81,-8.4200204052,-23.835,9286695.82,-27.59,107.2711,5.234068296844,0.98,-0.18482630828,29.9631472884,通用设备,2025-04-25,2024-03-31
920806,云星宇,0.08,442037009.7,-35.2397657196,-25.7034,21882370.86,-38.27,-26.222,4.769266334457,1.7,-0.544622078824,15.2839172643,IT服务Ⅱ,2025-04-25,2024-03-31
920799,艾融软件,0.05,135807848.71,6.8743283899,-19.7179,11503855.89,74.18,-62.7249,1.897448170242,2.89,-0.437315592152,32.1161098525,软件开发,2025-04-25,2024-03-31
920786,骑士乳业,0.08,237101259.32,7.2304872665,-50.2526,17377426.11,-4.18,-11.9716,3.972032033025,2.11,-0.386285255892,29.7792428022,饮料乳品,2025-04-25,2024-03-31
920765,美之高,0.14,133781742.15,12.867147152,20.6656,9541136.84,37.56,50.5502,4.913355312117,2.84,0.09193371159,24.344554912,家居用品,2025-04-25,2024-03-31
920699,海达尔,0.35,90330787.53,108.2789362899,-11.1096,16074957.62,289.76,4.4467,5.970276562565,6.08,0.864784064324,25.0407934199,家电零部件Ⅱ,2025-04-25,2024-03-31
920693,阿为特,0.09,51690492.5,-3.5698912916,-7.607,6337859.97,-3.67,136.127,4.653487411279,1.88,0.085109330124,30.3161868887,通用设备,2025-04-25,2024-03-31
920689,克莱特,0.18,116781230.83,22.3256414716,-7.1078,13001367.25,14.37,-5.9793,6.307749533243,2.85,-0.010760641008,29.929678007,通用设备,2025-04-25,2024-03-31
920656,海昇药业,0.21,41910557.19,-27.5013619538,-14.6811,16766047.65,-20.81,-6.7121,8.222603645875,3.16,0.055349536625,51.0979358325,化学制药,2025-04-25,2024-03-31
920593,鼎智科技,0.04,43307808.17,-67.347038066,-2.6257,5365962.95,-85.75,-60.909,6.997222212181,0.8,-0.075188823511,54.0397029518,自动化设备,2025-04-25,2024-03-31
920578,巨能股份,-0.09,37408861.71,-22.2180715826,-46.6432,-6723794.01,-215.48,-151.4138,3.39884752758,-2.55,-0.579442187844,20.8946429875,自动化设备,2025-04-25,2024-03-31
920556,雅达股份,0.03,61123637.76,-15.2685461751,-24.1709,4850807.01,-38.89,-53.278,3.370863687923,0.9,-0.126368944402,33.8566915328,电网设备,2025-04-25,2024-03-31
920541,铁大科技,0.086,53020881.98,-2.5766730135,-42.9256,11762872.66,31.82,-48.8374,2.938205043087,2.97,0.137339266935,53.9111232831,轨交设备Ⅱ,2025-04-25,2024-03-31
920527,夜光明,0.04,78521811.56,5.3659882887,-7.6748,2328592.8,57.17,4026.1208,6.219672993719,0.63,-0.026253141348,18.2450368953,纺织制造,2025-04-25,2024-03-31
920519,万德股份,0.12,150223109.83,14.1605887425,-20.5264,10300990.15,-14.14,-44.9162,5.815651556076,2.01,-0.001532119369,17.1795421751,化学制品,2025-04-25,2024-03-31
920475,三友科技,0.04,101621459.74,-13.4384557652,28.9722,3580545.59,-78.39,224.8731,3.553177144716,0.98,-0.305069206585,16.8426206864,专用设备,2025-04-25,2024-03-31
920445,龙竹科技,0.0255,61151317.51,-14.8394047547,-28.5947,3832392.28,202.54,760.0992,2.452335614593,1.04,-0.012910577507,29.5134537323,家居用品,2025-04-25,2024-03-31
920438,戈碧迦,0.28,186435635.64,18.936198513,-14.5611,32778005.79,109.26,81.1051,6.442358523544,4.7,0.173389048463,37.6132530829,光学光电子,2025-04-25,2024-03-31
920433,大唐药业,0.01,38103723.62,-29.7219850228,-4.8148,1232673.76,-83.58,148.8337,1.891865654994,0.25,-0.003423928364,78.2143029569,中药Ⅱ,2025-04-25,2024-03-31
920425,乐创技术,0.1,19871692.33,-1.4212046472,-12.9402,4912007.67,-12.42,-10.1184,6.803738795385,1.98,0.108254916395,56.1935389023,自动化设备,2025-04-25,2024-03-31
920419,路斯股份,0.14,156676752.07,7.3412565113,-19.8108,14071643.43,5.06,-16.787,4.779217426151,2.89,0.111304721113,20.7090849544,饲料,2025-04-25,2024-03-31
920414,欧普泰,0.0364,25453133.77,-32.0835629087,-44.1328,2425423.52,-61.04,-54.7283,4.667508528194,0.78,-0.198523112927,47.3542660755,光伏设备,2025-04-25,2024-03-31
920371,欧福蛋业,0.09,233233842.4,-0.3421002867,-2.6198,19301064.44,56.68,598.4999,2.653306329615,3.6,0.135082198671,20.2844107455,农产品加工,2025-04-25,2024-03-31
920370,新安洁,-0.006,124016917.5,-8.6619481849,-15.0645,-1807688.3,-217.76,91.3634,2.288766275271,-0.26,-0.046809164555,16.6757062156,环境治理,2025-04-25,2024-03-31
920368,连城数控,0.95,1096657578.03,69.353497456,-52.3896,220936368.89,116.05,-1.1013,17.382776224066,5.6,-0.957131120802,30.8130177504,光伏设备,2025-04-25,2024-03-31
920363,莱赛激光,0.03,36657910.53,-22.4770785872,-38.1389,2501054.97,-32.26,-50.5384,4.754525606309,0.67,-0.20505853077,25.4438989161,通用设备,2025-04-25,2024-03-31
920351,华光源海,0.04,412818421.55,29.6184315183,12.5209,3555964.8,-65.3,-44.5609,5.047513650497,0.8,-0.357594033126,6.7613936377,物流,2025-04-25,2024-03-31
920346,威贸电子,0.12,60930499.29,16.407239952,10.6595,9326168.35,60.87,-10.8869,5.46277998133,2.14,0.097564738956,30.633161877,消费电子,2025-04-25,2024-03-31
920284,灵鸽科技,-0.0642,25889705.76,24.5618840642,-58.2969,-6715935.97,-31.21,-295.4149,3.353957392637,-1.91,-0.059781921942,17.2177419524,专用设备,2025-04-25,2024-03-31
920278,鹿得医疗,0.02,65987957.04,-17.0814487773,-27.6156,3888729.21,-68.39,-28.132,2.236130949261,0.99,-0.128712316193,25.6098715706,医疗器械,2025-04-25,2024-03-31
920275,驱动力,0.02,16393329.34,-36.924992724,-20.6077,3125043.31,210.3,660.914,1.450821529334,1.35,-0.010338667412,39.0527826119,动物保健Ⅱ,2025-04-25,2024-03-31
920274,宏裕包材,0.06,151783751.37,-12.6577433954,-12.8035,5136592.05,-67.39,1.2572,6.419174203285,0.99,-0.32557334143,11.3137903465,包装印刷,2025-04-25,2024-03-31
920261,一诺威,0.14,1606131612.95,14.6291851551,-1.5929,40938738.76,2.41,6.1211,5.067749306718,2.8,-0.296496315523,5.7694303432,化学制品,2025-04-25,2024-03-31
920260,中寰股份,0.06,32416088.99,-1.7142077836,-63.1092,6720171.31,45.47,-45.7825,4.060541653211,1.61,0.048464785128,44.8683040835,通用设备,2025-04-25,2024-03-31
920247,华密新材,0.09,90102681.9,0.4855198138,-16.7363,10627294.06,0.94,0.3965,4.752323188882,2.42,0.059231684034,31.7291829801,汽车零部件,2025-04-25,2024-03-31
920223,荣亿精密,-0.05,63662545.06,14.8359574726,-10.3396,-7595617.5,17.81,-19.5181,1.816072913374,-2.62,-0.14549750364,11.4022463493,通用设备,2025-04-25,2024-03-31
920208,青矩技术,0.27,142287124.32,11.2803746034,-62.8016,18451300.75,23.72,-77.5365,13.434110012588,2.02,-1.036431960896,37.5948521032,工程咨询服务Ⅱ,2025-04-25,2024-03-31
920198,微创光电,-0.27,24362203.6,114.6506490584,-72.2609,-43625309.86,-40.15,71.6037,2.446691899473,-11.05,-0.395819781023,19.8514775568,计算机设备,2025-04-25,2024-03-31
920171,志晟信息,-0.08,9760674.34,37.7961415847,-84.0864,-7578843.21,29.56,83.9693,2.824123693503,-2.12,-0.21316404065,20.4114325568,IT服务Ⅱ,2025-04-25,2024-03-31
920146,华阳变速,-0.07,111982174.3,120.8909168701,-7.066,-9025719.15,-152.4,52.4777,1.689081959824,-3.88,0.026459819159,-1.5913808257,汽车零部件,2025-04-25,2024-03-31
920123,芭薇股份,0.09,115598233.26,19.001709731,-24.6862,7924933.74,10.58,-23.4446,4.389772662648,2.39,-0.564865380378,31.7204416676,化妆品,2025-04-25,2024-03-31
920118,太湖远大,0.34,338230954.95,7.0520531236,-17.5311,14656516.12,3.8,-30.7796,9.92157613726,3.45,-4.28902784338,10.1671288529,电网设备,2025-04-25,2024-03-31
920110,雷特科技,0.2,42260509.08,21.7834242709,-21.6249,7703219.27,-21.64,-24.6203,9.085306560513,2.2,0.177093462821,42.5632159943,其他电源设备Ⅱ,2025-04-25,2024-03-31
920098,科隆新材,0.18,78367273.98,-5.153904792,-37.9302,11374611.8,-4.6719721345,-47.316,9.65639750553,1.86,-0.371167256583,40.7341987143,橡胶,2025-04-25,2024-03-31
920090,*ST同辉,0.001,156387476.09,273.3074425115,180.4093,223250.24,101.6,100.2395,0.89008109192,0.126,-0.016986509737,4.0277540871,计算机设备,2025-04-25,2024-03-31
920087,秋乐种业,0.01,35060087.99,-36.9814203989,-88.5104,1590051.61,-83.71,-97.41,3.299627555266,0.29,0.212389434383,27.6578684936,种植业,2025-04-25,2024-03-31
920077,吉林碳谷,0.0341,400741841.95,-43.2612586598,6.1825,20026110.09,-88.44,126.1167,4.156701313425,0.82,-0.344473880957,15.8662067806,化学纤维,2025-04-25,2024-03-31
920061,西磁科技,0.18,28062197.23,-47.1400379577,-23.4141,8827387.35,-45.61,71.6887,4.038061127984,3.2,0.070774306682,31.5063748485,专用设备,2025-04-25,2024-03-31
920030,德众汽车,0.01,602960549.76,-1.0532866474,-12.2478,2170251.0,-25.06,110.0688,2.607444636462,0.47,-0.083485478203,8.0187250641,汽车服务,2025-04-25,2024-03-31
920021,流金科技,0.01,124339171.31,21.1151492706,-61.364,2474684.79,-68.07,-63.0142,2.163846549726,0.37,-0.225369995862,22.9384382649,电视广播Ⅱ,2025-04-25,2024-03-31
920001,纬达光电,0.05,49328125.49,6.5520491802,-0.1639,7304323.72,-16.31,1143.7614,4.910360770008,0.97,0.004975167225,28.4318863745,光学光电子,2025-04-25,2024-03-31
900937,华电B股,0.05,5354429849.25,-7.4937558505,1.0453,422353003.95,160.35,1700.4853,0.503572597947,11.31,-0.006526894316,23.6753825546,电力,2025-04-25,2024-03-31
900912,外高B股,0.0344,1261441486.6,-14.6316841985,-43.8509,39076638.23,21.72,-87.3033,11.08273274388,0.311,-2.688911920277,32.6673919668,房地产开发,2025-04-25,2024-03-31
874622,万润光电,0.24,86865202.18,,,11964018.64,,,7.383931109455,4.0,0.127191056182,26.2050359623,,2025-04-25,2024-03-31
834395,博信永元,0.02,4693546.2,97.814055455,61.028,3608087.71,298.84,111.7316,2.645302479155,0.7,0.010420104561,,,2025-04-25,2024-03-31
833118,棒杰小贷,0.02,5659056.91,2.8595658711,-21.2079,4335549.25,14.46,12.1565,1.242691296593,1.43,-0.173759882024,,,2025-04-25,2024-03-31
832381,国汇小贷,0.01,3775450.62,-0.3888823515,-24.6783,2019886.03,-5.36,15.627,1.135198716867,1.19,0.1526876398,,,2025-04-25,2024-03-31
832127,谊熙加,0.0348,86364579.12,37.625038293,,1043481.01,161.3752294136,,0.797651076,4.46,0.474772329,13.3318775675,,2025-04-25,2024-03-31
831668,天元小贷,0.03,7189892.53,4.3719722476,-2.2215,4648362.52,7.53,33.9145,1.504718318267,2.08,0.119554852333,,,2025-04-25,2024-03-31
831510,特思达,0.01,25994795.02,,,499156.8,,,,0.87,0.010137592918,20.8390250657,,2025-04-25,2024-03-31
688788,科思科技,-0.5108,14293060.78,25.3223167468,-82.0893,-53533822.19,0.66,-121.9697,22.689367234393,-2.21,-0.246206048204,44.9798052283,军工电子Ⅱ,2025-04-25,2024-03-31
688776,国光电气,0.27,159182380.85,-3.8548498253,-5.1485,28796524.7,40.85,-19.7519,17.220843234794,1.56,0.292927892873,40.6497810904,军工电子Ⅱ,2025-04-25,2024-03-31
688768,容知日新,-0.24,60775508.51,6.3155581368,-69.3209,-19302366.7,2.29,-124.4138,9.605221023196,-2.44,-0.312264787216,62.2373078027,通用设备,2025-04-25,2024-03-31
688757,胜科纳米,0.0237,86761894.58,,-22.9326,8587040.35,,-72.1868,,1.63,,41.6668723925,专业服务,2025-04-25,2024-03-31
688721,龙图光罩,0.25,59722917.5,25.2920426486,4.8295,24762752.93,36.3873912132,17.6161,5.786249653034,4.37,0.234816298227,59.7124176494,半导体,2025-04-25,2024-03-31
688692,达梦数据,0.98,165884882.97,26.7873583932,-52.2935,55651786.82,65.85,-68.7104,25.735516148246,3.87,-0.961624346491,96.9844043228,软件开发,2025-04-25,2024-03-31
688690,纳微科技,0.0419,154098720.18,16.6408175588,13.5501,16889348.07,36.66,-42.9087,4.197810957754,0.98,0.022727944755,78.579200618,化学制药,2025-04-25,2024-03-31
688682,霍莱沃,0.0236,59303706.73,-22.156272769,-64.8847,1718668.47,-58.98,-80.0172,9.034888735773,0.26,-0.849250444598,31.8472342142,军工电子Ⅱ,2025-04-25,2024-03-31
688678,福立旺,0.16,245993596.22,56.5528838708,-15.7612,27120749.53,271.23,-29.2419,8.812461127921,1.73,0.291900899598,30.7101904646,消费电子,2025-04-25,2024-03-31
688677,海泰新光,0.32,117641916.58,-20.7417054244,24.6842,38442677.55,-20.68,39.7032,10.891271387371,2.92,0.325350881239,64.4977152326,医疗器械,2025-04-25,2024-03-31
688662,富信科技,0.1,107742152.82,14.1998609854,25.8171,8592459.98,275.02,795.3619,7.53081037262,1.27,0.076742134859,26.1016060325,其他电子Ⅱ,2025-04-25,2024-03-31
688636,智明达,-0.148,48992843.49,-28.3813426029,-81.4385,-11118350.37,-751.1105275954,-132.1207,14.330834083696,-1.03,-0.320191279404,46.5981755982,军工电子Ⅱ,2025-04-25,2024-03-31
688628,优利德,0.49,283856179.34,19.3956153319,19.9541,54609256.13,33.61,84.6853,11.179934709524,4.51,0.747608647874,44.4156699083,通用设备,2025-04-25,2024-03-31
688626,翔宇医疗,0.25,169097488.82,18.1231726655,-16.6732,39073828.52,3.34,-18.5626,12.987370137313,1.82,0.108097696,68.8202175751,医疗器械,2025-04-25,2024-03-31
688621,阳光诺和,0.66,252264171.81,8.5314325479,5.0594,72753830.32,51.77,431.7924,9.057691045268,7.44,0.055361157857,59.5789275471,医疗服务,2025-04-25,2024-03-31
688609,九联科技,0.0092,661740579.75,22.5114610561,10.7077,4523261.65,-48.34,105.7593,2.06643074212,0.44,0.1600969602,14.8591548817,黑色家电,2025-04-25,2024-03-31
688608,恒玄科技,0.23,653188332.52,70.2742045576,6.6923,27602889.78,3724.0396535565,371.7874,50.882517922899,0.45,-0.806670631548,32.9299667663,半导体,2025-04-25,2024-03-31
688589,力合微,0.19,129861404.65,17.0875543395,-0.7779,23356519.68,9.5,-8.4786,9.341362328845,2.28,0.040950114529,51.5739383079,半导体,2025-04-25,2024-03-31
688580,伟思医疗,0.2283,87670336.46,-8.2365470209,-32.7937,21753153.33,-27.69,-37.0888,24.027564749594,1.33,0.136775549387,65.4366302634,医疗器械,2025-04-25,2024-03-31
688577,浙海德曼,0.04,165260319.44,9.6704586395,-16.6301,2815271.81,-70.13,-49.1967,16.355149919892,0.32,0.212617984676,22.7110728136,通用设备,2025-04-25,2024-03-31
688575,亚辉龙,0.12,431322575.83,-34.6477399233,-15.1215,66034591.72,-18.72,-5.663,4.620795225093,2.55,0.123185023099,62.3408032057,医疗器械,2025-04-25,2024-03-31
688513,苑东生物,0.43,314990089.28,13.3656577211,17.8235,75010084.96,23.0,128.2836,21.867849174203,2.87,0.598651682072,79.8233390373,化学制药,2025-04-25,2024-03-31
688489,三未信安,-0.0878,49382475.44,36.3545140468,-59.6526,-9966079.7,-163.42,-136.134,16.097881475497,-0.5164,-0.670668611955,77.4456737724,计算机设备,2025-04-25,2024-03-31
688480,赛恩斯,0.84,104184107.78,2.5715272778,-74.4797,79420238.21,492.69,120.198,10.630142122469,8.17,-0.237807101561,40.1346290053,环境治理,2025-04-25,2024-03-31
688387,信科移动,-0.05,969025262.77,-28.70485564,-62.2509,-158579959.8,-524.3,-2.5165,1.871764118432,-2.45,-0.287302979712,21.6613560456,通信设备,2025-04-25,2024-03-31
688370,丛麟科技,0.16,136373961.54,-17.1435029484,-16.7388,22380670.16,-38.12,362.8881,19.420352170547,0.84,0.253460946284,32.4325458105,环境治理,2025-04-25,2024-03-31
688369,致远互联,-0.27,182589827.01,11.7793255328,-46.1917,-30980741.19,23.7549475583,-79.0668,11.818457113421,-2.25,-1.07956387356,67.4629398675,软件开发,2025-04-25,2024-03-31
688358,祥生医疗,0.41,140596727.46,-14.8695898805,71.3914,45539472.75,-13.28,802.0434,12.621467325301,3.27,0.234930061562,60.6192565572,医疗器械,2025-04-25,2024-03-31
688353,华盛锂电,-0.08,102154768.57,-9.7713240599,-20.1155,-12803257.91,-216.34,74.1643,23.191172599749,-0.34,-0.213623369467,0.1739177353,电池,2025-04-25,2024-03-31
688338,赛科希德,0.29,75818644.14,13.5629777425,6.4686,30429780.54,14.48,4.6127,15.363112774254,1.88,0.186681419112,63.6263338486,医疗器械,2025-04-25,2024-03-31
688325,赛微微电,0.0899,63894462.49,121.5431558337,-34.9689,7417930.69,565.7182222477,-81.7574,19.783818671668,0.44,0.22830690543,51.9698484594,半导体,2025-04-25,2024-03-31
688311,盟升电子,-0.14,14264624.52,-65.4747398201,-75.0056,-21752869.19,-11.616059306,67.9482,10.288895587202,-1.28,-0.462522625368,38.347490972,军工电子Ⅱ,2025-04-25,2024-03-31
688295,中复神鹰,0.05,448442089.45,-21.1001913544,-31.0656,41785664.1,-68.12,68.6679,5.429832481289,0.86,-0.038046717633,25.2513335309,化学纤维,2025-04-25,2024-03-31
688292,浩瀚深度,0.02,86824396.15,14.1357764588,-42.877,2795795.78,262.29,-75.5271,6.489121209742,0.27,0.004562279835,53.1051466345,计算机设备,2025-04-25,2024-03-31
688281,华秦科技,0.59,247603885.13,32.6081896855,-21.5062,114403261.94,29.4,77.3243,31.04936794338,2.69,-0.813932650836,58.7423617096,航空装备Ⅱ,2025-04-25,2024-03-31
688267,中触媒,0.2,198918280.83,61.1875917154,7.216,35065569.57,1610.19,4.2555,15.125313712032,1.32,-0.115656703519,37.6059089632,化学制品,2025-04-25,2024-03-31
688259,创耀科技,0.14,123024763.86,-13.5456125467,-40.5135,15142821.21,0.36,-17.7713,18.8358653085,1.01,-1.0981136015,31.2168977977,半导体,2025-04-25,2024-03-31
688255,凯尔达,0.11,159252531.42,19.1161473316,21.2424,12269307.95,52.79,44.5471,9.324588957451,1.16,0.043160016665,19.5090253781,自动化设备,2025-04-25,2024-03-31
688230,芯导科技,0.21,68696882.19,26.9837226097,-29.0187,24468672.39,53.67,-24.1711,19.122006997534,1.09,0.028355167517,36.5232009229,半导体,2025-04-25,2024-03-31
688217,睿昂基因,0.01,64188221.36,12.8397228411,8.0755,533165.07,-58.7,104.8921,16.674932382608,0.06,0.206224719589,77.6472210072,医疗器械,2025-04-25,2024-03-31
688205,德科立,0.23,187607204.27,13.3208427444,-30.4389,23011513.81,5.36,-10.7598,21.793232001629,1.05,0.363127712562,32.5530202466,通信设备,2025-04-25,2024-03-31
688198,佰仁医疗,0.06,76265199.91,17.5270541056,-32.656,8319805.58,-28.88,-81.454,8.838269026464,0.69,-0.073194602489,89.2840728804,医疗器械,2025-04-25,2024-03-31
688179,阿拉丁,0.06,98473575.99,13.7853261439,-18.007,17107659.32,-0.84,-45.066,5.063683789263,1.64,0.073884008802,64.5455787515,化学制品,2025-04-25,2024-03-31
688162,巨一科技,0.19,847687359.91,26.9086679031,-37.0936,25639066.78,17.09,122.0518,17.205668077946,1.1,0.107518588585,14.2105407756,专用设备,2025-04-25,2024-03-31
688160,步科股份,0.13,112019341.61,6.5183221928,-19.7619,11087644.51,-20.86,-35.5399,9.053726830833,1.47,-0.023467789048,37.0365058692,自动化设备,2025-04-25,2024-03-31
688153,唯捷创芯,-0.01,461315688.31,45.0648881594,-66.3491,-5372975.43,93.4947281972,-104.305,9.662740851162,-0.13,-0.627653231421,28.0679878142,半导体,2025-04-25,2024-03-31
688127,蓝特光学,0.07,167198219.76,95.4731357508,-36.7308,29290584.37,510.63,-66.7521,4.161473296329,1.77,0.258016387918,34.7037992709,光学光电子,2025-04-25,2024-03-31
688125,安达智能,0.05,151923109.63,8.1900146304,2.3659,4062504.82,-86.08,287.0806,23.605201471437,0.21,-0.012458474078,48.6877524625,自动化设备,2025-04-25,2024-03-31
688117,圣诺生物,0.15,104057251.91,27.6516394885,-27.6349,16472225.12,17.38,-53.6528,8.003808934107,1.85,0.107647797679,63.1227842984,生物制品,2025-04-25,2024-03-31
688109,品茗科技,-0.12,58791589.38,-1.0194938251,-66.8509,-9740342.81,29.0382125604,-135.9696,9.744276323243,-1.26,-0.573095650051,74.5811273728,软件开发,2025-04-25,2024-03-31
688060,云涌科技,0.0555,52253748.79,17.3291645235,-58.7267,3343260.52,-20.51,130.39,15.91385460249,0.35,-0.006256474751,43.9210866233,计算机设备,2025-04-25,2024-03-31
688058,宝兰德,-0.06,68200858.5,28.5127895455,-25.2393,-3380814.29,24.0452144921,-125.4934,14.214191053036,-0.41,-0.056501286607,96.0744317903,软件开发,2025-04-25,2024-03-31
688056,莱伯泰科,0.17,105478954.63,9.1928622585,-9.1053,11574778.68,-10.05,1183.5021,12.678828322754,1.35,-0.019071602287,42.8320042026,通用设备,2025-04-25,2024-03-31
688030,山石网科,-0.4184,151082170.0,4.4890981562,-24.7487,-75404828.84,13.7801234343,-12.8801,5.459636944938,-7.26,-0.05941608777,70.1947444957,软件开发,2025-04-25,2024-03-31
688012,中微公司,0.4,1605024097.68,31.2292995282,-27.7747,249135780.57,-9.53,-60.2065,28.950302336882,1.38,-0.946972222586,42.510730595,半导体,2025-04-25,2024-03-31
688002,睿创微纳,0.2874,1006866773.5,27.4679862438,12.3312,128567050.65,57.56,18.0859,10.423002643332,2.65,0.36012568819,45.7147190556,军工电子Ⅱ,2025-04-25,2024-03-31
605488,福莱新材,0.17,558914352.3,22.4379750963,-3.0127,29532583.71,103.99,131.9324,6.601052430302,2.26,-0.389351998791,16.1818841953,塑料,2025-04-25,2024-03-31
605338,巴比食品,0.16,353824419.01,10.7373780352,-20.29,39623755.21,-3.43,-32.8931,8.96879339763,1.78,0.050067574492,25.9203015288,食品加工,2025-04-25,2024-03-31
605299,舒华体育,0.0324,271184338.9,7.1536629274,-46.2703,13313177.54,-7.96,-81.5321,3.173471745091,1.01,-0.076669053536,31.6017427472,文娱用品,2025-04-25,2024-03-31
605255,天普股份,0.07,89543541.14,6.5794704173,-3.3637,9729242.6,10.44,32.9871,6.36054996696,1.15,0.118994575925,35.7961810444,汽车零部件,2025-04-25,2024-03-31
605222,起帆电缆,0.2,4800795806.05,5.2675176946,-25.4402,85030961.53,-44.89,371.4634,10.696622290968,1.84,-2.366274069757,6.6110665253,电网设备,2025-04-25,2024-03-31
605180,华生科技,0.1,88120232.06,54.6514829988,10.1537,17561533.38,88.55,65780.892,6.640649410533,1.58,-0.273132324379,27.7879642819,纺织制造,2025-04-25,2024-03-31
605151,西上海,0.18,263707684.22,-0.7896441572,-32.885,24283376.93,-17.35,-17.6662,10.417144858127,1.74,-0.215531256409,22.4846547249,汽车零部件,2025-04-25,2024-03-31
605111,新洁能,0.24,371682459.54,-0.5335578304,-0.1653,100066437.26,54.06,-7.5372,12.335053728196,2.71,0.235300268922,34.7586006264,半导体,2025-04-25,2024-03-31
605020,永和股份,0.1,1012478044.95,7.8352487309,-11.1742,37219661.68,27.38,72.1143,6.654049201911,1.4,0.033798822543,17.263147064,化学制品,2025-04-25,2024-03-31
603979,金诚信,0.45,1972694120.13,33.6749698071,-5.5067,273789839.97,48.07,-14.7619,12.156275669023,3.74,0.111843911134,29.239034296,工业金属,2025-04-25,2024-03-31
603978,深圳新星,-0.24,501744537.85,87.7367349823,5.2157,-40161869.53,-198.0849516015,47.4836,8.65641364873,-2.55,-0.23073638105,5.9540774889,金属新材料,2025-04-25,2024-03-31
603929,亚翔集成,0.5476,1096238079.65,239.6415194918,-20.8715,116836671.73,258.14,100.2257,7.232303612908,7.87,3.117789014717,12.5309925672,专业工程,2025-04-25,2024-03-31
603896,寿仙谷,0.39,220901649.34,7.1526631117,-8.6107,77130242.1,23.19,-32.9997,10.847577310312,3.48,0.243973914985,82.9137620779,中药Ⅱ,2025-04-25,2024-03-31
603871,嘉友国际,0.32,1995092777.45,25.9716799598,5.3158,307109761.65,51.85,8.1224,7.443298379356,6.1,0.144584082825,19.9819498114,物流,2025-04-25,2024-03-31
603859,能科科技,0.23,403960745.54,30.3682578377,24.2197,55718339.55,30.22,2.9085,16.602642302484,2.03,0.117569470183,51.3828920685,IT服务Ⅱ,2025-04-25,2024-03-31
603856,东宏股份,0.2,644442673.44,0.4335112319,-12.6993,52089430.44,8.66,609.5365,8.921619386681,2.3,0.019796878832,15.7940068814,装修建材,2025-04-25,2024-03-31
603829,洛凯股份,0.11,435675920.95,15.4938495987,-17.3582,18369933.26,4.16,-41.2566,5.962417420063,1.94,-0.34914055375,23.9374616556,电网设备,2025-04-25,2024-03-31
603786,科博达,0.5475,1417195664.08,55.2212364702,-0.9985,219057164.73,66.24,42.4714,12.096540265259,4.59,0.380681939594,31.9745757996,汽车零部件,2025-04-25,2024-03-31
603773,沃格光电,-0.0316,525398174.46,52.0246560937,-6.0547,-5420215.19,-609.68,-133.9871,8.007804541715,-0.39,0.745102180348,17.623495389,光学光电子,2025-04-25,2024-03-31
603727,博迈科,0.12,496777363.35,60.3487222503,8.2473,33795383.26,287.3322069083,218.6564,11.415425544628,1.05,-0.381608655946,17.1389104459,油服工程,2025-04-25,2024-03-31
603708,家家悦,0.23,5188974365.75,5.7310455575,33.6127,147171979.44,7.1,304.9803,3.966499457117,5.71,1.09961886115,24.0374367957,一般零售,2025-04-25,2024-03-31
603677,奇精机械,0.1244,461230868.26,14.9031264441,-5.6564,23898817.84,39.17,292.9525,5.729152501395,2.04,-0.11930548631,13.1384782438,家电零部件Ⅱ,2025-04-25,2024-03-31
603663,三祥新材,0.05,255757551.73,-14.1787506496,7.5665,19281643.19,-46.69,810.8813,3.017927772553,1.52,0.035157348417,24.8299091192,化学原料,2025-04-25,2024-03-31
603618,杭电股份,0.04,1659663383.36,12.0406223126,-6.7491,25398027.4,13.62,71.1829,4.2834291516,0.87,-0.484283844934,16.0170634754,电网设备,2025-04-25,2024-03-31
603617,君禾股份,0.04,238699217.88,37.832403649,5.5768,15801870.1,65.39,436.957,3.652305015952,1.12,0.02815432413,19.199390311,通用设备,2025-04-25,2024-03-31
603605,珀莱雅,0.76,2181919106.72,34.5606053296,-40.3196,302845157.17,45.58,-32.3863,11.202065466722,6.89,1.085959649338,70.1051861698,化妆品,2025-04-25,2024-03-31
603600,永艺股份,0.13,856685846.2,22.9617248079,-17.4772,42692636.54,-17.47,-50.7553,6.5377698502,1.97,-0.13792526991,22.1145498388,家居用品,2025-04-25,2024-03-31
603566,普莱柯,0.08,235489193.2,-23.2711137792,-27.3516,27307052.31,-57.36,694.421,7.898616596441,1.0,-0.012698457309,64.4111928063,动物保健Ⅱ,2025-04-25,2024-03-31
603535,嘉诚国际,0.19,291298664.48,0.1725982021,33.0469,65391161.87,52.06,450.4161,10.286572406685,2.64,0.128484021965,39.8099842809,物流,2025-04-25,2024-03-31
603519,立霸股份,0.12,393092250.32,44.2893305144,-14.8965,31586736.71,-86.98,26.9842,5.526252243875,2.15,0.143461362295,10.1828566825,家电零部件Ⅱ,2025-04-25,2024-03-31
603511,爱慕股份,0.27,879300182.41,-4.6931863033,-7.1962,107300975.48,-15.78,39.101,11.363541219467,2.34,0.382365581163,68.1945585223,服装家纺,2025-04-25,2024-03-31
603496,恒为科技,0.1261,259480721.97,56.9891154642,-4.9692,40381292.43,130.43,-13.9847,4.35602749103,2.94,0.214369183996,35.070094009,计算机设备,2025-04-25,2024-03-31
603408,建霖家居,0.28,1152815504.0,42.681341168,-7.3162,122811608.25,170.35,-8.781,7.100874305343,3.89,0.241155943455,27.047261631,家居用品,2025-04-25,2024-03-31
603392,万泰生物,0.1,752512644.03,-73.9308489982,38.8687,125708151.18,-89.9,122.4205,10.105850723246,0.99,0.007317638538,69.9586520993,医疗器械,2025-04-25,2024-03-31
603373,安邦护卫,0.18,600724781.0,9.5549385631,-18.6005,19741307.22,10.89,-54.3902,16.130085525683,1.14,-2.078091064149,23.9834983435,专业服务,2025-04-25,2024-03-31
603341,龙旗科技,0.32,10336614835.83,146.9466450039,5.097,128091621.66,50.24,30.3465,11.603498864227,3.29,1.527241223082,7.0087160896,消费电子,2025-04-25,2024-03-31
603328,依顿电子,0.105,818718426.59,3.6542022625,6.9244,104692073.01,36.75,85.7224,3.896103941231,2.73,0.131658356466,22.0735795837,元件,2025-04-25,2024-03-31
603327,福蓉科技,0.0933,477849844.54,14.6007858087,-1.7525,63219933.49,-24.56,89.3496,2.959099057124,3.12,0.230854073388,15.2982281956,消费电子,2025-04-25,2024-03-31
603312,西典新能,0.33,392427362.93,0.6106202924,-18.3144,49615042.2,11.88,-9.3788,10.928362059097,3.59,0.244980859282,19.7321876492,电网设备,2025-04-25,2024-03-31
603309,维力医疗,0.17,309185113.48,-14.4899513931,-24.7024,50255959.75,-3.54,3.4792,6.36972883814,2.73,0.131011937984,46.997368539,医疗器械,2025-04-25,2024-03-31
603305,旭升集团,0.17,1138949821.73,-2.9097624749,-9.5073,157182523.64,-18.49,5.3489,6.861055180586,2.49,0.43487205067,23.404865947,汽车零部件,2025-04-25,2024-03-31
603291,联合水务,0.07947,235368176.72,-2.4808168199,-21.3127,33635215.5,96.9,-35.3102,4.111106308709,1.95,0.049254614811,33.7762952315,环境治理,2025-04-25,2024-03-31
603280,南方路机,0.08,188190520.07,13.3566484789,-41.9766,8757705.2,12.32,-70.8467,11.654378102225,0.7,0.05835890324,24.8903680125,工程机械,2025-04-25,2024-03-31
603238,诺邦股份,0.12,437061157.65,9.9457073551,-22.6856,20484341.64,98.7,-27.8402,7.766944082385,1.5,0.251167384471,15.0412342368,个护用品,2025-04-25,2024-03-31
603231,索宝蛋白,0.19,392958453.13,-4.48158881,-14.5405,36333953.1,47.77,19.2336,10.062774215674,1.86,0.096906865986,12.1393869937,农产品加工,2025-04-25,2024-03-31
603227,雪峰科技,0.117,1179976455.47,-35.2909774659,-27.6628,125251650.65,-45.33,7.4422,4.312740451269,2.75,-0.040721791571,21.1909567874,化学制品,2025-04-25,2024-03-31
603223,恒通股份,0.04,662649998.99,-25.0324019943,-16.2005,28063348.77,-1.54,46.0522,5.204580746232,0.75,-0.246753023829,8.1558381246,炼化及贸易,2025-04-25,2024-03-31
603217,元利科技,0.27,552407605.55,-2.0311280737,10.7995,55495434.1,-13.27,-15.8656,15.390270708284,1.73,-0.301343855483,16.2400473724,化学制品,2025-04-25,2024-03-31
603215,比依股份,0.05,320101025.41,-15.3900355853,6.7263,10145563.92,-78.12,-61.2714,5.977122657745,0.91,0.074811543871,12.9525638716,小家电,2025-04-25,2024-03-31
603211,晋拓股份,0.07,275410250.62,28.500739433,0.5183,19492962.35,13.92,55.3892,4.316021900901,1.68,0.162341677728,18.6012331911,汽车零部件,2025-04-25,2024-03-31
603206,嘉环科技,0.08,873738969.88,4.2408662899,-45.4175,25596503.94,-22.44,-65.8244,7.313812888518,1.16,-3.301944015706,14.0957086516,通信服务,2025-04-25,2024-03-31
603195,公牛集团,0.72,3802785098.41,14.0558894297,-6.9753,929269677.23,26.27,-12.0759,17.294554396937,6.22,1.703423376309,42.1623406555,家居用品,2025-04-25,2024-03-31
603193,润本股份,0.09,166683251.48,10.021405472,-20.4108,35472246.48,67.93,-21.6829,4.83684411473,1.83,-0.069994678434,55.6949498019,个护用品,2025-04-25,2024-03-31
603187,海容冷链,0.3,851627504.96,-4.3391685615,20.5361,114653700.98,-1.67,99.9917,10.559344519375,2.82,-0.123788254265,27.4860955637,通用设备,2025-04-25,2024-03-31
603167,渤海轮渡,0.14,346916232.68,7.6492729408,-26.1741,66709694.73,134.48,79.2812,8.264025649215,1.74,0.034229353125,14.1204052724,航运港口,2025-04-25,2024-03-31
603131,上海沪工,0.06,221223249.97,8.8731419531,-42.2824,18695240.92,168.28,119.0014,3.805742459325,1.53,-0.146393391268,22.9739711974,通用设备,2025-04-25,2024-03-31
603125,常青科技,0.17,242947613.9,2.4644556877,-11.2274,46433587.75,0.34,-1.605,11.510784308335,2.12,-0.142941731914,28.940800937,化学制品,2025-04-25,2024-03-31
603121,华培动力,0.11,341616915.13,16.7305684466,-2.4378,37920910.96,-11.26,96.1615,3.736243495807,3.04,0.287546147745,27.7933388643,汽车零部件,2025-04-25,2024-03-31
603112,华翔股份,0.23,942069516.07,23.7348004401,3.4911,105693403.17,38.03,-1.7701,6.223264820399,3.77,0.325725553808,20.118086177,家电零部件Ⅱ,2025-04-25,2024-03-31
603106,恒银科技,-0.04,92849433.47,-21.7689410863,-25.9321,-21189157.59,28.5996844791,85.3827,2.390822727561,-1.69,-0.135045505072,-22.3663982793,计算机设备,2025-04-25,2024-03-31
603105,芯能科技,0.06,159207236.4,25.0133197522,11.5889,31209693.01,3.32,-9.3612,3.91708737918,1.5,0.05319661574,47.2819417397,电力,2025-04-25,2024-03-31
603099,长白山,0.04,127892929.08,83.730323823,3.9854,10701671.6,358.7251033997,178.7796,3.940939788053,1.02,-0.039195742341,28.2184892,旅游及景区,2025-04-25,2024-03-31
603087,甘李药业,0.16,560334209.7,0.4184002999,-20.2219,96004278.2,95.04,30.4536,18.248550211958,0.89,0.136811827301,72.828811214,生物制品,2025-04-25,2024-03-31
603080,新疆火炬,0.26,422348634.64,54.6894384502,19.3742,36427281.01,42.8,297.6471,10.346839656678,2.53,-0.025043847279,20.850263469,燃气Ⅱ,2025-04-25,2024-03-31
603076,乐惠国际,0.03,219025834.52,-31.6404286673,-58.8482,3429701.48,-50.86,119.7639,10.974105001847,0.26,0.055814879079,33.3626835392,专用设备,2025-04-25,2024-03-31
603039,泛微网络,0.11,343349180.9,3.1336778792,-65.5126,27994696.82,4764.41,-83.267,7.838912630973,1.34,-0.594912374959,94.0743530459,软件开发,2025-04-25,2024-03-31
603038,华立股份,0.01,148576994.92,-0.9966546647,-32.008,2756083.87,-65.44,116.0099,6.527900646009,0.2,0.048727327855,24.7205100896,装修建材,2025-04-25,2024-03-31
603028,赛福天,-0.02,279831387.82,-15.1465090563,-8.2412,-6069400.2,-207.86,20.8375,2.537112328038,-0.83,-0.165681053965,3.9338659168,通用设备,2025-04-25,2024-03-31
603022,新通联,0.06,208687291.69,7.8730653958,-8.8371,12150724.71,12.74,-39.0003,3.89927315935,1.58,0.07602047855,19.996830474,包装印刷,2025-04-25,2024-03-31
603016,新宏泰,0.11,141972996.18,-2.4323526755,-8.0696,16217263.14,9.58,-7.8512,5.721110991361,1.93,0.226702037122,30.9615933612,电网设备,2025-04-25,2024-03-31
603009,北特科技,0.0458,489613388.72,25.9720590859,-11.3063,16435332.17,183.06,-25.4621,4.871762706306,1.0188,-0.119481379383,17.7954836647,汽车零部件,2025-04-25,2024-03-31
603006,联明股份,0.05,170360421.21,-28.6968012686,-52.492,13795540.86,-49.38,152.7449,5.745161009187,0.95,0.014540754461,21.7867960858,汽车零部件,2025-04-25,2024-03-31
601966,玲珑轮胎,0.3,5044861883.0,15.0427188399,-10.4774,441062925.0,106.32,2.3097,14.437145414399,2.09,0.340548425601,23.2264704798,汽车零部件,2025-04-25,2024-03-31
601921,浙版传媒,0.0497,2703329765.5,0.6265934722,-30.5409,110404070.17,-24.24,-82.9985,6.064335564121,0.82,0.128060729091,21.9295260381,出版,2025-04-25,2024-03-31
601860,紫金银行,0.11,1198420000.0,9.8448046401,16.3851,405376000.0,5.4,50.2817,5.091727106358,2.17,3.422907819343,,银行Ⅱ,2025-04-25,2024-03-31
601825,沪农商行,0.37,7084730000.0,3.6918941023,18.094,3551958000.0,1.48,103.9907,12.158265586857,3.0925,3.068594585077,,银行Ⅱ,2025-04-25,2024-03-31
601636,旗滨集团,0.1647,3857172796.61,23.2027032198,-14.2508,441901163.67,292.3,-12.9353,5.110779272118,3.23,-0.118154953468,26.0914279761,玻璃玻纤,2025-04-25,2024-03-31
601600,中国铝业,0.13,48955678000.0,-26.1373762407,33.5164,2228067000.0,23.01,63.4513,3.543970902616,3.62,0.20840322872,15.3383250049,工业金属,2025-04-25,2024-03-31
601567,三星电气,0.26,3024788914.34,34.532377853,-3.199,364254826.35,35.15,-12.0952,7.901256153709,3.26,0.070399363074,31.2035183723,电网设备,2025-04-25,2024-03-31
601566,九牧王,0.19,939844189.71,21.6999351275,2.4769,108181204.69,11.28,13.9229,7.014829277171,2.72,0.183803683681,64.9786104725,服装家纺,2025-04-25,2024-03-31
601311,骆驼股份,0.13,3454471991.56,4.8386497074,-8.3018,155820161.11,-4.86,-9.1754,8.029108671312,1.67,-0.173837602615,17.2846901654,电池,2025-04-25,2024-03-31
601229,上海银行,0.43,13093548000.0,-0.918506707,15.9597,6150324000.0,1.77,18.2703,15.829903782526,2.77,0.523392355605,,银行Ⅱ,2025-04-25,2024-03-31
601226,华电科工,-0.0833,1274810534.03,41.5522405544,-60.6149,-97125654.27,11.53,-761.1361,3.508989706026,-2.35,-0.923324907852,8.0981403114,专业工程,2025-04-25,2024-03-31
601218,吉鑫科技,0.0127,236690683.09,0.4096761166,-42.6778,12338148.53,20.71,-67.231,2.98177940223,0.4244,0.09985657483,18.0379350098,风电设备,2025-04-25,2024-03-31
601208,东材科技,0.06,920634355.21,7.2599540883,0.9892,50716353.68,-28.23,120.8348,4.734160142402,1.11,-0.209939148538,12.714429999,塑料,2025-04-25,2024-03-31
601199,江南水务,0.0899,295448559.88,0.6065877997,-25.3683,84118512.26,14.33,24.8441,4.073659979204,2.23,0.062490907446,38.2472060503,环境治理,2025-04-25,2024-03-31
601139,深圳燃气,0.1,6862512498.65,-9.4376427904,-11.2826,275678322.8,6.73,-17.5888,5.075244646919,1.88,0.069092251148,15.1804702251,燃气Ⅱ,2025-04-25,2024-03-31
601061,中信金属,0.0316,26831643746.72,-3.2516190063,-11.2106,154753847.05,-71.49,-68.0736,3.955932067902,0.8,-1.180062520345,1.6469520691,贸易Ⅱ,2025-04-25,2024-03-31
601059,信达证券,0.06,834810844.0,-23.4284862198,12.079,184796742.81,-14.41,-51.4312,5.530475044875,0.99,-0.711435284517,,证券Ⅱ,2025-04-25,2024-03-31
601015,陕西黑猫,-0.1,4123158490.5,-17.7255778012,-12.7911,-212296316.72,-479.19,14.3349,3.627161860474,-2.83,-0.308982336635,-2.9951306413,焦炭Ⅱ,2025-04-25,2024-03-31
600983,惠而浦,0.01,892694698.01,-11.3038495103,-14.1943,10265967.98,-9.92,-84.673,3.316760190413,0.4,0.163586358927,14.4003730432,白色家电,2025-04-25,2024-03-31
600971,恒源煤电,0.3594,2051053229.69,-8.3383216256,12.7752,431228432.0,-29.09,7.0918,10.90460886645,3.36,0.554425159698,44.963357478,煤炭开采,2025-04-25,2024-03-31
600925,苏能股份,0.06,3281417309.34,-2.3658863847,-3.2596,445423029.98,-48.22,-12.7647,2.381043905956,2.76,0.115247672467,33.7923402093,煤炭开采,2025-04-25,2024-03-31
600908,无锡银行,0.27,1304309000.0,5.0191952798,24.7278,598932000.0,9.41,14.1673,9.077635848838,3.0675,2.543142468932,,银行Ⅱ,2025-04-25,2024-03-31
600889,*ST京化,-0.09,106362030.49,2.048151179,-13.2864,-32608317.12,26.247116833,63.0079,2.293915156002,-3.81,-0.125911990607,-2.855778172,通用设备,2025-04-25,2024-03-31
600877,电科芯片,0.0163,201658897.3,-7.2128719485,-70.2161,19289972.25,4.79,-85.3034,2.037922310331,0.8,-0.106462339755,28.0011299953,半导体,2025-04-25,2024-03-31
600871,石化油服,0.009,18533340000.0,3.2972642082,-23.2191,177466000.0,22.1,21.8768,0.441926502866,2.2,-0.04032065369,7.9174503894,油服工程,2025-04-25,2024-03-31
600864,哈投股份,0.07,980939421.05,-5.14,3.83,141341281.58,-26.45,-17.3575,6.055567154989,1.13,0.938728334909,15.1870482126,证券Ⅱ,2025-04-25,2024-03-31
600863,华能蒙电,0.132,5571659903.02,-7.4328348301,0.5545,888410325.67,2.96,596.8177,2.495380143874,5.486,0.148864445965,25.0386187259,电力,2025-04-25,2024-03-31
600838,上海九百,0.0252,23097871.69,5.266971532,3.2927,10101251.25,-31.32,-41.188,3.666227487785,0.68,-0.003657614983,26.4822000143,一般零售,2025-04-25,2024-03-31
600825,新华传媒,0.001,162884393.16,-1.7708241888,-69.0167,1562738.72,-62.15,-80.2379,2.370396587863,0.06,-0.053519063027,32.8520932189,出版,2025-04-25,2024-03-31
600816,建元信托,0.0021,43632530.82,295.8,-82.5256,20649781.51,194.7547051972,155.2545,1.33131154832,0.16,-0.002589486823,,多元金融,2025-04-25,2024-03-31
600780,通宝能源,0.1164,2848460164.37,-5.3926508478,1.9473,133413001.6,-43.82,-4.9819,6.537019015884,1.8,0.184010967519,8.0539539776,电力,2025-04-25,2024-03-31
600771,广誉远,0.0844,343378924.32,-11.133332153,9.515,41303613.94,49.61,2905.504,3.140876568489,2.72,0.264380110569,75.8641027535,中药Ⅱ,2025-04-25,2024-03-31
600740,山西焦化,0.0257,1821237313.91,-26.180829214,-18.4178,65824767.19,-91.37,1331.807,5.957089106884,0.43,-0.404752212315,-22.9761535739,焦炭Ⅱ,2025-04-25,2024-03-31
600737,中粮糖业,0.2059,7811511659.43,62.8409732759,-15.4635,440367212.69,60.71,-30.4076,5.447932794369,3.85,-0.471569962228,9.510700298,农产品加工,2025-04-25,2024-03-31
600728,佳都科技,-0.0859,1092708242.92,0.460702719,-56.4782,-182798477.16,-113.54,-186.4123,3.519761819853,-2.38,0.00364500322,10.4143410052,IT服务Ⅱ,2025-04-25,2024-03-31
600726,华电能源,0.05,5354429849.25,-7.4937558505,1.0453,422353003.95,160.35,1700.4853,0.503572597947,11.31,-0.006526894316,23.6753825546,电力,2025-04-25,2024-03-31
600725,云维股份,3e-05,223472884.83,20.992540709,-43.2797,40103.36,-97.0,-99.2039,0.292364118185,0.01,-0.053350560054,2.9644347747,贸易Ⅱ,2025-04-25,2024-03-31
600673,东阳光,0.033,2829630561.75,5.3060748032,3.0346,98762466.87,50.46,235.6992,3.292395764328,1.0,0.055717551112,14.2019699427,综合Ⅱ,2025-04-25,2024-03-31
600648,外高桥,0.0344,1261441486.6,-14.6316841985,-43.8509,39076638.23,21.72,-87.3033,11.08273274388,0.311,-2.688911920277,32.6673919668,房地产开发,2025-04-25,2024-03-31
600645,中源协和,0.09,397981195.71,5.3570354556,2.7415,40149488.8,7.43,254.0712,7.821586774039,1.09,0.045784502748,69.0466923971,生物制品,2025-04-25,2024-03-31
600603,广汇物流,0.17,988046061.19,44.4398520026,-15.2125,205842552.19,20.65,546.1714,5.457362132387,3.12,0.197087428085,42.1763319089,物流,2025-04-25,2024-03-31
600593,大连圣亚,0.0099,91527276.48,31.7954280768,27.8926,1275665.27,-30.6,101.6847,1.737090152484,0.5718,0.299836107531,52.1757956825,旅游及景区,2025-04-25,2024-03-31
600560,金自天正,0.05,140515557.55,-35.0848713344,-50.1273,11773706.28,-26.35,-20.8451,4.108109257508,1.29,-0.283178607394,25.0072684211,专用设备,2025-04-25,2024-03-31
600522,中天科技,0.187,8242066930.57,-0.3986347955,-33.0702,636050562.61,-17.2,39.2439,9.898158140535,1.9,-0.456932673541,18.0253687447,通信设备,2025-04-25,2024-03-31
600517,国网英大,0.073,2041658011.01,-3.02,-42.3714,415702785.25,-8.49,94.3171,3.572480925969,2.06,-0.104860710616,17.4779304203,多元金融,2025-04-25,2024-03-31
600511,国药股份,0.6089,12122142562.33,7.9798385847,-7.9311,459454518.02,10.86,-32.7991,21.510016547834,2.87,-2.279380441468,7.0291764055,医药商业,2025-04-25,2024-03-31
600487,亨通光电,0.208,11784838907.31,8.4479985692,-5.8741,513074864.08,29.87,46.7081,10.631424781425,1.98,0.070188965959,15.0409646118,通信设备,2025-04-25,2024-03-31
600449,宁夏建材,-0.03,1566593410.34,37.4196048517,-46.3861,-15473222.41,-339.42,-366.9128,14.912574119908,-0.22,-0.13227754803,1.7267848461,水泥,2025-04-25,2024-03-31
600444,国机通用,0.068,161991172.13,25.8697204459,-53.489,9954898.67,2.49,-57.4405,4.729382772794,1.45,-0.522529102334,14.022582065,专用设备,2025-04-25,2024-03-31
600435,北方导航,-0.0332,78607017.52,-86.5429309087,-93.2616,-49758243.03,-302.67,-782.0438,1.78398051748,-1.84,-0.468095193727,53.1845611231,地面兵装Ⅱ,2025-04-25,2024-03-31
600396,华电辽能,0.0843,1325238885.88,-34.6133556016,-0.582,124146382.49,149.0033976123,535.2894,0.330851556573,29.66,0.165717174126,23.268970989,电力,2025-04-25,2024-03-31
600390,五矿资本,0.08,1965740627.28,-11.77,-13.0306,459269672.59,-53.98,44.303,9.653016841052,0.82,0.114195470284,-1.4897190228,多元金融,2025-04-25,2024-03-31
600380,健康元,0.24,4339814452.16,-4.8087944837,8.6286,439798106.55,-4.96,22.4619,7.625953284533,3.15,0.520871565987,63.3943906807,化学制药,2025-04-25,2024-03-31
600361,创新新材,0.065,17778801588.65,7.7792558168,-8.2182,281776869.78,6.02,17.6343,2.400058857062,2.744,-0.453177671073,3.9510814075,工业金属,2025-04-25,2024-03-31
600335,国机汽车,0.082,9658021593.09,-5.4674971488,-9.2663,122647963.08,24.57,153.8433,7.382773173124,1.12,0.138617641007,8.0325698349,汽车服务,2025-04-25,2024-03-31
600333,长春燃气,-0.02,755878915.38,14.9784445297,-22.476,-15071619.32,72.3872623494,-133.1184,3.189809378521,-0.78,-0.008368377791,17.5213759843,燃气Ⅱ,2025-04-25,2024-03-31
600315,上海家化,0.38,1905398114.42,-3.7554269609,26.4909,256207190.53,11.18,141.8932,11.713238215848,3.28,0.843225033172,63.2674480586,化妆品,2025-04-25,2024-03-31
600293,三峡新材,0.02,309012387.54,-24.1369795607,-53.419,27172547.2,133.87,48.0986,1.504821009881,1.57,-0.02274303215,16.2421937481,玻璃玻纤,2025-04-25,2024-03-31
600280,中央商场,0.006,633288932.35,-0.7136116224,-1.3887,6225749.03,121.3944792805,103.8971,0.749106152127,0.74,0.067408310121,57.7399976458,一般零售,2025-04-25,2024-03-31
600276,恒瑞医药,0.21,5997533912.14,9.198549225,3.2962,1368929247.85,10.48,65.1986,6.564271806304,3.33,0.196676353936,84.2793822706,化学制药,2025-04-25,2024-03-31
600273,嘉化能源,0.1518,2091988766.62,-10.056534529,-3.06,210488753.08,-45.28,-21.4898,7.226722608189,2.11,0.181558211393,17.0482288782,化学制品,2025-04-25,2024-03-31
600268,国电南自,-0.02,1229632375.14,9.611351308,-51.029,-18570101.86,42.5331737945,-110.9784,3.629655534904,-0.6,-0.169433482831,23.5733290234,电网设备,2025-04-25,2024-03-31
600256,广汇能源,0.123,10041044533.4,-49.4447625069,-15.667,807461526.17,-73.15,162.4696,4.536597048776,2.75,0.260548099866,17.48244108,煤炭开采,2025-04-25,2024-03-31
600249,两面针,-0.0023,207794818.22,10.5548884667,-35.1125,-1274521.77,-127.7816412503,92.0337,3.851956019,-0.06,-0.025925110473,18.529200877,个护用品,2025-04-25,2024-03-31
600236,桂冠电力,0.05,2130267286.09,6.7741251002,6.8318,429994065.39,46.04,383.4934,2.056578341643,2.55,0.149959198704,36.9298626532,电力,2025-04-25,2024-03-31
600228,返利科技,-0.0043,64324444.88,-17.9964835242,-41.2976,-2584835.13,-666.7003413443,-106.775,2.408948785356,-0.18,0.008084026387,47.6673692516,数字媒体,2025-04-25,2024-03-31
600223,福瑞达,0.06,890636572.78,-29.9909039133,-24.77,59036697.53,-54.35,-9.6664,4.007118465644,1.46,0.037243588,50.8395075184,化妆品,2025-04-25,2024-03-31
600201,生物股份,0.1,347901401.91,-4.4238586232,-8.2626,105586820.64,-1.05,2356.8246,4.89749220644,1.95,0.040782369428,60.7980296799,动物保健Ⅱ,2025-04-25,2024-03-31
600198,大唐电信,-0.0569,68903305.68,-20.5904047286,-84.9718,-74486398.14,-10.5071070942,-144.9327,0.179911357675,-27.3054,-0.092353155566,39.5763037795,通信设备,2025-04-25,2024-03-31
600168,武汉控股,0.05,809049332.19,22.5051471149,6.0786,49321752.39,300.1071268223,127.2902,7.459325900281,0.94,-0.613326117021,21.4165842571,环境治理,2025-04-25,2024-03-31
600131,国网信通,0.01,1018612088.09,-22.9833396977,-72.7218,12102466.53,-83.22,-97.5088,5.275256197794,0.19,-0.081432245457,17.7606728779,IT服务Ⅱ,2025-04-25,2024-03-31
600129,太极集团,0.44,4207673289.91,-4.9595644362,22.3194,246838634.18,5.05,285.5373,6.948131290417,6.59,-0.299657737748,46.4691862153,中药Ⅱ,2025-04-25,2024-03-31
600116,三峡水利,0.01,2466787694.72,-16.2094756256,-11.4542,11875041.91,130.923108709,-93.3378,5.843009057486,0.11,-0.167929593504,6.4044101877,电力,2025-04-25,2024-03-31
600109,国金证券,0.099,1482944235.52,-24.0338588425,-12.8386,366854019.81,-38.6,-23.9475,8.832607342834,1.12,1.565250001539,,证券Ⅱ,2025-04-25,2024-03-31
600080,ST金花,0.0648,115789270.68,6.9552855636,-28.7882,23962427.14,411.92,163.231,4.131525467906,1.5068,-0.13184239466,76.5582000123,中药Ⅱ,2025-04-25,2024-03-31
600063,皖维高新,0.022,1796623748.72,-18.8844329234,14.8246,47157047.62,-63.73,173.0952,3.733003419775,0.58,0.013615080595,12.9690233754,化学纤维,2025-04-25,2024-03-31
600060,海信视像,0.359,12701521770.12,10.609762397,-11.73,466728081.67,-24.81,-0.125,14.648385705181,2.44,0.263927984546,15.3292013393,黑色家电,2025-04-25,2024-03-31
600059,古越龙山,0.07,567227009.49,10.741412205,-9.0874,62004526.27,5.34,-76.4598,6.449563180008,1.06,-0.10899129037,36.5391909681,非白酒,2025-04-25,2024-03-31
600037,歌华有线,-0.0067,529540457.59,0.9259711921,-34.419,-9278704.16,84.1230353489,89.4414,9.209729226406,-0.07,0.067906979761,14.1489059667,电视广播Ⅱ,2025-04-25,2024-03-31
600025,华能水电,0.05,4419724585.09,3.5821969384,-16.9702,1065441947.78,17.25,14.0456,3.073382310848,1.57,0.171422865957,51.721222121,电力,2025-04-25,2024-03-31
420273,凌云B5,0.0003,18084673.29,-40.786040371,-36.2086,107477.31,-98.77,-98.7833,1.737693364699,0.0177,-0.016046719083,26.4673705366,,2025-04-25,2024-03-31
400289,德邦5,0.09,9295131488.97,25.3144965714,-14.2175,92791928.12,27.74,-66.1821,7.573307800374,1.2,1.018579863077,6.4224064971,,2025-04-25,2024-03-31
400101,秋林3,-0.01,61538352.4,35.5147949572,15.3922,-5156987.73,49.22,71.7942,-3.902928578784,,-0.006807803158,56.6495421155,,2025-04-25,2024-03-31
400089,盛运5,0.0074,68584978.14,-17.2897039946,-18.0405,25886311.71,2.04,-5.1329,0.424368405363,1.75,0.001796146636,37.5341466136,,2025-04-25,2024-03-31
301617,博苑新材,0.6634,307869020.61,17.0129470656,10.4573,51147841.95,3.6405233307,32.7592,,6.08,,25.0095584926,化学制品,2025-04-25,2024-03-31
301611,珂玛科技,0.14,160695122.26,41.4572962459,25.8786,50432112.14,251.53,103.7076,2.185261272271,6.61,0.11347228036,58.2159610225,半导体,2025-04-25,2024-03-31
301603,乔锋智能,0.57,367795048.44,5.1189905451,-9.0049,51438586.85,31.66,5.952,14.241579096942,4.07,-0.110105116484,29.6752524845,通用设备,2025-04-25,2024-03-31
301600,慧翰股份,0.63,185099749.41,29.7887262527,-28.8934,33135736.46,33.5725228461,-3.6333,,6.48,,27.0899206238,计算机设备,2025-04-25,2024-03-31
301598,博科测试,0.1937,68276837.97,30.7459412305,-63.5689,8558173.84,655.3289105185,-85.8877,,2.01,,44.0939554249,专用设备,2025-04-25,2024-03-31
301592,六九一二,-0.0449,35171583.16,108.3427113544,-88.4086,-2358464.43,54.8558767682,-102.6451,,-0.59,,47.6861944022,军工电子Ⅱ,2025-04-25,2024-03-31
301587,中瑞股份,0.26,168557585.89,-3.7792989827,0.804,28738001.79,-13.95,0.0848,13.402246390504,2.31,-0.117644505622,33.907508338,电池,2025-04-25,2024-03-31
301578,辰奕智能,0.22,178997109.9,20.0045743962,-22.5722,14018541.66,-19.36,-45.8144,19.420190644167,1.52,0.354735721667,20.4997552254,黑色家电,2025-04-25,2024-03-31
301557,常友科技,0.28,166587872.77,25.985132347,-37.8167,9182095.98,28.8715225263,-69.6416,,1.46,,24.2603083934,风电设备,2025-04-25,2024-03-31
301535,浙江华远,0.06,135613481.95,,-22.7703,23304577.9,,-2.6522,,3.06,,34.3644781624,汽车零部件,2025-04-25,2024-03-31
301522,上大股份,0.1329,619580915.73,36.9548914097,18.3179,37075031.49,27.5638558143,14.7233,,3.18,,13.3036388157,金属新材料,2025-04-25,2024-03-31
301507,民生健康,0.1651,234624438.88,5.783117118,144.8453,58872271.43,6.51,1386.1079,4.296491036892,3.92,0.376127263803,62.8103202648,化学制药,2025-04-25,2024-03-31
301501,恒鑫生活,0.5952,337457130.47,,-8.586,45531204.6,,-15.732,,5.39,,26.9812985351,家居用品,2025-04-25,2024-03-31
301488,豪恩汽电,0.1917,285380335.89,16.8167222294,-21.8788,17635925.55,19.09,-59.2881,13.819953593913,1.36,-1.019022657826,21.8173218963,汽车零部件,2025-04-25,2024-03-31
301458,钧崴电子,0.11,140329818.29,,-9.8323,21820714.76,,-16.8085,,2.54,,46.9602889272,元件,2025-04-25,2024-03-31
301421,波长光电,0.09,82097211.14,14.4581112211,-19.7079,10772523.13,4.45,-6.1975,10.314316615306,0.91,0.014386936086,35.5908658702,光学光电子,2025-04-25,2024-03-31
301418,协昌科技,0.2619,91207976.71,-22.4666461195,41.3795,19202737.0,-14.14,133.0874,22.104135766962,1.19,0.408798316329,27.907141588,自动化设备,2025-04-25,2024-03-31
301397,溯联股份,0.33,230579335.07,4.1573633966,-30.6085,32511747.75,6.3,-18.6433,19.792429053679,1.65,-0.553829212715,27.2814458333,汽车零部件,2025-04-25,2024-03-31
301395,仁信新材,0.0521,446687614.94,-5.3450415532,-7.9797,7543826.87,-51.13,-74.3648,11.495885116409,0.45,-0.138181599641,1.5055461457,塑料,2025-04-25,2024-03-31
301390,经纬股份,0.0248,48608571.97,18.9138891078,-77.2186,1486204.03,358.32,-95.2589,15.861534756333,0.16,-2.859754832,35.231939483,工程咨询服务Ⅱ,2025-04-25,2024-03-31
301389,隆扬电子,0.06,59088252.46,23.9996660073,-12.2125,17807996.94,-7.49,5.0147,7.618852479683,0.79,0.059870191358,39.6903725929,消费电子,2025-04-25,2024-03-31
301386,未来电器,0.14,123622126.07,6.0274534485,-5.4513,19596927.59,22.64,-27.6601,10.874819809429,1.3,0.100086198857,26.5165241629,电网设备,2025-04-25,2024-03-31
301370,国科恒泰,0.06,1714442628.85,-3.0023340055,-0.435,27605497.74,4.82,-56.092,5.244001307182,1.12,0.506328709584,10.5164472439,医疗器械,2025-04-25,2024-03-31
301369,联动科技,-0.05,57637450.82,35.3434310858,-15.4369,-3315654.57,-372.68,-131.9743,21.011842205176,-0.23,-0.246729819201,59.125773408,半导体,2025-04-25,2024-03-31
301367,瑞迈特,0.5614,192086116.73,-60.0191080403,8.4512,49913780.97,-67.89,85.8027,44.206110408125,1.78,1.182463298125,51.7466541581,医疗器械,2025-04-25,2024-03-31
301365,矩阵股份,0.02,110727893.79,4.3885797749,-35.0184,3496403.11,-77.8,132.0309,9.778369741167,0.2,-0.043091489556,28.2414159067,工程咨询服务Ⅱ,2025-04-25,2024-03-31
301363,美好医疗,0.14,281550999.26,-23.3405742114,-4.3281,58039870.2,-46.46,338.7256,7.940171533468,1.91,0.184236950868,38.2874327967,医疗器械,2025-04-25,2024-03-31
301360,荣旗科技,-0.09,30809661.36,5.1863318817,-61.4139,-4963840.17,23.53,-114.6132,21.395180313273,-0.43,-0.202738074991,45.7859942541,通用设备,2025-04-25,2024-03-31
301339,通行宝,0.1107,152988282.02,14.7678091298,-47.1755,45042397.1,9.65,26.4286,6.536100844251,1.71,-0.263796499337,52.9316153896,计算机设备,2025-04-25,2024-03-31
301332,德尔玛,0.05,716411120.37,7.685799471,-18.8178,23354009.97,0.52,163.3843,6.090424265988,0.83,0.194724299028,30.8578904869,小家电,2025-04-25,2024-03-31
301326,捷邦科技,-0.07,162958440.5,13.9474869124,4.1575,-5078063.53,57.26,87.1305,18.221288871382,-0.39,-0.049704480478,23.4650839642,消费电子,2025-04-25,2024-03-31
301316,慧博云通,0.0373,367924389.49,21.8611832166,-6.0773,14937599.39,15.17,-52.9567,2.589241437639,1.45,-0.121483884803,23.9524784188,IT服务Ⅱ,2025-04-25,2024-03-31
301314,科瑞思,0.14,35558137.01,-49.7500949421,-49.0517,7703490.7,-55.5,-53.5329,19.018138721267,0.74,0.184065474208,24.7492129791,通信设备,2025-04-25,2024-03-31
301313,凡拓数创,-0.352,76029788.66,-25.1285063944,-70.8542,-36580065.05,-8633.11,-209.5652,9.550842155188,-3.69,-0.663896371405,30.7100468008,数字媒体,2025-04-25,2024-03-31
301310,鑫宏业,0.2944,486122130.1,15.3993603878,-10.078,28590375.82,-20.18,-36.9348,23.449662591428,1.26,-0.216045558123,11.6158938451,汽车零部件,2025-04-25,2024-03-31
301305,朗坤科技,0.162,493477236.15,28.6590476737,4.7483,39453145.75,-6.89,32.6871,14.140868031951,1.15,0.625929217184,23.2810758073,环境治理,2025-04-25,2024-03-31
301302,华如科技,-0.25,37139856.54,92.9888412917,-9.2389,-39741670.62,26.39,80.8042,13.29625361316,-1.87,-0.968786167062,41.387839728,军工电子Ⅱ,2025-04-25,2024-03-31
301298,东利机械,0.1177,159103744.38,20.7185681856,10.8865,17278120.19,82.13,-55.696,6.192125533311,1.87,0.143564180654,29.0397985164,汽车零部件,2025-04-25,2024-03-31
301290,东星医疗,0.2,91814686.88,9.27473533,-25.1203,19890650.72,10.56,-22.9348,22.297512983246,0.89,0.236303153791,47.1186427249,医疗器械,2025-04-25,2024-03-31
301281,科源制药,0.1988,146276963.82,17.7506248315,36.8308,21523763.06,-32.9,105.3728,12.474419372426,1.6,-0.01515267467,41.4819381503,化学制药,2025-04-25,2024-03-31
301275,汉朔科技,0.4443,974113633.08,5.4471876846,7.6921,168912885.53,23.9361022244,-17.5187,,8.1,,36.4299999999,其他电子Ⅱ,2025-04-25,2024-03-31
301246,宏源药业,0.078,426063885.0,-15.4483861345,-14.1289,31199061.62,-51.81,441.6622,10.98108911991,0.71,-0.223740366239,15.7345999227,化学制药,2025-04-25,2024-03-31
301235,华康洁净,-0.3,229705391.58,-4.3716317119,-49.6767,-32071670.93,-85.28,-167.868,16.350592372064,-1.85,-1.420867781061,29.4775489222,医疗器械,2025-04-25,2024-03-31
301232,飞沃科技,-0.46,237735395.4,-14.3742637409,-44.9108,-24665699.4,-218.95,-4892.6659,28.203375506178,-1.62,1.31604168733,8.6623687715,风电设备,2025-04-25,2024-03-31
301226,祥明智能,0.06,110193699.03,-28.4271406674,-6.8785,6344860.2,-59.63,77267.6149,8.364082346048,0.7,0.250786090257,18.464225395,电机Ⅱ,2025-04-25,2024-03-31
301221,光庭信息,-0.0353,120938598.49,6.035298926,-51.1188,-3268493.19,-151.19,82.6587,21.663395700495,-0.16,0.035446869274,37.5736286987,汽车零部件,2025-04-25,2024-03-31
301212,联盛化学,0.07,134549472.48,-42.340207262,-7.749,8001565.58,-76.32,107.6523,12.518996787685,0.59,0.129676482778,12.068720405,化学制品,2025-04-25,2024-03-31
301210,金杨精密,0.13,256043624.51,13.7021789007,-10.5607,10923194.11,-19.77,2.2859,22.180647081712,0.6,-0.259818600036,13.7169477339,电池,2025-04-25,2024-03-31
301208,中亦科技,0.16,175510539.43,-16.8448456774,-69.6318,19240375.49,-27.28,-70.7385,14.992603039898,1.29,-1.941275337562,35.4811948515,IT服务Ⅱ,2025-04-25,2024-03-31
301202,朗威股份,0.07,205546468.23,31.8444823912,-24.1118,9691410.8,27.89,-47.4738,8.746145626906,0.82,0.065919789736,19.0614645425,通信设备,2025-04-25,2024-03-31
301201,诚达药业,0.1215,100889692.8,-1.2816997688,-34.5059,18644506.0,-5.09,-37.4264,14.504345491195,0.82,0.246156511909,40.8007525423,医疗服务,2025-04-25,2024-03-31
301192,泰祥股份,0.095,99478511.43,248.7550449695,-4.7018,9490462.47,-10.97,108.3839,5.799527166567,1.65,0.281011126727,28.0272216373,汽车零部件,2025-04-25,2024-03-31
301188,力诺药包,0.11,266965666.19,18.9905476395,4.2465,24806349.19,8.22,102.0711,6.154582265579,1.58,-0.128312090157,20.7241832853,医疗器械,2025-04-25,2024-03-31
301186,超达装备,0.32,160991431.75,15.8335730382,0.8662,23631305.76,48.48,54.7336,17.124659170603,1.87,0.384403988327,36.2077470437,汽车零部件,2025-04-25,2024-03-31
301173,毓恬冠佳,0.7751,518313567.64,,-37.9315,51058245.0,,-27.2041,,7.65,,18.7468344312,汽车零部件,2025-04-25,2024-03-31
301171,易点天下,0.11,480952366.66,1.6620242378,-14.0868,50094256.02,21.23,38.1939,7.316333942524,1.47,0.037240323696,25.8847198787,广告营销,2025-04-25,2024-03-31
301157,华塑科技,0.15,62316779.35,42.0349419762,-50.3783,9245901.41,106.2,-49.5392,17.822396596333,0.87,-0.4282474215,34.4444820382,其他电源设备Ⅱ,2025-04-25,2024-03-31
301151,冠龙节能,0.0353,148315486.05,0.5493256633,-62.303,5914397.17,4.17,-85.2224,12.259077724937,0.28,-0.31576523862,31.1546173098,通用设备,2025-04-25,2024-03-31
301137,哈焊华通,0.0348,315523626.25,-5.048408818,-28.2303,6321099.4,10.72,-76.6556,7.407697367301,0.47,-0.126062979241,10.4450388586,通用设备,2025-04-25,2024-03-31
301122,采纳股份,0.2,110633038.63,65.5209896083,-5.3474,25045442.29,57.73,26.0512,14.983248078717,1.38,0.341853566366,39.7224351009,医疗器械,2025-04-25,2024-03-31
301120,新特电气,0.01,73486625.41,-20.2133295291,-21.2124,4292867.99,-78.09,-30.381,4.268355111257,0.27,0.00926984256,30.7401447732,电网设备,2025-04-25,2024-03-31
301108,洁雅股份,0.17,129636863.19,1.4343038051,-26.0553,13901683.51,-62.7,-35.7016,23.08166451943,0.74,0.307087553133,19.3452081244,个护用品,2025-04-25,2024-03-31
301106,骏成科技,0.297,162695708.66,38.7137312741,4.3195,21555204.47,86.1,65.0793,16.221947387088,1.85,-0.122309034904,25.5907235925,光学光电子,2025-04-25,2024-03-31
301103,何氏眼科,0.1834,284795525.11,-7.1756464211,18.1479,28976245.02,-49.01,180.8061,13.12005277021,1.39,0.369552134465,43.7325102007,医疗服务,2025-04-25,2024-03-31
301098,金埔园林,0.09,139517478.31,-13.858912929,-65.4838,14702564.37,-32.78,170.383,7.025691390666,1.27,-0.889556800936,28.4049936324,基础建设,2025-04-25,2024-03-31
301079,邵阳液压,0.01,59129411.8,-18.2632503073,5.4617,1604919.66,-81.26,113.5991,4.38546113235,0.33,-0.152144476166,23.0976897017,工程机械,2025-04-25,2024-03-31
301078,孩子王,0.0107,2193576206.91,4.6405508669,-8.8065,11658850.4,53.55,198.3301,2.812976411859,0.37,0.357388882336,29.9166371997,专业连锁Ⅱ,2025-04-25,2024-03-31
301075,多瑞医药,-0.03,78457398.26,0.4766908413,-10.887,-2537276.14,-4.97,-451.5174,9.369313886125,-0.33,-0.1614581445,39.4756678871,化学制药,2025-04-25,2024-03-31
301071,力量钻石,0.4075,238318156.25,44.9926279004,25.1184,106056780.82,42.15,5.2331,20.627284124954,1.98,0.814974269622,48.8689640742,非金属材料Ⅱ,2025-04-25,2024-03-31
301066,万事利,0.07,162623042.41,20.363871085,-16.5017,13114488.05,51.18,25.3484,3.508448366027,2.01,-0.00760765768,47.0381238393,纺织制造,2025-04-25,2024-03-31
301063,海锅股份,0.07,298017146.45,-1.9251785429,-3.3474,7043181.76,-45.23,276.9341,14.678569936426,0.45,0.514187014456,8.6369085459,专用设备,2025-04-25,2024-03-31
301062,上海艾录,0.071,269380005.14,20.7622118641,-12.063,28443844.43,305.52,20.3463,2.970458957826,2.37,0.053913749557,26.3363099214,包装印刷,2025-04-25,2024-03-31
301059,金三江,0.06,80736025.81,-2.0550250486,-18.4493,14141918.24,-4.07,10.5324,2.467024831973,2.47,0.059493239485,38.1206639059,化学制品,2025-04-25,2024-03-31
301056,森赫股份,0.1068,184393390.53,43.470899554,-6.4505,28503293.77,170.64,7.0133,3.199023593934,3.4,-0.071323694786,30.9493072479,专用设备,2025-04-25,2024-03-31
301043,绿岛风,0.34,118359993.47,5.2139136282,-21.0547,23452393.1,29.93,-4.7002,12.563096669853,2.78,-0.214591452941,40.3543111314,通用设备,2025-04-25,2024-03-31
301042,安联锐视,0.1612,140107642.63,12.6937893715,-31.796,11180748.83,418.44,-58.866,16.748968256507,0.95,-0.355976560847,32.1956853197,计算机设备,2025-04-25,2024-03-31
301035,润丰股份,0.55,2693191598.95,20.5943039153,-9.1948,152843351.25,-16.39,208.7791,24.386215902476,2.29,-1.069336337866,20.0973744579,农化制品,2025-04-25,2024-03-31
301033,迈普医学,0.23,57206084.7,28.5941217031,-32.7707,14944754.94,91.19,-3.2867,9.756710724896,2.32,0.240414102755,81.2922942968,医疗器械,2025-04-25,2024-03-31
301027,华蓝集团,-0.1,99564710.73,-22.7298672779,-66.5767,-14262919.17,-661.7596054436,-148.6499,6.40072505533,-1.49,-0.173690714971,32.4417268761,工程咨询服务Ⅱ,2025-04-25,2024-03-31
301020,密封科技,0.15,122635714.51,0.9077264795,-15.6051,22250807.48,19.76,19.3892,6.331823273019,2.43,0.138881812227,28.4049104449,汽车零部件,2025-04-25,2024-03-31
301013,利和兴,0.0325,155514530.62,86.9824773092,-12.6764,7587977.82,91.01,118.682,3.617229463664,0.9,0.093569246994,17.6284025169,专用设备,2025-04-25,2024-03-31
301005,超捷股份,0.12,136306544.3,60.142118143,-13.0533,12570357.35,74.02,262.6872,7.562507681534,1.59,0.036616097253,25.8116052833,汽车零部件,2025-04-25,2024-03-31
301002,崧盛股份,0.02,182808157.16,9.5171552211,-10.3018,5970009.74,36.52,14.2716,6.419995464222,0.27,0.03027049826,27.216597915,电网设备,2025-04-25,2024-03-31
300997,欢乐家,0.1857,551028964.95,6.6081954201,-10.6462,82086318.37,-3.74,-20.0267,2.998099667665,5.57,-0.089468392648,38.7035445531,饮料乳品,2025-04-25,2024-03-31
300984,金沃股份,0.08,267515995.78,18.3986595402,6.0084,6052231.97,-68.83,18.0112,8.69599578315,0.86,-0.827837370292,12.8659362442,通用设备,2025-04-25,2024-03-31
300976,达瑞电子,0.33,452900659.39,65.2400128056,-4.2024,31035691.66,1131.75,21.266,33.659856513814,0.96,0.093951267415,22.0678939847,消费电子,2025-04-25,2024-03-31
300957,贝泰妮,0.42,1096940645.49,27.0626253478,-47.532,176845231.47,11.74,-0.4278,14.06696546204,2.97,-0.37231886211,72.0858268422,化妆品,2025-04-25,2024-03-31
300942,易瑞生物,-0.0177,36475073.45,-39.9167776155,-59.0201,-7111078.14,74.66,91.7071,1.927009532069,-0.84,0.023481236218,74.6171833137,医疗器械,2025-04-25,2024-03-31
300941,创识科技,0.07,45304377.58,-10.7625895722,-62.819,14910680.89,-2.89,-68.5516,6.257832965177,1.17,-0.113897642198,59.1087982673,计算机设备,2025-04-25,2024-03-31
300938,信测标准,0.261,180633394.25,20.0919018764,7.0535,41038815.52,30.36,35.0802,9.844806037108,3.27,0.320038211403,57.0516164953,专业服务,2025-04-25,2024-03-31
300937,药易购,0.0964,1237408296.37,10.2892718178,1.5889,9225531.31,-70.84,-1.5918,9.025566041164,1.07,-0.753023011606,8.1468400952,医药商业,2025-04-25,2024-03-31
300935,盈建科,-0.24,13816522.93,-38.3908159815,-78.7543,-19288325.98,-17.91,-52.4106,10.939045959194,-2.2,-0.334931453942,87.4255119844,软件开发,2025-04-25,2024-03-31
300933,中辰股份,0.0337,651701467.66,30.4633595199,-15.8117,15431354.49,-6.77,610.9052,3.265726655467,0.95,-0.476157611576,14.4686592035,电网设备,2025-04-25,2024-03-31
300931,通用电梯,0.0047,75634601.99,18.955176166,-50.1797,1117583.62,140.66,-79.6725,2.939578547509,0.16,-0.211711525947,27.500192918,专用设备,2025-04-25,2024-03-31
300928,华安鑫创,-0.1214,185246457.61,-38.6636696749,20.9125,-9710142.94,-268.54,69.2163,15.3698919525,-0.79,0.36315951975,9.3981712928,汽车零部件,2025-04-25,2024-03-31
300918,南山智尚,0.1,359449586.62,10.3486807192,-24.5963,36983919.08,15.37,-55.2633,5.355108056153,1.81,-0.005043718221,32.8317771846,纺织制造,2025-04-25,2024-03-31
300917,特发服务,0.2019,636539991.41,15.9452695335,1.7831,34118206.49,2.65,-5.8838,6.294078237219,3.26,-0.318106246746,13.1637957207,房地产服务,2025-04-25,2024-03-31
300916,朗特智能,0.2784,418464204.52,132.899777141,-2.9254,40274574.65,2123.29,-15.227,8.773783191723,3.22,0.289559254328,15.0839672446,消费电子,2025-04-25,2024-03-31
300907,康平科技,0.1887,260846484.99,15.9008632929,21.942,18111959.83,163.42,101.0928,8.200505376979,2.32,0.450042222083,17.8879797218,电机Ⅱ,2025-04-25,2024-03-31
300906,日月明,0.1762,24735517.19,37.4137810856,-64.1415,14092477.82,27.2,-47.0464,11.03698453975,1.61,-0.004469811625,38.8536208731,通用设备,2025-04-25,2024-03-31
300903,科翔股份,-0.1664,637343774.33,1.4986013691,-17.7604,-68999358.94,-92.39,30.02,5.129582369883,-3.19,-0.331062909112,2.0770829187,元件,2025-04-25,2024-03-31
300902,国安达,0.01,64692381.01,62.2508961085,-56.9614,2565438.73,144.64,-89.7999,7.032082616939,0.28,-0.088160975889,45.8297173595,专用设备,2025-04-25,2024-03-31
300896,爱美客,1.75,808088120.34,28.243306503,15.5982,527437488.06,27.38,19.8292,31.807313605334,7.97,2.481354050194,94.5466129596,医疗美容,2025-04-25,2024-03-31
300891,惠云钛业,0.0276,403835785.46,-14.539067651,5.2549,11046817.44,2271.63,-36.783,3.300262918875,0.8,-0.128023155006,9.353189794,化学原料,2025-04-25,2024-03-31
300886,华业香料,0.079,78825889.4,18.9870612344,7.6499,5888470.69,249.27,285.0457,7.318673764469,1.09,0.169572239957,23.4601683797,化学制品,2025-04-25,2024-03-31
300873,海晨股份,0.25,402396704.58,-10.2785473354,-14.957,57153704.05,-3.51,61.6491,12.578800154183,1.99,0.388678544106,22.7309944786,物流,2025-04-25,2024-03-31
300870,欧陆通,0.31,695862387.52,34.0644561032,-13.4831,31164265.74,1703.04,-79.6067,18.659336937549,1.66,0.079498837846,19.8793050926,其他电源设备Ⅱ,2025-04-25,2024-03-31
300865,大宏立,-0.0097,66808008.27,-29.1440104678,-75.7507,-932654.95,-129.17,96.2728,9.041969179348,-0.11,0.194980279473,25.8720975338,专用设备,2025-04-25,2024-03-31
300864,南大环境,0.33,184748979.87,12.2192459796,-14.047,51890012.11,12.01,40.2086,7.58309426348,4.16,-0.397317965686,37.0637910143,环境治理,2025-04-25,2024-03-31
300861,美畅股份,0.4072,856757266.84,-13.8305982187,-27.4275,195476988.25,-48.46,-1.8216,13.821062858929,2.99,0.402039872337,31.7472790985,通用设备,2025-04-25,2024-03-31
300860,锋尚文化,-0.03,34535255.35,109.3747856857,-88.7424,-5864567.47,-74.37,-107.7334,23.728998534918,-0.18,0.11446904144,10.7224574206,专业服务,2025-04-25,2024-03-31
300852,四会富仕,0.4549,321831571.63,2.1739804696,-6.3563,46338300.32,-1.69,-2.2165,14.100100057782,3.01,0.604092425671,26.6386170368,元件,2025-04-25,2024-03-31
300836,佰奥智能,0.2555,67829632.23,3.0621255291,-72.0652,16299324.06,301.53,191.3719,8.265097608812,3.07,1.82403373003,25.5964549257,专用设备,2025-04-25,2024-03-31
300833,浩洋股份,0.795,315180863.79,-4.551635755,7.1519,100555651.3,0.9,80.6661,28.804996764856,4.22,-0.218142384053,52.2465978486,专用设备,2025-04-25,2024-03-31
300828,锐新科技,0.08,141520508.83,-18.720467983,-11.1312,13159121.51,-27.71,-15.8828,4.774970841347,1.66,0.243602038839,18.9393777846,通用设备,2025-04-25,2024-03-31
300825,阿尔特,0.0421,252089595.22,5.9401240201,-0.9279,20735171.87,-21.61,622.6495,4.940846657101,0.84,0.076287997602,31.6893398279,汽车服务,2025-04-25,2024-03-31
300822,贝仕达克,0.0536,203144539.18,-13.9219309348,21.0993,16706825.65,40.94,86.2418,5.263505398456,1.32,-0.064684396113,24.5053647078,消费电子,2025-04-25,2024-03-31
300820,英杰电气,0.3629,374528745.49,61.0213964801,-41.235,79956070.33,44.73,-47.2339,10.15033685137,3.65,0.154122787464,41.9551008146,其他电源设备Ⅱ,2025-04-25,2024-03-31
300819,聚杰微纤,0.08,119302617.83,-24.541667582,-4.2842,11272403.21,44.88,7923.611,5.820120108978,1.31,-0.162423794779,28.4788678555,纺织制造,2025-04-25,2024-03-31
300817,双飞集团,0.0599,183366415.65,1.5529946114,-9.6825,13070315.54,14.27,14.9469,5.881947660343,1.28,-0.173027805618,24.9989338928,通用设备,2025-04-25,2024-03-31
300814,中富电路,0.06,296788975.39,-5.1846351568,-4.3804,11402007.09,-21.73,498.8045,6.472695948429,0.98,0.143162304432,15.0342745317,元件,2025-04-25,2024-03-31
300808,久量股份,-0.0013,103771946.67,-9.2565809217,14.6426,-213453.9,96.06,-191.6142,6.589708757,-0.02,0.046962852875,16.1105373913,光学光电子,2025-04-25,2024-03-31
300806,斯迪克,0.04,663571141.42,37.3951196113,43.8901,18638110.39,-7.74,165.935,4.83754225329,0.85,0.072759501946,21.0399698352,塑料,2025-04-25,2024-03-31
300786,国林科技,-0.02,96693416.43,46.2339128553,-29.3533,-4287846.74,-385.88,82.5411,6.601776896927,-0.25,-0.189914979946,23.9612617647,环保设备Ⅱ,2025-04-25,2024-03-31
300784,利安科技,0.4257,113076237.11,10.872035899,-11.8046,17954048.08,1.01,-33.9674,9.882147583551,4.4,0.445417792383,32.2136907727,消费电子,2025-04-25,2024-03-31
300779,惠城环保,0.11,297941945.3,23.5957522839,3.6956,20535628.95,-43.18,818.4564,9.357634907757,1.55,0.077272272007,23.8994749559,环境治理,2025-04-25,2024-03-31
300777,中简科技,0.13,146770837.87,-28.9646167121,-7.7708,59245791.77,-60.08,33.7431,9.412506754962,1.44,0.00605489819,61.9274549965,航空装备Ⅱ,2025-04-25,2024-03-31
300773,拉卡拉,0.27,1494595586.22,-1.7979851668,-1.0574,208415465.29,-19.2,227.1839,4.945549284768,5.41,0.413626078673,34.039572159,多元金融,2025-04-25,2024-03-31
300737,科顺股份,0.05,1485098885.06,-20.4281486088,-12.8277,52732211.62,-9.2,112.5677,4.341376099209,1.05,-0.829993020319,23.4400479074,装修建材,2025-04-25,2024-03-31
300736,百邦科技,-0.0559,141314389.96,1.7136942067,-3.7113,-7273135.64,-1838.53,46.7331,0.766605975767,-7.21,0.019286306118,7.1018674622,其他电子Ⅱ,2025-04-25,2024-03-31
300733,西菱动力,0.0331,387259153.8,26.0488343408,-18.8574,10117615.92,-0.9,110.7654,5.159968964553,0.64,0.084535782986,11.5248683452,汽车零部件,2025-04-25,2024-03-31
300727,润禾材料,0.16,297941857.1,11.1605002975,6.1456,19857158.66,28.46,-6.3803,6.747708825685,2.19,-0.500040619518,23.0445837816,化学制品,2025-04-25,2024-03-31
300725,药石科技,0.25,377460431.51,-1.5596941657,-12.9758,49485359.2,-14.32,14.2462,13.765984324927,1.73,0.277115931704,42.6932893165,医疗服务,2025-04-25,2024-03-31
300723,一品红,0.2225,622870629.55,-13.0071282911,-4.7069,100512059.02,-9.53,203.2594,5.774828447633,3.93,0.119386561771,75.771354986,化学制药,2025-04-25,2024-03-31
300717,华信新材,0.1,79215518.87,5.4572080413,-12.5423,10675428.43,48.3,-3.4779,6.659579210898,1.57,-0.162876749793,32.8740118495,塑料,2025-04-25,2024-03-31
300711,广哈通信,0.0032,54425971.45,16.3140829157,-78.069,795240.35,199.43,-98.2075,2.834070877847,0.11,-0.12560701241,56.8573519141,通信设备,2025-04-25,2024-03-31
300709,精研科技,-0.15,388834901.4,28.9401584634,-31.7784,-27104268.81,37.43,-204.0189,10.973193836524,-1.32,0.347907379646,22.7295806271,消费电子,2025-04-25,2024-03-31
300702,天宇股份,0.1164,689450572.73,-11.2920187055,4.0977,40517331.09,-59.58,197.7826,10.059582776035,1.15,0.284514342046,35.3259441842,化学制药,2025-04-25,2024-03-31
300699,光威复材,0.1899,511597010.38,-8.1139339892,-33.6244,157318737.27,-8.24,-37.546,6.554971163069,2.89,-0.322284002131,46.9784391765,航空装备Ⅱ,2025-04-25,2024-03-31
300694,蠡湖股份,0.11,395726510.84,6.3347309485,-1.0562,23455414.56,122.71,197.169,6.313991601229,1.74,-0.464843292965,16.8760942799,汽车零部件,2025-04-25,2024-03-31
300693,盛弘股份,0.215,599259447.17,33.8109612403,-34.7372,66345300.03,5.98,-48.8554,5.021602371015,4.4,-0.424659670027,39.543345454,其他电源设备Ⅱ,2025-04-25,2024-03-31
300678,中科信息,0.0256,87187750.46,16.9741118094,-77.9445,7588015.41,-19.02,-53.4006,2.941067980597,0.87,-0.322154908763,33.0650805049,IT服务Ⅱ,2025-04-25,2024-03-31
300672,国科微,0.1897,342571085.55,-80.1179285457,-67.0961,41204164.04,-8.57,130.6806,19.07231945994,1.0,-0.470496276395,22.4725235396,半导体,2025-04-25,2024-03-31
300671,富满微,-0.13,145309833.83,5.9489363033,-18.8882,-28210610.82,47.18,86.7812,8.270440665621,-1.56,-0.013307184581,12.7462512494,半导体,2025-04-25,2024-03-31
300670,大烨智能,0.0183,109200635.64,118.6809923916,25.574,5786440.06,129.12,105.0805,2.042829686528,0.9,-0.112650732173,10.5738503648,电网设备,2025-04-25,2024-03-31
300669,沪宁股份,0.0345,61813508.15,-17.2860028846,-31.9545,6650838.54,-13.7,-37.8418,4.635786052913,0.75,0.094433455323,24.3319478382,专用设备,2025-04-25,2024-03-31
300666,江丰电子,0.22,772389035.94,36.6501360797,3.0077,59646089.58,7.16,-4.3282,15.862389904044,1.43,-0.335678678409,31.9730377956,半导体,2025-04-25,2024-03-31
300658,延江股份,0.0277,314824431.4,0.2416003104,5.4432,9202526.41,32.39,195.0146,4.089841585768,0.67,0.101380995826,18.5871746039,个护用品,2025-04-25,2024-03-31
300651,金陵体育,0.02,69934733.38,-5.0125573898,-63.9022,2831513.4,14.1,-90.5893,6.072240876254,0.35,-0.172747424852,33.7709209266,文娱用品,2025-04-25,2024-03-31
300636,同和药业,0.1037,206454983.02,-6.4741669968,27.0673,43562751.14,31.62,59.3948,5.368123447927,1.94,0.070293189276,36.666648924,化学制药,2025-04-25,2024-03-31
300632,光莆股份,0.0764,204643801.93,-10.1650712023,49.0861,23328255.78,-20.48,206.3518,6.205492090317,1.2,0.001578125708,33.4718468842,光学光电子,2025-04-25,2024-03-31
300627,华测导航,0.1899,616910878.96,20.5262975636,-27.6774,103064182.42,30.35,-38.0723,5.774222830798,3.35,-0.417406147221,58.802522786,通信设备,2025-04-25,2024-03-31
300621,维业股份,0.02,3883319041.32,10.5960773488,2.0624,4370853.1,144.67,129.9461,4.148668302583,0.53,-2.1961540035,3.968943117,装修装饰Ⅱ,2025-04-25,2024-03-31
300614,百川畅银,-0.1305,116125958.49,20.3857631407,0.7784,-20939559.39,-211.82,88.6188,8.816809025601,-2.19,-0.017311070762,21.0035071634,环境治理,2025-04-25,2024-03-31
300612,宣亚国际,-0.13,150072778.36,-34.2796735656,-61.997,-19918331.38,-1631.94,75.6229,2.820110132065,-8.54,0.055586259435,11.6465821523,广告营销,2025-04-25,2024-03-31
300608,思特奇,-0.14,87485458.05,17.25957268,-81.3617,-44988894.86,0.48,-150.3981,4.626278436442,-2.83,-0.076237649168,26.4435141173,软件开发,2025-04-25,2024-03-31
300600,国瑞科技,0.0002,53452546.02,19.6400224817,-1.8118,70416.94,101.21,-98.8072,3.218579805671,0.01,-0.016817131629,31.2521672097,航海装备Ⅱ,2025-04-25,2024-03-31
300597,吉大通信,0.01,97345511.57,4.2536097671,-50.5548,3172639.05,-38.18,137.3236,3.820943700193,0.3,-0.243409454224,18.7933353115,通信服务,2025-04-25,2024-03-31
300592,华凯易佰,0.2834,1696741014.32,23.0467522287,-4.0363,81948947.54,7.67,148.7852,7.71049385273,3.76,0.046802410187,36.4550155999,互联网电商,2025-04-25,2024-03-31
300590,移为通信,0.0772,212251071.44,20.4899000644,-41.7588,35436403.37,83.06,-26.9997,3.916355089854,1.99,0.125809870428,40.8732210638,通信设备,2025-04-25,2024-03-31
300579,数字认证,-0.0914,178350266.75,8.3557515818,-53.2918,-24677308.99,-880.35,10.2693,3.279545446074,-2.77,-0.371238328148,49.6229836561,软件开发,2025-04-25,2024-03-31
300578,会畅科技,0.08,99775229.34,-25.5044332976,-12.9434,15830428.83,1037.67,103.191,5.856996828335,1.37,0.174718683566,35.2441990288,通信服务,2025-04-25,2024-03-31
300567,精测电子,-0.06,418012552.15,-30.5039776748,-52.7415,-15926789.96,-234.11,-109.7888,11.966367266085,-0.43,-0.300802232547,47.0086111217,通用设备,2025-04-25,2024-03-31
300565,科信技术,-0.19,70062015.1,-35.1303188869,-34.4651,-48079599.44,-22.34,58.263,3.132252589111,-8.76,-0.103010262422,10.7540039624,通信设备,2025-04-25,2024-03-31
300559,佳发教育,0.0163,113884863.25,68.4725112125,-32.3593,6525364.77,87.31,-57.0583,3.026041163776,0.54,-0.110242192821,49.9982865107,软件开发,2025-04-25,2024-03-31
300558,贝达药业,0.23,735775468.8,38.402896546,78.3071,98140741.56,90.95,126.4461,13.195606650676,1.82,0.590786002543,82.5295003937,化学制药,2025-04-25,2024-03-31
300557,理工光科,0.09,103811814.39,17.1996522361,-48.6237,6589886.16,68.43,-10.2652,13.283487781983,0.7,-0.659452688896,35.299438937,通用设备,2025-04-25,2024-03-31
300543,朗科智能,0.03,349855078.78,19.2683882614,6.4636,8736992.5,179.96,204.1921,3.753977726825,0.79,-0.186724132775,16.2297506665,家电零部件Ⅱ,2025-04-25,2024-03-31
300540,蜀道装备,0.024,40172357.47,134.0978303213,-87.4999,3959370.48,-75.56,-78.9129,6.16389069732,0.39,0.465278621328,25.9068039703,专用设备,2025-04-25,2024-03-31
300528,幸福蓝海,0.0238,236732137.45,-13.4399472964,-17.0598,8882183.65,-23.89,114.6559,1.969763362871,1.22,0.280120213639,21.0882245426,影视院线,2025-04-25,2024-03-31
300517,海波重科,0.067,105112136.09,22.5849940207,12.444,13339239.57,100.65,7557.8859,5.233514885847,1.25,0.400761316592,18.2397769118,专业工程,2025-04-25,2024-03-31
300501,海顺新材,0.12,258678766.77,-0.5609390666,-1.5887,23018894.92,-13.74,139.3713,8.760522598407,1.15,-0.140160307271,28.8878313528,包装印刷,2025-04-25,2024-03-31
300499,高澜股份,0.02,178640616.8,18.5300283066,5.1739,5623477.54,197.29,120.9299,4.611031706901,0.4,-0.210546391727,24.3152886102,专用设备,2025-04-25,2024-03-31
300483,首华燃气,-0.065,268841972.48,-27.4114609491,-18.5229,-17408981.24,-271.06,93.1564,9.393764312357,-0.65,0.388069023929,16.0483622486,燃气Ⅱ,2025-04-25,2024-03-31
300482,万孚生物,0.49,861092255.54,3.5428212556,13.2284,218334248.48,7.2,148.6341,11.959569527164,4.5,0.254714806813,66.3046849657,医疗器械,2025-04-25,2024-03-31
300481,濮阳惠成,0.19,354001696.5,1.2849661887,-0.1919,55055665.95,-21.65,56.8782,8.439886522971,2.23,0.223268920421,23.0115132457,电子化学品Ⅱ,2025-04-25,2024-03-31
300478,杭州高新,-0.0322,68916577.73,-3.6701269007,-40.0988,-4075794.74,42.69,77.7522,0.696241911852,-4.51,-0.005617460785,4.3351075437,塑料,2025-04-25,2024-03-31
300470,中密控股,0.4036,336484525.26,17.1002045832,-11.532,82885498.36,2.88,-15.8187,12.658530109512,3.2,0.021953486599,47.9808128993,通用设备,2025-04-25,2024-03-31
300467,迅游科技,0.05,78650474.87,-26.2503005402,-4.9872,10814321.96,-12.4,1926.4274,3.006366582002,1.79,-0.043190062836,62.4721928014,游戏Ⅱ,2025-04-25,2024-03-31
300466,赛摩智能,-0.016,75199627.46,-56.4752192746,-77.8117,-8544623.59,-215.4,84.6875,1.508585280974,-1.05,-0.070260768032,45.14218636,通用设备,2025-04-25,2024-03-31
300465,高伟达,0.0045,198619495.64,-23.2187806363,-61.7194,2030371.59,-80.66,-72.9155,1.450311452563,0.31,-0.307538934942,25.694404905,软件开发,2025-04-25,2024-03-31
300464,星徽股份,0.0099,366414359.02,-21.4947421206,-2.4532,4649027.16,-4.32,117.5886,1.213600134173,0.82,0.020142196676,25.7268121785,互联网电商,2025-04-25,2024-03-31
300456,赛微电子,-0.0159,270050961.08,41.6191840633,-30.7986,-11659793.28,-175.57,-112.7629,7.006271240727,-0.23,-0.044007612387,33.1266326668,半导体,2025-04-25,2024-03-31
300454,深信服,-1.16,1035080040.95,-14.6555006647,-63.7319,-488764945.1,-18.64,-165.7466,19.504285286138,-5.7,-2.749195524154,58.1782974501,软件开发,2025-04-25,2024-03-31
300447,全信股份,0.105,277414914.16,-13.7955455143,25.4542,32770689.04,-48.36,379.0275,6.57528560609,1.61,-0.188510984273,39.9706528525,军工电子Ⅱ,2025-04-25,2024-03-31
300441,鲍斯股份,0.09,565131473.66,23.6172205542,-25.4699,61560058.39,79.4,-42.0418,2.92896530316,3.24,-0.045827110969,31.5382477454,通用设备,2025-04-25,2024-03-31
300436,广生堂,-0.0919,120047604.86,36.060436435,-16.0642,-14642717.07,76.87,90.4148,3.150938131502,-2.88,-0.083009838133,59.6589144727,化学制药,2025-04-25,2024-03-31
300434,金石亚药,0.2236,362785115.79,-13.5789137883,-5.0637,89816224.68,-37.39,813.8103,6.198590504325,3.67,-0.225220558759,61.1828805233,化学制药,2025-04-25,2024-03-31
300421,力星股份,0.0524,240573162.1,2.9905902602,-4.4014,15392876.31,-8.44,442.285,4.248637298335,1.23,0.072844727215,18.6795994772,通用设备,2025-04-25,2024-03-31
300416,苏试试验,0.0829,442438250.22,1.0282028544,-25.0632,42172756.31,-4.86,-55.114,5.03572506792,1.66,-0.12093305232,42.4695101919,专业服务,2025-04-25,2024-03-31
300414,中光防雷,0.0094,75805988.2,-36.7164140102,-41.8952,3068502.03,-57.91,108.7582,3.009123780419,0.31,0.071977347481,24.5279203814,通信设备,2025-04-25,2024-03-31
300410,正业科技,-0.03,189209677.29,24.0708208202,86.9458,-11280898.12,63.63,92.4501,1.165898643661,-2.6,-0.160890603927,26.865616367,电池,2025-04-25,2024-03-31
300405,科隆股份,-0.0321,139112944.92,-6.3982573828,4.136,-9027818.26,-51.23,88.2152,1.720218747673,-1.81,-0.123713163984,6.9151012817,化学制品,2025-04-25,2024-03-31
300402,宝色股份,0.0755,467402812.91,1.2142872968,12.4908,18382973.7,5.85,57.0938,5.89731261506,1.29,0.015715155364,17.2393270995,通用设备,2025-04-25,2024-03-31
300397,天和防务,0.01,134852543.24,66.9489450488,51.7666,6998025.25,132.13,105.9904,3.179832318782,0.43,-0.053349740985,36.1065795276,军工电子Ⅱ,2025-04-25,2024-03-31
300390,天华新能,0.6,1754354489.87,-50.4093657474,12.6554,502005129.18,-43.04,408.8739,14.828441191168,4.11,0.713584696272,16.8361094599,电池,2025-04-25,2024-03-31
300385,ST雪浪,-0.0679,63554188.57,-78.5234536653,-82.7634,-22635131.62,-310.89,52.7286,2.046519043732,-3.27,-0.10543838215,23.0437125853,环境治理,2025-04-25,2024-03-31
300384,三联虹普,0.2476,310165763.56,4.6016425829,-4.8727,78982434.46,15.92,-0.1138,8.121145369213,3.07,0.071813189082,37.4866809172,专业工程,2025-04-25,2024-03-31
300375,鹏翎股份,0.0416,521135087.86,40.6922633165,-17.1185,31396320.33,63.76,281.0432,2.949672427444,1.42,0.003943352142,21.7068403597,汽车零部件,2025-04-25,2024-03-31
300374,中铁装配,-0.13,318253845.42,96.1286133053,-36.9099,-33159309.62,3.48,56.9589,3.552564623669,-3.85,0.048286145237,3.4983316212,基础建设,2025-04-25,2024-03-31
300373,扬杰科技,0.33,1328043840.07,1.3425267735,-3.0033,180505074.52,-0.74,-41.0125,15.503080884009,2.16,0.233377081322,27.6697607137,半导体,2025-04-25,2024-03-31
300363,博腾股份,-0.17,677717562.88,-50.8117148998,7.5035,-94870808.04,-131.2,48.7184,10.400285327178,-1.65,0.149513781426,15.8418979322,医疗服务,2025-04-25,2024-03-31
300351,永贵电器,0.1,401215623.75,25.6900237968,-20.8848,40105471.89,14.05,263.5522,6.107481366943,1.71,-0.183229057136,27.0608609792,轨交设备Ⅱ,2025-04-25,2024-03-31
300349,金卡智能,0.24,718680197.08,12.4840320551,-19.6137,98957186.3,22.03,-10.6605,10.383899995697,2.28,-0.79958950815,39.7746620307,通用设备,2025-04-25,2024-03-31
300348,长亮科技,-0.0052,288656836.37,-2.4883028855,-61.0225,-3789215.41,34.02,-112.4212,2.157025082151,-0.24,-0.34658828606,36.0870219843,软件开发,2025-04-25,2024-03-31
300339,润和软件,0.03,770144153.04,4.4892253545,-18.4539,25631620.06,-29.4,-60.9451,4.28502585705,0.76,-0.283811564891,24.5946768384,IT服务Ⅱ,2025-04-25,2024-03-31
300333,兆日科技,-0.0143,27602975.37,-18.5676738459,-30.9328,-4810892.52,76.39,80.8841,1.874208535565,-0.76,-0.026629144821,46.4948007161,计算机设备,2025-04-25,2024-03-31
300328,宜安科技,0.0013,380449483.23,-0.2975975807,-20.9601,911986.3,292.35,152.5331,1.583094222069,0.08,0.078002537819,11.4547036679,工业金属,2025-04-25,2024-03-31
300324,旋极信息,-0.0278,467425586.58,-16.4322341086,-64.2501,-47974091.61,-9.45,64.5609,1.795146703042,-1.54,-0.123201494987,21.0096938592,计算机设备,2025-04-25,2024-03-31
300323,华灿光电,-0.07,828575837.99,107.5067298802,-9.7529,-107449827.35,13.24,61.2529,4.591883739535,-1.44,-0.143197562885,-4.0996718686,光学光电子,2025-04-25,2024-03-31
300319,麦捷科技,0.0714,676301646.8,0.6514932366,-12.0736,62045344.25,32.48,-27.8042,4.883582776952,1.47,0.017401120807,18.7863838808,元件,2025-04-25,2024-03-31
300294,博雅生物,0.3,448452537.26,-44.3557661196,-2.8442,152024886.81,-10.74,167.0889,14.817638402478,2.06,0.245655964597,67.7874859885,生物制品,2025-04-25,2024-03-31
300293,蓝英装备,-0.0019,280327634.81,-3.7815279852,-21.0634,-635338.92,5.88,96.1461,2.585030273689,-0.07,-0.085438057735,26.951159689,专用设备,2025-04-25,2024-03-31
300289,利德曼,-0.005,94624115.26,-12.5069067139,-22.0658,-2705087.82,-132.61,67.9083,3.198346038068,-0.16,0.015647339006,53.3144951384,医疗器械,2025-04-25,2024-03-31
300288,朗玛信息,0.0187,79459636.01,-25.4752294961,-29.0615,6320115.93,-70.28,-60.8162,4.786909372146,0.39,0.003482892339,34.3908505528,IT服务Ⅱ,2025-04-25,2024-03-31
300283,温州宏丰,-0.03,540918607.53,-1.0637916805,-22.4304,-12836796.76,-430.27,49.6748,1.882582481204,-1.36,-0.123913494673,10.6234934055,电网设备,2025-04-25,2024-03-31
300281,金明精机,0.011,108906403.43,2.956592248,-0.2378,4508763.02,315.75,193.992,3.058568131854,0.35,-0.031538843027,16.582242514,专用设备,2025-04-25,2024-03-31
300268,佳沃食品,-0.5054,1027931125.62,-29.4597491384,-0.2123,-88041963.16,42.0,82.376,-6.134985571527,-34.23,-0.625076537773,-4.5133002381,农产品加工,2025-04-25,2024-03-31
300259,新天科技,0.0128,162745146.38,-9.9462461202,-53.5941,14694272.1,-68.28,-81.0707,2.45568542545,0.51,0.028818520141,44.9880863968,通用设备,2025-04-25,2024-03-31
300256,星星科技,-0.01,226250082.84,48.3829211823,-7.8109,-26093468.44,59.66,89.6901,0.654016402281,-1.75,0.001021497657,13.2422732376,消费电子,2025-04-25,2024-03-31
300253,卫宁健康,0.0077,494492405.71,10.0895563687,-60.8313,16620407.26,126.16,-91.9171,2.620989114324,0.29,-0.050436706464,33.8525107741,软件开发,2025-04-25,2024-03-31
300247,融捷健康,0.0259,176333541.57,11.4207222907,13.5614,20825834.91,86.12,2227.7961,1.287196452537,1.92,0.066585086698,31.0116941469,其他家电Ⅱ,2025-04-25,2024-03-31
300246,宝莱特,0.0137,266864471.78,-22.550503314,10.1469,3627075.29,-86.65,102.8016,4.733721612254,0.28,-0.093391584261,27.3638875917,医疗器械,2025-04-25,2024-03-31
300243,瑞丰高材,0.04,488073467.7,18.8078846259,6.2381,9777527.22,-44.71,-49.2244,4.295017033421,0.85,-0.26629011237,14.3039106651,塑料,2025-04-25,2024-03-31
300241,瑞丰光电,0.011,329213934.72,7.7661244738,-0.0696,7540249.97,147.87,127.5165,3.049296636254,0.36,0.044991262061,23.1874832288,光学光电子,2025-04-25,2024-03-31
300235,方直科技,0.04,29958096.69,8.4833348599,-9.4013,9770450.57,-16.2,103.6442,2.819254707973,1.38,0.01520424271,84.1798608936,软件开发,2025-04-25,2024-03-31
300223,北京君正,0.1812,1007095092.34,-5.8038617984,-9.3547,87259945.64,-23.9,-48.3163,24.522760400286,0.74,-0.126141006036,37.4460275041,半导体,2025-04-25,2024-03-31
300212,*ST易录,-0.2576,194299599.36,-47.4050361039,211.9077,-186347573.27,-259.35,86.2011,4.714002892057,-5.32,-0.138930746905,14.7423757663,IT服务Ⅱ,2025-04-25,2024-03-31
300204,舒泰神,-0.01,94983395.63,46.0895644896,5.8619,-3769395.63,92.26,98.2379,2.153925503507,-0.37,-0.035648473425,83.7216299992,化学制药,2025-04-25,2024-03-31
300200,高盟新材,0.12,324650017.18,33.481971127,24.8622,52666311.15,40.64,111.8082,3.568144917134,3.39,0.03983750375,28.8918795769,化学制品,2025-04-25,2024-03-31
300183,东软载波,0.0159,206350278.07,43.40878203,-40.5197,7357427.5,-46.27,249.1081,6.795747061174,0.23,0.048848515848,35.7541965536,通信设备,2025-04-25,2024-03-31
300182,捷成股份,0.0442,675993698.48,0.9323906255,-14.7405,117283882.83,-25.73,552.2126,3.02249993179,1.47,0.077874239724,29.1536389722,影视院线,2025-04-25,2024-03-31
300181,佐力药业,0.203,672899096.57,35.7478399292,40.9233,142415333.77,46.14,48.2398,4.081905655368,5.09,0.024333844066,66.6773858914,中药Ⅱ,2025-04-25,2024-03-31
300171,东富龙,0.085,1108769112.04,-22.0745193105,-15.7886,64664107.55,-72.01,284.1616,10.438194979448,0.82,0.265734384539,30.2289429928,医疗器械,2025-04-25,2024-03-31
300144,宋城演艺,0.0963,559586448.27,138.6974805605,81.3377,251687818.52,317.33,128.0582,2.869817399104,3.41,0.132803509022,68.7487777142,旅游及景区,2025-04-25,2024-03-31
300134,大富科技,-0.08,532925656.6,2.6447836631,-23.2172,-61389239.11,-202.66,59.2754,5.689548356117,-1.4,0.10042068663,19.7526216005,通信设备,2025-04-25,2024-03-31
300120,经纬辉开,0.0548,766420152.22,-4.1782449181,-14.52,31493077.29,56.47,108.7692,5.182712706614,1.08,0.016210086232,13.2530773761,光学光电子,2025-04-25,2024-03-31
300105,龙源技术,0.0264,140360770.77,128.2741340752,-72.7361,13539814.73,318.8,-89.1019,3.785618670725,0.7,0.025547021844,27.4253857034,其他电源设备Ⅱ,2025-04-25,2024-03-31
300101,振芯科技,0.0281,139079930.56,-27.6236578218,-41.2257,15842500.33,-68.87,122.348,3.068266170923,0.92,-0.112182391196,58.8638425547,军工电子Ⅱ,2025-04-25,2024-03-31
300097,智云股份,0.03,81132673.92,-26.3195033345,-1.6144,7225300.91,126.3,121.0822,2.193511753916,1.15,0.081672734444,24.9675369506,自动化设备,2025-04-25,2024-03-31
300074,华平股份,-0.057,35799827.58,-63.2791160451,-83.1294,-30220572.76,-1059.36,-232.9085,1.935748554417,-2.89,-0.124491927775,49.5572471134,软件开发,2025-04-25,2024-03-31
300073,当升科技,0.2179,1516723369.72,-67.6744117835,-41.2933,110386383.04,-74.36,-74.4883,26.034228852175,0.84,-0.291784388507,14.8854945508,电池,2025-04-25,2024-03-31
300070,碧水源,0.0252,1820967527.46,6.1293020813,-48.8922,91377739.87,89.74,-75.1008,7.582823445686,0.33,0.032974428208,25.9995814851,环境治理,2025-04-25,2024-03-31
300067,安诺其,0.0046,200888555.27,17.7110094228,-8.2386,5182484.19,168.8,-70.0419,2.248111443626,0.21,-0.018496994434,16.8412997766,化学制品,2025-04-25,2024-03-31
300058,蓝色光标,0.0331,15781722837.14,61.4729081713,-3.2058,82324743.81,-44.65,148.0438,3.105267617984,1.08,-0.547687469288,2.9413086658,广告营销,2025-04-25,2024-03-31
300052,中青宝,-0.042,74875676.96,18.2421657099,18.9037,-10994764.29,-750.35,79.6997,1.788137258677,-2.3,0.040275310262,23.8744360195,IT服务Ⅱ,2025-04-25,2024-03-31
300048,合康新能,0.0099,698842872.66,110.7051180162,40.1075,11031215.13,1566.4,105.9684,1.517285230527,0.66,0.038569232644,16.6874573316,自动化设备,2025-04-25,2024-03-31
300040,九洲集团,0.04,317971664.79,11.3172637675,-22.2455,24070389.55,-29.64,13.1825,4.823929201589,0.83,-0.065101164168,22.4368085619,电力,2025-04-25,2024-03-31
300033,同花顺,0.19,618822422.15,1.4748395331,-48.0793,103866228.77,-15.03,-83.5615,11.614569355171,1.41,-0.093933570406,82.5386509437,软件开发,2025-04-25,2024-03-31
300030,阳普医疗,-0.01,141154613.58,-10.9793828497,-18.0397,-3190876.0,-123.4,95.1937,2.328385898238,-0.44,0.051749386743,38.9014588453,医疗器械,2025-04-25,2024-03-31
300017,网宿科技,0.0572,1120044803.07,-4.1316170948,-5.753,138476684.06,45.96,-26.1041,4.021386024782,1.42,0.099933025091,33.3139755488,IT服务Ⅱ,2025-04-25,2024-03-31
300016,北陆药业,0.0235,207506078.84,10.3540385598,-13.8616,11526165.0,-8.35,115.6395,3.152130606218,0.7,0.071847004924,55.6128488693,化学制药,2025-04-25,2024-03-31
300015,爱尔眼科,0.0976,5196134001.26,3.4975130501,20.2813,899476291.54,15.16,406.4162,2.10986084284,4.67,0.138387904147,48.2931172262,医疗服务,2025-04-25,2024-03-31
300014,亿纬锂能,0.52,9317321354.65,-16.7021477962,-29.7058,1065713845.72,-6.49,70.3002,17.502171648339,3.02,-0.856118589279,17.2259215876,电池,2025-04-25,2024-03-31
300013,新宁物流,-0.004,120538869.16,19.89559158,19.8421,-1940358.26,78.99,98.2573,-0.310349036305,,-0.018090329357,20.320071833,物流,2025-04-25,2024-03-31
200869,张裕B,0.23,810827748.0,-28.337860921,-48.7965,158946802.0,-42.57,47.2803,15.892286322135,1.46,-0.094396811309,59.1777448643,非白酒,2025-04-25,2024-03-31
200581,苏威孚B,0.56,2903412685.96,-7.6629388186,5.5426,549126314.07,32.39,6.5821,19.882892651084,2.79,0.004577339123,18.53098459,汽车零部件,2025-04-25,2024-03-31
200541,粤照明B,0.0545,2517243351.93,14.753270331,11.3685,83714220.74,26.42,62.0301,4.105545393997,1.32,0.049934642954,18.1767804996,照明设备Ⅱ,2025-04-25,2024-03-31
200028,一致B,0.7,19090480767.9,2.1601483249,1.0526,388770710.07,7.33,-5.0834,31.988315787068,2.21,-1.139391950925,10.860825531,医药商业,2025-04-25,2024-03-31
200026,飞亚达B,0.1828,1065150876.0,-11.2444955446,2.178,75499096.3,-26.83,11.6518,8.197187993391,2.24,-0.002322338205,36.3384985518,饰品,2025-04-25,2024-03-31
200025,特力B,0.0818,758317502.5,123.1405557988,21.1081,35247571.82,39.46,-20.8815,3.802623799838,2.17,-0.053593507742,8.4392360969,综合Ⅱ,2025-04-25,2024-03-31
003039,顺控发展,0.0818,404752277.13,34.6024525163,5.8847,50529360.25,73.33,-14.9582,4.250317798927,1.94,0.168658790576,44.2499236644,环境治理,2025-04-25,2024-03-31
003031,中瓷电子,0.26,547989957.54,-6.6341180377,-28.6754,82573664.41,-4.38,-43.631,17.711283912042,1.46,0.786293414445,33.3669689534,通信设备,2025-04-25,2024-03-31
003030,祖名股份,0.08,380991172.96,17.2591355305,-8.4033,9705935.81,3.93,32.0012,8.420018899744,0.92,-0.054578531335,24.7845156743,农产品加工,2025-04-25,2024-03-31
003013,地铁设计,0.26,611922851.78,1.1755159807,-14.2396,104089282.07,3.41,-28.5581,6.357712868303,4.19,-1.278592410715,35.9054755139,工程咨询服务Ⅱ,2025-04-25,2024-03-31
003010,若羽臣,0.0751,372228772.95,31.68271599,-30.7261,12821237.6,86.4,-37.6445,8.584570939318,1.01,0.993022947152,24.6471442422,互联网电商,2025-04-25,2024-03-31
003007,直真科技,-0.14,55132682.88,19.870422183,-76.8249,-14465701.59,44.03,-111.5687,8.315742510769,-1.66,-0.099705290192,66.7265553539,软件开发,2025-04-25,2024-03-31
003002,壶化股份,0.07,177923141.56,-13.6404356483,-49.8591,13740590.23,28.17,-72.677,6.44362874925,1.06,-0.0526996571,37.7366534119,化学制品,2025-04-25,2024-03-31
002996,顺博合金,0.09,2900630883.87,29.766822955,-22.8367,51719737.08,2.2,26.2545,7.057379924436,1.99,-0.421933436649,3.4302138912,工业金属,2025-04-25,2024-03-31
002985,北摩高科,0.22,240048930.35,-23.711789341,39.8905,73411283.08,-45.63,156.0536,8.037971118258,2.28,-0.184826067037,62.6332665181,航空装备Ⅱ,2025-04-25,2024-03-31
002979,雷赛智能,0.18,381495312.07,21.2124575505,5.5061,54590237.18,53.66,17.9222,4.456301965947,4.05,-0.091346064486,36.9211792579,自动化设备,2025-04-25,2024-03-31
002976,瑞玛精密,0.02,313400777.15,-7.0634475371,-18.2746,2247014.89,-90.65,134.7544,6.837298769935,0.34,-0.299215498764,21.5647298116,汽车零部件,2025-04-25,2024-03-31
002971,和远气体,0.15,357060149.66,-11.9673148873,-34.6087,30166104.08,-1.49,33.2873,8.276699997813,2.31,-0.22252607875,22.9561707707,化学制品,2025-04-25,2024-03-31
002970,锐明技术,0.31,502013459.71,37.1902080808,8.3906,53126909.58,120.74,158.0249,8.263277609488,3.72,0.559230655886,42.2172682785,计算机设备,2025-04-25,2024-03-31
002969,嘉美包装,0.05,726781340.66,-8.8190776774,-23.0201,47985293.07,101.47,-49.7142,2.342667143371,1.97,0.27778521506,16.3713119371,包装印刷,2025-04-25,2024-03-31
002967,广电计量,0.0021,587715589.51,7.8233107449,-36.5163,1197322.32,145.74,-98.2028,6.250556368568,0.03,0.007360439346,38.6586991932,专业服务,2025-04-25,2024-03-31
002958,青农商行,0.18,3026912000.0,13.2984931274,44.4702,1094399000.0,10.14,328.8523,6.068766439443,2.97,0.852659569585,,银行Ⅱ,2025-04-25,2024-03-31
002957,科瑞技术,0.0816,544322804.39,2.1095378812,-38.077,33574644.29,13.19,6927.5812,7.051802261391,1.16,0.127592826603,36.699944507,自动化设备,2025-04-25,2024-03-31
002953,日丰股份,0.0941,912111557.3,3.0917332772,2.5959,33069061.32,14.46,-9.9036,5.085179383451,1.87,-0.119402351998,11.4317203971,电网设备,2025-04-25,2024-03-31
002952,亚世光电,0.05,148200170.25,-22.7887834291,18.8218,7750454.47,-54.4,148.7033,5.292239022149,0.89,-0.002718736157,14.6635713059,光学光电子,2025-04-25,2024-03-31
002949,华阳国际,0.0158,228871288.67,-11.1054556908,-49.524,3103282.39,-25.13,-86.1535,7.499460957277,0.2,-0.483744851947,17.6023454729,工程咨询服务Ⅱ,2025-04-25,2024-03-31
002946,新乳业,0.1,2613794646.22,3.6606565994,-6.4294,89748175.0,46.93,79.6869,2.867098801326,3.5,-0.008738435208,29.3805178934,饮料乳品,2025-04-25,2024-03-31
002943,宇晶股份,0.1482,355227905.37,73.2927870087,-8.3954,30219664.46,70.0,49.6307,8.586606345184,2.27,-0.005678381134,22.1001068619,通用设备,2025-04-25,2024-03-31
002937,兴瑞科技,0.24,499540195.82,4.063101836,-3.7694,72583841.99,40.13,-5.8744,4.988559508341,4.63,0.028561401284,28.8492348055,汽车零部件,2025-04-25,2024-03-31
002927,泰永长征,0.07,219388783.26,1.604209167,-3.6454,15211073.36,5.17,225.3861,4.634337802995,1.48,-0.034025103742,31.1069875661,电网设备,2025-04-25,2024-03-31
002926,华西证券,0.05,647567514.65,-42.55,9.3187,126334550.14,-68.6,143.8276,8.7204308144,0.55,-0.448862979699,,证券Ⅱ,2025-04-25,2024-03-31
002925,盈趣科技,0.07,764187779.9,-12.302650369,-15.0851,55611763.22,-30.63,-52.4532,6.437015076146,1.11,0.168359171025,27.5794632554,消费电子,2025-04-25,2024-03-31
002913,奥士康,0.35,976846448.25,-2.9179009612,-11.6817,111592429.0,-15.03,42.8753,13.306020189204,2.68,0.235700711768,25.6535830466,元件,2025-04-25,2024-03-31
002910,庄园牧场,-0.23,225276881.74,-9.9609231344,-6.4663,-44627732.79,-808.01,30.2817,6.176867096063,-3.59,0.04106633894,8.7749742438,饮料乳品,2025-04-25,2024-03-31
002907,华森制药,0.0966,228392771.39,21.7841336858,29.5586,40351252.07,34.05,434.1482,3.971061582694,2.46,0.021208750516,60.6626074445,中药Ⅱ,2025-04-25,2024-03-31
002900,哈三联,0.06,246819438.23,-27.8616863633,-6.6236,18789452.77,-52.02,38.778,6.832850560123,0.87,-0.113036259389,57.0610368737,化学制药,2025-04-25,2024-03-31
002897,意华股份,0.51,1528852107.75,63.1848430612,0.3214,86678459.92,456.11,297.2238,13.270452738733,4.89,0.038927797457,17.7988385057,通信设备,2025-04-25,2024-03-31
002892,科力尔,0.0175,344246470.3,15.7583943607,5.3709,10862320.42,-76.07,25.6081,2.897619675316,0.85,0.07080460191,19.9797335671,电机Ⅱ,2025-04-25,2024-03-31
002890,弘宇股份,0.0312,105836261.27,-13.4902995252,32.3679,5304573.03,-11.75,-10.6619,4.557418595703,0.89,-0.217104915775,13.5038812771,专用设备,2025-04-25,2024-03-31
002888,惠威科技,-0.0222,43657070.0,-3.8909952079,-31.5328,-3269897.38,-200.94,51.2473,2.603802654044,-0.84,0.018271328148,35.064487264,消费电子,2025-04-25,2024-03-31
002873,新天药业,0.0673,177321934.57,-15.0577529476,-0.5578,15571957.55,-37.94,327.64,4.29853353775,1.45,0.089007017655,77.8312119449,中药Ⅱ,2025-04-25,2024-03-31
002864,盘龙药业,0.3,210115513.5,-6.8740972561,-20.5899,31147203.65,44.46,18.3018,14.873790995772,1.99,0.597269391244,61.9446315419,中药Ⅱ,2025-04-25,2024-03-31
002861,瀛通通讯,-0.05,161946180.25,34.1948916503,-20.3094,-8027844.04,58.04,83.3311,5.303867908238,-0.96,-0.055884525959,18.3436900729,消费电子,2025-04-25,2024-03-31
002826,易明医药,0.15,160425522.45,-6.4196302574,24.6137,27899079.55,233.58,428.1676,3.929311621676,3.71,0.28182901854,60.2502620866,化学制药,2025-04-25,2024-03-31
002800,天顺股份,0.0251,171518930.6,-46.0933965794,1.152,3829143.7,536.72,106.4167,4.756274546781,0.74,0.04759542987,7.6336874911,物流,2025-04-25,2024-03-31
002799,环球印务,0.07,450203926.44,11.1724758361,20.9508,22838254.18,-20.5,108.6044,4.302883907012,1.43,0.093118204224,14.0716056901,包装印刷,2025-04-25,2024-03-31
002796,世嘉科技,-0.03,197718656.43,-15.9625978361,-31.5586,-8559566.2,-67.74,-393.0639,3.348039622457,-1.01,-0.421222029947,9.0018692982,通信设备,2025-04-25,2024-03-31
002790,瑞尔特,0.1401,523377253.44,32.2960153568,-18.0064,58554382.85,47.15,37.0215,5.120700512166,2.78,0.09184113874,28.8501987061,家居用品,2025-04-25,2024-03-31
002779,中坚科技,0.2349,272420405.96,41.6199769605,40.6031,31006236.25,35.19,2317.519,5.518518866515,4.35,0.436261307045,27.264934078,专用设备,2025-04-25,2024-03-31
002767,先锋电子,0.0285,101302385.32,22.5861432915,-44.3317,4270304.4,89.69,123.8475,5.4344223952,0.53,-0.200636545733,32.1102413899,通用设备,2025-04-25,2024-03-31
002760,凤形股份,0.03,140336217.54,-15.1657188261,-17.8645,2976547.98,-78.03,107.1085,8.379280916654,0.33,-0.527018234111,19.6145212067,通用设备,2025-04-25,2024-03-31
002745,木林森,0.12,3999219660.97,-1.9734822016,-16.4754,181433905.81,28.88,129.0672,9.25949092,1.32,0.202043477209,30.2840466747,光学光电子,2025-04-25,2024-03-31
002738,中矿资源,0.3513,1126629911.71,-45.6311576224,11.7878,256150429.61,-76.63,85.5051,16.995692492329,2.08,-0.070962088119,38.0670214063,能源金属,2025-04-25,2024-03-31
002737,葵花药业,0.44,1518181069.65,-14.0095019827,3.6237,255183288.86,-37.17,-4.7667,8.597869513408,5.22,0.349812624914,56.7663356518,中药Ⅱ,2025-04-25,2024-03-31
002718,友邦吊顶,0.01,129580759.29,-29.3507364509,-54.8244,1588394.24,-84.22,122.3737,8.036625499307,0.15,-0.539200706921,26.3201202454,装修建材,2025-04-25,2024-03-31
002715,登云股份,0.0352,123387837.02,-1.3206184198,-14.0893,4855950.97,159.02,-59.6044,3.037704767536,1.17,0.078714525725,26.8049881648,汽车零部件,2025-04-25,2024-03-31
002714,牧原股份,-0.44,26272049758.43,8.5698100955,-5.8082,-2378911751.33,-98.56,1.7365,11.007533204248,-3.86,0.927073044907,-2.5004982841,养殖业,2025-04-25,2024-03-31
002676,顺威股份,0.0233,633153787.63,19.2125515889,6.4563,16767852.5,38.43,252.8845,1.677591376486,1.41,0.043393423639,17.5521050148,家电零部件Ⅱ,2025-04-25,2024-03-31
002670,国盛证券,0.0119,424271487.38,3.67,-15.6952,23006699.32,-49.07,129.6314,5.67066396455,0.21,-0.572171728872,,证券Ⅱ,2025-04-25,2024-03-31
002659,凯文教育,-0.01,77054293.64,12.9277929514,22.6829,-3538176.41,66.66,85.3151,3.672788802165,-0.16,-0.043650226814,26.7156500145,教育,2025-04-25,2024-03-31
002655,共达电声,0.0477,258867589.26,25.0632311034,500.5866,17174769.41,60.57,-21.5411,1.716488266686,2.78,-0.031055540847,28.4844793127,消费电子,2025-04-25,2024-03-31
002654,万润科技,0.0137,916163173.52,-2.0436722032,17.1433,11621420.47,198.43,156.482,1.751754200576,0.76,-0.088927359504,11.0323863861,光学光电子,2025-04-25,2024-03-31
002653,海思科,0.08,752133790.48,20.6030733807,-22.5508,91955910.47,219.86,-2.5575,3.856433201863,2.17,0.052957203006,68.7753428801,化学制药,2025-04-25,2024-03-31
002648,卫星化学,0.3,8804715234.95,-6.9454158201,-16.9787,1022615451.76,46.55,-26.7282,7.874007488627,3.93,0.196155367229,21.6595701919,化学原料,2025-04-25,2024-03-31
002643,万润股份,0.11,937891413.16,-9.1878705541,-16.9805,98313865.07,-44.32,-47.5831,7.642006431384,1.39,0.287322097025,41.5689158563,电子化学品Ⅱ,2025-04-25,2024-03-31
002606,大连电瓷,0.02,171219229.81,0.4865686004,-41.3452,10853165.85,-47.66,-20.5592,3.524783530129,0.7,-0.414945236756,27.0797914939,电网设备,2025-04-25,2024-03-31
002590,万安科技,0.04,815303322.86,7.0342765031,-33.8927,20717618.84,1890.93,-81.7517,4.773983391963,0.91,-0.022566062271,16.4797416388,汽车零部件,2025-04-25,2024-03-31
002561,徐家汇,0.0264,134635731.57,-11.1365227256,-4.3129,10968696.68,-45.08,-67.7379,5.448833029057,0.49,0.010770065374,59.0048920176,一般零售,2025-04-25,2024-03-31
002549,凯美特气,-0.1087,142970415.21,2.5580447478,-6.3747,-75595178.0,-747.0,-631.6473,2.752663773288,-3.86,0.03704516671,16.1263189284,化学制品,2025-04-25,2024-03-31
002544,普天科技,0.0236,1083091036.09,-11.3976877877,-31.2936,16110493.17,-26.16,156.2616,5.485409685016,0.43,-0.417768864019,16.5867693614,通信服务,2025-04-25,2024-03-31
002534,西子洁能,0.35,1151530624.66,-25.7920934711,-53.7224,257671454.04,949.51,3360.5407,5.375987801301,6.4,-0.491496329625,18.6271752966,其他电源设备Ⅱ,2025-04-25,2024-03-31
002531,天顺风能,0.0826,1053701807.45,-22.674736237,-20.1813,148375883.3,-24.83,97.0631,5.028361810929,1.66,0.278060521892,29.9825726174,风电设备,2025-04-25,2024-03-31
002519,银河电子,0.0834,284479310.77,-9.967602626,-0.5945,93994432.59,49.7,56.4458,2.901992544846,2.92,-0.07721653579,35.6541875912,地面兵装Ⅱ,2025-04-25,2024-03-31
002518,科士达,0.21,831113421.96,-40.7503264145,-39.388,124003525.61,-46.91,-19.3254,7.427532554103,2.89,-0.086336170732,33.0331976317,其他电源设备Ⅱ,2025-04-25,2024-03-31
002511,中顺洁柔,0.07,1845195779.79,-10.450987226,-38.0327,95450061.57,6.72,-42.9523,4.175421823041,1.73,-0.108266832042,34.5178605076,个护用品,2025-04-25,2024-03-31
002495,佳隆股份,0.0021,54754095.78,-19.8136602829,-2.5688,1965654.31,226.86,111.8604,1.198030369691,0.18,-0.049250037291,25.9962308705,调味发酵品Ⅱ,2025-04-25,2024-03-31
002484,江海股份,0.162,1051101283.76,-11.119335665,-1.4648,136908045.59,-11.32,-14.1779,6.603560649192,2.46,0.122760919639,23.5827283374,元件,2025-04-25,2024-03-31
002468,申通快递,0.13,10131807728.97,15.8729143815,-12.5613,190286496.6,43.2,59.0259,5.863362125247,2.14,0.371404180375,5.879866785,物流,2025-04-25,2024-03-31
002463,沪电股份,0.2694,2584035431.0,38.3381673035,-9.5179,514812001.0,157.03,-7.9799,5.409437879934,5.12,0.466553399487,33.4907977119,元件,2025-04-25,2024-03-31
002461,珠江啤酒,0.0546,1108275494.33,7.0473183345,34.0493,120950775.85,39.37,706.7665,4.561722289459,1.21,0.034443164677,42.1326900115,非白酒,2025-04-25,2024-03-31
002456,欧菲光,0.0049,4646012486.09,72.3282463805,-23.1265,15910403.3,104.44,-95.7715,1.053785217956,0.47,-0.100869688523,10.4905027061,光学光电子,2025-04-25,2024-03-31
002448,中原内配,0.15,835174939.33,20.5477063847,5.4387,88886416.28,8.24,79.0361,5.843077293502,2.62,0.086233159186,25.6064410603,汽车零部件,2025-04-25,2024-03-31
002443,金洲管道,0.0944,1036943121.98,-16.6025661359,-25.6213,49141031.95,-21.86,-12.2071,6.542296447493,1.45,-0.178391183545,12.8440916148,特钢Ⅱ,2025-04-25,2024-03-31
002436,兴森科技,0.01,1388466963.69,10.9216040748,1.2378,24822701.22,230.82,19.6025,3.087437638713,0.47,0.043568762266,17.0702076368,元件,2025-04-25,2024-03-31
002429,兆驰股份,0.0916,4106096108.72,11.1361148599,-8.3436,414605058.76,8.25,30.9694,3.361268425212,2.76,0.209011104605,17.7754999587,黑色家电,2025-04-25,2024-03-31
002420,毅昌科技,0.1346,571889151.2,12.3731007482,13.9177,53942074.7,401.2,131.3368,1.306954267581,10.15,-0.105610575212,11.5925234446,综合Ⅱ,2025-04-25,2024-03-31
002418,康盛股份,0.0021,552386493.79,9.097246025,-16.6315,2348643.32,-66.02,135.3102,1.343367642036,0.15,0.016771994069,9.7439661044,家电零部件Ⅱ,2025-04-25,2024-03-31
002399,海普瑞,0.1057,1373251921.93,5.5518089188,-0.6574,155040262.39,133.0,116.7353,8.221735806658,1.29,0.600051904823,34.4948806497,化学制药,2025-04-25,2024-03-31
002395,双象股份,0.0696,426747982.78,47.9373047909,4.4681,18671839.34,183.21,125.4811,3.48128957343,2.02,-0.49257034406,12.3097567346,塑料,2025-04-25,2024-03-31
002394,联发股份,0.0629,1251864004.85,18.6413749577,33.0526,20344570.78,-67.55,232.4257,12.072794514736,0.52,0.41384016089,14.9711326952,纺织制造,2025-04-25,2024-03-31
002393,力生制药,0.23,364845897.95,8.7131207002,51.0997,59155623.68,27.22,208.7168,26.941644199805,1.2,0.436565868395,52.8179082217,化学制药,2025-04-25,2024-03-31
002386,天原股份,0.005,3007712076.36,-19.451327549,8.1034,6553724.58,-89.21,-53.7346,6.17812456158,0.08,-0.157592324486,4.0243610677,化学原料,2025-04-25,2024-03-31
002380,科远智慧,0.1783,367062306.35,30.0775626398,-9.7122,42800632.68,322.18,-39.1317,8.390884335271,2.18,-0.306777744379,38.3747531913,IT服务Ⅱ,2025-04-25,2024-03-31
002376,新北洋,-0.0283,409778011.83,5.2365914159,-35.0454,-18136280.5,49.43,-171.0556,4.510335587395,-0.58,-0.039661225619,29.0512015172,计算机设备,2025-04-25,2024-03-31
002363,隆基机械,0.03,538750514.69,0.1477584956,-11.6343,14521796.56,4.65,369.5779,5.10049935082,0.68,0.20421097925,8.8328125046,汽车零部件,2025-04-25,2024-03-31
002361,神剑股份,0.0075,501584533.02,-7.6188871531,-29.882,7164872.57,9.9,892.8932,2.417767003413,0.31,-0.099680182706,11.5983460474,塑料,2025-04-25,2024-03-31
002358,森源电气,0.04,571169684.93,11.1815244775,-29.5966,38221934.1,184.15,402.6746,3.444251001431,1.2,0.00651476631,23.7970257799,电网设备,2025-04-25,2024-03-31
002357,富临运业,0.1619,211841097.88,7.0098563776,-2.6383,50744972.14,1.78,725.7203,4.817776673536,3.42,-0.100909354897,20.3725482647,铁路公路,2025-04-25,2024-03-31
002354,天娱数科,0.008,369821532.83,-22.000969743,-8.5948,13306635.57,30.09,101.209,0.916302134784,0.88,-0.02136321951,29.2149693322,广告营销,2025-04-25,2024-03-31
002351,漫步者,0.1229,679056643.53,25.0785412991,-18.3261,109308076.99,43.44,-23.0996,2.976306327439,4.21,0.103045135591,39.3037353442,消费电子,2025-04-25,2024-03-31
002318,久立特材,0.34,2388748998.9,42.3043260178,-1.0606,328132793.36,40.95,-13.7996,7.521955521447,4.51,0.004551068886,27.0019134366,特钢Ⅱ,2025-04-25,2024-03-31
002298,中电鑫龙,0.0446,492840033.06,-0.129476354,-31.9794,31984647.09,221.3,106.7263,4.904869287731,0.89,0.091641700329,25.5968358144,电网设备,2025-04-25,2024-03-31
002296,辉煌科技,0.2095,207337378.89,58.2880242749,-28.9641,80886049.37,239.4,51.0441,5.456784234536,3.97,0.014424471795,65.7598351633,通信设备,2025-04-25,2024-03-31
002293,罗莱生活,0.1072,1087786557.33,-12.2573158291,-30.2921,89493457.44,-49.47,-42.7729,5.192116005954,2.09,0.115369671097,43.5491816973,服装家纺,2025-04-25,2024-03-31
002287,奇正藏药,0.1838,365098756.48,23.3719052815,-54.3007,97460837.34,5.06,-51.4381,6.948825622939,2.59,-0.360879029469,81.3670483335,中药Ⅱ,2025-04-25,2024-03-31
002284,亚太股份,0.082,1021772905.28,16.1603382545,-11.8006,60591198.68,58.61,18710.1599,3.851409941617,2.15,-0.069880870047,16.0790012126,汽车零部件,2025-04-25,2024-03-31
002276,万马股份,0.0662,3801393459.76,23.6132090114,12.5585,66500620.78,-27.49,-13.897,5.29514581352,1.22,-0.832784511431,12.5744510785,电网设备,2025-04-25,2024-03-31
002273,水晶光电,0.13,1345269521.66,53.4117773395,-11.8887,178582799.91,92.49,9.9596,6.319851241459,2.05,0.286252008898,24.0009928101,光学光电子,2025-04-25,2024-03-31
002261,拓维信息,0.0049,812565157.58,16.7117689827,-36.5908,6052257.58,-85.53,121.8137,2.043639304518,0.24,-0.229220994526,15.0904465723,软件开发,2025-04-25,2024-03-31
002258,利尔化学,0.0598,1390838501.23,-43.0506791822,-24.5825,47841792.27,-82.59,8.9065,9.429494322445,0.64,-0.310383443447,19.8023729359,农化制品,2025-04-25,2024-03-31
002248,华东数控,0.02,80516987.57,14.8295084821,52.258,5400535.46,13.64,120.7878,0.218004654636,8.43,0.018806322432,21.0045608764,通用设备,2025-04-25,2024-03-31
002243,力合科创,-0.0298,443974526.56,-20.9639886292,-41.415,-36091015.26,-171.92,-192.8738,5.875952860206,-0.51,-0.136169708161,16.4131706327,化妆品,2025-04-25,2024-03-31
002239,奥特佳,0.012,1643799734.25,17.3827366911,-12.4818,39172576.73,11.64,286.1174,1.720008098551,0.7,0.026358126308,10.787050641,汽车零部件,2025-04-25,2024-03-31
002229,鸿博股份,-0.0508,154764165.57,7.5866191484,-2.432,-25063921.54,-37.33,-13.1471,3.063932171423,-1.63,-0.087592203826,15.5287806396,IT服务Ⅱ,2025-04-25,2024-03-31
002215,诺普信,0.4581,1826962263.49,35.7602569961,72.2696,454314295.21,108.03,1120.9929,4.16748357625,11.35,0.434551015665,45.7774995764,农化制品,2025-04-25,2024-03-31
002213,大为股份,-0.0118,320978361.63,201.9471665323,51.6903,-2788422.19,-442.68,91.2564,2.553134992371,-0.46,-0.117601666259,3.234577028,半导体,2025-04-25,2024-03-31
002210,飞马国际,0.0024,62213442.68,-16.5946787528,-12.6382,6274120.04,994.43,63.7663,0.108640734142,2.19,0.008768046515,28.65245555,环境治理,2025-04-25,2024-03-31
002209,达意隆,0.0437,227783531.94,79.2848139344,-39.2346,8530312.97,187.2,851.1617,3.275503762591,1.32,0.433103868154,23.2758906882,专用设备,2025-04-25,2024-03-31
002200,交投生态,0.0191,106091801.25,-11.4984232459,-71.0498,3525201.98,134.56,-88.4619,0.214376978279,9.37,0.212449095976,14.2806577337,基础建设,2025-04-25,2024-03-31
002182,宝武镁业,0.0612,1863609853.69,10.0285914197,-10.7808,60719308.87,19.94,-38.6621,7.525707266685,1.15,0.260669867254,11.8730794142,小金属,2025-04-25,2024-03-31
002157,正邦科技,-0.01,1441845444.21,-36.0772241971,19.5532,-48804484.37,95.86,-100.4301,1.170283124573,-0.45,-0.030401511948,14.2702363042,养殖业,2025-04-25,2024-03-31
002151,北斗星通,-0.09,280076459.38,-71.7043085914,-70.2358,-46253700.51,-329.28,-133.7917,10.213118149814,-0.83,-0.191280898306,33.0806769427,军工电子Ⅱ,2025-04-25,2024-03-31
002132,恒星科技,-0.0014,1126087026.6,20.7147130741,-12.4619,-1951776.57,57.64,-209.823,2.631086093645,-0.05,0.028118055997,8.7276966396,通用设备,2025-04-25,2024-03-31
002127,南极电商,0.0199,714599958.16,16.991890461,14.325,47742806.03,33.92,68.6932,1.890354200335,1.04,-0.17187719281,14.8860405819,互联网电商,2025-04-25,2024-03-31
002124,天邦食品,0.2717,2050233784.89,-5.6908586277,-30.8149,603731515.18,190.95,145.8224,1.269594549069,23.97,-0.810146790685,-3.9950939885,养殖业,2025-04-25,2024-03-31
002122,ST汇洲,-0.0019,229148799.4,15.1560475992,32.5554,-3814853.41,-106.81,-124.5809,1.13831398323,-0.17,-0.024708918421,22.4309241613,通用设备,2025-04-25,2024-03-31
002119,康强电子,0.05,430415845.94,11.0983789404,-8.4829,18799551.18,-2.74,-9.7357,3.501560762782,1.44,-0.031961787899,12.0470831149,半导体,2025-04-25,2024-03-31
002092,中泰化学,-0.0687,7780206220.3,-27.331311603,13.9127,-177036382.43,43.61,89.684,8.696428826169,-0.78,0.301635125207,13.638716251,化学原料,2025-04-25,2024-03-31
002074,国轩高科,0.04,7507913610.08,4.6107360107,-23.5991,69137964.65,-8.56,-89.3059,13.724051720313,0.27,0.04040560794,16.5365837795,电池,2025-04-25,2024-03-31
002072,凯瑞德,0.0038,141830905.81,98.190600751,17.1271,1380801.77,272.29,-40.2757,0.148488712141,2.56,0.003411263272,4.2827936445,贸易Ⅱ,2025-04-25,2024-03-31
002069,獐子岛,-0.0099,369003989.45,-2.5200386428,-6.8739,-7011978.43,-34.7,56.7871,0.095014491694,-9.41,0.032789839925,12.943436826,渔业,2025-04-25,2024-03-31
002068,黑猫股份,0.0051,2384891152.51,8.0983426953,-10.2674,3753861.2,103.61,-81.536,4.079057582388,0.12,0.102475675049,4.8540508018,橡胶,2025-04-25,2024-03-31
002063,远光软件,0.0048,460242638.79,0.8366870285,-44.3726,9145437.17,16.47,-95.2695,1.80326299597,0.27,-0.12819795951,60.9618777516,软件开发,2025-04-25,2024-03-31
002053,云南能投,0.3874,974669481.64,44.8253696305,3.3909,356687076.07,94.82,136.4984,7.864155759807,5.05,0.335340120559,54.3894274711,电力,2025-04-25,2024-03-31
002051,中工国际,0.09,2362767576.32,-15.2728603527,-37.5971,116946703.51,0.67,910.1226,9.140252310243,1.03,-0.561577922909,20.2726332946,专业工程,2025-04-25,2024-03-31
002043,兔宝宝,0.11,1482677481.07,33.366129398,-55.4989,88547928.3,18.81,-61.8908,3.81838454915,2.76,-1.050162356264,17.7726883037,装修建材,2025-04-25,2024-03-31
002037,保利联合,-0.137,986954541.4,-16.0161802153,-44.876,-66391753.98,-81.12,90.9933,3.913429170025,-3.46,-0.658718642534,19.3993830727,化学制品,2025-04-25,2024-03-31
002032,苏泊尔,0.589,5378308516.37,8.3751719506,-9.4079,469544886.2,7.23,-42.5702,8.445755665592,7.14,1.292942915512,23.8084086917,小家电,2025-04-25,2024-03-31
002025,航天电器,0.49,1613746590.12,-9.4676682219,60.2676,225504083.74,2.68,45.4326,14.26547578882,3.53,-0.80238122199,40.2992986589,军工电子Ⅱ,2025-04-25,2024-03-31
001387,雪祺电气,0.1056,436226478.75,-0.8781065197,-34.4465,17575297.77,-4.68,-60.569,8.677061198815,2.95,0.04508355177,11.4009122308,白色家电,2025-04-25,2024-03-31
001379,腾达科技,0.0874,412034215.24,-3.582098712,10.5153,17487113.32,-42.5,60.2854,7.1881478246,2.66,-0.4263518185,7.6859115284,通用设备,2025-04-25,2024-03-31
001376,百通能源,0.11,286940837.68,-1.9907139018,-3.6422,49531548.82,81.22,60.7404,2.263175647017,4.87,0.16324142686,29.4912392409,电力,2025-04-25,2024-03-31
001323,慕思股份,0.36,1201254080.49,25.497084159,-32.2499,141248934.69,39.48,-50.2493,11.748156368941,3.03,-0.058392577911,50.1503819154,家居用品,2025-04-25,2024-03-31
001319,铭科精技,0.1443,206756177.89,12.0996409885,-20.7557,20409927.23,13.28,-33.2655,8.839538364498,1.64,0.055902446605,28.9720449088,汽车零部件,2025-04-25,2024-03-31
001298,好上好,0.0233,1566097845.13,27.7027729375,12.0936,4711521.93,9.48,470.082,10.970275330814,0.31,-2.484625889601,4.5002003259,其他电子Ⅱ,2025-04-25,2024-03-31
001279,强邦新材,0.1491,333432475.04,,-10.9159,17897655.1,,-22.0144,,3.13,,11.4745896498,包装印刷,2025-04-25,2024-03-31
001268,联合精密,0.15,173210748.04,2.6865400633,9.0841,15992187.34,-0.54,1.3105,9.29165433952,1.61,0.285537543944,20.5931345102,家电零部件Ⅱ,2025-04-25,2024-03-31
001259,利仁科技,0.169,123153528.88,-18.8530947223,9.0361,12434952.95,-28.09,181.5749,10.402558344678,1.62,0.217269680988,30.4560709475,小家电,2025-04-25,2024-03-31
001230,劲旅环境,0.24,378107953.08,11.8872946054,-9.7946,31971650.72,-0.13,-17.4517,16.028742590626,1.8,0.082147367992,23.3176092282,环境治理,2025-04-25,2024-03-31
001211,双枪科技,0.15,305326900.5,53.7365283584,-8.6359,10725123.74,412.5,236.6547,12.055293453611,1.23,-0.55257656875,33.4548307708,家居用品,2025-04-25,2024-03-31
000988,华工科技,0.29,2203528213.61,-17.3111980472,-27.6797,290969791.55,-5.92,48.5837,9.400721395462,3.14,-0.138280656812,23.8895339696,自动化设备,2025-04-25,2024-03-31
000972,中基健康,0.0078,119254852.12,-20.4897045006,-48.756,5982705.03,-64.56,-90.8278,0.271585305293,2.9,0.019638222195,18.5898360326,农产品加工,2025-04-25,2024-03-31
000970,中科三环,-0.0812,1651964882.7,-25.4313671339,-14.8922,-98739954.97,-197.63,-290.5599,5.341810856641,-1.51,0.139232834064,9.6135470084,金属新材料,2025-04-25,2024-03-31
000968,蓝焰控股,0.16,570572885.68,-0.1146779339,-8.0737,159512840.71,-32.52,34.9658,6.025111512469,2.77,0.145369804534,43.2072695246,油气开采Ⅱ,2025-04-25,2024-03-31
000967,盈峰环境,0.05,2998009860.25,12.2346300501,-17.6516,172498196.39,10.31,264.8675,5.447312730535,0.98,-0.104724343377,22.857219008,环保设备Ⅱ,2025-04-25,2024-03-31
000963,华东医药,0.4929,10410809128.72,2.9292291183,1.7749,862411560.96,14.18,32.7167,12.514905733499,4.01,-0.276187116073,32.0283656864,化学制药,2025-04-25,2024-03-31
000923,河钢资源,0.3678,1611445272.34,41.3577499253,-14.3907,240082820.87,27.94,-2.2838,14.710043223285,2.55,1.409773443085,67.0369191379,冶钢原料,2025-04-25,2024-03-31
000922,佳电股份,0.16,1152883301.91,-4.5718985987,-49.5131,92984843.82,-15.68,-20.0638,5.516863546205,2.87,-0.478734495668,20.9839669886,电机Ⅱ,2025-04-25,2024-03-31
000920,沃顿科技,0.0721,335125944.26,2.8197143039,-37.5174,34098070.09,19.65,27.1118,3.884741631075,1.88,0.146155294504,35.9707801782,塑料,2025-04-25,2024-03-31
000902,新洋丰,0.274,3334772187.16,-24.5229783694,3.7411,343921552.52,-15.83,58.9926,7.853452185567,3.53,-0.917421461043,17.9749912389,农化制品,2025-04-25,2024-03-31
000885,城发环境,0.3472,1357171283.48,-10.74262632,-20.7922,222924876.82,-27.33,12.9852,12.03132619425,2.93,0.478077645785,41.9723639428,环境治理,2025-04-25,2024-03-31
000883,湖北能源,0.12,5205536997.96,27.1899257195,22.9771,779683328.22,150.98,2443.0463,5.068344248663,2.39,0.355402320693,28.4127017353,电力,2025-04-25,2024-03-31
000878,云南铜业,0.2253,31538978108.1,4.9108759889,-13.425,451486916.95,-5.64,637.9419,7.085683603867,3.21,-3.069458061101,4.139314405,工业金属,2025-04-25,2024-03-31
000869,张裕A,0.23,810827748.0,-28.337860921,-48.7965,158946802.0,-42.57,47.2803,15.892286322135,1.46,-0.094396811309,59.1777448643,非白酒,2025-04-25,2024-03-31
000856,冀东装备,0.0181,596479791.34,-19.2801743442,-4.259,4115934.95,781.66,-64.3711,1.824865585947,1.0,-0.895135952687,7.6517320557,专用设备,2025-04-25,2024-03-31
000823,超声电子,0.0321,1266125837.69,-0.3271705613,-8.5568,17242856.07,17.17,-73.8662,8.402487513634,0.37,0.186906676887,15.83589082,元件,2025-04-25,2024-03-31
000818,航锦科技,0.07,1626762691.36,97.7005382417,50.6332,50604570.31,304.92,40.7732,5.432415111079,1.39,-0.163268931159,11.8212455382,化学原料,2025-04-25,2024-03-31
000812,陕西金叶,0.034,329943173.34,14.4779931082,-1.7745,26161576.43,36.51,1175.6204,2.362065363828,1.45,-0.116213867134,28.4007573248,包装印刷,2025-04-25,2024-03-31
000798,中水渔业,-0.0806,998940498.68,12.8836719891,-20.7828,-29498669.41,-4.6889966932,77.4592,1.192483270454,-6.61,-0.899790213332,6.2798869245,渔业,2025-04-25,2024-03-31
000788,北大医药,0.0739,493957274.92,-0.9529730155,-8.2418,44046906.13,163.66,2557.3823,2.459958661661,3.05,-0.068120011676,30.2862230229,化学制药,2025-04-25,2024-03-31
000786,北新建材,0.487,5943893516.11,24.6218837169,10.5489,821978143.33,38.11,7.0345,14.340575637387,3.46,-0.015165816934,28.6481356203,装修建材,2025-04-25,2024-03-31
000782,恒申新材,-0.0109,771772899.19,28.51332969,-2.0849,-7490616.82,53.56,88.0267,2.678514179181,-0.6,-0.509283129601,5.1884859253,化学纤维,2025-04-25,2024-03-31
000767,晋控电力,-0.2177,4616809029.16,-15.795975777,2.4179,-508120404.84,-260.05,-28.824,1.829330910179,-12.46,-0.138255334316,-4.0825950493,电力,2025-04-25,2024-03-31
000762,西藏矿业,0.0454,147774688.94,64.1266834405,-40.0761,23672747.97,36.07,-53.3456,5.578940399556,0.82,0.053875346501,53.501584674,能源金属,2025-04-25,2024-03-31
000757,浩物股份,-0.0275,937249805.84,33.8480257906,-17.6636,-14675325.76,19.4,80.2968,2.968051359646,-0.92,0.16295936572,10.7064010539,汽车服务,2025-04-25,2024-03-31
000755,山西高速,0.0577,330107463.73,-16.8173826279,-29.8285,84637064.86,-34.77,12.1712,3.432347272328,1.69,0.162651604331,53.4052910673,铁路公路,2025-04-25,2024-03-31
000752,*ST西发,0.003,89677463.76,-0.7039485727,-1.4566,777863.33,102.74,-97.1811,0.426113384005,0.69,0.049308712492,33.0515820667,非白酒,2025-04-25,2024-03-31
000751,锌业股份,0.0008,3283148518.34,-29.0141192306,46.7092,1358454.89,-93.96,-96.6485,2.216928718059,0.04,0.144007375826,2.993376045,工业金属,2025-04-25,2024-03-31
000729,燕京啤酒,0.0364,3586956685.47,1.7237209179,99.5907,102590178.9,58.9,132.9521,4.948587023033,0.74,0.317409248271,37.1836645815,非白酒,2025-04-25,2024-03-31
000709,河钢股份,0.01,29749544329.24,-6.5986769375,9.8111,159058190.27,-37.58,-42.9627,4.970873629105,0.19,0.304187077539,9.3870176785,普钢,2025-04-25,2024-03-31
000683,博源化工,0.15,3095236776.76,23.6288828279,-18.1037,569084807.32,-12.7,693.4552,3.797252007378,4.12,0.11182134401,47.1306397263,化学原料,2025-04-25,2024-03-31
000677,ST海龙,0.0121,276590169.58,15.5857317984,7.0052,10444659.35,14.06,59.6259,0.545886945705,2.24,0.045712895881,17.8407877312,化学纤维,2025-04-25,2024-03-31
000672,上峰材料,0.02,909084583.66,-34.6119280661,-40.183,14596921.24,-91.54,-66.6345,9.136981529323,0.16,0.011057097885,22.3562363715,水泥,2025-04-25,2024-03-31
000657,中钨高新,0.1,3276403898.03,7.1818891607,-6.9383,214030035.95,-35.97,-62.2341,4.183905249177,2.95,-0.303286020358,20.3944515532,小金属,2025-04-25,2024-03-31
000639,ST西王,0.0471,1298340202.88,-8.6009268638,-3.7232,50857341.46,220.4,319.5778,3.142211258667,1.51,-0.094227097322,25.4191589375,食品加工,2025-04-25,2024-03-31
000635,英力特,-0.23,409627887.28,5.0412514091,-19.9358,-69840485.1,54.43,63.4596,5.042688601417,-4.46,-0.734315049789,-8.0422805412,化学原料,2025-04-25,2024-03-31
000619,海螺新材,-0.0373,1051369802.17,-3.0819825718,-30.8665,-15443900.81,20.18,3.2823,6.080588379146,-0.63,-0.237061884025,8.3907652072,装修建材,2025-04-25,2024-03-31
000605,渤海股份,0.0505,597278239.35,4.9217150403,-8.745,17806974.79,30.27,76.5142,6.119995802654,0.84,0.093762031778,19.4288421601,环境治理,2025-04-25,2024-03-31
000581,威孚高科,0.56,2903412685.96,-7.6629388186,5.5426,549126314.07,32.39,6.5821,19.882892651084,2.79,0.004577339123,18.53098459,汽车零部件,2025-04-25,2024-03-31
000565,渝三峡A,0.03,68657332.74,-39.3079336387,-44.2922,11208866.51,164.68,159.9674,2.886582167734,0.9,-0.078840689877,24.548939767,化学制品,2025-04-25,2024-03-31
000563,陕国投A,0.0719,714644500.25,18.3543877369,-20.1825,367597039.98,10.03,46.857,3.413510595344,2.13,-0.041272466738,,多元金融,2025-04-25,2024-03-31
000557,西部创业,0.0578,328131551.61,-13.1208560623,-29.6341,84313918.08,6.27,84.8604,4.065471724892,1.43,0.136281724957,32.633135023,铁路公路,2025-04-25,2024-03-31
000554,泰山石油,0.0386,841907657.64,3.1365892953,-11.2188,18536572.62,144.28,61.2673,1.996936714021,1.94,0.442015821422,10.240572167,炼化及贸易,2025-04-25,2024-03-31
000541,佛山照明,0.0545,2517243351.93,14.753270331,11.3685,83714220.74,26.42,62.0301,4.105545393997,1.32,0.049934642954,18.1767804996,照明设备Ⅱ,2025-04-25,2024-03-31
000532,华金资本,0.3152,98119183.49,17.951513411,-21.3545,108644509.69,640.61,274.4464,4.234783554265,7.73,0.397662059845,42.3573738506,多元金融,2025-04-25,2024-03-31
000503,国新健康,-0.0412,47915544.2,-14.0778026876,-71.6835,-40381786.35,7.94,-240.4419,1.402413805358,-2.88,-0.102058503063,-17.4530963587,软件开发,2025-04-25,2024-03-31
000420,吉林化纤,0.0085,917186291.94,23.7402684366,-6.4412,20983645.38,73.74,194.1125,1.782821994675,0.48,0.023054068044,15.8616218721,化学纤维,2025-04-25,2024-03-31
000159,国际实业,0.0171,704830050.21,-66.816612434,241.8558,8215910.59,71.47,-64.4525,5.098584380282,0.34,0.171791757639,6.381204531,炼化及贸易,2025-04-25,2024-03-31
000153,丰原药业,0.1011,1120669012.93,-7.0843591989,6.5915,47010852.21,2.14,179.4696,5.842611607764,2.46,0.047519237953,25.7016245276,化学制药,2025-04-25,2024-03-31
000089,深圳机场,0.0461,1128431433.08,24.4478716338,0.4974,94577796.94,187.67,-59.365,5.465904627027,0.85,0.288774672912,20.8540107916,航空机场,2025-04-25,2024-03-31
000068,华控赛格,-0.023,172079806.37,62.8445378089,-47.9407,-23150791.09,12.33,-108.7025,0.67133408205,-3.29,-0.012334170496,2.0554809159,环境治理,2025-04-25,2024-03-31
000059,华锦股份,-0.3133,9449291127.62,-5.2660924095,-28.2582,-501122128.76,-0.66,-208.3952,8.628155262229,-3.57,-2.572904627201,8.4803752229,炼化及贸易,2025-04-25,2024-03-31
000048,京基智农,0.1034,1257759871.54,-81.1236020011,-49.471,54125149.43,-95.56,-88.9168,7.384301090781,1.39,-0.352160339239,22.6306466107,养殖业,2025-04-25,2024-03-31
000032,深桑达A,0.015,15375565844.38,18.9476649652,-12.7002,17054946.08,130.15,-97.1548,5.695105167098,0.26,-1.680292877038,10.2094865205,专业工程,2025-04-25,2024-03-31
000028,国药一致,0.7,19090480767.9,2.1601483249,1.0526,388770710.07,7.33,-5.0834,31.988315787068,2.21,-1.139391950925,10.860825531,医药商业,2025-04-25,2024-03-31
000026,飞亚达,0.1828,1065150876.0,-11.2444955446,2.178,75499096.3,-26.83,11.6518,8.197187993391,2.24,-0.002322338205,36.3384985518,饰品,2025-04-25,2024-03-31
000025,特力A,0.0818,758317502.5,123.1405557988,21.1081,35247571.82,39.46,-20.8815,3.802623799838,2.17,-0.053593507742,8.4392360969,综合Ⅱ,2025-04-25,2024-03-31
920914,远航精密,0.12,171884028.62,-15.0625769289,-3.9984,11967392.03,-11.84,298.1992,8.7139843751,1.38,0.150908508,14.7035139233,电池,2025-04-24,2024-03-31
920856,浩淼科技,-0.07,33073047.98,-58.196812062,-79.3701,-6351674.18,-206.33,-28.0502,5.00839557241,-1.44,0.347755123589,17.2390662434,专用设备,2025-04-24,2024-03-31
920726,朱老六,0.12,75529161.44,11.2621858207,37.0214,11882594.9,3.01,368.0744,4.433915329114,2.66,0.330766649789,28.4159871112,调味发酵品Ⅱ,2025-04-24,2024-03-31
920718,合肥高科,0.22,268085106.42,31.97886786,-6.7763,20364812.9,47.65,24.7279,5.771263772146,3.97,0.092965282623,12.8463014376,家电零部件Ⅱ,2025-04-24,2024-03-31
920580,科创新材,0.05,18534621.71,-6.5019224762,-44.3191,4398778.98,-10.78,107.9552,3.898883849186,1.32,-0.08573808093,34.6172053058,装修建材,2025-04-24,2024-03-31
920242,建邦科技,0.2,142666426.48,29.4739584547,-12.8378,12482060.05,32.81,-35.9454,8.050415845658,2.44,0.268114246058,27.9962432406,汽车零部件,2025-04-24,2024-03-31
920033,康普化学,0.19,66502822.36,-41.8900937336,-31.6038,22427349.07,-34.71,-36.5087,7.568526600431,3.29,-0.124329418992,46.2830228067,化学制品,2025-04-24,2024-03-31
920002,万达轴承,0.53,85539514.88,-0.5549250338,4.6814,14259847.88,31.5209340083,104.9996,20.050265915,2.7,-0.051448913581,32.1500416136,通用设备,2025-04-24,2024-03-31
832743,福能租赁,-0.009,15682127.52,-9.2226828866,-7.2247,-2662882.15,39.83,81.2123,0.4664251524,-1.89,-0.012684195967,-4.6241290863,,2025-04-24,2024-03-31
688676,金盘科技,0.22,1304779778.59,0.5993236642,-31.1303,94639572.62,8.57,-44.787,7.595881271146,2.83,-0.772089485973,25.2103302908,电网设备,2025-04-24,2024-03-31
688630,芯碁微装,0.3,198053937.73,26.2579566619,-35.0737,39760352.02,18.66,-34.684,15.554558460177,1.94,-0.261278535524,38.0779106663,专用设备,2025-04-24,2024-03-31
688578,艾力斯,0.68,742835715.09,168.6512448189,10.808,306052559.16,777.51,30.9328,9.6017729114,7.37,0.811678925733,95.4335426069,化学制药,2025-04-24,2024-03-31
688517,金冠电气,0.15,128722055.86,49.8213681541,-39.4082,20566411.46,129.88,-36.7235,5.872975039803,2.54,-0.002605992479,36.1871195879,电网设备,2025-04-24,2024-03-31
688432,有研硅,0.045,234682549.22,-9.0704677019,37.9832,56384833.25,-26.99,76.1873,3.343419226185,1.35,0.020657379574,31.9428335934,半导体,2025-04-24,2024-03-31
688398,赛特新材,0.17,223438030.41,46.3878316479,-9.9453,28668808.18,152.12,6.5752,9.029789261207,2.46,0.248283716552,34.5640604593,化学制品,2025-04-24,2024-03-31
688373,盟科药业,-0.16,33016131.56,91.0995453181,46.7118,-102136623.67,-81.8600320463,42.1865,1.132171467587,-12.96,-0.153741211025,82.40407693,化学制药,2025-04-24,2024-03-31
688312,燕麦科技,0.06,71503948.64,36.1581377501,-39.8072,8313771.84,507.26,-64.4688,9.289727106803,0.62,0.288462386323,48.8370863346,专用设备,2025-04-24,2024-03-31
688273,麦澜德,0.366,104336800.77,-4.386149188,107.1456,36286016.09,12.04,614.2378,13.620534774498,2.68,0.040337183164,74.0540765289,医疗器械,2025-04-24,2024-03-31
688238,和元生物,-0.066,59574128.09,93.4766609821,-12.1464,-42170292.32,-32.8479307939,25.8072,3.114723551329,-2.09,-0.096600411981,-21.0442278921,医疗服务,2025-04-24,2024-03-31
688151,华强科技,0.04,121337392.45,-36.7541397822,-42.1761,14146460.31,-17.38,164.847,12.145517118084,0.34,-0.248150473266,21.3205659423,医疗器械,2025-04-24,2024-03-31
688112,鼎阳科技,0.19,103844597.71,1.6191776457,-22.3986,30374251.24,-15.33,-16.1846,10.005876963557,1.93,0.10850984264,63.0985560298,通用设备,2025-04-24,2024-03-31
688111,金山办公,0.79,1225297495.19,16.5350688179,-4.6909,367017201.69,37.31,-13.5341,22.383638811084,3.62,0.332263177331,84.7998569359,软件开发,2025-04-24,2024-03-31
688073,毕得医药,0.29,262669977.5,4.0458857164,-8.4301,26074943.0,-29.39,781.3598,22.504114961588,1.27,0.529994904215,38.8900000001,医疗服务,2025-04-24,2024-03-31
688022,ST瀚川,0.07,267027199.05,46.8090575532,122.3746,12049122.07,128.12,111.2478,10.046447998788,0.68,-0.310110952843,28.2216807007,专用设备,2025-04-24,2024-03-31
688008,澜起科技,0.2,737262933.17,75.7363325345,-3.0647,223408387.27,1032.86,2.8809,8.935260729256,2.17,0.310871923281,57.704046627,半导体,2025-04-24,2024-03-31
688004,博汇科技,-0.09,29542523.38,-26.4459897608,-57.8432,-7476610.9,-190.848205704,28.6379,11.673575912324,-1.12,-0.41731308169,43.7719267365,IT服务Ⅱ,2025-04-24,2024-03-31
605183,确成股份,0.29,522690068.89,25.9044775262,7.1848,122337624.54,45.64,13.89,7.259219247052,4.06,0.256057670313,31.0168708532,橡胶,2025-04-24,2024-03-31
605003,众望布艺,0.21,115141007.23,9.6754834213,-9.418,23465305.36,35.48,-90.8713,12.932765956455,1.66,0.199422876455,36.1387212784,服装家纺,2025-04-24,2024-03-31
603601,再升科技,0.0317,340070227.8,-9.8863891779,-12.9059,32364876.56,-2.75,140.8953,2.084393386663,1.46,0.029115059345,21.1561147665,专业工程,2025-04-24,2024-03-31
603585,苏利股份,-0.02,485475339.84,-12.0631431696,1.9584,-3118389.83,-114.085216669,80.7605,13.099302084082,-0.13,-0.522668668866,12.485686379,农化制品,2025-04-24,2024-03-31
603579,荣泰健康,0.37,400613890.42,3.8616887151,-28.0706,62741790.01,67.31,23.089,14.461929640395,3.14,-1.082000412781,35.4958592102,其他家电Ⅱ,2025-04-24,2024-03-31
603516,淳中科技,0.03,74791042.96,3.7445971695,-53.7323,5991241.75,149.7447581218,1.6109,6.310001593204,0.49,0.014206483759,55.5292316116,计算机设备,2025-04-24,2024-03-31
603444,吉比特,3.52,927265003.93,-18.9715761243,5.6015,253363007.32,-17.35,-4.6827,65.328890885218,5.53,3.200541502968,89.2440948696,游戏Ⅱ,2025-04-24,2024-03-31
603320,迪贝电气,0.11,234677094.05,17.400811972,-9.251,14303342.96,156.32,-18.9236,6.119992681842,1.72,0.285677355717,15.053655766,电机Ⅱ,2025-04-24,2024-03-31
603296,华勤技术,0.6,16228944864.97,-3.5169279171,-20.6548,605553229.57,2.59,-16.2305,29.380307828416,2.87,1.364123604818,13.779868455,消费电子,2025-04-24,2024-03-31
603271,永杰新材,0.45,1668653677.69,,-10.2965,66567847.47,,-19.9725,,4.79,,8.7018905781,工业金属,2025-04-24,2024-03-31
603260,合盛硅业,0.45,5415872264.25,-5.4598063302,-19.1355,527835068.25,-47.36,20.4482,27.511781127878,1.63,-2.19436932954,22.9114045579,化学制品,2025-04-24,2024-03-31
603101,汇嘉时代,0.0803,704956270.94,-4.667374595,17.2857,37778985.41,-58.07,5655.1694,3.182094876594,2.55,0.139262962394,33.502849725,一般零售,2025-04-24,2024-03-31
603088,宁波精达,0.1218,182901643.08,17.2260638562,-9.2281,53323240.83,40.97,25.5256,1.785282719655,7.07,0.008150081901,55.0828696415,通用设备,2025-04-24,2024-03-31
601808,中海油服,0.1332,10147976009.0,20.0055300377,-30.4999,635514312.0,57.3,-14.1014,8.871053070548,1.5,-0.174983785286,16.3996723733,油服工程,2025-04-24,2024-03-31
601568,北元化工,0.004,2182374862.21,-14.0364547957,-16.2278,16189802.26,-88.23,128.1166,2.975422832529,0.14,0.026946635542,10.9390169427,化学原料,2025-04-24,2024-03-31
600987,航民股份,0.122,3126781470.74,31.8251203267,34.0606,128089566.02,3.64,-45.1384,5.999304006334,2.05,0.175127789755,14.8590615276,纺织制造,2025-04-24,2024-03-31
600970,中材国际,0.25,10287841906.11,2.7395638957,-28.0024,636393596.21,3.08,-30.3708,7.459713274676,3.28,-0.449608725658,19.482940678,专业工程,2025-04-24,2024-03-31
600968,海油发展,0.0493,9207086965.3,-3.4717003605,-48.0252,501339525.58,21.44,-46.4243,2.474487392695,2.0146,-0.10290785506,11.8813667361,油服工程,2025-04-24,2024-03-31
600927,永安期货,0.05,4338090650.68,-19.1150532516,-13.7685,77963439.71,-62.58,-54.0033,8.569586657811,0.63,-7.982767974677,,多元金融,2025-04-24,2024-03-31
600917,重庆燃气,-0.03,2702817109.29,4.3345618854,-11.0423,-51443242.45,-1.76,-122.9202,3.3982683779,-0.96,-0.064866921303,2.2859941521,燃气Ⅱ,2025-04-24,2024-03-31
600874,创业环保,0.16,1080278097.48,10.6122653274,-23.0085,251596411.36,21.0,23.3441,5.968966861052,2.72,-0.034364373772,40.1739143543,环境治理,2025-04-24,2024-03-31
600812,华北制药,0.011,2557512113.04,-3.8564234503,19.2024,18152447.09,234.89,178.6408,3.108918342653,0.34,0.330519753445,30.5918449035,化学制药,2025-04-24,2024-03-31
600744,华银电力,0.004,2195753717.94,-17.5206258604,6.6609,7608512.33,107.2114726151,103.6759,0.594485413117,0.45,0.349623887046,7.3476465458,电力,2025-04-24,2024-03-31
600688,上海石化,0.008,21282263000.0,-3.1656461693,-8.0854,84061000.0,151.5262777212,112.2461,2.303606474706,0.338,-0.066509122293,16.6466836727,炼化及贸易,2025-04-24,2024-03-31
600292,电投水电,0.04,840740749.02,4.4834174183,-37.7259,31648687.71,5.87,191.3308,6.613746013422,0.61,0.084829167719,16.7936467829,电力,2025-04-24,2024-03-31
600216,浙江医药,0.11,2249164467.2,12.0138007349,17.2889,109649638.31,-3.44,-14.5372,10.092417159626,1.13,0.024011555947,32.9166687949,化学制药,2025-04-24,2024-03-31
600176,中国巨石,0.0875,3382461403.67,-7.8642740809,-1.9668,350293847.52,-61.97,-5.461,7.243071320656,1.22,-0.047808191409,20.133457845,玻璃玻纤,2025-04-24,2024-03-31
600135,乐凯胶片,-0.04,353923072.11,-35.8387334228,-42.2034,-19664836.1,-453.67,60.7841,4.472555845429,-0.7915,-0.265669966996,12.7207972912,塑料,2025-04-24,2024-03-31
400069,吉恩5,-0.04,761881786.2,-40.3562327644,-7.1945,-29443669.69,-130.76,42.5123,3.787977015666,-0.99,-0.415382644987,5.409578652,,2025-04-24,2024-03-31
301633,港迪技术,-0.01,64316325.7,,-68.2477,-530698.1,,-100.9502,,-0.14,,43.0380049835,自动化设备,2025-04-24,2024-03-31
301631,壹连科技,1.23,781678939.11,32.2532175281,-23.237,60244574.91,7.9667359209,-27.2852,,5.76,,17.0416975378,汽车零部件,2025-04-24,2024-03-31
301613,新铝时代,0.61,370715516.67,-23.4617863461,-6.8042,43629219.65,1.6993385812,23.2416,,5.92,,25.2769169636,汽车零部件,2025-04-24,2024-03-31
301607,富特科技,0.24,259843873.08,,-40.8211,19977557.15,,2191.2985,,3.38,,33.1351948805,汽车零部件,2025-04-24,2024-03-31
301586,佳力奇,0.4014,107403963.58,,-3.9481,24981851.79,,103.1638,,2.92,,34.7448972516,航空装备Ⅱ,2025-04-24,2024-03-31
301565,中仑新材,0.16,564434000.38,18.6622845443,-14.1868,55137809.45,-16.81,28.391,4.867355422294,3.39,0.072542499265,17.2967892658,塑料,2025-04-24,2024-03-31
301560,众捷汽车,0.15,212837112.06,19.1056279684,,13644324.53,-26.5964540217,,,3.18,,23.8359553834,汽车零部件,2025-04-24,2024-03-31
301552,科力装备,0.71,128006433.1,37.2253358664,-12.9272,36346192.06,60.93,-14.063,11.212433375686,6.57,0.478078647059,41.9200098546,汽车零部件,2025-04-24,2024-03-31
301539,宏鑫科技,0.12,222724987.75,14.1235155973,-16.0445,12939905.5,3.03,-42.9274,4.081401888919,2.89,0.333551718108,13.5429183204,汽车零部件,2025-04-24,2024-03-31
301525,儒竞科技,0.46,293904416.36,-18.2906175601,-13.9392,43141239.53,-1.83,167.8816,32.874869951224,1.4,0.69780121204,23.4393618998,通用设备,2025-04-24,2024-03-31
301509,金凯生科,0.19,124332621.75,-41.8706142547,-31.2143,16741205.71,-58.83,-38.83,25.448069876868,0.77,0.86639171828,39.3945018617,医疗服务,2025-04-24,2024-03-31
301468,博盈特焊,0.22,123774661.84,-2.307588762,1.4459,28408457.95,-6.59,28.704,17.748113166212,1.22,0.639072677424,33.1282193225,通用设备,2025-04-24,2024-03-31
301439,泓淋电力,0.11,635415651.21,3.9796783165,8.1965,43865992.98,6.72,-24.0093,7.28889265493,1.55,-0.863673090762,12.8099882534,电网设备,2025-04-24,2024-03-31
301392,汇成真空,0.1349,71703899.62,1.2171554884,-46.3685,10119067.14,55.15,-64.3054,6.1707964736,2.21,0.0541344084,36.0404932325,专用设备,2025-04-24,2024-03-31
301378,通达海,-0.28,85132414.84,0.2937231782,-63.5644,-19296959.0,-447.79,-129.7727,20.684837441884,-1.34,-1.245623906812,30.6723634577,软件开发,2025-04-24,2024-03-31
301373,凌玮科技,0.27,101152000.27,2.0518449334,-11.8219,29534549.09,18.01,-16.198,14.079980535638,1.95,0.182315594432,47.3409873479,化学制品,2025-04-24,2024-03-31
301368,丰立智能,0.04,98625884.61,17.9808531364,-12.3964,4590201.26,-42.74,183.2006,8.115883519401,0.47,-0.001849713822,12.2967993118,通用设备,2025-04-24,2024-03-31
301362,民爆光电,0.49,348801232.63,-0.1813559872,-10.5426,50904481.37,13.53,15.7597,24.787988615458,1.96,0.393039623292,30.9111994981,照明设备Ⅱ,2025-04-24,2024-03-31
301353,普莱得,0.22,183480002.29,15.7937269207,-8.7195,16956221.49,10.64,4.6523,16.723646819079,1.32,0.058926682895,35.7597319169,通用设备,2025-04-24,2024-03-31
301323,新莱福,0.35,190176764.71,15.7537051869,-8.3353,36289201.26,28.38,8.8607,19.100951615706,1.8,0.14271015724,38.4748931404,金属新材料,2025-04-24,2024-03-31
301303,真兰仪表,0.16,270763240.95,1.174215852,-15.1154,63998586.38,29.27,-47.9248,10.767165990959,2.06,-0.131915576404,42.5417246137,通用设备,2025-04-24,2024-03-31
301292,海科新源,-0.28,858562189.19,11.0470770111,0.658,-61435934.03,-296.73,-94.8817,13.758865991002,-1.99,-0.71314005257,0.2201492954,电池,2025-04-24,2024-03-31
301291,明阳电气,0.28,1034407508.01,46.347985804,-37.121,89803040.84,104.3,-49.8115,13.766685593049,2.11,-0.573212619283,22.5458199853,电网设备,2025-04-24,2024-03-31
301285,鸿日达,0.04,150785710.88,30.1330289212,-30.0695,4399035.52,154.33,-32.9931,5.03334943117,0.41,0.063562015919,26.3162462401,消费电子,2025-04-24,2024-03-31
301270,汉仪股份,-0.0237,43176073.47,-0.5256536362,-25.2624,-2368528.02,-135.11,-151.867,10.3335568608,-0.22,-0.0841927279,78.0171587243,软件开发,2025-04-24,2024-03-31
301229,纽泰格,0.2849,232384281.72,27.3555310301,-14.0758,22794033.73,55.97,11.261,11.021246502841,2.32,0.365002974846,26.0689609218,汽车零部件,2025-04-24,2024-03-31
301228,实朴检测,-0.1354,76280907.92,8.05837749,-38.4878,-16246587.11,19.99,34.548,6.484500153,-2.03,-0.0510694065,29.1356079601,专业服务,2025-04-24,2024-03-31
301223,中荣股份,0.21,547888199.67,-3.3868896979,-27.5056,41283922.38,-18.73,-12.9714,14.998473882184,1.42,0.723751642593,20.6802407039,包装印刷,2025-04-24,2024-03-31
301203,国泰环保,0.41,82193114.53,3.457395128,11.7682,33102284.91,7.29,28.2992,18.35392982575,2.28,-0.00563416925,50.5330189974,环境治理,2025-04-24,2024-03-31
301195,北路智控,0.28,225391558.59,24.7955534622,-24.4723,36582852.45,-13.64,-40.4482,17.502977893617,1.6,0.243674396491,40.1336878967,软件开发,2025-04-24,2024-03-31
301187,欧圣电气,0.2491,325917299.2,33.7960694345,-14.1231,42783012.63,126.69,-14.6353,8.196697154727,1.29,0.304785653434,39.5745560228,小家电,2025-04-24,2024-03-31
301182,凯旺科技,-0.0705,124099895.76,23.3141410865,-27.9159,-6750779.94,-2.16,72.0709,9.416719712341,-0.75,-0.374054246794,3.7298556874,计算机设备,2025-04-24,2024-03-31
301181,标榜股份,0.28,125105750.88,-1.0181841263,-21.5585,32669606.79,4.95,-11.8236,12.308213578462,2.29,0.299701571795,34.5686881105,汽车零部件,2025-04-24,2024-03-31
301179,泽宇智能,0.07,141238108.03,-23.7052808886,-72.0202,22792378.6,-42.44,-81.019,9.838295832057,0.69,0.274260045074,28.7924604041,电网设备,2025-04-24,2024-03-31
301150,中一科技,-0.28,962460407.95,29.0492463526,2.0969,-50188839.58,-212.31,-278.564,27.19612515668,-1.37,-2.988956983709,0.3510897562,电池,2025-04-24,2024-03-31
301141,中科磁业,0.0457,114021195.92,0.3387084845,2.0792,4044476.11,-69.13,-59.6084,14.358917614479,0.32,-0.121395094118,5.999989664,金属新材料,2025-04-24,2024-03-31
301138,华研精机,0.1149,116125287.1,9.7385217383,-46.6339,13791811.37,-25.97,-46.8559,9.078046097917,1.27,0.027212792667,40.029531673,专用设备,2025-04-24,2024-03-31
301117,佳缘科技,-0.17,16303006.1,-67.8370752193,-60.6159,-15805349.87,-288.85,58.047,13.968439694223,-1.22,-0.350703276276,42.7093745,计算机设备,2025-04-24,2024-03-31
301113,雅艺科技,0.05,44199104.9,150.4174137732,-4.0379,2328278.63,-33.96,164.9489,10.379877631286,0.32,-0.120695478143,35.3843508039,家居用品,2025-04-24,2024-03-31
301102,兆讯传媒,0.0947,177333813.04,17.4547177972,8.0328,38445374.16,-38.96,181.0639,10.500441306138,1.27,0.411016645897,37.4262542502,广告营销,2025-04-24,2024-03-31
301090,华润材料,-0.0531,3623384223.52,-18.2918849318,1.8533,-78501592.69,-147.81,-24.5141,4.776269592865,-1.1,-0.859553842581,-0.7653385912,塑料,2025-04-24,2024-03-31
301065,本立科技,0.16,188234413.52,10.4149904459,8.4852,16585417.53,33.81,40.9884,11.978064224014,1.31,0.63968512309,15.7431447661,化学制药,2025-04-24,2024-03-31
301047,义翘神州,0.3388,152348904.34,-3.0155899071,-10.5549,43761483.94,-47.71,-20.3389,48.866640860449,0.69,0.132641070743,78.7191142001,生物制品,2025-04-24,2024-03-31
301046,能辉科技,0.0625,245217320.26,246.6917417614,47.4431,9956886.42,135.39,-61.3286,5.486379022691,1.08,-1.44858838018,17.1073103913,专业工程,2025-04-24,2024-03-31
301040,中环海陆,-0.1858,153536420.14,-7.0051235378,10.196,-18579196.46,-550.47,48.38,9.318176804167,-1.8,0.18859506904,-0.4658811501,风电设备,2025-04-24,2024-03-31
301022,海泰科,0.0029,140218322.92,34.5092735638,-8.5999,238396.91,-97.31,103.1257,10.932072493266,0.02,-0.03688799593,21.603661133,汽车零部件,2025-04-24,2024-03-31
301016,雷尔伟,0.03,42776056.99,-9.6945453903,-61.1311,4401481.38,-8.42,-72.503,8.465328816583,1.74,-0.240382201333,46.2736984024,轨交设备Ⅱ,2025-04-24,2024-03-31
301015,百洋医药,0.35,1847908413.5,9.5756592881,-19.6767,186247923.85,35.6,2.3651,5.20259736832,6.45,0.470776821233,33.6639830029,医药商业,2025-04-24,2024-03-31
300994,久祺股份,0.09,529369853.12,8.6888263043,16.9622,21493755.0,55.06,97.7845,4.918943309351,1.89,-0.39418702134,12.8412845668,摩托车及其他,2025-04-24,2024-03-31
300991,创益通,0.01,138978625.21,45.3105445093,-19.5933,2089339.05,124.4,-90.0764,4.472292877986,0.33,0.243807552014,25.3955900389,其他电子Ⅱ,2025-04-24,2024-03-31
300975,商络电子,0.0349,1353700786.99,5.8885233311,26.0521,22133160.66,9.39,2282.5193,2.938384398531,1.23,-0.189488665393,13.3483073266,元件,2025-04-24,2024-03-31
300970,华绿生物,0.02,256905255.97,-22.7516264083,4.7642,1739546.28,-98.66,103.8303,12.940911312799,0.11,0.302098321975,8.106889628,种植业,2025-04-24,2024-03-31
300958,建工修复,-0.02,222714395.62,-23.9970509925,-41.0269,-3422771.24,-120.11,-130.771,8.837252211751,-0.25,-0.583129900838,18.7066174254,环境治理,2025-04-24,2024-03-31
300952,恒辉安防,0.154,237680263.45,27.6881605763,-15.5802,22336198.56,76.34,78.3918,7.815532806304,1.99,0.015270541428,22.4406748822,服装家纺,2025-04-24,2024-03-31
300921,南凌科技,0.01,171396317.04,22.8272109681,-1.8187,1211680.3,-86.54,-94.4838,6.328547281888,0.15,-0.080927765112,26.7807013842,通信服务,2025-04-24,2024-03-31
300908,仲景食品,0.3484,273999591.57,22.7760408714,5.4014,50867711.73,30.12,57.1621,17.2792296183,2.99,0.6107822627,44.5023409711,调味发酵品Ⅱ,2025-04-24,2024-03-31
300901,中胤时尚,-0.01,75255708.04,-26.2665742476,-18.082,-2396228.39,-132.77,36.6489,4.271770160708,-0.23,-0.060831040292,22.2673565454,服装家纺,2025-04-24,2024-03-31
300898,熊猫乳品,0.2142,184985427.86,-14.0491603797,-22.1386,26566060.66,38.61,-2.5597,7.824297236774,2.78,0.080076382419,28.8645703328,饮料乳品,2025-04-24,2024-03-31
300885,海昌新材,0.0603,67691633.88,41.4295085747,3.7618,15111082.43,146.94,-16.7793,3.391091063796,1.79,0.019462061085,35.5598296278,通用设备,2025-04-24,2024-03-31
300850,新强联,-0.14,446530969.7,-11.7576433461,-38.9731,-51772643.33,-216.79,-246.7338,13.559098941775,-1.02,0.782429039522,19.196689443,风电设备,2025-04-24,2024-03-31
300847,中船汉光,0.08,272821711.84,8.3750611982,-11.4836,25059097.23,14.66,8.9997,4.538033360495,1.88,0.032727009392,19.0605056208,计算机设备,2025-04-24,2024-03-31
300845,捷安高科,-0.04,23755588.99,2.9317910335,-88.2303,-4798762.19,22.92,-110.7964,7.111145045459,-0.59,-0.33222007,53.2007559371,计算机设备,2025-04-24,2024-03-31
300827,上能电气,0.14,711352234.63,14.7070353289,-56.1439,51088665.14,39.91,-34.006,5.063167523876,2.86,-1.460382204155,20.5229962602,光伏设备,2025-04-24,2024-03-31
300824,北鼎股份,0.0692,159356424.6,-6.5186030735,-17.4166,22594122.72,28.25,18.9213,2.346288763383,3.0,-0.006394156417,48.7215712105,小家电,2025-04-24,2024-03-31
300809,华辰装备,0.11,124639655.04,21.287879104,-3.9045,27136316.88,81.14,25.2304,6.311013427725,1.72,0.046304760009,31.7690093713,通用设备,2025-04-24,2024-03-31
300791,仙乐健康,0.2671,951504195.36,35.5112722805,-11.8242,63029722.56,114.39,-34.2692,12.199735575336,2.73,-0.398217269147,30.6181480009,食品加工,2025-04-24,2024-03-31
300787,海能实业,0.0298,407672053.6,7.5835168899,-18.2279,8197905.63,25.14,-61.0868,6.718604145821,0.49,-0.378908782639,30.1700470866,消费电子,2025-04-24,2024-03-31
300767,震安科技,-0.0302,109791718.94,-13.7496168393,-28.5037,-7455260.04,-283.27,86.8829,5.95229708487,-0.48,0.2700821048,28.213225614,橡胶,2025-04-24,2024-03-31
300765,石药创新,0.0676,524066868.93,-27.0833462798,-12.6305,79061260.62,-38.86,-54.0558,3.764906062672,1.8,-0.833117185546,46.7056194908,化学制药,2025-04-24,2024-03-31
300756,金马游乐,0.06,96649045.14,-38.7654279801,40.9601,9727464.96,-65.16,119.7519,8.868142458134,0.7,0.215838470618,35.8481331604,专用设备,2025-04-24,2024-03-31
300752,隆利科技,0.09,295823910.97,89.6266940435,-5.3229,20153705.28,253.39,-54.8293,4.830217964367,1.85,0.875059154053,17.8635264258,光学光电子,2025-04-24,2024-03-31
300724,捷佳伟创,1.66,2578831873.96,33.5271497545,10.7638,578365713.95,71.93,40.7378,26.784262145583,6.41,-0.380179184097,31.6261576955,光伏设备,2025-04-24,2024-03-31
300721,怡达股份,0.0302,401113424.53,7.9046759879,-10.9006,4924877.86,119.45,-64.4855,7.451888950439,0.4,0.065939929027,14.9338138907,化学制品,2025-04-24,2024-03-31
300705,九典制药,0.36,590896382.47,17.7381578851,-26.099,125669473.12,63.44,115.6662,5.858047573685,6.17,0.690054448229,72.6406173627,化学制药,2025-04-24,2024-03-31
300700,岱勒新材,0.0006,133382056.71,-12.9511965813,17.6942,167286.8,-99.21,100.3079,4.581247787156,0.01,0.483822421703,14.2783027041,通用设备,2025-04-24,2024-03-31
300697,电工合金,0.111,550372650.83,-4.3238600516,-11.553,36961258.91,-24.2,59.7562,3.313739764093,3.42,-0.054085442368,11.5589489147,工业金属,2025-04-24,2024-03-31
300689,澄天伟业,-0.0044,69849594.1,-45.3975633651,-21.6846,-507704.33,-107.47,86.3623,5.770187378028,-0.07,-0.014513366522,16.6191827448,通信设备,2025-04-24,2024-03-31
300684,中石科技,0.1006,299653704.97,-4.4882364511,-1.1588,30009376.06,42.16,54.5566,6.415614441329,1.57,0.037883070699,30.4668206085,电子化学品Ⅱ,2025-04-24,2024-03-31
300655,晶瑞电材,-0.01,329793849.99,11.6868366015,-3.088,-9022578.96,-150.33,-18.3621,2.589253939679,-0.4,0.031603101575,21.3942950671,电子化学品Ⅱ,2025-04-24,2024-03-31
300623,捷捷微电,0.13,519544379.48,28.7993880357,-23.5857,91950519.6,189.51,20.0399,4.812950238796,2.42,0.150251324341,38.0231154397,半导体,2025-04-24,2024-03-31
300620,光库科技,0.026,160224261.89,3.3777359869,-13.7803,6494860.44,-58.1,-49.8371,7.503721322933,0.38,0.459522122923,34.5369605622,通信设备,2025-04-24,2024-03-31
300618,寒锐钴业,0.1,1310599233.87,15.928025976,22.3014,30663376.35,72.83,296.6824,16.73029123621,0.59,-0.101707983035,16.5718435352,能源金属,2025-04-24,2024-03-31
300617,安靠智电,0.37,254028248.75,-8.4880491902,-8.9973,61502386.62,-23.62,40.1417,16.602477925808,2.23,-0.298240667391,42.5143638715,电网设备,2025-04-24,2024-03-31
300613,富瀚微,0.16,357863002.31,-13.9115556771,-24.3508,36107529.49,-38.28,-50.3362,10.803809197968,1.41,0.598804524329,36.4857934593,半导体,2025-04-24,2024-03-31
300594,ST朗进,-0.24,126425082.79,11.9422150844,-63.0118,-21789156.53,-12.29,-310.8101,9.831028164038,-2.38,-0.876335553827,24.0772949863,轨交设备Ⅱ,2025-04-24,2024-03-31
300591,万里马,-0.0149,124921172.84,46.5963261085,-33.4862,-6055993.56,31.87,92.2276,1.193063471539,-1.24,-0.068103032551,18.9715030617,服装家纺,2025-04-24,2024-03-31
300589,江龙船艇,0.0367,357123906.29,109.5680133235,-29.0722,13870942.58,157.76,-50.9878,2.211681183465,1.56,-0.536702330875,13.0000066874,航海装备Ⅱ,2025-04-24,2024-03-31
300575,中旗股份,-0.02,454174060.88,-38.8077311932,10.7223,-9883434.43,-110.66,12.6018,4.638064646834,-0.46,0.233832535345,11.8254660726,农化制品,2025-04-24,2024-03-31
300572,安车检测,0.0007,125109960.44,12.7837920202,77.6222,154215.17,-96.32,100.1736,8.856288090092,0.01,-0.090182328034,34.584670851,通用设备,2025-04-24,2024-03-31
300569,天能重工,0.0424,520451630.15,2.3562006198,-67.6353,43316367.33,-19.77,-7.0624,5.461275594811,0.76,0.16028131911,23.6800235316,风电设备,2025-04-24,2024-03-31
300550,和仁科技,-0.002,91148429.82,-8.4980176285,-41.8708,-515984.62,-153.94,-101.9845,4.108600135616,-0.05,-0.172343736249,27.165214364,软件开发,2025-04-24,2024-03-31
300522,世名科技,0.0525,170660339.68,17.7284406632,6.9713,16915154.95,51.4,200.4609,2.520820727751,2.08,0.078210541965,27.3559832047,化学制品,2025-04-24,2024-03-31
300516,久之洋,0.0238,63542740.05,-12.423918521,-83.6765,4275394.49,-9.26,-89.2226,7.342583423944,0.32,-0.227294448444,36.1042365059,其他电子Ⅱ,2025-04-24,2024-03-31
300507,苏奥传感,0.04,243030278.16,27.5691268033,-35.4454,28127031.19,22.79,-15.192,2.495246086445,1.43,-0.077936461568,22.6195065266,汽车零部件,2025-04-24,2024-03-31
300498,温氏股份,-0.1868,21847552671.51,9.3779031085,-13.3641,-1236018993.8,55.04,33.542,4.681068581532,-3.81,0.339669966329,3.2695520555,养殖业,2025-04-24,2024-03-31
300485,赛升药业,-0.3957,109535330.56,-17.4552720132,32.3756,-190617604.88,-23235.01,-103.6339,6.737980429775,-5.71,0.087435591252,66.0739103995,生物制品,2025-04-24,2024-03-31
300474,景嘉微,-0.03,108379019.23,66.2714043938,-55.5963,-11535163.86,83.68,-126.1538,7.474803856686,-0.34,-0.196795679835,62.2088300014,军工电子Ⅱ,2025-04-24,2024-03-31
300461,田中精机,-0.08,44863638.77,-17.6245588164,-32.9573,-12336155.08,-660.76,-365.6467,4.264337495319,-1.84,-0.028033995354,24.2071111879,自动化设备,2025-04-24,2024-03-31
300449,汉邦高科,0.0048,23724427.73,-14.8567383916,-63.069,1854825.32,127.91,102.356,1.094651880336,0.44,-0.17491378038,18.8627546297,计算机设备,2025-04-24,2024-03-31
300438,鹏辉能源,0.0325,1597013711.2,-35.9991856103,33.8618,16356922.23,-91.04,107.064,10.708005284725,0.29,-0.179768790981,11.8386783572,电池,2025-04-24,2024-03-31
300430,*ST益通,0.11,268203514.86,9.3605669876,8.5552,30781307.45,37.71,-27.4131,7.974422759918,1.42,-0.191971977278,38.7682868154,医疗器械,2025-04-24,2024-03-31
300420,五洋自控,0.0048,221494163.08,1.5683052034,-46.0728,5320376.73,-37.52,48.1379,2.194584450756,0.22,-0.022877359675,28.2589108307,通用设备,2025-04-24,2024-03-31
300411,金盾股份,0.0211,81932976.1,15.8552461974,-50.8638,8591541.24,18.21,174.4593,2.312681612937,0.92,-0.112915299394,23.2300945675,专用设备,2025-04-24,2024-03-31
300394,天孚通信,0.5044,731670538.96,154.946238235,-0.1115,278877189.59,202.68,-4.1009,8.840124528505,8.34,0.34564099747,55.5146972526,通信设备,2025-04-24,2024-03-31
300388,节能国祯,0.1107,787704968.08,10.5223886614,-41.6441,75368809.94,37.57,-46.0273,6.11104566759,1.78,-0.210269376675,29.3902952935,环境治理,2025-04-24,2024-03-31
300386,飞天诚信,-0.02,147626757.66,-0.7127464827,-33.2871,-8680367.29,75.78,86.0639,3.673506184827,-0.56,-0.170326345409,35.9174635144,计算机设备,2025-04-24,2024-03-31
300353,东土科技,-0.1449,135967979.49,-22.0159340126,-73.5725,-89119200.92,-46.57,-121.4313,3.311477543094,-4.28,-0.111431780896,44.7378066058,通信设备,2025-04-24,2024-03-31
300342,天银机电,0.0089,186225649.86,-14.6225183267,-43.3492,3780350.82,-78.74,137.5272,3.592928213486,0.25,-0.128278113648,21.7119592872,家电零部件Ⅱ,2025-04-24,2024-03-31
300331,苏大维格,0.06,471250145.32,19.7883662482,0.64,16359840.3,1441.84,127.9192,6.321778395727,0.99,-0.025695748207,18.891719195,光学光电子,2025-04-24,2024-03-31
300327,中颖电子,0.0904,318823193.67,10.3338137431,-15.5482,31165741.6,-8.83,-64.0718,4.972824757448,1.85,0.08467953621,33.8524594455,半导体,2025-04-24,2024-03-31
300310,宜通世纪,0.0041,634423439.84,13.8498426983,-18.7522,3604469.38,183.04,-91.1182,2.165659569737,0.19,-0.373572409849,9.5641320559,通信服务,2025-04-24,2024-03-31
300304,云意电气,0.12,472794382.73,41.0792452928,-3.5274,104082131.6,30.37,46.7734,3.164328789978,3.81,0.029223744229,32.3515425917,汽车零部件,2025-04-24,2024-03-31
300299,富春股份,-0.0203,50971657.73,-35.5381835279,-40.8543,-14028777.42,-266.06,-677.0244,0.818267205413,-2.45,-0.013488681563,31.8681452074,游戏Ⅱ,2025-04-24,2024-03-31
300296,利亚德,0.04,1800393025.48,1.0246526249,13.0792,101223559.49,-17.01,157.7796,3.306261109738,1.22,0.063399762983,28.2715229912,光学光电子,2025-04-24,2024-03-31
300295,*ST三六五,0.03,39242193.89,-24.0373738448,-20.2607,6529785.29,-15.02,106.5652,6.436594875337,0.53,1.089447658598,73.9888280492,数字媒体,2025-04-24,2024-03-31
300252,金信诺,-0.03,465861292.03,-28.2422238924,20.5983,-22024930.93,-207.74,93.3613,3.208998666706,-1.05,0.009263598888,14.5076266404,军工电子Ⅱ,2025-04-24,2024-03-31
300248,新开普,-0.0477,164539930.29,4.4549091873,-66.2141,-22703837.36,-49.5,-121.9907,4.364414036934,-1.01,-0.184412178105,56.1579585315,计算机设备,2025-04-24,2024-03-31
300239,东宝生物,0.0437,241778598.22,-7.4777948401,0.8078,25961526.88,-16.62,5.4332,2.794673398974,1.55,-0.015849102025,20.8435956247,生物制品,2025-04-24,2024-03-31
300231,银信科技,0.0397,376570029.46,-19.2882013388,-25.7154,16646108.61,-21.0,224.4707,3.708164279777,1.03,-0.243119954843,22.2140382706,IT服务Ⅱ,2025-04-24,2024-03-31
300229,拓尔思,0.0343,178244396.98,-15.3524476873,-1.1417,27252720.64,-9.74,100.3545,4.249236076589,0.81,-0.021117317859,72.7861233947,软件开发,2025-04-24,2024-03-31
300219,鸿利智汇,0.0342,805329526.26,12.5319478729,-27.3781,24186630.47,-46.63,17.2194,3.673969513452,0.93,0.074052276553,18.6016166681,光学光电子,2025-04-24,2024-03-31
300217,东方电热,0.058,875590999.27,-3.4367438229,0.7904,85747703.39,27.14,46.2815,2.682067422703,2.18,-0.03109219384,23.687624486,家电零部件Ⅱ,2025-04-24,2024-03-31
300206,理邦仪器,0.0664,443644512.37,-30.6470766626,7.0672,38517609.83,-72.56,347.7639,3.444634000611,1.94,0.133602693718,59.6447442923,医疗器械,2025-04-24,2024-03-31
300194,福安药业,0.1,809399726.88,17.1301799496,21.757,122500109.56,42.4,713.3513,3.594214702457,2.91,0.12992516635,51.0285469421,化学制药,2025-04-24,2024-03-31
300179,四方达,0.0574,130921035.07,-2.332764222,-3.4736,27518966.41,-19.25,-1.4429,2.506525709545,2.27,-0.030751313678,51.9463099903,通用设备,2025-04-24,2024-03-31
300160,秀强股份,0.0952,394946339.2,15.5012782088,4.9434,73583064.64,17.15,137.9889,3.182863197382,3.04,0.017823988242,30.8606228702,家电零部件Ⅱ,2025-04-24,2024-03-31
300155,安居宝,-0.0031,45814182.64,-30.0323928509,-51.4318,-1743368.99,-185.84,96.5259,2.329998906861,-0.13,-0.047834704587,44.6342402978,计算机设备,2025-04-24,2024-03-31
300141,和顺电气,0.0034,69801775.18,31.9420072971,-29.5484,856935.81,139.06,-83.223,2.636660342967,0.13,0.110570941759,25.4543571624,电网设备,2025-04-24,2024-03-31
300139,晓程科技,0.04,72721433.02,25.1221074148,38.8792,10246568.96,157.03,113.4171,3.517930548686,1.07,0.003818745657,48.8788509712,贵金属,2025-04-24,2024-03-31
300137,先河环保,0.02,161058688.71,-19.5380066944,-47.4137,8339909.38,15.62,105.3234,3.330599663899,0.47,-0.201556307746,40.1541522336,环保设备Ⅱ,2025-04-24,2024-03-31
300131,英唐智控,0.0163,1257355736.11,20.323134301,-6.7513,18515323.11,-20.83,14.4919,1.506683589594,1.08,0.129040451963,6.9516114064,其他电子Ⅱ,2025-04-24,2024-03-31
300130,新国都,0.4,782668735.3,-22.7427450933,-13.682,220770697.04,66.4,8.915,8.136939282589,5.0,0.152296794233,44.1244595873,计算机设备,2025-04-24,2024-03-31
300125,*ST聆达,-0.1602,28399429.72,-86.9135385265,-60.274,-42859039.53,-534.84,84.1481,1.379588861801,-10.97,-0.012642960737,-78.1206928052,电力,2025-04-24,2024-03-31
300121,阳谷华泰,0.2,833984965.8,2.8795561191,0.7764,81224959.94,-8.22,80.5404,7.566742628972,2.51,0.20504197729,20.7959033966,橡胶,2025-04-24,2024-03-31
300092,科新机电,0.1738,275441350.65,-28.9230141889,-16.2162,47609936.78,5.01,74.4085,5.736710205209,3.08,-0.098220108543,31.3250235872,专用设备,2025-04-24,2024-03-31
300080,易成新能,-0.0321,884801967.93,-58.7728041738,-66.3731,-69870405.99,-247.79,-31.4202,3.179594277374,-1.0,0.012968084886,10.579136094,光伏设备,2025-04-24,2024-03-31
300079,数码视讯,0.0048,101224419.8,-45.7633925878,-42.8276,6900283.17,-30.15,141.1801,2.954488856235,0.16,-0.013524084723,67.0912160664,IT服务Ⅱ,2025-04-24,2024-03-31
300046,台基股份,-0.0812,79041829.97,0.316512948,6.7834,-19249487.64,-260.76,-215.781,4.535887091823,-1.78,0.049326758352,30.9238899698,半导体,2025-04-24,2024-03-31
300035,中科电气,0.0335,1065768467.04,2.3775490122,-23.0727,23767522.15,117.57,-75.7404,6.220449125543,0.54,-0.334191004582,17.4012017784,电池,2025-04-24,2024-03-31
300034,钢研高纳,0.1223,798595487.11,28.6050913985,-19.2918,94756445.68,57.74,13.0418,4.451674049538,2.78,-0.506366772313,33.1606577453,航空装备Ⅱ,2025-04-24,2024-03-31
300024,机器人,-0.026,733320513.07,2.7145844175,-52.8084,-40371267.92,9.26,-131.5049,2.788116945654,-0.93,-0.128746073206,13.4114918371,自动化设备,2025-04-24,2024-03-31
300018,中元股份,0.02,81495556.04,16.9221780889,-50.2893,8971750.77,-30.32,-35.5611,2.570479554527,0.73,0.049676467498,40.0554836929,电网设备,2025-04-24,2024-03-31
300006,莱美药业,-0.0043,181120476.19,-20.0896282759,-27.7934,-4575299.38,-25.9004593844,-110.0365,1.966146641213,-0.22,0.075027825744,64.8158797611,化学制药,2025-04-24,2024-03-31
200550,江铃B,0.56,7974792045.0,5.9642005804,-17.4382,482364920.0,163.95,3.4797,12.55003520448,4.55,-0.711632604429,11.3140368791,商用车,2025-04-24,2024-03-31
003816,中国广核,0.071,19181426872.25,4.8806019913,-15.5226,3604826497.6,3.38,251.6546,2.31599213474,3.1,0.110579588744,39.280142894,电力,2025-04-24,2024-03-31
003009,中天火箭,0.05,212325627.63,17.2534439742,-58.0837,7769283.8,-71.81,-86.1906,10.118824278739,0.48,-0.382972358887,16.4082753452,航天装备Ⅱ,2025-04-24,2024-03-31
002997,瑞鹄模具,0.38,505629804.75,31.6777988673,-12.7109,75831523.17,76.75,58.2002,9.303748869877,4.36,-0.60913153249,23.7317404478,汽车零部件,2025-04-24,2024-03-31
002984,森麒麟,0.68,2115099456.05,27.5920713024,0.7307,503718461.7,101.34,34.2822,16.115566497565,4.19,0.540011552494,31.3240084586,汽车零部件,2025-04-24,2024-03-31
002920,德赛西威,0.7,5647731859.41,41.780728615,-24.0652,384770978.67,16.41,-34.385,15.056095288268,4.72,0.357597174049,18.9059596905,汽车零部件,2025-04-24,2024-03-31
002916,深南电路,0.74,3961013853.78,42.2412100151,-2.5565,379571805.82,83.88,-22.5325,26.444473813383,2.84,1.097406528032,25.1904945351,元件,2025-04-24,2024-03-31
002891,中宠股份,0.1914,878035956.35,24.4197801019,-15.1548,56224262.21,259.0,-0.3614,7.595747952243,2.51,-0.044929005189,27.8466366168,饲料,2025-04-24,2024-03-31
002855,捷荣技术,-0.204,258744640.57,-42.9854668919,-33.3541,-50277222.76,-63.9,23.3943,3.465756826965,-5.71,-0.202912618116,12.0330914609,消费电子,2025-04-24,2024-03-31
002841,视源股份,0.26,4494571534.31,19.6360590235,-6.153,178417941.14,-37.18,-42.1986,17.910954446055,1.42,-0.715611044006,21.5719106306,消费电子,2025-04-24,2024-03-31
002838,道恩股份,0.08,1206574107.16,14.7072901519,2.2093,35303733.79,1.97,-16.2035,6.606465577768,1.15,-0.039112591596,11.0436321407,塑料,2025-04-24,2024-03-31
002835,同为股份,0.197,268926972.18,32.6173399141,-21.1877,43223494.06,399.35,-29.7921,4.898956078836,4.08,-0.075449686534,39.6856384151,计算机设备,2025-04-24,2024-03-31
002827,高争民爆,0.0329,259214202.74,-0.9554112019,-34.599,9072331.3,94.48,-38.2544,3.008850931123,1.1,0.026293627283,22.8515502136,化学制品,2025-04-24,2024-03-31
002821,凯莱英,0.76,1399808311.93,-37.7595891299,-2.9349,281970252.06,-55.27,380.3192,47.5785205605,1.6,1.328022406424,43.5208828193,医疗服务,2025-04-24,2024-03-31
002741,光华科技,0.0095,512003803.74,-21.7793138827,-26.9563,3797978.5,102.02,102.5145,3.382497896768,0.28,-0.159227164276,4.8655744504,电子化学品Ⅱ,2025-04-24,2024-03-31
002735,王子新材,0.01,379705360.87,5.6408462345,-33.8949,5061418.63,380.83,-88.2237,4.622923132086,0.28,-0.044741995913,16.9346485766,包装印刷,2025-04-24,2024-03-31
002700,万憬能源,0.04,173695593.99,7.4545696417,-9.4607,17718478.65,-0.75,102.163,1.898015235063,2.23,-0.020927881744,17.6526190939,燃气Ⅱ,2025-04-24,2024-03-31
002686,亿利达,0.0194,280437938.57,-0.9928665989,-37.5241,10996091.08,74.67,132.4896,2.864717366841,0.68,0.040460930153,25.753056583,通用设备,2025-04-24,2024-03-31
002681,奋达科技,0.0122,655750333.91,12.4578000918,10.8502,21974292.88,20.0,118.3455,1.312951164423,0.97,0.041664980612,20.3173916276,消费电子,2025-04-24,2024-03-31
002673,西部证券,0.0439,1595146414.04,-12.0145130701,36.2354,196224554.94,-45.24,-32.2295,6.295729908633,0.7,0.485136327757,,证券Ⅱ,2025-04-24,2024-03-31
002601,龙佰集团,0.41,7293834345.35,4.5410650608,12.0279,951100033.95,64.15,-12.2933,10.164115454551,4.05,0.142335634611,28.2867049212,化学原料,2025-04-24,2024-03-31
002582,好想你,0.03,493842037.29,19.0545191039,-22.4725,12593798.52,2.63,213.9124,9.044778506666,0.3,0.054523543553,29.3898218703,休闲食品,2025-04-24,2024-03-31
002566,益盛药业,0.0635,200387679.6,-20.155926158,-1.051,21016379.98,-26.78,-42.0449,6.811206579482,0.94,0.129248382211,76.8504460291,中药Ⅱ,2025-04-24,2024-03-31
002564,天沃科技,0.02,630908188.99,-28.1204916062,-28.4313,14852954.08,103.34,-99.2843,0.150703605856,12.14,-0.239662479405,14.5984980315,专用设备,2025-04-24,2024-03-31
002560,通达股份,0.03,1057476513.57,-12.0728818484,-35.0709,14533237.16,-58.06,153.2135,4.91106798214,0.56,-0.373305405902,8.7287028483,电网设备,2025-04-24,2024-03-31
002557,洽洽食品,0.4744,1821560933.22,36.3908432884,-21.731,240476526.9,35.15,-18.9964,11.040551389716,4.28,1.071171587496,30.434309201,休闲食品,2025-04-24,2024-03-31
002556,辉隆股份,0.12,3797142465.59,-12.2095791446,-10.9347,110495180.16,-29.75,298.7157,3.945575116769,2.94,-0.658897254988,5.9614814151,农业综合Ⅱ,2025-04-24,2024-03-31
002532,天山铝业,0.16,6825089442.22,-1.7086437149,2.923,719819784.57,43.55,26.7188,5.331520572168,2.94,0.226432836427,18.6858291412,工业金属,2025-04-24,2024-03-31
002457,青龙管业,-0.0034,359388952.68,78.200968649,-57.0183,-1129688.69,36.94,-108.1111,6.722702813649,-0.05,-0.523760936321,27.7718800663,装修建材,2025-04-24,2024-03-31
002449,国星光电,0.0452,940965217.53,18.1238473039,5.7249,27943357.1,29.03,506.0769,6.195459924762,0.73,0.03726846305,11.8118890145,光学光电子,2025-04-24,2024-03-31
002426,胜利精密,0.0131,823894257.46,6.1804753575,-19.8659,44318721.03,157.68,105.6784,0.987607387815,1.31,0.03819103996,14.6290584294,消费电子,2025-04-24,2024-03-31
002407,多氟多,0.03,2142929211.77,-13.3089955946,-32.4282,38247047.01,-63.92,-16.2692,7.758523026101,0.41,-0.547382441554,7.4410672104,化学制品,2025-04-24,2024-03-31
002377,国创高新,-0.0064,80818521.04,-64.4322022267,-21.4284,-5860491.55,84.12,89.1349,0.569194899628,-1.12,0.002560942324,2.7481059928,炼化及贸易,2025-04-24,2024-03-31
002366,融发核电,0.0004,138658892.03,82.2648289234,-53.8038,763350.87,106.98,-99.6176,2.23481346663,-0.01,-0.261424750907,23.8576257719,其他电源设备Ⅱ,2025-04-24,2024-03-31
002346,柘中股份,-0.33,163530312.89,7.6978868946,-72.5351,-144076136.49,-524.54,-241.52,6.286714914763,-5.06,0.023036485482,26.0648689572,电网设备,2025-04-24,2024-03-31
002332,仙琚制药,0.1528,1037926735.62,8.4238903162,17.1529,151121862.92,13.53,65.1941,5.971533731012,2.58,0.110214784932,55.1094489823,化学制药,2025-04-24,2024-03-31
002324,普利特,0.07,1947417871.06,2.0398440918,-11.9606,78452590.45,-24.25,18.4951,3.902191668659,1.81,0.057168744141,14.7020560109,塑料,2025-04-24,2024-03-31
002290,禾盛新材,0.11,549153468.67,13.5217374554,-13.7983,27884495.29,57.13,1526.3689,2.958427318626,3.87,-0.069308203627,10.4276962592,家电零部件Ⅱ,2025-04-24,2024-03-31
002281,光迅科技,0.1,1291006993.41,1.7926831653,-25.5522,77009873.57,-24.21,-62.2154,10.759187367472,0.91,-0.08457890558,22.5330200491,通信设备,2025-04-24,2024-03-31
002265,建设工业,0.02,833805807.58,3.2767374435,-23.8208,23035267.59,-79.39,-77.0025,3.277869949505,2.73,-0.458240874067,11.8357853619,汽车零部件,2025-04-24,2024-03-31
002211,ST宏达,-0.0039,46165719.58,-15.7624290047,-20.1942,-1706539.58,50.67,87.7074,0.142337942953,-2.73,-0.007918586118,10.5724384552,化学制品,2025-04-24,2024-03-31
002207,*ST准油,-0.04,41628604.22,43.1816156984,-59.0762,-10855472.07,5.32,-1289.5509,0.275413651461,-13.99,0.04342390073,-22.93002446,油服工程,2025-04-24,2024-03-31
002169,智光电气,-0.0799,526846937.01,19.5785777286,-36.276,-61533675.61,-159.48,68.1015,3.840248099246,-2.01,-0.267025114855,12.9241179604,电网设备,2025-04-24,2024-03-31
002139,拓邦股份,0.14,2318132398.8,16.1963637032,-11.892,175637574.45,82.29,26.2517,5.0464346855,2.77,0.078471796527,23.6530613279,消费电子,2025-04-24,2024-03-31
002116,中国海诚,0.12,1239140780.92,2.2996955473,-49.3466,55259118.86,6.61,-51.0492,5.062438608426,2.37,0.354813532303,14.651256722,专业工程,2025-04-24,2024-03-31
002106,莱宝高科,0.1664,1468098237.44,27.3378646246,7.9533,117414529.05,448.08,60.5999,7.553751601281,2.23,0.081069950212,16.468502456,光学光电子,2025-04-24,2024-03-31
002080,中材科技,0.1282,4430572958.14,-12.1521892786,-42.1458,215103648.58,-47.66,-58.1113,11.193083911316,1.15,-1.047546511306,19.4411460754,玻璃玻纤,2025-04-24,2024-03-31
002075,沙钢股份,0.0228,3764740613.14,-3.0761244699,-7.6786,49911776.76,-17.53,51.9882,2.982112781379,0.74,-0.014731648192,5.1218760769,特钢Ⅱ,2025-04-24,2024-03-31
002023,海特高新,0.0347,267141060.65,16.878910153,-17.1228,25740791.92,102.28,90.2277,5.773323848985,0.6,0.103148337729,37.0474765164,航空装备Ⅱ,2025-04-24,2024-03-31
002016,世荣兆业,0.0147,254287960.13,-15.3332096259,-18.7925,11884114.81,-80.48,128.674,5.931045360927,0.25,-0.853375786757,31.0594866582,房地产开发,2025-04-24,2024-03-31
002014,永新股份,0.14,834978146.65,6.3404278742,-7.2121,86423584.68,10.86,-24.8413,3.60341765848,3.62,-0.117218024655,22.0636478391,包装印刷,2025-04-24,2024-03-31
001360,南矿集团,0.07,198144137.02,24.029663614,-16.5612,13900289.84,-5.75,-2.0732,6.849232551373,0.99,-0.161446012451,32.5615112162,专用设备,2025-04-24,2024-03-31
001332,锡装股份,0.36,200782252.31,-38.7983439718,-56.7496,39158781.56,-27.89,7.3246,20.838099463611,1.76,-0.510312877407,31.5706501649,专用设备,2025-04-24,2024-03-31
001306,夏厦精密,0.31,128198942.63,4.180452664,-13.1553,19299090.28,5.37,27.3676,21.409590812742,1.46,0.358075608548,30.5572535673,通用设备,2025-04-24,2024-03-31
001260,坤泰股份,0.07,137802050.04,30.7057219314,-7.3789,8398522.79,-10.0,-24.1112,6.775341114348,1.08,0.007902961565,26.0085769476,汽车零部件,2025-04-24,2024-03-31
000990,诚志股份,0.1268,2721207122.73,-19.1415936673,13.3565,154051640.0,370.36,229.964,14.654422357486,0.87,0.502779197838,18.6118269649,化学原料,2025-04-24,2024-03-31
000989,九芝堂,0.1689,1079482203.93,-0.8852454507,82.7197,144601666.94,-10.66,1566.8178,4.786392079245,3.59,-0.353297573633,61.3427818855,中药Ⅱ,2025-04-24,2024-03-31
000955,欣龙控股,-0.0132,107455170.27,-5.6012333884,-40.9617,-7121487.54,10.7,58.6762,1.221375968982,-1.08,-0.078650286537,10.418399377,纺织制造,2025-04-24,2024-03-31
000950,重药控股,0.06,19624282945.17,0.0204184232,-9.7127,102960760.48,-37.99,-25.0335,6.566903465161,0.91,-1.823508380322,7.7496481205,医药商业,2025-04-24,2024-03-31
000928,中钢国际,0.1498,4901352825.93,-4.0730621388,-46.8277,214868949.92,3.26,-20.5092,5.660367957717,2.69,-1.946429513759,10.594697396,专业工程,2025-04-24,2024-03-31
000906,浙商中拓,0.33,44605768818.65,3.0802628909,-12.9753,244161810.63,-7.91,52.0595,6.96873399579,4.8,-10.957052356493,1.7254546869,物流,2025-04-24,2024-03-31
000893,亚钾国际,0.0877,633276084.88,-25.8877447835,-37.0813,81184002.51,-75.82,-66.2744,12.154642695504,0.72,-0.084896039983,53.0853786771,农化制品,2025-04-24,2024-03-31
000877,天山股份,-0.222,16359484360.85,-26.8995443666,-39.4237,-1923200045.33,-56.21,-200.4674,9.500557534355,-2.31,-0.159374027516,7.7963440729,水泥,2025-04-24,2024-03-31
000862,银星能源,0.0499,296536773.91,-15.4721624526,12.7205,45772117.5,-39.22,210.2216,4.579009273296,1.1,0.184150291258,31.7233064418,电力,2025-04-24,2024-03-31
000852,石化机械,0.0269,1672329885.95,-13.4541021948,-26.3726,25305398.79,-1.7,516.7035,3.157282794883,0.84,-0.666728131117,14.450525922,专用设备,2025-04-24,2024-03-31
000848,承德露露,0.24,1227000303.0,7.5297950741,33.4465,246330515.04,3.04,26.5275,3.168546464426,7.67,0.058059402808,43.7088949668,饮料乳品,2025-04-24,2024-03-31
000807,云铝股份,0.336,11357542978.09,20.27678685,-12.0113,1163629821.0,31.53,-19.7928,7.758530616376,4.42,0.268247089814,14.3400367662,工业金属,2025-04-24,2024-03-31
000796,凯撒旅业,-0.0092,160898100.93,109.5078576439,62.4006,-14283572.24,66.39,-101.6939,0.622917867559,-1.4,-0.013557686865,20.0285761757,旅游及景区,2025-04-24,2024-03-31
000792,盐湖股份,0.1765,2723898945.7,-42.1249374381,-52.9431,934106456.19,-58.03,-59.6271,6.043334386165,2.89,0.247547285947,48.7009692942,农化制品,2025-04-24,2024-03-31
000779,甘咨询,0.1139,430560208.36,-17.9488377048,-37.6552,52966111.1,15.09,-22.5723,7.880366034451,1.45,-0.530583456703,38.3333939099,工程咨询服务Ⅱ,2025-04-24,2024-03-31
000733,振华科技,0.1844,1014207036.46,-51.7491674007,-42.3852,101940089.06,-86.13,-83.6556,26.113776801756,0.71,0.25360458872,47.5624090219,军工电子Ⅱ,2025-04-24,2024-03-31
000717,中南股份,-0.1275,8049681151.74,-11.3147953415,-13.3331,-309050388.53,-5283.52,-300.8033,3.632303212648,-3.45,0.032415763345,-1.9866737762,普钢,2025-04-24,2024-03-31
000701,厦门信达,-0.0515,12883717946.16,-38.6918595141,-17.8165,-1574257.52,13.31,101.6213,0.625135469028,-6.66,-2.694340352179,2.52792113,贸易Ⅱ,2025-04-24,2024-03-31
000698,ST沈化,-0.0208,1192913740.09,4.0193563714,-25.2804,-17077088.81,83.78,88.585,1.864967915005,-1.11,0.083094676147,6.2503629419,炼化及贸易,2025-04-24,2024-03-31
000681,视觉中国,0.0227,174681139.09,32.3516846203,-15.4195,15871343.11,-71.98,-31.1696,4.963517045031,0.46,0.026493520668,51.7188921029,数字媒体,2025-04-24,2024-03-31
000550,江铃汽车,0.56,7974792045.0,5.9642005804,-17.4382,482364920.0,163.95,3.4797,12.55003520448,4.55,-0.711632604429,11.3140368791,商用车,2025-04-24,2024-03-31
000513,丽珠集团,0.65,3242814513.73,-4.9879263204,16.8478,607823809.46,4.45,72.6302,15.762418103577,4.25,0.997414517586,64.6710790648,化学制药,2025-04-24,2024-03-31
000410,沈阳机床,-0.02,370131605.02,-1.9690143604,-10.1581,-40634006.08,-17.06,-138.1473,0.486835760795,-3.97,-0.054311436913,6.2827223627,通用设备,2025-04-24,2024-03-31
000409,云鼎科技,0.0697,388349485.98,52.1960342172,-11.4514,47131522.78,100.86,93.6105,2.153417827344,3.24,-0.063056818905,30.138218673,IT服务Ⅱ,2025-04-24,2024-03-31
000403,派林生物,0.17,435640719.29,67.001564477,-54.331,121948626.85,116.31,-57.348,10.305236115221,1.63,-0.070774157678,51.4188249356,生物制品,2025-04-24,2024-03-31
000151,中成股份,-0.112,472909174.28,-59.9451572835,-42.0899,-37794919.43,-12.55,84.925,1.838392989448,-5.89,-0.345812988612,6.0541955574,贸易Ⅱ,2025-04-24,2024-03-31
920821,则成电子,0.0507,75145008.99,13.6297658628,-1.9866,3578622.76,-39.53,-53.6611,7.20883148518,0.71,0.070357534874,27.5428862651,元件,2025-04-23,2024-03-31
920768,拾比佰,-0.04,350085380.75,76.0001493684,-11.2941,-4919735.06,60.04,-299.8754,5.873580791836,-0.75,-0.689245051636,7.7820054587,家电零部件Ⅱ,2025-04-23,2024-03-31
920703,广厦环能,0.37,159241341.02,69.4519650364,172.7784,39073192.04,65.81,1956.8131,13.246746478153,3.98,0.319470260988,38.0119534992,专用设备,2025-04-23,2024-03-31
920694,中裕科技,0.14,123952888.02,-23.2459883333,-35.3569,14146610.67,-49.58,-58.8139,7.429122302,1.89,-0.814799380829,48.8994768885,橡胶,2025-04-23,2024-03-31
920510,丰光精密,0.04,57349736.67,35.8749125679,-17.7081,5728735.45,333.33,-70.4438,3.30152006426,1.33,0.18819030395,37.1024821482,通用设备,2025-04-23,2024-03-31
920263,中航泰达,0.0017,84143085.55,-19.130886037,-31.4322,233593.73,-99.0,-99.151,3.866508172406,0.04,0.19215988068,21.1866760096,环境治理,2025-04-23,2024-03-31
920145,恒合股份,-0.06,7563361.75,14.6718151905,-69.9904,-3969795.76,-52.06,-1171.4984,3.86239040652,-1.45,-0.129391475549,18.4363256194,环保设备Ⅱ,2025-04-23,2024-03-31
920047,诺思兰德,-0.05,16121526.48,30.1661662062,35.9565,-12250307.09,21.7398001836,-2484.4717,1.326823041057,-4.13,-0.019851845341,52.9669836823,生物制品,2025-04-23,2024-03-31
920010,凯添燃气,0.05,172074144.86,14.0187099438,-5.6321,12001335.12,25.64,834.4174,2.769267064648,1.87,0.089321379147,13.6994831496,燃气Ⅱ,2025-04-23,2024-03-31
900932,陆家B股,0.129,2997522114.21,49.6799173936,-42.9552,620732674.4,-4.78,61.1192,4.829722903498,2.73,0.124089133844,65.2583118712,房地产开发,2025-04-23,2024-03-31
873886,瑞红苏州,0.01,65955289.79,29.1348306312,2.7001,2952417.26,-35.2441196876,-53.4327,,0.19,0.008863708185,30.6373624077,,2025-04-23,2024-03-31
688639,华恒生物,0.35,500781373.59,25.1156591735,-12.7721,86574111.12,6.62,-32.9466,12.084438942561,4.63,-0.656440443003,33.5764180474,化学制品,2025-04-23,2024-03-31
688619,罗普特,-0.12,23827661.54,-1.8036166586,-80.776,-21092128.49,-22.6517262275,51.1673,5.670394056931,-1.94,-0.235545182105,38.1584338637,计算机设备,2025-04-23,2024-03-31
688617,惠泰医疗,1.45,455327284.53,30.2003632876,4.3127,140143827.76,36.48,7.2445,30.669342684744,5.65,1.71381502263,72.0147180085,医疗器械,2025-04-23,2024-03-31
688581,安杰思,0.65,111561373.32,23.3454440823,-31.5014,52781143.37,54.22,-28.7354,38.742320889518,2.37,0.246739490858,71.7769853104,医疗器械,2025-04-23,2024-03-31
688362,甬矽电子,-0.09,726608017.68,71.1093526967,-4.3603,-35450368.36,28.9143612165,-233.4713,5.851340859123,-1.46,0.49259991071,14.2277231608,半导体,2025-04-23,2024-03-31
688336,三生国健,0.15,266895000.0,28.7229183658,-5.8339,91119100.0,171.88,-30.2829,8.087384723532,1.84,0.162158242189,77.0770527736,生物制品,2025-04-23,2024-03-31
688278,特宝生物,0.32,545302286.89,30.0484501256,-14.8673,128807591.33,53.03,-30.9502,4.929225501598,6.64,0.193372291642,93.0744202036,生物制品,2025-04-23,2024-03-31
688219,会通股份,0.1,1275320470.7,14.2242819123,-11.5496,43243336.29,143.13,31.8534,3.984417031956,2.23,0.578039072531,14.0378974331,塑料,2025-04-23,2024-03-31
688150,莱特光电,0.11,114068353.51,61.9406211861,11.0819,43511586.05,85.0,106.7601,4.334451618206,2.55,0.055932338079,65.6278240252,电子化学品Ⅱ,2025-04-23,2024-03-31
688118,普元信息,-0.428,60636714.71,-9.2260999312,-67.6646,-39284601.05,-79.3913287895,-263.8324,8.599448657023,-4.68,-0.554227889727,40.04431529,软件开发,2025-04-23,2024-03-31
688091,上海谊众,0.18,68702991.41,-25.6458195982,-15.2364,29178031.68,-46.97,-5.6644,9.470165784499,1.97,0.182451379545,94.5669276353,化学制药,2025-04-23,2024-03-31
688080,映翰通,0.2213,106166806.05,12.5797204315,-24.8699,16289838.86,74.65,-34.9721,12.671935242589,1.76,0.27391632404,52.8266716186,通信设备,2025-04-23,2024-03-31
688076,ST诺泰,0.31,355815137.72,71.0167222198,9.7918,66326817.02,215.65,-6.8748,9.893773579184,3.0,0.368153032829,67.2642864673,化学制药,2025-04-23,2024-03-31
688050,爱博医疗,0.54,310403646.88,63.551021302,9.653,102903404.36,31.26,97.8622,21.046400208751,4.72,0.512629614645,71.6089564875,医疗器械,2025-04-23,2024-03-31
605228,神通科技,0.03,300391352.38,0.8370711846,-48.7217,11516062.88,444.72,-63.9342,3.540504134894,0.74,-0.150598752572,19.8269072955,汽车零部件,2025-04-23,2024-03-31
605198,安德利,0.15,270364678.79,20.932584034,30.3274,53356720.93,-13.82,29.4261,7.401084232264,2.09,0.473545312407,25.4832536034,农产品加工,2025-04-23,2024-03-31
605086,龙高股份,0.14,66765159.34,3.219272377,-18.8654,24744190.53,11.33,4.456,9.434081936016,2.07,0.321857266797,61.7658472138,非金属材料Ⅱ,2025-04-23,2024-03-31
605068,明新旭腾,0.08,224138797.29,50.2623576238,-19.7574,13058132.09,329.4319304943,-18.2183,10.58320801686,0.7,-0.258223117076,27.4425627842,汽车零部件,2025-04-23,2024-03-31
603893,瑞芯微,0.16,543077768.88,64.8858061589,-20.134,67649705.21,468.0882576978,17.5114,7.488213971492,2.19,0.506022450999,34.675484463,半导体,2025-04-23,2024-03-31
603817,海峡环保,0.0993,257674140.61,0.8297699083,2.9086,53061304.89,32.22,629.2355,4.977516507262,1.96,-0.184290999536,41.8033660712,环境治理,2025-04-23,2024-03-31
603693,江苏新能,0.28,666712636.67,20.2378445231,36.4682,250467682.63,41.95,171.4613,7.482196418191,3.83,0.406819902912,63.0950707071,电力,2025-04-23,2024-03-31
603612,索通发展,-0.08,3105548133.41,-26.4434119407,-8.137,-42460638.41,84.4507369214,89.1352,10.279972238058,-0.76,-0.161676420099,9.943724935,非金属材料Ⅱ,2025-04-23,2024-03-31
603606,东方电缆,0.38,1310474328.3,-8.8609546131,-33.1576,263358240.98,2.95,47.8159,9.131314804354,4.1,0.004459055363,22.2310559428,电网设备,2025-04-23,2024-03-31
603505,金石资源,0.1,448114391.69,166.4876496389,-39.5518,60535568.14,74.94,-41.0663,2.801474117926,3.64,0.095781445872,20.6108081291,化学制品,2025-04-23,2024-03-31
603439,三力制药,0.14,422024144.62,20.9315891065,-36.5828,56048131.61,2.03,-58.4018,3.757124942788,3.74,0.014900813838,69.5095616897,中药Ⅱ,2025-04-23,2024-03-31
603339,四方科技,0.17,444541009.71,-16.3411363625,-24.867,51800122.08,-32.27,-39.2961,8.145857405984,2.07,-0.070042018907,25.2445476342,通用设备,2025-04-23,2024-03-31
603275,众辰科技,0.32,145106076.85,5.3627869332,-1.9497,47220054.11,15.65,10.3633,18.124890929333,1.76,-0.144781122136,42.4406097228,自动化设备,2025-04-23,2024-03-31
603205,健尔康,0.28,211887752.7,0.477736754,-34.2359,24956173.02,3.4864568699,-37.8373,,2.7,,22.5745201082,医疗器械,2025-04-23,2024-03-31
603199,九华旅游,0.4706,180273226.88,-6.126923661,11.2909,52081464.68,-15.8,127.7968,13.28093602846,3.61,-0.154089797886,54.6807121257,旅游及景区,2025-04-23,2024-03-31
603160,汇顶科技,0.35,1218471529.44,44.3836798577,0.5644,162399848.3,216.9726082391,6.4185,18.00996563427,1.99,0.482299870716,40.377738983,半导体,2025-04-23,2024-03-31
603086,先达股份,-0.03,489964898.81,-10.5578173117,23.7141,-13762047.97,-130.98,87.9903,4.58245415583,-0.69,0.166776122956,12.8141604618,农化制品,2025-04-23,2024-03-31
603015,弘讯科技,0.04,178433368.68,11.5895497565,-8.9403,16879402.3,84.58,-44.7202,3.395019629013,1.21,0.006276324542,38.1049184427,自动化设备,2025-04-23,2024-03-31
601677,明泰铝业,0.3,7185389200.2,17.9225044836,2.849,361982656.69,2.35,93.8629,13.095799762736,2.92,-0.457556572935,11.0378070918,工业金属,2025-04-23,2024-03-31
601399,国机重装,0.0151,2871039287.24,11.576258756,-8.2449,108813169.07,33.76,33.4499,1.943963454746,0.78,-0.03831052428,10.9258129655,专用设备,2025-04-23,2024-03-31
601068,中铝国际,0.0189,4985267000.0,15.7726639268,-31.6882,103961000.0,3343.56,105.4944,0.798631460525,2.41,-0.287805581962,9.4450307275,专业工程,2025-04-23,2024-03-31
601005,重庆钢铁,-0.04,7736437619.53,-26.1114102054,-16.8602,-333758307.26,-216.5028682381,63.0018,2.189310396992,-1.7,-0.093388314166,-2.0965585065,普钢,2025-04-23,2024-03-31
600989,宝丰能源,0.19,8226861994.09,22.1864514142,-5.8153,1420935000.59,19.89,-19.2568,5.455311750592,3.62,0.242972326796,28.722286493,化学原料,2025-04-23,2024-03-31
600941,中国移动,1.38,263707000000.0,5.1689757763,12.8163,29609000000.0,5.5,12.7532,62.503536061839,2.2,2.659130372678,26.1718498182,通信服务,2025-04-23,2024-03-31
600710,苏美达,0.2,23755593597.58,-23.3734198483,-11.7925,267428434.33,5.09,97.623,5.437248640836,3.78,-1.770668239685,6.1191834349,贸易Ⅱ,2025-04-23,2024-03-31
600663,陆家嘴,0.129,2997522114.21,49.6799173936,-42.9552,620732674.4,-4.78,61.1192,4.829722903498,2.73,0.124089133844,65.2583118712,房地产开发,2025-04-23,2024-03-31
600497,驰宏锌锗,0.0958,4672162549.9,-19.5973782579,-15.8173,487535414.51,-22.6,343.512,3.194178906255,3.04,0.139888406405,20.0037252781,工业金属,2025-04-23,2024-03-31
600282,南钢股份,0.0898,16872433286.28,-5.7270677324,4.293,553932298.76,47.24,20.3826,4.327372159762,2.08,0.062245267823,10.3001392621,普钢,2025-04-23,2024-03-31
600136,ST明诚,0.0,10852908.55,-91.5043471771,-53.9749,-743871.38,99.624247301,-100.0155,0.182763610279,,0.004496480773,40.7374555828,房地产服务,2025-04-23,2024-03-31
600064,南京高科,0.304,283631767.74,-76.5392047387,-42.4828,525847297.99,-18.02,579.2079,10.484764376068,2.95,-0.225081931019,22.8404143527,房地产开发,2025-04-23,2024-03-31
301626,苏州天脉,0.65,236909161.74,1.5669871355,-4.6728,56474133.14,54.5026924234,23.094,,7.1,,42.8161006755,消费电子,2025-04-23,2024-03-31
301608,博实结,0.5278,247726354.88,0.8935901256,-10.5178,35224905.84,9.86,-11.2964,15.597020926978,3.44,0.362052285004,26.8768104436,计算机设备,2025-04-23,2024-03-31
301577,美信科技,0.17,105555106.62,7.3670294961,-4.0367,6706367.94,-23.66,-53.8034,17.440471190917,1.58,0.196488214415,21.1359943487,通信设备,2025-04-23,2024-03-31
301377,鼎泰高科,0.1,332755510.87,20.4505530217,-15.3325,40661339.93,-40.43,-18.7851,5.764861070171,1.74,0.044879234805,33.7683514531,通用设备,2025-04-23,2024-03-31
301371,敷尔佳,0.38,409023327.96,9.651993697,-31.1442,151726071.7,-4.77,-28.7975,14.379816236028,2.67,0.319393363902,81.4141206397,化妆品,2025-04-23,2024-03-31
301318,维海德,0.16,116261916.22,15.1169825804,-9.4385,21927903.73,9.38,523.8643,16.91868657091,1.25,0.081039812232,47.2360197866,计算机设备,2025-04-23,2024-03-31
301317,鑫磊股份,0.08,165278254.7,41.1170799719,-53.1923,12637465.99,-29.08,-51.352,6.68474070138,1.05,-0.74316201126,23.3069723418,通用设备,2025-04-23,2024-03-31
301289,国缆检测,0.21,67621996.85,14.0663958295,-6.7799,16310580.84,21.62,-26.3303,12.157033720385,1.71,0.205615256282,59.8467780089,专业服务,2025-04-23,2024-03-31
301265,华新科技,0.0,76231363.05,-52.4617343752,-60.2193,-148957.81,-100.53,-102.1778,6.716163873342,-0.01,-0.108539948199,19.105256652,环境治理,2025-04-23,2024-03-31
301262,海看股份,0.26,243364500.98,0.4882714206,-12.5888,108978603.08,1.62,-12.5976,8.485462662374,3.13,0.07846533506,55.9594336198,广告营销,2025-04-23,2024-03-31
301205,联特科技,-0.036,180074649.97,0.269657073,9.6056,-4676657.9,-117.66,-192.1601,10.919771835152,-0.34,0.063749634049,13.1103630377,通信设备,2025-04-23,2024-03-31
301158,德石股份,0.0874,84896780.79,-4.5450591176,-65.5307,13148106.35,-1.93,-64.0392,8.728157859942,1.0,-0.031209950275,41.225195731,专用设备,2025-04-23,2024-03-31
301136,招标股份,0.0253,103620644.88,-3.1736276797,-64.3028,6976426.59,-48.43,6077.5335,5.344413393704,0.48,-0.112873934185,39.2809681383,工程咨询服务Ⅱ,2025-04-23,2024-03-31
301130,西点药业,0.1738,66705459.25,20.3199533278,21.293,14042843.67,46.66,52.5005,11.578538735294,1.42,0.092145659897,78.0466533404,化学制药,2025-04-23,2024-03-31
301116,益客食品,0.1751,4589498644.13,-11.084437325,-13.6628,78438709.45,-32.97,147.3685,4.020401447934,4.39,0.285412540543,6.1996276629,养殖业,2025-04-23,2024-03-31
301107,瑜欣电子,0.09,95070067.74,-26.917222307,-7.2863,6455387.64,-59.65,-4.7671,12.5417352797,0.7,0.255759795913,24.4864965003,通用设备,2025-04-23,2024-03-31
301096,百诚医药,0.46,215702841.54,34.0426141634,-28.9614,49818209.14,42.06,-29.3144,25.168848366216,1.84,-1.119865197823,68.1918089117,医疗服务,2025-04-23,2024-03-31
301085,亚康股份,0.26,371571098.45,-13.0487899052,179.1852,22694763.01,8.27,522.5997,12.947552071937,2.03,-1.247738437874,13.9433609439,IT服务Ⅱ,2025-04-23,2024-03-31
300981,中红医疗,0.0033,544935917.11,26.2157476831,4.094,1287194.84,120.85,100.919,14.778928322716,0.02,0.085656337027,11.4123959492,医疗器械,2025-04-23,2024-03-31
300932,三友联众,0.03,466856665.29,17.7676376497,-1.1095,7057878.84,5.95,-54.2561,9.78538163752,0.41,0.283378698299,18.1735444191,电网设备,2025-04-23,2024-03-31
300897,山科智能,0.16,134881123.57,16.4024443346,-32.5589,16565310.29,7.04,-48.6968,14.571877864853,1.7,-0.465833789118,45.7425820285,通用设备,2025-04-23,2024-03-31
300895,铜牛信息,-0.1079,50656857.16,-23.0445529379,-22.0682,-15195141.16,-2328.36,86.857,6.767220941022,-1.58,-0.007576694546,2.1622993044,IT服务Ⅱ,2025-04-23,2024-03-31
300889,爱克股份,-0.2254,171343020.41,0.480965443,-48.8857,-35040755.42,-105.27,-223.5162,10.059432508333,-2.21,-0.464895241218,24.3479864661,光学光电子,2025-04-23,2024-03-31
300880,迦南智能,0.1611,212400201.79,65.2407973546,-30.355,31287246.83,61.52,-34.2268,4.925602855577,3.33,0.20895024361,26.4359563112,电网设备,2025-04-23,2024-03-31
300858,科拓生物,0.07,59025584.73,-18.1880084068,-28.2756,18516444.83,-7.66,-13.774,6.64724866986,1.06,0.108974297543,54.3373832326,化学制品,2025-04-23,2024-03-31
300856,科思股份,0.649,711843765.01,21.1043034817,13.7951,219777234.42,37.16,11.356,16.350019605429,8.01,0.952110927203,47.8223079042,化妆品,2025-04-23,2024-03-31
300839,博汇股份,-0.41,792537694.71,90.6941449127,-8.4584,-99426772.9,-284.55,65.9684,2.482994141533,-14.63,-1.592358317127,0.9392344086,炼化及贸易,2025-04-23,2024-03-31
300823,建科智能,0.08,97398341.7,2.1973533583,-23.2828,10894408.51,-17.5,-36.9037,10.525725529975,1.11,0.066014022838,39.6538030791,专用设备,2025-04-23,2024-03-31
300811,铂科新材,0.2564,335064400.48,15.2795693435,10.0765,71521980.02,8.98,6.8962,9.959072328983,3.69,0.152414085218,37.9129120127,金属新材料,2025-04-23,2024-03-31
300789,唐源电气,0.0496,91461662.4,29.2382732717,-68.2192,7059540.8,22.13,-88.2757,9.07404180376,0.71,-0.043577850576,38.4730164056,计算机设备,2025-04-23,2024-03-31
300778,新城市,-0.4949,59200957.53,-1.8050009804,121.5832,-100278740.38,-779.53,-60.6636,6.636825896605,-7.39,-0.087680893326,24.1070865328,工程咨询服务Ⅱ,2025-04-23,2024-03-31
300718,长盛轴承,0.17,276043743.93,6.8530184146,-3.4897,52230941.54,1.29,-17.9021,5.287654162109,3.35,0.107301725381,34.2908763417,通用设备,2025-04-23,2024-03-31
300715,凯伦股份,0.02,528000491.36,4.1347067067,-26.7153,7870130.65,-77.1,115.0078,6.203975229661,0.32,-0.677009737179,21.7123038228,装修建材,2025-04-23,2024-03-31
300681,英搏尔,0.0335,473845480.82,83.7966222838,-32.5698,8464507.73,207.94,-78.4594,7.337586623912,0.46,1.882186449584,14.902894154,汽车零部件,2025-04-23,2024-03-31
300679,电连技术,0.383,1040259781.57,68.774614905,12.5387,161791268.06,244.43,48.7675,10.88941195663,3.6,0.152146780318,35.3075276,消费电子,2025-04-23,2024-03-31
300649,杭州园林,0.06,65635945.88,-7.7432500358,-37.6424,8114216.45,-22.97,249.8171,4.139527933312,1.49,-0.120244909383,32.1001228024,基础建设,2025-04-23,2024-03-31
300643,万通智控,0.12,279229483.09,15.2258597276,15.2925,27085582.05,81.12,-23.1171,4.660556931957,2.54,0.310471442435,32.8650787318,汽车零部件,2025-04-23,2024-03-31
300619,金银河,-0.1095,347452975.07,-26.9709105001,-3.3289,-14649640.84,-168.82,2.3018,16.094245531432,-0.88,-1.98934210774,16.8493730722,电池,2025-04-23,2024-03-31
300609,汇纳科技,-0.1719,50257630.76,-9.8569629686,-72.7448,-20937950.38,-209.66,-2134.7385,8.803734184866,-1.94,-0.386498245008,47.0958958114,IT服务Ⅱ,2025-04-23,2024-03-31
300586,美联新材,0.0373,420178824.05,-19.7958082035,-11.5753,26512350.95,-50.6,87.8185,2.741023401793,1.37,-0.028329356957,19.56371422,塑料,2025-04-23,2024-03-31
300561,汇金科技,-0.003,19597329.91,-51.8609269414,-29.2462,-985961.35,-147.15,-449.1535,1.955378835763,-0.15,-0.055144469012,55.5763481047,软件开发,2025-04-23,2024-03-31
300549,优德精密,0.0023,69426390.17,-27.7040459427,-8.8378,304454.41,-95.91,-79.583,4.121616025949,0.06,0.013412853232,26.0635574969,专用设备,2025-04-23,2024-03-31
300508,维宏股份,0.1416,108837584.75,4.8308166696,-6.3855,15444380.72,-31.47,242.3932,6.568533052292,2.17,-0.145850943678,59.3589082746,计算机设备,2025-04-23,2024-03-31
300502,新易盛,0.46,1112853894.49,85.4067732156,10.1227,324540534.21,200.96,25.4032,8.166175410701,6.37,0.232753055304,42.0049085378,通信设备,2025-04-23,2024-03-31
300487,蓝晓科技,0.34,630918111.12,25.9860716164,-30.8368,169143949.73,26.35,-14.9365,6.787228962022,4.81,0.143757699689,45.4182980167,塑料,2025-04-23,2024-03-31
300471,厚普股份,-0.0516,49639396.2,-68.237827568,-85.9624,-20850020.37,-91.99,64.6987,2.971476091538,-1.72,-0.063662402793,25.9875138449,专用设备,2025-04-23,2024-03-31
300458,全志科技,0.08,409514283.15,71.6697032136,-25.8284,49087393.65,218.39,12.7977,4.78577900459,1.64,-0.008471325032,33.4406985775,半导体,2025-04-23,2024-03-31
300452,山河药辅,0.21,237688540.94,-4.0468931093,19.4988,49815076.0,0.86,31.0788,3.660683287578,5.6,-0.043633993645,33.3440727166,化学制药,2025-04-23,2024-03-31
300422,博世科,0.13,625793849.61,53.2964405213,0.4453,66716609.6,7224.3,147.7104,3.938173929415,3.19,0.387820574308,24.3175844417,环境治理,2025-04-23,2024-03-31
300417,南华仪器,-0.0344,14412201.95,-37.7337530272,-46.9924,-4655012.7,-45.3,-1095.0221,3.328464923354,-1.03,0.021928036471,43.4661906052,通用设备,2025-04-23,2024-03-31
300415,伊之密,0.25,954745136.16,11.7193310346,-17.4053,115913379.52,28.83,3.1947,5.678084961181,4.55,-0.241652897677,33.0050325878,专用设备,2025-04-23,2024-03-31
300409,道氏技术,0.0245,2001701468.85,25.9386094073,3.1266,14252078.7,139.08,4261.2291,9.557455876707,0.24,0.563984654988,14.6926607507,电池,2025-04-23,2024-03-31
300398,飞凯材料,0.11,668475317.5,12.5080212922,-8.3847,59841252.83,-17.13,161.1872,7.078356454974,1.55,0.173166188732,35.510838138,电子化学品Ⅱ,2025-04-23,2024-03-31
300387,富邦科技,0.0906,315727870.21,27.8402469118,5.9182,26200443.33,37.74,158.3162,4.629339603164,1.98,-0.00685553682,26.7808445494,农化制品,2025-04-23,2024-03-31
300381,溢多利,0.0401,198841582.87,9.9424516121,2.1705,19630209.75,243.53,184.8208,5.351173223213,0.75,0.108136065519,49.9128507315,化学制药,2025-04-23,2024-03-31
300355,蒙草生态,-0.02,163122400.66,-44.2435078794,-76.6907,-29310587.87,-164.36,12.4318,2.70511957844,-0.67,-0.081192861123,17.8798580587,基础建设,2025-04-23,2024-03-31
300292,吴通控股,0.02,1089905390.72,38.1384606988,-0.0762,32836251.11,61.16,200.4223,0.984223696117,2.52,0.017821793379,10.1190918651,通信服务,2025-04-23,2024-03-31
300267,尔康制药,0.0014,275789340.2,-49.5746027681,-18.3457,2901461.74,-88.87,101.2326,2.329618059512,0.06,0.005187237253,29.8730673746,化学制药,2025-04-23,2024-03-31
300264,佳创视讯,-0.0284,18254314.71,-48.938280308,-73.9476,-12238835.89,-1.69,39.093,0.169361674525,-15.47,-0.067252160121,21.3793127926,IT服务Ⅱ,2025-04-23,2024-03-31
300263,隆华科技,0.06,641730240.6,7.4971903351,11.8675,54943051.96,-30.87,209.1586,3.405576566849,1.73,-0.238979625645,22.1896856687,通用设备,2025-04-23,2024-03-31
300238,冠昊生物,0.05,91441252.36,-18.8522653841,-3.9782,14391514.75,-34.92,240.1926,2.017321995766,2.73,0.040996817866,78.0505279926,医疗器械,2025-04-23,2024-03-31
300224,正海磁材,0.1,1172919664.29,-14.7576594302,-5.9132,78020910.32,-33.66,-2.317,4.432895264145,1.99,-0.167386117871,15.3775618051,金属新材料,2025-04-23,2024-03-31
300187,永清环保,0.04,107632149.91,-47.1965751134,-27.2206,25852551.72,21.57,92.9289,1.635048382516,2.48,0.156474483199,38.2241005633,环境治理,2025-04-23,2024-03-31
300180,华峰超纤,0.0131,1192456727.58,20.7613056349,-6.3105,23049805.44,187.9,111.1731,2.596688763843,0.51,0.076096659413,15.908959263,塑料,2025-04-23,2024-03-31
300176,鸿特科技,0.0253,435635258.51,6.9753957196,-1.2031,9800385.49,199.97,-50.7001,2.364571257134,1.08,0.243732604224,13.8350233189,汽车零部件,2025-04-23,2024-03-31
300150,世纪瑞尔,-0.022,86091494.63,-24.8730745147,-76.0952,-13062687.49,-1442.91,66.4602,2.541527653586,-0.87,0.030174719573,43.7043528768,IT服务Ⅱ,2025-04-23,2024-03-31
300135,宝利国际,0.0048,401826993.91,43.6573620648,-37.9549,4413200.22,296.16,109.3476,1.039601231196,0.46,-0.040731056185,2.1025159579,炼化及贸易,2025-04-23,2024-03-31
300110,华仁药业,0.043,406703155.73,0.8583776945,-3.2416,50822916.88,23.65,-0.307,2.321844446638,1.87,0.093483014121,42.0400154022,化学制药,2025-04-23,2024-03-31
300091,*ST金灵,-0.0164,374205528.46,9.3808324945,-8.8258,-24495779.94,12.62,93.8951,1.323133357649,-1.24,-0.019204044343,15.7117357838,通用设备,2025-04-23,2024-03-31
300085,银之杰,-0.0444,209206106.86,-23.0589498181,-17.4136,-31388588.94,-2669.5,50.3078,0.903063524172,-4.81,-0.073044495502,20.5454263956,软件开发,2025-04-23,2024-03-31
300076,*ST宁视,-0.0002,38766840.24,101.4526781463,-65.9483,-95088.05,97.44,99.3049,2.329008781179,-0.01,-0.054076325896,23.5573887205,光学光电子,2025-04-23,2024-03-31
300072,海新能科,-0.0501,521088870.69,-73.5253650705,-77.5138,-117698858.69,15.44,-153.3648,2.896183187675,-1.71,-0.032550255077,0.7302181248,化学制品,2025-04-23,2024-03-31
300069,金利华电,-0.0356,27407327.33,147.8928435576,-58.2466,-4167685.17,13.87,-151.5566,2.041746690598,-1.73,-0.092924862393,24.0239675351,电网设备,2025-04-23,2024-03-31
300065,海兰信,0.0034,46875396.72,-69.1824140183,-82.3464,2442796.09,-48.02,101.9526,2.351949231552,0.14,-0.04749761631,34.9076251615,航海装备Ⅱ,2025-04-23,2024-03-31
300061,旗天科技,-0.0087,202276364.61,-10.7272264541,-27.244,-5714084.44,-457.91,98.7684,1.15604045166,-0.75,-0.389291086901,29.7883175902,广告营销,2025-04-23,2024-03-31
300056,中创环保,0.0453,99124224.63,58.0468463171,-46.9242,17444126.61,216.86,119.7974,0.828624746762,5.92,-0.237091800665,17.3174009926,环境治理,2025-04-23,2024-03-31
002988,豪美新材,0.2368,1411443160.03,7.8536684297,-19.0656,58713254.13,177.6,2.9365,10.177806667939,2.29,-0.264624921334,12.0108764363,工业金属,2025-04-23,2024-03-31
002983,芯瑞达,0.19,250086670.1,-16.6803713633,53.6865,34956857.67,-9.64,12.7815,7.049846332989,2.72,-0.267533583107,21.7175577284,光学光电子,2025-04-23,2024-03-31
002977,*ST天箭,0.0581,28329480.71,19.9681951921,20.9698,6974380.0,-56.47,50.6942,9.206899222361,0.63,-0.064535341991,43.9602684126,军工电子Ⅱ,2025-04-23,2024-03-31
002942,新农股份,0.19,277030126.3,0.629716925,73.6209,29772695.72,175.87,162.7005,7.405312299103,2.62,-0.179118903269,30.4598483013,农化制品,2025-04-23,2024-03-31
002882,金龙羽,0.0834,685170118.67,-3.6004094092,-40.4924,36108567.75,-15.29,414.4729,4.925110982051,1.71,-0.428749432409,12.7380722658,电网设备,2025-04-23,2024-03-31
002880,卫光生物,0.2065,226302459.95,8.5289770077,-27.7153,46831857.32,2.4,-30.5272,9.087787679189,2.3,-0.051672775088,43.2784932438,生物制品,2025-04-23,2024-03-31
002847,盐津铺子,0.59,1223244715.96,36.9997462961,10.146,159624450.4,43.1,45.2288,8.349593484684,10.38,1.092994578994,32.1008261746,休闲食品,2025-04-23,2024-03-31
002787,华源控股,0.06,580878687.46,8.8744240827,-6.4656,19255241.09,839.5,227.1532,4.770213618518,1.18,-0.061034135969,14.6594211921,包装印刷,2025-04-23,2024-03-31
002709,天赐材料,0.06,2463055780.57,-42.9054738379,-24.919,114391149.88,-83.54,-17.6478,6.899840859201,0.85,0.011427566373,19.5329894575,电池,2025-04-23,2024-03-31
002703,浙江世宝,0.0276,493440384.78,43.0255663057,-23.2501,21779300.91,140.12,-40.2945,2.324757466073,1.47,0.00529691154,18.8761420737,汽车零部件,2025-04-23,2024-03-31
002646,天佑德酒,0.2293,526133742.09,32.765981389,95.3968,108339996.92,40.43,759.7491,6.100170655337,3.77,0.289793218848,63.0183813669,白酒Ⅱ,2025-04-23,2024-03-31
002585,双星新材,-0.076,1381422543.91,8.1812694993,0.4638,-87450024.31,-3634.28,59.0078,8.005958699466,-0.94,-0.315066771469,1.2894862219,塑料,2025-04-23,2024-03-31
002515,金字火腿,0.02,132991111.34,10.9009685879,66.2449,23643496.12,13.37,85.2717,2.155788562276,0.91,0.076271430895,28.981937448,食品加工,2025-04-23,2024-03-31
002446,盛路通信,0.04,279131827.43,-19.18532893,31.2563,34374557.41,-53.08,130.9525,3.535242589576,1.07,-0.017691620324,35.8614946499,军工电子Ⅱ,2025-04-23,2024-03-31
002402,和而泰,0.1036,1981896074.22,20.5095709036,-1.8961,96572467.09,18.06,3413.2778,4.976005733671,2.1,-0.159560112997,16.842935153,家电零部件Ⅱ,2025-04-23,2024-03-31
002353,杰瑞股份,0.37,2131106989.38,-6.5205635611,-58.6683,375421080.49,6.84,-57.8398,19.14518683713,1.93,0.204407168836,35.4997635792,专用设备,2025-04-23,2024-03-31
002282,博深股份,0.11,368448615.48,31.2472537845,-17.1505,58063110.17,129.52,43.0966,6.656482286192,1.67,-0.023743705726,26.2703964117,通用设备,2025-04-23,2024-03-31
002204,大连重工,0.0738,3188015238.32,21.0823810322,14.8436,142579993.65,24.88,197.8517,3.660945014005,2.03,0.018332844361,16.9389906798,专用设备,2025-04-23,2024-03-31
002177,御银股份,0.0075,16991452.2,-5.7801472912,-5.4607,5672129.3,-48.76,86.8807,2.238066510572,0.33,0.012717838888,55.4791658126,一般零售,2025-04-23,2024-03-31
002165,红宝丽,0.04,597195265.26,6.2954036602,-24.478,28824532.93,243.32,601.5411,2.818637746539,1.4,0.03070204452,17.5788691919,化学制品,2025-04-23,2024-03-31
002155,湖南黄金,0.14,7818319389.83,37.8510381244,71.8319,162401970.99,52.58,54.8117,5.291471702451,2.58,-0.174559798134,5.6608616075,贵金属,2025-04-23,2024-03-31
002073,软控股份,0.0676,1464361159.78,22.607695298,-25.6769,68419216.61,266.9,-44.608,5.313252932502,1.28,0.078070068321,20.2770826382,专用设备,2025-04-23,2024-03-31
002017,东信和平,0.0753,360423864.14,2.879284377,6.892,43704509.9,22.85,-35.7023,2.918815686131,2.61,0.016439080247,31.0714150982,通信设备,2025-04-23,2024-03-31
002004,华邦健康,0.0786,2915489646.11,-2.0183568478,6.3458,155559826.48,-12.18,176.7049,5.1731350525,1.52,0.056324670839,36.2329679006,化学制药,2025-04-23,2024-03-31
001270,铖昌科技,-0.0732,19775974.58,-50.7173232655,-83.0253,-14903337.67,-222.09,-154.5547,8.900582397295,-1.06,-0.525970661307,38.5133673144,军工电子Ⅱ,2025-04-23,2024-03-31
001267,汇绿生态,0.0039,99487602.46,-2.8463016666,-66.3899,3052616.69,-41.3,-90.6122,1.950524501265,0.2,-0.045063941812,23.6881347095,通信设备,2025-04-23,2024-03-31
001206,依依股份,0.23,383600696.74,35.1819659014,9.1655,42271307.81,1974.82,166.3429,9.808081888389,2.36,0.183664746415,18.2190229303,个护用品,2025-04-23,2024-03-31
000997,新大陆,0.2453,1741050254.41,-8.34,-26.4273,248528169.34,-16.93,34.0563,6.436917067471,3.81,-0.111162972961,38.9265114645,计算机设备,2025-04-23,2024-03-31
000860,顺鑫农业,0.6074,4056913966.04,-0.7548518585,127.2477,450576815.92,37.42,13705.2884,9.751448941387,6.43,-0.598666556176,37.1523908524,白酒Ⅱ,2025-04-23,2024-03-31
000803,山高环能,0.02,416414141.1,-38.7875697089,-26.7637,8772491.1,-78.28,198.7513,2.988454861878,0.62,-0.051916590192,22.2881113223,电力,2025-04-23,2024-03-31
000516,国际医学,-0.0464,1172923244.52,10.7479556013,-7.9491,-104912277.28,-40.37,28.1605,1.685922035073,-2.72,0.096977174855,7.8363700242,医疗服务,2025-04-23,2024-03-31
000428,华天酒店,-0.046,139564382.73,4.902125209,-21.8135,-46862890.68,-6.9,-56.8732,1.657947173288,-2.77,0.030099220758,17.2779842094,酒店餐饮,2025-04-23,2024-03-31
000063,中兴通讯,0.57,30578301000.0,4.9254531518,-12.2761,2740979000.0,3.74,84.6291,14.815670803044,3.94,0.623550881283,41.9733490098,通信设备,2025-04-23,2024-03-31
920982,锦波生物,1.15,225500687.12,76.0874983763,-14.3288,101369815.9,135.72,-5.7214,15.495743207855,10.09,1.540449920395,91.8968236889,医疗美容,2025-04-22,2024-03-31
920855,浙江大农,0.09,49248485.72,-8.9476128466,-29.0731,6826518.11,-9.77,-21.3101,7.292133764059,1.26,-0.020177923551,29.960946848,专用设备,2025-04-22,2024-03-31
920608,丰安股份,0.15,41495463.91,27.5515059749,130.6565,9612269.55,11.56,1226.0834,7.226029361183,2.16,-0.174515114878,30.73240477,专用设备,2025-04-22,2024-03-31
920509,同惠电子,0.03,31566514.13,10.5540247312,-42.9571,4403400.33,21.05,-65.6277,2.132968251014,1.28,0.019430649907,53.6135692091,通用设备,2025-04-22,2024-03-31
920396,常辅股份,0.1278,58517663.98,48.2287402648,-32.7076,7640818.91,109.15,-57.6977,5.093966807965,2.55,0.26539624233,42.174459781,自动化设备,2025-04-22,2024-03-31
920262,太湖雪,0.1429,108609332.34,24.5391443004,-40.8601,7388277.1,14.17,-20.7683,6.055243677776,2.32,-0.2196365741,40.0329858247,服装家纺,2025-04-22,2024-03-31
920089,禾昌聚合,0.2,328684676.71,14.1166446661,-22.5643,30071979.31,6.69,1.2989,9.687491288608,2.93,-0.437563551385,17.8749670925,塑料,2025-04-22,2024-03-31
920000,安徽凤凰,0.13,96399161.33,-1.6797926531,-9.5461,11595185.93,-21.62,11.9171,6.19292936442,2.07,0.044291085624,24.6536714968,汽车零部件,2025-04-22,2024-03-31
834730,联君科技,-0.05,5252091.23,,,-1358480.14,,,,-1.07,-0.2478483532,40.5305604335,,2025-04-22,2024-03-31
688799,华纳药厂,0.64,372901239.16,4.3760079984,-1.0993,60053057.57,21.9,13.2099,19.014527795096,3.42,0.623071191258,64.300346754,化学制药,2025-04-22,2024-03-31
688582,芯动联科,-0.004,22434587.57,100.2109332127,-82.0306,-1602204.25,72.4695198254,-102.3417,5.162225814805,-0.08,0.072001677758,80.5758416712,半导体,2025-04-22,2024-03-31
688552,航天南湖,-0.05,27508575.48,-45.9423259512,-87.4685,-16149160.43,5.42,-126.2491,7.863489343925,-0.61,-0.321807228627,1.8157605084,军工电子Ⅱ,2025-04-22,2024-03-31
688548,广钢气体,0.05,460972839.32,11.3274913043,-3.9279,67153749.05,-10.18,-27.5772,4.395401963165,1.16,0.066340862057,30.7431089148,电子化学品Ⅱ,2025-04-22,2024-03-31
688516,奥特维,1.06,1964338188.57,89.0565959835,-4.7875,332826703.19,50.44,-17.7041,17.227235604425,8.67,-0.911047105763,32.331655454,光伏设备,2025-04-22,2024-03-31
688510,航亚科技,0.12,160567819.53,41.7641586913,11.3517,31645687.53,153.27,52.7427,4.182104730671,2.97,0.086894878196,42.547311759,航空装备Ⅱ,2025-04-22,2024-03-31
688507,索辰科技,-0.24,31864167.66,346.2166481085,-88.1112,-21268019.21,-9.0021179798,-122.4794,46.578415119165,-0.74,-0.594779452459,43.7582035683,软件开发,2025-04-22,2024-03-31
688410,山外山,0.1065,162081904.07,-16.0337092963,41.5806,34232483.34,-54.1,165.7605,7.931674111365,2.0,0.001517696204,43.4369541461,医疗器械,2025-04-22,2024-03-31
688188,柏楚电子,0.94,381059219.51,40.3090609067,-8.3145,193550949.11,46.55,23.4752,35.722790522855,3.81,0.996838262826,78.5657540513,计算机设备,2025-04-22,2024-03-31
688186,广大特材,0.02,892155461.91,3.4135786841,7.107,4673480.12,-93.55,1058.9286,15.346856678514,0.13,-1.245122834274,13.0361161407,特钢Ⅱ,2025-04-22,2024-03-31
688122,西部超导,0.17,793561584.95,-13.9605062766,-25.883,110496998.85,-46.95,-34.9296,9.977019475823,1.72,0.222855973258,28.4607759087,航空装备Ⅱ,2025-04-22,2024-03-31
688083,中望软件,-0.21,120047502.54,3.8391478924,-66.8671,-25611101.02,-44.9435386758,-144.7279,21.872524806251,-0.96,-1.378846007618,95.1157537342,软件开发,2025-04-22,2024-03-31
688078,龙软科技,0.17,46364698.26,-13.0773359485,-67.8519,12177743.18,-5.71,-40.6904,10.173020532554,1.78,-0.410644599647,55.582017175,软件开发,2025-04-22,2024-03-31
688063,派能科技,0.02,385579683.51,-79.0522890806,54.1092,4000435.14,-99.13,102.874,54.047645441814,0.04,1.197169453228,33.9228154034,电池,2025-04-22,2024-03-31
688041,海光信息,0.12,1592079880.4,37.0930742889,-23.061,288537305.29,20.53,-20.193,8.198507373685,1.53,-0.029205673771,62.8737542955,半导体,2025-04-22,2024-03-31
688027,国盾量子,-0.52,9476300.1,-68.9450535981,-88.5616,-41473613.69,-155.6110078064,7.3906,18.317408761773,-2.8,-0.643662820001,40.1844791724,通信设备,2025-04-22,2024-03-31
688010,福光股份,-0.13,98725814.48,-29.5195435776,-32.215,-20060115.53,-159.1737265411,37.0819,10.551161778941,-1.18,0.11254541538,18.6540004729,光学光电子,2025-04-22,2024-03-31
688003,天准科技,-0.1979,193239748.61,6.2023195664,-74.8804,-37997043.34,-13.625641724,-121.8225,9.662470227546,-2.0,-0.626240352568,39.454280234,自动化设备,2025-04-22,2024-03-31
605365,立达信,0.137,1414277845.8,-4.5169179744,-12.6493,68850807.42,100.39,9.9089,7.069842774859,1.942,-0.022722869917,29.8038742049,照明设备Ⅱ,2025-04-22,2024-03-31
605060,联德股份,0.22,289910186.13,3.4304368401,2.4446,51830617.5,-8.49,10.6184,9.432674903754,2.28,0.1484879872,34.4480932916,通用设备,2025-04-22,2024-03-31
603718,*ST海利,-0.01,70304397.74,-1.305579582,52.4385,-3719366.81,-126.13,68.5555,1.859756135933,-0.3,-0.001869181851,43.7392222798,医疗器械,2025-04-22,2024-03-31
603703,盛洋科技,0.01,171859485.01,-13.1394532661,23.3403,3709917.58,-30.16,180.1281,2.041085006675,0.44,-0.068175154438,28.2977877754,光学光电子,2025-04-22,2024-03-31
603613,国联股份,0.44,13622768757.64,3.5468991059,1.5079,312878696.91,22.21,-26.0069,9.463911804051,4.68,-0.154242895952,4.6196717635,互联网电商,2025-04-22,2024-03-31
603367,辰欣药业,0.36,1148946834.25,1.2820598707,-8.267,162863217.96,4.5,24.4261,13.019726620563,2.8,0.541177354598,62.1870683778,化学制药,2025-04-22,2024-03-31
603351,威尔药业,0.26,329832361.62,33.8359461078,0.8169,34603545.42,31.52,1.9919,11.964041918107,2.16,0.218464376898,26.0244927327,化学制药,2025-04-22,2024-03-31
603300,海南华铁,0.08,1104977958.28,31.000864703,-10.0659,156571460.02,11.57,-34.3497,2.905744606743,2.79,0.339195651224,43.0248930947,多元金融,2025-04-22,2024-03-31
603298,杭叉集团,0.29,4171783078.92,6.17315075,11.0369,378735768.17,31.16,-8.7331,9.598698944522,4.31,0.366805144789,20.5733148691,工程机械,2025-04-22,2024-03-31
603186,华正新材,-0.01,854789538.12,12.786078619,-1.1057,-992739.8,87.268440956,98.897,10.570885653132,-0.06,-0.473326422906,10.0943369428,元件,2025-04-22,2024-03-31
603173,福斯达,0.41,351516519.7,3.5264229083,-46.2669,65675301.47,86.33,37.2908,9.496557627125,4.42,-1.11428613,24.5478646789,专用设备,2025-04-22,2024-03-31
603151,邦基科技,0.121,412455280.83,5.7167773489,-16.9107,20333509.91,-13.09,26.8901,7.431312558512,1.66,-0.622312098512,13.1588804732,饲料,2025-04-22,2024-03-31
603093,南华期货,0.14,992083545.23,-28.3020345068,-29.0392,85623759.78,37.38,-17.2138,6.235274160311,2.28,-4.243756866277,,多元金融,2025-04-22,2024-03-31
603082,北自科技,0.28,435795893.77,0.8991281716,-10.7402,41229698.73,29.81,15.7404,9.449033938953,3.31,-0.021813149941,17.1048618644,自动化设备,2025-04-22,2024-03-31
603071,物产环能,0.43,10462405300.85,-12.276100743,-9.531,239441167.13,-22.31,4.2008,9.683957456082,4.53,-1.784991552321,6.9385941373,贸易Ⅱ,2025-04-22,2024-03-31
603025,大豪科技,0.13,642658607.43,50.6956394443,3.3615,148375682.22,103.69,29.966,2.081089883208,6.65,0.027720886517,42.3781933847,自动化设备,2025-04-22,2024-03-31
601609,金田股份,0.07,24830029481.69,3.4029025345,-12.3574,108845675.36,28.91,-23.9449,5.366374763208,1.31,-2.187381539223,2.8032422408,工业金属,2025-04-22,2024-03-31
601595,上海电影,0.1,209959238.79,18.2575478468,26.627,46112631.18,28.18,1777.8383,3.770443003235,2.76,-0.004108966979,30.8397941539,影视院线,2025-04-22,2024-03-31
601009,南京银行,0.55,13319640000.0,2.8288343859,40.6902,5705829000.0,5.14,77.3205,13.966157650095,3.99,-0.35,,银行Ⅱ,2025-04-22,2024-03-31
600963,岳阳林纸,0.08,2523238522.9,0.0304073508,-3.0209,148438105.72,-7.6,122.8351,4.734866489365,1.69,0.122023528366,10.0636723138,造纸,2025-04-22,2024-03-31
600888,新疆众和,0.2468,1628563249.44,12.3662515172,-2.7723,337362784.08,-20.84,-17.4728,7.353162859346,3.39,0.122486496154,15.6342875788,工业金属,2025-04-22,2024-03-31
600882,妙可蓝多,0.076,1160690731.04,13.4879413526,-2.4649,38344962.77,70.63,39.7063,8.455335804461,0.806,0.331519280096,28.6624519326,饮料乳品,2025-04-22,2024-03-31
600873,梅花生物,0.26,6486560309.24,-6.6691690477,-10.3378,751704565.79,-6.13,-26.3349,5.050350428016,5.18,-0.010328902743,19.3315208869,化学制品,2025-04-22,2024-03-31
600866,星湖科技,0.1514,4199500554.41,0.8708812164,-9.5926,251484275.33,108.66,33.3757,4.715898881189,3.27,-0.117243899372,15.2558594614,化学制品,2025-04-22,2024-03-31
600633,浙数文化,0.08,678240718.47,-26.5809711138,-14.1393,99235247.44,-63.37,444.0621,7.875938548367,1.0,-0.187768245058,63.5902776853,游戏Ⅱ,2025-04-22,2024-03-31
600573,惠泉啤酒,0.02,140815912.1,2.8644192245,517.2205,5105737.86,468.51,132.9961,5.01148110592,0.41,0.2161551698,30.635059019,非白酒,2025-04-22,2024-03-31
600510,黑牡丹,0.06,460547068.43,-74.47282358,-67.0787,57677636.22,-45.59,285.4656,9.856699875378,0.56,-0.838451862105,39.9266082654,房地产开发,2025-04-22,2024-03-31
600493,凤竹纺织,0.0064,208298127.06,-2.7377324559,-25.0078,1741290.57,129.37,-99.1452,4.058094428309,0.1579,0.048748287757,9.4630217027,纺织制造,2025-04-22,2024-03-31
600389,江山股份,0.19,1585034690.16,17.1780256045,6.8664,82236390.36,-33.49,211.3726,8.316372707752,2.26,-0.15418397806,14.4462956553,农化制品,2025-04-22,2024-03-31
600346,恒力石化,0.3,58411898437.96,4.0207590031,-5.3358,2139368749.34,109.8,77.6769,8.818979116099,3.51,1.11899849535,11.1579562699,炼化及贸易,2025-04-22,2024-03-31
600243,*ST海华,-0.02,57264409.13,-9.9865192022,-32.2188,-7617837.44,51.5000142052,94.1801,1.643245986214,-1.05,-0.061078184368,6.9669669531,通用设备,2025-04-22,2024-03-31
600241,时代万恒,0.01,78325521.95,-56.9568683301,-44.016,3964825.78,-68.36,-75.5266,3.91207839135,0.34,0.090234007085,28.1830791043,电池,2025-04-22,2024-03-31
600239,ST云城,-0.03,432745629.53,9.0051914849,-40.6298,-54096315.82,-135.21,73.1902,0.817823412273,-4.04,-0.372196183272,34.2745594915,房地产开发,2025-04-22,2024-03-31
600226,亨通股份,0.02,205158748.04,58.7339172361,-1.6241,63176019.58,46.94,1653.4188,1.066525960151,1.92,-0.011604698105,22.3266448434,电力,2025-04-22,2024-03-31
600179,安通控股,0.0121,1616233168.03,-4.1770820298,-16.8034,51204491.13,-37.98,-70.1046,2.413498404492,0.5,0.01757264436,7.3398072553,航运港口,2025-04-22,2024-03-31
600143,金发科技,0.0388,10510024773.21,8.5384055124,-23.0037,103542822.28,-65.33,161.7749,6.219515855197,0.63,0.09506297394,13.1456718451,塑料,2025-04-22,2024-03-31
600113,浙江东日,0.05,165010683.97,-0.2518340653,-53.856,19642472.8,-24.97,-80.4853,5.589420713666,0.84,-0.215575678515,32.5137206993,一般零售,2025-04-22,2024-03-31
600110,诺德股份,-0.054,1049451204.12,-4.796169742,-5.4153,-94390655.97,-287.99,-1251.4875,3.417970500317,-1.56,0.107022083196,5.1472931155,电池,2025-04-22,2024-03-31
600105,永鼎股份,0.0195,816237809.13,-12.7475026708,-41.68,27323010.88,13.14,162.45,1.988482843782,0.97,-0.181213433319,17.325725248,通信设备,2025-04-22,2024-03-31
600089,特变电工,0.3972,23563419359.35,-11.0838506017,-4.0193,1993770281.72,-57.89,50.3286,12.399846994476,3.2336,0.493960327254,23.3735419407,电网设备,2025-04-22,2024-03-31
600032,浙江新能,0.0719,1172645832.59,12.1017135255,13.9416,172922853.99,42.88,140.3628,5.106953160987,1.42,0.170446070199,48.3858325516,电力,2025-04-22,2024-03-31
301622,英思特,0.23,235787935.25,,-18.4769,19606361.65,,-39.2443,8.699208869898,2.63,0.214631648401,25.2180410702,金属新材料,2025-04-22,2024-03-31
301581,黄山谷捷,0.44,140142530.59,-9.8262571173,-29.8586,26127840.53,-8.4364555707,-45.5359,,6.07,,26.5640723435,汽车零部件,2025-04-22,2024-03-31
301538,骏鼎达,0.9913,164934509.81,38.457978736,-19.8317,45598160.42,110.73,-10.8514,29.4391805615,6.8,0.8189429095,49.3622587497,塑料,2025-04-22,2024-03-31
301520,万邦医药,0.45,90172342.02,25.1378221518,-10.8554,29687084.26,18.81,-3.5519,22.405452530723,2.01,0.008493090108,46.9620823651,医疗服务,2025-04-22,2024-03-31
301505,苏州规划,0.04,56690162.83,-10.5830298385,-67.6235,3418915.41,-12.3,-93.5241,11.423672723864,0.34,0.041387499886,23.8473654072,工程咨询服务Ⅱ,2025-04-22,2024-03-31
301498,乖宝宠物,0.37,1097485002.85,21.3298758412,-9.6433,148289332.85,74.49,29.533,9.505862500022,3.97,0.153896563232,41.1383525021,饲料,2025-04-22,2024-03-31
301486,致尚科技,0.11,174462476.91,40.6970608735,33.3984,14331494.78,-14.27,-11.1612,19.538379770222,0.57,0.279880663807,38.2433260617,消费电子,2025-04-22,2024-03-31
301469,恒达新材,0.19,253550166.11,27.6634163758,-0.7313,16685260.91,-2.68,-4.3196,15.429502910371,1.21,0.743596961556,12.2537116211,造纸,2025-04-22,2024-03-31
301459,丰茂股份,0.45,195634752.52,10.794454399,-0.6933,36376054.28,11.26,61.4412,13.77440411975,3.36,0.0336088405,31.3856130821,橡胶,2025-04-22,2024-03-31
301307,美利信,0.03,770492800.16,-6.3821713551,-6.9199,6158004.67,-88.93,238.5257,15.522811380484,0.19,0.880202746296,13.1349081833,通信设备,2025-04-22,2024-03-31
301277,新天地,0.28,184582736.49,6.9773414338,14.4053,55918069.57,19.69,150.7804,7.521872119926,3.79,0.095431110028,43.5626393774,化学制药,2025-04-22,2024-03-31
301258,富士莱,0.0631,96291253.79,-38.4698973516,-4.3469,5786807.1,-88.79,15.016,21.284603296935,0.3,-0.03096681237,23.2156122598,化学制药,2025-04-22,2024-03-31
301256,华融化学,0.04,244924392.62,-9.6595596617,-20.9717,21411400.56,-42.0,-37.7148,3.491476812958,1.22,-0.091502160167,19.9932472124,化学原料,2025-04-22,2024-03-31
301251,威尔高,0.16,204197033.06,10.8547482134,-7.7405,20880986.68,-11.71,57.3408,10.755077148672,1.45,0.422696186337,24.8347844286,元件,2025-04-22,2024-03-31
301233,盛帮股份,0.3743,88460928.48,26.7131166666,-10.6931,19085107.6,40.17,15.2128,17.07258334933,2.14,-0.077364329318,39.8599149205,汽车零部件,2025-04-22,2024-03-31
301217,铜冠铜箔,-0.03,892462177.62,4.5099115745,-11.4471,-27697372.62,-206.73,-343.9218,6.697905086361,-0.5,-0.420204642037,-0.4497239682,电池,2025-04-22,2024-03-31
301183,东田微,0.1,122956915.55,105.3402107278,-3.8992,7868431.88,278.62,143.1173,10.081291845,0.98,-0.0080300775,18.8606646208,光学光电子,2025-04-22,2024-03-31
301170,锡南科技,0.2817,262641924.91,8.5262356185,-1.3327,28170938.42,35.28,26.5586,16.5507443559,1.72,0.1529091684,17.9902282647,汽车零部件,2025-04-22,2024-03-31
301128,强瑞技术,0.0569,149893158.96,73.5010123471,-43.9473,4207511.8,377.19,-72.6124,11.417551225308,0.5,0.420680135844,37.0907423766,专用设备,2025-04-22,2024-03-31
301109,军信股份,0.3024,497390298.99,38.0532540641,2.9763,123993877.03,11.37,12.0587,12.855062527646,2.38,0.694228119924,46.2460456199,环境治理,2025-04-22,2024-03-31
301100,风光股份,-0.06,242934160.05,37.2771683916,9.5407,-12746864.83,-175.54,51.8876,10.52533412245,-0.6,-0.2023912521,8.5746412426,化学制品,2025-04-22,2024-03-31
301037,保立佳,-0.27,483956273.87,-13.2480227371,1.6285,-27062758.85,-77.45,26.1674,7.732983071682,-3.44,-1.05030112473,11.4188671092,化学制品,2025-04-22,2024-03-31
301036,双乐股份,0.19,364546403.1,16.0991645674,-3.5212,18620279.14,14989.93,-25.0571,15.8714263672,1.18,1.1082256588,13.8835055783,化学制品,2025-04-22,2024-03-31
301032,新柴股份,0.0531,714367029.71,-8.1939880282,47.0514,12796115.83,663.77,-53.287,4.611269771753,1.16,-0.048050103553,9.7084245977,通用设备,2025-04-22,2024-03-31
301012,扬电科技,0.0893,233749410.35,199.4344422349,-13.5452,12668899.83,2458.23,217.7236,7.773256360526,1.13,0.125818363987,13.0090269295,电网设备,2025-04-22,2024-03-31
301001,凯淳股份,0.024,103208622.62,-27.0762805709,-45.3277,1911620.89,42.65,-86.9139,10.23469049325,0.23,0.33591374775,28.3541723522,互联网电商,2025-04-22,2024-03-31
300943,春晖智控,0.06,117883728.28,17.1014281841,-12.1827,11644638.39,-67.74,-37.9829,4.692881690511,1.22,-0.121952192768,24.2258065949,通用设备,2025-04-22,2024-03-31
300910,瑞丰新材,0.53,713949627.07,14.4147217099,7.6424,152780260.81,57.77,-1.7971,10.655499506101,4.8,-0.038545013214,35.4974130878,化学制品,2025-04-22,2024-03-31
300887,谱尼测试,-0.1794,334443021.27,-36.3568304894,-52.8568,-97979351.08,-1157.73,-4166.9105,6.15152852963,-2.88,-0.100440759593,21.2420419629,专业服务,2025-04-22,2024-03-31
300882,万胜智能,0.15,219466592.2,5.7138660701,-21.6294,43669164.14,16.88,-24.2682,5.92453137567,3.68,-0.28709547887,38.4014496809,电网设备,2025-04-22,2024-03-31
300851,交大思诺,0.0109,58168512.19,52.132405522,-62.2189,946703.75,815.77,-97.9645,14.835881522637,0.07,-0.481442713733,74.9808411938,轨交设备Ⅱ,2025-04-22,2024-03-31
300848,美瑞新材,0.03,385857053.76,21.4687201652,7.6851,12327995.85,-47.91,-32.9398,4.039291027562,0.96,-0.50920029352,11.5582932476,化学制品,2025-04-22,2024-03-31
300826,测绘股份,0.04,98981159.32,4.6147711501,-74.8034,5624408.54,-46.39,-79.2516,7.688319789956,0.44,-0.088933607894,29.1011240603,工程咨询服务Ⅱ,2025-04-22,2024-03-31
300801,泰和科技,0.199,520856092.14,0.6737764656,-8.2144,41873866.91,30.29,60.1381,10.933662306506,1.75,0.02012379815,15.1667215268,化学制品,2025-04-22,2024-03-31
300798,锦鸡股份,0.0148,215210640.73,3.5237274851,-9.5859,6928147.76,44.98,151.4586,3.641253734799,0.4,-0.079146200684,12.8410428854,化学制品,2025-04-22,2024-03-31
300761,立华股份,0.0967,3661508242.9,7.3415225198,-12.6843,80031532.61,120.47,152.4108,9.403726654906,1.03,0.263605886774,8.9949122428,养殖业,2025-04-22,2024-03-31
300743,天地数码,0.15,166798087.14,18.1135664326,-7.8678,22803128.33,110.17,45.2473,3.976811961035,3.63,0.164651228986,33.4689846372,计算机设备,2025-04-22,2024-03-31
300703,创源股份,0.0357,324650944.67,29.6064679518,-9.1822,6441130.25,166.7053530214,-36.0774,4.526405183627,0.79,-0.194517524629,34.9187004477,文娱用品,2025-04-22,2024-03-31
300696,爱乐达,-0.02,54724272.12,-63.5418301101,-20.579,-6043838.41,-110.72,81.7522,6.423128007365,-0.32,-0.101053761135,-4.7529119333,航空装备Ⅱ,2025-04-22,2024-03-31
300692,中赋科技,0.0756,220376659.97,9.772762169,10.5502,32015750.41,-28.22,1436.0177,5.011488592911,1.42,0.051271250543,42.1862401321,环境治理,2025-04-22,2024-03-31
300685,艾德生物,0.16,233288808.06,19.5345689314,-30.5513,64199068.03,12.01,-26.8395,4.444480186817,3.75,0.202151119752,84.4580694327,医疗器械,2025-04-22,2024-03-31
300668,杰恩股份,-0.0741,98804690.04,-9.853924583,-55.6182,-8921732.74,-251.94,-222.5856,6.436394661319,-1.15,-0.369725043861,14.2404145737,工程咨询服务Ⅱ,2025-04-22,2024-03-31
300653,正海生物,0.22,89634394.36,-17.8273093612,-2.4347,40381480.54,-24.38,-5.2575,5.491371364667,4.17,0.202278372389,87.3015622728,医疗器械,2025-04-22,2024-03-31
300634,彩讯股份,0.19,424391710.59,10.6447141874,5.2715,83748105.6,38.1,366.7281,5.899329142232,3.2,-0.093193139266,40.9526155632,IT服务Ⅱ,2025-04-22,2024-03-31
300631,久吾高科,0.1154,81133318.95,-40.3536957272,-70.3132,14026239.47,172.06,-58.5149,9.874428953244,1.15,0.024281590787,31.6926118058,环保设备Ⅱ,2025-04-22,2024-03-31
300629,新劲刚,0.17,130786486.87,11.0465003263,2.5726,41462877.36,15.63,52.5406,6.641640080659,2.52,-0.143540810384,63.6421570699,军工电子Ⅱ,2025-04-22,2024-03-31
300615,欣天科技,-0.0439,40059966.13,-79.3590467988,-27.2506,-8424616.01,-135.49,52.8869,2.771567012936,-1.57,-0.129242050468,18.3935743882,通信设备,2025-04-22,2024-03-31
300607,拓斯达,0.07,1000753254.37,25.2414894175,-23.9137,29969101.86,148.7,173.5328,5.534886772016,1.24,-0.265360442034,16.3382718763,自动化设备,2025-04-22,2024-03-31
300593,新雷能,-0.07,199765746.17,-59.8423380169,-46.4639,-38565232.33,-133.89,37.0173,5.465111481375,-1.29,0.02332412422,39.1803716356,其他电源设备Ⅱ,2025-04-22,2024-03-31
300585,奥联电子,0.0037,101805635.38,-0.4232635036,-26.2835,633202.93,-20.22,126.6977,4.213789481444,0.09,-0.104385255847,23.3204131592,汽车零部件,2025-04-22,2024-03-31
300566,激智科技,0.19,538136844.16,29.711287664,-18.5011,49182544.72,74.47,-12.0434,7.114928587475,2.64,-0.023237673131,21.498865914,光学光电子,2025-04-22,2024-03-31
300547,川环科技,0.2044,298990700.21,45.8185909839,-17.7039,44199717.67,96.27,-17.0293,5.221062774866,3.98,0.076516998636,25.0779771001,汽车零部件,2025-04-22,2024-03-31
300546,雄帝科技,-0.01,72447312.5,-35.6960967893,-45.6602,-2268882.12,-161.33,82.8971,5.710151647147,-0.21,-0.217370284692,42.6342622716,计算机设备,2025-04-22,2024-03-31
300530,领湃科技,-0.18,39533433.01,11.060332317,-30.4079,-31161413.4,30.39,65.7135,1.019076220766,-12.81,-0.204893814038,3.1390147415,电池,2025-04-22,2024-03-31
300510,金冠股份,-0.0147,185852367.79,-11.355666767,-52.3293,-12195327.02,-199.58,12.5626,3.194518498943,-0.46,0.388566958441,18.7490766646,电网设备,2025-04-22,2024-03-31
300509,新美星,0.03,245765864.43,-0.6249768227,-1.7954,9691958.04,-38.03,995.9083,2.08357257726,1.58,0.13069525027,20.9609235682,专用设备,2025-04-22,2024-03-31
300503,昊志机电,0.05,258432671.85,27.8629893322,-13.2363,14573795.12,219.0,108.8854,3.620544739292,1.32,0.039386943995,33.5590419428,通用设备,2025-04-22,2024-03-31
300476,胜宏科技,0.24,2391566648.53,36.0568527894,9.3309,209607792.1,67.72,144.79,9.014529970483,2.85,0.209429740724,19.4884099737,元件,2025-04-22,2024-03-31
300435,中泰股份,0.18,816137780.95,-14.2435546916,2.6292,70174056.83,0.51,-22.4722,8.427651766562,2.19,0.1379840958,16.6957120771,专用设备,2025-04-22,2024-03-31
300407,凯发电气,0.07,380528543.05,17.0451831789,-48.4986,21783565.91,82.22,-18.6871,5.595219915011,1.22,-0.129423847907,25.741763355,电网设备,2025-04-22,2024-03-31
300368,汇金股份,-0.0293,69894150.42,-17.2931640059,72.0964,-15506712.65,-644.49,92.0253,0.641112406368,-4.47,-0.054717661013,36.9494723018,计算机设备,2025-04-22,2024-03-31
300321,同大股份,0.0154,85248653.44,15.6729529924,-4.997,1370383.99,112.84,123.2359,6.976538827928,0.22,-0.315578295045,9.772505833,化学制品,2025-04-22,2024-03-31
300286,安科瑞,0.21,241850719.22,5.0693626448,-2.0111,45239823.41,8.18,64.3447,6.303244408821,3.4,0.245954563124,47.0264468002,电网设备,2025-04-22,2024-03-31
300284,苏交科,0.0422,889157566.65,1.1360492025,-57.5616,53260766.66,5.68,-27.8885,6.647018636264,0.64,-0.410068313385,25.2281117986,工程咨询服务Ⅱ,2025-04-22,2024-03-31
300251,光线传媒,0.15,1070472201.14,159.332261798,76.7757,424566741.81,248.01,760.4373,3.093352780358,4.78,-0.029115049029,48.2353962747,影视院线,2025-04-22,2024-03-31
300232,洲明科技,0.02,1492251546.4,-8.3137534395,-36.2656,19426695.48,-86.56,141.7484,4.34465564784,0.41,-0.048735665812,32.3069714884,光学光电子,2025-04-22,2024-03-31
300215,电科院,0.0,144855506.77,9.7308818234,-19.8879,992507.19,108.75,-96.3176,2.662008173266,0.05,0.087821847081,33.3354490324,专业服务,2025-04-22,2024-03-31
300201,海伦哲,0.0229,223258520.65,-8.9545206106,-19.6099,22602103.09,2.69,-69.0021,1.290825773899,1.66,-0.072366196738,30.0260341262,工程机械,2025-04-22,2024-03-31
300172,中电环保,0.0468,203725403.23,-22.9526889127,-12.4872,31680517.24,8.23,303.7927,2.751258204475,1.72,0.094795144937,30.9678716447,环境治理,2025-04-22,2024-03-31
300170,汉得信息,0.05,732248023.51,1.633193262,0.5367,50445623.71,59.53,176.9555,4.97187279783,1.04,-0.120118806488,30.3673251072,IT服务Ⅱ,2025-04-22,2024-03-31
300082,奥克股份,-0.1153,757055403.69,-19.2370763985,-8.0527,-78384228.37,-30.0,31.9812,4.211214734549,-2.7,-0.444674766585,-1.0804545242,化学原料,2025-04-22,2024-03-31
300049,福瑞医科,0.1624,322803586.32,33.3548180871,-6.9012,42719144.08,228.57,50.4213,5.955723372772,2.72,0.146288373488,76.6029172566,医疗器械,2025-04-22,2024-03-31
200521,虹美菱B,0.1509,5945935887.13,18.3214893801,14.1176,155384850.53,26.93,-34.4519,5.807034252328,2.63,-0.113581282154,12.9383513836,白色家电,2025-04-22,2024-03-31
200055,方大B,0.05,915576687.71,12.3104053644,-14.8959,51467996.23,-27.33,714.2893,5.623229978644,0.86,-0.275363999643,19.2690402451,装修建材,2025-04-22,2024-03-31
200020,深华发B,0.019,219312806.26,24.7026211882,75.7932,5385324.57,-16.28,499.7578,1.314819991827,1.46,0.005413607033,11.1984344639,光学光电子,2025-04-22,2024-03-31
003033,征和工业,0.33,371604262.2,7.9789290578,-27.5508,26906639.2,4.88,17.8711,14.530402535535,2.29,-0.600804621407,22.2936135661,摩托车及其他,2025-04-22,2024-03-31
003023,彩虹集团,0.3545,315359010.83,14.3949584915,-43.2741,37346716.46,30.52,-14.0403,14.387333433895,2.5,1.673928827073,43.2885459149,小家电,2025-04-22,2024-03-31
003020,立方制药,0.16,333618253.5,-58.9047373616,-11.3395,30372220.01,-54.08,-45.0749,10.742275971201,1.78,0.09698427648,69.0074071172,化学制药,2025-04-22,2024-03-31
003017,大洋生物,0.2072,194843722.18,-22.4635230936,-4.8194,16918222.12,-12.78,72.0998,11.796271722143,1.66,0.002098703095,19.2204104505,化学原料,2025-04-22,2024-03-31
003015,日久光电,0.02,119011506.79,27.2985899792,-2.8167,6282768.53,201.23,131.0704,3.387066617508,0.64,0.08649946541,22.3573105641,光学光电子,2025-04-22,2024-03-31
002993,奥海科技,0.44,1363054583.7,51.0554073499,-15.1334,122655007.67,37.72,32.6898,17.775139826112,2.53,0.69957627775,21.8765827323,消费电子,2025-04-22,2024-03-31
002915,中欣氟材,0.0078,317726775.95,8.7641850092,-25.4124,2553569.05,-90.68,101.6981,4.53304509783,0.17,0.021890692234,16.3578946957,化学制品,2025-04-22,2024-03-31
002902,铭普光磁,-0.1075,402411821.75,-23.8789762059,1.1969,-22772448.28,-501.26,89.7863,5.177814546028,-3.31,0.006308533043,11.6010233141,通信设备,2025-04-22,2024-03-31
002837,英维克,0.08,745644712.04,41.3635956931,-48.8224,61975220.35,146.93,-53.6708,4.509387033822,2.46,0.098923149357,26.9154134482,专用设备,2025-04-22,2024-03-31
002828,贝肯能源,0.05,166598038.95,30.4243699477,-46.1689,9902071.86,260.33,21.8751,2.991978563653,1.63,-0.18836315912,23.1989060397,油服工程,2025-04-22,2024-03-31
002825,纳尔股份,0.07,404367048.81,22.9606727979,-2.7641,22820216.66,12.16,-46.788,4.214694230531,1.58,0.00211612736,16.7491855034,塑料,2025-04-22,2024-03-31
002807,江阴银行,0.1479,1062718000.0,2.56,19.8547,349695000.0,12.72,-57.9853,7.030824611715,2.09,-1.881054507306,,银行Ⅱ,2025-04-22,2024-03-31
002793,罗欣药业,-0.03,688728623.11,3.9705938252,28.1685,-36661627.21,59.37,91.5062,2.146542759446,-1.52,-0.088342012762,36.6507204071,化学制药,2025-04-22,2024-03-31
002788,鹭燕医药,0.22,5135680997.86,6.0761632053,1.2881,83776431.42,4.9,-17.5059,7.760831019954,2.8,-0.273176043824,7.3633002067,医药商业,2025-04-22,2024-03-31
002746,仙坛股份,0.01,1077692300.93,-11.7976655682,-25.48,7022794.24,-92.37,117.1693,5.338887954871,0.15,-0.296711133629,1.3756442639,养殖业,2025-04-22,2024-03-31
002722,物产金轮,0.17,625024060.89,3.6392954399,-17.8742,34479340.77,88.7,-4.8625,12.097150754817,1.36,0.040111363757,18.0851125586,专用设备,2025-04-22,2024-03-31
002719,ST麦趣,-0.1835,153503424.69,-12.2655868763,-10.5221,-31961190.0,-294.62,4.732,2.433551520837,-7.27,-0.079700488213,15.0346225999,休闲食品,2025-04-22,2024-03-31
002668,TCL智家,0.21,4197672791.12,24.6034537774,-40.7628,225340072.24,27.83,18.7388,1.501276025447,14.76,0.399963354219,20.0454991923,白色家电,2025-04-22,2024-03-31
002637,赞宇科技,0.12,2440940429.16,-11.6761736078,3.7762,51156608.3,126.15,288.384,7.793087087612,1.39,-0.104223230839,6.4674547733,化学制品,2025-04-22,2024-03-31
002632,道明光学,0.0727,316270206.74,6.8454735413,-10.2116,45418231.51,26.47,98.4577,3.630417857349,2.02,0.012950895846,34.0274511593,塑料,2025-04-22,2024-03-31
002627,三峡旅游,0.0128,130680291.86,-72.0426454285,-59.0128,9474005.89,-53.2,-62.4429,4.19164976003,0.31,-0.055235472449,20.2533702391,旅游及景区,2025-04-22,2024-03-31
002615,哈尔斯,0.0675,574779502.43,58.5795562204,-18.0161,31479632.06,781.57,-67.4809,3.165623517615,2.15,0.160176480508,27.4199776547,家居用品,2025-04-22,2024-03-31
002540,亚太科技,0.0978,1698507919.49,14.0238266447,-23.4403,122220057.69,17.07,-27.3832,4.558335136443,2.14,0.08184180633,12.9506766996,工业金属,2025-04-22,2024-03-31
002487,大金重工,0.08,463029555.69,-45.8317855127,-53.3149,52982634.0,-29.12,208.597,10.924275670002,0.76,-0.150224472907,31.5358038479,风电设备,2025-04-22,2024-03-31
002416,爱施德,0.1355,21653865291.15,-13.3805213301,-4.3314,167910610.45,-3.89,21.3137,4.948343151784,2.78,-0.897772873549,3.5788040812,专业连锁Ⅱ,2025-04-22,2024-03-31
002313,日海智能,-0.0243,806974784.61,27.1522898492,5.5256,-9088832.92,87.49,95.2156,0.509702157799,-4.64,-0.233149829247,17.6870932255,通信设备,2025-04-22,2024-03-31
002311,海大集团,0.52,23171735504.66,-0.798918409,-20.6197,860694642.71,111.0,75.7656,11.896785543467,4.29,-1.530817221112,10.7507011303,饲料,2025-04-22,2024-03-31
002302,西部建设,-0.0905,4045319436.57,-0.4315865897,-37.9703,-114290964.83,-86.97,-139.465,7.307545166844,-1.23,-1.283017921275,4.946580537,水泥,2025-04-22,2024-03-31
002294,信立泰,0.18,1090969117.78,22.9244950144,20.0133,200265316.3,-5.06,98.4957,7.37914087879,2.47,0.206424917549,71.45210715,化学制药,2025-04-22,2024-03-31
002251,步步高,0.01,930807607.0,-10.7697603375,34.0473,20230315.08,120.28,101.6356,3.426052374714,0.7,0.2178841539,42.46043952,一般零售,2025-04-22,2024-03-31
002245,蔚蓝锂芯,0.0613,1429240199.07,46.7710931188,-6.3498,70665124.35,663.09,87.6752,5.656382475112,1.09,0.390577593594,14.2661080575,电池,2025-04-22,2024-03-31
002241,歌尔股份,0.11,19311868351.19,-19.9416876858,-21.5796,379545536.73,257.47,93.7024,8.989191911712,1.24,0.449065485114,9.1949902968,消费电子,2025-04-22,2024-03-31
002233,塔牌集团,0.13,993308544.77,-24.3786044608,-29.9755,148855283.86,-36.07,17.1298,10.180633375412,1.24,0.001640800515,24.5325445264,水泥,2025-04-22,2024-03-31
002230,科大讯飞,-0.13,3646215386.95,26.2721639912,-48.182,-300468030.2,-418.99,-153.8521,7.227509885528,-1.76,-0.597801895634,38.0638093382,软件开发,2025-04-22,2024-03-31
002216,三全食品,0.26,2253743794.58,-5.0129405863,37.3395,229695068.18,-17.76,16.5404,5.197463347242,5.16,0.190349814821,26.6008275143,食品加工,2025-04-22,2024-03-31
002195,岩山科技,0.0138,174367530.33,21.7981171228,29.699,78265997.67,-29.05,2832.9469,1.717859098292,0.8,-0.001012572603,60.8913031222,IT服务Ⅱ,2025-04-22,2024-03-31
002189,中光学,-0.0381,450930805.17,-21.6951106561,-11.8052,-9963938.79,84.75,92.2043,4.155236237277,-0.91,-0.286618827036,12.1500880228,军工电子Ⅱ,2025-04-22,2024-03-31
002150,正泰电源,0.04,684323897.56,115.2852569945,-18.4975,15299768.86,3.92,-29.379,4.589049761483,0.92,-0.341428344141,27.8845149775,光伏设备,2025-04-22,2024-03-31
002137,实益达,0.0193,157148477.72,9.9209179882,9.0505,11128555.63,-35.63,146.2093,2.636312455878,0.73,0.025651751665,23.7356840048,光学光电子,2025-04-22,2024-03-31
002083,孚日股份,0.11,1316836257.51,-1.0491321668,-2.4107,90444874.04,263.13,121.5628,4.769622826017,2.3,0.133052930131,17.3424232411,纺织制造,2025-04-22,2024-03-31
002052,同洲电子,-0.0056,41112780.64,-56.9226088652,39.9407,-4153922.1,1.1,87.3252,0.007373449697,-59.56,0.002646559453,-8.5262108897,其他电源设备Ⅱ,2025-04-22,2024-03-31
002038,双鹭药业,0.07,245116238.48,-17.3515064402,1.4012,70134618.06,-65.27,-29.2455,5.714460230905,1.2,0.103905266209,76.3343545823,化学制药,2025-04-22,2024-03-31
002026,山东威达,0.13,488907591.49,8.2362629629,-28.0594,58645138.24,263.68,-6.1089,7.810614311608,1.7,0.205716782044,23.4401195184,通用设备,2025-04-22,2024-03-31
002008,大族激光,0.94,2655635712.91,9.507482105,-43.5419,988980528.81,594.31,436.9715,15.033829132384,6.4,-0.294943660469,31.0715305066,自动化设备,2025-04-22,2024-03-31
001395,亚联机械,0.0741,90915430.29,,-58.2056,4846108.13,,-87.2542,,0.89,,28.7941844487,专用设备,2025-04-22,2024-03-31
001328,登康口腔,0.22,360558430.31,5.2190089895,-1.0899,37316068.68,15.6,10.9631,8.37864401959,2.62,0.279465139353,48.4312341802,个护用品,2025-04-22,2024-03-31
001322,箭牌家居,-0.0937,1134641494.98,2.2602098654,-52.0865,-90345149.34,-3004.0,-165.8527,5.054399083971,-1.82,-0.968019321735,24.3989548641,家居用品,2025-04-22,2024-03-31
001314,亿道信息,-0.06,478919928.07,8.0444366399,-33.6405,-8229357.8,-132.03,-124.3584,14.52981231082,-0.4,-0.935829900534,18.0167313663,消费电子,2025-04-22,2024-03-31
001225,和泰机电,0.31,83296933.72,-26.4632924635,-14.4768,20303317.21,-35.27,-26.266,22.714393235787,1.39,0.075015187391,34.1943273635,专用设备,2025-04-22,2024-03-31
000975,山金国际,0.1812,2773050924.21,26.5213380161,174.3736,503090992.72,69.73,64.4349,4.344825757854,4.26,0.379347054895,30.7938063634,贵金属,2025-04-22,2024-03-31
000933,神火股份,0.487,8223375960.31,-13.5702835788,-8.5844,1090539521.54,-29.47,-39.5069,9.320819266351,5.35,0.785384081244,23.2999555941,工业金属,2025-04-22,2024-03-31
000913,钱江摩托,0.2712,1345095802.23,0.865715975,34.5853,139754838.07,89.09,158.7602,8.693168958252,3.1,0.217027232806,26.3559694367,摩托车及其他,2025-04-22,2024-03-31
000868,安凯客车,0.01,572599098.31,147.4984006424,-22.1448,4852943.29,115.68,104.2731,0.911395885505,0.57,-0.16855247174,8.1505648084,商用车,2025-04-22,2024-03-31
000863,三湘印象,-0.02,45188663.74,-38.5927381663,-79.0469,-24229758.8,47.67,24.4327,3.765766090664,-0.54,-0.051013540159,31.9217864308,房地产开发,2025-04-22,2024-03-31
000731,四川美丰,0.132,861534610.79,-28.4284096105,-11.2594,75709304.7,-54.72,34.2274,7.396614029133,1.8,0.140231962053,19.4232671484,农化制品,2025-04-22,2024-03-31
000715,中兴商业,0.04,213418250.07,-3.9959863283,9.2639,15427372.06,-36.82,-71.636,4.451108156198,0.84,0.075155234279,53.4330348518,一般零售,2025-04-22,2024-03-31
000536,华映科技,-0.0928,422867866.49,72.5168004445,-34.6175,-256641703.96,27.92,49.493,0.785028871583,-11.15,0.016992333959,-21.8022611614,光学光电子,2025-04-22,2024-03-31
000521,长虹美菱,0.1509,5945935887.13,18.3214893801,14.1176,155384850.53,26.93,-34.4519,5.807034252328,2.63,-0.113581282154,12.9383513836,白色家电,2025-04-22,2024-03-31
000055,方大集团,0.05,915576687.71,12.3104053644,-14.8959,51467996.23,-27.33,714.2893,5.623229978644,0.86,-0.275363999643,19.2690402451,装修建材,2025-04-22,2024-03-31
000050,深天马A,-0.1224,7749582291.55,0.5364697153,2.3502,-300747165.23,54.5882629023,2.1636,11.242084049165,-1.08,0.657646578995,11.1680668381,光学光电子,2025-04-22,2024-03-31
000049,德赛电池,0.114,4094687499.12,-4.5161103765,-36.0712,43856529.92,-40.38,-77.9999,16.620692090668,0.69,1.965108066188,8.3395372344,电池,2025-04-22,2024-03-31
000020,深华发A,0.019,219312806.26,24.7026211882,75.7932,5385324.57,-16.28,499.7578,1.314819991827,1.46,0.005413607033,11.1984344639,光学光电子,2025-04-22,2024-03-31
920879,基康技术,0.0968,65891410.24,14.5289492891,-46.4244,13499395.84,4.34,-44.7615,4.103346515359,2.4,-0.161264541235,51.6106399698,通用设备,2025-04-21,2024-03-31
920454,同心传动,0.03,26651057.33,-22.6746799789,-7.6223,3156986.06,-6.22,-40.8214,2.940394254044,1.03,0.015553007041,26.4672453429,汽车零部件,2025-04-21,2024-03-31
920339,恒太照明,0.06,118205980.75,23.3081570129,-4.7116,12453755.93,40.62,23.8778,2.622171798352,2.18,0.044546632392,19.943307767,照明设备Ⅱ,2025-04-21,2024-03-31
920304,迪尔化工,0.14,190920796.28,-9.6127567937,-7.0722,22704345.38,16.26,0.4758,2.945974263531,4.87,0.13383485119,18.9901689111,化学原料,2025-04-21,2024-03-31
920252,天宏锂电,0.02,93295232.88,69.5877159339,19.0143,1958129.11,-52.06,-52.4455,2.550282984431,0.75,0.059716678796,9.9605287678,电池,2025-04-21,2024-03-31
920128,胜业电气,0.17,128322853.01,10.6825477564,-13.6269,10432264.85,15.4050928098,8.1838,5.340659999173,3.28,-0.079368403207,25.0358059975,元件,2025-04-21,2024-03-31
688276,百克生物,0.15,270288441.14,50.6359792674,-53.5184,60565065.43,229.5,-64.3559,9.881142600602,1.5,-0.019216893243,89.7178704266,生物制品,2025-04-21,2024-03-31
688269,凯立新材,0.09,304874534.07,-38.3498512269,-31.5482,11496890.98,-72.14,-24.2552,7.644726558024,1.16,-0.342425357449,10.6283411171,化学制品,2025-04-21,2024-03-31
603303,得邦照明,0.1565,1085464742.4,-1.8313271751,2.9604,74628810.3,13.11,-23.7258,7.46446407451,2.12,0.539471909875,20.7890045504,照明设备Ⅱ,2025-04-21,2024-03-31
603136,天目湖,0.04,106631129.64,-11.3348373914,-31.2471,10946584.45,-42.82,-59.3964,7.211533389836,0.82,0.099759675395,38.1668935492,旅游及景区,2025-04-21,2024-03-31
400098,航通5,-0.09,263163523.4,-30.0355193132,-62.1154,-49442572.97,-41.5537149304,89.9902,-2.566566136832,,-0.288307949781,24.2402248214,,2025-04-21,2024-03-31
301556,托普云农,0.07,66310303.69,26.0644971417,-57.806,4638372.83,5.4702994679,-90.3994,,0.79,,53.8773002112,IT服务Ⅱ,2025-04-21,2024-03-31
301551,无线传媒,0.1545,151756725.59,-8.2363933815,-1.0794,55617931.35,-24.4064813456,-12.7548,,2.9,,51.6050814325,电视广播Ⅱ,2025-04-21,2024-03-31
301518,长华化学,0.16,661734693.33,23.3474947246,-25.5911,22022583.38,11.16,-39.884,10.472816601074,1.51,-1.077052046051,6.1037963231,化学制品,2025-04-21,2024-03-31
301515,港通医疗,0.1073,76119952.75,7.4013032237,-81.355,10707388.4,75.58,-76.3554,13.2602125658,0.81,0.3749838294,25.1203930102,医疗器械,2025-04-21,2024-03-31
301508,中机认检,0.1197,169116180.94,13.4442474722,-20.0866,27063668.04,15.31,-1.5227,8.505118791809,1.42,0.126079905938,40.1184276235,专业服务,2025-04-21,2024-03-31
301349,信德新材,-0.1168,134103068.85,-14.7254662707,-45.7748,-11850643.04,-141.61,-10.3129,26.856949786275,-0.43,-1.079332376667,6.7703184035,电池,2025-04-21,2024-03-31
301331,恩威医药,0.0828,183475935.51,-8.6276984712,-14.7837,8423929.99,-69.56,-37.0281,15.391748520521,0.77,0.086498513317,50.2605102918,中药Ⅱ,2025-04-21,2024-03-31
301319,唯特偶,0.25,216140653.2,12.2172759079,-14.706,21610315.1,-20.23,-12.7506,19.71711324693,1.89,0.467026641201,20.6554342874,电子化学品Ⅱ,2025-04-21,2024-03-31
301312,智立方,-0.1,80756200.89,-41.7630086654,-12.9997,-6402955.58,-122.29,-136.1406,18.46557794678,-0.55,-0.173296119322,21.8139140473,自动化设备,2025-04-21,2024-03-31
301311,昆船智能,0.03,428164206.1,40.5401453347,-42.6112,6924280.28,7.9,-81.697,7.747165006083,0.37,-1.626203531583,16.282668994,通用设备,2025-04-21,2024-03-31
301248,杰创智能,0.0088,163463375.03,-12.9540539645,-34.1519,1347458.53,-88.79,-71.6828,10.37880663791,0.08,-0.427135290719,24.928046073,IT服务Ⅱ,2025-04-21,2024-03-31
301219,腾远钴业,0.49,1515365728.5,38.119194668,-3.6106,144015466.29,1705.74,5.1462,29.40263913897,1.68,-0.080714668953,19.1690239799,能源金属,2025-04-21,2024-03-31
301200,大族数控,0.15,750520402.13,149.0815826488,51.8866,63601151.84,21.49,366.2913,11.379300445,1.35,-0.093353252,23.7378559643,专用设备,2025-04-21,2024-03-31
301198,喜悦智行,0.06,85078447.51,-4.4402541355,-2.799,9589635.15,-32.99,509.8853,5.701354711893,1.0,-0.048720959053,24.4799109052,包装印刷,2025-04-21,2024-03-31
301190,善水科技,0.0866,104036675.03,25.3213173321,-21.0636,18581100.08,-30.19,41.0336,9.203167360165,0.93,-0.243442201443,27.8632104512,化学原料,2025-04-21,2024-03-31
301180,万祥科技,0.0,208019462.5,5.5102094801,-7.6367,174193.67,-98.16,102.31,3.317148960726,0.01,0.111837032024,13.4400693252,消费电子,2025-04-21,2024-03-31
301126,达嘉维康,0.09,1280469171.09,46.0560420274,13.6791,19436945.89,27.14,85.4163,8.555056025233,1.11,-0.849799348832,19.2402287218,医药商业,2025-04-21,2024-03-31
301118,恒光股份,-0.1398,288775495.64,38.7708558686,2.4019,-14916580.07,-202.27,37.3387,12.879537628387,-1.08,-0.306056263429,4.3497649315,化学原料,2025-04-21,2024-03-31
301049,超越科技,-0.1254,55438693.55,13.4872918003,-28.7387,-11821461.64,-15.12,80.9786,7.854878691188,-1.58,-0.291186889156,10.6453347871,环境治理,2025-04-21,2024-03-31
301031,中熔电气,0.406,269023360.53,16.1017909506,-10.8684,26905646.75,-17.31,-14.6607,15.557782882398,0.67,-0.387228460151,38.0403824889,其他电子Ⅱ,2025-04-21,2024-03-31
300951,博硕科技,0.35,241489626.17,-8.1767820543,-68.2069,59827262.36,-18.43,29.1108,18.978680582281,2.64,0.867007985769,39.1135854066,消费电子,2025-04-21,2024-03-31
300930,屹通新材,0.101,105486328.4,9.2456602586,14.2948,10099687.66,-29.19,40.2904,8.5054131575,1.19,-0.237274848,19.038602902,金属新材料,2025-04-21,2024-03-31
300923,研奥股份,0.05,75703249.17,-2.7339593221,-51.1937,3905440.34,-41.99,-85.0115,14.761729726463,0.34,-0.06285727659,28.5122336844,轨交设备Ⅱ,2025-04-21,2024-03-31
300890,翔丰华,0.1186,332915443.77,-40.3546411947,-7.9333,12814565.14,-76.62,285.6746,15.83619512537,0.67,-1.076162465323,19.7597123958,电池,2025-04-21,2024-03-31
300883,龙利得,0.0149,169497431.85,17.3754005855,-15.915,5171890.79,-2.98,136.2231,4.087016267717,0.37,0.095344579393,14.9869819576,包装印刷,2025-04-21,2024-03-31
300863,卡倍亿,0.36,777952660.69,5.2690841763,-18.7805,44162407.66,21.01,11.9977,14.142507855788,3.43,0.526234247119,13.4429745824,汽车零部件,2025-04-21,2024-03-31
300800,力合科技,0.06,165372401.16,25.975705003,-31.7169,13783352.18,21.37,38.0205,8.656223034228,0.66,-0.430411153523,37.3547792054,环保设备Ⅱ,2025-04-21,2024-03-31
300774,倍杰特,0.0632,142447637.97,-27.2529792664,78.9629,25851086.03,-44.93,211.8269,3.61613358553,1.76,-0.100536663484,30.5148364757,环境治理,2025-04-21,2024-03-31
300738,奥飞数据,0.053,381152040.54,19.0686650925,28.8826,50500519.69,14.35,170.6284,3.227141730364,1.63,-0.019256713353,31.0763149614,通信服务,2025-04-21,2024-03-31
300691,联合光电,-0.01,382328516.03,15.9448439517,-2.6217,-1465254.84,-117.04,-109.6894,5.92924847069,-0.09,-0.110144302444,19.139194476,计算机设备,2025-04-21,2024-03-31
300683,海特生物,-0.13,131887548.36,-4.8673037094,-19.5096,-16545525.38,-1024.0,82.4699,18.806604807535,-0.67,0.069860261239,39.9099750541,医疗服务,2025-04-21,2024-03-31
300641,正丹股份,0.1205,518115169.27,28.7973469518,26.1814,58992456.21,412.94,443.4731,3.125194909186,3.79,-0.357181079596,14.3338515903,化学制品,2025-04-21,2024-03-31
300628,亿联网络,0.4499,1163616898.38,30.9456020902,3.4907,568607195.1,34.45,43.5697,6.879314606757,6.76,0.262264459515,64.6278018588,通信设备,2025-04-21,2024-03-31
300601,康泰生物,0.05,451659438.75,-39.648648238,-55.4125,54065937.45,-73.69,-67.0838,8.156701249997,0.56,-0.068204606433,84.0671852471,生物制品,2025-04-21,2024-03-31
300599,雄塑科技,-0.05,225687683.53,-29.0113493919,-31.0542,-17612547.16,-214.78,-723.3837,6.188155054899,-0.94,-0.136108916224,7.9699165806,装修建材,2025-04-21,2024-03-31
300584,海辰药业,0.1113,104561855.22,-10.7842298571,-25.2509,13357813.44,9.37,-3.853,8.34050915575,1.34,0.0390081205,82.13710693,化学制药,2025-04-21,2024-03-31
300580,贝斯特,0.1387,343114436.07,11.2110184748,1.9895,69241291.66,29.44,29.2865,8.645825960992,2.39,0.142436452198,35.4650656509,汽车零部件,2025-04-21,2024-03-31
300515,三德科技,0.0949,91338742.52,16.3604366065,-37.0217,19309073.93,21.81,1737.5021,3.477624064844,2.59,-0.014152396181,66.9070819063,通用设备,2025-04-21,2024-03-31
300504,天邑股份,0.07,538424354.77,-28.9498245431,-2.497,18353039.96,-70.26,180.0198,8.358227424792,0.81,-0.739741309957,17.0692125878,通信设备,2025-04-21,2024-03-31
300334,津膜科技,0.0048,50124898.01,-3.8429903601,-31.1306,1448496.25,181.8,-59.0255,1.882633373388,0.26,0.035202079314,29.5684003926,环境治理,2025-04-21,2024-03-31
300308,中际旭创,0.93,4842546924.23,163.5882801254,31.3164,1009266297.74,303.84,14.9952,19.561650064855,6.82,0.81026704963,32.7590848845,通信设备,2025-04-21,2024-03-31
300158,振东制药,0.0225,782130269.05,-17.7931297983,-7.1403,23101557.95,5952.52,153.5876,4.980788079716,0.45,-0.023235551735,44.3930517472,中药Ⅱ,2025-04-21,2024-03-31
003008,开普检测,0.13,44677351.83,14.9456489207,-24.4241,13111670.01,-18.34,9.378,13.51464033625,1.22,0.290389918,64.3688966155,专业服务,2025-04-21,2024-03-31
002734,利民股份,-0.02,990165904.71,-16.2120752327,19.8616,-8491731.94,-114.26,-121.1999,7.067703414856,-0.31,-0.55546325076,18.9692391756,农化制品,2025-04-21,2024-03-31
002056,横店东磁,0.22,4233740668.34,-8.5898883981,6.8073,353299235.01,-39.4,112.5109,5.430116221987,3.85,0.292311685295,15.4710734438,光伏设备,2025-04-21,2024-03-31
001382,新亚电缆,0.08,573515172.15,,-27.2725,29273726.39,,-21.4229,,2.67,,10.1389138115,电网设备,2025-04-21,2024-03-31
000766,通化金马,0.0095,295573016.13,-4.2081015922,-31.1184,9186280.68,31.94,-67.6346,2.407513650502,0.4,-0.011586253809,72.9535902138,化学制药,2025-04-21,2024-03-31
000661,长春高新,2.13,3177355203.27,14.3890815621,-18.2007,858728236.98,0.2,-6.666,56.450860863531,3.83,2.807528287503,83.427556667,生物制品,2025-04-21,2024-03-31
900939,汇丽B,0.0111,3823686.45,0.1041464328,-0.0578,2013880.45,31.03,59.4651,0.822467738788,1.36,-0.005962224187,91.9638538877,房地产开发,2025-04-19,2024-03-31
688779,五矿新能,,1087644532.34,-43.7715649248,-53.9832,3191924.08,243.45,101.6227,3.750030140198,0.04,-0.805114659839,8.4005728042,电池,2025-04-19,2024-03-31
688680,海优新材,-0.23,876971604.75,-35.0816733983,-4.9601,-18840674.44,-182.83,87.7066,23.619954805636,-0.86,-3.338870198862,3.8225142363,光伏设备,2025-04-19,2024-03-31
688550,瑞联新材,0.25,328126092.09,19.7738289127,18.8073,34334209.63,144.17,-4.9551,21.36104021071,1.17,0.291788852878,36.2004825594,电子化学品Ⅱ,2025-04-19,2024-03-31
688522,纳睿雷达,0.02,31487777.49,-10.3435537064,-68.1894,4230943.35,-50.11,-85.9272,14.203460960335,0.19,-0.344411847598,80.4153171434,军工电子Ⅱ,2025-04-19,2024-03-31
688313,仕佳光子,0.0187,197761603.49,32.8498228154,-7.3527,8443165.73,364.41,142.4131,2.474785431712,0.74,0.013133132358,24.1260262902,通信设备,2025-04-19,2024-03-31
688291,金橙子,0.07,49476359.33,3.1028784727,-24.5378,6917820.6,-43.59,-26.6897,9.142962422382,0.73,-0.000887843575,58.8863973108,软件开发,2025-04-19,2024-03-31
688266,泽璟制药,-0.15,108244408.58,0.1238855991,3.748,-39499383.01,30.978481319,48.3623,6.020567802992,-2.45,0.33630946332,93.3953036247,化学制药,2025-04-19,2024-03-31
688256,寒武纪,-0.54,25666105.86,-65.9094151976,-95.4458,-226677268.38,11.1182227088,-456.8639,13.134952691245,-4.1,-0.561965830961,57.6098596751,半导体,2025-04-19,2024-03-31
688213,思特威,0.04,837395711.35,84.3112267981,-22.7835,14026121.38,154.6169461308,-82.3991,9.469202544886,0.37,-0.952328311217,21.2633795202,半导体,2025-04-19,2024-03-31
688196,卓越新能,0.24,868441483.85,-3.0920346012,217.2389,29028166.78,-59.23,138.9956,22.525447047417,1.08,-0.108958796333,6.5078758755,化学制品,2025-04-19,2024-03-31
688158,优刻得,-0.14,348001564.81,-5.3187505951,-16.3652,-61874405.64,34.6750654637,-4.9679,5.670435358798,-2.38,0.051147332893,15.097444343,IT服务Ⅱ,2025-04-19,2024-03-31
603967,中创物流,0.18,2379482354.87,49.4995576091,18.3364,62822393.17,17.6,15.3262,6.739545383951,2.73,0.026393469653,6.0606947963,物流,2025-04-19,2024-03-31
603918,金桥信息,-0.0828,61674701.59,-64.3111266303,-81.2817,-30327815.51,-771.03,-417.6862,2.971746828748,-2.74,-0.21230927023,30.1465610869,IT服务Ⅱ,2025-04-19,2024-03-31
603866,桃李面包,0.072,1400002318.86,-5.151086768,-17.2742,115230925.14,-16.95,0.4295,3.254037753521,2.24,0.120393379112,23.1023844084,休闲食品,2025-04-19,2024-03-31
603799,华友钴业,0.33,14962649257.31,-21.7036196695,-1.6453,522415394.16,-48.99,54.6932,19.691345660842,1.51,0.547396241422,12.0960771237,能源金属,2025-04-19,2024-03-31
603132,金徽股份,0.08,298951718.52,45.7347063885,-31.9148,79214435.82,96.49,-17.9406,3.339342046973,2.29,0.028115333589,58.6378257124,工业金属,2025-04-19,2024-03-31
603061,金海通,0.25,88563544.57,-12.7893998659,12.7223,14892642.42,-53.31,-53.5687,20.907836280667,1.08,-0.517286874333,46.6136717771,半导体,2025-04-19,2024-03-31
603053,成都燃气,0.22,1693751318.04,8.6695790651,15.3224,195805473.91,2.49,123.5843,5.219463779692,4.32,0.066073169864,17.9171924135,燃气Ⅱ,2025-04-19,2024-03-31
603035,常熟汽饰,0.27,1059003670.83,25.3408049923,-30.4889,104394220.9,13.44,-35.5262,13.514709352015,2.05,0.076211679853,16.9814836108,汽车零部件,2025-04-19,2024-03-31
601798,蓝科高新,-0.019,95215854.43,-15.1149823298,-68.1348,-6859830.01,58.3536594114,92.1076,3.604036157203,-0.535,-0.092640436601,26.8191517084,专用设备,2025-04-19,2024-03-31
601702,华峰铝业,0.25,2361992656.67,18.2762450593,-9.0468,253595897.52,49.54,7.4946,4.784544271713,5.45,0.25516425047,16.2176521793,工业金属,2025-04-19,2024-03-31
600976,健民集团,0.65,970121135.45,-4.2693475328,-11.4478,99523950.19,-0.04,-6.4041,15.306940862237,4.33,-0.336685577639,42.4991703215,中药Ⅱ,2025-04-19,2024-03-31
600829,人民同泰,0.1351,2598035321.93,-2.0864536731,1.2875,78333942.38,9.12,51.7455,4.879820331111,2.81,-0.579933404554,9.3126625311,医药商业,2025-04-19,2024-03-31
600562,国睿科技,0.09,562028382.63,-1.8151868857,-51.4366,115520447.75,2.7,-43.7907,4.563420620938,2.06,-0.23230374132,36.7202746584,军工电子Ⅱ,2025-04-19,2024-03-31
600237,铜峰电子,0.03882,312490219.24,19.6600805774,9.9717,24182234.82,8.46,-19.714,2.753951085072,1.41,-0.033872384809,23.2472067691,元件,2025-04-19,2024-03-31
600148,长春一东,-0.0123,176733589.27,28.5442471175,-0.7066,-1742020.44,82.8300993559,-114.6624,3.316965047385,-0.37,0.427190822834,12.4344597486,汽车零部件,2025-04-19,2024-03-31
301596,瑞迪智驱,0.5973,130716684.47,-2.3093587344,-16.4988,24691359.64,6.36,-5.585,10.991191439594,5.59,0.655807286099,33.9004578334,通用设备,2025-04-19,2024-03-31
301536,星宸科技,0.13,526616963.33,20.5431222348,-3.5716,50933685.34,9.02,200.5495,6.593586258538,2.09,0.213134564029,36.4073612665,半导体,2025-04-19,2024-03-31
301528,多浦乐,-0.0584,17072014.53,3.5205337073,-75.6095,-3614700.21,-89.86,-110.7107,23.506919010339,-0.25,-0.214826632795,66.9657628859,通用设备,2025-04-19,2024-03-31
301511,德福科技,-0.21,1190527167.06,-6.8175364281,-24.9115,-94752658.8,-332.74,-262.8576,9.254402752171,-2.25,-0.064405283122,-3.0986456236,电池,2025-04-19,2024-03-31
301320,豪江智能,0.07,197642799.49,23.0793997333,4.0739,12596945.15,-2.27,197.598,5.766578714459,1.21,0.004055839073,23.3753326755,自动化设备,2025-04-19,2024-03-31
301149,隆华新材,0.11,1353450270.08,63.3174387159,-13.3774,47793752.21,16.88,-33.8889,4.398210938261,2.56,0.116472871869,5.5482182264,化学制品,2025-04-19,2024-03-31
301105,鸿铭股份,0.0869,46980576.26,5.2380547306,54.8819,4345438.1,224.73,124.0995,17.1321360048,0.51,0.2664365738,36.1665209596,专用设备,2025-04-19,2024-03-31
301069,凯盛新材,0.0611,239937179.44,-3.2621333248,-7.3867,25698384.59,-49.29,5.5067,3.643282658877,1.53,0.032633337842,26.679190407,化学原料,2025-04-19,2024-03-31
300971,博亚精工,0.19,75874565.0,-9.368379579,-41.8935,13823043.34,-12.48,-47.2137,11.80669477119,1.41,0.013856641548,43.9500800169,专用设备,2025-04-19,2024-03-31
300855,图南股份,0.23,349865492.65,5.695781831,9.6437,90810166.7,8.75,30.4366,4.859072836762,4.84,0.17480415578,38.8686139693,金属新材料,2025-04-19,2024-03-31
300841,康华生物,1.1204,311367042.84,11.9566114999,-46.987,149466993.99,42.09,6.5507,26.74395927161,4.16,0.732191577913,96.0833412269,生物制品,2025-04-19,2024-03-31
300796,贝斯美,0.06,354021375.03,62.304173954,52.0429,20125230.01,-59.37,110.3931,4.686576201869,1.19,0.031654243421,22.9764838389,农化制品,2025-04-19,2024-03-31
300690,双一科技,0.02,130608676.67,7.6852867819,-43.3251,3021090.24,-56.17,-83.7043,8.609624380913,0.21,0.256397408561,21.5135298254,风电设备,2025-04-19,2024-03-31
300673,佩蒂股份,0.17,384361410.15,142.3738834388,-22.3186,41712068.74,209.56,130.8544,6.823104187825,2.33,-0.156514844168,24.3591177724,饲料,2025-04-19,2024-03-31
300527,ST应急,-0.012,140001067.3,36.6193987608,-47.3116,-11578813.39,41.87,-196.4668,2.523377128334,-0.46,-0.149111751071,28.2181937623,地面兵装Ⅱ,2025-04-19,2024-03-31
300383,光环新网,0.09,1978172217.3,5.2451074389,2.9116,164001711.74,-5.5,386.5897,7.042955014256,1.3,0.20850304006,18.669206007,通信服务,2025-04-19,2024-03-31
300357,我武生物,0.1475,216249528.11,18.0790410508,23.9966,77207320.73,9.55,92.8396,4.331023499247,3.47,0.083599327863,95.1833135124,生物制品,2025-04-19,2024-03-31
300303,聚飞光电,0.05,643662593.86,19.8816400103,-2.9515,73000359.93,25.42,50.5988,2.291035427721,2.38,-0.054192138397,24.4227307101,光学光电子,2025-04-19,2024-03-31
300279,和晶科技,0.0169,530444392.81,31.6974254942,3.8883,8287214.66,-13.38,136.2483,1.892783646922,0.9,0.069074793167,16.1791743703,家电零部件Ⅱ,2025-04-19,2024-03-31
300258,精锻科技,0.0974,503697791.15,12.3974134454,-15.7475,46933239.78,1.77,-5.2538,7.541923299541,1.24,0.12005961478,27.361512697,汽车零部件,2025-04-19,2024-03-31
300254,仟源医药,0.0757,189493463.31,3.4437448376,-16.6571,18284352.36,947.75,-52.9811,2.559475842342,3.0,0.146866683997,65.9591641985,化学制药,2025-04-19,2024-03-31
300222,科大智能,0.0136,505702220.43,-11.5044373667,-49.0488,10647588.47,149.78,112.6901,2.120440465057,0.64,-0.138004363078,25.6071307972,电网设备,2025-04-19,2024-03-31
300221,银禧科技,0.005,395916547.11,4.7420896487,-13.577,2274575.49,29.28,575.9954,2.755184704919,0.17,0.008369648882,15.5394011943,塑料,2025-04-19,2024-03-31
300184,力源信息,0.0305,1536585463.35,29.692538714,-4.7904,35243650.67,5.11,484.7696,3.162528786362,0.97,-0.017325653547,9.8196532825,其他电子Ⅱ,2025-04-19,2024-03-31
300109,新开源,0.25,394687984.97,8.7283990965,4.723,121387401.37,1.17,37.7708,11.390547132842,3.36,0.400878673453,53.4889454656,化学制品,2025-04-19,2024-03-31
300027,ST华谊,-0.0067,95215040.34,-59.2026539368,-49.6811,-18559976.75,-76.76,92.7793,0.235338862314,-2.79,0.012470284854,38.3910545114,影视院线,2025-04-19,2024-03-31
300003,乐普医疗,0.2594,1922028839.15,-21.1379059259,11.7023,481871134.58,-19.27,605.1036,8.594508680822,2.98,0.075251232795,66.885836804,医疗器械,2025-04-19,2024-03-31
003006,百亚股份,0.24,765153323.0,46.3967875723,14.5401,102619879.0,28.07,83.7238,3.470245909828,7.14,0.227234565894,54.3617875655,个护用品,2025-04-19,2024-03-31
002991,甘源食品,1.0,586039141.89,49.7527822236,9.7581,91292733.23,65.3,-20.5764,18.847714471376,5.32,0.929605035007,35.391854679,休闲食品,2025-04-19,2024-03-31
002772,众兴菌业,0.0884,486703302.14,-21.8661524619,1.6919,34746897.29,-82.46,317.9193,8.817068134204,1.01,0.254067345444,19.9715151269,种植业,2025-04-19,2024-03-31
002757,南兴股份,0.2836,953796452.37,1.4603752731,0.5722,83802540.26,2.46,234.5119,8.13690476149,3.55,0.238167587054,20.5277181125,专用设备,2025-04-19,2024-03-31
002697,红旗连锁,0.12,2670986298.23,4.5488154576,7.19,163376974.3,15.95,6.1143,3.14258433839,3.9,0.027837755346,29.7960467074,一般零售,2025-04-19,2024-03-31
002691,*ST冀凯,0.008,31680377.02,-54.1956841711,-73.477,2772812.65,224.33,-87.5599,2.6415673915,0.31,0.129748084706,14.7505706042,专用设备,2025-04-19,2024-03-31
002550,千红制药,0.0827,461101487.65,-24.1882349363,32.3758,104108160.35,21.13,750.9055,1.888534367432,4.31,0.133700511439,53.1407182416,化学制药,2025-04-19,2024-03-31
002415,海康威视,0.207,17817550424.43,9.9768046082,-36.5126,1915795733.79,5.78,-63.5514,8.411469662603,2.47,-0.425043270006,45.5646786999,计算机设备,2025-04-19,2024-03-31
002413,雷科防务,-0.02,238357963.09,-20.9187039744,-43.8342,-31321344.43,-288.86,94.1073,2.841510382505,-0.82,0.019760032963,32.624596574,军工电子Ⅱ,2025-04-19,2024-03-31
002303,美盈森,0.0454,841979114.32,6.879352835,-7.1449,69462027.54,81.83,102.239,3.358638923044,1.36,0.00839681907,28.0888908095,包装印刷,2025-04-19,2024-03-31
002270,华明装备,0.1416,451224726.98,9.400654103,-10.9177,126917576.17,7.59,52.6761,3.880465728148,3.72,0.171188755957,52.3908838423,电网设备,2025-04-19,2024-03-31
002262,恩华药业,0.26,1357565651.12,15.1644196435,-2.0176,265282248.03,16.64,75.3622,6.648970733876,4.04,0.231823179685,70.7780694037,化学制药,2025-04-19,2024-03-31
002236,大华股份,0.17,6180916716.7,2.7476230644,-37.8167,561037985.01,13.26,-88.2425,10.724881737782,1.6,-0.396624270748,41.5315464364,计算机设备,2025-04-19,2024-03-31
002138,顺络电子,0.22,1258892469.16,22.8577044249,-7.7396,170164146.96,111.26,4.3387,7.25345141573,2.82,0.295619703071,36.9481083837,元件,2025-04-19,2024-03-31
002033,丽江股份,0.1016,179930044.26,-0.045343272,14.5413,55813358.84,1.11,257.7222,4.661119797474,2.2,0.15133173112,58.2425555671,旅游及景区,2025-04-19,2024-03-31
001203,大中矿业,0.16,920556249.19,43.0494903742,-20.9575,241618652.11,20.13,-22.6648,3.922107585306,4.01,0.195303561085,56.7813079679,冶钢原料,2025-04-19,2024-03-31
000915,华特达因,0.72,571800385.84,1.8454591844,-25.295,168635228.17,3.0,35.4838,13.444716566747,5.5,0.980313600624,84.8893241121,化学制药,2025-04-19,2024-03-31
000819,岳阳兴长,0.072,831488119.72,10.594457667,2.0357,21599522.11,30.97,-21.4128,5.736164368769,1.03,-0.069401305509,18.8619361083,炼化及贸易,2025-04-19,2024-03-31
000802,北京文化,-0.0191,6199392.55,-93.8357485499,-98.6253,-13700994.29,-16.5,90.5528,1.728852688619,-1.1,0.188114470723,87.9020404991,影视院线,2025-04-19,2024-03-31
000795,英洛华,0.0593,894954050.63,6.1695274685,-17.1394,66166645.84,74.84,1431.8648,2.371854528748,2.42,0.02728373747,19.9796869777,金属新材料,2025-04-19,2024-03-31
000721,西安饮食,-0.0522,182495391.46,3.4650883526,-6.209,-29934931.46,3.83,43.0705,0.682458149013,-7.36,0.042160584643,4.6593624759,酒店餐饮,2025-04-19,2024-03-31
000708,中信特钢,0.269,28428786439.94,1.6438073678,2.984,1359809828.84,-8.14,0.9598,7.82875873222,3.46,-0.276426696228,12.3055899083,特钢Ⅱ,2025-04-19,2024-03-31
000610,*ST西旅,-0.1272,130709382.19,-6.0993974666,677.7313,-30114894.41,-2.39,66.3126,1.972158938634,-6.25,-0.078555648272,2.5872249668,旅游及景区,2025-04-19,2024-03-31
000408,藏格矿业,0.34,614337496.69,-55.2768683875,-40.7313,529267974.43,-42.51,17.2617,8.60625847415,3.97,-0.150314410676,50.1443101845,农化制品,2025-04-19,2024-03-31
000404,长虹华意,0.1148,3340525465.3,-21.1623859343,54.4522,79921685.5,26.96,-8.2466,5.563512723512,2.08,-0.634770577733,9.4525268943,家电零部件Ⅱ,2025-04-19,2024-03-31
000001,平安银行,0.66,38770000000.0,-14.0316643754,4.6,14932000000.0,2.3,118.9443,21.417705864166,3.15,-1.1,,银行Ⅱ,2025-04-19,2024-03-31
920992,中科美菱,0.0474,69487663.5,-9.5331851747,-9.8732,4583048.38,-13.37,20.1009,6.271274192804,0.76,0.041316029472,41.113348645,医疗器械,2025-04-18,2024-03-31
920839,万通液压,0.1822,141624864.55,-6.2144308059,-1.9329,21046067.52,37.1,-2.3375,4.52723769205,3.97,0.165575878127,24.4862461759,工程机械,2025-04-18,2024-03-31
920819,颖泰生物,-0.02,1374078857.91,-16.3452049739,5.7477,-29764161.3,-142.19,48.5213,4.689682538612,-0.52,-0.129962334655,12.1279552,农化制品,2025-04-18,2024-03-31
920429,康比特,0.09,153676683.1,17.4087317998,-37.792,10976426.19,2.19,-54.0069,6.497065083133,1.37,-0.223104225944,47.6645188407,食品加工,2025-04-18,2024-03-31
920378,泰德股份,0.04,79575596.56,25.9375103913,5.9151,5721321.95,225.52,46.7918,2.304505608387,1.61,0.024706766521,24.0462754628,汽车零部件,2025-04-18,2024-03-31
920299,灿能电力,0.04,20170698.07,28.0922006945,-53.7391,3526791.21,38.3,-67.5896,3.257849610178,1.21,0.021339065692,50.3915059098,电网设备,2025-04-18,2024-03-31
920016,中草香料,0.23,42818736.92,23.6050757753,-29.8421,13466468.02,92.166597621,16.0907,3.975063219119,5.84,0.159330939253,34.7330129513,化学制品,2025-04-18,2024-03-31
831199,海博小贷,0.04,35842518.24,-8.1106904287,-19.9983,23309183.11,83.91,-42.073,1.680561061866,2.21,0.07346267355,,,2025-04-18,2024-03-31
688670,金迪克,-0.17,5018146.58,-95.2757017375,-63.4982,-21490352.31,-159.13,64.1308,10.954474643912,-1.58,-0.368120953653,87.4246754267,生物制品,2025-04-18,2024-03-31
688668,鼎通科技,0.13,193948424.31,19.7327212548,1.1002,18232625.04,-45.11,34.6794,17.653231660155,1.05,-0.033302451513,27.0392779351,通信设备,2025-04-18,2024-03-31
688610,埃科光电,0.13,62888021.85,9.6421905954,-12.7643,9167557.08,213.95,3.568,21.653828089265,0.61,-0.287365385735,38.7339913761,通用设备,2025-04-18,2024-03-31
688602,康鹏科技,0.04,168553569.9,-23.0165365055,-8.7606,19175136.89,-10.89,961.0735,5.482390900563,0.68,-0.039935102826,18.1903153984,化学制药,2025-04-18,2024-03-31
688375,国博电子,0.2,693204264.14,-0.6201832901,-6.4394,120776726.47,4.22,-22.6236,15.303061648684,1.99,-0.601897154346,35.6333324199,军工电子Ⅱ,2025-04-18,2024-03-31
688290,景业智能,-0.11,23259702.77,-55.2579269846,-81.594,-11174381.18,-292.05,-134.1726,12.035472776742,-0.9,-0.310735276547,43.2708461476,自动化设备,2025-04-18,2024-03-31
688212,澳华内镜,0.02,169298973.87,34.913763929,-32.1411,2759505.2,-83.32,-78.2156,10.483494652586,0.19,-0.776603712966,76.4043680202,医疗器械,2025-04-18,2024-03-31
688166,博瑞医药,0.15,340133145.78,11.5419590915,28.5269,64069918.71,-9.47,500.1707,5.566872422289,2.67,0.351416619977,57.1655758406,化学制药,2025-04-18,2024-03-31
688156,路德科技,0.06,67954689.05,21.8988755239,-43.09,5673773.52,54.15,827.6598,8.961674150835,0.63,0.336627862853,30.7810453589,环境治理,2025-04-18,2024-03-31
688099,晶晨股份,0.3,1378372649.52,33.1568218647,-8.9127,127546238.12,319.05,-30.7899,13.481028212857,2.3,0.711146741388,34.2215170719,半导体,2025-04-18,2024-03-31
688093,世华科技,0.16,133128486.96,63.3226805791,9.822,41264496.02,37.32,5.6966,7.274436705476,2.17,0.271107095905,53.407410445,其他电子Ⅱ,2025-04-18,2024-03-31
605589,圣泉集团,0.17,2135458772.5,5.107768491,-12.0297,137384664.57,7.3,-55.3465,12.934260837517,1.45,-0.201752934986,22.8754338637,塑料,2025-04-18,2024-03-31
605090,九丰能源,0.77,6332856932.64,-2.173120301,-9.875,480136783.84,6.32,174.4851,12.997886777631,5.95,1.079896019582,9.4945343786,燃气Ⅱ,2025-04-18,2024-03-31
603658,安图生物,0.56,1089195256.05,5.0873431012,-9.3213,324212004.34,33.93,2.4307,14.975707177998,3.74,0.560152930501,64.3257906191,医疗器械,2025-04-18,2024-03-31
603637,镇海股份,0.04,101670572.75,-24.4471504175,-55.2957,8415348.94,-57.28,-80.9452,3.978825435895,0.87,-0.332731521069,11.2218410415,专业工程,2025-04-18,2024-03-31
603409,汇通控股,0.38,195483469.31,,-24.7147,36168825.91,,-17.5017,,5.9,,32.7437640256,汽车零部件,2025-04-18,2024-03-31
603239,浙江仙通,0.19,269550301.34,20.4435586755,-18.6901,51945061.21,71.03,-3.9341,4.158056145501,4.73,-0.122504301086,33.2313993398,汽车零部件,2025-04-18,2024-03-31
603181,皇马科技,0.16,531769632.23,23.0744904694,8.9048,87908100.18,11.49,-2.3658,4.781721019721,3.15,0.011889575132,24.2239636945,化学制品,2025-04-18,2024-03-31
603162,海通发展,0.1,797649199.02,138.7783482517,40.2002,89937340.15,17.17,167.3867,6.050539671559,2.44,0.067887913503,13.2268146824,航运港口,2025-04-18,2024-03-31
603138,海量数据,-0.02,64963861.27,15.9165224642,-33.9582,-6529843.13,77.7962987353,-256.6099,2.808042538767,-0.79,0.024718411852,48.9341497542,IT服务Ⅱ,2025-04-18,2024-03-31
603128,华贸物流,0.13,3882870739.8,31.6711674577,-7.7463,166495375.01,-24.67,219.6436,4.59857138703,2.8,-0.125946153392,13.4728081465,物流,2025-04-18,2024-03-31
603115,海星股份,0.06,403345883.27,-7.2338483151,-7.8613,15279549.56,20.18,-76.5171,8.381231091764,0.77,-0.014437134574,16.1052175055,元件,2025-04-18,2024-03-31
603103,横店影视,0.34,842411957.41,13.5013033555,112.8753,218684421.85,46.43,412.3178,2.457972682308,15.09,0.725605926269,30.5092278545,影视院线,2025-04-18,2024-03-31
603057,紫燕食品,0.131,694660462.4,-8.0043141015,-5.3807,53963965.22,20.87,644.1293,5.188198712694,2.56,-0.198762448519,20.8939553618,休闲食品,2025-04-18,2024-03-31
601929,吉视传媒,-0.0336,405204839.16,-13.5505206028,-12.9922,-117155631.79,-6216.4,72.3465,1.833978270202,-1.8,0.04413678666,13.808973532,电视广播Ⅱ,2025-04-18,2024-03-31
600961,株冶集团,0.13,4426476040.73,-1.6444703741,-3.7685,159088458.42,13.37,98.5042,2.126975835184,6.34,0.477318874344,8.861999519,工业金属,2025-04-18,2024-03-31
600660,福耀玻璃,0.53,8835664711.0,25.2854245936,-5.3504,1387825463.0,51.76,-7.6828,12.591677606273,4.32,0.498209808381,36.8190805266,汽车零部件,2025-04-18,2024-03-31
600050,中国联通,0.078,99496339645.0,2.3395129026,9.4519,2446512528.0,8.0,311.2121,5.09100130336,1.48,0.341623248217,24.5443688453,通信服务,2025-04-18,2024-03-31
301628,强达电路,0.46,181662367.18,0.9694784349,-0.6287,26136627.39,16.9016065534,7.4645,,4.99,,29.8148167399,元件,2025-04-18,2024-03-31
301589,诺瓦星云,1.46,681142701.58,22.6633106563,-25.186,122555872.44,44.54,-34.9501,73.247575373442,4.53,-1.231437108255,56.7740082501,计算机设备,2025-04-18,2024-03-31
301585,蓝宇股份,0.42,105750222.71,,2.0715,25144985.33,,11.3107,,5.64,,40.8570629667,化学制品,2025-04-18,2024-03-31
301566,达利凯普,0.07,80469668.51,-40.285225615,10.5904,29296210.64,-47.64,14.1433,3.219980415115,2.3,0.008694693758,57.3522207616,元件,2025-04-18,2024-03-31
301383,天键股份,0.25,414064171.32,52.2098213675,-11.4615,40347151.65,111.24,52.8469,16.447731004041,2.13,1.072930820652,15.8901265425,消费电子,2025-04-18,2024-03-31
301101,明月镜片,0.2103,192086337.15,11.9294809904,3.387,42208439.85,20.42,20.1796,7.933695402857,2.68,0.10827534426,58.0674255311,文娱用品,2025-04-18,2024-03-31
301023,奕帆传动,0.24,40649872.06,5.2537980301,-11.7945,13164578.05,-8.31,43.2683,14.677337572957,1.61,0.04319669055,42.7648432062,电机Ⅱ,2025-04-18,2024-03-31
300990,同飞股份,0.03,274432950.33,0.5657630597,-47.0852,5137981.2,-81.88,-87.6189,10.544791540658,0.29,-0.524319787512,25.4775235721,通用设备,2025-04-18,2024-03-31
300927,江天化学,0.0862,171299011.23,-10.5464963575,-4.5702,12446146.76,-45.46,-14.7191,4.847361911264,1.8,-0.190277343655,16.7391871582,化学原料,2025-04-18,2024-03-31
300881,盛德鑫泰,0.45,593855819.5,94.8852527859,-20.0122,49784880.18,147.49,3.5618,8.756564776636,4.81,-2.448245837273,19.5798805925,特钢Ⅱ,2025-04-18,2024-03-31
300804,广康生化,0.24,178058819.17,14.0248711143,28.1977,17670252.56,-18.7,76.5694,17.618877823919,1.36,-0.020211549324,24.9266242565,农化制品,2025-04-18,2024-03-31
300758,七彩化学,0.05,322546064.29,22.372282884,-1.8106,21594788.84,245.86,45.1136,3.981731831324,1.34,0.033048162614,30.1348856741,化学制品,2025-04-18,2024-03-31
300688,创业黑马,-0.05,50138149.08,3.6843195639,-45.4301,-9198263.14,14.95,-137.4134,3.199399043063,-1.67,-0.061306761981,52.6832293068,教育,2025-04-18,2024-03-31
300610,晨化股份,0.1,225979348.08,-4.1193449533,6.8098,21959766.75,46.13,2.4937,5.293055620173,1.94,-0.005542752557,19.7737270107,化学制品,2025-04-18,2024-03-31
300505,川金诺,0.0741,581360512.09,11.7627720493,-27.0161,20378980.36,412.33,22.5303,8.806415334743,0.85,-0.217897563511,10.8077385707,农化制品,2025-04-18,2024-03-31
300486,东杰智能,-0.02,211593106.42,31.7740423188,-30.0937,-6419668.47,-134.27,97.3409,3.220219300426,-0.46,-0.174513702575,15.2192275943,自动化设备,2025-04-18,2024-03-31
300455,航天智装,0.0137,204029690.92,-2.7029502431,-62.2528,9833567.41,8.57,-83.1211,2.511370882204,0.55,-0.107650716011,26.0129746855,计算机设备,2025-04-18,2024-03-31
300433,蓝思科技,0.0622,15498274781.55,57.5216311042,-25.0671,309201697.61,379.02,-77.461,9.366874479627,0.66,0.407337169806,12.5174545496,消费电子,2025-04-18,2024-03-31
300401,花园生物,0.17,330273302.02,4.1476349797,67.7614,91483091.72,76.41,110.7148,5.061317430522,3.11,0.205041040155,58.3546487958,化学制药,2025-04-18,2024-03-31
300399,天利科技,-0.02,102009854.23,16.7967854635,6.7715,-4749468.19,-167.72,-110.7216,2.624911073583,-0.91,0.188913938158,1.9097760748,IT服务Ⅱ,2025-04-18,2024-03-31
300389,艾比森,0.195,864448981.48,21.8748529071,-41.1474,70965039.3,-10.28,-26.3063,4.136644206267,4.83,-0.062562949591,29.8009709097,光学光电子,2025-04-18,2024-03-31
300371,汇中股份,0.0203,49924900.74,-28.6334332932,-70.7676,4057337.83,-41.1,-85.352,5.402843378533,0.37,-0.120673218618,51.1966810572,通用设备,2025-04-18,2024-03-31
300370,安控科技,-0.0114,42517423.52,-21.3568519776,-81.6667,-17881640.59,73.38,77.6083,0.38188392685,-2.95,-0.009647400132,28.2741591676,通用设备,2025-04-18,2024-03-31
300354,东华测试,0.2,104325955.4,45.1614836136,43.7846,27336688.14,165.7,404.5904,4.980405986758,4.03,-0.281547818456,67.2674502533,通用设备,2025-04-18,2024-03-31
300337,银邦股份,0.0352,1125471425.64,12.1814704873,-3.7461,28937812.22,134.02,735.5438,2.026709080227,1.75,-0.04998633367,10.2125481671,工业金属,2025-04-18,2024-03-31
300278,华昌达,0.0212,758230637.21,23.5764431857,-3.4691,30490577.23,36.06,242.1835,1.231468514649,1.85,-0.079617427007,13.870961276,自动化设备,2025-04-18,2024-03-31
300236,上海新阳,0.061,297418597.54,14.0127403489,-13.0136,18881851.47,-66.52,-64.3784,12.055488926398,0.47,-0.050488959648,40.0402862447,电子化学品Ⅱ,2025-04-18,2024-03-31
300133,华策影视,0.02,176521185.92,-81.694180423,-78.0161,30013762.98,-79.58,-45.3763,3.716526109458,0.43,-0.074267514587,38.5953216068,影视院线,2025-04-18,2024-03-31
300100,双林股份,0.1936,1063131597.36,19.6427290904,-15.3207,77578238.82,83.68,553.6806,5.578742533428,3.47,0.025356739823,21.0249212219,汽车零部件,2025-04-18,2024-03-31
300012,华测检测,0.0791,1191912757.3,6.6973056592,-21.7478,132541651.89,-8.12,-21.7365,3.752904626657,2.12,-0.101032409242,45.2779740786,专业服务,2025-04-18,2024-03-31
002980,华盛昌,0.2,152527488.9,0.8567841819,-14.8712,27443957.16,30.3,70.3988,7.861629850486,2.58,0.428162940312,42.7225840863,电网设备,2025-04-18,2024-03-31
002895,川恒股份,0.2505,1043658959.64,4.5340566101,-16.3672,134641446.71,-14.97,-51.0189,10.430625658458,2.31,-0.406463553162,33.8330488383,农化制品,2025-04-18,2024-03-31
002846,英联股份,0.0032,459895306.48,9.5536157373,7.8828,1340980.26,135.87,-87.0073,3.437118167905,0.09,0.110972988719,11.8462669574,包装印刷,2025-04-18,2024-03-31
002803,吉宏股份,0.11,1324458336.45,-3.7463310061,-24.9199,42805333.83,-39.22,75.5409,5.899188429631,1.83,-0.409639021695,40.6176777581,互联网电商,2025-04-18,2024-03-31
002664,信质集团,0.1156,1294231998.5,31.0981576755,-2.9677,47019084.7,18.56,-36.3375,8.43597751466,1.38,0.247986856633,10.951042067,汽车零部件,2025-04-18,2024-03-31
002588,史丹利,0.21,2628527213.63,-13.8577290492,9.9965,238491511.67,11.27,96.8491,5.491921488213,3.82,-0.009155711281,17.3985991565,农化制品,2025-04-18,2024-03-31
002536,飞龙股份,0.207,1240409962.15,31.1531347261,20.4546,118994724.84,75.47,219.8246,5.82626540478,3.62,0.351436535982,20.2783331798,汽车零部件,2025-04-18,2024-03-31
002469,三维化学,0.0887,518918794.15,-13.283208234,-21.9696,57579316.86,26.83,-31.264,4.282078777953,2.1,0.110873705595,19.8551376037,化学原料,2025-04-18,2024-03-31
002391,长青股份,0.0122,859885614.78,-15.8396716118,4.2474,7903609.81,-91.26,105.5659,6.992670309781,0.17,-0.208390284525,14.8792608808,农化制品,2025-04-18,2024-03-31
002383,合众思壮,-0.0449,267127935.89,-31.9838993932,-38.3474,-33276306.45,-87.23,-106.9235,2.511106674662,-1.77,0.011257943131,41.706534391,军工电子Ⅱ,2025-04-18,2024-03-31
002256,兆新股份,0.0,67531460.81,1.3185056194,-23.5406,1547342.96,102.39,-97.9439,0.654532338505,0.12,-0.005027887504,23.9703048414,电力,2025-04-18,2024-03-31
001359,平安电工,0.3068,219882635.21,10.8743499068,-12.003,42686642.18,32.21,1.8421,9.225831004662,4.43,-0.101353776578,37.4548168442,塑料,2025-04-18,2024-03-31
001318,阳光乳业,0.0761,108881781.06,-6.3619162063,-26.2466,21504922.08,-1.96,2.1832,4.798031231338,1.6,-0.020729498656,34.7199711026,饮料乳品,2025-04-18,2024-03-31
001286,陕西能源,0.26,5640329568.0,10.3907800196,7.273,987204787.01,15.3,173.7874,6.476262038037,4.16,0.623254949856,40.8630194713,电力,2025-04-18,2024-03-31
001217,华尔泰,0.1,394707255.02,-12.7183808306,-17.353,33329636.28,1.19,-43.075,6.737876329948,1.5,-0.110528713442,15.0837954922,化学原料,2025-04-18,2024-03-31
000959,首钢股份,-0.0031,29539538645.3,2.8724068539,2.7759,-24299128.19,58.45,91.5229,6.340811945629,-0.05,-0.241136604661,3.0024802076,普钢,2025-04-18,2024-03-31
000739,普洛药业,0.2084,3198046619.86,3.6462959844,7.5307,243716289.99,1.84,19.4707,5.487534495129,3.84,0.237691888004,24.0441459732,化学制药,2025-04-18,2024-03-31
000719,中原传媒,0.03,1896300949.76,1.4627662347,-40.7827,32863747.22,-67.52,-95.3268,10.70892367394,0.3,-0.424003474893,33.2660438534,出版,2025-04-18,2024-03-31
000633,合金投资,0.0035,44811065.17,-4.0823829934,-17.8173,1330796.86,11.13,59.1918,0.466924101072,0.74,0.024186065106,13.8430874081,金属新材料,2025-04-18,2024-03-31
688519,南亚新材,0.04,656687317.43,-5.7680035329,-4.7806,10103512.15,208.5014185474,148.7481,10.092598599204,0.4,0.02441673364,8.2964863404,元件,2025-04-17,2024-03-31
688508,芯朋微,0.18,203344442.54,8.6929918627,1.4574,23804600.75,16.24,4444.9858,18.60623608021,0.96,0.220552494318,36.7394044838,半导体,2025-04-17,2024-03-31
688449,联芸科技,0.0284,216803516.47,174.6486397259,-37.6685,10220310.24,121.7039187763,-80.7893,,1.93,,53.0937040802,半导体,2025-04-17,2024-03-31
688391,钜泉科技,0.16,126259159.11,-7.1426425915,-0.4006,19199667.05,-44.39,45.397,24.521772441331,0.94,0.129439555077,42.1747657717,半导体,2025-04-17,2024-03-31
688378,奥来德,0.6391,258233947.68,6.991000086,151.2427,95014488.65,0.22,287.3516,12.578460691925,5.21,0.409640974986,53.260114929,光学光电子,2025-04-17,2024-03-31
603725,天安新材,0.04,525940472.0,-1.9857704464,-42.4225,12265703.43,50.98,-73.3221,3.357448274254,1.69,0.051516075877,21.2466507198,家居用品,2025-04-17,2024-03-31
603466,风语筑,-0.01,294519917.96,-30.2887466835,-42.202,-15013945.7,-134.03,-120.4441,4.055363043979,-0.61,-0.370231284693,22.9942926981,数字媒体,2025-04-17,2024-03-31
600267,海正药业,0.21,2726615253.7,-10.9977155307,101.7201,248531288.09,6.99,146.4064,6.584739351759,3.1,0.26086329707,36.1543652219,化学制药,2025-04-17,2024-03-31
300077,国民技术,-0.13,230569513.87,6.4743872628,-16.6633,-74806782.26,11.17,66.0291,1.84810988259,-6.59,-0.106227513958,18.2258181685,半导体,2025-04-17,2024-03-31
002660,茂硕电源,0.0335,263001416.18,-20.233119121,-14.6504,11954700.85,-35.47,-29.2432,3.580091012821,0.94,-0.014097652813,26.4563981824,消费电子,2025-04-17,2024-03-31
000892,欢瑞世纪,0.0153,71846327.25,32.4130962217,93.2559,14881833.95,88.32,104.3906,1.157682973186,1.32,-0.03136379154,61.4238088698,影视院线,2025-04-17,2024-03-31
920106,林泰新材,0.3,48536157.03,26.9834109786,-25.7863,9896755.12,89.0079882363,-55.9187,8.238295705581,3.69,-0.005250234992,41.0957618826,汽车零部件,2025-04-16,2024-03-31
605507,国邦医药,0.36,1338703044.52,-5.0674763574,3.2973,198731128.32,2.11,61.0582,13.605689647483,2.64,-0.141573495155,27.4326856664,化学制药,2025-04-16,2024-03-31
605499,东鹏饮料,1.2767,3482167762.79,39.7974719263,32.8118,663880398.3,33.51,72.8081,17.469965346541,9.97,2.148807284243,42.770704532,饮料乳品,2025-04-16,2024-03-31
603920,世运电路,0.2,1093474399.58,7.7149083477,-6.5594,108593408.91,44.73,-10.3178,7.717743459848,3.25,0.240804624249,20.4790595432,元件,2025-04-16,2024-03-31
603129,春风动力,1.84,3061020405.22,6.3111372375,12.3766,277529426.83,31.97,34.8534,35.250385769452,5.37,0.678283972641,31.523558913,摩托车及其他,2025-04-16,2024-03-31
603027,千禾味业,0.1507,894581762.8,9.2778713528,2.193,154905326.54,6.66,8.0845,3.509688590805,4.15,0.158349832195,35.9577847813,调味发酵品Ⅱ,2025-04-16,2024-03-31
601096,宏盛华源,0.0156,2526777419.66,5.5431564298,-6.9561,41630680.02,23.91,18.7835,1.597707394413,0.98,0.009781230878,6.9932178084,专业工程,2025-04-16,2024-03-31
600746,江苏索普,0.0222,1502967392.99,13.4711368755,4.5659,25811526.02,123.5192846969,-84.6054,4.45900123993,0.49,-0.016918015831,6.8121406704,化学原料,2025-04-16,2024-03-31
600734,*ST实达,-0.0062,4273512.17,-88.0791576934,-96.6523,-13585346.86,-231.63,-172.3945,0.173840352064,-3.5244,-0.020848504533,22.6443295703,IT服务Ⅱ,2025-04-16,2024-03-31
600595,中孚实业,0.01,5182180353.54,28.190333721,0.6179,43725056.69,-78.07,-88.0365,3.425198415084,0.32,0.019730081157,5.8688914451,工业金属,2025-04-16,2024-03-31
600318,新力金融,0.0262,83895830.92,5.586765285,17.9118,13423582.54,28.89,237.7357,2.054081701393,1.28,0.045766912383,84.2445662495,多元金融,2025-04-16,2024-03-31
300967,晓鸣股份,-0.053,174999615.15,-17.237343118,-9.7968,-9881961.0,10.98,86.825,3.386859221185,-1.35,0.067534062064,-0.4568897876,养殖业,2025-04-16,2024-03-31
300657,弘信电子,0.06,1669987666.48,161.0758099832,63.4501,28101611.19,137.72,114.5076,2.663212823796,2.18,-0.316878281126,12.7864545952,元件,2025-04-16,2024-03-31
300602,飞荣达,0.0539,1029544687.09,33.1560655929,-31.4698,31128009.45,194.07,-56.3176,6.472867725637,0.82,-0.031180033231,18.1200196455,消费电子,2025-04-16,2024-03-31
300529,健帆生物,0.3512,744336658.85,30.0020436653,70.5762,284766143.1,44.9,2118.3185,3.85119716913,8.97,0.627938716884,78.6846773226,医疗器械,2025-04-16,2024-03-31
300444,双杰电气,0.1006,1001957077.97,32.6246814645,69.9128,80374448.83,3.52,7663.6343,2.033721363012,5.1,-0.135396187528,21.007035799,电网设备,2025-04-16,2024-03-31
300306,远方信息,0.05,85663620.91,2.114248673,-35.1939,13134831.86,-16.15,-67.5375,5.707266643961,0.86,-0.053521717852,63.9358458914,通用设备,2025-04-16,2024-03-31
300039,上海凯宝,0.0846,475496607.8,3.5066512991,8.1355,88458934.18,10.33,-32.8572,3.612061541358,-6.48,0.06973401326,81.3907411055,中药Ⅱ,2025-04-16,2024-03-31
002857,三晖电气,-0.0261,53805792.89,69.4922093373,-70.1256,-3345089.85,-12.42,-123.0716,3.975699893906,-0.63,-0.227973838125,29.1231929656,电网设备,2025-04-16,2024-03-31
002334,英威腾,0.0587,949105798.1,-6.3078678448,-26.2963,47222379.3,-50.47,-33.0432,3.388640252755,1.75,0.164518972108,30.4861315366,自动化设备,2025-04-16,2024-03-31
002196,方正电机,-0.0168,486045523.39,9.1059495069,-44.0534,-8338320.63,-202.04,-162.9393,2.817564768621,-0.59,0.255081500986,12.9097501984,电机Ⅱ,2025-04-16,2024-03-31
002167,东方锆业,-0.045,430468912.64,24.994800248,11.1602,-33591667.61,-441.42,52.0684,1.826820393662,-2.35,0.022376841977,12.5303970545,小金属,2025-04-16,2024-03-31
000430,张家界,-0.11,58614731.38,-8.4823312162,-37.0776,-46481934.67,-54.69,76.4203,2.032519024354,-5.57,-0.043245357862,-11.618294377,旅游及景区,2025-04-16,2024-03-31
920050,爱伦医疗,0.32,141745461.38,9.8728543492,-12.5879,16346226.98,56.4569937976,-36.821,12.850557947379,2.52,0.174847939992,25.1162909298,医疗器械,2025-04-15,2024-03-31
688566,吉贝尔,0.28,194231470.59,17.4730943615,-20.3833,52512868.91,38.15,-17.9736,10.365529395098,2.72,0.433160181167,89.4801296371,化学制药,2025-04-15,2024-03-31
688315,诺禾致源,0.07,468475325.62,6.3247264373,-18.246,27315351.75,21.4,-48.2521,5.844355207929,1.11,-0.260642646036,40.5377958463,医疗服务,2025-04-15,2024-03-31
688182,灿勤科技,0.04,81609698.55,-5.8027153436,-23.8781,14573533.46,43.03,-14.2205,5.380758163025,0.68,0.09135515105,28.4310044544,通信设备,2025-04-15,2024-03-31
688088,虹软科技,0.09,183929058.24,13.934952039,9.8473,34165336.48,21.21,400.1914,6.649556448005,1.27,-0.040773800123,91.8380410939,IT服务Ⅱ,2025-04-15,2024-03-31
605007,五洲特纸,0.33,1726179428.72,37.1741349248,-6.94,133529705.42,547.7691842218,-19.3617,5.950958231096,5.37,0.427672099711,12.9580297493,造纸,2025-04-15,2024-03-31
603919,金徽酒,0.44,1075552902.2,20.4082278455,103.4707,221042846.3,21.58,292.9094,6.992583049852,6.43,0.67635418172,65.4011786637,白酒Ⅱ,2025-04-15,2024-03-31
603713,密尔克卫,0.9195,2895861673.63,23.2584931865,36.2101,151063838.17,40.62,431.4093,24.999260628055,3.7,-0.739802564651,11.6264374841,物流,2025-04-15,2024-03-31
603588,高能环境,0.127,3125074136.64,80.0999418824,1.1336,194006643.83,-5.95,226.8535,6.175689494097,2.065,0.064990700542,14.8568506355,环境治理,2025-04-15,2024-03-31
603456,九洲药业,0.26,1475743576.44,-15.7316114679,55.865,236758875.39,-15.65,256.1085,9.632669179612,2.77,-0.151714070651,34.0443503039,医疗服务,2025-04-15,2024-03-31
603209,兴通股份,0.28,385589429.03,13.6433405532,16.6263,77448329.5,0.57,10.4736,8.105603672,3.46,0.483614204214,32.248440675,航运港口,2025-04-15,2024-03-31
603102,百合股份,0.54,188638808.65,-18.6780002116,-20.9868,34850457.04,-22.18,-13.6528,24.198566185,2.27,0.418306475313,40.1521638586,食品加工,2025-04-15,2024-03-31
601179,中国西电,0.0405,4742599325.52,-2.2892081864,-34.8376,207524256.45,7.27,-44.2308,4.252265695582,0.96,0.047825272356,18.2056819515,电网设备,2025-04-15,2024-03-31
601113,华鼎股份,0.07,2084576926.97,16.6388877008,-12.4837,80575777.84,1518.32,1522.6603,3.058042161072,2.42,0.101198614846,19.6038073267,化学纤维,2025-04-15,2024-03-31
600929,雪天盐业,0.1124,1555591026.08,3.6218291761,-15.4487,186547790.3,-9.57,-10.2071,4.730078650767,2.41,0.060391081061,26.2133811499,化学原料,2025-04-15,2024-03-31
600433,冠豪高新,0.023,1689920766.05,3.9741180277,-16.3183,42530139.52,482.38,83.8199,2.453069853027,3.78,-0.200208243097,14.0344490206,造纸,2025-04-15,2024-03-31
600309,万华化学,1.32,46161004693.46,10.0661578153,7.8357,4157379176.37,2.57,1.0895,29.429675132805,4.59,0.982137750567,17.6281353688,化学制品,2025-04-15,2024-03-31
300768,迪普科技,0.06,254652723.03,10.1615951639,-18.866,36686119.94,12.37,-38.4051,4.973069425453,1.13,0.045578459781,69.4095555928,软件开发,2025-04-15,2024-03-31
300750,宁德时代,2.39,79770779000.0,-10.4086321218,-24.9144,10509923000.0,7.0,-19.0035,47.221624634937,5.18,6.446384445758,23.2518626902,电池,2025-04-15,2024-03-31
300698,万马科技,0.0111,83933583.24,-5.3577044368,-48.5762,1482675.46,-29.47,-93.8396,3.54736235903,0.31,-0.512334811194,34.0960109831,通信设备,2025-04-15,2024-03-31
300019,硅宝科技,0.1026,474517315.84,-10.5871128151,-31.5448,40123595.91,-27.04,-56.216,6.357402370784,1.63,0.002142844036,22.3291364768,化学制品,2025-04-15,2024-03-31
002865,钧达股份,0.09,3714187339.45,-6.3808690388,-13.1559,19754125.07,-94.42,102.4014,20.714192275191,0.42,0.5360837322,5.7561669725,光伏设备,2025-04-15,2024-03-31
002479,富春环保,0.02,995451563.13,5.9894008591,-20.3347,19028135.97,14.71,-71.5138,4.634764788347,0.47,0.038510131341,14.5331210798,电力,2025-04-15,2024-03-31
002136,安纳达,0.0861,466778128.84,-12.7329876859,-1.48,18517192.71,-39.31,172.3715,5.585235077946,1.55,-0.319336086969,10.014427451,化学原料,2025-04-15,2024-03-31
002121,科陆电子,0.0042,1044401145.99,63.5326772299,22.1976,7044860.95,116.93,101.5623,0.588648045238,0.73,0.064102038316,33.2335788804,电网设备,2025-04-15,2024-03-31
688475,萤石网络,0.16,1236902103.16,14.6142250434,-7.1093,125029413.58,37.38,-22.4316,9.588602950169,2.35,-0.271171291627,42.5846318221,计算机设备,2025-04-12,2024-03-31
603776,永安行,-0.02,113076896.39,-9.3342185617,-16.2206,-5171079.84,-150.75,96.2705,12.733316518215,-0.16,-0.020781431671,11.3443681773,摩托车及其他,2025-04-12,2024-03-31
603063,禾望电气,0.12,548501652.21,-10.0427864414,-51.7559,55351170.94,-29.46,-45.0631,9.027962132203,1.39,-0.712903380886,42.5723094487,风电设备,2025-04-12,2024-03-31
601899,紫金矿业,0.238,74776621392.0,-0.2246499115,9.3298,6260843273.0,15.05,26.3668,4.43289220869,5.58,0.310480315965,16.6050512337,工业金属,2025-04-12,2024-03-31
600674,川投能源,0.2665,257836440.72,2.9177978052,-44.187,1272927837.95,12.06,127.9353,8.374329860661,3.23,0.036359540604,44.2806570325,电力,2025-04-12,2024-03-31
600388,龙净环保,0.18,2277633996.47,-5.8043571946,-33.8192,198948207.57,7.6,250.0108,7.093529351812,2.54,0.032860473419,22.2696944174,环保设备Ⅱ,2025-04-12,2024-03-31
002978,安宁股份,0.5743,445427131.38,0.0256617159,-7.0649,230267523.78,-0.57,2.4958,15.52225477995,3.76,0.206846792893,66.6551810461,小金属,2025-04-12,2024-03-31
002521,齐峰新材,0.1,861909335.11,8.2665074514,-9.0165,51180656.39,2893.37,-35.5163,7.64882753332,1.36,0.174134463151,13.5100535505,造纸,2025-04-12,2024-03-31
920394,民士达,0.14,90316261.1,4.8221565925,10.1249,20377662.38,21.05,15.0869,4.541579393162,3.12,0.163624542974,36.418058752,造纸,2025-04-11,2024-03-31
688334,西高院,0.1775,184439177.54,35.9708754388,-7.2352,56178010.87,33.79,21.5985,9.666380025955,1.82,0.364274246423,54.5816943681,专业服务,2025-04-11,2024-03-31
603877,太平鸟,0.34,1805673197.46,-12.9213708432,-29.7049,158764894.92,-26.92,-25.2535,9.744631606464,3.45,0.017239559794,55.2618051901,服装家纺,2025-04-11,2024-03-31
600550,保变电气,0.001,671075800.63,15.1436484148,-52.5071,2096290.28,-62.88,101.5754,0.27820285841,0.41,-0.164295240674,18.5745895535,电网设备,2025-04-11,2024-03-31
600379,宝光股份,0.0489,401255939.24,11.3988299145,96.7758,16143298.6,73.19,14.2063,2.185459905756,2.2634,-0.211312790299,15.9045057154,电网设备,2025-04-11,2024-03-31
600312,平高电气,0.1694,2043849135.84,4.473770463,-43.6897,229834284.13,52.69,-12.7047,7.564538689752,2.27,0.06628537883,25.2243109929,电网设备,2025-04-11,2024-03-31
300708,聚灿光电,0.07,600483216.63,10.5523844855,-7.9682,48107581.92,733.52,9.1548,3.830588530679,1.7,0.034271982745,13.545898063,光学光电子,2025-04-11,2024-03-31
300102,乾照光电,-0.01,556423293.79,21.17943053,1.1725,-5646020.12,94.47,-104.7503,4.558828990561,-0.14,0.1118099628,13.9929367172,光学光电子,2025-04-11,2024-03-31
002963,豪尔赛,0.04,144043530.28,-21.6895077747,33.8559,5360674.36,197.91,1.3547,10.19448804778,0.35,0.048935724897,32.4466912947,装修装饰Ⅱ,2025-04-11,2024-03-31
002903,宇环数控,0.08,104312731.67,12.8629863065,-13.3833,11975975.42,-39.04,483.0034,5.133889712205,1.51,-0.237168567634,36.2803777201,通用设备,2025-04-11,2024-03-31
000400,许继电气,0.2352,2809529576.01,-15.088319839,-56.0806,237156160.87,47.39,1.6483,10.752752150491,2.19,0.255455544185,18.2700496369,电网设备,2025-04-11,2024-03-31
603517,ST绝味,0.26,1695359649.9,-7.041297529,4.0146,165014634.16,20.02,463.9399,11.186613553833,2.4,0.625993531885,30.0271977742,休闲食品,2025-04-10,2024-03-31
000810,创维数字,0.093,2283683700.17,-2.5011107787,-23.8602,106194152.75,-9.51,-31.156,5.626916611177,1.65,-0.2662468548,14.2601959328,黑色家电,2025-04-10,2024-03-31
300489,光智科技,-0.3018,234498045.45,-2.0023628838,-19.261,-41551780.76,22.24,61.0983,0.166607248772,-95.04,-1.4253053565,20.700685772,光学光电子,2025-04-09,2024-03-31
000655,金岭矿业,0.0371,280635323.92,6.6389026198,-25.2336,22064263.87,34.29,-62.2648,5.527713765152,0.67,-0.129576216863,17.0227416751,冶钢原料,2025-04-09,2024-03-31
600415,小商品城,0.13,2680601604.8,26.4234984156,-21.0211,713020906.27,-41.66,98.3245,3.362010089491,3.95,0.032839189603,39.0535031075,一般零售,2025-04-08,2024-03-31
301563,云汉芯城,,565785700.0,-19.3771362998,,11510700.0,-44.0018486536,,,,,,其他电子Ⅱ,2025-03-14,2024-03-31
874225,凯龙洁能,0.11,134977423.89,,,17764489.32,,,4.230948518788,2.58,0.024221657091,30.9520657055,,2025-02-17,2024-03-31
920083,金戈新材,0.16,85920588.93,,,10507537.11,,,5.177867953517,3.08,-0.049216685868,27.6757530135,非金属材料Ⅱ,2025-01-21,2024-03-31
874651,吉林天朗,-0.16,8647767.6,,,-4458292.26,,,12.37753757372,-1.27,0.079903006421,17.2834034069,,2025-01-03,2024-03-31
874293,东睿新材,0.12,62857096.52,,,6945128.44,,,4.983038079381,2.6,-0.130440675884,24.627847287,,2024-12-31,2024-03-31
874104,绿动能源,0.1,58274595.67,,,4611217.55,,,3.688912008105,2.87,0.118755964877,19.0065329543,,2024-12-31,2024-03-31
873064,义达跨境,0.9,1349288131.73,,,27013949.05,,,9.069366455667,10.48,-3.486199265333,5.1900384968,,2024-12-30,2024-03-31
874229,正济药业,0.17,207285527.32,,,13689985.01,,,8.407445164339,2.06,0.15145840174,38.484134653,,2024-12-27,2024-03-31
301531,春光集团,0.11,200499170.84,,,17382311.01,,,3.621050090352,2.96,-0.184775872694,22.164902899,金属新材料,2024-12-27,2024-03-31
874268,天力科技,0.27,19159823.79,,,3846727.57,,,6.187873979286,4.55,0.661864815,37.3081363292,,2024-12-25,2024-03-31
874203,天华机器,0.01,31607732.92,,-51.7739,405706.28,,293.481,6.316580312667,0.21,-0.060529207667,27.8473142072,,2024-12-20,2024-03-31
874183,医诺生物,0.47,184377184.76,,,27687827.69,,,8.561193879016,5.68,0.815384174641,30.6429556366,,2024-12-20,2024-03-31
874227,金磨坊,0.16,143128599.7,,,13385249.87,,,2.404113293427,6.75,0.562517743427,23.2763033173,,2024-12-18,2024-03-31
874228,银河电力,0.5,191035766.5,,,49049699.66,,,6.200667603836,8.32,0.841889480767,49.1247405653,,2024-12-16,2024-03-31
874635,普旭科技,-0.21,1688099.94,,,-10049929.89,,,2.939034724396,-7.02,-0.297119233158,-19.6138055665,,2024-12-11,2024-03-31
874683,澳普林特,0.26,95365286.8,,,20033550.6,,,3.939852308184,6.7,0.314209469013,37.4756866772,,2024-12-03,2024-03-31
874681,经纬科技,0.18,42994525.52,,,5095699.74,,,4.8859352224,3.7,-0.715387494566,27.9374178101,,2024-11-27,2024-03-31
874671,吉宝股份,0.31,83748786.52,,,11813810.69,,,7.52577741292,4.15,0.142296100258,31.3440605539,,2024-11-22,2024-03-31
875009,舜富精密,0.09,118315273.81,,,7493934.78,,,4.851903448729,1.95,-0.286078643451,21.2870979959,,2024-09-27,2024-03-31
873738,伟邦科技,0.09,35513042.57,14.7097917536,-29.1475,3385064.76,-2.7220563597,-70.0138,7.924850050584,1.15,0.013564057819,38.8537718299,,2024-07-26,2024-03-31
872301,东方亮,,7296635.85,,,-40947.58,,,2.0766282475,-0.099,-0.064872439,8.5552555018,,2024-07-24,2024-03-31
874027,永驰科技,0.0834,29543332.96,40.8371622204,,3464795.77,-67.03,,2.284549714389,3.72,0.184854601781,23.7188402185,,2024-07-19,2024-03-31
420254,R旭电B1,-0.0528,1013382422.61,-11.1943189128,-8.659,-297239375.79,-31.97,76.1829,3.675826617853,-1.42,0.020082353297,4.5304285801,,2024-07-05,2024-03-31
400263,R旭蓝1,-0.0109,231205365.82,-60.3844332332,741.3891,-16200765.2,-199.87,92.7287,7.453759821201,-0.15,-0.020381555659,28.1029973935,,2024-07-05,2024-03-31
400254,R旭电A1,-0.0528,1013382422.61,-11.1943189128,-8.659,-297239375.79,-31.97,76.1829,3.675826617853,-1.42,0.020082353297,4.5304285801,,2024-07-05,2024-03-31
874717,鹰峰电子,,319027600.0,1.8755290922,0.1609,24348200.0,5.4856598215,-20.3746,,,,,,2024-06-29,2024-03-31
301687,新广益,,128331700.0,67.8082567944,-9.5652,29051900.0,119.6159806478,26.9038,,,,,塑料,2024-06-29,2024-03-31
873437,天一恩华,0.17,121208933.22,8.5103608128,-34.215,21884898.9,13.9031954239,-22.1799,3.194232711171,5.43,-0.252075909142,24.8114923967,,2024-06-28,2024-03-31
873689,讯方技术,0.12,208371325.84,18.0014457242,-40.5494,5904909.58,-25.0807681018,-82.6345,7.374977640577,1.81,0.172330664615,13.5837694154,,2024-06-27,2024-03-31
839418,控汇股份,0.0048,51861208.38,-41.7799973796,,-90000.28,-101.3922575745,,2.28613823894,0.21,-0.358547683484,22.8273585977,,2024-06-27,2024-03-31
873805,双达股份,0.03,65088887.16,-33.7087160562,-36.2589,3375999.28,-80.5697437863,-79.2084,2.525904286353,1.31,-0.113604828635,30.4162616905,,2024-06-26,2024-03-31
874232,晶华光学,-0.05,213087769.12,-0.1517845823,-44.5792,-5048588.5,-4.1400901972,-120.5462,6.007786183044,-0.75,-0.289776684763,27.111690614,,2024-06-25,2024-03-31
873760,华兴股份,0.22,221398780.4,27.1260727896,-9.4733,16043084.46,60.8301522545,91.875,6.817856565477,3.25,0.193389491728,13.7779373693,,2024-06-25,2024-03-31
873324,阳光精机,,74961954.72,255.2895387236,-40.3401,14488774.41,746.1779484742,-60.3415,7.744164724929,5.34,-0.463503377101,46.5819584754,,2024-06-25,2024-03-31
874141,持正科技,0.1,167625589.9,3.3466823612,,11896932.31,-13.3933384466,,3.9546237125,2.54,-0.02842217125,20.4750420807,,2024-06-24,2024-03-31
870840,鼎欣科技,0.13,211233361.76,22.0412200417,-29.0068,8343107.14,12.3924110418,-73.3703,6.490168422829,2.02,-0.416198853945,18.9469567622,,2024-06-24,2024-03-31
839258,汇兴智造,0.0143,77055570.14,8.5812095611,-40.9849,971017.83,396.5422069745,-93.4911,3.630972758013,0.39,-0.718082054714,18.7438218207,,2024-06-24,2024-03-31
835203,亚微软件,-0.301,6339780.33,-79.9123488443,-92.5895,-8037363.35,-804.4568074127,-127.5613,5.177265322317,-5.65,-0.669175627019,57.1396219023,,2024-06-24,2024-03-31
874435,昆仑联通,0.17,344107539.68,-22.0748197917,-49.827,12371251.07,-47.8088766862,-50.0703,6.089970109861,2.86,-0.942935825,15.3013026593,,2024-06-21,2024-03-31
874399,赤诚生物,0.13,88601892.41,42.4389940035,-1.4746,14328738.93,58.788990637,-5.8331,4.060102875408,,0.059728804826,22.4355270743,,2024-06-21,2024-03-31
430646,上海底特,0.27,94670706.22,29.7408918479,,14221958.7,587.0751494081,,5.020685773613,5.24,0.261354254215,29.2310389401,,2024-06-21,2024-03-31
430073,兆信股份,-0.0015,21431382.63,-5.8198193944,-67.3294,-108436.45,-117.0240446284,-100.6216,3.027692048074,-0.23,-0.315273028773,58.1561611081,,2024-06-21,2024-03-31
873885,国环科技,0.02,31988135.84,-6.3681258983,-75.457,4401053.5,590.4155593836,-71.8237,1.336576320789,1.61,0.099391690402,36.5005974353,,2024-06-20,2024-03-31
837611,德芯科技,0.18,33750816.58,-47.8060442591,-55.1863,10869638.59,-40.7395117853,-57.6009,7.5000114095,2.45,0.536618609333,57.1047875962,,2024-06-20,2024-03-31
874185,珈创生物,0.21,26039092.07,-10.0071542072,,8401598.97,-22.5013367958,,7.110248610225,2.95,0.221979572027,60.1215043056,,2024-06-18,2024-03-31
874280,楚大智能,0.23,42261235.41,28.6641735266,-55.3615,7159596.29,967.2683049901,-62.2052,4.054200110302,5.79,-0.024574543877,33.7191701136,,2024-06-17,2024-03-31
873811,千禧龙纤,0.04,56136859.46,-37.542495942,-46.1425,3537242.1,-84.67095005,-65.1885,5.382353128556,0.77,-0.066584969559,29.6292032187,,2024-06-17,2024-03-31
837758,宏天信业,0.21,58889438.36,-20.8523489227,-31.2226,10874010.72,-49.976252015,-20.3178,3.88688161359,5.49,0.031025671342,32.2791200925,,2024-06-14,2024-03-31
873976,今大禹,0.17,57190128.94,13.8602206783,-55.209,12362583.01,1.3592374742,-53.8426,4.143095957703,4.12,-0.104916761486,45.1990586822,,2024-06-13,2024-03-31
833339,胜软科技,-0.11,23331830.04,-33.9414299466,-93.2311,-5531660.61,-56.148472231,-107.6709,5.150197217039,-2.07,-0.424329415892,47.0715931462,,2024-06-13,2024-03-31
920018,宏远股份,0.14,395224376.0,42.9592288494,-6.3304,13338350.14,123.8198422344,-33.2999,4.96583684446,2.97,-0.358805624412,7.9111403291,电网设备,2024-06-12,2024-03-31
873741,豪钢重工,0.16,101166988.0,2.8686577649,4.2907,24950403.17,11.1513640497,0.071,4.862814045896,3.24,0.061400911132,40.5626642458,,2024-06-12,2024-03-31
871037,天和环保,0.14,43424001.64,30.4209583966,-57.045,8214874.75,51.4980098962,-57.604,3.586471436395,3.97,-0.017593028061,39.4554463498,,2024-06-12,2024-03-31
873707,丰岛食品,0.28,147996686.43,-12.6937803088,-29.9207,18859739.49,154.8025979989,-24.2987,4.933010301262,5.84,0.271930281811,25.2785292715,,2024-06-07,2024-03-31
873134,创正电气,0.16,33721416.71,24.5861148359,-31.9331,13679354.15,66.4764834555,-23.506,2.372806859137,6.89,0.192370688048,73.8050390766,,2024-06-07,2024-03-31
873444,万泰股份,0.01,93682761.13,13.7615057935,-63.595,1346344.12,125.6227321709,-97.2225,6.428330795095,0.21,0.06637944303,44.1442797812,,2024-05-29,2024-03-31
873755,杰特新材,0.19,46898270.04,-1.3057811195,-0.0299,6602602.86,-3.7445915144,1.378,5.998391453079,3.28,0.049889313783,32.9923982416,,2024-05-28,2024-03-31
920068,天工股份,0.081,184218578.48,29.8435786506,-43.4553,47540697.61,107.8236511296,13.9102,1.531975864695,,0.37623565879,34.0392033406,小金属,2024-05-21,2024-03-31
873732,佰源装备,0.05,47988352.06,15.0997429779,-52.6233,5298186.57,-26.45,-68.8339,3.817340255153,1.27,-0.101147635109,32.9111809888,,2024-05-17,2024-03-31
839036,珠海鸿瑞,0.1,36836825.22,11.6220453587,-54.3236,6292310.13,27.4822506531,-70.0043,5.051476063845,2.01,-0.081236345271,42.2031340843,,2024-05-17,2024-03-31
873989,中达新材,0.15,263706208.35,6.5514077487,-17.3416,15223391.99,-6.1249508382,-5.2185,3.349508292683,4.45,-0.183404272424,14.4444457407,,2024-05-16,2024-03-31
873712,金则利,0.29,65509177.91,33.0651468229,-11.9807,7109265.58,93.3998610712,-43.4983,11.140359919909,2.63,-0.727025898687,23.5406140971,,2024-05-15,2024-03-31
400211,R星源1,-0.0014,36758059.16,30.4781444485,-45.1253,-1521774.32,45.69,99.203,0.955692203947,-0.15,0.00503315792,10.2575732402,,2024-05-13,2024-03-31
832861,奇致激光,0.22,69225254.62,10.6173852897,-3.5083,13210138.02,18.7639231096,-21.7614,5.621578389,3.99,-0.042910533,54.4245647586,,2024-05-10,2024-03-31
001386,马可波罗,,1312575400.0,-16.0054150198,-43.6131,196739200.0,-16.0253009276,46.0947,,,,,家居用品,2024-05-10,2024-03-31
874018,天威新材,0.44,132491385.66,28.7016645665,-6.6895,26009672.43,138.4933360973,12.1556,7.912840106524,5.75,0.266833013643,38.3022835313,,2024-05-08,2024-03-31
873652,常荣电器,0.22,73516130.12,20.0112003116,0.2689,15864247.01,53.2031904469,-8.3673,7.881395880993,2.88,-0.157789605189,43.3913921719,,2024-05-08,2024-03-31
400222,R园城1,0.003,22359410.36,7.5995985617,-73.726,724596.61,61.19,135.4207,0.298254909308,1.11,0.004892794226,23.8282439663,,2024-05-01,2024-03-31
873931,潜阳科技,0.12,139270440.05,-5.7481774496,-9.2923,15721249.32,-32.8387736697,-33.7214,3.950346598386,3.05,0.253936090831,20.5953877432,,2024-04-30,2024-03-31
873747,华信安全,0.34,15626575.97,-12.4375812401,-23.3521,19123183.56,-133.91,162.2474,7.440281248412,4.64,-0.019839699525,38.0593060272,,2024-04-30,2024-03-31
872328,宁苗生态,-0.0011,36585711.04,152.2581880975,,-183368.03,-110.03,,3.199485089942,-0.03,-0.17161966436,36.7242942069,,2024-04-30,2024-03-31
870487,环威股份,0.0476,474165243.28,11.0943989755,,11281550.46,-1.76,,2.501711552059,1.81,0.258222615945,6.5658085027,,2024-04-30,2024-03-31
836228,新阳特纤,0.62,267609849.44,157.886964568,,106239820.64,327.38,,3.552346275498,18.98,0.318981697847,50.4482694873,,2024-04-30,2024-03-31
832254,万安环境,-0.01,18554742.07,20.7193132326,,-1635970.69,-93.76,,0.991877511827,-1.09,-0.053598709435,22.5808352075,,2024-04-30,2024-03-31
400282,R紫天1,0.2584,529492718.36,-23.4313974049,623.1106,42014429.58,-33.68,102.9685,7.611733902014,3.39,0.114253310743,14.4132602458,,2024-04-30,2024-03-31
400281,R天茂1,-0.0182,17487009354.33,-20.2509938169,105.4669,-89876620.31,-298.82,79.5159,4.158689957851,-0.44,-4.06087282735,,,2024-04-30,2024-03-31
400277,R恒立1,-0.0116,9424366.77,-4.9212884938,786.268,-4912465.97,-55.94,18.2337,0.418411627393,-2.72,-0.081752775018,7.3412212925,,2024-04-30,2024-03-31
400268,R产融1,-0.04,3593089609.48,-5.0125331228,-16.8697,-352712196.56,-310.72,11.9726,4.063960708135,-0.95,-5.755224973281,38.6876411347,,2024-04-30,2024-03-31
400264,R东方1,0.0471,413162349.19,-78.7256043785,-16.4897,172464220.67,78.65,111.8618,4.613132719302,1.03,0.004865002974,9.1056299414,,2024-04-30,2024-03-31
400259,津信科3,-0.01,536663089.36,718.0373726223,1848.5276,-37959350.79,-978.3536801311,95.5069,0.6074496241,-1.82,-0.114806290893,9.4829938166,,2024-04-30,2024-03-31
400258,博信3,-0.0472,21759729.47,-66.0345819576,-56.4973,-10862377.76,-94.5014647088,90.0217,-0.092514479174,,0.006837517174,-6.6093604793,,2024-04-30,2024-03-31
400256,鹏都5,-0.0183,3560239604.09,-28.2325494828,-4.2702,-116393535.02,-194.66,79.9898,0.668892536098,-2.63,-0.083264726313,8.4967035672,,2024-04-30,2024-03-31
400255,亚星3,-0.02,558179259.81,263.9784128571,-3.563,-7084181.41,77.7715580281,97.2305,-0.643992093951,,-0.00849849528,11.6763027405,,2024-04-30,2024-03-31
400250,鼎龙5,-0.0036,148604603.03,47.0096613576,-32.0271,-3099233.59,67.17,94.6219,1.099382586283,-0.31,0.005803421318,21.4040399096,,2024-04-30,2024-03-31
400249,R深天1,-0.1134,17149820.95,-59.9330536763,-57.6943,-15730751.75,15.67,82.9369,-0.2540173185,,0.019606604935,-13.9999558421,,2024-04-30,2024-03-31
400246,新纶3,-0.0699,102995792.86,-32.5675255659,-41.8262,-80559177.22,14.68,87.0903,0.11705767316,-8.53,0.013422909914,22.4071704767,,2024-04-30,2024-03-31
400243,R超华1,-0.024,57250483.03,-75.5448384425,168.2652,-22350920.43,-9.65,95.8752,0.821489599806,-2.86,0.008453778164,-35.6981003799,,2024-04-30,2024-03-31
400242,巴安3,-0.0082,57534206.22,-15.3705789089,4.6842,-5478249.48,71.13,83.9544,0.106533404014,-7.56,-0.006948161804,29.6798605767,,2024-04-30,2024-03-31
400241,洪涛3,-0.0561,91591813.28,-40.3224952633,-59.5793,-98571450.61,15.97,91.5238,0.869063326954,-6.26,0.002226110708,13.3797275773,,2024-04-30,2024-03-31
400240,R长康1,-0.0081,660212418.11,-24.4206628299,-6.4805,-10067346.72,-116.74,98.7927,3.009849365245,0.25,-0.032865402941,26.333325589,,2024-04-30,2024-03-31
400239,联络3,-0.06,2755492445.98,-5.682213674,-24.6033,-137799122.93,-22.12,-7101.6991,0.072472866717,-62.49,-0.111871657942,10.113495957,,2024-04-30,2024-03-31
400238,贵天成3,-0.0599,20375557.29,-33.8275953085,-62.3941,-30522737.46,-16.87,74.847,-0.40570907214,,-0.00434343659,26.4900498827,,2024-04-30,2024-03-31
400237,天通5,-0.0278,56621466.3,-16.0564814978,-27.445,-33594581.54,-7.62,65.0696,0.83253713958,-3.28,0.00510655617,36.842493074,,2024-04-30,2024-03-31
400235,R爱康1,-0.0475,634219040.61,-49.0032249206,-32.8814,-212999881.42,-753.5,74.8424,0.406154266154,-11.59,-0.004703011652,-8.4241703732,,2024-04-30,2024-03-31
400234,迪马3,-0.06,5195706652.63,16.2089734779,18.5024,-142818525.83,-42.4589589901,95.6261,0.525420670683,-10.3,-0.079037003541,11.8851630536,,2024-04-30,2024-03-31
400233,美吉姆3,-0.05,9106868.5,-69.1672014741,23.4096,-39403560.81,-213.76,95.0522,-0.607263731959,,-0.017446265803,32.1598397956,,2024-04-30,2024-03-31
400227,利能5,-0.0095,1318272268.85,-51.1594011781,-11.5021,-33846816.39,-88.72,94.4072,4.625403808147,-0.002,0.019401143597,-2.3464098404,,2024-04-30,2024-03-31
400226,R易连1,-0.0129,121668043.1,-4.06998537,-17.3541,-8643829.43,-801.71,54.1396,1.656163360544,-0.78,0.012004808687,12.1710762355,,2024-04-30,2024-03-31
400225,中南3,,9871591664.91,-11.3029274162,-73.0435,-600799489.9,9.74,85.3142,2.242412845091,-2.43,0.006025657372,8.6518500396,,2024-04-30,2024-03-31
400224,苏阳光5,-0.0152,239195258.23,-30.2162038977,-44.5504,-27167802.71,-1289.407938283,79.6672,1.088029648599,-1.32,0.032539014003,21.1090632037,,2024-04-30,2024-03-31
400221,太安堂3,-0.07,68608687.7,-50.7538362425,112.1231,-54811763.46,10.79,97.1983,0.496527027549,-13.48,0.065652057531,16.0762539115,,2024-04-30,2024-03-31
400220,同达5,-0.0735,116985069.33,32529.1308082768,7.3382,-10221687.81,-652.5435940498,-172.9051,2.926351066435,-2.48,-0.830183956856,4.8384870415,,2024-04-30,2024-03-31
400219,碳元5,-0.04,23504327.51,-21.9600473608,-57.8154,-8464598.09,16.1267651871,76.0439,0.980194396257,-4.04,-0.07138515918,7.0244746177,,2024-04-30,2024-03-31
400218,R新纺1,-0.0834,473848549.99,-50.1906256682,110.9542,-67662473.9,-2324.96,61.6283,-1.104406542682,,0.008753366489,8.9845843088,,2024-04-30,2024-03-31
400217,正源3,-0.0096,68468301.23,-80.1114928648,-24.816,-14469593.89,-195.09,80.1521,0.93775747625,-1.02,0.004282242773,16.5566192185,,2024-04-30,2024-03-31
400216,中资5,0.0065,0.0,,,2230209.3,247.5,-71.598,1.380521818493,0.47,-0.035419744493,,,2024-04-30,2024-03-31
400215,商业城5,0.01,27985926.66,39.1765456711,149.9549,2559552.65,109.3103490358,-87.7261,0.205784020129,2.68,0.044796042761,59.566088422,,2024-04-30,2024-03-31
400214,世茂3,-0.02,1033490969.65,-7.0976504973,-51.9831,-64471477.51,-143.25,99.0615,2.774846060996,-0.61,0.086345930191,17.9848275252,,2024-04-30,2024-03-31
400213,R美盛1,-0.0074,142985174.02,-7.9842133475,-44.3394,-6703425.67,33.65,95.7692,1.129230085313,-0.63,0.062588490513,33.7608811269,,2024-04-30,2024-03-31
400212,民生5,-0.003,9004511.06,100.5907851939,-30.1583,-1607251.08,-148.43,98.8118,1.363660946999,-0.22,-0.239705338711,,,2024-04-30,2024-03-31
400165,蓝光3,-0.3201,2825168942.34,-37.2738878177,-50.4937,-971412940.47,-44.5343673973,92.6031,-14.043599094231,,-0.000795541688,4.0438597971,,2024-04-30,2024-03-31
874149,同富股份,0.38,522322859.07,28.8370193894,,38291624.96,156.89,,10.127073233905,3.78,0.198327243704,25.6181202826,,2024-04-29,2024-03-31
873928,瑞能半导,0.05,165901797.36,-24.2374877154,-14.4307,17750145.92,-58.25,277.0642,4.317921591788,1.14,0.004102917337,29.6057761047,,2024-04-29,2024-03-31
873723,阅微基因,-0.1,25995913.85,13.6692530419,,-7613719.08,34.82,,2.678264402756,-3.66,-0.373089719948,53.4633164281,,2024-04-29,2024-03-31
837326,同瑞节能,0.06,34192253.44,-28.0776726317,-59.5863,3409259.57,53.49,-53.7982,2.410476362333,2.39,0.043919120667,25.6662184182,,2024-04-29,2024-03-31
836090,创富港,0.13,192450674.62,10.2993158371,-1.8005,14756667.61,195.83,123.1727,1.736573259006,7.35,1.24937843415,40.43880448,,2024-04-29,2024-03-31
834757,ST声望,0.002,7520711.21,52.6840143752,,47554.08,106.07,,-0.123927902381,,-0.033743372857,39.2179459847,,2024-04-29,2024-03-31
833574,爱知之星,-0.07,11421611.37,-59.5896559874,,-3255117.88,-144.77,,2.726699717833,-2.36,-0.240166677119,54.0875025412,,2024-04-29,2024-03-31
832069,科飞新材,0.0799,15253170.82,109.8466307819,-30.5849,3103720.31,516.3,97.4013,2.06977345007,3.95,0.066291777566,33.2821455939,,2024-04-29,2024-03-31
430075,ST中讯科,-0.04,104017166.04,-19.5600992147,-37.077,-8794417.64,-217.82,59.8076,3.14823714033,-1.38,-0.095973004093,12.2187778747,,2024-04-29,2024-03-31
400252,R美尚1,-0.2518,784764.09,-95.4655842062,-98.1155,-169762954.02,-92.76,-3.5125,-0.036212604364,,-0.01929329615,-56.1700102766,,2024-04-29,2024-03-31
400232,左江5,-0.3842,3035627.06,-78.9644536342,-84.4562,-39197570.12,-29.72,68.0098,4.063293824365,-9.03,-0.283619781535,33.0871180862,,2024-04-29,2024-03-31
400231,保力新3,-0.0055,25725494.11,-29.2828267368,11.8296,-24506261.74,-169.13,78.1466,0.040043472197,-13.68,-0.004331891845,-59.5282033244,,2024-04-29,2024-03-31
400110,天翔5,-0.0023,22759916.61,-28.3831834165,-82.1564,-3557709.86,-221.34,89.9627,0.161331406627,-1.41,0.005800725381,16.6755875913,,2024-04-29,2024-03-31
400027,生态5,-0.0055,197498.68,-46.6613451888,-86.2347,-2463206.72,-11.72,16.2224,0.166186600211,-3.27,-0.002459291528,-529.1001438592,,2024-04-29,2024-03-31
400247,航高5,-0.0273,382692095.52,68.2734532148,51.2093,-68433519.93,34.91,52.7796,1.928763348054,-1.41,0.039464448316,9.9241090774,,2024-04-27,2024-03-31
400230,R高升1,-0.03,105635965.24,-5.6196308368,-27.709,-34495901.89,51.57,86.8178,0.015152316864,,0.014276232037,6.8540018577,,2024-04-27,2024-03-31
874279,定西高强,0.17,111281269.79,38.208160383,,7562649.01,44.55,,10.912870186837,1.54,0.510132310292,19.1098969127,,2024-04-26,2024-03-31
872595,海通期货,0.0533,591878144.35,-71.7738871228,-19.5598,69350725.76,4.18,908.7535,2.870607376058,1.87,-3.123062856289,,,2024-04-26,2024-03-31
837831,爱迪生,0.21,64035269.56,22.6893507509,,8574906.11,99.34,,3.367228960893,5.75,0.401255581277,26.7261361865,,2024-04-26,2024-03-31
834565,特美股份,0.38,87343214.88,8.9140201426,4.7677,20536542.31,27.06,7.5352,4.333514258955,9.25,0.029084703358,32.7409922102,,2024-04-26,2024-03-31
832792,鹿城银行,0.04,58953299.0,-4.8389041858,-5.1739,20574421.0,2.4,358.3682,1.659221633137,2.49,0.592511016888,,,2024-04-26,2024-03-31
831866,蔚林股份,0.11,279253388.83,13.5188833609,,9419152.42,151.07,,5.855928728638,1.91,0.501583336502,12.9423466521,,2024-04-26,2024-03-31
420223,凯马B3,-0.0152,831218985.62,12.16089287,16.3989,-9730661.1,-451.1192051473,91.7476,0.380463954984,-3.92,0.02041610725,5.0500230777,,2024-04-26,2024-03-31
400260,大药5,-0.0245,15320299.73,-58.4672557152,9.4562,-5375021.63,-110.6493790232,-15.781,1.710286587756,-1.42,-0.024029557852,11.6704690607,,2024-04-26,2024-03-31
400236,中银5,-0.0025,48922581.66,-67.908958251,-48.3265,-10630343.0,-242.51,92.5431,0.250951960617,-0.99,-0.004407240471,14.6101408746,,2024-04-26,2024-03-31
400070,烯碳3,-0.02,91743.12,-21.3206228238,-49.325,-26087632.07,7.14,53.7476,-0.577329246063,,-0.000180005791,,,2024-04-26,2024-03-31
400028,R金马1,-0.001,0.0,,,-297714.85,-12.54,82.5604,0.003729329124,-23.02,-0.001613517198,,,2024-04-26,2024-03-31
873636,博达软件,-0.3903,13028586.41,39.6036212458,-88.7094,-12868051.69,-32.4990112038,-123.9832,5.158225983925,-7.29,-0.77486870185,72.4274078787,,2024-04-25,2024-03-31
400257,R美讯1,-0.0396,3871289.02,-67.2275992511,-49.7234,-11314001.6,30.5425818986,82.2242,-0.331426034845,,-0.000738592339,-105.8720614458,,2024-04-25,2024-03-31
400245,R汇车1,0.01,27790010430.41,-11.4927678435,-21.9537,70940455.83,-86.61,122.9709,4.709365274216,0.18,-0.148198544696,8.9878261916,,2024-04-25,2024-03-31
835272,凯基生物,-0.02,16995920.48,54.6797675255,,-1213364.95,83.98,,1.059093764984,-1.89,-0.13805236316,29.3874381554,,2024-04-22,2024-03-31
400267,R鑫升1,0.135,380308431.49,-17.7011017916,-52.5542,105620578.39,-26.22,31.123,4.142923237391,3.2,-0.209586063976,57.7822654047,,2024-04-17,2024-03-31
