code,name,eps,revenue,rev_yoy,rev_qoq,net_profit,profit_yoy,profit_qoq,bps,roe,cps,gross_margin,industry,pub_date,report_date
301061,匠心家居,1.94,1454731731.93,31.1650761794,-1.6042,322562170.96,25.56,-2.5892,22.744741602656,11.36,3.287270055078,32.0356020351,家居用品,2026-07-15,2023-09-30
002360,ST同德,0.37,731940826.66,-9.8709402205,-18.1978,150123214.98,4.37,-1.4134,4.527300472304,8.49,0.553131275054,42.5777822576,化学制品,2026-07-04,2023-09-30
603843,*ST正平,-0.169,1168835072.37,-22.8055514297,47.378,-118209372.29,-590.69,35.9693,2.059551554875,-7.916,-0.564460420917,6.5121471257,基础建设,2026-06-30,2023-09-30
300076,*ST宁视,-0.02,89875867.06,20.0077617401,-77.1439,-6510929.15,4.81,-283.6802,2.361498561203,-0.65,-0.102238149481,17.1835703345,光学光电子,2026-04-30,2023-09-30
002726,ST龙大,-0.62,10106114731.27,-11.7523027186,4.0035,-665931633.77,-1415.64,95.423,2.144265154098,-23.38,-0.490363950555,0.4128919038,食品加工,2026-04-30,2023-09-30
605199,ST葫芦娃,0.19,1277972413.57,20.9512033249,-5.8763,77502080.32,7.81,-22.4332,2.727814552854,7.36,-0.637230069914,51.5689619605,中药Ⅱ,2026-04-29,2023-09-30
603329,上海雅仕,-0.05,1813298081.05,-27.2699306793,-22.3917,-7582853.88,-105.45,200.9274,6.795309736921,-0.68,-0.370924407454,8.8151345491,物流,2026-04-29,2023-09-30
600525,ST长园,0.0768,5863974662.23,10.5385183751,-4.0794,100972084.52,-70.84,-72.1438,3.763212303304,2.0,-0.238834631988,35.8857951728,电网设备,2026-04-29,2023-09-30
000820,*ST节能,-0.0367,87271495.98,44.6381072799,25.329,-23379141.9,-468.72,-2.5042,0.109170440261,-33.81,-0.011127709107,20.6422564065,环保设备Ⅱ,2026-04-29,2023-09-30
300746,汉嘉数智,0.0842,849962060.56,-45.3024526153,13.2793,19015535.97,-48.68,-111.2516,5.472408318626,1.48,0.040376173868,19.9059370037,工程咨询服务Ⅱ,2026-04-28,2023-09-30
300122,智飞生物,2.721,39271716845.21,41.1469360103,11.7074,6530323266.83,16.46,1.9073,12.486056615,24.14,1.077430625417,28.2714023924,生物制品,2026-04-28,2023-09-30
200530,冰山B,0.08,3553966085.95,77.0171184964,3.4485,69419486.59,795.39,-56.4153,3.637491341622,2.34,-0.197188114419,17.0829107132,通用设备,2026-04-24,2023-09-30
000530,冰山冷热,0.08,3553966085.95,77.0171184964,3.4485,69419486.59,795.39,-56.4153,3.637491341622,2.34,-0.197188114419,17.0829107132,通用设备,2026-04-24,2023-09-30
688646,ST逸飞,0.66,464253732.31,65.2006758445,-24.2718,50269015.21,23.25,-48.2148,16.960632902894,6.16,-0.325386052051,31.4350333586,自动化设备,2026-04-18,2023-09-30
600300,维维股份,0.08,2874910250.87,-11.260204782,40.6974,133879371.4,36.02,184.3189,1.954058365338,4.31,0.463922226115,21.7777287176,饮料乳品,2026-04-04,2023-09-30
300224,正海磁材,0.45,4627111519.56,1.5344672229,-17.5357,367633633.37,20.5,2.5336,4.249748491567,9.85,-0.078489260078,18.0264170722,金属新材料,2026-03-31,2023-09-30
688132,邦彦技术,0.13,163303207.2,-10.8099203323,-33.7461,19485755.46,193.8374396763,-67.1144,10.490947712312,1.23,-0.053160915127,66.0430896118,军工电子Ⅱ,2026-03-20,2023-09-30
300087,ST荃银,0.01,1553898833.47,1.1676875584,2.4902,10636882.47,-71.88,-455.2177,1.776190950904,0.63,0.735086446195,22.5473431284,种植业,2026-01-30,2023-09-30
874578,华宇电子,0.5,420749932.08,,,31809060.47,,,,5.2,,25.8006681007,,2026-01-16,2023-09-30
300831,ST派瑞,0.0063,70188546.94,-48.560850206,-54.7619,2007439.07,-95.66,-189.943,2.638083009,0.24,0.081153743063,33.9126859263,半导体,2025-12-26,2023-09-30
688270,ST臻镭,,170478629.98,17.4340886912,-14.8113,40304703.05,-44.07,-75.9501,13.679968806232,1.91,-0.159693522113,89.7859225863,半导体,2025-12-25,2023-09-30
874573,信胜科技,0.48,512853265.67,,,50831710.59,,,,16.52,,20.7068408819,,2025-12-12,2023-09-30
300581,晨曦航空,-0.0593,97050663.14,-16.9901567961,-50.3066,-32631026.89,-1041.76,31.6485,1.80845641946,-3.23,-0.186328084261,36.6539165412,航空装备Ⅱ,2025-12-12,2023-09-30
874498,艾斯迪,0.54,399007468.68,,,27735666.85,,,7.836443715686,7.05,0.774192533529,21.4276309997,,2025-12-04,2023-09-30
874550,奥立思特,0.46,390413169.84,,,42445440.98,,,,6.33,,22.7011021622,,2025-11-28,2023-09-30
603402,陕西旅游,,927924500.0,,,391738200.0,,,,,,,旅游及景区,2025-10-31,2023-09-30
002160,常铝股份,-0.0237,5014843600.24,-0.5864474916,-8.1731,-24439221.33,70.41,-32381.1317,3.444609755737,-0.68,-0.187027825741,10.5609743374,工业金属,2025-08-30,2023-09-30
603398,*ST沐邦,0.05,1016479848.93,41.6536460305,27.4194,15988537.87,51.37,120.3249,2.137527552005,2.21,0.67835263586,20.2494792815,光伏设备,2025-08-28,2023-09-30
002878,元隆雅图,0.18,2000257884.11,-20.4066271949,8.2399,40736126.38,-76.97,89.8927,4.28209650319,4.16,-0.784672367077,15.8754678855,广告营销,2025-08-23,2023-09-30
603613,国联股份,1.39,37264231544.02,47.6136565902,30.1086,1005413786.73,47.24,-6.4556,9.276948728004,17.12,0.695661269799,5.2533700273,互联网电商,2025-07-26,2023-09-30
600423,*ST柳化,0.014,87957262.05,-16.6491361279,36.8597,11156439.83,45.64,4103.8729,0.560134772831,2.52,0.024710114083,9.100968804,化学原料,2025-07-26,2023-09-30
300460,ST惠伦,-0.0937,313146458.07,-8.1627408745,8.244,-26306899.5,-360.36,-9.262,3.64878264318,-2.54,0.14691991091,17.9244934258,元件,2025-07-15,2023-09-30
688573,信宇人,-0.03,377671426.75,32.2137325533,-49.0567,-2108605.77,95.22,-101.5766,8.95860310465,-0.5,-1.271932302517,25.0003941819,电池,2025-07-08,2023-09-30
603887,城地香江,-0.01,1312462885.23,-21.5337211347,-2.2004,-5915326.32,-301.39,-130.477,6.849811370209,-0.17,0.082944212206,23.9591390468,IT服务Ⅱ,2025-06-30,2023-09-30
300551,古鳌科技,-0.14,432943951.71,26.3252908483,-6.4228,-48732818.93,-78.11,-185.2454,2.968170535233,-4.65,-0.35330043329,81.2518729643,计算机设备,2025-06-30,2023-09-30
874344,瑞思普利,-1.36,19575.47,,,-54002489.12,,,3.758845134215,-30.6,-0.776198690043,56.4868174302,,2025-06-23,2023-09-30
688246,嘉和美康,0.13,537712968.92,18.095165083,33.2354,18032060.98,1121.77,8309.9211,13.218875870994,0.99,-1.636368269792,49.7708508961,软件开发,2025-05-01,2023-09-30
603322,超讯科技,-0.19,1365079892.08,13.0210101401,4.216,-30209196.3,-137.7,143.6725,1.249360397869,-14.25,-0.256705222943,8.8690539054,通信服务,2025-05-01,2023-09-30
600507,方大特钢,0.27,19690325079.75,-19.0155125544,-10.2598,586746417.37,-49.97,94.552,3.858129186794,6.63,0.976767637054,6.162032107,特钢Ⅱ,2025-05-01,2023-09-30
688189,ST南新,0.0024,562058852.86,2.665056612,-77.0527,650517.07,-95.52,-274.8467,4.792328922741,0.0495,0.322829848688,90.8779716325,化学制药,2025-04-30,2023-09-30
603922,ST金鸿顺,-0.38,290644941.7,-19.2238614854,12.7783,-48884718.94,-768.6,16.3896,7.722793607656,-4.06,-0.17852116625,9.8660131954,汽车零部件,2025-04-30,2023-09-30
603387,基蛋生物,0.45,1000961989.28,-27.317357133,-6.7188,229070125.42,-51.8,27.8746,4.950109635698,9.18,0.288882280747,66.3850045742,医疗器械,2025-04-30,2023-09-30
600592,龙溪股份,0.4156,1411270096.83,10.6848667424,-16.6287,166047760.2,590.78,4.1759,6.006728046713,7.04,0.031810747075,23.4161983176,通用设备,2025-04-30,2023-09-30
600107,*ST尔雅,-0.04,322022176.36,-3.881910641,2.0457,-12615573.2,61.5697039765,143.9118,1.715328475917,-2.09,-0.161156395972,36.0848129074,服装家纺,2025-04-30,2023-09-30
420280,锦州港B3,0.0,2157546184.84,11.755657884,-31.1351,-3060210.03,-41.42,-99.5127,3.352363705839,0.68,0.474632975938,21.097359136,,2025-04-30,2023-09-30
400280,锦州港A3,0.0,2157546184.84,11.755657884,-31.1351,-3060210.03,-41.42,-99.5127,3.352363705839,0.68,0.474632975938,21.097359136,,2025-04-30,2023-09-30
400272,鹏博士3,0.06,2546812056.77,-3.7787464827,-11.4991,97520409.79,115.91,-95.0761,0.687293426467,8.87,-0.053127249155,26.0740194124,,2025-04-30,2023-09-30
002227,*ST特迅,-0.1143,185842799.78,-8.942719422,12.6606,-28323285.75,-68.63,4.5513,4.297355809865,-2.62,-0.00610518588,28.0263683724,其他电源设备Ⅱ,2025-04-30,2023-09-30
002193,ST如意,-0.24,308593005.7,-45.5747151856,0.2543,-62968495.39,-465.91,100.8828,9.488765909209,-2.5,-0.110582668091,14.9453301171,服装家纺,2025-04-30,2023-09-30
920932,科达自控,0.28,236736729.42,25.6169437205,-9.0089,21867487.72,37.2,35.181,8.144119436982,3.46,-0.955630161102,42.5261795314,软件开发,2025-04-29,2023-09-30
688333,铂力特,0.24,741660847.5,42.5002388836,-0.9598,38468202.85,273.9149843561,-55.0613,10.272900278884,2.41,-1.64236621539,46.6946337895,通用设备,2025-04-29,2023-09-30
301206,三元生物,0.21,351192635.35,-37.6614670999,-2.6533,41672900.57,-72.43,-67.2433,22.344274390154,0.93,0.108450001755,0.5391105221,化学制品,2025-04-29,2023-09-30
300959,线上线下,0.36,1271046516.69,-17.1025251356,26.0349,29016633.04,-31.34,-37.1708,14.848779505625,2.45,0.598059741625,6.5188522601,通信服务,2025-04-29,2023-09-30
300775,三角防务,1.12,1948097852.97,33.1807719939,9.5653,616242912.32,31.49,-3.6026,9.358538172701,12.32,-0.119541414153,42.8957436304,航空装备Ⅱ,2025-04-29,2023-09-30
300198,*ST纳川,-0.0534,298431188.68,-21.4032531513,7.0501,-55124910.42,58.67,57.5409,0.974734703177,-5.34,0.024908537663,11.2084282336,装修建材,2025-04-29,2023-09-30
300169,天晟新材,-0.1095,389117741.41,-11.0017771628,1.4208,-35701327.43,2.36,-89.4292,0.728034529573,-14.11,0.509110732927,17.8795230251,化学制品,2025-04-29,2023-09-30
002816,*ST和科,-0.1752,66495660.2,54.0796970883,77.329,-17524822.11,49.36,150.8879,3.2056369286,-5.32,-0.4325089889,18.5572442215,专用设备,2025-04-29,2023-09-30
002602,世纪华通,0.2,9787383033.81,7.0623832371,23.4843,1429242809.69,107.18,29.0248,3.40642840634,5.77,0.334893115726,60.8290930117,游戏Ⅱ,2025-04-29,2023-09-30
002570,贝因美,0.05,1916107983.63,0.3458309519,-9.8465,49412197.9,11.56,-83.899,1.481263599254,3.19,0.275739541758,47.0187557981,饮料乳品,2025-04-29,2023-09-30
874339,天康制药,0.52,827182753.08,,107.608,133570314.54,,3294.0619,,4.8,,63.1549196142,,2025-04-28,2023-09-30
688108,赛诺医疗,-0.1,244617074.1,47.4242897119,-5.4321,-41746244.78,61.676448948,9.4572,1.995669997902,-5.02,0.088404441902,58.6504238136,医疗器械,2025-04-26,2023-09-30
688053,ST思科瑞,0.51,157255790.29,-19.1384999764,0.0665,50538081.1,-36.38,-27.3762,16.9511932679,3.0,0.2579891455,56.0171906342,军工电子Ⅱ,2025-04-26,2023-09-30
002584,西陇科学,0.05,5373982839.9,26.2183156616,22.4439,29496252.39,-66.58,572.4828,4.002608186053,1.27,-0.42959861762,6.3855922221,电子化学品Ⅱ,2025-04-26,2023-09-30
002537,海联金汇,0.07,6205285885.93,8.2490618171,-6.1212,83759202.43,-18.23,393.5834,3.820973270258,1.88,0.427714464345,11.3675364402,汽车零部件,2025-04-26,2023-09-30
002470,金正大,-0.1416,6752814414.44,-12.9979969499,7.7526,-465235456.73,30.77,-182.281,0.755573457535,-17.03,0.126585068934,7.6302423284,农化制品,2025-04-26,2023-09-30
000559,万向钱潮,0.183,11084126421.9,-0.2280270365,1.9892,606147660.04,-1.42,-3.1861,2.545608231656,7.21,0.198928723118,14.4584384392,汽车零部件,2025-04-26,2023-09-30
300730,科创信息,-0.5,124943210.53,-43.799973736,-38.1324,-121063022.62,-1506.88,-9.3907,1.699172561262,-26.46,-0.958892898484,30.054101516,软件开发,2025-04-25,2023-09-30
300442,润泽科技,0.66,2680914634.76,34.7566721916,14.1777,1120175988.7,36.51,12.2213,4.584714706345,14.97,1.063197329488,50.1129728336,通信服务,2025-04-24,2023-09-30
300080,易成新能,0.0456,7252975387.54,-3.1579664503,-13.6681,99229434.56,-42.83,-60.1407,2.707410188789,1.54,0.045974710879,11.9514081381,光伏设备,2025-04-24,2023-09-30
002426,胜利精密,-0.0437,2423473911.07,-23.4373741135,25.238,-147692625.34,-409.41,-135.9622,1.2028849157,-3.51,0.050085050151,10.5896718028,消费电子,2025-04-24,2023-09-30
920906,舜宇精工,0.44,473348390.37,-19.9818056677,7.2079,27358500.04,-30.89,-51.4929,8.184148469755,5.44,-0.603184360012,22.3665467093,汽车零部件,2025-04-23,2023-09-30
300237,ST美晨,-0.33,1156935162.24,2.5979354629,4.0201,-481116075.9,-18.06,-53.0413,0.309673126951,-70.02,0.048998449971,10.5502631862,汽车零部件,2025-04-22,2023-09-30
301349,信德新材,0.5102,701544798.2,0.9311421385,83.3856,52038215.91,-57.0,563.2628,27.322671661078,1.86,-1.093486504804,14.7855197923,电池,2025-04-21,2023-09-30
300265,通光线缆,0.26,1912664869.83,24.203669636,-14.8764,96168826.12,98.4,0.6149,4.896798079269,6.03,-0.125087761483,18.5351438614,电网设备,2025-04-19,2023-09-30
000735,罗牛山,-0.1458,2836304310.72,58.2593030913,12.0167,-167938274.0,-2922.17,67.6959,3.60697453538,-3.95,0.279471866783,14.9771532018,养殖业,2025-04-19,2023-09-30
900927,物贸B股,0.2596,5772453944.23,40.4543699749,30.103,128756483.92,445.97,-265.3993,2.302533220977,11.93,0.845843258469,4.4739538961,汽车服务,2025-04-16,2023-09-30
600822,上海物贸,0.2596,5772453944.23,40.4543699749,30.103,128756483.92,445.97,-265.3993,2.302533220977,11.93,0.845843258469,4.4739538961,汽车服务,2025-04-16,2023-09-30
000978,桂林旅游,0.071,366547888.67,270.3552358611,54.9557,33086304.53,121.14,168.8867,2.827953678423,2.79,0.208338129964,34.9682178842,旅游及景区,2025-04-12,2023-09-30
900921,金煤B股,-0.173,649641860.35,-14.4644369436,-43.2056,-175903914.13,-298.4994811917,-91.5714,0.744977579256,-20.8038,-0.089226656405,-14.7880308249,化学原料,2025-04-11,2023-09-30
600844,金煤科技,-0.173,649641860.35,-14.4644369436,-43.2056,-175903914.13,-298.4994811917,-91.5714,0.744977579256,-20.8038,-0.089226656405,-14.7880308249,化学原料,2025-04-11,2023-09-30
603683,晶华新材,0.1809,1097307333.08,5.7866875087,16.7129,38847918.36,970.23,287.8014,4.875327839648,3.7412,0.045853887416,15.7814225404,化学制品,2025-03-26,2023-09-30
688729,屹唐股份,,2687684100.0,,,207678100.0,,,,,,,半导体,2025-03-13,2023-09-30
300437,清水源,-0.0324,867828779.24,-40.2106164406,5.6797,-8404831.66,-107.48,102.8229,6.168137411443,-0.53,0.021410809082,11.6026188032,环境治理,2025-02-28,2023-09-30
688775,影石创新,,2669079700.0,,,649858700.0,,,,,,,消费电子,2025-02-27,2023-09-30
874111,兢强科技,0.65,886429097.05,,,39044326.0,,,,7.19,-1.058871224885,9.3381412575,,2025-02-20,2023-09-30
603049,中策橡胶,,26779953000.0,,,2401792200.0,,,,,,,汽车零部件,2025-02-07,2023-09-30
002512,ST达华,0.0157,1539008723.03,20.1457888846,-17.424,17176364.23,111.17,-83.2702,0.661626068199,2.02,-0.379637740955,13.3481326659,计算机设备,2025-01-27,2023-09-30
000906,浙商中拓,0.7,151808066768.22,4.119928619,-1.2055,522337708.69,-23.13,-66.8538,6.400999026981,11.01,-4.626555887784,1.5107703386,物流,2025-01-24,2023-09-30
920475,三友科技,0.3,296681821.36,29.3317695593,-6.0201,31377379.95,5.63,37.1116,3.51205944697,8.97,0.529203527001,21.2603376273,专用设备,2025-01-23,2023-09-30
301658,首航新能,,3021790500.0,,,412133900.0,,,,,,,光伏设备,2025-01-23,2023-09-30
301518,长华化学,0.7,1822441964.43,4.0548529332,8.9508,79444208.16,16.68,42.4024,10.050618353977,10.92,0.123282102972,8.098414174,化学制品,2025-01-20,2023-09-30
600699,均胜电子,0.56,41310037602.56,15.5748568239,3.6496,778720346.79,494.54,10.13,9.586564274289,6.05,1.956220339634,13.9414026245,汽车零部件,2025-01-17,2023-09-30
000980,众泰汽车,-0.09,531742275.35,9.4539132515,-22.7592,-454240338.76,-7.26,-69.6838,0.394568966602,-20.21,-0.029010094808,8.4222794681,汽车零部件,2025-01-15,2023-09-30
301629,矽电股份,,354251300.0,-2.0521553424,,61432800.0,-41.2025037806,,,,,,半导体,2025-01-13,2023-09-30
688411,海博思创,1.33,4317122210.46,,,176710198.13,,,,,,16.0711060236,其他电源设备Ⅱ,2025-01-08,2023-09-30
001395,亚联机械,1.0,429531658.61,,,65320189.45,,,,12.44,,27.5027261023,专用设备,2025-01-08,2023-09-30
301665,泰禾股份,,3022232400.0,,,295252700.0,,,,,,,农化制品,2025-01-05,2023-09-30
001356,富岭股份,0.37,1336176824.7,-19.293947829,16.2851,163287646.97,-16.5379985443,16.3556,,,,25.5459152479,家居用品,2025-01-03,2023-09-30
301602,超研股份,0.23,235826636.29,,,83893929.86,,,,12.92,,69.0182738602,医疗器械,2025-01-02,2023-09-30
874415,新亚电通,0.38,228819946.11,,,39258994.45,,,,,,29.8734486491,,2024-12-31,2023-09-30
873636,博达软件,-0.4992,59541940.78,35.7401785225,-15.7428,-16458458.06,6.41,-156.167,3.921148044889,-11.58,-0.984485871702,69.6208749613,,2024-12-31,2023-09-30
688813,泰金新能,,1141674200.0,,,116345900.0,,,,,,,专用设备,2024-12-31,2023-09-30
603382,海阳科技,,2839629600.0,,,62004200.0,,,,,,,化学纤维,2024-12-31,2023-09-30
603248,锡华科技,,731657000.0,,,146159900.0,,,,,,,风电设备,2024-12-31,2023-09-30
001386,马可波罗,,6596948700.0,,,1218271600.0,,,,,,,家居用品,2024-12-31,2023-09-30
001285,瑞立科密,,1278313300.0,,,169857700.0,,,,,,,汽车零部件,2024-12-31,2023-09-30
000908,石药景峰,-0.0403,553833803.69,-9.4779035449,-15.2367,-236100444.7,-20.4,-60.1514,0.147019068416,-24.13,0.044585508768,75.5603391761,化学制药,2024-12-31,2023-09-30
301616,浙江华业,,549081500.0,-6.6006368245,,50711200.0,-22.292285037,,,,,,通用设备,2024-12-30,2023-09-30
001221,悍高集团,,1515249300.0,33.1179987829,9.4737,203951400.0,67.0931561505,27.8712,,,,,家居用品,2024-12-30,2023-09-30
600165,ST宁科,-0.322,168608929.26,-72.1824067811,19.223,-220224822.32,-928.041869801,-6.5273,0.597350951028,-42.416,-0.044562054533,-27.8620175492,化学制品,2024-12-28,2023-09-30
301609,山大电力,,380092800.0,,18.0111,76681800.0,,81.2658,,,,,电网设备,2024-12-28,2023-09-30
920036,觅睿科技,1.39,496200864.08,,,56736206.3,,,,,,32.351380185,计算机设备,2024-12-27,2023-09-30
872166,新烽光电,-0.12,66310454.33,,,-6776524.26,,,,,-0.625700496525,47.9371803001,,2024-12-27,2023-09-30
688583,思看科技,1.42,184088547.75,,2.2936,72255371.51,,-23.2846,,,,77.4073838387,通用设备,2024-12-26,2023-09-30
301601,惠通科技,0.663,385905731.44,-18.4526452436,,69811144.29,-1.2752350844,,,9.33,,34.7193746126,专用设备,2024-12-26,2023-09-30
920112,巴兰仕,0.9,582439310.93,,16.5121,56863355.95,,1.7055,,,,26.3128616191,专用设备,2024-12-25,2023-09-30
833755,扬德环能,0.12,215616012.89,-1.5327187353,-5.3833,44475725.25,2.1315811536,-15.1367,,,0.275844332385,38.5148906507,,2024-12-25,2023-09-30
920160,北矿检测,0.45,83415369.07,11.8170928482,,36322350.0,26.3,,2.996220226695,17.84,0.462308684557,68.8848039643,专业服务,2024-12-24,2023-09-30
920076,国亮新材,1.09,737212283.08,,3.0774,71196204.41,,77.9425,,,,25.3706481135,装修建材,2024-12-24,2023-09-30
920005,鼎佳精密,0.64,274997325.43,,25.165,39297351.96,,-9.0481,,,,33.9104185556,消费电子,2024-12-24,2023-09-30
874402,德耐尔,0.68,336763137.0,,,34401456.18,,,,,,36.3942713273,,2024-12-24,2023-09-30
873981,正导技术,0.63,733469924.12,,-0.7128,60895109.88,,226.2292,,29.5,-1.0080385567,12.4733184445,,2024-12-24,2023-09-30
920158,长江能科,,246574554.86,,,31054710.01,,,,,,34.0920863459,专用设备,2024-12-23,2023-09-30
301535,浙江华远,,377715200.0,14.7001260527,,58698900.0,10.5297051796,,,,,,汽车零部件,2024-12-23,2023-09-30
920183,海菲曼,4.58,131656176.89,,,32189480.76,,,,,,68.7232938988,消费电子,2024-12-20,2023-09-30
874187,荣鹏股份,0.44,303918660.26,-19.8978424459,,25851286.72,-27.77,,3.069282049577,15.37,0.45718748308,26.9442732638,,2024-12-20,2023-09-30
837611,德芯科技,1.71,335709381.44,,-16.6492,102624115.0,,-18.3781,,,0.806285622833,52.409014352,,2024-12-20,2023-09-30
688758,赛分科技,0.0912,173853814.48,42.5013745569,,33420004.03,102.5909084461,,,,,69.3348091617,化学制药,2024-12-20,2023-09-30
301458,钧崴电子,0.32,408341099.57,-3.7135891971,,63688412.36,-20.0469314243,,,,,46.0568105435,元件,2024-12-20,2023-09-30
874399,赤诚生物,0.3,222453725.77,,-1.8141,33544332.29,,2.3915,,7.9,,30.3309239198,,2024-12-19,2023-09-30
301581,黄山谷捷,1.82,559186522.92,,15.4733,109310600.0,,9.6727,,,,28.4292161656,汽车零部件,2024-12-19,2023-09-30
920121,江天科技,,378038440.28,,,73309661.13,,,,24.6,,31.0766294436,包装印刷,2024-12-18,2023-09-30
874433,安达股份,0.38,657215774.98,,,32306790.1,,,,,,13.8329412821,,2024-12-18,2023-09-30
873827,岷山环能,0.27,2126467962.05,19.845960161,,52820980.35,80.7,,3.318028487116,8.32,0.277913292151,5.0165581887,,2024-12-18,2023-09-30
920187,通领科技,1.68,703439703.62,,,78709955.26,,,,,,25.8934790747,汽车零部件,2024-12-17,2023-09-30
873989,中达新材,0.69,798316699.17,8.0379179788,10.7186,69811104.19,159.748667377,17.142,3.007097444875,26.01,0.182720706776,18.0480216773,,2024-12-17,2023-09-30
873732,佰源装备,0.21,176066512.29,1.6105946396,24.7854,23107714.25,-15.03,67.1986,3.632329961051,5.99,0.087546569574,33.2029677363,,2024-12-17,2023-09-30
874637,百瑞吉,0.53,140629967.9,,,31727821.99,,,,,,82.1421366903,,2024-12-16,2023-09-30
874552,原力数字,2.28,338603916.77,,,54915010.6,,,23.738910825797,10.1,1.546131685467,37.1405358005,,2024-12-16,2023-09-30
301501,恒鑫生活,,1055922000.0,,,159832400.0,,,,,,,家居用品,2024-12-16,2023-09-30
873689,讯方技术,0.85,688944798.96,31.5252970074,-14.8655,41848120.88,192.8125874198,-39.6254,6.484527465577,12.58,1.171506041346,16.3142152462,,2024-12-13,2023-09-30
920159,农大科技,1.9,2223611211.07,,,114150887.31,,,,30.46,,14.3482599589,农化制品,2024-12-12,2023-09-30
603072,天和磁材,0.58,1964540787.3,,,115876840.22,,,,10.72,,14.5807529058,金属新材料,2024-12-12,2023-09-30
873808,永超新材,0.76,162203987.76,,,29624602.14,,,,,-0.222355633418,34.9498073154,,2024-12-11,2023-09-30
001391,国货航,0.06,9825412816.0,,15.7416,645693830.0,,-45.7564,,3.41,,11.0764370045,物流,2024-12-11,2023-09-30
001233,海安集团,,1653166800.0,51.8974654978,17.3033,469915600.0,112.1902143777,-2.3073,,,,,汽车零部件,2024-12-11,2023-09-30
874392,祺龙海洋,0.27,161366389.3,,36.4628,38278077.28,,-54.129,,16.55,,41.542188253,,2024-12-10,2023-09-30
873712,金则利,0.67,174557299.85,-14.7631488403,-2.9233,16599309.22,-30.8675170184,0.5384,10.357975387649,6.39,0.578469301541,23.1628957395,,2024-12-09,2023-09-30
920218,新天力,0.65,782657203.52,,,45784122.16,,,,,,19.0444381857,包装印刷,2024-12-06,2023-09-30
874476,小小科技,1.45,447974029.84,,,64883385.97,,,,,,26.3925070974,,2024-12-05,2023-09-30
874406,金红股份,0.48,168466724.78,,,64534529.77,,,,,,56.8666425106,,2024-12-05,2023-09-30
603194,中力股份,1.83,4478150475.54,19.760016147,,622988700.18,33.7022481014,,,26.37,,29.0279581012,工程机械,2024-12-05,2023-09-30
301598,博科测试,0.8,281769069.17,,-55.5222,35534229.64,,-77.9867,,,,40.5546329541,专用设备,2024-12-05,2023-09-30
920180,爱得科技,0.65,207746099.16,,-1.7772,58115944.05,,0.4484,4.882373826709,13.22,0.668093479902,58.5118038276,医疗器械,2024-12-04,2023-09-30
920037,广信科技,0.39,288848329.11,,0.1743,26981765.08,,28.2695,,,,24.2578910482,电网设备,2024-12-04,2023-09-30
872893,威易发,1.12,75929500.0,73.8815655491,,32881317.12,82.5786049368,,,,0.458233259667,67.2449190631,,2024-12-04,2023-09-30
920035,精创电气,0.93,318911922.58,,5.7588,39268066.9,,-47.0451,,,,42.6624573391,自动化设备,2024-12-03,2023-09-30
874475,拓普泰克,1.19,537596587.39,,,54972269.41,,,7.860968867252,16.42,0.113877587276,24.057481949,,2024-12-03,2023-09-30
920056,能之光,0.55,419708480.36,0.3869859009,2.4613,35478879.09,133.0982571764,2.7117,,,,16.467992248,塑料,2024-12-02,2023-09-30
920007,酉立智能,1.93,486498928.64,,4.9153,58659380.33,,-35.0665,,36.36,,18.7123601946,光伏设备,2024-12-02,2023-09-30
874617,双英集团,0.21,1345400859.79,,,22136792.42,,,,,,12.4694470632,,2024-12-02,2023-09-30
874380,卓海科技,0.96,192871942.42,10.0851542758,,68725094.39,4.6472519037,,8.067766812614,16.71,-1.601942239236,68.3566841479,,2024-12-02,2023-09-30
873864,旭辉电气,0.23,157127626.27,27.468725571,-22.7572,28811077.51,0.5552469826,-25.7857,1.968960854667,11.6,0.004626983608,41.0322793518,,2024-12-02,2023-09-30
301557,常友科技,,603412400.0,,,52357800.0,,,,,,,风电设备,2024-12-02,2023-09-30
603669,灵康药业,-0.13,150665541.41,-40.0236706966,-4.7266,-96582500.85,-39.0209156996,42.5183,1.304318713802,-8.91,-0.02932556101,47.4000308111,化学制药,2024-11-30,2023-09-30
920086,科马材料,0.51,140390725.08,,-8.3946,31754553.66,,-17.0627,,,,39.7400359804,汽车零部件,2024-11-29,2023-09-30
688757,胜科纳米,,281404000.0,,,67664500.0,,,,,,,专业服务,2024-11-29,2023-09-30
603202,天有为,,2429248200.0,,,564412500.0,,,,,,,汽车零部件,2024-11-29,2023-09-30
874376,百菲乳业,1.08,788882799.76,,,178747848.31,,,,,,36.1723769534,,2024-11-28,2023-09-30
600928,西安银行,0.43,5040594000.0,3.6830289649,-0.1663,1905349000.0,7.103753566,-15.1734,6.842659959266,6.39,2.551860480186,,银行Ⅱ,2024-11-28,2023-09-30
301585,蓝宇股份,1.17,280019657.65,,,70098444.88,,,,,,41.3783354542,化学制品,2024-11-28,2023-09-30
000506,招金黄金,0.05,218508312.86,4.8938241669,-22.7415,50665763.24,-75.66,402.5698,0.751839671233,7.56,-0.016363707658,0.7265074034,贵金属,2024-11-27,2023-09-30
874242,美亚科技,0.87,254438433.52,-36.1193883588,31.6393,59429003.47,88.23,22.9333,7.846952083337,12.19,-3.52444686743,62.2060059286,,2024-11-26,2023-09-30
874232,晶华光学,0.36,731569360.02,-11.162096428,13.1622,39585536.86,-29.38,-5.8163,5.775832405809,6.38,-0.578072929786,29.5640327766,,2024-11-26,2023-09-30
873324,阳光精机,1.73,193944725.18,15.3752344752,86.9165,57989064.24,9.2555867342,97.9367,5.346902274933,38.1,0.046719637395,55.6355344596,,2024-11-26,2023-09-30
874456,石羊农科,0.44,2580040918.0,,,40607668.74,,,,,,9.5536738511,,2024-11-25,2023-09-30
833070,三耐环保,0.92,142977731.67,102.1110160933,-96.6876,33224457.93,-20.21,-98.6528,3.928772083196,24.48,1.444074073829,35.0882682807,,2024-11-25,2023-09-30
301479,弘景光电,,591301100.0,,,89961700.0,,,,,,,光学光电子,2024-11-25,2023-09-30
920029,开发科技,3.63,1872600973.18,,,363253824.9,,,13.795978905279,29.85,4.475188235359,33.5874254317,通用设备,2024-11-22,2023-09-30
874087,东实环境,0.0987,659894020.87,,24.7733,49355323.39,,107.3118,,6.86,0.41245319116,41.3609366501,,2024-11-22,2023-09-30
688605,先锋精科,0.33,372720446.93,,,50161668.51,,,,,,29.736337465,半导体,2024-11-22,2023-09-30
603124,江南新材,,4938310100.0,,,107053500.0,,,,,,,金属新材料,2024-11-22,2023-09-30
300887,谱尼测试,0.1931,1758239802.93,-34.4420465867,-13.697,105374541.45,-41.69,-85.6757,6.35655280121,2.94,0.177750461401,43.6870004569,专业服务,2024-11-22,2023-09-30
301631,壹连科技,3.62,2056254299.89,,,177042278.87,,,,21.17,,19.6266497875,汽车零部件,2024-11-21,2023-09-30
874391,金钛股份,0.5,1264079064.45,,,105044015.87,,,,10.11,,14.8296535495,,2024-11-20,2023-09-30
870355,建院股份,0.36,966177185.12,,12.4895,37024046.67,,1260.4246,,,0.122323601181,11.6204207643,,2024-11-20,2023-09-30
301617,博苑新材,1.86,746429372.45,23.5468011013,-11.1557,143575064.44,-7.5846738737,-34.1339,,,,30.5726961911,化学制品,2024-11-20,2023-09-30
300008,天海防务,0.0517,2386969658.08,33.722086102,11.1467,89312176.95,9.6,-56.5388,1.109319098453,4.91,-0.153016899669,12.6909359629,航海装备Ⅱ,2024-11-20,2023-09-30
920108,宏海科技,0.38,281504008.32,43.5646553256,-15.5874,37622135.1,32.0075920437,-67.4937,2.7320197172,14.72,0.3979808289,32.3933982341,家电零部件Ⅱ,2024-11-19,2023-09-30
874435,昆仑联通,1.08,1448607368.59,,12.2749,77504030.02,,48.9827,,,,13.9978555768,,2024-11-19,2023-09-30
873755,杰特新材,0.88,161199856.45,27.7327936929,-15.7832,28921599.7,144.9711191426,-17.3187,,,0.668522904106,35.1847429452,,2024-11-19,2023-09-30
688750,金天钛业,0.2562,563862483.35,10.2394153833,-22.2372,94799499.38,-3.8446135152,-14.7965,,5.93,,35.2707658964,小金属,2024-11-19,2023-09-30
601026,道生天合,,2445615300.0,,,104848500.0,,,,,,,风电设备,2024-11-19,2023-09-30
920100,三协电机,0.93,251795738.24,19.2386348433,-4.5249,32978615.2,68.7501417973,-27.3382,5.772934157984,17.55,0.690961355853,28.4642774302,电机Ⅱ,2024-11-18,2023-09-30
874311,东盛金材,0.74,491132426.34,,-7.3632,37572768.82,,-42.0163,,,,14.1535785466,,2024-11-18,2023-09-30
873444,万泰股份,0.37,354445238.9,0.7973774322,-43.6894,36380012.12,-30.45,-90.5392,5.927634110183,6.4,0.203711804837,40.9202961761,,2024-11-18,2023-09-30
920050,爱伦医疗,0.81,412502666.27,-12.1040257737,17.067,41084087.43,8.17,14.5156,12.56250553059,6.65,0.41290428373,22.6692751942,医疗器械,2024-11-15,2023-09-30
688708,佳驰科技,1.076,708148167.8,,,387377082.05,,,,29.35,,77.3244354005,航空装备Ⅱ,2024-11-15,2023-09-30
603210,泰鸿万立,,1078730400.0,,,109648000.0,,,,,,,汽车零部件,2024-11-15,2023-09-30
301275,汉朔科技,,2870527300.0,,4.5992,472865500.0,,-20.8918,,,,,其他电子Ⅱ,2024-11-15,2023-09-30
920003,中诚咨询,1.0,255139438.3,26.265514444,,50616923.41,37.87,,4.483583551585,23.04,0.352213779368,44.6053263064,工程咨询服务Ⅱ,2024-11-14,2023-09-30
301622,英思特,1.22,662611231.46,,,106067736.28,,,,16.27,,27.4427303684,金属新材料,2024-11-14,2023-09-30
300774,倍杰特,0.311,573483583.98,-3.1252138963,-63.249,127144465.86,7.22,-73.8039,3.609445027599,8.43,-0.018655114229,35.0544295244,环境治理,2024-11-14,2023-09-30
688235,百济神州,-2.85,12875236000.0,87.4460201754,34.3901,-3878105000.0,62.8307855507,148.3641,19.847852580428,-13.0,-3.925205344699,85.2402705473,化学制药,2024-11-13,2023-09-30
920015,锦华新材,1.049,776776944.12,-0.0308706782,28.9449,102804882.68,39.3382091371,219.0709,,,,25.3691499937,化学制品,2024-11-12,2023-09-30
874500,杰理科技,1.03,2117937457.25,,,402933214.65,,,,16.0,,31.7911491973,,2024-11-12,2023-09-30
873437,天一恩华,0.56,416101544.11,6.2140413989,-45.6939,72721792.32,-27.505662441,-42.6828,2.808513970429,22.19,0.147603981173,27.7193748023,,2024-11-12,2023-09-30
688428,诺诚健华,-0.31,537361649.4,21.6817987436,-15.0662,-531165508.57,36.3225857953,73.4126,4.160731273617,-7.11,-0.252869651375,81.2269463196,化学制药,2024-11-12,2023-09-30
430073,兆信股份,0.2,99819315.19,17.2813037881,-0.0298,14371777.97,49.5816197203,-21.3417,2.78257765684,7.14,-0.348707204949,51.6808315824,,2024-11-12,2023-09-30
002135,东南网架,0.24,9826579714.9,12.6088423371,-1.8326,273356920.8,-27.65,-37.0012,5.447853352771,4.35,-0.365729331354,11.0891537755,专业工程,2024-11-12,2023-09-30
920098,科隆新材,0.97,315397910.54,41.3984150927,30.3405,61777840.67,90.667598476,193.9643,9.141886855997,11.2,-0.217238387374,42.3151707224,橡胶,2024-11-11,2023-09-30
920082,方正阀门,0.33,492573284.46,13.4750499359,-8.6468,34635239.56,97.812005885,-22.7611,2.816238520549,11.82,0.362740106856,26.7104038304,通用设备,2024-11-11,2023-09-30
600683,京投发展,-0.2318,10141920831.82,321.990818743,-95.8713,71268733.96,-70.87,-302.8459,3.581747768055,-6.21,-6.740504775254,6.5610775243,房地产开发,2024-11-09,2023-09-30
600590,泰豪科技,0.171,2481486615.43,-18.8070012356,0.3996,145842697.06,-44.0,-105.4736,4.253660376863,4.04,0.03325363282,20.9698808281,其他电源设备Ⅱ,2024-11-09,2023-09-30
920018,宏远股份,0.48,1039134530.0,,2.1445,44468159.7,,18.1719,,,,8.3693484673,电网设备,2024-11-08,2023-09-30
873902,晶阳机电,0.7029,222968728.26,101.3149663611,-12.2991,35955089.71,188.04,-26.2924,3.820037116716,18.69,-0.252094780645,29.7491227257,,2024-11-08,2023-09-30
688981,中芯国际,0.46,33098244000.0,-12.3540130315,6.0453,3674784000.0,-60.9,-51.8103,17.999005104711,2.7,2.057453667526,23.0111694143,半导体,2024-11-08,2023-09-30
688449,联芸科技,0.0,685912868.37,,,-971491.93,,,,-0.22,,44.6063852085,半导体,2024-11-08,2023-09-30
688347,华虹宏力,1.2,12952608201.89,5.6418114663,-8.0767,1684552665.08,-11.61,-82.3993,24.763535566717,6.64,2.017424300498,30.3287423351,半导体,2024-11-08,2023-09-30
603271,永杰新材,,4643730800.0,,,154719800.0,,,,,,,工业金属,2024-11-08,2023-09-30
920101,志高机械,0.93,618215315.2,,-4.8304,60253824.51,,0.5339,7.518542268868,13.34,1.906962836668,25.5709342187,工程机械,2024-11-07,2023-09-30
603395,红四方,0.89,3009127406.09,-4.8260810254,,132965913.08,39.0833553832,,,,,12.411157996,农化制品,2024-11-07,2023-09-30
920022,世昌股份,0.72,259705825.41,32.6798481002,25.6341,29750158.8,151.5047561253,15.3572,,,,25.5823180035,汽车零部件,2024-11-06,2023-09-30
874018,天威新材,1.07,382945224.19,24.2589606607,14.8442,62014487.01,118.78,12.8702,7.029466147529,16.12,0.879793474601,33.5825933544,,2024-11-06,2023-09-30
603205,健尔康,0.9267,711333114.38,-6.4528836854,-11.3224,83399717.27,-17.0831902301,3.8296,,10.09,,23.0834307318,医疗器械,2024-11-06,2023-09-30
301633,港迪技术,0.73,344344952.73,20.4180589975,,30630776.16,30.5476048126,,,9.48,,36.8883740804,自动化设备,2024-11-06,2023-09-30
920106,林泰新材,0.81,141159605.94,,12.4882,26731191.11,,17.4451,,,,41.5486788585,汽车零部件,2024-11-05,2023-09-30
920009,丹娜生物,1.21,174792377.12,-18.5978872428,2.0927,57523609.92,2.67,38.9717,7.335449534079,18.12,0.363678098755,83.1273334021,医疗器械,2024-11-05,2023-09-30
400283,高鸿3,0.0011,4063063169.52,4.5852273155,44.7822,1221576.4,-99.42,50.4811,3.855267337843,0.03,-0.885570638271,8.7198294043,,2024-11-05,2023-09-30
920116,星图测控,0.35,121203997.95,102.7100732178,65.1871,27571767.2,0.4594883161,73.7051,2.294056234424,18.42,-0.515305388364,53.9393245072,IT服务Ⅱ,2024-11-04,2023-09-30
920091,大鹏工业,0.57,165285601.53,-19.7250515679,-22.3453,26435263.38,-22.6956549444,-22.4015,5.439019491792,11.04,0.733063858544,30.646929824,专用设备,2024-11-04,2023-09-30
920068,天工股份,0.218,709316813.66,181.2994753421,-35.8597,128019674.67,265.74,-8.801,1.378086817676,17.2,-0.083752271128,27.9136461955,小金属,2024-11-04,2023-09-30
873741,豪钢重工,0.55,333492054.4,5.1530899425,-7.8499,87841717.51,11.49,-5.7391,4.547852714552,12.46,-0.050127893905,42.8345640069,,2024-11-04,2023-09-30
688356,键凯科技,1.67,244273054.82,-23.8921146647,-7.3297,100477028.44,-39.18,52.1187,21.284663072489,7.97,1.978833482802,80.0925881466,化学制药,2024-11-04,2023-09-30
600872,中炬高新,-1.6505,3952935765.12,-0.0752007369,0.8656,-1272481882.76,-403.89,110.6989,2.211393996047,-53.62,1.075837341403,32.5778811304,调味发酵品Ⅱ,2024-11-04,2023-09-30
301173,毓恬冠佳,,1655706200.0,,,89515000.0,,,,,,,汽车零部件,2024-11-04,2023-09-30
600885,宏发股份,1.0581,9883276480.58,10.3165810567,-3.9583,1103223169.07,10.33,-4.924,7.536760088957,13.58,1.597141282065,36.3581903824,电网设备,2024-11-02,2023-09-30
920128,胜业电气,0.59,424157773.11,14.1778473134,-5.4618,35735172.57,76.03,22.7084,5.004322047281,,0.578276136221,27.3264785436,元件,2024-11-01,2023-09-30
688651,盛邦安全,-0.24,133148355.92,32.5773710619,-30.2551,-23204398.45,-46.302648838,-2324.7362,12.279139571878,-5.66,-0.360466847306,71.9413343546,软件开发,2024-11-01,2023-09-30
605339,南侨食品,0.29,2289775609.28,10.101975332,-11.2707,125181791.85,-5.76,-41.507,7.639001981727,3.84,0.755893416318,22.5130765465,休闲食品,2024-11-01,2023-09-30
920099,瑞华技术,1.29,207212203.05,7.7893274622,-99.8165,77294916.56,60.0,-188.4958,6.725708738024,18.22,0.477524247417,56.1935659127,化学制品,2024-10-31,2023-09-30
920011,晨光电机,1.03,505524614.92,,,61692574.69,,,,20.5,,23.355924959,电机Ⅱ,2024-10-31,2023-09-30
900947,振华B股,0.058,22511197715.0,18.6090161427,23.1864,319626351.0,374.72,-73.5679,2.851963397701,2.07,0.22286794741,12.4943130108,专用设备,2024-10-31,2023-09-30
900946,天雁B股,0.004,358727958.26,44.8492755747,4.4459,4304552.12,1575.91,723.8362,0.712680181299,0.56,-0.023638303607,10.9486700034,汽车零部件,2024-10-31,2023-09-30
900945,海控B股,0.0205,46738391000.0,149.5650402554,31.8477,885320000.0,104.2484110208,241.1526,0.087241740519,33.71,0.224937677173,14.7077656139,航空机场,2024-10-31,2023-09-30
900942,黄山B股,0.5592,1434522165.69,138.9347782747,19.5771,407871829.16,782.3218306076,53.8834,6.143615337814,9.52,0.914290892611,57.4260425013,旅游及景区,2024-10-31,2023-09-30
900938,海科B,0.0993,312136236.56,225.2943948309,63.7587,288019615.22,53.3,-99.4941,2.567961568209,3.95,-0.540677854426,-3.5229483738,航运港口,2024-10-31,2023-09-30
900936,鄂资B股,0.9,22029165179.33,-21.2319312865,-5.2032,2517902608.94,-44.01,23.6162,7.466588389345,11.59,1.384508749484,21.458704423,冶钢原料,2024-10-31,2023-09-30
900934,锦江B股,0.9215,11072350986.54,34.0420122164,7.0123,986019058.37,1783.69,15.0248,15.74535128851,5.69,4.060673110375,43.1842001922,酒店餐饮,2024-10-31,2023-09-30
900929,锦旅B股,0.212,391885715.33,260.8185034437,0.1959,28106114.41,295.407792283,-111.8025,6.101096372808,3.69,-0.48395654404,13.1463768019,旅游及景区,2024-10-31,2023-09-30
900924,上工B股,0.131,2692779374.11,16.0299694551,7.6936,93427348.89,4.96,-79.0695,4.675656743163,2.8744,-0.182480576919,23.742677051,专用设备,2024-10-31,2023-09-30
900923,百联B股,0.19,23577165511.55,-6.0896742962,5.5857,346925487.97,282.3956923502,-85.8741,10.064371114737,1.95,1.558489431111,26.5331436076,一般零售,2024-10-31,2023-09-30
900922,三毛B股,0.101,797960066.71,11.8516208091,20.3859,20337594.91,924.63,-59.225,2.218614739939,4.67,0.075665452119,6.970580118,综合Ⅱ,2024-10-31,2023-09-30
900914,锦在线B,0.2134,1494495745.03,0.2711245425,4.0559,117714847.3,-77.26,-30.7898,6.995852161734,3.01,0.047182155312,18.5310756528,铁路公路,2024-10-31,2023-09-30
900911,金桥B股,1.444,5368269976.88,54.1571370483,-7.85,1620802618.65,52.52,-22.3567,12.470190446387,11.92,-5.878475213622,74.4665709148,房地产开发,2024-10-31,2023-09-30
900910,海立B股,-0.08,13384434522.0,8.0219153253,-14.1833,-88387490.2,-246.6,-82.1068,5.556156397867,-1.46,0.833854044853,10.7182661947,家电零部件Ⅱ,2024-10-31,2023-09-30
900908,氯碱B股,0.3855,5273185841.57,5.9772043997,0.7418,445786129.33,-60.89,36.6516,6.75486719077,5.7151,0.390887546698,15.4595828911,化学原料,2024-10-31,2023-09-30
900905,老凤祥B,3.7553,62066041294.97,15.9289623425,37.6138,1964467157.75,44.87,24.1667,21.647181677872,18.24,13.656729542872,8.1241136483,饰品,2024-10-31,2023-09-30
900904,神奇B股,0.12,1710542948.95,-0.13282362,-18.9459,65948566.05,18.94,185.1824,4.388041003687,2.82,0.309881353574,51.7679652647,化学制药,2024-10-31,2023-09-30
900903,大众B股,0.12,3197681841.68,114.0079000874,1.9879,280069105.58,176.5445775429,-29.6885,3.971177127341,2.91,0.120844562798,24.3423693873,铁路公路,2024-10-31,2023-09-30
874629,佳音科技,0.79,374861737.48,,,32777898.67,,,,14.68,,22.1547570174,,2024-10-31,2023-09-30
874615,避泰电气,0.8,131591773.91,,,40255160.09,,,,26.77,,40.7478424272,,2024-10-31,2023-09-30
874579,康华股份,0.01,490809037.64,,,4627988.66,,,,0.45,,61.9381185423,,2024-10-31,2023-09-30
874482,泛博股份,3.0,189112847.32,,,32049504.4,,,,52.79,,30.8341615053,,2024-10-31,2023-09-30
874090,普瑞金,-0.43,29817491.08,-55.3299937114,,-34626635.36,-200.309753477,,,-23.98,-0.010705542,72.0531796332,,2024-10-31,2023-09-30
874031,翰林航宇,0.39,230436642.55,,-20.3074,20515735.75,,-51.3486,,5.65,-0.085141001137,43.736758922,,2024-10-31,2023-09-30
873894,八九九,0.25,46787134.23,23.853090287,,6928896.78,-19.83,,4.914392842899,5.19,0.028598068961,48.9881809545,,2024-10-31,2023-09-30
873878,华昌新材,0.75,225043573.88,,,37418835.4,,,,10.85,0.7826443592,29.4999767047,,2024-10-31,2023-09-30
873809,温多利,0.5,136524824.47,5.7547851731,-13.2768,24757599.83,12.99,-46.8005,4.6616988504,10.29,0.6220162032,39.5347076911,,2024-10-31,2023-09-30
873747,华信安全,-6.41,56020858.6,-9.9922489942,-17.3478,-363051088.2,-215.7466983096,-106.2573,,-31.63,0.028695896457,33.4442126348,,2024-10-31,2023-09-30
873275,爱福地,0.13,68096923.42,,,2528241.25,,,,6.53,0.199994016,30.6751959426,,2024-10-31,2023-09-30
837224,朗润智能,0.18,205141921.03,,,31949987.52,,,,13.68,-0.006048332839,10.8316699622,,2024-10-31,2023-09-30
835072,东海租赁,-0.0028,9062637.39,50.4456197273,-8.6905,-1375654.03,-404.43,98.2257,0.19333182474,-1.41,0.0042623166,60.9927343678,,2024-10-31,2023-09-30
834960,金雨茂物,0.1198,60314479.88,13.6265631599,11.6015,59899407.52,-78.74,463.6662,3.52131264772,3.46,-0.07321324398,,,2024-10-31,2023-09-30
834418,好买财富,0.41,646034503.07,15.6545467189,-12.3253,141697860.64,58.42,36.5916,4.638979841692,9.15,-4.71661392446,96.0596979791,,2024-10-31,2023-09-30
833839,天波科技,-0.0651,373553589.16,,,-5622407.74,,,,-1.56,0.30326709034,28.3608683156,,2024-10-31,2023-09-30
833239,晨科农牧,0.71,1350391850.74,5.84301907,,89067177.4,131.7077380425,,,27.58,-0.179102877197,6.3813108827,,2024-10-31,2023-09-30
832265,芍花堂,0.09,572726029.01,,,10875767.97,,,,2.1,-0.158661673684,8.2766799219,,2024-10-31,2023-09-30
688789,宏华数科,1.35,882342990.66,26.5619102015,16.6147,239377022.08,28.41,9.4733,23.338992944253,9.42,1.329977873353,47.9760140853,专用设备,2024-10-31,2023-09-30
688776,国光电气,0.5,577626121.54,-18.6443696067,-48.4227,54470589.87,-57.81,-74.6472,16.610918119588,3.07,-0.131890321249,27.098027858,军工电子Ⅱ,2024-10-31,2023-09-30
688737,中自科技,0.34,1123708404.48,261.802681339,4.5054,32846140.69,162.2023467594,-15.1254,15.596643079159,1.75,-2.597667634824,11.1804308599,汽车零部件,2024-10-31,2023-09-30
688733,壹石通,0.08,347420955.23,-23.492020346,19.5226,15435438.38,-86.78,471.7975,11.197748882982,0.69,0.004604014593,25.2137730098,电池,2024-10-31,2023-09-30
688728,格科微,0.02,3244867291.0,-29.0087744184,17.6889,49725666.0,-91.05,-31.7858,3.059454043955,0.63,0.164120111056,31.1132672144,半导体,2024-10-31,2023-09-30
688726,拉普拉斯,0.3792,1455079819.64,1154.5716667213,-65.0394,138335852.05,224.7391589818,-90.9637,,,,34.6044192562,光伏设备,2024-10-31,2023-09-30
688717,艾罗能源,8.49,4007174319.08,48.6484689813,-57.3739,1018221036.49,90.65,-90.9094,19.216043808083,56.81,5.144198313,40.0279632649,光伏设备,2024-10-31,2023-09-30
688711,宏微科技,0.4027,1135427155.68,84.6938080646,-14.3685,85561482.9,39.69,-27.1529,7.088283184445,8.27,-0.853955057535,21.3975234223,半导体,2024-10-31,2023-09-30
688709,成都华微,0.36,628865311.34,14.3520098699,-26.4435,195390432.84,7.6139437943,-33.3086,2.192834007166,18.14,-0.076409049331,78.242702828,半导体,2024-10-31,2023-09-30
688702,盛科通信,0.12,877290490.71,58.7235768845,-32.9721,43487412.24,5429.3006798798,-59.4258,5.910598944829,10.94,-0.189444760585,34.2606370858,半导体,2024-10-31,2023-09-30
688699,明微电子,-0.77,506627590.79,-5.9328364197,13.6702,-84385910.74,-245.4,94.4863,12.111597626449,-5.88,1.264078287995,12.4669540108,半导体,2024-10-31,2023-09-30
688698,伟创电气,0.87,945486085.99,42.0498783076,-5.6458,156945934.19,36.9,-21.7712,8.990517903244,14.66,-0.1622815591,37.9572103977,自动化设备,2024-10-31,2023-09-30
688696,极米科技,1.23,2421783807.77,-15.9831365643,6.9891,86166194.08,-73.86,-116.187,44.784256148857,2.75,0.406550741286,32.8134021675,黑色家电,2024-10-31,2023-09-30
688681,科汇股份,0.05,226825941.74,2.9536383922,17.5185,4859115.73,284.2559735566,654.8232,5.359471466991,0.85,-0.049018700583,46.003037827,电网设备,2024-10-31,2023-09-30
688680,海优新材,-0.9,3949151941.12,-4.4347419892,47.6715,-75313640.62,-156.47,27.6804,26.204341373054,-3.09,-20.595817050852,4.9689263514,光伏设备,2024-10-31,2023-09-30
688667,菱电电控,0.81,699320591.7,31.8785580582,-5.1572,41963189.96,-21.72,-33.0823,30.531238893433,2.7,-1.876720626093,26.5894018433,汽车零部件,2024-10-31,2023-09-30
688660,电气风电,-0.49,5924270707.81,-11.6110280022,-41.082,-652476290.48,-6110.27,-37.6537,4.861313662224,-9.58,-2.870153669847,4.5326037214,风电设备,2024-10-31,2023-09-30
688659,元琛科技,,346293319.13,-11.868048207,-17.8762,84107.3,-99.47,-298.9359,4.0365880275,0.01,-0.275308519813,29.9677493666,化学制品,2024-10-31,2023-09-30
688658,悦康药业,0.34,2957716328.49,-15.5427773973,-29.2693,152274748.25,-54.61,-144.99,7.992898371489,3.92,1.101987170133,64.3322066475,化学制药,2024-10-31,2023-09-30
688652,京仪装备,0.93,604169566.31,12.1628126391,-30.1173,116784911.31,23.8359625906,-28.4665,5.277514453889,19.25,0.622420897857,31.9297295506,半导体,2024-10-31,2023-09-30
688623,双元科技,2.17,351699126.55,28.0981445317,-1.5914,106976637.04,53.19,31.1904,36.38599810729,6.93,0.694549418271,44.3095836685,自动化设备,2024-10-31,2023-09-30
688618,三旺通信,0.7,309320191.37,40.8499581798,-13.3269,76814496.24,24.49,30.3286,11.398320076214,9.31,0.037695760556,57.317531796,通信设备,2024-10-31,2023-09-30
688611,杭州柯林,0.32,97680310.56,3.7755693413,-66.7074,20037761.22,-25.95,-108.664,10.447167254281,2.45,0.225445326731,66.3400390299,电网设备,2024-10-31,2023-09-30
688606,奥泰生物,1.28,559938588.88,-81.3977989718,13.4329,101565695.05,-92.53,-0.8663,47.255704781312,2.51,-1.059901165798,47.9118267928,医疗器械,2024-10-31,2023-09-30
688601,力芯微,0.89,635150603.22,3.2687099461,34.2151,118587276.28,-23.42,22.9512,8.939385032317,10.33,0.778872268344,42.7409500949,半导体,2024-10-31,2023-09-30
688599,天合光能,2.34,81119425198.21,39.3842022547,13.081,5077033962.92,111.34,-13.2679,14.147472061447,17.38,4.71788964639,16.8326087991,光伏设备,2024-10-31,2023-09-30
688596,正帆科技,1.0,2410895100.75,33.6460623083,14.2267,270556543.54,97.21,-12.8865,10.101891312159,10.36,1.005750831665,28.1443599806,专用设备,2024-10-31,2023-09-30
688595,芯海科技,-0.62,283866608.6,-41.5594699193,31.153,-88106830.72,-2852.1,14.9395,6.330135416196,-8.5,-0.099875790598,28.6147142775,半导体,2024-10-31,2023-09-30
688592,司南导航,-0.02,161677305.33,-12.7089917321,-48.464,-988793.06,-104.47,-141.4982,15.909254158945,-0.26,-0.383022928571,55.5594585503,通信设备,2024-10-31,2023-09-30
688585,上纬新材,0.15,1020226565.24,-28.8567092045,12.5407,62253306.08,7.81,112.0027,2.963612441329,5.3,0.600678996517,16.3692270658,塑料,2024-10-31,2023-09-30
688579,地纬智能,0.078,302284392.55,19.4748066542,0.6387,31199611.52,27.04,81.732,3.276240041149,2.39,-0.205768225894,53.541633769,软件开发,2024-10-31,2023-09-30
688567,孚能科技,-1.28,11231656359.5,30.1416325599,30.6855,-1563176227.95,-462.5182478066,-71.9544,8.68403753602,-13.91,0.280646277952,3.4151754578,电池,2024-10-31,2023-09-30
688566,吉贝尔,0.83,616974946.31,44.6363587067,-21.82,155068445.62,95.65,0.9486,9.721688792074,8.8,0.505322136605,88.8821823949,化学制药,2024-10-31,2023-09-30
688565,力源科技,-0.25,198122385.15,1.5073276109,5.614,-39237610.31,-837.89,-562.3217,3.53405283882,-6.97,-0.210419234402,17.1120705236,环境治理,2024-10-31,2023-09-30
688562,航天软件,0.02,1091443692.23,-23.786634266,-43.9633,8073163.4,-79.27,-108.3422,4.43394245475,0.72,-1.5298059391,19.097270981,IT服务Ⅱ,2024-10-31,2023-09-30
688561,奇安信,-1.79,3686301033.18,15.4970415426,-22.7139,-1222919367.02,-8.6945653052,1.0816,13.102207884177,-12.91,-2.667508232852,60.745644916,软件开发,2024-10-31,2023-09-30
688559,海目星,1.55,3361332414.77,41.7809530558,-2.8719,312258122.42,41.6,-16.7884,11.260962785323,14.35,-3.8217868299,31.2721418343,自动化设备,2024-10-31,2023-09-30
688558,国盛智科,0.87,847310048.84,-3.8039463279,-9.1484,115202117.71,-23.28,-35.5682,11.844328591894,7.43,0.836602017424,25.4186929182,通用设备,2024-10-31,2023-09-30
688556,高测股份,2.24,4210599744.4,92.2354627441,33.9,1172698274.12,173.9,20.9307,11.734398400369,39.98,1.879229462094,45.9830795863,光伏设备,2024-10-31,2023-09-30
688538,和辉光电,-0.17,2024660836.3,-38.4903236024,23.7028,-2390192760.24,-144.0498466567,-25.724,0.968691963444,-16.37,-0.02973417771,-67.2367459287,光学光电子,2024-10-31,2023-09-30
688533,上声电子,0.67,1593400779.13,32.6620262285,23.1451,107207415.31,82.95,-12.8097,7.897506255,9.22,1.306645136875,23.9406678336,汽车零部件,2024-10-31,2023-09-30
688526,科前生物,0.77,827439173.94,20.5266330139,17.1506,357428181.1,26.11,14.1211,8.078189899669,9.83,0.955976244604,73.7797581148,动物保健Ⅱ,2024-10-31,2023-09-30
688525,佰维存储,-1.12,2122454436.79,-2.8777634395,34.7775,-484012087.7,-736.5,-10.0179,4.618254731141,-21.96,-4.249185520383,-3.4750163312,半导体,2024-10-31,2023-09-30
688521,芯原股份,-0.27,1764647377.77,-6.3425505199,-9.8534,-134218721.31,-509.53,-266.7566,5.781721984592,-4.63,-0.288530400664,43.4175274234,半导体,2024-10-31,2023-09-30
688518,联赢激光,0.76,2554656701.39,34.8673298637,-8.546,252396187.5,34.76,-51.7338,8.809968970888,9.13,-0.041506777988,33.8190006422,自动化设备,2024-10-31,2023-09-30
688515,裕太微,-1.85,164808093.39,-44.9626894974,2.3458,-139817326.1,-1935.41,-2.1978,22.915508234125,-9.16,-1.459715392125,42.6776119626,半导体,2024-10-31,2023-09-30
688512,慧智微,-0.73,397860630.44,54.2449113995,17.5021,-310021477.23,-11.76733578,-22.6382,4.940654725675,-17.42,-0.417619464381,14.2135535043,半导体,2024-10-31,2023-09-30
688511,天微电子,0.4745,97552247.24,28.313666323,53.8239,37289176.77,25.49,-3.9094,10.447923205,4.6,0.16233539075,63.0339281357,军工电子Ⅱ,2024-10-31,2023-09-30
688499,利元亨,0.13,4235607713.43,44.3233815686,2.8918,16101272.79,-94.32,34.9936,19.661050174058,0.61,-6.62679864754,27.8082753867,电池,2024-10-31,2023-09-30
688489,三未信安,0.3486,236206899.98,37.3484519363,96.8801,39698137.83,33.24,112.3069,16.62317024209,2.1,-0.119858233635,72.6253603322,计算机设备,2024-10-31,2023-09-30
688488,艾迪药业,-0.08,301557240.33,124.9081204331,-50.1928,-32458226.34,57.8419408636,-126.6318,2.801482286819,-2.74,-0.260576078812,47.3857871672,生物制品,2024-10-31,2023-09-30
688484,南芯科技,0.45,1205856104.46,15.3732916707,45.52,180206537.86,-26.72,14.21,8.455380734423,6.6,0.21032598071,42.1954296834,半导体,2024-10-31,2023-09-30
688479,友车科技,0.74,506130574.86,2.0810710239,-22.0118,91995741.0,-11.71,-68.4467,12.99687559823,7.04,0.036286189468,36.4503217615,软件开发,2024-10-31,2023-09-30
688458,美芯晟,0.06,313116893.31,10.5542043552,-6.7381,6000043.83,-79.83,-132.2441,25.719943844644,0.47,-2.285610834271,29.174643276,半导体,2024-10-31,2023-09-30
688456,有研粉材,0.37,2006702479.58,-5.9643960633,11.8119,38165333.3,-0.51,-55.6207,11.0548046448,3.34,-0.451151167374,8.2869815716,金属新材料,2024-10-31,2023-09-30
688455,科捷智能,-0.32,468956599.82,-31.0842908988,-67.204,-58400970.58,-255.6619590891,-39.2305,6.840811958675,-4.55,-0.447827947087,14.062541908,自动化设备,2024-10-31,2023-09-30
688443,智翔金泰,-1.86,139134.4,-69.5940861286,-80.6948,-568243116.32,-26.3417073802,3.7915,8.067950733419,-56.32,-0.759050773672,27.3676243977,生物制品,2024-10-31,2023-09-30
688429,时创能源,0.44,1348803406.62,-20.7724897166,-3.0596,162511291.35,-12.27,-18.4071,5.710670993158,11.0,-0.473983027334,27.365857534,光伏设备,2024-10-31,2023-09-30
688425,铁建重工,0.23,7395467448.36,-5.393637128,-42.7309,1215535698.41,-13.39,-68.7392,3.028882038194,7.73,0.084285371798,32.1186833569,工程机械,2024-10-31,2023-09-30
688418,震有科技,-0.2186,517552082.42,42.3512394811,3.3496,-42093702.35,54.3447802419,105.8246,4.540345361448,-4.68,-0.617991683849,42.4676766969,通信设备,2024-10-31,2023-09-30
688416,恒烁股份,-1.16,218002422.48,-37.6900494917,-16.7127,-96078287.15,-306.0,-61.2631,19.540952965671,-5.84,-1.262960734465,14.3916809378,半导体,2024-10-31,2023-09-30
688401,路维光电,0.56,481766980.2,-1.9622634269,0.9905,108346846.32,27.27,-10.6636,7.356669073558,7.81,0.555702797732,34.8140545374,半导体,2024-10-31,2023-09-30
688396,华润微,0.8001,7529983764.65,-1.3328986315,-6.8283,1056155205.95,-48.66,-29.9969,15.855096853158,5.1559,0.963859345634,33.4195889795,半导体,2024-10-31,2023-09-30
688393,安必平,0.4,354506458.37,-5.2946185993,19.4189,37594415.51,-13.86,89.5012,13.509801948213,3.02,0.034307110833,69.2494450225,医疗器械,2024-10-31,2023-09-30
688391,钜泉科技,0.98,476278707.72,-6.9080510449,0.0573,118229864.7,-20.16,-17.1731,24.382907152658,5.86,-0.436691436063,50.8850052546,半导体,2024-10-31,2023-09-30
688385,复旦微电,0.8,2738037480.09,1.2494982619,-4.5664,650142287.19,-24.33,-23.0401,6.320804712728,13.33,-1.350125015462,64.577314128,半导体,2024-10-31,2023-09-30
688383,新益昌,0.55,824524050.52,-18.0022982247,57.8444,56169658.86,-73.05,184.8123,13.51861627858,4.07,-0.672339880216,34.5581155723,专用设备,2024-10-31,2023-09-30
688371,菲沃泰,-0.1,212164131.97,-26.995734499,50.7386,-33434023.03,-283.9,-11.0954,5.950511632589,-1.68,0.018243339371,44.532390222,电子化学品Ⅱ,2024-10-31,2023-09-30
688369,致远互联,-0.36,705315930.69,9.479127917,-28.2028,-32716893.57,-217.85,-187.0508,12.358434377267,-2.29,-2.588409945449,72.5367676014,软件开发,2024-10-31,2023-09-30
688363,华熙生物,1.07,4221434960.6,-2.290038491,-35.2809,514400873.54,-24.07,-59.9363,14.379489891262,7.52,0.487647557184,73.0735129896,医疗美容,2024-10-31,2023-09-30
688361,中科飞测,0.29,587815988.49,127.9905674341,9.1433,79122653.17,454.1787166503,127.7207,7.340944616688,5.79,0.05256208575,45.6812133283,半导体,2024-10-31,2023-09-30
688358,祥生医疗,1.26,401808573.78,13.452328133,-19.6837,141432208.56,12.61,-50.4342,12.266345938088,10.47,0.423670638836,59.6251551768,医疗器械,2024-10-31,2023-09-30
688350,富淼科技,0.36,1201196172.81,-2.8604833743,3.4805,43673661.9,-50.84,-45.5004,11.755332366943,2.9,0.350173592328,14.9181395984,化学制品,2024-10-31,2023-09-30
688349,三一重能,0.866,7490305000.0,18.0429603956,52.0678,1030590000.0,-1.21,-36.068,9.769833286258,8.95,0.929188281301,16.2417818767,风电设备,2024-10-31,2023-09-30
688348,昱能科技,1.15,968509863.82,4.3794177788,39.6199,180378572.79,-28.65,178.9546,33.4907530075,4.8,-8.317019959732,40.9544539108,光伏设备,2024-10-31,2023-09-30
688339,亿华通,-0.84,293356721.02,-24.8972921882,32.9937,-193048512.35,-104.0591136386,-207.6699,18.58278520962,-6.3,-2.438487236865,37.9140431838,电池,2024-10-31,2023-09-30
688327,云从科技,-0.39,345878940.4,-24.1325751129,54.0354,-403771417.91,31.4944440904,40.0501,1.7392926446,-20.85,-0.262975186066,61.9258370869,IT服务Ⅱ,2024-10-31,2023-09-30
688321,微芯生物,0.2649,348588993.34,3.8477932572,-20.7978,108083351.59,356.05,-125.3001,3.9100736232,6.71,-0.272348045097,89.9938960534,化学制药,2024-10-31,2023-09-30
688316,青云科技,-2.59,256602942.28,10.2025805858,-22.9924,-123392602.14,40.9694203151,-15.0435,4.733250066803,-44.7,-1.723810656877,24.6056269967,IT服务Ⅱ,2024-10-31,2023-09-30
688308,欧科亿,,804660891.43,0.6332672569,9.2624,159572839.61,-15.34,4.0788,16.269690256629,6.29,-0.382628517074,32.5443483409,通用设备,2024-10-31,2023-09-30
688303,大全能源,2.39,12878067902.98,-47.8137336194,-20.4772,5115066876.18,-66.09,-54.5277,20.316902663094,11.25,4.725622021212,45.8776008185,光伏设备,2024-10-31,2023-09-30
688300,联瑞新材,0.67,510853030.37,4.7213964271,16.3779,124833933.0,-4.9,16.8684,6.987714968981,9.9,0.673992156506,39.9292046212,非金属材料Ⅱ,2024-10-31,2023-09-30
688298,东方生物,-0.36,652171856.12,-91.7002815617,20.0236,-72383980.73,-102.37,-225.9038,38.59025815,-0.9,-8.034102694643,37.135339412,医疗器械,2024-10-31,2023-09-30
688297,中无人机,0.36,1317973597.23,-39.1484559442,-82.7586,242870214.46,-32.3,-80.4641,8.565878135526,4.18,0.2944891444,29.8007181749,航空装备Ⅱ,2024-10-31,2023-09-30
688296,和达科技,-0.16,201498841.56,-39.6288189386,-2.6947,-17295830.86,-136.75,-668.1837,6.616318716294,-2.37,-0.623452834613,33.4838695437,软件开发,2024-10-31,2023-09-30
688293,奥浦迈,0.38,171689490.68,-23.0461211423,-5.417,43182798.06,-48.03,-61.3209,18.796586066989,1.98,0.296307217603,58.8285529126,生物制品,2024-10-31,2023-09-30
688286,敏芯股份,-1.55,259073134.57,18.8189188295,14.6788,-82322122.85,-331.9083972964,12.2544,17.743154955772,-8.32,-0.421090166608,14.4148224678,半导体,2024-10-31,2023-09-30
688275,万润新能,-7.52,10001237791.24,34.4221971023,57.7528,-948653810.94,-219.76,86.3651,58.073611740733,-11.9,-12.07090379384,1.2278006243,电池,2024-10-31,2023-09-30
688271,联影医疗,1.29,7432439187.03,26.8643945005,-29.3408,1064287220.09,18.41,-79.1964,21.83229627218,5.92,-1.021751476733,48.6673390116,医疗器械,2024-10-31,2023-09-30
688265,南模生物,-0.19,267990100.5,24.3889015734,-6.6926,-14611743.83,-19363.7618681809,-203.3556,22.515634705558,-0.83,-0.307820972485,42.3814904499,医疗服务,2024-10-31,2023-09-30
688257,新锐股份,0.7035,1158654271.47,31.7620496234,-6.4108,127307197.74,15.73,-11.0176,16.190696448507,6.1,-0.206868961361,32.8694966995,通用设备,2024-10-31,2023-09-30
688256,寒武纪,-1.97,145810791.32,-44.844838953,-20.003,-807734092.59,14.505443254,9.2792,13.943063149826,-14.91,-1.258084080337,69.8390035731,半导体,2024-10-31,2023-09-30
688239,航宇科技,1.17,1711308986.41,72.7535313559,-15.0733,167006661.13,24.47,-21.3615,10.999626266642,11.51,-0.287321141016,27.5608752823,航空装备Ⅱ,2024-10-31,2023-09-30
688237,超卓航科,0.39,178548495.03,66.7858419047,15.2866,34624370.61,-28.76,19.1916,14.850521119477,2.65,0.079671387921,37.2753776887,航空装备Ⅱ,2024-10-31,2023-09-30
688236,春立医疗,0.47,792155559.31,4.2358898569,-14.5755,180622954.88,-13.87,-22.3166,7.248420540529,6.52,0.035845378283,70.6659891622,医疗器械,2024-10-31,2023-09-30
688227,品高股份,-0.39,195832472.87,3.8273464863,-1.3861,-44207572.68,-188.458435073,-75.9709,12.209575235565,-3.12,-1.309049011557,35.5571383078,IT服务Ⅱ,2024-10-31,2023-09-30
688225,亚信安全,-0.5341,991856235.62,-3.5867847667,31.0751,-211225568.24,-26.8805420416,47.8502,5.477492083523,-8.57,-1.522917965426,52.0047987305,软件开发,2024-10-31,2023-09-30
688223,晶科能源,0.64,85096642123.23,61.2542382618,3.2835,6354264293.5,279.14,14.9475,3.21425574502,20.89,1.110313136239,14.8595702993,光伏设备,2024-10-31,2023-09-30
688221,前沿生物,-0.65,72218787.01,25.2531133519,-2.4647,-242466343.1,-7.0450142733,28.7486,3.815435518825,-15.64,-0.559657444975,19.7983804104,化学制药,2024-10-31,2023-09-30
688218,江苏北人,0.32,528657399.28,89.9293636744,-54.1656,37822601.59,1069.1947889053,-78.4265,7.581997806897,4.28,-0.646798151496,23.2020896515,自动化设备,2024-10-31,2023-09-30
688211,中科微至,-0.15,975861890.39,-8.6025149652,-60.9457,-18978449.28,-201.22,-380.1871,27.011901519153,-0.53,3.960934720971,21.8191191004,专用设备,2024-10-31,2023-09-30
688210,统联精密,0.15,367909719.24,2.8623055379,14.7119,23208293.14,-65.31,-1.2932,7.641876823313,1.91,0.412410210246,34.9765932022,消费电子,2024-10-31,2023-09-30
688202,美迪西,0.93,1183189967.59,-4.6041622595,-26.1477,114900869.11,-58.68,-179.3502,19.854350756701,6.53,-0.065190430025,31.5631912212,医疗服务,2024-10-31,2023-09-30
688192,迪哲医药,-2.03,40102400.0,,,-828949591.21,-62.5081574457,-14.5482,2.651647562496,-58.35,-1.639422589639,95.7320352647,化学制药,2024-10-31,2023-09-30
688190,云路股份,1.99,1302868195.09,26.5058674928,-1.828,238244131.51,57.48,-18.6265,18.23628679675,11.3,1.25022097375,29.9436264344,金属新材料,2024-10-31,2023-09-30
688187,时代电气,1.45,14095305878.0,29.6048771477,0.735,2053097956.0,31.39,25.0137,25.329069833621,5.81,-0.165117741261,28.4310233257,轨交设备Ⅱ,2024-10-31,2023-09-30
688186,广大特材,0.51,2955495642.47,22.7850177049,-24.1608,109697355.03,36.75,82.5362,15.310790464286,3.15,-2.143632130769,16.3015479751,特钢Ⅱ,2024-10-31,2023-09-30
688184,ST帕瓦,0.12,770881926.35,-41.2234696987,43.5656,19657299.84,-81.08,-59.216,19.214750452073,0.63,0.832616150729,10.0831962825,电池,2024-10-31,2023-09-30
688179,阿拉丁,0.2,282776506.57,6.4516859438,-1.5995,54686877.69,-16.56,73.9998,4.815255480592,5.51,-0.029061459055,59.5725427806,化学制品,2024-10-31,2023-09-30
688178,万德斯,0.24,607467063.43,2.0409843046,9.0502,20234281.28,-60.95,383.3707,14.332518638055,1.65,-1.419974783493,19.6928187538,环境治理,2024-10-31,2023-09-30
688173,希荻微,0.04,261193823.08,-44.2900298071,61.409,16133606.0,-37.95,-76.6845,4.649770345424,0.87,-0.593998264409,40.1981839011,半导体,2024-10-31,2023-09-30
688172,燕东微,0.29,1524073224.52,-12.2454038068,-22.7832,347908470.3,-20.55,-54.9501,12.304454489415,2.4,0.10925630938,34.4654969183,半导体,2024-10-31,2023-09-30
688171,纬德信息,0.18,83074068.33,4.5638453034,4.9878,14892516.31,-39.08,42.7557,9.946542590846,1.79,0.13663252357,34.149676524,软件开发,2024-10-31,2023-09-30
688169,石头科技,7.41,5688620887.0,29.5078005178,4.5791,1360366664.0,59.1,16.0289,81.253063730235,13.35,13.16491020857,53.4801293571,小家电,2024-10-31,2023-09-30
688165,埃夫特,-0.1,1425818993.6,44.4507194461,5.706,-54368471.6,40.0974144215,122.2976,3.319464386351,-3.12,-0.371634304209,15.8993776102,自动化设备,2024-10-31,2023-09-30
688161,威高骨科,0.31,1082526944.91,-29.9900030795,-33.3158,122008305.5,-74.82,-41.816,9.8293839015,2.45,0.233027969125,68.1144810286,医疗器械,2024-10-31,2023-09-30
688155,先惠技术,0.24,1768828157.79,56.8328434602,-1.9774,25779479.22,192.0424544479,277.8812,15.195474339239,2.24,-1.397691068183,24.4367788802,电池,2024-10-31,2023-09-30
688151,华强科技,0.09,362913482.38,-19.1965037128,-4.6173,29740241.1,-70.1,-87.3595,12.183976819565,0.71,-0.349827182612,14.8462337378,医疗器械,2024-10-31,2023-09-30
688146,中船特气,0.5,1198970076.75,-17.4358686766,0.0391,249035358.05,-9.26,-11.3208,9.876535816691,6.27,0.567499955899,36.2962879874,半导体,2024-10-31,2023-09-30
688141,杰华特,-0.81,1004526471.01,-3.4193434453,2.1821,-363942149.28,-433.58,-29.5162,6.334510774235,-12.28,-0.417600196831,28.738707853,半导体,2024-10-31,2023-09-30
688138,清溢光电,0.35,667766245.92,21.967214864,6.7986,94631836.62,36.87,21.5996,5.038946624063,7.12,0.539658109895,26.5113894752,半导体,2024-10-31,2023-09-30
688135,利扬芯片,0.15,375693687.84,11.5274121046,-5.3135,29011717.22,13.06,-47.658,5.647187260901,2.6,0.641532856386,31.7710203827,半导体,2024-10-31,2023-09-30
688133,泰坦科技,0.61,2053865559.71,5.5901141057,7.8295,71881268.15,-25.58,-15.4961,23.894730361812,2.61,-1.956594981636,23.4325824972,化学制品,2024-10-31,2023-09-30
688126,沪硅产业,0.078,2390165982.9,-7.935042417,5.9041,212542954.7,68.76,-69.5432,5.403056782399,1.46,-0.063880951518,18.8161745443,半导体,2024-10-31,2023-09-30
688122,西部超导,0.9,3088096171.41,-5.465915259,-17.9392,582560584.5,-32.13,-24.1335,9.468231991489,9.64,-0.338546036217,33.1993316948,航空装备Ⅱ,2024-10-31,2023-09-30
688121,*ST卓然,0.29,1745919946.91,0.9806054268,-70.5355,57819830.16,-13.36,-101.1769,10.109320714541,2.82,-2.774070806079,19.1282730472,专用设备,2024-10-31,2023-09-30
688114,华大智造,-0.48,2203817662.21,-33.0090975324,-7.7738,-197775667.6,-109.78,-292.6033,22.057419508971,-2.12,-2.145177210906,59.7476305304,医疗器械,2024-10-31,2023-09-30
688113,联测科技,0.98,344978845.92,33.9605047573,-42.461,62721365.82,-4.1,-62.5624,13.248883997645,7.77,0.274798638776,38.7451777524,专用设备,2024-10-31,2023-09-30
688112,鼎阳科技,0.75,349410078.23,30.7614313117,-13.6901,119021356.94,18.4,-25.0781,9.600897196438,7.83,0.175892555264,61.6209498766,通用设备,2024-10-31,2023-09-30
688105,诺唯赞,-0.19,869295118.0,-62.2866907128,10.9416,-76389143.13,-110.19,115.4393,10.042614688208,-1.67,-0.046486293868,70.9311353098,生物制品,2024-10-31,2023-09-30
688098,申联生物,0.09,239426012.53,-16.4554847553,182.2788,37124297.77,-48.7,558.1299,3.65878780345,2.59,-0.133145406557,72.1041272733,动物保健Ⅱ,2024-10-31,2023-09-30
688097,博众精工,0.516,3244767422.75,6.5698403057,116.1523,229496259.17,40.09,263.6789,8.878630331084,5.92,-0.738431176545,33.1378005915,自动化设备,2024-10-31,2023-09-30
688096,京源环保,0.13,299366665.97,-6.5742462806,5.0767,19604054.57,-39.7,31.8933,5.399609916535,2.28,-0.50714538832,32.4752996513,环境治理,2024-10-31,2023-09-30
688092,爱科科技,0.64,257741015.74,21.342396208,-4.5187,52204400.16,26.65,4.4423,9.703960322355,9.39,0.551661512116,43.6252066506,专用设备,2024-10-31,2023-09-30
688087,英科再生,0.83,1824519420.95,15.5769648166,11.7927,155769989.97,-25.87,-65.3215,11.754714416218,7.24,0.98727169478,25.7078963975,家居用品,2024-10-31,2023-09-30
688082,盛美上海,1.55,2749795700.9,39.0114284905,14.6847,672623050.06,52.57,-24.417,14.120106917943,11.45,-0.591589693096,53.1579226563,半导体,2024-10-31,2023-09-30
688081,兴图新科,-0.39,73951120.11,16.7255364005,12.7023,-40489258.05,-2.2462511747,14.0759,5.42260978028,-7.02,-0.333297419934,60.4074773628,军工电子Ⅱ,2024-10-31,2023-09-30
688075,安旭生物,1.47,316140350.49,-94.8398850447,34.8245,186839773.09,-94.03,-82.6945,40.568938925451,2.66,-5.385363552528,49.853666084,医疗器械,2024-10-31,2023-09-30
688071,华依科技,0.08,242187301.4,3.8675504206,69.1799,6183117.59,-75.98,159.121,12.573945687595,0.76,-0.597077233676,43.4405665086,专用设备,2024-10-31,2023-09-30
688070,纵横股份,-0.27,180055567.55,-3.1883342334,-16.5471,-23646104.01,-198.31,-149.885,7.380475216602,-3.59,-0.960397875999,49.7432899181,航空装备Ⅱ,2024-10-31,2023-09-30
688068,热景生物,0.61,406916772.66,-86.4774828847,-3.9956,54381071.28,-95.06,-217.3967,36.859523172229,1.62,-3.807848486778,64.09780902,医疗器械,2024-10-31,2023-09-30
688065,凯赛生物,0.54,1565490018.66,-14.8135676705,1.9193,313885180.71,-35.44,-60.943,19.091867703045,2.83,0.908967529647,28.4766388879,化学制品,2024-10-31,2023-09-30
688062,迈威生物,-1.68,99511384.04,387.2246856436,-88.8853,-673286515.5,2.7635507161,-50.6565,7.313714634885,-20.92,-1.407554701051,99.5938813193,化学制药,2024-10-31,2023-09-30
688060,云涌科技,0.0707,155754538.0,15.4566076054,-7.7145,4254496.1,-54.54,-197.9579,16.229321044012,0.4377,-0.837737730725,40.4820093396,计算机设备,2024-10-31,2023-09-30
688059,华锐精密,1.71,587552377.07,46.0721795987,11.4594,105643306.55,-1.28,13.1167,17.598303608067,9.2,-0.090623628276,44.0990628465,通用设备,2024-10-31,2023-09-30
688057,金达莱,0.3904,370004072.85,-22.9865669765,30.2405,107751336.5,-37.9,82.1696,11.143505559819,3.4,0.420687045072,65.9074190945,环境治理,2024-10-31,2023-09-30
688051,佳华科技,-1.16,216967192.11,-0.6381814675,13.4402,-89654375.41,-10.0423755011,5.4916,12.158263564797,-9.11,-1.617425786717,20.680364489,IT服务Ⅱ,2024-10-31,2023-09-30
688048,长光华芯,-0.1269,219347674.35,-30.9051300626,49.1439,-22365773.53,-123.57,3.1546,17.998233475887,-0.7,0.300552187437,31.7370682485,半导体,2024-10-31,2023-09-30
688046,药康生物,0.29,454564476.69,17.6770342707,2.0187,117714006.94,-8.13,-13.6994,5.080225874707,5.78,0.090613373683,69.1366697654,医疗服务,2024-10-31,2023-09-30
688032,禾迈股份,3.35,1408011863.58,50.4072516732,-29.2063,415439494.24,14.73,-61.106,76.968373695802,6.4,-0.268578072674,42.627380781,光伏设备,2024-10-31,2023-09-30
688022,ST瀚川,0.1,1204234954.29,70.2056348548,-7.8145,17437411.13,-76.67,-131.5784,11.085110475218,1.04,-2.201779727507,22.2172361794,专用设备,2024-10-31,2023-09-30
688015,交控科技,0.24,1197467237.9,-18.3949235484,-3.5986,45372466.34,-67.77,-34.9146,12.971407438126,1.86,-0.830696749539,33.8605469558,轨交设备Ⅱ,2024-10-31,2023-09-30
688008,澜起科技,0.21,1525166613.42,-47.0580288912,17.6076,233757367.54,-76.6,144.4698,8.892447524198,2.3,0.318375394628,59.6437854636,半导体,2024-10-31,2023-09-30
688006,杭可科技,1.19,3308614306.0,19.5157035839,1.4784,713747206.67,87.96,-10.2623,8.478606456821,15.66,0.789468585061,39.4263575381,电池,2024-10-31,2023-09-30
688003,天准科技,0.2145,878743074.38,9.461020846,10.2112,41053531.21,38.25,-2.3875,9.022049384547,2.41,0.650622378234,40.4369615704,自动化设备,2024-10-31,2023-09-30
688001,华兴源创,0.43,1337541009.2,-19.8362160509,-14.4845,190866647.79,-37.37,-41.7516,8.603623287401,4.89,0.058091639008,56.0076381843,通用设备,2024-10-31,2023-09-30
605598,上海港湾,0.6,901083958.75,51.9701915218,-8.0909,144158317.65,4.46,-50.92,6.97260103773,8.8,0.570556984463,33.1997626842,专业工程,2024-10-31,2023-09-30
605399,晨光新材,0.24,872206010.22,-44.4035560707,8.6952,76268910.74,-86.36,-83.5994,6.973730326877,3.46,0.531885798721,13.4527574902,化学制品,2024-10-31,2023-09-30
605389,长龄液压,0.56,575724664.89,-11.6862211337,-11.7223,76942423.61,-18.55,-23.9487,14.473232231178,4.06,0.841201600949,23.7124348452,工程机械,2024-10-31,2023-09-30
605366,宏柏新材,0.08,1026593644.76,-23.7999529148,7.1774,51559762.29,-83.8,-11.4837,3.218977996393,2.6,0.24082216467,15.4410223061,化学制品,2024-10-31,2023-09-30
605336,*ST帅电,0.76,623438882.54,-12.0899789837,-39.4121,139247541.51,-8.33,-65.4707,10.489227276633,7.0,0.835275265225,47.7910172407,厨卫电器,2024-10-31,2023-09-30
605303,园林股份,-0.64,454794696.33,21.6475982242,-35.1298,-103339827.99,1.9655144224,-11.2618,7.929591612078,-7.77,-1.54823828742,14.7941700624,基础建设,2024-10-31,2023-09-30
605288,凯迪股份,1.26,898388805.43,1.6607863956,5.5577,88529332.04,100.51,26.7462,30.629823384442,4.18,2.482547020102,27.0564680627,自动化设备,2024-10-31,2023-09-30
605287,德才股份,1.05,3926408406.74,16.2160019737,-16.9382,146786325.85,6.12,-34.5875,13.273342597143,8.19,0.105528229286,12.999836906,装修装饰Ⅱ,2024-10-31,2023-09-30
605277,新亚电子,0.42,2206972888.98,108.0225801896,-19.386,109701006.36,-6.64,-45.2699,4.920580690264,8.6,1.212172282544,17.0620271975,消费电子,2024-10-31,2023-09-30
605255,天普股份,0.17,255724321.27,10.7358343284,15.8642,23292314.3,2.93,-13.7813,6.233164159606,2.74,0.278018537291,35.7768874136,汽车零部件,2024-10-31,2023-09-30
605198,安德利,0.6,668654575.33,-17.5029465783,-37.6056,214294459.02,18.15,-50.101,7.056734271149,8.65,1.11367274132,33.275936775,农产品加工,2024-10-31,2023-09-30
605186,健麾信息,0.54,241228692.12,-12.3944067369,-44.3267,74047076.45,-13.56,-60.2461,7.843923056544,7.15,-0.448256639412,47.6025343589,自动化设备,2024-10-31,2023-09-30
605177,东亚药业,0.75,1004493194.33,17.5515916274,8.4863,85562429.83,40.11,-1.4004,16.5047883125,4.58,-0.86147001294,26.1290688241,化学制药,2024-10-31,2023-09-30
605168,三人行,2.74,3885529394.72,8.8800031988,34.0391,319525293.03,5.76,34.1647,18.428720879066,12.0,-3.728723681966,18.4824491411,广告营销,2024-10-31,2023-09-30
605155,西大门,0.4,451424395.9,23.2877981321,11.5594,75847457.59,15.9,-12.8803,8.774246902604,6.5,0.438650366286,38.6891671554,家居用品,2024-10-31,2023-09-30
605100,华丰股份,0.35,1007577748.62,86.9115843195,-11.1261,59277541.43,159.05,-5.4442,10.739833880081,3.3,-0.072537452687,15.9028502981,通用设备,2024-10-31,2023-09-30
605099,共创草坪,0.88,1916274283.12,-1.8518351985,-9.1925,352241654.89,-0.48,-5.1932,6.04475264303,15.05,0.56598722145,31.2620637007,家居用品,2024-10-31,2023-09-30
605055,迎丰股份,0.06,1105307161.14,8.8569751873,-4.3862,25796419.11,325.4,-13.7962,2.578173770205,2.3,0.436844975591,15.9221559226,纺织制造,2024-10-31,2023-09-30
605050,福然德,0.6,6964767329.57,-7.649274742,10.1228,294147414.53,38.37,23.0146,8.293505515839,7.32,-1.304550829733,6.5736465839,物流,2024-10-31,2023-09-30
605016,百龙创园,0.57,653792099.94,18.7924635326,10.4246,141339479.77,19.79,7.6886,5.85898327271,9.98,0.579045447274,33.8959744115,化学制品,2024-10-31,2023-09-30
605008,长鸿高科,0.16,1104419936.67,-45.926229502,42.2972,102249678.37,-44.9,189.3105,3.272164547844,4.97,0.319344599772,12.6427235089,塑料,2024-10-31,2023-09-30
603997,继峰股份,0.14,15939017660.14,22.2810088225,3.3456,154175574.24,300.1518445226,220.0635,3.411282322175,4.23,0.863387653225,14.5132418619,汽车零部件,2024-10-31,2023-09-30
603990,麦迪科技,-0.3,350053444.94,70.0938618664,138.1423,-92062554.97,-628.92,27.0932,4.141354408421,-7.02,-1.030375895009,49.2393607781,软件开发,2024-10-31,2023-09-30
603989,艾华集团,0.8066,2574984453.01,-1.516350384,18.5998,323298372.84,-4.95,22.7638,8.628945635825,9.31,0.42953758944,25.6445994661,元件,2024-10-31,2023-09-30
603988,中电电机,0.04,527972017.92,-5.1150466647,2.7753,10515806.62,-67.13,-72.0733,2.692633710927,2.06,-0.002957716752,23.0551756568,电机Ⅱ,2024-10-31,2023-09-30
603968,醋化股份,0.3103,2425293050.06,-12.7709652848,-1.1591,65787113.71,-79.63,-158.4426,9.686146413109,3.15,0.089902569524,12.9277507583,化学制品,2024-10-31,2023-09-30
603959,ST百利,0.03,1488209058.77,-19.5123997508,21.1031,14319845.18,-86.31,-1739.6507,1.372848409384,2.15,-0.586496086861,11.6979902141,专业工程,2024-10-31,2023-09-30
603955,大千生态,0.1204,92529375.86,-50.9671842359,-18.2067,16342231.93,74.43,-94.435,12.054172323165,1.004,-0.008240301135,3.9129891198,基础建设,2024-10-31,2023-09-30
603950,长源东谷,0.62,1060955781.14,30.2212947421,4.8113,199414972.92,121.55,7.5965,7.565030139839,8.48,0.558551587507,25.7292287428,汽车零部件,2024-10-31,2023-09-30
603939,益丰药房,0.83,15888047446.63,19.0326524245,-4.761,999183766.34,21.32,-20.2471,9.293945374155,11.17,2.852559723573,39.5484767134,医药商业,2024-10-31,2023-09-30
603936,博敏电子,0.1,2280967214.65,2.4855960256,-10.4672,56660709.1,-56.4,-130.1585,8.156480408067,1.21,0.385431694022,12.8752509705,元件,2024-10-31,2023-09-30
603929,亚翔集成,1.07,1815701677.79,0.3714760984,45.3238,228531847.21,242.29,271.4322,6.316564683352,18.27,4.102555792932,15.6281840206,专业工程,2024-10-31,2023-09-30
603908,牧高笛,1.65,1155256067.16,-0.2265454301,-42.8727,110021354.27,-15.55,-80.9002,8.462043761583,19.87,3.671221440696,28.3092330338,服装家纺,2024-10-31,2023-09-30
603906,龙蟠科技,-1.35,6492432495.3,-34.6760713856,54.761,-726670453.95,-202.61,83.1818,7.016378161653,-16.68,-0.822803275563,0.9794523302,电池,2024-10-31,2023-09-30
603903,中持股份,0.34,874085589.74,3.0882552917,-38.5712,87081195.44,18.9,-32.0055,6.658014112437,5.13,-0.247451591003,34.5543864291,环境治理,2024-10-31,2023-09-30
603900,莱绅通灵,-0.06,566455019.44,-26.8967030444,-21.3867,-19282350.19,-408.21,-158.7533,6.344181885837,-0.88,-0.039750143673,56.6363582932,饰品,2024-10-31,2023-09-30
603898,好莱客,0.57,1626937227.42,-23.3112238196,4.7421,178158640.48,-53.2,29.2439,9.338669660507,5.82,0.978621016372,36.4704098376,家居用品,2024-10-31,2023-09-30
603897,长城科技,0.53,8195428950.55,9.7013454222,11.5233,109177135.86,15.09,47.2783,12.92797084226,3.95,0.387296840317,3.5280274382,电网设备,2024-10-31,2023-09-30
603885,吉祥航空,0.52,15879775089.07,144.7540318611,33.9452,1154127456.28,139.0354470442,1142.7131,4.287915648767,11.85,2.531228238554,19.3987979856,航空机场,2024-10-31,2023-09-30
603882,金域医学,1.23,6309622119.42,-48.3153091213,-8.6645,576017188.29,-76.47,115.317,18.137909773081,6.64,1.086683157567,37.4409500364,医疗服务,2024-10-31,2023-09-30
603880,南卫股份,0.025,470309499.48,19.6446859906,-7.3352,7262613.08,17.87,-165.7686,2.133258605209,1.17,-0.383621350718,15.3167818128,医疗器械,2024-10-31,2023-09-30
603876,鼎胜新材,0.53,14237680471.02,-14.4648588058,6.5617,468124549.02,-54.69,-39.856,7.155274632268,7.36,0.944698141904,11.9996847318,工业金属,2024-10-31,2023-09-30
603868,飞科电器,1.9,3994025242.18,7.5365343083,1.6009,827026449.34,11.45,-24.0535,7.768889081543,23.94,2.83075803742,57.2773629065,小家电,2024-10-31,2023-09-30
603863,松炀资源,-0.85,457649501.35,-35.6673659228,-14.7592,-173044552.16,39.23,-96.7324,3.534848735304,-21.37,-0.210524604495,-17.5887311474,造纸,2024-10-31,2023-09-30
603860,中公高科,0.18,108045257.67,24.2385566098,30.8818,11860557.88,225.16,1830.9665,10.950674880174,1.62,-0.533224395771,49.8987438714,工程咨询服务Ⅱ,2024-10-31,2023-09-30
603829,洛凯股份,0.49,1437101177.5,22.2847148117,-5.7967,77677347.71,72.38,-8.0721,5.691071420813,8.79,0.124515987437,24.119888213,电网设备,2024-10-31,2023-09-30
603828,*ST利达,0.03,1698217654.38,3.0184389764,2.2785,15586807.75,232.87,-50.9306,1.474188313894,0.38,-0.083636794072,12.695862242,装修装饰Ⅱ,2024-10-31,2023-09-30
603825,ST华扬,-0.47,4381196403.86,-26.6400020889,21.5714,-120072609.89,-289.85,-39.695,5.687907447797,-8.0,2.496568641465,12.6326559858,广告营销,2024-10-31,2023-09-30
603822,ST嘉澳,0.4779,2184826498.19,-5.9935394845,-33.4506,36993988.63,2.22,-100.4872,13.978602006567,3.47,5.347510864156,7.1234529762,化学制品,2024-10-31,2023-09-30
603818,曲美家居,-0.35,2931652634.21,-21.8316168488,0.4412,-205898372.58,-228.43,18.2801,3.32995009146,-9.94,0.9057701188,31.4429482202,家居用品,2024-10-31,2023-09-30
603806,福斯特,0.55,16649610494.16,22.908477922,5.7995,1430935379.0,-6.68,4.9887,7.840217898459,9.81,-1.228121969859,14.0657231544,光伏设备,2024-10-31,2023-09-30
603800,洪田股份,0.2929,1519939154.95,4.111402869,-31.013,60740474.13,-3.93,-64.5401,3.239158941731,6.24,-0.815727099231,21.85017856,专用设备,2024-10-31,2023-09-30
603798,康普顿,0.19,901289604.36,52.1543925896,-2.72,48110729.31,24.18,309.8825,4.408213333689,4.29,-0.031930454302,19.7166425076,炼化及贸易,2024-10-31,2023-09-30
603797,联泰环保,0.34,1027236068.14,-6.3540273058,-7.8716,195113954.37,-14.67,19.4301,5.011843976362,6.69,0.117341354023,48.0554935307,环境治理,2024-10-31,2023-09-30
603790,雅运股份,0.29,592849119.7,-5.2124689948,1.7821,55040043.26,-6.22,23.8115,6.394014515259,4.56,0.387192785692,29.5301035209,化学制品,2024-10-31,2023-09-30
603768,常青股份,0.57,2330232946.53,-2.0649697882,6.2031,115377766.98,53.12,-32.6322,9.711814790735,5.97,-0.509509187843,16.126997448,汽车零部件,2024-10-31,2023-09-30
603737,三棵树,1.05,9410359408.18,18.4163422725,-0.2241,554542861.06,84.44,-14.1347,5.363582845982,21.74,1.134413525132,31.3305658967,装修建材,2024-10-31,2023-09-30
603730,岱美股份,0.33,4408508753.41,21.0175078501,1.4845,539164043.03,10.89,8.3418,3.417676637243,12.44,0.137748527593,27.9600424086,汽车零部件,2024-10-31,2023-09-30
603722,阿科力,0.24,413523872.47,-28.3911842027,-1.1264,21409846.88,-79.48,-47.2448,8.6302591428,2.82,0.622424349453,15.1822557486,化学制品,2024-10-31,2023-09-30
603718,*ST海利,,194603133.9,-28.5597595661,58.8634,74698546.73,86.47,-110.429,1.838429148587,6.5,-0.089195565823,50.8541480585,医疗器械,2024-10-31,2023-09-30
603717,天域生物,-0.3972,593236623.2,-8.0329449722,-34.0221,-115266002.07,-446.32,44.5732,3.532950419761,-11.245,-0.770927364284,-5.4670038905,基础建设,2024-10-31,2023-09-30
603711,香飘飘,0.01,1978629254.68,29.3063505473,64.416,3483902.63,104.6428455032,195.2646,7.462076510435,0.11,-0.036237565521,32.236056752,饮料乳品,2024-10-31,2023-09-30
603707,健友股份,0.52,3141918005.97,10.2041211957,-15.8659,839306722.6,-7.47,-26.4802,4.194443163856,12.73,0.724458533781,49.3982168093,化学制药,2024-10-31,2023-09-30
603690,至纯科技,0.564,2198646768.1,14.1859637904,3.3517,196080244.09,20.54,89.548,12.106402802126,4.28,-1.361590062748,35.0104647708,半导体,2024-10-31,2023-09-30
603686,福龙马,0.45,3761717739.66,0.8861293542,6.2047,186302180.98,-10.37,0.342,7.866363140827,5.75,0.923325207514,23.0644199774,环境治理,2024-10-31,2023-09-30
603682,锦和商管,0.2,767571102.29,9.8886968853,7.3499,95481009.31,9.65,-83.9208,2.362313757693,8.23,1.087616258116,29.4642944016,一般零售,2024-10-31,2023-09-30
603666,亿嘉和,-0.43,383060310.45,-35.1622028671,-19.3465,-86505165.48,-562.49,30.5049,11.141791806712,-3.68,-0.008114463357,34.3775298504,自动化设备,2024-10-31,2023-09-30
603665,康隆达,-0.19,1315128604.41,47.1699486703,88.396,-30476340.92,-123.98,171.1916,8.245429687815,-2.25,0.991417271412,17.723461694,服装家纺,2024-10-31,2023-09-30
603638,艾迪精密,0.25,1610517420.21,10.8326851814,-9.466,212091341.32,31.99,-43.5094,3.693304633029,6.55,-0.017604860273,32.0833216106,工程机械,2024-10-31,2023-09-30
603636,南威软件,-0.119,697925692.51,14.7782087116,-22.5587,-69173864.39,-101.2,-760.9905,4.354121900763,-2.62,-0.611247458905,35.013958555,IT服务Ⅱ,2024-10-31,2023-09-30
603630,拉芳家化,0.34,616273362.44,-1.456428139,37.2769,75919417.44,22.17,19.6378,8.794897663493,3.87,0.602526678587,46.7706257007,化妆品,2024-10-31,2023-09-30
603629,利通电子,0.12,1442333064.98,12.8917175003,-13.5416,30627680.15,-42.57,-72.7621,6.370006675706,1.87,1.504610622606,14.3407348124,消费电子,2024-10-31,2023-09-30
603628,清源股份,0.5294,1283899630.36,26.017880891,-15.6916,144937861.45,112.2,-34.7262,4.462001888897,12.45,0.078934217969,26.5595784255,光伏设备,2024-10-31,2023-09-30
603619,中曼石油,1.5,2855015148.22,28.8301148623,13.3284,593409731.46,85.65,9.8274,7.358987332003,22.55,2.042092092552,46.7105026788,油服工程,2024-10-31,2023-09-30
603616,韩建河山,-0.154,317295164.57,9.0218296426,7.5224,-59073111.3,32.66,-16.5601,1.719283923331,-8.35,-0.126434184602,12.9399332939,水泥,2024-10-31,2023-09-30
603611,诺力股份,1.39,5337627986.93,14.0474982337,19.5853,359129473.56,23.28,16.5313,9.977300815431,14.65,0.359594002722,21.2338104279,工程机械,2024-10-31,2023-09-30
603608,天创时尚,-0.05,944569638.0,-8.0298753532,-15.0893,-18939250.0,65.35,-1978.719,2.897463424024,-1.42,0.145386675537,62.5343136426,服装家纺,2024-10-31,2023-09-30
603598,引力传媒,0.131,3451465965.8,11.2917789493,-11.9887,35206864.31,35.33,-86.3825,0.675022434798,21.59,-0.941283324641,5.5011996813,广告营销,2024-10-31,2023-09-30
603580,艾艾精工,0.0289,117429425.27,-17.6024914981,16.8536,3780496.56,25.23,-3.7522,3.374222213889,0.86,0.174632469244,39.0023375442,塑料,2024-10-31,2023-09-30
603578,三星新材,0.68,734229609.31,20.2685597385,-65.9684,120221024.18,28.93,-80.0499,5.819300008829,11.94,0.381720576107,24.5253493385,家电零部件Ⅱ,2024-10-31,2023-09-30
603577,汇金通,0.0956,2814661840.5,4.8154880106,18.6984,32438195.71,-26.12,-64.5496,5.181107746261,1.83,0.096617910409,11.7018553814,电网设备,2024-10-31,2023-09-30
603565,中谷物流,0.57,9289485211.33,-14.7573346143,1.3867,1192036409.67,-45.71,8.212,4.857436880857,12.19,0.7842284834,14.0504302589,航运港口,2024-10-31,2023-09-30
603557,*ST起步,-0.57,212942119.85,-36.0845531334,2.2409,-282446121.17,-64.9616045667,38.1557,0.736931780957,-47.38,-0.063863858303,31.2496097892,服装家纺,2024-10-31,2023-09-30
603533,掌阅科技,0.08,1963392721.18,5.3856610719,3.9061,35487060.83,-7.31,-108.7442,5.805043316113,1.37,0.304524146956,75.1849699974,数字媒体,2024-10-31,2023-09-30
603520,司太立,0.11,1630901795.41,18.4322518195,5.609,39317510.9,101.17,-84.2787,5.132503223593,2.23,0.15040872036,24.3167918317,化学制药,2024-10-31,2023-09-30
603507,振江股份,0.89,2716789613.29,35.7483091774,-4.3757,126532344.3,110.86,56.0867,16.580980001793,5.5,0.844489680748,21.2994101534,风电设备,2024-10-31,2023-09-30
603500,祥和实业,0.16,448258656.73,7.9538009783,28.4262,54051434.41,7.58,24.1647,3.836192995541,5.82,-0.019580360178,29.9537353343,轨交设备Ⅱ,2024-10-31,2023-09-30
603489,八方股份,0.51,1348651590.28,-43.3195309508,-5.273,120514623.35,-74.59,-72.1177,16.298137131519,4.29,2.863321595452,27.3334870034,电机Ⅱ,2024-10-31,2023-09-30
603488,展鹏科技,0.19,359165628.64,2.8174541395,-15.803,56383328.66,29.35,-27.9166,3.365823860877,5.68,0.014002055136,24.5620913376,专用设备,2024-10-31,2023-09-30
603477,巨星农牧,-0.68,3005862559.21,19.4736612536,-4.4371,-342768127.02,-254.0828912018,103.8904,6.02450662442,-9.81,-0.166332932225,-0.4946788962,养殖业,2024-10-31,2023-09-30
603458,勘设股份,0.25,1288404971.56,-10.241305839,-45.9532,76634461.73,-42.1,-83.1635,10.769146753819,2.27,0.331217103864,28.9623403081,工程咨询服务Ⅱ,2024-10-31,2023-09-30
603416,信捷电气,1.1,1081484308.89,7.5632493504,-7.0003,154631266.2,-15.43,-19.6629,14.87523691292,7.63,0.760297686184,33.6637739445,自动化设备,2024-10-31,2023-09-30
603399,永杉锂业,-0.38,6211043726.54,62.4145070369,3.706,-195820361.53,-233.49,-708.1257,3.868352773873,-9.2,1.574053925767,3.70652679,能源金属,2024-10-31,2023-09-30
603381,永臻股份,1.4192,3899144108.11,-1.2823001323,8.7157,252538937.11,52.4408120492,-23.222,,,,11.1952567527,光伏设备,2024-10-31,2023-09-30
603378,*ST亚士,0.19,2388294816.67,2.4696257957,-9.3799,80977617.37,15.67,-24.2888,4.125784423816,4.59,0.152384212736,32.439893713,装修建材,2024-10-31,2023-09-30
603377,ST东时,0.03,817142989.96,-1.3339875847,6.3826,18514003.9,-14.98,-52.0631,3.032142070997,0.86,0.16902355387,49.274264837,教育,2024-10-31,2023-09-30
603369,今世缘,2.1139,8365157112.39,28.337266684,10.489,2635572931.19,26.63,-26.3194,10.200604847118,21.81,1.579276777465,76.262804468,白酒Ⅱ,2024-10-31,2023-09-30
603363,傲农生物,-1.49,15176655806.29,-1.4666755784,-2.6433,-1289887940.75,-125.2242758131,23.6728,1.222568082596,-73.84,0.759184602416,-2.1964802967,饲料,2024-10-31,2023-09-30
603358,华达科技,0.6,3628123704.38,3.0811517604,-1.6177,262042819.66,7.83,154.3932,7.497886220344,8.07,0.467701206018,16.3920450224,汽车零部件,2024-10-31,2023-09-30
603356,华菱精工,-0.31,1138413881.03,-12.9540358763,-15.8466,-40809450.68,-954.65,53.8733,5.541953791585,-5.4,0.459647884131,5.8120606734,专用设备,2024-10-31,2023-09-30
603353,和顺石油,0.32,2923320922.7,-19.3445756879,-4.6424,54762149.45,-39.39,69.328,9.800179634878,3.23,0.110180189972,8.2584460534,炼化及贸易,2024-10-31,2023-09-30
603344,星德胜,1.0,1480276964.34,11.6089318649,10.4643,145902907.83,9.5113129387,22.6485,,,,19.0875995835,电机Ⅱ,2024-10-31,2023-09-30
603316,诚邦股份,-0.14,342025587.68,-45.9505104501,5.3372,-35432308.74,-502.7,-37.2184,3.107260237263,-4.29,0.137147295432,7.0855485183,半导体,2024-10-31,2023-09-30
603313,梦百合,0.23,5715461516.09,-5.8088222567,11.1982,112930836.1,14.36,-81.0564,6.433169576501,3.7,1.66435669647,36.5223396746,家居用品,2024-10-31,2023-09-30
603307,扬州金泉,3.0,667465275.4,-22.4392579709,-39.4181,200667979.3,-4.48,-65.1583,19.538424518209,19.22,4.028562824328,33.481209929,服装家纺,2024-10-31,2023-09-30
603299,苏盐井神,0.6898,4185126740.41,-6.3729778054,-5.4183,543572028.78,-21.45,-30.3191,6.830825393489,10.44,1.712059271771,33.3030187053,化学原料,2024-10-31,2023-09-30
603289,泰瑞机器,0.28,776593171.9,-14.9957152688,-10.6134,82817228.4,-20.05,-29.76,4.713054634095,6.04,0.509862049153,32.8942523555,专用设备,2024-10-31,2023-09-30
603283,赛腾股份,2.09,2623035304.24,24.2776669043,77.0653,399301237.04,73.43,856.9111,10.127384829997,21.63,4.897224319359,44.812681909,自动化设备,2024-10-31,2023-09-30
603280,南方路机,0.83,816611025.6,-4.3671538497,-39.9174,90377333.76,-1.89,-52.8258,11.29231969912,7.35,0.036804647172,26.4220104598,工程机械,2024-10-31,2023-09-30
603267,鸿远电子,1.07,1329420664.56,-31.5712415654,-35.8427,246401299.75,-63.15,-80.6132,17.904485157559,6.01,-0.171012919573,43.6598425504,军工电子Ⅱ,2024-10-31,2023-09-30
603266,天龙股份,0.44,950611150.78,0.5302373933,12.1792,86890521.14,-9.97,33.3438,7.107303427151,6.3,0.890842841014,22.5843410404,汽车零部件,2024-10-31,2023-09-30
603233,大参林,1.03,17723152022.13,19.6088833271,-5.1904,1174358452.35,27.2,-38.9233,5.833344829616,18.09,2.178857169584,37.0531085252,医药商业,2024-10-31,2023-09-30
603232,格尔软件,-0.16,331449505.85,-28.8332323154,78.6274,-37408011.19,26.114164557,246.0118,5.762264410049,-2.75,-0.630647997033,42.0203924857,软件开发,2024-10-31,2023-09-30
603226,菲林格尔,-0.06,275922570.94,-19.8315856273,-8.5196,-19915290.06,-966.78,-565.3157,2.755058671541,-2.01,-0.012973637308,9.8336816693,家居用品,2024-10-31,2023-09-30
603213,镇洋发展,0.36,1537101302.2,-22.6729504339,7.7554,154612219.41,-51.26,128.0164,3.869717147447,9.05,0.129046380796,16.1813266988,化学原料,2024-10-31,2023-09-30
603212,赛伍技术,0.19,3340545849.05,3.7083959847,-5.1502,85254662.34,-62.71,103.2502,6.840998225092,2.83,-0.555718254557,10.6323081367,光伏设备,2024-10-31,2023-09-30
603208,江山欧派,1.66,2704988323.92,22.2243757312,20.0375,291374229.7,842.52,79.1987,7.913167129373,19.81,1.782481516986,24.832306488,家居用品,2024-10-31,2023-09-30
603203,快克智能,0.62,593359650.4,-10.5594887934,1.9966,156136528.73,-29.38,-11.2453,5.332264869061,11.32,0.708086106667,50.754994285,自动化设备,2024-10-31,2023-09-30
603201,常润股份,0.81,2144370731.35,1.1291634349,21.3689,126405917.32,-1.51,56.83,12.385211247362,9.29,1.357543060574,18.8375618635,汽车零部件,2024-10-31,2023-09-30
603197,保隆科技,1.63,4155190709.25,29.203254761,7.6318,338782732.33,194.75,70.7513,13.409321799571,12.95,1.177183061728,27.9151623986,汽车零部件,2024-10-31,2023-09-30
603195,公牛集团,2.18,11606826969.9,10.8104267282,-5.7274,2813236062.36,19.13,-8.7152,14.980340618484,21.68,4.508587707549,41.9470312514,家居用品,2024-10-31,2023-09-30
603190,亚通精工,1.15,1190908620.29,22.4592153031,1.0816,130352688.71,15.28,6.2313,16.98207718,7.16,-0.805421797,24.8928416857,汽车零部件,2024-10-31,2023-09-30
603188,亚邦股份,-0.4485,664874091.53,-22.7833567607,-21.454,-255744898.65,-37.785997987,69.8223,2.188326780487,-18.59,-0.125552567708,-3.006164473,化学制品,2024-10-31,2023-09-30
603185,弘元绿能,2.289,9577856342.28,-45.2263639119,-34.3356,1318150924.33,-53.43,-11.5673,22.409987998727,10.13,0.532023709684,22.9840312025,光伏设备,2024-10-31,2023-09-30
603179,新泉股份,1.15,7318753860.34,55.0244001925,9.2366,560944034.03,78.47,-16.9226,9.232371472308,12.66,0.706360080021,19.7245895832,汽车零部件,2024-10-31,2023-09-30
603178,圣龙股份,0.15,1051494608.93,-3.1642006531,1.5309,35313972.33,-53.21,-62.3117,5.354231024117,2.77,0.305436031322,11.7859003648,汽车零部件,2024-10-31,2023-09-30
603168,莎普爱思,0.21,498793167.68,20.3609026266,-12.3285,79445626.64,75.54,-88.0015,4.762222246705,4.55,-0.014078969863,55.9258990891,化学制药,2024-10-31,2023-09-30
603155,新亚强,0.38,536017168.96,-43.0123672137,-13.1185,121177129.3,-54.23,-59.4094,9.952786319593,5.25,0.898188060356,24.5327255571,化学制品,2024-10-31,2023-09-30
603139,康惠股份,0.09,472228266.33,25.8802740492,39.4672,9221645.63,-43.3,-176.8869,9.841292845014,0.94,-0.993462395775,29.4183837765,中药Ⅱ,2024-10-31,2023-09-30
603127,昭衍新药,0.44,1587079779.38,24.3409986145,-10.5321,327598359.05,-48.17,343.967,10.980808336425,3.98,0.598009036565,43.7674424534,医疗服务,2024-10-31,2023-09-30
603126,中材节能,0.159,2210614770.0,6.051792065,-13.4626,97083226.56,-22.07,-77.6772,3.374523637985,4.7,-0.431636461966,18.8508179053,环保设备Ⅱ,2024-10-31,2023-09-30
603123,翠微股份,-0.428,2809439984.58,-6.7772844364,2.8738,-341731441.07,-714.18,-3591.1827,3.844598682646,-10.56,-0.18443438016,25.3261124425,多元金融,2024-10-31,2023-09-30
603117,万林物流,0.0,306958766.07,-8.2340416087,-26.534,-553219.55,98.7009715398,180.5195,2.179436690931,-0.33,0.024124689627,19.6307948463,物流,2024-10-31,2023-09-30
603113,金能科技,0.01,10913708955.36,-22.6045896523,-1.96,5657437.67,-97.82,-14.2336,9.792018902353,0.07,0.888207722154,1.863017402,化学原料,2024-10-31,2023-09-30
603111,康尼机电,0.19,2325145857.0,1.0540620828,35.3769,188522029.23,11.56,173.9709,3.820967517275,5.09,-0.095593335705,34.2626085311,轨交设备Ⅱ,2024-10-31,2023-09-30
603098,森特股份,0.15,2742848347.28,0.2487980687,-20.2722,81015714.4,-19.11,-53.4145,5.060832184834,2.97,-0.429598596699,14.6513705797,专业工程,2024-10-31,2023-09-30
603097,江苏华辰,0.39,925435087.73,34.9190580942,43.2783,62440160.19,-0.51,143.223,5.440182286625,7.32,-0.435651666,21.7685587602,电网设备,2024-10-31,2023-09-30
603090,宏盛股份,0.57,536193580.92,-1.0840182839,5.1463,56880285.04,44.95,-20.3599,5.6283607461,10.08,0.6376114515,25.1641411892,通用设备,2024-10-31,2023-09-30
603077,和邦生物,0.1168,6434462278.94,-38.6804238033,38.1868,1019044364.44,-70.27,82.9848,2.239624075154,5.23,0.016724261847,24.056327383,农化制品,2024-10-31,2023-09-30
603076,乐惠国际,0.31,1119545907.85,21.5308394284,-46.6251,37043791.01,-29.01,-89.2746,11.129749966164,2.79,0.079468576174,24.4295484966,专用设备,2024-10-31,2023-09-30
603060,国检集团,0.0921,1599686495.29,7.5359090547,11.0122,73875321.18,-4.66,-12.4416,2.170474453213,4.19,0.029920485354,39.1825747605,专业服务,2024-10-31,2023-09-30
603055,台华新材,0.37,3515903118.4,16.8280746077,7.5788,326971998.03,9.99,32.4312,4.798833528081,7.74,0.370758569672,21.7595280588,纺织制造,2024-10-31,2023-09-30
603052,可川科技,0.56,526423816.35,-22.4217732165,32.8311,75548648.84,-42.15,47.6519,11.715366377076,6.81,1.39853225706,23.0303462428,消费电子,2024-10-31,2023-09-30
603042,华脉科技,-0.2781,700345842.75,-18.4888618313,-2.3767,-44654863.97,-60.5082714943,57.9021,5.761044015113,-4.7,0.166550488437,15.1367149827,通信设备,2024-10-31,2023-09-30
603038,华立股份,0.13,574273073.16,-2.1483916656,-2.1993,35809413.37,416.43,33.3833,6.604874635428,2.65,0.318949710956,23.3401740382,装修建材,2024-10-31,2023-09-30
603030,全筑股份,0.01,783408938.07,-43.7066368689,-1.6447,7632335.9,101.0743585507,-131.333,-0.263353035867,,0.120853028134,5.04671855,装修装饰Ⅱ,2024-10-31,2023-09-30
603029,天鹅股份,0.32,425505277.43,52.4655598483,33.1917,38256990.55,200.6,278.5611,6.766162746699,4.72,1.367237274151,36.7366644461,专用设备,2024-10-31,2023-09-30
603028,赛福天,0.14,1300487014.73,124.3607136218,-34.6559,39502121.81,93.18,-65.6071,2.588713020485,5.56,-0.125806603435,11.8151045154,通用设备,2024-10-31,2023-09-30
603027,千禾味业,0.3925,2331413527.0,50.0421809542,12.3847,387129258.14,106.61,17.188,3.380693842322,13.84,0.30579288141,37.8013573643,调味发酵品Ⅱ,2024-10-31,2023-09-30
603020,爱普股份,0.2402,2098282107.96,-10.2937515081,-14.3828,90244557.5,-20.69,-35.8882,8.191750042155,2.9,0.362674773808,15.2523621903,化学制品,2024-10-31,2023-09-30
603018,华设集团,0.53,3191911682.01,-2.76768599,-30.1998,350428313.81,0.87,-47.112,6.707337754591,7.74,-0.656118186311,36.77822834,工程咨询服务Ⅱ,2024-10-31,2023-09-30
603013,亚普股份,0.8,6211764690.1,2.5077007976,11.2508,408022027.95,4.05,22.6313,7.719361023303,10.67,1.576767427268,15.3253581564,汽车零部件,2024-10-31,2023-09-30
603004,鼎龙科技,0.69,525546111.68,-14.5533083333,-19.1173,121157137.49,27.87,-14.0339,5.523026529212,13.26,0.77112454127,40.9761102754,化学制品,2024-10-31,2023-09-30
603000,人民网,0.09,1185101752.76,4.2002077221,3.4743,97296974.97,-29.88,-37.556,3.158259144207,2.68,-0.046341986816,43.9901134916,数字媒体,2024-10-31,2023-09-30
601998,中信银行,0.99,156228000000.0,-2.6167828158,-8.6789,51433000000.0,9.19,-9.2005,11.938530030429,8.475,-0.09110217085,,银行Ⅱ,2024-10-31,2023-09-30
601995,中金公司,0.85,17465549953.0,-9.9405471382,-18.7903,4607695913.0,-23.36,-19.6638,17.981932889344,4.84,-5.391478966352,,证券Ⅱ,2024-10-31,2023-09-30
601992,金隅集团,0.001,72595439481.75,-8.7721921431,-8.5626,10614681.6,-99.54,-153.8547,4.290519842768,0.02,0.842513156927,10.8165508492,水泥,2024-10-31,2023-09-30
601990,南京证券,0.15,1773072990.46,15.8661972776,-26.7004,567975453.93,6.04,-53.3185,4.594332874605,3.39,-0.872978933067,,证券Ⅱ,2024-10-31,2023-09-30
601988,中国银行,0.55,470626000000.0,7.0531528437,-1.2875,174858000000.0,1.56,-12.2838,7.357650447708,7.7775,1.651422612335,,银行Ⅱ,2024-10-31,2023-09-30
601969,海南矿业,0.24,3700417420.0,-2.4416642641,10.3834,480171410.0,-19.67,26.0123,3.271261740266,7.42,0.550958926713,25.8549155787,油气开采Ⅱ,2024-10-31,2023-09-30
601968,宝钢包装,0.18,5816337538.32,-6.4185205004,-0.079,202138220.79,-4.2,13.3807,3.385398216011,5.29,0.839917513337,9.4667364265,包装印刷,2024-10-31,2023-09-30
601963,重庆银行,1.23,10247561000.0,-3.8445799865,-12.5423,4270278000.0,0.68,-4.2409,13.71088330922,9.18,-2.611052510549,,银行Ⅱ,2024-10-31,2023-09-30
601949,中国出版,0.2224,3885136968.96,6.811459587,-8.7909,409272912.96,38.14,-27.1666,4.577546981411,4.88,0.06235894407,30.7327794044,出版,2024-10-31,2023-09-30
601939,建设银行,1.02,588440000000.0,-1.2658057934,-2.5852,255454000000.0,3.11,12.0978,11.504837787137,9.0375,1.908740015439,,银行Ⅱ,2024-10-31,2023-09-30
601933,永辉超市,0.01,62088035575.19,-12.4372880945,10.0699,52291150.6,105.8982004521,2.7145,0.804098634053,0.7,0.591794247548,21.6302814738,一般零售,2024-10-31,2023-09-30
601928,凤凰传媒,0.6971,9651105205.52,0.2275787928,-37.2817,1773990414.02,2.17,-80.0761,6.987091676506,9.86,1.03122107559,40.0674499083,出版,2024-10-31,2023-09-30
601919,中远海控,1.37,134624504603.35,-57.4719248874,-3.9915,22071030637.7,-77.33,-41.5844,12.563029065066,10.73,1.268861033615,19.009920248,航运港口,2024-10-31,2023-09-30
601888,中国中免,2.5165,50837011108.69,29.1445533994,-0.7325,5206229345.02,12.49,-14.3262,25.430413619977,10.23,6.497738271293,31.7469269163,旅游零售Ⅱ,2024-10-31,2023-09-30
601882,海天精工,0.888,2507272917.1,5.9454082433,-10.9825,463552698.12,18.94,-23.5459,4.338528123199,21.92,0.456961480038,28.658323628,通用设备,2024-10-31,2023-09-30
601881,中国银河,0.6,25483268863.05,-6.5804177854,-7.4168,6603306217.97,2.53,-38.1418,9.035999650557,6.7,-2.669376224475,,证券Ⅱ,2024-10-31,2023-09-30
601880,辽港股份,0.04,8702944903.76,0.5999069716,7.104,1069705643.81,-4.48,84.7796,1.641397948714,2.78,0.083294166027,29.551403328,航运港口,2024-10-31,2023-09-30
601878,浙商证券,0.36,12621928105.24,8.9586180478,18.1889,1330379184.93,15.05,-1.0664,6.678648981245,5.01,2.724485342149,,证券Ⅱ,2024-10-31,2023-09-30
601877,正泰电器,1.41,42619609715.22,21.6968181274,21.9664,2991175718.0,-6.33,54.8926,17.754696421578,8.0,0.758075428805,22.8661305444,电网设备,2024-10-31,2023-09-30
601869,长飞光纤,1.16,10029322250.0,-2.0806628689,-16.2879,880590578.0,0.59,-25.2478,15.046469083832,8.36,0.884513679778,25.9783338101,通信设备,2024-10-31,2023-09-30
601868,中国能建,0.07,285312963000.0,18.0030646895,-10.0486,3073299000.0,-26.72,-72.7586,2.287080638957,2.96,-0.353720850778,10.9489753538,基础建设,2024-10-31,2023-09-30
601866,中远海发,0.089,10566710243.46,-44.3985777537,121.3087,1204454962.74,-67.6,-85.2557,2.136676635944,4.13,0.392018110927,28.8591253263,航运港口,2024-10-31,2023-09-30
601828,美凯龙,-0.13,8675386414.22,-17.2501699185,-0.917,-546600030.11,-142.53,-14568.6719,11.709744930251,-1.09,0.635734430888,57.7980011919,一般零售,2024-10-31,2023-09-30
601818,光大银行,0.57,112230000000.0,-4.3043025972,-6.9131,37690000000.0,3.0,16.4529,7.500541583455,7.6725,1.322123684121,,银行Ⅱ,2024-10-31,2023-09-30
601816,京沪高铁,0.1815,30881500016.17,102.8289896822,12.2013,8914135804.57,5764.27,29.8274,3.919670071335,4.73,0.329808257849,46.4674777017,铁路公路,2024-10-31,2023-09-30
601811,新华文轩,0.76,7989707573.29,8.9778178232,-17.784,940470666.86,21.76,-68.3012,10.652110932178,7.3,0.932533477887,35.9699436622,出版,2024-10-31,2023-09-30
601800,中国交建,,549025682243.0,1.2960699657,-3.8498,16373628209.0,2.59,-16.7922,15.72578901734,6.1,-3.097224680881,11.3021596193,基础建设,2024-10-31,2023-09-30
601788,光大证券,0.88,7755088577.4,-13.0918228372,-54.0517,4357874038.91,27.95,37.0768,12.514952085602,7.21,-0.54469478352,,证券Ⅱ,2024-10-31,2023-09-30
601778,晶科科技,0.12,3503154739.87,39.6614040119,87.9011,389414361.9,29.87,122.0184,4.265668871934,2.62,-0.196473474822,41.3912024081,电力,2024-10-31,2023-09-30
601766,中国中车,0.21,143035486000.0,5.5119207669,1.4705,6151584000.0,2.06,-5.4062,5.423139292203,3.94,-0.139106760463,20.3055156536,轨交设备Ⅱ,2024-10-31,2023-09-30
601727,上海电气,0.053,78371349000.0,0.4,-20.4313,821268000.0,157.9897742526,3.3086,3.418357888726,1.52,-0.266978497618,17.3980094022,其他电源设备Ⅱ,2024-10-31,2023-09-30
601699,潞安环能,2.43,33013021945.65,-17.4090522196,11.4092,7269465023.86,-21.57,3.0404,16.29812305125,14.91,3.102894670736,49.9304183303,煤炭开采,2024-10-31,2023-09-30
601698,中国卫通,0.0961,1861746545.38,-2.9445871753,1.4398,406061494.44,-22.85,12.0394,3.641141157025,2.648,0.169353977475,34.7723874206,航天装备Ⅱ,2024-10-31,2023-09-30
601696,中银证券,0.29,2204456095.61,-2.2539761088,-32.5571,810346947.95,5.76,-58.0357,6.164429181926,4.82,-1.619930560014,,证券Ⅱ,2024-10-31,2023-09-30
601688,华泰证券,1.02,27229268548.26,15.2882132146,-5.5029,9585579945.26,22.55,-8.4778,16.571716205709,6.15,-2.210115858565,,证券Ⅱ,2024-10-31,2023-09-30
601678,滨化股份,0.14,5434876473.52,-19.8680155649,20.2607,279636616.25,-72.42,66.0094,5.505816145847,2.44,0.22535452534,17.9685282703,化学原料,2024-10-31,2023-09-30
601669,中国电建,0.5275,421400574489.52,6.1214331094,-5.8135,9490629899.5,10.18,-27.8282,7.376919927647,7.45,-2.085397870564,12.3002559374,基础建设,2024-10-31,2023-09-30
601665,齐鲁银行,0.59,9097439000.0,8.2403622004,-5.9451,2937254000.0,16.22,-6.1366,6.813445923704,8.8875,5.058991628851,,银行Ⅱ,2024-10-31,2023-09-30
601658,邮储银行,0.73,260122000000.0,1.2419676878,-6.3808,75655000000.0,2.45,12.0555,7.803350107401,9.675,-0.286584443481,,银行Ⅱ,2024-10-31,2023-09-30
601628,中国人寿,1.35,275887000000.0,-60.6448051263,-15.9127,38164000000.0,-47.8,103.0654,15.633398195648,10.87,11.497682646382,,保险Ⅱ,2024-10-31,2023-09-30
601616,广电电气,0.0189,557481471.15,-29.7006792933,-19.9645,16113242.85,-77.83,-98.3422,2.577330258654,0.62,0.043960424701,30.3973994993,电网设备,2024-10-31,2023-09-30
601615,明阳智能,0.55,21111588962.51,-2.5478616287,32.6424,1235965477.55,-65.56,-34.8376,12.566021422479,4.27,-1.026206664384,15.8906800167,风电设备,2024-10-31,2023-09-30
601611,中国核建,0.45,78593076643.39,1.7000845337,-6.3364,1411515693.9,9.77,34.3848,6.071296981174,7.74,-5.279968930053,10.2353335413,基础建设,2024-10-31,2023-09-30
601601,中国太保,2.41,255926000000.0,0.9593915438,-0.9439,23149000000.0,-24.4,-28.1688,24.794178794179,9.9,11.53762993763,,保险Ⅱ,2024-10-31,2023-09-30
601588,北辰实业,0.008,10489964186.0,19.6632357688,4.4487,27253561.0,103.4602852416,176.5553,3.805727201502,0.21,0.573684598844,21.3764431912,房地产开发,2024-10-31,2023-09-30
601528,瑞丰银行,0.64,2897157000.0,7.0909832209,2.7504,1258317000.0,16.88,37.6443,8.178938935184,8.1075,8.916150611494,,银行Ⅱ,2024-10-31,2023-09-30
601515,衢州东峰,0.13,2119556345.11,-25.0297894266,-10.3566,237328575.48,-16.85,-123.9059,3.114458188089,4.17,-0.023966760285,23.9015958834,包装印刷,2024-10-31,2023-09-30
601456,国联民生,0.26,2507217168.06,22.0210764188,-37.9697,726780442.83,12.94,-67.8171,6.315425637796,4.2,-0.582686066294,,证券Ⅱ,2024-10-31,2023-09-30
601398,工商银行,0.72,651268000000.0,-3.5474311374,-7.3325,268673000000.0,0.79,13.5786,9.263880900207,7.92,5.356569876574,,银行Ⅱ,2024-10-31,2023-09-30
601390,中国中铁,0.913,884520479000.0,4.0548450802,-7.6653,24011700000.0,4.37,-7.039,11.031355318938,8.42,-1.362444528154,9.0885887467,基础建设,2024-10-31,2023-09-30
601377,兴业证券,0.1831,8856388285.17,22.6395563293,-30.7211,1581184840.2,-11.2,-122.2099,6.129548028546,2.99,0.489439787586,,证券Ⅱ,2024-10-31,2023-09-30
601375,中原证券,0.0448,1477099253.79,2.0324855965,-25.9192,207824215.93,103.12,-58.1112,2.995105013913,1.5,-0.25663864071,,证券Ⅱ,2024-10-31,2023-09-30
601360,三六零,-0.05,6737962000.0,-2.8349624215,-11.9236,-368661000.0,81.2335356104,-209.1927,4.410645635652,-1.17,0.031104227157,61.2872705426,软件开发,2024-10-31,2023-09-30
601339,百隆东方,0.37,5091871908.5,-11.0911624255,7.9499,552952905.15,-46.74,47.9948,6.695702816567,5.49,0.417318251053,10.7472194156,纺织制造,2024-10-31,2023-09-30
601336,新华保险,3.06,61855000000.0,-18.6300432798,-35.2392,9542000000.0,-15.5,-114.2437,34.715384615385,8.53,25.516346153846,,保险Ⅱ,2024-10-31,2023-09-30
601333,广深铁路,0.144,19178753383.0,25.8387897209,9.0438,1018959686.0,202.5161503029,25.3818,3.723085938141,3.95,0.117345182075,7.9223218249,铁路公路,2024-10-31,2023-09-30
601330,绿色动力,0.38,3042041871.04,-9.6653612693,-18.2028,535891930.52,-9.27,-11.1834,5.378301145555,7.1,0.47295896364,38.2067583699,环境治理,2024-10-31,2023-09-30
601328,交通银行,0.84,198889000000.0,1.6633015565,-11.9042,69166000000.0,1.88,8.0398,11.938650471971,7.3725,0.106378681174,,银行Ⅱ,2024-10-31,2023-09-30
601298,青岛港,0.58,13658507451.0,-7.7193876146,-2.2785,3788195438.0,9.83,-6.1239,6.048986783904,9.8,0.663352994562,36.0223566788,航运港口,2024-10-31,2023-09-30
601288,农业银行,0.55,533358000000.0,-0.5350346029,-4.9876,207356000000.0,4.97,20.1719,6.673526999883,8.5425,3.93817985445,,银行Ⅱ,2024-10-31,2023-09-30
601279,英利汽车,0.0431,3902966512.0,11.0073558007,0.1957,64333540.0,824.0309683182,-24.823,2.506448658619,1.73,0.089470971083,11.2510924613,汽车零部件,2024-10-31,2023-09-30
601238,广汽集团,0.43,98182005108.0,22.1670457602,2.5929,4510808067.0,-44.05,8.1447,11.013731559366,3.91,0.383573569424,6.9378917702,乘用车,2024-10-31,2023-09-30
601236,红塔证券,0.05,875843501.78,27.4233929335,-66.7903,214579816.67,747.75,-215.522,4.855750404713,0.9,-0.966209664149,,证券Ⅱ,2024-10-31,2023-09-30
601233,桐昆股份,0.38,61741749237.12,30.8399014804,18.3995,903584683.16,-53.23,34.0504,14.745658844831,2.56,0.133953541364,6.107256498,炼化及贸易,2024-10-31,2023-09-30
601229,上海银行,1.22,39273012000.0,-5.7597629369,-1.7661,17344562000.0,1.03,-33.6018,14.912376568524,8.3475,-2.559291453844,,银行Ⅱ,2024-10-31,2023-09-30
601228,广州港,0.117,9708584149.03,8.007348194,-5.3311,880812068.0,-2.7,-17.5157,2.655273154356,4.46,0.307055350497,24.4116265246,航运港口,2024-10-31,2023-09-30
601212,白银有色,-0.007,69563071681.22,9.6278736714,-15.6538,-51285494.17,81.4498111562,535.8557,2.046589796938,-0.34,0.184547869127,3.6664767911,工业金属,2024-10-31,2023-09-30
601211,国泰海通,0.92,27029463581.0,1.1780706606,-3.8678,8627487447.0,2.38,6.8438,16.39491658464,5.62,-2.656388158537,,证券Ⅱ,2024-10-31,2023-09-30
601200,上海环境,0.3512,4318927543.73,6.4879768144,1.6236,472792630.38,4.1,1.6535,9.47649870662,4.53,0.631972854398,29.4837990834,环境治理,2024-10-31,2023-09-30
601198,东兴证券,0.145,3007688808.48,7.2867881749,34.0922,469750394.83,-14.14,-8.1385,8.245541900793,1.78,0.016674184891,,证券Ⅱ,2024-10-31,2023-09-30
601187,厦门银行,0.75,4293322000.0,-3.51556355,-12.2198,2063480000.0,14.63,-10.2254,8.808373442492,8.89,-7.763386948075,,银行Ⅱ,2024-10-31,2023-09-30
601186,中国铁建,1.29,806463195000.0,1.0071941446,-0.7918,19419540000.0,3.47,-25.4468,18.020453267128,7.35,-3.179972785533,9.1652957579,基础建设,2024-10-31,2023-09-30
601169,北京银行,0.93,49739000000.0,-3.2126872932,-4.0327,20233000000.0,4.5,-11.1193,11.605164829967,11.05,0.502814170175,,银行Ⅱ,2024-10-31,2023-09-30
601166,兴业银行,2.99,161296000000.0,-5.5942500615,-9.6842,64965000000.0,-9.53,26.8716,33.430875132377,9.1,11.516847983056,,银行Ⅱ,2024-10-31,2023-09-30
601162,天风证券,0.05,2596880565.69,42.1652371362,-42.5779,424271914.39,718.4,-2953.92,2.742929054797,1.81,0.975903823181,,证券Ⅱ,2024-10-31,2023-09-30
601158,重庆水务,0.3,5799261257.99,6.678014767,3.2479,1443777901.8,-14.3,71.6784,3.599315829019,8.1,0.458922157706,35.6895881409,环境治理,2024-10-31,2023-09-30
601156,东航物流,1.05,14231478935.47,-19.4474092408,1.1625,1665123834.74,-43.43,-22.8672,9.213775682317,11.8,2.056171946036,21.1269593994,物流,2024-10-31,2023-09-30
601155,新城控股,1.1,71279727523.0,15.4251754902,15.657,2478193586.0,-26.01,-87.6962,27.161322307066,4.11,3.869872154284,18.2466325279,房地产开发,2024-10-31,2023-09-30
601138,工业富联,0.68,328818385000.0,-8.9357909872,20.9678,13484712000.0,14.32,56.8117,6.685514559773,10.75,1.616954367393,7.9582013031,消费电子,2024-10-31,2023-09-30
601127,赛力斯,-1.53,16680124797.7,-27.8643930582,-4.9474,-2294042251.87,14.2345113179,-32.0651,6.152773243117,-22.2,-0.570532666995,6.3353687082,乘用车,2024-10-31,2023-09-30
601126,四方股份,0.64,4236584962.42,17.70531411,-19.2049,521425392.32,18.9,-22.0893,5.013972121999,12.93,0.468712624697,36.2946565215,电网设备,2024-10-31,2023-09-30
601118,海南橡胶,-0.1251,24839810213.18,137.7486581684,17.2198,-535146986.06,-304.8789936046,-23.1521,2.10783954157,-5.75,0.124654862424,2.3492666628,种植业,2024-10-31,2023-09-30
601117,中国化学,0.61,131662682590.7,9.1920399252,-16.9693,3722741490.35,0.08,-57.6664,9.119159323204,6.86,-0.551060989157,8.2166202064,专业工程,2024-10-31,2023-09-30
601111,中国国航,0.05,105476845000.0,150.6068928698,32.7631,791421000.0,102.8161177292,909.0748,2.411089136192,2.05,2.041603519038,7.696247456,航空机场,2024-10-31,2023-09-30
601107,四川成渝,0.366,7991951406.03,21.8850629351,-37.2714,1119133609.35,103.86,-1.1413,5.102717786597,5.56,0.8868665453,29.8285582595,铁路公路,2024-10-31,2023-09-30
601106,中国一重,0.0075,14935653623.46,-20.6418012389,11.9661,51432070.9,-26.29,-97.9538,1.717227378594,0.438,-0.248523890132,9.1395631575,专用设备,2024-10-31,2023-09-30
601086,国芳集团,0.19,739172059.3,16.9056344674,5.9488,128553835.17,162.8,-76.7135,2.412821835646,8.11,0.559823448964,46.9039542726,一般零售,2024-10-31,2023-09-30
601083,锦江航运,0.63,3956157137.27,-23.3342977144,1.071,698246553.92,-52.95,-41.1198,5.469739122518,11.85,1.052771690573,27.0567933221,航运港口,2024-10-31,2023-09-30
601066,中信建投,0.64,18383771778.87,-19.0254807303,-27.2794,5691156686.42,-11.57,-26.2009,9.222257513879,7.05,-0.561313119527,,证券Ⅱ,2024-10-31,2023-09-30
601059,信达证券,0.34,2738652339.89,1.7383154424,4.3163,1086401932.28,50.09,-30.4239,5.337849907712,6.57,0.472042654709,,证券Ⅱ,2024-10-31,2023-09-30
601021,春秋航空,2.74,14102715040.0,113.5165520556,45.7016,2677359925.0,254.1137575235,280.88,16.597200791636,17.9,6.231438394123,21.0112305155,航空机场,2024-10-31,2023-09-30
601019,山东出版,0.6,8051617528.29,9.5050723545,-7.4062,1253637132.18,10.16,-47.3686,6.597541295108,8.93,0.467078017615,36.9320136388,出版,2024-10-31,2023-09-30
601016,节能风电,0.185,3825510057.02,-0.786067344,-17.3714,1194837300.41,-8.72,-37.0437,2.490040894634,7.29,0.371449120629,54.7040661903,电力,2024-10-31,2023-09-30
601015,陕西黑猫,-0.13,13864739574.26,-22.755653673,15.7722,-264243407.37,-210.25,-66.7045,3.824294902159,-3.07,0.26942451628,2.525768165,焦炭Ⅱ,2024-10-31,2023-09-30
601012,隆基绿能,1.54,94100142094.42,8.5468230711,-18.9517,11693716357.94,6.54,-54.6046,9.363666213938,17.37,1.23771458874,20.2565157012,光伏设备,2024-10-31,2023-09-30
601010,ST文峰,0.0687,1622913097.44,-10.830564506,-12.6984,124449562.87,159.2445554622,-93.9046,2.394893906553,2.83,0.264452938517,45.4647795839,一般零售,2024-10-31,2023-09-30
601007,金陵饭店,0.142,1352565467.16,27.0941429738,14.9768,55288652.33,83.37,13.4903,4.064365426897,3.51,0.817999404231,26.8126065596,酒店餐饮,2024-10-31,2023-09-30
601005,重庆钢铁,-0.07,30012810005.27,16.9357346838,-14.3138,-592322396.82,-118.3139424647,52.1446,2.326927489868,-2.81,0.05444347069,-0.3865102695,普钢,2024-10-31,2023-09-30
601003,柳钢股份,-0.2,57004653983.19,-8.5889800627,-4.4523,-515665892.58,80.0980797148,10.2576,3.629588353941,-5.4,0.025905404646,2.0352834222,普钢,2024-10-31,2023-09-30
600997,开滦股份,0.62,17039542362.57,-13.1992095152,-10.2529,990078032.19,-45.62,-45.3251,8.934411321739,7.03,0.515634330822,14.7415612644,焦炭Ⅱ,2024-10-31,2023-09-30
600989,宝丰能源,0.53,20400690701.77,-5.0469890975,15.0079,3890795736.08,-27.58,52.4973,5.014465303838,11.0,0.775075562247,30.1704214794,化学原料,2024-10-31,2023-09-30
600988,赤峰黄金,0.32,5062292721.07,13.0981150566,-5.2867,519869544.03,31.24,-12.1653,3.393428710919,10.4,0.720181588968,30.6725560007,贵金属,2024-10-31,2023-09-30
600986,浙文互联,0.09,8240582552.13,-27.5312108384,-13.9257,114509398.78,-8.65,32.2326,3.35275798007,2.73,0.351860951216,6.0869218356,广告营销,2024-10-31,2023-09-30
600982,宁波能源,0.2282,4838336307.8,-25.9786032756,-7.8339,253201852.11,37.65,-75.6472,3.703475210114,5.9,0.161400953879,8.4964150699,电力,2024-10-31,2023-09-30
600979,广安爱众,0.1221,2016025710.52,9.2366237364,3.1394,150451494.75,6.71,35.6261,3.507135903136,3.49,0.356959131085,27.5788278413,电力,2024-10-31,2023-09-30
600973,宝胜股份,0.067,33640629474.61,7.8755267878,-3.7398,92534338.2,698.25,53.5696,2.74016102072,2.47,-0.513692046692,5.3245524565,电网设备,2024-10-31,2023-09-30
600966,博汇纸业,-0.0751,13677738392.06,-1.2108732138,11.6776,-92912577.59,-115.16,68.0786,4.774641118233,-1.44,0.707570334571,8.537674065,造纸,2024-10-31,2023-09-30
600962,国投中鲁,0.1408,988220940.11,-16.1896231238,-22.5491,36912302.68,108.15,-20.9797,3.155539008581,4.7,1.617843568132,21.8832850289,农产品加工,2024-10-31,2023-09-30
600959,江苏有线,0.0525,5403994561.3,0.145157555,-14.0691,262660786.06,3.48,0.0221,4.43657850676,1.19,0.181129187158,25.3060406305,电视广播Ⅱ,2024-10-31,2023-09-30
600958,东方证券,0.32,13695019865.05,13.8738752931,17.4241,2857177459.49,42.71,101.9026,8.671855389735,3.67,-1.650363717073,,证券Ⅱ,2024-10-31,2023-09-30
600956,新天绿能,0.35,13123523786.95,0.5838498057,-11.8209,1506495939.04,-9.54,-88.6647,4.812475688947,7.35,0.575650043242,25.3526468488,电力,2024-10-31,2023-09-30
600929,雪天盐业,0.331,4422230640.89,-5.7664203062,3.2528,500997244.72,-18.81,32.6893,4.497355881623,7.65,0.428582289506,30.4136287964,化学原料,2024-10-31,2023-09-30
600918,中泰证券,0.26,9275619995.53,25.0513401881,-13.1712,1893246652.04,103.98,-47.6712,5.305217484512,5.03,0.16678130486,,证券Ⅱ,2024-10-31,2023-09-30
600908,无锡银行,0.77,3491799000.0,0.8879051206,-5.7963,1675879000.0,16.14,-34.8898,8.401755415188,9.105,3.56729866324,,银行Ⅱ,2024-10-31,2023-09-30
600906,财达证券,0.17,1761457868.77,22.7831649918,-11.478,554068148.38,48.06,-29.2323,3.553175914632,4.88,-0.814130730299,,证券Ⅱ,2024-10-31,2023-09-30
600905,三峡能源,0.1899,19289043293.68,10.8165336692,-18.4696,5436184327.05,-11.56,-55.8484,2.807213896113,6.88,0.407079096276,55.2849098101,电力,2024-10-31,2023-09-30
600900,长江电力,0.8797,57855135654.42,9.0232848574,72.5589,21523845844.96,4.13,139.9209,8.059434627359,10.53,1.487002681082,57.8916316823,电力,2024-10-31,2023-09-30
600897,厦门空港,0.64,1247558905.39,65.0508187595,0.5392,268143054.87,1001.39,9.9937,9.745532445735,6.8,0.966707234622,33.3097476267,航空机场,2024-10-31,2023-09-30
600893,航发动力,0.39,26307566634.82,17.3820976073,-26.5958,1030891179.75,6.46,-52.0313,14.65025611921,2.65,-5.021829201654,12.0975882264,航空装备Ⅱ,2024-10-31,2023-09-30
600892,大晟文化,0.018,164511509.98,2.6452218929,-11.7749,10057325.92,-51.13,26.4289,0.336750423264,5.47,-0.071500298925,89.6607916114,游戏Ⅱ,2024-10-31,2023-09-30
600887,伊利股份,1.47,97404475913.37,3.7747523256,-4.7305,9380094922.17,16.36,14.3026,8.184957194985,18.03,1.839101946623,32.9025135601,饮料乳品,2024-10-31,2023-09-30
600886,国投电力,0.7938,42548712586.17,11.4693015285,23.4268,6051980712.81,46.7,57.5563,7.102754556127,11.58,2.355351616309,39.151542765,电力,2024-10-31,2023-09-30
600884,杉杉股份,0.665,14709278706.11,-7.1417181568,4.447,1202181393.74,-45.58,-57.073,10.261369807409,5.178,-0.684477585354,17.7251790068,电池,2024-10-31,2023-09-30
600883,博闻科技,0.3479,8554839.68,-9.1199371934,-32.2965,82144468.34,37.48,43.3509,3.791231640829,9.5602,-0.129333673164,3.3020119671,种植业,2024-10-31,2023-09-30
600882,妙可蓝多,0.025,3967138477.15,3.6005816521,-3.2547,12661378.96,-76.42,21.7083,8.468347489075,0.26,0.177201138519,25.1138751765,饮料乳品,2024-10-31,2023-09-30
600880,博瑞传播,0.04,435627501.75,18.73,69.9925,39859050.84,2.19,509.0542,2.77689926365,1.32,-0.1870585257,44.0042991552,教育,2024-10-31,2023-09-30
600876,凯盛新能,0.31,4731256755.09,40.2703191788,44.3692,197859254.33,-24.19,-40.5685,6.861486685337,4.57,-0.162094600391,11.5039460611,玻璃玻纤,2024-10-31,2023-09-30
600875,东方电气,0.93,44766130524.46,10.41,-2.2858,2911824385.14,16.47,-7.4705,11.772282312851,8.13,-0.980337546501,17.40352314,其他电源设备Ⅱ,2024-10-31,2023-09-30
600868,梅雁吉祥,0.0173,237983157.16,-33.2306307261,11.8129,32845047.79,-31.44,89.1681,1.275359776272,1.29,0.02200505117,41.0895339641,电力,2024-10-31,2023-09-30
600860,京城股份,-0.09,1015753245.59,-2.1594340007,10.9616,-49812689.63,-340.4038294742,-44.4009,1.896298167496,-4.74,0.063606179095,11.7008110381,通用设备,2024-10-31,2023-09-30
600859,王府井,0.571,9265378023.32,9.4364688347,-4.2439,647903252.19,56.13,-55.2148,17.346033189756,3.335,2.383368831787,41.1525766047,一般零售,2024-10-31,2023-09-30
600847,万里股份,-0.09,400293783.07,22.3172317631,0.1485,-13380418.92,47.6119731207,49.6212,4.480303688366,-1.95,-0.255141773035,9.5135361628,电池,2024-10-31,2023-09-30
600846,同济科技,0.45,4513509197.52,111.5675103394,-28.2779,283282073.38,52.19,-26.1269,6.140625360414,7.67,-2.176785160724,9.1059061139,工程咨询服务Ⅱ,2024-10-31,2023-09-30
600843,上工申贝,0.131,2692779374.11,16.0299694551,7.6936,93427348.89,4.96,-79.0695,4.675656743163,2.8744,-0.182480576919,23.742677051,专用设备,2024-10-31,2023-09-30
600833,第一医药,0.2578,1335807678.27,-24.9191683141,-0.36,57500776.14,-22.85,-28.0297,4.482795683951,5.89,1.102339983271,18.8603065096,医药商业,2024-10-31,2023-09-30
600830,香溢融通,0.052,194374728.32,-0.75,30.044,23651881.25,19.87,358.0454,4.670685043644,1.118,-0.980067405892,70.5765197202,多元金融,2024-10-31,2023-09-30
600827,百联股份,0.19,23577165511.55,-6.0896742962,5.5857,346925487.97,282.3956923502,-85.8741,10.064371114737,1.95,1.558489431111,26.5331436076,一般零售,2024-10-31,2023-09-30
600825,新华传媒,0.027,779332284.06,2.9727689013,-60.9866,28275960.12,787.944171826,-119.8547,2.418720454363,1.13,0.057649703277,32.2275755396,出版,2024-10-31,2023-09-30
600821,金开新能,0.37,2587973027.92,7.626908696,-5.474,737552778.52,14.47,-36.4094,4.45735190357,8.44,0.662162289038,60.0560489678,电力,2024-10-31,2023-09-30
600820,隧道股份,0.48,46906944458.2,9.0338443985,97.0038,1494230408.7,8.07,121.5461,8.780080975162,5.37,0.116897874267,11.8686307971,基础建设,2024-10-31,2023-09-30
600810,神马股份,0.07,9431445309.85,-17.5955006148,29.9207,70358608.45,-85.63,826.8006,7.055216048639,0.87,-0.543103688161,12.2381220926,化学纤维,2024-10-31,2023-09-30
600809,山西汾酒,7.73,26744465150.35,20.775186606,22.1948,9431204666.35,32.68,36.7394,21.928702479654,38.88,5.9867023373,75.9357403157,白酒Ⅱ,2024-10-31,2023-09-30
600808,马钢股份,-0.2075,73916980989.0,-6.8013420562,-4.9816,-1597835178.0,-340.48,136.9397,3.547388590907,-5.64,0.23736173238,1.1407900157,普钢,2024-10-31,2023-09-30
600807,济高发展,-0.06,504153997.25,-57.7155495737,-50.4892,-55895799.83,77.6531939488,83.3687,0.315650998095,-17.68,-0.158143480984,24.0205834806,医疗器械,2024-10-31,2023-09-30
600793,宜宾纸业,-0.3363,1258602711.79,-29.9729116848,15.2766,-59489998.92,-317.56,30.9872,3.383379521623,-9.47,1.230854208714,5.6362422372,造纸,2024-10-31,2023-09-30
600790,轻纺城,0.18,640237257.9,3.4119108504,4.2182,241116028.54,-64.7,-71.9787,4.115983022028,3.92,-0.041364374122,49.2977204615,一般零售,2024-10-31,2023-09-30
600783,鲁信创投,0.04,77707773.19,6.8274518716,37.1733,29405492.77,-29.84,-242.0518,5.915287718823,0.66,-0.17138520119,31.1461674507,通用设备,2024-10-31,2023-09-30
600779,水井坊,2.0998,3588383123.22,-4.8368543667,206.2308,1022488267.79,-3.08,1792.9095,8.490151120646,26.52,2.775516909139,83.1827142003,白酒Ⅱ,2024-10-31,2023-09-30
600773,西藏城投,0.075,1433745051.39,-16.9472463184,24.9586,61507046.73,-28.6,77.309,4.672588997845,1.62,-0.912839634614,34.7990460798,房地产开发,2024-10-31,2023-09-30
600760,中航沈飞,0.86,34631403842.37,14.3750747001,-17.8434,2364294918.94,35.85,2.3426,5.249883623618,16.86,-4.510729370093,10.8481003672,航空装备Ⅱ,2024-10-31,2023-09-30
600759,ST洲际,0.0262,2044442024.95,-2.8847271163,6.8926,59214928.9,-7.53,696.7552,1.748370314933,1.52,0.222775165768,63.0316866046,油气开采Ⅱ,2024-10-31,2023-09-30
600756,浪潮软件,-0.05,1354181186.25,13.3148103225,-18.8074,-16397054.66,49.3107601112,64.7788,6.81604628667,-0.74,-0.975947916776,36.3450527003,IT服务Ⅱ,2024-10-31,2023-09-30
600755,厦门国贸,0.67,400715530757.79,-0.8922194064,-13.1477,1865639432.29,-19.35,-65.6252,9.643035457895,6.99,-2.042967794128,1.2150124185,物流,2024-10-31,2023-09-30
600754,锦江酒店,0.9215,11072350986.54,34.0420122164,7.0123,986019058.37,1783.69,15.0248,15.74535128851,5.69,4.060673110375,43.1842001922,酒店餐饮,2024-10-31,2023-09-30
600753,ST海钦,-0.141,484178093.67,-70.4672886309,82.3652,-32496530.93,-1046.96,4.3257,1.102691383584,-12.03,0.304130617772,1.383127359,物流,2024-10-31,2023-09-30
600751,海航科技,0.0993,312136236.56,225.2943948309,63.7587,288019615.22,53.3,-99.4941,2.567961568209,3.95,-0.540677854426,-3.5229483738,航运港口,2024-10-31,2023-09-30
600748,上实发展,0.22,5080690264.9,151.237556108,146.6207,409390026.31,463.5668159237,-88.9037,5.603594183922,4.02,-1.307497671221,28.9422753683,房地产开发,2024-10-31,2023-09-30
600743,华远控股,-0.391,6342173880.3,17.6484585448,-44.4542,-701697168.41,-66.510619514,55.5927,1.08142688935,-30.61,0.116662905928,7.4454311112,房地产服务,2024-10-31,2023-09-30
600739,辽宁成大,0.3926,7770813276.53,-34.952403995,18.2724,598129400.23,-49.53,-47.4074,19.060300088818,2.06,-0.069340197919,18.2121420812,生物制品,2024-10-31,2023-09-30
600738,丽尚国潮,0.1,694666249.1,11.1593431916,-3.571,78003039.31,-36.21,60.9746,2.549255646457,4.0,0.038291443298,53.5559007872,一般零售,2024-10-31,2023-09-30
600735,ST新华锦,0.1441,1729925663.26,23.339818797,11.4357,61806370.04,23.2,41.8404,3.142463953865,4.3671,0.260878581871,21.2924938287,饰品,2024-10-31,2023-09-30
600734,*ST实达,0.0085,207823475.06,13.4806349547,101.5098,18430082.04,120.97,-135.8113,0.171462183004,5.0593,-0.022613195209,35.0959209824,IT服务Ⅱ,2024-10-31,2023-09-30
600733,北汽蓝谷,-0.67,9307829090.64,63.101499607,8.1012,-3251484142.53,7.0910379654,-16.8753,1.51315338073,-48.36,-0.381731161016,-4.9420951643,乘用车,2024-10-31,2023-09-30
600732,爱旭股份,1.28,22617130396.68,-12.4334294438,-25.1077,1887406411.6,35.77,-4.7121,5.479869399661,19.47,1.411514961896,19.7208636108,光伏设备,2024-10-31,2023-09-30
600730,*ST高科,0.009,92947921.43,-8.9051564142,-28.1752,5229719.35,-38.81,-66.7995,3.017698711246,0.3,-0.095425159581,78.0586984235,教育,2024-10-31,2023-09-30
600729,重百集团,2.61,14777272690.31,1.8512147982,-8.418,1142904145.25,36.94,-48.5258,14.810636336991,18.61,3.942882213967,25.7740471498,一般零售,2024-10-31,2023-09-30
600728,佳都科技,0.0877,3716810793.8,0.7138896347,-15.7792,183195498.69,197.8297077377,81.6264,3.520281050379,2.55,-0.228316304884,12.3617417108,IT服务Ⅱ,2024-10-31,2023-09-30
600727,鲁北化工,0.07,3723261622.36,-8.2547391063,52.0067,39287624.04,16.5,142.0759,5.539353569273,1.35,0.50864572955,8.5627984616,化学原料,2024-10-31,2023-09-30
600720,中交设计,0.7423,8735398646.91,35.2301202025,-7.7458,954164354.38,-35.52,34.3068,11.89621553499,9.48,-1.230462784925,25.2350113511,工程咨询服务Ⅱ,2024-10-31,2023-09-30
600715,文投控股,-0.07,449617440.13,-21.2694636843,48.4909,-137202446.22,55.6625561533,50.0933,0.377414065025,-17.9,0.048250568689,29.2463412878,游戏Ⅱ,2024-10-31,2023-09-30
600713,南京医药,0.34,40546782609.42,8.3091090278,-0.4349,440295384.86,-6.37,-17.4504,4.8021223678,7.13,-3.422033347674,6.0754554081,医药商业,2024-10-31,2023-09-30
600708,光明地产,0.0058,6644703943.52,-47.6009217606,-12.8347,12830722.44,-36.91,307.9064,4.841664955701,0.12,-0.891538453236,15.025775593,房地产开发,2024-10-31,2023-09-30
600698,湖南天雁,0.004,358727958.26,44.8492755747,4.4459,4304552.12,1575.91,723.8362,0.712680181299,0.56,-0.023638303607,10.9486700034,汽车零部件,2024-10-31,2023-09-30
600689,上海三毛,0.101,797960066.71,11.8516208091,20.3859,20337594.91,924.63,-59.225,2.218614739939,4.67,0.075665452119,6.970580118,综合Ⅱ,2024-10-31,2023-09-30
600682,南京新百,0.3,4756623138.17,2.0003405588,-7.5385,397843076.6,-35.2,-46.2432,13.016421549388,2.31,0.414875005232,45.0358001959,综合Ⅱ,2024-10-31,2023-09-30
600681,百川能源,0.1981,3424572556.76,1.51362179,-8.0331,265573379.34,-11.07,6.9522,2.638179658848,7.28,-0.040845804349,16.1527634737,燃气Ⅱ,2024-10-31,2023-09-30
600678,ST金顶,-0.0118,238297215.51,-8.0620141441,-18.7539,-4108345.71,-147.33,-280.6851,0.739709756927,-1.56,0.036192113126,24.2278773826,水泥,2024-10-31,2023-09-30
600676,交运股份,-0.09,3833369503.54,-9.1641503732,15.7099,-89050380.03,64.92,-37.1589,5.287502586124,-1.62,0.183112598097,5.5929498498,体育Ⅱ,2024-10-31,2023-09-30
600675,中华企业,0.13,9469519770.64,400.7129392866,190.1503,781219456.08,253.1725529169,447.2959,2.470882259316,5.29,-0.238499622449,26.0853627807,房地产开发,2024-10-31,2023-09-30
600673,东阳光,-0.074,8107417687.34,-6.9713928788,17.7363,-221535576.35,-130.98,59.6052,3.317207473359,-2.2,0.04979448918,10.8050267518,综合Ⅱ,2024-10-31,2023-09-30
600657,信达地产,0.09,3926150329.89,-66.9798299311,-39.9759,258612510.64,-42.34,-48.7337,8.550513914345,1.06,0.372138680483,32.2945296737,房地产开发,2024-10-31,2023-09-30
600654,中安科,0.0109,1952887497.4,9.080065662,10.6314,30732134.7,103.7746287812,3949.2577,0.527834279005,2.08,0.053464594289,15.3000764098,软件开发,2024-10-31,2023-09-30
600653,申华控股,-0.0359,3814765497.52,-17.0426896693,0.7806,-69810106.73,-120.73,-281.1704,0.465061156041,-7.333,0.032642114444,6.427726888,汽车服务,2024-10-31,2023-09-30
600651,飞乐音响,0.006,1389671249.01,-49.3279689062,0.8131,14503306.02,-95.38,-66.2365,0.955645859302,0.61,-0.037781353736,18.4933539096,汽车零部件,2024-10-31,2023-09-30
600650,锦江在线,0.2134,1494495745.03,0.2711245425,4.0559,117714847.3,-77.26,-30.7898,6.995852161734,3.01,0.047182155312,18.5310756528,铁路公路,2024-10-31,2023-09-30
600649,城投控股,0.12,1384355596.11,-64.0675158651,-7.0017,294666162.13,-3.61,-95.4747,8.188942941435,1.41,-0.214395648851,36.4065794285,房地产开发,2024-10-31,2023-09-30
600644,乐山电力,0.1326,2198006947.66,3.8844276746,-3.9712,71412993.8,-35.63,148.5616,3.461791936105,3.91,0.201616831936,17.7609815358,电力,2024-10-31,2023-09-30
600642,申能股份,0.514,21889069273.82,4.1940874622,20.5981,2503318666.78,118.3,-40.9776,6.6559865269,7.87,1.247871169922,17.2585948406,电力,2024-10-31,2023-09-30
600639,浦东金桥,1.444,5368269976.88,54.1571370483,-7.85,1620802618.65,52.52,-22.3567,12.470190446387,11.92,-5.878475213622,74.4665709148,房地产开发,2024-10-31,2023-09-30
600637,东方明珠,0.2339,5606366529.38,20.8941349164,11.8089,786203966.05,149.1,2.9081,8.719510500295,2.6591,0.381913366026,33.6998277604,电视广播Ⅱ,2024-10-31,2023-09-30
600635,大众公用,0.09,4898264670.83,11.1398437434,-9.6503,273197827.78,284.3328440576,-193.8174,2.839720714413,3.29,0.205266705781,16.129157872,燃气Ⅱ,2024-10-31,2023-09-30
600629,华建集团,0.28,5527771234.41,11.6263146738,10.2266,264071022.8,4.4,-18.9531,4.955579010751,5.66,-0.488696103594,21.8947484816,工程咨询服务Ⅱ,2024-10-31,2023-09-30
600628,新世界,0.08,806498128.72,38.707648983,2.4103,51605034.29,260.79,-3.8822,6.554269870578,1.22,0.209416635415,39.3422124182,一般零售,2024-10-31,2023-09-30
600626,申达股份,-0.1797,8580952689.0,4.3580729479,2.1228,-237330671.7,-66.0451501575,-133.3545,2.493605455702,-7.74,-0.316095520233,6.3432790226,汽车零部件,2024-10-31,2023-09-30
600624,ST复华,0.0101,517462135.52,-10.1263925804,-7.1886,6912425.81,-354.4,944.2259,1.171420169963,0.86,0.013947244302,44.3606025104,化学制药,2024-10-31,2023-09-30
600622,光大嘉宝,-0.35,3475018555.17,-23.4976973205,234.1384,-528640676.16,-966.74,45.8972,4.3476921019,-7.79,0.161171267946,28.836657048,房地产开发,2024-10-31,2023-09-30
600621,华鑫股份,0.39,1531910063.57,-19.29,-1.8074,415280059.83,70.01,213.8383,7.290029160958,5.48,-0.335435270344,15.4237774794,证券Ⅱ,2024-10-31,2023-09-30
600619,海立股份,-0.08,13384434522.0,8.0219153253,-14.1833,-88387490.2,-246.6,-82.1068,5.556156397867,-1.46,0.833854044853,10.7182661947,家电零部件Ⅱ,2024-10-31,2023-09-30
600618,氯碱化工,0.3855,5273185841.57,5.9772043997,0.7418,445786129.33,-60.89,36.6516,6.75486719077,5.7151,0.390887546698,15.4595828911,化学原料,2024-10-31,2023-09-30
600616,金枫酒业,0.18,360425650.03,-13.4496583759,74.3197,118233476.32,794.897064509,104.6296,3.000368991739,6.03,-0.08964166718,40.5918996991,非白酒,2024-10-31,2023-09-30
600613,神奇制药,0.12,1710542948.95,-0.13282362,-18.9459,65948566.05,18.94,185.1824,4.388041003687,2.82,0.309881353574,51.7679652647,化学制药,2024-10-31,2023-09-30
600612,老凤祥,3.7553,62066041294.97,15.9289623425,37.6138,1964467157.75,44.87,24.1667,21.647181677872,18.24,13.656729542872,8.1241136483,饰品,2024-10-31,2023-09-30
600611,大众交通,0.12,3197681841.68,114.0079000874,1.9879,280069105.58,176.5445775429,-29.6885,3.971177127341,2.91,0.120844562798,24.3423693873,铁路公路,2024-10-31,2023-09-30
600609,金杯汽车,0.146,3948716488.25,-5.246600639,0.4477,190850757.66,43.75,11.9782,0.85677882059,18.56,0.495550223263,15.6938996726,汽车零部件,2024-10-31,2023-09-30
600603,广汇物流,0.53,3766656500.15,198.3191009698,515.87,629474236.63,83.55,701.7751,4.838410720133,7.43,0.56924249874,36.6579339445,物流,2024-10-31,2023-09-30
600597,光明乳业,0.23,20664322498.0,-3.3706079076,-7.6817,322684825.0,-12.67,-110.1545,5.902268852251,4.01,0.750761168459,18.6704875825,饮料乳品,2024-10-31,2023-09-30
600588,用友网络,-0.31,5707739967.0,2.0073568484,23.3989,-1030392365.0,-90.9885834357,58.6723,2.9398351216,-9.79,-0.548212312009,49.6913657314,软件开发,2024-10-31,2023-09-30
600580,卧龙电驱,0.7089,12066897360.12,7.2544422895,6.8866,923931968.44,17.87,-8.2558,7.486497363033,9.76,0.689812314101,25.9295429868,电机Ⅱ,2024-10-31,2023-09-30
600579,中化装备,-2.5,8222997980.79,18.7519108389,-12.9339,-1246166188.97,-188.9876876965,37.717,4.670193760108,-43.44,-2.311661051764,14.4479665837,专用设备,2024-10-31,2023-09-30
600571,信雅达,0.117,1399014873.55,18.4147078892,7.9834,53271894.35,163.0619814881,-5.1979,2.410159274266,4.91,-0.844420926067,46.3100949232,IT服务Ⅱ,2024-10-31,2023-09-30
600570,恒生电子,0.32,4367606135.94,16.8718903365,-9.2034,606740576.9,5179.03,-28.5079,3.802340979842,8.56,-0.410265984061,71.8875457378,软件开发,2024-10-31,2023-09-30
600569,安阳钢铁,-0.311,32517900027.99,8.9518013882,2.82,-893938334.22,51.9023703069,85.1269,2.293437616124,-12.71,0.341920013716,2.4880311346,普钢,2024-10-31,2023-09-30
600568,ST中珠,-0.1288,380855199.25,0.322664404,-6.0915,-256701189.74,-465.08,92.8988,1.27520945701,-9.6164,-0.027173083718,31.1045438117,医疗服务,2024-10-31,2023-09-30
600567,山鹰国际,-0.027,21311977530.41,-16.2564286779,2.2766,-116399694.65,-312.04,120.42,2.891260005301,-0.86,0.429012230503,9.1954314796,造纸,2024-10-31,2023-09-30
600563,法拉电子,3.18,2871469588.83,1.9468843982,-13.6924,714546739.88,3.34,-14.0236,19.508843565022,16.87,3.839409178489,38.6882187881,元件,2024-10-31,2023-09-30
600559,老白干酒,0.46,3845680097.8,11.2970207084,31.2894,418198382.88,-21.6,75.5219,4.967832507067,9.2,0.906393728715,66.7514198232,白酒Ⅱ,2024-10-31,2023-09-30
600557,康缘药业,0.61,3496031021.85,11.8553953868,-21.4722,349526250.72,24.24,-45.0372,8.551263940145,7.14,1.323525658417,73.6917315186,中药Ⅱ,2024-10-31,2023-09-30
600552,凯盛科技,0.1017,3780825493.56,-3.721914828,12.0378,96068362.29,-28.97,-50.6476,4.306020936398,2.27,0.165989811916,14.6450678084,光学光电子,2024-10-31,2023-09-30
600548,深高速,0.642,6371288240.0,-4.1381185962,1.133,1538899495.84,-23.75,25.2505,7.987716063801,7.96,1.372320146831,40.559421068,铁路公路,2024-10-31,2023-09-30
600543,*ST莫高,-0.07,138944431.29,85.7242990794,48.4897,-21318073.48,49.4498118991,8.2935,2.930242373754,-2.24,-0.031691559168,31.2372778578,非白酒,2024-10-31,2023-09-30
600539,狮头股份,-0.0743,320216374.24,-10.50550278,-12.5951,-17097548.87,-830.97,-367.0379,1.79623182913,-3.8691,-0.543218548435,26.8946804686,互联网电商,2024-10-31,2023-09-30
600533,栖霞建设,-0.0116,3835908220.45,6.5092925866,-45.5891,-12142650.76,-105.66,-325.9091,4.127936833781,-0.28,-1.276931713543,11.2967066411,房地产开发,2024-10-31,2023-09-30
600528,中铁工业,0.62,21747337325.27,6.9634949992,-8.21,1485710999.02,0.53,2.102,10.089662265651,5.65,-0.522751176873,19.2723029344,基础建设,2024-10-31,2023-09-30
600527,江南高纤,0.0206,531854714.62,-12.3925427048,19.8563,35745515.14,-39.42,-5.3556,1.275947692472,1.63,0.022903206548,10.7533037967,纺织制造,2024-10-31,2023-09-30
600521,华海药业,0.5,6207564556.19,6.3312172352,-14.396,721556692.14,-9.18,-61.4189,5.285923893191,9.14,0.979234045613,58.9610487599,化学制药,2024-10-31,2023-09-30
600518,康美药业,-0.011,3534121140.35,29.844629698,-6.1584,-148009117.22,83.2903480139,70.6414,0.490537870233,-2.15,-0.018271274242,16.9339564161,中药Ⅱ,2024-10-31,2023-09-30
600516,方大炭素,0.0972,3877347497.96,-1.205298123,-1.4564,384296833.68,-17.66,73.9703,4.298675204551,2.32,0.177152614311,17.6497103602,冶钢原料,2024-10-31,2023-09-30
600505,西昌电力,-0.0893,1032740412.05,17.6423636179,5.8555,-32540904.49,-186.45,207.0006,3.362662068561,-2.5999,0.550903617437,13.4032255681,电力,2024-10-31,2023-09-30
600500,中化国际,-0.16,43013772879.55,-34.7673464296,-1.8365,-539665173.79,-141.84,-35.6588,4.644041643201,-3.2,0.49533845368,5.2581084099,化学制品,2024-10-31,2023-09-30
600490,鹏欣资源,-0.0197,4161188937.18,-32.824161428,-14.8477,-43497073.02,86.379880784,-652.3193,2.771272008313,-0.75,-0.053142739409,5.6053733525,工业金属,2024-10-31,2023-09-30
600482,中国动力,0.19,32455307118.78,25.0172886194,-8.3568,411803192.87,43.01,-50.6376,16.621368220916,1.15,1.120132796347,11.0206679361,其他电源设备Ⅱ,2024-10-31,2023-09-30
600481,双良节能,0.7541,18787871035.09,114.8294899842,-0.0885,1403052035.78,68.98,575.2064,3.58096146453,19.12,-0.123438953598,16.1258359158,光伏设备,2024-10-31,2023-09-30
600478,科力远,0.015,2398487899.8,4.6357502448,8.0706,25546587.28,-84.72,-296.7848,1.693429929244,0.92,-0.051890032337,11.7063353225,电池,2024-10-31,2023-09-30
600477,杭萧钢构,0.105,7689191590.12,4.8676392153,-3.8978,248163076.73,8.06,-65.2263,2.21598094468,4.84,-0.285547791081,16.101243678,专业工程,2024-10-31,2023-09-30
600463,空港股份,-0.19,377739593.74,-31.9011639267,22.9223,-57964075.76,-300.69,-29.0028,3.7660125606,-5.0,-0.170204534367,12.3855471376,房地产开发,2024-10-31,2023-09-30
600460,士兰微,-0.13,6899209774.84,10.4856307911,0.5829,-189252469.75,-124.44,41.9051,5.02997470927,-2.59,-0.125222959072,23.3809313635,半导体,2024-10-31,2023-09-30
600459,贵研铂业,0.53,35084012506.83,21.8847517804,1.1505,401307672.06,23.42,-15.2177,8.287239460112,6.53,1.33433029568,3.0620048532,小金属,2024-10-31,2023-09-30
600458,时代新材,0.34,12602161294.39,19.4548072872,4.239,274163288.96,31.97,-24.0948,6.920483982577,4.88,-0.367695746588,15.4615024025,综合Ⅱ,2024-10-31,2023-09-30
600448,华纺股份,0.006,2227725681.51,-22.1176601791,15.6535,3335202.09,8.1,94.9958,2.010502317884,0.3,0.293801695143,12.2095333527,纺织制造,2024-10-31,2023-09-30
600439,瑞贝卡,0.0135,857068484.34,-1.1318582857,-1.2607,15302101.95,-59.63,-85.6054,2.491434339076,0.54,0.160029235659,32.1303172619,饰品,2024-10-31,2023-09-30
600438,通威股份,3.621,111420534739.54,9.1457466738,-8.5029,16301570420.15,-24.98,-35.0724,13.833905089617,25.78,4.670148869678,29.3228501354,光伏设备,2024-10-31,2023-09-30
600426,华鲁恒升,1.379,19345988446.53,-15.9190834264,10.8092,2927222865.37,-47.11,31.2202,13.295780143038,10.51,1.661725847899,22.1121058537,农化制品,2024-10-31,2023-09-30
600416,湘电股份,0.2,3437060379.31,-0.2665971161,-17.7553,260786284.03,37.91,-24.1527,5.430774492326,3.69,0.300828687762,21.558430599,电机Ⅱ,2024-10-31,2023-09-30
600405,动力源,-0.177,665809964.68,-30.8168830416,-15.7631,-98306694.18,-1935.0098387815,-209.4909,1.413697286582,-11.619,0.086851496436,29.8232033033,其他电源设备Ⅱ,2024-10-31,2023-09-30
600403,大有能源,0.0833,4571998051.11,-31.9612421809,-32.0797,199037980.91,-85.48,77.0102,3.022281138225,2.47,0.41263445629,27.2863230722,煤炭开采,2024-10-31,2023-09-30
600399,抚顺特钢,0.1432,6274671653.78,9.3646012018,-7.1389,282350495.12,-5.58,29.2238,3.213317186907,4.56,-0.106964076507,12.920018455,特钢Ⅱ,2024-10-31,2023-09-30
600398,海澜之家,0.57,15569111943.91,13.8495881263,-20.791,2451615017.75,40.14,-11.7948,3.39295518959,16.12,0.565514501294,44.7744466399,服装家纺,2024-10-31,2023-09-30
600392,盛和资源,0.0902,13106984372.23,1.7716275681,21.1749,158190900.78,-89.35,1024.7589,5.03303452066,1.7,0.09508676847,3.6192358927,小金属,2024-10-31,2023-09-30
600391,航发科技,0.1005,3039822089.5,31.663455134,7.3632,33183058.04,3207.76,-10.1775,4.80787324649,2.14,-2.899348052638,12.371905318,航空装备Ⅱ,2024-10-31,2023-09-30
600386,北巴传媒,0.02,3496294374.77,29.7172026991,5.9483,12139230.63,-66.31,-32.9168,2.209337220114,0.67,0.299272522321,15.2102488597,汽车服务,2024-10-31,2023-09-30
600382,广东明珠,0.27,491871524.09,-29.0173067338,35.8899,207942505.57,-32.77,7.096,4.6340047507,5.68,-0.027608070026,67.46450147,冶钢原料,2024-10-31,2023-09-30
600381,*ST春天,-0.12,160712654.06,24.9263150068,4.3304,-70331228.73,6.7263553834,9.7461,2.491395253545,-4.7,0.015267148395,66.1642851722,食品加工,2024-10-31,2023-09-30
600378,昊华科技,0.9451,11548377736.51,78.5412419013,-12.3048,1045559910.34,-9.23,-33.1019,9.137533481431,8.91,0.929789850725,21.5636105252,化学制品,2024-10-31,2023-09-30
600376,首开股份,-1.2289,32638080764.87,68.3669296601,-16.0442,-3065467979.85,-438.1047276734,-20.5765,8.241077294466,-13.78,2.381759497456,11.9903029652,房地产开发,2024-10-31,2023-09-30
600373,中文传媒,0.92,7058843688.13,-8.3247232599,-20.1117,1252088598.62,3.52,-2.5796,13.077873913241,7.09,0.794369518855,40.2669566669,出版,2024-10-31,2023-09-30
600370,*ST三房,0.0069,17582050916.47,6.2343178826,18.2794,26878578.21,-96.47,16.322,1.588928608577,0.39,-0.406647775047,1.3625806572,化学纤维,2024-10-31,2023-09-30
600369,西南证券,0.09,1884527686.25,57.711946768,-43.85,570201082.52,151.51,-54.1853,3.810857079228,2.27,-0.57098517706,,证券Ⅱ,2024-10-31,2023-09-30
600366,宁波韵升,-0.2289,4023544664.66,-19.5621106881,6.5724,-246924790.03,-174.5125496839,70.7647,5.238321101241,-4.1,0.700287781422,5.9593504155,金属新材料,2024-10-31,2023-09-30
600363,联创光电,0.7,2469020485.27,-17.0628308829,-6.9027,319323662.95,19.24,-13.2786,8.724705204506,8.35,-0.036523102768,18.7403426995,消费电子,2024-10-31,2023-09-30
600359,新农开发,0.16,491907078.76,-15.9250614613,-53.1843,62126644.42,6.61,-81.6585,1.669905399562,10.0,0.407307845094,22.6481626593,种植业,2024-10-31,2023-09-30
600348,华阳股份,1.18,21651142254.57,-20.7128302044,-11.2991,4271482749.69,-13.87,-1.9258,7.727307231329,15.81,1.192538214403,44.968987365,煤炭开采,2024-10-31,2023-09-30
600345,长江通信,0.4,325074193.84,90.2098811378,-59.1412,78963298.92,-17.04,-13.1056,12.222827380253,3.07,-0.821395527121,29.0084216886,通信设备,2024-10-31,2023-09-30
600340,*ST华幸,-0.48,17786787296.37,-19.0790203633,51.2616,-1880547929.5,-20.5768136192,69.4129,2.253170946763,-21.99,-0.339742756164,21.6845403626,房地产开发,2024-10-31,2023-09-30
600337,ST美克,-0.18,3365708704.04,0.8788615798,-11.3988,-266471857.02,-19.4452447618,-377.7194,2.647710579557,-6.61,0.149702725505,42.1380971213,家居用品,2024-10-31,2023-09-30
600331,宏达股份,-0.034,2242008975.76,11.2355223355,27.5367,-68999193.14,-172.06,96.7522,0.17081813435,-18.15,-0.023640814621,5.8605114935,农化制品,2024-10-31,2023-09-30
600329,达仁堂,1.11,5793039784.16,4.134959857,-11.8502,858191973.18,17.73,-57.8181,8.397349942488,12.94,0.105400738786,44.861694101,中药Ⅱ,2024-10-31,2023-09-30
600322,津投城开,-0.0166,3723092219.75,24.1753134277,-62.4155,-18383760.28,-138.74,2188.4714,0.158954540508,-9.94,0.885410363281,19.8900171334,房地产开发,2024-10-31,2023-09-30
600320,振华重工,0.058,22511197715.0,18.6090161427,23.1864,319626351.0,374.72,-73.5679,2.851963397701,2.07,0.22286794741,12.4943130108,专用设备,2024-10-31,2023-09-30
600319,亚星化学,-0.2,624253955.79,1.2584970507,-4.2708,-78582361.07,-225.75,-17.1097,1.442621651582,-13.13,-0.323076486691,1.234720573,化学原料,2024-10-31,2023-09-30
600308,华泰股份,0.15,10179576525.16,-11.8780227591,5.7565,224389724.3,-47.97,-9.1583,6.101782101074,2.44,0.340307222666,10.2936414021,造纸,2024-10-31,2023-09-30
600307,酒钢宏兴,-0.057,30114901449.79,-17.5246813734,-6.8044,-357085637.42,76.6162358902,108.9669,1.730811952845,-3.24,0.047660426944,7.8140736141,普钢,2024-10-31,2023-09-30
600305,恒顺醋业,0.1311,1637881115.19,-2.6036892047,-5.2889,138223657.99,-10.5,-70.9848,3.005959815652,4.92,0.137004689885,32.8012710463,调味发酵品Ⅱ,2024-10-31,2023-09-30
600303,曙光股份,-0.37,962006175.95,-27.7440606549,-14.5262,-248328976.82,-33.5840919386,3.1566,2.817502235447,-12.25,-0.258584559118,3.1873993137,商用车,2024-10-31,2023-09-30
600301,华锡有色,0.502,2186517385.93,6.2907732559,1.3785,268969767.35,36.93,5.1266,5.411367417673,7.73,0.761101062643,40.3673820652,小金属,2024-10-31,2023-09-30
600298,安琪酵母,1.06,9653844277.91,7.470563825,-11.3833,914504782.73,1.63,-22.8412,11.454280034999,9.55,1.323390125985,24.676621754,调味发酵品Ⅱ,2024-10-31,2023-09-30
600295,鄂尔多斯,0.9,22029165179.33,-21.2319312865,-5.2032,2517902608.94,-44.01,23.6162,7.466588389345,11.59,1.384508749484,21.458704423,冶钢原料,2024-10-31,2023-09-30
600287,苏豪时尚,0.1254,2583075329.17,-15.0122518008,23.4078,54767968.76,41.45,78.1374,4.066563125594,3.1,-0.280714257462,14.9747138077,贸易Ⅱ,2024-10-31,2023-09-30
600284,浦东建设,0.5156,13509720032.04,45.509330381,48.3383,500218986.9,18.33,11.5473,7.672404845659,6.61,-0.781662979863,7.4498774989,基础建设,2024-10-31,2023-09-30
600280,中央商场,0.006,1807898807.42,-9.2486083338,-6.5419,6995514.43,-48.87,-102.0919,0.822756385067,0.76,0.304443432289,55.319542374,一般零售,2024-10-31,2023-09-30
600279,重庆港,0.0669,4098721201.43,7.5299335596,-6.1243,79380163.01,98.1,-56.9717,4.802055048429,1.4,0.410260325493,10.1041353495,航运港口,2024-10-31,2023-09-30
600271,航天信息,0.25,10040459667.81,-24.4592656219,-12.1723,461619148.37,28.14,-123.0066,7.708835034958,3.26,-0.57037522573,26.3105438093,IT服务Ⅱ,2024-10-31,2023-09-30
600267,海正药业,0.38,8700895404.71,-0.4919181245,-11.8728,442382486.1,38.03,-77.7446,6.813867519641,5.31,1.093698996795,41.2985839567,化学制药,2024-10-31,2023-09-30
600266,城建发展,0.2031,16050214427.85,64.6760911506,-24.8872,598128745.09,176.0207451927,-72.8631,9.05004664665,2.07,4.506755515051,20.1005569611,房地产开发,2024-10-31,2023-09-30
600265,*ST景谷,0.023,420955234.67,533.6599840062,-4.9627,3036943.9,120.8208090945,-96.7318,1.215534577119,1.95,0.415651562481,12.9529325732,林业Ⅱ,2024-10-31,2023-09-30
600259,中稀有色,0.49,15562382757.13,-15.3047541641,-10.6576,166421675.44,-21.65,-33.2922,10.735186106352,4.94,-2.582522629199,2.6777219591,小金属,2024-10-31,2023-09-30
600256,广汇能源,0.7388,49568709187.22,32.9674146036,-4.8776,4850572377.91,-42.27,-34.5817,4.388112201126,14.38,0.609460320022,16.8538991345,煤炭开采,2024-10-31,2023-09-30
600248,陕建股份,0.8239,124394770339.29,-2.6950966673,-17.571,3039086367.57,-3.43,-33.2186,5.636018831109,15.34,-1.992036528293,9.2765822052,房屋建设Ⅱ,2024-10-31,2023-09-30
600246,万通发展,-0.0904,361311215.53,39.8417559783,-17.4532,-169076382.45,32.533251436,-4.8251,2.850272520329,-2.85,0.026395854964,28.4050628457,房地产开发,2024-10-31,2023-09-30
600243,*ST海华,-0.06,271558834.11,-33.0413212799,-0.2192,-28365626.64,-4.6537044194,-85.6353,1.969773467631,-3.2284,-0.151059040447,8.0482549985,通用设备,2024-10-31,2023-09-30
600241,时代万恒,0.15,513976655.73,-32.0937329028,3.5802,44424018.72,-29.35,44.5551,3.793905059704,4.06,-0.198596793027,24.0132953635,电池,2024-10-31,2023-09-30
600238,*ST椰岛,-0.15,163087795.55,-52.4002014248,8.6961,-66350956.14,-379.9058743324,62.1545,0.688736008635,-19.41,-0.091985437729,26.9600675585,非白酒,2024-10-31,2023-09-30
600236,桂冠电力,0.14,6096966522.51,-29.2540032673,-10.0782,1137015230.7,-64.66,-63.8359,2.086701441241,6.43,0.412677839098,35.7318219465,电力,2024-10-31,2023-09-30
600231,凌钢股份,-0.07,15521534021.31,-11.1203407621,-6.2963,-201179672.4,3.7725478393,30.2879,2.755626983918,-2.51,0.221943704759,0.797127667,普钢,2024-10-31,2023-09-30
600230,沧州大化,0.5012,3720778762.73,7.3927890464,23.5444,208560324.87,8.74,76.0241,9.682360485939,5.08,1.386833937035,15.1450537494,化学制品,2024-10-31,2023-09-30
600229,城市传媒,0.3871,1952285938.17,8.7396599823,-16.2323,255738649.38,4.67,-57.535,4.650444675347,8.34,0.052217285506,32.1284632275,出版,2024-10-31,2023-09-30
600228,返利科技,-0.0181,192888144.2,-45.5452053106,13.7464,-12717081.87,-126.67,94.8412,0.824839400709,-1.28,-0.055003469597,60.4647569469,数字媒体,2024-10-31,2023-09-30
600221,海航控股,0.0205,46738391000.0,149.5650402554,31.8477,885320000.0,104.2484110208,241.1526,0.087241740519,33.71,0.224937677173,14.7077656139,航空机场,2024-10-31,2023-09-30
600217,中再资环,0.0388,2734708669.99,7.5738035069,-2.8427,53918718.28,-15.97,113.466,1.866162869927,2.1,-0.226138517987,15.4548104051,环境治理,2024-10-31,2023-09-30
600208,衢州发展,0.23,3723188313.96,-44.2875756291,-64.8915,1954970890.01,22.32,-62.1842,5.108959499973,4.61,-0.491366925075,21.1731609952,房地产开发,2024-10-31,2023-09-30
600206,有研新材,0.165,8319911175.99,-29.1016673179,1.8666,139707603.28,-46.31,516.7167,4.361240117994,3.81,-0.531241921188,6.2467581853,半导体,2024-10-31,2023-09-30
600203,福日电子,-0.2258,7683071961.82,-38.7286505839,59.5939,-133906454.25,-416.1855215818,79.2319,3.741468005423,-5.86,-0.397283321741,6.5519534045,消费电子,2024-10-31,2023-09-30
600201,生物股份,0.26,1218989228.41,9.9778369154,66.5908,288309346.9,37.24,455.1697,4.752193685334,5.55,0.263711726655,59.7817590998,动物保健Ⅱ,2024-10-31,2023-09-30
600191,华资实业,0.058,426766831.65,216.3604440871,2.8119,28149831.77,150.226492646,-1946.5935,3.169569912153,1.87,0.131979228902,9.2070397149,农产品加工,2024-10-31,2023-09-30
600186,莲花控股,0.0527,1614339467.07,22.7692020156,23.7198,94592755.05,93.8,52.3124,0.8342611152,6.43,0.042594257428,16.7618331423,调味发酵品Ⅱ,2024-10-31,2023-09-30
600172,黄河旋风,-0.2631,1237798383.72,-31.5353041995,25.5999,-366310106.33,-554.97,27.8353,2.02854072489,-11.78,0.184539484191,18.7565256001,通用设备,2024-10-31,2023-09-30
600171,上海贝岭,-0.18,1430494129.76,0.2151125146,16.4339,-130642516.09,-135.15,29.9432,5.614351286753,-3.18,0.157207285865,30.350132984,半导体,2024-10-31,2023-09-30
600170,上海建工,0.12,223041189364.16,20.707869053,0.6492,1295660765.35,643.7,8.0056,3.437823324442,3.37,-0.630019731736,8.1666182499,房屋建设Ⅱ,2024-10-31,2023-09-30
600167,联美控股,0.2886,2184410376.33,-5.0070791495,67.2957,653164179.24,3.43,162.2006,4.69841825833,6.08,-0.072860764751,38.9623243664,电力,2024-10-31,2023-09-30
600166,福田汽车,0.1,42942068478.63,20.9874901183,1.6224,788723932.61,227.49,-40.5982,1.758284930905,5.68,0.273652369044,12.0142389677,商用车,2024-10-31,2023-09-30
600162,香江控股,0.0241,2486333484.43,-11.762764648,27.9444,78672563.04,-43.89,-244.1179,1.936141606618,1.21,0.276924370704,38.0938717103,房地产开发,2024-10-31,2023-09-30
600159,大龙地产,0.005,531676565.82,-12.7461285223,58.0815,3820539.5,189.35,56.7905,2.724391242033,0.169,-0.632050053222,14.5668126224,房地产开发,2024-10-31,2023-09-30
600155,华创云信,0.15,2087933906.71,17.5948143665,-26.7259,333185548.94,76.36,-89.6204,8.677023914166,1.71,0.724121317205,,证券Ⅱ,2024-10-31,2023-09-30
600153,建发股份,4.02,598704109049.26,6.0444801606,-0.3187,12420747933.18,238.52,831.0237,18.507768736177,22.46,8.11084303324,3.0477348526,物流,2024-10-31,2023-09-30
600150,中国船舶,0.573,49653496526.29,28.8046954286,-10.9549,2561330832.32,74.82,294.0315,10.75058986178,5.46,2.344709355929,10.7697180784,航海装备Ⅱ,2024-10-31,2023-09-30
600149,廊坊发展,-0.0319,109555887.26,-2.4511580479,-17.4508,-12136951.05,-6.7190735079,-39.8231,0.394497360585,-7.78,-0.164690160064,7.0664190886,电力,2024-10-31,2023-09-30
600138,中青旅,0.2849,6734493443.35,39.8829231359,1.4108,206201173.89,220.5763738767,-10.3781,8.602008073193,3.37,0.873016779551,25.9400397542,旅游及景区,2024-10-31,2023-09-30
600136,ST明诚,-3.32,376291094.83,-56.5387866931,-89.7117,-1935096261.7,-192.9847604148,98.7317,-11.281873475723,,-0.033301366667,7.6001131472,房地产服务,2024-10-31,2023-09-30
600135,乐凯胶片,0.0287,1666499364.03,2.5679941856,1.7651,15907040.2,-89.89,-153.6026,4.813900169298,0.5519,-0.020428747201,14.5899269203,塑料,2024-10-31,2023-09-30
600133,东湖高新,0.2548,10795942296.21,2.2585171631,33.3185,238011859.72,-21.96,228.7478,7.639879145362,3.11,-2.22592435869,9.8437023298,环境治理,2024-10-31,2023-09-30
600132,重庆啤酒,2.78,13028681199.38,6.940467132,0.5532,1344089296.32,13.67,0.2262,4.423253991945,61.99,7.682919269878,49.1940321307,非白酒,2024-10-31,2023-09-30
600130,波导股份,0.019,312113294.84,-12.2718538915,-15.2319,14613258.55,5.53,22.8481,1.319564816823,1.45,0.075232490534,14.2825388143,消费电子,2024-10-31,2023-09-30
600125,铁龙物流,0.349,10653253571.45,15.6849111741,3.904,455446183.78,16.79,-8.7488,5.377080888053,6.639,0.091003414739,7.0344215204,铁路公路,2024-10-31,2023-09-30
600121,郑州煤电,-0.0748,3130656972.44,-3.0577607836,-7.382,-91080610.11,-276.55,-694.9031,1.2750013377,-5.68,0.121129433137,29.1558935708,煤炭开采,2024-10-31,2023-09-30
600119,*ST长投,-0.017,635069350.07,-37.7670759701,32.2527,-6238682.11,-409.07,-516.0504,0.522730535411,-3.21,-0.165932826772,6.623413913,物流,2024-10-31,2023-09-30
600117,西宁特钢,-1.12,3303573457.19,-54.0475355322,-45.0832,-1166076431.33,-63.1095413502,86.5651,-1.923095662538,,0.094380467101,-4.9484705973,特钢Ⅱ,2024-10-31,2023-09-30
600115,中国东航,-0.12,85647000000.0,138.9037656904,32.9443,-2596000000.0,90.7668231612,248.8962,1.184379345924,-9.4,1.178996007357,5.4619543008,航空机场,2024-10-31,2023-09-30
600113,浙江东日,0.26,528224880.52,-28.5063512532,1.4551,106394914.81,-10.7,63.1955,5.288503753146,4.85,0.142930869843,41.1451764362,一般零售,2024-10-31,2023-09-30
600109,国金证券,0.332,5028494866.2,20.3051280407,23.7878,1236069437.42,50.27,30.5273,8.63881512802,3.9,-1.843542892598,,证券Ⅱ,2024-10-31,2023-09-30
600104,上汽集团,0.992,523341968949.01,-0.77,8.9398,11407238075.9,-9.82,0.4607,24.470672728735,4.01,1.805769705405,9.9660249611,乘用车,2024-10-31,2023-09-30
600098,广州发展,0.4374,32848423561.35,-7.5634042822,-4.9139,1527651908.71,25.59,-42.2711,7.191676498476,6.1673,0.773949985691,11.186526796,电力,2024-10-31,2023-09-30
600082,ST海泰,-0.0549,376345778.45,22.8613548416,-36.0368,-35469767.45,0.504672474,-18.0223,2.665411841483,-2.04,0.190117871529,5.3341195543,房地产开发,2024-10-31,2023-09-30
600078,澄星股份,-0.169,2429495846.63,-33.4484509679,49.3623,-112115393.33,-121.8,100.911,2.72508476098,-5.88,0.722766995764,7.5360892361,农化制品,2024-10-31,2023-09-30
600073,光明肉业,0.34,16447197178.72,-9.8361320751,-11.08,318313590.88,-23.21,-111.8058,5.291875442857,6.49,0.50121224313,10.0854196992,食品加工,2024-10-31,2023-09-30
600072,中船科技,0.089,8045918430.2,-36.1804114719,442.2871,134754685.38,-44.17,148.8934,7.275618713745,1.433,-4.29707368889,17.2599040609,风电设备,2024-10-31,2023-09-30
600061,国投资本,0.37,12825937312.48,2.85,-6.4447,2427782862.22,13.37,-9.9332,7.788286836855,4.84,-2.540087294351,1.4307490915,多元金融,2024-10-31,2023-09-30
600058,五矿发展,0.12,60017319122.75,3.9885561883,-0.1364,179375422.8,-50.13,-111.6416,4.586594978516,2.52,-2.071842805151,2.8786912559,贸易Ⅱ,2024-10-31,2023-09-30
600057,厦门象屿,0.47,368634671437.87,-5.9025911245,29.3931,1181200576.03,-46.45,-16.0226,6.462769113305,7.12,0.705187226994,1.6091537359,物流,2024-10-31,2023-09-30
600054,黄山旅游,0.5592,1434522165.69,138.9347782747,19.5771,407871829.16,782.3218306076,53.8834,6.143615337814,9.52,0.914290892611,57.4260425013,旅游及景区,2024-10-31,2023-09-30
600053,*ST九鼎,0.0429,202015965.36,-43.5294546784,-81.7236,18604059.89,-83.37,-153.2074,6.630595450209,0.64,-0.075728146278,99.7199208889,多元金融,2024-10-31,2023-09-30
600052,东望时代,0.07,230951727.5,132.7018880572,-53.502,56876792.28,160.56,-92.4217,3.499570678373,1.93,0.138952306385,29.2508182386,电力,2024-10-31,2023-09-30
600039,四川路桥,0.89,89552878254.29,3.3820602159,-35.3124,7753986710.55,5.05,-27.9855,5.100446561015,17.57,-0.757658657628,17.0408737022,基础建设,2024-10-31,2023-09-30
600037,歌华有线,-0.0607,1626420405.8,-0.8902988715,-5.404,-84539594.25,-125.86,145.7549,9.279537166133,-0.65,0.397947003992,13.7469857653,电视广播Ⅱ,2024-10-31,2023-09-30
600033,福建高速,0.2897,2281172930.34,11.0508579855,8.2972,794961432.45,8.56,-11.9106,4.040252791361,7.2,0.56229836682,61.0103581833,铁路公路,2024-10-31,2023-09-30
600031,三一重工,0.4809,56161324000.0,-5.0380570122,-25.9892,4068207000.0,12.51,-65.7156,7.989464923653,6.04,0.579240784474,28.5240067389,工程机械,2024-10-31,2023-09-30
600027,华电国际,0.37,90725112000.0,13.9039852548,13.8482,4498501000.0,92.49,32.3754,3.885090687799,9.83,1.129250561302,6.9197809312,电力,2024-10-31,2023-09-30
600026,中远海能,0.7785,16534602106.32,33.3712744551,-16.5764,3713864739.82,480.49,-46.9331,7.307223582354,11.0618,1.36986078677,31.9906734574,航运港口,2024-10-31,2023-09-30
600022,山东钢铁,-0.0317,68381745803.62,-10.7246752222,-3.6198,-339210292.07,-198.99,-250.0318,1.981927008625,-0.02,-0.016454387665,4.0275777544,普钢,2024-10-31,2023-09-30
600018,上港集团,0.4895,27433687326.9,-6.1633350192,33.7864,11359058717.34,-26.95,6.741,5.178162113945,9.7211,0.306046271147,39.9904011279,航运港口,2024-10-31,2023-09-30
600016,民生银行,0.67,106304000000.0,-2.1105749751,-0.0029,33577000000.0,-0.6,2.6716,12.016422273994,5.1225,2.821639029738,,银行Ⅱ,2024-10-31,2023-09-30
600015,华夏银行,0.95,71109000000.0,-2.5410139386,-4.314,17955000000.0,5.15,-6.6933,16.954068488847,5.66,7.67,,银行Ⅱ,2024-10-31,2023-09-30
600010,包钢股份,0.0105,53582497171.99,-7.9422336447,-2.3528,474908001.44,163.6553679016,-49.4894,1.167143010795,0.9,-0.024527247707,10.2004911697,普钢,2024-10-31,2023-09-30
600009,上海机场,0.2,7920800175.76,91.8139571239,12.4544,496800930.14,123.6282272299,57.135,16.116014348378,1.25,0.816964106566,14.5763942539,航空机场,2024-10-31,2023-09-30
600007,中国国贸,1.0,2949970111.0,13.6251467021,3.2331,1002281091.0,15.34,4.3449,9.374964592606,10.83,1.596962450656,60.3480901505,房地产开发,2024-10-31,2023-09-30
600006,东风股份,0.0187,9167268233.15,0.4826040323,36.5607,37304746.91,-61.95,-342.1364,4.07393077417,0.46,-0.20672365711,4.501084659,商用车,2024-10-31,2023-09-30
600004,白云机场,0.12,4607371885.85,39.2939908934,12.136,274071381.14,143.6986556812,2.4296,7.379236893976,1.58,0.802744525065,20.2846122528,航空机场,2024-10-31,2023-09-30
600000,浦发银行,0.88,132815000000.0,-7.5619432071,-3.6291,27986000000.0,-30.83,-33.6527,20.54388116653,4.32,3.702848187517,,银行Ⅱ,2024-10-31,2023-09-30
420079,神州城B3,-0.004,239911.0,274.3578940798,-38.9479,-6859617.38,-53.77,-223.4773,-3.71950273462,,-0.003918759347,60.6095885558,,2024-10-31,2023-09-30
400289,德邦5,0.46,25443230066.49,11.5115708313,17.8093,471328988.24,44.47,34.2275,7.192651143728,6.58,2.173459130637,8.5925566482,,2024-10-31,2023-09-30
400284,R元成1,0.0032,283179913.55,-15.6480066064,-66.6248,1043937.46,-99.22,-225.7975,4.098061639529,0.08,-0.190541963848,23.6356229864,,2024-10-31,2023-09-30
400281,R天茂1,-0.0431,41188010861.21,8.8777285995,-32.5869,-212995409.95,-189.64,88.9946,4.174389021753,-1.01,3.113635305875,,,2024-10-31,2023-09-30
400278,R九有1,-0.0259,245088338.36,19.3076417218,61.9605,-15207934.15,70.18,60.1171,0.080923509918,-52.31,0.06851228596,28.4288520442,,2024-10-31,2023-09-30
400276,海越3,0.09,2051571383.55,-59.3370038195,73.015,40275537.22,-42.79,-62.5339,6.742189393593,1.28,-1.256726071869,8.0314684588,,2024-10-31,2023-09-30
400274,人人乐3,-1.0865,2223488390.87,-26.8745622013,-6.9765,-478064587.83,-14.79,19.4082,-0.835035473318,,0.377810230455,25.6602798523,,2024-10-31,2023-09-30
400271,龙宇5,0.1231,2189384335.73,-71.3718536986,1032.7083,47806354.33,98.08,297.4301,9.119347791196,1.31,0.27431222332,5.9789539559,,2024-10-31,2023-09-30
400270,龙津5,-0.0665,71053501.41,-30.8677798491,24.1804,-26642434.46,-703.15,-41.8283,1.389233871286,-4.68,-0.119581517828,68.8421610608,,2024-10-31,2023-09-30
400268,R产融1,0.08,12616518550.04,-3.22,-4.6444,690871645.17,-63.12,-106.2638,4.183025539384,1.71,-9.333056627386,38.172644283,,2024-10-31,2023-09-30
400265,富润3,-0.35,72191738.17,-45.7659072597,-64.0267,-180098916.16,54.2854260389,-20.1928,2.079462641191,-15.09,-0.283710829537,11.283577784,,2024-10-31,2023-09-30
400264,R东方1,-0.0281,5586594909.35,-36.1071432963,63.1344,-102856590.33,-13.6094391292,116.912,4.963700981498,-0.57,0.073654844461,2.7760807831,,2024-10-31,2023-09-30
400263,R旭蓝1,0.0315,1525530630.94,-44.2413511614,-35.6393,46880227.01,127.98,136.4916,7.607910804667,0.42,0.184738502863,22.2170270125,,2024-10-31,2023-09-30
400260,大药5,-0.07,73273235.69,-27.0591021584,-39.5906,-15388969.2,-34.0834043748,44.0314,1.755882513609,-3.91,-0.15067615685,48.1956637611,,2024-10-31,2023-09-30
400259,津信科3,0.0144,570851246.31,-10.2581059094,69.7664,49247916.3,192.83,-14.3346,0.669155436665,1.91,0.053724462888,34.9617659855,,2024-10-31,2023-09-30
400258,博信3,-0.0649,229361525.86,-17.9537799475,11.8775,-14931829.92,-128.96,43.508,0.302117585913,-19.4,0.003566518826,13.1927472171,,2024-10-31,2023-09-30
400257,R美讯1,-0.1708,31372638.93,-69.4045107291,-23.8057,-48738477.51,-21.2547601322,13.7529,-0.058130375231,,-0.140788639892,-61.7032918499,,2024-10-31,2023-09-30
400242,巴安3,-0.11,212943348.98,6.2896997215,-24.0361,-73676674.11,55.41,96.6829,0.174159483871,-78.36,0.431609962542,19.4708547736,,2024-10-31,2023-09-30
400236,中银5,0.0017,405008795.99,-7.5373561869,-10.5228,7297403.72,-1.06,-206.8311,0.287163762462,0.6,0.000451422959,16.9317031973,,2024-10-31,2023-09-30
400079,神州城A3,-0.004,239911.0,274.3578940798,-38.9479,-6859617.38,-53.77,-223.4773,-3.71950273462,,-0.003918759347,60.6095885558,,2024-10-31,2023-09-30
400059,天珑5,0.05,9770944917.04,-1.1372998709,-10.4071,99343092.93,-14.6,-31.521,0.960159705181,5.53,0.137256079394,7.6027693579,,2024-10-31,2023-09-30
301329,信音电子,0.39,594466912.9,-12.2244632982,6.1503,53505289.12,-29.46,-22.8609,9.040029887485,6.14,0.498672695476,28.3452535277,消费电子,2024-10-31,2023-09-30
301297,富乐德,0.1988,448321713.49,-3.1181251248,10.4021,67265757.71,1.13,15.5173,4.142518823399,4.86,0.329369042052,38.404403349,半导体,2024-10-31,2023-09-30
300999,金龙鱼,0.39,188522239000.0,0.3633747731,21.0429,2129072000.0,-9.53,941.9578,16.73990702362,2.37,3.599106683055,4.7393294539,农产品加工,2024-10-31,2023-09-30
300803,指南针,-0.1,683370594.0,-37.92,-0.7078,-40545550.0,-112.91,-51.0751,4.278392819478,-2.38,2.636893690785,84.1079241271,软件开发,2024-10-31,2023-09-30
300732,设研院,0.31,1458651672.26,-4.580353093,-14.2612,101671971.84,-32.52,63.5624,8.710190945259,3.53,-0.752398284316,35.1034693119,工程咨询服务Ⅱ,2024-10-31,2023-09-30
300657,弘信电子,-0.4951,2456585858.0,12.684567893,16.5819,-241821146.04,-119.51,42.4559,3.035186952477,-15.08,0.285186781474,3.2240073589,元件,2024-10-31,2023-09-30
300378,鼎捷数智,0.19,1414445953.87,10.6048782129,-6.678,48840423.65,2.5,-72.8006,7.208859096373,2.55,-0.413463277649,60.0133221123,软件开发,2024-10-31,2023-09-30
300274,阳光电源,3.47,46414634831.96,108.8497362834,10.9123,7222976494.3,250.53,0.7896,17.194557984853,32.33,3.065212823399,28.438291323,光伏设备,2024-10-31,2023-09-30
300157,新锦动力,-0.14,540743068.61,42.2628352833,-17.1832,-92004377.65,23.35,35.9402,-0.043974296927,-52.63,-0.051674533495,19.6086350423,通用设备,2024-10-31,2023-09-30
300075,数字政通,0.297,1064273552.95,-4.9601227632,-30.0492,182366088.88,2.28,-52.7154,6.622607028123,4.63,-0.21771277391,43.8905841572,软件开发,2024-10-31,2023-09-30
300027,ST华谊,-0.1,477005234.59,30.1969738861,31.4,-281804546.8,-8.22,-5.0378,0.367097186712,-24.32,0.018621951532,28.968899926,影视院线,2024-10-31,2023-09-30
300015,爱尔眼科,0.3453,16047172893.34,22.9523701736,10.7849,3181255516.74,34.97,57.7221,2.005054735865,17.84,0.597569362103,51.9339161824,医疗服务,2024-10-31,2023-09-30
201872,招港B,1.26,11755307434.7,-3.0234332078,-3.453,3149317960.49,14.36,18.5013,23.281813370657,5.64,1.556512463727,42.2273000957,航运港口,2024-10-31,2023-09-30
200992,中鲁B,0.1094,708042410.21,13.859635829,10.8413,29110074.34,-4.72,646.253,3.842508589952,2.9,0.053315959683,8.468722268,渔业,2024-10-31,2023-09-30
200726,鲁泰B,0.39,4343379615.38,-16.5765112139,2.7834,335112971.01,-51.85,-9.8689,10.655858668429,3.65,0.18603057799,22.4613434655,纺织制造,2024-10-31,2023-09-30
200725,京东方B,0.02,126515073265.0,-4.6927134563,9.7924,1022157403.0,-80.68,-41.3816,3.370250788028,0.71,0.604312413423,11.1556568872,光学光电子,2024-10-31,2023-09-30
200596,古井贡B,7.21,15952670483.87,24.975390249,-1.7623,3812634873.99,45.37,-14.5986,39.235457714056,18.67,10.820328766894,79.0388961521,白酒Ⅱ,2024-10-31,2023-09-30
200553,安道麦B,-0.4474,24660104000.0,-12.1722795087,-14.298,-1042473000.0,-235.71,-145.9268,9.718482553152,-4.55,0.225696344947,21.185531091,农化制品,2024-10-31,2023-09-30
200539,粤电力B,0.3289,45175223659.0,14.4071790811,10.0677,1726839595.0,201.15,13.3043,4.175869850367,8.17,1.338833676568,14.5401934113,电力,2024-10-31,2023-09-30
200505,京粮B,0.11,8040480573.81,-14.8675651867,131.6014,78677726.06,-14.05,-83.7732,4.320759357878,2.47,0.232278147229,2.7237966705,农产品加工,2024-10-31,2023-09-30
200488,ST晨鸣B,-0.278,19721856232.05,-22.220263969,11.6686,-768293423.52,-419.36,80.5624,5.761706372535,-4.63,1.22203792015,7.0072943401,造纸,2024-10-31,2023-09-30
200045,深纺织B,0.1315,2317385312.76,9.2056296188,2.0351,66584597.03,17.75,30.5143,5.697055017956,2.32,0.127813852626,15.7808785909,光学光电子,2024-10-31,2023-09-30
200029,深深房B,-0.036,354316805.85,-32.6847019255,-41.2798,-36431405.81,-129.12,146.8987,3.859200265465,-0.92,-0.062603451347,18.4080571802,房地产开发,2024-10-31,2023-09-30
200016,*ST康佳B,-0.2969,14876693170.75,-39.515843613,-24.9817,-714870927.3,-622.31,-50.8675,2.930729638256,-9.73,-0.133904412276,3.7553888529,白色家电,2024-10-31,2023-09-30
200011,深物业B,0.3882,2427326213.7,-22.7039037742,-65.0694,231351500.28,-49.24,-94.9693,7.430667756093,5.22,-1.576630901206,28.0236519501,房地产开发,2024-10-31,2023-09-30
003043,华亚智能,0.89,367874523.98,-19.8140447838,-2.5915,71574378.63,-40.27,-23.3197,12.824241957056,6.52,0.734064236925,31.8284361209,半导体,2024-10-31,2023-09-30
003038,鑫铂股份,1.46,4713331569.5,52.8483600501,20.1439,211414850.73,62.48,-17.9638,14.198247481236,10.65,-4.867245581568,12.6843677268,工业金属,2024-10-31,2023-09-30
003032,传智教育,0.2554,445770997.53,-28.4234074739,-28.6646,101831814.16,-38.84,-58.4434,3.602730481939,7.3,0.090409595711,55.5516316701,教育,2024-10-31,2023-09-30
003031,中瓷电子,1.18,1907261728.67,1.6869712991,224.9188,343494647.81,-3.43,519.4785,10.298204856415,12.66,2.253945180424,34.702009202,通信设备,2024-10-31,2023-09-30
003030,祖名股份,0.27,1062437745.51,-4.5757909981,9.3006,33109384.67,-11.13,88.2998,8.400082577817,3.17,1.262936049367,26.4711103101,农产品加工,2024-10-31,2023-09-30
003027,同兴科技,0.21,533335120.33,-14.1020855955,-8.5287,28107109.94,-65.62,-191.0263,12.926203349481,1.65,-1.170296009357,23.612181199,环境治理,2024-10-31,2023-09-30
003026,中晶科技,-0.2,255994519.02,0.1227313118,-4.0269,-19860998.61,-181.52,-45.0718,7.022048914797,-2.84,-0.021367944056,26.3229472365,半导体,2024-10-31,2023-09-30
003016,欣贺股份,0.2782,1297110163.08,-0.4976248016,-10.6926,116879464.36,-9.64,-54.839,6.60881253014,4.1,0.544268617499,70.0925312844,服装家纺,2024-10-31,2023-09-30
003010,若羽臣,0.1974,828761211.41,1.4961662367,-23.1851,33728944.55,99.02,-28.8772,8.761226059832,3.11,-0.837014782063,40.0441298363,互联网电商,2024-10-31,2023-09-30
003007,直真科技,-0.46,198137839.76,-5.4888457084,22.5735,-47179898.68,13.89,60.6942,7.351780865962,-5.94,0.162945448462,55.820906256,软件开发,2024-10-31,2023-09-30
003002,壶化股份,0.77,959024269.86,33.1598502032,-1.3662,154391693.18,79.89,-9.5609,6.27146440005,12.77,0.49734433345,42.4649617793,化学制品,2024-10-31,2023-09-30
003001,中岩大地,0.1,673159164.83,5.4122650555,-31.7958,12481725.56,127.88,-56.4621,9.157501231225,1.05,-1.266573381485,16.6766139979,专业工程,2024-10-31,2023-09-30
002992,宝明科技,-0.54,851007369.84,22.2795260867,7.6604,-97443753.65,15.78,-68.8796,4.519647512416,-11.2,-0.499148836331,7.6464228791,光学光电子,2024-10-31,2023-09-30
002990,盛视科技,0.66,1143982640.28,52.1359661069,-12.4195,169905357.46,105.22,-22.5407,8.823515833576,7.77,0.094243286596,39.1499128335,计算机设备,2024-10-31,2023-09-30
002989,中天精装,0.22,670905556.13,-55.5452180072,-38.3485,40098086.24,-12.25,-57.8159,8.731213479876,2.31,0.376638484168,14.1337091985,装修装饰Ⅱ,2024-10-31,2023-09-30
002985,北摩高科,1.0499,782418508.56,-8.9154813044,-48.2853,348397299.18,7.04,-12.1342,9.982918406942,11.11,0.28515919975,65.8681049594,航空装备Ⅱ,2024-10-31,2023-09-30
002981,朝阳科技,0.799,1028029177.76,2.1777431087,31.7096,76661798.23,89.56,63.8648,8.940115827604,9.18,1.496628692708,22.9075495467,消费电子,2024-10-31,2023-09-30
002976,瑞玛精密,0.48,1193595867.02,51.2915286372,-14.0076,58143301.05,-4.78,-76.0378,6.863426402038,6.76,0.345935617481,24.1352781699,汽车零部件,2024-10-31,2023-09-30
002975,博杰股份,-0.04,669324108.04,-22.8180729778,-15.7361,-5421340.77,-103.34,-173.2591,11.476871436086,-0.32,0.262834394992,47.1930909683,自动化设备,2024-10-31,2023-09-30
002973,侨银股份,0.66,2974434693.84,2.1607254002,-3.9276,269464505.36,26.92,-25.2461,5.175269901699,13.3,-0.57329278853,26.4677602477,环境治理,2024-10-31,2023-09-30
002968,新大正,0.56,2292401563.35,19.7740709636,8.8844,126215436.73,-14.69,2.8733,5.141468234218,10.9,-0.372363619552,14.1474339219,房地产服务,2024-10-31,2023-09-30
002966,苏州银行,0.99,9188393407.0,1.8090530587,-6.2105,3762254789.0,21.36,-15.6637,10.38845083307,9.84,6.722060369953,,银行Ⅱ,2024-10-31,2023-09-30
002960,青鸟智控,0.691,3644586407.44,7.0479876886,-2.0431,505495150.11,21.48,3.7502,8.447353316879,8.41,-0.162195611004,38.4744425896,专用设备,2024-10-31,2023-09-30
002959,小熊电器,2.0197,3318160583.93,22.9619922728,-10.3868,315569470.37,31.24,9.7424,16.061959182997,12.67,2.919771089527,38.624584448,小家电,2024-10-31,2023-09-30
002958,青农商行,0.52,8230273000.0,2.6075542088,-9.7354,3046051000.0,8.84,28.5258,5.944837260171,9.0825,3.715563854665,,银行Ⅱ,2024-10-31,2023-09-30
002956,西麦食品,0.41,1132927846.68,17.640506837,37.6159,92505690.46,9.64,4.2454,6.490524589183,6.55,0.538331612867,44.109314229,休闲食品,2024-10-31,2023-09-30
002955,鸿合科技,1.28,3069477845.66,-15.9638648407,49.7214,300016836.12,-21.85,31.0214,15.243885395944,7.71,2.86766746893,32.4932140589,光学光电子,2024-10-31,2023-09-30
002950,奥美医疗,0.2375,2018286601.72,-34.19692181,-3.3506,150405071.8,-23.6,-122.7557,5.070963445853,4.75,0.725223714754,29.7715884998,医疗器械,2024-10-31,2023-09-30
002946,新乳业,0.44,8193900642.39,9.5456087313,4.2896,380879484.35,22.78,-17.8589,2.878214929783,14.86,1.381281058226,27.4273995614,饮料乳品,2024-10-31,2023-09-30
002945,华林证券,0.07,752687815.93,-26.71,24.9874,186895467.67,-57.24,107.9526,2.403714725248,2.91,-0.336393668974,,证券Ⅱ,2024-10-31,2023-09-30
002943,宇晶股份,0.4568,915917936.89,57.4222399599,-16.1124,92858147.78,13.73,-44.2299,8.24566544804,7.36,-0.413923241652,28.7687674962,通用设备,2024-10-31,2023-09-30
002939,长城证券,0.3,3147117784.61,15.73,-12.3463,1212741690.11,113.87,-26.2711,7.03254518257,4.33,-1.528813628818,,证券Ⅱ,2024-10-31,2023-09-30
002938,鹏鼎控股,0.8,20455754841.48,-17.4892221076,83.2358,1844302223.56,-43.5,162.4997,12.214218006401,6.49,2.151986783864,20.2841389907,元件,2024-10-31,2023-09-30
002936,郑州银行,0.3,10477814000.0,-10.6243958104,-1.1295,2750645000.0,-19.18,-18.0013,4.801048735654,6.5175,-0.112177495804,,银行Ⅱ,2024-10-31,2023-09-30
002933,新兴装备,0.12,256547164.88,77.264201663,59.1691,13662859.18,141.97,-64.5483,12.547685448232,0.94,-0.312180437069,39.5915578944,航空装备Ⅱ,2024-10-31,2023-09-30
002932,*ST明德,0.63,625927735.1,-91.6207319799,-46.4953,145299822.2,-96.21,-11.8379,26.152784878612,2.28,0.688965685403,48.2811364209,医疗器械,2024-10-31,2023-09-30
002931,锋龙股份,0.02,318060197.26,-31.7677028366,-20.3547,4859822.17,-88.26,-156.1723,3.317410110887,0.68,0.226551850775,18.8414807814,通用设备,2024-10-31,2023-09-30
002929,润建股份,1.9727,6751388580.55,10.8664139734,-6.1961,400286140.26,10.1,-20.6488,20.890954154252,8.7,-7.815662152754,18.6649702581,通信服务,2024-10-31,2023-09-30
002928,华夏航空,-0.5476,3851634585.44,89.9985902739,39.7978,-697432319.27,53.83,111.5007,2.624744530578,-18.83,0.66659992327,-3.2967872752,航空机场,2024-10-31,2023-09-30
002926,华西证券,0.14,2588550356.1,2.07,-36.5436,373138496.79,3.79,-223.8691,8.657004311208,1.65,-2.292267830149,,证券Ⅱ,2024-10-31,2023-09-30
002920,德赛西威,1.74,14470391710.46,43.1166091661,21.1948,960328624.4,38.7,27.7449,13.0603784282,14.03,0.777591799808,19.8803335092,汽车零部件,2024-10-31,2023-09-30
002913,奥士康,1.39,3223818294.59,-4.1663636174,14.2005,440521259.65,6.23,10.5029,13.308971735311,10.99,2.497485148309,27.1850321937,元件,2024-10-31,2023-09-30
002910,庄园牧场,-0.09,714821693.8,-7.98280601,1.3246,-17463623.17,-157.6,110.1911,6.804103581056,-1.28,0.490339084849,18.2875827824,饮料乳品,2024-10-31,2023-09-30
002905,金逸影视,0.23,1131564779.46,57.7780789815,71.0006,86176165.17,130.47,1643.1277,0.605257652609,46.4,1.001517845663,26.9225865253,影视院线,2024-10-31,2023-09-30
002901,大博医疗,0.236,1125437608.63,-8.8607191276,4.8919,97715980.67,-54.03,-88.1657,7.482050114107,3.21,0.025111334585,67.278000029,医疗器械,2024-10-31,2023-09-30
002899,英派斯,0.61,658560464.41,16.1090208206,34.213,72653569.09,145.53,5.4689,10.210220617167,6.09,1.50422457675,31.5669466442,文娱用品,2024-10-31,2023-09-30
002893,京能热力,0.17,670217800.12,5.5322052669,-73.1963,34708158.29,60.53,-4.4333,3.393446342702,5.08,0.10175687786,14.6458680137,电力,2024-10-31,2023-09-30
002889,东方嘉盛,0.5726,2059741138.19,-13.8641773014,-9.35,153922070.79,0.99,-60.2659,11.408010959514,7.22,1.769257859911,14.038415489,物流,2024-10-31,2023-09-30
002888,惠威科技,0.0082,159222316.12,-5.533691673,4.3034,1200636.58,-38.8,402.3611,2.670194343984,0.3,0.006187747441,32.4871603494,消费电子,2024-10-31,2023-09-30
002886,沃特股份,0.0667,1107040808.3,1.8107502083,3.283,15382754.42,-27.47,-28.2013,6.719501372939,1.23,0.312624436717,19.4955596661,塑料,2024-10-31,2023-09-30
002884,凌霄泵业,0.78,944836168.04,-20.85068988,-0.3887,279888076.91,-16.42,-2.9686,5.965668060889,12.77,0.782140739121,38.0894040822,通用设备,2024-10-31,2023-09-30
002871,伟隆股份,0.43,399097109.56,-1.3279604906,-12.8717,94762999.5,-21.04,1.2513,3.565678613564,12.46,0.453786157622,38.5293259151,通用设备,2024-10-31,2023-09-30
002868,绿康生化,-0.56,397672979.94,69.8959949632,29.0954,-86079986.84,-27.01,-7.9273,3.290088721911,-15.58,-0.788598546234,-0.3551438999,动物保健Ⅱ,2024-10-31,2023-09-30
002867,周大生,1.01,12493990257.53,39.8082986051,11.8461,1095181937.74,17.69,-5.1078,5.621230602526,17.38,-0.099146930674,18.2214490564,饰品,2024-10-31,2023-09-30
002866,传艺科技,0.23,1265194492.41,-16.7265858999,9.0333,66548398.41,-28.21,76.0293,7.28899732109,3.19,0.816401576706,24.304178946,消费电子,2024-10-31,2023-09-30
002865,钧达股份,7.87,14380103531.22,93.5858374178,-9.081,1638235962.5,299.21,13.4995,24.186273078975,58.67,2.087647897558,17.7575864949,光伏设备,2024-10-31,2023-09-30
002863,今飞凯达,0.12,3172862423.84,3.743436657,10.9793,57659077.51,-4.63,4.5489,4.242389004873,2.73,0.660712555219,13.7530953249,汽车零部件,2024-10-31,2023-09-30
002857,三晖电气,-0.0496,161707640.11,62.2029770861,20.2141,-6354889.62,-8646.71,-100.9748,4.052618037812,-1.66,-0.077333513672,27.9451906349,电网设备,2024-10-31,2023-09-30
002856,*ST美芝,-0.1314,634992657.41,-44.0239994282,12.6524,-17781481.0,-347.72,-365.82,3.813122676015,-0.03,-0.180399264348,5.2981984244,装修装饰Ⅱ,2024-10-31,2023-09-30
002851,麦格米特,0.9678,4876136890.22,22.3413251459,-7.8994,482655354.88,58.57,-59.3487,8.099877116435,12.11,0.633399481291,25.0901574721,其他电源设备Ⅱ,2024-10-31,2023-09-30
002849,威星智能,0.29,977387300.97,38.2053905427,32.524,63131192.07,10.95,11.6953,5.902427377381,4.96,0.943780248917,31.6830027976,通用设备,2024-10-31,2023-09-30
002846,英联股份,0.0118,1321157449.61,-8.3178683033,-9.3417,3890884.61,148.98,-90.2911,3.411013346164,0.45,0.135016050862,12.7670397923,包装印刷,2024-10-31,2023-09-30
002842,翔鹭钨业,-0.15,1366196830.96,6.3932146301,-22.2741,-40500788.68,-283.76,-10.9076,3.033084419679,-4.33,-0.066518522972,6.8999412715,小金属,2024-10-31,2023-09-30
002840,华统股份,-0.6,6164014358.73,-3.9765993955,-4.0611,-358277118.68,-889.75,99.2431,3.732992816878,-14.36,0.322635457423,0.2592273186,食品加工,2024-10-31,2023-09-30
002839,张家港行,0.6,3531017680.55,-3.8456007094,-4.0587,1398034465.84,10.22,49.0911,6.529854230528,9.17,-0.048549530647,,银行Ⅱ,2024-10-31,2023-09-30
002835,同为股份,0.41,744198462.52,19.682157196,4.8376,89029680.93,44.26,-11.5061,4.469497952861,9.29,0.962275557815,38.6163931939,计算机设备,2024-10-31,2023-09-30
002833,弘亚数控,1.13,2047213431.67,28.5638998524,-3.6482,478519302.32,24.24,-7.5124,6.379387247332,17.79,1.435351960358,33.2349622728,专用设备,2024-10-31,2023-09-30
002832,比音勒芬,1.33,2795944692.01,25.6721330948,83.9767,757996419.24,32.17,197.2767,8.30315997786,17.06,1.7038042201,76.5994244908,服装家纺,2024-10-31,2023-09-30
002824,和胜股份,0.37,1988994806.83,-6.4040598474,32.7336,104828949.22,-25.9,80.9684,5.864017678212,6.53,0.341164757657,17.5006649351,工业金属,2024-10-31,2023-09-30
002805,丰元股份,-0.54,2320679218.65,91.2667588918,50.7253,-149857496.26,-199.58,-261.9316,8.208388663541,-6.29,-4.541190166518,4.433962335,电池,2024-10-31,2023-09-30
002803,吉宏股份,0.85,4930619888.5,25.2539954442,1.031,320713765.83,61.41,10.2874,5.968250097128,14.61,0.76934550626,47.2959562508,互联网电商,2024-10-31,2023-09-30
002796,世嘉科技,-0.07,759119964.43,-7.8297219155,-4.9428,-17610206.3,26.52,-467.4854,3.232775545026,-2.13,0.120439635629,9.7569052706,通信设备,2024-10-31,2023-09-30
002795,永和智控,-0.0783,740215378.84,-7.214014354,-5.8393,-32911817.11,-189.31,-54.7312,1.982457165361,-3.86,0.038577455033,24.3590747199,通用设备,2024-10-31,2023-09-30
002786,银宝山新,-0.29,1721300197.4,-10.4443293462,7.0452,-143163586.12,-21.55,-581.9574,0.192342691279,-100.17,0.118884755474,11.9341908001,专用设备,2024-10-31,2023-09-30
002768,国恩股份,1.3941,12667577773.24,22.3643107604,9.6756,378150291.84,-29.26,-13.6614,16.15902310459,8.93,1.522180910415,10.2374604086,塑料,2024-10-31,2023-09-30
002767,先锋电子,0.1702,442027143.0,16.5930711074,5.3224,25527284.88,9.11,-53.4567,5.513694189733,3.13,-0.0896116522,33.7834598383,通用设备,2024-10-31,2023-09-30
002766,索菱股份,0.023,729841570.57,30.1632445662,80.6094,19380170.51,627.21,509.4591,0.817672431741,2.86,0.176905805562,24.2092614596,汽车零部件,2024-10-31,2023-09-30
002763,汇洁股份,0.52,2156653888.02,16.7982419827,-15.2305,211115776.71,29.73,-52.9592,5.002991587953,10.18,0.861498648091,68.1599307643,服装家纺,2024-10-31,2023-09-30
002762,金发拉比,0.01,150021913.71,-16.1775343813,-10.7238,4148181.92,-59.76,-259.3317,2.434208010762,0.48,0.030876419208,52.4205829703,服装家纺,2024-10-31,2023-09-30
002761,浙江建投,0.4028,71762972691.81,3.3283222645,-8.6183,533588264.19,-48.35,-102.7782,6.107266091006,6.68,-0.846763366089,4.6847951349,房屋建设Ⅱ,2024-10-31,2023-09-30
002759,ST天际,0.06,1646668040.1,-31.391243228,-7.0791,25719226.15,-95.26,-78.6426,9.237817231314,0.68,-0.140346737976,13.2777459801,电池,2024-10-31,2023-09-30
002757,南兴股份,0.7973,2680276976.57,27.5587099742,-4.847,235571201.16,17.22,-7.2141,8.043012718686,9.64,1.732698497491,19.9482924669,专用设备,2024-10-31,2023-09-30
002756,永兴材料,5.7,9703961100.52,-10.6951900391,-8.1422,3052535379.94,-28.52,18.1063,23.664291616715,24.09,6.453957158609,40.7770561506,能源金属,2024-10-31,2023-09-30
002755,奥赛康,-0.2,1119748100.35,-25.6569292068,9.2714,-184655635.86,-170.58,70.8402,3.018423206304,-6.41,-0.010132483121,81.6887602287,化学制药,2024-10-31,2023-09-30
002753,永东股份,0.1579,3351074953.16,3.4403435508,10.1021,59316630.68,10.59,30409.7994,5.963027553097,2.66,0.358805197294,5.2052307447,橡胶,2024-10-31,2023-09-30
002749,国光股份,0.51,1348487273.65,8.6747642545,-36.1754,222829440.2,36.12,-52.5769,3.741559978309,14.35,0.621124746298,41.1928007608,农化制品,2024-10-31,2023-09-30
002747,埃斯顿,0.1614,3225541757.18,26.8812182581,-21.5625,140269264.46,16.64,-21.1394,3.149668847735,5.19,-0.38165745427,33.1194748027,自动化设备,2024-10-31,2023-09-30
002741,光华科技,-0.7017,1998506752.27,-25.4231795072,20.0072,-279667224.34,-361.53,-131.0405,3.775209493576,-17.08,0.232421544791,3.0573987339,电子化学品Ⅱ,2024-10-31,2023-09-30
002739,儒意电影,0.5116,11347970406.21,46.9831561141,43.9133,1114948397.13,309.1441297578,546.064,3.708203247173,14.69,1.742002938764,29.4116119359,影视院线,2024-10-31,2023-09-30
002733,雄韬股份,0.46,2979730736.29,3.5896963885,-28.0104,175133408.73,68.53,-1.1509,7.242670652792,6.45,1.006700816217,16.7958796557,电池,2024-10-31,2023-09-30
002732,燕塘乳业,0.91,1481278105.64,5.1163001655,-2.9597,143031411.51,70.33,-36.1867,8.631537560597,11.0,1.516785878869,27.3828807849,饮料乳品,2024-10-31,2023-09-30
002731,*ST萃华,0.36,3294746689.91,1.7565781141,8.7579,92432126.86,167.76,40.2144,5.589014819563,6.69,0.741304102656,8.5270062758,饰品,2024-10-31,2023-09-30
002730,电光科技,0.23,967289813.3,10.7235847498,-0.8646,83156957.94,38.54,19.9467,4.209274734791,5.53,0.444112901026,40.9692348571,专用设备,2024-10-31,2023-09-30
002727,一心堂,1.1539,12812828974.03,6.5478790487,-2.4174,685920712.36,1.26,-31.5969,13.203674782648,8.97,2.249413675746,33.1269373029,医药商业,2024-10-31,2023-09-30
002725,跃岭股份,-0.1328,489798591.27,-18.0673137369,11.6944,-33986459.52,-314.76,91.1201,3.851430179766,-3.39,-0.170254486289,5.235708264,汽车零部件,2024-10-31,2023-09-30
002723,小崧股份,0.0354,1229889030.42,7.2819091123,-21.1988,11243036.89,-24.55,-177.8518,3.94730490447,0.9,0.08017612616,14.041910878,照明设备Ⅱ,2024-10-31,2023-09-30
002721,金一文化,-0.55,1306794745.15,-0.4418878567,48.0045,-521395055.33,-14.97,64.252,-3.820694649229,,-0.061157167951,11.4252677204,饰品,2024-10-31,2023-09-30
002718,友邦吊顶,0.54,713001240.62,1.5969580707,-5.1201,70797643.45,-24.97,-75.7926,8.231159573126,6.57,0.920180144854,28.1221898528,装修建材,2024-10-31,2023-09-30
002717,*ST岭南,-0.12,1644064134.32,-5.7459261217,-21.3545,-205501892.36,51.92,-67.9853,1.711610046671,-6.48,-0.176546408979,7.0622510775,基础建设,2024-10-31,2023-09-30
002713,东易日盛,-0.47,2099206048.5,20.4422751952,-2.4397,-196392804.46,59.84,21.6806,0.029252302217,-177.79,-0.312198935693,32.8978114013,装修装饰Ⅱ,2024-10-31,2023-09-30
002712,思美传媒,-0.0079,4137626726.9,33.7363447246,-6.0395,-4287564.8,-178.13,-273.9729,2.852514642336,-0.28,-0.794683621844,4.2831394538,广告营销,2024-10-31,2023-09-30
002708,光洋股份,-0.1277,1300062894.2,23.8250946422,13.5505,-62812437.32,56.52,19.9585,2.410387013767,-5.17,-0.12119830404,9.4290626074,汽车零部件,2024-10-31,2023-09-30
002707,众信旅游,0.014,2053011392.82,647.4557442937,92.5731,14132697.19,110.72,1534.8385,0.74562713829,1.94,0.112969651702,11.5194042725,旅游及景区,2024-10-31,2023-09-30
002702,海欣食品,0.0075,1133706337.61,3.5634274422,20.1685,3672059.06,-93.14,119.6167,2.087492218422,0.44,-0.084754217936,19.143938588,食品加工,2024-10-31,2023-09-30
002701,奥瑞金,0.27,10706995368.0,-1.4491598417,-5.0401,706424550.0,29.98,-3.8136,3.356303603853,8.35,0.449753178811,16.0789688314,包装印刷,2024-10-31,2023-09-30
002695,煌上煌,0.197,1580610569.34,-2.2941332235,-31.7053,100876425.34,19.4,-60.4956,5.621028631808,4.21,0.406223680736,28.7045818737,休闲食品,2024-10-31,2023-09-30
002694,*ST顾地,0.25,685779012.26,-17.2316857323,-13.9081,135665429.21,252.44,-101.2337,0.264426348617,150.6,0.005158376904,14.9158337061,装修建材,2024-10-31,2023-09-30
002693,双成药业,-0.0039,182248825.9,-7.8915089956,-24.8448,-1620567.41,55.24,-342.9803,1.260773434863,-0.31,-0.064845958423,70.4447598858,化学制药,2024-10-31,2023-09-30
002692,远程股份,0.0446,2269064763.46,0.6745360288,-18.953,32004677.6,-10.89,-8.1844,1.530960186188,2.95,-0.137095996093,12.2541694683,电网设备,2024-10-31,2023-09-30
002687,乔治白,0.25,963876905.97,8.7019151814,-1.1032,124412694.05,57.82,21.1968,2.855822423113,9.0,0.090764547862,50.2663522104,服装家纺,2024-10-31,2023-09-30
002681,奋达科技,0.09,2299286050.2,-4.0431715984,20.397,164431962.15,79.84,25.3943,1.326400989442,6.76,0.095283598174,22.478504626,消费电子,2024-10-31,2023-09-30
002679,福建金森,-0.11,72770428.06,-1.3826548033,242.0795,-26892521.99,20.75,148.149,3.081230091196,-3.61,-0.178506230849,57.9224937707,林业Ⅱ,2024-10-31,2023-09-30
002678,珠江钢琴,0.01,902315719.14,-31.4685259864,2.3736,6475136.29,-93.54,-244.3666,2.705395095446,0.18,-0.242319866378,20.7805543972,文娱用品,2024-10-31,2023-09-30
002671,龙泉股份,0.0052,684253158.56,-5.9971456712,-34.7644,2938755.99,102.3,-97.5335,2.795120697773,0.19,0.173767859187,24.4047196993,水泥,2024-10-31,2023-09-30
002666,德联集团,0.07,4017793084.32,19.5951766002,3.2714,51444807.85,-20.19,36.2688,4.512490744824,1.52,0.20864783266,9.7962927786,化学制品,2024-10-31,2023-09-30
002663,普邦股份,-0.0161,1296321860.61,-14.1478629734,-9.2886,-28962297.09,58.4,13.577,1.665706162126,-0.97,-0.066293971582,9.1316970983,基础建设,2024-10-31,2023-09-30
002659,凯文教育,-0.043,191077491.62,64.8833574517,5.607,-25628438.73,57.56,42.7012,3.719268414323,-1.15,0.117512274479,24.4442951569,教育,2024-10-31,2023-09-30
002656,摩登大道,-0.0774,214816201.88,26.5895815424,-14.0411,-55151107.92,-222.51,-211.093,0.641581459463,-11.53,0.024976539783,67.1422712569,服装家纺,2024-10-31,2023-09-30
002654,万润科技,0.08,3452978335.82,52.7116992767,1.5955,65825292.3,215.29,1345.8127,1.778622217988,4.32,0.020423958312,8.1307044023,光学光电子,2024-10-31,2023-09-30
002647,仁东控股,-0.23,1337426452.06,5.0117757021,8.2745,-129504181.0,-48.6,-8.0236,0.10357345289,-105.5,0.213240377675,15.0504163171,多元金融,2024-10-31,2023-09-30
002640,跨境通,-0.0094,5026395075.52,-1.6571577124,-18.3785,-14605990.26,-241.54,-519.4043,0.856942158903,-1.05,-0.274275224541,12.0310182688,互联网电商,2024-10-31,2023-09-30
002638,勤上股份,0.0413,245061006.01,-48.6132057307,-41.1718,61709487.59,-19.16,41.8648,1.827610725229,2.21,0.04070663757,8.4661605768,照明设备Ⅱ,2024-10-31,2023-09-30
002636,金安国纪,0.004,2640426310.47,-3.7247838044,6.9394,3154354.86,-91.76,-30.1595,4.755951033049,0.09,0.135976460316,9.0016770439,元件,2024-10-31,2023-09-30
002634,*ST棒杰,0.03,455422960.4,-8.4094958415,74.6027,14160166.93,-76.96,-45.6521,2.20493586015,1.5,-0.349440534941,21.5832083661,服装家纺,2024-10-31,2023-09-30
002631,德尔未来,0.0043,1200681933.94,-9.5536501571,-3.3639,2809123.67,-81.82,-100.8156,2.555400812433,-0.3,0.513456375487,22.7400357798,家居用品,2024-10-31,2023-09-30
002628,成都路桥,0.02,854899912.02,-4.7392256921,-17.2349,15255524.31,141.04,2015.9473,3.959912479813,0.51,0.183733195576,4.6126399729,基础建设,2024-10-31,2023-09-30
002625,光启技术,0.21,1224234212.55,46.6788256496,-28.2527,447352771.57,50.27,-26.3388,4.030904138306,5.29,-0.064273422798,44.6268733564,航空装备Ⅱ,2024-10-31,2023-09-30
002624,完美世界,0.32,6195583795.08,8.4767254374,-32.1019,614710207.93,-57.37,69.3666,4.68346249598,6.71,0.315033474664,59.9526244902,游戏Ⅱ,2024-10-31,2023-09-30
002623,亚玛顿,0.44,2697276823.98,18.0387303657,15.1599,84552144.86,42.89,94.7426,16.264135432992,2.6,1.941177639937,7.887979858,光伏设备,2024-10-31,2023-09-30
002622,皓宸医疗,0.0194,523639966.97,27.4268231592,14.1411,16321536.9,220.9,4.4834,0.70344123581,2.81,0.054477440619,49.9698447416,医疗服务,2024-10-31,2023-09-30
002620,*ST瑞和,-0.22,1189849335.13,-28.7011710876,20.0952,-81981202.8,-115.81,-636.2424,1.415152956524,-14.26,-0.048179686035,14.2523293087,装修装饰Ⅱ,2024-10-31,2023-09-30
002616,长青集团,0.1523,2935628603.25,22.6028677632,-4.322,112975633.88,819.18,-40.3241,3.330362237506,4.42,0.32020529213,20.8109357639,电力,2024-10-31,2023-09-30
002608,江苏国信,0.5207,25015216371.71,2.17,19.0246,1967113884.2,221.8,-2.1402,7.869612088573,6.74,0.558118018028,9.0986786625,电力,2024-10-31,2023-09-30
002607,中公教育,0.04,2665849557.97,-31.5374897395,11.6413,242036937.87,129.42,177.4932,0.165705317457,26.86,-0.06298826294,57.876472135,教育,2024-10-31,2023-09-30
002605,姚记科技,1.3697,3571409031.02,26.9350193051,5.8268,557651071.86,90.81,-28.3527,7.814530887386,18.77,0.954631400415,34.821829934,游戏Ⅱ,2024-10-31,2023-09-30
002600,领益智造,0.27,24646126045.64,-0.092019918,15.889,1869633727.67,52.49,3.35,2.580438808535,10.47,0.572330033919,20.8392558169,消费电子,2024-10-31,2023-09-30
002599,盛通股份,-0.0415,1797686241.04,6.2067709971,11.3234,-22310700.5,-2120.78,230.2958,2.666393875725,-1.55,0.18600243006,13.4079785247,包装印刷,2024-10-31,2023-09-30
002597,金禾实业,1.02,4093336450.64,-25.9577303238,9.8588,563544054.75,-57.71,1.394,12.08814211018,8.04,1.748612961319,23.7975917579,化学制品,2024-10-31,2023-09-30
002596,海南瑞泽,-0.09,1224948701.84,-12.7736223018,3.5444,-103997232.44,-754.97,82.3347,1.216470064482,-7.19,0.041410238031,18.1403787592,水泥,2024-10-31,2023-09-30
002594,比亚迪,7.35,422274838000.0,57.7489761797,15.8629,21366896000.0,129.47,52.5883,44.606443746643,17.74,33.615762906283,19.7852586708,乘用车,2024-10-31,2023-09-30
002589,瑞康医药,0.0128,6105062530.67,-43.9733762729,0.9081,19220119.06,-68.54,-220.3987,3.644176710079,0.35,0.220969450189,13.4058580894,医药商业,2024-10-31,2023-09-30
002586,ST围海,-0.0761,1260167523.35,-18.5671164218,-24.2238,-87042514.59,-153.08,4.696,3.242884666346,-2.31,0.012535523766,5.9066337476,基础建设,2024-10-31,2023-09-30
002575,群兴玩具,0.0205,33864482.08,-56.1454917821,53.6826,12696583.21,90.59,28.4982,1.301643179112,1.59,0.025014755641,44.9060868968,综合Ⅱ,2024-10-31,2023-09-30
002573,清新环境,0.1828,5979944509.2,9.3074128219,51.5577,262261408.15,-28.9,-15.9554,4.553416130705,4.03,0.182618192776,16.7808010851,环境治理,2024-10-31,2023-09-30
002572,索菲亚,1.0495,8200451726.67,3.3605500392,17.6116,952430971.36,18.54,14.5525,6.684680507976,15.94,2.329577232336,35.6197358958,家居用品,2024-10-31,2023-09-30
002569,*ST步森,-0.22,99034104.66,-15.4085104686,32.0502,-31947993.31,54.41,15.0853,0.883825854871,-22.3,-0.251770955142,34.7612765604,服装家纺,2024-10-31,2023-09-30
002568,百润股份,0.64,2456915876.13,49.346132422,-9.5525,665242113.92,118.19,-10.0288,3.563073421024,16.46,0.496300048713,66.8588659367,非白酒,2024-10-31,2023-09-30
002563,森马服饰,0.31,8898315927.31,-0.4961356372,30.5107,832014435.59,206.51,54.56,4.162959315964,7.5,0.312899684927,44.1269917915,服装家纺,2024-10-31,2023-09-30
002562,兄弟科技,0.003,2158144636.62,-18.614187792,-12.8003,2642986.93,-99.04,-223.5945,2.970650479771,0.08,-0.069506314802,13.2889709232,化学制品,2024-10-31,2023-09-30
002561,徐家汇,0.0992,400853458.25,14.9499506168,1.2237,41228721.07,455.11,-41.9535,5.340385753735,1.85,0.342931938075,57.488305491,一般零售,2024-10-31,2023-09-30
002558,巨人网络,0.59,2267254807.49,44.1812940572,-11.9858,1084821647.95,39.87,0.5766,6.324412914164,8.74,0.39924936133,89.5310637143,游戏Ⅱ,2024-10-31,2023-09-30
002555,三七互娱,0.99,12042963172.91,3.1245128505,7.171,2192303860.51,-2.85,114.0081,5.563739501876,16.88,1.198219763033,79.2034306771,游戏Ⅱ,2024-10-31,2023-09-30
002553,南方精工,0.0181,489288458.92,14.1597176234,4.5824,6307424.77,-91.89,26.6699,3.324037722356,0.54,0.23618330523,34.5234505966,汽车零部件,2024-10-31,2023-09-30
002543,万和电气,0.75,4412685706.44,-13.0685150258,-8.4224,559252943.88,2.68,-49.8746,6.159361344164,12.16,1.630647055944,32.3098820544,厨卫电器,2024-10-31,2023-09-30
002535,林州重机,0.1123,1172523043.09,64.6772007083,9.1664,90014679.15,6206.16,-25.3096,0.614077158363,20.12,0.110862119723,25.6162716895,专用设备,2024-10-31,2023-09-30
002531,天顺风能,0.4007,6406506047.35,68.9936541729,-28.7795,719940183.95,87.38,-63.3542,4.913997913381,8.51,0.529310518034,21.9161897187,风电设备,2024-10-31,2023-09-30
002529,海源复材,-0.2333,254456619.69,2.9976742529,6.2691,-60649113.15,4.42,-16.7975,2.054132760885,-10.75,-0.159447503,3.9684254873,专用设备,2024-10-31,2023-09-30
002528,*ST英飞,-0.3124,986985332.07,-23.841496167,5.8948,-374524486.64,-51.58,-434.8784,0.739687857005,-35.04,0.236406194243,17.6441326858,计算机设备,2024-10-31,2023-09-30
002523,天桥起重,-0.003,948987028.58,-7.5258662304,8.822,-4689044.32,-113.34,53.9117,1.548984774228,-0.2,0.031774959792,21.7675492297,专用设备,2024-10-31,2023-09-30
002514,*ST宝馨,-0.0531,493284505.83,-4.9616107439,-43.0898,-38229917.14,-759.02,-773.2176,1.527671590029,-3.4,-0.209372892857,21.3952188712,通用设备,2024-10-31,2023-09-30
002513,蓝丰生化,-0.3638,763015745.63,-30.0771231769,63.3096,-135974730.81,-1024.13,42.3997,0.596856741431,-46.83,-0.306830084109,2.5763694527,农化制品,2024-10-31,2023-09-30
002510,天汽模,0.0932,1659364785.68,6.7268237577,-12.0127,87768073.99,-20.53,-26.9257,2.173879363197,4.25,0.073462248098,14.2649004862,汽车零部件,2024-10-31,2023-09-30
002506,协鑫集成,0.024,9411507815.83,97.429166043,-6.1137,142474855.12,240.78,-63.3528,0.409588686692,6.12,0.156479885155,8.3466127834,光伏设备,2024-10-31,2023-09-30
002500,山西证券,0.09,2474367616.0,-18.6,-22.4022,337626850.0,-10.47,-136.8399,4.872207847213,1.93,-0.644198547735,,证券Ⅱ,2024-10-31,2023-09-30
002498,汉缆股份,0.2122,7221647436.01,0.8916949817,3.4959,705931659.41,5.9,13.2207,2.286463329759,9.63,0.069834017511,20.1382064689,电网设备,2024-10-31,2023-09-30
002497,雅化集团,0.7004,9471324836.42,-6.378907333,2.4045,807237858.72,-77.22,-140.0794,9.654514182623,7.26,-0.141359703298,16.0064679459,化学制品,2024-10-31,2023-09-30
002490,山东墨龙,-0.3095,1002123231.65,-54.8775606358,-47.8192,-246910051.81,7.16,-24.6293,0.930735726286,-28.57,0.025563696249,7.2701119442,专用设备,2024-10-31,2023-09-30
002489,浙江永强,0.04,3100879356.0,-44.0902831111,-58.442,81876360.44,-43.22,-104.3213,1.673978859962,2.28,0.893714536057,24.6076698503,家居用品,2024-10-31,2023-09-30
002487,大金重工,0.64,3333268425.9,-10.0882196896,5.4275,407988318.83,24.2,-31.6263,10.815744233962,6.07,0.227817371915,24.1973121442,风电设备,2024-10-31,2023-09-30
002486,嘉麟杰,0.0621,756143402.41,-26.941309052,-15.11,51633886.99,-25.05,8.1713,1.280367637404,4.9,0.142785392584,26.4944198536,服装家纺,2024-10-31,2023-09-30
002485,ST雪发,0.0567,658852824.93,-47.4360801594,-44.0079,30860885.61,251.6,-80.1368,2.603350186195,2.2,0.010214336801,1.4956567199,服装家纺,2024-10-31,2023-09-30
002483,润邦股份,0.237,4966002142.68,70.1156228056,2.8809,217330485.41,28.88,-49.142,4.677814880021,5.33,1.657633789451,17.7375862129,专用设备,2024-10-31,2023-09-30
002468,申通快递,0.1466,29336318312.14,21.8425755997,-0.8939,221038965.31,4.77,-96.7905,5.469361194614,2.68,1.256709285334,4.0286095224,物流,2024-10-31,2023-09-30
002467,二六三,0.07,659756455.08,-1.0803272074,6.4672,91225475.04,40.39,-43.7598,1.547327621755,4.16,0.077747593917,46.8764329123,通信服务,2024-10-31,2023-09-30
002466,天齐锂业,4.93,33399166232.91,35.5158251073,-35.8788,8098513756.3,-49.33,4.363,32.055318531465,15.79,12.207502649842,86.6353579867,能源金属,2024-10-31,2023-09-30
002460,赣锋锂业,2.98,25681961591.04,-6.9886959829,-13.4407,6009847045.29,-59.38,-95.377,24.047947231815,13.24,-0.678724110306,17.3176780583,能源金属,2024-10-31,2023-09-30
002459,晶澳科技,2.05,59981108181.94,21.6071804486,-6.0112,6764826206.84,105.62,-12.5424,10.474537523959,21.78,2.159804506381,19.4074184528,光伏设备,2024-10-31,2023-09-30
002458,益生股份,0.69,2658325128.56,86.8154006557,-14.3663,683622796.11,269.88,-52.7242,3.449466426413,22.17,1.019733587158,38.045415606,养殖业,2024-10-31,2023-09-30
002456,欧菲光,-0.0919,10819231432.18,-0.0475612955,24.49,-299358334.91,90.88,1136.7287,0.918023467638,-9.61,-0.101420606527,7.7312317676,光学光电子,2024-10-31,2023-09-30
002455,百川股份,-0.11,3187274354.16,4.7466916232,-15.3835,-62413088.2,-152.19,103.2728,3.470402902213,-2.68,0.10698045116,3.9710790332,化学制品,2024-10-31,2023-09-30
002454,松芝股份,0.17,3679446152.62,26.9681832292,9.2356,107279950.54,90.75,-52.635,6.113401107398,0.03,0.162529344655,16.1792408979,汽车零部件,2024-10-31,2023-09-30
002444,巨星科技,1.26,8610217402.8,-12.4512352055,25.0927,1506185101.35,19.24,11.1425,12.252581325911,10.58,1.153484656049,31.2993490448,通用设备,2024-10-31,2023-09-30
002443,金洲管道,0.4376,4349045049.55,-4.1278609477,-10.1545,227805409.37,45.85,23.4613,6.337967011627,7.14,0.450173319008,12.8752953363,特钢Ⅱ,2024-10-31,2023-09-30
002440,闰土股份,0.09,4212438984.37,-13.4347119431,-17.6399,102131358.79,-81.44,-130.9474,8.260552773368,1.07,-0.121720581217,16.817975734,化学制品,2024-10-31,2023-09-30
002438,江苏神通,0.3971,1543309421.53,6.621363742,8.2437,201566445.48,12.59,54.1039,6.160812045143,6.62,0.01427409976,30.4620320865,通用设备,2024-10-31,2023-09-30
002432,九安医疗,1.9042,2745050759.03,-88.8364368978,-41.2816,896732603.94,-94.41,-39.824,39.942527408888,4.49,3.604987767359,67.0141644077,医疗器械,2024-10-31,2023-09-30
002431,ST棕榈,-0.16,3510260828.51,19.2035645765,22.9975,-281344216.87,24.14,-3.213,2.16252167636,-6.93,0.039883831459,10.3802931215,基础建设,2024-10-31,2023-09-30
002427,尤夫股份,-0.0298,1988511720.61,6.3899427344,-5.1519,-29404786.51,94.88,21.6225,1.034442630164,-2.84,0.006831643748,4.6528228243,化学纤维,2024-10-31,2023-09-30
002410,广联达,0.1586,4779999780.85,7.1445312287,-2.6513,261587844.23,-59.02,-89.5436,3.688770537071,4.16,-0.250445716188,85.0494249034,软件开发,2024-10-31,2023-09-30
002408,齐翔腾达,0.07,20234131556.79,-13.0775805623,-15.6242,189559267.28,-81.93,69.8005,4.62064319541,1.4,0.343124713883,8.2129019693,炼化及贸易,2024-10-31,2023-09-30
002407,多氟多,0.39,8785702747.6,-5.4889369657,26.0362,462561066.29,-73.25,22.5996,7.012972081067,7.03,0.44583835916,18.0981253102,化学制品,2024-10-31,2023-09-30
002406,远东传动,0.1,929820206.5,13.401930277,-7.1693,62035653.74,20.63,-24.8322,5.364662186149,1.8,0.099772323944,22.96732422,汽车零部件,2024-10-31,2023-09-30
002405,四维图新,-0.2172,2318033310.07,11.5771453126,2.991,-494883439.1,-738.34,-4.1709,4.74310581116,-4.31,-0.05732774578,42.4016341582,软件开发,2024-10-31,2023-09-30
002403,爱仕达,-0.42,1803842584.58,-18.7097677362,10.8702,-144743416.13,-1788.86,-178.3639,5.609143654219,-7.3,0.036490407624,27.7462739664,小家电,2024-10-31,2023-09-30
002399,海普瑞,0.0976,4063233063.48,-24.6876844069,-4.359,143170121.26,-78.05,-65.1112,8.455115486089,1.14,-0.159469485631,33.0416197256,化学制药,2024-10-31,2023-09-30
002397,梦洁股份,0.04,1462416571.33,4.7702120316,-13.7527,31257711.58,131.87,-2.9469,1.560644823863,2.7,0.226394326811,42.9872745998,服装家纺,2024-10-31,2023-09-30
002392,北京利尔,0.25,4118500316.83,10.4603355788,18.2883,300644022.22,3.23,-6.3008,4.322153985849,5.97,-0.105501519412,21.317104354,装修建材,2024-10-31,2023-09-30
002390,信邦制药,0.127,4823207646.87,2.923248953,-5.1241,246574999.15,2.3,-12.1493,3.531363222529,3.59,0.374583647292,19.9584538286,医药商业,2024-10-31,2023-09-30
002389,航天彩虹,0.14,1716247666.33,-18.9516055694,-7.7058,141868386.64,58.9,-70.817,8.016107022362,1.79,-0.582539401867,24.1220670677,航空装备Ⅱ,2024-10-31,2023-09-30
002388,新亚制程,0.0177,1561408486.72,19.2238219028,-1.1089,8917693.56,-134.28,-185.3711,2.83973009217,0.62,-0.311680165074,11.8820226173,其他电子Ⅱ,2024-10-31,2023-09-30
002387,维信诺,-1.8498,4118958669.24,-14.7857093926,-25.8995,-2538680950.14,-29.73,-4.139,6.66796190582,-24.27,-0.499740754844,-36.5562095178,光学光电子,2024-10-31,2023-09-30
002386,天原股份,0.0198,15584445124.51,12.0584147351,-52.6672,25799187.41,-94.85,130.008,6.137998630332,0.35,0.043536439289,2.8375785877,化学原料,2024-10-31,2023-09-30
002379,宏桥控股,-0.0834,2007347012.65,-29.425480779,-3.9083,-81179515.43,-314.34,-192.6554,1.841766255411,-5.33,-0.19946553799,1.4249065906,工业金属,2024-10-31,2023-09-30
002375,亚厦股份,0.19,8822007022.65,1.4607946967,-12.8125,248725355.96,7.78,83.3944,5.884857647523,3.2,-0.821915322558,12.2407919732,装修装饰Ⅱ,2024-10-31,2023-09-30
002370,亚太药业,0.0023,301858122.44,28.9197252907,-17.2552,1260384.91,101.55,-182.6707,0.414137395283,0.37,-0.043966510939,33.7714953919,化学制药,2024-10-31,2023-09-30
002368,太极股份,0.216,5221110701.06,-26.0619879307,49.0109,131997183.23,12.38,248.2875,7.853265067232,2.82,-3.026953151418,29.2634555368,IT服务Ⅱ,2024-10-31,2023-09-30
002366,融发核电,0.0021,444679557.39,51.6285181858,17.4034,4334279.63,103.93,12676.9094,2.198877213754,0.09,-0.252709101379,14.7609227452,其他电源设备Ⅱ,2024-10-31,2023-09-30
002362,汉王科技,-0.3676,972708886.79,5.0427339327,12.4413,-89852834.45,-98.32,-73.1114,5.313686981429,-6.68,-0.672041923392,41.5356672738,软件开发,2024-10-31,2023-09-30
002358,森源电气,0.09,1825700508.76,10.8108176585,2.8568,86526488.87,51.8,305.824,3.416723512837,2.76,0.018694119754,27.0381027524,电网设备,2024-10-31,2023-09-30
002356,鹏飞绿能,-0.0074,125400512.63,-1.4348246062,-10.109,-9657174.65,78.18,20.938,0.457845336924,-1.59,-0.00164719445,48.5940028729,一般零售,2024-10-31,2023-09-30
002345,潮宏基,0.35,4499040048.12,33.0730511444,0.745,312936197.46,33.28,23.5551,4.158332360023,8.62,0.546736736552,26.7495062144,饰品,2024-10-31,2023-09-30
002335,科华数据,0.96,5501875170.12,51.0392206831,10.4289,445193958.98,54.39,-30.7424,8.952141836467,11.29,1.445270038238,28.2350907963,其他电源设备Ⅱ,2024-10-31,2023-09-30
002331,皖通科技,-0.1881,473188576.87,1.442918321,16.5,-77168048.4,30.55,75.1959,4.09704296829,-4.49,-0.663524830735,25.1641243957,IT服务Ⅱ,2024-10-31,2023-09-30
002330,得利斯,0.0444,2313327554.25,18.1333109463,1.934,28219548.81,-43.99,-24.689,3.810554841048,1.17,-0.144447675767,8.3573928013,食品加工,2024-10-31,2023-09-30
002329,皇氏集团,0.2088,2243468496.67,9.105666591,-42.2505,174907988.65,203.41,-118.2167,2.167803742572,10.71,0.202589866059,19.5862677547,饮料乳品,2024-10-31,2023-09-30
002326,永太科技,-0.11,3111758954.98,-36.2505288592,1.0659,-99364621.22,-118.01,-1133.8914,4.056460255564,-3.0,-0.070700436289,15.2982944617,化学制品,2024-10-31,2023-09-30
002323,*ST雅博,-0.0044,481630172.75,-7.0485001163,146.4991,-9272083.58,-117.79,132.8606,0.309621030383,-1.4,-0.015420208091,17.9371823336,专业工程,2024-10-31,2023-09-30
002321,华英农业,0.0075,2656839621.0,18.9585711365,31.3766,16010377.97,107.31,-70.4308,0.487141036234,1.55,-0.103651142052,10.1535894748,养殖业,2024-10-31,2023-09-30
002320,海峡股份,0.1657,3015462192.29,35.9106481691,-10.8374,369313732.18,198.69,-24.7416,1.890840470141,9.03,0.592958819985,49.9943948385,航运港口,2024-10-31,2023-09-30
002319,乐通股份,0.011,294992310.35,-4.010841562,14.4615,2169020.77,113.56,268.6141,0.3895259294,2.89,0.1138626234,25.1681891273,化学制品,2024-10-31,2023-09-30
002318,久立特材,1.14,6154060066.61,29.3260843352,14.5844,1107874616.3,26.25,-17.4687,7.08551684458,16.92,0.406167720549,24.7746347664,特钢Ⅱ,2024-10-31,2023-09-30
002316,亚联发展,-0.016,430628977.9,-57.6115074054,-63.5314,-6276344.04,75.88,175.037,0.217049156136,-11.95,-0.058587241097,9.6759355218,综合Ⅱ,2024-10-31,2023-09-30
002315,焦点科技,0.9554,1124687762.91,1.1278038421,-1.8623,297668026.11,24.69,-23.5192,7.56385877559,13.15,0.709678762863,78.4805708082,互联网电商,2024-10-31,2023-09-30
002314,南山控股,0.0074,9382721374.76,90.6656062373,-46.479,20146843.91,107.45,91.9295,3.742563785613,0.2,2.026609993201,21.5406352703,房地产开发,2024-10-31,2023-09-30
002313,日海智能,-0.4662,2065152253.96,-16.3083722479,10.6351,-174559805.11,79.27,-96.9858,1.253731247569,-30.89,0.039011033173,18.252697931,通信设备,2024-10-31,2023-09-30
002310,东方新能,-0.73,1759449759.5,-49.5379126885,-47.2728,-1953154996.36,-19.74,-85.3418,1.102893041547,-49.67,-0.130069982014,-13.8954871317,电力,2024-10-31,2023-09-30
002306,ST云网,-0.1331,144815646.77,80.8378264156,-54.0195,-109001251.2,-1579.61,73.9341,-0.013399777265,,-0.042185489417,-4.6802920549,酒店餐饮,2024-10-31,2023-09-30
002304,洋河股份,6.7732,30283094805.01,14.3508041883,23.1943,10203469152.39,12.47,11.6754,34.588557498175,20.36,2.882217626769,75.7733260379,白酒Ⅱ,2024-10-31,2023-09-30
002301,齐心集团,0.21,7759736253.9,15.1251753545,30.0639,148345801.52,3.92,87.8421,4.47022725089,4.72,0.239512318257,8.6928160293,文娱用品,2024-10-31,2023-09-30
002295,精艺股份,0.11,2050850116.23,-47.6112953418,-13.8652,28161755.8,-25.37,-79.1091,5.335894550348,2.13,-0.31537496357,4.3642212808,工业金属,2024-10-31,2023-09-30
002292,奥飞娱乐,0.0551,2019770506.85,0.1535419055,3.0848,81423094.11,768.25,-52.1044,2.302324422807,2.44,0.01526994384,37.9147172292,文娱用品,2024-10-31,2023-09-30
002291,遥望科技,-0.4899,3444014507.6,13.4170105178,1.6635,-449612757.64,-317.39,-42.21,5.417219094888,-9.02,-0.357385852564,3.6582929495,广告营销,2024-10-31,2023-09-30
002289,宇顺电子,0.0151,126142756.54,14.9353285231,-15.786,4229690.49,127.21,-101.9428,0.896295811375,1.7,0.005921814679,15.3042481071,光学光电子,2024-10-31,2023-09-30
002279,久其软件,-0.0932,1852979949.56,3.3687044651,13.3902,-80670920.98,-8.3832747649,-190.6425,1.948934572801,-4.69,-0.232890583247,24.9350476113,软件开发,2024-10-31,2023-09-30
002277,友阿股份,0.0626,1015415804.21,-31.9930263084,-4.9468,87210761.68,-36.43,-92.3684,4.830434776363,1.3,0.15589050962,63.7619838829,一般零售,2024-10-31,2023-09-30
002272,川润股份,-0.0569,1234383316.38,13.8423033492,3.4669,-24642325.98,-453.04,48.2299,3.286010788101,-1.7,0.014617530048,17.8118600464,通用设备,2024-10-31,2023-09-30
002266,浙富控股,0.19,14263319316.17,20.5664438852,4.1468,986562336.04,-5.41,-6.059,2.108200512988,9.09,0.148505805649,13.5313815026,环境治理,2024-10-31,2023-09-30
002263,大东南,-0.002,991083494.75,-18.0927191876,-0.5182,-4254786.22,-104.33,-1274.0889,1.443704960103,-0.16,-0.14940039411,8.9088825642,塑料,2024-10-31,2023-09-30
002259,升达林业,0.0327,602133834.37,-56.0743687498,-2.1579,24565218.92,134.3,-19.9939,0.360780845086,0.1,0.115834744051,14.0923492181,燃气Ⅱ,2024-10-31,2023-09-30
002258,利尔化学,0.6996,6006422528.32,-22.422545928,-24.1605,559959009.47,-62.47,-60.8351,9.299921677893,7.69,0.422188344581,24.8852444476,农化制品,2024-10-31,2023-09-30
002256,兆新股份,-0.08,242756524.12,5.1648599176,-5.1432,-160079064.84,-257.29,38.3137,0.612645000454,-13.77,0.007120791558,30.2849751151,电力,2024-10-31,2023-09-30
002250,联化科技,-0.08,5018258456.94,-14.9710965875,-20.7873,-75367187.38,-122.0,-399.8124,7.398006762716,-1.09,0.924248108557,21.8605708288,农化制品,2024-10-31,2023-09-30
002244,滨江集团,0.79,46392607416.56,133.5044653723,14.2924,2472579304.72,20.23,-22.339,8.110918290106,9.98,8.96537051076,14.9927134755,房地产开发,2024-10-31,2023-09-30
002242,九阳股份,0.49,6781172561.74,-2.0774538346,1.5734,363513922.7,-27.96,-7.4862,4.52019141139,10.75,0.556814388534,25.3894764121,小家电,2024-10-31,2023-09-30
002240,盛新锂能,1.2,6628491352.32,-18.5540996648,-5.2616,1094809668.34,-74.83,226.9544,14.518301995292,8.23,1.030836358338,15.6695996907,能源金属,2024-10-31,2023-09-30
002235,安妮股份,-0.0177,272982053.76,-14.5668824615,23.0774,-10242000.44,-11.6,-763.9489,1.70622918842,-1.02,0.000180999407,20.7704881032,造纸,2024-10-31,2023-09-30
002229,鸿博股份,-0.0655,461136656.9,23.2842039939,13.5725,-32291242.85,30.43,95.44,3.156804135056,-2.03,0.026444771814,24.643774792,IT服务Ⅱ,2024-10-31,2023-09-30
002224,三力士,0.1,599534656.06,-0.8317332612,-5.9386,75934994.64,1.57,-50.1709,3.414301890275,3.04,0.223934469853,25.8802651126,橡胶,2024-10-31,2023-09-30
002217,ST合力泰,-1.0566,4145737885.84,-54.1564704183,-44.5519,-3292763515.06,-116.93,50.7452,0.693285001456,-86.13,-0.025036727187,-3.8318424766,光学光电子,2024-10-31,2023-09-30
002214,*ST大立,-0.2778,179580662.61,-46.0892674624,-35.9796,-164409217.12,-338.55,1.0717,3.509137941676,-7.42,-0.222049551235,48.0711030438,军工电子Ⅱ,2024-10-31,2023-09-30
002210,飞马国际,0.0047,284420930.71,69.7610650546,-29.8859,12554656.89,136.38,-10.6725,0.104851099993,4.6,-0.001517615584,19.8246015507,环境治理,2024-10-31,2023-09-30
002206,海利得,0.23,4261865176.4,1.1304268318,5.1615,272129815.41,-3.1,-3.9972,3.112619072062,7.63,0.58828299855,15.951231525,化学纤维,2024-10-31,2023-09-30
002203,海亮股份,0.488,69468553854.71,20.9215645512,5.745,969981533.58,3.92,-34.0967,6.603842277161,7.33,-0.995972095879,3.523242642,工业金属,2024-10-31,2023-09-30
002198,ST嘉应,0.0491,377231434.03,-9.0162183228,-7.0594,24906038.31,11.89,9.8131,1.481304488145,3.36,0.102977870904,68.123697462,中药Ⅱ,2024-10-31,2023-09-30
002184,海得控制,0.2859,2454362734.28,45.7960742734,2.4018,100600561.0,30.84,-28.6977,3.871417810295,7.53,0.182006767387,18.1999140441,自动化设备,2024-10-31,2023-09-30
002181,粤传媒,0.0,377401967.61,3.7495790207,-6.0989,44595.9,-79.94,-79.0897,3.84225872603,0.12,-0.051521485055,24.2896191084,出版,2024-10-31,2023-09-30
002180,奔图科技,0.1497,17945491675.53,-5.4314390469,-2.3559,212471067.22,-86.31,-199.369,11.28685881266,1.33,1.019152937967,31.8801016926,计算机设备,2024-10-31,2023-09-30
002176,江特电机,-0.06,2520734312.51,-45.4593095893,-34.2518,-95578207.28,-104.88,58.7314,2.415953314692,-2.28,0.348320490379,7.1562491959,电机Ⅱ,2024-10-31,2023-09-30
002175,*ST东智,0.0397,188170991.31,-11.9601455527,-21.6428,50701127.16,19.12,-81.9996,0.459446216735,9.38,-0.009826702553,30.0741329926,通用设备,2024-10-31,2023-09-30
002172,澳洋健康,0.0517,1623745504.62,-3.3444268605,7.7062,39625652.92,59.69,587.7516,0.109607933169,61.84,-0.241636953308,13.9285917163,医疗服务,2024-10-31,2023-09-30
002169,智光电气,0.0468,1907334742.18,24.4836995192,-34.4242,35993998.34,3.97,49.1653,4.123878599939,1.08,-0.174868144179,17.8024751267,电网设备,2024-10-31,2023-09-30
002168,ST惠程,-0.0638,139601282.59,-13.8291187132,-25.562,-50047747.23,40.23,103.6247,-0.033669432056,,-0.038583930288,34.4980707244,电网设备,2024-10-31,2023-09-30
002166,莱茵生物,0.06,888977405.17,-9.184568748,45.1784,40900687.74,-76.74,-71.0669,4.131396630112,1.33,0.148046476845,22.9766448238,化学制品,2024-10-31,2023-09-30
002161,远望谷,0.041,374863795.33,24.7195272945,8.7218,30346378.31,130.47,-137.8064,2.007329654776,2.08,0.007473409566,40.0859475714,其他电子Ⅱ,2024-10-31,2023-09-30
002157,正邦科技,-0.7939,5785649051.58,-56.7444716602,-13.8944,-2818526005.0,63.13,-1.1364,-2.812944559553,,-0.177979315006,-11.0601996546,养殖业,2024-10-31,2023-09-30
002154,报喜鸟,0.38,3667434448.06,20.708330345,1.4092,555115721.03,44.39,-2.9518,2.876985660804,13.6,0.295789566891,64.6100884574,服装家纺,2024-10-31,2023-09-30
002153,石基信息,0.0053,1858376152.89,-3.1286166167,2.8359,14417980.97,27.05,-165.5149,2.725288133002,0.19,-0.044622482878,47.9251343543,软件开发,2024-10-31,2023-09-30
002152,广电运通,0.3,5743570120.15,20.0963388331,-2.4881,752509348.97,12.77,17.3038,4.755827057379,6.35,-0.31860577523,37.7715109,计算机设备,2024-10-31,2023-09-30
002149,西部材料,0.3087,2350692302.7,8.7241793241,-8.8411,150691325.8,11.35,-30.7925,5.928770422821,5.28,0.172775249357,22.6161246025,小金属,2024-10-31,2023-09-30
002146,荣盛发展,0.03,34000453381.06,41.8944883851,-33.0397,129605573.46,104.33,-97.1524,5.301905759945,0.56,-0.244814167333,16.9565174825,房地产开发,2024-10-31,2023-09-30
002141,贤丰控股,-0.0291,67702677.8,-92.1872682587,-1.7272,-33047731.81,-113.29,62.5269,0.989200501848,-2.91,-0.046303854647,40.332304153,元件,2024-10-31,2023-09-30
002140,东华科技,0.3713,5961647456.87,63.4595380938,-6.2218,261159650.39,18.84,-55.8326,5.506695785738,6.85,0.260700877068,7.3598258103,专业工程,2024-10-31,2023-09-30
002133,广宇集团,0.2041,7457746174.2,41.7327214472,-5.2765,157968053.08,15.28,859.1208,5.273422958714,3.91,1.301030459979,9.0624839532,房地产开发,2024-10-31,2023-09-30
002131,利欧股份,0.3117,15678531483.89,3.4845097944,-26.0225,2105936020.92,2910.13,-85.8372,2.042464917843,16.57,-0.028071188952,7.6598805757,通用设备,2024-10-31,2023-09-30
002124,天邦食品,-0.8514,7268524282.87,6.3636537285,-1.1877,-1565859135.15,-256.58,47.7618,1.277533630564,-49.99,0.1409104539,-5.4954190193,养殖业,2024-10-31,2023-09-30
002115,三维通信,0.1173,9942129604.8,34.001724349,6.0518,95123515.94,7.61,13.7519,3.027215489068,4.03,0.041479628243,4.6149324125,通信服务,2024-10-31,2023-09-30
002112,三变科技,0.13,967735574.14,30.6355462697,7.53,33805611.66,52.71,115.7646,1.857238232906,7.2,-0.588260068033,19.1183652791,电网设备,2024-10-31,2023-09-30
002109,ST兴化,-0.1866,2932822421.52,14.7941737065,18.8845,-196431908.75,-145.81,35.1421,4.003655105491,-3.67,0.472441443157,3.2590034163,化学原料,2024-10-31,2023-09-30
002104,恒宝股份,0.1971,954134087.4,33.3695450577,-8.7535,138085130.5,89.86,-38.0907,3.005423190806,6.78,0.013778807203,29.6989784415,通信设备,2024-10-31,2023-09-30
002103,广博股份,0.2226,1783848601.56,11.8071465568,-10.9211,118941970.45,473.25,124.2714,1.674809271432,14.25,0.256682887689,15.9964447914,文娱用品,2024-10-31,2023-09-30
002099,海翔药业,-0.02,1676630297.77,-19.0461985841,-14.6167,-38588053.71,-118.63,-151.8961,3.69951096326,-0.64,0.152798324926,19.3642851666,化学制药,2024-10-31,2023-09-30
002097,山河智能,0.043,5261834289.34,-2.7048925748,-23.0624,46792263.98,148.06,-108.9137,4.273819399596,1.02,-1.329042909548,26.9240063977,工程机械,2024-10-31,2023-09-30
002096,易普力,0.4,6284705857.21,47.5828333939,-0.626,473577341.06,2.51,-2.9615,5.523993818133,13.8,0.139458269305,23.7164103009,化学制品,2024-10-31,2023-09-30
002094,青岛金王,0.0614,2319930502.35,-4.637675453,6.9866,42447135.68,16.7,3.19,2.146359025787,2.92,-0.102504205251,9.5173857961,家居用品,2024-10-31,2023-09-30
002090,金智科技,0.0589,1169028842.71,20.699682997,-7.9138,23316229.94,43.82,-42.4184,3.523638232132,1.73,0.057271138821,25.2017142457,电网设备,2024-10-31,2023-09-30
002088,鲁阳节能,0.7183,2558749347.81,2.3871674799,-5.6919,363688469.74,-16.12,1.5148,5.58625176352,11.81,0.487950784013,31.1771280791,装修建材,2024-10-31,2023-09-30
002081,金螳螂,0.3205,16472919344.8,-5.8873041857,7.609,851066977.27,-29.24,-29.908,4.940047256905,6.62,-0.184795474847,15.0411534342,装修装饰Ⅱ,2024-10-31,2023-09-30
002079,苏州固锝,0.1025,2818183036.59,16.0650689496,12.4692,82843073.08,-58.12,-16.0217,3.490517352413,2.98,0.135656697709,14.3576548523,光伏设备,2024-10-31,2023-09-30
002076,星光股份,-0.0064,103731301.55,9.4355708753,56.8551,-7082095.56,90.41,27.1254,0.290713117491,-2.1,0.123194442648,35.747637122,照明设备Ⅱ,2024-10-31,2023-09-30
002068,黑猫股份,-0.3587,6793344458.5,-6.9941425471,6.8977,-263273482.14,-806.24,79.2398,4.070492879337,-8.36,0.065660524389,0.8525750607,橡胶,2024-10-31,2023-09-30
002067,景兴纸业,0.0421,4078655106.08,-11.3400941465,-4.601,50281864.9,-57.5,-20.4388,4.529944593991,0.91,0.104268595617,4.8758448858,造纸,2024-10-31,2023-09-30
002066,瑞泰科技,0.2097,3348764441.25,-7.3134852071,-4.8483,48436419.61,4.55,58.5875,2.835611410736,7.69,0.021489513247,15.9684947228,装修建材,2024-10-31,2023-09-30
002062,宏润建设,0.24,4532889711.39,-16.563189774,-3.1489,267782749.2,14.06,134.3528,3.868518255982,6.37,0.725490754531,14.6707637719,基础建设,2024-10-31,2023-09-30
002061,浙江交科,0.29,29715173759.26,-7.8991263429,2.5451,758331409.73,-24.04,-14.8576,5.236672563987,5.65,-0.945958917901,7.5907340686,基础建设,2024-10-31,2023-09-30
002060,广东建工,0.2699,51124138941.85,5.6258473005,0.2213,948560426.64,0.07,-11.8082,3.282248596851,8.66,-0.253832685737,8.6535453224,基础建设,2024-10-31,2023-09-30
002059,云南旅游,-0.1064,370011850.54,-21.824589506,-8.9409,-107690556.71,-134.21,-7.3711,1.733692005492,-5.95,-0.19500355818,12.7788875872,旅游及景区,2024-10-31,2023-09-30
002054,德美化工,0.0754,2349203837.35,28.5874126452,1.7938,36339583.49,-68.13,-41.5487,5.214382158197,1.45,0.08873854682,21.5134668327,化学制品,2024-10-31,2023-09-30
002050,三花智控,0.59,18975778199.5,21.6475130184,-5.8876,2159631223.77,32.68,-3.6078,4.613694774804,14.81,0.633239628246,27.401230934,家电零部件Ⅱ,2024-10-31,2023-09-30
002046,国机精工,0.4538,2042969322.68,-24.9452009022,-34.2065,240941937.5,21.64,-63.0588,6.141248573031,7.49,0.087684788155,32.6728864007,通用设备,2024-10-31,2023-09-30
002044,美年健康,0.06,7283658355.11,25.9529877393,21.7367,223127459.7,158.1,21.4886,1.957934024356,2.98,0.043004427705,40.0218778655,医疗服务,2024-10-31,2023-09-30
002042,华孚时尚,0.06,11052837196.4,-16.9057029665,2.4791,84937772.72,-71.74,-87.989,3.559921680684,1.36,1.005749560093,5.1738393132,纺织制造,2024-10-31,2023-09-30
002037,保利联合,0.1546,4986933159.37,19.61878833,-22.2561,74814144.7,162.32,-98.5024,5.569508675833,2.86,-0.274281110717,20.6354781312,化学制品,2024-10-31,2023-09-30
002035,华帝股份,0.4243,4430901003.95,4.0331325225,-7.9147,359628288.01,28.16,-41.6041,4.197253036027,10.47,0.874690082842,40.8988324159,厨卫电器,2024-10-31,2023-09-30
002031,巨轮智能,-0.0059,538590534.26,-27.8901711979,-20.0628,-12924296.0,-278.91,-783.0878,1.112678905788,-0.53,-0.021570621038,15.7435827732,专用设备,2024-10-31,2023-09-30
002030,达安基因,0.2512,842336232.83,-90.9773678995,56.8384,352594428.71,-92.82,-113.6979,6.510685293177,3.31,0.202522888625,54.8022811484,医疗器械,2024-10-31,2023-09-30
002025,航天电器,1.32,5202912875.14,10.5644550617,-13.8884,595422974.69,34.71,-19.5634,13.397868986639,9.94,-0.038129018821,35.2525363858,军工电子Ⅱ,2024-10-31,2023-09-30
002024,ST易购,-0.2857,48656872000.0,-12.3895323212,-19.612,-2607308000.0,42.64,62.9414,1.418508351133,-17.81,0.283157010892,19.765621185,互联网电商,2024-10-31,2023-09-30
002021,中捷资源,-0.0087,558545267.64,-18.6922110864,-0.3584,-10464673.26,-144.17,-104.2445,-0.446704200056,,0.264058846634,16.6582845905,专用设备,2024-10-31,2023-09-30
002019,亿帆医药,0.12,2930281528.53,7.380911135,-1.9179,146845650.22,-27.75,-12.9898,7.329057518686,1.63,0.209992137614,50.5989651436,化学制药,2024-10-31,2023-09-30
001979,招商蛇口,0.39,75828913858.79,-15.2600739132,-33.066,3769074170.3,27.45,-14.0665,10.633817600909,3.59,2.839102593472,18.2518342748,房地产开发,2024-10-31,2023-09-30
001965,招商公路,0.6813,6575351918.91,19.2128633185,1.5934,4362606346.4,19.69,6.1916,9.088229615518,7.52,0.500180445045,39.5764481252,铁路公路,2024-10-31,2023-09-30
001914,招商积余,0.5611,10855909049.39,18.2944771558,5.6146,594927229.3,25.92,-25.2472,9.070823021307,6.32,-0.198653174399,12.6587795425,房地产服务,2024-10-31,2023-09-30
001896,豫能控股,-0.3784,8781866092.26,-16.5237666599,46.9979,-577372095.78,58.47,103.6066,2.097382609964,-16.64,0.556181806052,2.4773804985,电力,2024-10-31,2023-09-30
001872,招商港口,1.26,11755307434.7,-3.0234332078,-3.453,3149317960.49,14.36,18.5013,23.281813370657,5.64,1.556512463727,42.2273000957,航运港口,2024-10-31,2023-09-30
001696,宗申动力,0.3261,5876984889.67,-8.6805580955,-5.8275,373336289.37,-5.51,-23.0677,4.233887493719,7.77,0.275787838071,15.3273466013,通用设备,2024-10-31,2023-09-30
001368,通达创智,0.79,578262272.56,-26.0995678223,7.1329,80971839.12,-26.19,7.135,12.383796064643,7.03,0.83205846375,28.8630080346,文娱用品,2024-10-31,2023-09-30
001339,智微智能,0.13,2779476668.08,31.89396313,36.4768,31330525.35,-68.61,-282.3276,7.671761421513,1.65,-0.179638900814,11.615349068,计算机设备,2024-10-31,2023-09-30
001336,楚环科技,0.33,282493116.81,-24.2816373928,-19.4309,26348433.7,-37.52,-62.486,9.495623932017,3.49,-0.174295067155,34.9177947569,环保设备Ⅱ,2024-10-31,2023-09-30
001330,博纳影业,-0.17,1321375057.1,-25.5910194379,44.8857,-236210030.9,-377.22,118.2404,4.73887694446,-3.55,0.042962192554,20.4135984284,影视院线,2024-10-31,2023-09-30
001317,三羊马,0.22,693526541.01,14.7853074166,2.3597,17721959.69,-8.97,-2.7981,10.073334942779,2.21,-0.289422118691,7.4694306197,铁路公路,2024-10-31,2023-09-30
001316,润贝航科,0.9789,603578139.32,48.9303565134,5.2191,78311086.68,30.47,8.7442,13.747938592072,7.72,-0.541380610487,24.7348619399,炼化及贸易,2024-10-31,2023-09-30
001309,德明利,-0.76,976253147.69,16.9705930015,33.6719,-111191585.82,-290.04,10.8245,8.854293259207,-10.73,-7.983922560615,3.6391030999,半导体,2024-10-31,2023-09-30
001300,三柏硕,0.0497,290462906.26,-44.9359329034,19.835,12104226.81,-87.25,-33.8601,4.486355254687,1.09,-0.044195358652,25.4191665368,文娱用品,2024-10-31,2023-09-30
001289,龙源电力,0.7143,28150208082.59,-6.8364259358,-17.4063,6124833174.8,14.1,-56.1866,8.22277615621,8.32,0.718708874689,38.1694200589,电力,2024-10-31,2023-09-30
001287,中电港,0.1601,24079122765.87,-30.2863552504,12.4934,111532040.35,-59.05,275.9853,6.531626343732,2.65,-1.631218721689,3.4581900094,其他电子Ⅱ,2024-10-31,2023-09-30
001282,三联锻造,0.5893,864813103.71,17.0788418426,7.7931,84234882.9,50.12,36.5769,12.354159554693,8.56,0.572750887262,21.8390413142,汽车零部件,2024-10-31,2023-09-30
001279,强邦新材,0.588,1051208709.1,-13.0086270613,,70563889.8,-5.9905225658,,,,,13.4919576457,包装印刷,2024-10-31,2023-09-30
001269,欧晶科技,3.0587,2325834386.81,147.762013414,6.4571,588475728.47,280.59,-23.3668,8.635073680893,41.65,0.222920724091,33.3149312072,光伏设备,2024-10-31,2023-09-30
001266,宏英智能,0.09,291687211.17,1.791694212,-30.4487,9314279.27,-81.39,-161.2346,9.91430976348,0.9,-1.262611637077,31.8082292459,自动化设备,2024-10-31,2023-09-30
001256,炜冈科技,0.46,310652960.88,-0.8046120657,7.368,66181031.37,3.93,-11.4506,7.659233361763,6.2,0.787159486474,32.6403299144,专用设备,2024-10-31,2023-09-30
001238,浙江正特,0.31,886901649.7,-20.0194360417,-54.741,33838818.85,-37.54,-141.6889,10.128586202909,3.04,1.895870866455,26.4356937141,文娱用品,2024-10-31,2023-09-30
001229,魅视科技,0.6,139736511.53,10.2327446341,18.7228,60152846.53,3.59,52.6521,9.4463778667,6.34,0.5225223277,77.6121336597,计算机设备,2024-10-31,2023-09-30
001225,和泰机电,1.41,288225563.37,-24.7792199533,-30.8283,86323266.46,-54.88,2.5708,21.972630505143,6.8,1.268247872324,40.1444684459,专用设备,2024-10-31,2023-09-30
001212,中旗新材,0.57,526504359.48,6.2575540912,16.8521,67487957.35,1.13,42.865,12.466432593286,4.37,-0.143653527656,20.6382444368,装修建材,2024-10-31,2023-09-30
001211,双枪科技,-0.06,676595106.55,8.0871619008,22.1062,-4018649.28,-177.4402697696,165.8732,12.138496372083,-0.46,0.595857379167,34.6175880408,家居用品,2024-10-31,2023-09-30
001209,洪兴股份,0.58,1031678794.18,19.4271317755,6.3124,76789872.52,2247.15,-42.6975,9.561152958211,6.12,-0.549847385303,35.8785972212,服装家纺,2024-10-31,2023-09-30
001201,东瑞股份,-1.95,807115839.52,-0.0157024741,9.0188,-415637972.24,-8495.52,38.5735,12.637285666778,-14.35,-0.463426831531,-3.3954004479,养殖业,2024-10-31,2023-09-30
000998,隆平高科,-0.4392,3367908109.98,162.3804658816,-63.5857,-578478373.92,23.57,-34.6088,3.583632629967,-9.7,0.443697623749,32.2830034869,种植业,2024-10-31,2023-09-30
000993,闽东电力,0.7,1395413203.56,193.934401997,-73.6107,321362858.29,50.16,-65.6076,5.552378045747,13.5,0.002241131585,35.5049802529,电力,2024-10-31,2023-09-30
000987,越秀资本,0.4107,10574745078.96,-1.24,52.8421,2060407383.08,5.59,-20.355,5.636468235931,7.45,2.323224348056,11.1032839298,多元金融,2024-10-31,2023-09-30
000981,山子高科,-0.1215,4244723149.8,54.0672252969,-10.7701,-1214511074.71,-819.07,51.6995,0.360385089081,-29.02,-0.091774810543,11.1180616619,汽车零部件,2024-10-31,2023-09-30
000977,浪潮信息,0.4942,48256015730.22,-8.5483250349,51.3182,774773148.36,-49.12,301.0858,11.540137254826,4.21,-3.805173426519,9.6599883543,计算机设备,2024-10-31,2023-09-30
000973,佛塑科技,0.2013,1916459713.39,-1.5865967383,7.8998,194714865.57,97.99,443.5307,2.904097717151,7.16,0.091231372915,20.9935413914,塑料,2024-10-31,2023-09-30
000965,天保基建,-0.0984,1522263605.41,48.3727259583,750.1602,-109255640.67,-277.54,-935.1608,4.790341254196,-2.03,-0.827628344289,12.6893000958,房地产开发,2024-10-31,2023-09-30
000958,电投产融,0.1331,4282931754.21,-2.672853238,2.6191,716644916.54,-30.37,-56.6047,3.505892079165,3.84,-0.099482970867,29.0372568067,电力,2024-10-31,2023-09-30
000957,中通客车,0.1243,2787572538.73,-3.3921711946,17.33,73704209.6,68.91,-29.0316,4.613316350981,2.73,0.120832986121,18.921181117,商用车,2024-10-31,2023-09-30
000952,广济药业,-0.1892,522494180.17,-2.5708436855,-21.8872,-66976169.88,-436.44,-325.7959,4.087135087874,-4.56,-0.364336901508,28.8299105381,化学制药,2024-10-31,2023-09-30
000951,中国重汽,0.56,30763750727.21,37.0011254125,-3.618,655463572.79,83.62,-41.4208,12.172120048369,4.66,3.403368399819,6.9314121187,商用车,2024-10-31,2023-09-30
000949,新乡化纤,0.0167,5501616216.96,-3.834927849,33.8067,23752864.56,108.09,304.8932,3.758702573157,0.43,0.313591198428,7.472862721,化学纤维,2024-10-31,2023-09-30
000938,紫光股份,0.5387,55214844320.45,2.4585163203,-1.7798,1540829160.92,-6.03,-11.0556,11.671982505486,4.72,-1.535300497737,19.9029827265,IT服务Ⅱ,2024-10-31,2023-09-30
000936,华西股份,0.1,2065758555.05,-6.8197532817,10.814,91579283.88,-37.98,112.5763,5.80291033891,1.79,-0.011581430519,5.6890689109,化学纤维,2024-10-31,2023-09-30
000935,四川双马,0.88,805507418.71,-9.6129233318,-25.6328,668339394.67,-12.68,-11.8899,9.385501543773,9.78,0.127337924561,42.2886512896,多元金融,2024-10-31,2023-09-30
000932,华菱钢铁,0.5942,120271566431.87,-3.6613211216,2.6558,4104982045.38,-20.0,-18.2372,7.571994647258,7.9,1.07435005922,9.8570613855,普钢,2024-10-31,2023-09-30
000931,中关村,0.0549,1678754220.09,9.1071604655,-3.2031,41375483.43,214.38,-4.1847,2.022836482069,2.75,0.20449888096,59.6964325032,化学制药,2024-10-31,2023-09-30
000928,中钢国际,0.3818,17159184708.5,36.1211543084,15.7766,491176556.82,18.19,10.1166,5.189417008395,7.36,-0.746780519263,8.5548179018,专业工程,2024-10-31,2023-09-30
000926,福星股份,0.0851,4437036336.35,-51.7133916844,-49.0857,80773505.41,33.44,-81.865,11.895692779796,0.72,1.390061261554,24.830553685,房地产开发,2024-10-31,2023-09-30
000923,河钢资源,1.0215,3984443764.63,6.1139834231,32.8111,666773344.21,61.36,47.9402,13.909024637732,7.31,1.276546402497,60.381697981,冶钢原料,2024-10-31,2023-09-30
000921,海信家电,1.78,64899633432.35,13.8074227104,-6.6253,2426004797.61,126.76,5.2338,9.511303208852,19.57,6.267981547701,22.0989336248,白色家电,2024-10-31,2023-09-30
000909,*ST数源,0.0693,588736259.01,68.7325784711,-68.1579,31447937.33,238.14,-137.9183,3.503066692888,2.1,1.064139411774,45.4821885084,房地产开发,2024-10-31,2023-09-30
000901,航天科技,0.0301,4715224942.88,12.0809355358,5.6624,24026972.15,-5.27,-109.1873,5.392896666609,0.56,-0.244388124982,17.4595712627,汽车零部件,2024-10-31,2023-09-30
000898,鞍钢股份,-0.225,85946000000.0,-14.7783837382,-8.999,-2113000000.0,-1195.85,35.7561,5.962336418768,-3.7,0.306309181828,-0.2548111605,普钢,2024-10-31,2023-09-30
000897,津滨发展,0.3071,2183716707.39,393.1036054095,-98.0666,496591043.47,361.02,-97.3179,1.651694025064,20.5,-0.181144631702,52.452425274,房地产开发,2024-10-31,2023-09-30
000893,亚钾国际,1.0849,2891098359.76,19.8083461945,-25.5463,994434169.26,-34.54,-26.9768,11.823201555171,9.44,1.646420604583,59.9528562831,农化制品,2024-10-31,2023-09-30
000889,中嘉博创,-0.0272,1059973829.71,-14.1028262108,1.1047,-25496710.31,0.19,-43.494,0.251845788527,-10.26,-0.164801543017,9.5738103249,通信服务,2024-10-31,2023-09-30
000887,中鼎股份,0.67,12774099548.15,24.5180488168,5.9199,875838601.48,16.7,28.1972,8.95432386639,7.64,0.499232709991,21.481767176,汽车零部件,2024-10-31,2023-09-30
000882,华联股份,0.013,1003595046.91,9.9316359158,-5.3089,35620685.31,187.68,28.3295,2.544897767627,0.5,0.250395953776,56.6623069963,一般零售,2024-10-31,2023-09-30
000881,中广核技,-0.1097,4544973930.6,-29.8999464159,2.6789,-103737114.23,-149.1,101.1906,6.5575020327,-1.66,0.22680823048,12.8769448817,化学制品,2024-10-31,2023-09-30
000880,潍柴重机,0.41,2800093156.9,10.2399977818,-10.2057,134707688.59,17.66,-27.2022,5.765796174853,7.22,1.033452426502,12.8573486569,通用设备,2024-10-31,2023-09-30
000876,新希望,-0.87,106747792494.05,6.3020871192,4.9191,-3857507318.02,-42.52,32.5431,4.658443364459,-15.23,1.466201419435,2.241883601,饲料,2024-10-31,2023-09-30
000859,国风新材,-0.0183,1636104469.78,-10.0514505507,-1.0754,-16369626.83,-109.12,-109.8673,3.206983973664,-0.57,0.00673605414,5.0710775444,塑料,2024-10-31,2023-09-30
000858,五粮液,5.882,62536387639.06,12.1131924611,18.5312,22832929162.29,14.24,28.959,31.476796414299,19.2,5.767904730753,75.8592280652,白酒Ⅱ,2024-10-31,2023-09-30
000850,华茂股份,0.138,2425724868.11,-6.3331274965,-12.9898,129952966.7,173.44,32.4364,4.637265889595,2.91,0.338965449507,13.055194893,纺织制造,2024-10-31,2023-09-30
000837,秦川机床,0.0926,2829072374.76,-8.6349622561,-11.7772,85511371.22,-58.52,-78.3684,4.740185191763,2.24,-0.046410594633,18.0576028372,通用设备,2024-10-31,2023-09-30
000830,鲁西化工,0.262,17942358700.35,-23.7079007033,28.9403,506740763.24,-83.74,343.8941,8.673542788884,2.97,1.403270237631,12.8396089222,化学原料,2024-10-31,2023-09-30
000829,天音控股,0.1257,69306706920.87,31.2915469434,-24.2314,128845604.18,4.7,-54.0255,2.970993322939,4.57,3.134310072502,2.7690792953,专业连锁Ⅱ,2024-10-31,2023-09-30
000826,*ST启环,-0.241,3811065125.03,-28.2410533154,-1.2371,-254069144.6,-39.86,-15.036,3.986168979404,-5.95,0.375086154769,25.432731362,环境治理,2024-10-31,2023-09-30
000825,太钢不锈,-0.052,80385195758.11,9.0552972932,-3.7104,-296223578.69,-129.24,106.8051,6.010525058787,-0.86,0.2964325071,1.5381696094,特钢Ⅱ,2024-10-31,2023-09-30
000813,德展健康,0.0281,335143687.81,-19.5567987342,33.4902,61365294.29,-7.2,831.4466,2.406517566576,1.17,0.051563512226,59.29119503,化学制药,2024-10-31,2023-09-30
000803,山高环能,0.04,1532823271.55,32.6945446883,-8.6433,17734520.64,-80.41,-11548.293,3.006285848054,1.23,0.7855219964,16.8803528164,电力,2024-10-31,2023-09-30
000802,北京文化,-0.1884,138122858.26,608.9401306608,-92.7283,-134892610.2,-244.81,-958.5595,1.956700806427,-9.19,-0.181990792824,9.7219465476,影视院线,2024-10-31,2023-09-30
000801,四川九洲,0.138,2828423058.4,2.3744431964,-8.2275,141142764.01,4.45,21.9034,2.834778264366,4.89,0.195956157074,23.3829337749,黑色家电,2024-10-31,2023-09-30
000799,酒鬼酒,1.4733,2142449940.98,-38.5383839383,4.2104,478717779.35,-50.75,-53.373,12.956175603758,11.26,0.176582716322,78.8955442094,白酒Ⅱ,2024-10-31,2023-09-30
000796,凯撒旅业,-0.2937,482995852.47,69.2460265984,68.7398,-235782288.72,8.97,-56.282,-1.447687813059,,0.008988829652,22.3644952452,旅游及景区,2024-10-31,2023-09-30
000790,华神科技,0.0336,672455495.51,10.8396102882,-27.9228,21088613.3,-18.69,-45.6088,1.639177287531,2.08,-0.043140056339,36.5748566325,中药Ⅱ,2024-10-31,2023-09-30
000785,居然智家,0.18,9743755769.22,3.3265201321,5.8032,1150951165.53,-24.99,-31.1999,3.128648614355,5.78,0.468789483884,34.99695359,一般零售,2024-10-31,2023-09-30
000783,长江证券,0.21,5148878187.15,25.21,-21.6175,1199520210.58,25.38,-73.3377,5.529124512962,3.74,0.919205138175,,证券Ⅱ,2024-10-31,2023-09-30
000782,恒申新材,-0.15,2029174088.42,-9.7109904198,14.635,-80117741.51,-2282.93,14.8966,2.504422333865,-5.84,-0.423366017948,2.5147587751,化学纤维,2024-10-31,2023-09-30
000776,广发证券,0.7,18013657311.89,2.85,-29.352,5810008111.11,11.0,-46.6086,14.696719458438,4.81,1.630608006809,,证券Ⅱ,2024-10-31,2023-09-30
000768,中航西飞,0.2898,28412901481.2,0.2391886895,-23.7315,803701666.7,22.29,-27.6917,6.012894779866,4.91,-6.964025210363,7.1479326012,航空装备Ⅱ,2024-10-31,2023-09-30
000759,中百集团,-0.12,9187363363.88,-0.2548535338,2.6678,-80995529.24,62.36,-271.1811,4.010141686643,-1.6,1.147897790892,24.4294605776,一般零售,2024-10-31,2023-09-30
000750,国海证券,0.07,3027502960.6,8.0402476979,-12.6555,392228123.53,30.18,-98.771,3.454625142377,2.1,-0.512183815434,,证券Ⅱ,2024-10-31,2023-09-30
000737,北方铜业,0.2932,6977329419.69,-14.1180334571,25.2965,519616409.3,-7.18,76.3525,2.702051832823,11.09,-0.043813786736,15.1656111195,工业金属,2024-10-31,2023-09-30
000736,中交发展,-1.48,11550337503.94,-24.2614025572,-54.1082,-1031698648.29,-492.31,-26.3412,3.241657477439,-37.18,6.354743494573,5.0800310613,房地产服务,2024-10-31,2023-09-30
000726,鲁泰A,0.39,4343379615.38,-16.5765112139,2.7834,335112971.01,-51.85,-9.8689,10.655858668429,3.65,0.18603057799,22.4613434655,纺织制造,2024-10-31,2023-09-30
000725,京东方A,0.02,126515073265.0,-4.6927134563,9.7924,1022157403.0,-80.68,-41.3816,3.370250788028,0.71,0.604312413423,11.1556568872,光学光电子,2024-10-31,2023-09-30
000720,新能泰山,-0.0399,1216012697.67,-59.910336664,9.5355,-50138183.4,51.63,-3.5795,1.992888364323,-1.98,-0.044759694351,4.6998117305,电网设备,2024-10-31,2023-09-30
000718,苏宁环球,0.1261,1465071303.72,-19.0688520102,-27.8896,382777743.81,-22.16,-54.4341,3.138575176399,3.95,0.268765802717,61.4716796134,房地产开发,2024-10-31,2023-09-30
000717,中南股份,-0.0433,29726084088.48,8.6595347674,-3.7525,-104881627.47,84.1,-3728.9122,3.704361949707,-1.15,0.55440827621,2.4923118008,普钢,2024-10-31,2023-09-30
000712,锦龙股份,-0.292,156710642.17,-20.98,108.5169,-262022013.91,-14.57,26.1681,2.89171234933,-9.64,-0.970051904219,,证券Ⅱ,2024-10-31,2023-09-30
000709,河钢股份,0.06,95652378316.29,-13.0685626203,-3.7063,804863327.86,-30.77,14.906,4.965197749811,1.29,0.791290571254,9.1116972691,普钢,2024-10-31,2023-09-30
000707,双环科技,0.9811,2852509899.83,-13.4487075101,1.9394,455383554.07,-39.36,115.6608,4.140987053776,26.88,0.670531252827,24.2098878174,化学原料,2024-10-31,2023-09-30
000705,浙江震元,0.2092,3120415385.15,1.5713894154,-1.2803,69885488.12,35.39,-42.5194,5.893550996682,3.66,0.380366350431,19.2002749179,医药商业,2024-10-31,2023-09-30
000700,模塑科技,0.45,6118460418.05,15.4239008732,6.1068,413050437.35,-1.62,21.0296,3.896051526964,12.61,0.744813350161,18.6194596057,汽车零部件,2024-10-31,2023-09-30
000695,滨海能源,-0.0465,149094948.44,-53.3258659992,151.2231,-10326634.97,85.77,-115.9954,0.85977733996,-5.26,-0.168984364171,-2.8209727989,电池,2024-10-31,2023-09-30
000685,中山公用,0.56,3067915720.77,78.1291695022,23.5673,828461997.02,21.43,-9.6127,11.005443351248,5.18,0.127620134405,22.5970862295,环境治理,2024-10-31,2023-09-30
000680,山推股份,0.3348,7529450214.48,15.3674972706,6.9908,502508405.38,3.34,50.4154,3.525822209075,9.84,-0.059105609268,17.7202173098,工程机械,2024-10-31,2023-09-30
000679,大连友谊,-0.04,124167311.27,8.7177177415,1.9501,-13740070.19,60.34,-353.3247,0.997663424523,-3.79,-0.001212761785,25.5111657698,一般零售,2024-10-31,2023-09-30
000678,襄阳轴承,-0.097,1194170694.11,29.0732352644,50.5829,-44555918.59,46.76,72.0441,1.808334890542,-5.23,0.041068310438,8.4866356342,汽车零部件,2024-10-31,2023-09-30
000669,ST金鸿,-0.024,882244302.86,-7.199903228,-23.733,-16324159.68,85.11,-248.3318,0.664601962473,-3.56,0.263915768258,12.2433790652,燃气Ⅱ,2024-10-31,2023-09-30
000663,永安林业,0.4,421822499.06,-36.4778835439,-34.7364,136187082.52,-58.58,-52.2145,3.104292266175,13.94,0.590871768014,40.2196904475,林业Ⅱ,2024-10-31,2023-09-30
000659,珠海中富,0.0266,1075654571.46,-0.7553514021,-22.0334,34186548.48,225.3,-123.6173,0.328883566807,8.11,0.069370812418,24.0696878412,包装印刷,2024-10-31,2023-09-30
000656,金科股份,-0.44,43061370868.87,-0.8136178681,5.3482,-2351931896.02,45.09,74.9333,1.896999378819,-20.85,-0.312260378639,13.8579749637,房地产开发,2024-10-31,2023-09-30
000651,格力电器,3.58,155812064340.72,5.0345255117,-12.5993,20092107078.67,9.77,-13.3713,19.953681436443,18.99,7.031312168451,29.2453830853,白色家电,2024-10-31,2023-09-30
000639,ST西王,0.0058,4141730201.32,-10.5470168721,7.3628,6295617.23,109.83,738.0253,3.134038553045,0.19,0.167039830782,18.106829681,食品加工,2024-10-31,2023-09-30
000637,茂化实华,-0.1,4045214450.3,-21.1928151344,3.7777,-50307517.01,-1182.71,105.8365,1.565032442469,-5.0,0.605805272851,5.2092704154,炼化及贸易,2024-10-31,2023-09-30
000635,英力特,-1.57,1235572051.74,-16.9357241007,25.8046,-476636626.54,-236.6,-23.394,5.897382061915,-23.47,-1.222192402216,-20.2065593527,化学原料,2024-10-31,2023-09-30
000626,远大控股,-0.0646,65194136432.78,5.7288580072,10.6003,-32872648.38,-127.15,-125.474,5.884466346303,-1.09,-1.015793338904,0.5216649655,物流,2024-10-31,2023-09-30
000623,吉林敖东,1.1307,2353825012.18,23.0549666698,-3.0853,1274274099.1,44.72,-63.4412,22.764721707817,4.79,-0.244977867505,50.4217664244,中药Ⅱ,2024-10-31,2023-09-30
000620,盈新发展,-0.9267,2673070161.59,-14.2696887067,-22.9955,-1757597133.92,-18.76,-111.3563,-1.153932601136,,0.213965873535,8.1693147063,房地产开发,2024-10-31,2023-09-30
000608,阳光股份,-0.04,395911050.59,29.6346779935,26.8432,-32300317.14,-8091.27,-89.492,3.495450802567,-1.19,0.118688344588,54.5914420443,房地产开发,2024-10-31,2023-09-30
000607,华媒控股,0.04,1283721334.43,5.3968707887,-6.7472,44812523.33,-12.72,-115.327,1.587071269955,2.81,0.025150846929,17.7387483033,广告营销,2024-10-31,2023-09-30
000605,渤海股份,0.0285,1190244484.01,1.5464809772,-2.9403,10033662.8,-7.59,-19.6509,5.969547559283,0.48,0.067494497341,22.4008623944,环境治理,2024-10-31,2023-09-30
000603,盛达资源,0.1941,1503447669.31,23.3170288648,27.9325,133929903.94,-39.16,62.117,4.521067115727,4.39,0.029290807798,30.4911022031,贵金属,2024-10-31,2023-09-30
000601,韶能股份,0.0604,3395773730.08,12.7515300843,-4.3602,65315650.38,-48.39,-68.4588,4.26867047423,1.43,0.269161846216,16.113128357,电力,2024-10-31,2023-09-30
000599,青岛双星,-0.23,3471528699.19,14.3656994381,5.8024,-184696164.21,59.77,-75.1535,2.609344896611,-8.16,0.132218198488,7.5500780674,汽车零部件,2024-10-31,2023-09-30
000596,古井贡酒,7.21,15952670483.87,24.975390249,-1.7623,3812634873.99,45.37,-14.5986,39.235457714056,18.67,10.820328766894,79.0388961521,白酒Ⅱ,2024-10-31,2023-09-30
000595,新能股份,-0.04,183018595.51,6.037271942,16.0137,-50048091.2,-19.98,-50.207,0.540478452759,-8.03,-0.036413891195,-6.0093673866,电力,2024-10-31,2023-09-30
000592,平潭发展,0.0105,890168036.77,7.4117343719,-7.075,20241244.39,82.03,-27.7604,1.236115161828,0.85,0.07342973686,7.2013154935,林业Ⅱ,2024-10-31,2023-09-30
000573,粤宏远A,-0.107,272077292.52,-64.1939639281,16.5414,-68312666.08,-246.83,-1256.8255,2.405906336392,-4.21,-0.457023180482,15.3169642068,房地产开发,2024-10-31,2023-09-30
000568,泸州老窖,7.19,21942722318.53,25.2092929973,5.2524,10566121970.45,28.58,2.8979,26.262904424948,28.2,6.149893421349,88.448989926,白酒Ⅱ,2024-10-31,2023-09-30
000566,海南海药,-0.0189,1252651828.58,-15.0296601089,-36.9109,-24546290.84,63.6,-799.1359,1.650985689691,-1.14,0.009601906703,36.6254396818,化学制药,2024-10-31,2023-09-30
000561,烽火电子,-0.033,771948474.88,-6.4893323022,-22.6719,-19941622.89,-711.699656292,-204.5807,3.009791048297,-1.11,-0.593148177964,39.023303722,航空装备Ⅱ,2024-10-31,2023-09-30
000560,我爱我家,-0.0288,9072626556.58,2.1104318405,-9.8494,-67930616.93,68.98,80.989,4.353791760659,-0.66,1.206709408962,10.4559238759,房地产服务,2024-10-31,2023-09-30
000555,神州信息,0.0898,6617667766.19,-7.7680951221,3.7606,86751208.81,-27.92,-91.5312,6.25977539547,1.42,-1.00952362514,16.6908197512,IT服务Ⅱ,2024-10-31,2023-09-30
000554,泰山石油,0.0487,2692983235.38,7.3349340475,18.9124,23392247.52,211.15,77.0648,1.974869051757,2.51,-0.281326100376,8.5112315104,炼化及贸易,2024-10-31,2023-09-30
000553,安道麦A,-0.4474,24660104000.0,-12.1722795087,-14.298,-1042473000.0,-235.71,-145.9268,9.718482553152,-4.55,0.225696344947,21.185531091,农化制品,2024-10-31,2023-09-30
000552,甘肃能化,0.3382,8605925907.13,-8.7974673262,9.7458,1559608998.6,-42.83,-13.1291,3.02321943063,11.2,0.422200123826,35.8431896717,煤炭开采,2024-10-31,2023-09-30
000547,航天发展,-0.32,1563909644.64,-39.3438463275,-32.4327,-523916493.06,-391.22,5.6424,5.172833489584,-6.66,-0.243220222616,17.6752440064,军工电子Ⅱ,2024-10-31,2023-09-30
000546,金圆股份,-0.0972,1540300365.68,-64.8908013264,327.1357,-75806011.26,-133.73,-174.1081,6.154496864823,-1.57,0.712263813193,2.7059363854,环境治理,2024-10-31,2023-09-30
000539,粤电力A,0.3289,45175223659.0,14.4071790811,10.0677,1726839595.0,201.15,13.3043,4.175869850367,8.17,1.338833676568,14.5401934113,电力,2024-10-31,2023-09-30
000534,万泽股份,0.2421,727106241.96,25.0766908362,29.6006,122425288.34,28.08,23.385,2.388221994303,9.58,-0.038981439588,74.0096128276,生物制品,2024-10-31,2023-09-30
000531,穗恒运A,0.3547,3528595025.21,19.8165992479,36.7822,291618254.57,953.47,123.0822,6.344707864445,5.7,0.524880537181,14.9434210402,电力,2024-10-31,2023-09-30
000525,红太阳,0.0404,2652867931.99,-50.634401584,22.8361,23454516.8,-97.52,-18.9693,2.192191690003,1.83,0.655486468374,23.4796880183,农化制品,2024-10-31,2023-09-30
000524,岭南控股,0.09,2507392333.8,193.5607630487,59.5517,57800213.61,159.88,60.8225,3.119799473148,2.79,0.5724490619,21.5377562287,旅游及景区,2024-10-31,2023-09-30
000517,荣安地产,0.3208,13522615171.13,32.1369853624,-44.0832,1021512818.1,9.96,-16.6643,2.884861394598,11.05,0.773310947214,9.782662409,房地产开发,2024-10-31,2023-09-30
000510,新金路,-0.1436,1968296153.6,-16.0773229998,-11.5763,-87482443.42,-1321.4,14.6065,2.211803156498,-6.3,-0.222527289165,7.0966627885,化学原料,2024-10-31,2023-09-30
000507,珠海港,0.2015,4056530229.09,-0.9199930101,-1.8364,227828872.34,6.29,-67.8095,5.375427860188,3.73,1.004877486626,24.6443186838,电力,2024-10-31,2023-09-30
000505,京粮控股,0.11,8040480573.81,-14.8675651867,131.6014,78677726.06,-14.05,-83.7732,4.320759357878,2.47,0.232278147229,2.7237966705,农产品加工,2024-10-31,2023-09-30
000504,南华生物,0.0016,104759853.14,-33.019956565,-3.8325,486718.3,-9.99,235.1969,0.045760963528,3.47,0.065552872864,67.1923069193,医疗服务,2024-10-31,2023-09-30
000488,ST晨鸣,-0.278,19721856232.05,-22.220263969,11.6686,-768293423.52,-419.36,80.5624,5.761706372535,-4.63,1.22203792015,7.0072943401,造纸,2024-10-31,2023-09-30
000428,华天酒店,-0.0939,509093944.58,31.6280917134,18.0463,-95706188.07,46.43,31.9625,1.684473192636,-5.44,0.085408890547,26.1360285536,酒店餐饮,2024-10-31,2023-09-30
000426,兴业银锡,0.2955,2424657344.08,47.1299262762,49.7581,542955091.92,136.2,246.1272,3.305578073042,9.33,0.655067551388,48.4490516789,贵金属,2024-10-31,2023-09-30
000425,徐工机械,0.41,71670135735.65,-4.580154511,-25.5333,4839321097.14,3.5,-39.5057,4.70874687266,8.84,0.13897489404,22.9010186102,工程机械,2024-10-31,2023-09-30
000423,东阿阿胶,1.2169,3428282500.66,12.5319436044,14.8482,783673380.9,52.79,-16.0312,16.078609695044,7.55,1.999640000072,70.9377014861,中药Ⅱ,2024-10-31,2023-09-30
000420,吉林化纤,0.0222,2756399041.84,-9.0825646692,5.226,54481979.44,161.56,-84.1781,1.783355855153,1.25,0.033019735482,13.7231526426,化学纤维,2024-10-31,2023-09-30
000415,渤海租赁,0.1373,23200045000.0,3.4841484003,36.4764,848863000.0,438.57,15.1365,4.922667252646,2.92,3.093297767119,44.5892626501,多元金融,2024-10-31,2023-09-30
000402,金融街,-0.45,8200396017.43,-47.1291991836,-6.9997,-1338468708.79,-197.0,-17.8745,12.226840664966,-3.59,2.06975061284,8.8144129401,房地产开发,2024-10-31,2023-09-30
000400,许继电气,0.8036,10829982223.34,18.8049405682,-7.816,810337039.85,19.11,-43.9126,10.539278098911,7.59,1.462765845969,19.1142194374,电网设备,2024-10-31,2023-09-30
000338,潍柴动力,0.75,160383063526.95,22.8768216446,2.9348,6500691562.33,96.29,27.3398,8.865835943008,8.64,2.302026811202,19.6953293543,汽车零部件,2024-10-31,2023-09-30
000333,美的集团,4.06,292379658000.0,7.5814908209,-6.5,27717481000.0,13.27,-6.9207,22.220449364657,18.41,6.370148593945,25.8438247386,白色家电,2024-10-31,2023-09-30
000301,东方盛虹,0.38,103676731056.82,121.9679628889,3.787,2535684560.79,57.15,-17.1333,5.555610974063,6.77,0.998095611336,12.9420984027,炼化及贸易,2024-10-31,2023-09-30
000166,申万宏源,0.17,16282851504.82,-9.8241003713,-37.5489,4347398216.27,1.6,-65.4719,3.979063530963,4.46,2.003363673841,,证券Ⅱ,2024-10-31,2023-09-30
000157,中联重科,0.34,35514132109.66,15.8740226028,-16.196,2855056429.34,31.65,-33.7458,6.236787624933,5.23,0.131624646525,27.7557504082,工程机械,2024-10-31,2023-09-30
000156,华数传媒,0.2866,6667486788.65,6.3483163177,-3.3424,531004114.09,-8.49,-17.8995,7.913995288048,3.6,0.23886797815,29.707077435,电视广播Ⅱ,2024-10-31,2023-09-30
000155,川能动力,0.382,2448893222.69,3.6759821009,-22.7323,563869580.98,29.66,-40.4613,4.022161019341,9.99,0.663381185035,57.750379704,电力,2024-10-31,2023-09-30
000153,丰原药业,0.3065,3224068934.15,9.0910189093,-13.0318,142464110.4,4.38,-30.782,5.616091693888,7.9,0.401497652157,26.2875684816,化学制药,2024-10-31,2023-09-30
000088,盐田港,0.2217,677634265.76,17.1140650598,5.644,950022320.15,34.73,-13.3557,4.39641267213,6.68,0.134341376539,32.6673321001,航运港口,2024-10-31,2023-09-30
000078,ST海王,0.0322,28640393734.42,-1.0891035709,-13.099,88482060.79,-32.92,-93.8899,1.734242587878,1.87,0.063561884867,10.3227096677,医药商业,2024-10-31,2023-09-30
000069,华侨城A,-0.4164,31760306179.26,8.4655879956,-1.5981,-3346738074.85,-2728.12,-103.3958,7.557919436849,-4.98,0.288302801758,21.4555875624,房地产开发,2024-10-31,2023-09-30
000066,中国长城,-0.258,8053684683.32,-15.1508014299,8.1205,-830915261.46,-82.5364160583,39.449,3.986853330476,-6.26,-0.219960439281,21.4861281083,计算机设备,2024-10-31,2023-09-30
000065,北方国际,0.69,14630104805.06,59.1496949935,-24.641,690528896.05,38.45,-38.9139,8.137944677372,8.52,-0.248528103492,10.12033039,专业工程,2024-10-31,2023-09-30
000061,农产品,0.172,4051589600.12,41.0740081776,-4.3028,291943055.54,127.4,-5.1665,3.515953609582,4.98,0.313436983548,29.5529474865,一般零售,2024-10-31,2023-09-30
000050,深天马A,-0.7284,24699671011.31,2.0099239961,4.8589,-1790190297.54,-596.7436490324,51.9721,11.490574348161,-6.14,1.385384135813,5.3998974826,光学光电子,2024-10-31,2023-09-30
000049,德赛电池,1.1212,13879842201.53,-10.5217152551,12.8002,362523785.42,-40.16,83.2893,14.218531006047,8.67,6.298579799136,9.2328650326,电池,2024-10-31,2023-09-30
000048,京基智农,2.4042,9927819803.35,354.2001426916,-31.6073,1257946185.35,2795.22,-141.193,6.414988936457,42.49,-1.108931945472,39.3158332888,养殖业,2024-10-31,2023-09-30
000045,深纺织A,0.1315,2317385312.76,9.2056296188,2.0351,66584597.03,17.75,30.5143,5.697055017956,2.32,0.127813852626,15.7808785909,光学光电子,2024-10-31,2023-09-30
000036,华联控股,0.034,414867532.2,-17.371766394,-6.3813,50422389.07,-30.1,955.6213,3.569938880692,0.95,-0.63735259609,47.1752302336,房地产开发,2024-10-31,2023-09-30
000035,中国天楹,0.1363,3754772943.07,-2.8937568407,7.4891,325571665.19,158.9,35.8862,4.175116417473,3.42,0.026914177135,28.4398267424,环境治理,2024-10-31,2023-09-30
000034,神州数码,1.2989,84155059026.81,-0.4071045682,0.2409,850666710.82,24.91,86.0414,12.268054212177,10.57,0.842881607523,3.9366385276,IT服务Ⅱ,2024-10-31,2023-09-30
000031,大悦城,-0.12,20698292250.87,-16.7338079083,-22.3398,-502725313.66,-654.58,-358.8346,3.455175007823,-3.33,1.721695795462,27.2303343835,房地产开发,2024-10-31,2023-09-30
000029,深深房A,-0.036,354316805.85,-32.6847019255,-41.2798,-36431405.81,-129.12,146.8987,3.859200265465,-0.92,-0.062603451347,18.4080571802,房地产开发,2024-10-31,2023-09-30
000027,深圳能源,0.5621,29354269307.93,9.5812956484,9.0783,3027345872.64,70.49,-7.5938,6.408564059608,9.11,1.420561263629,24.4805085409,电力,2024-10-31,2023-09-30
000016,*ST康佳A,-0.2969,14876693170.75,-39.515843613,-24.9817,-714870927.3,-622.31,-50.8675,2.930729638256,-9.73,-0.133904412276,3.7553888529,白色家电,2024-10-31,2023-09-30
000014,沙河股份,2.0455,1227441148.26,230.9675380634,-75.4871,495109694.74,167.6,-79.8056,6.745516770136,35.33,1.167177519902,66.7410063848,房地产开发,2024-10-31,2023-09-30
000011,深物业A,0.3882,2427326213.7,-22.7039037742,-65.0694,231351500.28,-49.24,-94.9693,7.430667756093,5.22,-1.576630901206,28.0236519501,房地产开发,2024-10-31,2023-09-30
000010,*ST美丽,-0.1524,245519342.45,-56.1095416252,-26.6794,-161352258.76,-5258.12,47.7936,0.514147991615,-25.82,-0.012552598088,9.7401024463,基础建设,2024-10-31,2023-09-30
000009,中国宝安,0.2631,24516652487.04,8.9282064156,2.09,678521085.66,17.89,-25.9473,3.817102784821,7.15,1.521615007396,19.8638064607,综合Ⅱ,2024-10-31,2023-09-30
000008,神州高铁,-0.0534,1308227162.47,38.127408957,23.4597,-145407060.9,16.98,-22.0068,1.556541667998,-3.38,-0.067756919375,32.4832265887,轨交设备Ⅱ,2024-10-31,2023-09-30
000007,全新好,0.0313,153301309.11,-9.9812968663,-8.9678,10847119.51,221.42,-110.4263,0.292583774784,11.31,0.353376848218,17.8687556871,一般零售,2024-10-31,2023-09-30
000006,深振业A,-0.0009,829287912.0,-44.3017160797,-18.4753,-1225715.98,-100.61,-147.2142,5.75833529435,-0.02,-0.02304445912,38.683004422,房地产开发,2024-10-31,2023-09-30
000002,万科A,1.1585,290308491288.95,-14.0268000287,-32.4748,13621477419.62,-20.31,-55.4759,21.198055928404,5.45,0.019724191713,17.5806420677,房地产开发,2024-10-31,2023-09-30
920985,海泰新能,0.25,2908650946.7,-40.3050207095,-34.8179,76880041.1,8.83,-81.6284,4.07065068338,6.07,0.181696804859,10.617698083,光伏设备,2024-10-30,2023-09-30
920981,晶赛科技,-0.09,263892309.74,-16.2901917507,3.008,-6700768.86,-117.06,52.0142,6.583119852749,-1.3,0.713405020401,10.7224024368,元件,2024-10-30,2023-09-30
920978,开特股份,0.5,457478656.04,30.5093140472,10.5041,78930910.46,51.12,1.0376,3.386341031287,17.89,0.084454645604,33.3207878045,汽车零部件,2024-10-30,2023-09-30
920961,创远信科,0.14,182910905.34,-15.0071459241,19.2217,19774893.54,14.32,79.5463,5.109603109855,2.75,0.355103624526,49.4914557564,通用设备,2024-10-30,2023-09-30
920953,国子软件,0.28,131272957.28,30.267732281,-4.7158,18631071.1,53.86,-11.4377,5.24541101617,8.27,-0.916727085389,58.3368843338,IT服务Ⅱ,2024-10-30,2023-09-30
920895,花溪科技,0.12,65523057.55,-45.0095572165,30.8971,6150793.15,-74.6368160105,260.9789,3.874238982733,3.25,0.069470159047,31.6428503419,专用设备,2024-10-30,2023-09-30
920876,慧为智能,0.13,344006913.64,10.1707565243,13.367,8143563.08,-60.49,-204.8889,3.956794099294,3.1,-0.117618791512,16.9580586165,消费电子,2024-10-30,2023-09-30
920857,泓禧科技,0.45,336946493.81,-1.0474146905,15.9743,33235967.81,9.57,-20.6757,5.255093177751,8.81,0.115533435066,20.0119389514,消费电子,2024-10-30,2023-09-30
920834,三维装备,0.24,199889439.76,4.6860386315,-1.7823,29068879.52,11.38,-15.3151,2.387318916112,8.93,0.206304165821,32.3745587449,橡胶,2024-10-30,2023-09-30
920833,美心翼申,0.4,341105172.64,,-22.9041,32557483.3,,-76.2915,,6.65,,25.2672419104,通用设备,2024-10-30,2023-09-30
920809,安达科技,-0.63,2524669009.64,-45.3902863465,-20.1169,-376035764.56,-152.76,48.5589,4.327878781347,-14.32,-1.0186012466,-3.622934578,电池,2024-10-30,2023-09-30
920807,奔朗新材,0.19,424044133.41,-24.3430773625,8.3562,33910421.81,-40.8,70.5144,5.155312095338,3.58,0.148228243402,27.5812243196,通用设备,2024-10-30,2023-09-30
920802,保丽洁,0.1923,116541419.32,-10.0919541169,-9.7717,11836066.11,-47.83,-51.772,6.443380373411,2.97,0.33811223858,30.9876072651,环境治理,2024-10-30,2023-09-30
920799,艾融软件,0.19,437266845.92,7.008603437,-18.4623,39597800.29,25.7,-5.6358,1.708243042497,11.05,-0.263229459432,33.0931588663,软件开发,2024-10-30,2023-09-30
920792,东和新材,0.33,457528201.82,-6.4087630248,-3.6409,52496424.38,-42.36,-20.9964,5.58841811097,6.15,-0.049347791833,32.371162193,装修建材,2024-10-30,2023-09-30
920781,瑞奇智造,0.15,222944414.37,4.7074588924,-35.8852,21324860.16,-35.51,-56.0403,2.769080576262,5.53,-0.564543447248,26.1796981301,专用设备,2024-10-30,2023-09-30
920753,天纺标,0.21,134528944.49,26.4582473613,0.8979,17350438.3,6.33,-2.8518,4.950416253831,3.69,0.275124366422,45.6088905348,专业服务,2024-10-30,2023-09-30
920725,惠丰钻石,0.54,379946382.32,19.4451895243,-29.5539,49837817.4,-15.27,-55.0136,6.754145049512,8.18,-0.769184090466,26.2338103212,通用设备,2024-10-30,2023-09-30
920720,吉冈精密,0.1742,332818329.98,15.1165638489,22.7686,32465412.01,-29.29,21.1828,2.296715382003,7.55,-0.02817253855,18.6199932419,通用设备,2024-10-30,2023-09-30
920719,宁新新材,0.69,540336468.74,44.5858711984,10.8247,55034159.54,-11.33,-9.5792,10.149207389246,7.35,-2.449929054584,26.812348113,非金属材料Ⅱ,2024-10-30,2023-09-30
920718,合肥高科,0.51,761847666.95,15.635023567,16.4359,46139781.6,48.15,-12.4903,5.434204650439,9.72,0.408863878359,13.8006269286,家电零部件Ⅱ,2024-10-30,2023-09-30
920703,广厦环能,1.53,465999688.03,62.4269264414,17.1576,127743616.07,62.32,14.9089,10.099143592288,22.9,2.266251236211,42.653392821,专用设备,2024-10-30,2023-09-30
920675,秉扬科技,0.3,347251302.28,18.0704648321,-15.9607,50822038.72,10.88,-39.5055,3.277971416683,9.23,0.300814820555,24.2622814304,非金属材料Ⅱ,2024-10-30,2023-09-30
920663,明阳科技,0.94,178719767.87,25.8359119286,15.6877,44475278.16,34.22,37.7883,6.44073907655,15.66,0.723028819961,45.5508118829,汽车零部件,2024-10-30,2023-09-30
920642,通易航天,0.08,140284268.79,1.2036049592,-33.2474,8676610.94,-56.6,-133.2709,2.271109259975,3.26,-0.06224983558,34.6967332901,航空装备Ⅱ,2024-10-30,2023-09-30
920641,格利尔,0.36,425048769.76,-18.9580242963,-9.0294,27262936.39,-49.69,-80.6264,5.008590746853,7.16,-0.004270318748,22.4414308889,照明设备Ⅱ,2024-10-30,2023-09-30
920639,晨光电缆,0.22,1278001818.83,-5.3014162937,-26.4113,43388282.99,-9.34,11.8674,4.157278826736,5.17,0.378429210764,14.9880763273,电网设备,2024-10-30,2023-09-30
920634,新威凌,0.23,375976271.91,-17.0125547785,-6.1802,14035698.42,-16.71,27.3115,3.805638888033,5.83,-0.206122436539,9.6622852223,工业金属,2024-10-30,2023-09-30
920576,天力复合,0.7177,546605438.6,13.7844634989,-11.5556,70726286.33,26.06,25.7145,4.205114731253,18.14,1.103804873428,23.2950207514,金属新材料,2024-10-30,2023-09-30
920575,*ST康乐,-0.83,1601079.61,80.3269386716,30.2953,-224864857.92,-6.76,-16.5059,3.489800075461,-21.92,-0.412226733075,95.5766940284,生物制品,2024-10-30,2023-09-30
920526,凯华材料,0.16,78242310.49,-11.508265347,0.5462,13194659.35,4.22,11.4044,2.47469286312,6.62,0.223047100967,30.3590441045,电子化学品Ⅱ,2024-10-30,2023-09-30
920508,殷图网联,-0.03,39759654.35,16.4706572815,-13.757,-1748129.15,60.63,-205.6019,4.1053370238,-0.82,-0.2104531898,32.500550272,电网设备,2024-10-30,2023-09-30
920504,博迅生物,0.43,102592617.84,8.3943623374,-5.0167,15333397.76,15.3,-44.44,4.892554726064,10.91,-0.164038557131,41.6357354938,医疗器械,2024-10-30,2023-09-30
920496,许昌智能,0.19,365168743.17,62.3158852393,16.5209,24811497.42,148.46,65.6089,3.084723325273,6.48,-0.424312065367,24.1569548325,电网设备,2024-10-30,2023-09-30
920489,佳先股份,0.22,389920799.99,-4.7764803062,3.2219,30135361.33,-35.24,4.3418,3.827952412956,5.77,-0.06388755738,16.7321476417,化学原料,2024-10-30,2023-09-30
920476,海能技术,0.2,205527225.32,21.3261424459,-8.548,16702201.93,-24.35,-58.8331,5.715231919325,3.5,-0.243834275964,66.9400696067,通用设备,2024-10-30,2023-09-30
920471,美邦科技,0.23,340503288.11,-18.6877921622,2.8201,17463367.1,-64.76,24.7241,6.647127999279,3.54,-0.110678102163,17.1271358182,化学制品,2024-10-30,2023-09-30
920455,汇隆活塞,0.16,95404115.61,-9.7557013356,-12.4795,20371261.47,-27.18,-46.4209,1.857581724317,8.07,0.020414918118,39.8292705687,专用设备,2024-10-30,2023-09-30
920445,龙竹科技,0.07,239485185.8,-11.9639184712,30.5236,10667511.02,-72.54,191.8719,2.534644872726,2.75,0.14038609076,20.9687466397,家居用品,2024-10-30,2023-09-30
920415,恒拓开源,0.08,122735318.49,-8.9839864838,-14.7935,11105206.19,32.73,9.4525,3.617528096333,2.14,0.040255447371,40.8378692838,软件开发,2024-10-30,2023-09-30
920405,海希通讯,0.3,172837574.56,4.8630860567,7.3286,40850437.13,-23.4,-4.1834,5.420713980037,5.44,0.266694710751,50.2503731038,自动化设备,2024-10-30,2023-09-30
920403,康农种业,0.2,54528997.88,30.1944122209,-70.7786,7947696.9,-17.2268354764,-141.7129,5.740776920426,3.52,2.608057928282,33.823093156,种植业,2024-10-30,2023-09-30
920402,硅烷科技,0.68,841673196.34,13.8073935145,-0.2622,219737774.99,49.56,2.1905,4.803623864375,15.18,-0.006458213428,40.5283920806,化学制品,2024-10-30,2023-09-30
920392,佳合科技,0.31,212039045.44,-11.7679312677,-6.4671,18134299.13,-9.82,-23.2029,5.197892540886,5.97,-0.064340956388,16.3758055541,包装印刷,2024-10-30,2023-09-30
920370,新安洁,-0.11,436576481.02,-3.1832887096,-3.5907,-33399562.38,-254.44,-2879.5688,2.363349601868,-4.72,-0.061773968428,9.2579095982,环境治理,2024-10-30,2023-09-30
920367,新赣江,0.58,163041256.03,10.3996524114,-26.6993,38515850.93,15.06,-41.7798,6.540037249696,9.28,0.283132967595,47.7845396172,化学制药,2024-10-30,2023-09-30
920344,三元基因,0.09,152405009.18,48.908646781,-20.7157,10943411.56,50.05,-76.8187,4.837155458337,1.88,0.15821229152,79.2715982368,生物制品,2024-10-30,2023-09-30
920339,恒太照明,0.29,441941744.45,-17.1775622989,41.0048,63134380.17,-40.64,27.9054,2.521576970833,11.37,0.299561777862,26.572627887,照明设备Ⅱ,2024-10-30,2023-09-30
920300,辰光医疗,-0.08,99477600.49,-14.7908723952,18.7706,-6909240.17,-185.41,-304.9818,3.424771228334,-2.29,-0.262587559192,36.0639996474,医疗器械,2024-10-30,2023-09-30
920274,宏裕包材,0.44,476881238.11,-4.9824021977,-11.5959,28076187.66,-15.26,-66.8854,6.3686254862,7.44,0.204022615623,13.5196338517,包装印刷,2024-10-30,2023-09-30
920271,邦德股份,0.57,245121522.44,-5.468928316,-8.7655,68123096.87,16.13,-17.0387,4.098899973514,14.6,0.772585864794,40.66344409,汽车零部件,2024-10-30,2023-09-30
920270,天铭科技,0.45,179462262.9,63.8825021934,14.1393,47287913.75,48.62,25.9801,4.543069077197,12.3,0.824525682152,42.133011519,汽车零部件,2024-10-30,2023-09-30
920249,利尔达,0.0,1676740778.32,-13.4640351739,7.0947,-1392403.29,-101.48,-214.1451,1.866809942034,-0.18,-0.203545414344,13.1789613754,通信设备,2024-10-30,2023-09-30
920230,欧康医药,0.17,169781662.69,-18.9084816462,7.9827,12660076.62,-56.18,-47.7741,5.130865310791,3.18,0.227826953999,16.4387978877,化学制药,2024-10-30,2023-09-30
920212,智新电子,0.13,295470692.23,-9.0036701157,19.4515,13611856.85,-58.57,-37.5684,3.776767008577,3.41,0.158899375118,16.3580901426,消费电子,2024-10-30,2023-09-30
920207,众诚科技,-0.06,201963836.87,-35.7060825335,11.0371,-5431085.25,-128.58,189.8768,3.58057913722,-1.58,-0.278807215825,26.5644797809,软件开发,2024-10-30,2023-09-30
920204,沪江材料,0.2225,198809428.06,-6.2448080452,15.5037,20977781.21,12.83,3.8911,6.249622957828,4.72,0.354523036313,30.9801750355,包装印刷,2024-10-30,2023-09-30
920185,贝特瑞,1.24,20310407034.88,15.6094984075,3.4534,1364762910.48,0.53,-6.595,10.209468947142,12.69,3.607067734419,16.5649421412,电池,2024-10-30,2023-09-30
920169,七丰精工,0.24,124137628.06,-15.4493652367,1.8333,18432722.49,-45.91,-24.9331,3.729508923627,5.97,0.346384960156,27.6776172438,通用设备,2024-10-30,2023-09-30
920149,旭杰科技,0.08,499896817.93,129.5567355853,31.9885,6217075.51,183.98,-10.937,2.398705254888,3.57,-0.532618737222,16.3557881442,工程咨询服务Ⅱ,2024-10-30,2023-09-30
920139,华岭股份,0.23,231383518.55,12.6777135487,-4.9743,61956116.31,14.36,-35.7478,4.08474741458,5.85,0.427527117691,52.9540265953,半导体,2024-10-30,2023-09-30
920132,泰鹏智能,0.34,167370596.46,,48.258,23472945.05,,23846.7458,,19.98,,28.8143636816,家居用品,2024-10-30,2023-09-30
920130,立方控股,0.2,307620119.9,,-3.9517,15404397.48,,-74.5577,,3.06,,51.2465146432,IT服务Ⅱ,2024-10-30,2023-09-30
920122,中纺标,0.28,139868639.91,1.1112378177,-3.5018,26165947.91,-5.9,36.9264,3.718317491391,7.77,0.473251087107,48.6270156654,专业服务,2024-10-30,2023-09-30
920118,太湖远大,1.3042,1113407965.44,7.3557197983,-6.9334,56283317.58,17.485723663,-22.2662,9.099706763006,15.48,-6.306365389027,10.971612189,电网设备,2024-10-30,2023-09-30
920096,嘉晨智能,0.68,281536962.22,,,34512820.28,,,,12.43,,30.5753527818,自动化设备,2024-10-30,2023-09-30
920092,汉鑫科技,0.5,319402134.99,175.7517096306,-57.4088,23634716.31,164.61,19.8444,7.949555794638,6.4,0.364789094914,23.6043308578,IT服务Ⅱ,2024-10-30,2023-09-30
920088,科力股份,0.4651,237132117.24,-22.3860503143,58.6982,29731676.71,7.9228978847,-2.6644,6.555092668038,7.2044,0.368868586,32.095850573,油服工程,2024-10-30,2023-09-30
920062,科润智控,0.28,735381420.87,21.1311204468,-0.578,51680877.61,66.9,35.6631,3.488268230988,8.28,-0.587642601735,18.9261837599,电网设备,2024-10-30,2023-09-30
920060,万源通,0.418,721832325.1,-1.7017240261,16.5751,93038069.72,163.5517631815,55.7526,4.526110113227,,0.651227969705,24.7657759349,元件,2024-10-30,2023-09-30
920057,百甲科技,0.17,747598967.27,3.3264832282,-10.6123,30615329.99,-17.63,-25.2963,3.947042554787,4.64,-0.536310155718,18.8289328012,专业工程,2024-10-30,2023-09-30
920055,隆源股份,1.83,482036133.81,,,93313717.15,,,,19.59,,32.2983788932,汽车零部件,2024-10-30,2023-09-30
920046,亿能电力,0.16,154952353.54,10.9931465771,-20.4547,11771003.98,-27.74,-78.643,3.215343184083,5.04,-0.015820582145,19.9024342422,电网设备,2024-10-30,2023-09-30
920039,国义招标,0.39,253044153.18,63.658780255,13.129,59814968.1,2.64,24.5717,3.814257141334,9.15,-0.055276403784,53.4020415614,专业服务,2024-10-30,2023-09-30
920030,德众汽车,0.03,1906993340.52,-5.9019297131,-2.9023,4878028.69,-72.55,-78.3466,2.717636629983,1.0,0.493648745661,7.4001576498,汽车服务,2024-10-30,2023-09-30
920023,*ST田野,0.08,326605895.55,-8.9777463258,-13.8283,23320029.39,-44.51,-70.0764,3.61669598572,2.08,0.102120363485,22.2989910263,农产品加工,2024-10-30,2023-09-30
920021,流金科技,0.04,438656592.77,-11.108034066,10.4535,13520163.67,-38.2,775.2086,2.093108296961,2.07,-0.470285910619,22.1474643699,电视广播Ⅱ,2024-10-30,2023-09-30
920016,中草香料,0.49,144876062.2,9.8239800236,8.8238,29435953.21,22.376950232,-11.0343,3.54328515882,14.98,0.799315671672,33.2234274794,化学制品,2024-10-30,2023-09-30
920008,成电光信,0.505,125813256.7,9.0084707834,-24.4778,26734953.69,10.1300456223,-63.6584,2.772423643032,19.53,-0.504552930976,56.2798255663,军工电子Ⅱ,2024-10-30,2023-09-30
920006,晟楠科技,0.45,101000302.76,29.1895521222,-69.1147,34856015.28,12.94,-89.5461,3.863856483754,13.5,-0.184879995725,63.7658716658,航空装备Ⅱ,2024-10-30,2023-09-30
920001,纬达光电,0.2,153162994.27,-23.2875548131,-13.3166,31069176.42,-38.56,-22.7203,4.85890625796,4.16,0.229479687784,32.8219667483,光学光电子,2024-10-30,2023-09-30
900943,开开B股,0.081,615115410.65,-11.6783175538,17.4363,19788225.62,-40.73,-59.7715,2.371668542387,3.46,-0.173551105062,21.2633053481,医药商业,2024-10-30,2023-09-30
900941,东信B股,0.091,1924436460.59,-9.1429361085,0.3643,114650171.57,71.0,-23.8891,2.708781875404,3.38,0.01517144277,10.8452967268,通信设备,2024-10-30,2023-09-30
900940,大名城B,0.2777,10228191146.88,184.5345056823,34.3391,645531168.12,1655.86,98.0794,5.234433211662,5.11,0.488702343512,15.6045305177,房地产开发,2024-10-30,2023-09-30
900932,陆家B股,0.2277,6034424140.92,-10.6399859133,-8.041,1095716782.43,-27.75,-70.991,4.672181646662,3.99,1.60350472559,61.4021799388,房地产开发,2024-10-30,2023-09-30
900928,临港B股,0.3,3314107684.03,-32.6630209585,14.4461,749703543.28,1.88,-29.8208,6.842096259736,4.37,-2.539035545097,65.5238734391,房地产开发,2024-10-30,2023-09-30
900926,宝信B,0.662,8818257963.91,15.2253675138,-0.4157,1871111153.04,22.33,7.0298,4.389100156141,18.46,0.784289538355,39.5663130046,IT服务Ⅱ,2024-10-30,2023-09-30
900917,海欣B股,0.1043,946698652.49,-9.7438467358,-6.1382,125939865.17,-26.03,-67.7148,3.323460571038,3.2388,0.029389508161,46.4541742035,化学制药,2024-10-30,2023-09-30
900915,ST中路B,0.029,731552211.3,3.8344032799,0.9752,9440796.62,-63.9,-72.3825,1.765892023843,1.6,-0.027568646503,16.0040916987,摩托车及其他,2024-10-30,2023-09-30
900913,国新B股,-0.02,12177914266.58,11.488702836,11.8971,-38666101.3,-25.4301030304,-40.6009,2.626398082759,-1.04,1.355250439079,8.917809649,燃气Ⅱ,2024-10-30,2023-09-30
900912,外高B股,0.55,5447087444.08,-20.7518866237,-36.9096,620349242.8,-23.43,-79.6177,10.787029837775,5.09,0.488368672366,35.3605347142,房地产开发,2024-10-30,2023-09-30
900902,市北B股,-0.031,786472930.31,-16.6122920777,-7.1701,-58090730.56,-1713.7,-344.4061,3.486757683871,-0.88,-0.065829593687,34.6355926596,房地产开发,2024-10-30,2023-09-30
874618,润奥供电,0.21,123520732.35,,,10434261.19,,,,17.2,,21.0004529414,,2024-10-30,2023-09-30
874567,辛帕智能,1.16,229714867.47,,,62900451.24,,,,15.67,,49.8587746503,,2024-10-30,2023-09-30
874493,苏环院,0.89,231476085.33,,3.3744,42530576.68,,-17.5363,,12.38,,41.9033151099,,2024-10-30,2023-09-30
874479,德普莱太,0.6,100872438.14,,,17883333.16,,,,14.97,,36.8410739299,,2024-10-30,2023-09-30
874390,佑威新材,1.62,515159246.12,,,80815987.97,,,13.9787259496,12.27,-1.1909938708,30.2864088988,,2024-10-30,2023-09-30
874189,博威能源,0.0087,199552214.37,,,507254.75,,,,0.15,-0.709831487368,19.7262408008,,2024-10-30,2023-09-30
874003,瑞能集团,1.24,283952476.01,34.8186510473,,31973993.77,91.85,,3.148123031377,46.9,-1.120459011601,28.0729799895,,2024-10-30,2023-09-30
873855,新富科技,1.16,387922301.98,,,31215017.9,,,,32.82,-0.481931317204,24.8258775503,,2024-10-30,2023-09-30
873815,旭域股份,1.08,200160610.3,,,63869264.82,,,,29.11,0.174852389831,31.5847954177,,2024-10-30,2023-09-30
870796,斯科瑞,0.025,140265038.36,,,2556653.19,,,,1.99,-0.18858251764,9.9181171036,,2024-10-30,2023-09-30
838758,思迅软件,0.86,272269320.61,5.7804671157,3.1053,90275544.17,3.6,12.2851,4.026530960155,24.27,0.951633466591,64.2989777907,,2024-10-30,2023-09-30
835312,上瑞控股,0.0849,107231703.48,11.2732863166,39.2142,26317579.52,-4.39,-25.6414,1.765296171258,4.82,-0.482542726968,,,2024-10-30,2023-09-30
834038,诚信小贷,0.06,7915155.54,3.5176238705,2.271,6153896.16,17.33,-31.9176,1.0862765258,5.83,0.0305421749,,,2024-10-30,2023-09-30
833962,方富创投,0.4,2277753.03,827.6285869183,76.1673,18844471.38,-37.04,-391.4252,2.556181929389,16.96,-0.301215754241,,,2024-10-30,2023-09-30
833689,架桥资本,0.15,36004760.56,-56.155376706,20.893,16882119.1,-52.18,-119.5429,2.266563546095,6.67,-0.266723532717,,,2024-10-30,2023-09-30
833502,ST联创集,-0.0252,5006139.22,-60.0934764309,-82.019,-30819446.62,68.79,-219.3776,0.799915226995,-3.1,0.004861365838,,,2024-10-30,2023-09-30
833499,中国康富,0.11,1475909912.08,49.3058504165,-4.209,238193031.51,-5.98,-32.5364,2.006951306074,4.87,0.158232493156,40.2218229372,,2024-10-30,2023-09-30
833118,棒杰小贷,0.05,18450858.89,10.0566523739,25.6263,11739342.04,-56.75,30.7994,1.209160550446,3.95,-0.260841719511,,,2024-10-30,2023-09-30
832793,同创伟业,0.38,352088197.33,55.0068415131,58.7959,159399195.49,215.82,134.2368,5.181142042755,7.49,0.129474132934,,,2024-10-30,2023-09-30
832637,华源磁业,-0.061,42227416.06,,,-5350314.59,,,,-102.84,-0.089016249188,19.8832623291,,2024-10-30,2023-09-30
832088,鑫鑫农贷,0.07,45959945.93,5.8110495534,48.448,29157646.92,10.54,33.8955,1.47023234395,4.96,0.182816942375,,,2024-10-30,2023-09-30
831177,深冷能源,1.18,503082794.69,2.2073595933,,126149135.25,-16.99,,6.949000108455,17.11,1.071759490364,44.1929378994,,2024-10-30,2023-09-30
688819,天能股份,1.76,35063541253.74,16.7154689313,24.9827,1711567974.83,20.12,30.4411,15.236031949738,11.99,3.15080117527,17.8984999517,电池,2024-10-30,2023-09-30
688798,艾为电子,-0.47,1782965210.35,6.7586085718,24.022,-108036718.48,-298.25,-4360.24,15.201002064985,-3.06,0.781492372158,25.0566991642,半导体,2024-10-30,2023-09-30
688793,倍轻松,-0.19,941688105.59,45.1007860667,-7.8157,-16331361.32,71.6121617528,138.3247,5.118497528996,-3.59,0.949413373039,61.4202394282,小家电,2024-10-30,2023-09-30
688787,海天瑞声,-0.53,103214577.26,-38.2538274549,-37.0038,-32119879.34,-272.4,-310.4264,12.998145231394,-3.98,-0.584046548887,59.2975120034,IT服务Ⅱ,2024-10-30,2023-09-30
688768,容知日新,-0.2,299936957.0,-7.0286940131,-36.9299,-16365501.45,-136.6,-181.7527,8.974084346335,-2.18,-0.809974563634,62.379767689,通用设备,2024-10-30,2023-09-30
688767,博拓生物,0.86,312238836.62,-82.225469935,-7.591,91527900.55,-89.66,-39.7929,22.678459289067,3.66,0.342098657681,41.9099026971,医疗器械,2024-10-30,2023-09-30
688739,成大生物,1.11,1334694071.78,-1.8778819327,-10.5065,463517560.88,-21.33,-37.1124,23.223709255829,4.78,1.062479311202,85.2753796937,生物制品,2024-10-30,2023-09-30
688718,唯赛勃,0.2185,288124678.42,23.2031759988,-5.4968,37967813.07,69.45,-5.6317,4.355352398034,5.16,-0.007017483282,31.2434267462,塑料,2024-10-30,2023-09-30
688716,中研股份,0.29,188233013.16,5.1925827639,-41.4595,26455819.59,-33.36,-82.021,9.479327708826,7.77,-0.315832651134,39.0757557005,塑料,2024-10-30,2023-09-30
688710,益诺思,1.71,798849579.81,,-0.5973,180578425.59,,38.6207,,,,45.8751490571,医疗服务,2024-10-30,2023-09-30
688701,卓锦股份,-0.43,273111986.65,52.928752632,28.636,-58071118.2,-94.0424602385,-26.7883,2.561082353697,-15.57,-0.709321380821,13.2356303007,环境治理,2024-10-30,2023-09-30
688697,纽威数控,0.7222,1739052813.04,29.0798039347,8.8392,235916061.19,24.41,4.1805,4.672204939499,15.78,0.550119905794,26.4782300858,通用设备,2024-10-30,2023-09-30
688693,锴威特,0.38,163340532.08,-6.8726542641,-58.3156,21795411.93,-49.3,-144.3171,13.92860826168,5.13,-0.345217515188,46.2919042917,半导体,2024-10-30,2023-09-30
688692,达梦数据,2.07,446570523.33,10.2015526785,1.5788,118223455.04,-4.4135251152,12.7772,,,,95.9197728963,软件开发,2024-10-30,2023-09-30
688690,纳微科技,0.0966,451155239.81,-4.0467049851,-4.3248,38983306.97,-81.61,-63.2464,4.12355969349,2.43,0.075497375263,79.0034661728,化学制药,2024-10-30,2023-09-30
688686,奥普特,1.677,845952157.78,-7.0620766273,-38.4916,204797774.98,-26.79,-71.1811,23.753015036922,7.45,1.103696801227,66.3258315402,自动化设备,2024-10-30,2023-09-30
688679,通源环境,0.21,1046299331.55,22.4243371833,1.8019,27963887.08,-21.89,-50.345,8.533901251484,2.5,-0.69229225336,18.3203880429,环境治理,2024-10-30,2023-09-30
688678,福立旺,0.29,699613485.61,4.8309620118,22.365,50164125.32,-53.54,55.6385,8.427183704596,3.38,0.639625667582,26.3234300264,消费电子,2024-10-30,2023-09-30
688661,和林微纳,-0.249,182289930.13,-21.2457044291,50.2992,-22365887.18,-150.12,44.4686,13.6316637995,-1.79,-0.43192846915,24.4437705079,半导体,2024-10-30,2023-09-30
688655,迅捷兴,0.08,337617706.83,2.0336399163,7.1831,10444840.41,-75.5,-39.6686,5.179159293425,1.51,0.265710881925,18.6282071905,元件,2024-10-30,2023-09-30
688653,康希通信,0.0037,281698629.14,-8.0,0.8293,1338657.55,-92.36,-111.3029,2.796474775055,0.13,0.031859092406,26.1847721713,半导体,2024-10-30,2023-09-30
688648,中邮科技,0.2,1172770683.64,-10.817447856,-37.6731,20762841.45,-41.92,-136.1892,12.150043555,1.69,-4.169593192451,16.5025030707,专用设备,2024-10-30,2023-09-30
688633,星球石墨,0.78,554417770.48,23.6053910082,-19.3213,114284083.79,6.46,-22.6934,13.896981929533,7.99,-0.400836577477,39.0543588515,专用设备,2024-10-30,2023-09-30
688631,莱斯信息,0.09,966652945.42,14.7640379467,25.6098,12066242.49,1111.41,27.1973,10.673114201933,1.1,-2.350121768214,27.4990491189,软件开发,2024-10-30,2023-09-30
688629,华丰科技,0.1,619098256.95,-12.4140583854,-13.9616,39701118.94,-47.98,-92.0991,3.186337328378,3.72,-0.034322296717,29.4165981144,军工电子Ⅱ,2024-10-30,2023-09-30
688626,翔宇医疗,1.14,541877308.0,51.9878231813,8.0962,179162478.4,92.83,2.5055,12.782402408938,8.98,1.057739634563,68.5840087679,医疗器械,2024-10-30,2023-09-30
688622,*ST禾信,-0.79,249459184.41,65.3033939738,-9.1318,-54998198.75,-25.5074372543,-15.2073,6.811202989428,-10.93,-0.868262414575,44.1502614267,通用设备,2024-10-30,2023-09-30
688619,罗普特,-0.03,323915314.73,212.4678613071,119.4198,-4698839.74,87.9571875631,260.2073,6.201672360338,-0.4,-0.557036977257,38.7339657017,计算机设备,2024-10-30,2023-09-30
688603,天承科技,0.8893,247102993.66,-11.8127096195,2.843,41649673.74,-2.68,5.1632,18.546271187094,8.23,0.770597106218,36.0493127827,电子化学品Ⅱ,2024-10-30,2023-09-30
688598,金博股份,1.51,877664514.67,-23.4608767046,-11.0097,311911619.29,-37.21,-82.5321,44.651079669047,5.08,1.417247185744,33.5153164351,非金属材料Ⅱ,2024-10-30,2023-09-30
688588,凌志软件,0.1112,491268394.07,4.4558911469,-7.2365,44495781.3,-43.3,-147.8746,3.081835526473,3.33,0.184662442554,39.6641983735,软件开发,2024-10-30,2023-09-30
688586,江航装备,0.33,910583378.99,3.1260164455,-15.9666,186350798.94,-16.24,-28.7534,3.124858427832,7.78,-0.182459789125,38.8374313478,航空装备Ⅱ,2024-10-30,2023-09-30
688575,亚辉龙,0.5,1544937035.67,-50.6250831562,13.2536,285015950.01,-67.36,137.9696,4.374400719784,11.61,-0.86223440806,53.3683017562,医疗器械,2024-10-30,2023-09-30
688570,天玛智控,0.82,1542224362.09,10.1808901093,-31.194,313395005.89,14.52,-23.6791,9.389829026005,12.66,-0.322970576351,48.0168701664,自动化设备,2024-10-30,2023-09-30
688563,航材股份,1.32,2194821623.77,20.5228769615,19.1541,502912818.91,25.02,18.4078,22.095334953244,11.49,-0.078152193844,34.5187816679,航空装备Ⅱ,2024-10-30,2023-09-30
688560,明冠新材,0.2,1165875013.13,-14.6312180912,-24.0719,39232449.68,-70.86,-127.4653,14.684636834707,1.24,0.642728445588,9.4524209241,光伏设备,2024-10-30,2023-09-30
688557,兰剑智能,0.67,704921814.14,15.3633545836,-47.0956,68114813.22,55.32,-71.9371,14.280371064263,6.7,-1.521522967249,31.569951743,通用设备,2024-10-30,2023-09-30
688552,航天南湖,0.14,506170641.98,114.0620697157,-53.3655,40932649.5,204.25,-75.5041,7.730078513972,2.41,0.839752566123,27.8283083485,军工电子Ⅱ,2024-10-30,2023-09-30
688539,高华科技,0.37,223178577.7,10.8526681478,-1.7991,60677264.26,5.4,-21.4291,13.056955094654,5.01,-0.364268853087,57.1696045539,元件,2024-10-30,2023-09-30
688536,思瑞浦,0.14,813193802.71,-44.6291076236,-33.9836,16304407.64,-94.11,-82.1924,31.517435621974,0.43,-1.190399337739,53.5755415878,半导体,2024-10-30,2023-09-30
688531,日联科技,0.75,426407320.96,33.0644617236,-7.9626,80737844.24,148.41,-35.658,40.61170126334,3.52,-0.052962688199,39.6603773053,专用设备,2024-10-30,2023-09-30
688530,欧莱新材,0.36,383747186.55,25.0134173527,14.7053,43656120.51,60.1230941421,-34.4509,,,,22.908729677,半导体,2024-10-30,2023-09-30
688529,豪森智能,0.79,1523574777.84,32.4778802916,-8.2274,101757641.13,24.28,-47.6021,16.688661451563,8.08,-4.573410784375,29.0408804081,专用设备,2024-10-30,2023-09-30
688523,航天环宇,0.1368,206772358.65,27.7862485622,19.6745,51003885.19,10.77,173.2282,3.902387072159,4.92,-0.294237803578,56.7663127491,航天装备Ⅱ,2024-10-30,2023-09-30
688509,正元地信,-0.08,509088301.46,-33.4584378339,-63.2581,-58995802.43,-27.4796018778,-540.793,1.889639401273,-3.96,-0.202597119026,29.1819229599,IT服务Ⅱ,2024-10-30,2023-09-30
688507,索辰科技,-0.47,52362939.05,36.5447624754,115.0823,-37134378.02,22.9937659163,59.3874,45.758418066686,-2.07,-1.602889835084,66.1315565517,软件开发,2024-10-30,2023-09-30
688500,慧辰股份,-0.363,336472446.31,1.381343872,-13.9665,-26441094.28,-188.6145440533,-27.3635,11.643697991545,-2.82,-0.496742197424,29.6424247286,IT服务Ⅱ,2024-10-30,2023-09-30
688498,源杰科技,0.31,93190191.91,-51.8258038718,20.4264,21447867.23,-70.99,-72.7424,24.970797459883,1.01,-0.367998830839,39.0506678269,半导体,2024-10-30,2023-09-30
688472,阿特斯,0.87,39118820264.21,17.0505031049,-8.8245,2840152349.58,126.02,-8.6885,5.713542828891,18.73,1.518714014885,14.3198149238,光伏设备,2024-10-30,2023-09-30
688468,科美诊断,0.3,345267780.87,-4.0698374801,6.5678,120238363.98,1.68,4.3347,3.395677343741,8.72,0.309724169377,75.3297752326,医疗器械,2024-10-30,2023-09-30
688459,哈铁科技,0.0614,404342087.19,-0.6907130508,-5.1127,29469649.31,665.5899249406,1537.6271,6.771369723792,0.9,0.067215386188,42.0988766747,轨交设备Ⅱ,2024-10-30,2023-09-30
688448,磁谷科技,0.27,219797706.78,22.2645476699,17.1883,18962128.53,-9.17,179.9677,13.472905013675,2.0,-0.180930868033,34.9315029419,通用设备,2024-10-30,2023-09-30
688439,振华风光,1.9832,975114037.61,69.4991016292,1.2391,396645494.68,74.91,9.6192,22.57358717825,9.03,-0.12110478885,71.4570331679,军工电子Ⅱ,2024-10-30,2023-09-30
688432,有研硅,0.18,790322829.26,-14.5329367499,-4.7013,222178270.35,-22.85,-27.8676,3.29909020161,5.44,0.194068648695,35.3425023419,半导体,2024-10-30,2023-09-30
688426,康为世纪,-0.36,151454595.08,-61.9416163886,-32.9915,-35546354.51,-124.47,-85.188,15.183732658539,-2.03,-0.170075510235,70.8208257817,医疗器械,2024-10-30,2023-09-30
688410,山外山,0.5652,575632073.38,122.0239721544,-10.2628,181617914.4,431.16,-20.58,11.584978288334,11.31,-0.709781042056,55.4686476494,医疗器械,2024-10-30,2023-09-30
688409,富创精密,0.63,1390033953.91,37.2829488809,15.2627,132016779.53,-19.15,-35.4555,22.278055887977,2.82,-2.2327721699,27.0864868834,半导体,2024-10-30,2023-09-30
688408,中信博,1.18,3393113247.41,50.2176182886,33.0951,157388040.41,1353.767303673,-0.0024,19.561664740286,6.11,1.14350039523,16.5289926644,光伏设备,2024-10-30,2023-09-30
688400,凌云光,0.3,1924696254.43,-5.1079981733,-12.4487,137813900.83,-12.85,-42.1124,8.637335226882,3.49,0.252969036375,33.513164451,专用设备,2024-10-30,2023-09-30
688390,固德威,3.69,5650348075.44,93.7956157004,-12.3532,892832656.14,224.49,-62.3909,17.385526507339,33.51,6.041695994702,34.1330593434,光伏设备,2024-10-30,2023-09-30
688386,泛亚微透,0.84,288588445.42,17.5173815568,14.3882,58834560.28,37.46,-33.9668,9.162540639286,9.32,0.722736709714,45.3256926658,塑料,2024-10-30,2023-09-30
688382,益方生物,-0.42,127169811.32,,,-241261887.25,37.3350707372,-47.3815,3.51831594767,-11.39,-0.408000406974,,化学制药,2024-10-30,2023-09-30
688379,华光新材,0.43,1051099899.23,19.4051298669,-15.891,37357310.19,387.0915217232,-79.2297,10.457468588643,4.08,-3.309996505705,13.380232296,通用设备,2024-10-30,2023-09-30
688377,迪威尔,0.64,936041417.33,34.0365711852,1.8449,124183153.58,26.05,-14.7564,8.848735760144,7.43,1.017027366939,23.2865524906,专用设备,2024-10-30,2023-09-30
688375,国博电子,0.76,2826048619.13,6.1885753319,-26.0906,450138422.29,12.05,-26.6033,14.60404961901,7.68,-0.620617161721,32.2467814418,军工电子Ⅱ,2024-10-30,2023-09-30
688360,德马科技,0.42,930847676.22,-4.0369159715,-5.9409,72690611.13,4.9,-7.2821,8.723764627546,7.13,0.234350707147,25.1627638628,通用设备,2024-10-30,2023-09-30
688359,三孚新科,-0.35,332255097.79,20.0890557224,-9.0529,-32289378.6,9.5970984197,-108.8951,5.255671169285,-6.71,-0.225782941132,28.1419137951,电子化学品Ⅱ,2024-10-30,2023-09-30
688357,建龙微纳,1.36,800052771.81,29.4830948233,75.1272,136024162.58,0.56,321.7384,19.621508640109,8.1,-1.407617280744,31.3890881488,化学制品,2024-10-30,2023-09-30
688355,明志科技,-0.0041,346700599.26,-24.8592457306,-7.7716,-502253.61,-102.03,-1443.9594,8.427643812802,-0.05,1.059964687168,27.8359781079,通用设备,2024-10-30,2023-09-30
688338,赛科希德,0.83,204274725.08,24.3713316803,-15.9571,87824480.03,12.27,-17.9531,14.802377125823,5.7,0.57614162672,62.7620075561,医疗器械,2024-10-30,2023-09-30
688334,西高院,0.56,536298038.66,37.2553853042,12.771,146578193.43,45.01,-7.0056,9.397264734125,6.38,0.740450694392,49.5572946517,专业服务,2024-10-30,2023-09-30
688332,中科蓝讯,1.64,1049568460.34,35.1850572142,14.5834,197249179.3,66.97,34.8664,30.858471186417,5.44,-2.202596438917,22.9796163989,半导体,2024-10-30,2023-09-30
688331,荣昌生物,-1.91,769470314.65,35.0810773405,36.5297,-1030585859.6,-49.7467389468,13.7943,7.268988440851,-16.87,-2.048204957044,76.8933274,生物制品,2024-10-30,2023-09-30
688330,宏力达,0.8006,635759644.31,-23.1066933204,-19.1037,112085488.76,-60.89,-32.0815,25.346921357,3.15,-0.136016784214,44.4002574269,电网设备,2024-10-30,2023-09-30
688329,艾隆科技,0.59,264027526.18,-12.5780725687,-9.161,44992784.45,-26.01,-31.9733,10.503387960104,5.45,0.585413621373,53.7051775894,自动化设备,2024-10-30,2023-09-30
688326,经纬恒润,-1.17,2858539889.77,5.9983435201,21.1876,-140211061.26,-194.49,-3196.4052,42.542742806583,-2.69,-7.59771214575,27.5165286066,软件开发,2024-10-30,2023-09-30
688325,赛微微电,0.2328,151059459.89,4.4085228939,19.0753,19111147.33,-25.36,137.5869,19.886797665289,1.15,0.305452312561,55.0511164415,半导体,2024-10-30,2023-09-30
688323,瑞华泰,-0.04,208531729.94,-6.6661922599,11.9089,-7672737.17,-121.69,179.0415,4.933172218958,-0.75,0.326365623953,27.617626865,塑料,2024-10-30,2023-09-30
688320,禾川科技,0.42,885045035.14,26.1430036359,-13.1282,63135508.7,-29.72,-53.9938,10.434635951297,4.02,-0.342408355646,29.8477409467,自动化设备,2024-10-30,2023-09-30
688319,欧林生物,0.0747,352299329.93,-4.9832350678,-28.3947,30283759.85,-24.62,-92.9627,2.276501148099,3.36,-0.025694626652,92.8830972954,生物制品,2024-10-30,2023-09-30
688318,财富趋势,1.08,248636673.45,26.0722415456,22.9439,198181601.37,196.51,26.999,25.408159378817,6.07,1.073526629714,81.4469580292,软件开发,2024-10-30,2023-09-30
688317,之江生物,0.18,205201872.85,-89.1012546532,-6.85,34641306.81,-94.49,-88.1932,20.524314004284,0.85,-0.746020148446,62.3942311938,医疗器械,2024-10-30,2023-09-30
688310,迈得医疗,0.61,329920089.5,67.0834846293,5.8427,71765299.89,272.08,20.5224,7.315545641705,8.52,0.712512984977,55.3122884504,自动化设备,2024-10-30,2023-09-30
688305,科德数控,0.6954,292620978.18,41.6197496242,-20.9588,64791155.12,94.31,-16.9535,11.764693022714,6.09,0.10184862456,45.4025785972,通用设备,2024-10-30,2023-09-30
688292,浩瀚深度,0.33,368504185.16,45.1060132374,-25.0066,51485711.11,122.31,-75.3815,6.532345948769,5.13,0.622050170813,51.1037079072,计算机设备,2024-10-30,2023-09-30
688288,鸿泉技术,-0.36,291547156.36,62.7047044287,40.632,-35813456.95,38.6362735241,7.0989,7.755787778971,-4.49,-0.307726698239,33.6495123207,计算机设备,2024-10-30,2023-09-30
688283,坤恒顺维,0.44,166728141.79,34.7103545064,18.0138,53368252.38,45.24,70.7414,11.108637285595,5.86,-0.075260256667,66.7519096507,通信设备,2024-10-30,2023-09-30
688280,精进电动,-0.56,623062091.74,-9.2779746944,9.9064,-333026174.26,-10.28,8.5704,2.127675810536,-23.44,-0.429013782393,2.889964602,汽车零部件,2024-10-30,2023-09-30
688277,天智航,-0.16,133666408.3,58.6261635836,22.0158,-72081373.89,12.4608211029,22.7386,2.936973443754,-5.62,-0.343505248433,68.2074440538,医疗器械,2024-10-30,2023-09-30
688272,富吉瑞,-0.88,129731292.94,190.2473674525,-33.1978,-66803029.42,-4.2196243447,28.6353,6.835594814868,-12.11,-0.124692809342,26.3535514333,军工电子Ⅱ,2024-10-30,2023-09-30
688268,华特气体,1.01,1129172708.4,-19.5128973339,1.8275,121616037.13,-34.63,35.8396,13.592298718527,7.28,0.847668230362,30.2119942408,电子化学品Ⅱ,2024-10-30,2023-09-30
688262,国芯科技,-0.17,402802243.29,24.9357369577,82.873,-57284843.63,-159.27,-110.0697,7.635307799202,-2.1,-0.418031230413,23.7592854345,半导体,2024-10-30,2023-09-30
688261,东微半导,1.07,769970294.4,-2.5466494192,2.5928,131644767.71,-34.19,8.6183,30.391106235067,4.61,0.787275926148,24.6890016787,半导体,2024-10-30,2023-09-30
688260,昀冢科技,-0.5376,384526413.77,0.1293772441,-6.2669,-64509132.41,-1750.12,17.2828,3.28675049225,-15.33,-0.430484686417,18.4929871248,消费电子,2024-10-30,2023-09-30
688255,凯尔达,0.15,350350520.84,10.6818198196,-3.041,16382415.57,-52.11,46.7427,10.126036236127,1.47,0.046505971343,18.1195510536,自动化设备,2024-10-30,2023-09-30
688248,南网科技,0.28,1634643772.94,47.7941195274,-52.6117,159856715.36,17.58,-48.4049,4.740068876944,6.06,-0.240511812414,26.8083085565,电网设备,2024-10-30,2023-09-30
688247,宣泰医药,0.1,213364344.65,14.1574231603,50.1144,44082538.03,-34.32,41.3773,2.632248352914,3.67,0.082488026117,50.6124036596,化学制药,2024-10-30,2023-09-30
688244,永信至诚,-0.3,170732756.0,37.5987335681,48.7997,-30490919.84,-38.5689131284,64.0577,14.658663792213,-2.96,-0.942187235213,56.9187603579,软件开发,2024-10-30,2023-09-30
688234,天岳先进,-0.16,824780609.12,206.0584137891,57.909,-68253393.11,42.0550055392,108.6613,12.053997955961,-1.31,-0.055104427616,14.765232267,半导体,2024-10-30,2023-09-30
688229,博睿数据,-1.71,95132062.29,0.1942668794,-10.0896,-74978676.71,-48.1838970166,25.8437,13.067127027027,-12.13,-1.900470469369,66.2967699446,IT服务Ⅱ,2024-10-30,2023-09-30
688228,开普云,-0.23,164537321.98,-17.8772208432,29.7838,-15280062.41,-212.83,7.7306,18.52695249965,-1.21,-1.841820928833,50.517872237,IT服务Ⅱ,2024-10-30,2023-09-30
688220,翱捷科技,-1.03,1844093836.04,16.4915008093,21.3899,-426324865.71,-129.1035666311,35.5791,15.493561320641,-6.0,-1.507945045725,24.6610380287,半导体,2024-10-30,2023-09-30
688219,会通股份,0.25,3906995028.61,3.6305924383,9.2393,114067683.6,158.55,3.9081,3.819876560313,6.23,0.467494780705,13.7558499697,塑料,2024-10-30,2023-09-30
688217,睿昂基因,0.34,198819318.04,-27.0139309355,0.8078,18829092.35,-48.58,-82.6456,17.297588117108,1.98,0.526425975514,75.0358269512,医疗器械,2024-10-30,2023-09-30
688206,概伦电子,-0.07,222002414.26,30.0460558575,-21.2679,-28676561.33,-193.88,-2666.6768,4.873341615967,-1.34,0.094387684501,82.2363579732,软件开发,2024-10-30,2023-09-30
688201,ST信安,-0.0585,342652427.36,10.1002760306,30.5524,-12251022.24,-122.51,225.0244,6.32183352201,-1.09,-0.334039606175,70.3994071131,软件开发,2024-10-30,2023-09-30
688198,佰仁医疗,0.52,257391045.85,16.6036678683,-12.657,70346167.91,17.53,-19.6662,8.464066824944,6.29,0.753679315539,89.6785829467,医疗器械,2024-10-30,2023-09-30
688193,仁度生物,-0.21,117098308.04,-51.2284838981,-10.1667,-8343228.52,-135.12,148.6647,23.783006463,-0.87,-0.300467997,81.7167367929,医疗器械,2024-10-30,2023-09-30
688185,康希诺,-3.99,175631799.9,-75.1720496441,300.5809,-985029654.47,107.63,79.5406,23.320383937962,-15.74,-3.026770367564,1.6587128309,生物制品,2024-10-30,2023-09-30
688180,君实生物,-1.43,986457567.67,-19.0354355514,-23.5903,-1406818402.73,11.7832619214,9.8185,8.181692965363,-15.95,-1.688273605735,65.8530670411,生物制品,2024-10-30,2023-09-30
688177,百奥泰,-0.92,461050213.9,20.7614362591,-8.3605,-382180237.12,-49.5100012186,-15.7816,2.958673467905,-26.99,-0.864920257197,73.283794824,生物制品,2024-10-30,2023-09-30
688176,亚虹医药,-0.47,2996071.25,17580.5679481823,5215.8012,-268043612.1,-64.6282194203,32.562,4.414548913404,-10.15,-0.498635927263,82.8891706097,化学制药,2024-10-30,2023-09-30
688170,德龙激光,-0.07,327908555.39,-8.2051739012,12.1598,-7212495.9,-120.81,-925.787,12.201226344814,-0.56,-0.199044710236,47.1251819783,自动化设备,2024-10-30,2023-09-30
688167,炬光科技,0.48,384469894.35,-3.6724297204,17.7394,42965288.91,-59.86,48.7779,26.781464449235,1.74,0.445066843365,45.9433622881,半导体,2024-10-30,2023-09-30
688166,博瑞医药,0.45,914877843.44,18.4581828055,15.874,191790741.75,-2.95,112.9518,5.449515940222,8.28,0.233932668487,58.5803544717,化学制药,2024-10-30,2023-09-30
688160,步科股份,0.52,366871619.88,-6.8733760324,1.8027,43482621.63,-34.37,-29.9565,8.706763073571,6.02,0.629982356905,38.3732475644,自动化设备,2024-10-30,2023-09-30
688159,有方科技,-0.48,708584860.64,21.7131591293,25.2128,-43663965.98,-79.912741659,103.2682,8.014170976732,-5.78,-0.826266977801,12.1729128325,通信设备,2024-10-30,2023-09-30
688153,唯捷创芯,-0.03,1610636871.28,-9.3873834566,25.6194,-12518267.3,-121.69,365.4377,9.29620584826,-0.32,1.377578614438,26.2662517749,半导体,2024-10-30,2023-09-30
688152,麒麟信安,-0.48,82350186.1,-66.1749546615,-35.4826,-37901088.74,-151.67,-13.9528,16.015439501564,-2.93,-0.733192012628,73.5632225365,软件开发,2024-10-30,2023-09-30
688148,芳源股份,-0.16,1900138758.11,0.7917010367,-24.1497,-82870197.9,-474.56,-350.6044,2.489511256916,-5.56,-0.527849158364,8.3714586538,电池,2024-10-30,2023-09-30
688147,微导纳米,0.34,1021562591.18,165.3047525034,108.7752,155070282.29,4864.4710525482,24.1857,4.828174684106,7.6,0.410947928705,40.9690790857,半导体,2024-10-30,2023-09-30
688143,长盈通,0.02,134031884.23,-37.0273495082,-63.5582,2834738.15,-94.45,-151.4764,9.87535487592,0.23,0.010422041654,51.1990996652,通信设备,2024-10-30,2023-09-30
688139,海尔生物,1.13,1826339651.43,-11.9952806006,-4.7797,357201281.16,-22.59,-44.1285,13.233151033613,8.71,0.526796552993,49.0102848224,医疗器械,2024-10-30,2023-09-30
688137,近岸蛋白,0.23,110706893.65,-47.9344639648,13.6686,15876672.69,-82.38,188.3181,31.140390974825,0.72,0.737291951248,82.4138885862,生物制品,2024-10-30,2023-09-30
688131,皓元医药,0.56,1376113868.75,41.8430954384,7.0571,118164770.88,-25.14,-52.0597,16.402132888461,4.95,-1.289329201975,48.3364826869,医疗服务,2024-10-30,2023-09-30
688120,华海清科,2.38,1840273214.49,62.3683636466,-2.0079,563929246.56,64.46,5.3266,33.55404038565,11.15,2.335510137099,46.4564133526,半导体,2024-10-30,2023-09-30
688119,中钢洛耐,0.0714,1995212726.07,-8.1570984797,-8.0068,80341249.96,-56.5,-71.6163,2.73764019936,2.58,-0.102824249724,19.3149905594,装修建材,2024-10-30,2023-09-30
688118,普元信息,-0.432,293009503.31,17.6976666417,-1.3421,-39642922.99,-39.8230489691,11.6146,8.788231793816,-4.64,-1.405323771279,43.7688602729,软件开发,2024-10-30,2023-09-30
688115,思林杰,-0.18,110267842.27,-45.9344390386,12.7389,-12105317.21,-121.87,-728.7609,19.310445364932,-0.92,-0.249070573721,59.0865356288,通用设备,2024-10-30,2023-09-30
688107,安路科技,-0.3443,592782381.24,-25.6527991049,-13.0582,-137826989.43,-323.71,-96.0552,3.784186995361,-8.85,-0.744625473164,36.2930707269,半导体,2024-10-30,2023-09-30
688106,金宏气体,0.53,1779908451.55,23.8690651813,4.9131,258955503.87,53.31,-4.4642,6.108300485932,8.37,0.586213839829,38.4315537698,电子化学品Ⅱ,2024-10-30,2023-09-30
688102,斯瑞新材,0.094,868879728.95,21.0168407525,0.2402,68443162.36,17.25,-49.0051,1.839879904717,6.73,0.080324955715,20.230490166,金属新材料,2024-10-30,2023-09-30
688101,三达膜,0.54,958420802.66,27.9716743788,46.058,181803008.81,-5.39,11.3007,11.172797966575,5.0,0.497076349826,33.4256837259,环境治理,2024-10-30,2023-09-30
688095,福昕软件,-0.6929,442518858.5,3.6737253731,10.4152,-61322128.21,-870.32,61.6053,28.484179729146,-2.32,-0.500201672926,94.789186859,软件开发,2024-10-30,2023-09-30
688090,瑞松科技,0.29,653532702.04,-20.6102359334,-2.4565,19437360.74,21.57,1012.2734,12.933446959667,2.23,-0.728135022366,17.1290388561,自动化设备,2024-10-30,2023-09-30
688088,虹软科技,0.2,502813708.41,28.6724521308,-9.0271,81657264.41,53.16,44.692,6.563207660567,3.11,0.370833676084,91.1421925844,IT服务Ⅱ,2024-10-30,2023-09-30
688084,晶品特装,-0.01,84007848.9,-53.3608595136,-50.9042,-602586.48,-103.12,-113.1438,22.095391389315,-0.04,-1.17917779067,31.0035421702,军工电子Ⅱ,2024-10-30,2023-09-30
688079,美迪凯,-0.16,240812425.19,-25.6164475484,-7.195,-65133879.96,-840.04,-31.7682,3.694247370043,-4.29,0.219713046687,22.6202478992,光学光电子,2024-10-30,2023-09-30
688067,爱威科技,0.35,150758873.39,0.1868669223,4.1922,24104510.27,1.01,105.1787,7.241093523088,4.97,0.081623263529,57.1411694469,医疗器械,2024-10-30,2023-09-30
688061,灿瑞科技,-0.17,303210092.03,-41.6211968159,-6.8045,-15586474.13,-110.64,-3.7469,22.063319346344,-0.61,-0.72468671942,28.4978393336,半导体,2024-10-30,2023-09-30
688058,宝兰德,0.02,214106729.6,32.595786662,-2.5776,1258067.57,104.6084112683,-134.3617,15.086358766607,0.15,-0.704608505536,88.7015291228,软件开发,2024-10-30,2023-09-30
688050,爱博医疗,1.33,668099047.91,51.3880468508,20.3591,251970711.13,27.46,4.7238,19.726158602002,12.77,1.242422673413,81.505413355,医疗器械,2024-10-30,2023-09-30
688047,龙芯中科,-0.52,394307074.71,-18.4916442833,-54.4691,-206898328.59,-383.24,-226.2442,9.212533228828,-5.45,-0.702539255112,35.7859733264,半导体,2024-10-30,2023-09-30
688039,当虹科技,-0.87,214067175.77,-15.4609974302,95.2013,-96157540.31,-132.0136925872,10.2813,11.923685795391,-7.16,-0.911121774836,35.2118713525,IT服务Ⅱ,2024-10-30,2023-09-30
688038,中科通达,-0.1654,158952460.51,-26.1832325146,-48.3018,-19244548.74,-560.73,-126.3327,6.030479440491,-2.71,-0.865024329529,17.9567862859,软件开发,2024-10-30,2023-09-30
688031,星环科技,-2.22,222774720.22,30.0471364834,-10.7267,-268738010.54,-19.1520610314,23.8804,12.140106840029,-16.91,-2.932368475852,59.0622674871,软件开发,2024-10-30,2023-09-30
688030,山石网科,-0.96,700269762.09,-1.8864413799,43.0048,-173010708.61,-347.5348655484,-143.1988,6.265556197733,-14.04,-0.652945446832,61.1818859437,软件开发,2024-10-30,2023-09-30
688029,南微医学,2.06,1745324768.57,15.4237731459,0.1934,386526300.88,70.31,-24.9267,18.692927863391,11.45,1.912072860388,64.0444379298,医疗器械,2024-10-30,2023-09-30
688025,杰普特,0.89,903621558.71,12.0955224919,25.4193,83939737.17,64.12,86.2219,20.367788987571,4.45,1.307496370312,39.4478879852,自动化设备,2024-10-30,2023-09-30
688023,安恒信息,-5.22,1207363364.25,16.1365954231,42.3944,-535525513.08,-17.1989839637,42.1213,31.830126060386,-18.74,-8.579612263375,56.0340015891,软件开发,2024-10-30,2023-09-30
688019,安集科技,2.47,898187885.81,13.1545102737,5.7947,315424660.91,52.71,-49.3742,20.43571600403,17.47,1.951751094635,56.0445575734,电子化学品Ⅱ,2024-10-30,2023-09-30
688017,绿的谐波,0.4301,254008574.38,-26.2593345621,-0.7113,72499639.68,-43.36,-15.9003,11.855437189851,3.69,0.54093621142,41.732192391,自动化设备,2024-10-30,2023-09-30
688016,心脉医疗,3.62,888459839.37,33.7543390217,-20.5915,388426350.58,29.1,-29.5991,27.154977706775,21.26,4.554235019832,76.8600880051,医疗器械,2024-10-30,2023-09-30
688013,天臣医疗,0.41,181700399.51,7.9818167673,-20.3067,33111864.38,4.15,-56.1965,6.802197988802,6.21,0.606093280809,56.8704550836,医疗器械,2024-10-30,2023-09-30
688012,中微公司,1.88,4041266479.18,32.8028203283,16.2136,1159835796.6,46.27,-78.4406,27.387187147857,7.18,-2.064857606931,43.453507243,半导体,2024-10-30,2023-09-30
688011,新光光电,-0.225,89393826.54,-13.194040907,-18.0882,-22535248.19,-603.97,16.8547,11.6472934769,-1.91,-0.1761273886,34.9920909986,军工电子Ⅱ,2024-10-30,2023-09-30
688005,容百科技,1.36,18574231465.92,-3.6603393286,25.497,615905692.4,-32.92,246.129,18.258083441627,8.56,1.838392359254,8.7174125344,电池,2024-10-30,2023-09-30
605566,福莱蒽特,0.37,680949967.52,-16.463034609,-8.8177,49115043.33,-34.14,-26.5942,15.203166135593,2.44,0.050852846033,16.6461095406,化学制品,2024-10-30,2023-09-30
605499,东鹏饮料,3.1838,8640912369.92,30.0490674182,7.1198,1655600854.37,42.05,-10.3767,14.939419095898,29.75,5.033491156746,42.5175432481,饮料乳品,2024-10-30,2023-09-30
605388,均瑶健康,0.14,1355751246.59,104.3110267027,9.9944,82515039.58,4.57,46.6199,4.561809289395,4.25,-0.057072787674,24.7445761148,饮料乳品,2024-10-30,2023-09-30
605369,拱东医疗,0.56,712681564.18,-39.5854721344,9.6785,88249716.27,-71.39,-14.8185,14.35589564412,5.41,1.011346925706,32.122161631,医疗器械,2024-10-30,2023-09-30
605368,蓝天燃气,0.7217,3550254733.82,2.2303142592,-7.9671,499973712.12,2.41,18.0736,5.28067507624,13.64,0.606265789005,23.4152555621,燃气Ⅱ,2024-10-30,2023-09-30
605319,无锡振华,0.7,1615937017.83,19.915920563,18.5142,166625832.28,55.92,44.9457,8.27558186939,8.47,1.334912691974,24.6284788373,汽车零部件,2024-10-30,2023-09-30
605318,法狮龙,0.1583,475681483.54,-3.1388965674,10.0508,20451180.8,28.41,6.4159,6.217152648217,2.51,-0.538061054298,27.3288914028,装修建材,2024-10-30,2023-09-30
605305,中际联合,0.56,699316837.04,24.4958604991,-2.7759,118544217.92,-10.17,-44.8027,14.640964780896,5.36,0.238949003821,46.0897639522,工程机械,2024-10-30,2023-09-30
605298,必得科技,0.09,198274614.41,41.2866821939,-31.521,13907232.91,-55.88,-120.6548,6.685714381246,1.34,-0.106752805813,43.4366389748,轨交设备Ⅱ,2024-10-30,2023-09-30
605289,罗曼股份,0.69,405125557.94,240.2847805636,111.0241,75541152.29,817.92,73.6996,11.985767519391,5.88,-0.061297235408,31.0014217219,专业工程,2024-10-30,2023-09-30
605286,同力天启,0.81,1789818791.2,0.051216924,22.7714,144175789.39,31.16,22.3593,10.016584149551,8.53,0.332092715337,21.6803965288,专用设备,2024-10-30,2023-09-30
605266,健之佳,1.8,6499586188.65,38.0258969093,-0.4142,278437907.1,42.03,47.1472,21.148175385146,10.22,5.499461908663,35.876529226,医药商业,2024-10-30,2023-09-30
605259,绿田机械,0.87,1232348304.59,11.4943315662,-10.7485,149562870.09,-2.56,-22.2627,12.510480352841,9.87,0.843935452354,23.2019614605,专用设备,2024-10-30,2023-09-30
605228,神通科技,0.05,1052127016.04,5.8629520826,-3.6279,22843451.91,-38.24,54.7749,3.538370668471,1.5,0.280220483784,17.8339895554,汽车零部件,2024-10-30,2023-09-30
605222,起帆电缆,0.97,16909552745.68,15.7712146946,2.2262,405153656.22,31.76,69.2553,10.577455636912,9.3,-3.156433866339,6.3196912568,电网设备,2024-10-30,2023-09-30
605218,伟时电子,0.3092,1123878595.12,9.7910277765,29.6661,65797817.99,-14.18,14.6138,5.853553601158,5.3722,-0.182575276979,18.4045074938,光学光电子,2024-10-30,2023-09-30
605180,华生科技,0.16,159387467.2,-24.5379075242,5.5824,27753843.84,-47.25,-36.5129,6.536577281124,2.5,0.335855658225,25.5040148602,纺织制造,2024-10-30,2023-09-30
605178,时空科技,-1.24,170559025.3,-44.6501488199,-4.8007,-123278436.74,-1.7866154372,-74.5481,16.901036102793,-7.12,-1.193135215352,29.0279343077,专业工程,2024-10-30,2023-09-30
605167,利柏特,0.35,2382108122.02,134.6169343596,34.4706,156809184.46,130.52,30.5365,3.56696155871,10.22,0.51313073984,15.3563340429,专业工程,2024-10-30,2023-09-30
605162,新中港,0.21,683125119.89,-0.226993035,-12.5348,84681865.85,-10.3,13.9036,2.847539742589,7.22,0.293688855809,21.4399528425,电力,2024-10-30,2023-09-30
605158,华达新材,0.44,5523894759.39,-12.8214390737,16.4459,227003201.21,23.82,-9.2095,4.55885976882,10.08,0.528920628505,8.4060846444,金属新材料,2024-10-30,2023-09-30
605151,西上海,0.68,882753107.53,-5.9751273419,6.755,91282460.44,-1.94,59.7316,9.99664332409,6.84,-0.160063033077,25.6152767802,汽车零部件,2024-10-30,2023-09-30
605136,丽人丽妆,-0.13,1930293263.53,-7.9957036042,-40.4388,-51931569.33,-34.2171504068,-8197.7873,6.111426289765,-2.1,-0.623473833843,31.4583712207,互联网电商,2024-10-30,2023-09-30
605133,嵘泰股份,0.66,1435607469.27,35.9991840431,7.1855,115072197.64,26.63,12.2039,14.047389158295,5.02,0.316040380417,23.7426118578,汽车零部件,2024-10-30,2023-09-30
605123,派克新材,3.4932,2794732873.75,32.3469245573,-21.5616,423272508.69,20.61,-19.1412,34.848208048761,10.44,-0.059298398249,25.4917551037,航空装备Ⅱ,2024-10-30,2023-09-30
605122,四方新材,0.03,1459911593.35,24.0684100445,-6.4101,5072032.74,-89.99,161.2684,12.838579003736,0.23,0.961338873133,12.7935329318,水泥,2024-10-30,2023-09-30
605118,力鼎光电,0.2913,463131858.39,4.5596095486,6.9036,118448814.81,-15.82,-5.1156,3.495134330671,8.6,0.503991371913,39.5073512187,计算机设备,2024-10-30,2023-09-30
605117,德业股份,2.6,6325905703.74,55.2948650256,-49.009,1568267580.18,69.13,-54.8513,11.988120430615,34.1,4.964624389987,40.4868699813,光伏设备,2024-10-30,2023-09-30
605089,味知香,0.78,618951707.63,1.9193308121,-5.9263,107210794.67,-2.9,-16.7049,8.992563537174,8.46,1.117991347319,26.1601420925,食品加工,2024-10-30,2023-09-30
605068,明新旭腾,0.25,626412353.33,17.3821352388,17.0065,39115519.67,-30.11,0.4727,10.556496525569,2.08,0.527887135162,26.6165821194,汽车零部件,2024-10-30,2023-09-30
605066,天正电气,0.37,2101576042.18,13.3118173216,1.3672,148552847.54,56.62,-13.6544,4.482934590645,8.06,0.768622327735,26.8382628208,电网设备,2024-10-30,2023-09-30
605060,联德股份,0.85,928303147.22,13.7047344648,-5.4536,204480916.83,13.37,-15.5315,9.114246817944,9.58,0.775351956345,38.3844387049,通用设备,2024-10-30,2023-09-30
605033,美邦股份,0.52,553635582.54,-19.0617445654,-41.0479,70190830.4,-37.2,-178.8963,8.33431614645,6.26,0.641189756583,35.9574202757,农化制品,2024-10-30,2023-09-30
605020,永和股份,0.43,3228953046.04,18.6906027257,0.7262,162063889.46,-28.86,-35.6228,6.378904433694,6.3,0.664754223725,15.7346291694,化学制品,2024-10-30,2023-09-30
605006,山东玻纤,0.18,1659260551.75,-22.9613816412,-7.6276,105828294.53,-75.98,-141.3858,4.395562437815,3.66,0.972128683834,12.6482515696,玻璃玻纤,2024-10-30,2023-09-30
603995,甬金股份,0.83,27580589559.58,-9.1674652084,4.0284,315427459.8,-9.94,-14.8147,13.513618021829,6.42,0.465714068323,4.704496149,特钢Ⅱ,2024-10-30,2023-09-30
603992,松霖科技,0.76,2193627924.26,-11.7587133334,1.0793,304031258.65,32.85,139.2499,5.907440732623,13.36,0.745189880007,35.0710923139,家居用品,2024-10-30,2023-09-30
603991,领先股份,-0.19,152762941.08,108.6083125781,-7.7347,-14094069.81,-41.2226610054,12.9986,3.846129123932,-4.8,-0.245392914883,13.701386221,半导体,2024-10-30,2023-09-30
603982,泉峰汽车,-1.439,1507375379.98,23.562021564,15.2557,-379026341.8,-575.7752629152,-8.1851,8.897057860322,-15.29,-1.412418786969,-2.6000736074,汽车零部件,2024-10-30,2023-09-30
603980,吉华集团,-0.09,1279018006.15,-17.7031350551,-4.2531,-61909517.51,-47.83,-16.2946,5.794938594757,-1.51,-0.135212930414,6.5731210167,化学制品,2024-10-30,2023-09-30
603960,克来机电,0.16,413230450.44,-8.328057207,1.5108,42855374.33,69.15,-14.6929,3.93264795825,4.2,0.537072616862,24.4212905347,汽车零部件,2024-10-30,2023-09-30
603958,哈森股份,-0.002,572896154.21,6.1051606844,-16.1482,-487119.64,99.5262677645,-116.7438,3.671503787098,-0.06,0.194544172771,57.0990631314,服装家纺,2024-10-30,2023-09-30
603956,威派格,-0.12,771163202.02,49.1025401727,11.0987,-58770231.27,58.0792967981,117.1727,3.652842254346,-2.93,-0.331442138359,52.2944913273,专用设备,2024-10-30,2023-09-30
603928,兴业股份,0.32,1130631513.72,-17.5461359284,-9.8696,64390486.95,-27.3,-35.5756,7.480477095933,4.3,1.042471619296,16.1439706151,塑料,2024-10-30,2023-09-30
603918,金桥信息,0.044,602533584.33,25.3305791243,-14.2165,16073573.0,141.16,-120.3641,3.017066255441,1.469,-0.211524096898,31.3098182568,IT服务Ⅱ,2024-10-30,2023-09-30
603917,合力科技,0.2668,475323563.35,0.0829137328,0.9048,41833038.6,1.18,-28.1885,6.985126941199,3.86,0.363834414668,27.4105286495,汽车零部件,2024-10-30,2023-09-30
603915,国茂股份,0.41,2010818725.82,-1.1228141756,-5.7526,266326066.59,-8.59,4.3331,5.254389758278,7.93,0.253056951972,26.1748119953,通用设备,2024-10-30,2023-09-30
603901,永创智能,0.35,2413471437.08,11.0921326394,-2.5566,166469881.0,-46.79,-44.8042,5.140032735857,6.43,-0.098689271675,29.9637310336,专用设备,2024-10-30,2023-09-30
603899,晨光股份,1.1829,15859763277.88,15.5151700976,16.1414,1094151090.01,16.99,80.7414,8.046422251595,15.24,1.4538636843,20.3883144508,文娱用品,2024-10-30,2023-09-30
603883,老百姓,0.94,16041526841.0,16.4418852872,-2.6009,716560499.0,17.54,-8.3802,11.393740807451,10.72,2.442318348076,32.502641941,医药商业,2024-10-30,2023-09-30
603881,数据港,0.17,1115292565.68,1.9874343438,-1.277,101639092.28,38.02,-1.7531,6.750589178987,3.32,1.802611275774,28.8655897436,通信服务,2024-10-30,2023-09-30
603879,永悦科技,-0.0849,236886579.18,9.1379663998,2.131,-30671544.52,-85.2967366747,-14.0831,1.298833673743,-6.32,-0.072956990889,6.9846058469,塑料,2024-10-30,2023-09-30
603871,嘉友国际,0.77,5100868810.68,33.9542485126,87.3121,754748073.0,61.61,-16.7374,6.612166752815,17.07,2.389535380028,18.7666875669,物流,2024-10-30,2023-09-30
603869,ST智知,0.02,683794600.33,-9.2641657476,-30.0169,12223381.63,-63.01,-162.9532,7.848797837266,0.15,0.267852373699,30.3049412148,IT服务Ⅱ,2024-10-30,2023-09-30
603867,新化股份,1.1,1903361639.09,-5.7446702424,8.4582,204317319.63,-17.66,11.374,11.091989504604,9.66,1.268391437148,24.6120395131,化学制品,2024-10-30,2023-09-30
603861,白云电器,0.14,2953599576.88,38.1970418695,-7.8634,61242529.59,457.9850355389,-77.1143,6.261779477435,2.177,-0.394277673012,15.9309962255,电网设备,2024-10-30,2023-09-30
603855,华荣股份,0.89,2047290521.26,-14.4091464523,3.2975,301416996.86,6.8,-2.5725,5.246734033339,16.38,1.01790219926,57.4177977431,专用设备,2024-10-30,2023-09-30
603839,安正时尚,0.08,1605746649.48,-4.9965081613,-24.8311,30311291.72,-33.68,343.7591,4.955779712572,1.47,0.28483999548,51.3542326977,服装家纺,2024-10-30,2023-09-30
603838,*ST四通,-0.0771,138776404.28,-26.3668149421,-0.7809,-24676908.18,-471.7917571855,-304.324,3.149697961321,-2.4019,-0.031973103751,5.5584567564,家居用品,2024-10-30,2023-09-30
603826,坤彩科技,0.0993,651418809.86,-0.1997947289,8.1431,65057279.48,-19.09,15.8,3.976365545962,3.56,0.068044883248,34.705649393,非金属材料Ⅱ,2024-10-30,2023-09-30
603819,神力股份,0.01,978201588.98,-13.4102155193,-4.566,1231272.3,-95.7,218.4084,3.308427267185,0.17,-0.105028011848,10.8705956357,电机Ⅱ,2024-10-30,2023-09-30
603815,交建股份,0.21,3276097133.64,-22.1324724254,-20.138,129821898.61,4.81,-41.225,3.623454129341,5.87,-0.638704252048,9.4620525114,基础建设,2024-10-30,2023-09-30
603810,丰山集团,0.13,1005597225.86,-27.3207675617,-6.3053,21016606.77,-77.18,-47.6875,9.427136773437,1.31,-0.522237642751,14.0417591028,农化制品,2024-10-30,2023-09-30
603808,歌力思,0.37,2065589596.59,18.3321090943,-1.9515,136377382.21,67.1,-57.1429,7.954004189157,4.79,0.964916971061,66.8561010503,服装家纺,2024-10-30,2023-09-30
603803,瑞斯康达,-0.17,1136863036.19,-21.9759741258,-20.7305,-73985965.85,-261.29,-265.5926,4.332527092846,-3.87,0.339782040319,41.0802593411,通信设备,2024-10-30,2023-09-30
603801,志邦家居,0.8002,3928799541.4,11.7100432234,8.9166,349317108.19,10.92,33.0164,6.935533297174,11.71,1.46390669182,38.41186856,家居用品,2024-10-30,2023-09-30
603789,ST星农,-0.0729,178392157.01,-30.1202236383,27.095,-18966731.13,62.4835656299,-274.5544,1.661145445675,-4.0,-0.069311145465,0.5893057899,专用设备,2024-10-30,2023-09-30
603787,新日股份,0.48,3313486791.12,-19.1871359143,48.8732,102793063.15,-32.06,1005.7858,6.747800288854,7.62,2.725242457031,14.0754383047,摩托车及其他,2024-10-30,2023-09-30
603779,威龙股份,-0.01,268030809.77,-18.7358184169,-20.6068,-2794179.89,-171.8595524848,119.7037,2.095087304925,-0.4,0.030698591949,52.1330999746,非白酒,2024-10-30,2023-09-30
603778,国晟科技,0.03,906219387.8,954.4072375191,-10.902,17945417.08,153.4964201952,301.5439,1.656794608622,1.74,-0.391495575186,16.5847813171,光伏设备,2024-10-30,2023-09-30
603777,来伊份,0.01,3002373440.89,-7.605600816,-0.5677,4542834.87,-93.57,-196.081,5.359628685066,0.25,0.704940045562,42.4795992024,休闲食品,2024-10-30,2023-09-30
603776,永安行,0.05,410239602.42,-24.3672436168,-11.3468,11935200.63,-87.63,-192.8204,13.32395088739,0.36,0.769583149148,15.7719076409,摩托车及其他,2024-10-30,2023-09-30
603767,中马传动,0.21,809534509.76,9.4557860182,6.8089,66090059.41,42.35,8.4964,4.702669271251,4.52,0.613078700716,18.7900322242,汽车零部件,2024-10-30,2023-09-30
603759,海天股份,0.38,923758820.79,10.4919277841,-9.7141,173953217.3,8.11,-40.1295,5.387015938604,7.21,0.376570172752,47.2243684706,环境治理,2024-10-30,2023-09-30
603738,泰晶科技,0.19,595575878.77,-18.7161261791,0.0373,75204294.85,-57.93,0.5352,4.448830904117,4.1,0.578786103172,24.7012331198,元件,2024-10-30,2023-09-30
603733,仙鹤股份,0.54,6212503644.51,12.7517374655,26.8185,381833481.18,-32.65,243.8648,9.581373940101,5.4,-1.024408626921,9.1910343954,造纸,2024-10-30,2023-09-30
603726,朗迪集团,0.47,1282008925.5,-2.3733431003,-11.4811,87139507.48,0.82,-19.4384,6.392555300801,7.4,0.38633735365,21.2616160331,家电零部件Ⅱ,2024-10-30,2023-09-30
603721,中广天择,-0.02,156102697.2,17.8639731095,3.5849,-2916525.19,-131.93,140.7352,4.003015718692,-0.55,-0.028675961,20.226976296,影视院线,2024-10-30,2023-09-30
603719,良品铺子,0.48,5999493095.14,-14.3291228927,25.6419,191304417.63,-33.43,-95.0799,6.242170849601,7.83,2.395862739302,28.5415674884,休闲食品,2024-10-30,2023-09-30
603712,七一二,0.4,2265675067.28,2.3727053882,-2.4884,307935917.75,2.06,-45.5134,5.875037480052,6.98,-0.700112934132,44.4080266813,军工电子Ⅱ,2024-10-30,2023-09-30
603709,中源家居,0.31,748065144.37,39.8673883134,16.1106,30148696.02,758.8182717233,5.9651,6.257156626458,5.15,0.597548558542,25.6704054273,家居用品,2024-10-30,2023-09-30
603708,家家悦,0.34,13879375640.95,-0.6001345535,14.4677,213647425.63,11.09,-47.4991,3.868461652101,8.67,2.58749141221,23.6141945592,一般零售,2024-10-30,2023-09-30
603701,德宏股份,0.05,440226756.6,23.3073237751,2.2547,14271822.1,17.08,-108.1632,2.895091738256,1.9,-0.204934139999,19.0196184295,汽车零部件,2024-10-30,2023-09-30
603700,宁水集团,0.41,1258561335.61,20.0995065242,-10.299,81800191.6,26.79,-25.6331,7.673906018047,5.29,-0.327311329745,22.7001264004,通用设备,2024-10-30,2023-09-30
603698,航天工程,0.19,1485770897.78,29.4852801845,12.9777,101121354.61,6.43,-7.7171,5.942996656785,3.18,0.167352214258,20.647450656,专用设备,2024-10-30,2023-09-30
603693,江苏新能,0.43,1457287441.58,-3.9103102596,-31.8714,380102281.72,-0.33,-74.3174,7.096740853527,6.12,0.831688802696,51.4176608122,电力,2024-10-30,2023-09-30
603689,皖天然气,0.64,4621053810.54,8.1514549147,-3.2212,300968463.48,43.5,59.5859,6.116964085143,10.44,0.79964171461,11.2263082095,燃气Ⅱ,2024-10-30,2023-09-30
603687,大胜达,0.18,1469628231.92,0.0903780431,7.7112,75964565.88,0.47,69.5361,5.38461910825,3.54,0.398753802149,16.747420882,包装印刷,2024-10-30,2023-09-30
603685,晨丰科技,0.09,889791191.26,-2.2196595194,-3.4662,15820570.27,8.03,-39.8389,6.482032819825,1.43,0.280217012065,14.2423166418,光学光电子,2024-10-30,2023-09-30
603681,永冠新材,0.26,4032695257.41,7.8162683306,3.2955,48838105.03,-79.5,1271.0926,12.729180095754,1.97,0.863260698725,8.9036769689,化学制品,2024-10-30,2023-09-30
603680,今创集团,0.27,2658562375.31,6.4184821241,-2.957,212111975.54,49.27,5.2181,6.375930279324,4.28,-0.098970503076,26.9484192443,轨交设备Ⅱ,2024-10-30,2023-09-30
603679,华体科技,0.3552,499392580.73,63.078640289,-3.8434,57958070.58,463.4006913775,173.7168,5.381691296885,6.66,-0.394519614203,24.6609937737,光学光电子,2024-10-30,2023-09-30
603663,三祥新材,0.19,842134185.66,15.087427125,-16.7727,81945478.29,-35.7,-94.136,2.987331393214,6.65,0.048219019471,29.1464005321,化学原料,2024-10-30,2023-09-30
603662,柯力传感,0.75,805728922.62,0.4480556809,3.7418,213554801.75,8.72,-12.5531,8.617558862641,8.9,0.407042078641,43.6658713412,通用设备,2024-10-30,2023-09-30
603661,恒林股份,2.68,5775652359.75,24.7415902749,9.3513,365964622.01,22.91,-43.7585,26.170687127706,10.54,2.631787553586,24.0671053444,家居用品,2024-10-30,2023-09-30
603657,春光科技,0.29,1351890313.78,9.7671494219,-4.5875,39820554.37,-49.72,-63.233,7.114794317824,3.73,-1.096844758487,12.586952728,家电零部件Ⅱ,2024-10-30,2023-09-30
603655,朗博科技,0.108,136435030.24,11.1840848902,16.0564,11448554.35,36.32,37.7406,5.030330790943,2.15,0.196082537358,32.9169885776,汽车零部件,2024-10-30,2023-09-30
603633,徕木股份,0.15,777635952.33,15.8007383459,11.9107,65741901.62,12.22,8.1735,4.471695719882,3.48,0.113883201058,26.3408372923,消费电子,2024-10-30,2023-09-30
603626,科森科技,-0.2877,1912407779.87,-23.145186531,-17.3745,-160129577.23,-524.01,-728.9901,5.310288582738,-5.3,0.644956109423,12.2021627964,消费电子,2024-10-30,2023-09-30
603617,君禾股份,0.11,492461229.32,-12.8466824945,-18.7989,41308765.84,-26.06,368.6438,3.861865192616,2.85,0.098586799421,17.7541683334,通用设备,2024-10-30,2023-09-30
603609,禾丰股份,0.04,26892550110.01,14.3314611454,14.8936,39534693.47,-88.69,244.8683,7.535800867811,0.55,0.137898973577,5.0444633653,饲料,2024-10-30,2023-09-30
603602,纵横通信,0.12,878728881.77,10.4875643075,10.856,25347585.1,47.23,-3.6159,3.709659551438,3.32,-0.195686734451,15.3957686798,广告营销,2024-10-30,2023-09-30
603596,伯特利,1.03,5105317026.58,38.5758254158,26.0809,594881557.92,24.42,30.5558,11.096908531293,13.32,1.314621702736,22.325246926,汽车零部件,2024-10-30,2023-09-30
603590,康辰药业,0.9498,720036091.76,22.4572036568,-5.7849,148633516.03,43.37,-17.072,19.584435353188,4.94,0.914945513313,89.8304739015,生物制品,2024-10-30,2023-09-30
603587,地素时尚,0.88,1845843103.2,7.3718904384,-6.121,413601423.65,10.17,-24.9304,7.648662026007,10.92,1.038643470153,74.8059135046,服装家纺,2024-10-30,2023-09-30
603579,荣泰健康,0.87,1298074815.73,-16.9092014142,-19.0426,151734129.17,20.74,-30.5568,14.068564786021,7.94,1.047782360461,31.8530979123,其他家电Ⅱ,2024-10-30,2023-09-30
603569,长久物流,0.16,2858931351.31,1.0149302507,-3.4708,89810442.07,2866.78,39.6752,4.420665796248,3.53,0.498491828123,11.1654707425,物流,2024-10-30,2023-09-30
603567,珍宝岛,0.2311,2051700184.57,-38.2110136453,72.9771,217083547.17,41.43,185.3977,7.739280167688,3.0119,-0.331174065122,45.0794659641,中药Ⅱ,2024-10-30,2023-09-30
603566,普莱柯,0.52,928544281.17,12.2471823967,1.6272,179111279.58,39.78,18.4022,7.751903205917,6.31,0.536369010814,61.6683479272,动物保健Ⅱ,2024-10-30,2023-09-30
603559,中通国脉,-0.44,150894366.32,-30.9390863237,-41.3072,-62765737.57,-29.7502535113,40.451,2.142706652081,-18.57,0.015504444611,11.7651600275,通信服务,2024-10-30,2023-09-30
603538,美诺华,0.26,928533649.58,-24.5517545482,3.0737,54538412.55,-74.51,288.0509,9.645160118623,2.59,-0.542351359778,32.4800885155,化学制药,2024-10-30,2023-09-30
603528,多伦科技,0.0094,426586933.3,-21.3957291965,0.7244,5876313.82,-86.61,-171.9349,2.368475847881,0.36,0.042534215279,38.6768730546,软件开发,2024-10-30,2023-09-30
603518,锦泓集团,0.56,3096095436.95,14.3876614604,4.368,190513465.16,165.45,15.7854,9.304186042987,5.97,1.374920768967,69.2002541249,服装家纺,2024-10-30,2023-09-30
603515,欧普照明,0.87,5513758403.83,5.9211958459,-3.4853,658789031.45,30.16,-12.3273,8.541296329395,10.5,1.395779088815,39.1397079415,照明设备Ⅱ,2024-10-30,2023-09-30
603511,爱慕股份,0.57,2480442206.47,1.1327594647,-11.3158,228540998.92,32.25,-43.7485,10.857072132333,5.08,1.791396361251,65.9184931673,服装家纺,2024-10-30,2023-09-30
603496,恒为科技,0.123,498367134.46,7.6789324816,16.8772,31836894.28,-29.23,2316.6646,4.069066102286,2.47,-0.111667135261,37.9389169783,计算机设备,2024-10-30,2023-09-30
603486,科沃斯,1.07,10531521940.78,4.019300933,-13.3265,603687550.3,-46.21,-92.3962,11.349887390256,9.28,0.668880849994,47.990830791,小家电,2024-10-30,2023-09-30
603466,风语筑,0.35,1840929271.18,44.1128113881,78.8426,208918264.33,1597.56,35.0025,3.957063475272,9.07,-0.367893420052,28.2088629639,数字媒体,2024-10-30,2023-09-30
603429,*ST集友,0.23,505846747.77,-2.9859075149,28.4481,122548221.67,5.79,13.0531,2.949339062504,8.25,0.337696705837,41.7455942083,包装印刷,2024-10-30,2023-09-30
603393,新天然气,1.6,2539989376.89,6.5038207078,-12.5803,676910815.32,-6.62,-42.9478,16.413251580287,12.44,3.081504028081,48.1681174198,燃气Ⅱ,2024-10-30,2023-09-30
603391,力聚热能,1.11,507236367.63,-7.364426065,-25.9212,75784075.37,35.0903680114,266.3307,,,,39.6127019872,专用设备,2024-10-30,2023-09-30
603390,通达电气,0.01,370919873.58,23.5465496839,-8.3059,2605485.31,104.8339604554,-569.3217,4.454367150676,0.17,0.260549161495,27.7976580265,汽车零部件,2024-10-30,2023-09-30
603389,亚振家居,-0.28,149851739.74,-3.5598817919,-25.7083,-73209570.33,-9.2614122452,-30.7635,1.646657417869,-15.6,-0.109432273703,44.6005850622,家居用品,2024-10-30,2023-09-30
603380,易德龙,0.64,1363012292.42,-4.8242600923,16.6664,103290471.69,-24.16,-16.5708,8.242847412513,8.09,1.125208512785,23.1484781403,消费电子,2024-10-30,2023-09-30
603375,盛景微,1.58,540504377.15,13.6104824188,-30.771,119648942.4,8.23,-43.0797,8.597763508609,20.3,-1.263337204503,44.5958941685,半导体,2024-10-30,2023-09-30
603373,安邦护卫,0.93,1746901514.91,4.2267543992,0.302,74969858.62,5.79,-11.5326,14.896104489518,6.45,-0.132578013329,24.833696313,专业服务,2024-10-30,2023-09-30
603368,柳药集团,1.86,15616596259.2,9.8031777923,5.2559,674581036.81,17.26,27.3218,17.355983056994,10.8,0.05387173669,11.9141464094,医药商业,2024-10-30,2023-09-30
603360,百傲化学,0.57,850885355.13,-15.2505989218,-11.8439,282936730.02,-15.8,-20.5836,4.403119554266,18.43,0.892206835708,53.4085524871,农化制品,2024-10-30,2023-09-30
603359,*ST东珠,0.08,641791642.07,-47.8318374312,15.8151,36660821.6,-80.81,17.431,8.207818889746,1.01,-0.249158279227,26.1798525512,基础建设,2024-10-30,2023-09-30
603357,设计总院,0.69,2035840985.84,18.6109109856,-17.334,374706198.84,11.95,0.8944,5.867845207289,11.76,-0.617945866864,37.9769241221,工程咨询服务Ⅱ,2024-10-30,2023-09-30
603341,龙旗科技,1.25,17349754537.83,-24.4106550353,-0.9616,507046547.41,0.26,-30.524,9.165319433829,14.88,2.466395999838,11.6922246198,消费电子,2024-10-30,2023-09-30
603339,四方科技,0.8,1636954856.31,9.3887083695,7.8479,248264468.29,4.25,-8.1523,7.689451371234,11.01,1.152339746125,25.8312527954,通用设备,2024-10-30,2023-09-30
603338,浙江鼎力,2.55,4742085407.64,13.7689793283,-8.519,1293500933.93,47.58,-9.8305,16.012234690964,17.02,3.049390543631,36.0642695856,工程机械,2024-10-30,2023-09-30
603328,依顿电子,0.299,2411627962.26,4.2039537455,-0.0157,298631116.11,33.24,5.6801,3.73607953462,8.08,0.647812157799,22.3739923385,元件,2024-10-30,2023-09-30
603327,福蓉科技,0.3287,1419571252.9,-14.412901982,22.9565,245053429.82,-25.1,10.0424,2.816656123655,12.71,0.266216152105,22.5335189464,消费电子,2024-10-30,2023-09-30
603326,我乐家居,0.4875,1237143021.41,5.5191591639,6.2507,153805439.64,63.87,76.5249,3.589034558041,13.95,0.850923811366,45.6853260641,家居用品,2024-10-30,2023-09-30
603324,盛剑科技,0.8,1072394724.84,11.6100044832,-40.9906,99346461.58,-9.85,-61.7713,12.080146729402,6.81,-2.451784060912,27.1889155239,环保设备Ⅱ,2024-10-30,2023-09-30
603323,苏农银行,0.8,3070163000.0,0.5174573511,-11.7669,1450314000.0,15.81,-21.0726,8.468449194168,9.29,2.894801647108,,银行Ⅱ,2024-10-30,2023-09-30
603315,福鞍股份,0.1817,729498251.49,4.0000213552,-8.2022,56052726.65,63.02,-15.5038,4.867957435589,3.81,0.229086359726,17.4500304929,环境治理,2024-10-30,2023-09-30
603310,巍华新材,1.66,1191850115.73,-15.9513441134,-24.0569,428950423.18,-17.5986542286,-35.4612,,,,47.9546696088,化学制品,2024-10-30,2023-09-30
603308,应流股份,0.36,1807083010.09,9.204699966,8.1349,243604754.13,7.04,2.4923,6.445453815183,5.53,0.314026022156,36.8988008081,通用设备,2024-10-30,2023-09-30
603306,华懋科技,0.46,1457580276.5,31.5029370627,19.7807,148596425.14,19.52,48.2793,10.514836808047,4.48,0.438611906235,29.8425397697,汽车零部件,2024-10-30,2023-09-30
603305,旭升集团,0.61,3575255408.25,9.5160289607,2.3303,564902071.39,16.43,-14.9487,6.540639540645,9.65,0.728232206064,25.1129984436,汽车零部件,2024-10-30,2023-09-30
603301,振德医疗,1.13,3209194823.07,-23.5458687882,-10.2031,300521451.57,-33.96,-30.5261,20.578495379165,5.34,0.986492919405,34.3362757655,医疗器械,2024-10-30,2023-09-30
603291,联合水务,0.26232,828690291.68,4.4692117009,-6.4935,107318997.15,28.69,-16.3123,3.904825418141,6.93,0.500914019394,35.1222944702,环境治理,2024-10-30,2023-09-30
603290,斯达半导,2.75,2618693664.16,39.724069919,2.5181,658217280.77,11.53,2.0232,36.1344963055,11.08,1.275900232008,36.3258732905,半导体,2024-10-30,2023-09-30
603281,江瀚新材,1.46,1751370901.54,-34.2217422833,-3.7556,534508714.9,-35.65,-27.4082,12.498149251709,12.94,1.436620633319,36.4579210582,化学制品,2024-10-30,2023-09-30
603278,大业股份,0.36,4172227360.68,6.9080412127,6.4124,105439744.76,162.7309933181,-35.9181,6.03123761317,5.64,1.128866256789,7.9503518007,通用设备,2024-10-30,2023-09-30
603272,*ST联翔,0.04,126795772.3,-10.4092766616,-6.3277,4157111.34,-79.68,-72.5039,6.174710707538,0.64,0.114655471547,28.0061522998,家居用品,2024-10-30,2023-09-30
603270,金帝股份,0.73,877977565.47,10.7678267612,-8.9323,124963364.22,20.85,-37.3795,9.689455193666,11.46,0.452443336012,34.3769247997,通用设备,2024-10-30,2023-09-30
603269,海鸥股份,0.17,882603545.91,4.4325765983,-8.2317,37073808.98,-6.09,-20.5691,5.97613801297,4.01,0.903003583488,27.4392612665,通用设备,2024-10-30,2023-09-30
603260,合盛硅业,1.87,19886099371.15,8.8139037071,28.0193,2184604963.07,-52.03,-48.3963,27.120438829043,7.08,-0.13536868088,21.8440630282,化学制品,2024-10-30,2023-09-30
603258,电魂网络,0.47,505415670.44,-18.1438680809,15.0468,114302145.93,-41.46,-29.7523,9.542376335887,4.84,0.622982191348,81.4049991014,游戏Ⅱ,2024-10-30,2023-09-30
603256,宏和科技,-0.05,496823254.22,8.0293562294,25.6824,-43542676.63,-204.28,-34.5984,1.634383252305,-2.96,-0.08641603107,7.7122897518,玻璃玻纤,2024-10-30,2023-09-30
603237,五芳斋,1.22,2415422407.37,6.7077008511,-66.6837,241311218.75,5.65,-104.7018,13.20709686986,13.31,3.098895355123,38.5745676672,食品加工,2024-10-30,2023-09-30
603235,天新药业,0.94,1487340403.1,-15.0242419005,-32.38,412902988.52,-25.09,-62.5281,9.519651070286,9.67,1.336205518845,36.6849712838,化学制品,2024-10-30,2023-09-30
603230,内蒙新华,0.93,1468671586.85,5.0225660398,113.3629,329375619.2,11.28,1147.3705,7.313210184458,13.37,0.575245145804,41.4437941314,出版,2024-10-30,2023-09-30
603229,奥翔药业,0.27,671662047.6,16.2218540405,-1.5616,225337632.82,27.25,-2.079,3.562905022063,11.29,0.017344457834,57.6738682175,化学制药,2024-10-30,2023-09-30
603222,济民健康,0.084,677627000.76,5.9027616285,5.202,45076348.04,-44.8,6.165,3.140440630163,2.62,0.161170919732,44.0373942044,医疗器械,2024-10-30,2023-09-30
603220,中贝通信,0.2304,1990002949.95,20.7624780499,-5.4678,100745660.35,50.23,-19.8004,5.399880152955,5.58,-0.920191339039,16.9342096849,通信服务,2024-10-30,2023-09-30
603218,日月股份,0.34,3530118307.01,6.1375495815,-14.3879,352887775.97,107.2,-61.4518,9.435540323388,3.65,-0.255462467838,19.4914453604,风电设备,2024-10-30,2023-09-30
603217,元利科技,0.882,1682732395.81,-21.0952282285,12.2552,183719177.21,-53.88,-8.8492,14.849649293441,5.999,0.551844011537,18.5202567298,化学制品,2024-10-30,2023-09-30
603211,晋拓股份,0.14,729182539.22,1.3599037436,9.6052,38986860.0,-25.76,70.8405,4.191807742083,3.42,0.11282439082,18.0097958613,汽车零部件,2024-10-30,2023-09-30
603206,嘉环科技,0.36,2749958107.76,12.3465538095,-16.7322,110709462.81,-1.04,-33.0719,6.969618448445,5.25,-2.497719377564,14.0987187192,通信服务,2024-10-30,2023-09-30
603200,上海洗霸,0.2138,380738393.47,-18.9460082388,7.2747,37194804.53,-28.89,27.2444,5.254342214649,4.14,-0.008535128034,35.3387134966,环境治理,2024-10-30,2023-09-30
603198,迎驾贡酒,2.09,4844235784.18,24.4578876921,38.6408,1669175243.22,37.57,66.3277,9.6294632876,22.0,1.302296177575,71.1862512038,白酒Ⅱ,2024-10-30,2023-09-30
603192,汇得科技,0.38,2027754347.35,-14.2795841425,14.8796,52500385.99,-17.7,17.9258,10.313735429654,3.71,0.289921575024,11.1618492677,化学制品,2024-10-30,2023-09-30
603191,望变电气,0.65,1968686535.54,12.9029552781,10.641,215783546.43,6.7,-16.3247,7.265746077377,9.19,0.213372627983,19.7689737484,电网设备,2024-10-30,2023-09-30
603180,金牌家居,1.08,2547170860.93,2.3452197101,11.719,166251869.0,1.04,105.4984,17.118068854523,6.23,1.474904849107,28.904015258,家居用品,2024-10-30,2023-09-30
603177,德创环保,-0.01,613370201.76,12.6125005285,-23.5155,-2031997.25,-110.84,-610.261,1.975969834379,-0.52,0.063890894152,21.8757847129,环境治理,2024-10-30,2023-09-30
603172,万丰股份,0.29,383566442.92,-4.965802212,11.7942,33071105.08,-36.11,-28.4352,7.700628182636,4.26,0.064986052857,23.795189239,化学制品,2024-10-30,2023-09-30
603170,宝立食品,0.6,1759190124.9,19.2434777437,7.2021,240989308.07,57.02,-16.172,3.172344905002,20.02,0.357018869503,33.8976187718,调味发酵品Ⅱ,2024-10-30,2023-09-30
603169,兰石重装,0.1048,3110329248.03,1.4426950927,-29.2949,136904891.12,-5.5,-73.8653,2.509152519688,4.27,0.308974952754,16.0124847087,专用设备,2024-10-30,2023-09-30
603158,腾龙股份,0.29,2366647641.7,30.6902337231,7.2084,140389884.14,33.28,57.2974,4.13600408347,7.02,0.569159960894,21.6822258104,汽车零部件,2024-10-30,2023-09-30
603150,万朗磁塑,1.22,1704597753.39,41.0203330623,3.928,101142501.6,-11.02,-5.8467,16.084741867704,7.46,-1.333770570125,24.0929005921,塑料,2024-10-30,2023-09-30
603135,中重科技,0.36,845103099.49,-32.202713713,6.3438,150609625.64,-36.84,17.6216,6.764646332311,5.95,0.385470164156,27.3776909598,专用设备,2024-10-30,2023-09-30
603121,华培动力,0.29,910355656.47,45.2684227778,1.8238,96534787.74,773.98,77.3685,3.575302327657,8.3,0.009782507039,24.7421120712,汽车零部件,2024-10-30,2023-09-30
603119,浙江荣泰,0.38,582618352.48,23.3162962384,19.5492,117676153.62,24.19,25.3014,5.73836526725,14.59,0.455650609107,36.7766157722,汽车零部件,2024-10-30,2023-09-30
603118,共进股份,0.23,6660420001.35,-17.4807640474,3.2569,179619426.6,-48.77,-117.8418,6.663018395222,3.45,0.42775280589,12.3800835985,通信设备,2024-10-30,2023-09-30
603116,红蜻蜓,0.08,1869321558.21,12.4469877317,-2.1853,47969167.28,119.58,-35.7346,5.24105474739,1.53,0.3693577574,36.8266179367,服装家纺,2024-10-30,2023-09-30
603110,东方材料,0.07,294101146.91,3.5603168193,19.5718,14941617.39,-2.56,85.8751,3.23939080743,2.25,0.12026425003,27.8572309904,化学制品,2024-10-30,2023-09-30
603109,神驰机电,0.8913,2068122474.05,1.3923021346,-20.4941,184830816.66,32.29,-24.0171,8.42443257869,10.62,0.453770711787,27.4089785969,通用设备,2024-10-30,2023-09-30
603108,润达医疗,0.49,6890332466.4,-9.7427530762,1.1006,283453202.57,-7.38,15.4682,6.852732603414,7.09,0.318335036561,25.840573742,医疗服务,2024-10-30,2023-09-30
603107,上海汽配,0.5,1369620264.15,24.962024222,16.8969,125540055.52,60.4455685111,31.4035,3.565439804941,14.67,0.139384775968,21.5001491251,汽车零部件,2024-10-30,2023-09-30
603100,川仪股份,1.05,5482716755.24,17.9641959211,-7.1189,534328387.09,32.31,-15.0873,9.438793636249,14.92,0.415221271662,33.8897387886,通用设备,2024-10-30,2023-09-30
603089,正裕工业,0.3,1274849403.14,-3.1485414616,7.9815,65673531.17,-18.43,-9.478,5.128869999669,5.81,0.629521354822,26.0186018782,汽车零部件,2024-10-30,2023-09-30
603082,北自科技,0.98,1375269788.07,18.6432008352,19.7959,119623123.78,32.04,36.5194,5.396315726136,20.05,0.747749898141,17.0478071186,自动化设备,2024-10-30,2023-09-30
603081,大丰实业,0.3,1705064202.79,-5.2501278152,-28.6412,124142194.03,-46.64,-97.7012,6.843376465789,4.28,-0.446267002817,25.2262052389,专用设备,2024-10-30,2023-09-30
603075,热威股份,0.54,1270414023.68,1.4433214343,-0.4815,194893644.98,16.46,-0.2527,4.824951391765,18.29,0.67847619802,30.8323979757,家电零部件Ⅱ,2024-10-30,2023-09-30
603070,万控智造,0.35,1696099156.23,0.8089894288,6.5402,140474429.65,10.47,-0.7203,5.128037593541,7.01,0.316842617506,25.7536167402,电网设备,2024-10-30,2023-09-30
603068,博通集成,-0.6,520027643.07,-0.8635427055,3.4113,-90345415.93,-25.47,-148.0671,11.373097505437,-5.15,0.209548259562,24.9181385984,半导体,2024-10-30,2023-09-30
603067,振华股份,0.57,2752629321.2,6.8361909364,22.5268,288848171.75,-9.17,4.1245,5.347861445681,11.03,0.373207097808,25.2291060911,化学原料,2024-10-30,2023-09-30
603059,倍加洁,0.59,765651760.56,1.2949439776,9.2395,59094665.69,37.17,-23.3904,12.110342253289,4.95,0.934419621097,23.2072818928,个护用品,2024-10-30,2023-09-30
603053,成都燃气,0.49,3704113352.26,8.3467735329,-13.2572,438554814.98,2.84,-32.2524,4.884873842354,10.24,1.247494289586,21.9976682099,燃气Ⅱ,2024-10-30,2023-09-30
603051,鹿山新材,-0.69,2275466298.96,14.7740544404,8.6665,-64280803.84,-170.48,108.6289,13.374302793108,-5.06,-3.140528352854,4.5670015472,化学制品,2024-10-30,2023-09-30
603045,福达合金,0.2477,1945665838.5,17.8434460296,9.9238,33543746.31,230.22,-62.9933,6.843519520872,3.67,-0.945053238781,10.667982719,金属新材料,2024-10-30,2023-09-30
603043,广州酒家,0.8645,3875796325.63,16.0315060818,163.315,491630348.35,4.54,3709.6886,6.289597400608,14.16,2.137699596729,36.4063553046,休闲食品,2024-10-30,2023-09-30
603037,凯众股份,0.29,486514218.22,10.7447679444,4.6259,54029323.37,4.54,5.1813,6.371643669712,6.24,0.289697795,33.9551963999,汽车零部件,2024-10-30,2023-09-30
603036,如通股份,0.29,257280219.31,27.7053032721,19.89,60260983.95,28.7,18.3008,5.994562919361,4.78,0.207815367148,41.0687070554,专用设备,2024-10-30,2023-09-30
603032,德新科技,0.69,510220165.68,15.2336105547,-27.4768,157010489.8,10.75,-51.7899,5.378749291418,13.57,0.72268501836,53.8034760316,电池,2024-10-30,2023-09-30
603031,安孚科技,0.92,3354634181.7,30.8516022636,10.6258,103005477.34,30.12,84.8505,5.765972713393,16.64,4.376523855804,47.6181944405,电池,2024-10-30,2023-09-30
603017,中衡设计,0.3405,1166348538.03,18.4915136731,-5.362,93938255.1,14.18,-76.4159,5.18852048894,6.45,0.074070632548,24.7066598863,工程咨询服务Ⅱ,2024-10-30,2023-09-30
603011,合锻智能,0.15,1230906124.1,0.1688661667,-6.034,74093794.81,-40.55,3.4764,4.576546631849,0.33,-0.054358695618,29.6405792234,专用设备,2024-10-30,2023-09-30
603010,万盛股份,0.28,2162719546.29,-17.7711409649,3.2869,164612060.55,-42.23,-15.6997,6.901441070555,4.07,0.829701790292,19.2700318419,化学制品,2024-10-30,2023-09-30
603008,ST喜临门,1.01,6069149058.11,5.71,-3.1275,390274485.91,0.33,4.5975,9.499530280963,10.08,0.399378280559,34.2179066941,家居用品,2024-10-30,2023-09-30
603005,晶方科技,0.17,681712535.73,-22.1397231202,-22.6639,110671794.56,-49.88,-29.1069,6.188191863486,2.75,0.315462214699,37.8209388997,半导体,2024-10-30,2023-09-30
603002,宏昌电子,0.05,1708708849.63,-28.3821270397,9.0662,62004403.64,-88.08,14.2917,3.866646937222,2.49,0.310841664442,8.5111497299,电子化学品Ⅱ,2024-10-30,2023-09-30
603001,奥康国际,-0.2309,2324751024.03,10.3170947377,-9.0476,-90302129.04,31.2208593308,-211.8518,7.292195722779,-3.1,0.118661493341,44.6561361251,服装家纺,2024-10-30,2023-09-30
601999,出版传媒,0.11,1810062263.93,-2.90892358,28.7609,63156053.55,78.73,191.544,4.513139976497,2.56,-0.13527255105,19.4174582568,出版,2024-10-30,2023-09-30
601991,大唐发电,0.0876,90619383000.0,3.862504592,7.5126,2835405000.0,271.29,-4.5067,1.59558627138,5.66,0.939693336109,10.7581067949,电力,2024-10-30,2023-09-30
601985,中国核电,0.486,56089262265.54,6.4252442128,7.5366,9327163586.15,16.1,8.8049,4.70123612477,10.71,1.818606724141,48.2300602199,电力,2024-10-30,2023-09-30
601966,玲珑轮胎,0.65,14529983275.0,13.7246286594,9.0988,959569112.0,343.88,14.8012,13.852739519326,4.84,0.213116467924,19.075564311,汽车零部件,2024-10-30,2023-09-30
601921,浙版传媒,0.39,7782521944.86,1.8666898142,-19.6069,859695364.26,8.61,-76.4833,5.75295916115,6.55,0.503222701805,25.9384531661,出版,2024-10-30,2023-09-30
601916,浙商银行,0.53,49690000000.0,4.1347947272,-5.6399,12753000000.0,10.54,136.5439,5.771919603845,8.73,-0.548463443053,,银行Ⅱ,2024-10-30,2023-09-30
601908,京运通,0.15,7979845211.96,-6.7168112593,17.7414,365615762.96,-56.21,225.1636,4.775602659219,3.22,0.136486785253,17.260934991,电力,2024-10-30,2023-09-30
601901,方正证券,0.24,5668034273.26,-4.0195868611,-29.2483,1936031156.61,-0.24,-43.8264,5.452093058218,4.4,-0.577978653709,,证券Ⅱ,2024-10-30,2023-09-30
601900,南方传媒,0.77,6446817419.59,2.9093123204,28.7669,680572584.2,22.0,43.4586,8.212009617818,9.2,0.469192984204,32.3137962147,出版,2024-10-30,2023-09-30
601865,福莱特,0.9,15884754551.71,41.6420119745,43.8822,1968569472.63,30.86,54.107,9.145230861079,12.04,-0.008900084994,21.2287490711,光伏设备,2024-10-30,2023-09-30
601860,紫金银行,0.37,3390050000.0,0.4253945119,6.7625,1348940000.0,5.8,-1.8153,4.871500638087,7.54,1.621292149096,,银行Ⅱ,2024-10-30,2023-09-30
601857,中国石油,0.719,2282135000000.0,-7.056525594,7.3406,131651000000.0,9.8,11.3552,7.752328967714,9.3,1.86317417127,21.699592706,炼化及贸易,2024-10-30,2023-09-30
601838,成都银行,2.16,16702380000.0,9.5500018923,-3.6531,8156529000.0,20.81,-15.3727,16.08963554866,13.75,-10.672642020175,,银行Ⅱ,2024-10-30,2023-09-30
601827,三峰环境,0.59,4538812689.98,6.5233434052,8.6671,984654762.34,14.47,24.401,6.125736845802,9.91,0.657315937729,33.3467711027,环境治理,2024-10-30,2023-09-30
601808,中海油服,0.48,29507229601.0,21.7007807485,2.0763,2273412582.0,9.9,-0.0669,8.572341944575,5.7,0.892937855542,16.1953494063,油服工程,2024-10-30,2023-09-30
601801,皖新传媒,0.49,9779588155.7,5.9192115069,27.6343,983607776.84,18.32,-32.7627,5.938424126812,8.42,0.428438770463,22.2237557441,出版,2024-10-30,2023-09-30
601700,风范股份,0.035,2230606337.19,16.2924797865,58.2524,39971576.52,20.1,-23.8006,2.305475768947,1.52,-0.080786407271,9.6934649026,电网设备,2024-10-30,2023-09-30
601686,友发集团,0.31,46253373210.06,-11.6624137252,-4.8304,438032032.61,507.16,-14.7708,4.390595674625,6.83,-0.133810355858,2.8077066954,普钢,2024-10-30,2023-09-30
601636,旗滨集团,0.4642,11184538604.0,13.6783694703,14.5255,1243327773.12,-0.42,11.5234,4.749721113142,9.5,0.329633213569,23.3635233224,玻璃玻纤,2024-10-30,2023-09-30
601618,中国中冶,0.31,467324908000.0,17.7010610874,-30.0728,8183833000.0,21.94,-74.8732,4.732881742325,6.74,-1.084606120196,9.2240247122,专业工程,2024-10-30,2023-09-30
601608,中信重工,0.0614,6985033321.65,3.2099110672,-6.0505,266288508.15,37.82,-30.5712,1.815779470938,3.44,0.205201488975,18.8759659629,专用设备,2024-10-30,2023-09-30
601607,上海医药,1.03,197508314193.06,13.1127333476,-2.1842,3796770660.15,-21.13,8.6778,18.499659804879,5.57,0.621731956464,12.13235771,医药商业,2024-10-30,2023-09-30
601600,中国铝业,0.309,188404472000.0,-17.2287515257,-19.8299,5352462000.0,-0.85,20.7049,3.326956322001,9.43,1.188838366511,11.3290299181,工业金属,2024-10-30,2023-09-30
601595,上海电影,0.28,629417301.37,88.2390469324,32.4288,124521085.09,180.34,96.4895,3.673754183222,7.65,0.210418342347,25.517213661,影视院线,2024-10-30,2023-09-30
601577,长沙银行,1.45,18751468000.0,8.4369171791,-6.3433,5844560000.0,9.21,-5.0299,14.619303632377,10.3,2.415988197597,,银行Ⅱ,2024-10-30,2023-09-30
601568,北元化工,0.11,8361407387.47,-16.1072640087,12.0047,430150879.79,-68.82,44.471,3.285844427988,3.18,-0.01531762407,13.452181061,化学原料,2024-10-30,2023-09-30
601555,东吴证券,0.35,8036074313.33,-7.8177452106,-12.5197,1745578086.95,41.28,-55.7718,7.866752547738,4.5,-4.197352030197,,证券Ⅱ,2024-10-30,2023-09-30
601518,吉林高速,0.21,937844324.84,12.9174911437,22.8542,391786139.92,23.11,43.4024,2.572235682397,8.39,0.477572224159,64.2142923457,铁路公路,2024-10-30,2023-09-30
601388,怡球资源,0.0564,5135921008.7,-12.1710684183,-6.5253,124084395.87,-57.25,-45.5104,1.94155835213,2.93,0.209519251372,8.4805615089,工业金属,2024-10-30,2023-09-30
601366,利群股份,0.033,5951480962.58,-2.2584877961,10.8472,28140516.28,59.23,-32.9112,4.658312928268,0.68,1.814751518731,32.0542825755,一般零售,2024-10-30,2023-09-30
601326,秦港股份,0.23,5362149555.6,1.4361850285,-4.3178,1292540016.25,15.44,-23.2462,3.276073148239,7.23,0.42473723194,38.7646058413,航运港口,2024-10-30,2023-09-30
601319,中国人保,0.46,418664000000.0,4.3167995136,-3.4283,20503000000.0,-15.5,-92.3775,5.436866859624,8.7,1.442406837916,,保险Ⅱ,2024-10-30,2023-09-30
601231,环旭电子,0.64,43057005790.29,-13.0688769206,16.758,1392521041.91,-35.86,27.652,7.210660541445,8.71,1.875387830555,9.7342799117,消费电子,2024-10-30,2023-09-30
601225,陕西煤业,1.67,127432471588.86,-2.4082728578,-19.8073,16179515586.49,-44.56,-1.4344,8.898526640951,14.87,2.93660487639,37.267038361,煤炭开采,2024-10-30,2023-09-30
601222,林洋能源,0.42,4749762245.54,31.8480916432,-28.2864,850977861.6,15.96,-29.7799,7.425794713903,5.59,-0.199358093462,31.8970567826,电网设备,2024-10-30,2023-09-30
601218,吉鑫科技,0.0967,976834300.97,-22.0458447537,23.9708,93643074.42,-2.41,-7.0316,2.928320528081,3.28,0.283731483031,22.8770951806,风电设备,2024-10-30,2023-09-30
601216,君正集团,0.2579,14144843996.78,-10.5426200393,-7.6368,2176115775.0,-20.29,-6.2278,3.145579299725,8.33,0.104629457633,24.6873717346,化学原料,2024-10-30,2023-09-30
601199,江南水务,0.2737,968138454.92,15.3785252085,16.9072,256008039.9,29.3,85.849,3.914278830328,7.16,0.242727908228,44.0412391857,环境治理,2024-10-30,2023-09-30
601188,龙江交通,0.138,482153285.88,38.9463714099,26.7285,174722838.46,13.2,14.8407,3.50643030641,3.95,0.000486664936,46.8986947454,铁路公路,2024-10-30,2023-09-30
601179,中国西电,0.1056,14354188325.6,7.4809195547,-2.9921,541344526.56,10.81,-57.7974,4.174242133907,2.57,-0.205818109015,16.994313477,电网设备,2024-10-30,2023-09-30
601139,深圳燃气,0.38,23193378580.62,2.8788843871,4.259,1105421249.84,28.23,16.51,4.82866189551,8.13,0.567419905175,15.4913348122,燃气Ⅱ,2024-10-30,2023-09-30
601108,财通证券,0.32,4954705588.03,39.7754922809,-12.4643,1501104857.98,39.11,-14.3756,7.184955679619,4.48,-0.580268101552,,证券Ⅱ,2024-10-30,2023-09-30
601099,太平洋,0.037,1034948413.02,3.3802409709,1.5001,250978078.46,494.1523641815,-32.4475,1.390442134633,2.68,-0.027324211156,,证券Ⅱ,2024-10-30,2023-09-30
601098,中南传媒,0.69,9207314862.75,5.9284687188,-40.6496,1235630006.5,15.38,-57.5005,8.241078152261,8.36,0.042753951782,42.1294753549,出版,2024-10-30,2023-09-30
601077,渝农商行,0.86,21899501000.0,-2.9128149182,-6.5407,9954935000.0,7.71,-2.1665,10.084989257727,8.775,0.877307387514,,银行Ⅱ,2024-10-30,2023-09-30
601069,西部黄金,-0.0463,3327793692.31,2.7151961296,-41.6632,-42523148.42,-196.89,177.2036,5.042083574474,-0.89,-0.037046733356,8.5883644786,贵金属,2024-10-30,2023-09-30
601068,中铝国际,-0.278,15039361000.0,-7.7983287455,1.9062,-765227000.0,-604.28,107.769,1.448248011256,-17.55,0.003036092458,10.8514051894,专业工程,2024-10-30,2023-09-30
601065,江盐集团,0.62,2207039704.53,3.6324998827,7.0001,355168257.62,4.01,20.2156,6.184271854476,11.27,0.817339344609,35.8533219994,化学原料,2024-10-30,2023-09-30
601058,赛轮轮胎,0.66,19011580765.94,13.7206504889,17.8999,2025086583.05,90.14,41.8457,4.382626278298,15.64,0.959418938056,25.4572038154,汽车零部件,2024-10-30,2023-09-30
601038,一拖股份,0.9658,10251806292.67,-0.6648838384,-1.6676,1085194909.92,36.36,23.3368,6.044121742594,16.99,1.335518552063,16.5625069087,专用设备,2024-10-30,2023-09-30
601033,永兴股份,0.88,2711274007.67,6.1318566067,6.7819,662926104.95,-1.61,-8.6654,10.340791556253,7.93,1.97647136144,48.6706697832,环境治理,2024-10-30,2023-09-30
601018,宁波港,0.207,19216825000.0,-3.8263036279,7.8138,4025541000.0,15.07,52.614,3.816534809525,5.49,0.399857451183,30.9275179433,航运港口,2024-10-30,2023-09-30
601008,连云港,0.114,1874018155.62,13.4460142813,-2.555,141528319.91,12.62,-24.5066,3.371427638281,2.9,0.368652188147,25.2852010952,航运港口,2024-10-30,2023-09-30
601006,大秦铁路,0.74,60797388690.0,3.4610130085,-1.1927,11111455188.0,2.78,-7.9638,8.620819771452,8.4,0.841950988428,24.6832116055,铁路公路,2024-10-30,2023-09-30
601002,晋亿实业,-0.0003,1679502098.84,-18.3796323642,38.8273,-258530.34,-100.24,-290.4196,4.354153526248,-0.01,0.217432060585,13.9357497994,通用设备,2024-10-30,2023-09-30
601000,唐山港,0.2723,4449285540.58,1.1293934939,3.9673,1613566913.31,16.42,13.9541,3.316785644009,8.28,0.323601731631,48.6873995529,航运港口,2024-10-30,2023-09-30
600999,招商证券,0.69,14871134663.02,-2.7901451277,-32.4469,6401520883.21,1.9,-32.1253,12.022347553671,5.82,1.449672205796,,证券Ⅱ,2024-10-30,2023-09-30
600996,贵广网络,-0.39,1680946129.31,-7.0362269326,-42.5535,-474656553.93,-70.1417300565,-105.4364,3.998816003476,-9.32,0.206575274512,7.0134071559,电视广播Ⅱ,2024-10-30,2023-09-30
600992,贵绳股份,0.0932,1516002785.11,-12.0383300736,3.0284,22846710.89,107.04,164.5654,6.086353787792,1.54,0.023968184993,11.3346722392,通用设备,2024-10-30,2023-09-30
600990,四创电子,-0.3274,1077222324.32,-26.840483916,-36.0422,-87556758.97,-73.2971387094,-260.7201,9.557945886254,-3.25,-1.016390824944,18.2516365528,军工电子Ⅱ,2024-10-30,2023-09-30
600985,淮北矿业,2.04,55695581209.89,-3.0073105149,-0.3975,5058440567.93,-2.66,-0.4273,14.68421822658,14.28,2.997417388147,20.0734193588,煤炭开采,2024-10-30,2023-09-30
600984,建设机械,-0.279,2438387096.2,-15.0140705109,-5.8766,-350741410.55,-662.72,-40.5334,4.500219225569,-6.01,0.014528022837,13.0340887202,工程机械,2024-10-30,2023-09-30
600981,苏豪汇鸿,0.02,34133530594.58,-2.2523419673,2.932,45070668.56,123.4475016057,-331.4845,2.203820202417,0.9,0.420332583875,3.8707698652,贸易Ⅱ,2024-10-30,2023-09-30
600971,恒源煤电,1.3611,5967189933.2,-11.6612280065,-13.5297,1633268308.43,1.62,1.188,10.230511122445,11.26,2.272962728575,49.4325100587,煤炭开采,2024-10-30,2023-09-30
600960,渤海汽车,-0.1123,3510470480.99,16.453939986,-10.9612,-106725262.17,-103.9527679366,-4.8405,4.659786722693,-2.37,0.251966508347,7.9287670754,汽车零部件,2024-10-30,2023-09-30
600939,重庆建工,0.0806,32342283655.36,-18.55,15.2259,187179160.64,-32.61,5.6205,4.247620879453,2.07,-0.391351815715,5.2662684908,房屋建设Ⅱ,2024-10-30,2023-09-30
600936,北投科技,-0.23,1091643628.24,-4.6964836627,-15.3191,-388355416.31,3.9596441018,-154.3366,1.102567051875,-19.07,0.089363368213,8.811627829,IT服务Ⅱ,2024-10-30,2023-09-30
600935,华塑股份,-0.01,3949095767.29,-25.4378468082,11.1256,-46904253.64,-110.24,103.5588,1.79575481833,-0.73,0.098070849232,12.4457928595,化学原料,2024-10-30,2023-09-30
600933,爱柯迪,0.67,4234724278.12,39.9231608173,14.7362,597606228.14,46.7,-10.9194,6.539047909535,10.66,1.01173568779,28.9602531885,汽车零部件,2024-10-30,2023-09-30
600927,永安期货,0.38,18791935000.98,-34.4141956821,3.3797,559081235.9,18.32,-27.8513,8.479847187434,4.6,-4.752031897283,,多元金融,2024-10-30,2023-09-30
600925,苏能股份,0.28,8636765916.06,-22.0927541858,-19.5515,1885665442.47,-21.81,-31.5874,2.248615761063,13.52,0.463653110999,45.4513206988,煤炭开采,2024-10-30,2023-09-30
600919,江苏银行,1.62,58677847000.0,9.1549644766,-1.0599,25653813000.0,25.21,-1.9042,11.418854020665,13.56,10.732742198377,,银行Ⅱ,2024-10-30,2023-09-30
600917,重庆燃气,0.17,7166196689.5,14.7226274052,-7.5702,274060353.26,-27.5,-50.6683,3.220571337317,5.48,0.341556053483,8.2119662139,燃气Ⅱ,2024-10-30,2023-09-30
600916,中国黄金,0.44,41313760833.27,15.758163451,-12.5246,740832648.11,20.66,-14.0142,4.25927060497,10.4,-0.688622087536,4.2302342292,饰品,2024-10-30,2023-09-30
600903,贵州燃气,0.15,4459295368.26,6.1285931814,-10.6462,171644956.96,267.5591787314,-52.6622,2.668156279629,5.56,0.699714229032,17.4219655031,燃气Ⅱ,2024-10-30,2023-09-30
600895,张江高科,0.49,1746355163.87,7.1106641796,311.3502,763741511.91,3.61,91.0443,7.936725737034,6.34,-1.806822071376,65.943381648,房地产开发,2024-10-30,2023-09-30
600889,*ST京化,-0.26,351378015.75,-5.694452195,-45.4484,-96793784.51,-9.1318701182,-482.2959,2.617667121746,-9.62,-0.296369325409,-7.7502162683,通用设备,2024-10-30,2023-09-30
600888,新疆众和,0.8634,4859701966.68,-18.3507687977,-9.8014,1152622209.44,-8.02,-16.6406,6.763837302936,13.13,0.476932809685,16.3687656273,工业金属,2024-10-30,2023-09-30
600881,亚泰集团,-0.41,7917685557.53,-25.9788485221,3.804,-1337196052.91,-35.8685924333,10.2155,2.556857240215,-14.94,0.357933165282,14.8870523571,综合Ⅱ,2024-10-30,2023-09-30
600879,航天电子,0.18,12958653653.24,5.4629577769,-35.9119,513579866.31,1.59,-39.6224,6.098095079514,3.066,-0.626840479722,19.6834332264,航天装备Ⅱ,2024-10-30,2023-09-30
600865,百大集团,0.06,152018990.99,-7.906027034,-9.5435,20808938.42,-83.64,-99.2569,6.112224723493,0.89,0.138997174216,87.9994042315,一般零售,2024-10-30,2023-09-30
600857,宁波中百,0.31,965510783.09,51.2311430228,-49.0551,70380040.25,-80.41,-137.829,3.919567731522,8.77,-0.056214200933,19.7862772686,一般零售,2024-10-30,2023-09-30
600855,航天长峰,-0.1586,859477859.67,-19.3586609176,-9.9763,-73851764.65,-219.5946640211,-808.165,4.239125134694,-3.92,-0.412795952983,27.4765410025,军工电子Ⅱ,2024-10-30,2023-09-30
600854,春兰股份,0.2579,147789947.96,-44.1651050697,-15.7537,133987399.37,17.98,1065.2996,4.467549743421,5.8833,-0.049479934624,47.6671187739,白色家电,2024-10-30,2023-09-30
600851,海欣股份,0.1043,946698652.49,-9.7438467358,-6.1382,125939865.17,-26.03,-67.7148,3.323460571038,3.2388,0.029389508161,46.4541742035,化学制药,2024-10-30,2023-09-30
600848,上海临港,0.3,3314107684.03,-32.6630209585,14.4461,749703543.28,1.88,-29.8208,6.842096259736,4.37,-2.539035545097,65.5238734391,房地产开发,2024-10-30,2023-09-30
600845,宝信软件,0.662,8818257963.91,15.2253675138,-0.4157,1871111153.04,22.33,7.0298,4.389100156141,18.46,0.784289538355,39.5663130046,IT服务Ⅱ,2024-10-30,2023-09-30
600838,上海九百,0.1123,64186719.42,46.2260536417,-20.9253,45021080.69,45.47,-50.1358,3.681036912831,3.08,0.007189777008,26.1502615053,一般零售,2024-10-30,2023-09-30
600834,申通地铁,0.14,429680056.16,74.8198503678,17.3451,65279547.39,8.41,34.5501,3.506775423966,3.95,-0.718090924812,26.1553672177,铁路公路,2024-10-30,2023-09-30
600824,益民集团,0.072,840197705.39,48.8347851611,-17.0662,75789498.92,3083.1541059501,50.3875,2.288705355313,3.19,0.153579160646,40.9444140304,一般零售,2024-10-30,2023-09-30
600818,ST中路,0.029,731552211.3,3.8344032799,0.9752,9440796.62,-63.9,-72.3825,1.765892023843,1.6,-0.027568646503,16.0040916987,摩托车及其他,2024-10-30,2023-09-30
600817,宇通重工,0.2287,2013661179.99,-16.0127247347,-12.0761,124902981.81,-47.19,-58.2357,4.407344207345,5.01,0.295690780476,20.5848187346,环保设备Ⅱ,2024-10-30,2023-09-30
600815,厦工股份,-0.02,634424871.16,-19.3079753777,61.2776,-44040873.42,21.0605434356,-48.9765,0.948726982765,-2.77,0.015782664833,15.3923561337,工程机械,2024-10-30,2023-09-30
600814,杭州解百,0.35,1550073333.09,1.8588264275,3.565,252752400.71,8.1,5.5896,4.690297288795,7.52,-0.237459174467,78.7379958029,一般零售,2024-10-30,2023-09-30
600800,渤海化学,-0.33,2452365655.77,-24.3382703364,11.4757,-394457840.2,-42.2888425904,18.2458,2.124898958345,-14.54,-0.271740803753,-5.287604135,炼化及贸易,2024-10-30,2023-09-30
600791,京能置业,-0.52,2155074427.64,90.3819110386,7.9206,-237129882.56,-246.2687789031,-128.6497,2.177669851528,-7.2,6.433241876568,7.4657881726,房地产开发,2024-10-30,2023-09-30
600789,鲁抗医药,0.22,4731864846.81,16.7539613221,1.9349,192551462.59,110.21,-28.6109,3.958731216314,5.58,0.516962179128,23.1955535207,化学制药,2024-10-30,2023-09-30
600784,鲁银投资,0.38,2760853858.66,-2.1318961597,-4.4884,253387917.31,19.82,-10.9391,4.249922933805,9.2,0.280472524301,23.0104342244,化学原料,2024-10-30,2023-09-30
600782,新钢股份,0.151,62282635799.78,-18.021817469,-20.8241,476470553.71,-69.38,-9.0858,8.325960189111,1.803,0.259960354022,1.9514126221,普钢,2024-10-30,2023-09-30
600780,通宝能源,0.4704,8092681468.33,-1.128590082,5.3681,539369478.1,-24.27,-9.7851,6.293464608163,7.8,0.7451161779,9.6689935795,电力,2024-10-30,2023-09-30
600776,东方通信,0.091,1924436460.59,-9.1429361085,0.3643,114650171.57,71.0,-23.8891,2.708781875404,3.38,0.01517144277,10.8452967268,通信设备,2024-10-30,2023-09-30
600775,南京熊猫,-0.0347,1946323717.96,-34.0182475092,-27.4978,-31714993.75,-859.44,-240.654,3.841207659028,-0.9,-0.090047825397,15.3858811475,通信设备,2024-10-30,2023-09-30
600774,汉商集团,0.2335,1016231823.41,-0.7436456629,-7.3048,68876834.26,4.96,-13.7082,5.699166449657,4.05,0.666376194436,60.4595606963,化学制药,2024-10-30,2023-09-30
600764,中国海防,0.1727,1939821478.82,-24.1565930771,-36.3281,122692905.41,-47.03,-56.5353,10.877552970839,1.57,-0.140550333166,33.0476808763,航海装备Ⅱ,2024-10-30,2023-09-30
600758,辽宁能源,0.05,4050039491.64,-12.9058791076,1.7127,63305391.2,-70.47,-502.1505,4.1304754768,1.18,0.386115638823,19.708780978,煤炭开采,2024-10-30,2023-09-30
600744,华银电力,0.01,7880213829.14,8.8368846377,34.7283,19828426.55,107.8020398895,457.3247,0.696029634723,1.43,0.552450088044,5.7422152892,电力,2024-10-30,2023-09-30
600742,富维股份,0.5837,15098623965.31,2.4420287481,14.3837,433075431.92,2.25,0.9013,10.957352921229,5.39,1.320729647655,10.0186680895,汽车零部件,2024-10-30,2023-09-30
600741,华域汽车,1.504,121559281416.41,7.2769934812,11.0403,4740405938.45,-2.81,35.0,17.517175960837,8.69,2.29888478275,12.8461753978,汽车零部件,2024-10-30,2023-09-30
600736,苏州高新,0.17,6000469884.94,-8.1104759872,-61.2932,272878632.94,40.19,-67.3623,6.461791327669,2.61,-0.369998315876,12.9910099523,房地产开发,2024-10-30,2023-09-30
600724,宁波富达,0.1117,2526686709.14,11.2146485025,-11.6575,161391582.42,-8.39,-17.3461,1.95360396247,5.5904,0.131541773608,13.3596490585,房地产服务,2024-10-30,2023-09-30
600716,凤凰股份,0.0493,279837150.58,-50.5061322713,77.2573,46140170.91,22.27,269.2852,5.543081873984,0.9,-0.116020312617,48.973573493,房地产开发,2024-10-30,2023-09-30
600703,三安光电,0.03,10155650390.75,1.4345923483,3.492,172594244.62,-82.51,106.0645,7.724858850296,0.45,0.339306895903,11.5803783286,光学光电子,2024-10-30,2023-09-30
600692,亚通股份,-0.0546,782236295.75,45.1854001332,7.9585,-19200857.66,-71.900690499,214.2031,2.577011613614,-2.0951,-1.152845398073,5.3488943274,房地产开发,2024-10-30,2023-09-30
600691,潞化科技,-0.0968,10984335845.79,-18.5839130689,13.2729,-230030795.79,-220.09,93.5686,2.435039995746,-3.9,0.035239729691,5.6838784475,农化制品,2024-10-30,2023-09-30
600690,海尔智家,1.41,198659318477.36,7.4962982668,0.7071,13146723208.39,12.71,-16.172,10.628830380753,13.32,1.398862299455,30.7128134193,白色家电,2024-10-30,2023-09-30
600686,金龙汽车,0.06,14084395063.92,33.7310369019,-16.1544,56701476.53,122.8076248319,-72.7901,4.341368299469,1.38,2.865051524549,10.0120395308,商用车,2024-10-30,2023-09-30
600685,中船防务,0.0171,9772350156.63,33.8786905994,-7.1864,24199357.2,1.92,-70.6742,11.449375164149,0.15,0.230866164631,6.372841496,航海装备Ⅱ,2024-10-30,2023-09-30
600684,珠江股份,-0.09,2814687807.63,72.9548247972,9.999,-75880799.17,94.8079135415,63.7951,0.50388811588,-14.2,-0.046988323574,15.045516192,房地产服务,2024-10-30,2023-09-30
600671,天目药业,-0.2255,86107172.19,9.982495257,22.4811,-27457999.53,9.2206291977,71.8991,-0.345587585648,,-0.237169539531,22.7855145408,中药Ⅱ,2024-10-30,2023-09-30
600668,尖峰集团,0.37,2064631835.35,-20.3461152163,-11.6824,128432694.45,-30.6,-80.9977,15.071999999634,2.46,0.161777617982,24.2461193632,水泥,2024-10-30,2023-09-30
600663,陆家嘴,0.2277,6034424140.92,-10.6399859133,-8.041,1095716782.43,-27.75,-70.991,4.672181646662,3.99,1.60350472559,61.4021799388,房地产开发,2024-10-30,2023-09-30
600661,昂立教育,-0.3325,713246239.12,30.7095930355,40.4442,-86374370.59,-151.37,127.3355,0.792722007904,-30.66,0.619083788721,45.8106030959,教育,2024-10-30,2023-09-30
600655,豫园股份,0.575,39547579531.25,15.570596968,-0.7932,2234972727.9,186.14,-99.1075,9.321729589115,6.097,1.394231934143,13.5196974712,一般零售,2024-10-30,2023-09-30
600648,外高桥,0.55,5447087444.08,-20.7518866237,-36.9096,620349242.8,-23.43,-79.6177,10.787029837775,5.09,0.488368672366,35.3605347142,房地产开发,2024-10-30,2023-09-30
600645,中源协和,0.28,1202361554.62,2.2228625264,-3.8159,132511715.75,15.68,10.0132,7.904925722743,3.65,0.396648787542,69.531641212,生物制品,2024-10-30,2023-09-30
600643,爱建集团,0.295,1684378550.61,-31.96,-6.1546,474895713.22,-28.72,-59.0462,7.885300189383,3.76,0.419563037919,34.6357182301,多元金融,2024-10-30,2023-09-30
600641,先导基电,0.1758,761880771.36,204.5512078508,40.6184,163607135.88,211.28,17.5787,9.069514369568,1.95,-0.179891058413,53.0407617059,半导体,2024-10-30,2023-09-30
600638,新黄浦,0.1218,2700536672.62,-0.5385574147,-56.2496,82002626.24,9.36,-85.9947,6.601035047589,1.8562,-0.85127612351,14.7802933378,房地产开发,2024-10-30,2023-09-30
600630,龙头股份,-0.01,1225788926.27,-40.0923204255,24.3465,-2276666.13,96.3676058222,-590.6625,1.635070090672,-0.33,0.108287693345,31.1112222681,服装家纺,2024-10-30,2023-09-30
600617,国新能源,-0.02,12177914266.58,11.488702836,11.8971,-38666101.3,-25.4301030304,-40.6009,2.626398082759,-1.04,1.355250439079,8.917809649,燃气Ⅱ,2024-10-30,2023-09-30
600604,市北高新,-0.031,786472930.31,-16.6122920777,-7.1701,-58090730.56,-1713.7,-344.4061,3.486757683871,-0.88,-0.065829593687,34.6355926596,房地产开发,2024-10-30,2023-09-30
600600,青岛啤酒,3.612,30978047855.0,6.417776519,-13.7737,4907707530.0,15.02,-24.9369,20.599240789396,18.06,3.726841619897,39.72749135,非白酒,2024-10-30,2023-09-30
600593,大连圣亚,0.8548,396536890.6,179.0958598215,90.1767,110098539.32,321.6644391511,418.8252,2.305910496506,45.5,1.531888158463,67.8540025628,旅游及景区,2024-10-30,2023-09-30
600589,大位科技,-0.082,278213316.61,-8.427846946,-0.9727,-121571108.7,17.53,-15.2961,-1.128227903462,,-0.108661547479,7.5643553826,IT服务Ⅱ,2024-10-30,2023-09-30
600587,新华医疗,1.29,7316820996.26,10.0191401133,-14.8161,578657965.69,37.8,-54.2421,15.471999386889,8.5,0.616999217319,27.6837650588,医疗器械,2024-10-30,2023-09-30
600586,金晶科技,0.2958,5804470589.4,2.135163258,15.4347,422625129.18,1.82,-6.7762,4.016717019254,7.56,0.479199330151,18.1585629827,玻璃玻纤,2024-10-30,2023-09-30
600585,海螺水泥,1.64,99156676146.0,16.2063596394,-1.3525,8671995723.0,-30.17,-43.7527,34.753849908822,4.71,1.822312625301,18.3514443709,水泥,2024-10-30,2023-09-30
600582,天地科技,0.476,21905361057.99,10.2690721493,-7.0211,1971742601.73,23.23,-23.2318,5.46050902039,9.12,0.415056736481,32.5582346409,专用设备,2024-10-30,2023-09-30
600581,*ST八钢,-0.476,17780480112.98,-9.6838630805,-8.0425,-739079510.31,-21.5439963543,110.6353,1.440613346245,-28.66,0.272112768658,1.2123557242,普钢,2024-10-30,2023-09-30
600577,精达股份,0.15,13144403101.23,-1.2764110238,-3.785,310704897.88,16.17,-4.7656,2.468036994088,6.06,0.214974724213,6.1015765822,电网设备,2024-10-30,2023-09-30
600576,祥源文旅,0.1232,573940107.31,54.7864590648,104.0831,131516453.48,237.72,138.7639,2.533231727952,4.48,0.169793329582,53.1192224201,旅游及景区,2024-10-30,2023-09-30
600572,康恩贝,0.243,5184266884.99,15.5070519531,-13.1136,623237394.18,171.76,-53.8183,2.772220351035,8.81,0.256189784192,61.1111381066,中药Ⅱ,2024-10-30,2023-09-30
600545,卓郎智能,0.0275,4294769000.0,20.7176042717,12.8047,49113000.0,-83.7,3054.45,1.82025379096,1.54,0.046246118228,19.9438433126,专用设备,2024-10-30,2023-09-30
600540,新赛股份,0.0238,536505889.71,2.6190975075,-53.8535,13856235.44,111.9762215625,107.2615,1.31840833247,-2.74,0.269146831034,9.2592525661,种植业,2024-10-30,2023-09-30
600538,国发股份,-0.03,283265700.12,-16.2996107019,-3.9487,-15727558.25,-147.88,15.8866,1.785272827987,-1.67,-0.035690815149,24.435243466,医疗器械,2024-10-30,2023-09-30
600537,*ST亿晶,0.25,6595956848.91,13.8773692871,11.9213,301683297.23,528.54,-89.4424,2.343145863885,11.5,0.055512692828,13.2396596601,光伏设备,2024-10-30,2023-09-30
600536,中国软件,-0.56,4158623352.44,-25.5038010786,23.3648,-422180983.47,-7.8489080448,129.4327,2.446612585281,-16.73,-1.58746962132,35.1050805826,IT服务Ⅱ,2024-10-30,2023-09-30
600531,豫光金铅,0.4473,25598125671.88,24.9969872122,10.7397,487623429.66,79.97,-42.4163,4.338817590122,10.6,-0.017768405845,4.7507806878,工业金属,2024-10-30,2023-09-30
600530,交大昂立,-0.04,250616807.08,-5.1278997515,-26.3504,-29762356.02,-209.85,58.9278,0.386215190523,-0.08,0.053357534649,35.0790668608,食品加工,2024-10-30,2023-09-30
600522,中天科技,0.779,32750749191.29,12.1788905846,6.2352,2659786200.72,7.68,-40.5482,9.613305355663,8.42,-0.282722456516,17.0842919612,通信设备,2024-10-30,2023-09-30
600517,国网英大,0.201,7352699433.9,1.85,-19.1862,1150394365.42,39.78,31.5119,3.457289717163,5.94,-0.111234305858,15.6807969389,多元金融,2024-10-30,2023-09-30
600513,联环药业,0.31,1483405300.86,5.0359423343,5.1269,88841806.7,-10.52,-10.1744,4.555937250303,6.94,-0.037072082166,47.0420807378,化学制药,2024-10-30,2023-09-30
600501,航天晨光,0.04,2404713597.79,-6.0729208321,-33.2669,18568207.05,-57.67,-80.7311,5.240818719691,0.82,-1.935905736712,15.5930612841,专用设备,2024-10-30,2023-09-30
600499,科达制造,1.053,7028109200.0,-17.6336431961,1.1271,2019354600.0,-43.92,-13.2117,5.917790770529,17.38,0.167427408817,31.3086896829,专用设备,2024-10-30,2023-09-30
600495,晋西车轴,,811291359.27,-2.8558301042,119.3512,2195229.78,58.11,853.9917,2.67607204304,0.07,-0.120980849172,10.8790795417,轨交设备Ⅱ,2024-10-30,2023-09-30
600493,凤竹纺织,0.2483,717734825.67,-23.4654008341,21.9285,67543321.31,144.87,514.9294,3.317576837316,7.7296,0.102093559926,10.5952696094,纺织制造,2024-10-30,2023-09-30
600489,中金黄金,0.43,45554851007.89,13.7849412603,-0.8197,2072160337.88,32.5,-31.5027,5.137660234161,8.36,0.558646694468,12.5931235903,贵金属,2024-10-30,2023-09-30
600488,津药药业,0.139,2837778648.87,4.6458029774,-21.1286,151749207.05,194.47,-49.319,2.85404132917,4.98,0.425425338212,48.8894150762,化学制药,2024-10-30,2023-09-30
600483,福能股份,0.65,10358802323.47,12.718316166,20.6778,1636165245.06,1.69,74.2684,8.141120691682,7.93,1.075271780015,18.7386666348,电力,2024-10-30,2023-09-30
600479,千金药业,0.4586,2778909669.96,-4.0077983774,-9.0809,196908205.04,5.2,10.1542,5.305549689716,8.73,0.172434520971,46.0918500902,中药Ⅱ,2024-10-30,2023-09-30
600475,华光环能,0.5543,7704277603.35,27.3904271938,-2.803,515240406.93,3.52,-44.1274,8.45825387461,6.52,0.35528236333,17.9020375752,电力,2024-10-30,2023-09-30
600468,百利电气,0.0888,1531985499.08,-12.4460994129,-9.9419,96584704.88,-1.56,-18.5331,1.863580455994,4.81,-0.017417008287,24.9711539789,电网设备,2024-10-30,2023-09-30
600455,博通股份,0.3086,192767282.06,10.1447561616,1.1167,19273068.06,-2.93,-29.2153,4.16065995501,7.7021,1.955989565628,52.5455973947,软件开发,2024-10-30,2023-09-30
600452,涪陵电力,0.29,2736123286.65,-0.1470388678,14.3358,446487166.18,-28.13,31.0848,4.48344054178,9.33,0.584353220336,23.0980856719,电力,2024-10-30,2023-09-30
600428,中远海特,0.426,9055114680.84,-1.8185475475,5.2648,915084994.16,18.88,6.7066,5.300244301806,8.3,0.847277216621,18.8462294532,航运港口,2024-10-30,2023-09-30
600425,青松建化,0.317,3573289051.28,6.5215718173,-6.3611,508366196.13,27.54,-8.312,3.917834704927,8.64,0.229824816102,26.1630825255,水泥,2024-10-30,2023-09-30
600419,天润乳业,0.4518,2082871014.66,12.4980537878,-8.4753,142501783.92,-7.44,-76.4249,7.472013240091,6.07,0.119348928949,19.5778391734,饮料乳品,2024-10-30,2023-09-30
600418,江淮汽车,0.08,33978086217.88,23.1055636769,-0.4445,183932958.07,123.4701352208,299.6798,6.056804839411,1.37,1.704960099293,11.4393836552,商用车,2024-10-30,2023-09-30
600410,华胜天成,0.0,2878932100.0,12.5203327937,6.8027,3340946.22,101.1668093017,-269.8061,4.201616936422,0.07,-0.255492442256,13.1989767553,IT服务Ⅱ,2024-10-30,2023-09-30
600406,国电南瑞,0.52,28603291430.63,11.6605491688,-14.413,4159725407.32,13.83,-15.8152,5.506754463917,9.56,0.248238055735,29.2941468502,电网设备,2024-10-30,2023-09-30
600383,金地集团,0.01,52295235378.51,-1.4705705556,-31.3698,58016077.08,-98.27,-243.9273,14.245012126357,0.09,-0.165040879006,16.9568388056,房地产开发,2024-10-30,2023-09-30
600379,宝光股份,0.1711,1145503740.88,27.5768147523,-14.3856,56493988.25,41.53,6.8837,2.089575913032,8.4359,-0.058102021104,17.3377922649,电网设备,2024-10-30,2023-09-30
600377,宁沪高速,0.8013,11609113149.5,22.3970556752,27.5657,4036767899.56,29.84,23.9116,6.713491941373,12.14,1.102750916966,42.7691912429,铁路公路,2024-10-30,2023-09-30
600375,汉马科技,-0.2,2654706556.21,13.1422894835,-9.1818,-128094421.85,88.3369844027,-31.0721,0.036200377429,-154.1,0.595567462168,2.7312394121,商用车,2024-10-30,2023-09-30
600372,中航机载,0.3983,20730675697.42,2.9632370123,-41.3771,1650129722.72,41.83,-23.0929,7.303577322597,5.67,-0.753306713173,27.7173658454,航空装备Ⅱ,2024-10-30,2023-09-30
600371,万向德农,0.1754,224421014.15,29.3856384591,47.3524,51312967.67,-7.08,-3.0233,1.933916203918,9.01,0.275574432186,31.4277596718,种植业,2024-10-30,2023-09-30
600362,江西铜业,1.43,399555490758.0,8.5281119316,-5.5538,4942949691.0,4.54,-1.3042,23.278850925979,6.41,2.37639697203,2.6016739298,工业金属,2024-10-30,2023-09-30
600356,恒丰纸业,0.31,1829200260.12,8.4082401627,24.2236,88341593.85,-6.67,13.083,8.202991577068,3.04,0.306349446826,14.5920262269,造纸,2024-10-30,2023-09-30
600354,敦煌种业,-0.0257,525435256.68,30.3603819644,-41.5692,-13538904.93,60.9815280164,-117.6515,1.187427166657,-2.14,0.268505408713,32.5229665687,种植业,2024-10-30,2023-09-30
600350,山东高速,0.473,17939495475.36,48.3982428189,7.7192,2667537117.44,13.44,-14.6897,6.073008212247,7.32,0.915627206767,33.4377194191,铁路公路,2024-10-30,2023-09-30
600339,中油工程,0.1604,52852724687.49,-7.9873880248,-8.2026,895598933.99,1.7,-53.3234,4.68827404056,3.47,-1.722001258661,7.8643907765,油服工程,2024-10-30,2023-09-30
600336,澳柯玛,0.1358,7211714661.77,-0.707039259,-19.1761,108379946.26,-28.68,-25.6882,3.175558644479,4.32,0.234614672977,13.8085497177,白色家电,2024-10-30,2023-09-30
600333,长春燃气,-0.19,1333412695.9,6.9692010429,15.3841,-113229063.01,6.3663100495,84.7581,3.129781006256,-5.77,0.181729155521,17.0307356258,燃气Ⅱ,2024-10-30,2023-09-30
600328,中盐化工,0.6548,12411524227.57,-16.1689015364,-6.9103,840647137.91,-53.35,-68.8011,7.814336386772,6.99,0.740734043781,24.7759961318,化学原料,2024-10-30,2023-09-30
600326,西藏天路,-0.2249,2808891238.65,0.7882656779,-16.3674,-269254960.41,-14.756232896,77.5122,2.983683531033,-7.17,0.073854403237,13.3423296482,水泥,2024-10-30,2023-09-30
600325,华发股份,1.01,47251026276.93,40.2445581472,-19.1985,2201479982.98,1.14,-80.1512,8.569365683211,12.22,21.870934796074,17.7161797545,房地产开发,2024-10-30,2023-09-30
600316,洪都航空,0.0124,1911689098.46,-30.1505229421,-87.5761,8892139.32,-43.41,-87.6143,7.352919166207,0.17,-0.158874025255,4.6423813449,航空装备Ⅱ,2024-10-30,2023-09-30
600299,安迪苏,-0.01,9614343786.0,-10.9796712515,3.4495,-34405991.0,-103.01,-312.4753,5.467848900939,-0.23,0.668628155724,19.5051728619,化学制品,2024-10-30,2023-09-30
600285,羚锐制药,0.83,2506780833.45,10.090199454,-11.6112,466182042.18,15.01,-13.6242,4.780298897551,17.64,0.896931219947,74.6270819266,中药Ⅱ,2024-10-30,2023-09-30
600283,钱江水利,0.33,1477396442.49,17.3562192443,10.8414,161487852.63,26.67,63.4794,6.542497134682,7.08,0.958042278372,34.2700382002,环境治理,2024-10-30,2023-09-30
600281,华阳新材,-0.2425,246798723.64,-22.4414280654,-49.1178,-124740598.27,-5213.0267648679,47.5224,0.622209219938,-32.58,-0.328081042896,-6.407470078,小金属,2024-10-30,2023-09-30
600278,东方创业,0.26,28030988237.62,-12.3671678787,-8.3036,225597518.38,-33.19,-7.3953,8.124498638268,3.17,-0.090878579825,4.6337237339,贸易Ⅱ,2024-10-30,2023-09-30
600272,开开实业,0.081,615115410.65,-11.6783175538,17.4363,19788225.62,-40.73,-59.7715,2.371668542387,3.46,-0.173551105062,21.2633053481,医药商业,2024-10-30,2023-09-30
600261,阳光照明,0.1,2304959274.18,-20.3324036225,-0.0757,143526377.71,10.35,-97.0356,2.569064917563,4.0,0.13351037916,34.8876731731,照明设备Ⅱ,2024-10-30,2023-09-30
600258,首旅酒店,0.6132,5910651968.98,53.975445173,17.9208,684657863.32,308.8151944377,98.8896,9.867010304931,6.34,3.025304598843,39.7401158002,酒店餐饮,2024-10-30,2023-09-30
600255,鑫科材料,-0.02,2255817216.29,-5.7212607569,36.0416,-35092477.85,-134.08,46.8708,0.774465090583,-2.52,-0.0279439966,7.6959541201,金属新材料,2024-10-30,2023-09-30
600252,中恒集团,0.0352,2165747164.01,14.5798050808,-15.2285,120464539.27,-17.38,-69.4357,1.916815542047,1.83,0.11194937953,65.6845448587,中药Ⅱ,2024-10-30,2023-09-30
600251,冠农股份,0.807,3406556350.89,84.6273893427,6.8947,628458712.04,136.53,-8.6834,4.67104508755,18.08,1.927401163672,17.7562558815,农产品加工,2024-10-30,2023-09-30
600250,南京商旅,0.12,604811443.35,-7.9901258877,13.9384,36999712.38,142.2128264611,-8.1744,1.864281160995,6.54,0.230083749687,32.9944648608,旅游及景区,2024-10-30,2023-09-30
600249,两面针,0.0706,674897445.73,41.8839062223,11.1636,38805578.37,189.0766315101,1152.6172,3.883368778091,1.83,0.0096375268,17.2450779013,个护用品,2024-10-30,2023-09-30
600234,科新发展,-0.0776,73518807.7,-22.0186193538,244.0616,-20367370.94,-2246.003213944,62.6626,2.206377878502,-3.46,0.030871045911,14.2008180037,装修装饰Ⅱ,2024-10-30,2023-09-30
600233,圆通速递,0.7725,40758897463.49,4.981993757,-2.3154,2658841971.69,-4.06,-16.368,8.21850523968,9.59,1.106848849579,10.4925432322,物流,2024-10-30,2023-09-30
600227,赤天化,-0.1453,1669789449.63,-13.41458513,-1.2204,-245945310.45,-10.4425514459,29.6329,1.504578373224,-9.19,0.094981726236,6.689599083,农化制品,2024-10-30,2023-09-30
600218,全柴动力,0.17,3841119108.63,-3.3674938751,-13.4833,74028130.33,-6.36,-59.5042,7.201725769949,2.38,-0.375224811118,9.2544599396,汽车零部件,2024-10-30,2023-09-30
600215,派斯林,0.2628,1476488402.52,123.6678649956,34.6127,119191237.44,216.16,0.2258,4.285571600808,6.72,-0.610918811418,21.6068303453,自动化设备,2024-10-30,2023-09-30
600212,绿能慧充,0.0471,511955935.9,198.9394695374,67.436,24919855.31,280.6721147108,396.7598,0.903410754173,12.55,-0.117201197083,23.3948251424,其他电源设备Ⅱ,2024-10-30,2023-09-30
600211,西藏药业,2.65,2368009918.39,20.9312148675,-40.0227,855341904.01,93.17,-11.3657,13.789957703431,25.92,3.159197082512,95.337219669,生物制品,2024-10-30,2023-09-30
600210,紫江企业,0.297,7333578448.03,1.1250871008,3.3907,450960588.1,4.25,-21.4273,3.680001455883,8.04,0.460177593762,21.8466122657,包装印刷,2024-10-30,2023-09-30
600207,安彩高科,0.0329,4046485187.76,45.1105573089,3.1377,35799700.09,-65.36,-86.1058,2.904242671209,1.14,-0.444360568188,9.4703724145,光伏设备,2024-10-30,2023-09-30
600202,哈空调,0.0613,1059791589.25,54.560183457,-19.1599,23505118.61,-34.21,-10.2667,2.173185479729,2.86,-0.065926701902,12.8065447279,通用设备,2024-10-30,2023-09-30
600198,大唐电信,-0.0964,566436349.72,-9.8405595398,-58.773,-126679467.24,-104.5904919171,-89.2937,0.283955034663,-29.49,-0.182761682617,40.9834982438,通信设备,2024-10-30,2023-09-30
600197,伊力特,0.4852,1643249887.44,25.77161074,-12.0726,228980804.64,63.88,87.8921,7.750314007369,6.07,0.44294848008,48.5027359358,白酒Ⅱ,2024-10-30,2023-09-30
600196,复星医药,0.86,30700119056.12,-2.9176777738,-11.5877,2283065930.63,-6.29,-36.0412,17.181998708237,5.05,0.921090552574,48.6011074047,化学制药,2024-10-30,2023-09-30
600192,长城电工,-0.1176,1636610109.42,-3.0447907999,-0.4223,-51943532.36,-67.13,8.6601,3.408348969412,-3.3803,-0.00750579199,15.5598826907,电网设备,2024-10-30,2023-09-30
600187,*ST国中,0.0417,170429849.45,-22.1378391711,-12.7925,67310910.22,149.0165466649,-70.6611,1.998102939244,2.11,0.034512550306,21.8588050099,环境治理,2024-10-30,2023-09-30
600182,S佳通,0.3838,3066215797.66,17.642303847,17.2085,130479897.49,613.09,55.1002,3.426952877824,11.79,1.351821157412,19.7162051836,汽车零部件,2024-10-30,2023-09-30
600177,雅戈尔,0.58,7457747912.66,-41.8547139081,-39.1644,2693080355.22,-35.78,-47.536,8.148495912533,7.1,0.766767407369,53.4788329639,服装家纺,2024-10-30,2023-09-30
600163,中闽能源,0.2022,1105430345.44,-6.1414102886,-1.0786,384721676.85,-15.04,9.8862,3.133521334673,6.46,0.325999350425,53.0686594366,电力,2024-10-30,2023-09-30
600157,永泰能源,0.0731,21978850245.68,-18.157248655,15.679,1623913033.86,5.35,2.8956,2.061588575305,3.62,0.220899874939,27.6207420886,电力,2024-10-30,2023-09-30
600152,维科技术,-0.1485,1175860013.7,-34.8511365522,14.8135,-77962665.8,-706.3,60.4207,3.473179679985,-4.2,0.533798151025,6.0636854565,电池,2024-10-30,2023-09-30
600151,航天机电,0.008,7685562999.13,27.5040220627,2.9167,11453579.91,223.5190847177,-143.0456,3.753242323782,0.2136,-0.145823473796,6.9806865929,汽车零部件,2024-10-30,2023-09-30
600143,金发科技,0.1823,34290560002.83,16.9724568117,30.7144,484338762.47,-59.75,-91.0431,6.194891146884,2.92,1.170593801824,13.7216098679,塑料,2024-10-30,2023-09-30
600137,浪莎股份,0.113,229893710.79,14.769968677,32.3264,11014088.28,9.72,38.1553,5.386427910349,2.11,-0.482407839516,17.8407829162,服装家纺,2024-10-30,2023-09-30
600131,国网信通,0.28,3939163838.68,-14.9995476108,-25.9113,342445653.91,-18.27,-47.8165,4.853163837354,5.91,-0.459369797149,20.5653691447,IT服务Ⅱ,2024-10-30,2023-09-30
600128,苏豪弘业,0.0856,4288478095.06,0.2830378157,18.8343,21122468.07,-7.95,-8.1957,8.45000839754,1.0125,-0.097048545493,5.1670834305,贸易Ⅱ,2024-10-30,2023-09-30
600126,杭钢股份,0.03,39469434895.06,8.6337288775,3.8971,85581566.45,-82.75,29.7932,5.954024732488,0.42,-0.013835529158,1.6955047597,普钢,2024-10-30,2023-09-30
600111,北方稀土,0.3819,24923133762.93,-10.9826657903,16.3866,1380415212.59,-70.19,141.9832,5.72317950596,6.81,0.598510785959,12.4446519761,小金属,2024-10-30,2023-09-30
600110,诺德股份,0.0196,3462062246.81,5.2212699493,20.4396,34297688.69,-87.76,-244.7953,3.56648758236,0.54,-0.249950967417,11.1928221218,电池,2024-10-30,2023-09-30
600108,亚盛集团,0.024,2221730730.16,2.6715599069,-4.5877,46750057.6,6.89,3.6881,2.122195997788,1.14,0.002807231574,18.3092256297,种植业,2024-10-30,2023-09-30
600106,重庆路桥,0.12,86872441.77,-4.258754421,-0.2765,165387313.61,18.57,-66.7353,3.589941057853,3.57,0.097364795044,91.906953659,铁路公路,2024-10-30,2023-09-30
600101,明星电力,0.3364,2012353910.46,17.5553617771,11.0895,184308881.65,24.53,89.3059,6.696241088926,6.35,0.964933601398,13.3719749251,电力,2024-10-30,2023-09-30
600100,同方股份,-0.19,18083112141.03,31.5825907795,23.7587,-621500070.44,24.5269333408,-312.8334,4.328155950444,-4.23,-0.47573275361,16.6790301374,计算机设备,2024-10-30,2023-09-30
600097,开创国际,0.07,1213353362.65,-1.4736039605,-3.2482,16399453.14,-62.84,258.3868,8.731570469345,0.77,-0.312178865641,31.3856323922,渔业,2024-10-30,2023-09-30
600094,大名城,0.2777,10228191146.88,184.5345056823,34.3391,645531168.12,1655.86,98.0794,5.234433211662,5.11,0.488702343512,15.6045305177,房地产开发,2024-10-30,2023-09-30
600089,特变电工,2.2754,73656272117.44,4.7188741017,1.314,9376435493.49,-15.37,-30.3663,11.775939685233,15.2367,3.18136383643,29.3122843295,电网设备,2024-10-30,2023-09-30
600088,中视传媒,0.775,450493499.09,-9.9657709942,-5.3749,308207282.75,544.5864245918,-98.7925,3.312360136523,26.68,-0.432057781695,21.0537105223,影视院线,2024-10-30,2023-09-30
600085,同仁堂,1.014,13721380016.26,25.8809957098,-14.2268,1390692289.32,38.67,-12.7393,9.334321930919,11.23,1.745821300316,46.2843873555,中药Ⅱ,2024-10-30,2023-09-30
600080,ST金花,0.0091,402805031.75,-4.8080644308,0.2212,3390298.3,-115.69,-83.1041,4.497469483273,-0.3,-0.032012499093,76.9332193676,中药Ⅱ,2024-10-30,2023-09-30
600079,ST人福,1.09,18111717932.04,11.419684964,-6.96,1768711274.43,-20.5,-32.4371,10.253410965762,11.11,0.596192471886,45.8566723005,化学制药,2024-10-30,2023-09-30
600067,冠城新材,-0.1,5826822127.92,-35.547525761,-22.0928,-139276318.68,-597.35,-36.1731,4.956757931968,-2.0,0.749969835041,10.8399707198,电网设备,2024-10-30,2023-09-30
600060,海信视像,1.259,39226158087.11,20.6539765343,7.1662,1628238746.84,47.08,42.1139,14.139255799659,8.48,1.821616783105,16.9893764584,黑色家电,2024-10-30,2023-09-30
600038,中直股份,0.6968,17857571249.29,68.2599700002,-29.1693,509804873.16,504.1,49.3073,16.823853437835,4.33,-24.860277518544,10.9605707513,航空装备Ⅱ,2024-10-30,2023-09-30
600036,招商银行,4.44,260279000000.0,-1.7195742222,-6.8375,113890000000.0,6.52,3.3186,35.360388580492,13.035,2.127200634417,,银行Ⅱ,2024-10-30,2023-09-30
600035,楚天高速,0.5,2265073601.88,2.7215081069,6.3789,804802958.49,26.81,-4.2859,5.004970423772,10.2,0.889392191873,52.7633815143,铁路公路,2024-10-30,2023-09-30
600030,中信证券,1.08,45806736635.58,-8.0582913763,-11.4228,16413947438.56,-0.93,-13.2521,16.780533414101,6.19,-3.663574860927,,证券Ⅱ,2024-10-30,2023-09-30
600025,华能水电,0.35,18138275880.36,-2.8503129864,57.4727,6703849902.54,5.21,51.0549,2.973071733765,8.6,0.712002551304,60.5605317161,电力,2024-10-30,2023-09-30
600023,浙能电力,0.44,69506218179.37,14.1619172266,15.354,5962486915.46,1217.33,80.0778,5.021091147673,9.29,0.389493264158,10.3216798447,电力,2024-10-30,2023-09-30
600020,中原高速,0.369,3852669705.81,-39.7212679717,11.3414,912126552.93,125.85,23.2806,4.950483686168,7.71,0.930979997653,51.2748817956,铁路公路,2024-10-30,2023-09-30
600019,宝钢股份,0.38,255384172287.96,-8.5296771867,-6.76,8350419351.12,-11.76,40.2828,8.918405230106,4.23,0.59542340568,6.1633979772,普钢,2024-10-30,2023-09-30
600017,日照港,0.22,6105171525.33,1.065224729,-11.631,682765416.41,-11.13,-42.396,4.342940088131,4.48,0.698265440542,26.6796284861,航运港口,2024-10-30,2023-09-30
600011,华能国际,0.66,191321713923.0,4.0058805162,7.4495,12563618458.0,418.69,54.1481,3.68016440843,20.25,2.144210933725,12.8599689228,电力,2024-10-30,2023-09-30
600008,首创环保,0.1739,14131196245.56,-7.0344264098,17.7584,1276633569.94,-60.74,20.0282,2.590677028022,4.46,0.265452232974,34.2286000162,环境治理,2024-10-30,2023-09-30
430719,九鼎集团,0.07,534638034.31,-39.3579060264,105.119,978968876.43,144.44,4.4083,1.536238243412,4.32,-0.009375824401,17.6326453423,,2024-10-30,2023-09-30
400292,精伦5,-0.059,103039204.79,-20.4474757741,16.535,-29031008.33,-23.33,-14.8042,0.383882002613,-14.36,0.026291545252,18.6229630839,,2024-10-30,2023-09-30
400290,R长药1,-0.3307,1021867556.56,-28.1714364248,60.9142,-115852394.22,-522.43,-7190.6268,1.954752331355,-15.6,0.091161045254,15.9275792264,,2024-10-30,2023-09-30
400288,奥维3,-0.0058,99440454.73,-39.1758832841,-41.385,-2022846.85,54.3,-244.125,1.002790925825,-0.58,-0.504632509244,19.2484651463,,2024-10-30,2023-09-30
400282,R紫天1,1.2686,2289596774.48,128.1054587964,17.545,205602161.64,122.7,71.7073,16.315069387458,0.08,1.530272877654,18.8825666947,,2024-10-30,2023-09-30
400277,R恒立1,-0.0129,59217486.1,-56.3192948959,-92.9742,-5471915.54,50.56,-378.1634,0.444093033328,-2.86,-0.098488706359,13.070519976,,2024-10-30,2023-09-30
400269,R吉药1,-0.2164,238000505.51,-37.144331238,-10.0903,-144105498.07,53.16,25.4248,-0.100968361187,,0.004257470309,31.2864150227,,2024-10-30,2023-09-30
400267,R鑫升1,0.466,1622463146.51,-80.3207902407,56.0274,364903836.08,162.45,-4.9397,3.941475457832,13.24,1.264754467937,45.9423133686,,2024-10-30,2023-09-30
400165,蓝光3,-1.426,14290389697.55,-3.8126861325,28.0937,-4327811873.11,62.9249861906,73.3503,-9.307788043801,,-0.062054260295,3.0020856753,,2024-10-30,2023-09-30
400145,网力3,-0.5647,27137087.77,17.7060499441,-86.8539,-674124694.66,-47.34,-167.3344,-2.752077330526,,-0.007129486684,44.0960417397,,2024-10-30,2023-09-30
400110,天翔5,-0.0118,164165688.63,107.6367985588,141.6732,-18123931.54,-91.82,40.002,0.182853594379,-6.19,-0.014400789353,9.4450292503,,2024-10-30,2023-09-30
400101,秋林3,-0.06,135096720.99,44.0945296552,32.4257,-34365598.91,32.39,32.4539,-3.864841656715,,0.040087359861,54.1018625651,,2024-10-30,2023-09-30
400098,航通5,-0.21,1179364536.26,-16.9474950938,-19.3768,-110631024.7,23.083868702,-89.7495,-1.574754488755,,-0.759916194911,25.6978227929,,2024-10-30,2023-09-30
400093,千山3,-0.21,94162717.16,34.9915456379,-15.2827,-76825916.61,-81.53,-88.1531,-12.475346019278,,0.003622629214,18.7997074468,,2024-10-30,2023-09-30
400084,乐视网3,-0.3998,141543443.64,-46.9161577665,-21.5198,-1594789690.43,-351.98,-1731.1166,-5.246155264633,,0.001239762092,35.794516487,,2024-10-30,2023-09-30
400082,华锐5,0.0026,1201484817.41,29.7946760878,191.2661,15564836.72,75.01,-22.7674,0.282316085068,0.92,-0.013539922933,27.0961164438,,2024-10-30,2023-09-30
400080,R华业1,-0.45,2861170.1,-90.6940387129,-10.6123,-640685242.61,22.3082981435,-1.1188,-8.706101649215,,0.000256675314,-156.2037108524,,2024-10-30,2023-09-30
301628,强达电路,1.18,530395759.91,,-7.1518,66742909.08,,-31.3136,,14.81,,31.3056175992,元件,2024-10-30,2023-09-30
301626,苏州天脉,1.25,679345285.07,10.7327278028,4.5579,108306079.3,27.9607175559,44.2876,,,,31.874026793,消费电子,2024-10-30,2023-09-30
301618,长联科技,1.2273,384719251.25,0.3226797735,-21.3433,59315913.97,9.7324295401,-41.1145,,,,34.5972165514,化学制品,2024-10-30,2023-09-30
301613,新铝时代,2.1376,1384272924.26,,-9.1606,153736115.48,,-7.4984,,,,24.3267496155,汽车零部件,2024-10-30,2023-09-30
301578,辰奕智能,1.8,488960653.47,-8.2381534453,5.4183,64748619.5,8.27,-4.4497,10.239984148611,19.26,4.015851070833,27.5288198273,黑色家电,2024-10-30,2023-09-30
301558,三态股份,0.16,1291813266.32,5.9427341364,-2.2842,107287698.41,1.41,-41.7628,1.766754345578,19.05,0.208246089326,32.355563481,互联网电商,2024-10-30,2023-09-30
301556,托普云农,1.04,302296927.24,35.7693286828,-22.0813,66695219.76,78.4406321585,-23.1285,,,,52.0156889836,IT服务Ⅱ,2024-10-30,2023-09-30
301548,崇德科技,1.8,388218468.23,20.9740392433,-13.5972,81069355.72,33.13,11.8436,23.549370265667,16.95,0.593112457167,38.5386167438,通用设备,2024-10-30,2023-09-30
301516,中远通,0.2887,907319156.04,-18.4148145952,-26.0857,60768632.0,-26.44,-47.4251,4.966585023271,5.99,1.035895148899,20.2678779585,其他电源设备Ⅱ,2024-10-30,2023-09-30
301512,智信精密,0.831,320362254.02,7.1680274531,118.2049,35710113.8,-0.35,601.305,18.920929678588,5.63,0.470990917136,42.2158576027,自动化设备,2024-10-30,2023-09-30
301510,固高科技,0.08,267953834.82,-0.9907421292,-10.0539,29160167.44,-29.38,-51.6256,3.086206784105,3.89,0.049597769156,49.5371816489,自动化设备,2024-10-30,2023-09-30
301505,苏州规划,0.29,215722332.04,-3.4230796805,-34.2435,25258613.85,-4.01,-91.2705,10.784881929205,3.98,-0.122814566818,37.6228682967,工程咨询服务Ⅱ,2024-10-30,2023-09-30
301499,维科精密,0.34,537173874.31,1.6509051709,2.4215,37513275.98,-17.77,-24.8629,8.774766708464,5.16,0.615682289909,22.9765424796,汽车零部件,2024-10-30,2023-09-30
301489,思泉新材,0.87,322572763.91,11.0029315781,35.0507,37558098.01,13.15,24.3044,10.326716381961,8.77,1.706071736899,24.0883472114,电子化学品Ⅱ,2024-10-30,2023-09-30
301486,致尚科技,0.44,371171792.54,-12.3891354482,-4.1742,56875404.0,-40.53,-42.6856,19.423784039127,3.5,0.828672314121,35.0490701219,消费电子,2024-10-30,2023-09-30
301421,波长光电,0.4738,261551770.27,4.4101422071,-28.9826,42642096.22,-9.69,-66.6628,10.138654516497,8.97,0.271130354137,39.3308850152,光学光电子,2024-10-30,2023-09-30
301396,宏景科技,0.0386,394099540.69,-4.6917648429,-27.1251,4231316.43,-85.22,166.4637,11.388278882157,0.34,-1.795380212725,23.2684093565,IT服务Ⅱ,2024-10-30,2023-09-30
301395,仁信新材,0.22,1493196961.14,-15.9960781114,-2.7171,26364563.73,-60.25,-58.7,11.241238872688,2.57,-0.021329154016,2.7012209467,塑料,2024-10-30,2023-09-30
301393,昊帆生物,0.91,303638966.94,-15.8019373257,10.1821,78899903.86,-23.52,-10.189,20.289328001296,8.86,0.392308538611,39.7396395911,生物制品,2024-10-30,2023-09-30
301389,隆扬电子,0.28,198047700.09,-34.0416902875,-10.9572,79805108.07,-40.28,-19.6221,7.805911806384,3.53,0.177675496543,44.070434037,消费电子,2024-10-30,2023-09-30
301388,欣灵电气,0.34,319659704.48,-14.6793397757,-5.7258,35252461.38,-25.44,10.3738,9.586072108766,3.53,0.325259728486,23.7851502189,电网设备,2024-10-30,2023-09-30
301381,赛维时代,0.6033,4374179393.78,30.2704205158,4.6924,222553339.83,41.71,-26.614,5.999188805874,12.89,0.848992712797,45.6192600301,互联网电商,2024-10-30,2023-09-30
301380,挖金客,0.59,563138060.63,22.0428841408,15.1423,40209350.95,-9.47,96.2949,10.904964675,4.45,0.110032236029,17.8434647052,通信服务,2024-10-30,2023-09-30
301366,一博科技,0.4968,579539374.21,0.0254206681,-4.3777,74526942.18,-33.91,-31.2107,14.33943733087,3.51,0.847708713815,37.0711194788,元件,2024-10-30,2023-09-30
301356,天振股份,-0.32,275421966.03,-89.1823728904,-68.652,-69640579.8,-118.45,84.056,14.880430437731,-2.09,-0.406456614769,13.6774721759,家居用品,2024-10-30,2023-09-30
301348,蓝箭电子,0.31,529600538.61,-4.9114800759,-20.8549,48772514.39,-11.99,-66.2882,7.78997225375,5.83,0.4289810574,19.1365839801,半导体,2024-10-30,2023-09-30
301338,凯格精机,0.39,438851404.31,-27.267983223,-16.294,41783731.57,-57.74,-71.0681,13.171445583741,2.97,-0.426013661466,35.7837409697,专用设备,2024-10-30,2023-09-30
301336,趣睡科技,0.48,196380395.97,-20.6428765066,-13.8178,19331480.07,-36.83,-20.8214,19.8154208985,2.44,-0.23074928675,24.4318245378,家居用品,2024-10-30,2023-09-30
301333,诺思格,1.31,524666803.13,12.06375044,-19.0511,125857005.29,50.11,-30.2546,17.697651044583,7.65,1.345480446458,39.2515098557,医疗服务,2024-10-30,2023-09-30
301330,熵基科技,0.7182,1439983612.03,2.5966939776,-5.8707,138643533.82,3.26,-12.5729,16.510033045903,4.44,0.949560469453,48.1078911317,计算机设备,2024-10-30,2023-09-30
301326,捷邦科技,-0.23,521739766.19,-36.5255320851,6.1302,-16345292.44,-120.52,-458.9358,18.852756570085,-1.18,1.505125363145,21.073159367,消费电子,2024-10-30,2023-09-30
301322,绿通科技,1.5,844470328.32,-30.7241914463,-20.7014,208469604.28,-21.87,-17.8474,27.155728171513,8.7,1.629807648754,33.4246390553,摩托车及其他,2024-10-30,2023-09-30
301320,豪江智能,0.28,525613404.92,12.1670044668,-0.0462,42920936.24,8.33,-7.9553,5.67619896181,6.39,0.103460988024,24.9161311592,自动化设备,2024-10-30,2023-09-30
301316,慧博云通,0.1267,966862345.5,12.2478155548,0.5907,50700528.66,-16.09,-37.3618,2.458111190695,5.2,-0.043655648984,23.1266492547,IT服务Ⅱ,2024-10-30,2023-09-30
301313,凡拓数创,-0.22,314818721.52,-28.3548003174,-17.422,-22884393.5,-193.31,52.7846,9.852299989544,-2.23,-0.167650351303,36.8841301811,数字媒体,2024-10-30,2023-09-30
301309,万得凯,0.74,483376346.6,-21.7360076126,28.1405,73516284.54,-30.47,-11.7741,14.0772619854,5.19,0.123900842,24.6435633224,通用设备,2024-10-30,2023-09-30
301296,新巨丰,0.27,1236967933.56,10.2301854672,-14.9965,111456114.58,-8.5,-13.3048,5.945080594833,4.6,0.497062632619,20.8340688589,包装印刷,2024-10-30,2023-09-30
301291,明阳电气,1.22,3311372538.31,66.3612067994,17.7269,316715395.52,88.66,31.9971,13.003945512268,15.39,0.22038944558,22.9207126274,电网设备,2024-10-30,2023-09-30
301285,鸿日达,0.12,505052571.66,11.9026224188,13.0089,24433006.57,-42.23,64.6026,5.138823044999,2.31,0.2466804228,20.4582964265,消费电子,2024-10-30,2023-09-30
301279,金道科技,0.39,499768106.22,2.8359071288,-0.19,39163964.73,-32.58,1.0021,13.0840852379,2.93,0.7216935736,16.2568882545,工程机械,2024-10-30,2023-09-30
301269,华大九天,0.3157,639588311.44,32.4774085781,-4.2021,171402408.29,51.9,39.7799,8.746947667655,3.64,0.3080319583,93.823505714,软件开发,2024-10-30,2023-09-30
301260,格力博,-0.38,3467587665.05,-16.9271233157,-13.8443,-174828064.91,-186.58,14.4771,9.850578890079,-5.54,0.509090087709,24.4319468058,专用设备,2024-10-30,2023-09-30
301257,普蕊斯,1.68,543812468.8,35.5300648765,2.0887,100909810.49,164.05,6.4251,17.025521335513,10.11,1.409513600065,30.2931897578,医疗服务,2024-10-30,2023-09-30
301239,普瑞眼科,2.12,2166125568.45,51.1855994409,8.2413,317242547.43,237.48,13.7828,15.83891196153,14.29,3.664164457523,45.5453833836,医疗服务,2024-10-30,2023-09-30
301238,瑞泰新材,0.56,3074845368.52,-35.9563310569,6.4514,408863045.98,-38.2,-14.4264,9.67319037859,5.9,0.797672451708,20.8607149194,电池,2024-10-30,2023-09-30
301237,和顺科技,0.2507,311154612.86,-24.8166220771,3.2731,20058286.24,-65.82,-44.0856,17.99841381775,1.36,-0.149637291,13.2306099664,塑料,2024-10-30,2023-09-30
301235,华康洁净,0.57,1145105818.0,47.0307283384,-0.1511,60074382.0,6.67,-9.838,16.427788896402,3.66,-2.851255326326,35.0795282406,医疗器械,2024-10-30,2023-09-30
301231,荣信文化,0.1,206657670.21,-16.1672266392,-30.6018,8228659.9,-52.16,-36.3415,10.919359667773,0.89,-0.489542345498,35.7894858801,出版,2024-10-30,2023-09-30
301222,浙江恒威,0.88,435797377.82,1.6576424092,33.0152,88991455.45,2.19,34.8835,12.809973270215,6.82,0.43712208117,27.5426398365,电池,2024-10-30,2023-09-30
301218,华是科技,0.034,193239923.23,-16.3672824142,-1.467,3876133.45,-30.08,-69.277,7.9492709188,0.43,-0.287243902403,26.9592203305,IT服务Ⅱ,2024-10-30,2023-09-30
301216,万凯新材,0.93,12902946167.14,-12.6550417057,5.6768,480469555.32,-45.51,-10.6246,11.240053423507,8.42,-0.968442227337,5.6035276569,塑料,2024-10-30,2023-09-30
301212,联盛化学,0.62,516164255.38,-33.3810465472,-30.7393,67259425.78,-52.81,-66.0468,12.415337885741,4.99,1.489594187407,20.5300051128,化学制品,2024-10-30,2023-09-30
301207,华兰疫苗,1.0495,1718267831.09,10.1545292702,32299.7733,629714837.48,24.77,3559.1195,10.046238038166,10.95,0.814426329875,88.4142130407,生物制品,2024-10-30,2023-09-30
301202,朗威股份,0.38,645667213.18,-2.4097512364,-14.6052,43468295.77,36.18,-47.2035,8.941423174487,6.19,0.189389347287,20.9180641316,通信设备,2024-10-30,2023-09-30
301191,菲菱科思,1.75,1489775655.04,-18.6320953395,2.0592,121471005.09,-22.67,-12.2267,23.7653753252,7.4,4.576227707594,17.2424777053,通信设备,2024-10-30,2023-09-30
301189,奥尼电子,-0.01,401134627.28,-21.7945745107,19.4198,-1436102.32,-102.74,-136.3975,19.869247150815,-0.06,0.294838406647,24.7226308989,消费电子,2024-10-30,2023-09-30
301186,超达装备,1.1,467563632.67,30.9903955939,12.5721,80145077.39,81.16,2.1986,16.481034963843,6.91,0.678911305216,34.8244304717,汽车零部件,2024-10-30,2023-09-30
301177,迪阿股份,0.19,1742034299.37,-42.7533546647,-6.813,74143019.32,-90.4,143.6271,16.195689657659,1.11,-0.01474259261,68.9694698058,饰品,2024-10-30,2023-09-30
301159,三维天地,-0.77,122151126.03,17.6292840931,46.4765,-59353569.04,11.21,93.9566,10.157225867227,-7.3,-1.047276026115,42.5541635099,软件开发,2024-10-30,2023-09-30
301157,华塑科技,0.3542,155979983.86,-5.6719739767,-12.1651,19483690.66,-40.08,-12.7344,17.3630158705,2.47,-1.000479979333,33.5190531094,其他电源设备Ⅱ,2024-10-30,2023-09-30
301156,美农生物,0.3428,374640349.93,18.3331112847,16.1785,49776443.87,36.03,58.6926,6.994965743393,6.34,0.230307824018,30.177048156,化学制品,2024-10-30,2023-09-30
301155,海力风电,0.3,1554545368.07,32.8506747042,-3.8734,65050216.35,-72.97,-232.2772,25.824009453443,1.19,-1.440342163413,12.4225920566,风电设备,2024-10-30,2023-09-30
301151,冠龙节能,0.3488,663587860.57,4.4154890903,-7.3057,58477893.08,-26.28,4.4405,12.127301739402,2.89,0.868332877509,33.4528831343,通用设备,2024-10-30,2023-09-30
301150,中一科技,0.1365,2472712399.74,17.6963233176,12.7649,24993624.54,-91.83,17.5598,28.252996871473,0.65,-0.979895526502,6.868301912,电池,2024-10-30,2023-09-30
301139,*ST元道,0.52,1149322487.29,-14.8202357953,-25.6179,62919881.62,-12.73,29.8486,15.607158279926,3.36,-2.425174457316,14.323974847,通信服务,2024-10-30,2023-09-30
301136,招标股份,0.0838,395936155.69,-5.2420114293,-17.1069,23058444.59,-38.08,-13.444,5.322341229598,1.52,-0.285419787161,39.1178617245,工程咨询服务Ⅱ,2024-10-30,2023-09-30
301135,瑞德智能,0.2611,749706294.52,-0.0819686568,6.1773,26856939.57,-17.64,-22.3225,12.530821047972,2.09,0.257092247305,19.9935113438,家电零部件Ⅱ,2024-10-30,2023-09-30
301133,金钟股份,0.58,646159844.66,25.217449573,14.9215,61616994.64,32.59,-8.7438,8.39359748194,7.17,-0.280695000866,24.6514150077,汽车零部件,2024-10-30,2023-09-30
301131,聚赛龙,0.6965,1036838455.36,11.4850595404,6.7299,33279603.93,51.76,4.1034,16.793523688363,4.19,0.313977478234,11.1333481916,塑料,2024-10-30,2023-09-30
301128,强瑞技术,0.5465,406805425.64,8.8793701412,40.9869,40382196.43,2.92,80.8975,11.096866087071,4.8,-0.288089551448,36.3007427562,专用设备,2024-10-30,2023-09-30
301126,达嘉维康,0.12,2777114434.54,23.9877650413,12.8756,23816976.07,-54.96,94.2049,8.431105209009,1.37,-1.210791760179,13.6712520517,医药商业,2024-10-30,2023-09-30
301122,采纳股份,0.76,293587422.03,-22.2038787002,5.6416,92694882.59,-30.9,16.7876,14.615834589233,5.26,0.762891312508,39.1280648965,医疗器械,2024-10-30,2023-09-30
301108,洁雅股份,1.15,447270982.69,-14.9095999788,10.5708,93575901.93,-27.42,2.318,22.687698405013,5.14,1.125011198769,31.5654195072,个护用品,2024-10-30,2023-09-30
301099,雅创电子,0.36,1654488176.31,1.6873690535,37.704,37517778.22,-68.53,-39.2542,12.27061440425,3.81,0.316161044125,17.4986694801,其他电子Ⅱ,2024-10-30,2023-09-30
301092,争光股份,0.63,391876160.8,-28.213304005,12.0145,84527729.07,-44.52,8.0838,13.414417771924,4.81,0.368720866082,34.4834845029,塑料,2024-10-30,2023-09-30
301087,可孚医疗,1.16,2123962814.37,13.1065103889,-8.8738,241956330.46,44.47,-33.1545,23.453158308772,4.8,1.774082745584,45.3613872028,医疗器械,2024-10-30,2023-09-30
301082,久盛电气,0.24,1482772661.67,1.3761752901,1.3214,55084724.32,-12.18,-45.322,6.766752453473,5.08,-0.921098864759,14.9265916692,电网设备,2024-10-30,2023-09-30
301080,百普赛斯,1.068,412579919.62,17.0179693984,9.6138,128155346.5,-22.68,-21.5937,21.562285776083,4.99,0.551766835333,91.3687294881,生物制品,2024-10-30,2023-09-30
301073,君亭酒店,0.12,381523384.08,54.1439632067,28.6565,23966900.67,-7.54,-75.764,4.995506067167,2.46,0.745698991457,41.4622602207,酒店餐饮,2024-10-30,2023-09-30
301071,力量钻石,1.01,561489667.12,-16.7327196037,2.3717,262937986.73,-24.86,-7.1368,20.342815268138,4.98,0.807532780023,51.9154511204,非金属材料Ⅱ,2024-10-30,2023-09-30
301070,开勒股份,0.65,303770811.69,18.6200602403,-6.7157,42248370.75,8.38,-11.5226,12.858977055295,5.11,0.25684012535,41.8760781532,通用设备,2024-10-30,2023-09-30
301067,显盈科技,0.15,467775042.34,-11.9958803201,5.9107,15052926.78,-77.35,-77.971,8.710639376157,1.77,0.123273727015,23.4964426918,消费电子,2024-10-30,2023-09-30
301062,上海艾录,0.129,760219604.0,-9.7224992485,-2.4708,51644372.3,-38.05,-30.2315,2.840389236118,4.62,0.458269762318,22.7374482203,包装印刷,2024-10-30,2023-09-30
301060,兰卫医学,-0.0022,1269876218.4,-59.1525538573,1.562,-880075.42,-100.15,104.0565,4.823605753938,-0.04,0.63891721852,24.4928822048,医疗服务,2024-10-30,2023-09-30
301057,汇隆新材,0.35,569729672.85,36.5285208074,-8.27,40055553.62,20.59,-37.9197,6.457121617205,5.76,0.103245118677,17.1734345941,化学纤维,2024-10-30,2023-09-30
301056,森赫股份,0.24,526444953.3,16.5859595513,-20.4614,63833858.91,67.24,-42.3155,2.988417569796,8.27,0.674132552471,33.0102465397,专用设备,2024-10-30,2023-09-30
301048,金鹰重工,0.33,1923837062.67,4.6681737201,-26.6505,174195551.6,2.07,-50.6395,4.425751044581,7.63,0.171909948618,19.2413053622,轨交设备Ⅱ,2024-10-30,2023-09-30
301045,天禄科技,0.14,450530762.28,-15.8512591887,14.1069,14283917.41,-64.31,139.9324,8.466864227647,1.66,-0.06330400773,17.6858791144,光学光电子,2024-10-30,2023-09-30
301037,保立佳,0.0534,1793272505.22,-29.638734773,-5.6278,5357400.53,810.11,-79.3497,8.40547579775,0.64,1.787633267987,14.1235996561,化学制品,2024-10-30,2023-09-30
301024,霍普股份,-0.378,138785146.07,38.3499880005,-19.9458,-24037651.56,71.42,-419.8486,9.553231456633,-3.88,-0.825554463317,31.8844577918,工程咨询服务Ⅱ,2024-10-30,2023-09-30
301017,漱玉平民,0.4,6534426271.65,24.526633943,3.859,161874942.07,24.52,-69.3489,5.387398881101,7.51,0.332354367229,30.0671401132,医药商业,2024-10-30,2023-09-30
301008,宏昌科技,0.714,608472019.82,7.1911122579,12.1154,57119213.88,26.81,11.2667,13.151736204375,5.47,1.47676450325,19.1767743116,家电零部件Ⅱ,2024-10-30,2023-09-30
301007,德迈仕,0.273,470253509.52,10.3035784535,13.9903,41878892.16,13.13,6.2476,4.176948867484,6.62,0.474100506978,21.7181599206,汽车零部件,2024-10-30,2023-09-30
301004,嘉益股份,3.14,1228466543.94,46.901495816,40.0002,313823353.35,87.34,37.1843,10.963542240288,31.68,2.909190843269,39.3724835378,家居用品,2024-10-30,2023-09-30
300998,宁波方正,0.0216,659286341.27,35.2018549895,79.0468,2736099.09,-69.52,183.9671,9.737402381934,0.25,-0.413878415735,15.8130984906,汽车零部件,2024-10-30,2023-09-30
300995,奇德新材,0.0601,201962969.76,3.2824150462,-9.022,5055387.35,-69.63,136.7675,7.493930461383,0.8,-0.101107825214,24.9032698072,塑料,2024-10-30,2023-09-30
300993,玉马科技,0.39,477290738.58,18.8146962992,-0.4954,119671985.11,0.75,2.1018,4.375600047285,9.12,0.38390001428,40.9147753214,家居用品,2024-10-30,2023-09-30
300985,致远新能,0.0923,1142447481.86,731.0488048318,59.0253,12301046.69,204.81,864.1869,8.873832918309,1.04,-0.849362631869,11.6502005487,通用设备,2024-10-30,2023-09-30
300984,金沃股份,0.42,736122067.81,-9.5327409503,5.5729,32579253.25,-20.45,91.2029,8.602487466649,4.7,1.696193728435,13.4218412775,通用设备,2024-10-30,2023-09-30
300983,尤安设计,-0.2134,219294943.45,-29.9417856409,19.1012,-27311679.54,-70.64,139.5167,23.797674285469,-0.89,0.404034499531,31.3508515374,工程咨询服务Ⅱ,2024-10-30,2023-09-30
300982,苏文电能,0.99,1871746419.41,24.6191023182,22.241,203186629.72,-0.92,114.3714,15.61697465744,13.16,-1.108211975549,21.5210815505,基础建设,2024-10-30,2023-09-30
300978,东箭科技,0.3,1441448678.89,10.1956694299,10.3423,125777363.51,67.95,-10.4661,3.846685268817,7.87,0.576996657431,31.4444586448,汽车零部件,2024-10-30,2023-09-30
300977,深圳瑞捷,0.28,348583852.29,-17.0262128395,-10.8114,42618045.74,197.49,-28.5381,9.27743168802,3.03,0.06704752432,38.7639273025,工程咨询服务Ⅱ,2024-10-30,2023-09-30
300973,立高食品,0.9355,2582553019.32,25.8969902831,12.4427,158413772.3,57.66,-13.8982,13.28445783759,6.73,0.754474539068,32.5239692377,休闲食品,2024-10-30,2023-09-30
300969,恒帅股份,1.88,662356794.58,26.3429311992,23.0069,150072697.55,39.33,16.0768,13.046078492875,15.31,2.28414050725,36.0834498983,汽车零部件,2024-10-30,2023-09-30
300945,曼卡龙,0.32,1218194858.04,12.5759858346,-19.8418,68494641.34,37.19,-28.1043,5.882128922775,6.95,-0.043969670024,17.4931514596,饰品,2024-10-30,2023-09-30
300941,创识科技,0.17,139397093.23,-34.735442093,-22.3344,33853092.74,-36.78,-15.5276,6.073034955556,2.71,-0.578503383932,48.9244825554,计算机设备,2024-10-30,2023-09-30
300940,南极光,-0.5341,382093503.43,-31.8860470687,-8.1149,-101209927.87,-466.09,53.5551,3.837497047731,-13.09,-0.063151650966,-3.4355068045,光学光电子,2024-10-30,2023-09-30
300933,中辰股份,0.14,2025123630.39,3.2585134831,1.1874,64182346.86,-13.45,47.2817,3.227418711768,4.05,-0.405399964446,14.8958599956,电网设备,2024-10-30,2023-09-30
300928,华安鑫创,-0.11,808045320.4,28.0987396857,23.1836,-8895832.31,-122.22,-114.258,15.916348225125,-0.69,0.956618304375,7.2706557883,汽车零部件,2024-10-30,2023-09-30
300921,南凌科技,0.12,429138757.89,6.1139760227,2.6629,15558988.6,-67.32,-110.7378,6.161572418074,1.87,0.214818780631,32.5753379437,通信服务,2024-10-30,2023-09-30
300919,中伟新材,1.48,26190627235.51,17.5215294959,-4.6885,1386526289.85,27.83,44.7239,27.726854495218,7.86,3.255473411146,13.1666512018,电池,2024-10-30,2023-09-30
300915,海融科技,0.7341,707207092.83,9.2478931759,0.0224,66070128.71,-15.83,-29.6394,16.489332349778,4.49,0.24529359,34.347496663,饮料乳品,2024-10-30,2023-09-30
300913,兆龙互连,0.27,1144335311.22,-9.1772624005,1.9495,70166413.03,-30.4,-30.8775,4.026637989466,6.95,0.140041718902,15.0235943639,通信设备,2024-10-30,2023-09-30
300906,日月明,0.4253,85209165.92,10.5607421632,-27.4835,34020448.48,5.94,-42.0766,10.528167507625,4.07,0.0777306645,48.055773681,通用设备,2024-10-30,2023-09-30
300903,科翔股份,-0.1464,2187502517.6,13.3920298764,2.9902,-60715777.8,-193.0,-30.7336,5.538647564857,-2.6,-0.228803879812,9.5560161174,元件,2024-10-30,2023-09-30
300892,品渥食品,-0.7,862929079.24,-26.5434083511,-4.8253,-70311632.52,-532.33,67.7288,10.7730941719,-6.33,-0.5175724054,13.7928152815,饮料乳品,2024-10-30,2023-09-30
300891,惠云钛业,0.0589,1268225667.24,12.2242157112,5.0829,23563574.83,-36.54,-5.9803,3.232319644257,1.74,0.261556620721,8.6467674896,化学原料,2024-10-30,2023-09-30
300871,回盛生物,0.09,691386248.86,2.9647217377,10.8078,14877358.41,-43.66,-197.9236,8.321386554588,0.97,0.343970044505,21.2125401195,动物保健Ⅱ,2024-10-30,2023-09-30
300870,欧陆通,0.42,2065690640.54,4.4632371548,-0.7607,42914784.15,5.07,421.849,16.829584914229,2.59,3.047710896443,19.5337707332,其他电源设备Ⅱ,2024-10-30,2023-09-30
300866,安克创新,2.99,11786465835.14,23.5928802562,27.5682,1213238568.5,46.09,-23.5247,18.629838018324,16.77,2.28163936498,43.2927940441,消费电子,2024-10-30,2023-09-30
300864,南大环境,0.76,533716197.21,17.7818774186,8.085,117433500.06,23.83,1.7991,7.773171027283,9.88,-0.102182444853,37.0775196114,环境治理,2024-10-30,2023-09-30
300860,锋尚文化,0.3054,370006120.4,55.8847497698,749.6093,58645000.35,20.43,1462.4488,23.482772085534,1.83,0.377511243168,35.3456235558,专业服务,2024-10-30,2023-09-30
300858,科拓生物,0.27,216946877.08,-17.8538718068,13.6188,72005586.17,-16.91,56.1703,6.49547823869,4.2,0.308485292961,54.1897445044,化学制品,2024-10-30,2023-09-30
300854,中兰环保,0.1,522810165.99,5.2647050626,-33.2244,9426758.69,-38.4,150.7017,9.617059623991,0.98,0.253356327702,25.6814371055,环境治理,2024-10-30,2023-09-30
300853,申昊科技,0.04,305263102.88,32.5727917143,295.663,6001096.88,112.39,42.7385,7.990544374602,0.46,-0.849224939931,52.7260603006,电网设备,2024-10-30,2023-09-30
300849,锦盛新材,-0.1136,179682616.03,-3.4106913613,-13.6177,-17046168.05,-308.46,-282.5895,4.188202563133,-2.68,0.103535817867,12.42544982,化妆品,2024-10-30,2023-09-30
300845,捷安高科,0.05,154151280.14,10.6801090546,-55.2927,5891712.82,-39.79,-121.0582,6.911243900097,0.77,-0.520601869897,52.8281359947,计算机设备,2024-10-30,2023-09-30
300842,帝科股份,2.09,6096822299.84,133.4909723324,36.0422,292666524.58,1968.41,-22.7725,12.186436633616,27.33,-9.50406728788,11.1627323158,光伏设备,2024-10-30,2023-09-30
300837,浙矿股份,1.29,525133095.52,0.5728352541,-28.8193,129003542.15,-7.14,-39.9065,13.255278476346,9.99,0.214798353198,41.1699794422,专用设备,2024-10-30,2023-09-30
300834,星辉环材,0.28,1156331523.19,-16.6483783877,9.9129,53592147.51,-47.15,134.098,15.364263310766,1.8,0.066918869805,3.7169992678,塑料,2024-10-30,2023-09-30
300833,浩洋股份,2.4549,1010749950.38,8.7737724076,-20.3535,310516164.82,2.81,-29.3864,26.934447904467,13.87,3.637159193497,50.9252555963,专用设备,2024-10-30,2023-09-30
300816,艾可蓝,0.2,751254225.02,21.8784051846,-9.2187,16031328.5,-15.07,-89.5502,10.179059992,0.96,-1.2018527005,16.4228672933,汽车零部件,2024-10-30,2023-09-30
300813,泰林生物,0.2,203117602.42,-13.0919019015,-4.5776,21311951.81,-54.9,-133.4948,5.46044330939,3.25,-0.115115677446,54.0197102874,专用设备,2024-10-30,2023-09-30
300802,矩子科技,0.24,456807832.11,-8.968899578,23.8495,65231763.16,-22.6,83.9703,5.77730229602,4.89,0.261510128802,32.2181025334,自动化设备,2024-10-30,2023-09-30
300795,米奥会展,0.36,469186796.14,236.5557483656,-59.4403,81727760.62,739.13,-92.635,3.571329448607,16.61,1.801046982937,52.2181762457,专业服务,2024-10-30,2023-09-30
300793,佳禾智能,0.46,1807579025.39,0.9280809298,2.7095,155122187.48,0.18,3.197,7.51150312927,6.21,0.57675919271,18.5895588209,消费电子,2024-10-30,2023-09-30
300790,宇瞳光学,0.13,1491327025.05,9.7202301936,7.3771,41480648.32,-56.33,-12.9695,5.535416184672,2.25,0.946052741729,18.99017464,计算机设备,2024-10-30,2023-09-30
300788,中信出版,0.66,1285653306.84,-3.1072720169,-7.3804,126282059.1,-8.98,-27.4023,11.154050928913,6.03,0.410417927357,35.6585240703,出版,2024-10-30,2023-09-30
300786,国林科技,-0.02,262901583.43,32.6116467794,81.9031,-4577678.81,-137.85,123.9683,6.758215543127,-0.37,0.040677938016,28.6665592716,环保设备Ⅱ,2024-10-30,2023-09-30
300782,卓胜微,1.5342,3073805012.16,1.8992798092,47.7066,818951910.51,-16.85,80.9166,17.752366610643,9.02,2.492170944452,47.9177388703,半导体,2024-10-30,2023-09-30
300776,帝尔激光,1.24,1151733366.24,9.4008204238,46.5192,339498381.76,0.93,104.7268,10.256965287856,12.06,1.969926940323,48.7806465453,光伏设备,2024-10-30,2023-09-30
300771,智莱科技,-0.06,228057005.68,-68.4921017674,24.3605,-13290519.54,-107.78,-1810.9224,8.073854358,-0.67,0.194285704625,26.3681470563,计算机设备,2024-10-30,2023-09-30
300769,德方纳米,-3.57,14306731076.51,-0.7577603715,37.1546,-996139667.62,-154.5,114.6174,27.714012889566,-12.02,9.147333397061,2.1758022544,电池,2024-10-30,2023-09-30
300767,震安科技,0.0635,540488073.48,-17.2756225991,2.8137,15701852.94,-80.07,-92.2831,6.186922511221,0.97,-0.130938927205,37.3592334924,橡胶,2024-10-30,2023-09-30
300763,锦浪科技,1.91,4641385974.69,11.393918366,-12.9145,751506234.11,6.84,-58.9634,19.356410076893,10.51,-0.019362886318,35.8053949064,光伏设备,2024-10-30,2023-09-30
300762,上海瀚讯,-0.1,216075316.2,-44.0542461492,-0.035,-62801575.73,-170.28,-642.3035,4.174956254034,-2.36,-0.407714879568,43.8689188784,军工电子Ⅱ,2024-10-30,2023-09-30
300760,迈瑞医疗,8.1216,27303797964.0,17.2046549958,-12.6932,9834303940.0,21.38,-12.3631,30.369601605667,28.34,6.409106198002,64.1568734507,医疗器械,2024-10-30,2023-09-30
300759,康龙化成,0.643,8560256911.27,15.6354872562,0.1369,1139038016.1,18.51,-19.3891,6.55184180308,10.13,1.135818209861,35.9557490617,医疗服务,2024-10-30,2023-09-30
300753,爱朋医疗,0.0539,295814795.96,37.9853166865,13.1976,6797785.28,113.01,159.6031,5.508839065197,0.99,-0.540841792016,63.9926253978,医疗器械,2024-10-30,2023-09-30
300752,隆利科技,0.0049,713799096.17,-29.4698703348,29.4315,1057201.78,102.22,766.7135,4.678226011882,0.12,-0.683652751138,11.2480283571,光学光电子,2024-10-30,2023-09-30
300745,欣锐科技,-0.1405,1094385711.54,2.9730461879,-43.7939,-18306636.85,-344.93,-501.9834,15.573253671585,-0.76,0.16733335387,16.271191062,汽车零部件,2024-10-30,2023-09-30
300741,华宝股份,0.52,1077484026.0,-21.1463002087,9.4781,321695381.0,-39.82,-0.1623,11.790274738585,4.37,0.693845646879,53.6974037701,化学制品,2024-10-30,2023-09-30
300740,水羊股份,0.4626,3377297990.81,1.0406017509,-12.5253,180073619.74,51.36,-58.3549,4.820803510846,9.28,-0.15225625535,58.0120030975,化妆品,2024-10-30,2023-09-30
300731,科创新源,0.09,357116088.33,-4.3159265024,-23.8573,10933778.13,134.72,-104.344,4.787323762935,1.8,0.501519379807,27.7058259886,橡胶,2024-10-30,2023-09-30
300725,药石科技,0.7715,1291461856.48,9.0115267066,-2.8687,154046269.72,-38.29,-28.4666,13.43439195574,5.63,0.744098155752,42.8778535155,医疗服务,2024-10-30,2023-09-30
300723,一品红,0.6242,1849810633.85,14.5493101134,6.2562,281952713.73,6.01,-17.9198,5.741113881436,12.75,0.565575056961,81.1469643953,化学制药,2024-10-30,2023-09-30
300720,海川智能,0.1444,153116702.77,5.2132442883,-3.7335,28133181.98,-20.07,-1.7714,2.993194003871,4.81,0.082822650787,51.354127138,通用设备,2024-10-30,2023-09-30
300709,精研科技,0.63,1625622678.64,-17.4364802763,75.3174,116587396.44,-22.91,2183.5146,10.899187309559,5.92,1.005601895275,27.6376803549,消费电子,2024-10-30,2023-09-30
300707,威唐工业,0.0936,590150697.1,0.5212041135,17.1441,14688789.04,-68.69,-64.6127,5.002141517683,1.8,0.582499447736,20.6620965644,汽车零部件,2024-10-30,2023-09-30
300696,爱乐达,0.35,280809639.88,-44.8818447158,-62.9653,101976802.02,-50.41,-86.1853,6.541404096748,5.34,1.086057165449,46.1141764454,航空装备Ⅱ,2024-10-30,2023-09-30
300674,宇信科技,0.23,3054898665.07,15.7311611492,-2.3009,159509754.21,41.73,-104.2158,5.530479766061,4.1,-1.528358949248,27.6902046632,IT服务Ⅱ,2024-10-30,2023-09-30
300671,富满微,-0.62,522537424.46,-13.3255209785,-0.2011,-134501721.63,-281.79,34.4952,9.414426837033,-6.35,-0.412664515486,7.0729164534,半导体,2024-10-30,2023-09-30
300665,飞鹿股份,-0.0803,514768571.79,35.5500484467,-25.2019,-15300065.54,47.29,-4741.1445,2.565169186221,-2.99,-0.185835500772,16.5632727856,化学制品,2024-10-30,2023-09-30
300664,鹏鹞环保,0.4069,1417430191.81,-8.9412421932,0.7838,311699560.77,7.97,-61.3468,5.427263832465,7.22,0.099271716551,32.1089875141,环境治理,2024-10-30,2023-09-30
300662,科锐国际,0.7727,7170440699.5,5.1650325834,2.3159,151907352.02,-30.25,-15.3088,9.000888233596,7.52,0.510262840643,7.7689281855,专业服务,2024-10-30,2023-09-30
300660,江苏雷利,0.799,2246476638.08,2.2743252541,1.7767,252023211.31,18.12,-11.4922,10.199244947094,8.06,1.172414628272,30.9040809248,电机Ⅱ,2024-10-30,2023-09-30
300659,中孚信息,-1.18,474395879.16,21.0462273537,-24.5659,-266161147.42,30.43,-28.1617,4.109683372881,-25.2,-1.042220144894,55.7325344559,计算机设备,2024-10-30,2023-09-30
300655,晶瑞电材,0.0226,959112883.76,-28.3003147386,-0.554,22445655.74,-79.43,262.6326,1.873544136959,1.07,0.045552820344,23.7923313516,电子化学品Ⅱ,2024-10-30,2023-09-30
300649,杭州园林,0.11,204045982.19,-60.2027113561,20.0979,14758431.62,-61.14,10.7086,4.11927504706,2.72,-0.291386176261,29.7473992619,基础建设,2024-10-30,2023-09-30
300648,星云股份,-0.5518,688327736.79,-22.5052382091,-26.7699,-81541858.46,-488.11,-43.4049,6.641856376557,-8.03,-1.126510932558,28.3500173914,电池,2024-10-30,2023-09-30
300647,超频三,-0.12,701315319.0,-14.5625694992,-11.0408,-55314761.71,-260.11,-88.1728,2.562352300995,-4.58,-0.070545302636,1.865731661,消费电子,2024-10-30,2023-09-30
300639,凯普生物,0.2643,850628909.69,-80.0255453183,-19.8768,172102971.56,-88.44,-14.3137,7.522843363072,3.67,0.292924337223,61.6549167464,医疗器械,2024-10-30,2023-09-30
300637,扬帆新材,-0.0294,526066171.95,-11.2954940356,-35.8546,-6893803.96,-161.89,-127.2005,3.271518237796,-0.91,0.213906858582,15.88018236,化学制品,2024-10-30,2023-09-30
300626,华瑞股份,0.0545,488553660.68,-0.2566159753,-5.6517,9816622.82,-44.47,285.9611,3.458061738722,1.59,0.2476112175,16.5887249514,电机Ⅱ,2024-10-30,2023-09-30
300622,博士眼镜,0.57,905423793.77,23.8467936055,6.015,97594146.17,101.19,5.9431,4.357540246843,0.14,1.436465714128,60.8216546229,专业连锁Ⅱ,2024-10-30,2023-09-30
300619,金银河,0.9415,1892427560.95,47.3369777422,11.7014,108708770.5,131.04,28.1518,11.863895879133,10.59,-4.301749997846,21.9437915151,电池,2024-10-30,2023-09-30
300616,尚品宅配,0.02,3512202651.61,-6.5907484732,14.2601,4069869.28,113.69,107.4103,17.970376393991,0.11,1.285992434972,34.5631504017,家居用品,2024-10-30,2023-09-30
300609,汇纳科技,-0.2704,191853531.4,-24.2013119413,-14.1215,-33090693.96,-48.34,-114.495,8.756879412976,-3.24,0.026971341106,49.3236180014,IT服务Ⅱ,2024-10-30,2023-09-30
300606,金太阳,0.23,395140443.95,37.2282259851,47.7867,31992495.36,47.55,214.4077,4.575417674943,5.15,0.45430717115,26.1744246087,通用设备,2024-10-30,2023-09-30
300605,恒锋信息,0.1,405580137.62,0.2279358191,19.1148,16892827.98,-67.62,1098.8013,3.396918043809,2.91,-0.740828630804,24.9422380725,软件开发,2024-10-30,2023-09-30
300602,飞荣达,0.0901,2912476088.34,4.0965247953,12.93,49107586.36,4265.63,54.716,6.312378605747,1.56,0.590925976242,18.7678875637,消费电子,2024-10-30,2023-09-30
300597,吉大通信,0.045,358371352.55,5.2882970065,-0.3793,12258598.13,-37.71,-72.8068,3.985547661825,1.14,-0.269913735747,20.5483290157,通信服务,2024-10-30,2023-09-30
300586,美联新材,0.1434,1395749524.79,-21.4771295025,-3.6173,100845450.98,-59.7,-70.3669,2.689819472096,5.61,0.366445510946,22.1059259939,塑料,2024-10-30,2023-09-30
300582,英飞特,-0.27,1887712484.26,61.4590455799,-0.9573,-80794771.08,-143.75,66.4347,5.260934716706,-4.98,-0.609029207341,29.23749312,光学光电子,2024-10-30,2023-09-30
300577,开润股份,0.51,2283139588.98,5.7184339084,-11.1266,121125276.58,73.5,14.4992,7.507480420016,6.71,1.807213353569,22.7813796305,服装家纺,2024-10-30,2023-09-30
300576,容大感光,0.28,578046838.36,6.7947241448,4.7022,79284046.31,137.49,27.1808,5.025536096302,8.43,0.24452068378,35.5123445122,电子化学品Ⅱ,2024-10-30,2023-09-30
300572,安车检测,0.13,391867507.34,13.8470717679,-7.118,30315433.61,1.23,-91.1403,9.39090045373,0.47,-0.076798957846,45.9551089148,通用设备,2024-10-30,2023-09-30
300571,平治信息,0.15,1523089923.89,-53.0760985392,-32.6213,21625266.78,-88.43,1031.7068,11.713931546028,1.33,0.860796884896,10.2448486562,通信服务,2024-10-30,2023-09-30
300570,太辰光,0.4682,623047435.96,-11.4452903313,16.0902,104825175.81,-30.32,-22.8974,5.808606582135,7.84,0.452185866499,28.8302869914,通信设备,2024-10-30,2023-09-30
300568,星源材质,0.52,2210547049.33,5.638265785,23.4254,667568882.01,13.56,47.1246,7.033999898847,7.71,0.713214688952,46.6415266693,电池,2024-10-30,2023-09-30
300560,中富通,0.0929,1220864509.07,51.7661316695,26.0815,21217138.17,5.64,93.2045,5.009849456583,1.87,-0.552118112075,14.5465444593,通信服务,2024-10-30,2023-09-30
300549,优德精密,0.1188,265605401.87,-10.7266425975,-9.4459,15842999.26,-18.98,42.5031,4.108149445103,2.85,0.099367713064,28.634558098,专用设备,2024-10-30,2023-09-30
300548,长芯博创,0.53,1287932665.81,27.4384003935,-23.4844,140806920.03,-1.58,-118.5399,7.612016029558,3.74,0.30606077594,19.1751494334,通信设备,2024-10-30,2023-09-30
300545,联得装备,0.72,885584001.47,35.2523810504,21.351,127733955.71,163.65,36.3487,8.859578616912,8.2,0.393647783689,33.7655580051,光学光电子,2024-10-30,2023-09-30
300540,蜀道装备,0.0863,346978194.41,123.4180308177,140.3009,13869488.8,72.34,174.595,6.110911602858,1.42,-0.311300912299,22.1753391221,专用设备,2024-10-30,2023-09-30
300538,同益股份,0.12,2254975940.42,34.0365696733,-2.9458,21912834.05,105.07,544.0124,5.85800130012,2.09,0.195331892473,6.1065607389,塑料,2024-10-30,2023-09-30
300536,农尚环境,0.0004,81096531.25,-73.9151268109,-24.3849,128410.84,-97.46,-651.9958,2.152554655732,0.02,-0.028965399053,32.8440461749,IT服务Ⅱ,2024-10-30,2023-09-30
300523,辰安科技,0.05,1312244623.65,7.8107272302,-12.3143,11088216.41,-44.21,-187.07,6.190966100206,0.77,-3.200805653426,40.1922451298,IT服务Ⅱ,2024-10-30,2023-09-30
300518,新迅达,-0.04,216030449.46,-46.4663952357,-26.9482,-7475104.0,-352.34,-171.6207,6.447853170019,-2.1,0.032271677448,52.4759069813,互联网电商,2024-10-30,2023-09-30
300506,名家汇,-0.16,68091413.35,-57.2750299213,6.8866,-108164508.33,-101.21,75.3958,0.592885959534,-23.18,0.058753266191,3.7584590392,装修装饰Ⅱ,2024-10-30,2023-09-30
300492,华图山鼎,-0.03,44372785.28,-34.0796383546,-26.979,-3703634.02,-162.76,114.2931,2.120195571929,-1.23,-0.067229020844,16.6986976437,教育,2024-10-30,2023-09-30
300491,通合科技,0.38,601250796.25,54.0757497791,28.181,66435452.98,233.62,51.6554,6.189039261376,6.38,-0.236958468909,32.1453046508,其他电源设备Ⅱ,2024-10-30,2023-09-30
300484,蓝海华腾,0.1054,223272911.65,-31.1770277144,-7.4723,21987498.79,-64.83,-39.0613,3.100817341487,3.36,0.253424418752,38.2178993992,自动化设备,2024-10-30,2023-09-30
300479,神思电子,-0.2819,221925904.14,-15.7932478899,27.0219,-55547564.25,-229.01,-55.3403,2.912018204599,-9.24,-0.381062092018,33.8240424392,计算机设备,2024-10-30,2023-09-30
300477,ST合纵,-0.17,2085968736.69,-2.0215409293,-1.8198,-177383926.18,-268.26,-60.2774,2.070939976991,-7.78,-0.457850075453,12.2054805373,电池,2024-10-30,2023-09-30
300469,信息发展,-0.2886,131090141.9,5.9815650086,37.298,-66116299.09,7.18,51.7482,2.803719467749,-15.41,-0.576538514741,29.4855911206,软件开发,2024-10-30,2023-09-30
300464,星徽股份,-0.1055,1250068998.22,-31.9102483233,4.8802,-49660455.22,-59.67,-13.9922,1.230410763814,-27.21,-0.0532756307,28.0040119344,互联网电商,2024-10-30,2023-09-30
300461,田中精机,0.03,193029075.13,37.196160117,10.6014,5231970.09,114.07,-37.7076,4.2958714931,0.78,-0.477831924479,32.012444368,自动化设备,2024-10-30,2023-09-30
300450,先导智能,1.4836,13186076826.06,31.8557872761,60.033,2323607725.62,39.54,76.3233,8.011227553134,19.63,-0.93539996608,38.0290321753,电池,2024-10-30,2023-09-30
300449,汉邦高科,-0.163,68788191.12,1.3879005802,-15.9849,-48618892.68,18.34,-66.2115,-0.027755012835,,-0.037794809603,36.5383657293,计算机设备,2024-10-30,2023-09-30
300443,金雷股份,1.1553,1336296099.41,10.2630242149,49.1582,326922621.58,38.99,25.5886,18.552473193269,7.28,0.475976069428,35.4886379852,风电设备,2024-10-30,2023-09-30
300432,富临精工,-0.3309,4178189526.43,-11.5446606897,16.2013,-402092072.05,-167.04,-139.7182,3.403064719124,-8.96,0.412888015096,10.9865931738,电池,2024-10-30,2023-09-30
300430,*ST益通,0.4699,928444491.99,33.5715315752,-30.7046,127675726.1,69.68,2.8649,7.687616992975,6.17,-0.610665696549,40.4129056726,医疗器械,2024-10-30,2023-09-30
300429,强力新材,-0.04,597010385.6,-15.8694927402,3.2207,-20616351.49,-160.21,61.4485,3.304245457153,-1.08,0.217410927941,24.5813880846,电子化学品Ⅱ,2024-10-30,2023-09-30
300426,华智数媒,0.0058,228051631.96,91.0252868405,157.422,2387090.48,103.17,243.7047,0.304040259205,1.95,-0.112299177295,54.0832084778,影视院线,2024-10-30,2023-09-30
300425,中建环能,0.067,862297377.65,5.4559466589,-32.4885,45282915.22,-16.65,-107.1824,3.224732880031,2.08,0.104972418636,32.7173788536,环境治理,2024-10-30,2023-09-30
300422,博世科,-0.15,1380363845.04,-19.2748406974,-16.5441,-76054376.15,3.46,-3078.7179,4.111927173759,-3.39,0.585353898724,20.8163891283,环境治理,2024-10-30,2023-09-30
300418,昆仑万维,0.28,3681194678.51,8.3026960289,3.9676,328360125.38,-58.26,-120.4126,11.789376317245,2.47,0.622357656054,79.66047885,数字媒体,2024-10-30,2023-09-30
300411,金盾股份,0.0537,318957636.69,1.941272652,20.3931,21833034.56,-39.14,178.2294,2.297614015194,2.37,-0.075248034545,25.2265705017,专用设备,2024-10-30,2023-09-30
300408,三环集团,0.6,4105809876.22,3.8468013935,2.5375,1142102844.1,-8.1,-0.0521,9.267547794382,6.52,0.589471733995,39.7829271813,元件,2024-10-30,2023-09-30
300387,富邦科技,0.2124,750445015.21,26.2493847219,24.5996,61405286.81,34.27,54.5405,4.538986244645,4.8,0.209169455142,24.5839852289,农化制品,2024-10-30,2023-09-30
300380,安硕信息,-0.2431,518912263.63,7.3847904336,0.2003,-34025899.83,-1354.7,32.2483,2.667936806213,-8.79,-1.599774389717,24.0093650184,软件开发,2024-10-30,2023-09-30
300376,易事特,0.25,3711719844.51,-1.1550884226,-8.4411,578654360.69,45.03,33.663,3.007038832779,8.57,0.282756789973,28.7905965096,其他电源设备Ⅱ,2024-10-30,2023-09-30
300375,鹏翎股份,0.0606,1322858851.75,10.365278928,22.1821,45747488.89,-21.61,613.3455,2.930046210761,2.12,-0.167814470037,22.3425432191,汽车零部件,2024-10-30,2023-09-30
300369,绿盟科技,-0.6626,1206734719.21,-13.041610295,29.1708,-524283189.07,-105.39,53.1846,3.97754538427,-15.45,-0.294013550928,54.7349208774,软件开发,2024-10-30,2023-09-30
300359,全通教育,0.0,412462199.86,-0.2169506851,-35.9844,1806298.36,-97.44,-155.3673,1.113813448977,0.22,-0.170967585349,23.7494839147,教育,2024-10-30,2023-09-30
300352,ST信源,0.0013,477151192.62,2.6828597817,-5.1658,1948328.95,-67.96,-213.4314,1.070723102906,0.11,-0.022925728754,75.9745243241,软件开发,2024-10-30,2023-09-30
300350,华鹏飞,0.2174,306746979.95,-9.3452493568,11.1303,122341802.58,1149.66,1241.4796,1.64491117237,14.19,-0.140569826259,21.0793850393,物流,2024-10-30,2023-09-30
300347,泰格医药,2.17,5650477938.01,4.5219800651,1.7494,1879604430.16,17.13,-40.0807,24.139658611405,9.21,0.771011501296,40.3427432196,医疗服务,2024-10-30,2023-09-30
300346,南大光电,0.4,1280546036.62,1.7006190973,6.144,215370553.64,1.98,-18.2924,4.015795203946,9.75,0.48267006912,43.2019239098,电子化学品Ⅱ,2024-10-30,2023-09-30
300318,博晖创新,0.0173,806104920.39,34.932501946,1.909,14137166.03,135.96,992.9436,1.724689477731,1.01,0.126842541526,42.6333337618,生物制品,2024-10-30,2023-09-30
300315,掌趣科技,0.06,704713040.79,-25.5534625973,15.9002,175442385.21,20.16,-73.1039,1.766367249586,3.72,0.028836301445,78.4327412319,游戏Ⅱ,2024-10-30,2023-09-30
300313,天山生物,-0.0417,95556468.24,105.7690931535,112.5273,-13037513.23,53.91,101.0909,0.227569045146,-16.77,-0.05087218746,11.6341622443,养殖业,2024-10-30,2023-09-30
300311,ST任子行,-0.1588,278709715.39,-40.8198567184,-14.1074,-106967518.98,-401.34,-47.2989,1.063826706124,-13.97,0.023123939123,51.8627869458,软件开发,2024-10-30,2023-09-30
300307,慈星股份,0.1503,1720027809.67,11.5563980766,-38.109,117348974.93,43.01,-62.0388,3.71075458325,4.14,0.172928174558,26.2983089272,专用设备,2024-10-30,2023-09-30
300301,ST长方,-0.1028,451142298.07,-23.889141241,-28.7122,-81220523.56,24.78,14.5299,0.142538779582,-53.63,-0.03297908015,16.924565193,光学光电子,2024-10-30,2023-09-30
300288,朗玛信息,0.18,347570680.13,2.1407943507,-1.814,61327709.17,1.3,-3.0832,4.719501319788,3.92,0.174767336025,39.8809145202,IT服务Ⅱ,2024-10-30,2023-09-30
300281,金明精机,0.027,345325062.36,-5.3147486489,-8.4895,11512498.62,-14.36,-36.2507,3.053215280195,0.9,0.055128653799,16.834296197,专用设备,2024-10-30,2023-09-30
300278,华昌达,0.0483,2074061620.84,-22.4590729556,-16.1723,68632874.9,-22.34,-92.5522,1.206851041051,4.12,-0.147080810987,12.4745689429,自动化设备,2024-10-30,2023-09-30
300275,梅安森,0.1175,295733427.19,25.7774732156,-21.1027,35423253.32,42.81,-63.165,2.738109890337,4.46,0.120563994547,42.2195365524,计算机设备,2024-10-30,2023-09-30
300255,常山药业,-0.42,1139615425.99,-36.4684863915,0.248,-388330627.87,-677.1,-44.9025,2.849540806097,-13.57,-0.131941022888,31.1638055848,化学制药,2024-10-30,2023-09-30
300253,卫宁健康,0.0709,1900957792.66,1.6030550819,-4.5182,152336082.24,8.79,69.4131,2.437673575954,2.89,-0.120247069678,42.1557416821,软件开发,2024-10-30,2023-09-30
300251,光线传媒,0.13,940076900.42,37.1545950137,73.9609,368468961.15,261.89,105.0902,2.897947366716,4.39,0.051497764818,35.9473346754,影视院线,2024-10-30,2023-09-30
300242,佳云科技,-0.0971,593087992.62,-66.5004139805,-16.4246,-61586041.66,-291.09,0.9619,0.684988292792,-13.28,0.216202137089,10.570549394,广告营销,2024-10-30,2023-09-30
300236,上海新阳,0.3678,870506701.52,-0.7697859921,9.5799,113833842.88,716.15,-11.1155,14.052897239448,2.61,0.137725542979,34.4648947798,电子化学品Ⅱ,2024-10-30,2023-09-30
300234,开尔新材,0.0722,323575051.47,-27.5957648967,-29.4142,36308930.29,5.77,-50.8723,2.185652627994,3.37,0.167386577342,30.3346476665,装修建材,2024-10-30,2023-09-30
300231,银信科技,0.2835,1469537618.93,-13.928630683,-17.2937,119485528.02,-16.26,-32.96,3.71565814841,7.43,0.237149849993,26.5945012973,IT服务Ⅱ,2024-10-30,2023-09-30
300230,永利股份,0.2192,1453855183.96,-9.6123071187,18.2692,178921378.85,-12.47,16.6285,3.478941438477,6.53,0.203360304472,33.2419073909,塑料,2024-10-30,2023-09-30
300229,拓尔思,0.0294,601375522.76,-5.5744254124,-32.8881,22863725.61,-77.96,-218.5774,4.197171750654,0.72,-0.027607666207,60.0864404344,软件开发,2024-10-30,2023-09-30
300212,*ST易录,-0.8145,702677634.08,-46.53946732,28.2425,-539535468.44,-4116.99,1.9008,5.072034444832,-14.8,-0.743374622113,20.4079370845,IT服务Ⅱ,2024-10-30,2023-09-30
300207,欣旺达,0.43,34318739236.58,-6.1914172717,2.762,803667206.56,16.89,-39.4591,12.268602649454,3.81,1.243161805186,13.9119890123,电池,2024-10-30,2023-09-30
300199,翰宇药业,-0.2,401555248.48,-24.3724354086,-48.827,-180549363.99,-23.01,-177.6217,1.273061048334,-15.08,-0.061485792338,63.4708908836,化学制药,2024-10-30,2023-09-30
300197,节能铁汉,-0.1232,1515821342.62,-3.5350425975,-57.6117,-301119484.42,24.91,-36.6867,1.862744928571,-6.69,-0.191616614045,8.3738177186,基础建设,2024-10-30,2023-09-30
300175,朗源股份,-0.0362,142148233.58,-2.278695845,-1.3959,-17026978.44,-7.22,118.7863,1.138047639422,-3.13,-0.001460967715,17.6813417916,农产品加工,2024-10-30,2023-09-30
300167,ST迪威迅,-0.3489,169956163.85,-34.5421203233,3.5475,-125795018.58,19.9,44.1957,0.183103124698,-46.87,-0.038816609791,26.7404478899,IT服务Ⅱ,2024-10-30,2023-09-30
300162,雷曼光电,-0.0406,828346363.58,-5.7382414158,16.7633,-14193350.83,-133.99,-46.2615,1.87009703052,-2.14,0.043370224139,24.5821325321,光学光电子,2024-10-30,2023-09-30
300161,华中数控,-0.1692,1295836709.06,33.3146560868,-22.478,-33619145.26,37.62,-56.5871,8.101124365469,-2.06,0.257279635195,32.6052110938,通用设备,2024-10-30,2023-09-30
300152,*ST动力,-0.0343,141965901.61,9.6817790248,-31.9647,-24469460.24,-347.93,-251.9352,0.519441690769,-6.36,0.008531118098,20.2679924853,环境治理,2024-10-30,2023-09-30
300149,睿智医药,-0.06,846178408.68,-18.0248239128,-0.025,-31322915.93,-103.06,-261.4743,4.65058505284,-1.34,0.173689324916,24.8550531959,医疗服务,2024-10-30,2023-09-30
300145,南方泵业,0.114,3734505909.5,4.5450125862,2.311,215968006.18,61.0,48.6891,1.239052333642,9.53,0.206783498355,38.0232372335,通用设备,2024-10-30,2023-09-30
300136,信维通信,0.5347,5593755992.47,-9.4503405652,39.7967,517316780.45,-13.97,569.5732,7.291652886015,7.58,1.602810422654,22.5586967442,消费电子,2024-10-30,2023-09-30
300132,青松股份,-0.1234,1441114309.04,-32.7306100744,-1.859,-63745283.64,90.3,84.0335,2.544928107696,-4.73,0.116254502959,9.3744843509,化妆品,2024-10-30,2023-09-30
300129,泰胜风能,0.2526,2977816439.49,40.2886798904,51.2705,236121522.38,41.82,324.6755,4.527863716814,5.69,0.291658975649,19.5148874472,风电设备,2024-10-30,2023-09-30
300128,锦富技术,-0.0907,1066021924.71,14.8198916414,31.1912,-99225537.73,-825.17,-355.2079,0.507981711238,-16.42,-0.077323993486,15.3426745266,消费电子,2024-10-30,2023-09-30
300123,ST亚光,0.0051,1076484627.14,16.7362366974,-5.547,5104226.65,103.18,-184.2301,2.714984442499,-0.07,-0.343266394285,28.5412874577,军工电子Ⅱ,2024-10-30,2023-09-30
300119,瑞普生物,0.59,1587164776.49,7.4760792159,7.5733,273697993.12,17.46,-2.0737,9.352551909932,6.34,0.422426336995,50.9478856618,动物保健Ⅱ,2024-10-30,2023-09-30
300113,顺网科技,0.24,1108562954.2,34.0774343202,34.8523,157270534.04,138.15,355.0517,2.847959320367,8.06,0.360115232883,49.4888564634,游戏Ⅱ,2024-10-30,2023-09-30
300099,尤洛卡,0.1005,392755330.34,-11.6705246524,-5.8264,74110903.94,-23.74,-9.8803,3.088712089667,3.04,0.041777901456,50.9531897827,专用设备,2024-10-30,2023-09-30
300098,高新兴,-0.04,1189380932.18,-28.1750250868,-16.0513,-66838835.82,9.07,26.7914,1.758125499139,-2.17,-0.023011358238,31.4417687758,通信设备,2024-10-30,2023-09-30
300097,智云股份,0.6038,394073168.43,12.4755469835,-37.8873,174225406.97,263.2,-99.2006,2.302389962887,30.44,-0.02074191175,42.0590190853,自动化设备,2024-10-30,2023-09-30
300086,康芝药业,-0.0454,451718553.98,29.370794148,-25.0774,-20452467.4,81.34,-4199.9264,2.898880640956,-1.57,-0.039846786911,56.4604096163,化学制药,2024-10-30,2023-09-30
300085,银之杰,-0.0767,761827383.52,-2.0925017058,-6.2144,-54226377.74,17.85,5.8475,1.042411376373,-7.13,0.040084640899,25.1837108734,软件开发,2024-10-30,2023-09-30
300084,海默科技,0.005,352020025.7,33.9779184682,98.7663,1919446.41,104.26,760.8139,2.707705183563,0.18,0.233210440842,40.5155386675,专用设备,2024-10-30,2023-09-30
300078,思创智联,-0.14,801288958.5,-20.5879337119,-27.4782,-111637295.63,-2483.78,34.9511,1.15261986964,-8.84,-0.011672546162,35.4489683412,IT服务Ⅱ,2024-10-30,2023-09-30
300068,ST南都,0.53,11029809346.67,29.973356461,-15.2172,458064635.76,-24.67,-25.8976,6.615393421352,8.51,-1.077665179676,10.9710633043,电池,2024-10-30,2023-09-30
300067,安诺其,-0.0087,590117512.58,-1.5989076699,-11.6001,-9153320.55,-122.83,117.6211,2.210170426072,-0.39,0.07908688072,13.9280591845,化学制品,2024-10-30,2023-09-30
300063,天龙集团,0.069,6668386468.27,-6.3423974256,3.7679,51991702.84,-40.3,-33.3289,2.136455995054,3.3,0.293901712151,5.6649789405,广告营销,2024-10-30,2023-09-30
300061,旗天科技,-0.05,696873780.35,-22.980671219,6.2708,-31468021.78,-158.6,15.3775,1.871391529042,-2.6,-0.491126404859,30.394269132,广告营销,2024-10-30,2023-09-30
300058,蓝色光标,0.1156,36311520831.9,36.6522651268,17.2482,287941644.89,847.94,-97.8271,3.11785387542,3.8,-0.066187745051,3.9544908818,广告营销,2024-10-30,2023-09-30
300045,华力创通,0.01,417812932.14,40.0597056098,50.9341,6645574.91,123.16,232.0462,2.604385343909,0.38,-0.125268039864,35.3416589079,军工电子Ⅱ,2024-10-30,2023-09-30
300044,*ST赛为,0.0225,326140883.91,35.7137693961,25.2411,17317962.64,157.42,-115.3585,1.073098502431,2.15,-0.055854555945,28.9455677185,IT服务Ⅱ,2024-10-30,2023-09-30
300043,星辉娱乐,0.05,1465936119.12,12.7727038273,90.7357,57272245.05,216.28,476.8795,1.565007648929,3.04,0.141023823965,38.4375247919,游戏Ⅱ,2024-10-30,2023-09-30
300042,朗科科技,-0.1836,1033568624.63,-19.2783551134,-9.4162,-36800034.26,-194.15,39.2126,5.6766472502,-3.16,-0.383818850749,6.024559606,计算机设备,2024-10-30,2023-09-30
300032,金龙机电,0.006,2266194871.17,-15.9888636926,-19.3236,4806373.92,-81.02,-1418.4999,1.491125165222,0.4,-0.195130913719,10.8092572967,消费电子,2024-10-30,2023-09-30
300031,宝通科技,0.2509,2417888779.48,1.2548882664,10.4475,103420979.35,2.61,-147.8055,8.573536478364,3.01,0.249987388977,38.1259531829,游戏Ⅱ,2024-10-30,2023-09-30
300025,华星创业,-0.0349,518720290.23,8.9486030873,3.1755,-17621555.17,-255.33,51.8546,1.346452994328,-2.61,-0.018419957717,12.851149316,通信服务,2024-10-30,2023-09-30
300020,ST银江,-0.06,985541706.04,-23.0366339235,-0.5547,-51552026.7,34.24,39.3658,5.770283176629,2.66,-0.28788760671,22.3000000003,IT服务Ⅱ,2024-10-30,2023-09-30
300016,北陆药业,0.004,649819616.22,16.5995637471,-15.2827,1941694.1,-96.48,-157.5092,3.276591578588,0.11,0.124459593123,48.9276851304,化学制药,2024-10-30,2023-09-30
300013,新宁物流,-0.1,312278958.4,-44.5376427915,1.6312,-44918012.41,-1766.07,36.982,-0.056713227916,,0.154333569886,11.5397573133,物流,2024-10-30,2023-09-30
300005,探路者,0.0521,930475245.31,24.3245193684,19.7909,46084679.17,306.36,665.353,2.415489725064,2.2,0.070572219395,49.0125629541,服装家纺,2024-10-30,2023-09-30
200570,苏常柴B,0.2223,1809074804.85,4.945559099,-29.1711,156869023.89,15.51,-76.9157,4.978296195371,4.67,-0.303429960182,14.3109615576,汽车零部件,2024-10-30,2023-09-30
200058,深赛格B,0.1143,1381458062.21,5.246938656,-10.567,140757825.46,632.26,-97.7351,1.670412534984,7.06,0.074290109825,24.0984841572,一般零售,2024-10-30,2023-09-30
200030,富奥B,0.2222,10978960204.94,18.6415951178,18.8355,382188237.93,31.19,11.7719,4.273634094232,5.11,-0.062660466539,9.6767370462,汽车零部件,2024-10-30,2023-09-30
200017,深中华B,0.0073,348502645.41,133.6382903434,-60.767,5053938.11,317.06,-90.483,0.413217252038,1.76,-0.058020748228,5.1908628409,饰品,2024-10-30,2023-09-30
200012,南玻B,0.48,13479933172.0,24.7705801009,17.8742,1466672010.0,-11.14,17.0605,4.515025479238,10.98,0.528951199079,22.7598243244,玻璃玻纤,2024-10-30,2023-09-30
003042,中农联合,-0.6,1354606085.58,-10.0863310094,16.4599,-85617527.11,-255.17,-155.644,11.088141472698,-5.49,-0.446472129843,13.0218405061,农化制品,2024-10-30,2023-09-30
003041,真爱美家,0.5767,700234716.61,2.000337227,72.908,83042871.63,-7.43,141.8201,9.077856190556,6.4,0.221408460347,22.7803050857,服装家纺,2024-10-30,2023-09-30
003037,三和管桩,0.12,4982753853.32,5.8569122938,-6.8611,60015896.51,-54.21,-86.086,4.621960008832,3.18,-0.65267204961,9.6942684873,水泥,2024-10-30,2023-09-30
003025,思进智能,0.28,317547630.19,-13.3905346252,0.1137,65415737.25,-39.38,2.9491,4.270508729389,6.43,0.241260935917,38.198643831,通用设备,2024-10-30,2023-09-30
003020,立方制药,0.91,1524501653.0,-19.5168551169,-43.7006,171375218.46,0.48,-38.0713,10.050085343676,10.61,0.388183425969,46.5137094548,化学制药,2024-10-30,2023-09-30
003019,宸展光电,0.66,1241507089.24,-15.0453354594,4.11,113192062.91,-43.86,0.01,9.445997251102,7.19,2.125490253619,26.4292305041,光学光电子,2024-10-30,2023-09-30
003011,海象新材,1.38,1256390011.85,-12.314692069,-31.9281,138759389.01,3.34,-135.8019,15.054704197476,9.27,1.696487217266,29.8983604157,家居用品,2024-10-30,2023-09-30
003004,声迅股份,-0.2164,114003566.61,-18.6448386402,44.7584,-17713460.46,-381.92,109.0173,8.526150429213,-2.22,-0.55321082099,40.191856266,计算机设备,2024-10-30,2023-09-30
003003,天元股份,0.1719,1119343007.65,3.5621186212,-10.7726,30423417.48,307.24,-12.5469,6.951670815148,2.5,1.31367548286,13.2165237018,包装印刷,2024-10-30,2023-09-30
002965,祥鑫科技,1.5561,3906333905.93,32.0541255553,11.6985,277391049.49,65.17,27.1524,16.513624635749,9.85,0.891270599449,18.164781747,汽车零部件,2024-10-30,2023-09-30
002962,五方光电,0.15,634044970.2,-19.5547405557,19.3295,44632844.84,-29.92,-45.2274,6.176057311491,2.46,0.352855629463,16.5190153779,光学光电子,2024-10-30,2023-09-30
002957,科瑞技术,0.4212,1978327691.57,-9.1353597049,8.302,173111450.98,-17.38,28.3968,6.968481020133,6.01,0.612601274456,33.9575759589,自动化设备,2024-10-30,2023-09-30
002952,亚世光电,0.1227,539404367.93,-13.8243253299,-3.6789,20157816.16,-76.5,-187.4794,5.228906131435,2.28,0.666882331021,19.4233385636,光学光电子,2024-10-30,2023-09-30
002949,华阳国际,0.7086,1053321818.82,-18.7323236696,-22.1355,138918153.11,-3.64,4.345,7.144492373974,9.18,-0.153433759764,31.9460830582,工程咨询服务Ⅱ,2024-10-30,2023-09-30
002940,昂利康,0.54,1186981982.04,11.6514751185,-17.9307,109793786.06,1.4,-90.2637,7.804540271978,7.13,1.567615826526,45.4837506608,化学制药,2024-10-30,2023-09-30
002927,泰永长征,0.37,810318285.89,21.1689964048,-10.8041,82455652.27,5.15,-18.6056,4.576993382742,8.33,0.037182952542,31.7919462149,电网设备,2024-10-30,2023-09-30
002925,盈趣科技,0.43,2960254637.89,-12.1403052166,14.8361,333548612.87,-37.81,5.8114,6.407827508182,6.43,0.424580502686,29.857829313,消费电子,2024-10-30,2023-09-30
002922,伊戈尔,0.53,2518471094.86,22.4869006599,1.0688,165422867.22,15.56,5.5952,7.777753067714,8.52,0.190324660639,21.147641106,其他电子Ⅱ,2024-10-30,2023-09-30
002919,名臣健康,0.62,1303240197.69,131.474424667,4.7602,165872454.96,1002.44,1.054,4.07399789094,20.17,-0.063121603854,64.3320890037,游戏Ⅱ,2024-10-30,2023-09-30
002903,宇环数控,0.25,299931663.69,-1.8613485586,4.5977,38014001.42,-28.13,194.1737,5.139772179854,4.92,-0.503172031924,49.3891718592,通用设备,2024-10-30,2023-09-30
002897,意华股份,0.59,3534871489.53,-10.1025014654,1.8849,100362016.18,-56.3,-32.5239,10.219337077259,6.0,0.678738892144,17.6511743476,通信设备,2024-10-30,2023-09-30
002872,ST天圣,-0.2573,406393618.45,0.4055511563,-16.813,-81825114.52,-30.75,11.031,6.608265687201,-3.82,-0.257498315094,45.1666707612,化学制药,2024-10-30,2023-09-30
002853,皮阿诺,0.33,928410031.27,-5.3129640137,-8.7706,61624658.02,-44.68,-20.5362,7.110287256624,4.76,0.508118349205,29.0339462825,家居用品,2024-10-30,2023-09-30
002836,新宏泽,0.04,111017644.13,-0.2249740819,262.6816,10213707.81,-88.93,891.0471,1.578639913715,2.49,-0.141200285417,27.2471904958,包装印刷,2024-10-30,2023-09-30
002826,易明医药,0.13,538300734.55,-9.0350730037,-21.0432,23887952.92,12.44,71.5371,3.953117425499,3.16,0.409621578186,48.8233495705,化学制药,2024-10-30,2023-09-30
002822,ST中装,-0.13,2607154090.27,-21.9300679972,3.2025,-91569584.17,-1606.75,18.7291,4.635255149155,-2.56,-0.231737137759,11.2366550371,房地产服务,2024-10-30,2023-09-30
002821,凯莱英,6.1,6383057146.18,-18.287196412,-25.7507,2210105678.5,-18.77,-50.4048,47.161671148539,13.44,7.748445571039,54.1271936973,医疗服务,2024-10-30,2023-09-30
002820,桂发祥,0.31,406059721.1,109.3222118849,23.6003,62766020.43,238.42,55.106,4.898727288445,6.47,0.602916229612,46.4589029463,休闲食品,2024-10-30,2023-09-30
002812,恩捷股份,2.31,9093407562.35,-2.0069196678,17.4973,2153560860.82,-33.24,-0.8634,27.494179046399,11.24,3.122475604298,40.3433992152,电池,2024-10-30,2023-09-30
002807,江阴银行,0.4861,2978284000.0,0.44,-10.57,1055770000.0,15.15,15.3248,6.724988594509,7.19,-1.566410603499,,银行Ⅱ,2024-10-30,2023-09-30
002806,华锋股份,-0.2705,521403685.22,7.770692444,-7.7043,-51241713.95,-270.4,-44.2029,5.810954141198,-4.4,-0.030855363806,13.8665377786,汽车零部件,2024-10-30,2023-09-30
002798,帝欧水华,-0.176,2744217114.07,-11.9130704559,-16.8593,-65180013.09,83.45,-123.3977,6.491409970928,-2.32,0.973986938068,23.2927766591,家居用品,2024-10-30,2023-09-30
002797,第一创业,0.078,1912585198.85,0.05,-37.9393,328019793.61,-3.67,-93.1352,3.518148931487,2.23,0.245775504145,,证券Ⅱ,2024-10-30,2023-09-30
002793,罗欣药业,-0.21,1826505219.29,-51.5466849198,-3.7054,-229511249.75,53.85,-180.0083,2.713148582836,-7.49,0.291420248191,47.18176535,化学制药,2024-10-30,2023-09-30
002792,通宇通讯,0.1089,858472828.07,-23.5519520719,5.0911,56887122.67,-16.49,96.468,6.943770790306,2.05,-0.375655932199,21.1043719738,通信设备,2024-10-30,2023-09-30
002791,坚朗五金,0.45,5548920778.51,2.5990443193,9.5407,144272208.46,3186.86,90.6242,15.428485518318,2.94,-0.303555348448,31.5732962293,装修建材,2024-10-30,2023-09-30
002779,中坚科技,0.3749,472867570.96,24.2926384559,-24.9541,49491826.65,64.16,-66.3756,5.293776461212,7.3,0.076758908864,24.9268611719,专用设备,2024-10-30,2023-09-30
002775,文科股份,-0.04,807700922.35,37.0675978827,40.9554,-26224653.05,55.56,-2124.193,0.529033115917,-6.83,-0.601418759618,17.8781722175,基础建设,2024-10-30,2023-09-30
002769,普路通,-0.17,488289758.68,-59.7206100511,-10.3026,-63017975.69,-1522.84,48.2897,3.509623545263,-4.7,0.25330226183,20.5905298468,物流,2024-10-30,2023-09-30
002765,蓝黛科技,0.1002,2077580520.67,0.3595312024,21.609,62110406.31,-57.37,-48.3333,4.296022420136,2.47,0.031945405644,14.5915560925,汽车零部件,2024-10-30,2023-09-30
002743,富煌钢构,0.2,3623465297.35,7.2271124164,-29.4113,88493637.38,15.3,21.6306,7.323088840607,2.8,0.222349744403,13.0373652612,专业工程,2024-10-30,2023-09-30
002742,冀衡医药,-0.3045,1615643024.88,10.1139168855,-3.0648,-131564732.24,-62.29,46.0537,1.558251038079,-17.8,0.080978085046,18.5424776424,化学制药,2024-10-30,2023-09-30
002736,国信证券,0.41,12442550991.7,-6.48,4.7131,4873664232.04,2.35,-29.4942,8.234099533361,5.0,-2.014327580936,,证券Ⅱ,2024-10-30,2023-09-30
002729,好利科技,0.1,193409239.77,7.4001334925,2.1554,17442444.44,-18.59,223.5237,2.66654245277,3.64,-0.110980741042,33.6807514923,其他电子Ⅱ,2024-10-30,2023-09-30
002715,登云股份,0.0852,400766486.26,11.8551183674,-10.9946,11759857.33,136.75,-26.1551,2.932587906957,2.96,0.429088243478,27.0424094293,汽车零部件,2024-10-30,2023-09-30
002714,牧原股份,-0.34,82968655500.72,2.7176169773,12.3922,-1842329322.27,-221.82,159.2531,11.747218719136,-2.68,1.223714169517,4.6264352079,养殖业,2024-10-30,2023-09-30
002703,浙江世宝,0.0516,1176522433.74,26.9533518566,17.1377,40726450.14,546.38,94.0117,1.815230876861,2.88,-0.026112671237,19.0572075687,汽车零部件,2024-10-30,2023-09-30
002700,万憬能源,0.2184,475564179.54,0.9688244324,21.4952,90349503.3,23.34,74.2451,1.817084723562,12.22,0.310306397618,31.1934509835,燃气Ⅱ,2024-10-30,2023-09-30
002698,博实股份,0.425,1982264381.09,14.7851894093,-10.1156,434596978.99,1.63,-20.8541,3.253735194523,13.26,-0.005307678463,37.7834680719,自动化设备,2024-10-30,2023-09-30
002697,红旗连锁,0.3,7640830789.29,0.8942253782,7.7556,407153379.94,13.99,29.7488,2.909245980985,9.96,0.498185416074,29.3686495332,一般零售,2024-10-30,2023-09-30
002696,百洋股份,0.02,1973385661.56,-16.9393390056,8.788,8565033.71,-86.67,-167.2404,4.146040579993,0.6,0.467355134434,8.9703599326,饲料,2024-10-30,2023-09-30
002673,西部证券,0.196,5723436830.41,31.12,-15.7046,876161622.82,76.17,-54.2836,6.190471276018,3.2,0.090497096077,,证券Ⅱ,2024-10-30,2023-09-30
002669,康达新材,0.107,1985076547.88,21.8052611633,8.7222,32291281.82,195.66,-107.3737,9.772129545903,1.07,-0.25834057601,19.152636179,化学制品,2024-10-30,2023-09-30
002668,TCL智家,0.5875,11342296405.51,91.3381265562,2.5301,636914521.19,81.84,-15.0418,1.305739311716,49.46,1.954358565492,22.7942379199,白色家电,2024-10-30,2023-09-30
002662,峰璟股份,0.23,2621787581.84,1.0649293108,5.8634,347916180.23,8.75,34.6437,2.63207885028,8.97,0.335754097367,28.6510453529,汽车零部件,2024-10-30,2023-09-30
002658,雪迪龙,0.19,947206438.5,-8.2926388937,-8.5903,122276656.83,-46.89,-25.508,3.922746966641,4.74,0.186924324869,42.0599316798,环保设备Ⅱ,2024-10-30,2023-09-30
002653,海思科,0.1812,2383938356.72,13.6956507454,35.9473,200742251.05,94.8,171.2666,3.658988959194,5.2,0.118953589268,71.0333928403,化学制药,2024-10-30,2023-09-30
002651,利君股份,0.22,869928511.87,48.587715612,-35.8627,229995605.39,69.05,-58.0751,2.713639709868,8.52,0.182168092302,41.0709753658,航空装备Ⅱ,2024-10-30,2023-09-30
002650,ST加加,-0.023,1218176942.76,-4.2802184104,-13.1786,-25377598.33,-95.1,-225.6775,1.989606487143,-1.12,0.001991783821,19.7461901204,调味发酵品Ⅱ,2024-10-30,2023-09-30
002649,博彦科技,0.3862,4871993306.21,2.2150694659,1.8307,224105261.2,-19.5,19.7605,6.847266313969,5.65,0.017148889586,24.7213825601,IT服务Ⅱ,2024-10-30,2023-09-30
002643,万润股份,0.63,3175596083.16,-17.3850240139,5.8818,575450699.54,-10.62,-12.5246,7.18782602294,8.86,0.896463875072,42.2573780742,电子化学品Ⅱ,2024-10-30,2023-09-30
002642,荣联科技,-0.0586,1694406232.11,-29.087779891,-46.7413,-38776243.26,-385.32,-1463.9756,2.228802819923,-2.6,-0.125763026884,13.561759733,IT服务Ⅱ,2024-10-30,2023-09-30
002633,申科股份,-0.0504,213446111.33,29.0099023832,17.3988,-7557580.25,56.68,113.8009,2.8248403152,-1.77,-0.106702806133,18.6644995225,通用设备,2024-10-30,2023-09-30
002614,奥佳华,0.15,3751674480.42,-20.113806875,21.1612,95106413.97,38.94,129.541,7.204527685876,2.06,0.852672649228,37.0713032404,其他家电Ⅱ,2024-10-30,2023-09-30
002613,北玻股份,0.0965,1272196326.73,11.2636835114,-22.5696,90476176.14,213.55,-79.253,1.83304902849,5.41,0.104854688797,26.9542559725,玻璃玻纤,2024-10-30,2023-09-30
002606,大连电瓷,0.0882,547589802.34,-44.2535088391,-11.3503,38684786.53,-77.11,-85.6481,3.536299728217,2.53,0.304913981306,26.7621356431,电网设备,2024-10-30,2023-09-30
002581,*ST未名,0.045,338346310.25,22.7987612052,-3.2821,29713342.05,-53.9,358.8131,3.656975042483,1.23,0.00284238889,81.15732603,生物制品,2024-10-30,2023-09-30
002549,凯美特气,-0.023,418463388.79,-23.2010655171,-20.0317,-15278909.45,-113.23,-235.5968,2.759811185373,-0.93,0.258503202924,24.3010218012,化学制品,2024-10-30,2023-09-30
002547,*ST春兴,-0.0355,1825692232.21,-0.2257958399,-18.6858,-40075147.68,-264.02,-435.9323,0.395233152616,-8.56,0.238272304839,15.5550883862,汽车零部件,2024-10-30,2023-09-30
002546,新联电子,0.135,450650924.76,16.1266619987,3.8481,112579014.9,570.3,-91.6131,3.839547688473,3.52,-0.106757389555,34.1177925579,电网设备,2024-10-30,2023-09-30
002545,东方铁塔,0.4085,2702740974.37,-1.6970583775,15.1135,508195965.01,-28.82,-24.4526,6.853448986886,6.0,1.118128254464,29.9924966553,农化制品,2024-10-30,2023-09-30
002544,普天科技,0.0941,3886669541.58,-6.363971498,-7.2021,64227738.87,-46.98,-102.5075,5.511733687931,1.7,-0.913462519483,17.8671201598,通信服务,2024-10-30,2023-09-30
002541,鸿路钢构,1.2888,16968243147.69,17.6323333001,-2.5862,889287216.32,1.76,-4.2443,12.581063433331,10.33,1.090495069515,11.2300848779,专业工程,2024-10-30,2023-09-30
002530,金财互联,-0.06,861566152.28,-4.4011816833,7.8059,-46693225.04,53.39,9.5639,1.697382285245,-3.47,-0.031765525927,26.1506632594,通用设备,2024-10-30,2023-09-30
002527,新时达,0.1198,2581572480.84,7.4070041839,0.9794,79170945.55,282.58,-654.3581,2.996340780936,4.08,-0.182244466722,18.3920692208,专用设备,2024-10-30,2023-09-30
002522,浙江众成,0.1,1300111692.19,-10.1631021248,3.3662,88076222.41,-34.86,-5.9332,2.456599548671,4.01,0.175510352291,19.0048586913,塑料,2024-10-30,2023-09-30
002520,日发精机,-0.07,1445662288.43,-4.5762497363,6.6319,-54696464.45,95.22,43.1538,2.639066874632,-2.53,0.29301144234,19.7688069708,通用设备,2024-10-30,2023-09-30
002518,科士达,1.19,4068371628.33,48.5063583466,-12.2517,691776528.93,54.88,-28.6323,6.907779592927,18.2,1.117210183572,32.9564630115,其他电源设备Ⅱ,2024-10-30,2023-09-30
002515,金字火腿,0.027,233703239.93,-30.6278250261,0.885,27301431.11,-48.12,-89.6398,2.125017611887,1.78,0.027528298496,24.7213664805,食品加工,2024-10-30,2023-09-30
002507,涪陵榨菜,0.57,1951606645.05,-4.6078673121,6.5768,659328157.33,-5.34,-9.6986,6.999761008369,8.27,0.225103400054,50.7321515758,调味发酵品Ⅱ,2024-10-30,2023-09-30
002493,荣盛石化,0.01,239047311585.82,6.1874520321,-0.3334,107602853.66,-98.03,261.7518,4.457719763914,0.23,-0.222237424208,11.7919820776,炼化及贸易,2024-10-30,2023-09-30
002488,金固股份,0.0,2529931006.59,12.1197805708,-12.9719,-2030946.7,-100.22,98.9137,4.050149343883,-0.05,-0.18097084263,8.5356877819,汽车零部件,2024-10-30,2023-09-30
002482,广田集团,-0.22,720449425.77,-71.0984845323,-46.5292,-823204894.26,-89.96,47.6764,-3.654650617067,,0.042219486757,-49.989133063,装修装饰Ⅱ,2024-10-30,2023-09-30
002472,双环传动,0.7,5872018169.52,21.6898606075,15.3757,589434826.0,43.94,11.8053,8.967325220269,7.97,1.413894043793,21.3683333267,汽车零部件,2024-10-30,2023-09-30
002448,中原内配,0.44,2072184650.3,23.7465225853,-18.2314,261050580.45,83.24,-24.3485,5.621479791648,8.16,0.32440639209,28.2453551311,汽车零部件,2024-10-30,2023-09-30
002439,启明星辰,0.26,2533570248.55,16.8420978397,37.8593,241388296.83,196.72,-77.4337,7.935614689324,3.23,-0.60919650965,61.8477325398,软件开发,2024-10-30,2023-09-30
002425,凯撒文化,-0.1378,268629481.61,-47.9518979382,-2.7928,-130619251.05,-73.88,53.9567,4.416093395408,-3.08,-0.005653497815,14.6772788242,游戏Ⅱ,2024-10-30,2023-09-30
002423,中粮资本,0.4097,17226999112.38,35.32,-10.4896,944057342.05,195.03,-71.7462,8.36392814091,5.02,1.5347789334,-3.9627330756,多元金融,2024-10-30,2023-09-30
002421,达实智能,0.0512,2728041077.27,16.7077498534,3.1442,106237351.32,-32.06,-49.5259,1.60260320703,3.2,-0.152618455799,24.0364760342,IT服务Ⅱ,2024-10-30,2023-09-30
002401,中远海科,0.5016,1341303593.87,1.2675146285,7.1979,185191840.25,14.23,23.7405,4.283897379559,12.0,-0.401743790127,21.209947352,IT服务Ⅱ,2024-10-30,2023-09-30
002393,力生制药,1.33,911572469.8,1.0589739776,-21.0668,342666216.18,204.26,478.0057,25.23064345554,7.61,0.445496430266,61.3024418314,化学制药,2024-10-30,2023-09-30
002382,蓝帆医疗,-0.35,3584375145.17,-4.5577039729,13.2467,-355637784.76,-145.76,25.2854,9.676633413251,-3.48,-0.184558746794,13.2724010823,医疗器械,2024-10-30,2023-09-30
002381,双箭股份,0.39,1854098057.37,9.2817620121,-3.9121,161909762.32,90.79,26.9338,4.908746161385,8.06,0.525790308505,20.2589388332,橡胶,2024-10-30,2023-09-30
002377,国创高新,-0.1017,721565008.37,-56.2871108943,-18.7775,-93208471.3,66.26,-4.4204,0.636079132424,-15.31,-0.009272384968,3.0139821066,炼化及贸易,2024-10-30,2023-09-30
002373,千方科技,0.2,5251533758.26,8.4133290881,5.838,323537114.36,273.16,-69.85,7.83371043121,2.65,0.091298041493,33.0346878041,IT服务Ⅱ,2024-10-30,2023-09-30
002372,伟星新材,0.55,3745998081.04,-10.0211251426,12.4992,874315172.69,13.7,18.6024,3.299832945665,15.16,0.504581431673,43.9193715549,装修建材,2024-10-30,2023-09-30
002371,北方华创,5.4478,14588362292.87,45.7043847909,35.2613,2884216678.73,71.06,-10.1505,42.581104158266,13.62,2.142883219221,39.8340988341,半导体,2024-10-30,2023-09-30
002367,康力电梯,0.4445,3505507513.18,-8.5948028278,-10.6704,350388521.65,71.24,-15.0494,4.300350617886,10.57,0.716414875884,28.2206520183,专用设备,2024-10-30,2023-09-30
002365,永安药业,0.1576,802818715.84,-28.5190146503,-16.0476,46427620.9,-71.28,-123.573,6.93313732485,2.27,0.659680014354,30.5736370325,化学制药,2024-10-30,2023-09-30
002363,隆基机械,0.08,1616380654.88,-5.0127927052,2.7074,33780202.59,-6.21,-33.1409,5.054423856042,1.59,0.398427642316,9.191256812,汽车零部件,2024-10-30,2023-09-30
002352,顺丰控股,1.29,189011599000.0,-5.0895741013,2.0981,6264458000.0,40.08,-14.9843,18.537997019393,7.04,4.285031016429,12.9899863976,物流,2024-10-30,2023-09-30
002350,北京科锐,-0.0614,1291436326.11,-12.8244995278,-27.0145,-32515741.27,6.48,-148.0144,3.379868252115,-1.76,0.020083393795,14.8516514614,电网设备,2024-10-30,2023-09-30
002349,精华制药,0.2399,1119659192.47,-4.712174968,-14.4283,195349254.74,15.68,-39.133,3.111295623184,7.88,0.240661725846,48.627310555,中药Ⅱ,2024-10-30,2023-09-30
002343,慈文传媒,0.0506,442814952.78,11.5955398966,-98.5725,24039119.6,-56.62,-113.8651,2.027638130516,2.53,-0.02771619889,5.1353095864,影视院线,2024-10-30,2023-09-30
002342,巨力索具,0.0115,1714172855.21,8.3341247983,10.6091,10997843.86,5.01,-25.2849,2.600525235167,0.42,-0.083689923896,20.0846356716,通用设备,2024-10-30,2023-09-30
002340,格林美,0.11,20228256037.36,-5.3626093105,7.0135,547618969.66,-45.56,-44.2728,3.642281140713,2.91,0.104565630046,13.6449571431,电池,2024-10-30,2023-09-30
002339,积成电子,-0.1385,1286971103.52,12.615189239,-10.6745,-69794164.38,-0.86,-158.1839,3.345117965327,-4.06,-0.311158115964,29.360255087,电网设备,2024-10-30,2023-09-30
002300,太阳电缆,0.2202,9703635730.36,0.6882394396,13.86,159028621.12,7.0,-3.4953,2.607288766937,8.49,-0.963884924945,5.2175306806,电网设备,2024-10-30,2023-09-30
002296,辉煌科技,0.2862,448297679.73,-4.7521870012,140.3853,110849833.4,9.69,35.9135,4.97554107266,5.97,0.225440993637,43.1147050474,通信设备,2024-10-30,2023-09-30
002287,奇正藏药,0.7181,1246236765.94,-11.997154452,-21.9983,380504760.77,5.83,-68.9128,6.368733158238,11.01,0.22072904182,84.3621282459,中药Ⅱ,2024-10-30,2023-09-30
002286,保龄宝,0.12,1965015829.72,-5.5561972687,1.8047,45988089.59,-58.41,-15.7909,5.401031987058,2.29,0.55125450625,9.6310387544,农产品加工,2024-10-30,2023-09-30
002281,光迅科技,0.6,4326834653.11,-18.0648219715,-2.2405,413312998.53,-15.8,28.3751,10.173671639279,5.58,0.617089742206,21.7953709697,通信设备,2024-10-30,2023-09-30
002275,桂林三金,0.68,1631768174.65,13.3989095184,-8.4968,396894751.76,22.35,-91.7486,5.061692132731,13.45,0.392197850038,73.5727198012,中药Ⅱ,2024-10-30,2023-09-30
002268,电科网安,0.0899,1721312988.76,-16.3949588708,-20.8863,76017781.73,53.32,15.692,6.222875412465,1.45,-0.539418359898,43.7424831194,计算机设备,2024-10-30,2023-09-30
002239,奥特佳,0.0195,4973761834.25,9.530313703,16.7425,63102261.66,322.6,172.1487,1.724947453002,1.14,0.048267820842,11.5160016273,汽车零部件,2024-10-30,2023-09-30
002222,福晶科技,0.348,595752425.65,-1.6747232528,8.1948,163637639.53,-12.47,-6.9806,3.366194572304,11.46,0.29240576793,55.9784707827,光学光电子,2024-10-30,2023-09-30
002207,*ST准油,-0.0679,170031940.43,24.5631126831,14.8608,-17797856.87,-765.17,74.3297,0.333846957684,-18.47,-0.115983656248,0.8979752723,油服工程,2024-10-30,2023-09-30
002201,九鼎新材,0.0387,1238774857.13,23.1145638106,-42.393,25235738.67,-10.12,8.3109,1.636208208745,2.39,0.050983894126,22.4615509008,玻璃玻纤,2024-10-30,2023-09-30
002200,交投生态,-0.1167,236485654.9,14.6751045242,-34.1571,-21481540.45,-38.07,-1309.0132,0.164662823573,-53.32,-0.983044929942,15.8746092214,基础建设,2024-10-30,2023-09-30
002196,方正电机,0.1731,1627208256.32,-3.4095607617,7.2216,86828713.67,1545.84,225.5973,2.750745747037,6.65,0.326145243684,14.955823742,电机Ⅱ,2024-10-30,2023-09-30
002194,武汉凡谷,0.1312,1263871045.11,-22.1754015065,-23.6213,89457788.2,-64.29,-71.5223,3.782967491835,3.4,0.391397733279,23.101056637,通信设备,2024-10-30,2023-09-30
002192,融捷股份,1.3785,838288606.97,-50.166894357,-54.0201,357935381.09,-71.47,-76.8189,12.31083451353,10.95,0.783963556009,59.539707411,能源金属,2024-10-30,2023-09-30
002190,成飞集成,0.0809,1402857873.75,35.6238302805,12.5497,29003480.78,-37.36,67.0489,9.917733749815,0.85,-0.025945326669,13.2808794174,汽车零部件,2024-10-30,2023-09-30
002187,广百股份,0.04,4322930179.94,15.2497500198,-26.0606,30263036.74,144.92,112.1855,5.700350256554,0.76,0.280555479992,22.1955570752,一般零售,2024-10-30,2023-09-30
002183,怡亚通,0.04,68283066318.0,28.3242033545,18.0462,115874364.0,-46.48,8.6665,3.478458291887,1.3,0.115383768582,3.9875041058,贸易Ⅱ,2024-10-30,2023-09-30
002179,中航光电,1.3947,15359070042.67,23.3268745237,-15.0409,2893708578.08,26.64,-2.0766,9.379102786514,15.47,0.194468920197,38.7902647225,军工电子Ⅱ,2024-10-30,2023-09-30
002177,御银股份,0.0163,52086089.3,-4.1284356298,7.5763,12413574.54,-76.25,-193.3392,2.226665650002,0.74,0.020200754897,59.1344624907,一般零售,2024-10-30,2023-09-30
002174,游族网络,0.01,1178779080.29,-19.3455391672,-10.2884,10443778.62,-85.89,165.8497,4.834691023369,0.23,-0.409147722321,46.7047782867,游戏Ⅱ,2024-10-30,2023-09-30
002170,芭田股份,0.2149,2514914333.2,19.566824963,37.7939,191206004.46,130.09,43.4644,2.663759657725,8.39,0.341317122165,20.8293982516,农化制品,2024-10-30,2023-09-30
002164,宁波东力,0.06,1105299214.5,4.0657997705,-2.06,30353335.04,-92.56,-17.535,2.476452811123,2.33,-0.056427138321,20.122243647,通用设备,2024-10-30,2023-09-30
002159,三特索道,0.75,579136402.67,158.2284808048,32.908,133842678.29,414.9,274.1747,7.130054509971,11.19,1.763981307246,66.2508215148,旅游及景区,2024-10-30,2023-09-30
002156,通富微电,-0.0422,15906690222.6,3.8353942742,13.9133,-63666484.67,-113.3540603075,164.5152,9.037377241607,-0.46,1.753137064312,11.2810760147,半导体,2024-10-30,2023-09-30
002144,宏达高科,0.4,384124776.46,-12.4562145084,4.4928,70649725.92,-5.3,-28.4378,11.272721299675,3.58,0.294029535038,31.2623444201,纺织制造,2024-10-30,2023-09-30
002127,南极电商,0.0353,2067164689.76,-19.7706830936,7.5536,83277669.62,-66.61,63.8595,1.831623680499,1.88,-0.099903946901,14.0475684099,互联网电商,2024-10-30,2023-09-30
002126,银轮股份,0.56,7992313579.19,33.1931396313,0.853,443597625.0,91.61,-0.2533,6.365604715622,8.97,0.569937902938,20.3157474646,汽车零部件,2024-10-30,2023-09-30
002125,湘潭电化,0.38,1593810914.34,18.6938697549,9.202,238642958.39,-32.37,-15.3062,4.240456558537,9.26,0.246975345478,21.4780169975,电池,2024-10-30,2023-09-30
002122,ST汇洲,0.063,628511135.12,8.3849801739,-2.5116,125270770.57,142.08,-3.1388,1.12609052325,5.75,-0.024041467656,19.4902470529,通用设备,2024-10-30,2023-09-30
002120,韵达股份,0.4022,32835311570.64,-6.8385718528,1.4561,1164253473.38,56.05,-42.0539,6.222117669721,6.58,0.523837531732,10.145754719,物流,2024-10-30,2023-09-30
002114,罗平锌电,-0.35,1150249659.43,-24.0414620199,-29.9945,-114215757.7,3.93,78.1784,3.497709060813,-9.7,0.795495215272,-3.12637898,工业金属,2024-10-30,2023-09-30
002108,沧州明珠,0.1455,1993090023.47,-4.8886529691,-2.4066,242884945.11,-6.11,-7.0046,3.039027044423,4.73,0.119931516445,15.7534637193,塑料,2024-10-30,2023-09-30
002106,莱宝高科,0.4292,4225912703.1,-14.6514876338,-8.2895,302936759.07,-14.94,-40.0247,7.285605242334,6.0,0.950670576231,15.0353310286,光学光电子,2024-10-30,2023-09-30
002095,生意宝,0.06,322941376.09,-13.5602800742,70.9018,15544075.17,-9.75,-50.0935,3.69011662136,1.67,0.013657114593,15.6608382157,数字媒体,2024-10-30,2023-09-30
002091,江苏国泰,0.74,28439310055.96,-15.273540945,39.5067,1201660768.83,-12.61,51.3112,8.899317506867,8.23,1.532474831218,16.5242224238,贸易Ⅱ,2024-10-30,2023-09-30
002084,海鸥住工,0.0127,2157607212.02,-15.9525051846,-1.843,8276172.69,-91.1,-96.7647,2.889947413271,0.44,0.245817240823,17.4799176699,家居用品,2024-10-30,2023-09-30
002082,ST万邦,-0.0114,1017909499.8,-14.0014953789,-20.9381,-6963584.97,-104.72,-1006.6346,4.221540108199,-0.26,-0.234487503609,43.9081344528,化学制药,2024-10-30,2023-09-30
002074,国轩高科,0.16,21778492192.22,50.9648720166,-18.8808,292220176.36,94.65,-37.7031,13.633017221685,1.22,0.117089905159,16.9908197503,电池,2024-10-30,2023-09-30
002072,凯瑞德,-0.0012,215339728.91,-18.2827852108,-9.2728,-431641.11,94.23,116.0204,0.138670337957,-0.85,0.006990939621,4.2130877595,贸易Ⅱ,2024-10-30,2023-09-30
002069,獐子岛,0.0349,1281232401.11,-15.5143717555,-5.244,24814734.82,833.08,112.1305,0.133532938531,31.9,0.244336905071,17.6201612006,渔业,2024-10-30,2023-09-30
002052,同洲电子,-0.0563,205222821.16,36.7527708678,-9.4239,-41975284.33,-25.44,68.957,0.053277880413,-67.86,-0.05115993196,0.8097632469,其他电源设备Ⅱ,2024-10-30,2023-09-30
002051,中工国际,0.28,8579073692.48,16.8184706895,43.3587,348939075.38,5.89,-50.1012,9.096046855091,3.12,-0.607121422584,17.0047835199,专业工程,2024-10-30,2023-09-30
002049,紫光国微,2.3978,5650659767.53,14.4721543083,-13.0335,2030671332.65,-0.48,-20.9785,12.91743636404,19.4,1.388331072505,63.8228928012,半导体,2024-10-30,2023-09-30
002048,宁波华翔,1.03,16406973918.23,16.7285720084,11.194,839476000.33,5.96,4.583,14.683753292814,6.4,1.878288377081,16.8006760803,汽车零部件,2024-10-30,2023-09-30
002047,宝鹰股份,-0.19,2419766602.13,-12.7648279961,-20.0201,-282489344.18,-127.76,52.6991,0.52335764573,-30.65,-0.222278000091,7.1239807248,装修装饰Ⅱ,2024-10-30,2023-09-30
002041,登海种业,0.1084,653722860.97,16.0096334897,-22.5815,95361501.33,-15.1,-30.3868,3.87401414292,2.84,0.322585026898,30.6321002424,种植业,2024-10-30,2023-09-30
002034,旺能环境,1.2,2400619744.95,3.0812137448,27.461,515732042.51,-4.35,-11.5974,14.557916946366,8.13,1.909449659844,38.4433384055,环境治理,2024-10-30,2023-09-30
002016,世荣兆业,0.3017,1234992650.72,117.954160171,114.1896,244092848.83,101.94,170.7887,5.967581786166,5.19,-0.341891151329,42.6653861554,房地产开发,2024-10-30,2023-09-30
002007,华兰生物,0.585,3912970763.44,8.6230729963,230.3717,1067286160.09,18.51,208.9753,5.992831013138,10.04,0.379648208882,69.6367854999,生物制品,2024-10-30,2023-09-30
001389,广合科技,0.76,1961146937.25,2.8683396626,21.8096,289833946.24,27.263211338,37.6963,,,,33.3001022889,元件,2024-10-30,2023-09-30
001387,雪祺电气,0.6732,1693515173.87,20.5027082261,0.1831,96671556.75,34.46,23.8168,6.498784885932,15.64,1.814612361997,13.2527663592,白色家电,2024-10-30,2023-09-30
001378,德冠新材,1.01,875176781.62,-10.888623756,26.6534,101268230.31,-19.83,5.0241,9.1195444162,11.76,1.712532028,19.6773531984,塑料,2024-10-30,2023-09-30
001373,翔腾新材,0.55,538872127.96,-17.6709172532,4.1365,32357083.34,-35.81,-49.5518,13.080023306341,7.36,-0.140091253952,14.9054195276,光学光电子,2024-10-30,2023-09-30
001326,联域股份,2.43,1042687865.25,25.0420149238,19.729,133587742.35,25.3723938127,34.9818,9.666677983424,28.98,2.02241274918,25.5783399911,照明设备Ⅱ,2024-10-30,2023-09-30
001324,长青科技,0.5,388763141.33,0.5929900932,30.2615,59540665.51,38.92,17.1685,8.000198479058,7.9,-0.201850431449,32.3224743606,轨交设备Ⅱ,2024-10-30,2023-09-30
001323,慕思股份,1.3,3805484461.51,-8.3780750742,-2.5031,518353976.02,21.44,-36.0957,11.202620663733,11.68,3.211092029449,50.7909938677,家居用品,2024-10-30,2023-09-30
001314,亿道信息,0.72,1871840476.62,-12.0812425823,-6.8819,95027715.25,-44.42,-27.2382,14.285606861522,5.35,0.582613498888,17.9143338083,消费电子,2024-10-30,2023-09-30
001313,粤海饲料,-0.02,5317754468.04,-4.56551497,34.3648,-15190892.61,-134.28,46.1794,3.865481591929,-0.55,-0.634572030286,10.836515236,饲料,2024-10-30,2023-09-30
001311,多利科技,2.2,2746056398.11,14.8478419097,11.4796,386937484.86,22.86,-1.4944,22.726041001738,10.75,1.075315405151,24.3356079842,汽车零部件,2024-10-30,2023-09-30
001298,好上好,0.2831,4378553957.18,-15.9921137821,2.3096,57148518.49,-49.82,191.5579,11.086120613362,3.72,-2.687248966595,4.7341164053,其他电子Ⅱ,2024-10-30,2023-09-30
001296,长江材料,0.6146,654641603.58,-5.8345278285,-17.2628,91947150.79,94.93,-18.9976,15.451663515215,5.7,-0.58434776731,26.2374522641,非金属材料Ⅱ,2024-10-30,2023-09-30
001288,运机集团,0.44,641828378.86,33.2005343667,-36.2236,69861818.42,26.76,-5.4558,11.815892896313,3.75,-0.671715071313,22.7509049552,专用设备,2024-10-30,2023-09-30
001278,一彬科技,0.55,1420446938.2,5.1888639861,-4.1633,64833996.8,-16.95,29.9708,10.136225813968,5.87,1.209653553123,21.038317013,汽车零部件,2024-10-30,2023-09-30
001255,博菲电气,0.5539,253739206.82,-9.1340887216,8.5964,44310700.58,-20.75,24.149,9.495607263125,5.92,0.30390417,35.2369340003,塑料,2024-10-30,2023-09-30
001239,永达股份,0.3428,597868574.72,1.6719142988,-19.0765,61709523.84,-1.37,-6.0862,3.098556466278,11.72,-0.11781943,22.5470484501,工程机械,2024-10-30,2023-09-30
001236,弘业期货,0.0009,1091026704.03,12.19,-75.8558,910875.82,-96.84,-579.319,1.828423939786,0.05,-2.263358175248,,多元金融,2024-10-30,2023-09-30
001228,永泰运,1.37,1585809877.87,-34.2374163066,-3.042,141810287.91,-42.2,-40.4523,16.709319027812,8.32,-1.759791974377,16.7032843739,物流,2024-10-30,2023-09-30
001215,千味央厨,1.11,1328083123.15,28.878578594,13.1335,94270461.06,35.29,49.8154,13.162711598852,8.51,0.437400925223,22.9413194784,食品加工,2024-10-30,2023-09-30
001213,中铁特货,0.13,7657740982.27,9.4699468875,13.9112,589092094.15,20.9,27.891,4.205036371939,3.18,0.26008990348,10.0154341634,铁路公路,2024-10-30,2023-09-30
001210,金房能源,0.58,530985334.42,2.5057078592,157.2529,62624564.96,-7.5,27.046,11.675153462114,4.92,-1.113602390581,23.3244236991,电力,2024-10-30,2023-09-30
001208,华菱线缆,0.117,2573995406.86,20.4840366129,3.8732,62433292.94,-25.27,22.7153,2.831194607952,4.14,-0.200298049508,13.21376424,电网设备,2024-10-30,2023-09-30
001202,炬申股份,0.39,735307292.75,-9.5986088599,28.3474,49753823.74,67.35,-11.3812,5.637322848292,6.9,0.572516872826,15.0177105326,物流,2024-10-30,2023-09-30
000989,九芝堂,0.3373,2370231824.02,-3.7814072146,-24.4542,288735762.29,-26.22,-47.085,4.609320235633,7.25,0.053354621177,61.0393365188,中药Ⅱ,2024-10-30,2023-09-30
000983,山西焦煤,1.0314,40696536125.05,-16.0199244277,2.5687,5638024935.36,-39.66,-45.2298,6.516091752926,15.46,1.570320721437,39.145797831,煤炭开采,2024-10-30,2023-09-30
000969,安泰科技,0.1904,6044687931.94,5.7102441643,-14.107,195351019.42,14.44,-52.0889,4.828212223583,3.9,0.025523898125,17.0257081176,金属新材料,2024-10-30,2023-09-30
000966,长源电力,0.2336,10673845910.98,-2.7297440001,25.185,642106384.21,147.11,63.8893,3.747038057659,6.45,0.563321254394,12.0966482164,电力,2024-10-30,2023-09-30
000959,首钢股份,0.1244,85019758489.71,-7.3424529921,-3.4959,950400155.0,-47.95,15.1885,6.363537591457,1.94,0.443470847326,5.6832125208,普钢,2024-10-30,2023-09-30
000955,欣龙控股,-0.0208,409108424.81,-30.7881495594,-0.5739,-11195022.74,90.27,-269.869,1.267187724106,-1.63,-0.00194148326,7.748845193,纺织制造,2024-10-30,2023-09-30
000927,中国铁物,0.0877,34333046788.84,-18.8403997509,-10.4955,530361311.32,-13.64,-21.2525,1.47837935928,5.9,0.179232444603,4.8886785942,轨交设备Ⅱ,2024-10-30,2023-09-30
000910,大亚圣象,0.45,4458378424.11,-15.5888178795,7.9119,243964092.33,-24.59,-2.3746,12.063118821935,3.73,0.843846846816,26.4180762759,家居用品,2024-10-30,2023-09-30
000900,现代投资,0.2376,6414309824.73,-35.5313252357,2.55,420205733.84,-6.79,42.8794,7.024611758427,3.43,0.633779845771,25.9443752315,铁路公路,2024-10-30,2023-09-30
000895,双汇发展,1.249,46345074602.33,3.8206003972,6.8166,4327222307.85,6.43,10.5317,5.806341656075,19.85,0.707470350675,17.6751839732,食品加工,2024-10-30,2023-09-30
000892,欢瑞世纪,-0.0467,298668382.05,-63.220196068,389.7868,-45301185.96,-152.22,96.2927,1.488035173642,-3.03,0.092348270535,40.6863544162,影视院线,2024-10-30,2023-09-30
000885,城发环境,1.367,4808423752.81,13.5944403787,-8.3558,877737788.81,5.64,-0.9811,11.380413253241,12.68,1.553499873532,41.6700703109,环境治理,2024-10-30,2023-09-30
000875,电投绿能,0.3891,11022040955.18,-0.4269140644,-6.1601,1085667723.93,31.78,-52.0926,4.308034195448,9.26,1.211177266632,28.3530620923,电力,2024-10-30,2023-09-30
000856,冀东装备,0.0842,2297915046.51,0.535564624,-47.4152,19114343.98,88.05,-101.1576,1.777302742335,4.84,-0.315570107665,7.1168332702,专用设备,2024-10-30,2023-09-30
000839,国安股份,0.0075,2123778699.19,5.7962542648,-24.1558,29219708.83,107.4561473189,-476.2581,0.410204379227,2.21,-0.050761649268,18.9131110927,通信服务,2024-10-30,2023-09-30
000838,*ST发展,0.0511,3316183816.26,18.7661244373,567.8504,56222684.39,127.55,329.4601,0.929964847669,5.65,-0.099534412373,13.5387517338,房地产开发,2024-10-30,2023-09-30
000828,东莞控股,0.6811,3452882936.28,36.41019429,10.8928,747895659.95,4.56,33.5055,9.055773201445,7.67,0.222658176424,26.0676006236,铁路公路,2024-10-30,2023-09-30
000823,超声电子,0.2421,4072751910.85,-19.5377747855,7.095,130011704.67,-56.2,15.2755,8.289405699446,2.85,1.119158561246,17.8212975113,元件,2024-10-30,2023-09-30
000758,中色股份,0.1595,6198413747.01,16.2715854463,-9.117,314086738.29,-24.78,-84.0281,2.606738616611,6.27,0.344155281479,19.7969436253,工业金属,2024-10-30,2023-09-30
000757,浩物股份,-0.0827,2715861794.35,12.2868208944,26.5714,-50944706.19,-1094.58,13.5257,3.136891537696,-3.0,-0.125489823205,8.6342237686,汽车服务,2024-10-30,2023-09-30
000756,新华制药,0.58,6497534830.57,19.1482698266,-10.2006,391968372.92,33.58,3.3484,6.639230298367,9.05,0.113008903939,29.0899121202,化学制药,2024-10-30,2023-09-30
000727,冠捷科技,0.0163,39535256868.79,-13.9575171851,10.9447,73995320.86,159.2133816148,-61.7691,0.655680265357,2.63,0.220814531682,12.6877593564,光学光电子,2024-10-30,2023-09-30
000723,美锦能源,0.09,14838116914.64,-20.7058328191,15.8552,406064156.75,-76.27,212.5904,3.363185788804,2.75,0.047899680649,13.8049839386,焦炭Ⅱ,2024-10-30,2023-09-30
000719,中原传媒,0.67,6631121868.08,2.1058096724,-5.9757,685592072.48,3.82,-42.2578,9.913640386642,6.86,0.428186267621,36.6302451213,出版,2024-10-30,2023-09-30
000716,黑芝麻,0.059,1921855714.25,-5.2889452228,15.174,44071926.86,415.54,279.0197,3.386224629558,1.76,0.382820096867,21.234495358,休闲食品,2024-10-30,2023-09-30
000703,恒逸石化,0.06,101529037112.51,-17.6677883566,3.5555,206290537.02,-84.34,215.7629,6.509480488809,0.82,0.116512692544,3.8832640989,炼化及贸易,2024-10-30,2023-09-30
000702,正虹科技,-0.1862,932817989.19,11.4073794731,0.4479,-52960361.83,34.71,81.1434,1.473511108006,-19.0,0.06823380702,3.5023059266,饲料,2024-10-30,2023-09-30
000697,炼石航空,-0.3994,1043006658.65,14.5814543687,-1.0289,-268249595.2,8.03,-42.4396,-0.995734698848,,-0.383530912816,4.1608876185,航空装备Ⅱ,2024-10-30,2023-09-30
000691,亚太实业,-0.2636,275359622.84,-31.2832579249,-30.9828,-85222087.18,-1788.75,-1213.8115,0.175553622142,-85.82,0.083955673833,18.0831935076,化学原料,2024-10-30,2023-09-30
000672,上峰材料,0.72,4877312291.59,-5.5443656998,-8.2488,700537076.59,-17.21,-52.8506,9.078606472075,8.13,0.82141812507,27.7910140714,水泥,2024-10-30,2023-09-30
000636,风华高科,0.1,3240184339.7,11.0072447239,1.9809,111473349.47,-64.36,-1.3163,10.31368800973,0.94,0.202552737205,13.3381562658,元件,2024-10-30,2023-09-30
000632,ST三木,0.0252,10329098956.51,14.3340368814,-43.5285,11710702.47,-23.49,-98.4801,3.104663877504,0.81,0.591813233674,3.1169718531,综合Ⅱ,2024-10-30,2023-09-30
000631,顺发恒能,0.12,1786909234.63,757.1257317526,2061.4429,263544080.08,134.27,470.2285,2.427859898312,4.38,0.012165669723,18.4084409815,电力,2024-10-30,2023-09-30
000617,中油资本,0.42,28214359330.1,21.09,-0.0759,5266167713.79,5.95,-20.8613,7.928242637102,5.37,7.501880180345,24.0914486161,多元金融,2024-10-30,2023-09-30
000615,*ST美谷,-0.0628,1042155801.41,-4.4940857621,-9.5529,-47925385.28,48.21,63.9588,-0.274079162358,,0.210396601276,28.6632310107,医疗美容,2024-10-30,2023-09-30
000612,焦作万方,0.296,4662188237.5,-5.8521341829,-20.0475,353370460.61,0.33,104.43,4.690468743796,6.49,0.506907325487,8.3125541005,工业金属,2024-10-30,2023-09-30
000591,太阳能,0.3708,6444063534.7,9.4100292791,3.7523,1449524786.98,24.44,8.12,5.835635001548,6.49,0.339219874912,40.731074438,电力,2024-10-30,2023-09-30
000590,古汉医药,0.0269,274629835.65,16.0982093406,-4.8077,6430149.78,-59.04,123.5385,2.943562200972,0.92,-0.087856956718,52.5861924682,中药Ⅱ,2024-10-30,2023-09-30
000589,贵州轮胎,0.54,7037114634.4,12.566145757,6.2336,628050042.65,145.88,16.8939,5.649409843473,9.21,0.872842978373,21.9000144374,汽车零部件,2024-10-30,2023-09-30
000576,甘化科工,0.11,278004392.6,-5.6640530231,-34.952,46903747.38,-35.25,-30.8968,4.095450441405,2.63,-0.083239288939,56.8335212305,地面兵装Ⅱ,2024-10-30,2023-09-30
000570,苏常柴A,0.2223,1809074804.85,4.945559099,-29.1711,156869023.89,15.51,-76.9157,4.978296195371,4.67,-0.303429960182,14.3109615576,汽车零部件,2024-10-30,2023-09-30
000567,海德股份,0.3934,949859877.21,20.7806659905,62.3986,768973849.95,41.56,-21.5037,3.971148973662,14.38,-0.010868001525,93.8543766875,多元金融,2024-10-30,2023-09-30
000565,渝三峡A,-0.04,376956324.81,7.453308835,-15.9047,-16121648.58,-118.7,279.3863,2.946842925641,-1.25,-0.039290971065,26.9574707206,化学制品,2024-10-30,2023-09-30
000564,供销大集,-0.0198,1040448420.26,1.9713618444,16.5003,-378722430.81,-242.4,-56.2692,0.665191806398,-3.4,0.005452223752,40.1507827691,一般零售,2024-10-30,2023-09-30
000558,天府文旅,-0.0073,212708229.28,262.8188979444,-30.9641,-9465525.4,-12.91,9.251,0.8469472203,-0.64,0.05000741989,39.9238361945,旅游及景区,2024-10-30,2023-09-30
000551,创元科技,0.3424,3202527511.07,4.8886859709,-6.2246,136998274.45,14.46,-7.858,5.681803588281,5.95,0.104800453547,21.5066155563,环保设备Ⅱ,2024-10-30,2023-09-30
000538,云南白药,2.31,29688532074.44,10.3019554686,-4.2613,4123477414.45,78.9,-1.1112,22.197722692839,10.48,1.441171156108,27.3734155624,中药Ⅱ,2024-10-30,2023-09-30
000537,绿发电力,0.43,2829346856.64,7.2256588601,-12.6613,808000878.47,29.73,-20.8994,9.15729610181,4.82,1.193627819095,56.5473849223,电力,2024-10-30,2023-09-30
000523,红棉股份,0.0114,2129341365.98,2.25611419,12.4707,20409246.76,630.74,735.8446,0.715069290978,1.25,0.265981619686,13.3347900809,综合Ⅱ,2024-10-30,2023-09-30
000518,四环生物,-0.0421,179935611.58,-8.4885512501,-9.1208,-43317478.14,-22.52,70.5464,0.499169799491,-0.08,0.000522957735,70.9897449417,生物制品,2024-10-30,2023-09-30
000509,华塑控股,0.0277,476509317.73,-27.8149644692,16.0422,29736003.28,773.01,-111.6091,0.153878626807,20.0,-0.027340519265,8.729838033,光学光电子,2024-10-30,2023-09-30
000498,山东路桥,0.8231,45563301394.23,-2.0894710487,-30.493,1406799411.09,-16.11,-67.548,8.11941105347,8.73,-2.305165965137,12.0968918585,基础建设,2024-10-30,2023-09-30
000417,合百集团,0.336,5128798219.35,2.8137168266,-9.4016,262063992.97,31.99,-92.1755,5.695399172005,6.03,0.795971778977,27.6751369628,一般零售,2024-10-30,2023-09-30
000411,英特集团,0.8014,23918021361.65,7.1945639663,-2.2754,365596299.59,128.02,-58.2329,7.996601298814,10.46,-2.556212251572,6.4400884799,医药商业,2024-10-30,2023-09-30
000401,金隅冀东,-0.1161,22344405281.55,-18.3054380019,-15.514,-308619505.7,-119.72,-88.9625,11.173078617631,-1.02,0.848857986118,14.5074977388,水泥,2024-10-30,2023-09-30
000100,TCL科技,0.087,133165997183.0,5.2066306421,4.9237,1611411994.0,474.14,42.8814,2.786689806615,3.13,0.859680684763,14.6239460229,光学光电子,2024-10-30,2023-09-30
000099,中信海直,0.2506,1408440318.37,7.9683789519,-0.0267,194384306.42,16.52,6.0698,6.527171113188,3.88,0.482751636404,20.8523453986,航空机场,2024-10-30,2023-09-30
000096,广聚能源,0.114,1902845284.23,20.3604322299,5.0694,60205452.64,-1.32,105.5918,4.975256638826,2.31,-0.136103522102,7.272597664,炼化及贸易,2024-10-30,2023-09-30
000062,深圳华强,0.3925,14327660953.13,-23.4536593405,17.5253,410503068.78,-41.16,1.6296,6.894874434889,5.78,0.571454187307,9.8862562931,其他电子Ⅱ,2024-10-30,2023-09-30
000058,深赛格,0.1143,1381458062.21,5.246938656,-10.567,140757825.46,632.26,-97.7351,1.670412534984,7.06,0.074290109825,24.0984841572,一般零售,2024-10-30,2023-09-30
000042,中洲控股,-0.1595,4347305070.97,-28.2680995277,-39.2946,-106064438.56,-136.69,-7.1626,11.268153254266,-1.39,1.472327416195,31.9037938334,房地产开发,2024-10-30,2023-09-30
000039,中集集团,0.083,95124111000.0,-12.836599906,1.8455,495577000.0,-84.1,-59.2997,8.487843811828,0.97,-0.262822342277,13.5397859329,通用设备,2024-10-30,2023-09-30
000032,深桑达A,-0.2371,38671355991.88,11.4391154626,-13.3519,-269797188.23,48.25,-31.108,5.168734943066,-4.56,0.049663078669,10.7794329172,专业工程,2024-10-30,2023-09-30
000030,富奥股份,0.2222,10978960204.94,18.6415951178,18.8355,382188237.93,31.19,11.7719,4.273634094232,5.11,-0.062660466539,9.6767370462,汽车零部件,2024-10-30,2023-09-30
000021,深科技,0.2861,10971402550.2,-8.6631868963,-15.1298,446520821.17,-22.39,-23.5633,6.955142872968,4.41,0.506741253776,14.6936133806,消费电子,2024-10-30,2023-09-30
000017,深中华A,0.0073,348502645.41,133.6382903434,-60.767,5053938.11,317.06,-90.483,0.413217252038,1.76,-0.058020748228,5.1908628409,饰品,2024-10-30,2023-09-30
000012,南玻A,0.48,13479933172.0,24.7705801009,17.8742,1466672010.0,-11.14,17.0605,4.515025479238,10.98,0.528951199079,22.7598243244,玻璃玻纤,2024-10-30,2023-09-30
920957,汉维科技,0.15,334136560.51,-11.1765887289,6.4662,16116417.95,-45.53,42.9771,3.550297525006,4.12,0.214583075547,14.6838216133,化学制品,2024-10-29,2023-09-30
920950,迅安科技,0.69,160838601.9,16.9267847445,-33.7415,42314025.9,27.56,-16.1286,5.464663134681,16.9,0.977840985745,40.7066840712,通用设备,2024-10-29,2023-09-30
920946,森萱医药,0.242,445083009.8,-10.7375009425,-10.4903,103319227.37,-24.79,-14.5548,2.590363966374,9.38,0.258428785444,42.8066262281,化学制药,2024-10-29,2023-09-30
920943,优机股份,0.55,626933128.42,11.3911602782,-6.9731,56223344.75,48.65,-23.0119,5.276477758015,10.74,0.286610672877,27.6443663516,通用设备,2024-10-29,2023-09-30
920931,无锡鼎邦,0.522,315481189.17,29.991546512,-6.1924,34021753.69,38.3876692975,8.7632,2.874493263578,18.74,0.101784062903,21.8958116241,专用设备,2024-10-29,2023-09-30
920925,锦好医疗,0.2,141067004.29,0.2995876289,-2.8126,19161238.63,-38.54,3.5509,3.796494952063,5.15,0.289342928108,49.9031625888,医疗器械,2024-10-29,2023-09-30
920924,广脉科技,0.21,224457047.21,2.1617995766,-8.2289,17021679.67,3.09,19.6672,3.233196862169,6.52,-0.44706835747,24.2546642339,通信服务,2024-10-29,2023-09-30
920914,远航精密,0.38,630630149.67,-8.7727903313,-7.1023,37645720.49,-14.72,3.7349,8.6871382444,4.25,-0.4554106567,11.6011800163,电池,2024-10-29,2023-09-30
920896,旺成科技,0.37,260846709.12,9.3315133336,8.3974,33085864.94,17.89,68.8655,3.885937563275,9.92,0.5629776024,23.378950513,汽车零部件,2024-10-29,2023-09-30
920892,广咨国际,0.31,348961613.24,11.1114344226,-25.7537,48282436.89,11.76,-75.7419,2.82152655574,12.75,0.858852867592,35.2893314731,工程咨询服务Ⅱ,2024-10-29,2023-09-30
920885,星辰科技,0.09,91000491.05,3.1624269987,0.0294,7873577.03,-65.61,394.6958,4.272553260451,2.14,0.193440074088,40.1013879254,自动化设备,2024-10-29,2023-09-30
920873,中设咨询,-0.09,100281799.46,-14.9866537969,50.5464,-13163629.69,15.59,171.6928,2.711380419379,-3.12,-0.286416450333,31.2517336733,工程咨询服务Ⅱ,2024-10-29,2023-09-30
920871,派特尔,0.22,119523763.15,7.2069183072,-17.6899,15883806.45,13.87,4.8477,3.21919157503,6.74,0.222305393763,26.3535862743,汽车零部件,2024-10-29,2023-09-30
920870,恒进感应,0.13,44042714.13,-59.0033814085,17.6993,17892464.71,-55.29,-61.6624,3.278765902015,3.97,0.005530503358,43.5719841501,通用设备,2024-10-29,2023-09-30
920866,绿亨科技,0.25,298673281.33,3.359769316,1.5705,45601881.26,1.07,-10.6636,4.192943764771,6.07,0.185114433212,41.9195161356,农化制品,2024-10-29,2023-09-30
920856,浩淼科技,0.15,316712673.28,11.8276781773,-11.8985,13006792.29,-48.32,-51.2628,5.096288926277,2.93,-0.42631908257,18.5684765409,专用设备,2024-10-29,2023-09-30
920837,华原股份,0.26,365963364.61,-4.21595304,-17.2779,37285705.42,19.49,-12.4137,3.117964010443,8.99,-0.316410246619,27.5358580079,汽车零部件,2024-10-29,2023-09-30
920806,云星宇,0.39,1607103390.31,-11.6780162721,-41.7626,85241954.15,28.12,15.5647,4.744564065409,8.62,-0.67311670851,14.6528894868,IT服务Ⅱ,2024-10-29,2023-09-30
920786,骑士乳业,0.47,779658681.06,38.975358287,4.0698,74111146.21,14.2,35.2918,3.79010861858,13.93,0.128790291888,23.1996712349,饮料乳品,2024-10-29,2023-09-30
920779,武汉蓝电,1.26,136314729.72,46.8156576319,-10.5025,64758218.14,68.9,-19.8204,8.434535942133,18.21,0.93359135035,65.8486548331,电池,2024-10-29,2023-09-30
920770,艾能聚,0.44,291546786.94,-8.1451014604,-24.2783,54911219.31,0.52,-7.836,4.249299457724,10.3,0.010000536608,25.9316723444,光伏设备,2024-10-29,2023-09-30
920768,拾比佰,-0.35,741232354.8,-7.0722656919,9.6997,-38325498.57,-298.78,-66.3061,5.929001644499,-5.64,-0.319737875372,2.6556352947,家电零部件Ⅱ,2024-10-29,2023-09-30
920751,惠同新材,0.35,143849287.94,5.0238731159,24.7569,24127606.16,-7.2,30.8704,4.116152859299,9.27,0.253546766651,37.5555111629,金属新材料,2024-10-29,2023-09-30
920717,瑞星股份,0.15,128878974.48,-5.2045530793,-4.0669,14527387.74,-21.08,-32.1888,4.937436538891,3.01,-0.111214683554,39.2126803103,专用设备,2024-10-29,2023-09-30
920706,铁拓机械,0.78,326784734.21,20.0487531305,-35.7136,52336306.79,87.73,-41.9506,5.428879967215,15.29,0.48392762212,33.3979284081,工程机械,2024-10-29,2023-09-30
920701,豪声电子,0.29,465886837.97,-9.6356189618,5.6155,23275713.57,-56.72,-23.9946,5.487108056735,6.19,0.427171254898,13.1408358533,消费电子,2024-10-29,2023-09-30
920693,阿为特,0.33,151438421.02,-11.9039997167,8.3421,20270142.73,12.91,-14.2906,4.393849027288,7.02,0.620124236275,32.3466866797,通用设备,2024-10-29,2023-09-30
920690,捷众科技,0.52,162869312.58,22.1744726106,32.7368,27502128.18,16.19,76.02,7.40914338,7.24,0.462699429905,34.4110649589,汽车零部件,2024-10-29,2023-09-30
920689,克莱特,0.64,382382711.29,26.3013193559,-1.832,46740953.36,38.75,4.8462,5.936044602725,11.01,0.004048407766,29.2263437651,通用设备,2024-10-29,2023-09-30
920685,新芝生物,0.41,131282869.5,-4.8532236643,9.0805,37442324.3,16.72,-29.1866,5.61062020113,6.87,0.36002925392,66.4372662497,通用设备,2024-10-29,2023-09-30
920682,球冠电缆,0.28,2046771091.34,5.9634816066,-26.5155,76120007.83,12.43,-50.4241,4.901922189808,7.44,-0.523596938894,12.6142488709,电网设备,2024-10-29,2023-09-30
920679,前进科技,0.87,126429945.75,,1.8183,35309480.9,,-1.3938,,10.53,,42.0487857957,通用设备,2024-10-29,2023-09-30
920670,数字人,0.12,67865534.5,164.2523753387,482.9416,13022020.85,205.67,864.3596,2.385731694424,5.28,-0.028709090113,68.6118708753,医疗服务,2024-10-29,2023-09-30
920665,科强股份,0.53,254934495.6,25.0215194577,-0.84,53170584.99,43.48,-13.9366,5.061653387337,11.39,0.059682198861,42.5459910142,橡胶,2024-10-29,2023-09-30
920662,方盛股份,0.63,268826057.82,5.8601070325,-15.8212,55186876.43,48.45,-7.6991,4.97578945595,13.15,0.155875489986,32.2771775674,通用设备,2024-10-29,2023-09-30
920656,海昇药业,1.11,165979586.54,-16.2342798636,-43.0032,66783324.3,-19.89,-60.913,4.433450653833,25.88,0.950203762,52.5843576125,化学制药,2024-10-29,2023-09-30
920640,富士达,0.63,663064339.01,5.1430314299,-25.1465,118271532.48,2.07,-41.8068,4.414136199555,15.03,-0.049876201845,42.6901743612,通信设备,2024-10-29,2023-09-30
920627,力王股份,0.38,438722052.45,16.3305785179,-10.3896,25613466.16,3.92,-48.2212,4.619617934176,8.89,0.880947465824,16.0797704984,电池,2024-10-29,2023-09-30
920608,丰安股份,0.42,79450681.7,-34.9079307436,-33.268,26025326.44,-18.84,27.3957,7.071861080334,5.83,-0.090489344634,29.6945554339,专用设备,2024-10-29,2023-09-30
920593,鼎智科技,0.52,237990234.86,-7.511278217,-30.9924,67183241.43,-20.38,-21.8233,6.801312461868,13.45,0.726788006648,52.8572832679,自动化设备,2024-10-29,2023-09-30
920579,机科股份,0.12,259267251.86,1.9657196724,31.9908,10703511.26,23.77,-138.6057,2.509722250214,4.91,-0.166285428098,23.0032394651,自动化设备,2024-10-29,2023-09-30
920578,巨能股份,0.18,146423617.02,-24.078254261,-26.6489,11581841.47,-47.46,-148.5396,3.315871935177,5.95,-0.105706338165,31.3489897629,自动化设备,2024-10-29,2023-09-30
920570,坤博精工,1.71,223501316.84,48.6438068998,-36.1032,40265585.56,101.2,-38.3927,7.499023443304,24.97,0.139863959735,30.1222454847,通用设备,2024-10-29,2023-09-30
920566,梓橦宫,0.44,296228981.2,-7.674255065,-4.836,65178007.69,-15.39,-17.5054,4.838895185475,9.01,0.501874584167,80.9158461029,化学制药,2024-10-29,2023-09-30
920564,天润科技,-0.11,78752011.13,-30.8899297668,-64.0662,-8295206.19,-139.83,-222.6619,4.083207324163,-2.68,-0.471617961449,20.3660761546,IT服务Ⅱ,2024-10-29,2023-09-30
920547,无锡晶海,0.89,299912577.95,4.3112405941,8.2045,50002775.33,15.52,168.0079,7.462122748718,14.31,1.707160970085,34.0476632551,生物制品,2024-10-29,2023-09-30
920541,铁大科技,0.13,156165169.6,15.31470426,12.8831,15909758.64,44.45,378.6888,2.698057288954,4.52,-0.028525919605,39.2573528508,轨交设备Ⅱ,2024-10-29,2023-09-30
920533,骏创科技,0.59,489432373.01,24.5661062362,10.0557,58761489.68,31.65,-45.6571,2.804039406804,20.7,0.706273422605,25.8605804008,汽车零部件,2024-10-29,2023-09-30
920523,德瑞锂电,0.31,245545366.83,22.749080921,62.7356,31508351.26,-4.29,213.338,5.574031744467,7.44,1.03477236127,26.9672210292,电池,2024-10-29,2023-09-30
920522,纳科诺尔,1.42,713985189.54,89.620632389,20.4271,115923990.94,148.2970741301,18.6127,,25.0,,27.4847674805,电池,2024-10-29,2023-09-30
920519,万德股份,0.51,392219089.95,-3.3854653656,5.1215,35536087.54,-9.84,-8.9391,5.504117603372,11.25,-0.378648858147,21.7453202318,化学制品,2024-10-29,2023-09-30
920510,丰光精密,0.09,141392539.18,-25.3700167006,7.2525,16193164.5,-41.18,124.5873,3.110786379285,4.04,0.301581510493,30.7576076731,通用设备,2024-10-29,2023-09-30
920505,九菱科技,0.59,99784299.03,0.0357519171,7.5669,26271865.35,62.21,-16.3024,6.810778545037,8.57,0.136202553828,23.9856030885,通用设备,2024-10-29,2023-09-30
920491,奥迪威,0.45,336622513.37,25.2185900793,6.7059,64149916.77,50.28,-2.5864,6.607691911059,7.08,0.407187074143,39.7059651126,元件,2024-10-29,2023-09-30
920469,富恒新材,0.32,393083399.34,17.2495212773,13.2732,44573244.0,46.45,28.2041,4.067914368571,12.8,-0.650893935238,20.5199102113,塑料,2024-10-29,2023-09-30
920436,大地电气,-0.05,542221627.57,42.4528595192,-9.2633,-4905996.19,64.68,159.8342,4.586296760235,-1.14,-0.591061411893,19.0539225783,汽车零部件,2024-10-29,2023-09-30
920427,华维设计,0.25,85633817.49,-3.5089480757,29.2445,26100214.49,7.88,60.5099,3.382754270139,7.34,-0.440647092197,46.3512010715,工程咨询服务Ⅱ,2024-10-29,2023-09-30
920425,乐创技术,0.63,60468682.63,-4.5789625943,24.3405,22083284.72,11.83,129.5933,6.526341138873,10.15,0.305308659341,65.1268666476,自动化设备,2024-10-29,2023-09-30
920418,苏轴股份,0.64,465585100.98,10.5699495768,1.4042,87082593.5,53.51,-5.2091,6.955900906534,13.45,1.099415122725,37.3316601571,汽车零部件,2024-10-29,2023-09-30
920407,驰诚股份,0.14,125293514.25,-7.8436394711,32.0291,9117018.08,-55.31,950.1709,3.735871089677,3.95,0.115692899817,45.448139667,通用设备,2024-10-29,2023-09-30
920396,常辅股份,0.2996,151387173.77,11.9303808978,8.4548,17554676.65,46.89,30.2076,4.732359805244,6.38,0.298937981693,37.5079131382,自动化设备,2024-10-29,2023-09-30
920395,朗鸿科技,0.32,80304473.69,1.6476850019,27.5407,29498988.94,-0.77,8.5263,2.2021616019,13.73,0.350639710682,55.4812369383,专用设备,2024-10-29,2023-09-30
920375,派诺科技,0.31,368775283.77,13.4876423356,-34.1163,21072668.09,88.1356826345,-75.7731,8.868958793129,3.56,-0.143243703127,40.088127558,电网设备,2024-10-29,2023-09-30
920374,云里物里,0.27,138518612.15,14.8610842551,19.207,21778841.38,3.43,36.1055,3.048860347285,8.85,0.355615206335,43.9346931329,通信设备,2024-10-29,2023-09-30
920371,欧福蛋业,0.2,732692520.91,13.1448677417,-2.9986,40398199.22,40.28,-42.1353,2.542786240048,7.92,0.239795068363,14.4336365299,农产品加工,2024-10-29,2023-09-30
920368,连城数控,1.96,3698177097.56,73.9527551117,45.2467,458084969.11,78.66,73.0652,15.409943660213,13.5,0.9071822342,26.5595857921,光伏设备,2024-10-29,2023-09-30
920357,雅葆轩,0.4,252554354.91,45.1166788787,-7.6928,31906188.54,-33.51,-18.6879,4.372102494381,8.76,0.015226242008,16.8803306263,消费电子,2024-10-29,2023-09-30
920351,华光源海,0.28,1184348096.78,-31.4356633141,0.1184,25931331.28,-45.17,-58.4821,4.760783386691,5.68,-0.667047151767,7.7499177167,物流,2024-10-29,2023-09-30
920305,云创退,-0.16,185431740.55,-28.6182564606,8.0183,-20556751.74,-158.07,28.4399,6.384533790893,-2.4,-0.596424932517,24.7661767256,IT服务Ⅱ,2024-10-29,2023-09-30
920278,鹿得医疗,0.15,238100590.72,-0.2913651071,-4.3414,26278954.51,-6.09,-13.5647,2.183291976875,6.76,0.134478168011,28.0297427521,医疗器械,2024-10-29,2023-09-30
920275,驱动力,0.03,72826122.32,4.5140229001,-15.1657,5504019.06,-62.24,16.2081,1.427492319887,2.37,0.053874000297,25.545610898,动物保健Ⅱ,2024-10-29,2023-09-30
920266,生物谷,0.05,469237445.29,10.4485744874,-11.8466,6044110.41,-57.52,275.5973,7.949071188359,0.6,0.889639874688,80.9940182044,中药Ⅱ,2024-10-29,2023-09-30
920263,中航泰达,0.43,349935254.01,1.4147243445,20.2613,60601643.06,68.72,-12.1836,3.666166313661,12.11,0.005533954844,23.4069979693,环境治理,2024-10-29,2023-09-30
920261,一诺威,0.32,4663725084.31,-3.4366186844,2.5545,88702671.94,-46.47,68.6227,4.827894124951,6.29,0.37698621376,6.6502634749,化学制品,2024-10-29,2023-09-30
920260,中寰股份,0.3,194048063.79,69.9877824624,19.8468,30942431.16,124.88,73.1901,3.876073983679,7.68,-0.009560639208,34.4018074781,通用设备,2024-10-29,2023-09-30
920245,威博液压,0.34,216758249.86,-12.7026381564,-14.0439,16603452.74,-42.97,-33.05,6.569293429949,5.26,-0.154793436718,18.4364351418,工程机械,2024-10-29,2023-09-30
920227,美登科技,0.83,81923098.68,-2.5946177715,1.2157,32361565.35,1.64,-3.0748,10.230689913075,8.33,0.837124391459,71.6715383769,IT服务Ⅱ,2024-10-29,2023-09-30
920199,倍益康,0.472,247323781.42,-9.5670023711,-18.3325,32150076.89,-40.65,-50.8764,7.516835071752,6.22,0.354441575515,36.3089190147,小家电,2024-10-29,2023-09-30
920195,三祥科技,0.72,616132066.97,18.8500036942,3.9694,70996635.88,36.23,-20.5139,6.826072397429,11.06,0.682986855452,32.4016149576,汽车零部件,2024-10-29,2023-09-30
920190,雷神科技,0.2767,1936509508.42,7.0681292583,11.4149,27669793.22,-25.2,-68.83,8.354174629858,3.36,1.11897620071,8.4099609179,计算机设备,2024-10-29,2023-09-30
920184,国源科技,0.06,159033328.33,5.7267958895,4.1815,8413096.27,121.29,-74.5926,4.422878761567,1.43,-0.158746344346,45.574960652,IT服务Ⅱ,2024-10-29,2023-09-30
920179,凯德石英,0.42,184754244.14,52.0405489543,38.893,31400041.8,-23.43,53.4834,9.1864917868,4.64,-0.334128998933,41.3031232842,半导体,2024-10-29,2023-09-30
920175,东方碳素,0.59,269458425.69,5.3684820953,-22.9235,57785359.73,-25.54,-61.4932,7.092890101429,10.15,-0.733920702017,34.6362637913,非金属材料Ⅱ,2024-10-29,2023-09-30
920171,志晟信息,-0.23,90093145.57,-14.4063520408,-40.3521,-22752251.15,31.92,-614.0172,3.700043524785,-6.51,-0.746274160462,35.5303300129,IT服务Ⅱ,2024-10-29,2023-09-30
920167,同享科技,0.74,1604215953.76,68.9634602617,30.4135,81309630.73,112.8,28.3128,4.878696681851,16.37,-1.75742071963,11.409505039,光伏设备,2024-10-29,2023-09-30
920145,恒合股份,-0.12,33153860.63,13.7064038567,-10.4908,-8132055.17,-382.95,15.6934,3.923085087456,-2.9,-0.060914832743,31.4277673912,环保设备Ⅱ,2024-10-29,2023-09-30
920123,芭薇股份,0.4,315175735.49,2.2434533271,-12.1306,30807319.18,111.0257081003,-37.5784,4.128473613185,9.63,0.36722433799,34.3937182701,化妆品,2024-10-29,2023-09-30
920090,*ST同辉,-0.16,144083471.73,-43.4103668339,16.2773,-32864978.42,-64.17,30.2827,1.459887382629,-12.34,0.116224662004,6.0316060306,计算机设备,2024-10-29,2023-09-30
920089,禾昌聚合,0.57,992315563.74,25.887567979,27.0202,86141356.04,29.47,33.8796,9.132219391191,9.06,-0.755998565044,17.4035054886,塑料,2024-10-29,2023-09-30
920077,吉林碳谷,0.5582,1671828493.58,10.0432221159,-5.6933,308068427.05,-36.31,-57.8756,4.247993870874,17.37,-0.890904026575,31.3757521573,化学纤维,2024-10-29,2023-09-30
920026,卓兆点胶,0.95,230408343.1,65.1689809587,-85.8364,66436307.21,1015.45,-96.4081,4.578955440557,22.03,2.000223543802,62.1747090807,专用设备,2024-10-29,2023-09-30
920019,铜冠矿建,0.32,805890427.89,0.0919697113,-15.4412,47914364.72,-22.0384374318,-62.1365,3.919135594079,8.44,0.018322803224,12.7598115229,专业工程,2024-10-29,2023-09-30
900948,伊泰B股,2.09,38164450989.62,-16.614480685,10.7904,6646061683.91,-36.45,21.4555,17.667972381499,12.96,2.673427604196,35.5161199059,煤炭开采,2024-10-29,2023-09-30
900925,机电B股,0.8,17263435657.36,1.9518746123,0.1466,813288577.66,6.16,-20.84,13.031012093015,6.18,1.663363105606,15.6276585663,专用设备,2024-10-29,2023-09-30
900918,耀皮B股,-0.1,3965496090.02,14.986182254,16.014,-90967642.21,-413.4732138044,124.619,3.607394698219,-2.65,0.22645077323,10.9055585191,玻璃玻纤,2024-10-29,2023-09-30
900909,华谊B股,0.31,31356450642.71,5.6863369396,14.7658,663192551.22,-41.71,449.8266,10.30060481821,3.02,-0.74085185495,8.2671422816,化学原料,2024-10-29,2023-09-30
900906,中毅达B,-0.0469,903723701.07,-14.205082522,20.9537,-50286193.96,-227.28,3.615,0.087725492279,-42.45,0.085697856984,3.2737416519,化学原料,2024-10-29,2023-09-30
873886,瑞红苏州,0.09,182125197.92,8.6269260314,-1.3749,20055688.94,-28.58,-61.4397,2.878499630475,4.3,-0.001490774174,36.0800385781,,2024-10-29,2023-09-30
873151,翰联色纺,0.2441,130818610.61,,,15414702.98,,,,13.54,-0.034057769771,24.8532714714,,2024-10-29,2023-09-30
873119,绿林幼教,0.61,113519257.28,,,14069775.94,,,,9.07,0.150994267384,21.6170244133,,2024-10-29,2023-09-30
834777,中投保,0.057,1063700163.41,-1.4999056941,115.4106,389810657.59,38.08,168.9442,1.656355360631,3.45,0.160371631849,,,2024-10-29,2023-09-30
834670,宏达小贷,0.1,90787118.07,-14.0171782353,9.8569,47889193.58,-22.32,3.9861,1.54723348982,6.39,-0.09781729518,,,2024-10-29,2023-09-30
834395,博信永元,0.11,23872506.18,232.6416503991,166.692,21851263.37,17.8,65.5999,2.783431803038,4.37,0.326614138559,,,2024-10-29,2023-09-30
833565,方元企业,0.04,22153028.46,-21.7458009463,-29.7905,4029598.58,754.93,-41.0968,1.921637210648,1.96,-0.390890054259,,,2024-10-29,2023-09-30
830958,鑫庄农贷,0.0025,2693930.92,299.8262744426,189.682,1064318.33,212.45,528.4903,0.05721099762,4.48,0.000339569193,,,2024-10-29,2023-09-30
689009,九号公司,0.529,7526030958.41,-1.3904716197,15.735,378848360.62,-3.75,-23.6549,7.37565754379,7.36,3.112787382681,26.6211383005,摩托车及其他,2024-10-29,2023-09-30
688799,华纳药厂,1.69,1055742864.27,13.8891193655,-7.9989,158273780.65,27.49,-26.8295,18.708783182836,9.44,1.726931315885,64.6455860265,化学制药,2024-10-29,2023-09-30
688788,科思科技,-1.694,156489175.03,-12.5230019517,-30.9202,-179139026.23,-154.56,8.2799,23.58592031976,-6.92,-1.35748149602,47.7968894754,军工电子Ⅱ,2024-10-29,2023-09-30
688786,悦安新材,0.49,268654093.61,-21.8763371456,-11.505,59079174.26,-25.41,-1.7541,7.879464147971,8.56,0.369432463897,39.3429925038,金属新材料,2024-10-29,2023-09-30
688772,珠海冠宇,0.26,8540172178.2,2.4281538718,-0.9795,289603597.17,241.35,-46.7909,5.979103519338,4.27,1.383446379151,24.7519283307,电池,2024-10-29,2023-09-30
688700,东威科技,0.52,730805658.57,7.104888751,-12.3426,149072589.33,2.13,-9.3243,7.551050523707,12.21,-0.197211236979,44.5531860724,专用设备,2024-10-29,2023-09-30
688695,中创股份,0.16,75647272.32,1.5694111581,43.5931,10211017.7,31.0970445121,849.995,,,,90.3882956688,软件开发,2024-10-29,2023-09-30
688691,灿芯股份,1.56,1004927506.41,3.9509599928,6.8628,140752285.43,156.1922629009,-36.9574,,,,26.2389623548,半导体,2024-10-29,2023-09-30
688689,银河微电,0.39,523454331.57,0.3078233332,5.7187,49763986.34,-22.43,2.8601,9.053036878343,3.85,0.573589568624,27.2529821374,半导体,2024-10-29,2023-09-30
688685,迈信林,0.1,217956957.18,1.2294260123,-12.1367,13863578.82,-48.25,-137.454,6.192209824397,1.98,-0.043371827284,31.4031994462,航空装备Ⅱ,2024-10-29,2023-09-30
688669,聚石化学,0.37,3045324877.65,-5.482451009,46.5371,44817657.47,12.42,-29.4911,12.997263552158,2.87,2.323766930364,12.8377441234,塑料,2024-10-29,2023-09-30
688656,浩欧博,0.61,300153994.57,17.8918743731,-0.1268,38633884.75,-13.13,6.5773,12.71026642159,4.89,1.135376716617,62.7717610255,医疗器械,2024-10-29,2023-09-30
688639,华恒生物,1.4,1364161262.06,38.6657112423,14.3759,319949196.04,47.42,16.9706,10.795853445832,20.0,2.348534661951,41.2931733738,化学制品,2024-10-29,2023-09-30
688627,精智达,0.72,371318977.95,23.595921001,-36.8565,54854012.76,757.27,-46.5414,17.63125179209,6.4,-0.38520433062,39.4094439767,通用设备,2024-10-29,2023-09-30
688621,阳光诺和,1.53,692004549.34,39.7310614813,1.0252,171076571.46,32.72,-24.231,9.105133261071,17.8,0.239578265089,56.0937626191,医疗服务,2024-10-29,2023-09-30
688615,合合信息,3.68,866989724.07,23.8468286651,1.151,276006168.28,38.1066641381,-16.764,,,,84.4864244332,软件开发,2024-10-29,2023-09-30
688613,奥精医疗,0.41,183596114.63,4.3342664431,-6.5607,54008240.88,-17.01,10.0056,10.245644197122,4.06,0.316518320692,83.1298646638,医疗器械,2024-10-29,2023-09-30
688610,埃科光电,0.13,163485560.5,-21.365302886,-28.0568,6899660.72,-89.12,-121.7209,21.893621618529,1.15,-0.413997233382,39.9052384385,通用设备,2024-10-29,2023-09-30
688609,九联科技,-0.2447,1573089067.72,-16.3781242391,-32.3527,-120649220.05,-355.33,-148.3139,2.22593747922,-10.16,-0.57563606938,13.2193301306,黑色家电,2024-10-29,2023-09-30
688602,康鹏科技,0.25,794853975.43,-18.1803932247,-12.0916,110892003.08,-21.56,-31.3918,5.326408974614,5.36,0.092738422181,31.1283175424,化学制药,2024-10-29,2023-09-30
688591,泰凌微,0.2,476123169.89,9.2850032569,-8.8492,37584400.14,72.85,-55.7232,9.707130042833,3.41,0.347732248125,43.784872664,半导体,2024-10-29,2023-09-30
688590,新致软件,0.17,1120747722.27,32.7569252952,6.0897,43512572.02,149.05,-18.029,4.634876505891,3.39,-0.537313208135,26.6923210483,软件开发,2024-10-29,2023-09-30
688584,上海合晶,0.36,1073376383.11,-8.4445406175,3.3314,213946477.36,-20.87,16.911,4.617239458512,7.92,0.704370365927,38.2934851966,半导体,2024-10-29,2023-09-30
688577,浙海德曼,0.31,465336127.74,3.616332832,-0.4302,23899572.19,-55.69,-46.8521,16.14779175963,2.74,0.712704667946,27.125761151,通用设备,2024-10-29,2023-09-30
688576,西山科技,1.47,213814563.87,30.1516374075,-17.3023,64844408.23,49.14,-13.8887,39.747507169519,6.59,0.344605102432,68.8772110021,医疗器械,2024-10-29,2023-09-30
688571,杭华股份,0.2,860487845.11,1.6561611054,25.2839,82878544.2,73.78,59.4524,3.444764101178,5.82,0.297209733245,23.7714890364,化学制品,2024-10-29,2023-09-30
688569,铁科轨道,1.41,1399726246.8,38.437645062,-6.3901,297923418.68,55.94,-12.3621,12.961060202633,11.33,1.932945296623,43.3800594501,轨交设备Ⅱ,2024-10-29,2023-09-30
688568,中科星图,0.1895,1399254914.91,69.1125191916,48.9708,103121717.96,44.77,124.5003,9.111919540552,3.17,-1.061555335165,48.7968674403,IT服务Ⅱ,2024-10-29,2023-09-30
688551,科威尔,0.94,355001790.37,40.1152707837,10.1829,75334466.79,66.46,-10.3608,13.447524781762,7.15,0.137951845013,54.6015765126,其他电源设备Ⅱ,2024-10-29,2023-09-30
688550,瑞联新材,0.72,931979254.99,-21.6105011697,-7.632,98057100.76,-53.12,-10.0945,21.358466750847,3.32,2.116618082146,34.285354206,电子化学品Ⅱ,2024-10-29,2023-09-30
688548,广钢气体,0.22,1355595217.32,32.3054081811,-4.5666,226873413.7,92.08,-18.5495,4.271493385978,8.13,0.268388675358,36.5979446225,电子化学品Ⅱ,2024-10-29,2023-09-30
688528,秦川物联,-0.26,222732986.04,-12.0153585435,8.1252,-44438618.71,-1351.9030662787,49.8867,4.199389215774,-6.11,-0.441642142024,28.0786885104,通用设备,2024-10-29,2023-09-30
688522,纳睿雷达,0.21,113507927.97,19.3261400268,11.5563,33237332.81,-7.81,27.2889,13.96413104771,1.81,-0.480622154334,76.3307261612,军工电子Ⅱ,2024-10-29,2023-09-30
688520,神州细胞,-0.49,1379251634.17,112.0809344372,19.1699,-219964027.34,45.3669513338,-641.8089,-0.972612170063,,-0.8390925964,97.0787683479,生物制品,2024-10-29,2023-09-30
688519,南亚新材,-0.48,2293173213.67,-16.626667297,5.5131,-108707514.86,-301.19,-164.2411,10.512301724163,-4.21,0.682809000152,4.5587270498,元件,2024-10-29,2023-09-30
688516,奥特维,2.71,4239088217.22,76.7404084226,16.4452,851396647.51,79.52,9.1578,20.106412008219,29.92,3.206970662938,35.7508230191,光伏设备,2024-10-29,2023-09-30
688506,百利天恒,-1.28,377699836.45,-21.3685780374,-64.4727,-515105766.43,-112.1464519484,-15.6651,1.038475809501,-76.16,-1.197193677805,61.5557826514,生物制品,2024-10-29,2023-09-30
688503,聚和材料,1.82,7399162040.36,51.6342106687,34.2164,440803836.71,45.69,18.1242,29.65249016473,9.28,-11.551719892627,11.0269636536,光伏设备,2024-10-29,2023-09-30
688501,青达环保,0.17,512198016.2,48.2436627652,-42.0783,20612948.11,62.8,-34.8366,6.590821167294,2.57,-1.025497734072,32.216606297,环保设备Ⅱ,2024-10-29,2023-09-30
688496,*ST清越,-0.0979,530113196.28,-30.3139166038,-9.6367,-44064355.63,-243.35,-54.1635,2.668474784044,-3.55,-0.588931103733,8.8514322147,光学光电子,2024-10-29,2023-09-30
688485,九州一轨,-0.04,184807339.0,-18.0123382167,-8.8473,-6326683.57,-129.6,-54.9508,8.779560805813,-0.5,-0.370383960864,36.0450731342,轨交设备Ⅱ,2024-10-29,2023-09-30
688480,赛恩斯,0.57,400165242.31,21.0610195568,-20.9289,54260294.89,9.53,-22.5126,9.410556575715,6.12,0.360881949273,32.6073391899,环境治理,2024-10-29,2023-09-30
688478,晶升股份,0.35,239743683.05,81.9205976595,65.0355,43404459.91,126.57,123.879,11.20316806727,3.92,-0.531997266657,35.2362811254,半导体,2024-10-29,2023-09-30
688469,芯联集成,-0.23,3831546831.51,21.2551020701,-3.9327,-1361009649.55,-56.4845396161,58.5478,1.852296395743,-18.54,0.280067242269,-3.5637284171,半导体,2024-10-29,2023-09-30
688435,英方软件,0.05,131440365.03,15.3133694629,3.7356,4345119.19,-29.6,38.6009,13.537719594371,0.07,-0.084220533772,85.954562462,软件开发,2024-10-29,2023-09-30
688420,美腾科技,0.38,341447868.18,8.9819851682,-41.1238,33246445.95,-59.85,-88.1082,16.371774442158,2.3,-1.503340350673,42.8137464173,专用设备,2024-10-29,2023-09-30
688395,正弦电气,0.52,293912505.29,9.8667469086,-12.0852,44887794.29,5.93,-37.3012,8.339363976977,6.42,0.166924974884,32.3935639915,自动化设备,2024-10-29,2023-09-30
688389,普门科技,0.48,809131781.02,20.1493346578,-10.671,204912309.39,33.87,51.6934,3.835272073038,13.19,0.290054403759,66.4136240641,医疗器械,2024-10-29,2023-09-30
688388,嘉元科技,0.07,3705861867.2,12.9426344423,48.8478,31319916.31,-92.84,164.6231,16.442307182221,0.43,1.136315891903,5.9806807229,电池,2024-10-29,2023-09-30
688362,甬矽电子,-0.29,1631106570.3,-4.864928715,16.1853,-119948178.46,-158.24,-41.4082,5.921243293406,-4.79,1.049365396752,14.0662493149,半导体,2024-10-29,2023-09-30
688345,博力威,0.28,1771308057.03,2.9864063644,-37.3353,27650088.59,-77.31,-117.8666,12.2609959099,2.26,-0.8977478829,16.5411196284,电池,2024-10-29,2023-09-30
688343,云天励飞,-0.92,227261528.8,-11.3697601146,-11.8929,-298347090.92,11.7493348765,26.9909,12.488346549041,-8.95,-1.073475432662,32.465511171,IT服务Ⅱ,2024-10-29,2023-09-30
688337,普源精电,0.38,472752885.73,14.1024642459,4.7181,68062102.57,35.75,-3.8604,15.841810575125,2.65,0.003320778952,56.5078136218,通用设备,2024-10-29,2023-09-30
688328,深科达,-0.74,472997758.75,3.2347411513,-67.3484,-59680082.45,-825.76,-674.3663,8.363720362595,-6.07,-1.232836982108,32.8955365077,专用设备,2024-10-29,2023-09-30
688314,康拓医疗,0.79,206601313.31,15.7558425,1.4058,64346824.69,-0.85,27.3583,7.097619007983,11.52,0.796936539063,81.1109916027,医疗器械,2024-10-29,2023-09-30
688311,盟升电子,0.1,274262360.71,17.7401150544,-79.2746,11556989.23,16.75,-138.5995,10.887958901699,0.66,-0.739908273547,51.9806892863,军工电子Ⅱ,2024-10-29,2023-09-30
688307,中润光学,0.15,235060125.61,-13.9937026492,-35.7158,12878793.65,-46.96,-30.5761,9.239438399659,1.81,1.109573174773,34.2862368515,光学光电子,2024-10-29,2023-09-30
688299,长阳科技,0.26,927068372.14,9.4939080619,16.2625,74854708.92,-32.79,-60.5841,7.36846974838,3.57,0.272944206217,27.1482962879,光学光电子,2024-10-29,2023-09-30
688282,理工导航,0.05,14390452.91,-92.5073449814,1241.0208,4483942.84,-92.05,-392.3185,16.662808823864,0.3,0.019926283864,7.4807129889,航天装备Ⅱ,2024-10-29,2023-09-30
688279,峰岹科技,1.34,281567818.92,20.4830828334,13.6252,124006650.84,6.98,-5.8236,25.366166639311,5.39,0.714212925404,53.3451037005,半导体,2024-10-29,2023-09-30
688273,麦澜德,0.8445,290455860.55,-2.6360032494,-9.6804,84737526.88,-13.62,-2.1251,13.58636068545,6.18,0.762535280759,70.5421907418,医疗器械,2024-10-29,2023-09-30
688269,凯立新材,0.75,1339914386.76,3.1064482677,-22.0572,97697786.01,-44.21,-86.8437,7.451316068751,9.99,0.359588469289,13.3461320512,化学制品,2024-10-29,2023-09-30
688259,创耀科技,0.5,454294074.09,-32.7691442633,3.2007,40023673.36,-43.79,-68.5058,18.745385168375,2.68,0.686464783875,29.554975829,半导体,2024-10-29,2023-09-30
688251,井松智能,0.09,362792830.09,46.5308556947,-58.0128,7787373.31,-66.9,-103.2384,13.025407316602,1.01,-0.591659944299,22.0615195841,IT服务Ⅱ,2024-10-29,2023-09-30
688249,晶合集成,0.02,5016880793.1,-40.9254438918,8.9002,31990094.02,-99.05,-73.6536,11.414763535017,0.17,-0.1155820463,18.6199344191,半导体,2024-10-29,2023-09-30
688231,隆达股份,0.32,900486162.65,25.602479516,-11.6349,79876727.62,11.15,-29.8192,11.333749546271,2.83,-0.963467997076,16.2224551991,金属新材料,2024-10-29,2023-09-30
688230,芯导科技,0.55,223645135.32,-14.5785130096,20.015,64219398.02,-36.61,16.1243,18.644776542262,2.93,0.413720787245,34.197926908,半导体,2024-10-29,2023-09-30
688226,威腾电气,0.54,2007662219.48,78.8462697725,61.3396,84763719.36,68.23,83.2843,6.322294150385,8.91,-2.325514405962,17.4702465936,电网设备,2024-10-29,2023-09-30
688216,气派科技,-0.96,405488460.57,-0.5234234264,4.497,-101116515.63,-325.4288207432,11.4806,7.285112582102,-12.15,-0.002761590853,-13.4539831499,半导体,2024-10-29,2023-09-30
688215,瑞晟智能,0.19,249352225.58,26.0809242825,-21.1233,7580693.2,-13.57,-83.3348,11.222364968531,1.71,-0.520769807193,33.6077923247,自动化设备,2024-10-29,2023-09-30
688209,英集芯,0.04,842919047.33,37.9360354604,10.9139,15738286.59,-86.44,-20.0217,4.158681571167,0.89,0.184873314452,30.3782401491,半导体,2024-10-29,2023-09-30
688205,德科立,0.57,548804090.88,-3.4844124087,-2.0756,66318413.82,-19.33,-28.6099,21.484886870755,3.41,-0.198909352248,27.9227176194,通信设备,2024-10-29,2023-09-30
688203,海正生材,0.18,550050125.01,14.8846346311,13.4843,37290204.22,-11.3,12.4867,7.277437625368,2.55,0.59858153488,14.1209808322,塑料,2024-10-29,2023-09-30
688200,华峰测控,1.46,518732953.94,-33.3350364466,-24.3546,197056041.97,-48.35,-58.6732,24.290661922802,6.13,1.610419015842,71.4327325371,半导体,2024-10-29,2023-09-30
688199,久日新材,-0.53,892078822.41,-19.7523608782,9.7174,-57157396.13,-154.04,-45.2568,23.880848832206,-2.12,0.174039792748,8.1186212104,化学制品,2024-10-29,2023-09-30
688196,卓越新能,1.28,2537971941.42,-29.9877113283,-24.0396,153050414.48,-64.42,-98.3296,22.923800822417,5.55,0.96004944725,8.3224389326,化学制品,2024-10-29,2023-09-30
688183,生益电子,-0.02,2391094324.06,-10.6360018153,-3.8512,-17646890.89,-107.4801885009,-300.4384,4.728574863498,-0.44,0.431394305886,16.222605542,元件,2024-10-29,2023-09-30
688182,灿勤科技,0.07,262684427.42,5.3194878841,-36.4615,29746038.89,-52.14,-29.0101,5.29145451925,1.41,0.05830445015,26.7748186982,通信设备,2024-10-29,2023-09-30
688175,高凌信息,0.2,190431106.6,-30.9824238848,-82.7724,18287854.19,-56.31,-124.2986,19.834221178074,0.99,0.079256897419,56.9390542154,军工电子Ⅱ,2024-10-29,2023-09-30
688129,东来技术,0.24,359506014.9,34.2230037969,34.9781,28582954.05,33.5,342.2613,7.020407453178,3.37,-0.201810717985,31.2609157461,化学制品,2024-10-29,2023-09-30
688128,中国电研,0.71,2945590664.71,16.6651936199,11.4917,287279653.04,11.88,-16.5771,6.913736463881,10.42,-0.068225878072,30.9896568677,专用设备,2024-10-29,2023-09-30
688123,聚辰股份,0.52,501692026.92,-30.0909033305,6.3672,82416259.68,-68.1,-55.2031,12.238385131974,4.25,0.279479322004,46.1828851402,半导体,2024-10-29,2023-09-30
688117,圣诺生物,0.31,291226325.99,11.8243839694,27.1621,34796237.25,-10.79,139.5356,7.514535548839,4.17,0.276300896429,62.9973639252,生物制品,2024-10-29,2023-09-30
688110,东芯股份,-0.33,371132731.9,-60.8400232998,13.544,-146299148.3,-153.96,-74.7456,8.37145618013,-3.82,-0.523277824496,10.890941689,半导体,2024-10-29,2023-09-30
688103,国力电子,0.54,486138206.5,1.204490533,22.5589,52005280.05,-10.8,42.5995,11.2422420511,5.0,0.042592459407,39.4830783641,其他电子Ⅱ,2024-10-29,2023-09-30
688099,晶晨股份,0.76,3857699056.15,-12.3246827981,14.605,313747630.4,-53.88,-16.3593,13.10747381965,6.06,1.222866307884,35.3643630056,半导体,2024-10-29,2023-09-30
688091,上海谊众,0.83,279201375.63,67.8665089518,-27.0844,130623890.97,25.4,-45.9825,9.017739244286,9.43,0.396311669493,93.2267906964,化学制药,2024-10-29,2023-09-30
688089,嘉必优,0.36,324828476.58,18.8783323193,13.5759,60414285.96,-22.41,24.4763,8.660267652401,4.18,0.149568464204,41.1770321581,化学制品,2024-10-29,2023-09-30
688085,三友医疗,0.27,358927163.1,-25.4615837818,-36.81,66288466.76,-46.81,-88.0735,7.594599704408,3.55,0.673604659962,80.0565081501,医疗器械,2024-10-29,2023-09-30
688083,中望软件,0.03,465269020.04,33.0677937622,18.4313,4146643.72,121.7863895556,-66.8235,21.807668262805,0.15,-0.999403020181,97.5025636547,软件开发,2024-10-29,2023-09-30
688078,龙软科技,0.89,251891840.28,18.225400258,31.318,63787291.56,25.14,1.6265,9.685687847992,9.56,-0.431854760094,56.7360298695,软件开发,2024-10-29,2023-09-30
688077,大地熊,-0.3,1036156525.78,-33.3811617772,14.0101,-34358856.17,-124.36,1.8904,9.740118853082,-1.22,1.532397856913,10.9501444412,金属新材料,2024-10-29,2023-09-30
688072,拓荆科技,0.98,1702507007.62,71.7061252855,16.2079,271018657.69,71.71,106.7164,21.789440654031,6.95,-7.282525783405,50.3465579133,半导体,2024-10-29,2023-09-30
688069,德林海,-0.17,152067548.85,-48.848258565,-37.7822,-18893178.86,-133.5,-238.5274,12.289226267207,-1.29,-0.685737558397,39.8563869204,环境治理,2024-10-29,2023-09-30
688056,莱伯泰科,0.4,299949773.52,20.447412719,4.0428,26660681.4,-22.77,-61.5247,12.627799678894,3.18,0.23450314651,44.5739402604,通用设备,2024-10-29,2023-09-30
688052,纳芯微,-1.77,1000816285.83,-21.5746836524,9.6853,-250862305.57,-203.65,10.4473,44.142532642207,-3.81,-1.957131016161,41.0663735012,半导体,2024-10-29,2023-09-30
688045,必易微,-0.21,422639295.57,5.4181976931,-28.543,-14336183.94,-140.73,-531.0408,19.824305114232,-1.05,-0.810108197173,23.7708694963,半导体,2024-10-29,2023-09-30
688036,传音控股,4.83,43022283145.66,19.399794272,14.1975,3884209258.51,72.01,13.0028,23.061730576549,22.51,14.119064340118,23.9172571173,消费电子,2024-10-29,2023-09-30
688028,沃尔德,0.4866,422683742.98,56.0836756353,32.0014,74507680.49,119.81,34.8446,12.331934679945,3.93,0.33227992299,44.804766061,通用设备,2024-10-29,2023-09-30
605580,恒盛能源,0.35,558266318.09,-10.1207287389,-4.1906,99194104.5,4.35,37.1229,3.090237394071,11.26,0.648473085357,25.5060521987,电力,2024-10-29,2023-09-30
605577,龙版传媒,0.804,1641929302.75,14.6226714714,280.6998,357354929.06,26.26,1807.5101,8.396369372127,9.98,0.611460283118,44.3760224231,出版,2024-10-29,2023-09-30
605567,春雪食品,0.105,2096309015.0,14.8139659897,4.6532,20990747.53,-73.02,36.9948,5.60563903685,1.81,0.78362151445,7.1009756269,食品加工,2024-10-29,2023-09-30
605555,德昌股份,0.71,2128461093.81,38.7591135609,1.0968,263380338.34,0.18,-28.9576,7.192256080662,10.1,0.875297688452,18.3278891413,小家电,2024-10-29,2023-09-30
605500,森林包装,0.23,1680947397.13,-17.3376431701,-0.6368,94177675.77,-16.48,64.0259,5.770910798576,3.98,0.253054788514,11.1661563878,造纸,2024-10-29,2023-09-30
605378,野马电池,0.57,764691179.04,-5.6344597343,52.5932,76509442.44,4.12,48.6464,8.992273389831,6.41,0.365815771261,19.6531550983,电池,2024-10-29,2023-09-30
605377,华旺科技,0.86,2983933742.35,19.8627442413,18.5481,396844395.37,20.02,25.2687,11.560111804628,10.63,-0.133652719465,18.0323508131,造纸,2024-10-29,2023-09-30
605358,立昂微,0.27,2012799550.27,-11.6604100894,-5.5517,185384551.31,-71.1,-91.5699,11.617105968296,2.28,0.822686332908,26.040241098,半导体,2024-10-29,2023-09-30
605337,李子园,0.48,1069097936.67,0.7163912848,3.5129,189056528.87,21.87,-27.6095,4.631854055342,10.52,0.862719342627,36.3793164386,饮料乳品,2024-10-29,2023-09-30
605333,沪光股份,-0.05,2367014703.76,1.7066609667,26.0522,-22713908.85,-235.64,213.6429,3.353976249789,-1.54,0.192872090539,11.7778871203,汽车零部件,2024-10-29,2023-09-30
605299,舒华体育,0.14,917550621.2,-1.312255534,-4.3118,56881825.88,-10.39,-52.5044,3.017932296845,4.48,0.196482846437,29.1176336909,文娱用品,2024-10-29,2023-09-30
605296,神农集团,-0.42,2869484621.76,38.4758000114,43.0274,-217118154.61,-781.03,129.5668,8.332375277847,-4.79,-0.046278627412,5.1038949364,养殖业,2024-10-29,2023-09-30
605268,王力安防,0.22,1910174714.09,20.2643997676,8.6202,95473442.69,731.11,39.9341,3.781882832766,5.71,0.379116780659,27.1167693792,家居用品,2024-10-29,2023-09-30
605258,协和电子,0.2987,520641702.29,1.1221439652,2.7557,26287027.73,-23.42,-46.4406,13.172935187955,2.28,0.416531545227,20.478216067,元件,2024-10-29,2023-09-30
605208,永茂泰,0.07,2508729153.17,-6.0593215113,21.3583,28227910.54,-54.82,44.0728,6.359232319573,1.35,0.145829935443,7.3105174175,工业金属,2024-10-29,2023-09-30
605196,华通线缆,0.57,4070398424.47,7.1452181761,-16.5709,289686057.56,71.84,-48.6984,5.437933156715,11.05,1.008306350165,17.2865884725,电网设备,2024-10-29,2023-09-30
605189,富春染织,0.53,1811858592.66,12.0179340587,11.0631,71739191.84,-48.74,39.8392,11.173427053183,4.06,0.605059347985,11.5559853969,纺织制造,2024-10-29,2023-09-30
605188,国光连锁,0.02,1815941073.83,5.8746005361,12.2081,11732593.56,-42.32,24.1764,2.242471854131,1.06,0.486711509887,25.002859534,一般零售,2024-10-29,2023-09-30
605166,聚合顺,0.48,4377566794.55,-9.1538604938,7.2562,150162789.64,-26.47,-0.3895,5.186950197543,9.29,0.618704405217,6.8905620953,化学纤维,2024-10-29,2023-09-30
605138,盛泰集团,0.23,3598647303.77,-17.2780753676,-15.4319,127572699.34,-59.31,-96.8177,4.620221307902,4.86,0.849941647028,15.414579618,服装家纺,2024-10-29,2023-09-30
605111,新洁能,0.52,1104263585.81,-16.7911823001,-10.1428,214892832.62,-36.37,-18.6067,11.960079512864,6.2,0.843872210022,30.4087816872,半导体,2024-10-29,2023-09-30
605011,杭州热电,0.4,2283976432.61,-14.2798104738,2.5333,161878610.92,-2.08,-15.8557,5.333783693427,7.75,0.889612185929,12.7258486686,电力,2024-10-29,2023-09-30
603998,方盛制药,0.33,1214912885.84,-10.5125508445,-14.0417,141998422.1,-45.27,-17.8077,3.234422678724,9.72,-0.026169735496,69.1315899048,中药Ⅱ,2024-10-29,2023-09-30
603993,洛阳钼业,0.11,131682242978.12,-0.5935576221,5.9215,2443115073.41,-53.96,350.7429,2.472710963103,4.58,0.467598890305,7.0235446691,工业金属,2024-10-29,2023-09-30
603987,康德莱,0.42,1874711504.52,-21.8341544544,0.244,186684581.17,-27.05,9.5045,5.302766154413,8.03,0.585596691945,32.6197015613,医疗器械,2024-10-29,2023-09-30
603985,恒润股份,0.1317,1246997931.95,-8.0801160108,-3.1655,58061775.38,2.51,-89.4299,7.797088619462,1.7,-0.356321649649,12.9112674877,风电设备,2024-10-29,2023-09-30
603979,金诚信,1.18,5311559899.89,37.0759899564,12.7246,710021363.99,60.7,41.4711,11.26094998692,10.83,0.911523683085,29.6575887863,工业金属,2024-10-29,2023-09-30
603978,深圳新星,-0.39,1102377410.63,0.1425463783,19.8131,-64955107.38,-401.66,55.2253,9.353227060773,-3.82,-0.60612382371,6.445289102,金属新材料,2024-10-29,2023-09-30
603970,中农立华,0.6765,8365559155.6,-13.6186599193,-47.2312,181833979.34,7.69,-70.0409,5.236522211741,13.19,-5.426908678996,6.582742415,农化制品,2024-10-29,2023-09-30
603966,法兰泰克,0.385,1445052408.66,9.1658350891,-4.8873,138647938.0,-11.83,-15.7406,4.059913783074,9.45,0.412723006535,23.8818343032,专用设备,2024-10-29,2023-09-30
603949,雪龙集团,0.25,280535929.54,32.8179949929,-2.6812,53043062.96,46.04,8.1245,4.75255822676,5.3,0.28840891083,37.6760631386,汽车零部件,2024-10-29,2023-09-30
603938,三孚股份,0.46,1642772857.43,-19.9874636848,-18.5547,174514720.87,-71.98,-129.9072,6.22675071518,7.49,0.845925747326,25.2177258028,化学原料,2024-10-29,2023-09-30
603937,丽岛新材,0.27,1144275189.44,-5.8594027198,3.2778,55987143.08,-32.39,-6.1756,7.661229087514,3.53,0.263913443365,10.7356207924,工业金属,2024-10-29,2023-09-30
603933,睿能科技,0.2213,1396449256.18,-16.0239140876,-10.1508,46184167.7,-11.15,-93.5897,6.108377916727,3.65,0.598980356395,22.9895635426,其他电子Ⅱ,2024-10-29,2023-09-30
603927,中科软,0.45,3920597493.34,0.739125467,-4.7745,370052031.86,21.34,-13.8132,5.020716606452,12.78,-1.844375906907,34.2746032714,软件开发,2024-10-29,2023-09-30
603926,铁流股份,0.35,1612103593.96,3.0506898935,-9.0267,79345184.5,14.2,-43.6556,7.158713490812,4.92,0.872451723542,17.7919534473,汽车零部件,2024-10-29,2023-09-30
603920,世运电路,0.7,3348846049.99,0.1843141662,5.476,374437688.96,25.61,47.5927,5.560453319674,11.63,1.757746990813,20.0859850059,元件,2024-10-29,2023-09-30
603912,佳力图,0.05,384948654.56,-6.5032012699,26.9711,20227164.0,-3.35,-81.6061,3.378190786993,1.27,-0.189329324813,27.139114415,通用设备,2024-10-29,2023-09-30
603896,寿仙谷,0.71,542632310.78,6.8921500334,3.5123,139360766.88,7.09,77.8261,9.853871095079,7.0,0.965366623082,82.5926348351,中药Ⅱ,2024-10-29,2023-09-30
603895,天永智能,0.08,514151771.8,12.2775143911,1.094,8216069.65,62.66,229.3196,4.439684223168,1.73,-1.33333711658,20.4578176657,专用设备,2024-10-29,2023-09-30
603888,新华网,0.283,1222288365.43,6.6662240964,-17.242,146869146.64,10.64,-60.0029,6.382241219899,4.39,-0.091509188729,30.8404505714,数字媒体,2024-10-29,2023-09-30
603878,武进不锈,0.49,2720446630.73,33.4576130801,-7.0655,272971815.38,90.64,-20.1879,4.854753632665,10.37,-0.03610931481,16.7805452532,普钢,2024-10-29,2023-09-30
603866,桃李面包,0.2871,5066233482.31,0.7691198908,7.4677,459306721.58,-6.24,9.598,3.105276842716,9.25,0.409254901352,23.3020270424,休闲食品,2024-10-29,2023-09-30
603859,能科科技,0.67,1084837675.08,34.0452097095,-16.3888,165401141.0,51.49,5.2151,16.012049300631,6.44,0.847078479737,49.6940023198,IT服务Ⅱ,2024-10-29,2023-09-30
603858,步长制药,0.8364,9983222406.98,-11.6897881394,-12.1178,925143634.85,-26.97,-38.4585,11.053312475415,7.42,-0.372319314822,68.6602701562,中药Ⅱ,2024-10-29,2023-09-30
603856,东宏股份,0.6,2125883461.97,2.1452551067,-35.6446,153786516.98,1.75,-89.0046,8.683430336675,7.07,0.351792075223,20.2022898133,装修建材,2024-10-29,2023-09-30
603848,好太太,0.59,1116002147.41,10.7075617965,-10.2163,238351381.91,38.33,-13.6709,5.495333517706,11.15,0.81084159409,50.4822127428,家居用品,2024-10-29,2023-09-30
603836,海程邦达,0.42,4492573721.76,-56.5703619434,13.8419,85095482.37,-65.88,-63.4217,8.328375357298,4.92,1.033703897932,7.1234606691,物流,2024-10-29,2023-09-30
603833,欧派家居,3.79,16564548409.73,1.8184467172,7.1416,2309773258.47,16.04,20.1123,28.045635881177,14.84,6.169682163314,33.9908893556,家居用品,2024-10-29,2023-09-30
603811,诚意药业,0.35,459487529.22,-3.513912792,-19.8821,113947162.02,11.13,-54.0839,3.493283906274,10.18,0.380718397576,63.7331491123,化学制药,2024-10-29,2023-09-30
603786,科博达,1.13,3193626800.26,31.9498145873,17.6216,455247876.91,25.91,25.0016,11.121587824572,10.46,0.981924248597,30.7859400303,汽车零部件,2024-10-29,2023-09-30
603773,沃格光电,-0.1197,1251264756.02,16.7260454708,11.6751,-20488464.52,40.6741862016,25.9386,7.925572575341,-1.5,0.925380302514,19.2680981679,光学光电子,2024-10-29,2023-09-30
603766,隆鑫通用,0.3851,9364026103.38,-1.4600967151,4.465,790730863.33,-0.41,-8.7295,4.119566920708,9.69,0.912882356934,18.4597449676,摩托车及其他,2024-10-29,2023-09-30
603758,秦安股份,0.49,1213355224.46,41.9800049873,21.8845,205585755.65,99.76,14.681,5.749219710705,8.1,0.246066204834,27.6504905288,汽车零部件,2024-10-29,2023-09-30
603757,大元泵业,1.5,1417007265.59,21.0872854543,-5.3092,249144871.36,46.83,-23.0967,9.525020236627,15.42,1.831884996589,32.7698159096,通用设备,2024-10-29,2023-09-30
603755,日辰股份,0.42,265907654.73,14.0284074317,24.5669,41592622.27,0.27,35.2734,7.23572843265,5.93,0.437249860595,39.1691843605,调味发酵品Ⅱ,2024-10-29,2023-09-30
603739,蔚蓝生物,0.22,879639817.46,6.0555815137,7.808,55323058.81,2.05,14.0937,6.685842311486,3.35,0.178721000987,44.3399168931,化学制品,2024-10-29,2023-09-30
603728,鸣志电器,0.2009,1916132801.48,-9.8045101922,-7.0523,83948368.55,-47.53,47.4415,6.677899704523,3.05,0.342298889436,36.6891060524,电机Ⅱ,2024-10-29,2023-09-30
603716,塞力医疗,-0.02,1529479856.0,-13.2208959485,-8.5005,-3814605.05,23.9272286671,-132.5164,6.385270604503,-0.29,0.491670851233,20.5958810555,医药商业,2024-10-29,2023-09-30
603706,东方环宇,0.56,746681587.26,17.2876143892,-15.015,105160076.37,15.12,-75.4513,8.211321883897,6.69,0.736400805831,24.645764461,燃气Ⅱ,2024-10-29,2023-09-30
603678,火炬电子,0.64,2713974813.58,-4.3159217836,21.3478,292036208.69,-59.32,-69.8743,11.605429889186,5.45,0.87498808366,31.5848457149,军工电子Ⅱ,2024-10-29,2023-09-30
603676,卫信康,0.49,1061176965.59,-0.5603692272,-21.8679,210240435.45,39.24,3.3693,3.089076793742,15.97,0.372233637994,50.1080670503,化学制药,2024-10-29,2023-09-30
603668,天马科技,-0.2,5299386377.61,-0.2370689098,8.7095,-86009353.69,-135.68,-71.6413,4.626346907683,-4.28,0.012370575801,8.254588385,饲料,2024-10-29,2023-09-30
603667,五洲新春,0.37,2517110578.67,0.1948952915,-15.3463,122765664.77,-13.52,-7.4191,7.820993764759,4.99,0.469615210246,15.8441657589,通用设备,2024-10-29,2023-09-30
603639,海利尔,1.3,3707271408.11,-2.5056515352,-27.1477,442221155.56,2.7,-37.6147,9.849057104225,13.53,1.702147052824,31.0990229123,农化制品,2024-10-29,2023-09-30
603607,京华激光,0.33,486156191.86,-23.900457494,23.9705,58220803.03,-39.26,127.2489,5.460427198224,5.79,0.473234913297,32.7700715567,包装印刷,2024-10-29,2023-09-30
603599,广信股份,1.45,5090960006.79,-23.0432357562,-28.5499,1323423269.88,-28.48,-40.096,10.284711033114,14.29,1.345366431065,37.6152998269,农化制品,2024-10-29,2023-09-30
603589,口子窖,2.25,4445554753.12,18.1752962276,16.0663,1348477559.14,12.22,60.4398,15.587907472717,14.69,0.694388006933,75.2234156015,白酒Ⅱ,2024-10-29,2023-09-30
603585,苏利股份,0.2,1482057994.45,-39.1270456342,-3.3751,36284812.21,-86.31,-121.8594,13.233309984769,1.4,1.360721061708,15.0269568643,农化制品,2024-10-29,2023-09-30
603583,捷昌驱动,0.49,2101379181.53,-1.5404255682,3.9285,188434020.65,-34.23,43.3405,10.652501807911,4.69,0.787661983497,27.5541186588,自动化设备,2024-10-29,2023-09-30
603551,奥普科技,0.53,1371130572.79,7.5976999311,-1.3194,204266242.23,32.98,-7.6671,3.661998994847,13.09,0.559666804829,46.0800325686,厨卫电器,2024-10-29,2023-09-30
603508,思维列控,0.64,731469611.83,18.4821255273,-18.1083,244592212.95,25.91,-14.2459,11.501739663901,5.59,0.519422701411,59.4141657646,计算机设备,2024-10-29,2023-09-30
603505,金石资源,0.41,1154558155.82,76.7963864405,52.4901,246180869.15,61.14,30.35,2.522332607033,17.02,0.335526598412,42.4248066172,化学制品,2024-10-29,2023-09-30
603439,三力制药,0.39,969505205.34,36.5235124612,20.292,157966020.66,52.42,23.9205,3.329429749484,12.13,0.443911918634,73.5683911331,中药Ⅱ,2024-10-29,2023-09-30
603383,顶点软件,0.59,457207859.4,17.763245389,17.7283,119948748.95,63.31,46.3915,7.972195158577,8.48,-0.49553123807,70.5172095189,软件开发,2024-10-29,2023-09-30
603379,三美股份,0.39,2608954143.17,-30.7628822412,-8.9675,238033015.06,-48.45,-1.2741,9.584645730776,4.14,0.698761070284,12.4198323649,化学制品,2024-10-29,2023-09-30
603367,辰欣药业,0.86,3209858058.38,10.2348667169,-8.7679,390446788.08,33.56,16.6138,12.307289416685,7.06,0.818891365239,57.0482867808,化学制药,2024-10-29,2023-09-30
603366,日出东方,0.2114,3488618076.37,29.377259182,20.1471,169869333.27,1114.33,-25.2933,4.835501779694,4.42,0.252381175403,27.9210287282,厨卫电器,2024-10-29,2023-09-30
603365,水星家纺,0.96,2753744517.07,10.2494931967,-2.1242,252045143.43,38.09,-4.1629,10.665204746644,9.0,0.923393923585,40.0508062278,服装家纺,2024-10-29,2023-09-30
603355,莱克电气,1.44,6471338033.15,-3.9556440287,17.2142,828341352.26,-3.1,-43.1166,6.890476692425,18.57,1.094265792235,26.0172920734,小家电,2024-10-29,2023-09-30
603348,文灿股份,0.19,3820163020.2,-1.7527036617,-2.388,49699985.43,-80.78,214.7284,11.901999661693,1.59,1.626845617919,14.6892781358,汽车零部件,2024-10-29,2023-09-30
603345,安井食品,3.83,10271047112.32,25.9343822739,-8.8269,1121687415.66,62.69,3.4452,41.928718961954,9.32,4.09798322505,22.057197573,食品加工,2024-10-29,2023-09-30
603337,杰克科技,0.85,4099937608.74,-6.7028200163,13.3394,412385460.73,-2.71,-10.5162,8.988353439525,9.44,1.796005099292,28.5482176249,专用设备,2024-10-29,2023-09-30
603336,宏辉果蔬,0.06,758146939.69,-0.9865007732,23.7967,33228585.91,-35.03,-26.821,1.957927911229,2.88,0.112427254905,9.331385909,种植业,2024-10-29,2023-09-30
603335,迪生力,-0.21,1391333705.7,7.4287391218,11.0234,-89737559.88,-2363.67,2.9869,1.06152784328,-18.48,-0.023967431517,4.7537767574,汽车零部件,2024-10-29,2023-09-30
603332,苏州龙杰,-0.06,1092501693.0,35.7285879536,24.9878,-13842544.08,67.1280161744,187.4096,5.689535810968,-1.1,-0.235710410864,3.0041398517,化学纤维,2024-10-29,2023-09-30
603331,百达精工,0.5,1101038365.38,12.5125717884,-11.7992,96889877.75,51.47,-16.4419,6.239735067312,8.49,0.521957285819,24.2539628815,通用设备,2024-10-29,2023-09-30
603330,天洋新材,-0.05,1001471684.81,-6.7118716639,42.4585,-22681130.52,-186.04,-922.875,4.362514613988,-1.25,0.033143901583,12.4469714402,塑料,2024-10-29,2023-09-30
603325,博隆技术,3.5453,760061355.76,24.0394185693,46.5509,177262724.64,21.51,130.2976,20.7694061834,,8.3466943232,32.3561618422,专用设备,2024-10-29,2023-09-30
603321,梅轮电梯,0.21,713009115.01,-11.9845793593,-25.9862,62993375.97,36.94,-7.611,3.825696090749,5.42,0.307587618958,28.2000081973,专用设备,2024-10-29,2023-09-30
603319,美湖股份,0.73,1359468812.97,13.1582507877,3.7384,152461464.35,44.54,35.3042,7.980050650931,9.31,0.795136767885,27.8951626894,汽车零部件,2024-10-29,2023-09-30
603318,水发燃气,0.12,2368364038.1,0.2038992692,5.2892,53363943.92,19.89,-32.3446,3.549753444415,3.31,0.642316605985,14.333108762,燃气Ⅱ,2024-10-29,2023-09-30
603312,西典新能,1.18,1354924991.97,26.6063060246,7.717,143370473.42,23.53,32.3326,4.83879405429,27.94,0.730766400165,18.2190768141,电网设备,2024-10-29,2023-09-30
603300,海南华铁,0.29,3214928895.38,38.347427968,16.4649,562351292.6,29.61,28.4571,2.679835180841,11.48,0.635100555232,46.6195108615,多元金融,2024-10-29,2023-09-30
603297,永新光学,1.57,610644660.29,0.4715218337,8.5463,173757453.96,-12.64,-15.5219,15.901299004659,10.16,1.465878592928,39.5618683598,光学光电子,2024-10-29,2023-09-30
603296,华勤技术,2.1476,64884882109.57,-8.9237696619,10.0927,1983994155.33,18.83,1.5115,27.711489159173,14.17,2.344504176258,11.3514342487,消费电子,2024-10-29,2023-09-30
603288,海天味业,0.78,18650165497.1,-2.3259968282,-5.0119,4328680138.35,-7.25,-10.7332,4.942390544903,16.07,0.621544101405,35.4945802156,调味发酵品Ⅱ,2024-10-29,2023-09-30
603286,日盈电子,0.07,596836639.94,12.8317306346,8.9844,6100631.89,271.2128903487,-10.15,9.714883485513,1.32,0.208087988442,16.1178538753,汽车零部件,2024-10-29,2023-09-30
603285,键邦股份,1.24,516966842.99,,-6.5362,148719897.28,,-11.4342,,,,37.6182378922,化学制品,2024-10-29,2023-09-30
603282,亚光股份,1.06,759108812.47,32.4973250427,1.8728,130367273.89,37.86,41.5911,8.9038898081,13.22,-0.281417836945,33.0054280854,环保设备Ⅱ,2024-10-29,2023-09-30
603279,景津装备,1.31,4647930556.94,12.360240013,0.3052,739629875.99,25.9,-1.7843,7.390589067899,17.5,0.172363973168,32.7314149528,通用设备,2024-10-29,2023-09-30
603277,银都股份,0.97,2056557060.3,-2.9250561436,-1.3044,406722670.9,9.76,-19.828,6.421139911161,15.27,1.522296303845,39.9744655439,通用设备,2024-10-29,2023-09-30
603276,恒兴新材,0.4,461954165.59,-11.2578942011,-13.4138,63042033.99,-16.37,-31.7899,10.899091949375,5.01,0.241401314875,25.549701579,化学制品,2024-10-29,2023-09-30
603273,天元智能,0.28,610802714.45,-9.5601273775,-8.323,45394723.94,9.57,-28.9291,2.44336516577,12.31,0.167692049834,15.1793290856,工程机械,2024-10-29,2023-09-30
603261,立航科技,0.02,129279497.31,-3.987731045,-54.8129,1872767.04,-85.04,-86.2133,11.166922522373,0.21,-1.586989050427,40.0397383631,航空装备Ⅱ,2024-10-29,2023-09-30
603259,药明康德,2.75,29541326133.58,4.0386759677,7.6961,8076407160.91,9.47,-12.1369,17.377107966262,16.19,3.475238748942,41.2981425041,医疗服务,2024-10-29,2023-09-30
603255,鼎际得,0.36,586520880.72,-11.1086775455,12.8289,48279482.13,-43.82,-61.4914,11.75610235639,3.14,0.667994443436,21.8057814247,化学制品,2024-10-29,2023-09-30
603238,诺邦股份,0.31,1349630752.31,22.6754231832,5.164,54257384.34,78.24,17.5437,7.491623886338,4.13,0.716398884845,17.0206776644,个护用品,2024-10-29,2023-09-30
603227,雪峰科技,0.719,5389709176.63,-4.5369325324,-7.5426,736955920.45,12.63,-13.2258,4.078361110654,18.87,0.592705881854,24.1089169728,化学制品,2024-10-29,2023-09-30
603225,新凤鸣,0.59,44199547402.07,16.4883838222,2.1898,886680579.73,212.19,40.6018,10.676374199414,5.49,0.397315283106,6.3512936055,化学纤维,2024-10-29,2023-09-30
603223,恒通股份,0.14,2965131909.62,-19.1020310502,4.0251,98276044.45,76.17,-15.9486,5.261951000313,2.65,0.203655910807,5.2428715514,炼化及贸易,2024-10-29,2023-09-30
603221,爱丽家居,0.13,788981756.99,25.9577308758,25.6458,31520186.55,211.7730313365,130.8869,5.960699334333,2.24,0.315575726667,16.9449064488,家居用品,2024-10-29,2023-09-30
603207,小方制药,1.4,367014216.77,,-21.6159,168527959.91,,-19.1336,,,,65.9101309914,化学制药,2024-10-29,2023-09-30
603199,九华旅游,1.3715,561653236.33,118.440235772,-3.5225,151795294.17,15250.0,-18.2884,12.607206065595,11.5,2.231541595681,51.0375632077,旅游及景区,2024-10-29,2023-09-30
603189,*ST网达,-0.19,213803391.59,-11.5936143294,-17.4392,-51495818.47,-209.49,25.9999,5.934100658543,-3.04,0.00456967121,20.5530393195,软件开发,2024-10-29,2023-09-30
603176,汇通集团,0.06,1980607820.15,6.6016333131,-31.4201,29120616.85,-47.39,-105.1862,2.200242670752,2.7,0.146797109325,16.8229523084,基础建设,2024-10-29,2023-09-30
603173,福斯达,0.92,1501599481.15,18.0928644852,-8.9747,143310174.52,28.01,-19.3632,8.781112860313,11.27,0.934538700438,22.6557951099,专用设备,2024-10-29,2023-09-30
603161,科华控股,0.64,1908200655.94,23.6090482288,8.8988,85007157.04,282.2101904326,-52.4761,10.137675159895,6.5,1.670488715292,17.5127471275,汽车零部件,2024-10-29,2023-09-30
603151,邦基科技,0.404,1150220942.34,-3.9437941816,18.8153,67865143.73,-21.73,10.6339,7.214379060476,5.54,-0.452032926012,14.0329049975,饲料,2024-10-29,2023-09-30
603137,恒尚节能,0.73,1616919292.97,42.6425233282,9.336,84808922.47,23.98,153.1561,8.42498917111,9.93,-0.373782820832,15.0629629981,装修装饰Ⅱ,2024-10-29,2023-09-30
603131,上海沪工,0.14,669684356.24,-6.1435875234,22.5248,44142996.83,-27.57,-38.1346,4.062362738668,3.43,-0.067691885537,22.1680528994,通用设备,2024-10-29,2023-09-30
603130,云中马,0.65,1709975313.56,18.4993961575,10.6995,90894505.74,8.13,31.374,9.326020418786,7.14,-2.517203282643,11.1987646524,纺织制造,2024-10-29,2023-09-30
603106,恒银科技,-0.1211,301329474.66,-23.5849079106,-9.0425,-63014192.16,20.6617235167,-41.3404,2.710019877565,-4.37,-0.275885817605,-4.2918598835,计算机设备,2024-10-29,2023-09-30
603099,长白山,0.57,497437781.46,209.3726240307,236.2901,151646410.8,693.26,750.6856,3.961775889376,15.45,0.967035568793,50.4402199333,旅游及景区,2024-10-29,2023-09-30
603096,新经典,0.7936,656704933.61,-6.6342141091,-7.8142,128955883.25,2.32,-4.6465,12.184190908834,6.32,0.474657093011,49.2908186787,出版,2024-10-29,2023-09-30
603091,众鑫股份,2.07,961649997.15,-3.8933959896,,158379251.98,2.9175483495,,,,,31.253482292,包装印刷,2024-10-29,2023-09-30
603088,宁波精达,0.27,507091266.2,8.3235434049,-25.7964,116758717.12,14.68,-54.6134,1.550237599071,17.74,0.283882527386,44.4595586332,通用设备,2024-10-29,2023-09-30
603073,彩蝶实业,0.78,515731286.25,-5.6735914953,-8.4675,82639685.71,-2.27,-18.1376,10.909781811897,7.66,1.298368499828,24.3017349347,化学纤维,2024-10-29,2023-09-30
603071,物产环能,1.49,32762339183.18,-22.5665760981,8.3976,829097010.55,5.79,26.5763,8.846597066145,17.21,1.280764166297,5.3832446216,贸易Ⅱ,2024-10-29,2023-09-30
603069,海汽集团,-0.13,609250945.41,24.2262599333,17.6346,-42192885.08,56.95,128.206,2.959152092563,-4.4,0.098998087943,14.4343358829,铁路公路,2024-10-29,2023-09-30
603066,音飞储存,0.3185,968738900.24,33.9030704584,-44.0299,93688714.21,3.87,-63.5268,4.421112567887,7.26,-0.117277874673,19.8116325382,物流,2024-10-29,2023-09-30
603065,宿迁联盛,0.1437,1084878392.69,-22.6871757726,65.6855,58187696.97,-74.04,352.7931,4.951935076422,3.01,0.125331086746,19.8491347059,化学制品,2024-10-29,2023-09-30
603063,禾望电气,0.91,2615087631.78,49.0382819515,15.3413,401493659.85,135.92,60.0145,8.657447274963,11.07,-0.148396940056,32.9346441042,风电设备,2024-10-29,2023-09-30
603062,麦加芯彩,1.92,772491453.97,-32.49,-26.6557,155300920.43,-28.08,-26.0953,9.918368906296,21.47,-0.273983994444,34.3404413443,化学制品,2024-10-29,2023-09-30
603061,金海通,0.93,268666678.07,-20.9894017719,-2.5892,52719545.53,-57.16,-40.5915,22.779698628,4.45,-1.394330996833,49.9857748064,半导体,2024-10-29,2023-09-30
603050,科林电气,0.66,2317937403.42,56.5647640359,20.6643,179619893.42,58.27,-3.5999,6.422894109685,12.62,0.081244816841,23.0338689398,电网设备,2024-10-29,2023-09-30
603048,浙江黎明,0.2,429279359.83,13.2137053582,5.9288,29522724.4,46.95,164.8093,8.746208090005,2.27,0.452308186002,29.5178577862,汽车零部件,2024-10-29,2023-09-30
603039,泛微网络,0.04,1397614554.76,3.9532351671,-13.9678,11380035.83,-90.79,-171.57,8.012355969993,0.57,0.001806570946,93.8381290924,软件开发,2024-10-29,2023-09-30
603026,石大胜华,0.35,4399374393.98,-31.9563441582,10.2622,70190858.57,-91.86,351.5979,19.476129334814,1.78,-0.923028726515,6.9608845994,电池,2024-10-29,2023-09-30
603022,新通联,0.16,634912663.64,16.1180471566,1.0792,31763402.25,7.29,42.7951,3.7978816775,4.27,0.403070797,19.0168840558,包装印刷,2024-10-29,2023-09-30
603019,中科曙光,0.514,7758143949.52,5.0303359849,-24.0195,750275354.57,14.78,-50.3291,11.950817876187,4.32,0.575180190222,25.8754548747,计算机设备,2024-10-29,2023-09-30
603016,新宏泰,0.35,478037873.06,4.9492923344,-11.6784,51120422.02,2.83,-15.3573,5.492869561825,6.14,0.430810310205,28.8446303464,电网设备,2024-10-29,2023-09-30
603007,顺景科技,-0.1,113912399.51,-23.1244321546,83.3719,-34339775.73,35.2101111009,153.6695,0.877103176029,-11.99,-0.118566749969,21.2010759618,汽车零部件,2024-10-29,2023-09-30
601997,贵阳银行,1.17,11442517000.0,-5.1844965675,-6.2204,4260370000.0,-2.93,10.1783,15.047339886954,7.98,-3.903989882386,,银行Ⅱ,2024-10-29,2023-09-30
601996,丰林集团,0.07,1768345133.13,27.2895614352,1.2359,78725813.78,65.35,-4.9037,2.521496347594,2.76,0.225231867461,9.5437194922,家居用品,2024-10-29,2023-09-30
601958,金钼股份,0.724,8853111569.8,25.2907746571,16.641,2336791646.95,140.11,27.8613,4.522035911815,16.49,0.352835118957,47.9230407814,小金属,2024-10-29,2023-09-30
601952,苏垦农发,0.39,8620351465.08,-4.3165906626,17.5791,530647907.42,-12.1,53.5442,4.604235588948,8.23,0.736627915922,12.6244207117,种植业,2024-10-29,2023-09-30
601890,亚星锚链,0.1832,1490199223.48,39.3155649486,-8.8578,175760350.57,82.54,30.389,3.527148558005,5.26,0.083624819272,27.9558437319,航海装备Ⅱ,2024-10-29,2023-09-30
601886,江河集团,0.35,14115365605.5,14.7810895959,-3.0108,398942744.5,-11.29,-17.5181,6.030967172072,6.04,-1.069997120835,15.1754098958,装修装饰Ⅱ,2024-10-29,2023-09-30
601872,招商轮船,0.46,19022530985.27,-11.8479114602,-15.1182,3758225049.19,-2.8,-40.1215,4.453841564183,10.77,0.820020041695,25.7494723828,航运港口,2024-10-29,2023-09-30
601858,中国科传,0.37,1865360377.67,9.3816363841,-14.0836,294784053.63,5.14,-21.3917,6.212778395155,5.98,6.567362e-06,27.8232086761,出版,2024-10-29,2023-09-30
601798,蓝科高新,-0.149,816581138.39,41.7037288694,3.9978,-52701231.94,-6.7222498765,101.4909,3.871808888668,-0.038,-0.043208264438,14.3130810088,专用设备,2024-10-29,2023-09-30
601717,中创智领,1.4,27260678362.79,14.5949423023,0.3468,2467302560.09,25.76,-12.4908,10.949252388356,13.1,0.683570620367,21.4154285411,专用设备,2024-10-29,2023-09-30
601702,华峰铝业,0.66,6694013698.22,5.8363311424,16.3087,663286520.03,28.4,2.7321,4.300787030743,16.5,0.152079833808,16.3034257683,工业金属,2024-10-29,2023-09-30
601689,拓普集团,0.98,14151710323.69,27.4531493805,6.3808,1597053895.7,32.13,-21.8678,11.864826799974,12.46,2.447519347494,22.6131003928,汽车零部件,2024-10-29,2023-09-30
601677,明泰铝业,1.18,19455832584.91,-11.6434187902,4.1279,1160767348.75,-12.02,-20.2568,13.238854839482,8.99,0.268020540205,11.447682768,工业金属,2024-10-29,2023-09-30
601609,金田股份,0.27,82168573835.32,7.6290396765,-1.8185,383656942.53,-4.43,-57.9581,5.143087604049,4.99,-2.588745871224,2.1577027572,工业金属,2024-10-29,2023-09-30
601606,长城军工,0.013,941277745.14,-2.0271744893,-26.4454,9353005.23,159.21,-76.8287,3.588470903461,0.36,-0.147836344791,23.6052396009,地面兵装Ⅱ,2024-10-29,2023-09-30
601599,浙文影业,0.1,2360823930.82,3.107658553,3.6997,117769829.27,35.91,-56.9942,1.216548934354,8.7,-0.185065497445,14.7048849174,纺织制造,2024-10-29,2023-09-30
601579,会稽山,0.22,935192821.77,14.7389076264,24.076,103386025.24,3.85,2945.8563,7.602255742586,2.78,0.090543946076,43.5631511445,非白酒,2024-10-29,2023-09-30
601566,九牧王,0.17,2137870506.43,9.5721238516,17.3514,96278326.47,183.417515452,180.4256,6.667706397124,2.53,0.548307189241,63.4127662757,服装家纺,2024-10-29,2023-09-30
601512,中新集团,0.6876,2611859550.66,-15.1017123427,-28.4218,1030701711.24,-0.21,-26.5851,9.262019310737,7.53,0.942122748434,48.9593900662,房地产开发,2024-10-29,2023-09-30
601500,通用股份,0.1,3679587732.81,12.3889307049,20.7192,158612582.15,594.63,114.1958,3.42808703043,3.11,0.439209328755,13.9155093551,汽车零部件,2024-10-29,2023-09-30
601226,华电科工,0.071,3937713054.95,-28.1125803854,6.1168,82826932.76,-45.06,-86.1463,3.584221201533,1.96,-0.531027981906,14.8909834774,专业工程,2024-10-29,2023-09-30
601177,杭齿前进,0.432,1432874183.58,-16.5808047022,-4.4923,172839555.8,19.48,4.9155,5.687757414888,7.84,0.04046273379,23.5625055269,通用设备,2024-10-29,2023-09-30
601163,三角轮胎,1.32,7869623870.18,15.6530753385,-2.2694,1057451745.27,124.89,19.474,15.670382026675,8.7,1.641798784488,21.4386842044,汽车零部件,2024-10-29,2023-09-30
601133,柏诚股份,0.32,2532913062.0,28.2106622685,21.5572,149792317.69,-20.73,8.6786,5.179789575732,7.16,-0.596136435962,12.6537639171,专业工程,2024-10-29,2023-09-30
601116,三江购物,0.1908,2967081953.08,-4.4044815545,8.547,104517138.38,-2.72,-52.1719,5.729239521186,3.3048,0.655937736325,26.7920027785,一般零售,2024-10-29,2023-09-30
601113,华鼎股份,0.15,6336345375.58,17.4933554278,-8.0164,165232186.99,-55.58,-12.0401,2.977168567561,4.47,0.631376350429,18.3022099048,化学纤维,2024-10-29,2023-09-30
601101,昊华能源,,6120177707.03,-10.1512003701,3.4908,1010745503.98,-33.87,8.6704,7.823948350131,9.3,2.12592048277,52.0518690206,煤炭开采,2024-10-29,2023-09-30
601100,恒立液压,1.31,6344363521.49,7.1759452466,-6.5419,1753531759.3,0.25,-27.3352,10.157258026096,12.94,1.206769048966,40.1937325232,工程机械,2024-10-29,2023-09-30
601096,宏盛华源,0.0444,6579551736.36,1.5770130269,-8.0197,88993807.02,-31.15,-42.1358,1.579795213423,2.86,0.254215699487,7.3016463322,专业工程,2024-10-29,2023-09-30
601061,中信金属,0.33,94779412564.9,4.0063306798,0.2315,1572705063.64,-16.51,-3.7109,3.750965693904,9.34,0.576799882888,1.777852805,贸易Ⅱ,2024-10-29,2023-09-30
601022,宁波远洋,0.3,3316790691.41,-4.8232993339,-2.7549,388955624.04,-28.38,-45.5419,4.065464438788,7.43,0.589543270751,17.0396560589,航运港口,2024-10-29,2023-09-30
601020,华钰矿业,0.16,703566757.62,27.3731386152,-14.1668,124743696.75,-11.6,-36.9496,3.789665280042,4.27,0.297863803354,49.8383554797,工业金属,2024-10-29,2023-09-30
601001,晋控煤业,1.29,11255031707.22,-11.9971025268,1.731,2164355425.69,-36.01,15.4126,9.617038501577,14.13,2.907860155327,46.2604774676,煤炭开采,2024-10-29,2023-09-30
600998,九州通,0.36,114364260179.77,11.0909675751,-6.0598,1823679515.51,4.89,-38.5181,8.407408820618,7.69,0.286166787231,8.1164645102,医药商业,2024-10-29,2023-09-30
600995,南网储能,0.26,4066825180.19,-36.3726643587,-16.9568,818984862.77,-37.93,-59.5558,6.464447088287,4.04,0.864633654121,48.5085047011,电力,2024-10-29,2023-09-30
600983,惠而浦,0.02,2963214666.19,-11.3380266615,-7.6502,14153102.61,118.81,-188.6683,3.925494298842,0.47,-0.055205312138,15.3966416462,白色家电,2024-10-29,2023-09-30
600977,中国电影,0.252,4210460625.26,88.6461749588,-4.1514,470875720.93,79104.1,-38.0331,6.051050403578,4.26,1.600174887209,26.3860812861,影视院线,2024-10-29,2023-09-30
600975,新五丰,-0.66,3874066662.0,19.8196921971,4.1895,-749404919.73,-464.2354571821,65.1553,2.732303725199,-26.49,-0.418988469651,-7.8850599146,养殖业,2024-10-29,2023-09-30
600969,郴电国际,-0.1035,3021455213.94,9.2327662832,20.7797,-38313518.54,-155.53,57.3275,9.715603178808,-1.06,0.988338259166,6.1341621019,电力,2024-10-29,2023-09-30
600968,海油发展,0.2111,31593425893.3,0.7416977996,-1.7348,2145375622.42,16.53,-12.592,2.336918745834,9.28,0.373833729879,13.7660056516,油服工程,2024-10-29,2023-09-30
600938,中国海油,2.05,306817000000.0,-1.3909913384,21.6209,97645000000.0,-10.23,7.0652,13.52656657948,15.45,3.343616144531,49.5966651131,油气开采Ⅱ,2024-10-29,2023-09-30
600909,华安证券,0.2,2720437121.58,13.3216276763,-6.5236,959384650.64,0.23,3.0395,4.326082081933,4.69,-1.058551168129,,证券Ⅱ,2024-10-29,2023-09-30
600901,江苏金租,0.48,3640459772.87,12.0057871574,2.301,2040943755.71,11.79,13.1802,3.97834340456,12.27,0.240552186565,,多元金融,2024-10-29,2023-09-30
600877,电科芯片,0.0868,847076333.02,-17.9537728384,-20.0696,102794969.39,-13.91,37.0284,1.910825488729,4.65,0.044762780447,33.060020217,半导体,2024-10-29,2023-09-30
600866,星湖科技,0.2946,12728640621.9,-1.1157429154,8.7494,489400986.04,-2.16,136.4246,4.449350275527,6.74,1.039352372221,12.6930212464,化学制品,2024-10-29,2023-09-30
600863,华能蒙电,0.32,16984376393.94,-1.4670370122,15.8575,2183688506.67,39.64,12.9061,2.425937950785,13.69,0.676339268388,22.4325291477,电力,2024-10-29,2023-09-30
600861,北京人力,0.6978,28736848286.35,21.8603929083,-49.7868,347151130.32,9.49,-43.5402,10.509066794044,6.38,0.172667471887,6.6158891293,专业服务,2024-10-29,2023-09-30
600858,银座股份,0.4521,4504955353.08,1.0252842629,3.34,235125851.25,134.91,-80.1041,4.90476159525,9.7015,1.016775223317,38.9284918564,一般零售,2024-10-29,2023-09-30
600853,龙建股份,0.17,10692666972.94,-5.8802836378,-5.6945,170938549.6,3.99,140.5633,2.57191579413,6.4,-3.047893551634,12.681749123,基础建设,2024-10-29,2023-09-30
600835,上海机电,0.8,17263435657.36,1.9518746123,0.1466,813288577.66,6.16,-20.84,13.031012093015,6.18,1.663363105606,15.6276585663,专用设备,2024-10-29,2023-09-30
600831,广电网络,-0.077,1771761397.86,-16.8104611312,-26.4088,-54425705.74,-222.46,-677.4043,5.228572463771,-1.45,0.057342241984,32.5832612409,电视广播Ⅱ,2024-10-29,2023-09-30
600819,耀皮玻璃,-0.1,3965496090.02,14.986182254,16.014,-90967642.21,-413.4732138044,124.619,3.607394698219,-2.65,0.22645077323,10.9055585191,玻璃玻纤,2024-10-29,2023-09-30
600798,宁波海运,0.1015,1684026235.27,8.4865841617,-0.3609,122460243.08,16.45,7.6776,3.302312843422,3.11,0.616670485937,17.7516501459,航运港口,2024-10-29,2023-09-30
600796,钱江生化,0.16,1328333633.25,-1.1900730879,-9.5425,139602979.59,7.41,1.8585,3.539121160236,4.57,0.134455900051,24.6373206338,环境治理,2024-10-29,2023-09-30
600792,云煤能源,0.24,5502388857.91,-3.6084014657,0.6993,234652386.35,346.2536409388,1620.0968,3.457277385548,7.11,-0.640189731561,2.9772311694,焦炭Ⅱ,2024-10-29,2023-09-30
600765,中航重机,0.7,7967849138.36,3.2326900584,-22.1367,1027459617.68,12.22,-50.638,7.610010991576,9.51,-0.311950081767,33.3942340748,航空装备Ⅱ,2024-10-29,2023-09-30
600763,通策医疗,1.14,2184842620.45,2.1237063587,19.48,511732934.63,-0.67,53.0702,11.908595341349,14.35,1.951409502776,42.5825790884,医疗服务,2024-10-29,2023-09-30
600761,安徽合力,1.33,13132054904.4,9.1511286468,1.3161,986685005.99,43.41,-16.8853,9.662808406761,13.47,1.426700031595,20.2402595988,工程机械,2024-10-29,2023-09-30
600757,长江传媒,0.69,5043283810.94,5.5063522985,-1.9464,840706393.16,19.4,-27.512,7.327021718744,9.63,0.58116246114,37.733949398,出版,2024-10-29,2023-09-30
600731,湖南海利,0.446,1711454836.16,-24.8175719883,-25.656,244380491.32,-16.84,4.4667,5.328526735618,8.8,0.670424485135,23.2301227342,农化制品,2024-10-29,2023-09-30
600712,南宁百货,-0.0337,509600680.04,0.2910215415,-10.3642,-18338423.99,-17.1446100115,-23.1587,1.473869187848,-2.26,0.122357821118,26.9378723119,一般零售,2024-10-29,2023-09-30
600707,彩虹股份,0.085,8606070141.66,32.4830942366,13.0832,305844765.91,114.4405852235,202.6295,5.551692474763,1.55,0.525109719139,14.2346830977,光学光电子,2024-10-29,2023-09-30
600706,曲江文旅,0.24,1120878746.42,57.3521874957,19.6061,62327843.27,162.2919877216,1204.0743,4.015094997159,6.28,0.599416331312,29.5012728296,旅游及景区,2024-10-29,2023-09-30
600704,物产中大,0.51,438614858089.18,3.4098101116,-8.2979,2728399289.81,-15.34,-6.5394,6.526451580551,8.07,-0.56497452014,2.5687564742,物流,2024-10-29,2023-09-30
600702,舍得酒业,3.9094,5248851493.41,13.6937957663,13.845,1294993402.97,7.93,7.2305,20.401298338687,18.81,1.73906764223,75.35631028,白酒Ⅱ,2024-10-29,2023-09-30
600697,欧亚集团,0.11,5470732152.24,0.3940198463,8.0484,16767584.58,131.29,65.7281,14.690269475761,0.71,9.833313455581,42.4228078807,一般零售,2024-10-29,2023-09-30
600667,太极实业,0.27,26405580344.89,11.8331076249,-21.7746,577360201.16,230.6500036704,-42.0824,3.675880878108,7.77,-0.3979616936,7.7408894201,工程咨询服务Ⅱ,2024-10-29,2023-09-30
600640,国脉文化,0.0358,1734318016.2,-38.7739776441,-0.1341,28508688.33,128.5678194225,-180.2544,5.006336259878,0.7183,0.372379637101,13.3151953755,广告营销,2024-10-29,2023-09-30
600623,华谊集团,0.31,31356450642.71,5.6863369396,14.7658,663192551.22,-41.71,449.8266,10.30060481821,3.02,-0.74085185495,8.2671422816,化学原料,2024-10-29,2023-09-30
600620,天宸股份,0.0486,233654725.01,2630.2622113705,52.8718,33390958.77,207.8514832719,1256.9539,2.811369996105,1.71,0.055568883246,62.4376677826,综合Ⅱ,2024-10-29,2023-09-30
600615,鑫源智造,-0.0003,93621267.78,-15.1053200853,6.1246,-64186.12,99.0743090228,1169.5417,3.371807555376,-0.01,-0.087301445117,0.9927214746,工业金属,2024-10-29,2023-09-30
600610,中毅达,-0.0469,903723701.07,-14.205082522,20.9537,-50286193.96,-227.28,3.615,0.087725492279,-42.45,0.085697856984,3.2737416519,化学原料,2024-10-29,2023-09-30
600606,绿地控股,0.18,253659150884.53,-17.1191204221,-16.7251,2463474651.24,-64.54,-123.6704,6.640500206748,2.74,-0.104279970815,10.143381038,房地产开发,2024-10-29,2023-09-30
600605,汇通能源,0.21,87610518.32,24.7261749659,42.9951,43346412.84,133.24,-60.1713,6.20501581029,3.69,1.283020262962,55.1036704105,一般零售,2024-10-29,2023-09-30
600598,北大荒,0.728,3979991480.86,14.6785682245,-49.2233,1293936825.31,0.45,-21.5289,4.352194192937,17.25,1.557648738944,39.2889579209,种植业,2024-10-29,2023-09-30
600596,新安股份,0.1537,12290737410.06,-32.2030906865,-16.9925,176062621.24,-93.86,740.5624,9.51823846659,1.55,-0.044571321917,11.9068316833,农化制品,2024-10-29,2023-09-30
600558,大西洋,0.0796,2695862529.0,6.9356934581,-5.5449,71410481.49,46.66,-25.8209,2.477033439418,3.23,0.078142864207,13.3413933623,通用设备,2024-10-29,2023-09-30
600556,天下秀,0.0623,3169649515.63,2.040051876,-8.0793,112634297.68,-44.79,14.1368,2.133620787901,2.94,-0.013493709832,18.4714040579,广告营销,2024-10-29,2023-09-30
600550,保变电气,-0.04,2049043182.14,6.6647583604,11.3344,-72742728.67,-20368.61,26.5913,0.357972246147,-10.46,-0.145165881502,19.7963738132,电网设备,2024-10-29,2023-09-30
600547,山东黄金,0.23,41323106902.68,3.7548442868,-2.9911,1345220714.33,94.12,5.5438,5.314057359907,4.37,1.065894445428,15.1534964502,贵金属,2024-10-29,2023-09-30
600529,山东药玻,0.9256,3673747350.74,22.9226212777,5.5332,614234124.5,24.14,4.4498,11.113524799268,8.56,1.096092731018,28.208795953,医疗器械,2024-10-29,2023-09-30
600526,菲达环保,0.15,2468595549.68,-2.9386181648,2.3913,130583772.86,33.58,-8.7835,4.505134297445,3.36,0.486276559445,19.9347730285,环保设备Ⅱ,2024-10-29,2023-09-30
600515,海南机场,0.0691,4536524851.72,53.5996069844,-44.7529,789796545.66,-53.64,-41.0101,2.027224678552,3.47,0.030009356858,44.9169940545,航空机场,2024-10-29,2023-09-30
600512,腾达建设,0.09,2606035851.08,-40.4429623341,-19.1315,147085391.41,183.9740630554,222.735,3.900489191691,2.39,0.17200015481,10.3977739208,基础建设,2024-10-29,2023-09-30
600506,统一股份,-0.1485,1773655742.93,8.425120938,4.2386,-28524349.88,68.1708621775,38.9506,2.197627783414,-6.54,1.317809571894,16.5830449129,炼化及贸易,2024-10-29,2023-09-30
600496,精工钢构,0.2661,11553719157.58,3.9990766013,-4.325,535712409.24,-17.8,-31.349,4.149363539747,6.49,-0.179972359092,13.8022669892,专业工程,2024-10-29,2023-09-30
600491,ST龙元,-0.38,7207278065.89,-37.922151128,64.3609,-577758175.51,-159.6518692185,87.927,7.556761272328,-4.85,0.510359339514,18.7399030788,房屋建设Ⅱ,2024-10-29,2023-09-30
600487,亨通光电,0.73,35101445831.21,1.2956517039,-3.1354,1803880261.16,27.07,-35.1141,10.078112563471,7.42,0.193622052009,17.0309902579,通信设备,2024-10-29,2023-09-30
600486,扬农化工,3.368,9273686653.08,-29.2208105404,-14.0048,1360769087.77,-16.94,-35.8707,23.419211596628,15.05,8.920631379901,26.1429260225,农化制品,2024-10-29,2023-09-30
600469,风神股份,0.39,4251664944.63,13.6093120748,-1.5442,281581108.16,344.37,-6.2989,4.407851748675,9.12,0.504069717836,18.7193038733,汽车零部件,2024-10-29,2023-09-30
600456,宝钛股份,1.1499,5611242899.93,10.0483678997,3.7058,549381302.64,6.89,-30.8262,13.674177625479,8.5816,1.154319089161,22.4778501422,小金属,2024-10-29,2023-09-30
600446,金证股份,0.0436,4047806450.61,-7.293843822,-9.7921,41083713.72,-70.19,-119.7617,3.776468589715,1.12,-0.561754421084,20.2374873326,IT服务Ⅱ,2024-10-29,2023-09-30
600420,国药现代,0.4508,9161881346.47,-5.7338151939,-10.24,563923339.31,32.26,32.1395,9.141349892665,5.01,1.078565762104,38.8800237519,化学制药,2024-10-29,2023-09-30
600400,红豆股份,0.02,1556191721.23,-6.658034203,4.3826,39200169.02,-15.31,-149.9575,1.286233955342,1.3,-0.01761545887,37.0772654692,服装家纺,2024-10-29,2023-09-30
600396,华电辽能,1.4727,4941926365.8,-2.1318516056,12.4018,2168851062.42,267.0945333708,1144.9585,0.264292835958,,-0.258146830477,-1.7457539331,电力,2024-10-29,2023-09-30
600390,五矿资本,0.35,7396080680.62,-16.97,-8.5659,1964917016.42,-2.21,-32.6547,9.342048380188,3.78,-0.597181503072,0.8339758049,多元金融,2024-10-29,2023-09-30
600389,江山股份,0.5957,3602503769.3,-49.2570148741,-29.5403,256541103.33,-84.81,-10.3881,8.113405848521,7.4286,1.076445851487,15.2678424416,农化制品,2024-10-29,2023-09-30
600360,华微电子,0.02,1265021938.08,-17.6002798316,-14.0989,21590332.88,-41.4,128.6497,3.381183109441,0.67,0.135752810898,23.4830179634,半导体,2024-10-29,2023-09-30
600358,国旅联合,0.0009,410578006.86,-8.7792044591,36.4113,436823.34,-60.67,-151.3006,0.364019265902,0.19,-0.002371526262,9.8294736727,广告营销,2024-10-29,2023-09-30
600353,旭光电子,0.1063,900667856.29,11.7818424404,-13.168,74232772.82,35.39,-27.1206,2.106297436683,6.04,-0.145991160209,26.2704899656,其他电子Ⅱ,2024-10-29,2023-09-30
600343,航天动力,-0.090375,544406223.88,-38.2962352405,-9.3039,-57677585.75,-235.7494430405,-94.0441,2.830382289381,-3.16824,-0.28154488128,17.7600686691,通用设备,2024-10-29,2023-09-30
600335,国机汽车,0.1662,32875486240.38,17.1435964256,-0.3397,248578458.39,0.54,-47.3572,7.6036853919,2.19,1.481528541359,6.2071532326,汽车服务,2024-10-29,2023-09-30
600330,天通股份,0.226,2888379432.47,-15.2497005048,-16.762,279137045.47,-57.22,-7.7801,6.536612745651,3.51,0.166329867238,22.2757280154,电子化学品Ⅱ,2024-10-29,2023-09-30
600315,上海家化,0.59,5091247553.86,-4.9069531329,-11.3909,394131509.04,25.83,32.0073,11.202017174727,5.3,0.309375854114,59.5242642639,化妆品,2024-10-29,2023-09-30
600309,万华化学,4.05,132554140992.17,1.6360178324,-1.6619,12703183328.13,-6.65,-8.4191,26.83394626379,15.7,5.45804283068,16.761067654,化学制品,2024-10-29,2023-09-30
600289,ST信通,-1.3609,140161214.01,-16.5748360432,-20.8502,-858795358.59,-477.9210504795,-1577.2172,1.004187522028,-83.915,-0.105712666065,54.0036851169,通信服务,2024-10-29,2023-09-30
600273,嘉化能源,0.6556,6616108669.86,-26.0625629365,-2.6079,911550989.66,-28.34,18.3013,6.911252805931,9.19,0.143582358408,21.0105555081,化学制品,2024-10-29,2023-09-30
600257,大湖股份,0.0049,872830730.71,5.402017384,-16.8469,2346609.35,-12.55,769.1072,1.84130375714,0.26,0.089014445679,21.9348363072,渔业,2024-10-29,2023-09-30
600239,ST云城,0.08,1222235013.6,-38.8688324929,3.0479,125945420.79,126.7273904306,82.2158,0.993454162433,8.22,0.673418404821,41.6434875467,房地产开发,2024-10-29,2023-09-30
600232,金鹰股份,0.079,969277533.93,4.5088517415,28.5997,28989140.38,-37.74,15.2421,2.820953489768,2.787,-0.375218034595,16.370618943,专用设备,2024-10-29,2023-09-30
600223,福瑞达,0.23,3394861033.85,-60.1968605958,-23.2718,238033078.21,54.79,-22.0672,3.890458652284,6.21,0.322579241557,47.0830955804,化妆品,2024-10-29,2023-09-30
600219,南山铝业,0.18,21689529243.99,-18.2379636315,-6.2258,2141964210.21,-24.81,4.3707,4.030835748163,4.63,0.268531052786,20.4780880727,工业金属,2024-10-29,2023-09-30
600195,中牧股份,0.3887,4158977907.01,0.8125076731,14.1033,396957524.74,-0.87,-0.3779,5.408065341295,6.13,-0.009439989723,20.6694094557,动物保健Ⅱ,2024-10-29,2023-09-30
600189,泉阳泉,0.05,945988496.97,1.5650654487,-25.2125,37568054.51,-56.53,-97.7681,2.359328682412,2.25,0.325520778802,34.3284985367,饮料乳品,2024-10-29,2023-09-30
600185,珠免集团,-0.17,2714980206.91,-1.4361849537,-0.8407,-312628549.12,-302.4,54.6239,3.187747105281,-5.06,2.596982199797,25.5048965365,旅游零售Ⅱ,2024-10-29,2023-09-30
600183,生益科技,0.38,12347510596.81,-9.7153158168,8.2896,898926318.01,-24.88,12.0112,5.814141950342,6.65,0.924794667134,19.5325219835,元件,2024-10-29,2023-09-30
600180,*ST瑞茂,0.3804,35355653878.13,-6.1116411292,-12.4268,400861144.59,5.28,4.0542,7.403746189752,5.15,0.110691185935,1.750313674,物流,2024-10-29,2023-09-30
600178,东安动力,0.063,3847897476.25,-17.8669466675,-4.324,29953761.28,-72.14,-53.7192,5.35533446214,1.18,-0.160566223464,8.300747429,汽车零部件,2024-10-29,2023-09-30
600158,中体产业,-0.0408,992509496.95,19.2431744532,13.6816,-39171320.87,7.9975354637,450.4369,2.591153286764,-1.56,-0.194506557543,24.9129425633,体育Ⅱ,2024-10-29,2023-09-30
600156,华升股份,-0.055,488036211.5,-27.7260273277,-49.0213,-22136060.43,87.7814314837,50.3833,1.045961526137,-5.13,-0.084061980623,5.9274436606,纺织制造,2024-10-29,2023-09-30
600123,兰花科创,1.211,9603831677.53,-16.078815923,-9.1659,1798501357.78,-34.79,-25.8221,11.021333807443,11.29,1.806863319651,43.5553688937,煤炭开采,2024-10-29,2023-09-30
600114,东睦股份,0.17,2781630639.72,1.4766977968,6.0777,106941619.11,13.91,335.1128,4.084523181565,4.23,0.297095660953,20.3388897085,通用设备,2024-10-29,2023-09-30
600103,青山纸业,0.0411,1906945618.98,-16.6319870516,-12.7196,90830169.41,-48.39,-25.1746,1.667227126193,2.35,0.046485680375,18.7413821927,造纸,2024-10-29,2023-09-30
600076,康欣新材,-0.1,99588629.97,-71.1357821313,53.947,-132327753.11,3.3930102137,21.3859,3.354427645501,-2.88,-0.058943011252,1.0840378569,包装印刷,2024-10-29,2023-09-30
600071,凤凰光学,-0.1235,1315822123.12,-2.5116181332,1.2851,-34782003.89,-261.11,-1146.244,1.731053663857,-0.07,0.445869761241,11.7955303496,光学光电子,2024-10-29,2023-09-30
600066,宇通客车,0.47,18950415903.37,44.5109180515,3.9684,1050520674.64,703.09,65.8384,6.012272405221,7.5,2.338387802658,19.3395158325,商用车,2024-10-29,2023-09-30
600051,宁波联合,0.175,1310219665.09,-33.0595621393,0.4937,54265620.54,-53.67,-73.584,10.524617427593,1.66,-0.09707139504,10.4652353856,综合Ⅱ,2024-10-29,2023-09-30
600048,保利发展,1.11,192554961802.01,23.0874717634,-42.7768,13292640397.54,1.33,-88.7369,16.31444534054,6.7,0.570080946523,19.3661273141,房地产开发,2024-10-29,2023-09-30
600032,浙江新能,0.2456,3494252999.27,-3.9786061642,5.7498,555212105.56,-35.51,45.7759,5.014470053996,5.29,0.717470143566,53.9716785595,电力,2024-10-29,2023-09-30
600029,南方航空,0.07,119491000000.0,70.3097162241,26.1707,1320000000.0,107.5055438676,529.3756,2.335080845428,3.16,2.040671044644,10.9924596832,航空机场,2024-10-29,2023-09-30
600028,中国石化,0.442,2469941000000.0,0.6774080206,9.2114,52966000000.0,-7.5,18.962,6.665787892945,6.67,0.82017119402,15.5478207779,炼化及贸易,2024-10-29,2023-09-30
600021,上海电力,0.4976,31491929002.59,13.0719434966,13.0961,1476051377.96,524.49,50.5185,6.534171610669,8.0157,1.457944428067,23.2220143564,电力,2024-10-29,2023-09-30
600012,皖通高速,0.8144,4344060266.07,9.0068800007,71.3864,1350761000.78,15.13,34.5289,7.444413080712,10.99,1.355306729406,46.8149123398,铁路公路,2024-10-29,2023-09-30
430046,ST圣博润,0.3987,346545505.78,39.6736281096,,51008990.34,157.6855485404,,,8.28,-0.315102877327,41.617191536,,2024-10-29,2023-09-30
420273,凌云B5,0.0901,94423257.15,-0.0933456554,4.645,31443945.59,3.8,14.8214,1.712074439112,5.405,0.069964489169,58.9155023234,,2024-10-29,2023-09-30
420244,建车B3,-0.4583,333574346.3,-5.381121654,-3.0895,-54705046.67,-651.55,31.3281,0.482714167791,-64.85,0.376473980565,6.1632408361,,2024-10-29,2023-09-30
400285,R广道1,0.61,211105234.44,0.9319638067,37.6508,40910018.4,-5.79,47.6162,9.81574854858,6.42,0.684263930991,45.9717109751,,2024-10-29,2023-09-30
301606,绿联科技,0.6683,3351519330.62,22.2076169317,10.7866,249553134.03,12.2091429991,-31.9441,,,,37.9043117551,消费电子,2024-10-29,2023-09-30
301587,中瑞股份,0.97,519639654.95,-11.3736857666,-15.2998,107252527.25,-17.6678501874,-25.2397,,,,37.4134281166,电池,2024-10-29,2023-09-30
301567,贝隆精密,0.79,269398181.59,-3.7685312637,23.9789,42664582.79,-19.1731632616,19.3519,7.120499358889,11.75,0.359442093333,30.5577720882,消费电子,2024-10-29,2023-09-30
301551,无线传媒,0.6115,492908625.89,0.203335802,-4.4186,220140301.95,-5.989277672,2.9376,,,,55.3135918402,电视广播Ⅱ,2024-10-29,2023-09-30
301539,宏鑫科技,0.45,696324652.04,-6.290134201,-16.5826,50270389.7,-4.3163157785,-9.1864,,,,16.3504414653,汽车零部件,2024-10-29,2023-09-30
301533,威马农机,0.713,601468067.41,21.0803685564,-5.1136,54545041.79,27.7,-17.4185,11.179675682532,11.15,0.253229460149,17.9029382297,专用设备,2024-10-29,2023-09-30
301528,多浦乐,0.9156,129265558.48,11.4518778635,-29.6755,44058594.54,-2.45,-55.5032,23.017609168821,8.69,-0.001205835864,74.6477127045,通用设备,2024-10-29,2023-09-30
301522,上大股份,0.4248,1510981259.04,,-17.1119,118488352.73,,-41.0093,,,,18.1163962069,金属新材料,2024-10-29,2023-09-30
301517,陕西华达,0.76,662157589.68,4.3150737157,-15.2718,61792340.85,20.83,-53.3906,8.191945386571,9.76,-1.109405692668,41.8652455957,军工电子Ⅱ,2024-10-29,2023-09-30
301507,民生健康,0.29,485907563.22,6.7042408603,-19.106,81672290.77,9.12,-21.3756,4.120189303661,11.3,0.234561742806,62.7521588302,化学制药,2024-10-29,2023-09-30
301503,智迪科技,0.76,635820432.98,-11.2588027814,1.6234,49095277.58,-10.31,-38.3668,12.195916778125,9.46,1.204215278875,18.2498915718,计算机设备,2024-10-29,2023-09-30
301500,飞南资源,0.4682,6343275167.92,-1.8178173055,23.8084,168550193.16,-17.52,-36.4055,10.917504211795,4.39,-1.605996967401,6.3241281434,环境治理,2024-10-29,2023-09-30
301468,博盈特焊,1.02,481748781.05,-2.8472853609,-71.485,108967286.04,6.21,-78.584,17.350796470909,9.7,0.766571252727,36.7090108385,通用设备,2024-10-29,2023-09-30
301459,丰茂股份,1.93,604574567.71,38.8273870601,-5.4469,115650624.98,62.9,-25.3544,7.9871205525,27.44,1.185652316333,30.6526847155,橡胶,2024-10-29,2023-09-30
301456,盘古智能,0.63,288833801.36,26.2953208212,4.7024,75955516.74,1.75,-37.3475,13.681492334128,7.5,-0.045417882136,44.9217904342,风电设备,2024-10-29,2023-09-30
301446,福事特,1.01,313548574.1,-2.446135185,-30.9427,65027793.43,0.51,21.7504,13.411686205625,10.8,-0.06640460875,39.0192910815,工程机械,2024-10-29,2023-09-30
301439,泓淋电力,0.43,1892024359.65,2.9687281836,6.7805,156196301.82,1.45,1.8687,7.057223317947,7.22,-0.56822764183,16.4343147023,电网设备,2024-10-29,2023-09-30
301419,阿莱德,0.6064,310929998.98,14.5669003215,-10.1549,57273871.51,19.55,-38.7936,9.5281889855,6.89,1.2026152631,40.1483129256,通信设备,2024-10-29,2023-09-30
301408,华人健康,0.2276,2678296897.28,19.7085833965,6.9995,88017299.03,28.84,3.5307,4.792087300667,5.25,0.768120637184,31.5715768464,医药商业,2024-10-29,2023-09-30
301398,星源卓镁,0.7281,253658291.07,26.4750279462,-9.2428,58248355.74,31.61,-11.9405,12.893761062875,5.7,0.3345601045,37.00506286,汽车零部件,2024-10-29,2023-09-30
301392,汇成真空,0.7,388416951.45,,-22.6203,52726486.9,,-76.242,,,,32.8957960596,专用设备,2024-10-29,2023-09-30
301390,经纬股份,0.4809,301135205.52,29.0826191866,-16.1138,24847942.46,14.69,-16.7491,15.304555372667,3.92,-1.6892559725,32.7667788791,工程咨询服务Ⅱ,2024-10-29,2023-09-30
301383,天键股份,1.13,1288252718.16,61.4290231782,24.6721,109699589.25,314.19,60.518,15.811319323985,11.34,-0.261960138507,20.3033498779,消费电子,2024-10-29,2023-09-30
301382,蜂助手,0.62,806715042.48,29.4441918983,12.5833,89929317.3,12.4,-18.56,9.626433672104,8.26,-1.55058134311,25.1044404586,通信服务,2024-10-29,2023-09-30
301379,天山电子,0.6128,950709657.8,1.243970427,-4.4539,86945168.59,-7.28,-28.9121,12.598479940399,6.86,0.489119568976,19.4667449291,光学光电子,2024-10-29,2023-09-30
301370,国科恒泰,0.22,5760993012.21,17.7416358516,-10.5563,91009108.34,-3.55,-36.6501,5.075863148513,5.39,0.816015294305,12.0487874075,医疗器械,2024-10-29,2023-09-30
301369,联动科技,0.2,168354023.05,-37.7788788302,-24.7234,14213540.13,-86.14,-126.1167,20.855841609259,0.94,0.15140753754,65.9920545094,半导体,2024-10-29,2023-09-30
301368,丰立智能,0.25,316739000.08,-9.5639089368,0.2441,29607765.97,-30.33,-22.867,8.125495246794,3.05,0.196717413405,18.9148402359,通用设备,2024-10-29,2023-09-30
301359,东南电子,0.3339,180345478.77,-2.6694838578,-2.6949,28664805.18,-6.54,49.6122,9.823852950023,3.38,0.481520385834,29.2501521079,其他电子Ⅱ,2024-10-29,2023-09-30
301358,湖南裕能,2.16,34328268260.08,29.4395302334,11.4628,1541717146.58,-27.2,-68.3227,14.847667937325,15.92,1.32137163572,8.5308097145,电池,2024-10-29,2023-09-30
301353,普莱得,0.95,512141012.37,-7.7672333009,-21.4464,62421430.86,-32.76,-56.3369,16.469686486447,7.11,-1.399333316711,31.9950443632,通用设备,2024-10-29,2023-09-30
301345,涛涛车业,2.04,1346655202.88,11.8117212875,28.8997,204451089.66,49.96,-29.7126,26.195949905884,9.1,1.3943270303,41.1728666621,摩托车及其他,2024-10-29,2023-09-30
301339,通行宝,0.3816,451991547.48,24.8228218768,20.5572,155328322.31,45.39,-0.6514,6.254222649042,6.2,0.000985750885,53.1643947702,计算机设备,2024-10-29,2023-09-30
301337,亚华电子,0.28,237650540.84,4.1006999186,-3.545,25554302.35,-46.84,-7.4615,10.814023069578,3.63,-0.256647139251,47.6081231207,软件开发,2024-10-29,2023-09-30
301332,德尔玛,0.24,2270802373.43,-1.3479268491,-19.6126,99861665.75,1.66,-26.7784,6.022402626448,4.89,0.38367088585,31.0133083971,小家电,2024-10-29,2023-09-30
301327,华宝新能,-0.5,1579507073.97,-29.1584941614,39.2071,-62020324.45,-124.34,48.6416,49.352332638702,-0.97,-2.760950697115,39.3167569544,电池,2024-10-29,2023-09-30
301325,曼恩斯特,2.03,561113730.66,71.1168216742,9.5248,250885327.87,84.42,0.5027,24.198358740583,15.64,0.162887699083,69.7140057809,电池,2024-10-29,2023-09-30
301323,新莱福,1.16,563715847.46,1.5223758935,10.9514,104768556.81,3.82,35.0284,18.71400398607,7.57,0.662474993683,37.302105124,金属新材料,2024-10-29,2023-09-30
301321,翰博高新,0.4105,1603265089.17,-12.6022711665,0.859,76538314.52,147.9,-103.1889,7.350215917666,5.76,0.428946789712,14.4060476019,光学光电子,2024-10-29,2023-09-30
301319,唯特偶,1.3197,710438523.55,-14.7336672682,12.5844,77387228.57,22.17,1.5887,18.924927685027,7.09,0.420205895293,21.4606462566,电子化学品Ⅱ,2024-10-29,2023-09-30
301317,鑫磊股份,0.23,425246304.73,-19.8322948291,-7.7614,35930077.24,-37.95,-55.8485,6.946753362173,3.5,-0.022760877219,26.3336800072,通用设备,2024-10-29,2023-09-30
301315,威士顿,0.3555,191657033.83,4.4913829778,29.6422,26067919.53,-17.4,21.045,11.111197233409,4.7,-0.474526162955,36.3258951256,软件开发,2024-10-29,2023-09-30
301311,昆船智能,0.1779,1339809826.22,26.6385036255,-22.254,42701815.76,-26.09,-15.2364,7.569314925083,2.37,-3.2042430775,19.8200614851,通用设备,2024-10-29,2023-09-30
301308,江波龙,-2.14,6578907456.56,-0.7345332836,29.0299,-882826776.61,-521.76,9.0537,14.339942682614,-14.04,-4.126831177349,2.6233269233,半导体,2024-10-29,2023-09-30
301306,西测测试,-0.19,185782074.57,6.320476319,7.8954,-16001008.33,-134.57,-2516.7774,14.303036775592,-1.31,-1.085514343839,40.463382441,军工电子Ⅱ,2024-10-29,2023-09-30
301303,真兰仪表,0.49,1025850766.95,22.3164872954,22.1646,190994873.37,45.2,21.6136,10.127114088801,7.69,-0.323400782158,40.7875736004,通用设备,2024-10-29,2023-09-30
301295,美硕科技,0.45,402838729.71,1.4989499576,-13.2724,37739949.2,-23.57,-17.0902,13.346042502083,10.97,0.460459329583,23.6887272976,电网设备,2024-10-29,2023-09-30
301292,海科新源,0.32,2509634080.18,15.3887509982,15.4779,63147450.97,-80.68,-68.2025,14.221233720664,2.35,-0.303297701471,11.0150361403,电池,2024-10-29,2023-09-30
301283,聚胶股份,0.9929,1164046981.21,18.6312252603,15.8026,79429201.6,10.56,35.357,18.231744982625,5.53,-0.368405212875,13.8555037652,化学制品,2024-10-29,2023-09-30
301276,嘉曼服饰,1.18,716511489.76,-0.4486767504,-16.169,127326144.18,22.33,-2.7105,18.104151956667,6.66,-0.034357062407,59.9980567686,服装家纺,2024-10-29,2023-09-30
301273,瑞晨环保,0.22,199194241.81,-33.5024442578,-30.1296,15900954.7,-65.06,-80.1525,13.889731060887,1.6,-0.317987658377,40.2374766668,通用设备,2024-10-29,2023-09-30
301272,英华特,1.35,404374208.69,25.0470500678,-12.9198,63493872.93,38.44,-15.7397,16.669581920237,14.24,1.045999061107,28.8477933689,通用设备,2024-10-29,2023-09-30
301268,铭利达,0.73,3141123086.47,50.9795501539,-2.1794,291502031.88,32.45,-4.5978,5.928782534512,12.51,0.230464772306,19.9418635025,通用设备,2024-10-29,2023-09-30
301267,华厦眼科,0.66,3102868888.04,22.9833819498,4.3544,557387738.64,40.17,-0.8544,6.583581603417,10.46,0.862986457298,50.6169555818,医疗服务,2024-10-29,2023-09-30
301263,泰恩康,0.33,581096360.27,1.3365125022,-16.7056,141821132.18,11.53,-42.5792,4.301421791926,7.66,0.119219886321,62.4933046477,化学制药,2024-10-29,2023-09-30
301248,杰创智能,0.01,604926423.48,3.0115473075,-18.2831,1861865.07,-96.16,-335.7693,10.357792977457,0.12,-0.222081966364,19.7326981046,IT服务Ⅱ,2024-10-29,2023-09-30
301232,飞沃科技,1.27,1211978345.43,29.6013734359,16.0683,56748103.35,-5.22,-61.421,28.682733710416,5.75,-3.851465087398,17.9278832117,风电设备,2024-10-29,2023-09-30
301226,祥明智能,0.3773,463438746.08,-5.7920078359,-8.2871,41045063.24,-19.96,-28.068,8.308418626746,4.55,0.064984328125,21.5965017959,电机Ⅱ,2024-10-29,2023-09-30
301220,亚香股份,0.85,474337511.46,-12.3288303553,14.9164,69001118.08,-30.45,-10.8364,19.265979110891,4.4,0.235673229332,31.1625827494,化学制品,2024-10-29,2023-09-30
301201,诚达药业,0.3955,260257787.65,-14.8503504141,45.4771,61184204.86,-33.53,227.9319,14.524502919532,2.74,0.946465875797,41.3263116701,医疗服务,2024-10-29,2023-09-30
301197,工大科雅,0.1,168145226.06,15.9747871459,0.569,12496688.64,25.35,-38.4235,10.830776312427,0.95,-0.707069863282,39.8784526277,通用设备,2024-10-29,2023-09-30
301196,唯科科技,0.8764,919819246.36,30.558011562,38.338,109379033.73,-5.86,93.6066,24.173323297997,3.66,1.026281851122,31.3475947248,塑料,2024-10-29,2023-09-30
301192,泰祥股份,0.2772,207166575.97,99.2310115843,58.2601,27695737.87,-36.3,48.0385,5.784227297898,4.82,0.011724134434,30.1235037447,汽车零部件,2024-10-29,2023-09-30
301190,善水科技,0.0367,363488424.04,6.888317594,-17.1098,7879552.09,-91.77,-241.2259,9.406653818153,0.39,0.243351950996,37.4875034466,化学原料,2024-10-29,2023-09-30
301187,欧圣电气,0.6831,836604212.12,-18.9760879649,54.9037,124746418.78,-7.22,24.1429,7.835762174512,8.66,0.594204105106,34.7365187098,小家电,2024-10-29,2023-09-30
301185,鸥玛软件,0.31,142243425.74,38.3521505581,-68.4428,48129588.24,34.61,-88.4379,6.547364851621,4.86,0.014046001567,64.9821359399,IT服务Ⅱ,2024-10-29,2023-09-30
301181,标榜股份,0.96,411462481.26,5.0722700004,7.3638,111741670.37,26.76,2.3573,11.712316914957,8.31,0.955322196667,36.3538453304,汽车零部件,2024-10-29,2023-09-30
301169,零点有数,-0.37,168047076.51,13.5440611898,-27.7926,-26938161.15,-54.18,-79.3894,8.704657526753,-4.2,-0.645586040316,31.712295725,专业服务,2024-10-29,2023-09-30
301168,通灵股份,1.21,1152410377.92,17.1056741849,15.0136,145194466.08,53.91,28.9484,17.415931785583,7.2,-0.8613233,22.5255105155,光伏设备,2024-10-29,2023-09-30
301167,建研设计,0.3214,331338942.64,10.8120125302,28.2356,35992798.41,-34.0,128.3912,8.215482961161,3.94,0.241097425804,27.9918867583,工程咨询服务Ⅱ,2024-10-29,2023-09-30
301166,优宁维,0.46,886220796.85,2.8346679799,3.6081,40281376.22,-49.01,-65.2927,24.497702295535,0.91,-0.908608872444,20.3775879399,生物制品,2024-10-29,2023-09-30
301153,中科江南,0.54,781206393.05,41.4146332126,-8.9528,187820563.9,48.79,-12.2473,8.608774354887,11.79,-0.618644852109,56.5222434415,软件开发,2024-10-29,2023-09-30
301132,满坤科技,0.6,888458400.64,9.9633340722,9.7903,89036162.86,2.78,52.2683,11.379559415,5.3,0.621004123008,19.87254867,元件,2024-10-29,2023-09-30
301127,武汉天源,0.3,1170897037.87,43.600997679,47.1147,173839520.6,54.66,65.7281,5.438579924699,7.84,-0.051618121708,30.6470300312,环境治理,2024-10-29,2023-09-30
301125,腾亚精工,0.26,348361698.1,3.4797004071,3.7599,26355447.98,-32.07,-55.0607,5.95957791249,4.25,-0.098740718133,29.8914225697,通用设备,2024-10-29,2023-09-30
301116,益客食品,-0.01,16572445076.19,24.49635931,1.1762,-5378927.91,84.18,-118.955,4.279720775572,-0.28,0.875275361569,2.7721159919,养殖业,2024-10-29,2023-09-30
301115,联检科技,0.43,850310319.94,-4.347057534,18.2008,77370196.67,-40.89,42.9045,14.310702227796,2.95,-0.604025596785,36.5498410488,专业服务,2024-10-29,2023-09-30
301112,信邦智能,0.39,370471444.43,-10.0858020595,-22.2867,42895312.69,-11.14,-57.9023,11.059413291604,3.53,-0.130243205014,27.1352193918,自动化设备,2024-10-29,2023-09-30
301111,粤万年青,0.189,206044015.96,0.0443819138,-12.3318,30491841.57,-2.0,-43.0658,4.832268828563,3.94,-0.109063962625,67.5858063003,中药Ⅱ,2024-10-29,2023-09-30
301110,青木科技,0.4016,654111505.91,13.9100333513,-17.585,26776650.42,-29.0,-146.0609,20.891321298843,1.91,0.905138638624,39.1506099413,互联网电商,2024-10-29,2023-09-30
301109,军信股份,0.9834,1374434577.05,14.3533560685,47.135,403201248.78,22.85,21.6269,12.277040286213,8.01,1.62115973386,53.0480995636,环境治理,2024-10-29,2023-09-30
301103,何氏眼科,0.6291,944181578.16,22.3755391242,2.8651,99410544.63,51.23,-2.1322,13.386664563369,4.62,1.25755805684,44.4273933418,医疗服务,2024-10-29,2023-09-30
301096,百诚医药,1.86,713806299.44,69.6535898086,10.2697,201487597.66,38.74,-2.8028,24.039546920402,7.89,0.310036774453,67.3167848724,医疗服务,2024-10-29,2023-09-30
301091,深城交,0.13,882600931.24,14.3882879998,1.3674,52293820.66,25.83,-4.5864,6.795896879071,2.49,-0.73328118234,27.9749817648,工程咨询服务Ⅱ,2024-10-29,2023-09-30
301090,华润材料,0.3002,13667531950.94,5.0687939485,0.4835,444180066.08,-35.47,-21.2253,4.864807223354,6.18,0.289992816849,5.3705937182,塑料,2024-10-29,2023-09-30
301088,戎美股份,0.278,521964617.82,-15.0311784871,-30.2367,63373977.9,-43.23,-64.1971,11.177128215702,2.45,-0.078154675307,38.216613391,服装家纺,2024-10-29,2023-09-30
301085,亚康股份,1.04,1399336492.33,31.4205234478,5.8388,83231711.55,10.72,29.3829,10.711892227599,10.04,-5.366424332908,13.1618325985,IT服务Ⅱ,2024-10-29,2023-09-30
301083,百胜智能,0.1824,276808792.92,-8.1054628986,-4.1273,32441541.22,-29.85,25.223,4.556630068241,4.07,-0.072903430298,24.360732287,专用设备,2024-10-29,2023-09-30
301081,严牌股份,0.21,536534305.42,-4.3636755004,5.1403,43402891.47,-11.3,-45.2437,4.672521973252,4.52,0.361755659997,29.855525347,环保设备Ⅱ,2024-10-29,2023-09-30
301079,邵阳液压,0.1665,219738641.99,-4.9010264139,-21.6475,18380146.07,-42.7,-49.3297,4.444706247341,3.77,0.027922267437,27.9380682132,工程机械,2024-10-29,2023-09-30
301077,星华新材,0.53,515610192.01,-6.8809263011,-3.7833,63456699.29,-5.1,-13.0071,10.001488328,5.23,0.614223867167,27.11816919,化学制品,2024-10-29,2023-09-30
301066,万事利,0.13,497513600.31,21.2006468239,-5.8422,24278100.55,61.47,26.1494,3.435958167187,3.79,0.381946644614,45.1391018115,纺织制造,2024-10-29,2023-09-30
301058,中粮科工,0.21,1417196965.26,-12.3786136819,-30.0341,106396777.22,10.97,-49.9898,3.652551528645,5.64,-0.183459520437,24.5609400283,工程咨询服务Ⅱ,2024-10-29,2023-09-30
301055,张小泉,0.06,565807168.11,-13.7846005532,5.5997,9271772.83,-77.41,237.5013,4.20801823891,1.38,0.187714775449,35.2650841764,家居用品,2024-10-29,2023-09-30
301053,远信工业,0.21,380533757.57,-17.8308091567,12.2285,17195146.02,-74.17,306.1556,7.166484693067,2.94,0.161988236078,26.4349478013,专用设备,2024-10-29,2023-09-30
301043,绿岛风,1.05,420211701.22,13.7874057936,-1.8136,71601679.31,99.38,11.2326,11.856310341471,9.02,1.869347581176,36.4282815984,通用设备,2024-10-29,2023-09-30
301041,金百泽,0.25,465898184.87,-3.9832327071,-2.2042,27002926.31,9.1,-44.3857,6.144212214567,4.17,0.541488461849,28.3835210706,元件,2024-10-29,2023-09-30
301033,迈普医学,0.38,145778696.44,4.6870411644,45.6793,25424757.82,-15.35,232.0949,9.306191259304,4.17,1.079984096684,81.021308356,医疗器械,2024-10-29,2023-09-30
301030,*ST仕净,1.2,2187143975.98,109.7649307388,13.0103,166325222.21,185.41,-6.8369,12.495567124788,11.29,-2.08955952156,26.6650096448,环保设备Ⅱ,2024-10-29,2023-09-30
301029,怡合达,0.78,2203605503.37,20.2032841196,-17.9092,451553406.02,8.21,-43.1959,5.173634874639,15.99,0.296186646902,39.3577085664,自动化设备,2024-10-29,2023-09-30
301022,海泰科,0.3716,419026704.22,14.2357928076,-14.7637,30913787.18,-41.02,-102.4724,10.945638121394,3.37,-0.494542408534,25.3351064075,汽车零部件,2024-10-29,2023-09-30
301018,申菱环境,0.58,1861651709.19,19.6120546013,3.7169,148989838.25,9.03,36.2529,9.472102136912,6.8,-0.17623448314,28.1666981703,通用设备,2024-10-29,2023-09-30
301012,扬电科技,0.0226,304637906.27,-43.5799945814,162.2703,2778619.32,-95.48,255.9487,7.862534857101,0.38,-0.148803048617,13.5750223885,电网设备,2024-10-29,2023-09-30
301011,华立科技,0.3,595006333.61,28.0368657724,14.0297,44692657.5,129.99,132.0788,4.663982713509,6.76,1.236963028045,29.6696252524,文娱用品,2024-10-29,2023-09-30
301006,迈拓股份,0.6375,282491501.87,3.2585538275,10.7935,88785387.84,-8.06,-4.641,8.641708521037,7.51,0.179483969486,51.894835048,通用设备,2024-10-29,2023-09-30
301002,崧盛股份,0.15,559296275.66,2.0332451535,0.3016,19005478.43,-74.94,-34.7182,6.204676653366,2.27,0.913874266438,27.9434229998,电网设备,2024-10-29,2023-09-30
300997,欢乐家,0.394,1305922529.13,22.9219033239,-0.3399,175751543.87,49.38,3.5565,3.079359992556,12.31,0.0126887182,37.6466305293,饮料乳品,2024-10-29,2023-09-30
300989,蕾奥规划,0.11,293761593.21,6.8458909336,-6.767,22152353.49,-37.27,-36.9692,6.325966930954,2.18,-0.316940313523,46.1998786114,工程咨询服务Ⅱ,2024-10-29,2023-09-30
300988,津荣天宇,0.47,1117549156.87,3.6673356066,-7.0772,65526178.81,0.8,6.2468,8.156042983903,6.06,-0.088507996127,19.6625538527,专用设备,2024-10-29,2023-09-30
300987,川网传媒,0.11,156190187.28,20.2714133169,6.4612,18780007.94,7.21,30.6117,4.602852005907,2.34,0.057470475117,34.1060199925,数字媒体,2024-10-29,2023-09-30
300981,中红医疗,0.0236,1581745922.68,29.5779331572,2.7736,9197195.77,-76.26,1047.5968,15.18267548108,0.15,0.217400495298,12.5404309444,医疗器械,2024-10-29,2023-09-30
300979,华利集团,1.96,14308274564.63,-6.9317748995,-8.1817,2286969572.37,-6.48,-14.6963,12.239998072571,16.55,2.769238860129,25.2686878655,纺织制造,2024-10-29,2023-09-30
300972,万辰集团,-0.3684,4900487114.84,1264.7492033811,84.511,-56555645.97,-250.67,12.4114,4.573107899739,-8.84,-0.396908680326,8.3187781828,休闲食品,2024-10-29,2023-09-30
300970,华绿生物,0.6492,750999036.22,42.3101794811,13.8033,75764508.43,13.21,-36.6705,13.490627814053,4.89,1.196231474464,19.0702204201,种植业,2024-10-29,2023-09-30
300968,格林精密,0.1,843924554.38,-25.2739956633,-5.8837,42104944.64,-53.51,-86.234,4.5634589746,2.2,0.667493601626,19.7909491782,消费电子,2024-10-29,2023-09-30
300965,恒宇信通,0.052,141815235.43,45.2956511779,-5.5353,3117394.73,292.58,1945.3982,22.988575609167,0.23,-1.238705732333,53.3155403584,航空装备Ⅱ,2024-10-29,2023-09-30
300948,冠中生态,0.2963,292093023.09,5.1706722268,-38.7594,41488670.67,0.02,-5.6828,6.256342628598,4.81,-0.370579790729,31.8446016635,基础建设,2024-10-29,2023-09-30
300947,德必集团,0.18,830598769.32,41.1061703883,8.1812,27297419.7,-53.63,330.2365,8.58235139176,2.09,3.149737760371,31.7044510776,一般零售,2024-10-29,2023-09-30
300946,恒而达,0.6,406552008.17,8.0214755008,0.4403,72133856.3,1.45,-12.2341,9.207237531457,6.65,0.073776187274,29.2436422059,通用设备,2024-10-29,2023-09-30
300942,易瑞生物,-0.2474,165099285.79,-71.1412614788,3.0819,-99158554.33,-166.83,28.9742,2.162660878386,-10.83,-0.145658835978,48.7311438175,医疗器械,2024-10-29,2023-09-30
300936,中英科技,1.8049,195524240.63,15.4043560653,-7.1423,135732151.48,407.23,1123.8604,13.632923990824,14.18,0.226975217021,28.1850942279,元件,2024-10-29,2023-09-30
300935,盈建科,-0.35,97472441.46,-13.7297933641,-51.9917,-27533807.28,-17.45,-473.4746,11.408679952759,-3.01,-0.464225376517,92.2914863243,软件开发,2024-10-29,2023-09-30
300926,博俊科技,0.521,1700639089.81,103.0686976892,11.6724,181600900.5,125.21,42.2614,5.168182372284,13.36,0.943437053728,24.1580731315,汽车零部件,2024-10-29,2023-09-30
300925,法本信息,0.23,2804219511.84,5.8750075827,4.6171,84451759.17,-20.12,-28.3748,3.754200630795,5.73,-0.263552097842,22.3736263349,软件开发,2024-10-29,2023-09-30
300920,润阳科技,0.1946,240019267.23,-21.5013132975,-1.9088,19464418.76,-6.13,-44.2786,11.5704340531,1.7,0.2921741611,21.3471108138,塑料,2024-10-29,2023-09-30
300918,南山智尚,0.33,1123527395.26,-5.205192103,-0.9188,119977492.59,13.06,-5.4257,5.188511725528,6.25,-0.056992100528,34.4496142802,纺织制造,2024-10-29,2023-09-30
300909,汇创达,0.33,884788808.21,47.5065828341,22.6127,57256238.33,-41.02,138.8278,10.745983360846,3.56,0.026311813072,27.212332155,光学光电子,2024-10-29,2023-09-30
300904,威力传动,0.44,415975008.8,-1.932139503,-35.632,24792496.21,-45.53,-88.6473,11.407769888197,7.03,-0.903165650713,22.4340261905,风电设备,2024-10-29,2023-09-30
300893,松原安全,0.52,814743104.53,16.1657288643,40.9134,117093205.83,48.56,76.9669,4.34180978125,12.43,0.48097477336,31.6868031413,汽车零部件,2024-10-29,2023-09-30
300888,稳健医疗,3.65,6010442517.0,-21.3531426761,-8.937,2147773293.68,71.78,381.2136,22.037915166441,17.26,0.374121629759,50.170800556,个护用品,2024-10-29,2023-09-30
300879,大叶股份,-0.14,808807434.11,-39.0932606849,-76.9891,-23149445.72,-135.2,-883.0727,5.828685960938,-2.43,2.425837429,18.5113592897,专用设备,2024-10-29,2023-09-30
300872,天阳科技,0.15,1431272580.45,5.8004495371,7.3682,61509834.23,66.47,824.0153,6.031305565494,2.46,0.126415317163,29.59798586,IT服务Ⅱ,2024-10-29,2023-09-30
300857,协创数据,0.8463,3228240193.95,46.3699479834,34.2922,195818269.69,69.1,23.391,9.542502196607,9.76,0.871809069064,13.4171332434,消费电子,2024-10-29,2023-09-30
300841,康华生物,2.7584,990055021.87,-6.1157510956,-0.199,368938090.47,-23.66,-15.5796,25.094164394506,11.32,1.968114615793,93.5598933815,生物制品,2024-10-29,2023-09-30
300840,酷特智能,0.393,551880070.87,22.0528216581,-11.4254,94320375.39,55.02,-40.9251,4.860652042708,8.38,0.440863230875,42.1896856998,服装家纺,2024-10-29,2023-09-30
300839,博汇股份,0.54,1911987957.36,-10.6414259045,12.7006,132543387.3,57.47,-137.3105,4.112126159065,12.72,-0.041899787338,15.5462910148,炼化及贸易,2024-10-29,2023-09-30
300832,新产业,1.5108,2908104076.14,26.6222538089,5.4173,1186704020.83,28.35,10.5778,9.036750524808,17.38,1.179895019616,72.3989777929,医疗器械,2024-10-29,2023-09-30
300830,金现代,-0.11,223051354.16,-23.1250181671,9.3673,-48652725.46,-134.49,8.3371,2.647473930881,-4.14,-0.294603231805,42.2949585378,软件开发,2024-10-29,2023-09-30
300827,上能电气,0.6,3310647595.13,210.5887190286,-27.1786,208451976.88,359.04,-25.6702,4.543459188593,15.93,-2.24365665386,19.511545082,光伏设备,2024-10-29,2023-09-30
300825,阿尔特,0.0686,603503697.74,-10.9882285112,-58.6173,33096644.13,-65.24,-183.2454,4.803574281735,1.38,-0.044246819768,35.0724087032,汽车服务,2024-10-29,2023-09-30
300820,英杰电气,1.2947,1132473030.42,46.7873227552,19.0104,279891172.6,34.39,9.1388,8.974372779868,16.89,-0.205169110479,39.4164940532,其他电源设备Ⅱ,2024-10-29,2023-09-30
300815,玉禾田,1.1528,4476254744.71,13.4547842366,2.5337,459503333.21,20.54,-20.1727,8.961671980923,13.23,0.300742737436,23.7231834233,环境治理,2024-10-29,2023-09-30
300809,华辰装备,0.38,349458999.61,44.7890132708,-30.1721,96079891.13,337.17,10.3418,6.108271195514,6.37,0.01796325832,34.5203994502,通用设备,2024-10-29,2023-09-30
300807,天迈科技,-0.73,101602469.89,-28.0675709514,38.8886,-49609387.17,-171.03,36.8068,8.089228760751,-8.67,-0.684430316574,39.9394473815,计算机设备,2024-10-29,2023-09-30
300806,斯迪克,0.19,1507350214.87,-6.8010836211,6.8245,84335103.41,-49.85,-55.3626,4.934622096738,3.85,-0.152237868437,28.0432057866,塑料,2024-10-29,2023-09-30
300805,电声股份,0.07,1654638141.4,0.1384840462,-14.213,30998805.75,228.39,-49.1665,3.595714964771,2.06,0.032986980649,11.9637156395,广告营销,2024-10-29,2023-09-30
300796,贝斯美,0.22,466347444.96,-14.6635160064,-28.8118,78845273.73,-31.35,-99.0217,4.608745819882,4.74,0.564077062277,38.4735998319,农化制品,2024-10-29,2023-09-30
300787,海能实业,0.471,1404590882.49,-25.619389414,11.516,107713714.22,-64.46,-34.1065,6.784802966108,6.94,-0.0715270086,28.7558068542,消费电子,2024-10-29,2023-09-30
300783,三只松鼠,0.42,4582139960.67,-14.0746361849,70.1009,169626593.62,81.42,142.0362,6.116320861471,7.06,0.601755324489,24.7428776535,休闲食品,2024-10-29,2023-09-30
300781,因赛集团,0.2985,387446766.87,2.586730628,45.9885,32818953.11,1.79,2.7166,6.175689673579,4.8,0.100100243983,36.4168791444,广告营销,2024-10-29,2023-09-30
300773,拉卡拉,0.8,4427788854.0,1.108510931,0.416,621532407.9,50.01,-56.5764,4.890839518375,17.07,0.232451976963,29.5732821568,多元金融,2024-10-29,2023-09-30
300756,金马游乐,0.66,669890519.73,86.6773715444,-18.866,95413101.87,559.71,-38.1816,9.118508237621,8.09,-0.002229936595,36.3712164083,专用设备,2024-10-29,2023-09-30
300755,华致酒行,0.55,8252686193.6,10.3284506646,12.3374,230922055.79,-34.69,61.0163,9.106206097624,6.19,0.933571865775,10.9968614633,专业连锁Ⅱ,2024-10-29,2023-09-30
300743,天地数码,0.29,463070740.8,5.036799112,8.8431,39942055.37,45.68,-18.3814,3.089042067537,8.52,0.590140173503,30.2516855174,计算机设备,2024-10-29,2023-09-30
300737,科顺股份,0.07,6240756387.8,4.771413976,-22.9145,81984155.41,-69.44,745.5383,4.728685609631,1.47,-0.720702385958,20.842476347,装修建材,2024-10-29,2023-09-30
300724,捷佳伟创,3.51,6405199986.54,50.4829553889,7.8985,1222610107.46,48.96,13.4823,23.891046123957,15.7,9.284492405557,27.8938961893,光伏设备,2024-10-29,2023-09-30
300719,安达维尔,0.0749,414417066.86,57.705096011,40.8868,19119685.47,285.75,643.4442,3.907268070914,1.95,-0.414414632066,43.6590323852,航空装备Ⅱ,2024-10-29,2023-09-30
300716,*ST泉为,-0.6748,890564466.87,-11.1222974381,-41.2905,-107977466.2,-174.11,42.757,1.138364080177,-45.81,0.915166106049,4.2324388556,塑料,2024-10-29,2023-09-30
300713,英可瑞,-0.13,197177763.27,-18.4401447657,0.8457,-20339612.21,-116.46,70.3325,4.221593077065,-3.05,-0.080795882468,20.4708099385,其他电源设备Ⅱ,2024-10-29,2023-09-30
300706,阿石创,0.09,698321049.61,40.3360102813,1.322,13810237.26,-14.66,-46.2721,4.925499755094,1.85,-0.300476549095,11.4058597051,半导体,2024-10-29,2023-09-30
300705,九典制药,0.64,1892932754.63,18.3693402361,-5.675,309990436.06,48.76,-6.9369,5.278878613014,18.4,1.121831793066,77.9913650862,化学制药,2024-10-29,2023-09-30
300702,天宇股份,0.2,1864959051.24,-10.5275284675,-8.8909,68795386.01,77.47,102.1261,10.141837103682,1.96,-0.393940769457,40.0461212579,化学制药,2024-10-29,2023-09-30
300698,万马科技,0.3014,357457820.97,2.3944718471,-0.3089,40390276.24,227.17,60.7427,3.342696895522,9.4,-0.23575709,39.6407874992,通信设备,2024-10-29,2023-09-30
300695,兆丰股份,1.81,569037804.3,54.1462795997,15.0255,128605120.86,4.04,1.2271,34.757331565324,5.36,1.50602105302,30.6838603078,汽车零部件,2024-10-29,2023-09-30
300687,赛意信息,0.3132,1682136838.55,0.9884755392,15.8414,128453632.88,-15.86,168.1517,6.24827331532,4.87,0.028893646866,33.0905771548,IT服务Ⅱ,2024-10-29,2023-09-30
300681,英搏尔,0.17,1260429278.52,-8.4784514701,16.7302,43065815.47,32.31,437.2304,7.074173029157,2.44,1.717768546607,15.076223485,汽车零部件,2024-10-29,2023-09-30
300680,隆盛科技,0.4219,1186663639.53,47.0265870924,14.5213,97079389.22,44.69,-20.1872,7.275936366177,5.77,0.088961780415,18.1110916447,汽车零部件,2024-10-29,2023-09-30
300677,英科医疗,0.5,5041996590.0,-3.2665850889,1.4527,330851410.0,-48.19,-91.5521,24.284885337999,2.08,0.336611777963,12.6676654297,医疗器械,2024-10-29,2023-09-30
300675,建科院,-0.2946,265138863.19,-15.276713895,0.6354,-43203111.44,-369.39,124.588,3.698885776185,-7.52,-0.445913247792,23.755767737,工程咨询服务Ⅱ,2024-10-29,2023-09-30
300672,国科微,0.36,3190136210.13,9.4470659437,-20.5776,78209861.06,-33.77,-127.1207,18.69411421155,1.94,-0.28002638406,10.5326092144,半导体,2024-10-29,2023-09-30
300667,必创科技,0.0759,565075231.5,10.1899654347,-19.7911,15298156.62,-23.28,4372.7774,6.182864812162,0.08,0.03873477449,33.6830251442,通用设备,2024-10-29,2023-09-30
300663,科蓝软件,-0.02,726668180.81,3.1033928142,-6.6833,-8853771.78,45.9,-211.8611,2.43146193516,-0.72,-0.679482401072,32.9702586706,软件开发,2024-10-29,2023-09-30
300652,雷迪克,0.91,462593051.8,-8.5137996079,10.6577,92964921.72,4.02,6.5682,12.615357936685,7.21,0.914802859828,30.8737215754,汽车零部件,2024-10-29,2023-09-30
300650,太龙股份,0.13,1822035702.12,-24.1441613342,22.4681,27459090.27,-46.65,75.9258,5.428646336811,2.44,0.980489585189,9.4817858321,其他电子Ⅱ,2024-10-29,2023-09-30
300645,正元智慧,0.22,742566989.16,40.1363534116,-10.4511,30611175.47,4.41,-3.5209,7.284982883652,2.93,-0.605606408248,44.132298107,计算机设备,2024-10-29,2023-09-30
300643,万通智控,0.37,825426794.32,-0.108470662,-0.2476,84589322.92,-25.29,-49.1164,4.42708419813,8.56,0.169162085435,31.6061424484,汽车零部件,2024-10-29,2023-09-30
300640,德艺文创,0.0709,548910558.49,-17.5855686174,6.4589,22143693.77,-48.92,3942.3875,2.601667838061,2.64,0.118103025873,19.2800753753,家居用品,2024-10-29,2023-09-30
300638,广和通,0.5984,5913843081.27,58.9557681903,-0.1828,455181283.82,59.31,-6.054,3.996877289108,16.62,0.522757071197,22.4356140906,通信设备,2024-10-29,2023-09-30
300635,中达安,0.0279,469404331.08,10.4131576072,38.5902,3799008.74,-82.39,-18706.7755,3.11077605889,0.75,-0.065407208961,22.041912705,工程咨询服务Ⅱ,2024-10-29,2023-09-30
300629,新劲刚,0.4723,383585948.3,20.8677766812,-5.3055,112010505.32,5.68,-21.9443,5.690331663934,8.64,-0.285530519268,63.1395874701,军工电子Ⅱ,2024-10-29,2023-09-30
300615,欣天科技,0.4111,561066946.02,81.2265439899,-43.5859,78219292.35,93.29,-42.1716,2.830860325699,13.26,0.748934174275,30.0905267433,通信设备,2024-10-29,2023-09-30
300614,百川畅银,0.04,362612458.53,6.747260673,-44.5385,5734336.0,-62.82,284.4956,9.498741385891,0.37,0.358208073687,24.1684764046,环境治理,2024-10-29,2023-09-30
300613,富瀚微,0.78,1349326579.93,-21.6325728885,-0.4333,179788097.43,-48.25,-26.6955,10.228243167427,7.61,1.119551289889,39.3339031628,半导体,2024-10-29,2023-09-30
300599,雄塑科技,0.07,964621846.65,-28.650020929,-10.0984,23967723.41,-9.82,-69.8733,6.303026840468,0.68,0.296040887287,16.3208579908,装修建材,2024-10-29,2023-09-30
300596,利安隆,1.2324,3857232359.17,7.313972368,2.4272,282975804.09,-34.96,0.6112,17.557926108699,7.14,0.488145060153,19.2338082293,化学制品,2024-10-29,2023-09-30
300591,万里马,0.0157,430080451.49,7.3342558429,3.4866,6364128.42,155.31,-88.9647,1.38441163265,1.14,-0.001482508148,21.8656629554,服装家纺,2024-10-29,2023-09-30
300590,移为通信,0.2144,651325905.84,-10.682515077,-8.1527,98205346.2,-29.45,-15.0274,3.786255258018,5.7,0.52842654228,40.7479413931,通信设备,2024-10-29,2023-09-30
300588,熙菱信息,-0.1741,111112946.76,-2.8988809091,-41.7858,-33442099.7,30.51,-163.6174,2.029518131176,-8.28,-0.095960960622,30.274976455,计算机设备,2024-10-29,2023-09-30
300587,天铁科技,-0.04,1233139211.45,2.066416693,-56.5299,-43475274.52,-112.91,-267.221,2.684635301508,-1.46,-0.509547886077,22.5233315169,橡胶,2024-10-29,2023-09-30
300585,奥联电子,0.0444,350129902.94,27.3285783634,-16.1097,7595910.99,-63.67,-88.6107,4.226339852413,1.05,-0.046053885186,25.1661132197,汽车零部件,2024-10-29,2023-09-30
300583,赛托生物,0.5,923225289.28,-1.0426321514,-21.0722,61157474.42,48.06,-97.3328,10.691847682877,3.12,-0.389364491782,25.8274709379,化学制药,2024-10-29,2023-09-30
300573,兴齐眼药,1.05,1104863512.43,10.0163419715,5.1346,182331511.64,-10.11,38.2595,12.862852469368,11.19,1.822405923887,77.5810110359,化学制药,2024-10-29,2023-09-30
300562,乐心医疗,0.07,608042980.31,-27.6127410637,0.6139,15181224.68,70.05,-68.4086,4.728373869026,1.49,0.219382151286,30.5713407719,医疗器械,2024-10-29,2023-09-30
300558,贝达药业,0.73,2043551452.9,22.9042960206,-6.7223,304692911.78,196.38,61.3738,12.533053040128,6.04,1.338129001746,85.6467336908,化学制药,2024-10-29,2023-09-30
300552,万集科技,-0.9245,541452495.96,2.5904699826,1.2871,-197042091.79,-117.58,-89.3942,11.7503067643,-7.59,-1.241568750378,36.1119339682,计算机设备,2024-10-29,2023-09-30
300542,新晨科技,-0.06,849366606.6,3.1835748987,-0.0707,-19404836.79,-301.42,-349.7054,1.989126323057,-3.15,-0.737942119883,19.0678095432,软件开发,2024-10-29,2023-09-30
300539,横河精密,0.12,499410252.55,3.1450890979,47.6339,27536648.61,57.05,-20.2834,2.381196141939,5.25,0.159282412406,21.0385802581,塑料,2024-10-29,2023-09-30
300537,广信材料,0.1825,394554563.22,-6.4062284832,8.9411,35219622.3,374.8,124.9281,3.599500455904,5.2,-0.069906723798,32.2388500825,电子化学品Ⅱ,2024-10-29,2023-09-30
300532,今天国际,1.06,2311680445.63,37.1295249282,-10.4175,326419668.42,73.98,-8.9147,5.080034759742,21.2,0.168624553974,30.9036145969,IT服务Ⅱ,2024-10-29,2023-09-30
300531,优博讯,0.25,920602594.2,-10.1558008526,0.752,82753785.54,-38.04,-2.8523,5.492444703571,4.69,0.201006530361,26.3040997924,计算机设备,2024-10-29,2023-09-30
300525,博思软件,0.0244,1101306145.18,15.0154457268,19.8173,18075897.74,68.44,362.4423,3.214916588156,0.84,-0.453935532824,64.4932677048,软件开发,2024-10-29,2023-09-30
300522,世名科技,0.1081,522056564.45,6.8003158785,13.0943,34846032.78,-36.83,50.1893,2.540231190577,4.4,0.121003397792,27.2392837335,化学制品,2024-10-29,2023-09-30
300521,爱司凯,-0.0152,106007224.64,5.2150691697,-20.7445,-2185213.8,-194.9,-146.9593,3.477224731875,-0.44,-0.09010199625,43.8855947583,专用设备,2024-10-29,2023-09-30
300514,友讯达,0.8097,841236761.3,3.3744646937,13.1467,161933940.46,100.12,12.3243,4.26998621945,20.17,0.80169396155,37.6359794002,电网设备,2024-10-29,2023-09-30
300512,中亚股份,0.1485,719949190.73,6.8592957206,0.761,60261070.31,-30.69,-59.1258,4.00675137516,3.72,-0.087705599977,30.2440888001,专用设备,2024-10-29,2023-09-30
300510,金冠股份,0.0476,765131899.78,-0.0560174802,41.8305,39453651.4,197.99,-60.1726,3.24143456447,1.48,-0.592864889296,27.2078323371,电网设备,2024-10-29,2023-09-30
300503,昊志机电,-0.1,702421780.48,-4.1236082296,-11.8802,-29948723.96,-188.15,-483.5485,4.192583226432,-2.32,0.318950096702,32.5450605893,通用设备,2024-10-29,2023-09-30
300496,中科创达,1.323,3876395409.01,0.5746531594,5.5337,605980697.54,-5.18,-0.7061,20.901353374753,6.5,1.186144107257,40.7625066707,IT服务Ⅱ,2024-10-29,2023-09-30
300488,恒锋工具,0.5829,395636496.83,2.6445584265,-6.7859,96568889.75,-9.89,-12.2683,8.131351657544,7.33,0.578940440839,45.3678578135,通用设备,2024-10-29,2023-09-30
300476,胜宏科技,0.68,5743789807.99,-3.728912958,8.4305,585718780.52,-8.45,9.8526,8.596345195868,8.12,0.823595390657,22.036064153,元件,2024-10-29,2023-09-30
300473,德尔股份,0.0728,3225166405.06,10.5006274604,-4.7223,10952979.6,126.45,-83.269,9.891920227878,0.73,1.255497141856,19.3625568005,汽车零部件,2024-10-29,2023-09-30
300470,中密控股,1.2118,989013729.46,9.277566638,15.3949,248214829.05,3.9,8.1176,11.787035560434,9.96,0.78082351486,50.2224356725,通用设备,2024-10-29,2023-09-30
300459,汤姆猫,0.057,1027841650.41,-18.383007172,-2.1052,200429781.71,-49.94,-83.8692,1.157597667339,5.04,0.080812497734,91.5571789531,游戏Ⅱ,2024-10-29,2023-09-30
300458,全志科技,-0.03,1120875922.88,-4.2899556651,1.886,-20555214.98,-109.26,-114.5773,4.577422945112,-0.7,0.216372668964,32.2934913384,半导体,2024-10-29,2023-09-30
300456,赛微电子,0.0167,909443259.7,63.8117348774,148.5387,12256365.57,662.76,192.598,6.811605345168,0.25,-0.078465097111,28.6646206478,半导体,2024-10-29,2023-09-30
300447,全信股份,0.407,815380709.23,-6.3384129818,-5.5213,126676050.1,-24.45,-12.6915,6.445162646774,6.51,-0.027214158736,45.4927093039,军工电子Ⅱ,2024-10-29,2023-09-30
300440,运达科技,0.0767,536443571.91,20.2394945484,35.9618,34092722.05,-46.48,-43.6089,3.176857226886,2.45,0.063403171933,37.6641944689,IT服务Ⅱ,2024-10-29,2023-09-30
300427,红相股份,-0.1304,826832105.11,-37.5311361019,4.1235,-47181924.85,-162.51,-302.8481,3.570060478306,-3.45,-0.352760902983,28.4682270083,电网设备,2024-10-29,2023-09-30
300424,航新科技,0.0302,1373650718.35,45.6001958646,-2.2218,7240836.25,-64.84,-27.6028,2.986165769415,0.96,-0.263446786635,21.919283346,航空装备Ⅱ,2024-10-29,2023-09-30
300417,南华仪器,-0.0339,85022761.18,-8.264919024,4.1038,-4616184.81,-256.55,112.7562,3.381229764743,-1.0,0.053252267005,39.372599308,通用设备,2024-10-29,2023-09-30
300415,伊之密,0.78,2939877018.43,3.3745134184,-11.5859,364764932.1,11.47,-29.7468,5.514184915608,15.37,0.037541059943,33.1315982857,专用设备,2024-10-29,2023-09-30
300406,九强生物,0.63,1233685019.6,9.9325143628,-5.7739,371317794.78,37.89,-0.6111,5.781067564307,10.8,0.623569165424,75.6034406264,医疗器械,2024-10-29,2023-09-30
300398,飞凯材料,0.4,1999028797.54,-10.1780223067,-1.2813,210153524.56,-34.52,-64.7091,7.124729677542,5.52,0.303735976747,35.1056664458,电子化学品Ⅱ,2024-10-29,2023-09-30
300390,天华新能,2.18,8910441366.29,-29.1313392909,-26.9017,1821603774.48,-64.66,-9.316,14.66455144907,15.09,4.357150497049,29.8050700008,电池,2024-10-29,2023-09-30
300384,三联虹普,0.6622,924059366.9,20.9687140155,-10.543,211233064.16,20.93,-8.8067,7.64794336408,8.7,0.232588630544,39.7200398987,专业工程,2024-10-29,2023-09-30
300382,斯莱克,0.17,1131836369.7,-11.5611421305,4.2858,104920656.33,-44.45,54.9168,3.54312021906,4.24,-0.005084827616,27.9489675353,专用设备,2024-10-29,2023-09-30
300377,赢时胜,0.0117,1092012394.46,21.6735073607,0.9205,8751969.45,41.49,84.5835,3.904287094874,0.29,-0.277940132882,46.7981784825,软件开发,2024-10-29,2023-09-30
300340,科恒股份,-0.4529,2416718322.07,-10.7198408383,-7.1028,-96082228.33,-66.01,-529.4099,0.660431651273,-51.49,0.508215158759,8.1060985602,电池,2024-10-29,2023-09-30
300338,*ST开元,-0.0831,292610996.81,-36.9615498191,-27.4437,-32800935.61,-148.66,-210.5157,0.280162426975,-33.06,-0.248248135199,66.4965477379,教育,2024-10-29,2023-09-30
300335,迪森股份,0.14,936721647.18,16.6377770101,6.1405,65589450.59,539.66,-1.4676,4.032886193346,3.49,-0.089790310792,26.9715263484,电力,2024-10-29,2023-09-30
300317,珈伟新能,0.0235,517400407.38,35.9596907222,9.9849,19414733.65,-79.18,-28.7579,2.249385159446,1.05,-0.180642947355,24.2113368454,电力,2024-10-29,2023-09-30
300310,宜通世纪,0.0086,1879376893.4,1.2897962124,3.0426,7608825.93,-57.9,147.0712,2.107410550843,0.42,-0.669353022174,10.7990244853,通信服务,2024-10-29,2023-09-30
300305,裕兴股份,0.1544,1433268628.65,4.5148325808,-14.8077,43875392.42,-66.47,-124.057,6.645730711873,2.3,-0.14644693374,12.3759415377,塑料,2024-10-29,2023-09-30
300287,飞利信,-0.1011,661862268.92,-28.9064015512,126.604,-145169130.29,-80.02,85.2156,1.058640647353,-9.12,-0.002177592862,18.9373240998,IT服务Ⅱ,2024-10-29,2023-09-30
300285,国瓷材料,0.44,2787191999.36,14.0884318309,-12.0166,440863203.2,-3.53,-37.6273,6.181621285913,7.22,0.313317949899,36.8958591147,电子化学品Ⅱ,2024-10-29,2023-09-30
300284,苏交科,0.181,3116769701.51,-3.0329958267,-1.4735,228534856.3,-18.38,-52.3482,6.528492342725,2.78,-0.547274866288,30.8325504314,工程咨询服务Ⅱ,2024-10-29,2023-09-30
300276,三丰智能,0.0273,1218510320.86,22.5737084098,-59.2345,38264515.89,19.25,-82.6419,1.377970649045,1.99,0.032393895708,18.2227642539,自动化设备,2024-10-29,2023-09-30
300272,开能健康,0.23,1241561388.15,-0.144250423,5.2383,129318581.04,44.3,103.1833,2.027026994065,11.33,0.498097078883,39.1863828083,小家电,2024-10-29,2023-09-30
300266,兴源环境,-0.1673,693419558.27,-26.732706547,-2.7468,-259955035.84,-76.63,1.5533,0.623817634868,-23.67,-0.064037744618,0.9650582032,环境治理,2024-10-29,2023-09-30
300263,隆华科技,0.1958,1893501952.03,12.0494624754,20.059,177103759.53,15.3,46.0591,3.400316843688,5.6,-0.081563103628,24.2000041864,通用设备,2024-10-29,2023-09-30
300250,初灵信息,0.09,241798090.9,-18.1578027724,-24.8321,18502923.42,74.15,-74.4898,2.828692664448,3.05,0.009609328705,60.6155372792,IT服务Ⅱ,2024-10-29,2023-09-30
300248,新开普,0.009,574390330.73,-2.5892949295,33.688,4269967.95,139.6,1004.4552,4.181927606482,0.2,-0.258833654321,54.3491141335,计算机设备,2024-10-29,2023-09-30
300238,冠昊生物,0.16,308949013.47,5.0903649996,0.0043,41271327.27,117.82,22.0192,1.996004832572,8.14,0.225895847248,80.4198240575,医疗器械,2024-10-29,2023-09-30
300227,光韵达,0.1087,764027991.67,0.8389619483,34.7186,54336765.33,-42.99,23.2822,3.130811009127,3.53,0.006805174704,34.0375627523,自动化设备,2024-10-29,2023-09-30
300225,金力泰,0.0126,534404307.49,6.8286562908,-5.2916,6170135.2,107.29,180.603,1.589445956841,0.8,-0.231183969327,25.5612175586,化学制品,2024-10-29,2023-09-30
300219,鸿利智汇,0.27,2650422356.52,-2.002334709,-2.6014,191213834.55,29.21,-7.1392,3.611188290482,7.76,0.521149010229,22.1722765986,光学光电子,2024-10-29,2023-09-30
300217,东方电热,0.39,3237447277.0,21.368524304,4.6237,584925564.92,147.69,214.4163,2.588913172869,16.38,0.110050232635,21.7085489133,家电零部件Ⅱ,2024-10-29,2023-09-30
300203,聚光科技,-0.393,2052258372.9,-5.6350539163,24.8572,-176227480.98,-61.1,22.4308,6.75210039541,-5.61,-0.727591148606,41.6410731755,通用设备,2024-10-29,2023-09-30
300195,长荣股份,0.01,1195079335.06,16.7945412373,-0.6155,5759334.11,97.79,116.9765,6.273786254425,0.23,0.041986467163,29.4586834139,专用设备,2024-10-29,2023-09-30
300189,神农种业,-0.0114,116280912.01,23.910287563,325.5375,-11638165.25,49.7,133.5047,0.776936276914,-1.45,0.006720736914,47.2478456785,种植业,2024-10-29,2023-09-30
300185,通裕重工,0.0644,4385987071.2,0.5822043332,6.5373,250839990.33,45.78,-30.17,1.738770976202,3.6,0.021678881401,18.9389705769,风电设备,2024-10-29,2023-09-30
300171,东富龙,0.7723,4325047311.88,13.3092677861,-10.0478,583404859.76,-3.48,-19.3261,10.308263066744,7.62,-0.451171447778,37.8312140178,医疗器械,2024-10-29,2023-09-30
300155,安居宝,0.0196,266630814.51,-15.5078208519,-23.2991,10996512.98,47.33,-62.1197,2.422358396202,0.81,0.075742432345,42.3160603163,计算机设备,2024-10-29,2023-09-30
300154,瑞凌股份,0.22,891149329.21,14.5109573755,-13.5082,100498226.29,57.16,-9.9461,3.771626417998,5.61,0.10880830716,23.2479856685,通用设备,2024-10-29,2023-09-30
300151,昌红科技,0.1,739055698.93,-18.4410963156,-1.6518,50531769.59,-57.47,-27.4794,2.965381971172,3.83,0.229539056432,28.018023337,专用设备,2024-10-29,2023-09-30
300133,华策影视,0.18,1464468332.27,-0.0152849772,90.1822,327284567.88,8.72,-7.1522,3.697892635731,4.72,0.182920636279,30.4962914546,影视院线,2024-10-29,2023-09-30
300124,汇川技术,1.25,20121204085.32,23.8918987713,0.0151,3319367588.06,7.6,-6.5671,8.433171594873,15.64,0.543582854425,35.7807843989,自动化设备,2024-10-29,2023-09-30
300121,阳谷华泰,0.64,2627052254.08,-2.5976204745,12.8316,259312290.02,-40.87,-58.6929,7.352182253308,8.77,0.644229228773,23.3304239669,橡胶,2024-10-29,2023-09-30
300118,东方日升,1.15,28016707389.67,33.2746452674,-3.8747,1279349860.17,71.18,-23.9945,13.379784823187,8.95,1.184877454433,14.9306513752,光伏设备,2024-10-29,2023-09-30
300112,万讯自控,0.1506,752380065.58,-3.7994515374,-3.8795,43519876.69,-38.49,-88.018,3.941517182695,3.61,0.166224544194,46.7102688598,通用设备,2024-10-29,2023-09-30
300110,华仁药业,0.116,1215927751.99,10.0998279215,-9.1411,137083571.59,11.26,33.0817,2.235763902109,5.29,0.166686386142,43.8369633523,化学制药,2024-10-29,2023-09-30
300106,西部牧业,-0.1002,875562589.43,-10.0539126702,4.1799,-21181135.72,-245.45,-2736.57,2.765065374954,-2.95,-0.129758158987,13.4236566807,饮料乳品,2024-10-29,2023-09-30
300105,龙源技术,0.0309,614290850.54,81.7447860341,-2.2453,16990078.29,-76.22,1.1929,3.518238231649,0.91,-0.274570728126,17.8678165096,其他电源设备Ⅱ,2024-10-29,2023-09-30
300095,华伍股份,0.1862,948147948.49,-10.0846191738,-10.4663,78060846.07,-39.84,48.2399,5.045386813817,3.68,0.197364121717,29.5361234717,专用设备,2024-10-29,2023-09-30
300094,国联水产,-0.21,3971652507.2,0.5895695291,-0.5524,-235163821.43,-552.58,75.2686,2.549941287287,-7.86,0.075334728325,8.2603317512,渔业,2024-10-29,2023-09-30
300083,创世纪,0.1,2785814465.49,-28.2165679157,-20.8986,162148488.51,-62.89,-151.6484,2.883710361518,3.43,-0.110744494781,22.6715021253,自动化设备,2024-10-29,2023-09-30
300074,华平股份,-0.0223,319268596.88,11.4836161464,0.903,-11837158.72,67.29,76.0789,1.947096481024,-1.14,0.037226353087,45.3647274193,软件开发,2024-10-29,2023-09-30
300052,中青宝,-0.0034,196073137.52,-13.0436659155,4.9444,-885194.89,-112.55,-262.5659,2.171884393191,-0.16,0.116471077514,40.4518389175,IT服务Ⅱ,2024-10-29,2023-09-30
300041,回天新材,0.5463,3087271078.03,7.0675842876,0.334,295780977.76,13.62,-29.9259,4.91040559561,10.43,0.358870145514,23.8888241304,化学制品,2024-10-29,2023-09-30
300037,新宙邦,1.07,5582582244.24,-23.8251402637,20.3624,797156019.61,-44.73,3.3733,11.49722958076,9.3,3.338407893683,29.9155676815,电池,2024-10-29,2023-09-30
300035,中科电气,-0.0778,3522090922.75,-5.9485642348,7.9186,-56265575.19,-113.2,561.1246,6.531229877728,-1.17,0.707090675638,12.8480945147,电池,2024-10-29,2023-09-30
300002,神州泰岳,0.2905,4051041446.32,25.2178857949,-3.0454,562789810.62,46.78,-29.7147,2.757430530342,10.97,0.316555301253,63.1087962046,游戏Ⅱ,2024-10-29,2023-09-30
300001,特锐德,0.21,9402685034.45,36.5891630287,4.5577,221894108.65,111.27,73.2351,6.155473854104,3.45,0.030851045257,18.8330825424,电网设备,2024-10-29,2023-09-30
200761,本钢板B,-0.3,43502615693.4,-9.0649579718,-12.5004,-1245819541.87,-383.02,77.1135,4.049405139652,-6.85,1.181223197843,-0.5905227305,普钢,2024-10-29,2023-09-30
200706,瓦轴B,-0.1011,1772444939.14,7.7017722571,-19.552,-40705444.98,33.84,57.854,1.07446053696,-9.02,-0.334031046051,15.5194622098,通用设备,2024-10-29,2023-09-30
200625,长安B,1.01,108206319432.68,26.7771059871,38.0728,9882404579.77,43.22,226.5235,7.086100189808,14.84,1.762077928298,16.5857266779,乘用车,2024-10-29,2023-09-30
200541,粤照明B,0.1769,6797008003.68,4.1656953673,-5.9645,238691801.19,6.12,-32.0864,3.808576716102,4.59,0.553281338792,18.5527899366,照明设备Ⅱ,2024-10-29,2023-09-30
200056,*ST皇庭B,-0.45,1013296329.06,102.6706412327,-63.6651,-511262318.09,-27.26,70.9955,1.328827871968,-27.72,0.195339562516,19.6234316317,房地产服务,2024-10-29,2023-09-30
200055,方大B,0.25,3216373064.13,22.9371134653,-9.9793,266437646.54,24.45,-24.2972,5.544331261244,4.56,-0.019316996477,21.779421801,装修建材,2024-10-29,2023-09-30
200028,一致B,2.14,56585864462.43,3.60529942,-7.626,1189663637.63,13.56,-23.21,30.495891229356,7.18,2.633059748609,11.5553472865,医药商业,2024-10-29,2023-09-30
200019,深粮B,0.2379,4479404058.88,-29.6246451665,10.3381,274221590.34,-13.87,69.1604,4.120660508082,5.82,0.61438905461,16.8118711838,农产品加工,2024-10-29,2023-09-30
003036,泰坦股份,0.55,1110605875.27,-14.0235501584,5.6365,119205310.01,10.96,-7.2344,6.241378606759,8.91,1.025507184815,20.7742410532,专用设备,2024-10-29,2023-09-30
003028,振邦智能,1.39,870125003.0,8.0179745529,14.7159,154949255.95,17.03,-10.2843,13.795919487189,10.57,2.290016421816,27.6556375877,家电零部件Ⅱ,2024-10-29,2023-09-30
003021,兆威机电,0.54,813472672.98,4.2018899755,10.0717,128136317.98,24.94,24.6664,17.747757795227,4.28,0.865682764991,28.8024258973,电机Ⅱ,2024-10-29,2023-09-30
003018,金富科技,0.36,639962892.7,4.8916166805,17.7481,93887353.42,4.31,25.5165,5.6592185055,6.54,0.290153404692,25.9798397511,包装印刷,2024-10-29,2023-09-30
003013,地铁设计,0.72,1859809516.66,9.4863883377,-0.1399,286160508.53,10.68,-36.1485,5.667161541511,12.75,-1.626159591685,36.3723972482,工程咨询服务Ⅱ,2024-10-29,2023-09-30
002999,天禾股份,0.17,11916404471.22,-8.5122480214,-27.7218,59374015.5,-33.75,-87.5608,3.418442524396,4.16,-4.080521501761,5.3583501868,农化制品,2024-10-29,2023-09-30
002996,顺博合金,0.15,8185571165.73,-0.7658542713,9.804,83985087.02,-65.29,-78.9737,5.492640519456,3.36,-0.533903371696,3.1029823062,工业金属,2024-10-29,2023-09-30
002993,奥海科技,1.26,3568159141.26,6.542106497,39.3295,348503793.61,-8.55,5.87,17.238825503514,7.51,1.261004122482,22.5716337188,消费电子,2024-10-29,2023-09-30
002987,京北方,0.4,3122609695.43,15.3572707225,7.4184,248793985.68,32.08,10.8427,5.536486785246,10.66,-1.396823059168,23.6847419257,软件开发,2024-10-29,2023-09-30
002986,宇新股份,1.22,4665938895.64,-1.3985946479,15.7811,382190619.73,13.97,49.4579,8.584704996738,14.55,0.73589112377,16.4207205484,炼化及贸易,2024-10-29,2023-09-30
002980,华盛昌,0.65,490674685.3,5.0924088626,-7.094,91030035.1,-5.11,-3.1646,7.616021191464,8.58,0.822032497035,41.7899987432,电网设备,2024-10-29,2023-09-30
002972,科安达,0.2091,167779612.85,-44.6550187699,-1.7105,50991309.85,-49.19,-4.7417,4.925394323496,3.96,-0.080826709736,64.9498937141,轨交设备Ⅱ,2024-10-29,2023-09-30
002953,日丰股份,0.3181,2875996087.35,5.5763222904,-22.6926,109755259.23,21.84,-30.5968,4.877652150716,7.79,0.04368239889,12.1742141458,电网设备,2024-10-29,2023-09-30
002948,青岛银行,0.47,9696843000.0,1.828179885,1.8134,2988738000.0,15.17,-54.1936,5.486447908119,9.1575,1.353080245698,,银行Ⅱ,2024-10-29,2023-09-30
002937,兴瑞科技,0.64,1486758542.44,17.5071563092,6.4344,189916372.53,32.24,16.2335,4.718504175435,14.15,0.924985737827,26.5687290535,汽车零部件,2024-10-29,2023-09-30
002930,宏川智慧,0.53,1160532195.91,23.8222668816,-2.7128,240541934.02,31.06,-11.5845,5.274540420595,9.75,1.746149723221,59.4097605547,物流,2024-10-29,2023-09-30
002923,润都股份,0.2,945364659.04,-4.6991103068,-2.0769,65557927.0,-35.49,-112.8176,3.516999218372,5.52,0.321509944663,50.892212497,化学制药,2024-10-29,2023-09-30
002917,金奥博,0.2333,1042209558.97,16.363020597,-4.6176,80813435.42,72.41,-17.0073,4.297613183676,5.41,0.156751067938,31.286654544,化学制品,2024-10-29,2023-09-30
002916,深南电路,1.77,9461493197.64,-9.7651156564,5.4986,908139147.45,-23.18,62.3124,24.73081748098,7.3,3.022030292241,23.1133270374,元件,2024-10-29,2023-09-30
002912,中新赛克,0.43,460061989.96,75.6698140116,57.9871,74114843.84,173.49,-98.0563,9.557042786146,4.65,-0.642117728753,80.303024532,计算机设备,2024-10-29,2023-09-30
002907,华森制药,0.1072,515257554.58,-8.2664981578,-10.4757,44775006.77,-38.54,-69.6944,3.905098550726,2.76,0.43171113359,56.787817009,中药Ⅱ,2024-10-29,2023-09-30
002906,华阳集团,0.62,4796915411.44,19.6703887104,24.2822,297494008.5,11.39,11.1189,11.066526142093,6.69,0.311402809916,22.0864179325,汽车零部件,2024-10-29,2023-09-30
002883,*ST中设,0.21,529494073.39,4.4454502283,-5.2682,32695214.08,-16.58,-23.2102,4.238510400669,4.95,0.168175953641,32.8452688935,工程咨询服务Ⅱ,2024-10-29,2023-09-30
002881,美格智能,0.27,1559697450.6,-13.3365092221,-7.4313,68660969.96,-43.91,-34.4322,5.672052064969,5.25,-0.106699209114,19.2526193169,通信设备,2024-10-29,2023-09-30
002875,安奈儿,-0.35,563902105.87,-16.3713728533,-19.5545,-73805009.08,51.94,-151.7891,3.97144646006,-8.47,0.061878188918,53.5060861201,服装家纺,2024-10-29,2023-09-30
002869,金溢科技,0.1475,350070991.84,-1.2264488227,-8.7588,26481300.77,102.77,-15.7508,11.696652937086,1.28,0.187258308299,34.1975463522,计算机设备,2024-10-29,2023-09-30
002862,实丰文化,-0.0895,221586327.17,-20.9228841008,38.3401,-10634162.96,-263.25,-396.2095,3.8659426845,-2.28,-0.28007040175,20.7316914842,文娱用品,2024-10-29,2023-09-30
002858,力盛体育,0.0198,275626802.68,90.4306777022,5.671,3156761.29,108.75,-589.6364,4.602443008342,0.5,-0.164631830627,26.4350884934,体育Ⅱ,2024-10-29,2023-09-30
002850,科达利,3.28,7768355719.01,30.1215178526,10.036,794968697.74,33.95,7.0885,36.597488246435,11.48,0.133309365582,23.3318724968,电池,2024-10-29,2023-09-30
002847,盐津铺子,1.47,3004608968.85,52.5370029348,10.9463,395866416.37,81.07,11.9713,6.95132123523,32.42,2.200191280971,34.4544314882,休闲食品,2024-10-29,2023-09-30
002845,同兴达,0.05,6036559172.08,-5.5552637929,14.7081,17757455.46,-63.61,-90.03,8.15159971083,0.67,0.373792940507,7.2573881039,光学光电子,2024-10-29,2023-09-30
002831,裕同科技,1.07,10806577716.39,-10.2194252029,28.5989,985431693.55,-3.3,121.2537,11.364643899077,9.41,2.771754957093,25.4452541865,包装印刷,2024-10-29,2023-09-30
002829,星网宇达,0.73,692345317.4,16.2398869035,248.9055,113546985.61,6.72,328.9408,9.598868972738,6.45,-1.489724370593,38.7275683147,航天装备Ⅱ,2024-10-29,2023-09-30
002819,东方中科,-0.3544,2147407165.04,22.7189084503,2.3801,-108183106.52,-491.36,-78.5888,14.748934218645,-3.3,-1.486222128341,18.8250336681,通用设备,2024-10-29,2023-09-30
002815,崇达技术,0.39,4305899696.57,-4.0115587768,-1.8327,398897873.02,-19.27,-38.352,6.366394352306,6.23,0.977572135242,27.3484555262,元件,2024-10-29,2023-09-30
002813,路畅科技,-0.1521,214118622.04,-10.2160033422,-21.7045,-18248423.11,-609.53,34.4734,3.11718534775,-4.76,-0.07483121575,21.0325981182,汽车零部件,2024-10-29,2023-09-30
002811,郑中设计,0.06,832053022.65,5.925525522,8.4854,15399493.74,131.15,210.3005,4.049973915059,1.26,0.721140201396,27.2591625901,装修装饰Ⅱ,2024-10-29,2023-09-30
002810,山东赫达,0.67,1178484300.65,-11.5316731954,14.0475,229530217.32,-24.95,-13.6567,5.893158254964,11.58,0.286108043156,30.9282355428,化学制品,2024-10-29,2023-09-30
002801,微光股份,0.95,954180586.11,2.2928348415,-13.1248,218318926.73,-12.28,-33.4598,6.987615613721,13.85,0.756313574676,33.597940333,电机Ⅱ,2024-10-29,2023-09-30
002790,瑞尔特,0.4208,1546108946.91,11.5502212593,-0.9025,175847951.82,14.07,-14.9587,4.872519785542,8.81,0.710168948552,28.5066463519,家居用品,2024-10-29,2023-09-30
002782,可立克,0.2796,3458299974.98,74.5811597198,-10.1288,136182503.47,85.9,96.0771,3.716719949368,7.52,0.546371246553,12.2635226755,其他电子Ⅱ,2024-10-29,2023-09-30
002778,中晟高科,-0.17,521799347.87,17.1648489281,-12.1593,-21555243.92,-30.89,-536.7513,4.458133591817,-3.8,-0.623122973581,12.5335400278,环境治理,2024-10-29,2023-09-30
002774,快意电梯,0.2849,1198900547.59,16.9676406805,-0.4141,95926960.22,100.53,-7.8521,3.613035038681,7.9,0.382303976739,27.565233678,专用设备,2024-10-29,2023-09-30
002760,凤形股份,-0.16,519941930.7,-8.7726993562,-27.2643,-17762887.61,-139.16,-617.109,8.779853528572,-1.84,-0.188443130525,20.2714364387,通用设备,2024-10-29,2023-09-30
002748,世龙实业,0.0269,1545656117.52,-21.8311963603,9.782,6453649.83,-94.95,156.2113,5.54848884825,0.48,0.370295852042,8.7051392347,化学原料,2024-10-29,2023-09-30
002746,仙坛股份,0.31,4335054026.93,23.0125553949,-0.8335,266814842.9,160.65,-42.8776,5.376045765259,5.86,0.382355913239,6.3815028964,养殖业,2024-10-29,2023-09-30
002745,木林森,0.24,12747603758.13,4.4815090095,4.6779,350718674.65,-11.08,133.7074,9.171488900356,2.58,1.119236864309,28.1047706595,光学光电子,2024-10-29,2023-09-30
002738,中矿资源,2.9966,5005495445.65,-8.8110327561,-8.2258,2070079683.3,0.92,39.6418,16.866229346598,19.35,3.692071558503,61.646837299,能源金属,2024-10-29,2023-09-30
002737,葵花药业,1.47,4235195578.94,31.1414746366,-5.2923,851186073.7,67.2,-8.188,7.686830023801,19.44,0.663562564521,58.2533293678,中药Ⅱ,2024-10-29,2023-09-30
002705,新宝股份,0.8942,10754682477.49,0.3459799086,24.8068,735934987.91,-12.78,33.0197,8.971922178568,10.12,1.213352866841,22.5019252462,小家电,2024-10-29,2023-09-30
002685,华东重机,-0.0806,516104612.81,-31.0208750727,17.4324,-81269248.45,-616.67,49.3874,2.146348011691,-3.69,-0.004726400282,15.3436904466,工程机械,2024-10-29,2023-09-30
002677,浙江美大,0.56,1261338629.0,-9.7550537181,12.7355,363447660.42,-2.48,23.8141,2.986172991569,18.45,0.720185742488,47.3689990153,厨卫电器,2024-10-29,2023-09-30
002675,东诚药业,0.3466,2585343598.9,-5.6940008483,-14.358,285811541.04,-13.47,-24.3627,6.082606392535,5.91,0.121052805023,43.8100785765,化学制药,2024-10-29,2023-09-30
002674,兴业科技,0.5947,1940641370.01,38.5612193273,1.7008,173560220.91,31.74,25.2261,8.152534399365,7.31,0.019049660515,21.5758143895,纺织制造,2024-10-29,2023-09-30
002661,克明食品,0.035,3931112429.46,-8.4828921215,2.8712,11254681.87,-91.34,100.6059,7.392485335781,0.45,1.517629511732,12.2998281109,食品加工,2024-10-29,2023-09-30
002641,公元股份,0.23,5520786285.5,-5.8367242995,-8.1584,278318499.34,324.78,14.9373,4.3069573664,5.39,0.552368722877,22.263991973,装修建材,2024-10-29,2023-09-30
002639,雪人集团,0.023,1435974921.34,2.142914838,6.5305,17770915.57,46.34,-18.1119,3.231547895999,0.72,0.140845487236,21.7846604666,通用设备,2024-10-29,2023-09-30
002637,赞宇科技,0.25,7259603458.52,-23.1447804476,17.9608,115037164.91,52.59,224.1469,7.963378326896,3.14,0.497845673372,6.6702682828,化学制品,2024-10-29,2023-09-30
002635,安洁科技,0.35,3070264193.16,-0.4853671948,22.1917,236696939.79,3.66,43.7595,8.680305367452,3.99,0.650100373747,24.5015673067,消费电子,2024-10-29,2023-09-30
002629,仁智股份,-0.04,155101156.64,21.8099718503,0.7592,-17998828.99,-192.05,158.3686,0.145485096187,-47.11,-0.064122555124,5.8550322813,油服工程,2024-10-29,2023-09-30
002603,以岭药业,1.0527,8574678320.29,7.913854651,-37.5223,1758684411.71,24.35,-62.1658,7.096669045895,15.37,0.086563795405,61.0125502811,中药Ⅱ,2024-10-29,2023-09-30
002601,龙佰集团,0.9,20283165270.79,12.2848676235,11.7313,2142027005.59,-32.5,28.9029,9.760228942846,9.88,0.956226533752,26.438571961,化学原料,2024-10-29,2023-09-30
002598,ST章鼓,0.3234,1409440256.6,3.5743272037,2.8096,100899641.92,2.59,5.9589,3.657216325897,9.09,0.130695774327,34.105969645,通用设备,2024-10-29,2023-09-30
002595,豪迈科技,1.4714,5301881242.79,10.185920205,-6.7485,1168796112.82,34.42,-15.0746,10.206298605988,14.96,1.419684753575,34.0225587686,专用设备,2024-10-29,2023-09-30
002593,日上集团,0.07,2914145923.66,11.7786490424,-23.6734,57145069.55,10.37,-71.7367,2.978368523106,2.39,0.313511938984,9.4310918235,专业工程,2024-10-29,2023-09-30
002592,ST八菱,0.48,333118177.84,-18.2120659139,40.48,132433947.9,759.8,1864.6009,3.168930916165,15.81,0.202838492768,23.43808928,汽车零部件,2024-10-29,2023-09-30
002587,奥拓电子,0.01,490584968.72,-24.9412345302,11.6125,5545550.46,-76.69,-184.0628,2.135000053826,0.4,-0.157275425674,40.3401174064,光学光电子,2024-10-29,2023-09-30
002580,圣阳股份,0.37,2250152327.22,16.4618732936,-8.1995,167934898.29,83.43,-15.5218,4.448531315974,8.64,-0.488629503602,19.3075962425,电池,2024-10-29,2023-09-30
002579,中京电子,-0.18,1925955493.91,-16.7730747098,-6.5015,-110558568.24,-37.34,21.1466,4.122579454425,-4.22,0.274369666449,10.4656187553,元件,2024-10-29,2023-09-30
002576,通达动力,0.4455,1350835382.38,-0.5141344984,-6.3709,73559031.3,51.08,-37.9208,7.179839590793,6.39,0.15209772235,15.3298647393,电机Ⅱ,2024-10-29,2023-09-30
002567,唐人神,-0.6557,20869595985.24,11.6182032762,6.2302,-910845172.53,-2760.81,23.7885,4.3310549017,-14.39,0.16041728209,2.7906055822,饲料,2024-10-29,2023-09-30
002565,顺灏股份,0.0242,976145010.09,-3.7615328784,61.8923,25694671.86,1060.48,1642.1855,1.785473569044,1.38,0.038947369707,23.5033947445,包装印刷,2024-10-29,2023-09-30
002559,亚威股份,0.1829,1517633529.83,-0.2145181712,1.1049,100574972.05,-5.3,77.8111,3.160106047646,5.7,0.39248797771,25.7715172967,通用设备,2024-10-29,2023-09-30
002554,惠博普,0.08,2371861149.23,61.6970464976,232.7312,106580922.64,1.77,4.4787,1.905420049096,4.21,0.04094550619,15.9551370519,油服工程,2024-10-29,2023-09-30
002551,尚荣医疗,0.02,918797662.29,-2.2573437257,9.7211,13515081.34,130.11,-56.6053,3.272673018046,0.49,0.128014340762,18.8888318291,医疗器械,2024-10-29,2023-09-30
002542,*ST中岩,-0.17,1579763980.45,25.4508712236,-19.3012,-301043481.48,-63.24,30.9651,1.390264835201,-10.7,0.017117215155,7.7073293768,专业工程,2024-10-29,2023-09-30
002540,亚太科技,0.3243,4892148543.84,1.3572005276,22.3038,397062811.13,33.48,34.5936,4.306040172448,7.02,0.091504731374,14.8071860476,工业金属,2024-10-29,2023-09-30
002538,ST司特,0.14,3034951872.96,-16.0840329459,57.8105,123192854.55,-75.54,-142.2131,6.151723447001,2.38,-0.07548998845,15.2934322638,农化制品,2024-10-29,2023-09-30
002517,恺英网络,0.51,3029474131.19,7.2261591896,3.0852,1082300620.33,18.39,-17.5772,2.332578892466,21.84,0.58306427203,83.912254546,游戏Ⅱ,2024-10-29,2023-09-30
002516,旷达科技,0.0964,1254400919.6,-4.9016201411,8.8042,141857448.27,-5.89,53.5894,2.4388639567,3.87,0.086429823886,25.4689785337,汽车零部件,2024-10-29,2023-09-30
002511,中顺洁柔,0.13,6823260119.24,11.6015913899,-18.5312,165428059.09,-39.74,1736.2524,3.993191008694,3.1,0.593232520805,30.1900363604,个护用品,2024-10-29,2023-09-30
002508,老板电器,1.45,7933319563.87,9.6222238159,8.7341,1372981036.25,11.31,23.1932,11.214140781522,13.45,1.469486022888,52.0310037173,厨卫电器,2024-10-29,2023-09-30
002484,江海股份,0.6502,3778196816.39,15.9802268849,1.0852,547543781.91,12.7,-10.2399,6.30830760527,10.27,0.501275594252,26.1290652538,元件,2024-10-29,2023-09-30
002474,榕基软件,-0.1,303260839.57,-20.9541782857,-73.6397,-62244537.16,-439.22,-33.7111,2.520603563131,-3.9,-0.107813431951,34.5475373868,IT服务Ⅱ,2024-10-29,2023-09-30
002471,中超控股,0.1981,4241142671.71,0.8700296552,-14.7062,251217126.53,937.97,-98.6912,1.288083332823,16.8,-0.070969704132,9.5148882291,电网设备,2024-10-29,2023-09-30
002465,海格通信,0.1556,4035228100.05,8.7867838533,-37.1553,358611207.47,-9.3,-82.4547,4.633423041281,3.36,-0.413811458238,33.7499833814,军工电子Ⅱ,2024-10-29,2023-09-30
002453,华软科技,0.166,398217838.8,-84.6042944252,-3.5333,143970241.24,138.29,-113.4641,1.947565385468,8.9,-0.027430815683,4.0933944544,化学制品,2024-10-29,2023-09-30
002451,摩恩电气,0.0219,818571190.06,0.790611469,-18.3168,9607084.95,-9.93,569.2684,1.70817817821,1.28,0.105667407764,12.1520653448,电网设备,2024-10-29,2023-09-30
002446,盛路通信,0.18,974592235.83,-10.2368802918,-39.8693,163448888.36,-14.93,-79.6926,3.615857457957,5.07,0.048216240852,39.0449397933,军工电子Ⅱ,2024-10-29,2023-09-30
002437,誉衡药业,0.1017,2052008504.7,-15.0327023075,-17.5848,223623549.85,642.82,2285.4005,0.81424245975,13.07,0.13972855547,58.9848505202,化学制药,2024-10-29,2023-09-30
002430,杭氧股份,0.8647,9780022184.78,0.142720821,5.7334,851321964.49,-32.74,31.0252,8.565741233158,10.01,0.628645955814,24.2661437901,化学制品,2024-10-29,2023-09-30
002422,科伦药业,1.35,15743097216.0,12.934567548,-2.3958,1963327343.0,39.7,-5.1962,12.658989101555,11.76,2.882712951751,52.9335516428,化学制药,2024-10-29,2023-09-30
002414,高德红外,0.0669,1612820193.05,-6.2706636371,-9.3905,285626628.0,-45.8,-45.7437,1.636758293636,4.02,-0.101600009473,55.1609591921,军工电子Ⅱ,2024-10-29,2023-09-30
002412,汉森制药,0.2181,684141818.56,0.4391343487,-4.0746,109742317.45,-15.63,-46.4177,3.70467195006,5.76,0.217366369674,72.5401223864,中药Ⅱ,2024-10-29,2023-09-30
002404,嘉欣丝绸,0.3,3255505252.79,-2.9407578107,-11.0346,168286809.66,-15.38,-39.459,3.463061015848,8.52,-0.02609467992,14.1690640468,服装家纺,2024-10-29,2023-09-30
002402,和而泰,0.3595,5487218766.47,24.1293030723,-3.3043,334343176.44,0.82,25.6894,4.757638671979,7.76,0.242912773049,18.833804325,家电零部件Ⅱ,2024-10-29,2023-09-30
002400,省广集团,0.0502,10464513755.18,12.9783641921,-3.6063,87600706.49,-19.14,-53.8729,2.770039675877,1.81,-0.667373409333,8.1138341469,广告营销,2024-10-29,2023-09-30
002398,垒知集团,0.24,2236117155.75,-26.8803105244,-7.959,167270582.93,-20.11,-44.7586,5.101216446408,4.51,0.472187171182,24.7048290793,水泥,2024-10-29,2023-09-30
002384,东山精密,0.78,22500654254.57,-1.3936018949,23.4517,1332688158.67,-15.69,43.9903,10.123724208024,7.9,2.165625059037,13.9737090269,元件,2024-10-29,2023-09-30
002383,合众思壮,-0.0036,1369001868.37,-6.1257079881,-36.7201,-2657485.2,-115.59,-152.8154,1.85930401351,-0.19,0.46366083214,34.9877180548,军工电子Ⅱ,2024-10-29,2023-09-30
002378,章源钨业,0.09,2518391902.12,0.4878758898,-11.7937,110208297.36,-38.03,-53.7364,1.669303892049,5.48,-0.121863518819,14.6240994565,小金属,2024-10-29,2023-09-30
002376,新北洋,-0.01,1558777149.11,-5.2674621759,4.2745,-6260134.86,-146.36,-136.5666,4.590187580063,-0.19,0.358594308222,30.4539051064,计算机设备,2024-10-29,2023-09-30
002369,卓翼科技,-0.3076,1078391347.32,-22.8972406478,7.9582,-174367622.4,-414.58,11.1592,1.591842545002,-17.36,-0.038973331489,-5.0529933744,消费电子,2024-10-29,2023-09-30
002364,中恒电气,0.06,978156801.91,-4.2507011045,-16.2642,30341349.28,102.54,324.4049,4.008646786894,1.35,0.026011897883,26.6301461924,其他电源设备Ⅱ,2024-10-29,2023-09-30
002361,神剑股份,0.0277,1855713128.17,-0.5422140555,4.0768,26341617.43,-48.35,-66.5474,2.411154886188,1.12,-0.231508669394,10.5278574594,塑料,2024-10-29,2023-09-30
002355,兴民智通,-0.2874,619047197.43,-2.7671347307,-21.9431,-178346473.04,30.63,55.6443,1.955604705171,-13.69,0.018217061868,-7.8404800573,汽车零部件,2024-10-29,2023-09-30
002337,赛象科技,0.1,452292289.85,34.2753656372,5.4719,59778572.63,71.92,-84.868,2.094266990953,4.97,0.024245563375,36.8544980547,专用设备,2024-10-29,2023-09-30
002333,罗普斯金,0.0778,1169266366.7,22.2657013116,32.9208,52336619.67,431.34,113.6275,2.785662293696,2.84,-0.150777024122,14.2798921636,装修建材,2024-10-29,2023-09-30
002317,众生药业,0.34,2071278555.78,4.0215164259,-19.9226,279495705.55,12.37,2.5606,5.131934622731,7.11,0.065205403547,60.3888963602,中药Ⅱ,2024-10-29,2023-09-30
002309,中利集团,-0.34,3483361088.5,-49.541182352,34.8654,-297415162.85,-56.14,38.8547,0.766931491544,-35.0,0.197346546623,13.8631967301,电网设备,2024-10-29,2023-09-30
002297,博云新材,0.0355,457594275.15,7.0661504819,3.6228,20320528.15,11.41,262.2759,3.680865344931,0.97,-0.103519942519,24.7161416482,航空装备Ⅱ,2024-10-29,2023-09-30
002293,罗莱生活,0.4984,3754801721.42,0.9851380132,6.7184,416060756.75,6.17,22.4245,4.912375526528,9.88,0.706361116237,44.6806991099,服装家纺,2024-10-29,2023-09-30
002285,世联行,-0.01,2596331912.53,-12.1569503527,-41.6223,-14594244.57,25.99,-203.7068,1.634395033477,-0.44,0.149974392154,9.2180154015,房地产服务,2024-10-29,2023-09-30
002282,博深股份,0.16,1161964094.55,5.8460371722,-5.9442,88198786.99,-3.9,191.6914,6.485276107815,2.53,0.067311674103,25.4580121329,通用设备,2024-10-29,2023-09-30
002273,水晶光电,0.31,3549462362.41,10.8684995098,73.5739,437840295.31,-8.81,207.6684,6.06648509489,5.26,0.33370283208,26.9951105051,光学光电子,2024-10-29,2023-09-30
002271,东方雨虹,0.93,25360250325.46,8.4760405549,-9.0738,2353499512.05,42.22,7.4306,11.489150307421,8.44,-1.890037677677,29.0629229884,装修建材,2024-10-29,2023-09-30
002269,美邦服饰,0.02,837199210.28,-13.4885748099,83.8062,41637894.86,105.48,193.4547,0.111563740557,15.54,0.018840556,36.1894980418,服装家纺,2024-10-29,2023-09-30
002254,泰和新材,0.34,2909894992.44,3.8300946597,4.3301,278473092.11,-8.65,-20.1725,8.149963725743,4.16,0.292655857641,24.8465665764,化学纤维,2024-10-29,2023-09-30
002252,上海莱士,0.266,5935370613.02,19.8690880665,10.7292,1787604992.67,11.46,5.4136,4.422775522364,6.01,0.287867212423,41.9195320023,生物制品,2024-10-29,2023-09-30
002249,大洋电机,0.22,8496008624.99,4.2353951338,-0.2326,532362835.7,18.7,-33.3049,3.653135078709,6.23,0.56864160592,21.7539474647,电机Ⅱ,2024-10-29,2023-09-30
002247,聚力文化,-0.4026,690348146.08,-2.7071835177,-1.956,-342534165.35,-880.45,103.0475,0.468209897373,-60.13,-0.007341185176,22.253378043,装修建材,2024-10-29,2023-09-30
002245,蔚蓝锂芯,0.0895,3695708440.08,-28.1726485313,13.2046,103164587.64,-74.44,13.4961,5.563447424112,1.61,0.170158963561,12.572427241,电池,2024-10-29,2023-09-30
002238,天威视讯,0.0988,930352665.83,-10.481608628,-5.861,79307041.49,8.3,-63.402,2.868864280286,3.42,0.374148815459,31.5993514575,电视广播Ⅱ,2024-10-29,2023-09-30
002232,启明信息,0.1589,797246240.46,-23.7239069351,16.1086,64920089.5,-3.84,-38.5085,3.492646409298,4.61,0.077127591952,20.9242874916,IT服务Ⅱ,2024-10-29,2023-09-30
002228,合兴包装,0.1,9376642039.92,-20.3022016525,-3.6879,119829182.48,-17.69,-16.566,2.637114445087,3.56,0.191180884168,11.3068075469,包装印刷,2024-10-29,2023-09-30
002225,濮耐股份,0.21,4050941471.61,8.6753824415,0.5539,207649661.96,-3.7,-38.0325,3.274648555783,6.3,0.21664789384,20.2804100476,装修建材,2024-10-29,2023-09-30
002216,三全食品,0.63,5414927784.42,1.4968294362,5.2916,552264637.06,5.05,-26.692,4.698313275436,13.73,0.037678199764,26.7676052536,食品加工,2024-10-29,2023-09-30
002215,诺普信,0.2867,3059013095.44,-4.5708916425,-57.3475,280123848.59,-7.12,-148.295,3.838599095071,7.24,-0.411522574366,29.6408076599,农化制品,2024-10-29,2023-09-30
002211,ST宏达,-0.0358,176987024.07,-37.9451495299,-3.1319,-15479600.99,35.92,50.3963,0.17849218083,-18.23,0.00872025395,5.9687958626,化学制品,2024-10-29,2023-09-30
002209,达意隆,0.2403,909732950.31,7.8886747334,-4.2583,47758498.65,36.86,-18.5088,3.206067850991,7.77,0.755484553209,24.540464562,专用设备,2024-10-29,2023-09-30
002199,*ST东晶,-0.1795,125871653.54,-6.7231986039,-20.266,-43701967.01,-20.59,-58.1624,1.325361084258,-12.69,-0.015158484968,10.8024341443,元件,2024-10-29,2023-09-30
002191,劲嘉股份,0.24,2954984328.97,-25.0308839504,-7.1701,355660361.51,-39.25,-36.6815,4.825394361203,4.85,0.318838742839,29.0167511835,包装印刷,2024-10-29,2023-09-30
002185,华天科技,0.0259,8068423293.91,-11.5960627466,4.5474,82872138.02,-88.23,-88.1869,4.968496783911,0.52,0.458522248005,8.5199910511,半导体,2024-10-29,2023-09-30
002182,宝武镁业,0.2292,5563008851.48,-21.7404394745,10.4216,207455509.75,-64.17,21.7786,7.300934704155,5.01,0.310849699209,13.0125464398,小金属,2024-10-29,2023-09-30
002155,湖南黄金,0.32,18752894037.77,16.0196939901,-20.9852,384200450.71,9.67,-39.5402,5.07840582638,6.39,0.432295194001,6.574179761,贵金属,2024-10-29,2023-09-30
002142,宁波银行,2.93,47235000000.0,5.4540989462,-3.207,19349000000.0,12.55,0.8348,25.812537855845,11.955,22.55905511811,,银行Ⅱ,2024-10-29,2023-09-30
002137,实益达,0.0598,450224002.78,-13.9206161952,8.3703,34541633.05,-77.13,89.5421,2.657705393815,2.28,0.064373445232,22.0233761745,光学光电子,2024-10-29,2023-09-30
002134,天津普林,0.09,440878429.83,1.5276356868,-13.2546,22967581.75,34.06,-26.332,1.831424185196,5.09,0.334973655741,18.3582541839,元件,2024-10-29,2023-09-30
002130,沃尔核材,0.3811,4012615118.26,3.3032604402,6.2787,480103352.5,7.93,-1.2449,3.814466226512,10.44,0.46818087897,32.3146355323,其他电子Ⅱ,2024-10-29,2023-09-30
002129,TCL中环,1.5381,48654060843.28,-2.3890647878,-20.3877,6188075026.8,23.75,-27.6675,10.832535525475,15.39,0.884975502313,23.0797693335,光伏设备,2024-10-29,2023-09-30
002119,康强电子,0.16,1309544880.45,-0.0163330072,0.6893,59748383.14,-38.14,-49.3818,3.395969298451,4.78,-0.028616380768,13.8006149539,半导体,2024-10-29,2023-09-30
002111,威海广泰,0.13,1608336542.68,2.3268017375,-9.362,68138515.1,-19.35,-62.9792,5.604647375444,2.26,-0.876389566346,27.3853452541,航空装备Ⅱ,2024-10-29,2023-09-30
002110,三钢闽光,-0.24,34367908680.21,-13.9427764901,-1.7601,-591593104.99,-890.8,-292.315,8.386490886216,-2.82,0.363235836458,6.3000936057,普钢,2024-10-29,2023-09-30
002100,天康生物,-0.37,14705995884.82,14.1281300694,13.2196,-504382106.12,-295.53,86.8146,5.277289633108,-6.61,2.434660398924,4.1022891494,养殖业,2024-10-29,2023-09-30
002078,太阳纸业,0.7645,29202529217.52,-1.4775279665,3.3925,2136583706.79,-5.79,29.0987,9.033055108215,8.84,2.018371616928,15.4547093444,造纸,2024-10-29,2023-09-30
002077,大港股份,0.2,335405464.12,-16.8516317571,44.9213,115208751.7,168.68,-18.27,5.676851083084,3.56,0.037831857303,8.3446510698,半导体,2024-10-29,2023-09-30
002065,东华软件,0.1679,7433397699.59,1.5441935568,-1.1825,538042792.19,11.25,-67.9899,3.595679658295,4.71,-0.192167685355,25.8074438561,IT服务Ⅱ,2024-10-29,2023-09-30
002053,云南能投,0.36,1961401809.9,7.9299313202,5.335,331436896.68,64.43,-72.323,7.309143890534,4.96,0.615373856049,41.3701655538,电力,2024-10-29,2023-09-30
002036,联创电子,-0.3063,7089575548.9,-10.2943274938,28.8893,-328383384.21,-260.9,52.0414,3.207141998966,-8.96,0.002528937209,8.4078370186,光学光电子,2024-10-29,2023-09-30
002027,分众传媒,0.2494,8675229097.11,17.7062610754,7.3546,3602070203.65,69.06,6.2354,1.144418584006,21.24,0.366090128557,65.5064058417,广告营销,2024-10-29,2023-09-30
002026,山东威达,0.23,1687652269.15,-11.7661317443,-2.7357,103931952.81,-51.05,-42.0676,7.541012158822,3.13,0.351580156153,18.0803199384,通用设备,2024-10-29,2023-09-30
002012,凯恩股份,0.14,668524764.37,-37.1005068144,-14.3415,65740576.38,1.77,-64.515,3.322238964571,4.32,0.096976660531,13.1670258533,造纸,2024-10-29,2023-09-30
002010,传化智联,0.18,25763025015.59,-8.8377361342,3.0672,502363750.23,-17.07,-42.1425,6.413360949449,2.85,0.34252315241,10.6985297021,物流,2024-10-29,2023-09-30
002005,德豪润达,-0.1164,590597517.81,-39.6186631547,2.4905,-203945142.33,11.4,22.5117,0.471638928737,-20.48,-0.034795228515,8.9649953197,小家电,2024-10-29,2023-09-30
002004,华邦健康,0.255,8853071322.91,-13.0431341634,3.1516,504924934.63,-29.58,-43.9161,5.202012489862,4.89,0.49021679255,40.4274884161,化学制药,2024-10-29,2023-09-30
002003,伟星股份,0.52,2904448388.83,3.0514722751,-4.9298,532320518.82,2.31,-7.1607,4.155139064386,17.55,0.465614697415,41.5848612654,纺织制造,2024-10-29,2023-09-30
001366,播恩集团,0.22,1107353129.49,-7.0379135624,-2.6962,34125836.71,-31.44,43.6063,5.263319734192,4.41,-0.065932822442,13.9721701614,饲料,2024-10-29,2023-09-30
001358,兴欣新材,1.39,502152833.25,-12.5721649373,-16.1519,128695523.92,-26.89,-21.6161,10.494036842273,20.48,1.517174397424,36.0846691668,化学制品,2024-10-29,2023-09-30
001337,四川黄金,0.3864,498886085.12,41.5688617986,4.6786,157134973.22,-2.11,109.6132,3.11195676731,13.24,0.602402628048,47.033429516,贵金属,2024-10-29,2023-09-30
001331,胜通能源,-0.2627,3308041475.08,-15.3673481079,-9.9624,-52968663.15,-135.33,103.9182,8.897093249762,-3.39,-0.592447585417,-1.9372040028,燃气Ⅱ,2024-10-29,2023-09-30
001319,铭科精技,0.5012,622508089.75,-4.3500072271,16.9614,70864582.87,13.84,42.9913,8.49324890983,5.95,0.520509338967,27.1870680135,汽车零部件,2024-10-29,2023-09-30
001318,阳光乳业,0.3353,422304289.76,-0.4591587333,-9.6382,94778196.37,2.37,-19.8297,4.657192200064,7.47,0.350612564105,35.8386973208,饮料乳品,2024-10-29,2023-09-30
001308,康冠科技,1.27,8561599380.25,-5.7346825978,27.9973,864797666.38,-24.57,9.9588,9.459581796728,14.08,0.362891972929,17.6040182236,光学光电子,2024-10-29,2023-09-30
001299,美能能源,0.26,371214378.23,-1.3148613422,-14.2585,49519777.37,-19.36,-43.9654,6.814305772175,3.95,0.306628355946,18.6121955834,燃气Ⅱ,2024-10-29,2023-09-30
001286,陕西能源,0.64,14194906948.6,-4.8208107157,19.5675,2195119888.12,8.86,88.5003,6.140051927624,11.28,1.539759539523,42.8654794105,电力,2024-10-29,2023-09-30
001283,豪鹏科技,0.7,3006190690.58,9.6644864819,30.2768,56606338.86,-62.03,37.4975,28.280995698053,2.48,1.236196470708,21.2485240425,电池,2024-10-29,2023-09-30
001270,铖昌科技,0.2574,170851646.1,35.3982098733,-95.5439,52389699.06,-13.06,-123.3336,8.793173084085,3.82,-0.30770340949,60.503681568,军工电子Ⅱ,2024-10-29,2023-09-30
001267,汇绿生态,0.0317,388831042.05,6.7232342722,-24.147,24841903.45,-25.18,-77.4331,1.900367901952,1.66,-0.125613098009,25.8246511983,通信设备,2024-10-29,2023-09-30
001259,利仁科技,0.2268,316033448.32,-31.8273395032,-20.5843,16687955.04,-59.51,-241.7779,10.277367852195,2.23,0.150070647759,26.297779166,小家电,2024-10-29,2023-09-30
001258,立新能源,0.21,798805361.02,8.8150456938,0.8272,198342764.98,5.21,33.1846,3.225678811017,6.72,0.406436426088,62.4449406465,电力,2024-10-29,2023-09-30
001234,泰慕士,0.496,603039322.58,-0.3235733931,23.8396,52911849.69,-26.3,47.0834,8.278081700099,5.96,0.391581565662,18.6935514135,服装家纺,2024-10-29,2023-09-30
001231,农心科技,0.35,448646835.93,-4.1497549873,-65.8955,34605965.87,-42.08,-130.7423,9.2313266758,3.76,-0.6605555883,31.5784143348,农化制品,2024-10-29,2023-09-30
001230,劲旅环境,0.6779,1035493244.85,12.1351365035,-11.6736,90610438.12,9.8,-27.1038,15.431182023185,5.34,0.450227168322,24.6728101821,环境治理,2024-10-29,2023-09-30
001227,兰州银行,0.2283,6241119042.45,9.7842289625,-2.2641,1480536148.56,9.98,25.2221,4.851136639616,4.82,0.216140102258,,银行Ⅱ,2024-10-29,2023-09-30
001223,欧克科技,1.61,291588765.73,-32.5708851831,43.2566,107362701.21,-36.52,202.3676,28.167897119226,5.88,-1.264554354979,37.0894012598,自动化设备,2024-10-29,2023-09-30
001222,源飞宠物,0.5466,731250252.59,-6.7063860457,23.9043,104341203.36,-24.56,-13.8657,6.324193064383,8.84,0.3661735225,22.3973265445,文娱用品,2024-10-29,2023-09-30
001219,青岛食品,0.38,376580264.49,1.2599696574,2.3827,74873926.23,0.12,-18.707,6.42422236413,7.92,0.277594654421,32.5491042862,休闲食品,2024-10-29,2023-09-30
000995,皇台酒业,0.02,112824797.69,8.5491097396,6.7082,3505881.67,-4.68,-18.8265,0.783330745908,2.57,0.00311607436,61.0351970843,白酒Ⅱ,2024-10-29,2023-09-30
000970,中科三环,0.1838,6417204899.34,-14.5214560856,1.137,223494589.43,-63.73,-1.0513,5.373372289641,3.43,0.97062276815,13.4844894706,金属新材料,2024-10-29,2023-09-30
000967,盈峰环境,0.19,8990408164.22,6.7863240537,-17.4394,603344815.86,15.26,6.21,5.433273131935,3.46,0.101521430996,24.7606593668,环保设备Ⅱ,2024-10-29,2023-09-30
000962,东方钽业,0.3305,780895876.94,7.7858656437,-8.0297,146446905.79,9.4,-52.2881,5.205771572985,9.33,0.046888656901,17.5835956796,小金属,2024-10-29,2023-09-30
000937,冀中能源,1.1099,20355932847.25,-29.9286377211,-17.9272,3921729952.26,-1.73,-17.3052,6.118095637051,16.93,0.501297749832,33.8067802283,煤炭开采,2024-10-29,2023-09-30
000925,众合科技,-0.05,1350812801.98,-17.1556712254,48.8066,-27440947.64,-161.88,196.2941,4.969096271329,-0.99,-0.904277955423,23.1943525972,轨交设备Ⅱ,2024-10-29,2023-09-30
000919,金陵药业,0.1937,2104243523.41,2.4533074619,-9.5537,97610028.37,5.02,-40.8101,5.948866037884,3.22,-0.014488219985,21.351032076,化学制药,2024-10-29,2023-09-30
000913,钱江摩托,0.8107,4098330037.75,-8.5236679059,-23.1173,410153062.58,-0.03,-36.9047,8.259727160669,10.0,1.138273882938,26.8742499273,摩托车及其他,2024-10-29,2023-09-30
000903,ST云动,-0.194,4310202245.75,1.1659833005,-8.9669,-372595394.68,20.95,-55.8827,1.951023222613,-9.3,-0.294063409285,3.8339487,汽车零部件,2024-10-29,2023-09-30
000886,海南高速,0.047,60733027.85,-46.4923122667,-44.5551,46647772.61,-63.88,-90.3282,3.044514542727,1.55,-0.216407199946,54.5204082888,铁路公路,2024-10-29,2023-09-30
000863,三湘印象,0.03,889292147.53,163.462753143,563.0307,33299662.72,135.69,1310.7152,3.813488820704,0.74,0.008400132494,53.3764053251,房地产开发,2024-10-29,2023-09-30
000862,银星能源,0.2681,1045991327.26,3.4335895534,-25.0206,201929678.51,6.62,-53.6237,4.578726614761,5.41,0.56654162997,36.8573555576,电力,2024-10-29,2023-09-30
000860,顺鑫农业,-0.394,8807316989.49,-3.2846969555,22.2495,-292286284.87,-1159.2,48.3144,9.148476518089,-4.22,-2.714676113862,29.3947527793,白酒Ⅱ,2024-10-29,2023-09-30
000848,承德露露,0.43,2035168826.1,3.2497597303,53.3256,443440723.26,5.43,69.3846,2.751179633,14.88,0.095783713322,43.1470319994,饮料乳品,2024-10-29,2023-09-30
000833,粤桂股份,0.0726,2840408157.72,29.4068047655,-42.4366,48527220.82,-85.23,1723.1215,4.932017754571,1.45,0.665866007528,10.9227706059,综合Ⅱ,2024-10-29,2023-09-30
000831,中国稀土,0.3177,3552252529.96,12.1026756231,51.59,311630570.66,-65.89,210.5166,3.168076752042,7.75,0.295935122478,19.3301568692,小金属,2024-10-29,2023-09-30
000811,冰轮环境,0.74,5577630805.97,29.7979744731,-7.7747,567574616.79,71.51,-26.6638,6.963780411411,10.87,-0.092369977204,26.1985200391,通用设备,2024-10-29,2023-09-30
000800,一汽解放,0.0889,48122970612.05,58.0134554162,-20.3862,412406676.14,163.21,-96.7397,5.202356856991,1.71,2.939042096189,7.4606207793,商用车,2024-10-29,2023-09-30
000797,中国武夷,0.0089,4382646150.68,15.1856006144,229.1867,14001254.27,-46.28,746.819,3.209155605253,0.27,0.795655989202,28.2477653681,房地产开发,2024-10-29,2023-09-30
000792,盐湖股份,1.053,15789985586.75,-32.9288468857,11.152,5599917729.68,-53.65,-82.5139,5.463282233589,20.47,1.439868135183,57.1267420617,农化制品,2024-10-29,2023-09-30
000791,甘肃能源,0.3491,1912164721.42,22.6150943711,14.2341,558749428.37,52.69,10.7128,5.460065074353,6.58,0.814158178618,47.1547380662,电力,2024-10-29,2023-09-30
000778,新兴铸管,0.273,36321915922.04,-5.6026547663,-6.8605,1089232548.84,-20.96,-49.6007,6.32019519338,4.32,0.24890919876,5.979778808,普钢,2024-10-29,2023-09-30
000767,晋控电力,-0.1147,15107858449.05,2.3964252071,-0.0019,-120023439.07,-352.49,-188.0633,2.150369913687,-5.17,-0.337520108476,9.3551450295,电力,2024-10-29,2023-09-30
000761,本钢板材,-0.3,43502615693.4,-9.0649579718,-12.5004,-1245819541.87,-383.02,77.1135,4.049405139652,-6.85,1.181223197843,-0.5905227305,普钢,2024-10-29,2023-09-30
000738,航发控制,0.4533,4100261094.46,9.2768759132,-1.958,596187923.87,9.98,-28.8921,8.898108829123,5.21,0.146688765795,29.2932404574,航空装备Ⅱ,2024-10-29,2023-09-30
000731,四川美丰,0.5599,3203279185.97,-13.263469159,-2.8628,326174640.71,-37.27,-13.3579,7.049485404256,7.88,0.518865783524,19.988483142,农化制品,2024-10-29,2023-09-30
000713,国投丰乐,-0.0412,1918457175.56,-0.4405422809,-3.4014,-25283396.39,-643.14,-139.0039,3.07236073146,-1.33,0.177613537784,9.6538179564,种植业,2024-10-29,2023-09-30
000711,ST京蓝,-0.744,116018879.39,-36.0664867078,-68.182,-761596633.55,-75.3,78.5137,-1.556419620034,,0.000388444194,-23.8067077834,环境治理,2024-10-29,2023-09-30
000710,贝瑞基因,-0.3806,865605843.9,-17.8228631729,8.7068,-134956919.35,-733.37,46.4172,6.115799433549,-6.04,0.01821636588,45.2369506675,医疗服务,2024-10-29,2023-09-30
000690,宝新能源,0.2965,7700078655.23,10.7821222761,-4.4888,645062211.15,239.12,14.963,5.461075352972,5.56,0.801514982444,12.1331370077,电力,2024-10-29,2023-09-30
000688,国城矿业,-0.0025,818823945.29,-29.3692643025,0.6894,-2739734.39,-101.73,54.519,2.490355930605,-0.09,0.130898263749,37.5969328915,小金属,2024-10-29,2023-09-30
000686,东北证券,0.25,4854615643.4,22.37,-24.7546,576022007.86,109.24,-83.0019,7.854995749744,3.16,-1.317030783642,,证券Ⅱ,2024-10-29,2023-09-30
000683,博源化工,0.42,8037919708.25,-3.7882425372,-5.9484,1505810790.42,-35.78,13.2977,3.762147487275,11.49,0.551650807295,37.3993592242,化学原料,2024-10-29,2023-09-30
000676,智度股份,0.1286,2104984549.81,-10.8905027436,36.91,163136058.07,37.23,100.0241,2.89565805299,4.51,-0.262781823365,20.9270989525,广告营销,2024-10-29,2023-09-30
000665,湖北广电,-0.31,1469880475.3,0.7942808542,-1.1562,-356791199.19,4.32,-14.1705,4.828941019662,-6.22,-0.301333190298,3.7029300446,电视广播Ⅱ,2024-10-29,2023-09-30
000652,泰达股份,0.0922,13067805178.92,-8.8314901717,8.7316,136075826.4,0.37,-58.7548,3.810417764187,2.44,0.004568099801,3.6657585134,环境治理,2024-10-29,2023-09-30
000650,仁和药业,0.386,3818691932.62,-0.7043719814,-14.2781,540375630.58,18.38,5.4961,4.286744109248,9.13,0.150636157059,37.9818293044,中药Ⅱ,2024-10-29,2023-09-30
000630,铜陵有色,0.203,102594662281.86,15.685082871,-1.9213,2576025608.8,-9.0,48.0278,2.527649317897,8.17,0.430265544602,7.6666422414,工业金属,2024-10-29,2023-09-30
000625,长安汽车,1.01,108206319432.68,26.7771059871,38.0728,9882404579.77,43.22,226.5235,7.086100189808,14.84,1.762077928298,16.5857266779,乘用车,2024-10-29,2023-09-30
000609,*ST中迪,-0.24,5042775.56,-98.7942315301,43488.2155,-72026151.9,25.63,6.9308,1.673795770901,-13.43,-0.155238755302,-7.7271099093,房地产开发,2024-10-29,2023-09-30
000586,汇源通信,0.1002,346837648.56,12.1563518567,-10.2054,19378997.01,2.27,-51.3612,1.719695658033,6.0,-0.152598748863,31.8997218899,通信设备,2024-10-29,2023-09-30
000572,海马汽车,-0.0909,1939425305.77,10.641694306,-63.6867,-149499415.95,23.33,-643.728,1.185781332251,-7.38,0.123377920008,9.9285433349,乘用车,2024-10-29,2023-09-30
000563,陕国投A,0.1627,1917451056.65,50.8340675359,1.507,832175344.93,35.59,-12.2113,3.303983230925,5.01,-0.112023134005,,多元金融,2024-10-29,2023-09-30
000557,西部创业,0.1349,1198953732.43,-0.7701068986,50.9826,196791336.0,-13.49,47.5009,3.98190543892,3.45,0.39288759458,22.6032209767,铁路公路,2024-10-29,2023-09-30
000544,中原环保,0.8582,5256436122.45,0.4161320782,-2.7749,836462602.11,32.58,-25.3132,7.680114148611,7.22,-1.809051851136,32.7505446973,环境治理,2024-10-29,2023-09-30
000541,佛山照明,0.1769,6797008003.68,4.1656953673,-5.9645,238691801.19,6.12,-32.0864,3.808576716102,4.59,0.553281338792,18.5527899366,照明设备Ⅱ,2024-10-29,2023-09-30
000529,广弘控股,0.2702,2062847210.87,-22.7486106921,-8.8967,157728774.02,-78.62,-71.6283,5.281042918422,5.15,-0.187542842942,4.6865645861,食品加工,2024-10-29,2023-09-30
000526,学大教育,0.9857,1793359810.99,22.2493705769,-26.0647,117029261.0,1365.08,-66.3513,4.609681223724,23.41,5.400940669181,34.4321188367,教育,2024-10-29,2023-09-30
000514,渝开发,-0.006,245385728.06,105.101300879,-51.6383,-5097995.71,78.54,-103.3269,4.31076875582,-0.14,-0.255620438456,23.3119650406,房地产开发,2024-10-29,2023-09-30
000501,武商集团,0.15,5437628616.05,11.8570321791,2.5848,118507977.13,-64.28,109.8818,14.184332719785,1.09,2.201484588597,46.7718605435,一般零售,2024-10-29,2023-09-30
000430,张家界,-0.1,326802140.51,202.4510277319,28.3326,-42204004.39,70.65,89.1376,2.632573786487,-3.88,0.133946377382,17.567327812,旅游及景区,2024-10-29,2023-09-30
000422,湖北宜化,0.4168,13703964698.8,-15.2549205803,5.2578,389086939.98,-81.87,326.3495,6.201062041803,7.44,1.561688211246,11.9108148249,农化制品,2024-10-29,2023-09-30
000410,沈阳机床,-0.035,1089420438.07,-12.180362649,-3.7557,-71761643.76,-2467.37,49.9102,0.455630299148,-7.36,-0.004193529248,7.4889337357,通用设备,2024-10-29,2023-09-30
000409,云鼎科技,0.0564,702864677.7,25.7341060273,16.4978,37441082.86,122.78,-67.958,2.14625559942,2.66,-0.100069910427,41.5185605122,IT服务Ⅱ,2024-10-29,2023-09-30
000151,中成股份,-0.0354,2250701813.02,2.6606045355,71.4367,-11946905.15,40.33,1827.0597,2.008562642489,-1.73,0.950649758624,1.9167148154,贸易Ⅱ,2024-10-29,2023-09-30
000068,华控赛格,0.3802,607033584.67,-28.7385257861,29.1535,382693314.12,1058.6,-109.4347,0.425431472169,161.51,0.177531126054,1.5694619146,环境治理,2024-10-29,2023-09-30
000060,中金岭南,0.19,52848408907.48,12.4818265832,-23.5596,715990960.17,-31.53,-20.2341,3.290888499913,5.17,0.034605847822,4.7592424066,工业金属,2024-10-29,2023-09-30
000056,*ST皇庭,-0.45,1013296329.06,102.6706412327,-63.6651,-511262318.09,-27.26,70.9955,1.328827871968,-27.72,0.195339562516,19.6234316317,房地产服务,2024-10-29,2023-09-30
000055,方大集团,0.25,3216373064.13,22.9371134653,-9.9793,266437646.54,24.45,-24.2972,5.544331261244,4.56,-0.019316996477,21.779421801,装修建材,2024-10-29,2023-09-30
000028,国药一致,2.14,56585864462.43,3.60529942,-7.626,1189663637.63,13.56,-23.21,30.495891229356,7.18,2.633059748609,11.5553472865,医药商业,2024-10-29,2023-09-30
000019,深粮控股,0.2379,4479404058.88,-29.6246451665,10.3381,274221590.34,-13.87,69.1604,4.120660508082,5.82,0.61438905461,16.8118711838,农产品加工,2024-10-29,2023-09-30
920970,大禹生物,-0.06,115156370.54,19.7978222407,14.7249,-6294345.42,-153.65,92.5823,2.811627220448,-1.84,-0.00464185231,25.7407379383,动物保健Ⅱ,2024-10-28,2023-09-30
920839,万通液压,0.493,524128092.14,40.7608701678,-7.5604,57797905.24,47.19,4.5168,4.164040702432,11.82,0.310490843245,20.9939932185,工程机械,2024-10-28,2023-09-30
920832,齐鲁华信,0.06,284970753.67,-37.7285783397,-1.73,8619287.51,-81.94,-50.9917,5.517096379738,1.12,-0.040769225547,17.348893942,非金属材料Ⅱ,2024-10-28,2023-09-30
920826,盖世食品,0.2273,359320302.54,32.1249303984,3.3719,26682705.06,-0.55,21.259,2.667387288214,8.23,1.003122155069,19.8943322252,食品加工,2024-10-28,2023-09-30
920810,春光智能,0.27,146079179.3,-5.8281346481,-34.0982,18825425.25,-42.56,-98.6978,4.195375992993,6.56,-0.012983981898,34.5686110724,专用设备,2024-10-28,2023-09-30
920808,曙光数创,0.12,247737681.92,55.7769321675,3.5489,24017592.55,119.91,-68.8117,2.925271348524,3.95,0.533853994181,37.5290562217,计算机设备,2024-10-28,2023-09-30
920748,路桥信息,-0.12,121920174.73,5.1085737302,-52.7681,-7443260.53,-61.06,-145.2232,3.58353728551,-3.91,-0.703977511989,31.2859915469,IT服务Ⅱ,2024-10-28,2023-09-30
920699,海达尔,0.6,187811351.55,-7.9665535307,42.0661,23865957.25,-3.97,40.4748,5.280625475559,13.57,0.40873967952,21.751545012,家电零部件Ⅱ,2024-10-28,2023-09-30
920694,中裕科技,1.03,475858196.28,8.5564153531,24.096,92092810.11,41.35,78.5657,7.043380547978,16.99,0.384808830844,47.9290179917,橡胶,2024-10-28,2023-09-30
920651,天罡股份,0.79,189165483.06,15.2690029377,38.0677,48108542.97,7.63,48.5671,7.372071481311,15.45,0.57682267459,53.4848568266,通用设备,2024-10-28,2023-09-30
920599,同力股份,0.9905,4365030717.95,8.7597510892,-37.0039,438317371.91,24.58,-40.6739,4.989570777173,19.69,0.231876552942,19.2933528831,工程机械,2024-10-28,2023-09-30
920571,国航远洋,0.01,670242708.23,-23.1418811229,-14.3604,7762874.98,-95.82,-127.365,2.456657374167,0.55,0.177936171195,10.1396999871,航运港口,2024-10-28,2023-09-30
920553,凯腾精工,0.13,308361495.83,10.0244550287,4.5839,19337352.77,16.39,19.3148,2.358713757824,5.73,-0.034778675912,37.9815686601,专用设备,2024-10-28,2023-09-30
920527,夜光明,0.17,230017322.24,-17.5790541226,-22.8482,10359307.01,-59.65,-109.5744,6.179950792686,2.7,-0.176367219495,17.2082109184,纺织制造,2024-10-28,2023-09-30
920509,同惠电子,0.16,113992008.62,-6.321718455,-21.272,25849145.95,-28.22,-26.878,2.00286002957,7.86,0.109662624977,58.7369312117,通用设备,2024-10-28,2023-09-30
920478,峆一药业,0.76,166457498.73,-18.1622101895,-23.4693,40209651.19,-9.49,-83.9169,11.139251919318,10.05,0.884322113179,35.3976181785,化学制药,2024-10-28,2023-09-30
920454,同心传动,0.1489,121511621.12,32.3048061172,-53.7778,15648703.64,32.64,-27.0587,2.862912811037,5.24,0.365730509229,23.471505587,汽车零部件,2024-10-28,2023-09-30
920438,戈碧迦,0.73,590128313.14,98.4329315639,1.7918,86112335.35,275.4993751155,16.64,5.351553572854,14.61,1.490547691247,28.8165830216,光学光电子,2024-10-28,2023-09-30
920429,康比特,0.52,596183529.73,31.3703068543,-8.5042,64235959.52,45.29,-43.9027,6.189807394217,8.46,0.415603296145,40.4062470996,食品加工,2024-10-28,2023-09-30
920422,润普食品,0.2,391563628.37,-20.2100559615,6.533,16609125.61,-72.31,-54.8011,4.887697148968,4.14,0.333684173778,12.590518942,化学制品,2024-10-28,2023-09-30
920414,欧普泰,0.364,134485807.37,58.7964670763,10.9175,29027970.5,56.99,-25.3878,4.601184506529,9.39,-0.317024527146,40.8833669554,光伏设备,2024-10-28,2023-09-30
920378,泰德股份,0.03,200641396.15,6.3156120649,4.3146,3984510.86,-70.05,525.3062,2.424073355516,1.1,0.144999411826,19.8958253411,汽车零部件,2024-10-28,2023-09-30
920363,莱赛激光,0.38,182185931.34,-4.3297471499,-34.2803,21788772.2,-9.96,-52.7953,4.053815758435,9.81,0.008370232174,29.2114954588,通用设备,2024-10-28,2023-09-30
920304,迪尔化工,0.38,556344143.44,-9.6361152789,-21.0766,56218234.1,4.49,-28.4901,2.687316556492,16.06,0.511861794587,14.9280018886,化学原料,2024-10-28,2023-09-30
920267,鑫汇科,0.37,415629669.79,-7.5137189796,7.8922,18287589.06,18.09,71.8464,5.064940070453,7.11,1.337870056906,16.0587316429,消费电子,2024-10-28,2023-09-30
920262,太湖雪,0.4706,347740386.03,58.6601487225,-18.0646,25021135.08,15.26,0.5719,5.864938961069,8.15,-0.520419909557,40.4055305695,服装家纺,2024-10-28,2023-09-30
920252,天宏锂电,0.07,209083376.84,-20.2785071599,47.5924,7672865.6,-67.53,24.179,2.482318825309,3.01,-0.365862633817,10.5658097233,电池,2024-10-28,2023-09-30
920237,力佳科技,0.47,292449919.39,14.3879299382,2.8554,31084582.39,-14.56,41.7999,8.374711971801,7.34,0.455299902178,23.0395248323,电池,2024-10-28,2023-09-30
920225,利通科技,0.92,356457958.15,30.5719436543,-1.5305,97487635.61,70.91,-7.1554,5.24219594397,18.5,1.028015221658,47.9532530953,橡胶,2024-10-28,2023-09-30
920221,易实精密,0.39,185806822.21,20.2208503384,24.3837,32663896.89,33.19,28.3995,3.671499680248,11.96,0.570045924095,31.9999863152,汽车零部件,2024-10-28,2023-09-30
920208,青矩技术,1.34,555855278.74,17.6107504071,3.9523,119927793.6,38.72,12.4041,12.335438494832,16.18,-2.327286352921,43.3932688787,工程咨询服务Ⅱ,2024-10-28,2023-09-30
920198,微创光电,-0.24,44850616.73,-20.1838096173,-48.1394,-38044464.93,-30.74,-890.7738,3.672559628713,-6.22,-0.917431113515,54.2492533748,计算机设备,2024-10-28,2023-09-30
920152,昆工科技,0.1,365982134.27,-7.0111829171,-5.4175,11087585.6,-62.46,187.3295,4.18859150994,2.41,0.027535736893,15.1424249166,电池,2024-10-28,2023-09-30
920110,雷特科技,0.63,121183276.04,-0.8202855326,24.0624,24457437.55,-14.23,61.2053,8.597628289744,7.3,0.367438408974,45.1272271447,其他电源设备Ⅱ,2024-10-28,2023-09-30
920087,秋乐种业,0.1091,229089960.59,22.8272913109,121.4103,18028069.18,111.61,513.497,2.91838098862,3.7,0.307139567918,25.207837031,种植业,2024-10-28,2023-09-30
920075,柏星龙,0.462,367645339.87,2.9847845548,-2.6841,29963842.3,-16.78,-36.9323,5.973349709481,7.71,0.480759322379,34.3235713567,包装印刷,2024-10-28,2023-09-30
920066,科拜尔,0.9,261803108.17,17.7075947958,,28183755.9,50.1030712777,,5.844097022945,17.13,-0.730662805658,19.8963491206,塑料,2024-10-28,2023-09-30
920061,西磁科技,0.74,152169638.63,22.7906163267,-12.2657,39003307.33,76.66,-15.8401,2.808816603692,28.69,0.342358164438,37.7804198969,专用设备,2024-10-28,2023-09-30
920058,华洋赛车,0.8,300360666.78,0.5562210762,-47.3814,34675622.73,-34.63,-68.5916,6.100234320357,17.75,0.425181551786,20.9540419772,摩托车及其他,2024-10-28,2023-09-30
920017,星昊医药,0.69,519796894.08,28.8431254839,2.269,72787269.73,34.85,-39.9382,12.103600693114,5.68,0.97596518284,75.8952228982,化学制药,2024-10-28,2023-09-30
920010,凯添燃气,0.19,360576733.66,16.5128581873,3.8967,44620149.61,-10.46,66.1352,2.708804738635,6.87,0.011575744861,23.4378963036,燃气Ⅱ,2024-10-28,2023-09-30
920002,万达轴承,1.64,261774878.8,-2.6902382131,8.5205,42548534.48,4.2125217066,16.8154,19.193602549256,8.95,-0.306480510703,31.6118199154,通用设备,2024-10-28,2023-09-30
920000,安徽凤凰,0.43,297176556.02,1.794587417,16.804,40308978.62,38.86,22.4542,5.923395136671,7.66,0.495815983312,23.8505886532,汽车零部件,2024-10-28,2023-09-30
874593,安特磁材,0.96,445498698.11,,,57334531.1,,,,20.29,,22.3334374516,,2024-10-28,2023-09-30
874569,菊乐股份,1.9696,1221622217.49,,,182151769.73,,,,21.67,,31.5954415771,,2024-10-28,2023-09-30
874044,兰州助剂,0.3261,295794164.11,,-2.8255,37325007.92,,44.1086,,8.83,,24.0507013801,,2024-10-28,2023-09-30
873134,创正电气,0.29,87425213.28,,-21.396,25181085.74,,-51.2347,,,0.336883133595,74.9556494762,,2024-10-28,2023-09-30
871310,汇湘轩,0.34,189283358.8,12.4077230388,,16587968.91,-26.0349521971,,,13.26,0.005126579432,40.0783033284,,2024-10-28,2023-09-30
834701,鑫考股份,0.49,83930992.79,39.754998156,-3.754,9946143.62,607.04,-63.1173,2.725516767728,19.7,-0.340189990672,47.3447690526,,2024-10-28,2023-09-30
832069,科飞新材,0.1305,33236382.98,-2.1938806855,-35.9013,4696943.14,3.6127521607,-58.4468,,8.8,0.184099775178,29.3835316733,,2024-10-28,2023-09-30
831896,思考股份,0.04,605240.44,-59.0988956142,-223.3258,14252230.64,208.92,121.0359,0.376310224806,11.49,-0.057827356722,-1015.7719021551,,2024-10-28,2023-09-30
831199,海博小贷,0.11,129159128.46,17.9213308188,-17.14,69477582.72,24.24,-15.7401,1.580340471374,6.88,0.092109146514,,,2024-10-28,2023-09-30
688683,莱尔科技,0.15,325569807.17,-6.6512388653,-1.4043,23959137.69,-38.87,-12.3357,6.446847802048,2.42,0.215621830989,23.5109639052,电子化学品Ⅱ,2024-10-28,2023-09-30
688638,誉辰智能,1.27,822288491.28,104.722850241,-32.1641,40894600.02,6.98,-83.128,27.5575273345,12.6,-2.35606019825,15.9703859926,电池,2024-10-28,2023-09-30
688616,西力科技,0.28,353812643.63,-8.9472749511,10.8291,49380725.06,10.07,37.6926,5.227216526467,6.36,0.1188006088,30.387078095,电网设备,2024-10-28,2023-09-30
688367,工大高科,0.12,127220315.97,-6.9184960075,-42.3209,10493404.77,-56.24,-72.4811,6.452241423927,1.85,-0.014111304793,35.7632624814,轨交设备Ⅱ,2024-10-28,2023-09-30
688197,首药控股,-0.91,5000000.0,180.0776854837,,-136050310.87,-14.1743684698,6.7135,7.19794427279,-11.95,-0.910992997797,,化学制药,2024-10-28,2023-09-30
688049,炬芯科技,0.32,376202339.7,22.3128310357,13.8006,46926258.56,-3.56,33.1201,14.696635246803,2.63,0.858572432377,43.0352846394,半导体,2024-10-28,2023-09-30
688020,方邦股份,-0.65,269285341.34,12.5305343723,2.1608,-52456029.31,2.65,59.4604,18.683320228437,-3.43,-0.139292762823,29.8197478594,元件,2024-10-28,2023-09-30
605599,菜百股份,0.76,12369551949.58,45.0824514828,21.183,591414801.53,66.36,1.0233,4.691322920685,16.67,0.865759190234,11.150962369,饰品,2024-10-28,2023-09-30
605080,浙江自然,0.94,671413916.41,-16.432704189,-51.3268,133659533.84,-32.92,-75.3533,13.354731204402,7.25,1.382533406502,34.5235136739,文娱用品,2024-10-28,2023-09-30
603886,元祖股份,1.26,2157493067.7,1.4078196867,73.2631,301644576.19,1.11,346.5177,7.013823881833,18.4,2.904876272292,61.7679353881,休闲食品,2024-10-28,2023-09-30
603823,百合花,0.2,1724876608.16,-10.5452989783,2.6168,81308826.92,-56.75,-32.7694,5.258792261512,3.71,0.476029328392,17.12545924,化学制品,2024-10-28,2023-09-30
603816,顾家家居,1.83,14135799650.3,2.7159223812,6.7723,1501091424.5,6.98,10.3496,11.403004676983,15.99,1.726859784777,32.3479935709,家居用品,2024-10-28,2023-09-30
603703,盛洋科技,0.0201,514364925.65,-13.1503193258,5.2595,8189010.75,-63.42,-140.3399,2.040977047373,0.95,0.113363986718,25.9451919027,光学光电子,2024-10-28,2023-09-30
603696,安记食品,0.12,489395287.77,21.4577529136,24.5629,28547447.65,76.78,7.784,2.360997505995,5.23,0.142852534906,15.6827681872,调味发酵品Ⅱ,2024-10-28,2023-09-30
603386,骏亚科技,0.25,1860842027.29,-3.4093255229,-8.707,82693586.15,-29.0,-3.8018,4.673458712049,5.42,0.725740676342,20.8733762729,元件,2024-10-28,2023-09-30
603085,天成自控,0.04,986249735.53,-11.6491900238,2.4528,17144174.26,-40.04,-48.9409,2.268501936137,1.88,-0.04471792002,23.0814642184,汽车零部件,2024-10-28,2023-09-30
603040,新坐标,1.0,422426138.23,19.344632388,6.4047,134847170.57,20.11,-10.1626,8.826361078926,11.68,1.606566459669,54.8438294469,汽车零部件,2024-10-28,2023-09-30
603015,弘讯科技,0.08,525469619.48,-9.9583103647,-30.2091,33433339.29,-22.92,-55.3359,3.285380059473,2.52,0.268862819363,36.6437693678,自动化设备,2024-10-28,2023-09-30
600583,海油工程,0.31,20963340400.0,7.6392275113,-18.9381,1372519100.0,64.4,-27.2518,5.561203909716,5.66,1.395551449524,11.8244199288,油服工程,2024-10-28,2023-09-30
600461,洪城环境,0.81,5712872568.92,5.52373134,2.116,887863388.21,14.85,3.1662,6.642693447005,12.04,1.293855329742,32.2487432741,环境治理,2024-10-28,2023-09-30
600338,西藏珠峰,0.0812,1311819750.67,-14.5773213299,-11.6947,74206916.05,-87.16,-80.1165,3.83962355317,2.01,0.367239174581,43.4243290764,工业金属,2024-10-28,2023-09-30
600323,瀚蓝环境,1.43,8962223778.68,-6.736440343,-2.8985,1165913121.53,34.53,25.3532,14.547320702193,10.24,2.000416694805,27.0760868498,环境治理,2024-10-28,2023-09-30
600168,武汉控股,0.33,2340776084.68,15.6682353877,-17.0134,325432627.65,222.59,-105.2621,7.634837701016,6.19,-0.349672613582,20.2549567096,环境治理,2024-10-28,2023-09-30
400275,R工智1,-0.0275,1464949548.3,43.7088188795,-21.2353,-20934944.0,95.75,-1217.8243,1.336655986973,-2.04,0.056152786485,10.9926795293,,2024-10-28,2023-09-30
400069,吉恩5,0.2,3248336826.26,-4.984947579,1.5764,153514612.64,-46.23,-32.8472,3.411319893477,5.84,-0.433586462597,10.4913822734,,2024-10-28,2023-09-30
400057,海国油3,-2.41,75328459.36,-97.2114145654,25.2041,-1564027787.38,18.69,0.8393,-10.546202641456,,-0.35007071132,-26.5844170319,,2024-10-28,2023-09-30
301608,博实结,2.0154,845876324.17,-10.0061010986,-18.0224,134502125.86,13.1277657914,-12.5346,,,,28.0159113973,计算机设备,2024-10-28,2023-09-30
301580,爱迪特,1.73,561953911.99,29.9133674919,-0.8249,98574071.62,19.6635811644,-24.341,,,,49.2346116909,医疗器械,2024-10-28,2023-09-30
301525,儒竞科技,2.73,1203043660.58,3.0423969644,-1.6514,200273837.59,22.75,17.249,32.55841163406,18.88,0.656854695058,25.3963833127,通用设备,2024-10-28,2023-09-30
301487,盟固利,0.1451,1774452665.48,-30.6987516647,-11.6206,60154383.86,-30.71,-35.6177,4.312748258995,3.28,0.04874434863,6.499404895,电池,2024-10-28,2023-09-30
301378,通达海,-0.11,315096227.92,8.0551654966,5.8121,-10315136.46,-138.69,50.8294,19.95062500058,-0.93,-1.838572017101,42.2223526502,软件开发,2024-10-28,2023-09-30
301372,科净源,1.07,256933323.82,-31.0712129013,-82.9287,40636454.38,-40.92,-99.6285,13.849000009042,13.12,-2.859465029678,48.1822366361,环境治理,2024-10-28,2023-09-30
301357,北方长龙,0.11,64475073.81,-66.4429409213,14.0413,6632710.06,-90.54,-168.3398,16.698721171324,0.82,-0.039342034706,60.0342233404,地面兵装Ⅱ,2024-10-28,2023-09-30
301355,南王科技,0.35,852288108.66,8.8588043734,17.9697,56305213.09,13.22,34.7659,7.721171232633,5.57,1.053837649009,17.8310754762,包装印刷,2024-10-28,2023-09-30
301335,天元宠物,0.41,1528782164.64,1.2938011182,-9.134,52210831.04,-45.02,27.4855,15.187901644603,2.72,-1.13741433119,17.61200943,文娱用品,2024-10-28,2023-09-30
301318,维海德,0.76,359682089.8,-19.6362828415,28.3694,78655768.49,-27.42,23.7376,16.818881287289,4.56,0.898439964752,44.6783948401,计算机设备,2024-10-28,2023-09-30
301314,科瑞思,0.34,148700066.3,-38.0065634652,12.5953,18589876.27,-75.56,223.1495,18.632811587511,2.18,0.59443932,38.1694006615,通信设备,2024-10-28,2023-09-30
301302,华如科技,-0.09,321107874.51,-18.8457731542,-21.7418,-14601659.43,-192.25,-29.3143,14.855794666098,-0.62,-2.363363897538,59.0630427172,军工电子Ⅱ,2024-10-28,2023-09-30
301289,国缆检测,0.6563,193905550.16,30.7052444242,-20.2417,51190169.33,4.04,-39.9263,11.792073524231,5.6,1.046894592308,60.0977863933,专业服务,2024-10-28,2023-09-30
301286,侨源股份,0.38,749058490.22,10.910686853,0.0263,153785074.75,47.7,6.9146,4.188889415946,9.38,0.147626272832,34.5658045814,化学制品,2024-10-28,2023-09-30
301280,珠城科技,1.1,897377412.32,15.5235986391,-6.5423,107446608.87,31.55,-18.4521,17.361762156845,6.43,0.614194127437,25.6879017641,家电零部件Ⅱ,2024-10-28,2023-09-30
301259,艾布鲁,-0.0216,149102872.01,-56.1240785743,-71.8586,-2931535.35,-106.53,22.493,5.728843054359,-0.33,0.406155901603,26.4886954272,环境治理,2024-10-28,2023-09-30
301255,通力科技,0.77,340550412.39,-0.6841949158,-8.0057,62698698.6,-13.81,-9.9119,9.41168182546,6.05,0.382581840809,28.5749652385,通用设备,2024-10-28,2023-09-30
301230,泓博医药,0.4268,367212523.37,10.5632549747,11.4352,45934017.72,20.33,-25.9282,10.461057381351,4.03,0.489886369011,34.6102137432,医疗服务,2024-10-28,2023-09-30
301223,中荣股份,0.81,1836749164.25,2.1952961936,11.8389,156536292.6,1.17,25.0303,14.534771273142,5.65,1.233164246211,21.818894437,包装印刷,2024-10-28,2023-09-30
301217,铜冠铜箔,0.01,2776715044.53,0.6053839654,13.9376,5845188.87,-97.43,-1094.9424,6.718740148894,0.1,-0.889407471014,2.487011321,电池,2024-10-28,2023-09-30
301211,亨迪药业,0.5,542445746.24,56.9318820201,-35.668,144514979.02,83.98,-56.9504,8.078900912951,6.28,0.288153892569,40.7469977693,化学制药,2024-10-28,2023-09-30
301209,联合化学,0.3015,308329084.72,-29.8236645131,19.1259,24120596.07,-53.49,-17.1399,8.466504644875,3.55,0.636784382125,14.6543517589,化学制品,2024-10-28,2023-09-30
301205,联特科技,0.165,441431219.99,-28.5430105845,19.7592,21408189.78,-75.91,-378.3783,10.91795126318,1.51,1.142565106672,24.1822288628,通信设备,2024-10-28,2023-09-30
301203,国泰环保,1.54,235940790.84,-14.8487847664,-11.5104,112766950.67,3.53,-35.9164,17.617640531625,9.83,1.623718228125,61.1551770155,环境治理,2024-10-28,2023-09-30
301199,迈赫股份,0.2003,791207621.83,87.6694698446,7.1321,26709059.77,101.17,1297.795,13.222352525574,1.52,0.055681391705,17.3284945882,自动化设备,2024-10-28,2023-09-30
301198,喜悦智行,0.23,315662450.93,0.2125958698,-0.6305,38460269.06,-29.22,-16.1623,5.658897079704,4.04,0.124140280178,27.5170005156,包装印刷,2024-10-28,2023-09-30
301171,易点天下,0.38,1583508156.33,-15.2288710863,11.5451,180791743.81,-27.79,-21.4317,7.141665295873,5.54,0.037239850086,24.2283118547,广告营销,2024-10-28,2023-09-30
301141,中科磁业,0.4694,372898806.15,-25.8937957667,-6.3596,38118801.94,-51.03,-9.8057,14.200561036607,2.33,0.507050632409,15.7435259276,金属新材料,2024-10-28,2023-09-30
301123,奕东电子,0.0478,1086732096.99,-4.9564220692,5.9486,11162761.95,-87.62,108.5245,12.811334127697,0.37,0.244716139769,16.8083256458,消费电子,2024-10-28,2023-09-30
301119,正强股份,0.73,304888309.51,-0.9067378355,11.3183,75739082.12,3.62,21.7441,8.976071223942,8.39,0.535578088269,34.3960767399,汽车零部件,2024-10-28,2023-09-30
301117,佳缘科技,0.35,185997914.86,15.0995587059,-27.8375,32321090.14,-11.75,-74.9491,14.566146425719,2.43,-0.344489265179,59.8356476274,计算机设备,2024-10-28,2023-09-30
301107,瑜欣电子,0.76,406315010.17,-5.5572882582,-7.6668,55826158.62,-0.32,-24.3967,12.520876601771,6.17,0.854885596049,26.6707425588,通用设备,2024-10-28,2023-09-30
301097,天益医疗,1.04,275269865.85,-1.2775577702,5.9935,61027949.1,-30.07,-76.7952,21.486201166098,0.05,0.598589460686,36.5189343445,医疗器械,2024-10-28,2023-09-30
301076,新瀚新材,0.5212,330152636.42,19.0629128993,-13.9614,70117655.89,-2.4,-28.2753,8.137042339657,6.51,0.118858294505,33.4458162192,化学制品,2024-10-28,2023-09-30
301051,信濠光电,0.16,1220751293.3,5.2090718272,30.6965,27061766.24,124.59,-18.9337,21.928193810583,1.04,-0.057532099833,18.6200643012,消费电子,2024-10-28,2023-09-30
301046,能辉科技,0.2,424470616.35,68.2054550345,109.9733,32446423.17,121.35,1561.3817,5.37571483212,0.04,-0.86637712586,24.7554121823,专业工程,2024-10-28,2023-09-30
301042,安联锐视,0.9448,482594222.31,-23.5116880345,13.0354,65326029.28,-28.53,-38.1284,16.475115933145,5.43,0.483767274912,34.193244542,计算机设备,2024-10-28,2023-09-30
301035,润丰股份,2.6,8518893985.17,-28.5067544832,23.669,721621504.36,-44.74,23.0378,23.473657954815,11.42,-0.887998406002,22.6257731031,农化制品,2024-10-28,2023-09-30
301032,新柴股份,0.0189,1830090427.46,13.2114193553,-11.3836,4565891.47,-40.67,-115.9666,4.444448789342,0.43,-0.761290331908,7.2742842027,通用设备,2024-10-28,2023-09-30
301027,华蓝集团,-0.06,402838111.41,-20.0335137625,42.7783,-9551644.21,-123.55,127.8699,6.337661760898,-1.01,-0.033357658974,35.0972008719,工程咨询服务Ⅱ,2024-10-28,2023-09-30
301021,英诺激光,-0.0414,223364718.98,-7.3737712027,18.1639,-6270565.48,-127.37,-1035.0854,6.411478459171,-0.64,0.125011043585,46.0955635743,自动化设备,2024-10-28,2023-09-30
301013,利和兴,0.0123,291744081.0,41.0729253173,44.2454,2882591.71,115.21,191.3194,3.758238386342,0.33,-0.271407751253,17.0205698946,专用设备,2024-10-28,2023-09-30
301005,超捷股份,0.2,336220483.53,0.4795641378,17.9274,20113344.19,-52.95,221.3497,7.598850982436,2.5,0.65341396504,24.5823415761,汽车零部件,2024-10-28,2023-09-30
301000,肇民科技,0.29,430340564.69,7.2366965882,-8.7305,69771612.63,-9.11,-33.201,6.435844113855,6.19,0.197386296941,30.9556847438,汽车零部件,2024-10-28,2023-09-30
300994,久祺股份,0.41,1553405019.38,-16.9608886386,-6.0719,95598170.74,-37.84,8.9556,4.785400487756,8.38,0.290644963705,14.818420209,摩托车及其他,2024-10-28,2023-09-30
300980,祥源新材,0.3,267756773.78,-6.7575682147,-4.6041,32964170.73,-36.13,-19.5469,8.952712599718,3.34,0.214066845175,35.9839480062,塑料,2024-10-28,2023-09-30
300962,中金辐照,0.3656,258728525.64,2.544009796,-0.093,96507053.17,2.77,-6.2637,3.426436543636,10.72,0.583419969782,66.8247148367,专业服务,2024-10-28,2023-09-30
300960,通业科技,0.1562,217034621.81,19.8389389628,-18.1832,15988729.43,131.95,-63.4851,6.008254626139,2.54,-0.038179868125,44.1394223977,轨交设备Ⅱ,2024-10-28,2023-09-30
300949,奥雅股份,-0.95,380774778.1,19.4422356914,-56.0225,-57153676.18,-15.24,-302.17,18.210890415,-5.09,-1.614365303167,32.9830432721,基础建设,2024-10-28,2023-09-30
300943,春晖智控,0.283,332495745.11,-9.621368537,-7.6386,57678770.23,16.66,8.8551,4.563320368708,6.17,-0.074120055834,25.0150918721,通用设备,2024-10-28,2023-09-30
300939,秋田微,0.81,742893364.47,-13.1372465427,-8.0427,97436179.95,-26.4,-25.3105,11.128476186083,7.42,0.68830244,28.8862965525,光学光电子,2024-10-28,2023-09-30
300894,火星人,0.55,1570697453.39,-4.3174947797,-10.6281,222611892.08,1.7,-0.6124,3.796522608384,13.38,0.932160428441,48.0104448653,厨卫电器,2024-10-28,2023-09-30
300884,狄耐克,0.2646,624212962.5,6.3885288971,-9.6325,66671643.36,14.78,-56.7821,5.423062782183,4.92,0.449653820754,44.6244980951,计算机设备,2024-10-28,2023-09-30
300880,迦南智能,0.5502,604959560.34,1.4057330375,3.0995,106287325.74,-1.01,-28.1151,4.479514361466,12.17,0.903473235286,28.843461874,电网设备,2024-10-28,2023-09-30
300878,维康药业,0.48,432001715.94,-8.9275506642,-4.2559,69350633.99,-26.17,-87.2489,10.136512149134,4.84,0.186356483826,58.1444433579,中药Ⅱ,2024-10-28,2023-09-30
300875,捷强装备,-0.17,203970592.24,141.6634387042,27.3933,-17300080.15,-61.61,-90.9838,13.180412439753,-1.31,-0.985117147235,27.5370070132,地面兵装Ⅱ,2024-10-28,2023-09-30
300869,康泰医学,0.4856,617227119.11,33.5459681283,-2.41,195117554.43,12.0,-4.7003,5.090194596989,9.71,0.442312425494,58.1617688166,医疗器械,2024-10-28,2023-09-30
300867,圣元环保,0.486,1209114313.24,-9.9720387278,-10.2906,132078401.66,-17.01,-25.0277,12.807320999268,3.86,0.911038644279,36.3647837277,环境治理,2024-10-28,2023-09-30
300851,交大思诺,0.4423,205762010.72,18.0084652459,121.906,38453323.85,74.5,247.4312,14.325506441138,3.09,0.039917118047,74.8461010228,轨交设备Ⅱ,2024-10-28,2023-09-30
300829,金丹科技,0.52,1065988510.31,-8.0089824012,-12.9497,94828573.34,-12.15,16.0041,8.86489794558,5.96,0.786108865834,19.6175004803,化学制品,2024-10-28,2023-09-30
300821,东岳硅材,-0.24,3608461879.66,-30.3317713895,4.0886,-285180946.35,-149.21,23.2968,4.026781606775,-5.67,0.000269179775,-0.1112751445,化学制品,2024-10-28,2023-09-30
300808,久量股份,0.2588,385397302.12,-4.3985020137,-18.4263,41401618.41,402.28,14326.3164,6.591500327375,3.92,0.2300925275,16.8795014475,光学光电子,2024-10-28,2023-09-30
300792,壹网壹创,0.48,894024848.35,-11.9484642324,-13.9969,113651400.89,-22.64,-39.8393,11.817089388635,4.09,0.069741680123,30.5367050853,互联网电商,2024-10-28,2023-09-30
300785,值得买,0.07,959053873.58,17.6378599316,-33.5031,14062311.96,-46.53,-148.8823,9.044022326935,0.78,0.219078513962,47.2636885943,数字媒体,2024-10-28,2023-09-30
300779,惠城环保,1.21,783331398.66,223.7957137544,4.8144,136277029.84,1503.55,0.6633,9.308287230663,14.47,1.491801452184,34.524066098,环境治理,2024-10-28,2023-09-30
300772,运达股份,0.3577,11231931939.22,5.7430668572,18.1311,251118921.02,-45.38,37.9951,7.248761438914,5.03,0.51006188936,15.7204558784,风电设备,2024-10-28,2023-09-30
300757,罗博特科,0.21,1080590798.79,92.4587480371,22.8178,32364038.43,2955.05,52.3962,8.361051547298,3.66,-0.359800938202,22.5349428019,自动化设备,2024-10-28,2023-09-30
300751,迈为股份,2.56,5106837569.2,69.3526222451,30.7389,713569427.16,3.88,41.9228,24.85980249581,10.65,1.738842550012,32.5336447809,光伏设备,2024-10-28,2023-09-30
300749,顶固集创,0.16,910353324.83,20.507297696,-3.6117,33594660.72,-23.75,-26.4754,3.618483338175,4.56,1.262537566571,29.0036060317,家居用品,2024-10-28,2023-09-30
300747,锐科激光,0.3067,2583047200.47,11.2947936367,-21.2762,172245603.17,422.5,-11.621,5.631291487851,5.48,0.354884941384,24.8007790374,自动化设备,2024-10-28,2023-09-30
300739,明阳电路,0.27,1235843894.43,-20.0939480384,2.525,80172037.01,-45.5,-42.6607,6.058899251728,4.28,0.900646874605,24.944599381,元件,2024-10-28,2023-09-30
300729,乐歌股份,1.6599,2685346263.04,16.1403451286,14.2528,516793543.45,226.4,59.3421,9.321188023566,19.21,1.629135921199,36.5191557814,家居用品,2024-10-28,2023-09-30
300699,光威复材,0.7483,1746936857.44,-9.9656248623,-21.5457,621273020.77,-17.2,-14.0028,6.26977716694,12.27,0.279375751727,45.9935222139,航空装备Ⅱ,2024-10-28,2023-09-30
300669,沪宁股份,0.1966,284966242.11,-5.7264852193,-11.8683,37885507.48,-1.07,10.3598,4.54819126972,4.35,0.295250751346,26.7007850883,专用设备,2024-10-28,2023-09-30
300668,杰恩股份,0.4161,526064812.34,91.5338450666,16.6758,50096111.96,124.54,-20.004,6.395671186331,6.77,-0.125000002201,32.5897215416,工程咨询服务Ⅱ,2024-10-28,2023-09-30
300644,南京聚隆,0.4944,1245190471.18,2.0048227157,13.1479,53292993.56,85.17,-0.3924,7.55678778242,6.71,-0.587329876884,15.754052245,塑料,2024-10-28,2023-09-30
300612,宣亚国际,0.02,654025149.69,-6.3150146009,0.5303,3178741.62,-92.14,-145.1896,2.057462636045,0.94,0.055166527786,17.3656118979,广告营销,2024-10-28,2023-09-30
300589,江龙船艇,0.0418,683314921.25,73.3492467834,-5.7722,15773314.77,72.9,-58.8032,2.087833512454,1.98,0.629945561445,15.0054444754,航海装备Ⅱ,2024-10-28,2023-09-30
300561,汇金科技,0.0151,111480014.31,-7.1377555909,-11.5002,4948637.52,-65.04,14.2856,1.957709472103,0.76,0.008545959756,45.4801399101,软件开发,2024-10-28,2023-09-30
300554,三超新材,0.2254,359737712.73,25.4203814465,23.1542,24799316.43,548.23,468.433,7.101802087279,3.33,-0.68996549299,29.0681926692,通用设备,2024-10-28,2023-09-30
300547,川环科技,0.5012,746018776.96,18.486810327,12.5456,108718662.68,28.32,21.822,4.771692603365,10.7,0.29431566314,25.1436280846,汽车零部件,2024-10-28,2023-09-30
300535,达威股份,0.3199,517509148.81,35.8226840711,12.4674,33449371.29,225.69,66.5727,8.929119430896,3.64,0.351430609239,31.8812340341,化学制品,2024-10-28,2023-09-30
300520,科大国创,0.26,1775128687.4,32.2230364841,13.5144,64733573.06,18.11,-59.3745,6.180663576795,4.33,-1.061519671711,26.0906645477,软件开发,2024-10-28,2023-09-30
300517,海波重科,0.03,321692798.25,-21.4731563513,18.9673,6226494.46,-85.56,177.8259,5.25739008293,0.6,-0.109521478253,22.0497899443,专业工程,2024-10-28,2023-09-30
300494,盛天网络,0.3659,1082674104.22,-8.4790936791,-29.2847,178961644.02,-5.92,-54.076,3.508969600361,11.03,0.39532377773,28.5711144244,游戏Ⅱ,2024-10-28,2023-09-30
300490,华自科技,0.06,2076307272.49,64.6798987785,-39.6604,23534875.74,136.21,-42.9342,7.496715331749,0.9,-0.830569662751,21.984201835,电网设备,2024-10-28,2023-09-30
300468,四方精创,0.1179,517670473.2,6.688298201,-9.2773,62544761.05,11.66,30.2345,3.069434681843,3.88,0.059475058305,34.2128892257,软件开发,2024-10-28,2023-09-30
300462,ST华铭,-0.0713,446675713.43,4.4422953627,-1.1241,-13422139.66,55.5,-237.0435,7.665679190174,-0.87,0.082426412075,28.9738981343,计算机设备,2024-10-28,2023-09-30
300419,ST浩丰,0.0371,416947146.73,-35.3474642686,-25.5086,13633697.81,15.52,-59.7585,1.700985691323,2.2,-0.204969160289,22.7706909028,IT服务Ⅱ,2024-10-28,2023-09-30
300403,汉宇集团,0.2944,798740875.81,3.0628790713,5.8541,177530444.6,7.98,-11.8128,3.074265563516,9.42,0.477798176202,34.4712729445,家电零部件Ⅱ,2024-10-28,2023-09-30
300386,飞天诚信,-0.26,517267481.34,-17.2503801079,4.0627,-109491801.41,-132.65,21.3213,3.843168087259,-6.6,-0.219035766833,33.5263568127,计算机设备,2024-10-28,2023-09-30
300366,ST创意,-0.0744,962032494.21,-9.8467467305,6.468,-44430095.32,-11.56,-202.5168,3.902119404341,-1.65,-0.183488226669,22.3641746027,软件开发,2024-10-28,2023-09-30
300345,华民股份,-0.2005,862259359.82,339.7713885832,78.2332,-115834471.73,-2486.21,98.5215,1.547358061853,-12.4,-0.680564895432,9.9555770213,光伏设备,2024-10-28,2023-09-30
300337,银邦股份,0.084,3287296965.67,13.062265063,0.4546,69037318.22,-0.74,78.3016,2.0056249959,4.28,-0.146406629623,10.3077936511,工业金属,2024-10-28,2023-09-30
300334,津膜科技,-0.05,128736344.08,-29.9521044316,-12.3197,-14440865.22,65.19,59.281,1.89728957279,-2.49,-0.321041804807,31.0514647714,环境治理,2024-10-28,2023-09-30
300333,兆日科技,-0.1292,104572122.55,0.8223851589,-8.3531,-43404364.96,33.73,49.2818,1.963428222649,-6.37,-0.142419733482,58.1480549665,计算机设备,2024-10-28,2023-09-30
300323,华灿光电,-0.44,1985188710.34,12.3514578672,15.3182,-568381545.55,-1281.09,14.7547,4.829920718664,-9.1,-0.002806846055,-8.594344373,光学光电子,2024-10-28,2023-09-30
300299,富春股份,0.0089,245105762.28,-10.2953719325,-36.9077,6170118.42,-74.66,-226.3804,0.836793840326,1.08,0.05436935596,42.9530883406,游戏Ⅱ,2024-10-28,2023-09-30
300292,吴通控股,0.0432,2592387438.63,-12.2754620614,11.2567,57953491.49,177.99,171.9367,0.984173019596,4.49,-0.000876443962,11.5936654792,通信服务,2024-10-28,2023-09-30
300246,宝莱特,0.2992,951720699.05,9.6301146094,-10.6564,64278764.29,529.58,-82.9002,5.255357011317,4.49,0.191046735076,32.840015696,医疗器械,2024-10-28,2023-09-30
300241,瑞丰光电,-0.0271,1047674748.84,1.3897051959,-1.3647,-18530139.65,-164.55,-251.2908,3.08053849968,-0.87,0.020631321237,16.9656885256,光学光电子,2024-10-28,2023-09-30
300239,东宝生物,0.1605,734671103.09,4.0546155735,-17.5059,95261690.05,8.52,-10.6567,2.709450103218,6.08,0.219486280681,26.7600590241,生物制品,2024-10-28,2023-09-30
300223,北京君正,0.765,3419896944.07,-18.9442702826,4.029,368419763.44,-49.65,36.0731,24.087079537035,3.23,0.83596521862,36.6813441699,半导体,2024-10-28,2023-09-30
300181,佐力药业,0.409,1464947132.5,8.9664011494,-12.0738,286865191.49,40.65,-10.9807,3.803006619545,10.42,0.319298582159,68.6465038062,中药Ⅱ,2024-10-28,2023-09-30
300165,天瑞仪器,0.0228,641978936.46,-8.8321556039,-15.3031,11299729.49,64.86,-183.4799,3.091697911487,-0.93,-0.45268793462,37.3579290486,通用设备,2024-10-28,2023-09-30
300159,新研股份,-0.0654,837389143.59,-42.6078567258,81.7085,-96299222.69,-678.57,64.6082,0.044580731167,-87.21,0.104631458136,26.8233363293,专用设备,2024-10-28,2023-09-30
300148,天舟文化,-0.018,243307578.3,-31.3910352063,-63.2792,-14731540.85,-241.55,-384.2192,1.237052214192,-1.4,-0.023066770806,40.7907355634,出版,2024-10-28,2023-09-30
300143,盈康生命,0.1588,1103414216.68,27.8183450704,4.768,94054908.51,69.43,-24.7996,2.133609759866,7.07,0.286709111186,29.7796164815,医疗服务,2024-10-28,2023-09-30
300141,和顺电气,0.007,239305373.83,52.9981889073,-14.3799,1788877.61,141.28,-80.5012,2.613166464212,0.27,-0.068592453934,22.8118460218,电网设备,2024-10-28,2023-09-30
300101,振芯科技,0.2544,615302113.3,-12.8250964269,-25.9668,143492817.25,-32.64,-42.0458,3.173694738693,8.47,-0.172674620456,65.213049456,军工电子Ⅱ,2024-10-28,2023-09-30
300082,奥克股份,-0.28,2989346836.92,-31.6581279754,-13.9097,-193691841.9,-2304.01,51.493,4.498041841869,-6.14,0.047040973054,-0.4509956537,化学原料,2024-10-28,2023-09-30
300077,国民技术,-0.63,760080480.72,-18.6603910368,18.4844,-351314930.44,-11724.31,14.5202,2.444642846509,-22.99,-0.552371280527,14.0486557448,半导体,2024-10-28,2023-09-30
300062,中能电气,0.05,1131416588.78,29.8858006581,64.7921,28007671.56,10.1,-62.5348,2.267790800769,2.23,-0.053201317605,19.163373881,电网设备,2024-10-28,2023-09-30
300056,中创环保,-0.1869,328370608.08,-56.9462951595,6.0902,-72045242.16,-352.85,43.7807,0.931994798299,-18.94,0.036253650496,14.5093596831,环境治理,2024-10-28,2023-09-30
300047,天源迪科,0.0559,4020351374.12,14.4070646813,7.2729,35673367.36,-16.29,-83.9868,5.203989795449,1.08,1.562889336502,11.7646326009,软件开发,2024-10-28,2023-09-30
300036,超图软件,0.275,1270554608.66,26.4796015333,46.6466,135437691.63,117.67,102.2752,6.099994088378,4.65,-0.91548780424,53.7760728262,软件开发,2024-10-28,2023-09-30
300034,钢研高纳,0.3096,2418604933.99,27.4189604353,13.0949,235303215.93,8.44,-13.8546,4.239648467856,7.24,-0.223532729699,28.5345672437,航空装备Ⅱ,2024-10-28,2023-09-30
300024,机器人,-0.0513,2412674205.29,33.103063648,14.7166,-79571045.37,61.29,77.7943,2.74832434541,-1.87,-0.274776767699,13.3942519637,自动化设备,2024-10-28,2023-09-30
300021,大禹节水,0.043,1843467070.52,-10.6923023246,11.4529,36276961.1,-21.07,-17.705,2.11788446239,1.81,-0.39745002381,24.3506042396,农业综合Ⅱ,2024-10-28,2023-09-30
200869,张裕B,0.62,2801225058.0,-0.3485552026,-0.0949,424517627.0,-2.26,-29.7755,15.468955420454,3.97,1.055935428917,59.0756467166,非白酒,2024-10-28,2023-09-30
002995,天地在线,-0.1812,1324449079.17,-45.3182055806,-33.407,-32162651.74,-413.45,110.7437,5.613612695098,-3.16,0.084086952609,6.0177733069,广告营销,2024-10-28,2023-09-30
002983,芯瑞达,0.74,1013375156.27,43.7246243333,18.4828,135397619.41,58.47,-1.8594,6.634674410628,11.38,0.838196905408,21.3383159161,光学光电子,2024-10-28,2023-09-30
002979,雷赛智能,0.3,1053781817.54,12.1303168475,-14.4175,92275524.62,-55.89,-57.7246,4.112478575452,7.45,0.306584891279,37.3130607584,自动化设备,2024-10-28,2023-09-30
002977,*ST天箭,0.3781,143812861.93,-54.537056553,-26.5126,45419995.44,-31.22,-49.7892,9.080111401099,4.2,1.255086796703,51.0753410538,军工电子Ⅱ,2024-10-28,2023-09-30
002969,嘉美包装,0.0614,2207670892.11,7.8381479855,22.159,58870134.26,7489.83,832.7424,2.421482331808,2.45,0.328313588862,11.8496448585,包装印刷,2024-10-28,2023-09-30
002961,瑞达期货,0.4,815586001.45,-57.96,-5.3857,179553032.5,-24.38,-0.6796,5.590733485596,6.97,0.575084060392,,多元金融,2024-10-28,2023-09-30
002951,金时科技,-0.0557,33151486.21,-74.9546333457,-52.7949,-22555019.62,-761.61,-106.9688,4.822403074395,-1.21,-0.04725848084,28.1725819194,其他电源设备Ⅱ,2024-10-28,2023-09-30
002896,中大力德,0.38,822005347.26,22.8635238548,-12.1094,57324591.17,34.53,32.1519,7.253886764143,5.33,0.319033529417,22.2043638461,通用设备,2024-10-28,2023-09-30
002895,川恒股份,0.9888,3071601781.85,25.0868590982,35.1761,491519330.93,-16.66,89.7586,9.020063177843,10.88,0.766685163086,36.775665884,农化制品,2024-10-28,2023-09-30
002887,绿茵生态,0.2462,245697149.93,-46.2441177643,9.0353,76821660.36,-49.86,37.1408,7.059872654263,3.21,-0.302483520064,40.5673667189,环境治理,2024-10-28,2023-09-30
002879,长缆科技,0.17,701653467.83,4.8791857155,-6.0858,32894564.01,33.87,-66.2819,8.937114096936,1.91,0.291602355401,46.784111853,电网设备,2024-10-28,2023-09-30
002877,智能自控,0.233,764265497.71,23.6137259385,10.7213,78566730.38,63.37,22.0406,3.1148994676,8.0,0.083623080886,34.8285548749,通用设备,2024-10-28,2023-09-30
002873,新天药业,0.3782,775665238.78,-10.7645317298,-21.2491,87711668.99,-16.38,94.8833,5.069268263686,7.66,0.155964745883,77.1339466973,中药Ⅱ,2024-10-28,2023-09-30
002864,盘龙药业,0.91,716232654.94,3.2857503319,-21.2027,84103585.79,7.87,-8.6988,15.727101774179,7.52,0.848655179059,58.2107986287,中药Ⅱ,2024-10-28,2023-09-30
002861,瀛通通讯,-0.19,550999924.54,-6.2342621091,12.4769,-29161470.78,-31.68,-72.7489,5.674603272161,-3.2,0.168103784648,17.6858285637,消费电子,2024-10-28,2023-09-30
002825,纳尔股份,0.17,1071592650.83,-19.592103838,21.1709,57305039.78,-85.19,-19.7692,3.983482550347,4.25,0.243611383347,18.8267713505,塑料,2024-10-28,2023-09-30
002823,凯中精密,0.1486,2236749605.0,13.3479505976,6.1698,42667139.54,35.48,556.0116,4.578056956942,2.99,0.611179308205,13.9202755062,电机Ⅱ,2024-10-28,2023-09-30
002802,洪汇新材,0.21,269663401.79,-36.6887437154,-9.4249,37967887.4,-37.92,-26.5218,3.58477454799,5.61,0.400190003631,31.5761201575,化学制品,2024-10-28,2023-09-30
002777,久远银海,0.28,803403796.66,21.7126718267,-13.9573,114216637.21,-8.69,-57.4752,3.959413159369,7.22,-0.243109996159,49.5765980178,IT服务Ⅱ,2024-10-28,2023-09-30
002752,昇兴股份,0.28,5171736671.93,-0.466504534,1.1699,275446833.29,32.83,12.2371,3.099547397521,9.13,0.404456477508,12.1709808356,包装印刷,2024-10-28,2023-09-30
002734,利民股份,0.06,3397845982.07,-15.9384631496,-2.8733,21996357.03,-87.71,-1666.1615,6.908495565628,0.8,0.144831118551,17.571857455,农化制品,2024-10-28,2023-09-30
002724,海洋王,0.1137,1141631231.0,-5.7165586217,-42.2212,89008004.53,0.98,-87.9139,3.771139399359,3.09,0.013123841784,59.4792262432,照明设备Ⅱ,2024-10-28,2023-09-30
002719,ST麦趣,-0.3649,537389614.63,-36.706307323,14.7111,-63549814.61,79.88,10.5577,2.828599893475,-12.16,-0.129469028205,18.4447689165,休闲食品,2024-10-28,2023-09-30
002691,*ST冀凯,-0.071,217363729.25,21.1640988589,46.3103,-24114150.75,-478.01,60.1821,2.568894830471,-2.66,0.237801721618,22.7447612859,专用设备,2024-10-28,2023-09-30
002689,ST远智,0.0263,943475751.2,48.7062754195,33.0648,27416146.12,255.4,-8.3257,1.113812717367,2.38,0.06329705448,22.8885842774,专用设备,2024-10-28,2023-09-30
002688,金河生物,0.1321,1569845460.39,-3.8587671514,6.3699,103065407.57,0.59,-73.863,2.911530448681,4.58,0.218204673849,31.0966121231,动物保健Ⅱ,2024-10-28,2023-09-30
002646,天佑德酒,0.2243,940893849.42,19.0569357093,6.082,106002695.25,6.32,-51.2428,5.990060868247,3.78,0.344108548398,63.7074327587,白酒Ⅱ,2024-10-28,2023-09-30
002626,金达威,0.4,2320697373.46,0.6853787551,1.0184,243497180.53,-30.17,-38.7244,6.347673523141,6.55,0.851564824315,36.9686127809,食品加工,2024-10-28,2023-09-30
002617,露笑科技,0.1,2083987807.37,-19.5741440817,7.483,188680574.25,418.62,16.8357,3.104145295341,3.14,0.265549476485,22.8521355867,电力,2024-10-28,2023-09-30
002615,哈尔斯,0.34,1706032065.81,-10.1234980681,33.9589,152978979.97,-15.09,155.8448,2.894024888974,10.76,-0.091762578398,31.9148748029,家居用品,2024-10-28,2023-09-30
002591,恒大高新,-0.0264,271890544.39,2.929781666,7.0897,-7917198.26,-101.42,-350.6314,2.34589333991,-1.12,0.242098690183,19.8444216812,化学制品,2024-10-28,2023-09-30
002585,双星新材,0.04,3914410573.33,-18.6067363985,5.2541,45767052.25,-94.04,-34.6117,8.247645789447,0.47,0.594683049268,6.7595790036,塑料,2024-10-28,2023-09-30
002564,天沃科技,-1.02,2889143275.49,1.140659537,-11.9586,-876946982.8,-154.19,44.5749,-3.444549242814,,0.07609671279,15.4157059384,专用设备,2024-10-28,2023-09-30
002533,金杯电工,0.4891,10984412630.6,14.3958093456,8.6515,358944701.55,35.83,0.5071,5.041846359892,9.77,-0.943941223812,11.3335368944,电网设备,2024-10-28,2023-09-30
002501,*ST利源,-0.03,373764070.98,13.2914323091,3.3482,-116271828.68,43.41,4.6463,0.320918411256,-9.71,-0.092854891299,-9.8112467215,工业金属,2024-10-28,2023-09-30
002496,辉丰股份,-0.0676,160924928.94,-20.7449401375,-35.6419,-101976847.42,-53.9,9.9237,1.232229860751,-5.34,-0.019498567819,31.9004036343,农化制品,2024-10-28,2023-09-30
002495,佳隆股份,-0.0301,203576970.31,21.0992805262,-26.778,-28141374.36,-1421.43,-647.1683,1.213643089725,-2.45,0.021189901623,25.2227908745,调味发酵品Ⅱ,2024-10-28,2023-09-30
002494,华斯股份,-0.0106,242260797.5,10.3325934261,12.055,-4016507.55,94.58,-105.893,3.295191469833,-0.32,-0.00257351767,28.9392704241,服装家纺,2024-10-28,2023-09-30
002476,新叶股份,-0.0004,310503674.37,-26.5953125539,25.0445,-235195.86,-100.75,9985.0754,1.423605178154,-0.03,0.230177215196,17.0551935553,炼化及贸易,2024-10-28,2023-09-30
002442,龙星科技,0.2146,3197722771.09,-5.9105843303,0.4592,103851744.87,10.64,7.3214,3.467387068824,6.32,0.155152959843,9.4713016024,橡胶,2024-10-28,2023-09-30
002428,云南锗业,-0.007,470991590.18,14.1800292358,38.9522,-4863591.65,30.79,7.4543,2.14986061246,-0.35,-0.141653567491,16.697683999,小金属,2024-10-28,2023-09-30
002409,雅克科技,1.0098,3541739094.07,11.838927384,-2.5936,480600385.97,3.73,-17.3484,14.235546619585,7.24,0.431754641973,31.8642789849,半导体,2024-10-28,2023-09-30
002348,高乐股份,-0.0256,216288912.96,-15.9352495065,45.6396,-24224028.86,56.95,151.1748,0.583137494236,-4.0,-0.017998108604,26.9124711403,文娱用品,2024-10-28,2023-09-30
002346,柘中股份,0.44,527521751.15,6.0320199472,-41.345,195430059.39,-35.62,-114.8065,6.382440209964,7.07,0.077853327958,25.8822657364,电网设备,2024-10-28,2023-09-30
002328,新朋股份,0.25,4326620826.89,-1.693935619,-0.0267,189863255.32,-9.58,-79.1138,4.200965119958,5.94,0.29645508049,10.2948905151,汽车零部件,2024-10-28,2023-09-30
002324,普利特,0.3645,6497390801.23,51.7708922473,14.5885,402166142.09,163.14,105.4114,3.907716407405,12.17,0.337274752583,17.1936666272,塑料,2024-10-28,2023-09-30
002267,陕天然气,0.2758,5072411016.15,-22.1690811838,2.9274,306671087.5,-49.29,-17.7181,5.710138639587,4.84,0.41377362508,12.0436032842,燃气Ⅱ,2024-10-28,2023-09-30
002265,建设工业,0.19,3161422882.15,4.9749123699,-27.6677,190921506.15,-10.66,-63.8497,3.162233016787,6.98,-0.027733988957,10.886284105,汽车零部件,2024-10-28,2023-09-30
002251,步步高,-0.2424,2406755852.03,-70.0223572733,-20.0687,-651687606.26,-3734.69,42.1586,4.721599974428,-14.7,-1.099099761902,43.047645434,一般零售,2024-10-28,2023-09-30
002246,北化股份,0.0213,1481272234.8,-20.7753749875,-12.4476,11682995.96,-86.96,-191.5327,5.169541968992,0.4,-0.576065161491,18.7597636823,化学制品,2024-10-28,2023-09-30
002205,国统股份,-0.6543,231085328.68,-32.9605445483,-34.6165,-121595398.87,-110.04,-96.7177,3.491535451913,-17.13,-1.362757125753,17.6684767368,水泥,2024-10-28,2023-09-30
002195,岩山科技,0.0588,430725736.88,-15.081878366,-7.4493,329091836.91,1.19,-53.4187,1.682630540688,3.45,0.047642514117,55.279441585,IT服务Ⅱ,2024-10-28,2023-09-30
002163,海南发展,0.17,2866685927.29,21.3545675223,15.7328,147225784.04,305.97,1932.0015,1.764169130435,10.38,-0.590373603824,7.0805117306,装修装饰Ⅱ,2024-10-28,2023-09-30
002102,ST能特,0.1252,7938488353.59,-12.3253808305,8.6975,329685108.77,-50.29,-86.9645,1.592045557786,8.18,-0.126476441476,3.1628198232,化学制药,2024-10-28,2023-09-30
002101,广东鸿图,0.5678,5238202763.28,8.9476672902,18.7235,308726135.57,-13.65,48.1477,11.293285998859,5.74,0.415531761459,19.1211168798,汽车零部件,2024-10-28,2023-09-30
002086,东方海洋,-0.07,325223918.74,-31.2245688223,-6.0158,-51864336.99,-252.67,7.4682,-1.609392683982,,-0.096247020308,36.4804196289,农产品加工,2024-10-28,2023-09-30
002058,威尔泰,-0.07,100548795.84,3.2773184478,-18.5768,-10170570.24,-9.29,-91.0001,1.046353950703,-5.19,-0.064091527743,28.4037877445,电池,2024-10-28,2023-09-30
002057,中钢天源,0.3244,2071618804.8,-0.9302963352,-17.4133,246267177.21,-11.78,-33.3195,3.998643471172,8.12,-0.102091409803,26.0978395445,专业服务,2024-10-28,2023-09-30
002023,海特高新,0.045,731105012.28,5.2537740415,-16.5102,33304686.8,127.47,-70.1932,5.608052261279,0.79,0.16025559593,35.2227884784,航空装备Ⅱ,2024-10-28,2023-09-30
002017,东信和平,0.179,1044989433.29,18.0993059472,-1.3818,103871324.22,71.31,20.6607,2.698329778196,6.71,0.106393910125,31.8298962912,通信设备,2024-10-28,2023-09-30
002006,精工科技,0.31,1119640644.41,-14.3875823097,-31.5665,140349523.57,-9.19,-4.7016,2.958162797698,9.55,0.340267386611,29.8800312333,专用设备,2024-10-28,2023-09-30
001338,永顺泰,0.25,3754601562.87,22.992031039,-8.6294,125221350.68,5.17,122.7896,6.627748666051,3.82,4.857325149883,6.7744794434,农产品加工,2024-10-28,2023-09-30
001333,光华股份,0.7166,1109130563.68,7.3217306388,21.3147,91720090.24,-14.17,17.3327,12.242147856406,5.81,-0.961164672188,13.6176925581,塑料,2024-10-28,2023-09-30
001328,登康口腔,0.6822,1011248393.47,3.5805700665,6.2564,107667337.93,1.74,23.7766,7.971350212634,9.68,0.552404949185,44.1870997695,个护用品,2024-10-28,2023-09-30
001277,速达股份,1.7182,844434860.22,17.1607722718,,97938167.35,14.8492617449,,,,,24.4617653712,专用设备,2024-10-28,2023-09-30
001226,拓山重工,-0.058,370055622.48,-30.0695439923,-2.9118,-4329307.75,-109.06,11.9109,10.117619186331,-0.57,-2.918247535916,9.4267217793,工程机械,2024-10-28,2023-09-30
000878,云南铜业,0.7575,110554875843.58,12.7514191473,-2.3819,1517805436.09,2.52,-4.4716,6.998109776194,11.15,2.176323344852,3.873817424,工业金属,2024-10-28,2023-09-30
000869,张裕A,0.62,2801225058.0,-0.3485552026,-0.0949,424517627.0,-2.26,-29.7755,15.468955420454,3.97,1.055935428917,59.0756467166,非白酒,2024-10-28,2023-09-30
000807,云铝股份,0.722,29760818476.69,-20.741282137,46.9735,2504991936.95,-33.44,57.0715,7.009564833531,10.61,1.312665966507,15.038622895,工业金属,2024-10-28,2023-09-30
000795,英洛华,0.0736,2814562440.91,-20.8085228381,-8.3182,82288215.29,-61.01,46.5722,2.332927822222,3.07,0.288994935849,16.6414458156,金属新材料,2024-10-28,2023-09-30
000793,*ST华闻,-0.064,438281669.7,-22.9210981477,-16.0719,-127838161.1,40.63,-20.7925,0.965469732727,-6.41,0.083164652666,20.1172348413,出版,2024-10-28,2023-09-30
000692,惠天热电,-0.9881,1097999400.32,-8.0598227352,50.5588,-526482951.84,52.44,35.6265,-4.486781598217,,0.005260492549,-32.0824398408,电力,2024-10-28,2023-09-30
000628,高新发展,0.721,4505883732.16,9.0466329403,-12.9875,253867139.39,205.73,159.5388,5.657574743897,13.56,-5.498348191325,11.1876823164,房屋建设Ⅱ,2024-10-28,2023-09-30
000571,新大洲A,-0.0753,818901276.86,-22.1402704945,-46.2331,-61294742.92,-180.75,-697.992,0.390875719034,-17.79,0.125553167577,41.852948213,煤炭开采,2024-10-28,2023-09-30
000543,皖能电力,0.5756,20211342703.42,4.5714105495,24.0406,1304808804.59,161.04,56.8586,6.196496280851,9.22,1.002885928022,8.0288112811,电力,2024-10-28,2023-09-30
000520,凤凰航运,-0.0164,741874596.34,-0.5166431342,2.2245,-16594831.23,-149.67,-8011.5278,0.530474045374,-3.04,-0.039409470428,1.4017944409,航运港口,2024-10-28,2023-09-30
000519,中兵红箭,0.1475,3007517567.32,-37.8546354286,-3.8986,205403465.08,-76.69,-28.3011,7.120758439968,2.09,-0.483079402895,30.0795517074,地面兵装Ⅱ,2024-10-28,2023-09-30
000403,派林生物,0.446,1374813312.16,-7.9451729537,48.5329,326195419.81,-6.68,110.9912,9.739137731082,4.66,0.308106891564,50.048298514,生物制品,2024-10-28,2023-09-30
000158,常山北明,-0.0815,4649961214.05,-20.4237382909,-25.9458,-130260531.43,3.96,-353.8607,3.641193145984,-2.21,-0.588598354371,12.1794666508,IT服务Ⅱ,2024-10-28,2023-09-30
900939,汇丽B,0.0361,11465315.56,5.4536869347,-0.1618,6560725.35,19.26,-28.9264,0.818873238017,4.93,0.03574983427,91.9343800425,房地产开发,2024-10-26,2023-09-30
900920,动力B股,-0.68,6526303126.5,-17.9587784456,-16.7306,-1074518429.07,-79.3930654325,65.547,4.982458308854,-14.58,-0.568711247647,6.5980523775,汽车零部件,2024-10-26,2023-09-30
900916,凤凰B股,0.064,1281951867.15,16.2207641752,-17.691,32969884.23,-49.98,-23.5922,4.168974331049,1.5491,0.036079345942,12.561271925,摩托车及其他,2024-10-26,2023-09-30
900901,云赛B股,0.1141,3705991731.24,19.6668630473,-13.1101,156021894.99,2.2,23.6676,3.400554068968,3.385,-0.29849880974,18.8202895935,软件开发,2024-10-26,2023-09-30
688779,五矿新能,0.04,8365456893.06,-34.1075595074,17.6042,72235981.38,-93.51,-87.8523,3.850350862515,0.9,-1.421863260151,5.6727124099,电池,2024-10-26,2023-09-30
688778,厦钨新能,0.98,13122438075.54,-41.6002718341,10.2708,412394970.29,-53.78,13.399,20.110261808037,4.91,3.561413392531,7.9713217342,电池,2024-10-26,2023-09-30
688766,普冉股份,-0.96,767144230.43,0.447479276,12.8392,-101579636.81,-173.5,53.4406,24.872307317783,-5.26,-0.186084874075,22.6543533271,半导体,2024-10-26,2023-09-30
688720,艾森股份,0.28,247931392.65,-2.2273257808,14.0121,18536559.13,116.1,-2.1484,6.922697537368,4.13,-1.052309721331,28.3988628094,半导体,2024-10-26,2023-09-30
688707,振华新材,0.08,5280978683.32,-46.6786256926,61.5732,37592724.84,-96.26,168.9495,8.616247441943,0.95,0.435346092081,6.059974083,电池,2024-10-26,2023-09-30
688671,碧兴物联,0.29,223986548.92,-27.0324624266,-41.0129,17896543.38,-42.94,-158.8334,14.498402187371,3.11,-0.404563207966,32.5987773338,环保设备Ⅱ,2024-10-26,2023-09-30
688665,四方光电,1.45,451913137.14,13.7607804215,11.1527,101279309.63,1.24,-10.494,13.235838798,11.12,0.783689463571,44.7187927616,通用设备,2024-10-26,2023-09-30
688657,浩辰软件,0.78,194338554.92,15.5278338879,-3.131,42280724.58,3.02,-10.1898,31.033317368205,13.26,1.063405695655,90.7110568732,软件开发,2024-10-26,2023-09-30
688630,芯碁微装,0.89,523811046.37,27.2969295445,26.7966,118431961.31,34.91,16.8304,14.948304735661,9.21,-1.121588445076,41.4994662229,专用设备,2024-10-26,2023-09-30
688620,安凯微,0.04,370075158.22,7.1769101576,4.3119,13744837.01,-33.4,-102.6264,3.873411153367,1.54,-0.11169590727,26.9552741799,半导体,2024-10-26,2023-09-30
688617,惠泰医疗,4.16,1213709560.43,36.7827334724,-2.8632,403247364.38,54.75,-5.7249,26.58542531635,22.53,7.24833599026,71.3780760698,医疗器械,2024-10-26,2023-09-30
688612,威迈斯,0.74,3592984268.21,40.5540985587,10.6141,288028876.08,33.97,-38.3478,7.152239099129,18.54,1.341565861116,18.6027171965,汽车零部件,2024-10-26,2023-09-30
688607,康众医疗,0.04,181405325.04,26.6179749369,15.8616,3297845.75,191.8085522202,-21.0707,9.621114958299,0.39,0.121040654176,37.0467374787,医疗器械,2024-10-26,2023-09-30
688553,汇宇制药,0.21,659136821.28,-45.9775716119,-2.0166,88940126.37,-62.21,-33.224,8.754289987465,2.36,0.048516795538,85.5796776707,化学制药,2024-10-26,2023-09-30
688543,国科军工,0.63,677880041.47,18.9930118404,9.4869,92583491.28,20.79,45.8438,15.131485251176,7.69,-0.486786173178,34.2421729863,地面兵装Ⅱ,2024-10-26,2023-09-30
688508,芯朋微,0.52,579954261.17,9.9414282186,-0.7651,60025903.54,-23.89,-56.7041,18.915874401995,3.75,-0.226189729077,38.6447804018,半导体,2024-10-26,2023-09-30
688505,复旦张江,0.09,707960683.0,-1.15952694,-44.5178,89891634.0,144.11,-64.0335,2.253262635566,3.91,0.001651798269,92.2356658611,化学制药,2024-10-26,2023-09-30
688502,茂莱光学,0.7501,359797323.32,6.5086746645,5.729,36304780.17,-30.86,-47.325,22.339803012879,3.99,-0.050479006629,51.2819684253,光学光电子,2024-10-26,2023-09-30
688475,萤石网络,0.51,3509027140.47,11.8619356555,1.4912,401663862.44,83.27,-14.6118,9.066594191609,8.05,0.957961513156,43.4416545697,计算机设备,2024-10-26,2023-09-30
688466,金科环境,0.51,396872319.05,26.754060018,-14.346,62399630.56,70.79,-47.8668,9.237968283375,5.64,0.330338485137,38.290949022,环境治理,2024-10-26,2023-09-30
688450,光格科技,0.25,174774815.57,12.9342819548,-58.4989,13443966.08,-49.3,-120.8166,16.104869357273,3.04,-0.932946032576,54.1284186577,电网设备,2024-10-26,2023-09-30
688433,华曙高科,0.184,371229991.84,35.1509153655,-7.0015,72821918.82,32.63,37.5095,4.51194365196,5.3,-0.197224283046,53.2135012478,通用设备,2024-10-26,2023-09-30
688419,耐科装备,0.39,136228594.33,-36.3924527594,-3.0084,31966203.88,-26.9,-8.0286,11.589340205488,3.38,0.275899865122,40.8974647313,半导体,2024-10-26,2023-09-30
688399,硕世生物,-3.0,276432339.01,-93.561596894,-2.9639,-176014301.45,-110.84,-120.4179,61.461974725179,-4.77,-4.732688276527,60.1249254176,医疗器械,2024-10-26,2023-09-30
688398,赛特新材,0.47,591691493.3,28.7491473603,18.1921,79196945.55,95.26,24.9017,8.652495621121,8.12,0.464185584569,33.6111359977,化学制品,2024-10-26,2023-09-30
688392,骄成超声,0.66,455406631.47,17.3620504877,-41.8328,75832350.01,-11.35,-59.2995,15.332704360627,4.24,0.043189070209,53.2353878878,电池,2024-10-26,2023-09-30
688381,帝奥微,0.1312,295816523.09,-26.3448880419,9.7577,33085767.22,-79.47,-78.3207,12.302736790801,1.06,-0.048500038184,48.8651714211,半导体,2024-10-26,2023-09-30
688370,丛麟科技,0.7,471007056.67,-11.3393180329,-21.9445,96875775.63,-26.31,-74.4272,19.274580615963,3.49,1.109554676836,38.5954634746,环境治理,2024-10-26,2023-09-30
688366,昊海生科,1.37,1981789458.11,25.226907508,-4.6694,326802993.69,102.04,-2.0063,33.297895609366,5.83,2.285424044416,71.6470944136,医疗器械,2024-10-26,2023-09-30
688365,光云科技,-0.22,351699051.68,-4.9558557051,-4.1885,-91871881.17,17.8129517514,-72.892,2.281027747372,-9.43,-0.032311238303,63.9908237895,IT服务Ⅱ,2024-10-26,2023-09-30
688335,复洁科技,0.23,350594351.64,-28.5683330543,-60.7203,22938029.48,-67.28,-247.7599,11.892696845395,1.89,-0.343434114914,35.6306705244,环境治理,2024-10-26,2023-09-30
688302,海创药业,-2.4,,,,-238045630.34,-6.9725888035,18.9078,14.180943686064,-15.93,-2.02382247805,,化学制药,2024-10-26,2023-09-30
688301,奕瑞科技,3.04,1396863944.41,26.5407909269,-14.9298,432916128.82,-14.78,-42.3768,38.024415593984,10.87,1.243094286392,58.7012417366,医疗器械,2024-10-26,2023-09-30
688291,金橙子,0.32,154117290.37,7.329414604,-26.3083,32787712.04,4.33,-46.0321,9.041409750581,3.58,0.123803862694,60.1060410144,软件开发,2024-10-26,2023-09-30
688276,百克生物,0.8,1243193321.15,43.6032388534,79.7807,331093189.21,56.31,136.2409,9.322714879045,8.87,0.290098798714,88.8264203976,生物制品,2024-10-26,2023-09-30
688267,中触媒,0.25,364347149.17,-10.7920818308,11.9416,43277754.72,-49.91,-89.0744,14.966460496481,1.63,0.403692548808,38.3874040921,化学制品,2024-10-26,2023-09-30
688266,泽璟制药,-0.8,282104804.49,42.554302796,-44.3946,-202089409.77,44.4420221702,-54.1386,6.543583784069,-15.4,-0.865932659294,92.3966776217,化学制药,2024-10-26,2023-09-30
688258,卓易信息,0.45,232844757.36,28.0535743545,40.2912,54058016.2,71.35,-92.4093,11.922996691648,5.44,0.553855138019,48.4431407599,IT服务Ⅱ,2024-10-26,2023-09-30
688253,英诺特,0.64,278434984.25,-10.3363954425,-38.411,86539519.51,-32.23,-61.3129,12.897696598115,5.03,0.305157313403,71.6024291872,医疗器械,2024-10-26,2023-09-30
688233,神工股份,-0.26,119180000.99,-69.5022661739,51.1093,-41204892.94,-130.5,-50.6989,11.344410895813,-2.67,0.2182929045,26.6737396005,半导体,2024-10-26,2023-09-30
688232,新点软件,-0.27,1378021130.75,-13.7803126473,-17.6707,-88921725.07,-149.64,-337.5888,16.14686556597,-1.62,-1.081924821364,56.0790449904,软件开发,2024-10-26,2023-09-30
688222,成都先导,0.05,245729314.33,12.6364553497,4.6426,18286566.74,75.35,-18.0689,3.329689826395,1.39,0.164206189004,43.7096407618,医疗服务,2024-10-26,2023-09-30
688213,思特威,-0.16,1772865288.6,7.155596536,13.2248,-65474561.02,-57.1680028511,102.1258,9.216141306492,-1.77,2.174085109547,18.3049797273,半导体,2024-10-26,2023-09-30
688207,格灵深瞳,-0.07,224593156.74,14.7579941788,-25.2952,-17279004.54,-8.0,-761.0549,9.090374963818,-0.73,-0.31885077749,62.6704297197,IT服务Ⅱ,2024-10-26,2023-09-30
688191,智洋创新,0.2166,562950406.13,21.5034950595,-34.9729,33143572.55,28.52,-66.3752,5.575757449259,3.91,0.173679494941,34.4001096937,电网设备,2024-10-26,2023-09-30
688188,柏楚电子,2.8,991497726.04,51.9140603611,-15.1752,572161503.44,47.99,-8.6275,32.647990999135,12.62,4.306928244222,80.4473931076,计算机设备,2024-10-26,2023-09-30
688181,八亿时空,0.72,625734256.25,-13.8194526806,0.9067,95577196.16,-45.22,18.9272,15.29277177807,4.69,1.215092585045,41.1693227,光学光电子,2024-10-26,2023-09-30
688163,赛伦生物,0.47,166133808.11,11.1749275373,3.6824,50797820.53,-19.07,-0.0239,10.083756185271,4.57,0.17316406071,76.9211039726,生物制品,2024-10-26,2023-09-30
688162,巨一科技,-0.64,2343368250.84,8.1982340242,5.985,-87904382.81,-190.45,-7654.6204,17.803525025799,-3.52,-5.602847941718,13.1729819775,专用设备,2024-10-26,2023-09-30
688158,优刻得,-0.63,1099182120.21,-26.1903429356,-3.1966,-283773423.44,19.0,-2.3105,5.941244960746,-10.02,0.307726204492,9.8437807185,IT服务Ⅱ,2024-10-26,2023-09-30
688156,路德科技,0.27,231668967.19,0.7466357941,53.6015,26357910.73,13.26,85.2437,8.902406061742,3.16,-0.015188743922,34.6144639106,环境治理,2024-10-26,2023-09-30
688136,科兴制药,-0.27,968997954.79,2.6472179653,-1.9284,-54314791.05,4.2391495267,82.5925,8.841188718448,-3.05,-0.373971394585,71.5116015658,生物制品,2024-10-26,2023-09-30
688130,晶华微,0.07,93620765.5,8.737748962,-19.5225,4464202.58,-84.09,401.5303,19.476613636569,0.34,0.277622447416,64.3782889385,半导体,2024-10-26,2023-09-30
688125,安达智能,0.39,323996584.38,-38.3651774837,25.2606,31338507.69,-77.65,-72.1731,23.528450378848,1.63,1.046377060933,58.6041453811,自动化设备,2024-10-26,2023-09-30
688116,天奈科技,0.47,1058245860.72,-26.6300783406,15.1749,161524702.57,-50.74,42.8639,7.250361905986,6.45,0.561673303725,32.7252399924,电池,2024-10-26,2023-09-30
688111,金山办公,1.94,3270364301.43,16.9930727866,-2.0067,893272523.84,9.86,-11.4678,20.505187100975,9.82,2.034503402602,85.6479454162,软件开发,2024-10-26,2023-09-30
688066,*ST航图,-0.16,1586468955.23,13.9309909032,-24.8401,-40496458.42,-148.75,-151.413,9.93391841779,-1.52,-4.389221918899,44.6391437144,IT服务Ⅱ,2024-10-26,2023-09-30
688063,派能科技,2.7,3049242193.2,-14.5511318476,-31.2722,654829659.8,1.54,-116.5674,55.084867641517,7.25,6.514796904346,35.8787387647,电池,2024-10-26,2023-09-30
688055,龙腾光电,-0.071,2765985329.53,-17.1079837686,1.9953,-235273331.94,-190.07,40.5137,1.365182808335,-5.06,0.171591421959,6.3005411966,光学光电子,2024-10-26,2023-09-30
688033,*ST天宜,0.42,1766827866.37,169.1865677149,20.2618,236427938.6,90.84,21.1021,9.488214693176,4.52,-0.609523581646,35.3816166073,轨交设备Ⅱ,2024-10-26,2023-09-30
688027,国盾量子,-0.99,73264669.04,89.0173911161,-37.3042,-79117557.79,-28.7913714814,-44.4686,19.529365369532,-4.95,-0.276826468083,50.6200432022,通信设备,2024-10-26,2023-09-30
688010,福光股份,-0.23,441542264.06,-16.1375566347,-15.0974,-36391656.78,-287.01,-916.6798,10.868703034873,-2.0494,0.122855451127,21.9926404569,光学光电子,2024-10-26,2023-09-30
688009,中国通号,0.24,24684253263.34,-8.3894585287,-12.4965,2566083697.03,-1.35,-35.2258,4.085574336895,5.58,-0.075636417191,25.3321750402,轨交设备Ⅱ,2024-10-26,2023-09-30
605589,圣泉集团,0.62,6692053741.88,-5.4178732245,-0.3512,481741203.37,0.87,-8.794,11.27393872571,5.56,0.718230963058,22.2531309516,塑料,2024-10-26,2023-09-30
605588,冠石科技,0.65,650858784.43,-24.4141123541,21.8715,47605932.53,-27.95,46.1322,14.224165975846,4.63,0.310235759417,16.7182603989,光学光电子,2024-10-26,2023-09-30
605488,福莱新材,0.33,1554562872.28,5.27719276,17.1758,57412905.07,-3.76,-43.303,5.984131734864,5.41,0.396013350903,13.6765016971,塑料,2024-10-26,2023-09-30
605398,新炬网络,0.2,452767433.39,4.3304569411,-4.5444,33218961.55,1.0,-36.889,8.908446323401,3.22,-0.496785814226,35.0497818741,IT服务Ⅱ,2024-10-26,2023-09-30
605376,博迁新材,0.05,491304492.62,-20.8714389381,31.5523,12843899.52,-90.51,-126.6801,6.205733139755,0.76,0.253684760054,15.7182247873,金属新材料,2024-10-26,2023-09-30
605365,立达信,0.498,5062045222.35,-16.2341325435,25.8029,250954895.04,-47.21,118.8892,6.793524635698,7.43,1.195638162645,29.6342363049,照明设备Ⅱ,2024-10-26,2023-09-30
605108,同庆楼,0.78,1683249638.04,34.9532101707,10.916,203031508.07,131.19,-21.6388,8.344648471654,9.73,1.922321397577,24.9285596258,酒店餐饮,2024-10-26,2023-09-30
605058,澳弘电子,0.78,810803589.96,-5.6069491448,0.7196,111857873.99,-11.64,-17.0893,11.179523015422,7.13,0.751120041043,25.8556022872,元件,2024-10-26,2023-09-30
605018,长华集团,0.12,1600435957.63,25.3965555526,14.9774,57068368.17,-14.19,40.112,5.641556117264,2.16,0.229589763088,13.121054302,汽车零部件,2024-10-26,2023-09-30
605009,豪悦护理,2.0,2074701340.7,4.5119399883,-1.0204,310151411.97,18.21,-8.231,19.833872261768,9.16,2.955645536008,26.2507157684,个护用品,2024-10-26,2023-09-30
605005,合兴股份,0.4,1164580836.49,13.9552419739,4.2129,159139899.0,31.51,26.4587,4.217913171097,9.69,0.64167626813,33.4301787597,汽车零部件,2024-10-26,2023-09-30
605001,威奥股份,-0.13,655223961.65,64.0282346173,-38.5753,-51271959.17,53.5354527349,-284.269,6.230894404331,-2.07,-0.280216509089,25.8529842443,轨交设备Ⅱ,2024-10-26,2023-09-30
603986,兆易创新,0.65,4394487650.7,-35.0800154613,-12.0545,433675509.91,-79.27,-47.4486,23.297573614324,2.81,1.471276351144,34.3844260973,半导体,2024-10-26,2023-09-30
603983,丸美生物,0.43,1536439705.43,34.3397280901,-18.1283,173828082.68,44.84,-17.0544,8.133820878204,5.4,0.169214077805,70.8438566026,化妆品,2024-10-26,2023-09-30
603976,正川股份,0.24,667877355.14,13.1202179751,-0.8636,35710983.13,-15.72,-70.691,7.847151071422,2.98,0.586587913871,16.5807448295,医疗器械,2024-10-26,2023-09-30
603948,建业股份,1.48,1932517996.5,-8.8608647122,-8.0581,240049458.82,-25.99,-7.3767,11.913426162282,11.43,1.209748698852,19.5940132804,化学制品,2024-10-26,2023-09-30
603931,格林达,0.61,518196788.33,-19.382790323,0.0588,122400627.23,-12.1,-10.3457,7.101851086083,8.84,0.781229735028,35.8693572994,电子化学品Ⅱ,2024-10-26,2023-09-30
603919,金徽酒,0.54,2019004170.17,29.3174043436,-21.2313,272604344.22,27.55,-74.8766,6.447244997303,8.34,0.483429464654,63.4892500773,白酒Ⅱ,2024-10-26,2023-09-30
603916,苏博特,0.34,2576037095.35,-5.1018432555,-7.9694,141462030.95,-39.93,-21.3913,9.751981114175,3.36,0.386575757011,35.0391713741,水泥,2024-10-26,2023-09-30
603909,建发合诚,0.1133,2029268779.71,216.9079367067,25.7913,29523229.3,13.32,-33.7202,3.665928961841,3.1,0.606390654403,9.1540908763,工程咨询服务Ⅱ,2024-10-26,2023-09-30
603817,海峡环保,0.2565,803708673.15,0.1911903007,13.0213,137046821.51,21.58,-10.2673,4.86459989883,5.24,0.488580193629,38.3593633352,环境治理,2024-10-26,2023-09-30
603813,原尚股份,-0.13,333530359.22,-13.7066679818,-25.0113,-13578982.68,-143.5,-40882.5513,6.237070300494,-2.01,0.435433616286,18.2038857368,物流,2024-10-26,2023-09-30
603788,宁波高发,0.5,877188138.99,16.4886473257,12.8063,111259956.8,10.91,16.3567,8.803880370951,5.61,-0.410246088554,23.6735962195,汽车零部件,2024-10-26,2023-09-30
603727,博迈科,-0.31,1340061409.17,-41.9462396713,-25.5735,-86082549.63,-232.69,71.5896,11.362011431436,-2.62,0.81341098774,7.0811450244,油服工程,2024-10-26,2023-09-30
603725,天安新材,0.249,2228327485.33,14.2631097938,4.2202,74970493.52,302.58,30.1635,3.081169117068,12.79,0.927212604968,22.9816899545,家居用品,2024-10-26,2023-09-30
603699,纽威股份,0.79,4239559516.46,43.5373361155,36.5104,588424865.93,69.72,5.7112,4.797099683538,16.98,0.617660272074,30.938865889,通用设备,2024-10-26,2023-09-30
603697,有友食品,0.25,759417134.84,2.785250012,12.9535,106079240.98,1.96,-21.6881,4.267216688207,5.78,0.092341877661,30.6219473859,休闲食品,2024-10-26,2023-09-30
603688,石英股份,11.65,5899814888.04,378.2688246449,11.5186,4207109827.68,638.32,10.2628,19.805104468419,78.89,7.273110904647,88.7537561086,非金属材料Ⅱ,2024-10-26,2023-09-30
603660,苏州科达,-0.6439,1133699733.33,-3.2304268778,-19.3848,-323837834.82,25.0711427047,-22.6813,1.912293628948,-27.74,-0.151958061186,54.4049081143,计算机设备,2024-10-26,2023-09-30
603658,安图生物,1.55,3242497407.54,-1.1879877679,5.8874,900920385.63,0.23,16.8676,14.019580611128,11.15,1.622306045828,64.5924282598,医疗器械,2024-10-26,2023-09-30
603656,泰禾智能,0.14,359748569.33,12.9276039713,13.7707,23390805.22,26.13,-20.6736,7.219599634156,1.93,-0.072859367178,43.513303981,专用设备,2024-10-26,2023-09-30
603610,麒盛科技,0.53,2385936250.89,12.977542726,4.4455,186620056.78,11.92,-33.7234,9.087741205273,5.9,0.380457707587,35.0871468556,家居用品,2024-10-26,2023-09-30
603601,再升科技,0.1148,1265182368.04,5.6138441386,-0.2604,117273507.82,-18.65,-24.9943,2.132693696886,5.17,0.060333874944,24.75136132,专业工程,2024-10-26,2023-09-30
603600,永艺股份,0.68,2500240943.55,-21.573630709,14.7867,211182981.99,-25.88,-23.2875,6.195685341426,11.2,0.769771893613,23.0740336254,家居用品,2024-10-26,2023-09-30
603595,ST东尼,-1.25,1359067952.9,-5.0628756596,31.5528,-290682442.47,-373.06,-221.5186,8.134676328355,-15.43,-1.278195362922,14.6242876161,消费电子,2024-10-26,2023-09-30
603586,金麒麟,0.51,1242572625.45,-11.7351977382,-14.1979,100210128.24,-20.34,-65.4864,11.342090286503,4.51,1.022371891284,25.2774883574,汽车零部件,2024-10-26,2023-09-30
603568,伟明环保,0.93,4621203158.35,38.934695618,10.6048,1570954524.58,25.08,4.2877,6.165058458727,15.74,0.810894263929,47.135521099,环境治理,2024-10-26,2023-09-30
603536,惠发食品,-0.12,1304340343.66,16.0848425153,0.7888,-29954862.58,60.62,104.2901,1.902903819944,-6.24,0.111767735956,17.1088673409,食品加工,2024-10-26,2023-09-30
603535,嘉诚国际,0.49,967134632.94,0.9683939366,1.5791,168554593.75,3.6,-3.278,10.026756050361,7.08,0.490522793777,30.1665979403,物流,2024-10-26,2023-09-30
603529,爱玛科技,1.81,17455604490.01,1.3195776182,51.6122,1557540515.92,13.15,58.9191,8.463106142993,20.8,3.93044536378,15.8048524893,摩托车及其他,2024-10-26,2023-09-30
603516,淳中科技,0.06,337340388.03,24.5615845165,-18.0796,11587198.99,-46.28,-73.287,5.373890134565,1.11,0.386697561253,46.2474182623,计算机设备,2024-10-26,2023-09-30
603506,南都物业,0.61,1387777326.98,0.7407505495,-1.8634,114518579.97,-19.72,-57.5485,5.773065365098,10.56,-0.189258151307,18.873126361,房地产服务,2024-10-26,2023-09-30
603501,豪威集团,0.31,15081409103.31,-1.9586971078,37.5821,368410638.54,-82.86,570.6998,15.078192848007,2.01,4.607512642315,21.2805310775,半导体,2024-10-26,2023-09-30
603408,建霖家居,0.66,3089944579.92,-7.5321505765,12.5726,290200406.64,-18.79,15.3775,6.572232688099,9.84,0.881242411196,25.290609173,家居用品,2024-10-26,2023-09-30
603396,金辰股份,0.64,1727854972.76,19.1665698736,-7.2538,74610482.31,35.72,4.1101,13.068597719644,5.01,-0.518260205194,29.6040893897,光伏设备,2024-10-26,2023-09-30
603311,金海高科,0.18,579236753.43,-2.3902961639,-15.9265,43166346.57,-49.58,-90.8103,5.239481110256,3.47,0.370068418911,24.2363967961,家电零部件Ⅱ,2024-10-26,2023-09-30
603275,众辰科技,1.29,468356735.79,12.7668470349,-3.7942,149411357.53,30.28,6.0861,17.504071403669,15.02,0.726492671856,42.4495912981,自动化设备,2024-10-26,2023-09-30
603231,索宝蛋白,0.81,1288623299.75,-5.4549155261,1.1971,115689096.97,-4.07,-8.9682,6.118866855061,13.07,1.087433922118,13.822024031,农产品加工,2024-10-26,2023-09-30
603228,景旺电子,0.83,7751889159.81,0.4647362414,6.5049,700321336.42,-6.23,54.0921,9.566022726814,8.4,1.87294522452,24.6244364051,元件,2024-10-26,2023-09-30
603219,富佳股份,0.35,1900802429.71,-4.7070995324,65.2874,194846619.15,-28.8,5.8711,2.725540523032,12.97,0.269591726095,18.8279876733,小家电,2024-10-26,2023-09-30
603216,梦天家居,0.2,842267478.62,-10.4028395814,13.4105,44246180.4,-65.79,105.0634,7.807002676457,2.49,0.777975598563,26.2666020054,家居用品,2024-10-26,2023-09-30
603196,璞源材料,0.0868,698898885.47,0.3974927265,20.2508,20765943.58,-27.14,323.3623,3.374095633483,2.6,0.292132515668,59.0783364939,服装家纺,2024-10-26,2023-09-30
603186,华正新材,-0.22,2497170121.82,5.0186548787,11.262,-30517027.67,-150.39,-454.2623,11.196979170207,-1.84,1.738563898369,10.7387009246,元件,2024-10-26,2023-09-30
603183,建研院,0.06,539091820.47,16.961937296,15.6339,30879388.63,367.99,-70.7537,2.991478744502,2.07,-0.039268746506,49.5282047216,专业服务,2024-10-26,2023-09-30
603182,嘉华股份,0.52,1256139319.84,11.3478201178,2.3592,85828973.43,-7.39,-23.4307,6.083174997995,8.51,0.567712217016,12.4044199826,农产品加工,2024-10-26,2023-09-30
603181,皇马科技,0.41,1405824979.98,-18.3071770336,9.4754,234690078.42,-38.01,18.49,4.544384270664,9.03,0.387188825106,24.0973151633,化学制品,2024-10-26,2023-09-30
603163,圣晖集成,1.14,1445709682.6,32.6571240977,7.0472,114129092.99,24.19,-9.2612,10.572557239,11.39,-0.5766198216,14.6290222951,专业工程,2024-10-26,2023-09-30
603156,养元饮品,1.019,4586841351.2,9.6022604196,104.936,1289490332.92,27.98,111.3585,8.38027065044,11.53,-0.120236639134,45.3107997101,饮料乳品,2024-10-26,2023-09-30
603136,天目湖,0.44,474796023.1,95.5172209124,17.8106,120041437.28,4730.98,33.0789,7.015973853637,9.62,1.265171727895,56.1510385427,旅游及景区,2024-10-26,2023-09-30
603128,华贸物流,0.43,10399182773.04,-42.0146704146,6.2869,564430723.3,-23.16,63.6506,4.530193302379,9.48,0.310189551846,15.3385287368,物流,2024-10-26,2023-09-30
603125,常青科技,0.67,745337790.16,6.8891043537,-5.7295,165381335.97,16.81,-11.3644,11.009749768008,10.72,0.864583347546,33.1666740951,化学制品,2024-10-26,2023-09-30
603095,越剑智能,0.37,557331556.47,-47.209611678,-36.384,67656252.73,-84.32,-14.5924,13.584613096591,2.66,0.527194244318,16.6151647821,专用设备,2024-10-26,2023-09-30
603086,先达股份,0.02,2064326241.21,-16.4268295942,0.3819,10487983.59,-96.77,-676.0119,4.880861737958,0.49,0.018433035291,14.4619838667,农化制品,2024-10-26,2023-09-30
603079,圣达生物,-0.02,544108238.57,1.5297132167,-6.5411,-3687796.57,-108.02,126.9257,7.638462179027,-0.28,0.089747701309,17.5604059941,化学制品,2024-10-26,2023-09-30
603078,江化微,0.2555,771461753.08,11.0152711144,-0.175,98520401.67,20.37,-11.115,4.408709261145,5.89,0.303720042131,27.2271507799,电子化学品Ⅱ,2024-10-26,2023-09-30
603041,美思德,0.44,376469736.01,0.5902282349,23.0132,79898189.99,47.64,12.2278,7.798341694418,5.69,0.420975415295,38.3291082517,化学制品,2024-10-26,2023-09-30
603035,常熟汽饰,1.01,3075154528.28,19.1498763871,23.9546,384115501.17,3.93,11.657,12.791180981339,8.22,0.737508475185,20.2606588749,汽车零部件,2024-10-26,2023-09-30
603023,威帝股份,0.0033,44975341.98,1.3958649681,-27.589,1836890.7,2.01,-108.7697,1.318751358862,0.24,0.032067894159,30.2729331242,汽车零部件,2024-10-26,2023-09-30
603021,*ST华鹏,-0.48,402510779.51,-26.4719659499,-5.6511,-154549550.04,-7.41,29.2181,1.062378353306,-37.11,-0.084381793052,3.6120560815,家居用品,2024-10-26,2023-09-30
603012,创力集团,0.38,1898907304.72,14.0947022161,9.6235,249214575.55,0.74,-7.6653,5.29635478421,7.47,0.137737174397,46.012793299,专用设备,2024-10-26,2023-09-30
603006,联明股份,0.39,778896277.28,-5.6372344884,11.7003,100031812.52,2.58,102.5829,5.669434336221,6.95,0.390461241061,23.0860029705,汽车零部件,2024-10-26,2023-09-30
601975,招商南油,0.2479,4647313550.05,5.9095873294,-3.0517,1203244917.85,26.11,-17.5718,1.790511553549,14.96,0.356166853241,33.1549167984,航运港口,2024-10-26,2023-09-30
601965,中国汽研,0.58,2579881702.87,19.7645757746,-7.792,563942106.83,13.74,6.2941,6.225527613353,9.34,0.077936797667,43.7924980108,专业服务,2024-10-26,2023-09-30
601956,东贝集团,0.2207,4382381816.01,4.3643014324,-7.2739,134921515.68,44.33,6.2494,3.903435908776,5.64,0.36975732395,13.779840937,家电零部件Ⅱ,2024-10-26,2023-09-30
601918,新集能源,0.74,9691761907.59,8.8018049694,1.9973,1920624506.57,4.33,-14.2033,5.145434473572,15.46,1.300659382767,40.5003523394,煤炭开采,2024-10-26,2023-09-30
601825,沪农商行,1.08,20414567000.0,4.4915318348,-7.437,10400723000.0,15.82,1.3324,11.399344526993,9.7725,2.492347914603,,银行Ⅱ,2024-10-26,2023-09-30
601799,星宇股份,2.75,7236761990.77,21.3358885468,12.3957,781611397.78,3.67,19.7282,30.822014702641,9.04,0.209082370859,21.4913107585,汽车零部件,2024-10-26,2023-09-30
601777,千里科技,0.0135,4330331264.66,-18.4289576585,20.2315,61777778.54,-59.43,4350.2175,2.24860772433,0.6,-0.108038859669,8.1774867408,摩托车及其他,2024-10-26,2023-09-30
601718,ST际华,0.025,8043588097.64,-35.3879087082,6.3447,108854729.58,-37.7,-1.0632,3.873865558195,0.64,-0.042938064698,14.0966139532,服装家纺,2024-10-26,2023-09-30
601668,中国建筑,1.05,1671241806000.0,8.8052715382,-5.1924,43652883000.0,0.27,3.1836,9.715361728669,10.78,-0.390068048022,8.9279708935,房屋建设Ⅱ,2024-10-26,2023-09-30
601666,平煤股份,1.3571,23139255614.5,-17.9420870847,-2.8916,3141821967.41,-33.63,-16.9163,9.684398703286,12.95,2.984064625444,30.9450790028,煤炭开采,2024-10-26,2023-09-30
601633,长城汽车,0.59,119503550583.08,20.13,21.0098,4994858282.93,-38.79,206.0997,7.699236867496,7.54,-0.220159055305,18.8437212532,乘用车,2024-10-26,2023-09-30
601619,嘉泽新能,0.27,1829228024.27,43.930842583,-17.2591,649200213.92,52.05,-52.201,2.597297182758,10.6,0.427302034999,62.5502105002,电力,2024-10-26,2023-09-30
601598,中国外运,0.4301,72816239145.24,-9.7927581283,-2.117,3153657020.94,-11.55,-18.0605,5.03095363431,8.72,0.109025227963,6.0363450093,物流,2024-10-26,2023-09-30
601399,国机重装,0.0484,8129023728.21,19.677476142,-33.8943,349112095.86,10.58,46.9395,1.92217306047,2.56,-0.038337851287,13.0461305059,专用设备,2024-10-26,2023-09-30
601369,陕鼓动力,0.43,7269332090.73,-13.9525554739,-17.4296,726066965.45,-10.72,-26.055,4.890173419082,8.71,0.635026863247,23.3973250584,专用设备,2024-10-26,2023-09-30
601368,绿城水务,0.1542,1730544335.38,2.7955078665,7.0382,136182789.33,-17.5,1936.5958,5.367209240401,2.9,0.481129583309,37.5289513676,环境治理,2024-10-26,2023-09-30
601208,东材科技,0.33,2825844572.81,4.3700555128,2.7107,305810998.36,-10.95,-42.8263,4.704335255593,7.02,-0.143816534295,19.2066332208,塑料,2024-10-26,2023-09-30
601088,中国神华,2.429,252467000000.0,0.789655434,0.7585,48269000000.0,-18.4,2.2022,19.973807857798,12.21,3.760723001473,35.1404341954,煤炭开采,2024-10-26,2023-09-30
601011,宝泰隆,-0.012,2566754872.63,-5.6277048947,5.9269,-22282582.37,-120.08,-405.1741,4.022673018039,0.35,0.385475379998,10.4450826481,焦炭Ⅱ,2024-10-26,2023-09-30
600993,马应龙,0.97,2446244490.16,-12.1661839473,-0.2237,418381342.81,0.56,46.1217,8.626705247117,11.74,0.177379292744,43.3808321711,中药Ⅱ,2024-10-26,2023-09-30
600980,北矿科技,0.3785,664418118.08,1.4527829169,-14.2964,71644284.23,10.88,21.5214,6.75780718716,5.74,0.269565900035,26.0800675124,专用设备,2024-10-26,2023-09-30
600970,中材国际,0.77,31509695097.38,5.0613847329,4.0299,2001836285.33,7.53,-15.5837,6.869214549955,11.45,-0.00539294177,18.6189928935,专业工程,2024-10-26,2023-09-30
600965,*ST福成,0.1664,837671026.34,-4.3257100454,-0.3778,136234010.79,2.35,28.5662,2.700602390613,6.3,0.057672343731,39.0108721711,养殖业,2024-10-26,2023-09-30
600963,岳阳林纸,0.07,6619936492.23,3.0572979429,-11.5189,116085128.4,-75.51,-14.6192,5.042605349713,1.27,0.081177827384,8.7966238813,造纸,2024-10-26,2023-09-30
600955,维远股份,0.16,4927700973.86,-16.3970860006,16.1032,87634411.19,-82.16,862.5347,15.687128085891,1.02,0.758224564309,3.6954374185,化学原料,2024-10-26,2023-09-30
600894,广日股份,0.5819,5363344625.03,0.0210653381,6.6727,500408231.11,16.6350005891,-26.8727,10.56697145201,5.61,0.12775677783,13.798122142,专用设备,2024-10-26,2023-09-30
600874,创业环保,0.42,3261970000.0,0.8643430137,1.8257,661228000.0,4.47,-2.8381,5.67856901793,7.6,0.523467000506,35.8301885057,环境治理,2024-10-26,2023-09-30
600869,远东股份,0.1733,17390953226.15,9.1217276675,15.8865,384664895.21,-21.32,-67.0329,2.129667502081,8.49,0.139142899107,12.6135427211,电网设备,2024-10-26,2023-09-30
600864,哈投股份,0.02,1836686576.98,8.02,-39.0312,35887749.94,105.5794880566,21.2137,5.846597838246,0.3,0.399697627,9.673722506,证券Ⅱ,2024-10-26,2023-09-30
600850,电科数字,0.4056,6927330056.16,0.3555982467,16.6307,277853957.23,-4.54,71.9419,6.144717761012,6.68,-1.53704345912,19.2982042844,IT服务Ⅱ,2024-10-26,2023-09-30
600841,动力新科,-0.68,6526303126.5,-17.9587784456,-16.7306,-1074518429.07,-79.3930654325,65.547,4.982458308854,-14.58,-0.568711247647,6.5980523775,汽车零部件,2024-10-26,2023-09-30
600839,四川长虹,0.1037,70059665340.04,4.3924646294,-1.2034,478786569.93,111.69,131.9461,3.013889903973,3.5016,0.084329759152,11.3773623572,黑色家电,2024-10-26,2023-09-30
600828,茂业商业,0.1074,2436622959.32,5.8259712499,-17.9733,186089100.19,137.15,-98.0514,4.133281586326,2.61,0.386714668769,60.8597385302,一般零售,2024-10-26,2023-09-30
600826,兰生股份,0.33,963313838.95,355.7470999724,-22.2139,242457464.04,4274.0928606789,-75.5026,7.327710850839,6.56,-0.29530854345,25.9365751376,专业服务,2024-10-26,2023-09-30
600812,华北制药,0.016,7974681092.8,1.2881883281,6.5274,27973093.7,-26.26,-93.2426,3.106750413347,0.53,0.346047979287,31.7328786926,化学制药,2024-10-26,2023-09-30
600805,悦达投资,0.11,2216248712.09,-5.3100911851,3.5092,89423388.1,-56.37,-70.0033,5.166178075657,2.06,-0.173794756427,5.7229672766,综合Ⅱ,2024-10-26,2023-09-30
600803,新奥股份,1.01,95971800000.0,-10.0425989093,-12.4338,3103050000.0,-1.78,20.3838,6.20349535244,16.63,2.29889297702,14.5687197891,燃气Ⅱ,2024-10-26,2023-09-30
600801,华新建材,0.9,24164876879.0,10.7925712106,-9.4515,1874323694.0,-15.75,-27.8237,13.584789831371,6.74,1.684910451681,26.3084821902,水泥,2024-10-26,2023-09-30
600797,浙大网新,0.005,2452425414.91,-14.047970878,3.4212,5005906.4,-91.86,219.1956,3.229069582809,0.15,0.017316970944,24.6996938401,IT服务Ⅱ,2024-10-26,2023-09-30
600787,中储股份,0.1565,50029206839.5,-14.4955536757,-11.3607,341183289.99,-26.24,48.6505,6.042234383154,2.5937,0.390811254768,2.7859355389,物流,2024-10-26,2023-09-30
600777,新潮能源,0.2755,6483411598.18,-3.8891007649,25.5361,1873552900.37,-29.13,39.9989,2.833080412004,10.508,0.72735624039,53.8907250704,油气开采Ⅱ,2024-10-26,2023-09-30
600771,广誉远,0.19,970470739.58,18.1624680519,-9.8483,91550800.73,283.7611457549,57.9323,3.077515265593,6.27,0.734468678627,73.3720697348,中药Ⅱ,2024-10-26,2023-09-30
600750,华润江中,0.94,3236916800.27,12.6131899151,-14.1322,592326126.97,16.74,-30.8948,6.485018783946,14.73,0.911495343362,66.5604412152,中药Ⅱ,2024-10-26,2023-09-30
600749,西藏旅游,0.1089,175452589.27,83.9772132012,29.888,24534677.92,252.8673598687,85.6524,4.52124421557,2.4266,0.251301761448,41.3568596918,旅游及景区,2024-10-26,2023-09-30
600745,*ST闻泰,1.69,44411816464.76,5.528580179,2.8947,2099531359.11,8.08,5.496,29.270438871545,5.57,3.607094921364,17.5402125362,半导体,2024-10-26,2023-09-30
600740,山西焦化,0.4998,6516950071.84,-30.6696924911,3.5995,1280616343.5,-52.68,137.3992,5.932601199073,8.62,-0.484383857376,-9.4352933773,焦炭Ⅱ,2024-10-26,2023-09-30
600725,云维股份,0.0001,488409969.64,-45.0503190053,-31.2797,169679.21,-99.11,-365.7224,0.288291999943,0.0396,-0.067442428286,4.1671179573,贸易Ⅱ,2024-10-26,2023-09-30
600718,东软集团,0.11,6262639137.0,12.5564530793,6.232,134760223.0,4.71,-55.8962,7.852081285893,1.44,-0.324977296357,28.8712204303,IT服务Ⅱ,2024-10-26,2023-09-30
600711,盛屯矿业,0.075,18359577342.36,-6.4290673794,-29.2387,235091967.52,-70.97,-58.4801,4.464249157641,1.682,0.321907933242,9.5684599164,工业金属,2024-10-26,2023-09-30
600693,东百集团,0.1179,1408984832.76,7.7419769225,-12.1169,102539987.36,0.02,-96.986,4.051885631544,2.92,0.477768828205,52.3044375081,一般零售,2024-10-26,2023-09-30
600679,上海凤凰,0.064,1281951867.15,16.2207641752,-17.691,32969884.23,-49.98,-23.5922,4.168974331049,1.5491,0.036079345942,12.561271925,摩托车及其他,2024-10-26,2023-09-30
600666,奥瑞德,-0.0618,241814793.42,-41.0731547407,45.5723,-170766022.72,68.2307781797,-127.7624,0.566328958215,-10.35,-0.09398062331,-2.0498405122,IT服务Ⅱ,2024-10-26,2023-09-30
600664,哈药股份,0.12,11493851773.09,15.0471498007,0.4938,290501340.84,85.72,78.4015,1.834375083305,6.49,0.319534853663,25.2807060492,化学制药,2024-10-26,2023-09-30
600658,电子城,0.01,2557193188.18,19.5888085946,-18.0564,10913882.27,-74.87,-62.4769,6.749389154903,0.14,-0.614351357496,28.7920934794,房地产开发,2024-10-26,2023-09-30
600633,浙数文化,0.55,2288092897.62,-41.8511093482,-21.7125,691785125.35,92.17,-83.5678,7.817645492357,7.2,0.40925843265,68.9261638284,游戏Ⅱ,2024-10-26,2023-09-30
600602,云赛智联,0.1141,3705991731.24,19.6668630473,-13.1101,156021894.99,2.2,23.6676,3.400554068968,3.385,-0.29849880974,18.8202895935,软件开发,2024-10-26,2023-09-30
600595,中孚实业,0.2,13642509621.89,-2.0579722194,6.8278,793719319.12,-31.2,76.9388,3.309480888098,6.27,0.251091317047,16.4029124894,工业金属,2024-10-26,2023-09-30
600594,益佰制药,0.215,2136834252.04,1.7922421031,-17.4356,169869961.21,-13.33,-49.9871,4.058665056835,5.429,0.4333166056,70.6198155533,中药Ⅱ,2024-10-26,2023-09-30
600584,长电科技,0.54,20429842531.27,-17.5485577683,30.8006,973663350.81,-60.3,23.9619,14.417044562662,3.86,1.695805392714,13.8707887902,半导体,2024-10-26,2023-09-30
600578,京能电力,0.1,23648568195.63,7.0641404934,34.3924,828748452.17,6.63,1274.7465,3.139212499653,3.34,0.355783409942,7.99469506,电力,2024-10-26,2023-09-30
600575,淮河能源,0.18,20930076698.05,-1.4870065118,-12.4251,669402352.65,-10.78,27.056,2.810729553824,6.32,0.231670544964,5.9854345067,电力,2024-10-26,2023-09-30
600566,济川药业,2.123,6536764954.98,10.9115728079,-14.8567,1944157913.66,22.11,-8.8636,13.520177850319,16.14,3.101572127257,81.6936597024,中药Ⅱ,2024-10-26,2023-09-30
600562,国睿科技,0.32,2124762954.27,5.2059413231,-42.5489,393693142.8,8.68,-73.6823,4.296527949326,7.53,-0.223876204663,34.6079746031,军工电子Ⅱ,2024-10-26,2023-09-30
600561,江西长运,-0.14,1138897561.88,5.4108247617,-1.8926,-41209434.22,74.0468212346,-202.9056,3.228934638431,-4.4,1.000030486423,-5.0571134453,铁路公路,2024-10-26,2023-09-30
600551,时代出版,0.5415,6217346975.16,15.4725546677,-21.8151,262257518.78,14.67,-15.0924,11.145304013757,4.94,-0.449922322146,9.3927306916,出版,2024-10-26,2023-09-30
600549,厦门钨业,0.8229,29528188188.83,-20.0129381673,6.1925,1161124339.79,-11.11,5.2903,7.559219233955,10.95,1.367328305044,16.4117033324,小金属,2024-10-26,2023-09-30
600546,山煤国际,2.02,28898819178.96,-18.8951000491,-17.9921,3996066776.31,-26.17,-32.6125,7.876091638063,26.2,2.512453720762,41.320724124,煤炭开采,2024-10-26,2023-09-30
600535,天士力,0.69,6571392090.82,7.1467688871,-5.724,1032219095.72,400.03,-26.2343,8.269927725185,8.28,0.726470168733,66.849436436,中药Ⅱ,2024-10-26,2023-09-30
600523,贵航股份,0.28,1693083070.67,7.2620140172,11.9098,111366486.33,21.37,54.0135,7.147791204931,3.9,-0.016208743352,24.6688028281,汽车零部件,2024-10-26,2023-09-30
600520,三佳科技,-0.56,257786607.75,-26.468864656,1.56,-89013852.03,-387.65,110.263,2.175572374424,-22.96,0.387233024806,30.5914207523,半导体,2024-10-26,2023-09-30
600519,贵州茅台,42.09,105315900448.1,17.2967287002,8.6079,52876217064.12,19.09,11.2625,173.387204504975,24.82,39.80424660723,91.7074711036,白酒Ⅱ,2024-10-26,2023-09-30
600503,华丽家族,0.0094,136501053.11,-5.3151242516,185.0163,14994019.92,-78.73,594.1052,2.327791698737,0.4028,-0.027145840023,60.835443257,房地产开发,2024-10-26,2023-09-30
600502,安徽建工,0.62,59930139278.42,11.1583558076,5.3988,1063627942.44,14.46,32.3895,5.496248330664,8.1,0.065166577837,11.5988136392,基础建设,2024-10-26,2023-09-30
600498,烽火通信,0.28,22559248424.4,4.0310774453,-22.4079,327731451.96,10.67,-21.1469,9.825336769754,2.67,-3.616278425901,21.9698157825,通信设备,2024-10-26,2023-09-30
600480,凌云股份,0.48,13404548498.74,11.3621606743,1.2479,442256500.13,103.97,-49.9044,7.251153331048,6.61,0.649673275751,16.1596981029,汽车零部件,2024-10-26,2023-09-30
600476,*ST湘邮,-0.144,328266889.08,-19.3105158756,-10.8135,-23242927.82,23.7854946654,51.2094,0.638487061526,-20.31,-0.448699738623,13.7118803837,IT服务Ⅱ,2024-10-26,2023-09-30
600470,六国化工,-0.02,5263250789.25,-13.988501313,7.4928,-11416633.84,-105.8,-1045.6374,3.430286448294,-0.64,-0.064928206212,6.8725400978,农化制品,2024-10-26,2023-09-30
600467,好当家,0.0252,1068807042.79,12.3085370802,-57.3807,36866852.01,-27.75,-67.1483,2.30808192259,1.09,0.085256791686,21.329066262,渔业,2024-10-26,2023-09-30
600444,国机通用,0.11,406725729.74,-19.318529293,-30.5089,16657486.32,-48.96,-127.7849,4.500739773397,2.53,0.256918781812,14.608261852,专用设备,2024-10-26,2023-09-30
600433,冠豪高新,-0.04,5383906576.17,-8.5778712434,6.1466,-69376521.07,-127.76,67.2953,2.486721095021,-1.59,-0.122984440179,6.1079081707,造纸,2024-10-26,2023-09-30
600429,三元股份,0.1532,6129427579.52,-2.7372839395,-9.2442,232656529.22,114.36,-90.6602,3.410053817509,4.5298,-0.034922433688,23.7600561562,饮料乳品,2024-10-26,2023-09-30
600422,昆药集团,0.5093,5610863771.76,-9.3958748649,-1.0944,386007605.81,3.58,76.1244,6.922035782069,7.52,-0.047984885978,45.0613547097,中药Ⅱ,2024-10-26,2023-09-30
600409,三友化工,0.1685,16414664008.61,-9.38069737,-2.79,347760830.46,-63.41,-23.6859,6.458718437054,2.62,0.532872891833,19.7054906516,化学原料,2024-10-26,2023-09-30
600408,安泰集团,-0.43,7779349351.96,-23.3860573753,-1.6559,-436502798.5,-586.3351355468,-9.773,2.071228431595,-18.96,0.186953188955,-2.4475010612,焦炭Ⅱ,2024-10-26,2023-09-30
600397,江钨装备,0.0099,4902430662.36,-29.3013094932,3.0784,9761379.52,105.233790693,-855.457,0.603969344457,1.67,0.111339985109,7.6990794764,专用设备,2024-10-26,2023-09-30
600395,盘江股份,0.36,7619013273.55,-15.8692235317,-4.6401,772829761.21,-53.4,-42.8768,5.561582520789,6.657,0.574112370897,31.2671477653,煤炭开采,2024-10-26,2023-09-30
600365,ST通葡,-0.168,584641462.12,17.3813785611,-11.1507,-71624654.41,-195.7880516482,99.502,0.713850975924,-24.2,-0.759916199836,15.7225579993,互联网电商,2024-10-26,2023-09-30
600361,创新新材,0.1762,53472913732.14,2.4280513548,-2.6317,718335405.65,-16.81,-13.1611,2.281167406695,8.07,-0.007920246168,3.2763474866,工业金属,2024-10-26,2023-09-30
600352,浙江龙盛,0.2849,10829975530.12,-19.3133000211,4.0334,899172625.2,-47.85,-76.1082,9.949667627363,2.78,1.020066417543,26.2674901846,化学制品,2024-10-26,2023-09-30
600351,亚宝药业,0.2792,2199444283.52,11.4948455744,-8.9753,213815982.55,100.11,-24.4509,3.954845890076,7.06,0.434461214152,56.8590177765,中药Ⅱ,2024-10-26,2023-09-30
600332,白云山,2.332,58184549516.02,6.1647255289,-0.6956,3791250189.92,9.12,8.5697,21.318897269135,11.3,0.55457709867,20.0576172622,中药Ⅱ,2024-10-26,2023-09-30
600327,大东方,0.148,2684470661.41,14.882301702,7.7952,131081744.16,-24.74,-106.8062,3.656561821111,3.99,0.297859795315,16.1336039423,一般零售,2024-10-26,2023-09-30
600313,农发种业,0.0927,4351995490.02,14.434709783,2.5001,100340370.83,39.5,-18.0989,1.698393058845,5.62,0.257587577199,7.3439709752,种植业,2024-10-26,2023-09-30
600302,ST标准,-0.2081,398812127.31,-58.1760095064,-13.9549,-72018229.99,-92.6073782511,42.9985,2.685380684965,-7.47,-0.110294925111,19.6662685533,专用设备,2024-10-26,2023-09-30
600282,南钢股份,0.2701,56364864831.46,7.0668893711,2.2392,1665150642.75,-19.83,10.3175,4.222125873645,5.4,0.384931595202,10.6260305368,普钢,2024-10-26,2023-09-30
600269,赣粤高速,0.46,5223274067.23,18.3784521087,-8.5129,1084296889.03,57.14,14.04,7.536083588195,6.26,0.676162681765,36.8647969924,铁路公路,2024-10-26,2023-09-30
600237,铜峰电子,0.0911,799052854.08,2.0640088701,-4.959,56625715.38,7.67,-32.1785,2.699387579326,4.3671,0.208413072864,23.3944881412,元件,2024-10-26,2023-09-30
600199,金种子酒,-0.053,1073051897.04,31.7257777186,-8.929,-34859358.56,74.3046324566,-11.6963,3.814498426843,-1.38,0.174730539654,35.7697430831,白酒Ⅱ,2024-10-26,2023-09-30
600188,兖矿能源,1.61,135829708000.0,-19.6841332125,26.6542,15619939000.0,-46.8,16.6178,7.020698891608,15.22,1.980638913438,33.1637987472,煤炭开采,2024-10-26,2023-09-30
600161,天坛生物,0.45,4022002501.05,38.0890440814,-4.8568,887400407.26,47.69,5.1527,5.826371347633,9.6,1.420758432059,49.6092327854,生物制品,2024-10-26,2023-09-30
600141,兴发集团,0.91,22041097765.13,-11.3261605127,18.1757,953397481.33,-80.98,104.2024,18.045861051946,4.88,0.765781239564,13.4449486207,农化制品,2024-10-26,2023-09-30
600120,浙江东方,0.12,14068605554.27,-6.7693347248,48.5772,415445737.6,34.71,-27.3818,4.595576662439,2.66,-0.073804800272,2.0006667603,多元金融,2024-10-26,2023-09-30
600105,永鼎股份,0.062,2945472290.46,-4.6756538378,13.6607,87002146.82,6.82,190.9397,2.153915738466,2.87,0.055591841253,16.3113179362,通信设备,2024-10-26,2023-09-30
600099,林海股份,0.053,527784110.12,-1.2188600692,-1.7566,11624198.45,40.93,-73.1925,2.315648721659,2.3,0.400206298101,15.8726253981,摩托车及其他,2024-10-26,2023-09-30
600095,湘财股份,0.0525,1855653366.42,-38.31,-21.9923,149993615.36,232.4787985124,182.4399,4.165478773497,1.2625,-0.308640319678,1.335622906,证券Ⅱ,2024-10-26,2023-09-30
600084,*ST尼雅,0.0068,161325130.96,21.8094153035,1.3504,7673782.48,221.7385989419,126.4295,1.143799747658,0.5988,0.036333261679,56.7881117869,非白酒,2024-10-26,2023-09-30
600063,皖维高新,0.186,6697939662.43,-7.9765329276,-9.0172,406212485.47,-68.62,-72.5866,3.650487172433,5.01,0.106690070834,13.1377310386,化学纤维,2024-10-26,2023-09-30
600062,华润双鹤,1.3484,8448408526.04,18.0243329336,-7.3614,1382246523.6,10.12,-25.5689,10.431879579355,10.8,1.206871715922,57.1242114479,化学制药,2024-10-26,2023-09-30
600059,古越龙山,0.15,1159775699.76,3.4261041465,34.3305,133226509.66,2.11,39.1204,6.092852074937,2.41,-0.0382684574,37.1440852985,非白酒,2024-10-26,2023-09-30
600056,中国医药,0.3972,29796767468.5,10.6977480637,-10.1438,594110580.95,-22.51,-81.5986,7.480466516083,5.38,-0.223373096358,11.0779294131,医药商业,2024-10-26,2023-09-30
600055,万东医疗,0.171,925789900.33,26.3608743476,-2.2955,120183411.96,16.54,-3.2015,6.610899867178,2.6,0.066586351025,41.5894045034,医疗器械,2024-10-26,2023-09-30
400279,中程3,-0.11,363447719.15,-19.1519092278,-74.2617,-83900002.06,21.04,-380.7333,0.981771115301,-7.96,-0.680558623423,41.5816123467,,2024-10-26,2023-09-30
301568,思泰克,1.08,271699283.88,-9.1819817327,11.2906,83365685.18,-12.61,5.6581,5.934253004194,19.96,0.73968525499,51.6189944512,自动化设备,2024-10-26,2023-09-30
301538,骏鼎达,2.1074,437963882.54,,16.6386,88509130.55,,27.3932,,,,42.4823143568,塑料,2024-10-26,2023-09-30
301511,德福科技,0.19,4945825101.27,4.7255047222,21.8568,74453143.9,-80.32,27.1642,9.336443077716,2.83,-2.057093032228,8.5842543905,电池,2024-10-26,2023-09-30
301508,中机认检,0.6601,542095813.8,15.6487432127,-18.8074,111925426.61,14.31,-33.6462,5.826787150803,12.0085,0.753125946737,48.0804182978,专业服务,2024-10-26,2023-09-30
301448,开创电气,0.46,425712356.1,-5.7987644941,-18.3489,39897318.82,-11.79,-12.8939,8.164504559625,8.99,0.608615038125,24.8343235861,通用设备,2024-10-26,2023-09-30
301397,溯联股份,1.33,678232045.56,20.3801174068,18.8479,110792585.58,10.81,-28.4733,19.148036943123,10.35,-0.796448542083,30.9584354491,汽车零部件,2024-10-26,2023-09-30
301362,民爆光电,2.21,1138728890.73,1.6006959403,-2.54,186213816.4,-5.91,-6.1588,24.093544676698,12.34,2.129100198242,33.7012724217,照明设备Ⅱ,2024-10-26,2023-09-30
301328,维峰电子,0.92,367640636.82,3.1131038812,-2.5042,101293419.4,23.82,-0.8141,17.263337736411,5.41,0.880539667945,42.1473377427,其他电子Ⅱ,2024-10-26,2023-09-30
301312,智立方,0.88,334563844.27,-13.9993088767,0.2352,54849909.87,-41.9,141.7291,18.213774716391,4.64,1.536663077148,33.4928441041,自动化设备,2024-10-26,2023-09-30
301305,朗坤科技,0.71,1281775446.35,-8.95437954,20.0127,149121274.85,-32.92,-3.1827,13.84076074807,5.84,0.480153753017,26.2006600506,环境治理,2024-10-26,2023-09-30
301293,三博脑科,0.41,964000354.9,16.1599095204,-2.2041,73151224.77,27.95,51.8322,14.66961279225,4.21,1.095262407345,23.2299833161,医疗服务,2024-10-26,2023-09-30
301282,金禄电子,0.2,950330353.93,-15.6498789998,8.9773,30719500.24,-68.76,-80.9649,10.898493071667,1.85,0.056589405458,14.2038511705,元件,2024-10-26,2023-09-30
301262,海看股份,0.73,713860446.02,-5.6412909628,-3.3344,285341505.53,-6.46,2.0075,8.775115686163,10.43,0.520461195444,53.9255814685,广告营销,2024-10-26,2023-09-30
301236,软通动力,0.37,12831401561.85,-9.544209886,-2.8824,352309717.26,-47.6,5.4613,10.854015022052,3.45,-0.379801306015,19.2005077545,IT服务Ⅱ,2024-10-26,2023-09-30
301229,纽泰格,0.4657,632611777.21,35.3977461251,23.8178,52159858.8,133.73,27.8917,10.329892666125,6.38,1.400825073625,23.1444573362,汽车零部件,2024-10-26,2023-09-30
301182,凯旺科技,-0.3407,374099282.33,1.1565113033,2.7993,-32649110.18,-201.56,5.8869,9.737212553002,-3.42,0.726013537226,7.3145194879,计算机设备,2024-10-26,2023-09-30
301176,逸豪新材,-0.09,952928387.06,-8.4521648385,20.0148,-15093126.8,-121.16,52.0411,9.663036891595,-0.91,-0.449913884385,3.5028176202,元件,2024-10-26,2023-09-30
301162,国能日新,0.52,308737000.56,40.4520580432,12.6865,51821506.12,41.88,-17.9218,10.416556359546,5.08,-0.242914884705,67.7600314833,软件开发,2024-10-26,2023-09-30
301148,嘉戎技术,0.49,420848520.0,-23.8786964896,5.736,57253381.51,-22.51,37.3447,14.993991174114,3.28,-0.190512734225,38.5659415269,环境治理,2024-10-26,2023-09-30
301138,华研精机,0.42,315379748.05,-12.5074615087,-18.5821,50013862.22,-12.53,16.8633,8.736667360167,4.48,0.838040453,43.2192493788,专用设备,2024-10-26,2023-09-30
301130,西点药业,0.511,170495925.88,-7.4468685893,-3.8161,41294028.25,28.56,-47.1238,12.049597922468,4.29,0.385286533109,81.781797747,化学制药,2024-10-26,2023-09-30
301118,恒光股份,-0.1289,654428923.78,-17.8986127734,11.1724,-13746668.63,-108.39,-645.6683,13.238470617606,-0.95,0.018303886754,10.5678553112,化学原料,2024-10-26,2023-09-30
301102,兆讯传媒,0.2968,433090740.43,3.5244411714,71.12,120515809.73,-7.52,771.7467,10.320703742069,4.07,1.071231364586,44.136077786,广告营销,2024-10-26,2023-09-30
301089,拓新药业,2.49,746127863.8,76.422716239,-15.8701,313190833.52,186.06,-30.0155,13.268588301746,20.51,0.417393594365,69.7455507867,化学制药,2024-10-26,2023-09-30
301072,中捷精工,0.1689,540383765.95,7.0740827002,14.6394,17739888.89,13.51,47.7298,7.796064956575,2.19,0.66737059982,14.6274524478,汽车零部件,2024-10-26,2023-09-30
301069,凯盛新材,0.3177,727822965.45,-4.315002075,-3.3188,133631894.37,-29.23,-41.6769,3.544774574767,9.18,-0.118604337034,34.8075061733,化学原料,2024-10-26,2023-09-30
301039,中集车辆,1.13,19568226175.54,12.4193890729,-11.4305,2277299862.62,244.64,-73.1295,7.258207517501,16.62,0.632881231686,18.3572832718,商用车,2024-10-26,2023-09-30
301038,深水规院,-0.3755,394023092.32,-37.7753377528,-41.6732,-64435065.81,-117.31,-505.3683,4.697348815326,-7.69,-0.153323562704,9.5958636402,工程咨询服务Ⅱ,2024-10-26,2023-09-30
301023,奕帆传动,0.6926,128487714.65,-7.3295708267,-7.679,38419519.05,-40.68,-13.4945,14.278172676372,4.61,0.295842561239,42.7314602175,电机Ⅱ,2024-10-26,2023-09-30
301015,百洋医药,1.04,5985061086.98,8.4343411537,-4.4783,545913765.59,43.29,6.4479,4.586006438355,20.75,0.857467245629,32.7442248191,医药商业,2024-10-26,2023-09-30
300992,泰福泵业,0.4214,488400500.08,21.045832217,1.067,38261859.25,-34.28,-17.6865,8.433537546219,4.74,1.745264682047,24.4348106729,通用设备,2024-10-26,2023-09-30
300964,本川智能,0.19,386055485.1,-11.4970811851,-9.9682,14762483.85,-60.78,-64.9302,13.202186006484,1.46,0.670172906167,18.9095421662,元件,2024-10-26,2023-09-30
300961,深水海纳,-0.1465,338047015.84,-10.8914781322,0.2407,-25966401.01,-246.2,-92.0317,5.719563691279,-2.53,-0.096119039316,30.7533086815,环境治理,2024-10-26,2023-09-30
300958,建工修复,0.4,868956275.06,14.073523785,24.9701,57226233.04,-10.08,-50.6542,8.786627078673,4.9,0.053998362437,20.5931588834,环境治理,2024-10-26,2023-09-30
300953,震裕科技,0.53,4275456003.71,6.6034272673,41.2888,54839989.56,-59.24,3.1961,23.882920597746,2.26,-3.256691917961,13.0181082852,电池,2024-10-26,2023-09-30
300952,恒辉安防,0.6436,695411640.29,1.4667338589,-0.1326,93296211.73,-8.11,74.9806,7.571372010829,8.68,0.462121354325,26.7736609575,服装家纺,2024-10-26,2023-09-30
300938,信测标准,0.8197,510667571.52,27.3383395865,0.7307,133182148.45,40.12,1.0915,10.984657100611,11.16,1.188565261068,60.6699297525,专业服务,2024-10-26,2023-09-30
300922,天秦装备,0.12,87019675.76,-12.4549077841,160.397,18173966.76,-22.16,2491.0937,5.53831714412,2.09,0.462235560725,37.9460093727,地面兵装Ⅱ,2024-10-26,2023-09-30
300895,铜牛信息,-0.0273,212914563.97,-43.9842629707,-38.7228,-3843744.3,-120.48,-315.522,7.695959568853,-0.35,0.129794143645,12.7963460564,IT服务Ⅱ,2024-10-26,2023-09-30
300889,爱克股份,0.0382,731981521.19,14.1342644402,33.6999,5948790.64,-78.38,371.6962,10.11113938641,0.37,-0.949899943141,30.3311848295,光学光电子,2024-10-26,2023-09-30
300883,龙利得,0.0208,511208528.99,9.5684810494,9.1838,7203958.06,-71.15,253.1524,4.117565683757,0.5,0.202495448786,15.5445690816,包装印刷,2024-10-26,2023-09-30
300882,万胜智能,0.67,839301615.84,45.1915271477,26.5447,192421378.18,126.26,72.7487,5.41411336201,18.62,0.985526796583,37.2794277403,电网设备,2024-10-26,2023-09-30
300859,西域旅游,0.8,268543701.47,178.6691803011,107.412,124708294.54,1396.18,115.0354,4.752129287806,18.5,1.059307761484,67.994846433,旅游及景区,2024-10-26,2023-09-30
300850,新强联,1.03,2091935994.64,7.120940552,23.8481,339560808.32,1.75,323.6942,13.208069685493,8.44,-1.132345287936,26.6393986187,风电设备,2024-10-26,2023-09-30
300812,易天股份,0.21,455751548.49,-0.8146004227,-45.0973,29592913.25,-26.79,-66.9294,6.427194987212,3.36,-0.760732120598,31.9681829547,消费电子,2024-10-26,2023-09-30
300770,新媒股份,2.18,1108500826.03,0.2818075052,14.8373,499378369.63,-2.6,7.1562,15.031991070421,13.95,2.583053239984,50.4570684041,电视广播Ⅱ,2024-10-26,2023-09-30
300766,每日互动,0.0013,309926584.45,-20.1769910977,-6.2917,517993.18,-97.52,-218.0605,4.180394521295,0.03,-0.060939627418,70.8527344854,软件开发,2024-10-26,2023-09-30
300738,奥飞数据,0.1352,1039058761.83,25.6955608169,7.1871,122667578.55,10.37,67.8397,3.09554583009,4.96,0.54040055235,27.6629661189,通信服务,2024-10-26,2023-09-30
300736,百邦科技,-0.11,534778072.85,173.1375252452,50.6429,-14915597.37,41.71,116.6016,0.888190735752,-12.72,-0.018446310187,8.6689859221,其他电子Ⅱ,2024-10-26,2023-09-30
300726,宏达电子,0.9366,1237750420.32,-26.3557144627,-7.8473,385739013.5,-41.69,-24.8316,11.374065794265,8.47,0.29245244141,62.5549567246,军工电子Ⅱ,2024-10-26,2023-09-30
300722,新余国科,0.22,269769736.66,5.460848178,-10.2832,62043359.52,14.42,-17.744,2.494624380958,11.13,0.007006268905,49.3715361252,航天装备Ⅱ,2024-10-26,2023-09-30
300712,永福股份,0.1636,1219956595.09,-18.3675921836,-31.1359,30395900.97,-44.63,-8.8165,7.27530529659,2.26,-2.01403506915,22.1283536592,专业工程,2024-10-26,2023-09-30
300701,森霸传感,0.1399,204306680.35,18.8723959088,-2.0911,37769273.99,21.33,-9.2153,2.942478552889,4.87,0.098945191556,39.5634639266,光学光电子,2024-10-26,2023-09-30
300700,岱勒新材,0.52,734768298.71,66.2438074823,9.9421,166789554.25,130.62,20.2456,4.649995770372,17.77,-0.088361586058,40.1459516691,通用设备,2024-10-26,2023-09-30
300693,盛弘股份,0.885,1732749673.53,85.4214080543,-3.5765,273106227.61,108.44,-22.8977,4.324106280818,22.62,0.953363404479,42.2489480006,其他电源设备Ⅱ,2024-10-26,2023-09-30
300686,智动力,-0.6891,990651155.76,-25.3103244864,13.2365,-179597881.47,-1220.57,20.7576,4.668031456015,-13.51,-0.310912326375,1.8310486375,消费电子,2024-10-26,2023-09-30
300679,电连技术,0.59,2204709478.9,-0.4253908691,12.2298,247399802.94,-40.02,56.3927,10.287511393019,5.53,0.811160299452,32.8542780744,消费电子,2024-10-26,2023-09-30
300676,华大基因,0.1683,3143452163.96,-30.4161548298,-3.9863,70352458.39,-90.58,79.0087,24.031818774888,0.7,0.440007427648,48.2898775888,医疗服务,2024-10-26,2023-09-30
300661,圣邦股份,0.3044,1881173936.03,-22.0187516623,15.3656,142043003.41,-81.08,-11.8119,7.844776435834,3.98,-0.15287508637,50.5362030513,半导体,2024-10-26,2023-09-30
300634,彩讯股份,0.69,1093267509.99,24.6242974832,2.9668,306686652.58,91.72,-70.4811,5.790910407844,12.62,0.136043889484,40.9180579604,IT服务Ⅱ,2024-10-26,2023-09-30
300633,开立医疗,0.7469,1467832830.33,17.3056945876,-25.5678,320617148.08,30.65,-64.6639,7.103949585418,11.01,0.559969781271,68.7229912914,医疗器械,2024-10-26,2023-09-30
300632,光莆股份,0.3645,757221206.16,9.5204064719,-1.9642,111227370.62,-3.35,-42.3142,6.372260441438,4.18,0.351632221364,31.6686420995,光学光电子,2024-10-26,2023-09-30
300625,三雄极光,0.5162,1677602985.38,-0.2932025355,8.723,144058522.69,59.66,2.1118,7.662996800928,5.51,0.826601959754,34.0109299174,照明设备Ⅱ,2024-10-26,2023-09-30
300618,寒锐钴业,0.42,3717138239.79,-6.1312904152,21.4089,130509755.64,-48.56,33.9146,16.81478961241,2.53,1.301144209004,15.6558744359,能源金属,2024-10-26,2023-09-30
300603,立昂技术,0.0024,530939478.87,-17.8082309286,-13.9986,1050154.58,-97.74,122.9807,3.120481001874,0.08,-0.085348994734,17.3989633633,通信服务,2024-10-26,2023-09-30
300601,康泰生物,0.62,2464464778.62,-3.9219020061,-25.2793,697050864.48,243.13,-38.807,8.11808059839,7.53,0.560269535581,86.0491474022,生物制品,2024-10-26,2023-09-30
300595,欧普康视,0.6027,1319559036.61,8.9526970183,42.4133,538043807.23,6.49,65.4511,4.739939687041,12.71,0.689255892699,76.6826053452,医疗器械,2024-10-26,2023-09-30
300592,华凯易佰,1.0604,4749754256.78,55.2887262724,8.9481,299221907.31,109.02,-30.7834,7.195690284383,13.94,1.227830511134,37.8107173287,互联网电商,2024-10-26,2023-09-30
300584,海辰药业,0.1869,377948363.64,-0.3336213103,-19.3605,22422432.46,11.65,-59.407,8.11362270075,2.33,0.16228994875,81.7068935491,化学制药,2024-10-26,2023-09-30
300569,天能重工,0.2327,2627398294.31,0.6724362832,55.1921,204846379.52,28.58,17.6601,5.373957480684,4.49,-0.420829966929,23.2663133242,风电设备,2024-10-26,2023-09-30
300559,佳发教育,0.29,436007310.02,24.3726320901,-44.8402,115842092.37,29.41,-67.4333,2.930299412462,10.72,0.229638711997,52.4233470351,软件开发,2024-10-26,2023-09-30
300553,集智股份,0.42,184394693.46,26.1714720496,-17.6558,33967739.57,147.65,-91.6256,8.72323630535,2.43,0.178719213757,44.2502348082,通用设备,2024-10-26,2023-09-30
300546,雄帝科技,-0.06,278858007.22,-28.2606349343,-26.0549,-10281743.94,-132.48,-2624.6411,5.794018038925,-0.95,-0.083553455103,43.5385401375,计算机设备,2024-10-26,2023-09-30
300533,冰川网络,0.95,2113638152.6,68.8378499866,2.23,216992013.27,115.55,289.021,7.585985406162,12.16,0.276721154545,94.8919040533,游戏Ⅱ,2024-10-26,2023-09-30
300527,ST应急,-0.2217,337398596.74,-60.3859595231,-39.4863,-213576018.36,-9299.07,53.9561,2.535907823184,-8.02,-0.398997958173,-19.29682798,地面兵装Ⅱ,2024-10-26,2023-09-30
300513,恒实科技,0.1101,950016183.19,16.4832749536,-15.9368,34523969.08,-41.93,-86.3312,7.646564416552,1.45,-1.251810244538,20.198187983,通信服务,2024-10-26,2023-09-30
300500,启迪设计,0.18,1000174905.37,-7.2230036213,-26.8588,31161004.14,-49.96,-151.9221,9.054651291159,0.02,0.637961823555,23.9764740269,工程咨询服务Ⅱ,2024-10-26,2023-09-30
300475,香农芯创,0.48,7634510283.29,-29.0984554422,19.4396,216775688.06,39.5,-55.8484,5.422636612433,9.34,-0.194683540017,4.6106766847,其他电子Ⅱ,2024-10-26,2023-09-30
300474,景嘉微,0.03,469171813.61,-35.6649474746,-55.6586,15576072.07,-91.0,-63.1248,7.467102827902,0.47,0.292415738047,60.8436868668,军工电子Ⅱ,2024-10-26,2023-09-30
300457,赢合科技,0.79,7497159765.0,13.3710732673,-11.9834,510753873.16,44.74,9.1068,9.434847151097,8.57,0.87607429232,28.7155728747,电池,2024-10-26,2023-09-30
300439,美康生物,0.6004,1470634733.0,-22.6478321975,1.6287,229956759.59,13.03,-46.7478,7.045332704639,8.78,0.975916988654,44.8827546248,医疗器械,2024-10-26,2023-09-30
300413,芒果超媒,0.95,10365650609.35,1.238606827,-3.4688,1782224166.95,5.21,-27.0375,10.882440413547,9.0,0.582759123825,35.9055062891,数字媒体,2024-10-26,2023-09-30
300412,迦南科技,0.05,765497795.83,1.0896911651,3.758,22850869.9,-39.79,-25.3079,2.133501479861,2.18,-0.14567178822,30.5084062661,专用设备,2024-10-26,2023-09-30
300404,博济医药,0.0624,358782705.15,28.8598576481,-2.0439,23022627.61,7.56,-8.1106,2.398017796593,2.64,-0.006787757438,36.047054898,医疗服务,2024-10-26,2023-09-30
300400,劲拓股份,0.16,556790372.24,0.4095592022,-38.8692,38569145.31,-45.7,-80.8884,3.297167920106,4.64,0.260847599884,34.9808435905,自动化设备,2024-10-26,2023-09-30
300393,中来股份,0.4438,9740735416.08,27.7655840729,30.3608,483538846.07,40.94,84.6267,4.061048051558,11.64,-0.459052203955,16.7554197764,光伏设备,2024-10-26,2023-09-30
300385,ST雪浪,0.0033,896325411.7,-30.847610835,-31.1491,1104597.17,108.16,101.9671,2.229421943084,0.15,-0.189274019381,19.5608807696,环境治理,2024-10-26,2023-09-30
300368,汇金股份,-0.1012,252490796.03,-47.7168792409,5.9667,-53515509.86,-9.51,-32.5458,1.032113747443,-9.27,0.75527150239,35.9405532466,计算机设备,2024-10-26,2023-09-30
300358,楚天科技,0.4966,5133806943.65,14.2205755362,-1.4148,287278228.41,-37.91,-84.872,7.906472723723,6.54,-0.307206892039,30.8765493323,医疗器械,2024-10-26,2023-09-30
300351,永贵电器,0.2337,1011244030.86,-3.3956336911,-7.7601,90031479.69,-23.52,-38.2772,6.066813955897,3.93,0.011017692482,30.297188283,轨交设备Ⅱ,2024-10-26,2023-09-30
300348,长亮科技,0.0023,1177289762.01,11.4867621874,-5.4845,1640245.72,-72.76,375.9221,2.073281698283,0.11,-0.396055741255,34.1538028118,软件开发,2024-10-26,2023-09-30
300328,宜安科技,0.0074,1225581441.44,7.5863468141,7.835,5142829.95,229.79,254.7378,1.585368697695,0.47,-0.054446185646,13.4100209658,工业金属,2024-10-26,2023-09-30
300322,硕贝德,-0.33,1221829333.7,3.4995011475,4.1162,-155731166.95,-588.53,75.989,2.312315848405,-13.51,-0.275888382178,21.060278274,消费电子,2024-10-26,2023-09-30
300320,海达股份,0.1602,1910385032.91,-1.3782172352,11.9874,96340663.76,7.63,-4.4956,3.574874145373,4.57,0.097573475109,18.1106402065,橡胶,2024-10-26,2023-09-30
300303,聚飞光电,0.14,1848957758.93,11.4460258406,11.5646,181571752.84,16.37,6.4461,2.180593725069,6.15,0.15796339677,25.7390534614,光学光电子,2024-10-26,2023-09-30
300300,海峡创新,-0.18,81488433.93,-31.4905917861,-59.3061,-118152179.24,-55.07,22.3226,0.51890624659,-32.5,0.020774713813,-11.0266363417,IT服务Ⅱ,2024-10-26,2023-09-30
300291,百纳千成,-0.0339,183693780.65,-13.3736447357,-5.0928,-31510217.92,-184.06,120.7551,4.006841498782,-0.84,-0.396532364936,19.0024632443,影视院线,2024-10-26,2023-09-30
300289,利德曼,0.0437,340139251.33,-37.2385775892,-4.728,23766634.23,-31.05,-11.1466,3.218813148775,1.37,0.212024350269,56.4058906139,医疗器械,2024-10-26,2023-09-30
300271,华宇软件,-0.33,939620369.14,-27.5677324837,-28.5414,-266213625.03,-57.73,-53.0398,6.583072572856,-4.82,-0.468260069194,29.5485337141,IT服务Ⅱ,2024-10-26,2023-09-30
300270,中威电子,-0.18,111642695.21,21.4477610061,-49.2889,-55215172.78,-29.77,-16.7203,2.313415972881,-7.57,-0.194585855074,20.858454372,计算机设备,2024-10-26,2023-09-30
300221,银禧科技,0.0592,1207263275.21,-13.6700106635,16.1627,26693556.14,411.62,-28.316,2.746991256378,2.1,0.163012497515,17.2536557218,塑料,2024-10-26,2023-09-30
300220,金运激光,-0.103,213556126.08,3.9786086079,-12.7725,-15569457.23,40.69,28.6152,0.512493943056,-18.26,0.217100877447,31.2402683663,自动化设备,2024-10-26,2023-09-30
300213,佳讯飞鸿,0.06,675391675.9,8.211495583,6.443,33004352.51,32.41,-78.7768,3.743727927648,1.48,-0.114889668382,40.988995855,通信设备,2024-10-26,2023-09-30
300196,长海股份,0.7,1987984870.25,-13.4295096569,-3.3391,287931420.85,-52.2,-40.0319,10.660192202169,6.61,1.272776412907,26.1845970329,玻璃玻纤,2024-10-26,2023-09-30
300193,佳士科技,0.35,856388972.3,-1.551165701,-5.4681,166358263.05,15.7,-43.5776,4.522789009525,7.69,0.440740715708,29.4272664573,通用设备,2024-10-26,2023-09-30
300190,维尔利,0.03,1593135403.77,9.2842104755,-36.4932,21246266.63,-47.33,-23.1388,4.849486752486,0.55,-0.145045708173,22.2514208153,环境治理,2024-10-26,2023-09-30
300187,永清环保,0.1029,497916763.77,-10.9762652002,-15.7022,66446528.1,22.14,-77.5099,1.598720620705,6.65,0.149243107786,25.0635717053,环境治理,2024-10-26,2023-09-30
300177,中海达,-0.0276,886309492.28,3.1037880499,-24.3938,-20518217.7,-885.94,-149.9932,2.793253670773,-0.98,-0.257387182901,42.6862029579,军工电子Ⅱ,2024-10-26,2023-09-30
300174,元力股份,0.4893,1478148556.89,1.9683793443,3.1613,175867195.16,5.75,-9.3616,8.348536237929,5.89,0.273311522561,21.9764876836,化学制品,2024-10-26,2023-09-30
300173,ST福能,0.0526,1021186751.42,-16.4062553178,-18.3312,38667629.47,506.03,132.1536,1.185903169566,4.49,0.016974652287,27.7546984561,电池,2024-10-26,2023-09-30
300168,万达信息,-0.234,1905013008.89,-14.5595311823,-33.2309,-337659842.76,-5.41,-346.4475,2.001364968156,-11.05,-0.564442764767,24.9255329525,IT服务Ⅱ,2024-10-26,2023-09-30
300147,*ST香雪,-0.22,1728181516.45,-0.9978931467,-14.005,-146072910.4,51.09,-13.5395,3.262901279429,-6.27,0.290299119791,36.1232706164,中药Ⅱ,2024-10-26,2023-09-30
300146,汤臣倍健,1.12,7782282646.73,26.3383099427,-12.1244,1901106952.7,28.28,-31.05,7.196712579923,16.6,0.791387791038,69.655325546,食品加工,2024-10-26,2023-09-30
300142,沃森生物,0.3458,3158044365.35,-14.7915708238,-25.7816,553376456.49,4.14,-65.3532,5.942467187215,5.94,0.535625206848,85.7106632991,生物制品,2024-10-26,2023-09-30
300138,晨光生物,0.75,5169444187.28,7.7799074307,-18.9151,398355550.46,18.29,-39.062,6.552682696179,11.95,1.868782302288,12.2253826,农产品加工,2024-10-26,2023-09-30
300130,新国都,1.06,2894537853.64,-12.0361156913,-1.2668,552343024.69,80.43,9.6971,7.148458231921,17.3,0.684117554023,36.7447139201,计算机设备,2024-10-26,2023-09-30
300115,长盈精密,0.0013,9790755450.51,-11.1001293848,33.773,1553085.39,101.38,364.5058,4.747883236602,0.03,1.281922153068,19.1958024769,消费电子,2024-10-26,2023-09-30
300111,向日葵,0.019,235147602.59,10.0868265348,-4.7448,23932124.5,258.01,4857.7626,0.52864219146,4.08,-0.016403057658,21.6100347485,化学制药,2024-10-26,2023-09-30
300073,当升科技,2.9449,12543505599.72,-10.9583986782,11.6317,1491575401.15,0.91,14.3693,24.961794017574,12.3,3.570514507782,18.2767043323,电池,2024-10-26,2023-09-30
300070,碧水源,0.1097,5389958995.64,1.2413692098,32.0926,397666774.8,1630.54,1467.8904,7.523400165431,1.47,-0.182820725881,27.3366746515,环境治理,2024-10-26,2023-09-30
300059,东方财富,0.3916,8488393395.49,-11.22,-6.8734,6208920957.81,-5.84,-9.628,4.442884895349,9.16,-0.557240703801,61.5032081362,证券Ⅱ,2024-10-26,2023-09-30
300053,航宇微,0.0809,307340698.1,-13.2708657299,-20.9797,56393810.58,121.47,-78.8833,3.659600656803,2.24,0.095095063274,51.9133043903,半导体,2024-10-26,2023-09-30
300040,九洲集团,0.12,804269593.79,-12.9215218538,21.3733,72948044.08,-41.41,-35.7853,4.755679421779,0.03,0.325438163733,35.5108507999,电力,2024-10-26,2023-09-30
300030,阳普医疗,0.01,472397898.67,-10.7930515084,-5.3115,3184966.3,105.51,-129.6761,2.547105892071,0.41,0.11138644653,39.4457714492,医疗器械,2024-10-26,2023-09-30
300022,吉峰科技,0.013,2065526918.19,2.8995016585,2.9913,5595602.22,77.78,-133.2079,1.025152023941,2.0,0.012181392401,13.9499340988,专业连锁Ⅱ,2024-10-26,2023-09-30
300017,网宿科技,0.1759,3517081319.69,-5.8898760927,2.8026,425701371.06,142.85,2.5827,3.850661310149,4.65,0.295664535596,30.6683621024,IT服务Ⅱ,2024-10-26,2023-09-30
300003,乐普医疗,0.7268,6259227849.28,-19.3585444449,5.0162,1353600791.72,-25.22,7.5571,8.488017477493,8.84,0.321056507141,65.1032226714,医疗器械,2024-10-26,2023-09-30
200468,宁通信B,-0.078,580746454.13,-8.9954330019,-12.0532,-16745826.7,51.18,-462.7007,0.024416323628,-122.93,-0.540098939116,23.8290372891,通信设备,2024-10-26,2023-09-30
200026,飞亚达B,0.6439,3527243623.07,4.1888052373,-0.1435,265557992.81,15.56,-7.1761,7.884562926532,8.22,1.153654864453,36.0271988739,饰品,2024-10-26,2023-09-30
200020,深华发B,0.0439,601785032.07,16.254850366,11.8901,12444394.99,45.98,216.0932,1.292630368034,3.46,-0.037988648601,12.1961336621,光学光电子,2024-10-26,2023-09-30
003040,楚天龙,0.16,952744028.55,-23.0737044564,-20.797,73378316.58,-41.47,-58.3505,3.275330798852,4.71,-0.035695706623,30.679067884,通信设备,2024-10-26,2023-09-30
003035,南网能源,0.09,2195587258.77,2.9546316166,18.1156,346898568.88,-9.27,35.8743,1.787243656416,5.24,0.135324039214,36.8150921596,电力,2024-10-26,2023-09-30
003029,吉大正元,-0.46,323476963.77,11.040948534,-56.0425,-83206697.52,-28.98,-45.3047,6.83175792202,-6.34,-1.181222535632,56.8224749787,软件开发,2024-10-26,2023-09-30
003022,联泓新科,0.3,4935954910.57,-23.0785803516,5.9737,404371106.63,-48.01,-56.1781,5.303169151964,5.78,0.266956929681,17.4939151154,光伏设备,2024-10-26,2023-09-30
003012,东鹏控股,0.54,5730861410.93,13.3477800453,-15.3333,629090084.2,224.64,-36.0957,6.566197327059,8.45,1.237231964638,32.3637525422,家居用品,2024-10-26,2023-09-30
003005,竞业达,0.0111,247328795.5,-2.488751763,-35.7432,1647080.91,-92.89,-103.2214,9.981977969946,0.11,0.16979208403,46.7640510181,IT服务Ⅱ,2024-10-26,2023-09-30
002988,豪美新材,0.5338,4242125986.79,1.4318023534,15.5119,124263584.98,401.15,24.1666,8.743974078119,5.72,0.181290615534,12.5635496949,工业金属,2024-10-26,2023-09-30
002982,湘佳股份,-0.39,2829950302.7,4.0901306377,20.6306,-55715848.35,-157.3,150.3021,11.486254688941,-3.09,-0.033315094415,12.8912424346,养殖业,2024-10-26,2023-09-30
002911,佛燃能源,0.333,17684434570.69,30.9210290799,-0.0534,435144370.05,8.06,-17.6534,4.058532478379,8.01,1.504173098588,6.4517568919,燃气Ⅱ,2024-10-26,2023-09-30
002909,集泰股份,0.0433,1000910931.11,-10.1359452978,-3.5885,16882443.29,144.97,-33.6442,2.300877490566,1.97,0.144976210753,25.6223765691,化学制品,2024-10-26,2023-09-30
002908,德生科技,0.1205,551255938.76,-10.1294464982,-25.9443,51129881.6,-18.34,-77.5442,2.668224673358,4.47,-0.425151181569,45.2668378143,IT服务Ⅱ,2024-10-26,2023-09-30
002902,铭普光磁,-0.172,1518595608.73,-11.7938408709,-24.7696,-36382566.28,-164.41,-1383.5917,4.970711491963,-4.01,0.182044436602,15.635652895,通信设备,2024-10-26,2023-09-30
002885,京泉华,0.2817,1992665837.83,11.5160512717,-4.6212,73029845.83,-36.65,-19.9296,5.293822145811,5.82,-0.302058428901,13.8277142955,其他电子Ⅱ,2024-10-26,2023-09-30
002880,卫光生物,0.6668,735431674.0,78.7484142277,11.9109,151241017.19,107.83,-9.1772,8.58337142522,7.91,0.9517234097,42.9025694833,生物制品,2024-10-26,2023-09-30
002876,三利谱,0.34,1538995631.79,-7.3979981024,3.7301,58388933.0,-68.81,193.7819,13.512462743293,2.5,-1.381282979252,14.2210872565,光学光电子,2024-10-26,2023-09-30
002870,香山股份,1.06,4149474353.7,22.2770936919,17.9494,140550821.92,62.11,230.8925,11.132249776106,8.99,3.529947127644,24.4424762482,汽车零部件,2024-10-26,2023-09-30
002855,捷荣技术,-0.218,1379178556.98,-34.1090106566,-12.3034,-53603306.27,-153.23,58.5827,3.943539297076,-5.38,-0.296006683346,13.7765262075,消费电子,2024-10-26,2023-09-30
002789,*ST建艺,0.1808,3573690683.8,162.2290145829,-26.0275,28860572.19,12.27,-99.3895,1.216115474629,15.69,-0.304937541658,16.0813317094,装修装饰Ⅱ,2024-10-26,2023-09-30
002785,万里石,0.0156,881754789.92,-2.4629891875,14.6721,3112926.62,-49.64,-116.4605,5.034720995675,0.52,0.139542089386,11.2993131026,装修建材,2024-10-26,2023-09-30
002780,三夫户外,0.0764,540609317.08,49.7301290461,5.2632,12033227.87,135.31,-77.3387,4.21455244695,1.83,-0.150510500371,52.2531688902,服装家纺,2024-10-26,2023-09-30
002772,众兴菌业,0.4467,1452471968.84,0.5250096131,9.514,175526189.47,48.28,-3390.8063,8.546244866577,5.06,0.985973756407,25.0959456671,种植业,2024-10-26,2023-09-30
002758,浙农股份,0.47,29220609108.14,-5.2925725171,0.7143,239415275.69,-41.31,-27.8808,8.390042792409,5.64,1.688238984961,5.6658413466,综合Ⅱ,2024-10-26,2023-09-30
002735,王子新材,0.06,1199301036.01,-2.9259330155,10.9186,17371519.26,-69.48,96.5618,2.767119074093,2.01,0.204406577198,17.870107774,包装印刷,2024-10-26,2023-09-30
002728,特一药业,0.42,745292491.04,27.8261160673,-11.6604,188482249.82,92.79,-22.071,5.218402246987,13.16,0.22491257797,57.6936223254,中药Ⅱ,2024-10-26,2023-09-30
002709,天赐材料,0.92,12124108248.03,-26.2021948565,12.6586,1751716597.27,-59.83,-21.938,6.828250956647,13.49,0.736140761173,28.346162031,电池,2024-10-26,2023-09-30
002706,良信股份,0.38,3455354965.07,16.5820905753,-11.2054,414425135.46,18.76,-27.0495,3.58201651638,9.35,0.274293597564,33.5728514305,电网设备,2024-10-26,2023-09-30
002690,美亚光电,0.638,1657150331.59,10.5033432369,23.1131,563165456.23,1.12,-1.9827,2.932234278377,23.4,0.463842337839,52.2429022302,专用设备,2024-10-26,2023-09-30
002686,亿利达,0.0962,1151112971.48,-17.2277289575,14.7873,54451771.45,0.58,24.6116,2.907626779762,3.36,0.146108282364,25.0505604597,通用设备,2024-10-26,2023-09-30
002676,顺威股份,0.0423,1672193465.21,15.6940481038,-19.4646,30461468.46,-16.21,-99.3357,1.629578170778,2.63,-0.036047927694,18.3946494996,家电零部件Ⅱ,2024-10-26,2023-09-30
002672,东江环保,-0.32,2986709917.86,4.858148003,-16.7726,-356923762.11,-295.5,-94.4388,4.430421904022,-7.97,-0.157026518932,5.3666808384,环境治理,2024-10-26,2023-09-30
002670,国盛证券,0.0246,1370295637.79,-7.2,-3.2291,47658749.05,132.68,-195.3879,5.691446280774,0.43,-0.266531430111,,证券Ⅱ,2024-10-26,2023-09-30
002645,华宏科技,-0.2655,5365391333.39,-18.039230803,4.0444,-153206577.08,-138.12,125.4597,6.211752166008,-3.97,0.80341699225,2.7945510833,环保设备Ⅱ,2024-10-26,2023-09-30
002644,佛慈制药,0.1177,882915425.83,26.4171666178,-16.6291,60086273.57,11.8,-93.0202,3.424994150692,3.47,-0.114278640203,29.6604343722,中药Ⅱ,2024-10-26,2023-09-30
002630,*ST华西,-0.1791,1408654834.4,193.823555754,79.8745,-211440194.17,53.54,112.0328,0.521711683638,-22.33,0.08519999209,11.0245224307,其他电源设备Ⅱ,2024-10-26,2023-09-30
002612,朗姿股份,0.4971,4118243275.4,36.0839277193,17.6663,219955359.38,585.75,-17.1539,6.828039448508,6.03,1.477901465554,57.2740326257,服装家纺,2024-10-26,2023-09-30
002611,东方精工,0.23,3326262408.67,36.8338369144,5.7976,271859637.24,57.77,-45.7732,3.491325364723,6.51,0.225879096374,28.6660063008,专用设备,2024-10-26,2023-09-30
002609,捷顺科技,0.1305,1034883440.92,26.2883522661,-9.3916,84021869.6,575.81,19.8734,3.743508007482,3.5,0.489088320083,42.0620688561,IT服务Ⅱ,2024-10-26,2023-09-30
002582,好想你,-0.0944,1091232763.46,11.8865072739,36.257,-40836173.09,23.59,25.8996,9.161052588501,-0.98,0.619355074232,25.866758153,休闲食品,2024-10-26,2023-09-30
002578,闽发铝业,0.0311,1967786526.82,2.3911835908,-10.6571,29226558.73,-25.61,-54.3985,1.646903605816,1.91,-0.117959760282,6.0635846945,工业金属,2024-10-26,2023-09-30
002577,雷柏科技,0.1059,305451330.55,-4.5905520683,1.6067,29966793.12,-34.57,-41.7599,4.092777104002,2.62,0.079340197858,28.9116076139,计算机设备,2024-10-26,2023-09-30
002574,明牌珠宝,0.21,3220837557.4,15.9354023599,11.9112,110247622.58,73.82,91.0981,5.775652999186,3.68,-1.202487097045,11.5417124222,饰品,2024-10-26,2023-09-30
002571,德力股份,-0.1394,956150718.1,17.6368375658,4.1793,-54625905.06,-5636.84,39.3476,3.21673778687,-4.23,0.226600650975,14.5237486833,家居用品,2024-10-26,2023-09-30
002566,益盛药业,0.1767,651148875.84,4.5294196803,-16.8156,58469545.55,-3.09,-41.0373,6.63813122931,2.69,0.490545150167,72.5938506552,中药Ⅱ,2024-10-26,2023-09-30
002552,宝鼎科技,0.22,2227798536.99,322.1505091345,21.8008,93605379.14,735.27,-96.4214,4.807376460685,4.4,-0.166846695843,12.4680372964,元件,2024-10-26,2023-09-30
002539,云图控股,0.59,16145913515.19,7.8360699377,6.2813,714582737.03,-45.14,29.1664,6.71407168247,9.03,0.426542925053,11.0953190507,农化制品,2024-10-26,2023-09-30
002534,西子洁能,0.09,5590783730.24,-1.0769860323,-13.2747,62484575.43,-39.18,592.9641,5.096180853105,1.64,-0.286406885568,14.5323935817,其他电源设备Ⅱ,2024-10-26,2023-09-30
002532,天山铝业,0.35,22343517284.79,-9.6477392502,-3.8634,1637266356.67,-31.88,19.3851,5.061972144967,7.06,0.486829234641,13.7359748977,工业金属,2024-10-26,2023-09-30
002492,恒基达鑫,0.2135,294683545.82,-1.0267854939,0.314,86459750.31,-9.28,-1.0942,4.078203544346,5.26,0.698654711679,49.5026974323,物流,2024-10-26,2023-09-30
002480,新筑股份,-0.2753,1209721791.58,17.4687145713,54.2634,-211733527.59,-3.16,13.1269,2.016091427931,-12.78,0.481853636394,35.4203505048,电力,2024-10-26,2023-09-30
002475,立讯精密,1.03,155874816160.33,7.3131838578,20.5601,7374174504.76,15.22,29.1152,7.299339866854,15.05,1.011158657886,11.7987914044,消费电子,2024-10-26,2023-09-30
002462,嘉事堂,0.81,21787656785.86,7.4300728882,-14.9194,236860972.03,-4.15,-7.274,14.481836317057,5.71,2.9178239755,6.9643965266,医药商业,2024-10-26,2023-09-30
002457,青龙管业,0.0328,1225128344.91,-19.8277857642,-34.4928,10943907.81,-87.35,-118.1563,6.743991685801,0.48,-0.197578280675,27.8872350867,装修建材,2024-10-26,2023-09-30
002452,长高电气,0.2644,1064368390.95,33.3224824369,-2.4863,163997300.84,95.3,22.2244,3.628183581621,7.54,0.195549907547,34.6891854295,电网设备,2024-10-26,2023-09-30
002441,众业达,0.48,8948404450.95,-2.7853713152,-1.3412,263114521.07,-17.52,0.3693,8.38840709753,5.74,-0.344394253243,9.73498826,电网设备,2024-10-26,2023-09-30
002436,兴森科技,0.11,3988432616.74,-3.9271724055,8.2595,190457718.73,-63.26,1533.4376,3.936440542097,2.88,0.018831894966,25.5338286387,元件,2024-10-26,2023-09-30
002434,万里扬,0.24,4098790433.41,12.5420241767,8.0989,321446635.3,24.95,-40.5655,4.505602010049,5.59,0.25603622476,18.0558482878,汽车零部件,2024-10-26,2023-09-30
002429,兆驰股份,0.281,12687145382.06,15.837749443,22.5348,1271857986.18,44.4,53.0411,3.221850270376,9.0,0.183816027717,18.2104498131,黑色家电,2024-10-26,2023-09-30
002424,ST百灵,0.1,2809735241.23,33.8785276611,12.6622,140480632.36,40.21,-28.1447,2.860079105031,3.52,-0.053757219657,56.1430671037,中药Ⅱ,2024-10-26,2023-09-30
002419,天虹股份,0.1922,9251541643.18,0.3192815069,6.0542,224639674.57,95.97,52.0242,3.601191785851,5.45,1.834997589395,37.4925643762,一般零售,2024-10-26,2023-09-30
002418,康盛股份,0.025,1634566316.15,-23.3913696671,0.6148,28422763.61,1357.55,-64.6147,1.338738246454,1.88,0.172593835507,10.1851289547,家电零部件Ⅱ,2024-10-26,2023-09-30
002415,海康威视,0.949,61276013250.23,2.6028740039,10.9257,8851262013.63,0.12,-0.3775,7.664321718518,12.59,0.633724049052,44.8522129934,计算机设备,2024-10-26,2023-09-30
002391,长青股份,0.3312,2789626515.77,-15.2298572963,-19.9707,215115740.78,-28.57,-48.1491,7.271691655146,4.59,0.661327365623,21.085759925,农化制品,2024-10-26,2023-09-30
002374,中锐股份,-0.0375,479378179.27,-22.7668470597,12.9865,-40740070.03,-298.66,-17.3568,1.206315539766,-3.06,0.032728874807,17.4411975233,包装印刷,2024-10-26,2023-09-30
002347,泰尔股份,-0.0089,805460344.93,4.7080190428,-2.4913,-4477581.43,50.78,-720.7439,2.446091154679,-0.36,-0.124215800763,19.3344900007,通用设备,2024-10-26,2023-09-30
002344,海宁皮城,0.1,826861763.54,-6.1843377392,-7.006,134232451.49,-38.07,288.0777,6.491926985941,1.61,0.038291875323,36.210837382,一般零售,2024-10-26,2023-09-30
002338,奥普光电,0.33,515248228.66,32.5628293525,-2.9626,78781985.62,13.41,-19.0419,5.093274532375,6.7,-0.250501657667,41.2829055586,军工电子Ⅱ,2024-10-26,2023-09-30
002332,仙琚制药,0.4767,3237459693.2,-6.2419546572,-3.5746,471602089.22,-10.89,0.6513,5.719365992443,8.51,0.49447006309,51.2508072741,化学制药,2024-10-26,2023-09-30
002327,富安娜,0.42,1924639239.32,-2.9017063092,0.0524,346261913.36,5.69,17.2156,4.387147240743,9.36,0.392266574996,54.5949174091,服装家纺,2024-10-26,2023-09-30
002312,川发龙蟒,0.17,5449181794.95,-28.0314435828,8.0036,324996877.2,-70.82,14.2691,4.806688293467,3.51,0.280441433799,15.2201633162,农化制品,2024-10-26,2023-09-30
002305,*ST南置,-0.5816,615754136.15,-76.8028425586,-31.0396,-1008573427.81,-97.92,35.6668,0.674022197417,-60.28,0.511263540378,-61.9261747561,房地产开发,2024-10-26,2023-09-30
002299,圣农发展,0.6002,13926817324.61,12.743578179,6.6849,739555737.93,284.73,-7.054,8.346453964929,7.29,1.166265653616,11.60634221,养殖业,2024-10-26,2023-09-30
002298,中电鑫龙,-0.1598,1513416337.8,-32.6814538007,15.7751,-114602229.47,-187.58,89.5165,5.553165663642,-2.76,-0.053279648181,31.0691280995,电网设备,2024-10-26,2023-09-30
002284,亚太股份,0.132,2715918220.57,2.6414814473,9.8816,97279084.76,139.42,-0.7056,3.499347808556,3.57,0.402989192197,16.8486335706,汽车零部件,2024-10-26,2023-09-30
002283,天润工业,0.28,2947024118.55,25.8312505142,-13.5999,310840926.09,92.32,-7.8034,5.224422033164,5.38,0.524687915214,25.7928723686,汽车零部件,2024-10-26,2023-09-30
002278,神开股份,0.033,517951511.56,31.5099154667,-19.5573,11912724.47,184.75,-84.1214,3.007127603086,1.11,-0.152029577435,31.727421342,专用设备,2024-10-26,2023-09-30
002262,恩华药业,0.88,3655985179.26,17.1742909602,2.7944,885641307.43,19.38,7.4588,6.258879360992,14.93,0.81248357952,73.1082433578,化学制药,2024-10-26,2023-09-30
002255,海陆重工,0.2781,1772813000.01,3.6117764202,-37.3741,234274744.15,17.4,-38.0166,4.42453084087,6.75,0.22857853725,27.2293001082,其他电源设备Ⅱ,2024-10-26,2023-09-30
002253,川大智胜,-0.1141,120120998.32,-29.8661426017,-5.7573,-25750461.91,-650.13,-6.8471,5.97941585263,-1.89,0.057298822018,23.353848205,软件开发,2024-10-26,2023-09-30
002236,大华股份,0.82,22278484044.04,5.2268205446,-11.2902,2590132339.63,52.98,-58.5245,9.945718967235,8.52,0.402265810515,42.6483538686,计算机设备,2024-10-26,2023-09-30
002226,江南化工,0.2643,6473662605.03,5.9158456431,-29.6791,700025318.93,-18.79,-51.9427,3.26824405012,7.43,0.254402951293,29.9939433395,化学制品,2024-10-26,2023-09-30
002223,鱼跃医疗,2.2054,6662976651.29,30.2309489305,-26.0948,2190679200.52,92.93,-10.741,11.516688032897,20.49,1.742174242037,51.5686140337,医疗器械,2024-10-26,2023-09-30
002219,新里程,0.01,2507074501.01,7.5103452065,8.6668,33418091.37,-70.34,-166.5714,0.626218695471,1.69,0.053023229567,30.5471005082,医疗服务,2024-10-26,2023-09-30
002218,拓日新能,0.0426,794613027.67,-22.4461865405,12.9831,60063045.88,-43.48,351.5342,3.000542310712,1.41,0.059611940321,30.7687189533,电力,2024-10-26,2023-09-30
002212,天融信,-0.22,1648082048.22,12.6306666792,20.0507,-248311812.84,40.85,70.0228,8.127832344144,-2.56,-0.158089499763,62.3109472541,软件开发,2024-10-26,2023-09-30
002202,金风科技,0.2786,29319210490.24,12.0619040604,-23.2047,1260763532.15,-46.69,-43.1532,8.410469463811,3.32,-1.117657127095,14.220975867,风电设备,2024-10-26,2023-09-30
002197,证通电子,0.04,1051697918.79,27.0386537473,20.7567,24168741.07,125.76,-79.7606,4.155985405535,0.95,0.463774896864,29.5926414201,计算机设备,2024-10-26,2023-09-30
002178,延华智能,0.0117,460547062.34,24.0557636175,-24.0706,8325953.85,113.73,53.7467,0.612228883355,1.95,-0.11012811643,25.5447047801,软件开发,2024-10-26,2023-09-30
002171,楚江新材,0.2595,33873929789.27,13.5949137887,2.5992,345220788.18,244.96,11.3414,4.551385925208,5.51,-0.877285376146,3.7399065473,工业金属,2024-10-26,2023-09-30
002165,红宝丽,0.0599,1856352696.27,-1.881660615,14.4551,44030644.1,1510.97,31.2402,2.79063164982,2.15,-0.166086442085,21.2998572348,化学制品,2024-10-26,2023-09-30
002162,悦心健康,0.1175,938323852.48,10.4328318619,7.1461,108847069.54,227.21,-133.8773,1.131515945623,10.26,0.058096980863,23.4833489842,家居用品,2024-10-26,2023-09-30
002158,汉钟精机,1.2715,2906175904.39,24.4297022198,5.3789,679890837.99,43.46,26.2099,6.544936678499,20.66,0.919109447685,40.0744401411,通用设备,2024-10-26,2023-09-30
002150,正泰电源,0.12,1678347296.27,29.9616919088,23.3402,42722167.54,-65.58,161.6717,4.532809341016,2.68,0.535207346954,23.4005535453,光伏设备,2024-10-26,2023-09-30
002148,北纬科技,0.0249,193465153.64,8.0901668989,2.4081,13895632.6,-18.67,-43.3346,2.157661936652,1.15,0.05543771617,42.0591040862,通信服务,2024-10-26,2023-09-30
002138,顺络电子,0.6,3675924435.36,15.5514306065,2.8729,477441735.09,17.19,26.375,7.186189975132,8.42,0.817570217284,34.750171737,元件,2024-10-26,2023-09-30
002132,恒星科技,0.0383,3290930531.88,-4.4873625958,1.0029,52682788.06,-58.66,-54.4283,2.657180701304,1.38,0.401490179645,10.6270261326,通用设备,2024-10-26,2023-09-30
002121,科陆电子,-0.0511,3345283113.14,59.698767216,93.2999,-77682900.6,24.35,162.1731,0.835833943656,-7.98,0.295315311776,29.0707497626,电网设备,2024-10-26,2023-09-30
002107,沃华医药,0.1,716392429.5,-4.8425503958,-12.8175,57401272.79,-27.45,71.823,1.392737598387,7.4,0.159171936797,75.536564328,中药Ⅱ,2024-10-26,2023-09-30
002105,信隆健康,0.061,739166037.27,-49.717176829,-14.4482,22132285.23,-88.23,-148.5006,2.563196001628,0.02,0.571986713406,18.1924266267,摩托车及其他,2024-10-26,2023-09-30
002098,浔兴股份,0.2836,1439259251.22,-11.0170578842,-1.1916,101514009.47,37.82,-8.6575,3.14849966433,9.43,0.384884083883,35.7201460574,纺织制造,2024-10-26,2023-09-30
002093,国脉科技,0.088,317775921.03,8.3916721645,14.5812,88693854.79,91.74,172.8043,3.604553330005,2.47,0.115436696437,60.6315187367,教育,2024-10-26,2023-09-30
002092,中泰化学,-0.446,30288074709.46,-21.6914147481,1.1376,-1148906719.77,-201.52,65.0351,9.43545772307,-4.67,0.985832769862,8.6747544283,化学原料,2024-10-26,2023-09-30
002085,万丰奥威,0.26,11598784708.32,-0.6619745059,5.1149,536356085.44,-9.68,130.0077,3.056457007545,8.5,0.654043343804,19.9475828218,汽车零部件,2024-10-26,2023-09-30
002080,中材科技,1.0172,18312365305.44,2.8280968525,-27.9663,1706970882.03,-30.16,-67.5193,10.653540232869,9.43,0.167134680738,24.3550824514,玻璃玻纤,2024-10-26,2023-09-30
002075,沙钢股份,0.0845,11532980686.21,-17.1134438347,0.8567,185366971.95,-61.13,7.1936,2.94572212302,2.77,0.347355639067,6.6437640792,特钢Ⅱ,2024-10-26,2023-09-30
002064,华峰化学,0.39,19681919713.06,-1.2984658479,9.7859,1928532126.31,-20.17,-21.6323,4.905595179788,8.08,0.088725296017,16.329429667,化学纤维,2024-10-26,2023-09-30
002063,远光软件,0.0796,1561400207.31,16.1598520536,-23.736,151630060.83,2.82,-25.4272,1.700232714189,4.76,-0.407932673451,59.1940738878,软件开发,2024-10-26,2023-09-30
002055,ST得润,0.0135,5037363307.82,-10.5350904387,6.7378,8148214.77,114.77,-97.5116,4.687814063867,0.29,-0.13123574011,16.6061150904,消费电子,2024-10-26,2023-09-30
002040,南京港,0.2345,677530498.01,1.7338666627,1.2453,115159487.25,-10.37,-4.7905,6.338431899565,3.74,0.324802824715,45.5192600268,航运港口,2024-10-26,2023-09-30
002039,黔源电力,0.6457,1552312119.68,-35.9620780357,126.9845,276062377.15,-50.2,414.1029,8.974992172596,7.38,3.828338355964,56.8428835492,电力,2024-10-26,2023-09-30
002038,双鹭药业,0.3091,776629583.53,-6.0874930034,-32.6933,317568080.9,33.46,-99.6494,5.531625452436,5.64,0.218310848513,80.5203970286,化学制药,2024-10-26,2023-09-30
002029,七匹狼,0.29,2377590572.67,5.0886669467,34.1313,201786298.03,107.57,-35.1914,8.464878586354,3.36,0.006360700954,49.4670800553,服装家纺,2024-10-26,2023-09-30
002028,思源电气,1.49,8580896660.31,22.5537471738,4.6754,1148291269.88,46.14,-7.1281,13.058162148712,11.73,0.902745247001,30.1080905773,电网设备,2024-10-26,2023-09-30
002015,协鑫能科,0.5897,8958270114.79,13.4445354403,7.0211,953250792.21,40.42,-73.7287,6.62095226716,8.11,0.966679331384,19.1405190278,电力,2024-10-26,2023-09-30
002011,盾安环境,0.51,8445423720.16,15.4793281362,-8.1014,540178577.5,-22.36,26.1698,3.983690372418,13.75,-0.289284691265,19.2641768701,家电零部件Ⅱ,2024-10-26,2023-09-30
001380,华纬科技,0.6961,846128899.34,40.8976815686,19.7682,109696558.21,69.49,23.2619,11.574265174193,11.18,-0.496614012958,27.3792658046,汽车零部件,2024-10-26,2023-09-30
001332,锡装股份,1.19,784185771.94,-2.0949317292,7.4841,128518456.25,-28.02,-43.4493,20.128605732963,5.97,1.724250840926,24.0169335225,专用设备,2024-10-26,2023-09-30
001301,尚太科技,2.19,3170916475.24,-10.3299496254,18.7661,568064537.34,-45.72,-6.1761,21.116164493495,10.59,-3.606193740652,27.3478511147,电池,2024-10-26,2023-09-30
001218,丽臣实业,0.85,2373672127.56,9.262368404,9.2847,107168684.91,38.31,15.2724,15.948792242215,5.07,0.242640429364,12.2795407228,化学制品,2024-10-26,2023-09-30
001216,华瓷股份,0.5897,898532380.21,-17.6718130935,15.014,148525671.46,-5.7,51.3913,6.174173622436,9.87,0.56607404103,33.5423005924,家居用品,2024-10-26,2023-09-30
001205,盛航股份,0.6913,877792628.34,42.735990139,4.1936,116549517.72,-13.47,-32.4891,9.383299602059,7.59,1.933050970271,31.1983215156,航运港口,2024-10-26,2023-09-30
001203,大中矿业,0.55,2838822890.49,-24.0462625594,-9.1998,828822636.95,-11.05,4.3626,3.54574246461,13.69,0.686416042003,52.7690293568,冶钢原料,2024-10-26,2023-09-30
000999,华润三九,1.88,18608005954.15,53.6490404287,-19.604,2402599847.04,23.06,-27.6299,18.72229973002,13.53,3.086646876776,51.7914700337,中药Ⅱ,2024-10-26,2023-09-30
000997,新大陆,0.8076,5883086124.7,6.43,5.4772,818203917.88,119.83,-4.4365,5.944794747929,13.63,1.725897871808,35.5235602265,计算机设备,2024-10-26,2023-09-30
000985,大庆华科,-0.102,1441754830.79,-29.4158941785,-32.975,-13155571.32,-159.19,-524.9634,4.494764721709,-2.26,0.773300518592,4.296761653,炼化及贸易,2024-10-26,2023-09-30
000972,中基健康,0.0558,343059838.58,122.5206777024,-60.028,43011601.53,275.13,-76.7759,0.179344915393,36.82,-0.358048892209,28.6014857368,农产品加工,2024-10-26,2023-09-30
000968,蓝焰控股,0.44,1760769209.75,-4.2642778454,-6.7754,422022290.42,-8.12,18.9083,5.796093685779,7.82,0.353010346597,38.6714990857,油气开采Ⅱ,2024-10-26,2023-09-30
000960,锡业股份,0.6655,33657964284.79,-20.1803167562,-7.5594,1095278964.34,-18.59,-2.9372,10.644866595085,6.46,1.188587725366,8.2726209151,小金属,2024-10-26,2023-09-30
000953,中哲精化,-0.0105,151314144.99,14.7286520467,-25.8305,-3826934.56,6.59,-317.1857,0.202964092439,-5.03,0.02047568176,13.2224335942,化学制药,2024-10-26,2023-09-30
000948,南天信息,0.1333,5678420251.63,6.093098552,-3.7939,52549914.17,24.63,-6.2645,6.301734873138,2.14,-3.557676683511,12.9932378779,软件开发,2024-10-26,2023-09-30
000930,中粮科技,-0.1818,14721188587.73,-1.1756686305,13.015,-332866942.96,-134.47,100.7059,5.739620107632,-2.88,0.679311459842,5.7308729743,农产品加工,2024-10-26,2023-09-30
000929,兰州黄河,0.0603,198582490.07,-8.9760380451,12.5212,11202869.26,158.04,-130.8693,3.512185264957,1.73,-0.016164725946,22.01709021,非白酒,2024-10-26,2023-09-30
000917,电广传媒,0.06,2924576677.65,2.8306048629,-16.3863,79750340.17,-4.66,-17.8107,7.210274911077,0.78,0.112175339842,28.1404107247,电视广播Ⅱ,2024-10-26,2023-09-30
000915,华特达因,1.97,1718754273.3,-5.4971496148,-4.4342,460793148.64,-0.35,-12.1207,12.193906547599,16.87,4.088254031506,86.0195268007,化学制药,2024-10-26,2023-09-30
000912,泸天化,0.1507,5219638715.19,-3.5770085537,6.7356,236225304.64,-30.82,524.0358,4.145798018967,3.7,0.302645226543,12.6685605957,农化制品,2024-10-26,2023-09-30
000905,厦门港务,0.2972,17016593824.95,-11.8063014029,-13.2385,220486687.02,13.72,12.0046,6.618987227568,4.56,1.565691730826,2.8827955929,航运港口,2024-10-26,2023-09-30
000890,法尔胜,-0.05,348120725.56,-35.4401767008,7.5494,-22593918.63,48.55,-832.6799,0.00819755569,-153.33,0.049723786308,10.6748033747,环保设备Ⅱ,2024-10-26,2023-09-30
000888,峨眉山A,0.4957,822133235.26,130.6784321731,30.0106,261204346.02,427.17,53.4956,4.789499362231,10.92,0.697294437955,51.4829617496,旅游及景区,2024-10-26,2023-09-30
000883,湖北能源,0.26,14435741402.57,-12.1629600164,6.9979,1717877663.16,-6.47,38.1792,4.938688652625,5.44,0.441555257147,21.2316019951,电力,2024-10-26,2023-09-30
000877,天山股份,0.0059,80387150646.43,-18.501392461,-13.2621,50845670.1,-98.75,-106.6211,9.196906747855,0.06,1.282514726695,15.0923391319,水泥,2024-10-26,2023-09-30
000822,山东海化,0.74,6308242331.43,-11.9598899672,13.2663,665430855.39,-36.52,192.8935,5.314519916315,14.99,-0.513767617506,21.7934875604,化学原料,2024-10-26,2023-09-30
000821,ST京机,0.48,4953808215.87,59.3996782222,-25.6683,298425622.97,48.4,-71.6385,5.787537699335,8.65,0.621354922225,20.9456091485,光伏设备,2024-10-26,2023-09-30
000819,岳阳兴长,0.246,2252502184.82,-4.7333836416,28.3448,73591994.9,46.48,-36.3069,3.543858765701,7.14,0.567796142385,16.1407962239,炼化及贸易,2024-10-26,2023-09-30
000816,智慧农业,0.0095,1104594776.34,16.6101045728,-12.1375,13712672.12,-50.41,36.3929,1.504054207883,0.63,0.001486759965,12.6183227918,汽车零部件,2024-10-26,2023-09-30
000815,美利云,-0.02,769266970.91,3.1375020945,41.0271,-16202930.13,67.57,-575.708,2.685456350142,-0.86,-0.013882424254,7.2138890695,IT服务Ⅱ,2024-10-26,2023-09-30
000812,陕西金叶,0.0549,902709162.44,-3.4212322579,6.0991,42192762.4,-23.56,-113.8651,2.325642185902,2.39,0.26925604481,28.3537249614,包装印刷,2024-10-26,2023-09-30
000810,创维数字,0.3923,7628120826.98,-15.5192262397,-13.0824,447814332.13,-36.65,-35.0033,5.423733244331,7.3,0.201611912383,16.7420720926,黑色家电,2024-10-26,2023-09-30
000809,和展能源,-0.102,15523026.41,-30.2545101197,4.4546,-83780126.56,9.04,-4.5255,3.445155981999,-2.95,-0.016901650306,-23.710375495,风电设备,2024-10-26,2023-09-30
000789,万年青,0.3873,5985125478.81,-28.6337144007,-12.6803,308866779.43,-45.53,-75.9676,8.650817282683,4.29,0.582754724116,19.1946448752,水泥,2024-10-26,2023-09-30
000788,北大医药,0.0774,1655471575.84,6.3255106358,-2.3117,46149010.21,0.36,-4.2921,2.397572312453,3.28,-0.029414137068,33.1978396519,化学制药,2024-10-26,2023-09-30
000753,漳州发展,0.0478,2250758915.22,12.7684075514,-32.2924,47348034.93,-40.0,23.1475,2.667774515959,1.79,-0.370712901497,16.1245111067,综合Ⅱ,2024-10-26,2023-09-30
000752,*ST西发,-0.2,245880724.82,14.4636611077,72.4431,-53367783.48,-24.69,-16.5079,-0.408147263968,,0.148456408556,29.9788815305,非白酒,2024-10-26,2023-09-30
000751,锌业股份,0.0339,13428765931.35,-4.9643528005,24.9998,48574393.42,8556.09,159.2483,2.190979934129,1.58,-0.210950486086,3.2410692378,工业金属,2024-10-26,2023-09-30
000733,振华科技,3.929,6028962766.94,5.7593215446,-22.2939,2058569506.58,10.45,-33.6131,26.39125560741,19.57,0.813878887861,60.7945161605,军工电子Ⅱ,2024-10-26,2023-09-30
000729,燕京啤酒,0.3392,12415700831.45,9.6601140983,16.896,956046044.53,42.16,-1.5979,5.022577309234,6.93,1.012118228383,44.0257200836,非白酒,2024-10-26,2023-09-30
000728,国元证券,0.33,4933722011.3,27.68,16.7853,1426250306.05,23.0,30.0263,7.80880275448,4.26,-1.783766152864,,证券Ⅱ,2024-10-26,2023-09-30
000722,湖南发展,0.1,245475668.1,-34.0759406444,-51.9465,45077075.6,-49.48,-95.9768,6.822152602138,1.43,0.669527424763,42.48982706,电力,2024-10-26,2023-09-30
000708,中信特钢,0.867,86413756738.74,14.4393786612,-7.4662,4374306786.42,-21.09,-14.4231,7.268665164171,11.98,1.075169904595,13.6640134398,特钢Ⅱ,2024-10-26,2023-09-30
000701,厦门信达,-0.326,55866142734.32,-25.428475223,1.5527,-95140761.34,-1380.52,-3535.1083,1.483017658802,-28.61,-2.359874063363,0.8731834732,贸易Ⅱ,2024-10-26,2023-09-30
000698,ST沈化,-0.377,3685371886.32,-22.3343362158,17.4058,-308643055.09,-26.92,53.523,2.06739974055,-16.72,-0.195896972109,1.8155977981,炼化及贸易,2024-10-26,2023-09-30
000681,视觉中国,0.1749,574303392.48,8.8152360215,-14.7921,122535509.71,52.76,-7.475,5.022152018895,3.55,0.145823914574,53.0842514134,数字媒体,2024-10-26,2023-09-30
000670,盈方微,-0.043,2357489656.47,14.1784265346,15.4563,-35146732.27,-757.19,63.7615,0.072438220365,-49.68,0.043348501463,4.5024227207,其他电子Ⅱ,2024-10-26,2023-09-30
000668,荣丰控股,-0.22,40497532.72,-91.9331381478,57.6588,-32798299.73,-18.04,83.6308,8.072948486498,-2.73,-0.232838551111,30.023425511,房地产开发,2024-10-26,2023-09-30
000661,长春高新,8.98,10681707158.2,10.7345513475,33.1306,3612424090.35,4.27,11.4105,52.714980190433,18.16,8.955056649246,84.908887852,生物制品,2024-10-26,2023-09-30
000657,中钨高新,0.2257,9548032998.76,-4.2447694486,-13.964,315493418.1,-20.85,-48.4495,4.110759952499,5.66,-0.310883118519,16.1692453602,小金属,2024-10-26,2023-09-30
000655,金岭矿业,0.297,1078734258.0,-4.3654626148,0.2099,176778945.54,-11.37,-22.0058,5.386570361338,5.61,0.349094519969,22.1758912268,冶钢原料,2024-10-26,2023-09-30
000619,海螺新材,-0.0073,4275529672.02,3.9418256386,-0.3547,-2621678.45,76.59,-99.093,6.143956896,-0.12,0.388025016083,9.1440728808,装修建材,2024-10-26,2023-09-30
000600,建投能源,0.126,13269183379.0,-4.0832779058,20.69,226637868.77,-20.57,-36.8212,5.573293268038,0.02,0.390414865058,11.1076684546,电力,2024-10-26,2023-09-30
000593,德龙汇能,0.157,1159013088.47,10.2742972989,-4.7502,56273102.68,66.38,-29.6616,3.193958574173,4.98,0.623544983474,15.3569427715,燃气Ⅱ,2024-10-26,2023-09-30
000548,湖南投资,0.136,321707604.73,31.4848933936,3.7118,67940309.12,187.83,76.3213,3.843512590309,3.59,0.813836252594,49.4704684129,铁路公路,2024-10-26,2023-09-30
000545,金浦钛业,-0.1034,1693760316.09,-12.2133686449,7.3366,-102052248.52,-492.41,-104.23,1.458648891555,-5.76,0.112402107357,1.5736173529,化学原料,2024-10-26,2023-09-30
000533,顺钠股份,0.0698,1526809883.9,23.4025764101,5.3851,48232069.65,153.92,159.2777,1.102221258917,6.54,0.057252305115,21.1631408158,电网设备,2024-10-26,2023-09-30
000503,国新健康,-0.1208,160912265.05,19.5962378988,37.0459,-108545358.89,6.84,42.5802,0.669959624387,-16.45,-0.173113582998,2.2310947204,软件开发,2024-10-26,2023-09-30
000421,南京公用,0.0393,3333498386.01,-2.715382417,-7.1246,22739421.16,195.21,748.2262,4.910205045712,0.8,5.972061185286,16.3367361798,综合Ⅱ,2024-10-26,2023-09-30
000419,通程控股,0.2173,1556160592.75,0.0938346552,-7.2208,118119574.84,-25.26,-76.8334,5.916983259501,3.68,0.493014061293,27.0070969904,一般零售,2024-10-26,2023-09-30
000408,藏格矿业,1.8902,4189191852.89,-26.6672923962,-2.1034,2968524601.0,-28.74,-14.7563,7.841330688072,23.66,1.442089792277,67.8828451043,农化制品,2024-10-26,2023-09-30
000407,胜利股份,0.1158,3259656314.15,-4.1327035961,-10.3173,101955302.36,-27.94,-64.6286,3.201750005479,3.68,0.16599879103,16.3674352276,燃气Ⅱ,2024-10-26,2023-09-30
000070,特发信息,-0.0221,3524322265.45,17.7046391027,-13.53,-19274811.43,-126.3,16.6367,2.407896128423,-0.95,-0.415940711822,13.1495441193,通信设备,2024-10-26,2023-09-30
000026,飞亚达,0.6439,3527243623.07,4.1888052373,-0.1435,265557992.81,15.56,-7.1761,7.884562926532,8.22,1.153654864453,36.0271988739,饰品,2024-10-26,2023-09-30
000020,深华发A,0.0439,601785032.07,16.254850366,11.8901,12444394.99,45.98,216.0932,1.292630368034,3.46,-0.037988648601,12.1961336621,光学光电子,2024-10-26,2023-09-30
920971,天马新材,0.22,135784788.05,-5.8901702057,16.6575,23324995.49,-26.89,-7.2568,4.205973561247,5.19,0.02893560561,26.7620594338,非金属材料Ⅱ,2024-10-25,2023-09-30
920964,润农节水,0.09,451016882.76,5.1434801298,-33.5919,24095842.32,-39.96,-39.3847,3.398847835901,2.73,-0.408578213608,18.5721878696,农业综合Ⅱ,2024-10-25,2023-09-30
920942,恒立钻具,0.4525,117177898.49,-20.7549776661,11.2702,27749560.77,-6.82,9.4807,7.201096043837,6.34,-0.114728264177,40.2340256375,工程机械,2024-10-25,2023-09-30
920926,鸿智科技,0.54,289315085.2,-6.3854924455,3.3793,24949058.13,2.14,-15.3897,6.215064093334,17.32,0.77302475375,19.7088678147,小家电,2024-10-25,2023-09-30
920879,基康技术,0.3431,205648012.74,10.8421267165,-4.8364,48226017.29,28.24,0.7624,3.785548671328,8.73,-0.224045988518,56.7911989734,通用设备,2024-10-25,2023-09-30
920855,浙江大农,0.45,180273844.06,-0.2514275733,-31.9335,33555475.0,-0.97,-48.6058,7.080966284884,6.42,0.804493201046,32.6663175443,专用设备,2024-10-25,2023-09-30
920819,颖泰生物,0.13,4395196061.07,-30.6891334163,9.7614,153501845.12,-83.32,-95.7653,4.806749355164,2.58,-0.052380730062,17.8532083269,农化制品,2024-10-25,2023-09-30
920790,联迪信息,0.03,152986829.72,0.7018919545,-13.48,2330479.52,-73.22,-96.7882,4.144721641642,0.7,-0.129877984252,24.2654712095,IT服务Ⅱ,2024-10-25,2023-09-30
920765,美之高,0.21,314551891.57,-20.5370661714,12.1037,14313925.27,-41.38,112.981,4.683215033091,4.26,-0.12220427367,25.0855988327,家居用品,2024-10-25,2023-09-30
920735,德源药业,1.1,527964172.48,12.2467917647,-7.3769,84501559.5,20.42,-68.2774,11.400422311207,9.93,0.638798938214,81.9263216646,化学制药,2024-10-25,2023-09-30
920729,永顺生物,0.21,252920068.67,-0.6254770885,39.9063,57737233.37,-2.71,-5.0236,2.444550191696,8.42,0.044899964844,59.461543333,动物保健Ⅱ,2024-10-25,2023-09-30
920726,朱老六,0.26,186270679.79,-15.5018177079,87.5377,26314154.69,-47.64,49.3218,4.509928274752,5.62,0.053029152978,27.7972114712,调味发酵品Ⅱ,2024-10-25,2023-09-30
920592,华信永道,-0.8,76003981.91,-2.3216593955,-48.7032,-42895962.37,-53.27,-214.6479,5.249941200805,-16.04,-1.152324803379,24.5566213519,软件开发,2024-10-25,2023-09-30
920580,科创新材,0.15,72806776.1,-4.2568597045,-6.9586,13161006.95,-11.75,3.1929,3.823103739651,4.0,0.073186339535,37.8552067766,装修建材,2024-10-25,2023-09-30
920556,雅达股份,0.19,233546006.43,4.0454383131,8.4932,28733136.29,3.87,48.2718,3.137400940581,6.19,0.085970865424,34.8999231997,电网设备,2024-10-25,2023-09-30
920493,并行科技,-1.11,332727739.77,70.8421726267,25.0206,-51966730.6,35.9526020621,25.1904,1.628577584421,-52.59,0.981670490263,25.4087138266,IT服务Ⅱ,2024-10-25,2023-09-30
920433,大唐药业,0.04,148221522.62,20.3793335945,-63.6494,10451865.59,-47.81,-179.4098,1.911974451043,2.14,-0.1177370735,70.928839565,中药Ⅱ,2024-10-25,2023-09-30
920419,路斯股份,0.5,500929294.59,35.47503559,-16.3039,51488456.77,79.19,-56.9175,4.476633358822,11.67,0.696697206959,19.4202421022,饲料,2024-10-25,2023-09-30
920346,威贸电子,0.36,173761498.65,17.7720231651,20.5518,28543697.08,7.59,-23.622,5.217476694077,6.84,0.570156971138,29.9524435818,消费电子,2024-10-25,2023-09-30
920299,灿能电力,0.15,65484574.14,14.9324488156,4.0208,13633534.49,11.39,16.3925,3.097949974651,4.91,0.062950294374,58.5215945485,电网设备,2024-10-25,2023-09-30
920284,灵鸽科技,0.1568,202917559.11,29.3393233276,-73.9992,13729365.03,6.2,-95.4791,3.117581940363,5.16,-0.602657561043,26.1392986653,专用设备,2024-10-25,2023-09-30
920273,一致魔芋,0.73,365457658.61,7.9341311811,12.9405,53724845.77,-4.14,-24.0246,7.737116953928,10.31,1.704306075874,21.4469807003,农产品加工,2024-10-25,2023-09-30
920247,华密新材,0.44,292234155.54,16.2502010919,2.4328,41295625.19,28.7,36.4741,4.524772235667,10.12,-0.23254621589,30.484690407,汽车零部件,2024-10-25,2023-09-30
920239,长虹能源,-1.54,1918428906.26,-21.7289543617,8.3762,-200580094.6,-242.76,-141.0297,5.994332067519,-22.3,-1.058084610626,6.7469989186,电池,2024-10-25,2023-09-30
920223,荣亿精密,-0.16,177074317.83,-6.786026065,24.0582,-24827960.88,-266.7,-23.2873,1.90468264221,-7.96,-0.028851470897,16.1167489954,通用设备,2024-10-25,2023-09-30
920174,五新智能,1.29,703046326.12,65.2093474957,3.6364,116121993.81,87.38,11.4435,7.387655031927,18.59,0.701039893936,35.4106615895,基础建设,2024-10-25,2023-09-30
920163,方大新材,0.24,355232491.59,22.2042738926,-2.1479,30468640.9,-11.06,-16.2151,3.373944429764,7.12,0.338776044185,18.0482799287,包装印刷,2024-10-25,2023-09-30
920047,诺思兰德,-0.19,47817289.36,-14.8949894362,15.5089,-48648574.93,10.7718900655,27.2954,0.644689469776,-26.86,-0.145995862709,50.1935531295,生物制品,2024-10-25,2023-09-30
920014,特瑞斯,0.32,440468182.1,1.9810832721,3.7358,40224694.98,-7.64,24.2436,6.13284034866,5.26,-0.61315539384,32.6263111117,燃气Ⅱ,2024-10-25,2023-09-30
874623,天南电力,0.81,320798534.1,,,41249846.91,,,,8.93,,29.3469387615,,2024-10-25,2023-09-30
874429,华甸防雷,0.68,74235501.17,,,13504730.71,,,,13.92,,39.2926243513,,2024-10-25,2023-09-30
874127,顶立科技,2.231,408395069.26,,26.7059,88986280.2,,552.0841,,10.4,,36.6754131438,,2024-10-25,2023-09-30
873990,优全生活,1.66,116354012.61,,,8320022.78,,,,27.93,1.020714092,18.8583558296,,2024-10-25,2023-09-30
839222,三英精密,0.2449,110576559.55,70.2245095839,-23.865,8171763.13,661.955294567,-14.3099,,5.51,-2.238558656849,47.1048981918,,2024-10-25,2023-09-30
838192,铂联科技,0.14,185074390.84,,,21718734.67,,,,11.47,-0.171969085298,30.5963494533,,2024-10-25,2023-09-30
834558,口岸旅游,0.94,184960889.68,,,92822387.28,,,,20.9709,1.563864964782,68.6108101175,,2024-10-25,2023-09-30
834089,浙商创投,0.02,58784998.89,-0.8601883753,-52.4355,14235292.73,425.68,-19.6082,1.665672694404,1.21,0.052383773944,,,2024-10-25,2023-09-30
833233,鸿丰小贷,0.13,60777919.0,0.6190781208,-13.4319,40878588.01,-6.8,-20.5193,1.547483934031,8.2,0.160000621015,,,2024-10-25,2023-09-30
832905,信源小贷,0.09,24529040.77,-0.1456262628,27.1181,17557858.71,1.4,14.9177,1.161423861721,7.64,0.208254954682,,,2024-10-25,2023-09-30
688800,瑞可达,0.6,1040561731.96,-10.6297545115,22.8255,95811045.27,-51.39,13.5953,12.27599535836,4.99,0.376211220419,26.0412500505,其他电子Ⅱ,2024-10-25,2023-09-30
688682,霍莱沃,0.25,225353907.67,16.5311166059,56.5704,18511802.57,-4.6,-2.5845,8.937307232178,2.85,-1.343020766883,35.3937280585,军工电子Ⅱ,2024-10-25,2023-09-30
688677,海泰新光,0.97,376245393.03,10.7669544642,-9.1617,118195264.38,-15.5,-29.3784,10.492060282275,9.62,0.899025644592,64.1007595144,医疗器械,2024-10-25,2023-09-30
688670,金迪克,-0.09,120843721.03,-45.1608394504,-130.1061,-11077111.92,-119.92,-3548.4323,11.615217421266,-0.77,0.501310309578,82.8836714198,生物制品,2024-10-25,2023-09-30
688663,新风光,0.85,997466375.27,38.6714050187,-15.9611,118929476.48,49.28,-29.0352,8.70938321229,9.99,-0.283803939907,29.4918936812,电网设备,2024-10-25,2023-09-30
688636,智明达,0.5512,399052088.84,15.5175762221,-60.5595,61641650.95,38.2,-48.3787,13.947470991427,6.14,-0.956575431169,45.1739944838,军工电子Ⅱ,2024-10-25,2023-09-30
688628,优利德,1.19,783517657.14,12.6131901018,-22.0438,131819065.41,42.43,-37.0171,10.487353494778,11.79,1.715326787369,42.4170846568,通用设备,2024-10-25,2023-09-30
688625,呈和科技,1.25,584760399.16,18.6437846929,7.9719,167636852.59,16.94,2.3287,9.177955024773,14.27,0.461079931545,44.9074261556,化学制品,2024-10-25,2023-09-30
688608,恒玄科技,0.9812,1564060240.55,33.745733412,24.2056,117774751.85,-21.57,37.0015,50.739558457292,1.95,2.622007081069,34.8390204592,半导体,2024-10-25,2023-09-30
688600,皖仪科技,0.13,505074695.64,14.0502259901,10.8521,18018438.62,-29.64,-23.4657,6.558439135011,2.04,0.567396830504,48.4410707549,通用设备,2024-10-25,2023-09-30
688582,芯动联科,0.27,192238044.51,45.2671462045,11.8014,96978953.44,52.8,20.0963,5.105452698858,8.7,-0.007509067573,85.7569584315,半导体,2024-10-25,2023-09-30
688581,安杰思,2.0522,345881895.73,31.5875018721,21.9007,143174996.17,47.58,44.4104,36.845863430735,12.21,2.484585946553,69.3138228076,医疗器械,2024-10-25,2023-09-30
688580,伟思医疗,1.066,331773648.23,53.1879808067,-9.8837,101681102.97,63.56,-23.1051,23.153849559075,6.51,1.0425344876,71.425465372,医疗器械,2024-10-25,2023-09-30
688578,艾力斯,0.91,1347801762.83,160.3353727863,26.8882,410427066.86,661.0,16.4093,8.103920192889,12.01,1.0263853498,96.1706663292,化学制药,2024-10-25,2023-09-30
688535,华海诚科,0.32,204245593.58,-2.6514583072,8.5126,23579501.6,-6.66,44.7421,12.630166831001,2.93,0.129199855042,27.5286449879,半导体,2024-10-25,2023-09-30
688517,金冠电气,0.35,358944742.87,-2.8408279511,-12.6033,48322846.96,41.95,-35.474,5.634281199717,6.44,0.409947114517,36.6381900786,电网设备,2024-10-25,2023-09-30
688513,苑东生物,1.1,849780066.91,-5.3264798443,6.0962,193716138.1,-0.91,-11.8259,21.414485010409,7.71,1.646669917562,81.1809420299,化学制药,2024-10-25,2023-09-30
688510,航亚科技,0.2689,399306599.64,59.9768941671,0.888,69482992.46,692.18,65.1707,3.979444086422,7.002,0.301390600795,37.3973339045,航空装备Ⅱ,2024-10-25,2023-09-30
688380,中微半导,-0.01,463767795.93,-8.7224987755,12.0828,-5927874.27,-108.44,-97.8368,7.483809420804,-0.19,-0.267059007081,18.5003755895,半导体,2024-10-25,2023-09-30
688378,奥来德,0.68,414496131.14,5.428937339,0.471,97736774.78,-12.65,-90.4057,11.860040174324,5.8,0.066616181377,58.0702700573,光学光电子,2024-10-25,2023-09-30
688376,美埃科技,0.96,1071888724.74,27.8862109514,9.4488,128986726.93,49.97,19.724,11.81913940439,8.4,0.65036915692,28.325001512,环保设备Ⅱ,2024-10-25,2023-09-30
688373,盟科药业,-0.37,68272315.43,95.8682024539,5.3513,-244458619.1,-40.6757671887,-73.05,1.537580015756,-22.01,-0.343067697001,81.6863328551,化学制药,2024-10-25,2023-09-30
688353,华盛锂电,0.16,397153239.02,-43.5104380879,30.997,25644629.97,-88.64,-30.7853,23.701170980251,0.66,-0.714902509655,17.4464060399,电池,2024-10-25,2023-09-30
688322,奥比中光,-0.48,259373251.38,5.8314050431,-9.6489,-191938355.38,6.5050386772,28.2618,7.75723614096,-6.06,-0.462497568781,44.0581503189,光学光电子,2024-10-25,2023-09-30
688315,诺禾致源,0.31,1429077493.84,4.7078361775,2.0104,125274300.39,11.02,-4.3639,5.205249047601,6.19,0.092841325912,42.9617399943,医疗服务,2024-10-25,2023-09-30
688306,均普智能,-0.07,1510162554.24,11.7067916234,-33.6395,-88798611.15,-237.12,-421.5937,1.559578622732,-4.55,0.098766595608,20.9658892919,自动化设备,2024-10-25,2023-09-30
688295,中复神鹰,0.33,1608596116.02,10.7715061621,13.4043,293207412.85,-30.79,-19.7857,5.355877376378,6.21,-0.293575344222,36.4676674871,化学纤维,2024-10-25,2023-09-30
688285,高铁电气,0.1551,761821860.56,-12.8940632701,-10.1461,58345490.78,-22.75,-57.3157,4.292591743005,3.87,-0.390041047313,24.7492351114,轨交设备Ⅱ,2024-10-25,2023-09-30
688281,华秦科技,1.39,602011389.42,39.7281361188,12.7637,270493039.83,35.39,-8.7113,29.058861129134,6.89,-0.524066426096,58.8429066934,航空装备Ⅱ,2024-10-25,2023-09-30
688278,特宝生物,0.91,1459790700.44,27.6938149126,14.855,368906357.86,84.08,41.2877,4.154027259857,23.75,0.941375854105,93.586867857,生物制品,2024-10-25,2023-09-30
688212,澳华内镜,0.34,428593935.58,52.6479085543,-14.7244,45187021.4,426.53,-66.9903,10.027717542085,3.43,-0.272712227464,69.5270913567,医疗器械,2024-10-25,2023-09-30
688168,安博通,-0.92,275403397.49,10.2933230114,34.5833,-69866726.03,-120.0219154553,130.3509,14.985161337306,-5.96,-1.556322240521,63.9915037564,软件开发,2024-10-25,2023-09-30
688150,莱特光电,0.14,197988581.62,-11.2107495839,-20.2268,56001367.31,-38.36,-39.3856,4.167873655141,3.27,0.100293637037,63.6030307857,电子化学品Ⅱ,2024-10-25,2023-09-30
688127,蓝特光学,0.23,490198742.84,65.9068454722,150.5978,91810752.18,41.79,302.2803,3.979821244808,5.92,0.117090362219,36.4646657832,光学光电子,2024-10-25,2023-09-30
688109,品茗科技,-0.19,258350462.8,-3.7582179551,-16.2964,-14650107.14,72.3323885604,-369.3196,9.948409661058,-1.8,-0.862760811265,74.9652254,软件开发,2024-10-25,2023-09-30
688093,世华科技,0.62,390277612.57,10.2313157725,35.1035,154418564.02,9.06,52.7478,7.065999631948,9.79,0.410708686784,59.9140352812,其他电子Ⅱ,2024-10-25,2023-09-30
688080,映翰通,0.94,352017739.17,23.3288353777,-18.8673,68900117.92,36.4,-40.0363,12.136168232771,8.13,1.619276433169,50.6856628193,通信设备,2024-10-25,2023-09-30
688021,奥福科技,0.08,251574476.24,83.4913925572,-37.9621,10827518.5,1223.9475395022,-181.4467,12.154748737714,1.17,-0.774594937005,34.8185300231,汽车零部件,2024-10-25,2023-09-30
688002,睿创微纳,0.87,2662258854.7,55.6966316514,-11.6669,386892652.46,112.12,-26.5318,10.017819690667,8.87,0.324325742852,49.778293477,军工电子Ⅱ,2024-10-25,2023-09-30
605338,巴比食品,0.61,1186343898.42,7.7801926521,7.4605,154669769.77,15.52,77.6516,8.586511280048,7.12,0.650368431484,26.113496767,食品加工,2024-10-25,2023-09-30
605183,确成股份,0.73,1322704667.9,-0.5592423096,8.7105,305093100.29,-1.97,5.1755,6.872591696097,10.99,0.623183053334,28.0166911544,橡胶,2024-10-25,2023-09-30
605116,奥锐特,0.57,922528504.47,19.9712471249,47.6478,232546693.99,24.76,173.1941,4.600278694642,13.14,0.711226884107,55.6389204413,化学制药,2024-10-25,2023-09-30
605088,冠盛股份,1.32,2285926052.69,5.2187835392,-11.2876,216018603.8,22.51,-29.387,11.156688152861,12.19,1.477168888694,27.5754194874,汽车零部件,2024-10-25,2023-09-30
605077,华康股份,0.92,2042073934.19,28.5615266078,-6.284,274752699.79,7.91,-5.849,12.227611672757,10.11,1.851856265714,24.189010075,化学制品,2024-10-25,2023-09-30
605028,世茂能源,0.89,261970375.89,-11.5153996237,-8.1901,142647101.29,-1.3,-27.0769,7.837686133125,11.85,0.75047550375,64.2932879711,电力,2024-10-25,2023-09-30
605007,五洲特纸,0.27,4664397755.64,2.5025263786,15.1752,106903992.6,-52.27,573.5345,5.244741514858,4.79,1.377041557487,7.4010150068,造纸,2024-10-25,2023-09-30
603999,读者传媒,0.121,886350381.81,9.2052317944,21.2952,69743614.62,7.73,37.051,3.311473530139,3.69,0.053003590642,18.3096046677,出版,2024-10-25,2023-09-30
603977,国泰集团,0.36,1810877172.89,16.5350591587,-2.3809,225659956.82,12.41,10.1509,4.89129584177,7.64,0.218388768021,36.1180938002,化学制品,2024-10-25,2023-09-30
603967,中创物流,0.54,5388078428.87,-44.8246200977,8.6539,185687605.25,-4.27,-20.4993,6.407787455911,8.37,0.086676910396,7.336775096,物流,2024-10-25,2023-09-30
603890,春秋电子,0.02,2334587022.92,-23.3384520565,27.1669,10300706.51,-94.8,85.9024,5.872779301162,0.38,0.820372492376,13.9992604106,消费电子,2024-10-25,2023-09-30
603877,太平鸟,0.45,5223420085.9,-16.0683071889,6.1697,209537705.4,37.37,-223.0118,8.951135239666,4.95,0.588145890411,56.329051519,服装家纺,2024-10-25,2023-09-30
603809,豪能股份,0.259,1333757847.61,24.3868744595,14.2968,149640658.92,-9.8,31.8624,5.400960560599,6.85,0.29993860306,30.2556140804,汽车零部件,2024-10-25,2023-09-30
603677,奇精机械,0.3282,1283117450.94,-3.8681942331,1.2366,63072008.35,10.27,-19.7061,5.583140323674,5.5,0.959707291566,15.7121970925,家电零部件Ⅱ,2024-10-25,2023-09-30
603650,彤程新材,0.59,2195539559.31,18.8854226793,17.3705,349993950.19,45.57,-9.5337,5.562190932775,10.94,0.251284854514,23.9554383486,橡胶,2024-10-25,2023-09-30
603648,畅联股份,0.3316,1212772494.02,-0.6526362964,3.3748,120189444.7,3.81,22.5572,4.997979049829,6.55,0.701209425026,20.8815646338,物流,2024-10-25,2023-09-30
603637,镇海股份,0.24,358010118.27,-24.0223639441,-37.6914,57088662.45,0.06,-44.3299,3.763052236934,6.3,0.060878085845,18.8211567415,专业工程,2024-10-25,2023-09-30
603605,珀莱雅,1.87,5248569751.16,32.4702594859,-19.1426,745963141.07,50.6,-15.4367,9.796310513797,19.52,2.013532058847,71.1759105934,化妆品,2024-10-25,2023-09-30
603588,高能环境,0.431,7490320282.73,21.0035006837,10.5469,657578972.05,9.13,-43.1495,6.209322967731,7.121,-0.785233988064,18.8705025542,环境治理,2024-10-25,2023-09-30
603530,神马电力,0.22,672716096.28,22.3713173999,16.1814,95808865.98,291.77,24.8889,3.852447634148,5.89,0.074176904556,37.2027314515,电网设备,2024-10-25,2023-09-30
603519,立霸股份,2.31,1062334293.82,-1.0713707868,3.8473,614950039.85,22.54,-112.4897,5.431314613077,40.75,0.314343364721,12.6567452931,家电零部件Ⅱ,2024-10-25,2023-09-30
603517,ST绝味,0.64,5631402528.85,9.9893104182,2.9534,389647229.47,77.57,41.0594,11.368375296669,5.47,0.388255106874,24.15165819,休闲食品,2024-10-25,2023-09-30
603456,九洲药业,1.09,4576609415.43,4.6633462495,-12.0682,966769102.58,30.08,1.1757,9.338121762035,12.36,1.273238047273,39.3084325786,医疗服务,2024-10-25,2023-09-30
603444,吉比特,11.94,3306772093.7,-13.662145476,-20.4812,859309223.15,-15.07,-50.3711,58.413388161849,19.83,11.445675779858,88.2326184659,游戏Ⅱ,2024-10-25,2023-09-30
603421,鼎信通讯,0.08,2177541979.97,20.6541620792,-0.4373,53815253.0,-27.89,-80.9321,5.12388195904,1.61,-0.290826495251,39.5296958583,通信设备,2024-10-25,2023-09-30
603392,万泰生物,1.43,4968894713.9,-42.5595880599,-36.9437,1808364213.46,-54.15,-76.8262,10.49325749385,13.7,0.70262589803,88.093286787,医疗器械,2024-10-25,2023-09-30
603385,惠达卫浴,-0.0701,2632271040.5,-0.036563838,0.08,-26839011.34,-128.27,-246.519,9.994212452065,-0.7,0.838705933589,26.2692693899,家居用品,2024-10-25,2023-09-30
603317,天味食品,0.3052,2233909638.88,17.0413511555,22.6085,320409006.02,31.16,41.6303,3.914382834016,7.9,0.484699040888,36.8941259537,调味发酵品Ⅱ,2024-10-25,2023-09-30
603215,比依股份,0.94,1259590678.75,19.630757864,-13.6246,175584946.35,33.67,-39.8643,5.76015036545,16.78,1.184174786898,21.7292172654,小家电,2024-10-25,2023-09-30
603214,爱婴室,0.334,2421026764.9,-7.6490589863,-16.9642,46933425.96,4.47,-86.0402,7.701668923951,4.35,2.192795333226,27.3937529265,专业连锁Ⅱ,2024-10-25,2023-09-30
603209,兴通股份,0.65,906650495.06,61.9568757921,-1.3176,182090140.51,16.09,-25.0137,7.796002272071,8.63,1.32630972775,32.7821520354,航运港口,2024-10-25,2023-09-30
603171,税友股份,0.25,1195407388.33,10.8066374871,2.3753,103461481.33,13.03,-71.2101,6.033498575177,4.21,-0.547580369423,61.8502029582,IT服务Ⅱ,2024-10-25,2023-09-30
603167,渤海轮渡,0.45,1369937876.17,37.1602024296,55.5199,213189697.49,92.33,345.8337,8.038372432001,5.74,0.572998716261,27.2904394472,航运港口,2024-10-25,2023-09-30
603160,汇顶科技,0.03,3196419218.76,26.8033067048,-0.2834,12450035.74,112.5122462228,5094.6591,17.243811131006,0.16,3.077967893847,40.9547992193,半导体,2024-10-25,2023-09-30
603159,上海亚虹,0.17,395872628.28,-8.1107638513,-5.0818,24253476.69,38.15,106.9097,3.499484145571,4.98,0.092323102857,19.6434058874,专用设备,2024-10-25,2023-09-30
603132,金徽股份,0.25,843808321.21,-3.2812457276,-14.0242,244494122.01,-20.35,-16.949,3.156080816288,7.5,0.411289988589,59.1137080854,工业金属,2024-10-25,2023-09-30
603105,芯能科技,0.37,543540633.77,4.8266383654,3.8642,185934342.55,15.49,-3.0058,3.7819025895,10.18,0.49455897868,58.9047231279,电力,2024-10-25,2023-09-30
603102,百合股份,2.01,632508118.64,21.8179950887,-14.5218,128704815.37,20.68,-40.6972,23.630684831563,8.76,2.183055281094,39.2360587187,食品加工,2024-10-25,2023-09-30
603101,汇嘉时代,0.342,1893146541.05,16.9074540545,1.8134,160859847.06,356.95,-0.9604,3.103734143027,11.66,0.674121157355,38.4528288775,一般零售,2024-10-25,2023-09-30
603080,新疆火炬,0.88,736969750.22,19.5811211583,0.8597,125034479.38,36.24,-5.2977,9.966771268834,9.14,1.445305949541,32.0161942956,燃气Ⅱ,2024-10-25,2023-09-30
603057,紫燕食品,0.8288,2815981885.57,2.6826992634,8.554,341482571.53,50.03,19.9258,5.039794736044,16.51,1.30188929665,24.1931646021,休闲食品,2024-10-25,2023-09-30
603033,三维股份,0.152,2859722557.84,0.1708042538,0.0415,157295087.12,20.8,-41.7477,3.37083200992,4.63,0.309457203345,14.3199761067,橡胶,2024-10-25,2023-09-30
603009,北特科技,0.0803,1329082354.81,9.0091764498,3.4915,28819006.71,-23.24,-22.8594,4.763715079835,1.8212,0.348081379842,17.8690665714,汽车零部件,2024-10-25,2023-09-30
601929,吉视传媒,-0.0584,1379060655.29,10.2602672018,-9.0842,-192939093.24,-163.09,-2361.9978,1.957759976185,-2.81,0.043994046213,26.6153997565,电视广播Ⅱ,2024-10-25,2023-09-30
601789,宁波建工,0.2016,15159914731.74,2.2180806639,0.3719,236907711.71,4.64,-20.2267,3.870548810355,5.22,-0.02967976853,8.3349781467,房屋建设Ⅱ,2024-10-25,2023-09-30
601567,三星电气,1.05,8337759691.76,20.8114949268,-15.4979,1489328029.59,112.27,3.2368,7.515246692386,14.47,0.207961985585,33.6189094721,电网设备,2024-10-25,2023-09-30
601519,大智慧,0.115,547971737.33,4.1627244814,-4.5295,231292108.04,364.9477292489,-136.5565,0.924684027882,13.2,0.024615022996,58.0769912132,软件开发,2024-10-25,2023-09-30
601311,骆驼股份,0.34,10311631741.08,7.701102312,16.8267,400828073.12,33.86,3.273,7.755079777991,4.42,0.11059126887,14.5990975962,电池,2024-10-25,2023-09-30
601137,博威合金,1.0,12524303047.12,28.3405683211,9.6166,790687347.12,87.64,22.6295,8.579317435317,12.44,0.439941135709,14.3553972966,金属新材料,2024-10-25,2023-09-30
601128,常熟银行,0.84,7520406000.0,12.5499769001,4.0707,2518231000.0,21.1,62.8706,8.68345633807,10.6425,2.456102112205,,银行Ⅱ,2024-10-25,2023-09-30
601121,宝地矿业,0.26,545350802.87,-18.9499809591,2.043,171519291.92,-9.47,191.3761,3.785697851763,4.05,0.297921219788,38.1609804212,冶钢原料,2024-10-25,2023-09-30
601089,福元医药,0.79,2462880582.11,4.1090342623,2.7682,379714883.41,14.72,-5.2783,6.994119277979,11.59,0.862717847854,67.26625335,化学制药,2024-10-25,2023-09-30
600987,航民股份,0.43,7333295311.93,-2.6401869244,15.5491,451694984.01,1.66,9.5632,5.655425515826,7.49,0.618998563234,13.0477568918,纺织制造,2024-10-25,2023-09-30
600967,内蒙一机,0.345,7842684194.94,-25.728959399,-50.5055,587741972.54,-1.4,-30.4043,6.555343418305,5.28,-1.222704426944,13.3722545956,地面兵装Ⅱ,2024-10-25,2023-09-30
600961,株冶集团,0.49,14806316845.86,-8.0185774175,-7.774,531011013.44,25.43,-33.2856,1.925524037785,29.72,0.787850950515,8.9650157839,工业金属,2024-10-25,2023-09-30
600871,石化油服,0.023,55842976000.0,9.5925867392,-2.5132,443605000.0,55.4,-34.8963,0.435584380896,5.8,0.065032600441,7.0301679481,油服工程,2024-10-25,2023-09-30
600867,通化东宝,0.38,2091494803.06,-0.3605210088,3.454,760154751.17,-45.81,17.4903,3.425607114441,11.33,0.237346292795,78.7992417341,生物制品,2024-10-25,2023-09-30
600795,国电电力,0.315,137709970197.6,-6.077690252,14.734,5624272741.76,12.88,30.3363,2.784844787628,11.803,1.58892291709,15.0882714797,电力,2024-10-25,2023-09-30
600794,保税科技,0.16,1199539069.9,18.9485899524,20.2876,199053709.23,52.1,-20.323,2.054182286267,8.26,0.024557401278,28.7663374598,物流,2024-10-25,2023-09-30
600722,金牛化工,0.0429,366152842.91,-20.6221562628,21.8459,29180659.82,-22.41,-34.7647,1.676181013071,2.59,0.223525040499,23.3151037178,化学原料,2024-10-25,2023-09-30
600721,百花医药,0.0468,265713871.38,3.6495677738,7.6461,17691786.72,60.9,-25.67,1.860727874898,2.61,0.036825172944,48.2148283884,医疗服务,2024-10-25,2023-09-30
600719,大连热电,0.343,403383954.29,-2.9091798545,-94.9991,138619161.79,345.88,-126.576,1.445966464549,27.16,-0.748023519697,-22.4230324776,电力,2024-10-25,2023-09-30
600717,天津港,0.32,8270494077.39,2.3414607514,9.5526,925786254.41,23.59,-6.9182,6.444464998485,5.03,0.610569637501,31.0426162017,航运港口,2024-10-25,2023-09-30
600710,苏美达,0.68,96062073395.8,-16.4441666549,-5.8079,893590790.33,13.78,47.5902,5.114459723562,13.67,0.26660395031,5.0961056103,贸易Ⅱ,2024-10-25,2023-09-30
600662,外服控股,0.2093,13958588478.23,34.0660296346,3.924,476159576.75,8.28,-19.2543,1.807026774663,11.73,0.078654939042,10.4865856501,专业服务,2024-10-25,2023-09-30
600601,方正科技,0.0285,2276448963.34,-32.6139330769,7.9513,118736040.46,127.0963817128,3.0902,0.911731074438,3.27,0.090550944059,17.9860575121,元件,2024-10-25,2023-09-30
600573,惠泉啤酒,0.256,590838586.41,7.6472312033,16.4878,64007434.63,30.56,95.2851,5.05295316956,5.15,0.78697047132,31.9532551889,非白酒,2024-10-25,2023-09-30
600560,金自天正,0.17,667829334.69,45.7455469704,62.8207,37631758.34,-1.05,1043.1183,3.988956513858,4.15,0.043706023282,18.6872313161,专用设备,2024-10-25,2023-09-30
600510,黑牡丹,0.38,5946049720.56,16.9776138781,360.3499,395434923.93,65.81,1272.2073,9.769987797097,3.92,-0.967542622339,18.5499821106,房地产开发,2024-10-25,2023-09-30
600497,驰宏锌锗,0.3438,16498491651.34,1.4066464177,3.1456,1750207788.47,14.67,15.2258,3.128550599548,10.41,0.573756286864,18.1804172703,工业金属,2024-10-25,2023-09-30
600435,北方导航,0.1234,2398000507.3,-15.5857188681,-40.572,184935723.25,19.49,-69.0053,1.79974110831,7.12,-0.478921391076,25.9043976579,地面兵装Ⅱ,2024-10-25,2023-09-30
600380,健康元,0.5682,12651257386.44,-2.7721355194,-5.5081,1083649154.75,-3.81,-23.9515,6.973979272881,8.22,1.286177429363,61.7698969041,化学制药,2024-10-25,2023-09-30
600368,五洲交通,0.4442,1178776652.18,6.5084924542,2.7571,550002493.14,19.79,37.7326,5.00231641043,9.25,0.686940844779,62.6341634571,铁路公路,2024-10-25,2023-09-30
600346,恒力石化,0.81,173161840079.02,1.6268955182,19.5138,5700525512.59,-6.34,30.6605,8.342508070844,10.22,3.403291383601,11.9884575272,炼化及贸易,2024-10-25,2023-09-30
600310,广西能源,0.0147,14784754246.99,3.3967846617,-6.5628,21533418.99,115.4316392083,160.0936,2.140443381794,0.66,0.21553163719,4.9842366162,电力,2024-10-25,2023-09-30
600293,三峡新材,0.02,1513287863.1,4.7317583891,3.2842,25573835.01,134.53,-30.4018,1.466747794034,1.11,0.101043222918,10.5234522779,玻璃玻纤,2024-10-25,2023-09-30
600288,大恒科技,0.1956,1556536238.59,-7.488639084,-9.1648,85439944.5,3.46,735.7494,4.369917507967,4.57,-0.281059329533,32.3720344087,软件开发,2024-10-25,2023-09-30
600276,恒瑞医药,0.55,17013632174.61,6.6999455302,2.9808,3473779150.73,9.47,9.0124,6.213652055823,8.91,0.675477291877,84.3798545949,化学制药,2024-10-25,2023-09-30
600268,国电南自,0.06,5112364866.34,18.5457967119,-13.2293,57715777.35,205.73,-71.1603,3.590403487529,2.03,-0.539913414593,22.4361738721,电网设备,2024-10-25,2023-09-30
600262,北方股份,0.55,1756250219.94,13.5395294576,-18.3418,93412073.58,24.72,36.6274,8.488278512529,7.02,1.487697174235,16.3683117859,专用设备,2024-10-25,2023-09-30
600235,民丰特纸,0.078,1187354284.23,-2.3518712927,-1.2779,27291202.98,68.46,-3.3743,4.071373794592,1.92,-0.009470137375,13.7530081273,造纸,2024-10-25,2023-09-30
600226,亨通股份,0.06,439391684.64,2.2372057671,4.0227,162157471.28,-70.3,-21.3912,1.045363713015,4.98,-0.020093434298,22.0447772446,电力,2024-10-25,2023-09-30
600222,太龙药业,-0.03,1442869622.59,11.225695158,3.5444,-16926351.76,70.24,150.9479,2.528306596866,-1.12,-0.091812131742,25.2925906185,中药Ⅱ,2024-10-25,2023-09-30
600216,浙江医药,0.31,5876518447.27,-4.0391871171,0.4439,301338595.24,-37.8,-81.6788,9.858747281639,3.2,0.425610109018,33.5744449594,化学制药,2024-10-25,2023-09-30
600184,光电股份,0.09,1502052589.99,-2.0959616463,-34.892,43908409.18,-13.98,-54.6592,4.941256656502,1.75,-1.276807454118,15.1955136519,地面兵装Ⅱ,2024-10-25,2023-09-30
600176,中国巨石,0.668,11425481365.74,-29.0446026441,-13.5253,2673913732.91,-51.54,-46.5044,7.076929474311,9.55,0.121134013072,28.6655075007,玻璃玻纤,2024-10-25,2023-09-30
600160,巨化股份,0.277,16012658034.42,-2.2244182239,7.1963,746782519.3,-56.04,-23.8074,5.745899138298,4.81,0.260401563305,12.871579289,化学制品,2024-10-25,2023-09-30
600129,太极集团,1.36,12182741633.45,14.5779128865,-32.2812,758100340.35,197.57,-41.6569,6.84739929908,22.08,-0.855523218716,48.9915156685,中药Ⅱ,2024-10-25,2023-09-30
600127,金健米业,0.0348,3668044192.32,-25.3963103408,2.9204,22323309.62,152.6598569742,103.2359,1.070471514853,3.3,0.38522010186,4.4579013871,农产品加工,2024-10-25,2023-09-30
600118,中国卫星,0.14,3672966378.93,-30.5275996392,18.6087,166072188.01,-43.59,-70.2826,5.373315748867,2.63,-0.831040412392,15.0880687139,航天装备Ⅱ,2024-10-25,2023-09-30
600116,三峡水利,0.18,8390942022.48,1.7082234499,-1.5487,337418224.98,-24.7,339.1877,5.814306193341,3.03,0.270654120556,10.8090877453,电力,2024-10-25,2023-09-30
600081,东风科技,0.1277,5316828504.01,4.2907035198,8.9254,64691405.86,-21.69,30.0397,7.696120626673,1.6966,0.794813028642,11.8094879078,汽车零部件,2024-10-25,2023-09-30
400287,R东方通1,-0.4104,274795214.43,-7.3500760174,19.0179,-203578019.87,-12.64,68.3002,7.545547453843,-6.92,-0.418367108956,71.8300871794,,2024-10-25,2023-09-30
400089,盛运5,0.0216,263063496.96,50.0432675233,-11.4208,75800945.42,128.38,-7.6804,0.409101386996,5.4,0.005425529952,38.0524330197,,2024-10-25,2023-09-30
301611,珂玛科技,0.16,352790740.56,-0.7927953207,-1.4684,57103586.85,-25.1905989092,17.2394,,,,40.9960657387,半导体,2024-10-25,2023-09-30
301603,乔锋智能,1.33,1049725667.1,,-29.2871,120608247.94,,-38.9161,,,,29.4099814872,通用设备,2024-10-25,2023-09-30
301596,瑞迪智驱,1.7038,428639164.89,-2.4594837902,-17.0367,70432114.41,28.7546010793,-28.3007,,,,33.0211883546,通用设备,2024-10-25,2023-09-30
301589,诺瓦星云,6.04,2143793734.82,40.29565949,5.1696,418719305.95,87.02,21.4065,51.427347929387,23.88,2.761251725337,51.1772141391,计算机设备,2024-10-25,2023-09-30
301588,美新科技,0.65,599138243.36,-0.5706750573,-5.4377,58142776.56,-27.3481380444,-44.8919,,,,31.7074185374,家居用品,2024-10-25,2023-09-30
301565,中仑新材,0.48,1694526262.85,-1.5340196665,-0.0736,163258389.38,-27.0286058286,-7.9841,,,,18.5798327156,塑料,2024-10-25,2023-09-30
301552,科力装备,1.86,340744918.93,14.3186136393,19.5986,94792569.68,14.2559578425,2.0954,,,,42.3686501073,汽车零部件,2024-10-25,2023-09-30
301529,福赛科技,0.95,641570959.18,29.276694753,7.0063,60178234.25,-10.95,-13.1091,14.130030944323,12.6,0.283190174099,26.154075009,汽车零部件,2024-10-25,2023-09-30
301520,万邦医药,1.55,240653628.05,33.4280235036,-18.5861,77311464.53,12.17,-18.5288,21.498440499658,20.88,0.742127726589,51.3297015387,医疗服务,2024-10-25,2023-09-30
301519,舜禹股份,0.4,511678633.72,10.2283020891,-7.5937,52650363.29,0.53,-37.8935,9.140393413925,5.85,-2.050759642727,33.6481509729,环境治理,2024-10-25,2023-09-30
301469,恒达新材,1.0086,613318923.81,-11.7194575991,23.0631,70195951.5,-18.15,13.0167,15.064761670094,10.22,-2.873127346781,20.7714291235,造纸,2024-10-25,2023-09-30
301418,协昌科技,1.3175,384936821.2,-6.0341355218,8.0825,75147817.17,-6.47,-6.1006,21.781353171124,9.36,0.928979865964,31.3929006878,自动化设备,2024-10-25,2023-09-30
301413,安培龙,0.8259,547446356.68,19.0502887307,-9.2005,60954066.05,-6.58,-4.5482,10.304699304839,10.99,1.110348664844,31.3095839909,通用设备,2024-10-25,2023-09-30
301391,卡莱特,1.16,567675740.44,33.8731412386,-2.6152,109906497.78,42.51,-3.5517,31.487650307206,5.23,-0.551249291029,47.1669797766,计算机设备,2024-10-25,2023-09-30
301387,光大同创,0.8729,705143675.77,-7.7941858153,24.6554,87350821.95,-5.82,20.7914,21.584620466053,7.49,0.767758894474,31.2501939423,消费电子,2024-10-25,2023-09-30
301386,未来电器,0.5743,427086179.53,15.2007500719,5.4024,73700573.75,17.58,27.38,11.041364548286,5.99,0.716369348714,29.7677279091,电网设备,2024-10-25,2023-09-30
301371,敷尔佳,1.34,1339475531.47,1.8620342309,-5.0391,536252898.55,-17.33,-5.9028,13.469280940837,13.13,1.472329480854,82.3772984072,化妆品,2024-10-25,2023-09-30
301367,瑞迈特,4.2262,945302594.29,-6.8145271424,-25.1421,270475849.01,0.29,-69.4934,43.418561735781,10.06,1.43081008875,46.2893966253,医疗器械,2024-10-25,2023-09-30
301363,美好医疗,0.74,1043298697.55,-2.2724857282,-25.2655,300071378.71,-8.2,-55.3642,7.782767706954,9.68,0.660081468352,42.8592447983,医疗器械,2024-10-25,2023-09-30
301360,荣旗科技,0.22,223847998.47,3.763687078,-15.6383,10238671.63,-70.28,-18.4206,20.795912181852,1.42,-2.842666356018,39.2870478276,通用设备,2024-10-25,2023-09-30
301310,鑫宏业,1.433,1460436804.34,12.131960064,13.8909,119824357.95,21.6,20.3911,23.17321416869,8.82,0.354255280921,12.9528001902,汽车零部件,2024-10-25,2023-09-30
301299,卓创资讯,0.67,211835355.79,4.1765616593,2.9981,40388925.48,-26.96,3.4277,11.022290383,5.88,0.322667173667,60.4784529156,数字媒体,2024-10-25,2023-09-30
301290,东星医疗,0.71,311118638.38,-2.0764538128,-7.186,71412640.45,-7.23,-33.2858,22.087277036322,3.24,0.981745430775,48.0016862691,医疗器械,2024-10-25,2023-09-30
301288,清研环境,0.1179,97957669.63,25.0909077818,4.3352,12733392.33,69.19,-97.001,7.749541647533,3.46,-0.204993221554,43.3970408346,环保设备Ⅱ,2024-10-25,2023-09-30
301281,科源制药,0.6705,340680063.3,1.8643644913,15.917,66554829.52,-3.36,-19.6978,12.199588718257,6.34,0.173958661465,49.8554041891,化学制药,2024-10-25,2023-09-30
301270,汉仪股份,0.3687,159376059.44,1.0161259635,-6.3401,36866420.01,-14.08,-45.2661,10.802793842,3.32,0.1484032381,82.4250469497,软件开发,2024-10-25,2023-09-30
301252,同星科技,1.42,753036799.04,22.055459643,-17.7056,98017360.17,49.18,-48.0709,14.076918100125,12.8,-0.3867293475,24.2054424462,家电零部件Ⅱ,2024-10-25,2023-09-30
301251,威尔高,0.76,601361366.17,-3.7436267557,-8.2999,76893216.12,22.08,-9.1843,10.534383767305,15.12,0.603705627827,24.1959676121,元件,2024-10-25,2023-09-30
301246,宏源药业,0.2506,1558714943.06,16.8015282717,13.6428,96300179.22,-74.15,11107.3355,10.924234856532,2.67,0.273786377557,14.5828310912,化学制药,2024-10-25,2023-09-30
301234,五洲医疗,0.7948,414652854.08,4.7089653357,-13.3419,54046043.52,10.42,-23.166,10.9331754225,7.35,0.761262984853,21.585666892,医疗器械,2024-10-25,2023-09-30
301233,盛帮股份,0.9222,240957972.43,11.6262978583,12.1224,47464999.86,28.29,19.0519,16.867986545172,5.5,0.788603609481,40.3967883147,汽车零部件,2024-10-25,2023-09-30
301228,实朴检测,-0.57,249822548.96,18.6230663271,-19.4723,-68716248.91,-126.25,6.0992,7.05339444325,-7.85,-0.460308958833,19.6498838013,专业服务,2024-10-25,2023-09-30
301221,光庭信息,0.0365,391379466.29,20.5377910152,-23.9042,3382424.25,274.32,-277.6464,22.05911681269,0.17,0.300267734336,34.8002181236,汽车零部件,2024-10-25,2023-09-30
301213,观想科技,0.0671,41770207.25,-2.6112610653,-29.3054,5368365.51,-48.92,221.7394,10.099876736623,0.76,-0.964417155805,50.441479866,军工电子Ⅱ,2024-10-25,2023-09-30
301193,家联科技,0.3282,1229743710.86,-22.1859615393,5.1608,63020030.61,-56.4,-32.8191,8.036775890885,4.14,0.299145957708,18.7864012639,家居用品,2024-10-25,2023-09-30
301188,力诺药包,0.23,691276706.03,21.447109233,-3.4463,53641667.14,-38.07,-21.79,6.189261994449,3.7,0.178225710253,17.3079423386,医疗器械,2024-10-25,2023-09-30
301178,天亿马,-0.0706,175519869.98,-24.4459239125,7.4992,-4632572.72,-177.27,-235.2732,12.377378848125,-0.56,-1.454956884355,16.4247345804,IT服务Ⅱ,2024-10-25,2023-09-30
301172,君逸数码,0.44,253891772.53,1.0715860539,-75.5046,43542016.35,4.77,-62.2708,11.591992341234,5.87,-0.259946009497,37.2802956893,IT服务Ⅱ,2024-10-25,2023-09-30
301170,锡南科技,0.8508,744439569.93,18.4718324869,10.13,70899986.63,18.17,-5.3334,16.0361285709,6.66,0.2013874974,20.512615445,汽车零部件,2024-10-25,2023-09-30
301165,锐捷网络,0.4905,7950904037.84,5.9203360481,16.4632,278711972.26,-45.86,584.1796,7.311116110231,6.56,0.621492210368,38.7123259612,通信设备,2024-10-25,2023-09-30
301161,唯万密封,0.261,266571024.11,-0.5443064583,-11.843,31320670.85,-27.76,-47.936,7.721945652583,3.36,-0.012472741917,37.5621310659,工程机械,2024-10-25,2023-09-30
301160,翔楼新材,1.84,947201744.24,7.099821978,17.8308,137381477.57,38.83,39.9778,18.266127681446,10.55,2.222327482356,25.2146126253,通用设备,2024-10-25,2023-09-30
301158,德石股份,0.3337,320711501.0,14.218903352,-7.6616,50171986.32,14.25,-10.5207,8.545195323072,3.93,0.209393405595,38.19270303,专用设备,2024-10-25,2023-09-30
301152,天力锂能,-0.92,1946052754.16,0.3423832793,-9.756,-112392146.83,-171.32,24.6483,19.198988626523,-4.64,1.785836992573,-0.7351227786,电池,2024-10-25,2023-09-30
301137,哈焊华通,0.17,1138967061.94,0.8079857995,-10.4799,30913225.49,128.69,-29.9421,7.228336060158,2.37,0.236431014216,9.5304071696,通用设备,2024-10-25,2023-09-30
301129,瑞纳智能,0.06,180737498.91,4.3248442574,-6.3013,8034778.9,-77.07,228.1115,12.055479025705,0.49,-1.232172335439,54.5418593289,通用设备,2024-10-25,2023-09-30
301121,紫建电子,-0.06,655607308.38,-1.8876075141,1.6929,-3957434.48,-107.4,171.3185,22.900301830494,-0.24,0.251392394726,15.5518756848,电池,2024-10-25,2023-09-30
301120,新特电气,0.17,354898605.89,4.9926629802,-36.574,63195888.29,-14.89,-58.3088,4.323836722384,3.99,0.036084346977,33.9755387141,电网设备,2024-10-25,2023-09-30
301106,骏成科技,0.5696,414098183.56,-12.7455659778,-2.0642,57884488.35,-17.97,-31.8496,15.745427247053,5.13,0.503547339575,23.700181444,光学光电子,2024-10-25,2023-09-30
301093,华兰股份,0.66,453754549.65,11.418968582,2.9118,89306207.63,16.5,9.3168,18.079308423337,3.66,0.983836128108,42.8507357028,医疗器械,2024-10-25,2023-09-30
301075,多瑞医药,0.24,246256774.84,-18.5896600552,-17.8157,19310802.03,-14.13,-70.5399,9.733308419125,2.54,0.30208264025,70.8477742728,化学制药,2024-10-25,2023-09-30
301068,大地海洋,0.41,686222459.14,19.1871843411,14.4572,34698911.58,-3.02,-60.8589,9.573455837619,4.37,-0.623131906548,18.0377869044,环境治理,2024-10-25,2023-09-30
301063,海锅股份,0.66,949450813.57,-2.752534693,-26.4327,59791800.79,-12.4,-17.7772,14.83260948228,4.98,0.238920748576,13.5574881774,专用设备,2024-10-25,2023-09-30
301059,金三江,0.1,195401647.35,0.6521588223,34.6574,22198258.77,-50.81,70.556,2.415599455428,3.98,0.278190803317,34.4578894667,化学制品,2024-10-25,2023-09-30
301028,鼎熔岩,0.35,737913853.33,16.2985108733,-3.6115,131490426.78,-6.99,-21.7915,3.337865209706,10.75,0.522103884913,30.6693556692,通用设备,2024-10-25,2023-09-30
301019,宁波色母,0.45,339991425.85,-3.1971501866,13.6774,75204976.41,1.82,19.2594,8.925028659417,7.06,0.474269596667,34.3829625579,塑料,2024-10-25,2023-09-30
301016,雷尔伟,0.32,237561660.43,-26.2455253278,-7.4244,38221641.81,-42.02,42.71,8.256775308167,5.17,-0.162705484667,34.3348932072,轨交设备Ⅱ,2024-10-25,2023-09-30
301009,可靠股份,0.1001,806768222.57,-4.9879198572,0.1494,27203346.16,84.17,-50.7156,5.075232610645,1.99,0.595584632495,18.4542285808,个护用品,2024-10-25,2023-09-30
301001,凯淳股份,-0.09,449618156.75,-8.4116303475,-23.4157,-7577533.67,60.91,102.1852,10.041664238625,-0.93,0.81292001725,23.192144682,互联网电商,2024-10-25,2023-09-30
300991,创益通,-0.07,368650730.24,22.2330720858,22.3372,-9746049.36,-201.48,168.6402,4.371554497292,-1.55,-0.026092710556,26.5488229377,其他电子Ⅱ,2024-10-25,2023-09-30
300990,同飞股份,0.84,1326501599.43,98.0245673706,43.7522,140876539.44,64.05,90.9189,10.152779223587,8.25,-0.527906825736,26.6541633378,通用设备,2024-10-25,2023-09-30
300975,商络电子,0.0525,4028962611.57,-8.0482606112,0.888,33063374.36,-71.96,125.3012,2.7373833598,1.91,-0.231718428419,11.2338791502,元件,2024-10-25,2023-09-30
300963,中洲特材,0.24,796734829.59,33.5367929169,-5.2688,77405451.01,34.23,8.7172,4.210253499188,8.08,-0.197804574573,19.0434040493,金属新材料,2024-10-25,2023-09-30
300957,贝泰妮,1.37,3431483300.01,18.5124570749,-29.293,579190052.04,11.96,-55.7227,13.73643397297,10.18,0.293827972214,76.4173546344,化妆品,2024-10-25,2023-09-30
300956,英力股份,-0.21,1054825044.48,-7.8510611035,13.0009,-27815863.74,-220.44,55.0571,7.715565497032,-2.42,-0.281738189808,9.6579062284,消费电子,2024-10-25,2023-09-30
300955,嘉亨家化,0.26,728517781.25,-4.5135696087,23.6024,26192717.31,-45.84,52.0438,9.725770445139,2.65,0.987338346329,23.8614337816,化妆品,2024-10-25,2023-09-30
300937,药易购,0.52,3212357594.74,19.7457465296,-6.9598,50157269.26,198.95,-77.1986,8.831501559759,6.04,-1.346900299103,8.9719486866,医药商业,2024-10-25,2023-09-30
300923,研奥股份,0.27,268499149.54,-13.8355454314,4.0182,20958355.05,-50.17,9.4499,14.720717369593,1.82,-0.80286391743,31.9558561608,轨交设备Ⅱ,2024-10-25,2023-09-30
300917,特发服务,0.4964,1822212238.99,24.7309330337,18.9545,83897720.16,0.31,-11.7243,5.873282023432,8.62,0.688379550178,12.006586139,房地产服务,2024-10-25,2023-09-30
300916,朗特智能,0.42,597962322.71,-34.885618136,-5.1339,60999100.34,-55.39,4.5151,8.102021612269,5.29,0.055183481243,16.9783374678,消费电子,2024-10-25,2023-09-30
300912,凯龙高科,-0.09,793079051.14,61.7272730673,-24.9199,-10655065.74,86.64,-358.7376,6.922280869225,-1.34,0.388019714576,18.6083601676,汽车零部件,2024-10-25,2023-09-30
300902,国安达,0.07,222734099.21,21.3349749483,110.4681,13475525.08,20.2,326.9057,6.86954460599,1.57,0.029075320623,46.0216915028,专用设备,2024-10-25,2023-09-30
300899,上海凯鑫,0.1198,70031075.68,-20.9076570948,61.2887,7640916.16,-44.89,358.7403,10.267294152688,1.16,0.11819221254,36.9329011569,环境治理,2024-10-25,2023-09-30
300898,熊猫乳品,0.6557,709355189.54,10.0570222077,12.7334,81750181.58,104.88,23.3808,7.390184417903,9.2,0.793539093548,23.3989385145,饮料乳品,2024-10-25,2023-09-30
300886,华业香料,-0.0102,196194125.96,7.543220817,-5.8995,-763669.22,-103.43,-7323.1835,7.278732812689,-0.14,0.557030936624,16.5427678332,化学制品,2024-10-25,2023-09-30
300877,金春股份,0.15,658411519.57,8.6710402405,-1.0118,17710347.24,220.38,49.5741,13.304018759917,1.12,-0.775128965083,6.8839603018,纺织制造,2024-10-25,2023-09-30
300873,海晨股份,1.0749,1355113390.31,3.4619639371,3.3034,245793011.1,-25.32,-37.8128,12.225050011691,8.97,0.685602938215,23.2835546978,物流,2024-10-25,2023-09-30
300868,杰美特,-0.1757,467092697.46,-15.5221182565,46.811,-22492457.09,-41.62,126.9742,12.523602031328,-1.39,-0.555259779375,19.3358324528,消费电子,2024-10-25,2023-09-30
300865,大宏立,-0.0855,268532230.96,-33.234747672,-31.0991,-8178832.17,-149.58,-395.603,9.319943922032,-0.91,1.029353405309,28.8647334448,专用设备,2024-10-25,2023-09-30
300863,卡倍亿,1.04,2494090838.68,21.0408582923,11.8962,126513088.37,25.17,0.6224,13.025326411804,12.32,-1.304410457167,12.314970286,汽车零部件,2024-10-25,2023-09-30
300861,美畅股份,2.8947,3331380964.33,35.3491894774,-0.9404,1389509920.49,35.12,-3.2417,12.999040109185,24.47,-0.098191030599,55.7898276457,通用设备,2024-10-25,2023-09-30
300848,美瑞新材,0.18,1116825097.61,-4.2371427288,-0.8912,69480826.64,-14.17,-33.8278,4.187291390864,6.95,0.473605934437,15.5749794289,化学制品,2024-10-25,2023-09-30
300847,中船汉光,0.24,761171538.54,-5.5022882043,0.7342,72426746.1,-13.14,-27.3822,4.375710606466,5.67,0.336454134759,18.8808789022,计算机设备,2024-10-25,2023-09-30
300844,山水比德,-0.55,213376290.12,-6.1341689666,-25.8992,-35558424.57,61.24,-28.773,12.552022630105,-4.29,-0.006455576269,28.8576007275,工程咨询服务Ⅱ,2024-10-25,2023-09-30
300843,胜蓝股份,0.48,944248756.55,9.0340367618,8.2871,71688737.95,17.56,12.7586,7.17322401911,6.56,0.329088776519,23.4752764102,消费电子,2024-10-25,2023-09-30
300836,佰奥智能,0.0661,326031541.31,16.1102451633,-50.4374,4234613.92,-64.72,-148.4164,8.524868818203,0.78,0.056613974986,20.8408706921,专用设备,2024-10-25,2023-09-30
300828,锐新科技,0.36,505466411.37,-12.2159587318,-5.216,59720839.44,-23.75,-2.8307,5.034572974847,7.11,0.685264955689,22.0818840855,通用设备,2024-10-25,2023-09-30
300826,测绘股份,0.12,373135290.79,-2.7462141048,-7.1138,17839062.93,-39.45,279.8945,7.2013355482,0.02,-0.622452703875,34.2800267054,工程咨询服务Ⅱ,2024-10-25,2023-09-30
300824,北鼎股份,0.1604,472319523.93,-11.7318046428,-0.0297,52358072.12,96.01,-26.4469,2.229006133761,7.25,0.240046805728,49.1971142346,小家电,2024-10-25,2023-09-30
300823,建科智能,0.31,333992812.87,8.6758641963,15.0729,40274049.19,25.87,127.0299,10.215750577568,4.2,0.481970749908,41.5203030713,专用设备,2024-10-25,2023-09-30
300818,耐普矿机,0.8667,649937311.65,13.0706597695,8.1783,80895363.04,-45.77,-58.4186,11.739091724379,6.16,1.163282158969,34.7469772303,通用设备,2024-10-25,2023-09-30
300814,中富电路,0.17,930742435.38,-18.3781593226,-7.7373,29128392.46,-57.19,-37.6485,6.424654763988,2.55,0.529319800678,13.4478980878,元件,2024-10-25,2023-09-30
300804,广康生化,0.27,356117455.91,-21.9496401033,-11.8446,20063872.53,-68.9,-225.5996,17.913260948784,2.36,0.20718195973,23.4976833293,农化制品,2024-10-25,2023-09-30
300800,力合科技,0.16,430708764.69,12.6086825832,-7.8874,37163862.96,-49.91,0.2276,8.656682822106,1.81,-0.176531871686,37.7326019374,环保设备Ⅱ,2024-10-25,2023-09-30
300798,锦鸡股份,0.0702,709884687.2,-1.1197313352,-10.5379,29312146.77,55.31,-24.3548,3.0411631349,2.12,-0.409290586427,14.2751318541,化学制品,2024-10-25,2023-09-30
300797,钢研纳克,0.2171,623925785.24,19.2563369006,8.9538,81812211.35,10.17,16.5274,2.613317068989,8.33,-0.183288115848,48.4000226139,专业服务,2024-10-25,2023-09-30
300789,唐源电气,0.3368,351640543.46,58.2473126328,-52.9213,47668363.25,79.51,-94.9295,8.469843413236,5.28,-0.800745958305,43.3318688882,计算机设备,2024-10-25,2023-09-30
300777,中简科技,0.56,399679765.81,-23.0252261131,-22.8618,244870530.13,-23.54,-41.2215,9.154724607306,6.65,1.551521332296,75.7313591261,航空装备Ⅱ,2024-10-25,2023-09-30
300758,七彩化学,-0.01,889328858.88,-4.3407217489,3.135,-3878833.99,-116.8,168.8277,3.887839088953,-0.24,-0.029400386406,24.6792618724,化学制品,2024-10-25,2023-09-30
300748,金力永磁,0.37,5050397446.3,-3.1273406384,-8.9397,494265422.45,-28.03,4.7052,5.272025443381,7.09,0.608552229195,16.5891164376,金属新材料,2024-10-25,2023-09-30
300727,润禾材料,0.48,854416927.45,-7.8532418185,11.6959,60999804.48,-14.52,3.742,6.469406063276,7.09,1.074838200107,26.6422704872,化学制品,2024-10-25,2023-09-30
300718,长盛轴承,0.6,819429713.03,2.2297699067,2.6956,178618437.97,36.79,-9.9874,4.951756510997,12.32,0.656699995245,36.2369059308,通用设备,2024-10-25,2023-09-30
300711,广哈通信,0.0676,202729611.5,14.819084467,-15.4227,16845724.19,59.15,-67.3876,2.652829100115,2.55,-0.152624624551,55.660079248,通信设备,2024-10-25,2023-09-30
300710,万隆光电,-0.0755,252876558.97,-39.9219217441,-6.613,-7507671.6,-288.11,110.7824,6.456420063363,-1.16,0.28938096126,26.5006323136,通信设备,2024-10-25,2023-09-30
300697,电工合金,0.338,1770159360.56,4.9090341422,-3.5639,112461286.03,37.65,33.1762,3.081803021755,11.45,0.693423160156,12.4428322685,工业金属,2024-10-25,2023-09-30
300691,联合光电,0.18,1254453912.98,14.3367945781,-4.1483,49170470.83,13.22,-66.8239,6.17271500391,3.01,0.502038695221,21.6544012227,计算机设备,2024-10-25,2023-09-30
300689,澄天伟业,0.1093,305089074.12,-20.9064574454,-4.7812,12640437.79,-60.73,-128.3037,5.912879755882,1.86,0.463459049221,17.1067996225,通信设备,2024-10-25,2023-09-30
300688,创业黑马,-0.09,179165385.23,-41.3415489235,42.7949,-14921586.72,76.83,169.7734,3.160822548637,-2.74,-0.32539134305,50.4886633006,教育,2024-10-25,2023-09-30
300684,中石科技,0.194,954744893.9,-15.1530045579,-5.6592,54340093.16,-62.2,45.2068,6.257233820843,2.99,0.524659276386,24.4079880666,电子化学品Ⅱ,2024-10-25,2023-09-30
300682,朗新科技,0.191,2600553678.92,-0.0789537206,27.6785,204891857.98,-28.68,78.652,6.772067801375,2.79,-0.072664454069,44.7845467437,IT服务Ⅱ,2024-10-25,2023-09-30
300670,大烨智能,-0.0968,355852126.57,99.4748816639,-24.6332,-30673455.07,31.29,101.5229,2.383954556373,-3.98,0.230522867536,23.5313427876,电网设备,2024-10-25,2023-09-30
300656,民德电子,0.0989,283216529.74,-21.7856967519,-8.8771,17073820.05,-67.28,-56.1885,6.772700065836,1.47,0.346310749094,27.9671394755,其他电子Ⅱ,2024-10-25,2023-09-30
300642,透景生命,0.2627,401182559.69,-22.6217555527,-18.8066,42911929.87,-51.24,-66.0638,9.130286232178,2.89,0.695984358536,63.2780962403,医疗器械,2024-10-25,2023-09-30
300624,万兴科技,0.34,1095723164.18,30.689253781,3.8968,64846358.78,166.91,-6.6977,9.819681625109,6.16,0.906740513266,95.1908713247,软件开发,2024-10-25,2023-09-30
300623,捷捷微电,0.19,1426455277.47,11.018961051,5.5816,142529237.13,-51.44,-27.7301,4.578058506856,3.93,0.991622233578,34.5567436095,半导体,2024-10-25,2023-09-30
300621,维业股份,0.11,11724116641.11,21.8928391413,-1.831,22557779.92,2846.71,42.0396,3.881376506645,1.11,-2.785927693605,4.9213135576,装修装饰Ⅱ,2024-10-25,2023-09-30
300611,美力科技,0.14,928722059.48,21.9203246751,9.4491,30463819.56,521.47,14.1919,4.75317668448,3.06,0.244139471821,18.0856666271,汽车零部件,2024-10-25,2023-09-30
300607,拓斯达,0.3,3237418634.5,-1.561870652,-12.9677,128789455.67,-8.03,-38.5826,5.596988403079,5.36,0.040133344974,21.1475238245,自动化设备,2024-10-25,2023-09-30
300598,诚迈科技,-0.7188,1360574582.6,-3.4814310095,-10.0394,-153013356.83,-33.53,-5.1606,7.489842223871,-13.25,-0.705588812834,17.7029083948,软件开发,2024-10-25,2023-09-30
300578,会畅科技,-0.026,340096772.64,-33.8139460173,-18.2755,-5085569.39,-109.59,-303.5745,8.271117755411,-0.31,0.159320818267,36.8378752399,通信服务,2024-10-25,2023-09-30
300575,中旗股份,0.44,1979821282.07,-8.5464570586,-18.6784,202931564.28,-32.22,-61.2468,4.689227966629,9.7,0.727662916401,23.7633665266,农化制品,2024-10-25,2023-09-30
300567,精测电子,-0.05,1544843546.42,-15.1337587453,-14.6429,-12602448.61,-108.77,-11414.1792,11.599892260468,-0.39,-1.561624603644,45.1135816585,通用设备,2024-10-25,2023-09-30
300566,激智科技,0.34,1642973722.03,7.3865038603,18.5138,88467758.03,161.11,76.6721,6.518661718072,5.19,-0.341727998034,19.6905945745,光学光电子,2024-10-25,2023-09-30
300565,科信技术,-0.52,405391969.85,-41.0474560535,-38.68,-108459612.32,-539.25,-63.9229,2.064801591058,-22.46,-0.010769365769,18.4713512771,通信设备,2024-10-25,2023-09-30
300563,神宇股份,0.2248,540981477.45,-10.5791084387,8.0397,40132388.4,-11.31,67.7408,5.554238079435,4.12,-0.081280838008,15.5132214666,通信设备,2024-10-25,2023-09-30
300555,ST路通,-0.101,132154105.26,-10.0612147845,1.1483,-20191222.78,-44.46,21.8509,2.9589299945,-3.36,-0.0377797233,22.2319392214,通信设备,2024-10-25,2023-09-30
300550,和仁科技,0.05,282449005.28,-6.7584871591,31.1497,13115994.73,-47.09,573.3935,4.011708106601,1.25,-0.365354282279,38.2062597399,软件开发,2024-10-25,2023-09-30
300541,先进数通,0.25,1569773202.55,-5.2436524007,-36.6432,102360660.08,161.33,-58.0237,4.799744338856,7.9,-0.553073144647,19.8772319252,IT服务Ⅱ,2024-10-25,2023-09-30
300530,领湃科技,-0.7056,133418601.64,-55.5769128628,10.256,-118076049.53,49.09,-131.0269,1.667958974432,-48.38,-0.395985486628,-0.1969937451,电池,2024-10-25,2023-09-30
300515,三德科技,0.2566,319511110.96,25.0784610394,68.5363,52686019.72,-15.01,-22.401,3.533477789898,7.34,0.290951074609,59.6577700936,通用设备,2024-10-25,2023-09-30
300511,雪榕生物,-0.26,1943485303.98,17.8338104437,6.796,-128013309.46,-2154.3,6.8395,3.203781438207,-7.58,0.432523266492,10.7418716068,种植业,2024-10-25,2023-09-30
300509,新美星,0.08,678379625.88,25.4960982478,8.5475,22398468.5,-39.54,-73.7403,2.056726987146,3.61,-0.064679413495,23.7823393075,专用设备,2024-10-25,2023-09-30
300505,川金诺,-0.4583,1914780105.91,5.8316699902,27.7527,-108091246.92,-138.19,-83.1244,8.652966884487,-5.65,0.243391451925,-0.8730085255,农化制品,2024-10-25,2023-09-30
300502,新易盛,0.61,2087047551.82,-13.5621700646,11.0585,429563503.52,-43.66,-21.7866,7.330076350384,8.51,1.235470631858,28.1922525544,通信设备,2024-10-25,2023-09-30
300499,高澜股份,-0.02,403450257.52,-71.6334395989,30.8977,-4957576.15,-436.21,-176.808,4.603906482813,-0.34,-0.094054761704,25.9745557641,专用设备,2024-10-25,2023-09-30
300493,润欣科技,0.06,1550573159.89,-0.7918383751,14.4665,32105625.89,-32.31,-12.8945,2.126841740282,3.07,0.214345357118,9.6779535292,其他电子Ⅱ,2024-10-25,2023-09-30
300489,光智科技,-0.9823,720947645.45,-0.8578860199,0.763,-134221662.35,-63.91,40.4745,1.387803576937,-55.58,-0.029411781344,22.0364552867,光学光电子,2024-10-25,2023-09-30
300485,赛升药业,0.41,393823690.35,-34.2788180632,-12.5978,196525841.12,-22.21,-121.9811,7.328949093771,5.69,0.074752709303,71.3829441622,生物制品,2024-10-25,2023-09-30
300483,首华燃气,0.031,1023899546.99,-31.9167352725,-6.7318,8371257.54,-91.47,-220.444,10.392478963813,0.28,1.288399961694,15.05960281,燃气Ⅱ,2024-10-25,2023-09-30
300482,万孚生物,0.91,2004422655.85,-57.3200777495,-21.4955,399811312.04,-67.75,-50.08,9.95727395304,8.99,-0.081580665463,62.837371352,医疗器械,2024-10-25,2023-09-30
300478,杭州高新,0.3313,273510357.01,1.736959879,6.8328,41967012.01,609.89,1479.2951,0.873041814593,46.83,-0.365574515406,7.6909752961,塑料,2024-10-25,2023-09-30
300471,厚普股份,-0.0287,582616858.67,28.4596613267,-43.5489,-11134148.26,76.76,-201.6087,3.160450073571,-1.02,0.164656454923,21.993826003,专用设备,2024-10-25,2023-09-30
300467,迅游科技,0.15,287904906.63,9.3400797934,-6.9933,29979875.11,1224.32,-33.4216,3.047669805861,5.14,0.26007908899,67.9724582539,游戏Ⅱ,2024-10-25,2023-09-30
300455,航天智装,0.045,867512553.56,35.0625864092,9.336,32331360.7,34.89,-25.8937,2.414666648539,1.87,-0.110647221277,20.7277048894,计算机设备,2024-10-25,2023-09-30
300454,深信服,-1.31,4808194934.09,1.2769505923,8.8981,-545576390.0,21.69,105.6076,18.653877430909,-6.99,-0.219683188359,65.115498601,软件开发,2024-10-25,2023-09-30
300448,浩云科技,-0.0264,273872718.23,-3.8587178274,-33.4021,-17872798.94,-255.52,-930.8275,2.070750770477,-1.26,-0.098582948828,34.4728839149,IT服务Ⅱ,2024-10-25,2023-09-30
300438,鹏辉能源,0.59,5739444221.27,-11.7250798481,-27.374,274656674.74,-38.02,-66.0637,11.238520869382,5.7,0.815594057623,17.8825548848,电池,2024-10-25,2023-09-30
300436,广生堂,-1.2295,279691831.64,-5.9753363347,14.5036,-195826350.77,-173.91,58.885,4.202042311778,-23.58,-1.023493459725,58.4477489176,化学制药,2024-10-25,2023-09-30
300428,立中集团,0.67,17127356942.51,7.1790541416,8.2508,414253958.73,3.74,26.3711,10.065918581951,6.8,0.698458938877,10.4511663661,汽车零部件,2024-10-25,2023-09-30
300421,力星股份,0.194,749998169.24,5.9799640048,-4.4452,57044779.07,41.63,17.6271,4.433192988112,4.43,0.090358970058,18.3526751058,通用设备,2024-10-25,2023-09-30
300416,苏试试验,0.4332,1526308303.06,21.1669238313,4.2301,220317377.98,23.28,-7.5664,4.821500439253,9.09,0.133968328948,45.0820806917,专业服务,2024-10-25,2023-09-30
300414,中光防雷,0.186,424532328.68,9.0895069096,-2.7908,60643824.28,47.1,-69.7062,3.107220038726,6.15,0.121266183505,27.9570678914,通信设备,2024-10-25,2023-09-30
300410,正业科技,-0.19,657077413.14,-28.9051203163,16.0855,-71166097.67,-225.58,16.3473,1.601277718152,-11.4,-0.11836558476,25.6192826117,电池,2024-10-25,2023-09-30
300409,道氏技术,-0.0474,5354626621.21,1.2918824296,15.384,-27551509.01,-118.26,304.6996,9.771302728938,-0.45,1.29688411499,14.7964782906,电池,2024-10-25,2023-09-30
300407,凯发电气,0.22,1261865972.1,12.3323524585,11.5976,69517461.19,185.81,62.032,5.448510359599,4.35,-0.201300728594,26.504413721,电网设备,2024-10-25,2023-09-30
300399,天利科技,-0.03,348815465.15,-3.1737699932,5.7853,-5936786.63,-269.69,52.835,2.42589862581,0.74,-0.330808207034,3.6020826641,IT服务Ⅱ,2024-10-25,2023-09-30
300397,天和防务,-0.15,261833334.57,-23.2688578588,-41.7909,-78995699.44,-138.62,-20.2388,3.40249367869,-4.4,-0.22788891289,22.7987078987,军工电子Ⅱ,2024-10-25,2023-09-30
300396,ST迪瑞,0.8602,1048603608.02,30.6907266505,-2.5709,234282503.69,20.35,-13.841,7.42043457664,11.8,0.202737805262,49.8482831894,医疗器械,2024-10-25,2023-09-30
300388,节能国祯,0.3711,2778206172.06,-1.5114174141,37.88,252703676.05,-5.12,-51.8558,5.725944976617,6.34,0.227754703646,26.555686688,环境治理,2024-10-25,2023-09-30
300383,光环新网,0.2,5933257365.23,8.4315050802,11.1124,354254542.63,-14.23,27.6753,6.932346685896,2.88,0.680476415063,15.8749118486,通信服务,2024-10-25,2023-09-30
300370,安控科技,-0.0763,240646003.6,6.1028838769,40.4582,-119906865.38,47.53,-61.7874,0.432092077571,-15.95,-0.059415582206,22.8121522605,通用设备,2024-10-25,2023-09-30
300365,恒华科技,0.0237,337996784.43,5.0947530457,-21.1921,14283259.25,-28.73,-19.9298,3.305493741477,0.73,-0.177580761075,38.3838399998,软件开发,2024-10-25,2023-09-30
300364,中文在线,0.0033,1019708612.47,12.1858970641,1.6735,2436620.19,101.98,24009.9338,1.611701357344,0.21,-0.09093340781,42.1179364593,数字媒体,2024-10-25,2023-09-30
300363,博腾股份,0.83,3037002978.71,-41.7930251648,-27.3364,451859325.2,-71.36,-60.9653,10.911647958209,7.63,1.718327853225,45.9995185317,医疗服务,2024-10-25,2023-09-30
300355,蒙草生态,0.18,1194331517.92,-10.7267836934,17.6871,282601006.53,86.01,-11.0334,2.782985266449,6.51,0.897461731388,33.8428509644,基础建设,2024-10-25,2023-09-30
300353,东土科技,-0.28,648574694.66,11.5451247529,0.1796,-155557287.1,-170.89,10.8022,2.780637206792,-13.88,-0.492437402133,35.8593140443,通信设备,2024-10-25,2023-09-30
300343,联创股份,0.0266,724577629.82,-59.0869474383,-2.7598,30359736.71,-96.64,-54.1268,1.727712095427,1.7,0.261505969591,17.7632263988,化学制品,2024-10-25,2023-09-30
300339,润和软件,0.12,2161796731.53,-2.3722380434,4.0457,98169473.96,-18.95,-57.3456,4.165616229714,3.01,-0.326436843556,27.9224305119,IT服务Ⅱ,2024-10-25,2023-09-30
300332,天壕能源,0.354,3185113036.38,24.7600063816,48.9439,307226464.7,16.43,85.1334,4.779743071615,7.42,0.161093564074,20.8694181782,燃气Ⅱ,2024-10-25,2023-09-30
300331,苏大维格,0.0497,1254418730.41,-4.9925987956,18.0677,12909103.65,445.91,-93.4132,6.727009536495,0.74,-0.230463608643,20.1947380742,光学光电子,2024-10-25,2023-09-30
300329,海伦钢琴,0.0241,228806607.9,-21.9864793752,-4.6049,6083944.59,-24.7,1433.5918,3.664114332593,0.66,0.106505393715,25.1045019797,文娱用品,2024-10-25,2023-09-30
300321,同大股份,-0.0228,239510207.66,-34.994720726,27.1841,-2027418.49,-122.29,412.745,7.02752206295,-0.32,0.149067693018,6.6442361081,化学制品,2024-10-25,2023-09-30
300319,麦捷科技,0.2142,2247554104.41,-6.5508503859,13.7724,184048330.6,12.06,51.5535,4.746651070204,4.56,0.34763472191,20.1941969579,元件,2024-10-25,2023-09-30
300316,晶盛机电,2.69,13461864233.63,80.3905276146,5.175,3513789909.58,74.94,-0.892,10.592008621914,28.3,1.308578456436,42.011845519,光伏设备,2024-10-25,2023-09-30
300304,云意电气,0.27,1181173240.38,41.9900693569,16.7923,234069109.03,129.93,-10.556,3.063002580403,8.94,-0.062530378495,30.4031434394,汽车零部件,2024-10-25,2023-09-30
300302,同有科技,-0.1555,248165745.98,-16.5530137795,-14.9374,-75131654.27,-2304.01,43.2795,2.989605158511,-5.09,-0.061481035844,38.4607368326,计算机设备,2024-10-25,2023-09-30
300294,博雅生物,0.92,2190398869.51,5.1688799815,-11.6223,464067798.65,10.95,-11.2157,14.976144378035,6.3,1.04255319461,50.0394639149,生物制品,2024-10-25,2023-09-30
300293,蓝英装备,-0.0141,1086651030.4,35.7309512045,3.7117,-4495275.02,7.61,-242.3665,2.578271552613,-0.85,-0.0885322807,24.4108359518,专用设备,2024-10-25,2023-09-30
300290,ST荣科,0.0128,519440832.22,-5.9192050332,14.4371,8165100.65,-72.54,667.6139,1.278209362865,1.0,-0.107550161631,40.2867482992,IT服务Ⅱ,2024-10-25,2023-09-30
300286,安科瑞,0.82,875339138.84,13.2612103715,9.6678,173874668.94,25.52,25.2177,6.041626508116,14.21,0.602721363894,47.7894390504,电网设备,2024-10-25,2023-09-30
300269,联建光电,0.08,733822217.79,-24.9085270349,-16.7598,42903861.9,1176.44,-65.5191,0.188597714035,54.07,-0.093007530269,29.180787801,光学光电子,2024-10-25,2023-09-30
300268,佳沃食品,-3.7428,3475130063.97,-12.8208804841,-16.6101,-651997922.46,-849.75,-23.2202,-12.644906286625,,0.278585771584,-2.144766495,农产品加工,2024-10-25,2023-09-30
300267,尔康制药,0.0194,1445366591.95,9.7145563293,-21.4669,40074092.44,10.36,-145.9058,2.464007100589,0.78,-0.010973060613,24.482187351,化学制药,2024-10-25,2023-09-30
300260,新莱应材,0.413,1976583377.34,-0.6957422996,12.5534,168346572.68,-38.81,1.3131,4.251041935127,9.97,0.27659472058,25.1358097506,通用设备,2024-10-25,2023-09-30
300256,星星科技,-0.1,607554085.59,27.4313289486,64.0115,-227860083.39,-126.97,54.4492,0.781998026633,-12.09,0.036486412966,5.0611344947,消费电子,2024-10-25,2023-09-30
300252,金信诺,0.01,1611970235.05,-12.4378068785,-17.3885,5241143.23,-87.72,-355.7576,3.638031094463,0.22,0.153649073925,16.5357036913,军工电子Ⅱ,2024-10-25,2023-09-30
300247,融捷健康,0.0319,374171590.65,13.1579377347,-8.8299,25687984.91,-81.41,-52.8126,1.265194634128,2.56,0.101561633963,32.2519344455,其他家电Ⅱ,2024-10-25,2023-09-30
300245,ST天玑,-0.13,223791768.69,-13.7919255918,4.6437,-41559593.65,-111.87,19.9778,4.505359988348,-2.9,-0.24395329666,25.7056397055,IT服务Ⅱ,2024-10-25,2023-09-30
300243,瑞丰高材,0.28,1316517205.49,-3.0620021841,11.9347,66038439.99,11.98,-11.4254,4.044273696702,6.75,0.293311774376,18.585861416,塑料,2024-10-25,2023-09-30
300235,方直科技,0.1076,68673469.11,-16.5332983249,230.1528,27080930.91,-2.03,943.4621,2.792562181536,3.91,0.054028642011,82.2914514039,软件开发,2024-10-25,2023-09-30
300233,金城医药,0.34,2568752667.57,-0.8684016212,-1.4053,132480355.98,-48.73,-40.3141,9.536249349021,3.61,1.194329767211,42.3363179402,化学制药,2024-10-25,2023-09-30
300228,富瑞特装,0.0681,2113162440.43,93.7115261611,20.8125,39190917.13,139.19,43.6195,3.077950071003,2.24,0.603603747393,15.2162658425,通用设备,2024-10-25,2023-09-30
300222,科大智能,-0.06,2109412172.67,-7.7064201117,-14.2366,-43924972.15,50.57,-1373.4222,2.252766440672,-2.48,-0.407144264034,25.8481763073,电网设备,2024-10-25,2023-09-30
300218,安利股份,0.1924,1431225507.27,-4.9721722895,26.3098,41630319.67,-77.38,171.9749,5.712031767525,3.28,0.628657303571,19.9806414578,塑料,2024-10-25,2023-09-30
300215,电科院,-0.01,440213366.69,-13.2113170848,-2.5112,-7851784.5,-119.26,-105.4905,2.592761659842,-0.4,0.360220831748,28.2911562901,专业服务,2024-10-25,2023-09-30
300210,森远股份,-0.07,119823579.28,-20.6986555046,17.2821,-35455887.79,24.26,30.9085,1.101925363844,-9.28,0.012186412504,23.7652308845,环保设备Ⅱ,2024-10-25,2023-09-30
300206,理邦仪器,0.4085,1523627959.85,22.7067740753,-3.6984,236816554.18,24.83,-55.3074,3.407040974562,12.43,0.122821565429,57.8437750431,医疗器械,2024-10-25,2023-09-30
300204,舒泰神,-0.39,274451585.73,-28.3263665636,0.709,-184972225.08,-19.43,69.8792,2.466137735371,-14.71,-0.29644120163,81.7400651059,化学制药,2024-10-25,2023-09-30
300201,海伦哲,0.1277,1074471851.8,55.192288448,19.3247,132945111.81,106.39,76.389,1.338626882051,9.34,-0.002198176097,29.058861122,工程机械,2024-10-25,2023-09-30
300194,福安药业,0.21,1982986710.24,11.1701158305,2.6622,251841424.68,85.13,21.4882,3.488005382901,6.23,0.141087647586,55.6933406501,化学制药,2024-10-25,2023-09-30
300192,科德教育,0.3025,560803838.23,-4.7991514879,9.3785,99554640.03,87.7,90.9944,2.54995702632,12.61,0.764785524819,34.8064383842,教育,2024-10-25,2023-09-30
300191,潜能恒信,-0.3051,340771490.79,-6.6231442993,14.0189,-97641234.85,-329.22,90.0738,3.62991327575,-8.0,0.200827379281,34.9662258406,油服工程,2024-10-25,2023-09-30
300183,东软载波,0.1427,638855220.13,-0.1314409101,-14.1392,66027521.28,-27.53,-40.7171,6.790033691617,2.1,0.013064407848,43.2430075055,通信设备,2024-10-25,2023-09-30
300176,鸿特科技,-0.0113,1255361753.53,12.5522891056,28.0215,-4382667.75,-197.66,289.8426,2.303953273516,-0.49,0.597692961128,12.9756160821,汽车零部件,2024-10-25,2023-09-30
300170,汉得信息,0.0432,2251360033.73,0.9482227201,3.8385,40171366.01,-90.92,1090.2323,5.008166917764,0.89,-0.070801490622,29.8473252191,IT服务Ⅱ,2024-10-25,2023-09-30
300166,东方国信,0.1,1453590828.35,2.008788846,23.7158,110084614.94,1.89,94.0904,5.737174058992,1.68,-0.184043298417,39.3786034169,IT服务Ⅱ,2024-10-25,2023-09-30
300163,先锋新材,-0.0068,189516529.33,-22.9467360518,-9.5891,-3219878.55,-154.41,-66.2089,1.246110408376,-0.54,0.061678161245,15.6191825191,化学制品,2024-10-25,2023-09-30
300144,宋城演艺,0.301,1617729096.63,316.7698215265,73.33,787109576.5,938.93,99.7154,3.132530212965,10.03,0.474414014689,71.4513877761,旅游及景区,2024-10-25,2023-09-30
300137,先河环保,0.06,660172464.27,4.2670075981,0.6282,32982641.04,44.74,-82.6853,3.551580709136,1.72,-0.137336883839,40.2696987906,环保设备Ⅱ,2024-10-25,2023-09-30
300135,宝利国际,0.0027,1498351786.03,5.8737114293,57.39,2529599.52,-72.18,1101.9316,1.08628146352,0.25,-0.295103972168,5.6734276845,炼化及贸易,2024-10-25,2023-09-30
300134,大富科技,-0.03,1801172374.78,-11.3995546415,-10.4321,-19585507.09,-126.0,-197.2524,5.963843773322,-0.43,-0.117277537461,21.1730019791,通信设备,2024-10-25,2023-09-30
300126,锐奇股份,0.02,401953530.72,19.3796604268,-6.2853,6058999.41,-54.97,-103.2029,3.601117751654,0.55,0.028279264476,14.3443511509,通用设备,2024-10-25,2023-09-30
300120,经纬辉开,0.1299,2537142171.83,17.8682214751,11.719,69832300.42,-6.39,0.3392,5.712877184884,2.31,-0.345642709883,12.409716497,光学光电子,2024-10-25,2023-09-30
300096,ST易联众,0.2978,476982247.96,60.4931324751,-31.044,128050736.14,170.68,850.8679,1.017349099209,34.61,-0.292136309953,44.5601523451,IT服务Ⅱ,2024-10-25,2023-09-30
300093,金刚光伏,-0.8011,400679941.33,36.4849028708,-37.336,-173047660.7,-16.29,-6.6583,-0.608526463287,,-0.112247989028,-4.6747306885,光伏设备,2024-10-25,2023-09-30
300091,*ST金灵,-0.07,1039652217.57,-11.1383715674,34.9691,-104265542.39,-153.8,-92.3434,1.610493542064,-4.26,-0.045938116567,10.1714399299,通用设备,2024-10-25,2023-09-30
300088,长信科技,0.1245,6295697188.25,21.5916899155,53.5487,305595895.83,-47.6,-25.5787,3.376319468911,3.68,0.129995687899,11.2539046554,光学光电子,2024-10-25,2023-09-30
300081,ST恒信,-0.166,310784812.77,50.9693606766,25.1177,-100371001.04,19.78,21.5877,2.872192878257,-5.62,-0.129675920196,23.935531401,通信服务,2024-10-25,2023-09-30
300072,海新能科,-0.1297,5336541103.37,-19.4995358751,-6.8196,-304709900.45,-12.06,-395.5431,2.869817395828,-4.43,-0.087746189397,1.517416467,化学制品,2024-10-25,2023-09-30
300071,福石控股,-0.0182,960338978.66,11.8656998331,-6.5589,-16581196.53,-149.48,-88.284,0.279006835393,-7.07,-0.009081307588,23.581301576,广告营销,2024-10-25,2023-09-30
300069,金利华电,-0.0036,117573796.89,106.6262127458,-6.0707,-422708.02,-138.37,-54.6635,2.005093348718,-0.18,0.184361375043,24.918652238,电网设备,2024-10-25,2023-09-30
300066,三川智慧,0.1561,1517424651.8,103.4911971533,-24.2923,162362093.67,31.57,-19.3781,2.295600937963,7.01,-0.105244996828,15.4841318375,通用设备,2024-10-25,2023-09-30
300065,海兰信,0.0121,488159984.1,-20.7205030399,3.1885,8745609.33,32.61,5.4003,2.716788568329,0.45,-0.028734266316,31.5161206861,航海装备Ⅱ,2024-10-25,2023-09-30
300057,万顺新材,0.0168,3854067318.74,-9.9650859715,6.2971,15249964.1,-90.64,-144.2266,6.040901480245,0.28,0.433999607787,6.8332872418,工业金属,2024-10-25,2023-09-30
300055,万邦达,0.0509,2266815364.5,19.323307062,-12.1593,42614977.66,-58.35,-79.6522,6.418389003962,0.82,-0.235416906751,7.9778191803,炼化及贸易,2024-10-25,2023-09-30
300054,鼎龙股份,0.19,1872520311.69,-4.2385666518,16.4067,176258105.43,-40.21,31.4825,4.701688225911,4.05,0.38465783152,35.7761009863,电子化学品Ⅱ,2024-10-25,2023-09-30
300051,琏升科技,-0.05,146433315.41,5.4393873603,-19.354,-19382638.88,6.23,43.6648,0.823989211474,-7.97,-0.042704284967,45.8433575802,光伏设备,2024-10-25,2023-09-30
300050,世纪鼎利,-0.03,282437714.15,-26.8187507507,28.8049,-13718273.36,32.45,-214.4433,1.232681224245,-2.02,-0.023098413672,26.6795087854,通信服务,2024-10-25,2023-09-30
300048,合康新能,-0.0318,992370084.76,2.0965316895,-30.8925,-35303883.35,-2204.32,-1013.0041,1.666966453663,-1.91,0.040537522022,19.6840247061,自动化设备,2024-10-25,2023-09-30
300046,台基股份,0.1573,245711925.13,-9.0905973114,-3.8751,37235565.56,18.21,21.7721,4.615293577655,3.46,0.136551544157,24.1171101926,半导体,2024-10-25,2023-09-30
300039,上海凯宝,0.1875,1154328501.63,44.2887063159,-20.4103,196123448.91,65.35,10.3961,3.653489316788,3.23,0.277200599598,79.1449852273,中药Ⅱ,2024-10-25,2023-09-30
300026,红日药业,0.17,4922434322.11,0.4532451472,-15.0452,509181830.2,8.24,-4.1731,2.900701621336,5.99,0.330405739929,55.3289549465,中药Ⅱ,2024-10-25,2023-09-30
300014,亿纬锂能,1.67,35528837484.66,46.3095702258,6.471,3424389233.1,28.47,25.9343,16.445917695957,10.63,2.619442245139,16.7799596548,电池,2024-10-25,2023-09-30
300012,华测检测,0.441,4081457016.38,12.9125974733,6.0079,740850363.05,11.69,10.1328,3.611604731313,12.81,0.240570228537,50.377991134,专业服务,2024-10-25,2023-09-30
300011,鼎汉技术,0.0103,952547103.3,12.2884913495,15.3199,5775158.44,116.43,-26.4303,2.326499782824,0.45,0.208813985821,29.4361697735,轨交设备Ⅱ,2024-10-25,2023-09-30
300010,ST豆神,-0.1163,639735684.58,4.8611648654,-42.6955,-100962089.42,47.91,-2249.9492,-0.865089817565,,-0.04257834517,35.5249863589,教育,2024-10-25,2023-09-30
300009,安科生物,0.39,2021384056.69,18.4395692732,5.9153,654414603.25,10.12,22.4545,2.105437625595,19.6,0.374018573567,78.2442117833,生物制品,2024-10-25,2023-09-30
300004,南风股份,0.02,256769832.81,35.9188924517,-0.4543,7611481.3,-56.16,-20.0742,3.565995499173,0.45,-0.151324357914,24.6232161146,专用设备,2024-10-25,2023-09-30
200581,苏威孚B,1.36,8342202428.93,-14.3948157262,-25.8847,1322076647.02,4.37,-30.0889,18.831358696026,7.24,1.12883516632,16.2124499849,汽车零部件,2024-10-25,2023-09-30
200429,粤高速B,0.65,3687828283.36,12.1582194025,13.6211,1356248538.84,13.87,-1.0911,4.563852261833,14.34,1.431556962589,68.5070727824,铁路公路,2024-10-25,2023-09-30
200037,深南电B,-0.0477,454106390.85,-13.6757341891,14.1308,-28758589.77,79.83,239.2164,2.3672199012,-2.0,-0.19805424033,2.3458673638,电力,2024-10-25,2023-09-30
003039,顺控发展,0.2982,1073344823.05,9.1331917532,15.4674,184134165.08,2.34,53.0715,4.076855343691,7.45,0.653177401728,43.3958699495,环境治理,2024-10-25,2023-09-30
003033,征和工业,1.14,1219252670.43,3.0301487453,-1.4908,93178310.41,-24.09,-4.4216,13.902409780673,8.23,0.163605683914,22.747776614,摩托车及其他,2024-10-25,2023-09-30
003023,彩虹集团,0.5745,737961673.43,10.1665611927,-51.7031,60518134.94,0.58,-105.2766,13.614146042589,4.25,1.505449748343,42.7115681571,小家电,2024-10-25,2023-09-30
003009,中天火箭,0.2558,673542986.9,-19.283652802,-21.5242,39751721.09,-63.31,19.9484,9.708714244115,2.57,-0.339760504709,20.0488838762,航天装备Ⅱ,2024-10-25,2023-09-30
002971,和远气体,0.29,1108519027.31,16.9793452536,25.3844,61134823.98,20.71,132.4638,7.912157109625,4.93,-0.129152367312,19.5862984154,化学制品,2024-10-25,2023-09-30
002967,广电计量,0.23,1963131627.34,18.263115543,6.7614,132769931.97,76.81,15.6575,6.138988875093,3.78,0.494840335738,42.3084860609,专业服务,2024-10-25,2023-09-30
002963,豪尔赛,0.08,430504030.41,20.7303033523,288.9539,12518262.39,133.24,-91.1107,10.121125847558,0.83,-0.766900746695,27.7625995385,装修装饰Ⅱ,2024-10-25,2023-09-30
002941,新疆交建,0.33,5430048799.59,11.3882000286,44.5417,214874390.64,-3.18,-29.2865,4.765472826097,7.07,-1.917079797659,7.974435885,基础建设,2024-10-25,2023-09-30
002921,联诚精密,0.0652,849153797.25,-9.9748427949,1.9362,8293265.84,-70.47,42613.2745,8.457929462356,0.68,0.562952716167,14.8075880891,汽车零部件,2024-10-25,2023-09-30
002918,蒙娜丽莎,0.8,4545089006.93,-3.1708715719,-9.6152,333409603.53,190.35,7.2251,8.024499418503,9.81,1.14693647293,29.5900617906,家居用品,2024-10-25,2023-09-30
002900,哈三联,0.19,922458712.04,21.0753420893,-3.3362,60123891.6,181.78,-39.0779,6.71072920825,2.92,0.086479243006,62.3601816658,化学制药,2024-10-25,2023-09-30
002892,科力尔,0.0685,968585315.73,8.7367185623,1.9381,42397733.68,-21.3,171.4312,2.853279216961,3.35,0.249408843876,18.7806751213,电机Ⅱ,2024-10-25,2023-09-30
002882,金龙羽,0.4035,2780581026.53,-9.7175928984,-4.6627,174687558.89,-4.07,-32.349,4.86111054389,8.48,-0.627104598244,13.6661107267,电网设备,2024-10-25,2023-09-30
002860,星帅尔,0.59,2284633297.06,82.6654994928,-25.3802,181924613.76,67.99,-6.3433,5.055456617419,12.46,0.327070727202,17.0104928984,家电零部件Ⅱ,2024-10-25,2023-09-30
002859,洁美科技,0.4,1126634208.52,13.513792801,2.2931,172458627.3,15.14,4.8384,6.504379704572,6.03,0.468714675169,35.7679616004,其他电子Ⅱ,2024-10-25,2023-09-30
002848,高斯贝尔,-0.1304,225441133.94,-16.5920572183,-55.9119,-21794553.82,-173.51,-230.853,1.193072374454,-10.36,0.01260927227,9.5886393943,黑色家电,2024-10-25,2023-09-30
002838,道恩股份,0.22,3363574109.53,1.5315937464,-5.2408,97867933.96,-20.96,6.3558,6.631274868113,3.22,0.015290626371,10.7333627048,塑料,2024-10-25,2023-09-30
002837,英维克,0.29,2071884070.28,39.5148457814,17.0949,210234850.43,79.91,77.1257,4.10207536452,9.38,0.041042688371,32.6306579049,专用设备,2024-10-25,2023-09-30
002830,名雕股份,0.11,518174110.92,-4.7142956158,-6.199,14950588.61,14.66,-41.5345,4.930635274486,2.27,0.459126211489,28.9109167581,装修装饰Ⅱ,2024-10-25,2023-09-30
002828,贝肯能源,0.17,671537598.19,15.906742404,3.3537,35051805.93,117.31,-32.7284,3.061485107141,5.84,-0.040465962577,19.5879578038,油服工程,2024-10-25,2023-09-30
002809,红墙股份,0.31,571540092.49,-17.6842761101,-16.7718,65847144.21,4.72,-52.1084,7.489279326545,4.24,0.629404960495,31.4513759231,化学制品,2024-10-25,2023-09-30
002799,环球印务,0.14,1228690232.33,-12.3007400495,9.6165,43497955.16,-47.59,-149.262,5.060676596488,2.71,0.266361290432,18.0595532056,包装印刷,2024-10-25,2023-09-30
002787,华源控股,0.07,1789745195.75,4.238397431,4.3008,23574487.26,-48.46,73.9646,4.485534036448,1.55,-0.304859316325,13.2769339755,包装印刷,2024-10-25,2023-09-30
002773,康弘药业,0.9,2998812667.01,13.9552497262,4.137,825361369.22,9.36,21.9562,8.247404613156,11.38,1.093903257278,89.1148279517,生物制品,2024-10-25,2023-09-30
002716,湖南白银,-0.0086,3479906303.13,56.4457821161,65.1826,-19063431.94,80.35,-285.9113,0.821973075843,-1.04,-0.053461742905,3.7857451504,贵金属,2024-10-25,2023-09-30
002682,龙洲股份,-0.21,2826181208.87,-19.2112723803,24.9436,-119292391.66,-204.44,35.6747,3.08525403892,-6.53,0.288213451105,3.5722985689,物流,2024-10-25,2023-09-30
002667,*ST威领,-0.305,1037409717.5,71.0328930767,-29.0132,-74154925.98,-187.94,-0.847,3.136832073127,-9.93,-0.150747587636,17.159718622,专用设备,2024-10-25,2023-09-30
002664,信质集团,0.4171,3282056578.56,19.7909987568,21.9825,168881713.89,24.72,33.9932,8.101249766378,5.28,0.248009114285,13.6782784713,汽车零部件,2024-10-25,2023-09-30
002655,共达电声,0.0938,718436071.77,-0.3371977635,19.5303,33779293.27,-44.77,-30.9374,1.671342013732,5.39,0.191075620775,26.0881917076,消费电子,2024-10-25,2023-09-30
002583,海能达,0.0812,3598896003.23,-3.0072515253,-4.281,147504445.91,-58.19,-47.5813,3.518581002469,2.34,0.129066450758,50.2570981061,通信设备,2024-10-25,2023-09-30
002560,通达股份,0.21,3944548942.47,-2.6410836754,-8.613,109947872.66,26.17,-65.2934,4.957585777615,4.32,-0.372959160531,9.5283767437,电网设备,2024-10-25,2023-09-30
002557,洽洽食品,0.9996,4478318042.53,2.1622169845,32.7777,505867766.26,-19.28,166.2377,10.281038245007,9.5,1.64406938822,25.4326615746,休闲食品,2024-10-25,2023-09-30
002556,辉隆股份,0.14,13569333464.8,-4.9945340899,-7.3228,132140573.89,-74.27,-228.633,4.039595426394,3.28,-0.360601530653,5.2001021579,农业综合Ⅱ,2024-10-25,2023-09-30
002526,山东矿机,0.1164,2160813837.78,16.0837828113,-1.2268,207572767.41,47.83,-61.4234,1.73648386977,6.98,0.074617097594,24.4499495002,专用设备,2024-10-25,2023-09-30
002524,光正眼科,0.02,826834398.51,44.4853384304,-15.0321,10435862.4,-92.11,-59.5779,0.55117001146,3.75,0.059376114275,33.5688596,医疗服务,2024-10-25,2023-09-30
002519,银河电子,0.1126,842243980.55,-6.7244713663,7.6548,126822286.26,-9.45,-39.6354,2.757585337667,4.1,0.294268050351,39.9905439835,地面兵装Ⅱ,2024-10-25,2023-09-30
002479,富春环保,0.15,3191054271.55,-8.5391372718,-5.333,129704475.42,-1.83,18.9256,4.571139263584,3.37,0.550594907457,17.6574684171,电力,2024-10-25,2023-09-30
002478,常宝股份,0.7,5115119029.67,13.9464761765,1.1242,621574743.71,79.53,-31.919,5.611682164393,12.94,0.329983853617,18.8453678583,特钢Ⅱ,2024-10-25,2023-09-30
002469,三维化学,0.3058,1992427921.76,3.3257228333,-9.5232,198415205.87,1.58,20.3597,4.061259910776,7.62,0.134316103934,21.3307250249,化学原料,2024-10-25,2023-09-30
002463,沪电股份,0.5009,6082456911.0,5.5323918879,22.3376,953082264.0,3.41,57.5284,4.790658973118,11.05,0.902567373521,30.5748107584,元件,2024-10-25,2023-09-30
002461,珠江啤酒,0.2907,4551272884.2,10.7129192836,2.3566,643441593.03,12.78,-0.7166,4.516032479892,6.57,0.474953049427,45.5653329406,非白酒,2024-10-25,2023-09-30
002449,国星光电,0.131,2651624091.07,0.0506319485,-7.1997,81024769.72,-34.4,-15.3417,6.139941608952,2.14,0.48133324071,12.7857663747,光学光电子,2024-10-25,2023-09-30
002420,毅昌科技,-0.1004,1759274888.37,-13.3808840724,8.1491,-40264068.36,-195.18,-228.317,1.604735392519,6.33,0.187987567681,8.587029517,综合Ⅱ,2024-10-25,2023-09-30
002416,爱施德,0.4171,69525778866.84,2.3577255041,6.6562,516874496.52,-18.09,36.883,4.708800211887,8.75,2.849892129821,3.039343258,专业连锁Ⅱ,2024-10-25,2023-09-30
002396,星网锐捷,0.5175,11052317210.01,2.1555278756,12.8764,302807614.69,-45.07,-10.9582,10.719268303332,4.87,0.730861767405,35.6321952574,通信设备,2024-10-25,2023-09-30
002395,双象股份,0.175,1102250254.61,9.0166337134,10.4946,46935939.17,131.17,-54.1229,3.379269481449,5.32,0.393655496423,11.8594707022,塑料,2024-10-25,2023-09-30
002394,联发股份,0.4425,3320305914.88,0.562486848,-8.3824,143241939.05,150.38,-41.6021,12.818158473031,3.52,1.117630603769,16.026557517,纺织制造,2024-10-25,2023-09-30
002357,富临运业,0.5059,647296544.39,22.2353056332,15.0186,158590668.51,131.16,-40.4761,4.644246251374,11.48,0.215849522501,19.8848121584,铁路公路,2024-10-25,2023-09-30
002353,杰瑞股份,1.54,8755980833.68,23.1002156003,6.2227,1563915464.37,4.59,-24.7199,17.964949200079,8.75,-0.761011498589,33.5058305156,专用设备,2024-10-25,2023-09-30
002351,漫步者,0.3121,1862211314.59,21.5571043907,4.2745,277460027.75,61.58,5.212,2.711588162268,4.73,0.453946992938,37.0233489754,消费电子,2024-10-25,2023-09-30
002322,理工能科,0.36,611812586.81,11.155674198,35.923,133833532.98,8.39,17.8066,8.467795441315,4.26,0.300583063151,64.8924060046,软件开发,2024-10-25,2023-09-30
002307,北新路桥,0.0171,6261514881.42,-27.6186091008,-63.0777,21737233.32,-47.88,120.8519,2.704454812158,0.63,0.730845624386,16.4975229902,基础建设,2024-10-25,2023-09-30
002303,美盈森,0.1056,2606195230.33,-13.3598948023,7.5511,161745773.44,46.59,-5.4493,3.307325985623,3.24,0.203619956998,23.6757599891,包装印刷,2024-10-25,2023-09-30
002290,禾盛新材,0.35,1703308624.39,5.2973382072,10.5742,84726326.47,20.53,-27.6476,2.812774653884,12.87,0.677833727772,11.7871486315,家电零部件Ⅱ,2024-10-25,2023-09-30
002274,华昌化工,0.4929,5996366565.0,-15.6064177524,-9.5014,469434897.66,-38.14,-1.581,5.467828388056,9.18,0.560811761465,15.6614972172,化学原料,2024-10-25,2023-09-30
002264,新华都,0.22,1965841747.89,-12.8150252714,3.8292,159213002.39,-37.93,74.6077,2.197783282827,10.26,0.203465326874,23.8424183428,广告营销,2024-10-25,2023-09-30
002248,华东数控,0.03,226460671.06,14.6841833093,-8.2168,9736964.9,-13.82,-59.3311,0.283338582503,11.93,0.100637981226,21.6061770333,通用设备,2024-10-25,2023-09-30
002243,力合科创,0.2397,1757978367.23,3.3323621716,12.3433,290231993.48,56.62,-61.3898,5.813529723978,4.17,-0.16060093084,23.1434337773,化妆品,2024-10-25,2023-09-30
002233,塔牌集团,0.53,4116106066.03,0.093894775,-20.0437,614428640.98,487.3,-49.1198,9.915179399146,5.32,0.681247253612,26.5900707468,水泥,2024-10-25,2023-09-30
002221,东华能源,0.0739,20349203858.3,-7.540256042,-12.9957,116529840.69,-26.49,-11.7349,6.705616235489,1.11,1.056427792874,4.6935561406,炼化及贸易,2024-10-25,2023-09-30
002213,大为股份,-0.1472,521080128.23,-18.5201882784,201.4828,-34735026.45,-370.04,93.402,2.696957264021,-5.3,-0.150573882012,5.879131907,半导体,2024-10-25,2023-09-30
002208,合肥城建,0.3335,4176663252.37,159.0062168913,-39.1302,267898356.15,80.09,-32.3396,8.267784933505,4.11,0.973719443807,17.0866667966,房地产开发,2024-10-25,2023-09-30
002189,中光学,-0.46,1662239147.63,-34.2257827309,-10.6364,-120143733.07,-394.93,-119.2644,4.67888290867,-9.34,-0.514460841524,7.8517194283,军工电子Ⅱ,2024-10-25,2023-09-30
002173,创新医疗,-0.0319,607166382.27,12.3187638048,0.3587,-14214765.78,-10.52,-731.6727,4.21007056221,-0.75,0.063508246176,12.9576279826,医疗服务,2024-10-25,2023-09-30
002167,东方锆业,-0.0102,1058553623.27,3.8975574847,-22.1022,-7550642.83,-105.89,-303.8295,1.950691491549,-0.52,-0.230085830617,17.1843786041,小金属,2024-10-25,2023-09-30
002151,北斗星通,0.05,3141228957.97,27.6993945733,3.1936,24306407.36,-79.14,-179.7374,9.484270972874,0.53,-0.596890016874,22.9469720617,军工电子Ⅱ,2024-10-25,2023-09-30
002145,钛能化学,0.091,3594332282.34,-12.0442513306,40.5899,334130649.03,-45.83,9.3464,3.183136430084,2.99,-0.033158190207,15.9723726499,化学原料,2024-10-25,2023-09-30
002139,拓邦股份,0.3,6361328307.23,-2.6640604589,-6.8949,376397009.47,-18.0,-26.8009,4.856607679049,6.32,0.789291665983,22.0962083683,消费电子,2024-10-25,2023-09-30
002136,安纳达,0.419,1637254348.7,-17.6999963412,8.3647,90090714.5,-55.22,-21.9212,5.62916069254,7.61,-0.52003025007,12.245493621,化学原料,2024-10-25,2023-09-30
002116,中国海诚,0.47,4205877980.67,10.6799950948,-0.1432,197452532.93,13.15,-7.3026,4.696978618386,11.15,0.184615239308,13.7374318389,专业工程,2024-10-25,2023-09-30
002073,软控股份,0.2162,3677331200.5,-8.2887625384,-0.7819,209631375.9,79.28,49.5533,5.234124689622,4.19,0.252057347491,25.9050283132,专用设备,2024-10-25,2023-09-30
002056,横店东磁,1.02,15764517138.61,11.6077455845,-1.8192,1650809460.41,36.6,-30.3909,5.441982183339,20.11,1.823426949857,20.9796681242,光伏设备,2024-10-25,2023-09-30
002043,兔宝宝,0.57,5731081782.29,-2.4240905925,14.7395,457070970.38,17.41,-21.3512,3.556009309012,16.21,1.040869787959,18.8504878895,装修建材,2024-10-25,2023-09-30
002033,丽江股份,0.3855,641817284.94,150.2594478633,17.4442,211808037.8,695.0,37.8226,4.53253006286,8.63,0.657763993084,62.2028944635,旅游及景区,2024-10-25,2023-09-30
002032,苏泊尔,1.7,15367109939.98,2.5788786714,7.2621,1362200499.38,4.07,8.7797,6.85083945689,21.83,1.440110809273,25.405269203,小家电,2024-10-25,2023-09-30
002020,京新药业,0.55,2925537429.0,4.4812910499,1.3173,472623535.41,0.18,-4.8728,6.226383183501,8.97,0.581231393667,50.9979365132,化学制药,2024-10-25,2023-09-30
002014,永新股份,0.48,2478915516.64,3.7638500276,6.5439,293057227.19,17.2,17.1357,3.826390416016,13.1,0.462552972042,24.8109019429,包装印刷,2024-10-25,2023-09-30
002009,天奇股份,-0.92,2753131849.87,-15.2404320001,1.5354,-344087931.19,-271.02,104.5618,5.614999578213,-18.66,0.410722847105,6.498233191,专用设备,2024-10-25,2023-09-30
001379,腾达科技,0.498,1361905424.44,-19.2323643319,-10.8366,74696829.68,-13.35,95.9738,4.273827722733,12.37,1.116263905867,11.7127644613,通用设备,2024-10-25,2023-09-30
001376,百通能源,0.24,784397239.44,0.99,-17.6792,100514672.55,23.18,-17.0002,2.002198409899,12.88,0.45379280526,24.559617429,电力,2024-10-25,2023-09-30
001360,南矿集团,0.45,681255074.55,18.6302996934,-27.6557,82456863.01,-1.36,-57.4169,6.692537997745,13.59,-0.707196782745,33.8412290216,专用设备,2024-10-25,2023-09-30
001322,箭牌家居,0.2973,5280072640.7,0.2496189718,-20.5602,287449802.15,-31.99,-30.9327,5.019390636559,5.98,0.486040849481,29.4131874077,家居用品,2024-10-25,2023-09-30
001306,夏厦精密,1.22,380170680.56,9.44,-11.5957,56588088.94,18.99,-35.0051,11.677119035914,10.99,1.270259371613,29.1410359123,通用设备,2024-10-25,2023-09-30
001268,联合精密,0.43,501449381.44,-2.8687629883,-3.7559,46073974.46,-26.72,-27.4205,8.99723644032,4.81,0.90704337596,21.9130366049,家电零部件Ⅱ,2024-10-25,2023-09-30
001217,华尔泰,0.3,1314352685.13,-18.8214745828,5.4219,99725961.36,-44.81,61.8181,6.452260964203,4.73,-0.528193813903,13.6883507863,化学原料,2024-10-25,2023-09-30
000990,诚志股份,0.1076,10016817075.31,7.4817280816,8.7429,130713930.0,315.61,701.0088,14.528661429455,0.74,0.752644490659,11.8576753253,化学原料,2024-10-25,2023-09-30
000988,华工科技,0.81,7293425180.66,-17.5937393272,-7.4188,813964159.21,12.4,-15.961,8.910593955885,9.47,0.761659920554,23.9163439927,自动化设备,2024-10-25,2023-09-30
000963,华东医药,1.251,30394530509.51,9.1032280488,-2.5473,2189046844.62,10.48,11.3011,11.569720482436,11.21,1.282059613636,31.8580245895,化学制药,2024-10-25,2023-09-30
000950,重药控股,0.3,58383740304.67,15.541240918,-16.2413,517614540.15,-33.62,-98.8628,6.372799487226,4.78,-1.716713713579,8.1530451635,医药商业,2024-10-25,2023-09-30
000922,佳电股份,0.52,3687563651.86,37.2134653939,-15.1987,309525449.98,18.11,-17.2815,5.395003816114,9.13,-0.01297466472,24.4117562423,电机Ⅱ,2024-10-25,2023-09-30
000911,*ST广糖,0.036,2084884854.88,-1.8066115199,-22.9775,14407802.69,104.63,-166.2272,0.20746460846,30.47,0.518672903049,13.5816574655,农产品加工,2024-10-25,2023-09-30
000899,赣能股份,0.42,5384269341.69,88.8645617678,14.0749,407888788.83,155.4,110.5314,5.202092699448,8.32,0.822554076235,12.2231004156,电力,2024-10-25,2023-09-30
000868,安凯客车,-0.06,1410979257.2,42.9223181577,29.2924,-56325523.03,46.39,127.9456,1.028043365642,-11.3,0.326355555201,8.4482888917,商用车,2024-10-25,2023-09-30
000818,航锦科技,0.14,2588479616.96,-17.1829180098,0.8623,92181892.04,-49.46,-34.9644,5.393286837604,2.53,0.0980067487,14.5346332247,化学原料,2024-10-25,2023-09-30
000798,中水渔业,0.0349,2780768063.85,-5.3424032178,1966.832,12783364.62,-85.09,-156.4568,1.686617981151,0.88,0.032115442067,2.3543575098,渔业,2024-10-25,2023-09-30
000786,北新建材,1.631,17049187955.16,10.1367580258,-15.4197,2756045190.14,17.32,-34.0423,13.379299739332,12.66,1.160731517705,30.796499752,装修建材,2024-10-25,2023-09-30
000779,甘咨询,0.4947,1698493248.53,-4.3561427348,-21.4706,186023432.03,20.88,-25.2174,7.414351092187,6.83,-0.510324931932,32.8844508498,工程咨询服务Ⅱ,2024-10-25,2023-09-30
000777,中核科技,0.34,1117228612.51,36.3905093848,-40.8058,130279941.39,208.78,-20.0195,4.886372492987,7.04,-0.748967932437,20.3670617653,通用设备,2024-10-25,2023-09-30
000762,西藏矿业,0.217,558907800.78,-57.8465099593,42.4879,113072478.15,-76.35,1011.2485,5.900302634354,3.75,0.700482635787,75.8239669277,能源金属,2024-10-25,2023-09-30
000755,山西高速,0.2642,1276679658.45,6.0453013599,11.4982,387670976.34,6.45,15.4035,3.355523959605,7.89,0.611684891372,57.8671893776,铁路公路,2024-10-25,2023-09-30
000677,ST海龙,0.0461,771494992.62,3.9128705507,-0.0774,39832971.16,-6.14,-7.2815,0.526224558014,9.16,0.085780007119,22.2078555893,化学纤维,2024-10-25,2023-09-30
000633,合金投资,0.0129,179372362.47,9.3779606141,16.0056,4980269.17,-25.04,28.8959,0.464147883499,2.82,-0.026690292191,13.2284818315,金属新材料,2024-10-25,2023-09-30
000598,兴蓉环境,0.5013,5690683745.78,15.1573195053,16.4856,1489964677.58,8.38,37.3496,5.341486008172,9.69,0.606832257139,43.175316747,环境治理,2024-10-25,2023-09-30
000582,北部湾港,0.479,4895682728.6,7.4952632554,3.4602,847627784.77,9.25,-33.8941,7.499919641645,6.36,0.882339341179,34.5209581807,航运港口,2024-10-25,2023-09-30
000581,威孚高科,1.36,8342202428.93,-14.3948157262,-25.8847,1322076647.02,4.37,-30.0889,18.831358696026,7.24,1.12883516632,16.2124499849,汽车零部件,2024-10-25,2023-09-30
000532,华金资本,0.1305,276196841.71,-47.0956491484,7.1235,44988214.0,-63.65,203.4121,3.835499954686,3.43,0.185556750527,42.8863803788,多元金融,2024-10-25,2023-09-30
000516,国际医学,-0.0983,3343661725.08,74.704358602,-1.462,-222323554.29,73.12,99.9568,1.790411005413,-5.33,0.304826202187,8.8340887634,医疗服务,2024-10-25,2023-09-30
000429,粤高速A,0.65,3687828283.36,12.1582194025,13.6211,1356248538.84,13.87,-1.0911,4.563852261833,14.34,1.431556962589,68.5070727824,铁路公路,2024-10-25,2023-09-30
000159,国际实业,0.12,4308272804.04,479.2025074413,-18.399,57692713.41,-80.67,40.1479,5.035967559346,2.26,-0.254093105184,4.4199330755,炼化及贸易,2024-10-25,2023-09-30
000090,天健集团,0.5328,17633906691.42,36.8261133211,-49.4201,1026796881.44,-27.63,-87.0002,5.874078458833,9.18,1.478562439039,15.8100554211,房地产开发,2024-10-25,2023-09-30
000089,深圳机场,0.0799,3041871520.18,48.5712150798,5.2279,163942753.94,118.43,315.0764,5.288846449355,1.52,0.555239928721,10.5658134582,航空机场,2024-10-25,2023-09-30
000037,深南电A,-0.0477,454106390.85,-13.6757341891,14.1308,-28758589.77,79.83,239.2164,2.3672199012,-2.0,-0.19805424033,2.3458673638,电力,2024-10-25,2023-09-30
920974,凯大催化,-0.03,1084617494.32,-12.8503266853,-25.6396,-4496473.81,-109.4,146.3433,3.736956230891,-0.75,0.105201980708,1.875822007,化学制品,2024-10-24,2023-09-30
920821,则成电子,0.1905,229035602.49,0.2437120985,21.6735,18822322.29,10.19,260.1339,7.048739585022,3.77,0.300439331594,26.5577450661,元件,2024-10-24,2023-09-30
920146,华阳变速,-0.08,204002090.94,49.7358273987,29.1073,-10734263.55,-117.96,-64.0912,1.996605951282,-3.9,0.022031055784,-1.766583295,汽车零部件,2024-10-24,2023-09-30
920033,康普化学,0.96,344639145.15,30.6786226542,16.673,114473270.54,46.32,8.1772,7.146784641951,19.29,0.877220337616,43.0780935797,化学制品,2024-10-24,2023-09-30
832944,银信农贷,0.09,25008153.56,41.139466537,10.3856,14477160.52,127.29,11.3801,1.197271457944,8.28,-0.079730160774,,,2024-10-24,2023-09-30
831668,天元小贷,0.1,23183996.64,1.4301460604,-16.0899,14684590.27,0.09,-22.4925,1.450521865933,6.67,0.1493204044,,,2024-10-24,2023-09-30
688722,同益中,0.59,518805982.29,13.2778651455,-14.2885,132507087.66,-1.29,-10.7615,5.376859146282,10.68,0.23631866338,39.2798019773,化学纤维,2024-10-24,2023-09-30
688719,爱科赛博,1.05,516595551.48,60.1512751229,-5.4443,90584403.27,496.56,-9.3185,21.568689894156,21.82,0.050485650703,48.5785173219,其他电源设备Ⅱ,2024-10-24,2023-09-30
688549,中巨芯,0.03,648687484.96,12.4795221008,12.4452,28234524.97,-6.54,-54.5203,2.059102089643,2.32,0.074823964398,19.7599944506,电子化学品Ⅱ,2024-10-24,2023-09-30
688403,汇成股份,0.17,895331073.69,28.2476968054,7.0739,142074925.48,-0.17,7.6983,3.677919577033,4.76,0.243706017896,25.9553441591,半导体,2024-10-24,2023-09-30
688309,恒誉环保,0.1516,146216105.2,27.0135574551,-47.4737,12129772.3,2447.26,-198.3532,8.987342116838,1.69,-0.258613643372,51.7783554598,环保设备Ⅱ,2024-10-24,2023-09-30
688290,景业智能,0.02,129072354.97,-42.293865724,-10.4175,1986920.9,-95.99,-281.9376,11.994114536909,0.18,-0.425747178429,50.0449331656,自动化设备,2024-10-24,2023-09-30
688289,圣湘生物,0.51,632543388.93,-84.4516437526,-11.9018,299723558.25,-81.25,557.0637,12.60025225672,3.97,-0.288175831646,68.7317146489,医疗器械,2024-10-24,2023-09-30
688238,和元生物,-0.111,136994292.35,-36.3788714571,0.5357,-71099570.54,-309.65,-101.4743,3.27482924506,-3.32,-0.122361255549,5.1364922358,医疗服务,2024-10-24,2023-09-30
688073,毕得医药,1.25,805006735.83,36.7841258856,4.5201,113398686.46,15.69,-36.8879,22.920622421711,5.44,-1.351993146723,40.2299679649,医疗服务,2024-10-24,2023-09-30
688035,德邦科技,0.59,650739710.63,2.8191605335,16.2294,83987318.62,1.24,27.0591,15.819221874156,3.77,0.756309868673,29.423302519,电子化学品Ⅱ,2024-10-24,2023-09-30
688026,洁特生物,0.1,329649047.6,-31.3660719822,8.6886,13961269.63,-83.69,-6.4606,7.220263500866,1.22,0.53856830835,27.3574496109,医疗器械,2024-10-24,2023-09-30
688018,乐鑫科技,1.0875,1026956744.08,8.1791284501,3.1754,87169123.18,3.96,-32.5065,23.877138299072,4.59,2.553501054477,40.7524667677,半导体,2024-10-24,2023-09-30
605300,佳禾食品,0.52,2086131965.31,28.1793570514,10.5831,206012491.53,240.77,-2.5407,5.477247865828,9.77,0.467821690258,18.4754692953,饮料乳品,2024-10-24,2023-09-30
605179,一鸣食品,0.09,1952739044.82,8.1513207898,0.2796,35444039.74,153.52,-49.8727,2.773324475087,3.239,0.851556416035,30.1817851942,饮料乳品,2024-10-24,2023-09-30
605003,众望布艺,0.52,334950208.2,5.6362838438,2.3741,56851194.85,-29.13,-16.2523,10.387771329909,4.97,1.211521728091,33.443458815,服装家纺,2024-10-24,2023-09-30
603612,索通发展,-0.69,11930003883.7,-12.9832548973,-2.7462,-331871418.51,-134.4,156.6358,11.704197822026,-5.45,1.103940179319,3.3379018852,非金属材料Ⅱ,2024-10-24,2023-09-30
603606,东方电缆,1.2,5349500168.04,-5.5641258992,-26.1651,821873173.99,11.63,-43.0876,8.99597873561,14.15,0.103258676793,26.2202538701,电网设备,2024-10-24,2023-09-30
603558,健盛集团,0.54,1658660210.45,-8.7277575968,-9.8013,200574141.15,-25.32,-9.7723,6.653666920072,8.06,1.176040355526,26.0210746439,纺织制造,2024-10-24,2023-09-30
603351,威尔药业,0.58,828679872.71,-2.6200301671,10.5539,78271460.39,-0.36,-8.0903,11.446177894058,5.19,0.410157299503,27.2376712001,化学制药,2024-10-24,2023-09-30
603320,迪贝电气,0.18,671421540.36,-13.2364100257,-7.5902,23898528.03,-26.81,2.8834,5.873945132475,2.99,0.521851040634,13.6699263611,电机Ⅱ,2024-10-24,2023-09-30
603268,松发股份,-0.51,155510358.94,-20.3626254464,18.6291,-63461728.73,34.1300320294,-33.2813,1.036463534076,-40.44,-0.136958151645,5.7619480085,航海装备Ⅱ,2024-10-24,2023-09-30
603187,海容冷链,0.93,2498375604.72,7.8271956055,-56.3372,355757043.48,32.58,-43.7635,10.222761038145,9.36,1.088249907171,29.7543490817,通用设备,2024-10-24,2023-09-30
603122,合富中国,0.11,833171189.81,-12.8806490657,-10.1047,44072172.51,-18.77,-39.4345,2.927961675058,3.78,-0.134366981188,20.7112046192,医疗服务,2024-10-24,2023-09-30
603103,横店影视,0.37,1953193483.52,59.3729688891,81.9557,235873618.25,321.580362083,437.1347,2.223559912457,18.25,1.107105987401,18.1776909019,影视院线,2024-10-24,2023-09-30
603025,大豪科技,0.26,1410761016.62,24.0216818253,-6.3517,291331205.07,-11.99,0.5572,1.99269723199,13.86,0.116283424803,39.2105434388,自动化设备,2024-10-24,2023-09-30
601898,中煤能源,1.26,156208514000.0,-10.9135889522,-6.6667,16688039000.0,-13.7,3.7079,10.814870775432,12.17,2.13861473061,24.2865052797,煤炭开采,2024-10-24,2023-09-30
601136,首创证券,0.17,1297751548.91,8.6606366795,7.7082,459680551.44,2.25,86.2699,4.422262794866,3.76,-2.037313261688,,证券Ⅱ,2024-10-24,2023-09-30
601009,南京银行,1.46,35692157000.0,1.4314699044,0.3304,15284279000.0,2.09,-12.526,13.048560895713,11.44,3.652134124397,,银行Ⅱ,2024-10-24,2023-09-30
600802,福建水泥,-0.5,1494830995.32,-21.136420927,-19.1814,-227601947.45,-14.73,-198.3884,2.804120004543,-16.27,-0.324190935855,-7.0146035698,水泥,2024-10-24,2023-09-30
600688,上海石化,-0.067,69859201000.0,20.908516569,8.5505,-719446000.0,64.063061947,132.5802,2.366167095036,-2.778,-0.082256923386,15.6073714613,炼化及贸易,2024-10-24,2023-09-30
600665,天地源,0.0043,5212310046.21,32.8269945867,-77.3424,3710635.94,-94.53,-296.2978,4.963172878444,0.09,-0.782217436814,11.5920378821,房地产开发,2024-10-24,2023-09-30
600511,国药股份,1.9381,36529666779.32,5.7527252011,-4.0606,1462295886.22,2.14,-16.2135,19.996927663474,9.57,0.012222384463,7.7405300841,医药商业,2024-10-24,2023-09-30
600508,上海能源,1.84,8497967289.82,-14.5703231129,-3.4306,1328468249.25,-37.4,-56.7118,18.040607421456,10.55,1.248912793814,30.8660848614,煤炭开采,2024-10-24,2023-09-30
600449,宁夏建材,0.61,7488069515.63,15.7290607655,3.2633,291602548.99,-51.24,-3.4447,14.948056963015,4.12,0.897784714079,8.5358135423,水泥,2024-10-24,2023-09-30
600173,卧龙新能,0.3396,4316644794.84,40.0564274112,-37.6358,237902593.48,-34.2,-72.3684,5.520011787918,6.28,-0.933642314115,9.7031340035,房地产开发,2024-10-24,2023-09-30
600064,南京高科,0.965,4239913051.19,116.5713619613,-6.4612,1669878471.65,-11.68,-0.9164,10.158684054632,9.76,-0.839853159909,9.5635784204,房地产开发,2024-10-24,2023-09-30
400291,立方3,-0.0931,125968090.89,-67.6649680293,32.7444,-59719998.93,29.76,12.7907,0.695890573533,-12.58,-0.013834859351,12.094004682,,2024-10-24,2023-09-30
400262,嘉寓3,-0.1727,891646622.33,-24.971740974,-14.3152,-123762577.44,-286.22,130.3286,-0.13689709988,,-0.18814809762,16.177769588,,2024-10-24,2023-09-30
302132,中航成飞,0.17,1225836521.32,-15.6885772935,-31.4679,99179887.04,-49.05,-102.0375,4.029296743315,4.17,-0.00798247655,32.8683817926,军工电子Ⅱ,2024-10-24,2023-09-30
301600,慧翰股份,1.7717,552829179.53,44.4015812105,21.5135,93193275.06,62.0318646137,42.248,,,,26.747780887,计算机设备,2024-10-24,2023-09-30
301591,肯特股份,0.94,295718746.62,4.4885395716,-5.1239,59173756.28,4.01,-25.569,7.192263601205,13.95,0.213779828023,39.3784510387,塑料,2024-10-24,2023-09-30
301586,佳力奇,1.4496,351108405.65,-6.7416879244,,90212180.29,2.3986427655,,,,,35.6825976832,航空装备Ⅱ,2024-10-24,2023-09-30
301571,国科天成,0.5608,440154409.67,26.4906026513,-10.4923,75471713.01,20.9029194341,9.8048,,,,38.2834816187,军工电子Ⅱ,2024-10-24,2023-09-30
301566,达利凯普,0.29,272954361.56,-33.1196733606,-32.7411,99165266.89,-40.13,-44.6315,2.309036502265,13.48,0.507942679794,60.4041375077,元件,2024-10-24,2023-09-30
301555,惠柏新材,0.67,1036512743.18,-25.9803347951,-28.4955,46056881.65,9.1493874851,-17.8371,8.689865169075,7.97,-3.59798693974,15.0201063146,塑料,2024-10-24,2023-09-30
301550,斯菱智驱,1.29,529958179.97,-8.3052460718,7.5136,106794989.57,15.01,-3.549,14.078946981727,18.76,0.621108523273,32.4453224912,汽车零部件,2024-10-24,2023-09-30
301536,星宸科技,0.5,1474304101.75,-12.7625030843,-11.1549,187766599.79,-52.4025162229,2.2639,,,,36.414506567,半导体,2024-10-24,2023-09-30
301526,国际复材,0.14,5282555423.67,-11.6582770493,-0.7013,419094159.96,-56.35,-43.9675,2.18762017277,6.4,0.139672019226,22.4846116459,玻璃玻纤,2024-10-24,2023-09-30
301515,港通医疗,0.38,434178245.95,16.5209106214,-66.8695,37812558.09,38.03,-112.417,12.8377727198,5.2,-1.4597459411,26.7367594422,医疗器械,2024-10-24,2023-09-30
301509,金凯生科,1.56,586070790.0,3.3902310376,-29.3878,146205851.0,-5.75,-51.8297,24.927031423924,13.6,1.751047965187,48.6743775901,医疗服务,2024-10-24,2023-09-30
301498,乖宝宠物,0.86,3112349338.52,25.1072545657,-9.8448,314362445.13,44.99,-10.064,8.855176434147,15.14,0.866473151462,35.7663788914,饲料,2024-10-24,2023-09-30
301488,豪恩汽电,0.9017,837151705.89,8.7917319129,18.9051,69132975.65,1.09,-22.5235,13.14046814087,10.43,0.888120139891,22.7247463813,汽车零部件,2024-10-24,2023-09-30
301429,森泰股份,0.352,437036494.62,-34.7556323492,-11.7948,36992863.95,-43.55,-16.1136,11.268761880815,3.7,0.331314931484,24.9133542851,装修建材,2024-10-24,2023-09-30
301377,鼎泰高科,0.41,927210163.77,1.9075225802,12.4555,169241611.67,0.24,68.6069,5.679949126317,7.49,0.362457317122,37.7078942792,通用设备,2024-10-24,2023-09-30
301376,致欧科技,0.76,4136032926.72,0.4249365762,8.4054,286441172.51,67.14,2.0313,7.456513599228,12.72,2.653120855143,36.8596922972,家居用品,2024-10-24,2023-09-30
301373,凌玮科技,0.87,351183598.51,18.9309877509,17.4897,89630419.76,31.12,18.765,13.482796353303,6.89,0.553007917862,39.7535368344,化学制品,2024-10-24,2023-09-30
301365,矩阵股份,0.25,358878204.53,-41.2618005953,-25.5473,44870038.2,-66.6,-62.3722,9.732135094944,2.55,0.434794853444,39.0057119109,工程咨询服务Ⅱ,2024-10-24,2023-09-30
301361,众智科技,0.4644,160396797.71,11.6762253667,-4.4312,54027188.98,27.25,-4.319,9.137047792171,5.2,0.199996276991,53.2891360865,电网设备,2024-10-24,2023-09-30
301331,恩威医药,0.7089,569885071.76,17.9288831439,-10.1885,72934990.11,47.49,-75.276,15.878856422774,6.4,0.716271249517,50.5942815837,中药Ⅱ,2024-10-24,2023-09-30
301307,美利信,0.75,2361372885.26,4.7562539432,-4.6365,140318764.8,12.78,-70.4982,15.514679300285,5.62,1.792021747151,17.8106641033,通信设备,2024-10-24,2023-09-30
301287,康力源,1.56,442505096.35,-6.0126143702,-3.6154,86625257.1,21.01,-79.8618,16.080497333583,13.64,0.022116560822,31.9477084142,文娱用品,2024-10-24,2023-09-30
301278,快可电子,1.76,990125645.29,20.4244962962,-1.3421,146537635.57,67.96,20.0609,13.73614759399,13.66,1.777273453606,22.3987519326,光伏设备,2024-10-24,2023-09-30
301265,华新科技,0.27,538399652.83,-4.5643415426,-15.448,81788340.32,-15.74,-44.7843,6.742874316051,4.01,-0.167961534463,27.125519874,环境治理,2024-10-24,2023-09-30
301225,恒勃股份,0.91,568961533.47,10.657407348,4.1095,78733114.68,0.99,13.6213,13.496463254401,9.74,1.032291087348,31.2774778929,汽车零部件,2024-10-24,2023-09-30
301210,金杨精密,0.74,823467962.41,-12.6604864522,5.083,50516182.64,-35.82,-37.6878,21.915472496383,4.75,-1.073938317502,16.1400019414,电池,2024-10-24,2023-09-30
301183,东田微,-0.18,224889226.21,-4.9730306732,-1.4086,-14390713.15,-159.39,-73.3755,10.209129340625,-1.73,-0.569501911375,7.4707345448,光学光电子,2024-10-24,2023-09-30
301179,泽宇智能,0.41,556888075.03,58.7190600782,-59.414,136248550.36,16.16,-62.6692,9.607786454894,6.14,0.160526668263,42.4543365805,电网设备,2024-10-24,2023-09-30
301163,宏德股份,0.4454,551585105.73,-6.6723371869,-17.104,36348042.35,-1.24,-36.0411,13.485428323652,3.3,0.276658144975,16.5942194539,风电设备,2024-10-24,2023-09-30
301113,雅艺科技,0.32,111921400.75,-15.601518551,233.2421,22354397.6,-49.31,907.6119,10.397827719143,3.12,0.098066187714,38.1712824658,家居用品,2024-10-24,2023-09-30
301105,鸿铭股份,0.0252,144507171.72,-31.7510535445,-14.1035,1257984.01,-97.18,-212.0108,17.3324075484,0.14,0.3373252644,30.8252707183,专用设备,2024-10-24,2023-09-30
301101,明月镜片,0.6075,562949775.72,23.798661542,1.381,122421875.85,40.34,-6.146,7.699042479136,8.09,0.712285127394,57.9096923474,文娱用品,2024-10-24,2023-09-30
301098,金埔园林,0.23,594796394.04,3.3177511635,-40.301,42107444.34,-23.67,-113.6415,7.164389897475,3.78,-2.313438115909,29.7160802438,基础建设,2024-10-24,2023-09-30
301095,广立微,0.2552,256037156.59,45.1590203719,21.9615,51036651.15,50.63,49.8766,15.8444695063,1.6,-1.1182378518,60.5003704006,软件开发,2024-10-24,2023-09-30
301086,鸿富瀚,1.13,461593647.79,-11.200997497,22.5898,101866876.48,-12.45,88.4842,21.237901369889,5.27,0.436485466556,41.6967013653,消费电子,2024-10-24,2023-09-30
301052,果麦文化,0.5495,346199460.92,4.5680770452,-10.1421,39846267.83,32.02,-33.5234,8.96642926932,6.42,0.724317441713,49.0785988108,出版,2024-10-24,2023-09-30
301049,超越科技,-0.6118,185764142.24,22.7912429899,29.8658,-57667693.9,-855.04,-16.3218,8.633102302885,-6.77,-0.47518993291,-8.0360974675,环境治理,2024-10-24,2023-09-30
301040,中环海陆,0.038,485287687.32,-37.9750842201,-24.5787,3801890.75,-81.18,-205.9201,9.863345076419,0.35,0.37185465137,7.8078413465,风电设备,2024-10-24,2023-09-30
301036,双乐股份,0.22,1055473220.57,10.8444180602,27.7302,22431248.98,33.65,46.4405,15.4405540956,1.46,0.6415161688,11.9243521813,化学制品,2024-10-24,2023-09-30
301031,中熔电气,1.2894,757728544.16,56.6429312956,-0.2186,85456098.79,-9.82,17.5019,14.159591368265,9.6,-0.044592066617,40.7250266746,其他电子Ⅱ,2024-10-24,2023-09-30
301026,浩通科技,0.9096,1796212638.01,-18.6610321745,81.8001,103087547.19,-20.24,882.6531,12.766899137459,7.22,1.052124472576,10.060120142,小金属,2024-10-24,2023-09-30
301020,密封科技,0.37,366971443.15,21.4315481502,-17.768,53723571.53,9.52,-45.623,6.053027592281,6.13,0.234810328552,30.385506347,汽车零部件,2024-10-24,2023-09-30
301010,晶雪节能,0.1899,517623464.49,23.1555620264,-14.9269,20510640.5,8.55,-59.8286,7.532899878796,2.52,-0.664883239444,17.6373860003,装修建材,2024-10-24,2023-09-30
301003,江苏博云,0.84,364120461.5,-9.9991226789,-2.4006,83572134.33,-13.53,-1.3881,11.69245842833,7.38,1.127649587016,33.2623892602,塑料,2024-10-24,2023-09-30
300996,普联软件,-0.1538,277543720.0,8.1569681207,27.2549,-30866916.75,-335.58,106.7693,5.542101213665,-2.77,-1.305459309532,42.969400212,软件开发,2024-10-24,2023-09-30
300986,志特新材,0.0013,1591835532.29,22.2999577932,-8.1484,329740.25,-99.74,-204.4988,5.615951892858,0.02,-0.915055695969,24.3255350804,专业工程,2024-10-24,2023-09-30
300971,博亚精工,0.48,297120345.27,11.0998176808,-11.3817,40071543.54,3.69,-45.4719,11.312304720595,4.26,-0.398182111667,41.5202000011,专用设备,2024-10-24,2023-09-30
300966,共同药业,0.2,385037986.62,-13.8277923893,-21.0118,22784477.65,-42.92,-60.4953,7.431920482795,2.42,0.081570332647,23.0314375728,化学制药,2024-10-24,2023-09-30
300932,三友联众,0.18,1364297638.65,-4.0242439123,-2.685,30965346.89,-47.41,-58.4112,9.656679352892,1.83,0.372540556183,19.5046620936,电网设备,2024-10-24,2023-09-30
300931,通用电梯,0.0222,319206121.23,2.1863740375,-13.4332,5333934.11,89.78,-127.0405,2.910202701898,0.77,0.198186931159,27.6552237062,专用设备,2024-10-24,2023-09-30
300930,屹通新材,0.4331,301097587.96,2.9183129606,-10.9281,43308346.07,-38.56,-17.5867,8.3327556125,5.3,-0.3273534978,21.7218625938,金属新材料,2024-10-24,2023-09-30
300929,华骐环保,0.13,278572783.66,-13.3247066921,-23.4959,16971145.56,-59.75,-70.332,6.465711353192,2.0,0.179626395099,27.141133569,环境治理,2024-10-24,2023-09-30
300911,亿田智能,1.2544,943774052.9,-1.9267477493,-15.7713,175053535.54,8.76,-44.1786,13.576048154663,12.6,1.68786205557,49.6599778231,厨卫电器,2024-10-24,2023-09-30
300907,康平科技,0.4231,721058462.67,-9.419722202,-20.5516,40615235.88,38.73,-42.1555,7.953797332604,5.36,0.891585934792,17.181221409,电机Ⅱ,2024-10-24,2023-09-30
300900,广联航空,0.46,544940969.97,35.0020864207,32.9145,95921941.65,26.75,56.7531,6.648168651245,5.28,-0.170156993568,43.4487575843,航空装备Ⅱ,2024-10-24,2023-09-30
300896,爱美客,6.56,2170298285.58,45.7119282182,-14.2938,1418317652.9,43.74,-17.1864,29.985258201747,23.04,6.774544705999,95.3005544585,医疗美容,2024-10-24,2023-09-30
300890,翔丰华,0.8379,1324648605.97,-17.5878269672,-23.655,89806845.34,-24.48,39.4248,15.702565959382,5.43,0.980945951173,21.6209744478,电池,2024-10-24,2023-09-30
300885,海昌新材,0.1117,159590235.01,-12.6958841291,10.0153,28020649.1,-44.52,12.476,3.258439842026,3.38,0.097302898844,28.3068098541,通用设备,2024-10-24,2023-09-30
300881,盛德鑫泰,0.66,1238464971.1,39.5874908939,26.1177,72431378.86,53.73,-32.8597,7.958219533273,8.43,-0.175454274909,13.2838287,特钢Ⅱ,2024-10-24,2023-09-30
300856,科思股份,1.5835,1774371261.48,42.0669361123,-3.0548,536222731.96,110.99,-2.4241,13.778855803626,24.19,3.630945558292,49.6018247532,化妆品,2024-10-24,2023-09-30
300846,首都在线,-0.3146,862473955.5,-3.8249207957,3.0977,-146857352.13,-110.4896328751,0.8933,2.298460726801,-12.87,0.407896899778,6.5132985248,IT服务Ⅱ,2024-10-24,2023-09-30
300819,聚杰微纤,0.5,560218411.81,14.5231135796,-32.4206,74295621.87,58.22,19.1204,5.743685789953,8.88,0.903598727388,23.3804224725,纺织制造,2024-10-24,2023-09-30
300791,仙乐健康,1.03,2502922802.68,39.9639914956,13.6926,185147820.63,5.1,16.9621,14.729940618952,6.71,1.620924275496,30.1506800406,食品加工,2024-10-24,2023-09-30
300780,德恩精工,0.1239,370294561.02,-29.093169752,-0.9238,18171215.69,-82.58,-68.7333,8.266292551237,1.5,0.411815299789,24.455005734,通用设备,2024-10-24,2023-09-30
300765,石药创新,0.2738,1937205663.14,2.3265860908,-5.3277,381755724.89,12.74,-16.3663,4.19450880507,8.33,-0.005973671193,47.6997225861,化学制药,2024-10-24,2023-09-30
300733,西菱动力,-0.0385,1042352304.01,41.9608259812,9.3864,-11696338.4,-128.44,116.4979,5.518308068318,-0.69,0.104740844519,11.6398122164,汽车零部件,2024-10-24,2023-09-30
300715,凯伦股份,0.2,2080167288.53,35.6994894915,-3.3205,75077578.74,235.39,-4.5952,6.436994413816,3.11,-0.711931680181,24.0987038689,装修建材,2024-10-24,2023-09-30
300703,创源股份,0.3663,1001307642.96,-4.0619665976,-17.0943,66663897.03,-25.19,-52.7073,4.415792927502,11.47,0.515553973843,31.2888498967,文娱用品,2024-10-24,2023-09-30
300692,中赋科技,0.2496,613794282.06,-34.0688444762,-3.6085,105774827.0,-33.17,-12.4192,5.09080655111,4.47,0.130193661358,46.7941104251,环境治理,2024-10-24,2023-09-30
300678,中科信息,0.0919,196092462.66,9.3461448689,-49.8001,22181839.43,5.46,3.4084,2.872567783221,2.64,-0.343333544747,28.5974371525,IT服务Ⅱ,2024-10-24,2023-09-30
300666,江丰电子,0.73,1851772408.94,9.8381134097,3.4545,193130100.85,-13.02,-58.6223,15.830740142816,4.69,0.939525017789,29.2865810043,半导体,2024-10-24,2023-09-30
300658,延江股份,0.0918,960037260.3,5.7643502607,26.6668,30557150.62,48.19,-51.2195,4.194431154917,2.2,0.452906214749,17.84497668,个护用品,2024-10-24,2023-09-30
300636,同和药业,0.2143,559661869.75,5.9413948775,10.4966,78653167.86,5.59,-9.6598,5.177956841409,5.11,0.249870260032,31.2860266286,化学制药,2024-10-24,2023-09-30
300627,华测导航,0.5278,1825342757.95,25.9432309255,-11.3142,282714132.58,28.11,10.6612,5.201682493566,10.64,-0.091423091735,58.3729947523,通信设备,2024-10-24,2023-09-30
300608,思特奇,-0.21,401108817.7,-7.1781067043,-12.8193,-67245271.98,-12.54,-305.513,4.427579105367,-4.43,-0.189357381098,33.0822328292,软件开发,2024-10-24,2023-09-30
300604,长川科技,0.0022,1208964687.49,-31.0567937779,0.9927,1325723.37,-99.59,-124.6466,4.613109184797,0.06,-1.160872589262,57.5051917077,半导体,2024-10-24,2023-09-30
300600,国瑞科技,-0.0987,141726133.37,13.9191280789,61.9977,-29038072.29,10.41,-7.6886,3.198276931344,-3.22,0.030172490763,33.0182347089,航海装备Ⅱ,2024-10-24,2023-09-30
300594,ST朗进,0.02,560397673.51,11.8186566837,-9.6688,2132630.94,104.3,-105.1409,10.064941708414,0.23,-0.025637574421,26.7460165013,轨交设备Ⅱ,2024-10-24,2023-09-30
300593,新雷能,0.29,1093577619.49,-18.1653531673,-47.1059,158062140.58,-44.63,-142.2369,5.745492165366,5.2,-0.317162032586,48.3791888615,其他电源设备Ⅱ,2024-10-24,2023-09-30
300579,数字认证,-0.073,590632233.41,3.6677170646,-5.8233,-19700878.56,-188.99,-601.1223,3.424976117037,-2.13,-0.615332114,52.4059348629,软件开发,2024-10-24,2023-09-30
300564,筑博设计,0.29,465588110.09,-25.5018822276,6.6659,48758859.68,-43.42,-41.0677,8.097270684921,3.51,-0.730859311977,34.8874052988,工程咨询服务Ⅱ,2024-10-24,2023-09-30
300528,幸福蓝海,0.1035,814102199.92,54.2600202973,91.7432,38558834.07,108.66,445.3966,2.108454918046,5.03,0.751292281943,20.902862736,影视院线,2024-10-24,2023-09-30
300519,新光药业,0.37,216113933.59,-17.6556586295,18.2115,58699769.38,-34.34,149.0621,5.237650121688,6.88,0.260929066625,45.1180669984,中药Ⅱ,2024-10-24,2023-09-30
300516,久之洋,0.2403,380428153.79,-4.3359123395,20.2367,43254701.53,-18.23,107.6943,7.088433253167,3.43,0.271206971056,35.7280610296,其他电子Ⅱ,2024-10-24,2023-09-30
300507,苏奥传感,0.11,744995167.66,8.0858784501,16.0676,90704896.51,30.86,-6.6217,2.400249297831,4.79,-0.00672719474,23.1454676681,汽车零部件,2024-10-24,2023-09-30
300497,富祥股份,-0.15,1286439179.08,4.4008834812,-5.8842,-81636876.41,-277.85,25.6208,4.713526525132,-3.09,-0.030127264318,11.2484027689,化学制药,2024-10-24,2023-09-30
300487,蓝晓科技,1.03,1576601547.02,33.9095013756,12.3537,518188324.16,65.21,-18.8293,6.092404101587,17.13,0.861105974855,48.4565251901,塑料,2024-10-24,2023-09-30
300486,东杰智能,-0.02,569295268.02,-25.2508012158,-62.0666,-7013294.97,-112.46,-334.721,3.846283538603,-0.42,-0.477372169215,20.3584043449,自动化设备,2024-10-24,2023-09-30
300481,濮阳惠成,0.68,1024519024.04,-14.625900395,-5.4749,200027676.26,-37.69,-19.5859,8.122333888923,8.45,0.768281336344,28.0109350882,电子化学品Ⅱ,2024-10-24,2023-09-30
300480,光力科技,0.2121,483295154.32,11.318967245,-1.726,74592857.44,16.3,17.2063,4.212161501672,3.2,-0.141994527413,52.1258154832,专用设备,2024-10-24,2023-09-30
300465,高伟达,0.0475,885437941.59,0.5600233119,-18.7971,21216037.23,475.77,54.1825,1.429207843759,3.38,-0.240762221975,20.5839731842,软件开发,2024-10-24,2023-09-30
300451,创业慧康,0.06,1156924027.69,1.6114796215,27.1343,91380086.22,-46.54,394.5138,3.024852713851,1.96,-0.112473373054,52.7021840334,软件开发,2024-10-24,2023-09-30
300445,康斯特,0.33,331463383.16,13.7864584815,13.1101,70158036.71,11.08,11.1873,4.951302456965,6.82,0.135296519,63.8102806632,通用设备,2024-10-24,2023-09-30
300444,双杰电气,0.1408,2550082739.97,74.484130321,47.9356,104402240.01,227.89,352.8697,1.926216672607,8.16,0.251014669687,17.1885827946,电网设备,2024-10-24,2023-09-30
300435,中泰股份,0.68,2252227344.06,-5.7584801923,-19.3787,259546194.97,19.36,-34.1545,8.022251096713,8.84,0.394286294601,19.8261448911,专用设备,2024-10-24,2023-09-30
300434,金石亚药,0.35,827063956.04,16.252364524,-9.6288,138782369.86,29.69,-238.1265,6.006344688414,5.92,0.198895354675,60.1784334507,化学制药,2024-10-24,2023-09-30
300423,昇辉科技,-1.0043,1788689274.02,2.483423852,-19.7242,-499651644.29,-446.64,102.5061,5.358227564223,-17.03,-0.141791271269,17.3954493013,电网设备,2024-10-24,2023-09-30
300420,五洋自控,0.0335,951163965.57,0.7073457456,-16.3614,37410425.51,-12.5,-66.2625,2.186161808701,1.54,0.033330857144,27.929618076,通用设备,2024-10-24,2023-09-30
300405,科隆股份,-0.0817,424857296.71,-38.0628792229,-3.2377,-23624513.43,24.59,-46.4312,2.052072787191,-3.76,0.003422130849,7.0959043528,化学制品,2024-10-24,2023-09-30
300374,中铁装配,-0.35,991501454.27,278.8794477398,2.2402,-85689460.55,35.87,49.5725,3.440357426273,-9.64,0.263291027729,5.6360483859,基础建设,2024-10-24,2023-09-30
300357,我武生物,0.516,673790861.6,-3.768988441,41.515,270147812.94,-17.44,55.5726,4.096725446958,13.06,0.480046959074,95.4046131916,生物制品,2024-10-24,2023-09-30
300341,麦克奥迪,0.2326,1028419402.31,-18.4787651898,6.4213,119640067.15,-34.3,20.6257,3.21675669241,7.35,0.297398819126,42.4017571081,电网设备,2024-10-24,2023-09-30
300327,中颖电子,0.2903,922710894.78,-26.5450218761,-13.4605,99562495.31,-67.95,-72.8973,4.585345620171,6.48,-0.132666034054,36.0694364478,半导体,2024-10-24,2023-09-30
300326,ST凯利,0.1794,736542512.98,-20.6642680865,-6.3341,129166853.51,-34.37,-63.6941,4.028183459867,4.59,0.234673701015,53.8069086286,医疗器械,2024-10-24,2023-09-30
300324,旋极信息,-0.0768,1692753287.02,9.8227643085,-41.9579,-132702217.18,12.07,-63.3486,1.904312253627,-3.96,0.119615128456,27.1840338866,计算机设备,2024-10-24,2023-09-30
300306,远方信息,0.2,289468347.8,-1.0315864163,12.4743,52949471.64,-3.26,-0.6514,5.533410433773,3.53,0.22325824428,65.6413705139,通用设备,2024-10-24,2023-09-30
300298,三诺生物,0.5708,3035326703.91,6.4589402782,-23.8226,318029312.81,-17.5,32.4571,5.319533268649,9.76,0.726260775371,53.0412053113,医疗器械,2024-10-24,2023-09-30
300296,利亚德,0.1822,6022847385.47,4.3279600925,-10.3119,460900040.5,6.69,-43.3048,3.341480748498,5.58,0.236079252588,29.8359116614,光学光电子,2024-10-24,2023-09-30
300283,温州宏丰,0.11,2202705643.8,40.9615770421,-3.6715,46628361.33,180.21,-119.5831,1.990581701663,4.83,-0.176945338968,7.8595023238,电网设备,2024-10-24,2023-09-30
300279,和晶科技,0.0859,1494151447.62,4.839279964,6.325,41269526.15,149.04,81.6903,1.816080659137,4.84,0.020841595484,17.6082228752,家电零部件Ⅱ,2024-10-24,2023-09-30
300277,汽轮科技,0.0209,96129781.37,-30.5012106559,-35.2735,6989947.43,16.91,-70.2021,1.449219649433,1.44,0.148291496657,24.4714993364,IT服务Ⅱ,2024-10-24,2023-09-30
300264,佳创视讯,-0.1085,60586521.05,-51.9623517471,-59.5105,-46525185.13,-52.48,-18.8128,0.273219184375,-35.65,-0.185085926016,31.0081641006,IT服务Ⅱ,2024-10-24,2023-09-30
300261,雅本化学,0.0803,1100574850.58,-31.233089162,-33.599,76657964.26,-57.77,-146.141,2.517810786851,3.17,0.095330754721,33.4045200793,农化制品,2024-10-24,2023-09-30
300259,新天科技,0.1178,735683194.4,-5.271228486,16.8211,136429112.66,-16.53,-4.2646,2.405186310316,4.74,0.034328659248,42.9334023944,通用设备,2024-10-24,2023-09-30
300257,开山股份,0.3494,3124511761.25,15.7413899375,-14.2027,347159272.36,5.1,-27.3741,6.255333963683,5.77,0.566461502135,31.5926592894,通用设备,2024-10-24,2023-09-30
300254,仟源医药,-0.0567,571939184.15,-9.768089249,13.1373,-13691626.39,46.04,147.4864,2.322703152944,-2.41,0.044855229149,67.587354763,化学制药,2024-10-24,2023-09-30
300249,依米康,-0.1852,549633628.98,-24.912466305,-7.1683,-81499652.38,-354.85,-34.011,1.292395872111,-13.5,-0.464027452449,19.4803128711,计算机设备,2024-10-24,2023-09-30
300244,迪安诊断,0.8468,10292194930.88,-34.1492766621,-4.4245,530878904.74,-78.13,-73.522,12.516350220596,6.95,0.585118157812,32.8139994825,医疗服务,2024-10-24,2023-09-30
300226,上海钢联,0.5187,66546550540.8,12.7651666038,27.7539,166928986.34,21.04,-25.418,6.000747363424,9.01,0.742007972332,1.3838997041,软件开发,2024-10-24,2023-09-30
300209,行云科技,-0.3375,344564469.74,-44.8678960721,-4.4928,-142462970.35,-6.73,-117.9432,-0.113453076022,,-0.039156140501,26.9790260093,软件开发,2024-10-24,2023-09-30
300205,*ST天喻,0.0848,1277683657.83,-3.2843534653,-22.0343,36473044.72,-58.35,-54.1694,3.494980368068,2.43,-0.480109533386,28.1764672612,通信设备,2024-10-24,2023-09-30
300180,华峰超纤,-0.0142,3314470041.69,-0.0311075681,9.4709,-25088660.77,-195.09,-191.7135,2.685852470957,-0.53,-0.008118103694,12.8667577177,塑料,2024-10-24,2023-09-30
300179,四方达,0.2257,406660303.16,3.2893378926,-8.7355,109657137.55,-15.14,-36.4087,2.417821236259,9.86,0.26654554059,52.6713920822,通用设备,2024-10-24,2023-09-30
300164,通源石油,0.1563,790206944.62,57.5055316716,-15.7058,90716493.01,466.51,-47.602,2.317702170448,7.12,0.105479272092,36.2227605096,油服工程,2024-10-24,2023-09-30
300158,振东制药,-0.0009,2783745444.64,-0.5507505553,-13.3081,-874204.92,-103.53,-203.21,5.082203481126,-0.02,-0.217290363066,50.7997614614,中药Ⅱ,2024-10-24,2023-09-30
300153,科泰电源,0.0617,628653604.13,3.1490985749,-5.0538,19737978.36,15.1,36.9324,2.570373956844,2.44,0.124487780219,12.9904534442,其他电源设备Ⅱ,2024-10-24,2023-09-30
300150,世纪瑞尔,0.0367,443563021.1,5.3821645305,7.6222,21448591.97,799.9,-77.1319,2.629783952722,1.4,-0.200596596956,45.1125683434,IT服务Ⅱ,2024-10-24,2023-09-30
300140,节能环境,0.2697,4718249749.78,0.7233852111,-50.3609,687119276.93,13.25,-52.4668,3.883525638077,6.53,0.477053025967,34.9131251523,环境治理,2024-10-24,2023-09-30
300127,银河磁体,0.45,630166830.3,-14.8693034129,-1.6139,146000150.75,1.95,-19.8245,4.385318536282,10.21,-0.047485535409,34.73240422,金属新材料,2024-10-24,2023-09-30
300125,*ST聆达,0.0316,767411972.0,-27.5770164433,-3.6082,8378610.37,124.39,231.3165,2.570275601549,1.25,0.299558277769,16.5305582176,电力,2024-10-24,2023-09-30
300103,达刚控股,-0.1052,172457309.36,-37.5270371632,-12.2104,-33410836.24,88.22,-1635.0105,2.215973875901,-4.64,0.053920345307,24.661287856,专用设备,2024-10-24,2023-09-30
300079,数码视讯,0.0247,528114770.09,-20.2827652788,-20.5649,35361086.25,-53.16,25.6437,2.973425527805,0.83,0.065634610718,48.2952964214,IT服务Ⅱ,2024-10-24,2023-09-30
300049,福瑞医科,0.2781,807001449.48,12.2317547936,0.0344,73164076.01,20.41,-4.7777,5.900371811965,4.62,0.765605063959,76.8771066049,医疗器械,2024-10-24,2023-09-30
300033,同花顺,1.43,2372398760.91,4.2508697584,4.7903,770622473.6,-12.67,-7.6415,12.46910711529,11.39,1.393933999888,88.0623205712,软件开发,2024-10-24,2023-09-30
300007,汉威科技,0.35,1541237915.14,-12.5536273572,-11.7941,115469115.85,-49.82,-18.4599,8.704264352505,4.12,-0.365653825953,31.8385265026,通用设备,2024-10-24,2023-09-30
200550,江铃B,1.17,23508145170.0,6.701858461,2.2184,1009452769.0,40.75,-48.7661,11.464848713065,10.49,2.798365160899,14.4882529241,商用车,2024-10-24,2023-09-30
200512,闽灿坤B,0.36,1107978256.25,-12.9987099421,53.8614,65922352.85,-2.5,111.137,5.686943570499,6.13,0.064316720524,18.6515866484,小家电,2024-10-24,2023-09-30
200025,特力B,0.171,1220589534.36,81.5762975417,41.303,73704767.28,18.65,56.7105,3.63587460191,4.79,-0.168054137941,11.9461158543,综合Ⅱ,2024-10-24,2023-09-30
003816,中国广核,0.1921,59842382632.11,2.4434737687,-2.0034,9699653266.13,10.36,-21.0768,2.22713514913,8.82,0.534624546589,39.9834894173,电力,2024-10-24,2023-09-30
003000,劲仔食品,0.3048,1493447043.62,47.8544478009,16.6405,133191355.85,47.49,13.9602,2.75647706433,11.42,0.434266033892,26.4652023102,休闲食品,2024-10-24,2023-09-30
002978,安宁股份,1.7749,1376708784.51,-8.812392462,33.0087,711744540.48,-18.27,25.9655,14.4199112299,12.71,2.278029155087,66.6267971288,小金属,2024-10-24,2023-09-30
002947,恒铭达,0.85,1204620811.45,25.0979302702,68.8173,195113275.02,28.42,89.3755,8.660787004653,10.16,1.581480011677,30.4112206138,消费电子,2024-10-24,2023-09-30
002935,天奥电子,0.054,642452131.6,15.5184529402,-22.7124,23449983.4,-47.02,-80.7255,4.18540298973,1.56,-0.37987474305,26.601184517,军工电子Ⅱ,2024-10-24,2023-09-30
002841,视源股份,1.52,15383381052.95,-4.1364713156,53.8237,1061327169.19,-33.36,44.1835,17.63684342323,8.64,2.377424317581,26.3050446611,消费电子,2024-10-24,2023-09-30
002683,广东宏大,0.6636,7941418306.66,15.6565327137,0.6572,496725987.47,26.98,-34.0135,8.297909607583,8.2,0.310941721662,19.4119624477,化学制品,2024-10-24,2023-09-30
002657,中科金财,-0.12,664153581.17,-9.7598009594,10.029,-39175612.8,-229.19,-4101.08,5.744822699487,-1.99,-0.367161784682,19.1576651512,IT服务Ⅱ,2024-10-24,2023-09-30
002445,中南文化,0.0537,544401783.94,27.7240712317,14.1136,128462450.4,78.16,-98.5483,0.901026497144,6.41,-0.009009656774,24.6025269316,通用设备,2024-10-24,2023-09-30
002413,雷科防务,0.07,825885748.42,-19.1353718785,-14.2488,88522672.51,428.17,-139.1904,3.222863301899,2.1,-0.134990131108,32.4068068909,军工电子Ⅱ,2024-10-24,2023-09-30
002241,歌尔股份,0.26,73947827669.98,-0.2763517049,36.6974,892134169.74,-76.77,49.0192,8.967363010887,2.95,0.994355898422,8.4037477262,消费电子,2024-10-24,2023-09-30
002234,民和股份,-0.34,1632309770.6,50.4476447165,-5.9163,-118047786.95,64.45,19.2242,7.323907950572,-4.51,0.151799944746,11.2941801011,养殖业,2024-10-24,2023-09-30
002128,电投能源,1.67,19730305891.67,-0.6941449734,2.445,3584860164.44,10.06,3.7746,13.477542312917,13.06,2.441780026866,33.048802187,煤炭开采,2024-10-24,2023-09-30
002008,大族激光,0.6,9387371410.23,-11.1224571269,-9.8628,636041302.16,-37.59,-28.3949,13.539938131325,3.9,0.196290335005,35.1152403138,自动化设备,2024-10-24,2023-09-30
002001,新和成,0.68,11012182404.49,-7.5384917041,-5.586,2101209064.57,-30.22,-26.4372,7.829273126156,8.52,0.849380287185,33.5494088041,化学制品,2024-10-24,2023-09-30
001206,依依股份,0.47,985969346.21,-13.5512112904,3.791,87384122.75,-31.08,-10.1646,9.815985148459,4.81,0.904140218692,16.4401025704,个护用品,2024-10-24,2023-09-30
000920,沃顿科技,0.292,1168812506.11,22.5068514435,33.9174,137919198.26,29.08,53.5574,3.736368434451,7.38,0.226506977329,36.7337440895,塑料,2024-10-24,2023-09-30
000597,东北制药,0.1532,6403932985.84,-2.5190825635,-11.8373,219779877.85,71.52,30.9358,3.370779342985,4.77,0.22735281321,40.9359093739,化学制药,2024-10-24,2023-09-30
000550,江铃汽车,1.17,23508145170.0,6.701858461,2.2184,1009452769.0,40.75,-48.7661,11.464848713065,10.49,2.798365160899,14.4882529241,商用车,2024-10-24,2023-09-30
000536,华映科技,-0.3963,808684918.73,-60.2093866655,11.8666,-1096047658.7,-42.84,0.2715,1.06294600802,-31.42,-0.228540798039,-63.9800192852,光学光电子,2024-10-24,2023-09-30
000513,丽珠集团,1.72,9654792568.76,1.755214011,-9.5209,1601554878.96,6.29,-15.5025,14.582220615085,11.38,2.364808937148,63.9278907434,化学制药,2024-10-24,2023-09-30
000025,特力A,0.171,1220589534.36,81.5762975417,41.303,73704767.28,18.65,56.7105,3.63587460191,4.79,-0.168054137941,11.9461158543,综合Ⅱ,2024-10-24,2023-09-30
920976,视声智能,0.46,169503181.28,5.0979789899,-19.4512,25194571.46,5.19,-20.2538,5.003045194452,18.06,0.474364685385,48.1143819037,计算机设备,2024-10-23,2023-09-30
874548,艾克姆,1.21,308368191.47,,,47304676.22,,,,15.56,,24.1717085944,,2024-10-23,2023-09-30
874480,开元环保,0.31,100292146.35,,,13056199.05,,,,11.33,,42.8395475255,,2024-10-23,2023-09-30
835319,康安租赁,0.2,60894990.36,0.6856371049,2.6873,40411179.49,-5.34,-10.7489,1.814688308236,11.13,0.141553962163,82.4320769463,,2024-10-23,2023-09-30
832743,福能租赁,-0.16,52875727.85,-3.5189727747,-9.1174,-49307215.91,-67.04,-331.6781,0.522610214233,-27.18,-0.0877082899,5.7239231743,,2024-10-23,2023-09-30
688777,中控技术,0.9,5679141979.82,34.3601133847,-7.1767,693407501.65,46.16,-56.3258,12.003496908564,9.12,-0.951090026088,32.7516051273,自动化设备,2024-10-23,2023-09-30
688662,富信科技,-0.13,313957462.77,-26.7098018767,-9.4285,-11543794.71,-120.79,123.3723,7.773473173277,-1.63,0.343425894606,25.5328225654,其他电子Ⅱ,2024-10-23,2023-09-30
688597,煜邦电力,0.07,377371045.58,2.902269898,15.3898,16103116.68,-72.05,22.5579,3.444022278085,1.87,0.18115306021,35.4235690458,电网设备,2024-10-23,2023-09-30
688486,龙迅股份,0.73,222102968.56,28.6288603666,7.1667,70415590.76,41.37,-17.8493,20.17106541817,6.16,0.986785500027,53.8005455014,半导体,2024-10-23,2023-09-30
688336,三生国健,0.27,730604300.0,38.5414951005,-6.5337,163916100.0,13826.23,12.9356,7.743450485913,3.49,0.474771635993,76.9740610615,生物制品,2024-10-23,2023-09-30
688252,天德钰,0.18,826326008.29,-12.3847502065,21.7177,74834699.51,-52.18,-21.6519,4.655576856734,4.02,0.844304840832,20.0215844159,半导体,2024-10-23,2023-09-30
688100,威胜信息,0.71,1662142672.06,11.8540011145,10.2331,346446824.18,21.88,6.4004,5.51461045014,12.73,0.45148330512,40.678425588,通信设备,2024-10-23,2023-09-30
688076,ST诺泰,0.43,709466382.95,85.6082128924,60.1703,91712811.54,72.41,139.2582,9.246445046575,4.72,1.103111246539,60.6877271577,化学制药,2024-10-23,2023-09-30
688037,芯源微,1.6,1206481033.91,34.5491033341,25.4046,220228079.32,53.98,21.3107,16.873448073816,9.96,-4.289638714978,42.4620180534,半导体,2024-10-23,2023-09-30
688004,博汇科技,-0.41,121753088.18,38.7180717901,54.7483,-32691179.08,-4.5017240126,48.1325,11.991016698944,-4.7,-1.35695926338,45.0936662804,IT服务Ⅱ,2024-10-23,2023-09-30
605098,行动教育,1.36,461101972.23,35.3647546367,-2.9393,160660694.32,70.72,-36.9195,7.613481783236,15.4,2.534518194067,78.7991318,教育,2024-10-23,2023-09-30
605086,龙高股份,0.51,232646177.93,3.2400420768,7.0828,92073398.65,9.87,8.6678,9.052867089453,8.04,0.982810816094,63.3771672554,非金属材料Ⅱ,2024-10-23,2023-09-30
605069,正和生态,-0.86,138008417.33,-58.6767215001,-22.8125,-181702788.76,-409.9068274464,84.7413,6.121703472155,-13.1,0.040652312421,7.8836165435,环境治理,2024-10-23,2023-09-30
603893,瑞芯微,0.19,1454536318.1,-7.3713327322,15.0237,77316426.84,-71.99,21.6268,7.068578348667,2.62,0.951405102086,34.8147117524,半导体,2024-10-23,2023-09-30
603729,ST龙韵,0.05,260535591.22,-20.4201209196,-15.7139,4888762.81,113.2986964307,-85.6319,4.127413956266,0.9,0.474246163192,19.8754088252,广告营销,2024-10-23,2023-09-30
603618,杭电股份,0.17,5586058944.85,-10.8829346188,-5.589,120708884.79,14.6,-47.0332,3.963931201566,4.24,0.025908166653,15.0451055268,电网设备,2024-10-23,2023-09-30
603615,茶花股份,0.0134,490633065.51,-1.4080806071,3.4938,3240461.12,134.4011492544,-145.5218,4.905557362997,0.27,0.223450747705,24.6389423824,家居用品,2024-10-23,2023-09-30
603556,海兴电力,1.38,2872674050.37,20.3619387769,-8.3697,668766495.91,42.4,-11.2358,12.935683679459,11.01,1.4002207254,40.1306099862,电网设备,2024-10-23,2023-09-30
603193,润本股份,0.53,823525155.95,20.9007396677,-42.8555,180733960.84,37.47,-37.7038,2.631247170651,22.21,0.552800674407,56.1149909679,个护用品,2024-10-23,2023-09-30
603153,上海建科,0.33,2520794707.58,16.7403221692,14.6531,130722754.73,34.4,39.0809,7.981436085106,4.27,-0.798604630199,29.0061795077,工程咨询服务Ⅱ,2024-10-23,2023-09-30
603115,海星股份,0.2998,1352705797.78,2.648481946,-1.9928,71722080.36,-61.66,37.5601,8.070091652843,3.61,0.295949080393,19.1346708682,元件,2024-10-23,2023-09-30
603112,华翔股份,0.66,2353222964.47,-5.778732054,5.7218,281556192.32,12.61,5.1652,5.689259836714,10.6,0.513847532452,24.7163764323,家电零部件Ⅱ,2024-10-23,2023-09-30
603087,甘李药业,0.47,1905670877.67,54.0696133385,0.6163,266475880.66,164.3963437532,55.796,17.48528289931,2.73,-0.136048481296,74.7495895132,生物制品,2024-10-23,2023-09-30
601728,中国电信,0.3,381102560510.23,6.4999529115,-5.0435,27100502619.41,10.4,-42.907,4.800582186703,6.16,1.234769030243,30.1161380008,通信服务,2024-10-23,2023-09-30
600873,梅花生物,0.72,20526171453.75,-1.4167998864,4.5148,2160513951.07,-37.26,38.5262,4.817680392443,15.81,1.659388078138,18.4488207825,化学制品,2024-10-23,2023-09-30
600785,新华百货,0.61,4650696085.44,1.7257137618,4.9905,138181416.9,14.27,103.5277,9.577891543141,6.53,3.344740604228,27.2179894533,一般零售,2024-10-23,2023-09-30
600778,友好集团,-0.3083,1406997138.83,10.3860994192,17.5226,-96018079.44,-41.3173917294,103.3691,0.770681184915,-33.62,0.242599466742,32.6487520701,一般零售,2024-10-23,2023-09-30
600769,祥龙电业,0.0273,51479371.12,39.5043847823,36.0924,10233812.01,35.92,10.9621,0.235283495637,12.31,0.097878477998,33.6376174442,环境治理,2024-10-23,2023-09-30
600737,中粮糖业,0.6735,23873490763.48,22.7635618173,40.565,1440540435.64,89.46,35.8757,5.192525308341,13.72,1.214047173786,10.9875472598,农产品加工,2024-10-23,2023-09-30
600694,大商股份,1.58,5675160768.68,-0.9424028594,-0.4661,450232299.84,-11.05,-32.5354,28.39753536477,5.49,4.46076456867,39.3341090918,一般零售,2024-10-23,2023-09-30
600075,新疆天业,-0.46,8626756340.07,-25.1606273502,-20.7697,-781203450.04,-173.98,64.7864,5.260588129052,-7.38,0.349571803052,5.4579221502,化学原料,2024-10-23,2023-09-30
600050,中国联通,0.242,281692598036.0,6.7106693528,-5.0216,7577727734.0,10.9,-32.8649,5.063889230323,4.68,2.128716581486,25.1768900576,通信服务,2024-10-23,2023-09-30
301592,六九一二,0.0409,105129039.59,,-27.1651,2145002.78,,427.8159,,0.61,,57.6246471824,军工电子Ⅱ,2024-10-23,2023-09-30
301577,美信科技,1.22,325726978.6,-7.5834439013,-25.6573,40471631.18,-20.46,-27.0417,12.263814612645,10.49,0.750528298469,27.4792022125,通信设备,2024-10-23,2023-09-30
301559,中集环科,0.95,3835930824.82,-8.2064663906,11.2054,486619350.59,-12.95,-4.9944,8.416993943567,17.54,0.917440237917,21.9459081309,通用设备,2024-10-23,2023-09-30
301502,华阳智能,1.1231,366364251.19,-0.3481876881,-38.0971,48081079.34,0.92,-31.3971,10.699307224993,11.1,1.112945191708,24.4015178609,电机Ⅱ,2024-10-23,2023-09-30
301428,世纪恒通,0.7,765420430.61,13.6891670359,1.0556,59316822.05,14.83,-28.6576,12.32183139621,6.8,-2.036066689777,25.1109415575,通信服务,2024-10-23,2023-09-30
301399,英特科技,0.97,406017843.23,4.8860460485,23.401,73258587.39,11.3,22.4908,14.548197230227,8.91,1.40828126,29.1664212065,通用设备,2024-10-23,2023-09-30
301300,远翔新材,0.4468,282120699.37,2.1861682309,25.6683,28659921.34,-35.63,4.5327,13.003241230709,3.45,0.396524387997,21.2267850688,橡胶,2024-10-23,2023-09-30
301298,东利机械,0.3179,426735606.92,8.548202743,-7.0999,46668526.72,10.08,-15.9171,5.971070548569,5.34,0.367042773774,25.1193957574,汽车零部件,2024-10-23,2023-09-30
301266,宇邦新材,1.13,2046118852.66,41.9235670529,2.3893,117658547.87,55.71,21.676,14.254842107788,8.17,-2.938932665,12.6082267164,光伏设备,2024-10-23,2023-09-30
301258,富士莱,1.1689,388625426.47,-2.3498792626,-35.1966,107150481.11,-15.72,-75.8404,21.169324049416,5.57,0.852335463292,42.223181849,化学制药,2024-10-23,2023-09-30
301219,腾远钴业,0.74,3971289160.52,8.6597976175,12.2048,241108193.74,-42.9,120.1317,28.848264825937,2.82,1.65818946518,19.5631310977,能源金属,2024-10-23,2023-09-30
301208,中亦科技,0.6708,823356200.46,12.5013292335,25.1107,80499872.02,9.69,11.6883,14.142668544166,5.8,-0.850453603773,27.8842114739,IT服务Ⅱ,2024-10-23,2023-09-30
301180,万祥科技,0.08,648216824.38,-30.7457085968,12.7555,32625404.11,-80.81,-31.9146,3.327189677008,2.45,0.22622381783,24.1491428952,消费电子,2024-10-23,2023-09-30
301149,隆华新材,0.4087,3458544995.79,43.8303887701,36.2565,175736360.47,73.13,142.4195,4.121484445403,10.29,0.138406530718,7.8117259616,化学制品,2024-10-23,2023-09-30
301100,风光股份,0.2,531009853.89,-13.9528271439,2.9596,41525222.12,-37.65,-94.6959,10.7075182976,1.76,0.342814579,21.6297421844,化学制品,2024-10-23,2023-09-30
301047,义翘神州,1.5882,476061706.26,10.6382341477,35.7682,205197148.65,-25.63,33.8195,48.832541760139,3.23,1.366929974923,81.2654862516,生物制品,2024-10-23,2023-09-30
301025,读客文化,0.043,324375779.67,-12.1200022883,-15.4578,17205235.02,-64.85,-98.5006,1.574175831319,2.67,-0.019086903205,35.2659496299,出版,2024-10-23,2023-09-30
300951,博硕科技,1.74,927273836.69,5.0262450444,63.5254,209455537.94,-16.82,151.2166,17.993391917263,9.78,0.304607722421,40.0826533785,消费电子,2024-10-23,2023-09-30
300910,瑞丰新材,2.13,2152413374.35,5.4160647283,14.0309,450909607.04,24.01,31.2436,10.304528972944,15.71,1.442492435357,34.4623270395,化学制品,2024-10-23,2023-09-30
300905,宝丽迪,0.47,824811386.5,39.9967792305,23.491,74220902.68,97.62,19.993,10.052306064621,5.02,0.14473828818,17.1708028779,化学纤维,2024-10-23,2023-09-30
300901,中胤时尚,0.11,398640038.9,-17.1272856752,48.8467,25128087.34,-58.08,-64.0752,4.303901839583,2.41,-0.207320255583,17.6212231852,服装家纺,2024-10-23,2023-09-30
300897,山科智能,0.6,455200708.85,16.8952289432,-17.5448,60563873.76,11.77,11.2747,13.967807782941,6.43,-0.450706536324,41.973695604,通用设备,2024-10-23,2023-09-30
300862,蓝盾光电,0.1,424294335.93,-10.0610630157,3.1952,19157847.53,-41.31,137.3597,15.075405561601,0.98,-0.616401051021,26.9390109108,通用设备,2024-10-23,2023-09-30
300835,龙磁科技,0.54,779284423.45,15.230482215,1.8123,65234872.21,-25.24,54.204,8.687897351901,6.66,0.096821497182,26.5885719572,金属新材料,2024-10-23,2023-09-30
300822,贝仕达克,0.124,699085491.63,-12.1381139545,4.7714,38636302.76,-37.81,-75.612,5.2123655957,3.09,0.666378778788,19.0651755909,消费电子,2024-10-23,2023-09-30
300817,双飞集团,0.214,549375314.45,3.9783806235,-2.2749,46805579.86,0.36,13.1328,5.740874927118,4.67,0.402692152431,27.7076518413,通用设备,2024-10-23,2023-09-30
300811,铂科新材,0.68,854127204.12,14.8622927399,-6.343,188863034.54,43.66,-19.8812,9.17115748431,10.96,0.135943299508,39.5791815445,金属新材料,2024-10-23,2023-09-30
300810,中科海讯,-0.3829,140867627.09,2.063400179,77.1097,-45200057.72,-893.87,71.8348,8.315997482084,-4.5,-1.049732871241,46.9493033823,航海装备Ⅱ,2024-10-23,2023-09-30
300801,泰和科技,0.5442,1638094528.12,-21.6601259095,13.6689,115694566.99,-64.65,96.5965,10.726629902806,4.93,0.561825477956,16.8545198925,化学制品,2024-10-23,2023-09-30
300784,利安科技,1.15,341266965.05,-1.9075442634,22.2437,48512545.88,1.1244458045,61.1803,,,,30.3135476986,消费电子,2024-10-23,2023-09-30
300768,迪普科技,0.11,720103485.37,18.7462435831,31.6824,67076125.7,-1.6,308.9398,4.993099446436,2.09,-0.094259557761,68.3266763259,软件开发,2024-10-23,2023-09-30
300735,光弘科技,0.3106,3454200663.54,14.3643965762,54.4045,237545457.6,18.74,26.8133,6.087734076444,5.13,0.837074831459,17.4716862651,消费电子,2024-10-23,2023-09-30
300721,怡达股份,-0.3561,1363931958.39,15.784251903,-4.4768,-49159112.9,-140.09,106.4439,7.43577249866,-3.86,0.028138739281,9.5554589911,化学制品,2024-10-23,2023-09-30
300694,蠡湖股份,0.28,1201144869.63,11.0604352239,-6.1217,59736389.3,54.57,-16.9418,6.113792026395,4.62,0.580406295366,17.9780450677,汽车零部件,2024-10-23,2023-09-30
300683,海特生物,-0.21,438429234.33,-19.7954424851,2.8177,-26439471.42,-240.47,-58.577,19.65354358958,-1.06,-0.334467235957,44.1803648349,医疗服务,2024-10-23,2023-09-30
300673,佩蒂股份,-0.1208,916492284.39,-32.3428322553,26.8702,-29159639.55,-118.47,392.7757,6.844048281314,-1.56,-0.230882560957,16.8161784398,饲料,2024-10-23,2023-09-30
300654,世纪天鸿,0.086,368866168.71,23.4218823424,238.2744,31387122.01,14.44,7937.3078,2.223674439152,4.0,0.02082057783,35.2653666735,出版,2024-10-23,2023-09-30
300653,正海生物,0.82,321781527.57,-5.7133524545,-15.7237,148335221.24,-4.52,-31.8012,5.0302389605,16.64,0.703990755556,90.3918956773,医疗器械,2024-10-23,2023-09-30
300651,金陵体育,0.2915,320142496.39,1.0814843562,40.3366,37531058.44,64.94,119.0071,5.837961640618,4.83,0.846127357564,35.3775002404,文娱用品,2024-10-23,2023-09-30
300628,亿联网络,1.2772,3223668646.75,-9.456148113,2.1615,1614175090.22,-9.37,-3.6112,6.082174951738,19.81,0.949495579497,65.8014705767,通信设备,2024-10-23,2023-09-30
300620,光库科技,0.1903,524065400.69,6.10679267,0.8579,46688556.47,-48.11,-7.7787,6.862296735053,2.81,0.279675623199,34.8767685501,通信设备,2024-10-23,2023-09-30
300617,安靠智电,0.98,679294995.26,30.0971995491,-25.3816,160979755.73,10.51,-40.7469,15.996839775589,6.19,-0.675950467722,44.0208711026,电网设备,2024-10-23,2023-09-30
300580,贝斯特,0.442,1006824477.85,26.7425941668,14.8084,209951247.39,36.73,5.4558,8.267871066193,8.5,0.650251157269,34.5252152066,汽车零部件,2024-10-23,2023-09-30
300543,朗科智能,0.1805,1005189242.28,-25.77874724,-1.7832,48404559.6,-16.31,-50.9223,3.848626558269,4.32,0.108480289631,19.7890011436,家电零部件Ⅱ,2024-10-23,2023-09-30
300534,陇神戎发,0.1544,812306262.81,102.51746156,-25.1788,46827659.99,192.27,20.0726,2.033243155681,6.49,0.126700259474,67.0393207318,中药Ⅱ,2024-10-23,2023-09-30
300504,天邑股份,0.4571,2002215279.06,-14.4609756489,-0.0499,123630873.11,-41.48,-15.6182,8.472973702246,5.5,-0.261013672576,18.3086300431,通信设备,2024-10-23,2023-09-30
300498,温氏股份,-0.6923,64703440315.61,15.8028576948,10.7325,-4529812708.64,-760.77,108.1937,5.153031173879,-12.19,0.848794052384,0.3930107402,养殖业,2024-10-23,2023-09-30
300466,赛摩智能,0.0192,496405528.25,-10.0895064822,-41.0579,10292111.41,20.78,-163.2409,1.64327266848,1.18,-0.174261646074,36.0540586445,通用设备,2024-10-23,2023-09-30
300463,迈克生物,0.4387,2115080245.6,-22.1908012893,4.2642,268677386.46,-55.27,61.8979,10.341331720551,4.24,1.007593106247,54.9330350717,医疗器械,2024-10-23,2023-09-30
300452,山河药辅,0.53,640355017.44,21.928203606,-8.6822,123531091.5,30.54,-9.6021,3.361345338559,16.29,0.201393695361,31.5045687229,化学制药,2024-10-23,2023-09-30
300446,航天智造,0.3645,4221366131.74,22.7346202489,8247.2847,242732032.05,28.11,3719.3329,3.551067943505,12.92,0.809029553693,20.7953674854,汽车零部件,2024-10-23,2023-09-30
300441,鲍斯股份,0.27,1656986615.86,9.5490923911,11.8123,174406453.47,26.5,45.4059,2.681403683196,10.3,0.312451034778,33.1710745639,通用设备,2024-10-23,2023-09-30
300402,宝色股份,0.2481,1290158463.78,25.3288643762,-14.0014,52420257.29,20.75,-22.3352,5.761294044557,6.17,0.441656594039,16.7534836602,通用设备,2024-10-23,2023-09-30
300394,天孚通信,1.1132,1206110652.99,35.5739751214,43.6821,439076654.11,58.42,41.1574,7.317870037846,15.75,1.245731362765,52.9363065012,通信设备,2024-10-23,2023-09-30
300381,溢多利,0.0253,601404536.26,-37.0121853739,8.5964,12393424.69,-53.51,-76.3503,5.356327782105,0.46,0.099036039784,45.978072209,化学制药,2024-10-23,2023-09-30
300373,扬杰科技,1.17,4040670425.26,-8.5402933997,7.7332,617920561.04,-33.39,-9.4898,14.621218091169,8.59,0.766192542827,30.8745140849,半导体,2024-10-23,2023-09-30
300360,炬华科技,0.87,1248392464.24,20.374277353,-17.3825,442298567.41,50.06,-27.9699,6.769294459688,13.6,0.55242424124,43.8682243347,电网设备,2024-10-23,2023-09-30
300349,金卡智能,0.72,2280835059.97,17.6938624027,1.6006,297886860.75,63.67,-27.9812,9.724947216789,7.37,0.535922955024,39.9054626612,通用设备,2024-10-23,2023-09-30
300342,天银机电,0.1008,712558546.12,9.433124363,-1.94,42853317.3,6.15,-52.0723,3.607734713908,2.83,0.201783983786,24.6723508668,家电零部件Ⅱ,2024-10-23,2023-09-30
300314,戴维医疗,0.4264,458961630.27,31.2117069165,-11.1593,122795311.05,61.7,-25.7175,3.953669484271,10.96,0.242828775313,58.0241516558,医疗器械,2024-10-23,2023-09-30
300308,中际旭创,1.2,7030290371.6,2.4079010999,39.666,1295867879.63,52.01,87.4805,16.902622010069,10.09,1.797052096633,31.7465213637,通信设备,2024-10-23,2023-09-30
300295,*ST三六五,0.05,140549368.9,-25.4152060105,9.7234,8444671.77,-42.85,-187.1912,6.92690184459,0.64,2.597289173403,86.7366476521,数字媒体,2024-10-23,2023-09-30
300214,日科化学,0.18,1904805705.85,-10.5537950969,3.698,82348260.43,-48.71,-41.0817,5.52591464687,3.21,-0.163116194846,9.3311269635,化学制品,2024-10-23,2023-09-30
300211,*ST亿通,0.0114,147077006.72,-44.9491754422,-11.8908,3469971.67,-85.97,31.7005,1.717694631274,0.67,0.049807837603,29.3943546678,通信服务,2024-10-23,2023-09-30
300188,国投智能,-0.462,750487584.54,-32.0153212962,-4.0524,-397091621.32,-91.39,-7.3602,4.397002428592,-9.93,-0.374830874802,48.4257926376,软件开发,2024-10-23,2023-09-30
300160,秀强股份,0.2291,1061149899.9,-8.9062677639,16.4285,177112322.5,11.48,-8.5864,3.047663943603,7.67,0.363222138881,30.4725611264,家电零部件Ⅱ,2024-10-23,2023-09-30
300139,晓程科技,0.15,184598115.62,21.1405523236,6.7935,41991928.68,388.8,-94.7541,3.863990304818,4.05,0.022305687117,39.7934056495,贵金属,2024-10-23,2023-09-30
300109,新开源,0.85,1206530378.32,7.1218533564,2.7659,404919102.73,45.9,0.3417,10.724566527096,12.27,1.069130003931,59.9249444947,化学制品,2024-10-23,2023-09-30
300107,建新股份,0.0193,468864747.78,-15.4593950259,22.1854,10660924.99,-78.1,-48.5397,2.629324820471,0.73,0.035941846949,11.6800088553,化学制品,2024-10-23,2023-09-30
300100,双林股份,0.2436,2883344611.93,-2.0446542171,14.8552,97981658.7,14.13,46.8595,5.509655551234,4.4,0.657085973435,18.2854866927,汽车零部件,2024-10-23,2023-09-30
300092,科新机电,0.5149,1168073530.61,44.6713155301,3.5556,136211776.45,46.85,1.0615,5.459950414034,10.23,-0.267564471074,22.9307849344,专用设备,2024-10-23,2023-09-30
300018,中元股份,0.1,284145625.55,5.9840005336,4.5626,46190415.07,154.51,3.2574,2.518802279578,3.84,-0.012063963687,47.4583075277,电网设备,2024-10-23,2023-09-30
300006,莱美药业,-0.0516,644756058.18,-3.89019231,-15.9809,-54513800.64,-45.8640854839,99.0938,1.962400644655,-2.6,0.037112494597,69.2729461357,化学制药,2024-10-23,2023-09-30
200521,虹美菱B,0.4843,19167615833.84,24.6643849866,-18.7678,498774154.38,207.51,-40.2503,5.424318095219,9.26,2.336354625886,13.4473838164,白色家电,2024-10-23,2023-09-30
002991,甘源食品,2.33,1313622970.23,35.5634268144,12.009,214116844.71,139.21,46.7632,17.552300061778,13.5,2.101411009574,36.3227771311,休闲食品,2024-10-23,2023-09-30
002970,锐明技术,0.47,1236099166.68,26.5489524031,13.1436,81350934.38,196.17,-42.142,8.040672055108,5.97,1.282232599713,43.4898180406,计算机设备,2024-10-23,2023-09-30
002942,新农股份,0.1417,661471921.34,-35.0244213157,-15.7015,22109730.81,-81.53,-123.7737,7.467927633077,1.89,0.071466443462,25.3721062173,农化制品,2024-10-23,2023-09-30
002890,弘宇股份,0.0919,284272558.68,-8.22943646,-20.5297,15603049.87,-1.29,6.2483,4.469445712357,2.66,0.053844794725,18.2594022198,专用设备,2024-10-23,2023-09-30
002818,富森美,0.82,1157912794.31,6.2191922011,0.0639,616171332.53,1.76,-8.2495,7.669262627847,10.32,0.984444016769,70.1552244687,一般零售,2024-10-23,2023-09-30
002771,真视通,-0.3,220912027.81,-40.7782040342,-10.8584,-62424868.67,-1276.72,-102.7542,3.14885462255,-8.91,-0.592521460059,16.9002037237,IT服务Ⅱ,2024-10-23,2023-09-30
002660,茂硕电源,0.1673,1020524484.83,-10.5972509601,-2.9618,59669676.75,-10.5,-13.4542,3.530365019553,4.78,0.112150655222,26.6642955613,消费电子,2024-10-23,2023-09-30
002652,扬子新材,-0.033,333717160.54,-8.9656625944,-11.045,-16877075.38,27.93,44.6128,0.411158606385,-7.71,0.034860830716,6.6544061576,装修建材,2024-10-23,2023-09-30
002590,万安科技,0.42,2749226606.68,24.2781416572,6.8969,203564966.82,285.18,-79.5627,4.419688586954,9.93,0.242512506314,16.2508648478,汽车零部件,2024-10-23,2023-09-30
002491,通鼎互联,0.1676,2563985391.29,5.1667833678,-4.8723,206164222.96,172.92,-123.1466,1.978260797776,8.85,0.139773888965,22.4855464325,通信设备,2024-10-23,2023-09-30
002385,大北农,-0.22,23931425168.16,8.3143601256,4.7375,-908395741.67,-174.45,71.3342,2.339988838942,-8.8,-0.013422938467,9.4106446808,饲料,2024-10-23,2023-09-30
002270,华明装备,0.5125,1454610465.77,21.234909649,9.6727,459276613.26,59.98,2.0936,3.66615406092,13.51,0.599875433874,54.4690763668,电网设备,2024-10-23,2023-09-30
002237,恒邦股份,0.36,50694546722.17,46.7816242591,18.5382,410265459.51,1.38,-29.718,7.560749762416,4.77,0.08301999738,2.7580501009,贵金属,2024-10-23,2023-09-30
002204,大连重工,0.1632,9227182998.86,23.8605877624,-16.5336,315235062.41,34.05,-15.1914,3.593333740383,4.63,-0.282705359389,21.1211100503,专用设备,2024-10-23,2023-09-30
002117,东港股份,0.2475,882250981.02,18.84131897,27.5832,135079133.54,13.34,12.3271,2.81922920969,8.7,-0.118193882229,37.0809031622,包装印刷,2024-10-23,2023-09-30
002045,国光电器,0.69,4324367340.03,-6.0257916781,29.4458,312152792.54,83.91,332.7551,5.118310150396,13.61,1.570211135283,14.4536302431,消费电子,2024-10-23,2023-09-30
000852,石化机械,0.0934,6126671188.72,12.270660954,-20.1068,87856733.64,82.56,-41.6793,3.194609934898,2.96,0.050008082297,14.6746916367,专用设备,2024-10-23,2023-09-30
000682,东方电子,0.257,4099606173.94,17.0609700225,15.6708,344501314.68,22.69,13.2416,3.27345857841,8.03,0.154272405568,32.7414294842,电网设备,2024-10-23,2023-09-30
000528,柳工,0.4235,21114099914.74,5.39326929,-16.0885,826302343.41,41.0,-28.9526,8.362234255252,5.16,-0.032316242499,20.6479143379,工程机械,2024-10-23,2023-09-30
000521,长虹美菱,0.4843,19167615833.84,24.6643849866,-18.7678,498774154.38,207.51,-40.2503,5.424318095219,9.26,2.336354625886,13.4473838164,白色家电,2024-10-23,2023-09-30
000404,长虹华意,0.3952,10726190172.33,8.1982543947,-14.5714,275053723.68,89.87,8.2858,5.371429989842,7.5,0.711444842528,11.4377024298,家电零部件Ⅱ,2024-10-23,2023-09-30
920992,中科美菱,0.1273,225685859.84,-32.0653467856,19.0765,12310510.11,-74.96,34.0279,6.177106059681,2.05,-0.190414958776,37.7340015322,医疗器械,2024-10-22,2023-09-30
831957,晨宇电气,0.1309,171115393.53,,,9684194.46,,,,11.46,0.487338646844,18.3968052205,,2024-10-22,2023-09-30
688721,龙图光罩,0.62,161321210.42,38.5876998927,4.8083,62554786.18,31.4521380194,1.4463,,,,59.4219754677,半导体,2024-10-22,2023-09-30
688687,凯因科技,0.539,1002328483.55,19.7909193074,20.2054,90254646.67,22.91,91.6631,10.070058000536,4.89,0.200596016152,83.3326160264,生物制品,2024-10-22,2023-09-30
688676,金盘科技,0.78,4773017639.11,49.7420598028,17.7448,333252169.07,98.3,36.8347,6.928537857958,11.13,-0.561602220466,21.9378326952,电网设备,2024-10-22,2023-09-30
688668,鼎通科技,0.54,490826361.37,-25.3882657717,-6.7865,53032600.72,-61.13,-32.16,17.387464622808,3.07,0.183546961332,28.4913213198,通信设备,2024-10-22,2023-09-30
688387,信科移动,-0.06,5281396586.85,21.3415212268,-12.045,-202626082.87,27.3230032361,-17.417,1.964160622134,-2.98,-0.383533618492,23.5639071139,通信设备,2024-10-22,2023-09-30
688368,晶丰明源,-0.4,915979711.9,13.5634523764,-14.1513,-34961164.75,82.5850192384,285.6743,22.56742080188,-2.37,4.116187182282,24.4340855832,半导体,2024-10-22,2023-09-30
688351,微电生理,0.0245,236071421.62,23.0129415786,4.3991,11519616.22,325.36,-18.4411,3.59461208181,0.68,-0.086572557055,65.5505034443,医疗器械,2024-10-22,2023-09-30
688208,道通科技,0.59,2189589090.79,41.8060131334,0.07,266530999.86,160.72,-33.7828,6.902620543052,8.05,0.362793606867,54.2164306414,计算机设备,2024-10-22,2023-09-30
605169,洪通燃气,0.383,1270840365.59,7.2915335635,20.6438,108342089.77,-24.76,105.5245,6.290540948035,6.15,0.498683759403,20.3091772852,燃气Ⅱ,2024-10-22,2023-09-30
605128,上海沿浦,0.8,1019658869.75,36.9194290495,16.7768,63623505.17,77.6,55.135,14.007438534384,5.51,0.827253364701,16.0132125777,汽车零部件,2024-10-22,2023-09-30
605090,九丰能源,1.83,19539406639.45,-3.3088593094,85.6748,1130971282.73,20.22,60.4601,11.935215663952,15.43,2.213756417988,9.0394592911,燃气Ⅱ,2024-10-22,2023-09-30
605056,咸亨国际,0.15,1674123615.57,35.9930798205,7.1773,60945596.61,-44.63,27.7543,3.62548373422,3.99,-0.203212595826,29.6660733718,通用设备,2024-10-22,2023-09-30
603969,银龙股份,0.14,2017815012.79,7.8353680217,-7.7207,118103496.11,22.98,-36.7393,2.567150711327,5.5,-0.167424480162,15.2251169955,通用设备,2024-10-22,2023-09-30
603527,众源新材,0.35,5525285513.35,2.9209333543,3.9698,89150736.5,-22.59,-41.5575,5.993859138086,6.97,-1.145420989541,3.9263256721,工业金属,2024-10-22,2023-09-30
603298,杭叉集团,1.01,12538041769.98,10.3224113618,-0.0071,1297804680.9,74.89,6.657,8.771651752049,18.12,0.987584098895,20.1886115953,工程机械,2024-10-22,2023-09-30
603236,移远通信,-0.07,9966795619.27,-1.6716774295,2.367,-18024634.54,-104.14,398.3539,13.25635044988,-0.49,1.376616603882,18.3658471595,通信设备,2024-10-22,2023-09-30
603166,福达股份,0.1,949387480.76,15.9159727218,-12.3391,64087382.69,31.63,-34.027,3.626455447886,2.69,0.446946715915,22.6954959799,汽车零部件,2024-10-22,2023-09-30
603165,荣晟环保,0.82,1678735394.73,-13.1647999042,-5.5284,222037267.03,64.39,-15.1938,7.491036478926,11.39,0.788321931621,14.2226743851,造纸,2024-10-22,2023-09-30
603138,海量数据,-0.301,163464345.85,-18.347901614,17.6815,-85352160.23,-45.2798101363,11.076,2.879638687188,-10.05,-0.238641352873,45.6167767976,IT服务Ⅱ,2024-10-22,2023-09-30
601318,中国平安,4.94,704938000000.0,5.1987685438,-8.0211,87575000000.0,-5.6,-43.6819,49.593794618342,9.8,17.16902800659,,保险Ⅱ,2024-10-22,2023-09-30
600941,中国移动,4.94,775560000000.0,7.1975032032,-12.5484,105506000000.0,7.1,-39.0242,59.836835667952,8.2,11.112829718933,28.7473567487,通信服务,2024-10-22,2023-09-30
600926,杭州银行,1.92,27432451000.0,5.2571700184,1.7023,11691537000.0,26.06,-17.6717,15.170139237851,13.12,3.33336835133,,银行Ⅱ,2024-10-22,2023-09-30
600829,人民同泰,0.4148,7824968820.09,7.8397113358,-2.7487,240539887.58,25.39,6.9165,4.663374339296,9.31,0.26823357713,9.4218007015,医药商业,2024-10-22,2023-09-30
600768,宁波富邦,0.005,226692407.97,5.7303181429,-12.8831,656203.38,78.49,-248.0645,2.939554633742,0.17,-0.122106368956,1.3659598165,工业金属,2024-10-22,2023-09-30
600714,金瑞矿业,0.035,187382888.63,-38.8146967231,4.0523,10013386.96,-82.92,26.69,2.55562549388,1.37,-0.025207472789,15.943891125,化学原料,2024-10-22,2023-09-30
600367,红星发展,0.06,1567744498.56,-24.910369688,1.8352,18551858.58,-92.21,40.2325,5.924067540648,1.07,0.349782693566,11.9809717567,化学原料,2024-10-22,2023-09-30
600312,平高电气,0.4071,7447381827.68,21.5115970946,-8.5804,552430730.59,209.78,19.6799,7.211713568358,5.7755,0.669796911731,19.9837060046,电网设备,2024-10-22,2023-09-30
600179,安通控股,0.0937,5401106790.84,-18.8045868963,-5.396,396397928.83,-76.31,-42.2484,2.36099463574,4.05,0.195836494833,9.0196767771,航运港口,2024-10-22,2023-09-30
600148,长春一东,-0.079,518198246.49,11.9785781073,-26.2598,-11220049.13,-103.8578258505,-235.2369,3.231664569172,-0.76,-0.733193541175,14.6713535071,汽车零部件,2024-10-22,2023-09-30
400286,苏药发3,0.015,1503350988.42,8.9088696806,-17.6192,10954011.07,123.3923304837,-2086.9168,2.563353312873,0.6,-0.402263056624,28.3396409981,,2024-10-22,2023-09-30
301301,川宁生物,0.29,3581333354.27,21.8318945025,1.4526,640149778.46,92.65,15.7176,2.992643065836,9.81,0.496078765894,29.9333999306,化学制药,2024-10-22,2023-09-30
301277,新天地,0.4881,490095621.64,9.3250679713,-3.4984,136681608.39,53.07,-8.5703,7.12217844806,9.81,0.4933154978,40.7324780279,化学制药,2024-10-22,2023-09-30
301261,恒工精密,1.1496,630422462.69,-4.7151082774,-9.5834,81389502.79,6.76,-26.1432,16.364688694857,9.43,0.758332624949,25.1520794728,通用设备,2024-10-22,2023-09-30
301256,华融化学,0.2173,749404538.78,-6.5249010043,3.6041,104296555.85,37.82,-39.2747,3.576811402208,6.21,0.066614649708,17.53268079,化学原料,2024-10-22,2023-09-30
301200,大族数控,0.38,1140178979.92,-46.878512354,-21.4151,159429972.01,-60.16,48.5317,12.013960774071,2.93,0.681626137643,34.5061526496,专用设备,2024-10-22,2023-09-30
301078,孩子王,0.1052,6347181857.8,-0.5811085911,6.0348,116972328.17,-22.95,-23.4642,2.796421695247,3.87,0.351061489014,29.3156742937,专业连锁Ⅱ,2024-10-22,2023-09-30
301065,本立科技,0.45,524381524.18,-12.188525868,5.0933,47852225.43,-7.56,-4.8133,12.116971515752,3.76,0.059521494246,18.5423825014,化学制药,2024-10-22,2023-09-30
300950,德固特,0.25,228761818.17,14.5756527893,-6.4293,37736129.88,-24.98,-41.3994,4.405723467467,5.86,0.187868619733,36.830298764,专用设备,2024-10-22,2023-09-30
300927,江天化学,0.3737,529615220.27,-3.9419742974,0.243,53952613.65,6.19,-10.7736,4.652523760391,8.21,0.447505206705,20.7953028548,化学原料,2024-10-22,2023-09-30
300852,四会富仕,1.5404,971014652.87,10.1235946981,9.7553,157012217.24,-0.95,10.2645,13.266442196938,12.16,1.514002177262,28.0655269686,元件,2024-10-22,2023-09-30
300838,浙江力诺,0.59,799082959.9,11.8180400213,-4.3501,79891873.02,8.95,-21.0651,7.121208631509,8.43,-0.091477248936,24.9823318238,通用设备,2024-10-22,2023-09-30
300761,立华股份,-0.4568,11160681320.76,10.2592385183,18.4212,-284708789.62,-143.81,252.9325,9.455951349866,-3.49,1.088736238507,4.3821620637,养殖业,2024-10-22,2023-09-30
300717,华信新材,0.29,236476663.5,-5.043481198,17.3882,29921118.03,-13.35,-40.0101,6.452351694381,4.54,0.388537654001,26.0151729348,塑料,2024-10-22,2023-09-30
300685,艾德生物,0.44,707591539.73,18.0777526978,-5.5615,173733402.19,-22.5,-32.3596,4.035272844862,10.95,0.540616299441,83.6020680852,医疗器械,2024-10-22,2023-09-30
300631,久吾高科,0.0941,483701559.17,-4.4082085193,-27.546,11540134.58,-38.98,-44.2447,9.845177162683,0.96,-0.253570474098,26.949962705,环保设备Ⅱ,2024-10-22,2023-09-30
300501,海顺新材,0.39,758017323.85,6.1654342038,-13.9983,75825343.85,-8.95,102.7199,8.591878060887,4.65,0.019851819785,29.271950764,包装印刷,2024-10-22,2023-09-30
300395,菲利华,0.7977,1494618717.02,17.3198133864,-9.878,410334063.8,9.67,-29.3675,7.221913130506,11.8,0.571292869745,50.5442910207,航空装备Ⅱ,2024-10-22,2023-09-30
300354,东华测试,0.5952,305634743.52,37.0444475352,-17.9453,82331092.0,47.92,7.5141,4.810987200344,12.85,-0.351784361852,66.367217563,通用设备,2024-10-22,2023-09-30
300258,精锻科技,0.3904,1505543207.14,18.6068906261,11.7044,188072481.46,8.18,-26.8831,7.323077191404,5.51,0.917831508414,26.2546876533,汽车零部件,2024-10-22,2023-09-30
300240,飞力达,0.1127,3527560227.92,-34.7624902977,6.0111,41689341.03,-58.14,-43.461,4.024036027112,2.8,0.02530350531,8.4201292394,物流,2024-10-22,2023-09-30
300019,硅宝科技,0.5715,1912460035.2,-5.2836605559,8.4319,223520851.58,34.78,18.0472,5.978231382198,9.84,0.727571582784,25.5227855916,化学制品,2024-10-22,2023-09-30
003008,开普检测,0.45,131709523.48,18.4990502128,-2.3498,46804198.18,-10.04,-2.7622,13.20090094825,4.44,0.885862152375,65.3459806747,专业服务,2024-10-22,2023-09-30
002891,中宠股份,0.6039,2712334231.77,11.0587699911,-1.1787,176735549.56,54.18,0.0742,7.369921362938,8.34,0.982867053689,25.8471998583,饲料,2024-10-22,2023-09-30
002827,高争民爆,0.3,1156277246.69,37.9459136621,9.8122,83071199.44,107.05,76.823,2.935264363007,10.35,0.184429352355,29.5368349137,化学制品,2024-10-22,2023-09-30
002788,鹭燕医药,0.67,14775163931.09,3.1513920362,-8.3321,261975916.42,4.43,-33.1553,7.336475573963,9.34,1.908437056493,7.3626971884,医药商业,2024-10-22,2023-09-30
002722,物产金轮,0.43,2028199084.87,-4.0804545501,-14.477,89399262.18,19.06,15.906,11.71851300883,3.72,0.598243705679,15.8248632023,专用设备,2024-10-22,2023-09-30
002648,卫星化学,1.02,32048862371.82,15.408873061,2.5345,3430674033.79,11.43,36.5803,7.318262203817,14.33,1.355278805375,18.367062295,化学原料,2024-10-22,2023-09-30
002632,道明光学,0.2143,970467162.89,4.2252879818,3.9162,133824250.87,16.81,25.8324,3.518344343617,5.86,0.159554428137,32.0358170929,塑料,2024-10-22,2023-09-30
002548,金新农,-0.38,3181312749.65,4.9701733142,12.9693,-308457743.46,-685.05,49.1323,2.226996922849,-15.57,0.076793891982,4.2516302229,饲料,2024-10-22,2023-09-30
002481,双塔食品,-0.0055,1590274399.83,-13.9953274712,15.01,-6550472.51,96.66,895.1998,1.904731317046,-0.28,0.244593746104,7.1869379355,农产品加工,2024-10-22,2023-09-30
002354,天娱数科,0.0082,1356778752.64,3.5339207844,-32.7449,13568015.64,150.06,-53.381,1.534854092917,0.56,0.049721497625,20.526252199,广告营销,2024-10-22,2023-09-30
002334,英威腾,0.3787,3302131863.26,13.8877266264,-8.0044,300826468.89,85.73,-37.2942,3.207902728668,12.18,0.485849203339,31.6406619501,自动化设备,2024-10-22,2023-09-30
002302,西部建设,0.2627,16341718699.23,-10.3978279582,-17.8536,355307401.53,-39.49,-15.8069,7.172394208995,3.69,-1.270149159899,10.3144688379,水泥,2024-10-22,2023-09-30
002294,信立泰,0.43,2456303071.76,-3.6112973822,-3.1069,479174717.55,-11.2,11.7422,7.095251705053,6.04,0.479851040611,68.0638553158,化学制药,2024-10-22,2023-09-30
002188,中天服务,0.07,249383022.01,17.6507952543,5.3191,19583997.21,-59.54,-67.5734,0.448981421886,15.94,-0.023255162059,27.94342389,房地产服务,2024-10-22,2023-09-30
002186,全聚德,0.2338,1090018021.42,93.1503320645,21.1765,71746407.21,140.9,133.8502,2.660012134319,9.14,0.491162298428,21.0238841245,酒店餐饮,2024-10-22,2023-09-30
002123,梦网科技,0.01,3330094685.89,34.1899237385,-27.3403,5141707.05,-72.58,-220.0971,4.264143001087,-1.03,0.353516795988,8.4590500767,通信服务,2024-10-22,2023-09-30
002083,孚日股份,0.3,3990936693.34,0.1414842914,7.0068,245763421.48,7.23,17.4429,4.764233987588,6.18,0.429885628611,16.6712228793,纺织制造,2024-10-22,2023-09-30
002022,科华生物,-0.0388,1904222528.93,-64.6241014666,-9.8666,-19954130.67,-101.67,-22.1456,8.276930299458,-0.43,-1.056496342565,44.4009271897,医疗器械,2024-10-22,2023-09-30
001359,平安电工,0.8904,676982480.55,,6.2563,123873272.06,,-19.1129,,,,33.385382698,塑料,2024-10-22,2023-09-30
000975,山金国际,0.4028,7095031594.72,10.3012188814,5.9799,1118347234.31,20.24,-12.4321,4.053461155669,10.21,0.753028584809,29.0745035589,贵金属,2024-10-22,2023-09-30
000933,神火股份,1.83,28629482229.4,-10.9051638273,-0.775,4102635115.71,-29.94,14.2776,7.929989435059,24.22,3.128412889772,27.2449751772,工业金属,2024-10-22,2023-09-30
000063,中兴通讯,1.65,89393443000.0,-3.4200559161,-9.1036,7841166000.0,14.9732602286,-16.2859,13.855064204268,12.6,1.936343895122,43.6714446718,通信设备,2024-10-22,2023-09-30
920982,锦波生物,2.29,517043663.93,105.6441924013,6.6106,192274739.14,173.75,24.7111,12.427777863731,32.72,2.675263900508,89.965366413,医疗美容,2024-10-21,2023-09-30
603889,新澳股份,0.49,3510641994.72,12.3419329824,-11.4405,351075165.66,3.94,-41.4263,4.340400308388,11.53,0.1238333438,19.4195510606,纺织制造,2024-10-21,2023-09-30
430558,均信担保,0.05,86556779.53,-21.8611520923,-31.1173,35039533.35,-14.53,-46.7111,1.559330908553,3.17,-0.043906198071,,,2024-10-21,2023-09-30
301607,富特科技,1.15,1396077671.36,19.8539229681,,95567383.88,36.487397571,,,,,26.5341782395,汽车零部件,2024-10-21,2023-09-30
300433,蓝思科技,0.33,33807875101.12,7.0669297522,31.8437,1649488614.87,117.23,123.628,9.017413647298,3.7,0.843393128137,18.032231531,消费电子,2024-10-21,2023-09-30
300232,洲明科技,0.17,5068954802.5,3.1223724866,5.9397,191003753.1,-24.75,-139.4346,4.387914621383,4.04,0.343528887309,29.486115158,光学光电子,2024-10-21,2023-09-30
002627,三峡旅游,0.1415,1281618510.39,-18.7950786522,1.539,104414613.99,1482.97,7.8244,4.219205962778,3.4,0.297597427049,16.4719626214,旅游及景区,2024-10-21,2023-09-30
002276,万马股份,0.4757,11743741794.32,6.820856112,8.2024,478171444.73,42.39,3.6479,5.129592150984,9.37,-0.776626049597,13.6379528883,电网设备,2024-10-21,2023-09-30
000766,通化金马,0.0161,1044242077.32,3.007519528,-24.8093,15550635.98,24.76,25.148,2.397695336411,0.66,0.087983893211,75.0919560819,化学制药,2024-10-21,2023-09-30
688593,新相微,0.079,350922307.21,9.8379913741,8.0118,32144184.31,-67.14,-118.2458,3.484302618175,2.99,0.159463293396,25.3430896249,半导体,2024-10-19,2023-09-30
688589,力合微,0.68,448308687.36,28.2522602013,37.9452,81366353.32,58.3,5.0869,8.82651579092,9.33,2.405811730188,40.4989074736,半导体,2024-10-19,2023-09-30
688195,腾景科技,0.24,246561822.71,-5.9110283126,-10.4626,31187032.27,-30.45,-22.0491,6.897486583997,3.53,0.326501608272,28.8014211038,光学光电子,2024-10-19,2023-09-30
688007,光峰科技,0.28,1650629298.46,-12.0042788171,-6.0003,128559185.24,40.72,-12.4313,6.147644647501,4.72,0.45380017527,38.1225809246,消费电子,2024-10-19,2023-09-30
605507,国邦医药,0.88,4053476803.52,-1.4555487041,-11.1322,489073265.39,-32.17,-19.1837,13.079327088786,6.75,0.019497761171,24.6530619697,化学制药,2024-10-19,2023-09-30
603799,华友钴业,1.88,51091095666.88,4.8840714323,24.6591,3013180644.02,0.18,-12.5285,18.775382093764,10.51,1.451864216365,14.8898590456,能源金属,2024-10-19,2023-09-30
603350,安乃达,1.22,1157463314.95,1.3882186353,18.7558,106512318.23,-6.9409495206,-15.8916,,,,19.5838792644,电机Ⅱ,2024-10-19,2023-09-30
603309,维力医疗,0.49,977117684.48,-2.7207096671,11.9536,143918861.68,4.67,29.6465,6.027874713568,8.22,0.37596355241,45.3930875231,医疗器械,2024-10-19,2023-09-30
603303,得邦照明,0.5823,3642731667.84,1.5680822772,-11.9797,277739411.68,26.22,14.8871,7.103738566918,8.3413,1.514159485093,18.1180841284,照明设备Ⅱ,2024-10-19,2023-09-30
603093,南华期货,0.49,4848452662.56,-6.9441045109,-3.316,298427365.55,126.21,22.6813,5.937238122669,8.56,4.217750037421,,多元金融,2024-10-19,2023-09-30
603083,剑桥科技,0.45,2330397534.02,-17.8658838707,-11.2388,120280166.64,62.83,-142.2092,8.035493717216,5.88,0.201296749432,22.7164626744,通信设备,2024-10-19,2023-09-30
601899,紫金矿业,0.615,225007761249.0,10.1946715513,-0.9479,16164921291.0,-3.01,20.6252,3.922134860012,16.76,0.977080846894,15.158224466,工业金属,2024-10-19,2023-09-30
601168,西部矿业,0.92,32233576938.0,17.6728554632,-14.0507,2197752873.0,-7.67,-16.4426,6.306129642048,14.07,2.256931168275,18.8159735628,工业金属,2024-10-19,2023-09-30
600976,健民集团,2.72,3117619192.23,10.9478873174,-16.7115,415123959.23,31.85,6.5054,13.917058961294,20.08,1.094468082694,47.2091987116,中药Ⅱ,2024-10-19,2023-09-30
600862,中航高科,0.606,3622570931.35,7.6941149627,4.2818,844392239.12,25.84,35.0677,4.34312533505,14.7,0.264007513146,37.4406040338,航空装备Ⅱ,2024-10-19,2023-09-30
600509,天富能源,0.2962,6366030691.1,17.6760767583,-1.8945,408514550.74,163.6491307893,42.4475,5.332912442889,6.92,1.022137468726,18.8256211852,电力,2024-10-19,2023-09-30
600436,片仔癀,3.99,7599876766.77,14.8751657385,5.7474,2404648414.6,17.16,12.0152,21.559663068488,19.56,3.944086254427,48.4540494603,中药Ⅱ,2024-10-19,2023-09-30
600388,龙净环保,0.6,7530984476.42,0.7121469838,2.6532,641594995.16,0.87,-12.0747,7.106120355872,8.36,0.535411929405,23.6738396211,环保设备Ⅱ,2024-10-19,2023-09-30
600318,新力金融,0.0746,264564847.77,6.017280542,-9.4208,38242502.88,1741.51,9.2527,2.049382299977,3.71,0.208705209124,82.5924475348,多元金融,2024-10-19,2023-09-30
600292,电投水电,0.11,2901549315.79,0.6758727646,4.7498,88664498.91,115.76,40.1864,6.609929692261,1.73,0.219031734214,16.2922263154,电力,2024-10-19,2023-09-30
600169,ST太重,0.0316,6640899894.63,8.4786040856,20.6349,105255859.65,10.62,80.693,1.543000427648,2.05,-0.016291303282,17.3649318353,专用设备,2024-10-19,2023-09-30
300876,蒙泰高新,0.2686,329204771.83,11.0689187769,13.3543,25783643.85,-36.16,870.8358,8.705548571075,2.88,0.035362768429,18.1410604464,化学纤维,2024-10-19,2023-09-30
300778,新城市,0.0528,237499979.74,-26.2010171048,-18.454,-13674709.79,-81.08,-236.5591,7.454544364746,0.75,-0.241557199192,36.2342441436,工程咨询服务Ⅱ,2024-10-19,2023-09-30
300750,宁德时代,7.0958,294677250600.0,40.0955185273,5.2128,31145473600.0,77.05,-4.2844,40.960939249078,18.25,11.974303254302,21.9159138917,电池,2024-10-19,2023-09-30
300690,双一科技,0.42,518790848.53,-26.9627384888,2.3641,69399597.99,67.1,-34.315,8.4747236079,5.01,0.865557715863,28.1382343836,风电设备,2024-10-19,2023-09-30
300557,理工光科,0.25,402038217.94,12.5389815637,13.3127,17863643.17,15.32,-67.2303,13.059181674638,1.91,-0.220726542629,28.8220389703,通用设备,2024-10-19,2023-09-30
300556,丝路视觉,0.04,951046920.49,21.5088132817,-12.1915,4523510.61,-70.32,-79.8495,7.438085680403,0.5,-0.915298673242,23.8709852447,软件开发,2024-10-19,2023-09-30
300529,健帆生物,0.53,1485982086.0,-26.6435942116,7.7919,423655185.12,-51.5,80.476,3.703400965989,11.17,0.730652646812,80.6625263442,医疗器械,2024-10-19,2023-09-30
300508,维宏股份,0.4618,325002806.02,7.594635059,-6.4462,50379502.77,45.03,-96.0842,6.44566562115,7.48,0.706411128161,60.8786698407,计算机设备,2024-10-19,2023-09-30
300184,力源信息,0.0652,4329956370.57,-31.0945120918,23.0034,75512351.82,-65.25,22.4614,3.166437821957,2.12,0.092293002126,9.2678444217,其他电子Ⅱ,2024-10-19,2023-09-30
300182,捷成股份,0.1631,2007527214.96,-12.3881702767,-36.4594,432047393.27,-11.49,-59.034,3.000640436769,5.66,0.266244180083,35.6020410246,影视院线,2024-10-19,2023-09-30
300131,英唐智控,0.03,3609824776.51,-8.5311382598,9.4495,38704485.49,-6.27,-10.051,1.503835407419,2.14,0.061070260865,7.5541809033,其他电子Ⅱ,2024-10-19,2023-09-30
003017,大洋生物,0.49,714741924.74,-2.7791559709,1.1719,40176231.69,-19.81,265.8682,16.688843435667,3.99,1.1784508955,16.6067495401,化学原料,2024-10-19,2023-09-30
003006,百亚股份,0.42,1476123359.0,30.6969104796,23.1817,182396321.0,44.59,-1.8359,3.098776636214,14.04,0.491662237632,49.0100672541,个护用品,2024-10-19,2023-09-30
002984,森麒麟,1.51,5742034622.35,20.8848861003,17.3835,993389694.31,50.06,8.7387,14.963763891405,11.43,2.077234448619,24.3695173006,汽车零部件,2024-10-19,2023-09-30
002817,黄山胶囊,0.18,355505976.1,18.0384261907,-11.2309,55117552.98,14.59,-4.1016,2.979478207506,6.31,0.223257662526,29.4955349613,化学制药,2024-10-19,2023-09-30
002783,凯龙股份,0.43,2713903374.67,9.0298766777,8.1449,169696109.78,6.99,-30.189,3.98215303944,11.33,0.648371453612,28.5435626607,化学制品,2024-10-19,2023-09-30
002588,史丹利,0.501,7601703960.99,10.4871560847,11.5439,579587453.26,35.77,-1.9657,5.174063692203,10.19,1.067614636964,17.9401049524,农化制品,2024-10-19,2023-09-30
002311,海大集团,1.36,86926370791.72,10.0961745312,16.3774,2251573197.16,7.13,66.321,11.607878879769,12.02,5.589103192417,8.7084525379,饲料,2024-10-19,2023-09-30
002230,科大讯飞,0.04,12613745271.17,-0.3716559422,-3.6693,99362112.37,-76.36,-80.3829,7.050995191415,0.6,-0.505941003461,40.3029845752,软件开发,2024-10-19,2023-09-30
001260,坤泰股份,0.34,341694851.96,5.6531783482,20.0836,36822690.77,-20.58,16.9357,6.606658502957,7.86,-0.188973729043,29.5505873415,汽车零部件,2024-10-19,2023-09-30
000721,西安饮食,-0.1138,585593007.01,54.4543370787,2.2432,-65334842.19,53.49,-29.2669,0.828414224655,-12.86,0.091807708861,27.553626218,酒店餐饮,2024-10-19,2023-09-30
000715,中兴商业,0.19,614623079.75,13.6409703196,-1.3183,79956810.26,66.53,0.1549,4.36689476135,4.5,0.564719674499,55.2881746758,一般零售,2024-10-19,2023-09-30
000610,*ST西旅,-0.2726,533016268.92,39.6728606798,79.1984,-64534639.37,20.2,31.5122,2.476515319517,-10.43,0.070350137465,6.0435893815,旅游及景区,2024-10-19,2023-09-30
000001,平安银行,1.94,127634000000.0,-7.6888583517,-10.3144,39635000000.0,8.1,32.1094,20.401731423271,9.88,5.973925590024,,银行Ⅱ,2024-10-19,2023-09-30
874561,金标股份,0.84,502408547.68,4.2575423944,,50352542.08,-14.9550862567,,,11.72,,27.2192712388,,2024-10-18,2023-09-30
832381,国汇小贷,0.04,13658346.78,-4.5820100068,2.666,6112656.17,-22.41,159.5169,1.1834201576,3.4,0.1501011748,,,2024-10-18,2023-09-30
688313,仕佳光子,-0.0609,541138506.89,-20.9602471679,16.678,-27639748.66,-141.06,31.7313,2.53337925539,-2.33,0.086548332946,19.7754242061,通信设备,2024-10-18,2023-09-30
688312,燕麦科技,0.31,208120991.63,-12.7647327071,30.374,45164081.1,-31.4,-31.5432,9.069171497667,3.39,0.253840445719,58.0143808245,专用设备,2024-10-18,2023-09-30
688157,松井股份,0.48,415129015.36,6.951628046,11.6111,53604252.3,-16.16,13.5241,11.453864182376,4.14,-0.03589080428,50.0378942483,化学制品,2024-10-18,2023-09-30
603659,璞泰来,0.81,11687527605.25,2.3988331469,-5.471,1628919664.21,-28.35,-46.129,7.300540036028,11.33,0.317898633362,31.8530025716,电池,2024-10-18,2023-09-30
603499,翔港科技,0.0416,493868608.63,8.5026674288,3.9852,8377876.34,127.67,42.7836,2.845106545703,1.39,0.249892400151,18.8134344027,包装印刷,2024-10-18,2023-09-30
603162,海通发展,0.17,1136407878.64,-26.3591565203,-0.6088,151407708.31,-70.47,-68.8679,5.899562001244,4.94,0.291224547212,16.818050364,航运港口,2024-10-18,2023-09-30
603129,春风动力,5.34,9386452047.61,8.7732023886,-20.5591,801718309.43,40.58,-26.7307,32.738726005873,17.43,8.88665646161,32.9167446527,摩托车及其他,2024-10-18,2023-09-30
603058,永吉股份,0.146,518992117.91,36.5682657252,63.3825,60528371.92,551.1307640359,1291.9764,2.392736007194,5.822,-0.052680563949,34.6963991698,包装印刷,2024-10-18,2023-09-30
600746,江苏索普,-0.1269,3917109487.9,-34.79703888,33.4136,-148254907.44,-121.02,173.0799,4.368177959562,-2.79,0.040210433632,2.3306840065,化学原料,2024-10-18,2023-09-30
600660,福耀玻璃,1.58,23825860896.0,16.564482739,10.2242,4125932922.0,5.77,-32.8892,11.527890202661,14.05,2.08810760528,34.9417577033,汽车零部件,2024-10-18,2023-09-30
301195,北路智控,1.24,709360218.34,30.8037348756,16.6322,163530163.23,17.35,10.3861,16.947701180885,7.49,1.353324246851,45.6958217926,软件开发,2024-10-18,2023-09-30
301175,中科环保,0.1404,1065258883.34,-4.7450280762,-23.0974,206718303.9,18.43,-13.3399,2.270391049535,6.3,0.192848573681,39.2636236131,环境治理,2024-10-18,2023-09-30
300976,达瑞电子,0.51,925063737.44,0.9003101762,23.7648,47775692.99,-57.49,100.9954,33.50025899002,1.51,1.646401612575,26.4035363353,消费电子,2024-10-18,2023-09-30
300967,晓鸣股份,-0.4254,636809823.84,10.2219783057,-27.1929,-79765474.87,-546.12,-76.6318,3.805578867119,-9.89,0.241599588875,6.8918313847,养殖业,2024-10-18,2023-09-30
300908,仲景食品,1.3992,734291319.3,12.2137553882,15.9906,139918886.05,36.74,-0.1915,16.4479789744,8.52,1.81058057,41.5699864573,调味发酵品Ⅱ,2024-10-18,2023-09-30
300855,图南股份,0.66,1065480129.74,46.1685892963,4.8019,260705268.99,40.94,-13.6849,4.447999918949,16.05,-0.008378954598,35.6171970812,金属新材料,2024-10-18,2023-09-30
300610,晨化股份,0.18,718186478.14,-14.6695559043,11.3704,39082235.91,-66.44,111.157,5.107340236734,3.37,0.205334013817,16.3549391802,化学制品,2024-10-18,2023-09-30
300401,花园生物,0.27,897780746.5,-16.7385446394,-29.0282,148933265.99,-57.9,-51.4518,4.79930975338,5.67,0.187777265122,59.8571773905,化学制药,2024-10-18,2023-09-30
300389,艾比森,0.6073,2537449588.23,42.5744331873,7.1459,219444600.36,93.09,20.1241,3.694330287952,17.24,1.102187586002,31.9593168909,光学光电子,2024-10-18,2023-09-30
300371,汇中股份,0.3824,324938420.76,-8.0145173688,1.5179,76597012.2,-16.61,-3.2584,5.280631991049,7.42,-0.017562333707,52.5888053097,通用设备,2024-10-18,2023-09-30
300200,高盟新材,0.24,775394936.57,4.794134458,9.05,100809065.51,-6.92,-37.2041,4.715329048089,5.05,0.152129227704,28.9068045971,化学制品,2024-10-18,2023-09-30
003015,日久光电,0.01,355470041.83,-1.5894171464,14.2849,3638496.64,-89.65,-77.5403,3.561187773255,0.35,0.252689993189,22.4851040607,光学光电子,2024-10-18,2023-09-30
002997,瑞鹄模具,0.84,1297770642.92,56.5723421953,-7.7476,154326929.7,44.98,35.6682,7.911056630516,11.01,0.845657630212,23.9803081151,汽车零部件,2024-10-18,2023-09-30
002915,中欣氟材,-0.1153,917549864.29,-22.0003228277,13.8326,-37803283.73,-130.87,-120.5705,5.021460845446,-1.97,-0.498962261445,12.6333724314,化学制品,2024-10-18,2023-09-30
002550,千红制药,0.1549,1465941311.21,-11.0919765567,-8.7734,197855106.96,-26.28,138.3062,1.927920747429,8.03,0.305518266128,42.9347253282,化学制药,2024-10-18,2023-09-30
001367,海森药业,0.8,283171670.7,-10.4377032361,3.9176,71926596.85,-13.11,25.5101,17.886352114559,8.17,0.557479628676,40.0707705822,化学制药,2024-10-18,2023-09-30
000902,新洋丰,0.7892,11885355145.37,-3.2207883823,5.6494,990250632.2,-17.55,6.8469,7.090233044281,11.05,1.572525038859,14.6868703573,农化制品,2024-10-18,2023-09-30
000739,普洛药业,0.7281,8500085529.08,12.5719207835,-11.2686,851344083.86,29.53,-30.8155,5.102009190836,14.77,0.720002992405,26.7799139492,化学制药,2024-10-18,2023-09-30
000629,钒钛股份,0.0973,11156329645.45,-2.0277334338,-4.0356,869140703.83,-29.19,-2.7763,1.28963459987,8.36,0.035213763757,14.1848880318,冶钢原料,2024-10-18,2023-09-30
688352,颀中科技,0.22,1147208204.32,16.914941516,20.5258,244959111.44,-0.76,33.9794,4.796954849249,5.34,0.275807977832,34.6073858289,半导体,2024-10-17,2023-09-30
603713,密尔克卫,2.45,7626521734.36,-16.1303763071,42.2451,402884372.39,-15.45,2.4615,24.333986613779,10.27,2.437984824482,11.6889237793,物流,2024-10-17,2023-09-30
603239,浙江仙通,0.36,734245942.8,13.4820453646,19.9261,96964305.94,6.54,84.4982,3.753906557624,9.82,0.344771328236,28.956010505,汽车零部件,2024-10-17,2023-09-30
300472,*ST新元,-0.33,203990233.02,-55.7066141415,29.7052,-90047961.88,-351.77,56.8763,2.666155439469,-11.69,-0.395368173119,17.0585541253,专用设备,2024-10-17,2023-09-30
300172,中电环保,0.1498,773192368.41,-6.9268679007,-25.4763,101361134.36,10.54,-60.8773,2.727414820588,5.58,-0.033202110431,26.2554325397,环境治理,2024-10-17,2023-09-30
002261,拓维信息,0.0584,1872678252.39,17.0450734606,112.1201,72708365.51,-29.27,-6.9043,2.051181036902,2.87,-0.40426892335,23.6169345095,软件开发,2024-10-17,2023-09-30
920242,建邦科技,0.82,394749237.01,24.5257521167,15.8307,50163954.73,31.44,1.944,7.508445118128,10.73,0.511375157236,28.8530589325,汽车零部件,2024-10-16,2023-09-30
900937,华电B股,-0.01,13545309833.16,2.5031439679,-19.3117,-64592870.16,91.1807621637,-315.7757,0.441854630782,-1.87,0.247224925241,19.3226575089,电力,2024-10-16,2023-09-30
688372,伟测科技,0.79,515520603.83,-5.064243594,18.5624,89635732.97,-46.05,-56.5699,21.304335074798,3.75,2.739031038093,38.438392962,半导体,2024-10-16,2023-09-30
688041,海光信息,0.39,3942722953.12,3.2160685964,-8.229,901634547.05,38.27,-48.8234,7.765331594095,5.13,0.396664905282,60.6250342167,半导体,2024-10-16,2023-09-30
603333,福华尚纬,0.05,1604017783.75,6.3898293573,-8.4069,30307926.7,59.9,-69.32,3.443357248539,1.43,0.022427602964,17.7970180089,电网设备,2024-10-16,2023-09-30
600726,华电能源,-0.01,13545309833.16,2.5031439679,-19.3117,-64592870.16,91.1807621637,-315.7757,0.441854630782,-1.87,0.247224925241,19.3226575089,电力,2024-10-16,2023-09-30
300641,正丹股份,0.0552,1127205320.87,-25.7599710205,14.0082,27050401.01,-63.42,-89.9553,3.058581890311,1.75,0.122472187811,4.1405461654,化学制品,2024-10-16,2023-09-30
002380,科远智慧,0.3769,1000552399.0,11.1795447703,-24.9886,90451981.75,45.14,40.6279,7.859079561598,5.28,0.106064965036,37.1357122387,IT服务Ⅱ,2024-10-16,2023-09-30
001207,联科科技,0.6,1423483025.31,8.9929773875,2.4429,113566497.69,56.91,28.6021,8.379621326407,7.74,0.358190061599,14.4170428,橡胶,2024-10-16,2023-09-30
000059,华锦股份,-0.2451,32970768148.07,-7.2217093425,-4.8473,-392010520.87,-176.45,259.6104,8.663506278688,-2.75,-1.67611878531,14.6159717139,炼化及贸易,2024-10-16,2023-09-30
920394,民士达,0.5,258459165.65,24.7195401906,-3.2865,63927546.0,41.32,3.0555,4.270824198291,13.39,0.564395121915,35.7040914753,造纸,2024-10-15,2023-09-30
839934,颐丰智农,0.09,134875824.59,,188.085,6513690.06,,-97.5329,,2.1,-0.53207485586,18.2056890734,,2024-10-15,2023-09-30
600674,川投能源,0.8612,1020393773.49,15.5072410542,59.295,3841676555.79,31.6,81.3042,7.869937023186,10.49,0.094753576464,49.6531522637,电力,2024-10-15,2023-09-30
600415,小商品城,0.43,7905614090.44,25.079775282,-9.7358,2316659790.32,43.01,-58.9879,3.156488484872,14.19,0.067892687335,27.1020016081,一般零售,2024-10-15,2023-09-30
600096,云天化,2.0195,53302529369.74,-5.5906323527,-6.4621,3704449908.73,-27.8,-7.0991,9.884782257212,21.23,3.830381963136,14.1292048543,农化制品,2024-10-15,2023-09-30
301215,中汽股份,0.09,261561133.72,11.0417327812,2.8472,122987353.65,18.12,4.8374,2.100790295092,4.45,0.057703028282,72.1308198495,汽车服务,2024-10-15,2023-09-30
301050,雷电微力,1.09,725113999.73,9.7717109176,-4.7882,264281075.87,6.83,-34.3752,15.020554865473,10.64,1.825620791494,52.3086004864,军工电子Ⅱ,2024-10-15,2023-09-30
300453,三鑫医疗,0.2737,929961012.41,-5.5451070333,12.7544,141410327.37,-0.78,16.1903,2.258332859099,12.7,0.40580635175,34.3998443226,医疗器械,2024-10-15,2023-09-30
002998,优彩资源,0.34,1875810585.64,16.3753421267,22.023,111134136.48,106.07,15.0642,4.935851348594,6.58,0.077173103135,8.3920322406,化学纤维,2024-10-15,2023-09-30
002852,道道全,0.54,5253965992.04,8.6467043328,22.4051,185293337.27,249.4,-8.931,6.131708695776,9.04,4.290499813464,8.1496810681,农产品加工,2024-10-15,2023-09-30
002843,泰嘉股份,0.48,1409590492.89,207.5881716818,-6.8992,102629604.76,6.84,71.7923,6.57443899801,13.43,0.098568971334,17.9766088015,通用设备,2024-10-15,2023-09-30
002800,天顺股份,0.15,780566138.53,-20.4496399666,-39.3944,16312965.19,-20.33,-79.1601,5.269790219859,2.89,1.080507178563,8.6700135286,物流,2024-10-15,2023-09-30
002536,飞龙股份,0.39,3065098606.46,26.6752415867,9.7843,224567479.52,286.49,10.6822,6.377064465769,9.44,0.955559869953,22.3264016328,汽车零部件,2024-10-15,2023-09-30
600770,综艺股份,-0.08,272781228.57,-10.0216590926,0.3508,-109528970.69,66.577343267,24.3838,2.547675010977,-3.27,0.037313519123,39.2981500531,综合Ⅱ,2024-10-14,2023-09-30
301227,森鹰窗业,1.2714,678286086.13,1.1856893991,37.2237,120531714.51,39.06,58.8009,19.130614538713,6.67,1.344077615295,36.1849859519,家居用品,2024-10-12,2023-09-30
300102,乾照光电,-0.1,1837452086.44,50.8375633346,-2.244,-87249791.5,-301.53,458.2746,4.433389047335,-2.14,0.291949651525,9.8916702009,光学光电子,2024-10-12,2023-09-30
002521,齐峰新材,0.32,2713498383.7,10.3728504756,6.9414,157409958.89,4134.88,119.804,7.384829724035,4.34,1.08746678368,13.4576516048,造纸,2024-10-12,2023-09-30
300708,聚灿光电,0.14,1828450773.31,18.6170709019,-4.0433,77080789.27,158.92,59.2115,4.22161640022,4.25,0.470948945005,9.8439702527,光学光电子,2024-10-11,2023-09-30
600816,建元信托,0.0044,84539714.87,-53.03,-33.5164,34389658.51,102.73,-79.6184,1.309536381231,0.46,-0.159378615368,,多元金融,2024-10-09,2023-09-30
872924,雅图高新,0.92,454440410.1,,,77328984.58,,,6.203822338196,16.05,0.871582683025,43.3779768455,,2024-09-27,2023-09-30
688545,兴福电子,,634027400.0,,,104660300.0,,,,,,,电子化学品Ⅱ,2024-09-20,2023-09-30
874473,八桂种苗,0.38,193085620.17,,,52721244.7,,,2.060274112682,20.15,0.668847384508,48.7577244888,,2024-06-28,2023-09-30
874423,衣科股份,0.89,142735635.27,,,49279792.27,,,4.776596729886,19.69,2.181352514074,90.3625068442,,2024-06-28,2023-09-30
874381,钰烯股份,0.35,246790042.99,,,23408276.66,,,4.056165117381,9.11,0.064497564759,32.1961062883,,2024-06-26,2023-09-30
873494,中奥电力,0.0208,61684739.67,,,835230.19,,,1.434101122824,1.6,-0.396988527101,32.176695559,,2024-06-26,2023-09-30
874472,生力材料,0.41,615655160.42,,,42609424.25,,,3.037307468454,14.36,-0.541141531076,12.8691721135,,2024-06-25,2023-09-30
874379,舒友仪器,1.72,151077897.64,,,51666080.36,,,9.489920404667,19.46,2.028391966333,54.7418373845,,2024-06-24,2023-09-30
874461,紫江新材,1.171,554062363.69,,,69545090.87,,,9.085023015173,13.78,2.123461831501,26.4992681423,,2024-06-17,2023-09-30
874445,科金明,0.95,389162645.7,,,26124064.58,,,8.480591182272,11.86,-0.115148508946,31.9864444379,,2024-06-12,2023-09-30
874432,天永诚,0.51,226354548.24,,,44716910.51,,,2.999168633341,19.87,0.64218929767,34.0547854193,,2024-06-12,2023-09-30
874451,紫光国芯,-1.2181,603178345.17,,,-129280557.68,,,6.011205726663,-18.35,-2.06822281592,14.2874203824,,2024-06-05,2023-09-30
400222,R园城1,-0.01,110263510.84,150.9980858966,-44.1577,-1829559.78,-110.54,-607.983,0.284430548679,-3.26,0.15156137623,-0.5322159938,,2024-06-01,2023-09-30
920020,泰凯英,0.6587,1558592806.09,,,116596349.23,,,2.888187680734,24.74,-0.177255645367,20.6956884774,工程机械,2024-05-21,2023-09-30
873762,智达科技,0.11,265766679.46,12.6343251095,9.2047,9376896.11,291.14,-376.531,5.083814253176,2.4,0.229590294824,30.6651011013,,2024-04-30,2023-09-30
400255,亚星3,-0.28,630943149.02,-31.2390370272,7.9128,-81269968.19,15.4877658452,-22.6823,0.27456595986,-68.79,1.145201731993,8.6680078364,,2024-04-30,2023-09-30
400237,天通5,-0.1087,219865340.04,-75.3683147317,-14.0723,-131341955.16,-909.95,49.3257,0.93995257984,-10.89,0.021384735278,10.6394764249,,2024-04-30,2023-09-30
874393,泛美实验,0.59,346055312.07,,,35207604.92,,,6.664510222718,9.31,0.105134291586,22.9895973173,,2024-04-29,2023-09-30
872974,华英包装,0.3,992160669.82,-8.4675188083,,42532793.18,32.67,,3.484763364833,9.1,1.273065918841,13.1696589035,,2024-04-29,2023-09-30
874066,德博尔,0.5183,169558866.63,24.61500326,,33169798.92,84.21,,3.253024181515,16.1,0.558805664697,48.3201446544,,2024-04-23,2023-09-30
874771,米朗科技,0.41,60750169.31,,,12303659.9,,,1.985063044,17.74,0.227009923,44.9755026041,,2024-03-29,2023-09-30
874614,富兰克,0.19,575322663.97,,,33794458.31,,,2.823778751748,6.67,-0.099418413806,25.8827727753,,2024-03-29,2023-09-30
874490,臻善科技,-0.23,135809992.53,,,-17386413.68,,,2.223911973784,-9.89,-1.926781828514,51.6867516611,,2024-03-29,2023-09-30
874203,天华机器,0.86,163106091.87,,,25314245.63,,,6.137607926667,15.16,0.534010690667,39.309381253,,2024-03-28,2023-09-30
873934,佛山青松,0.86,268629589.71,,,47348007.17,,,4.305502117378,21.65,0.950472619905,45.8567647231,,2024-03-27,2023-09-30
834327,车讯互联,0.21,186245228.34,-6.9381238361,,12004115.5,-23.47,,5.583762867719,4.67,-0.326647715789,33.3606779319,,2024-03-21,2023-09-30
600930,华电新能,0.22,21785759200.0,,-10.673,8175906000.0,,-34.6449,2.090909755556,,0.371653008333,55.8134531295,电力,2024-03-19,2023-09-30
874783,铭基高科,0.4,793474500.0,,,31136600.0,,,6.95929728,5.9,0.82069248,15.1146256118,,2024-03-17,2023-09-30
873976,今大禹,0.61,222536554.16,47.1241088353,-57.0041,38300245.2,-0.7610265046,-97.2316,4.10212615,20.27,0.071446829595,41.8337768469,,2024-03-15,2023-09-30
874458,舟海智能,0.49,420052296.75,,,5526405.34,,,3.913355792158,13.29,1.869576249105,13.5879521625,,2024-03-12,2023-09-30
874025,凯达重工,0.27,319177531.35,16.8152839934,,43355929.9,25.01,,2.346715411576,11.49,0.137806011818,26.1100847724,,2024-03-04,2023-09-30
873928,瑞能半导,0.27,638825192.59,-14.4177447741,16.2678,96751057.1,-7.15,51.5649,17.034954065691,6.7,1.04258078145,39.4617392245,,2024-02-29,2023-09-30
874497,永盛科技,0.43,411705630.54,,,30264261.89,,,4.145729531495,10.3,-0.257284480421,31.8479282001,,2024-02-07,2023-09-30
874171,伟荣股份,0.46,296495470.59,,,48906822.6,,,3.83447961898,12.44,0.304757034707,27.419065036,,2024-02-07,2023-09-30
874281,联川生物,0.7,190596193.21,,,32478682.6,,,9.775075527742,7.41,0.137629804516,52.1373885996,,2024-02-02,2023-09-30
839258,汇兴智造,0.3391,354384245.11,64.2773100573,-24.1759,21237885.49,88.6218859275,-19.9605,3.397772839762,11.56,-1.921215661324,20.3523974825,,2024-01-30,2023-09-30
001388,信通电子,,654752600.0,21.0320634337,,79637400.0,5.7296901159,,,,,,电网设备,2024-01-26,2023-09-30
603376,大明电子,,1462211400.0,19.1462312618,,132885900.0,41.7823149139,,,,,,汽车零部件,2024-01-24,2023-09-30
874070,天广实,-2.52,32516358.26,1049.0570626985,,-176806492.83,15.3233733141,,5.158783650716,-56.5,-1.715287425189,29.4810132591,,2024-01-22,2023-09-30
874717,鹰峰电子,,1077078900.0,3.6126517461,-3.5333,81969500.0,11.8632849549,-20.507,,,,,,2024-01-12,2023-09-30
001400,江顺科技,,763413000.0,13.6120347533,5.1154,105757500.0,6.9937052707,-22.5848,,,,,专用设备,2024-01-12,2023-09-30
873848,晟源生物,0.6011,2887129640.46,6.9861269835,-25.176,93700992.19,32.44,-79.0878,3.859996015407,16.89,4.096712127545,3.703039919,,2024-01-08,2023-09-30
832861,奇致激光,0.62,197014133.17,9.6607215827,-27.3061,37358151.01,41.79,-28.3063,5.120002305333,11.95,0.3858085955,55.4115992662,,2024-01-03,2023-09-30
874846,一通密封,,225354000.0,26.0551724215,-2.4667,47869900.0,32.8870443883,-9.4501,,,,,,2023-12-29,2023-09-30
874343,新纳科技,,805273600.0,4.1482038857,,58020300.0,-5.5905037751,,,,,,,2023-12-29,2023-09-30
873514,高义包装,0.6,798243967.31,,,65766973.44,,,7.644462480092,8.28,0.612246839248,26.4979150989,,2023-12-26,2023-09-30
838849,东岳机械,0.16,352151153.39,7.9942559256,-0.0331,34423997.3,70.4868137787,132.7498,1.719729031073,10.0527,-0.002321489079,24.167046747,,2023-12-26,2023-09-30
301687,新广益,,374236600.0,7.1290225991,45.2517,60389700.0,2.787304624,106.0751,,,,,塑料,2023-12-26,2023-09-30
874859,昌德科技,,728798400.0,-5.0045555682,,59808300.0,-64.622531019,,,,,,,2023-12-25,2023-09-30
920191,瑞尔竞达,0.337,350514972.21,29.339132146,117.9471,44841942.26,5.59,-7.9765,3.386408500632,10.59,-0.089893009679,29.1603393874,装修建材,2023-12-22,2023-09-30
873825,梦天门,0.14,47770654.97,8.2979807807,16.6202,7780557.83,38.5691397672,-31.7326,2.622238096249,5.37,0.11449950584,68.2582305193,,2023-12-22,2023-09-30
873735,弘森药业,0.71,290450086.53,8.0934198034,,70400444.25,4.9569515108,,2.074786524864,31.49,0.268200294584,58.3773414447,,2023-12-22,2023-09-30
831237,飞宇科技,0.1133,271943077.93,-7.1608690004,-8.8903,17533325.28,15.2984668733,21.7612,2.0378958323,5.72,-0.048773963437,19.6689411612,,2023-12-22,2023-09-30
873919,天演维真,0.25,78708195.84,28.4087568221,,7926237.65,-633.52,,3.210096522222,8.13,0.480845346984,57.9519657301,,2023-12-21,2023-09-30
871037,天和环保,0.35,115598630.32,-6.1636661625,-4.2821,20801892.11,-8.3005019773,120.0011,3.117884105782,11.88,0.078738822789,39.557559154,,2023-12-21,2023-09-30
834489,安瑞升,1.05,433543866.29,-16.1116273324,-6.6672,105694618.95,-39.0870072227,-39.3328,6.783383504469,16.26,0.509017681962,19.4631658919,,2023-12-21,2023-09-30
873788,锐思环保,0.56,231023437.9,29.1375758321,59.4493,28650174.18,11.036300883,36.0081,6.360146902995,,-0.745947708019,31.9562272301,,2023-12-20,2023-09-30
835203,亚微软件,0.202,81286573.83,-1.882314801,43.6356,5247012.48,-45.9003018924,485.1921,4.386256736248,4.99,-0.816025749257,46.7178779603,,2023-12-20,2023-09-30
874056,恒升医学,0.4,180977406.19,-20.5977620581,,30560914.08,-15.17,,5.180929831395,7.91,0.756737826227,63.4401544022,,2023-12-19,2023-09-30
873862,兴洋科技,1.08,463760635.01,53.9425031336,,215168785.67,75.7708857988,,2.94063127337,45.35,0.381064598805,63.5402691097,,2023-12-19,2023-09-30
873805,双达股份,0.34,289506806.24,20.903367706,-18.8356,35485805.91,28.35,9.4062,2.335261395704,15.11,-0.17728815591,36.7590740204,,2023-12-18,2023-09-30
839010,延安医药,0.44,314413725.79,32.8255181188,,55109542.3,46.4768843446,,4.225996325611,10.85,0.456374756107,51.5640253499,,2023-12-18,2023-09-30
873876,商信政通,0.1,67928067.71,-15.9716321062,-35.1998,5068303.9,-84.91,-48.1575,3.349045231243,2.81,-0.337808276867,52.397202791,,2023-12-14,2023-09-30
870840,鼎欣科技,0.42,601618578.07,18.5288169225,4.1065,27298919.64,49.2384101083,-22.757,5.857536407163,7.61,-0.769777313976,22.1454726859,,2023-12-13,2023-09-30
301449,天溯计量,,524745900.0,25.4595897421,,74613200.0,55.2824141519,,,,,,专业服务,2023-12-13,2023-09-30
839515,护航科技,0.3,206040089.64,-5.1399170374,,31140814.38,15.93,,2.517659232984,12.76,0.162676806768,31.0229363964,,2023-12-12,2023-09-30
833478,侨益股份,,1229793000.0,-9.2413536178,20.8991,54592000.0,-3.173226489,-50.6756,4.744690279633,,-0.201767551485,,,2023-12-11,2023-09-30
832586,圣兆药物,-0.99,15805481.04,-1.841470811,1.7728,-126759249.25,-43.8508917606,16.6163,2.395777780604,-34.64,-0.760483823996,40.0450159915,,2023-12-11,2023-09-30
873885,国环科技,0.12,225503301.19,4.4643824214,-74.5984,23898335.82,-31.71,-103.4676,1.239892543821,10.14,-0.117585215802,27.3648508489,,2023-12-08,2023-09-30
873778,华亿创新,0.25,74008296.91,17.9043585121,77.5412,12678463.2,19.2317025902,192.5215,1.814214255,15.03,-0.1133268826,42.409043189,,2023-12-08,2023-09-30
872709,巍特环境,0.59,178766658.7,-14.8017299777,-38.3354,34291862.99,-12.4064270389,-48.0917,5.204316279505,11.87,-0.573288575189,44.469245808,,2023-12-08,2023-09-30
838547,天盛股份,0.95,1297862485.24,257.2673840618,,49186557.26,178.85,,5.75104362886,17.92,-3.593636776335,10.441202216,,2023-12-08,2023-09-30
873709,英普环境,0.34,184628138.09,-9.8946485728,-24.4465,23042465.86,-11.123467767,11.2635,3.314655131204,10.63,0.476392909857,30.1727813357,,2023-12-07,2023-09-30
872325,侨宝陈皮,0.51,227993466.87,-10.7540172957,,64050544.79,-14.42,,1.904005171878,27.43,0.46872585036,54.165897052,,2023-12-07,2023-09-30
838549,金博士,-0.28,103935585.95,-14.1208224646,,-28756330.71,-1049.6914065181,,2.358079660711,-10.47,-0.632699358045,20.8110673378,,2023-12-07,2023-09-30
870225,华聪股份,0.6,164125573.61,22.17111334,,30114641.0,78.9107738753,,5.086979601023,12.24,0.158748245588,43.803807986,,2023-12-06,2023-09-30
832499,天海流体,0.3,165280485.59,27.5784424422,,27653051.07,47.7101127818,,2.1235939146,15.4,0.017137918725,31.5803302632,,2023-12-05,2023-09-30
836193,瑞一科技,0.61,191470096.72,-21.6790247116,-58.0946,48305896.62,-39.7880922518,-87.9727,4.5861237754,14.57,0.551071282534,48.3842514455,,2023-12-04,2023-09-30
870757,森罗股份,-0.08,43607909.53,13.4762730565,64.6127,-3413588.91,-721.7646702538,-624.2576,2.422232480397,-2.92,-0.23320813452,47.5864162572,,2023-12-01,2023-09-30
837758,宏天信业,0.82,174663780.5,28.5124350967,213.3751,42930580.74,102.62,1187.9297,3.81858458925,24.05,-0.011674557834,41.5713275083,,2023-12-01,2023-09-30
834565,特美股份,1.25,237684462.56,20.7155294081,-5.4848,66797936.09,96.9905120696,50.8153,3.598698488619,40.75,1.028502822948,33.8362407302,,2023-12-01,2023-09-30
831828,利特尔,0.3,252261736.85,4.8620301023,3.7785,18104910.98,31.62,43.3634,3.267704718586,9.55,1.067639939638,20.2165473991,,2023-12-01,2023-09-30
833453,永创医药,1.6359,250132611.59,11.9493593772,-32.4804,49712221.2,9.1719372701,-58.198,5.130938883062,35.0,-0.425876607818,27.5482735506,,2023-11-30,2023-09-30
870536,快达农化,0.3331,751149117.05,-3.1572953696,-29.083,85052426.75,-29.1673884513,-55.9071,3.833522242798,8.91,0.443797776263,22.8163305967,,2023-11-29,2023-09-30
873860,格林司通,0.0265,103164431.99,79.772026608,-60.744,1941514.61,140.3398783814,-218.5041,2.541144281033,1.1,-0.118357624425,32.4093688542,,2023-11-28,2023-09-30
873850,百翔科技,0.46,151312091.53,-1.810866547,,28022233.25,-7.7017450056,,4.0974323,11.95,0.68845665664,35.4202750739,,2023-11-28,2023-09-30
839036,珠海鸿瑞,0.4,114837168.85,1.9958909253,-13.5845,24864034.29,-4.2741752423,-65.3396,4.581539958548,8.86,0.515559203208,44.1138796326,,2023-11-28,2023-09-30
833640,中崎股份,0.48,166147226.32,22.3326095878,-4.8735,24378878.46,51.0632623596,-8.2259,5.244301922085,9.46,0.31406090458,33.0636679087,,2023-11-28,2023-09-30
874007,公元新能,0.35,758613546.67,-1.0106423557,,47101788.21,48.72,,2.747393905641,13.89,1.001901760618,13.7241059255,,2023-11-27,2023-09-30
873914,东方智汇,-0.16,159613938.97,-2.8386295572,,-15834856.55,-6.9537032291,,1.489338600336,-9.39,-0.086667203861,37.9566039789,,2023-11-24,2023-09-30
836249,恒丰特导,0.24,590207109.77,-8.4999340009,-5.6254,40716683.67,-3.6036427755,-10.0527,2.868647364433,8.46,0.012009672586,13.0994371095,,2023-11-24,2023-09-30
430623,箭鹿股份,0.45,546260895.47,1.9451443628,-12.014,70606518.69,5.2788173683,-16.1591,4.870414487637,9.71,0.27676127749,23.3460220249,,2023-11-24,2023-09-30
873873,鸿普森,0.15,95251113.51,-8.7579542333,-72.4237,4882503.41,-63.78,-140.1759,2.153987264575,6.68,-1.898755531917,19.6248526355,,2023-11-22,2023-09-30
872967,蓉中电气,0.33,260055353.76,8.8286641448,,19727790.58,21.3120901744,,3.383701273734,10.29,-0.004101147937,19.8447327786,,2023-11-22,2023-09-30
838381,德孚转向,0.95,204103224.13,9.2392163441,16.5897,38189243.24,18.6440639453,132.697,6.001657740199,16.78,0.78274208139,33.3658832438,,2023-11-22,2023-09-30
920111,聚星科技,0.51,419417311.33,13.0300771359,-5.5017,55300593.8,120.2168244872,-20.1681,4.198232685973,12.28,0.342431565882,25.3468402372,电网设备,2023-11-21,2023-09-30
837601,天瑞电子,0.5,81933080.12,0.8567452635,-0.9844,20192413.5,18.1255552203,-2.2585,3.083137069,17.03,0.27271604625,34.8900600199,,2023-11-21,2023-09-30
836266,亿维股份,0.14,95526628.35,10.0497859936,-28.1651,8141464.84,44.6946605838,-4.4732,2.091929189167,6.75,-0.020974616167,46.921385706,,2023-11-21,2023-09-30
833334,摩尔股份,0.4094,82091544.24,39.2738229612,23.3576,20324942.58,71.0159458015,-39.8621,3.991349178852,10.81,0.577115164552,45.0564288593,,2023-11-21,2023-09-30
430547,畅想高科,0.35,79178723.24,89.5030369536,-22.7928,11332266.86,470.6534668275,-37.6012,5.080435773822,6.92,0.3843561889,57.5869418503,,2023-11-21,2023-09-30
873931,潜阳科技,0.47,457018549.78,-22.6306768128,49.645,62729229.63,-35.6274203646,41.6285,3.64736378231,12.52,0.634789601408,26.1998872907,,2023-11-20,2023-09-30
873384,瑞克科技,1.921,301569981.33,43.3382920098,-39.7528,60226128.52,70.8055327663,-35.3196,11.301785597068,17.45,0.909144180037,36.578415177,,2023-11-20,2023-09-30
832214,太川股份,0.62,145777129.22,13.4866730365,0.787,25994508.64,1424.0291185152,47.5787,4.396565097527,15.37,0.736044619844,43.6015177278,,2023-11-20,2023-09-30
831860,盛安传动,0.19,149146186.75,-4.1864657881,-9.4456,21186503.09,-10.6947075872,107.7673,4.501371103022,4.41,0.254868199725,27.120552534,,2023-11-20,2023-09-30
831187,创尔生物,0.39,211855998.98,24.4679028881,,33481938.79,58.4992936685,,4.0251312863,9.88,0.560548497372,78.5667352265,,2023-11-20,2023-09-30
839483,用友金融,0.22,360971478.0,16.364804816,-11.9145,22573792.0,60.073146174,-64.997,4.473832589493,4.96,-1.215850295743,49.491844339,,2023-11-17,2023-09-30
832093,科伦股份,0.2,177570717.11,8.8612074174,15.5172,18140767.6,26.5522328828,81.3995,2.45174433376,,-0.031885885273,25.6813779615,,2023-11-17,2023-09-30
001382,新亚电缆,,2223956400.0,15.0746325883,,127114800.0,102.4969055512,,,,,,电网设备,2023-11-17,2023-09-30
874834,六合宁远,,481769900.0,42.4213256298,,76067300.0,40.0499683325,,,,,,,2023-11-16,2023-09-30
832063,鸿辉光通,0.2,585143275.77,-17.4342261897,-15.1892,26055843.09,-39.1357162003,301.3617,4.205771922879,4.75,0.904888200303,14.281322054,,2023-11-16,2023-09-30
831288,安美勤,,104466141.49,31.5717194868,16.7123,39970306.4,21.2067632014,63.9808,3.174506722901,,-0.053153112504,71.7170550012,,2023-11-15,2023-09-30
873777,红东方,2.11,939767567.66,-44.8088335535,-22.5455,161994640.51,-76.4610641445,22.5432,10.091557620757,18.21,3.376335260313,27.2654184011,,2023-11-14,2023-09-30
873874,涅生科技,0.5,204664334.84,1.1969443436,,18117241.6,11.1709051832,,3.693908173366,12.89,-0.239207753897,38.4405338583,,2023-11-13,2023-09-30
873811,千禧龙纤,0.79,267379842.22,13.1781213046,-14.5283,66746242.32,45.74,3.7214,5.212287675916,15.31,0.434087440229,43.3327668638,,2023-11-10,2023-09-30
873760,华兴股份,0.58,690073577.03,-0.4214688712,-1.3467,42329758.47,21.7699546862,46.6822,6.4546303787,9.12,-0.323550951991,15.4319574107,,2023-11-10,2023-09-30
833339,胜软科技,-0.38,156839669.02,96.1013352357,-35.968,-19361538.41,63.4719407255,83.0121,3.814845193319,-9.65,-0.310218398695,41.8251515958,,2023-11-10,2023-09-30
603409,汇通控股,,504928700.0,15.1241350221,,108518900.0,-1.4939449751,,,,,,汽车零部件,2023-11-10,2023-09-30
873738,伟邦科技,0.63,132354043.43,12.0294328328,-12.2374,22749077.88,60.58,-22.6288,7.511576346804,8.7,0.551084197993,38.0539689493,,2023-11-09,2023-09-30
831255,佳和电气,-0.19,55285043.39,-31.6429999308,28.9845,-10995578.95,-179.1910038375,-108.5019,2.371594101379,-7.64,-0.588042692696,43.9893259348,,2023-11-09,2023-09-30
873707,丰岛食品,0.3,551217467.17,6.4004706173,-8.1909,20143371.2,39.2225480111,65.4713,4.283075531106,7.24,0.649639545805,12.6148200141,,2023-11-06,2023-09-30
838194,金泰美林,0.48,106691522.56,22.3062783112,17.9124,25062796.42,15.8520490762,162.8241,2.781570075572,18.99,-0.082627055356,52.5617861049,,2023-11-06,2023-09-30
837326,同瑞节能,0.33,196901411.55,15.5293309267,-3.6615,19835493.82,-2.33,5.8158,2.237671846667,13.92,-0.133564908667,29.4436926194,,2023-11-06,2023-09-30
400228,R三盛1,-0.1054,208707691.15,15.779455775,162.6699,-39457979.65,72.61,14.2932,3.511264943374,-2.96,-1.8328178848,19.4368550658,,2023-11-04,2023-09-30
873575,西诺稀贵,0.4758,248557513.29,19.4552854242,0.1748,37446468.06,39.0979071441,-8.469,3.49686903291,13.94,-0.345616885896,34.1460606668,,2023-11-03,2023-09-30
839583,图南电子,0.41,100904953.7,-11.3790340744,25.1685,12876905.28,-36.35,210.1736,5.149024712053,7.58,0.127867157002,43.8571240036,,2023-11-03,2023-09-30
835287,鹏业软件,-0.12,52021543.94,-7.4125982705,-26.0985,-5705640.99,-212.6559470098,-265.1465,2.276231387029,-4.82,-0.985490809414,68.3599939498,,2023-11-03,2023-09-30
001335,信凯科技,,793162300.0,-15.907493417,0.5095,66490500.0,-6.7527411985,0.1683,,,,,化学制品,2023-11-03,2023-09-30
831406,森达电气,0.3376,333298787.52,20.6413055215,-43.2189,52349767.37,37.8323294935,-11.8424,2.881029449712,11.59,-0.40694620714,32.8280167906,,2023-11-02,2023-09-30
874058,九州风神,2.9472,1141385413.55,98.1603378771,,222319736.07,717.79,,9.714898654623,34.95,1.969777242205,41.0019538479,,2023-11-01,2023-09-30
874839,广州医药,0.17,38882421925.36,5.5266907897,-4.8994,414949164.62,-5.7351782414,-28.9476,2.623689199763,,-0.385794200732,6.5395062964,,2023-10-31,2023-09-30
874248,天润控制,2.0,167021326.22,7.9960817129,,30072307.53,42.05,,9.769870751333,22.94,0.363863349333,31.8011027586,,2023-10-31,2023-09-30
874219,巨隆股份,0.47,292324328.43,-27.6751435771,,23628981.63,-39.83,,5.4556397954,9.07,0.3149344372,21.445935498,,2023-10-31,2023-09-30
874167,锐智智能,0.24,69606891.95,1.5948498184,,8726402.52,-36.52,,4.002242161667,6.29,0.18480728,44.8411605455,,2023-10-31,2023-09-30
874072,宝特股份,0.61,225768387.83,7.0313966259,,24914744.93,101.79,,5.435985938727,11.89,0.375870866039,26.0146700628,,2023-10-31,2023-09-30
873985,久煜智能,1.94,121075521.76,56.8101679262,,24163541.34,32.72,,8.231675662919,26.13,-1.637123472792,42.5167077802,,2023-10-31,2023-09-30
873691,绿晶生物,0.84,155496242.15,13.4030851941,,52099482.88,17.76,,5.847071028257,14.85,0.746700532642,62.8395502997,,2023-10-31,2023-09-30
873652,常荣电器,,182221591.92,13.0715575122,-17.5135,34800437.46,13.5787354836,-28.3712,7.392355540327,6.73,0.866102554569,43.1700151618,,2023-10-31,2023-09-30
873048,ST佳农,0.23,107789800.96,13.7166598831,,7701276.74,10.88,,1.831483825006,13.18,-0.462052506066,15.204969435,,2023-10-31,2023-09-30
871992,恒康药房,0.37,344188081.9,4.1683416436,,20997747.27,43.53,,2.532045296791,16.81,1.122938000943,33.7189910294,,2023-10-31,2023-09-30
871633,华电光大,0.23,222477956.33,22.5297692803,,30336210.45,135.74,,2.025628169154,12.22,-0.013977572308,28.1680632292,,2023-10-31,2023-09-30
870070,海融医药,-1.02,49366750.89,254.899841658,,-56206837.53,21.62,,0.692887414422,-86.66,-0.371026831681,53.3952997813,,2023-10-31,2023-09-30
838103,红一种业,0.27,67455845.04,33.8398261764,,15700000.87,50.56,,2.563285207905,11.49,0.054125975009,37.2224542812,,2023-10-31,2023-09-30
837726,自然盛景,-0.08,,-100.0,,-907606.41,-15.37,,-0.142082150909,,-0.100469120909,,,2023-10-31,2023-09-30
836836,加力股份,0.42,695286172.78,27.874190507,,28582317.36,5.77,,3.896901502914,11.29,1.674846263986,11.7489189643,,2023-10-31,2023-09-30
836514,光华伟业,0.96,328968650.31,40.4040103943,,55528374.77,404.97,,4.156635670252,26.31,-0.023781263631,33.9846160461,,2023-10-31,2023-09-30
835993,泽衡环保,0.55,74880733.38,17.5376191885,,32708242.28,157.88,,4.089575723833,14.28,-0.0436820965,64.0680786692,,2023-10-31,2023-09-30
834684,聚合科技,0.13,215256616.2,-46.1727267565,6.3475,6065157.72,-68.44,190.9639,4.090389210107,3.19,0.283193870674,16.8364867059,,2023-10-31,2023-09-30
831892,新玻电力,0.49,87836768.59,-29.0858740493,-30.774,17756250.4,23.29,-48.1917,5.792089197266,8.63,-0.125717122905,41.8353716785,,2023-10-31,2023-09-30
831378,富耐克,0.1908,246325279.07,4.4040814906,-0.1128,24627772.57,-42.4,114.167,3.99621519921,4.89,0.591668867194,35.5879065888,,2023-10-31,2023-09-30
400253,威创3,0.01,363457506.5,-15.6788424395,-9.7723,13471442.67,-82.36,-206.5533,2.208161785756,0.68,-0.568779895173,50.6778608464,,2023-10-31,2023-09-30
400251,海印5,-0.0405,702089390.84,-33.1226826323,3.5814,-97357813.43,-219.24,-436.7023,1.258704781253,-2.94,0.121896178711,42.3267243256,,2023-10-31,2023-09-30
400250,鼎龙5,0.0589,392714374.01,64.0970732058,108.5423,50551683.76,153.33,-101.5846,1.168010442917,4.74,0.014136974487,24.1664618921,,2023-10-31,2023-09-30
400249,R深天1,-0.4854,137122379.24,-53.086115971,2.147,-67353671.12,27.47,45.1139,0.523839843959,-63.32,-0.010543929988,1.6534900886,,2023-10-31,2023-09-30
400248,R通达1,0.0351,594839499.05,-64.1285764408,-17.8107,56019927.15,-81.87,-30.3388,1.975270573646,1.8,-0.435122320332,37.6997333126,,2023-10-31,2023-09-30
400246,新纶3,-0.2805,485853577.64,-34.8117275904,21.9881,-323153106.11,-193.59,50.0733,0.727118878269,-32.6,0.03907421248,10.7704950562,,2023-10-31,2023-09-30
400241,洪涛3,-0.1375,514078831.57,-57.1860605808,-17.6781,-241470396.58,4.96,-86.0521,1.587607852235,-8.14,0.01432335915,-0.6561775418,,2023-10-31,2023-09-30
400235,R爱康1,0.0045,3717056189.58,-14.0352078867,-43.2479,20228424.83,107.43,-291.1357,0.642924442074,0.7,-0.014784209607,9.8431741251,,2023-10-31,2023-09-30
400225,中南3,-0.31,31867513858.96,-7.2289166586,-22.4499,-1201689079.8,41.21,-204.6722,3.329618616102,-8.69,0.069869681319,9.4291934888,,2023-10-31,2023-09-30
400221,太安堂3,-0.33,378017542.78,-45.8621522142,-4.0539,-253679602.44,-74.54,-230.5041,4.38074468753,-7.27,-0.148243485923,25.8715134887,,2023-10-31,2023-09-30
400218,R新纺1,-0.1462,2194013835.79,-17.5312297318,-77.0972,-119411442.9,64.91,-247.1496,0.708264860787,-18.61,-0.499051908189,9.1442254624,,2023-10-31,2023-09-30
400216,中资5,0.0004,10763954.35,-47.0143510403,-83.2934,154633.58,33.39,-98.6517,1.402191629536,0.03,-0.047331350261,7.8315491927,,2023-10-31,2023-09-30
400212,民生5,0.0108,31715507.29,119.5417540849,102.5414,5722402.55,163.87,-57.0402,1.618041934411,0.67,0.039377585782,,,2023-10-31,2023-09-30
400210,博天5,0.04,459710110.24,-21.8904535632,-5.9098,35687269.92,114.15,26.8671,1.764262749468,2.11,0.100764605514,28.952383314,,2023-10-31,2023-09-30
400207,R鸿达1,-0.2606,2219816266.08,-42.0418071432,-75.7153,-813603253.1,-383.34,29.5089,3.002906874687,-8.25,0.00136677106,-3.9941810651,,2023-10-31,2023-09-30
400206,R爱迪1,-0.47,194433244.42,-5.2136046265,-24.9621,-211689332.41,-14.87,-4.8595,-1.719632448654,,-0.008953350124,-19.3586965656,,2023-10-31,2023-09-30
400205,泛海3,-1.3254,6560035186.1,-26.07,-42.3385,-6887041987.5,-207.4,7.212,-2.319823352934,,0.025854053982,43.3884679987,,2023-10-31,2023-09-30
400204,柏龙3,-0.06,60209045.92,-16.4011379384,36.354,-33935795.04,46.3,-15.9599,-1.279788164186,,-0.027760159162,8.2371886387,,2023-10-31,2023-09-30
400167,未来3,-0.38,50271479.83,-94.9928446137,18.25,-197205993.92,-452.6061521428,41.7097,2.513364297729,-14.13,0.040188965622,0.2357096318,,2023-10-31,2023-09-30
400122,域潇5,-0.07,28674447.75,390.657598446,,-54771217.23,-116.5022546596,,1.644240253666,-3.92,-0.377982176676,-34.3081506426,,2023-10-31,2023-09-30
400028,R金马1,-0.0035,0.0,,,-1075494.99,-138.61,25.8648,0.010262535726,-29.17,-0.004370937518,,,2023-10-31,2023-09-30
874280,楚大智能,1.25,205407743.19,50.7267889519,-30.1826,25612476.76,296.86,-63.0675,4.953203987589,29.13,1.875162580838,32.9627785099,,2023-10-30,2023-09-30
874265,金鑫电机,3.26,315536234.49,35.0164694389,,39991745.95,76.18,,18.1681608646,20.16,2.343833350734,19.1736682881,,2023-10-30,2023-09-30
874178,孕婴世界,0.26,567080382.16,14.8215749211,,67998103.35,3.82,,2.120425524401,13.16,0.388638021868,20.9476474107,,2023-10-30,2023-09-30
874048,盈浩文创,0.56,289546155.3,-14.2418842919,,31594509.62,-11.42,,3.718477552997,16.19,-0.36658240676,46.9786383035,,2023-10-30,2023-09-30
873943,昌发展,0.04,387898476.7,16.8009642703,,28782210.6,4.26,,2.823248809059,1.61,0.361367864871,43.7914664541,,2023-10-30,2023-09-30
873940,和华瑞博,-1.46,7256637.16,,,-72765165.13,-13.92,,4.5653242164,-28.12,-1.3777579548,70.518675623,,2023-10-30,2023-09-30
873905,美托股份,0.39,124733590.87,18.726412347,,24095517.06,19.63,,2.836570696567,13.96,0.053619268944,41.5234888363,,2023-10-30,2023-09-30
873749,金苑种业,-0.02,156015286.08,46.5989823352,263.1917,-2350832.35,-119.23,126.6824,3.739506114473,-0.6,0.783751050333,23.4048215707,,2023-10-30,2023-09-30
872801,智明星通,2.29,1042101865.14,-10.3065225406,,231287800.17,-15.94,,19.953010034888,12.19,0.905853193649,60.4713412787,,2023-10-30,2023-09-30
872595,海通期货,0.1611,6605800181.57,123.81125424,-49.3068,209731960.38,-0.15,-32.7938,2.824391298986,5.87,-2.911262247683,,,2023-10-30,2023-09-30
870849,亿安天下,0.5374,300481319.46,49.3549609966,,27595903.1,70.42,,2.787174729514,21.34,0.185973484382,29.2749615544,,2023-10-30,2023-09-30
870092,派沃股份,1.92,313178802.7,47.030578663,,24460919.11,129.01,,8.458591775075,25.81,0.608726936432,29.8558787197,,2023-10-30,2023-09-30
838486,远正智能,0.39,68087420.65,223.1716471735,,22954038.34,560.66,,2.330729839107,17.84,0.544071728222,64.561791048,,2023-10-30,2023-09-30
836388,力姆泰克,0.61,70668015.81,-36.6948374219,,19854821.2,-20.57,,5.283801740196,11.85,0.257935310355,41.9333981439,,2023-10-30,2023-09-30
836331,优晟股份,-0.03,7513360.54,1198.3862712704,,-745951.27,54.2,,0.135283564794,-26.02,0.056637368516,13.1793439797,,2023-10-30,2023-09-30
836090,创富港,0.24,552447927.29,6.5768533648,3.9496,26430156.14,-6.38,20.1182,1.682750605626,14.74,3.221838571368,36.3918330667,,2023-10-30,2023-09-30
833572,励福环保,0.48,1263967400.16,118.4922819768,2.2468,35267276.01,-33.44,17.6012,5.513595626015,9.15,1.397845109502,7.4351007382,,2023-10-30,2023-09-30
833042,海控能源,0.08,341035271.4,-8.754844838,40.8096,38974890.96,-2.58,28.2635,2.027259717311,4.15,0.100023510028,31.2203660791,,2023-10-30,2023-09-30
832792,鹿城银行,0.13,189359073.0,4.1079999555,-5.9877,63523703.0,4.35,41.9357,1.609544378634,7.97,0.047424955997,,,2023-10-30,2023-09-30
832684,天运股份,0.13,207893623.01,-8.9687303648,,16015073.54,-48.41,,1.454736673937,9.56,-0.272199215363,19.8714522273,,2023-10-30,2023-09-30
830978,先临三维,0.18,719025268.28,31.2359509142,-4.039,66759201.68,2247.33,-42.6166,3.187003786682,5.92,0.594310007978,66.165599142,,2023-10-30,2023-09-30
430451,万人调查,0.2,23108108.94,0.7406634193,,10521691.79,2259.04,,1.348208051684,15.98,0.066280600077,69.0387228631,,2023-10-30,2023-09-30
420254,R旭电B1,-0.06,3454310309.52,-23.6115513252,-6.7746,-356424376.19,68.92,18.2326,3.96346128406,-1.59,0.041854849499,17.508182272,,2023-10-30,2023-09-30
420073,上普B5,0.012,46239585.0,5.0640046174,-2.5337,4701614.63,-87.75,9.5444,0.643584661997,1.93,0.01951170168,47.2984075874,,2023-10-30,2023-09-30
400254,R旭电A1,-0.06,3454310309.52,-23.6115513252,-6.7746,-356424376.19,68.92,18.2326,3.96346128406,-1.59,0.041854849499,17.508182272,,2023-10-30,2023-09-30
400239,联络3,-0.29,7891276823.71,-11.9188369905,1.2272,-626877965.32,-5.47,59.3248,0.104781856245,-128.15,-0.18092428761,9.3332547352,,2023-10-30,2023-09-30
400226,R易连1,-0.015,368861294.66,1.045999394,-7.7914,-9918520.72,79.5265132189,39.1835,1.692781638082,-0.87,-0.785035679693,18.2148180963,,2023-10-30,2023-09-30
400209,新海宜3,0.0013,74101887.34,-48.6576476642,-47.0729,1776621.46,-82.0,-1513.7629,0.717359138139,0.14,0.037929942659,41.8463989962,,2023-10-30,2023-09-30
400184,R必康1,-1.0465,3420049844.63,-44.5734551668,-17.1147,-1603590517.77,-626.44,85.4249,2.724743701443,-32.24,-0.543740032481,4.7448123771,,2023-10-30,2023-09-30
400166,宜康3,-0.2897,591651618.29,-19.9908333416,13.2994,-254271202.66,13.79,-25.4781,-1.178267186506,,0.012650565757,17.7824711414,,2023-10-30,2023-09-30
400073,上普A5,0.012,46239585.0,5.0640046174,-2.5337,4701614.63,-87.75,9.5444,0.643584661997,1.93,0.01951170168,47.2984075874,,2023-10-30,2023-09-30
400070,烯碳3,-0.22,775849.07,-95.8835191587,156.9312,-259731670.44,-9.85,86.7442,-0.505898638395,,0.009524240483,,,2023-10-30,2023-09-30
400066,R鹍鹏1,-0.0652,12650865.56,-65.6566154459,-18.7279,-28036785.46,-383.6,-35.2291,-0.142508676818,,-0.00802430031,-110.5157839493,,2023-10-30,2023-09-30
400027,生态5,-0.0096,7537257.96,48.1617303729,57.5602,-4281506.53,47.12,-63.6987,0.178300734062,-5.24,0.003348706122,20.7044171538,,2023-10-30,2023-09-30
420223,凯马B3,-0.0912,2235947995.42,2.6147183443,-14.8725,-58377272.6,50.8825862298,13.926,0.579907888172,-14.58,-0.028347166172,1.27227364,,2023-10-28,2023-09-30
400256,鹏都5,-0.0554,13730204780.84,-13.725466231,-15.3596,-353066932.94,-1912.19,-2.0825,0.77721079959,-6.91,0.018953685943,8.5467533183,,2023-10-28,2023-09-30
400247,航高5,-0.0697,641093899.22,22.3233756396,153.739,-170766408.42,-40.2,26.0506,2.014054563492,-3.33,-0.002177043277,19.4021553943,,2023-10-28,2023-09-30
400245,R汇车1,0.09,102391406111.96,0.8768956418,-1.1105,701286981.34,-9.52,41.0151,4.760551057402,1.78,0.150551282546,8.5705288433,,2023-10-28,2023-09-30
400238,贵天成3,-0.0576,100302770.64,12.165510819,3.3953,-91664134.81,-273.22,18.9134,0.00663715284,-186.2648,-0.014740376646,21.2857045361,,2023-10-28,2023-09-30
400234,迪马3,-0.15,13916743132.64,-27.9234247227,-14.9568,-385649905.15,-295.18,-396.5844,1.881921547512,-7.9,0.319015849936,15.1092133238,,2023-10-28,2023-09-30
400230,R高升1,-0.03,354580693.74,7.09341408,-5.9117,-36068260.98,85.1,-142.3588,0.261718531841,-17.11,0.065597062221,4.7788493365,,2023-10-28,2023-09-30
400227,利能5,0.0178,7271692675.66,-22.6120973739,-7.7722,63367749.53,-91.97,-85.7163,4.778237573219,0.37,0.269285164064,7.9106466619,,2023-10-28,2023-09-30
400224,苏阳光5,0.0188,1285641209.83,-14.8875941354,19.6532,33538944.62,-67.21,130.0371,1.183811635817,1.58,0.262352620169,23.5967985329,,2023-10-28,2023-09-30
400220,同达5,-0.05,1003740.99,-94.515856867,-29.8989,-6954933.82,-283.56,-85.7173,2.071467964487,-2.38,-0.063260517861,46.745416863,,2023-10-28,2023-09-30
400219,碳元5,-0.15,88782218.63,4.8524803184,105.2427,-31374055.27,10.3381920125,34.4517,1.19683217828,-11.79,-0.108192064926,-2.3121411941,,2023-10-28,2023-09-30
400217,正源3,-0.0346,710616309.3,54.4320882546,10.1416,-52150253.44,51.7993685653,0.498,1.017308693238,-3.32,0.219911349634,9.5577700513,,2023-10-28,2023-09-30
400214,世茂3,-0.57,3394258169.55,-24.6524561118,3.289,-2126258301.08,-458.6,-471.9891,4.913605360685,-10.86,0.070526655672,35.8979590056,,2023-10-28,2023-09-30
400211,R星源1,-0.0079,127374990.81,-26.9092762628,-4.5557,-8373036.44,-183.14,-1026.314,1.136006148504,-0.69,-0.033044353623,16.7136281342,,2023-10-28,2023-09-30
400203,R华仪1,-0.1794,245056141.48,24.603059751,73.2787,-136325022.73,-26.5529977587,-176.1466,-0.280544709472,,-0.027531241911,24.5445591801,,2023-10-28,2023-09-30
920161,龙辰科技,0.38,259093179.29,2.3738099597,-7.3039,34321097.54,-38.19,-18.8338,5.330854005987,7.37,-0.464434290449,34.9939770697,塑料,2023-10-27,2023-09-30
874067,泰和兴,2.43,162541861.05,67.039978932,,43488672.57,103.25,,6.608842674266,44.28,1.41179637732,39.3823001019,,2023-10-27,2023-09-30
873757,汉和生物,0.53,506614365.9,13.0853102404,,31539517.99,10.5,,3.400174641698,16.1,-0.392041345634,22.27882237,,2023-10-27,2023-09-30
873670,冠森科技,0.08,130999903.6,-43.4458995936,,8465556.94,-74.25,,2.668806891084,2.91,0.283908405132,17.0692243548,,2023-10-27,2023-09-30
873553,华成工控,0.0,151341281.14,-8.0710985777,-20.3186,-34254.4,-100.27,614.8459,5.626331654544,-0.02,0.933081669103,22.4696229699,,2023-10-27,2023-09-30
871447,华冠科技,0.19,235362642.39,-0.2840170626,,8532693.39,124.52,,4.484454013556,4.32,-0.707269692,33.3246909295,,2023-10-27,2023-09-30
837291,汉盛海装,0.6,126341402.96,37.9837394122,,28572958.51,29.43,,3.306939363333,18.99,0.625892648333,45.769125089,,2023-10-27,2023-09-30
836744,沛尔膜业,-0.01,25858841.89,10.9701205869,94.9403,-391341.04,83.67,308.4747,1.401253198542,-0.58,-0.016379273542,40.4814786545,,2023-10-27,2023-09-30
430659,江苏铁发,0.22,95711195.05,427.2634360065,,71474909.94,255.84,,2.341481109343,9.93,-0.003632159592,19.6232741323,,2023-10-27,2023-09-30
430165,光宝联合,0.06,152022961.22,14.1959937154,-62.6636,7273262.28,10.47,-114.5483,2.186845141404,2.62,-0.11561161139,29.1386699447,,2023-10-27,2023-09-30
430075,ST中讯科,-0.06,323325547.01,42.4820877129,0.9614,-13145813.93,21.52,-287.3108,3.275772599153,-1.96,-0.067945484923,20.457343152,,2023-10-27,2023-09-30
400243,R超华1,0.0038,760551835.21,-48.7823158338,-68.7717,3493687.03,-89.36,-119.3633,1.427869764625,0.26,0.36080864113,15.5168497013,,2023-10-27,2023-09-30
400233,美吉姆3,-0.19,100061963.29,-21.4200422117,-30.7245,-152828072.93,-91.2,-27.4878,0.442787279371,-38.24,-0.077701637189,55.134946903,,2023-10-27,2023-09-30
400213,R美盛1,0.0522,724548504.89,-33.6228521165,133.5609,47446007.72,-64.57,717.378,1.389784286452,0.04,0.012682079918,31.6027925411,,2023-10-27,2023-09-30
400208,金鹤5,-0.04,1071630664.94,8.5508197139,61.7448,-55235947.7,-273.2103905144,-42.7584,1.043599615242,-3.3,-0.05670165066,17.2323193113,,2023-10-27,2023-09-30
874052,优优汇联,0.34,22642169.32,37.9124426774,151.2502,10482995.76,146.11,1170.2414,1.484541574183,33.6,-0.198620979412,90.7438142062,,2023-10-26,2023-09-30
837576,吉山会津,0.19,101793133.6,16.797590624,,10328804.52,1.75,,2.071134671864,9.97,-0.357945342034,31.6826437004,,2023-10-26,2023-09-30
834256,天地华泰,0.27,425288651.82,-36.7929204657,,48410617.0,-30.78,,2.532077575222,10.16,-0.210822417556,14.6615276409,,2023-10-26,2023-09-30
831588,山川秀美,0.01,26166877.16,-35.2011566559,,861324.24,-73.74,,3.074334376308,0.3,0.134414596615,48.2956549715,,2023-10-26,2023-09-30
400240,R长康1,0.0543,2532143721.26,-7.9484641898,-10.452,67167790.78,-37.42,-149.752,3.692974335254,1.48,0.204797315695,33.8393688721,,2023-10-26,2023-09-30
400231,保力新3,-0.0172,113486502.92,-29.6508866034,-10.9496,-75931211.32,20.47,72.1499,0.056977487217,-31.89,-0.013151019824,-8.004223715,,2023-10-26,2023-09-30
874306,安荣信,0.99,106338134.99,0.4038624624,,23311437.98,66.53,,5.23998061234,20.91,0.822170290213,50.8001811533,,2023-10-25,2023-09-30
838955,迈特望,0.23,358902061.42,20.7378234683,,10148373.57,17.08,,1.417796252131,18.05,-0.182938110084,15.8647268101,,2023-10-25,2023-09-30
400252,R美尚1,-0.5649,45859331.3,-38.6425771829,74.487,-380918718.71,-206.39,-23.4842,0.459220886814,-67.53,-0.02032447456,1.4506069346,,2023-10-25,2023-09-30
400232,左江5,-0.9542,33722110.87,-9.5416175519,24.8427,-97327267.85,-28.27,-18.36,5.677618165638,-16.28,-1.652271509948,57.6757494363,,2023-10-25,2023-09-30
400229,R越博1,-0.9111,180323942.94,23.3601708551,13.088,-128736866.47,-10.97,20.0501,-1.543608108969,,-0.009116593178,3.7419519006,,2023-10-25,2023-09-30
833050,欣威视通,0.37,122789479.09,21.0532655234,,10088040.39,29.25,,2.38125135,17.03,1.143123450741,26.469805199,,2023-10-24,2023-09-30
874151,天懋信息,0.37,56915948.92,86.5089165346,,10861627.05,171.91,,6.063159934489,6.32,0.2857777463,82.4024579225,,2023-10-23,2023-09-30
838430,盈呗科技,0.22,8201676.23,3425.039028605,,1105023.15,267.8187702775,,3.807860390909,15.66,0.469136430909,33.8290597214,,2023-10-23,2023-09-30
400215,商业城5,-1.56,156826383.51,78.7100538976,20.2977,-361429143.75,-474.5017932505,-1099.1844,-2.416717525686,,-0.113141458524,31.7913549775,,2023-10-21,2023-09-30
874266,永益泵业,0.22,45777450.35,-6.0770389562,,7188710.24,-11.69,,2.528898309697,9.0,0.051783923333,41.8976664566,,2023-10-20,2023-09-30
874100,乐能光伏,3.47,631102772.15,-21.1711153625,,38194716.01,81.46,,12.371858809091,32.65,1.085896715455,14.1127708973,,2023-10-20,2023-09-30
872642,联博化工,-0.15,54684127.25,-11.8306064486,,-4017676.24,-1592.14,,4.039037126509,-3.66,0.02111187815,10.0301390656,,2023-10-20,2023-09-30
837654,文昌新材,0.88,164881233.5,16.0018829968,1.2659,26066012.42,40.7662789929,58.8069,4.857004807006,19.37,0.709391290733,23.6471342932,,2023-10-18,2023-09-30
873688,宇星股份,0.53,282548846.71,-20.9200685024,0.6587,21343350.42,-43.6184387138,28.4274,9.962353337903,5.3,0.758903616207,16.7626534036,,2023-10-17,2023-09-30
871507,清科筑成,0.1676,76929008.94,48.7512149013,,3373060.52,101.41,,1.350467086935,16.43,-0.536880406855,12.4510107461,,2023-10-16,2023-09-30
833746,宏中药业,0.88,75918572.12,16.9799677067,38.1766,34241155.82,11.5443415288,25.5097,3.573151110513,27.41,0.440664772518,64.7844994928,,2023-10-16,2023-09-30
831394,南麟电子,0.06,228262538.64,-2.1785060021,4.6845,8871909.8,123.83,16.7899,3.025481589474,2.07,0.086137656897,19.0068127554,,2023-10-16,2023-09-30
874049,文依电气,0.49,194948051.91,-1.5572062841,,27114322.41,-31.51,,5.902773406767,8.59,0.722768727502,42.7856572163,,2023-10-13,2023-09-30
